mtllib TGRN_stand.mtl
o TorchFlame
v -0.181818 0.018182 -0.054545
v -0.181818 0.018182 -0.036364
v -0.181818 0.036364 -0.036364
v -0.181818 0.036364 -0.054545
v -0.163636 0.018182 -0.054545
v -0.163636 0.018182 -0.036364
v -0.163636 0.036364 -0.054545
v -0.181818 0.018182 -0.018182
v -0.181818 0.036364 -0.018182
v -0.163636 0.018182 -0.018182
v -0.181818 0.018182 0.000000
v -0.181818 0.036364 0.000000
v -0.163636 0.018182 0.000000
v -0.181818 0.018182 0.018182
v -0.181818 0.036364 0.018182
v -0.163636 0.018182 0.018182
v -0.181818 0.018182 0.036364
v -0.181818 0.036364 0.036364
v -0.163636 0.018182 0.036364
v -0.181818 0.018182 0.054545
v -0.181818 0.036364 0.054545
v -0.163636 0.018182 0.054545
v -0.163636 0.036364 0.054545
v -0.181818 0.054545 -0.036364
v -0.181818 0.054545 -0.054545
v -0.163636 0.054545 -0.036364
v -0.163636 0.054545 -0.054545
v -0.181818 0.054545 -0.018182
v -0.163636 0.054545 -0.018182
v -0.181818 0.054545 0.000000
v -0.163636 0.054545 0.000000
v -0.181818 0.054545 0.018182
v -0.163636 0.054545 0.018182
v -0.181818 0.054545 0.036364
v -0.163636 0.054545 0.036364
v -0.181818 0.054545 0.054545
v -0.163636 0.054545 0.054545
v -0.163636 0.000000 -0.054545
v -0.163636 0.000000 -0.036364
v -0.163636 0.018182 -0.036364
v -0.163636 0.018182 -0.054545
v -0.145455 0.000000 -0.054545
v -0.145455 0.000000 -0.036364
v -0.145455 0.018182 -0.054545
v -0.163636 0.000000 -0.018182
v -0.163636 0.018182 -0.018182
v -0.145455 0.000000 -0.018182
v -0.163636 0.000000 0.000000
v -0.163636 0.018182 0.000000
v -0.145455 0.000000 0.000000
v -0.163636 0.000000 0.018182
v -0.163636 0.018182 0.018182
v -0.145455 0.000000 0.018182
v -0.163636 0.000000 0.036364
v -0.163636 0.018182 0.036364
v -0.145455 0.000000 0.036364
v -0.163636 0.000000 0.054545
v -0.163636 0.018182 0.054545
v -0.145455 0.000000 0.054545
v -0.145455 0.018182 0.054545
v -0.163636 0.018182 -0.090909
v -0.163636 0.018182 -0.072727
v -0.163636 0.036364 -0.072727
v -0.163636 0.036364 -0.090909
v -0.145455 0.018182 -0.090909
v -0.145455 0.018182 -0.072727
v -0.145455 0.036364 -0.090909
v -0.145455 0.018182 -0.054545
v -0.163636 0.018182 0.072727
v -0.163636 0.036364 0.072727
v -0.145455 0.018182 0.054545
v -0.145455 0.018182 0.072727
v -0.163636 0.018182 0.090909
v -0.163636 0.036364 0.090909
v -0.145455 0.018182 0.090909
v -0.145455 0.036364 0.090909
v -0.163636 0.054545 -0.072727
v -0.163636 0.054545 -0.090909
v -0.145455 0.054545 -0.072727
v -0.145455 0.054545 -0.090909
v -0.145455 0.054545 -0.054545
v -0.163636 0.054545 0.072727
v -0.145455 0.054545 0.072727
v -0.145455 0.054545 0.054545
v -0.163636 0.054545 0.090909
v -0.145455 0.054545 0.090909
v -0.163636 0.054545 -0.054545
v -0.163636 0.054545 -0.036364
v -0.163636 0.072727 -0.036364
v -0.163636 0.072727 -0.054545
v -0.145455 0.072727 -0.036364
v -0.145455 0.072727 -0.054545
v -0.145455 0.054545 -0.054545
v -0.163636 0.054545 -0.018182
v -0.163636 0.072727 -0.018182
v -0.145455 0.072727 -0.018182
v -0.163636 0.054545 0.000000
v -0.163636 0.072727 0.000000
v -0.145455 0.072727 0.000000
v -0.163636 0.054545 0.018182
v -0.163636 0.072727 0.018182
v -0.145455 0.072727 0.018182
v -0.163636 0.054545 0.036364
v -0.163636 0.072727 0.036364
v -0.145455 0.072727 0.036364
v -0.163636 0.054545 0.054545
v -0.163636 0.072727 0.054545
v -0.145455 0.072727 0.054545
v -0.145455 0.054545 0.054545
v -0.145455 0.000000 -0.090909
v -0.145455 0.000000 -0.072727
v -0.145455 0.018182 -0.072727
v -0.145455 0.018182 -0.090909
v -0.127273 0.000000 -0.090909
v -0.127273 0.000000 -0.072727
v -0.127273 0.018182 -0.090909
v -0.127273 0.000000 -0.054545
v -0.127273 0.000000 -0.036364
v -0.127273 0.000000 -0.018182
v -0.127273 0.000000 0.000000
v -0.127273 0.000000 0.018182
v -0.127273 0.000000 0.036364
v -0.127273 0.000000 0.054545
v -0.145455 0.000000 0.072727
v -0.145455 0.018182 0.072727
v -0.127273 0.000000 0.072727
v -0.145455 0.000000 0.090909
v -0.145455 0.018182 0.090909
v -0.127273 0.000000 0.090909
v -0.127273 0.018182 0.090909
v -0.145455 0.018182 -0.127273
v -0.145455 0.018182 -0.109091
v -0.145455 0.036364 -0.109091
v -0.145455 0.036364 -0.127273
v -0.127273 0.018182 -0.127273
v -0.127273 0.018182 -0.109091
v -0.127273 0.036364 -0.127273
v -0.127273 0.018182 -0.090909
v -0.145455 0.018182 0.109091
v -0.145455 0.036364 0.109091
v -0.127273 0.018182 0.090909
v -0.127273 0.018182 0.109091
v -0.145455 0.018182 0.127273
v -0.145455 0.036364 0.127273
v -0.127273 0.018182 0.127273
v -0.127273 0.036364 0.127273
v -0.145455 0.054545 -0.109091
v -0.145455 0.054545 -0.127273
v -0.127273 0.054545 -0.109091
v -0.127273 0.054545 -0.127273
v -0.127273 0.054545 -0.090909
v -0.145455 0.054545 0.109091
v -0.127273 0.054545 0.109091
v -0.127273 0.054545 0.090909
v -0.145455 0.054545 0.127273
v -0.127273 0.054545 0.127273
v -0.145455 0.054545 -0.090909
v -0.145455 0.054545 -0.072727
v -0.145455 0.072727 -0.072727
v -0.145455 0.072727 -0.090909
v -0.127273 0.072727 -0.072727
v -0.127273 0.072727 -0.090909
v -0.127273 0.054545 -0.090909
v -0.127273 0.072727 -0.054545
v -0.127273 0.072727 -0.036364
v -0.127273 0.072727 -0.018182
v -0.127273 0.072727 0.000000
v -0.127273 0.072727 0.018182
v -0.127273 0.072727 0.036364
v -0.127273 0.072727 0.054545
v -0.145455 0.054545 0.072727
v -0.145455 0.072727 0.072727
v -0.127273 0.072727 0.072727
v -0.145455 0.054545 0.090909
v -0.145455 0.072727 0.090909
v -0.127273 0.072727 0.090909
v -0.127273 0.054545 0.090909
v -0.127273 0.000000 -0.109091
v -0.127273 0.018182 -0.109091
v -0.109091 0.000000 -0.109091
v -0.109091 0.000000 -0.090909
v -0.109091 0.018182 -0.109091
v -0.109091 0.000000 -0.072727
v -0.109091 0.000000 -0.054545
v -0.109091 0.000000 -0.036364
v -0.109091 0.000000 -0.018182
v -0.109091 0.000000 0.000000
v -0.109091 0.000000 0.018182
v -0.109091 0.000000 0.036364
v -0.109091 0.000000 0.054545
v -0.109091 0.000000 0.072727
v -0.109091 0.000000 0.090909
v -0.127273 0.000000 0.109091
v -0.127273 0.018182 0.109091
v -0.109091 0.000000 0.109091
v -0.109091 0.018182 0.109091
v -0.127273 0.018182 -0.145455
v -0.127273 0.036364 -0.145455
v -0.109091 0.018182 -0.145455
v -0.109091 0.018182 -0.127273
v -0.109091 0.036364 -0.145455
v -0.109091 0.018182 -0.109091
v -0.109091 0.018182 0.109091
v -0.109091 0.018182 0.127273
v -0.127273 0.018182 0.145455
v -0.127273 0.036364 0.145455
v -0.109091 0.018182 0.145455
v -0.109091 0.036364 0.145455
v -0.127273 0.054545 -0.145455
v -0.109091 0.054545 -0.127273
v -0.109091 0.054545 -0.145455
v -0.109091 0.054545 -0.109091
v -0.109091 0.054545 0.127273
v -0.109091 0.054545 0.109091
v -0.127273 0.054545 0.145455
v -0.109091 0.054545 0.145455
v -0.127273 0.054545 -0.109091
v -0.127273 0.072727 -0.109091
v -0.109091 0.072727 -0.090909
v -0.109091 0.072727 -0.109091
v -0.109091 0.054545 -0.109091
v -0.109091 0.072727 -0.072727
v -0.109091 0.072727 -0.054545
v -0.109091 0.072727 -0.036364
v -0.109091 0.072727 -0.018182
v -0.109091 0.072727 0.000000
v -0.109091 0.072727 0.018182
v -0.109091 0.072727 0.036364
v -0.109091 0.072727 0.054545
v -0.109091 0.072727 0.072727
v -0.109091 0.072727 0.090909
v -0.127273 0.054545 0.109091
v -0.127273 0.072727 0.109091
v -0.109091 0.072727 0.109091
v -0.109091 0.054545 0.109091
v -0.109091 0.000000 -0.127273
v -0.109091 0.018182 -0.127273
v -0.090909 0.000000 -0.127273
v -0.090909 0.000000 -0.109091
v -0.090909 0.018182 -0.127273
v -0.090909 0.000000 -0.090909
v -0.090909 0.000000 -0.072727
v -0.090909 0.000000 -0.054545
v -0.090909 0.000000 -0.036364
v -0.090909 0.000000 -0.018182
v -0.090909 0.000000 0.000000
v -0.090909 0.000000 0.018182
v -0.090909 0.000000 0.036364
v -0.090909 0.000000 0.054545
v -0.090909 0.000000 0.072727
v -0.090909 0.000000 0.090909
v -0.090909 0.000000 0.109091
v -0.109091 0.000000 0.127273
v -0.109091 0.018182 0.127273
v -0.090909 0.000000 0.127273
v -0.090909 0.018182 0.127273
v -0.090909 0.018182 -0.145455
v -0.090909 0.018182 -0.127273
v -0.090909 0.036364 -0.145455
v -0.090909 0.018182 0.127273
v -0.090909 0.018182 0.145455
v -0.090909 0.036364 0.145455
v -0.090909 0.054545 -0.127273
v -0.090909 0.054545 -0.145455
v -0.090909 0.054545 0.145455
v -0.090909 0.054545 0.127273
v -0.109091 0.054545 -0.127273
v -0.109091 0.072727 -0.127273
v -0.090909 0.072727 -0.109091
v -0.090909 0.072727 -0.127273
v -0.090909 0.054545 -0.127273
v -0.090909 0.072727 -0.090909
v -0.090909 0.072727 -0.072727
v -0.090909 0.072727 -0.054545
v -0.090909 0.072727 -0.036364
v -0.090909 0.072727 -0.018182
v -0.090909 0.072727 0.000000
v -0.090909 0.072727 0.018182
v -0.090909 0.072727 0.036364
v -0.090909 0.072727 0.054545
v -0.090909 0.072727 0.072727
v -0.090909 0.072727 0.090909
v -0.090909 0.072727 0.109091
v -0.109091 0.054545 0.127273
v -0.109091 0.072727 0.127273
v -0.090909 0.072727 0.127273
v -0.090909 0.054545 0.127273
v -0.109091 0.854545 -0.036364
v -0.109091 0.854545 -0.018182
v -0.109091 0.872727 -0.018182
v -0.109091 0.872727 -0.036364
v -0.090909 0.854545 -0.036364
v -0.090909 0.854545 -0.018182
v -0.090909 0.872727 -0.036364
v -0.109091 0.854545 0.000000
v -0.109091 0.872727 0.000000
v -0.090909 0.854545 0.000000
v -0.109091 0.854545 0.018182
v -0.109091 0.872727 0.018182
v -0.090909 0.854545 0.018182
v -0.109091 0.854545 0.036364
v -0.109091 0.872727 0.036364
v -0.090909 0.854545 0.036364
v -0.090909 0.872727 0.036364
v -0.109091 0.890909 -0.018182
v -0.109091 0.890909 -0.036364
v -0.090909 0.890909 -0.036364
v -0.109091 0.890909 0.000000
v -0.109091 0.890909 0.018182
v -0.109091 0.890909 0.036364
v -0.090909 0.890909 0.036364
v -0.109091 0.909091 -0.018182
v -0.109091 0.909091 -0.036364
v -0.090909 0.909091 -0.036364
v -0.109091 0.909091 0.000000
v -0.109091 0.909091 0.018182
v -0.109091 0.909091 0.036364
v -0.090909 0.909091 0.036364
v -0.109091 0.927273 -0.018182
v -0.109091 0.927273 -0.036364
v -0.090909 0.927273 -0.036364
v -0.109091 0.927273 0.000000
v -0.109091 0.927273 0.018182
v -0.109091 0.927273 0.036364
v -0.090909 0.927273 0.036364
v -0.109091 0.945455 -0.018182
v -0.109091 0.945455 -0.036364
v -0.090909 0.945455 -0.036364
v -0.109091 0.945455 0.000000
v -0.109091 0.945455 0.018182
v -0.109091 0.945455 0.036364
v -0.090909 0.945455 0.036364
v -0.109091 0.963636 -0.018182
v -0.109091 0.963636 -0.036364
v -0.090909 0.963636 -0.018182
v -0.090909 0.963636 -0.036364
v -0.109091 0.963636 0.000000
v -0.090909 0.963636 0.000000
v -0.109091 0.963636 0.018182
v -0.090909 0.963636 0.018182
v -0.109091 0.963636 0.036364
v -0.090909 0.963636 0.036364
v -0.090909 0.000000 -0.145455
v -0.090909 0.018182 -0.145455
v -0.072727 0.000000 -0.145455
v -0.072727 0.000000 -0.127273
v -0.072727 0.018182 -0.145455
v -0.072727 0.000000 -0.109091
v -0.072727 0.000000 -0.090909
v -0.072727 0.000000 -0.072727
v -0.072727 0.000000 -0.054545
v -0.072727 0.000000 -0.036364
v -0.072727 0.000000 -0.018182
v -0.072727 0.000000 0.000000
v -0.072727 0.000000 0.018182
v -0.072727 0.000000 0.036364
v -0.072727 0.000000 0.054545
v -0.072727 0.000000 0.072727
v -0.072727 0.000000 0.090909
v -0.072727 0.000000 0.109091
v -0.072727 0.000000 0.127273
v -0.090909 0.000000 0.145455
v -0.090909 0.018182 0.145455
v -0.072727 0.000000 0.145455
v -0.072727 0.018182 0.145455
v -0.090909 0.018182 -0.163636
v -0.090909 0.036364 -0.163636
v -0.072727 0.018182 -0.163636
v -0.072727 0.018182 -0.145455
v -0.072727 0.036364 -0.163636
v -0.090909 0.018182 0.163636
v -0.090909 0.036364 0.163636
v -0.072727 0.018182 0.145455
v -0.072727 0.018182 0.163636
v -0.072727 0.036364 0.163636
v -0.090909 0.054545 -0.163636
v -0.072727 0.054545 -0.145455
v -0.072727 0.054545 -0.163636
v -0.090909 0.054545 0.163636
v -0.072727 0.054545 0.163636
v -0.072727 0.054545 0.145455
v -0.090909 0.054545 -0.145455
v -0.090909 0.072727 -0.145455
v -0.072727 0.072727 -0.127273
v -0.072727 0.072727 -0.145455
v -0.072727 0.054545 -0.145455
v -0.072727 0.072727 -0.109091
v -0.072727 0.072727 -0.090909
v -0.072727 0.072727 -0.072727
v -0.072727 0.072727 -0.054545
v -0.072727 0.072727 -0.036364
v -0.072727 0.072727 0.054545
v -0.072727 0.072727 0.036364
v -0.072727 0.072727 0.072727
v -0.072727 0.072727 0.090909
v -0.072727 0.072727 0.109091
v -0.072727 0.072727 0.127273
v -0.090909 0.054545 0.145455
v -0.090909 0.072727 0.145455
v -0.072727 0.072727 0.145455
v -0.072727 0.054545 0.145455
v -0.090909 0.072727 -0.036364
v -0.090909 0.072727 -0.018182
v -0.090909 0.090909 -0.018182
v -0.090909 0.090909 -0.036364
v -0.072727 0.090909 -0.036364
v -0.072727 0.072727 -0.036364
v -0.090909 0.072727 0.000000
v -0.090909 0.090909 0.000000
v -0.090909 0.072727 0.018182
v -0.090909 0.090909 0.018182
v -0.090909 0.072727 0.036364
v -0.090909 0.090909 0.036364
v -0.072727 0.072727 0.036364
v -0.072727 0.090909 0.036364
v -0.090909 0.109091 -0.018182
v -0.090909 0.109091 -0.036364
v -0.072727 0.109091 -0.018182
v -0.072727 0.109091 -0.036364
v -0.090909 0.109091 0.000000
v -0.072727 0.109091 0.000000
v -0.090909 0.109091 0.018182
v -0.072727 0.109091 0.018182
v -0.090909 0.109091 0.036364
v -0.072727 0.109091 0.036364
v -0.090909 0.836364 -0.036364
v -0.090909 0.836364 -0.018182
v -0.090909 0.854545 -0.018182
v -0.090909 0.854545 -0.036364
v -0.072727 0.836364 -0.036364
v -0.072727 0.836364 -0.018182
v -0.072727 0.854545 -0.036364
v -0.090909 0.836364 0.000000
v -0.090909 0.854545 0.000000
v -0.072727 0.836364 0.000000
v -0.090909 0.836364 0.018182
v -0.090909 0.854545 0.018182
v -0.072727 0.836364 0.018182
v -0.090909 0.836364 0.036364
v -0.090909 0.854545 0.036364
v -0.072727 0.836364 0.036364
v -0.072727 0.854545 0.036364
v -0.090909 0.854545 -0.072727
v -0.090909 0.854545 -0.054545
v -0.090909 0.872727 -0.054545
v -0.090909 0.872727 -0.072727
v -0.072727 0.854545 -0.072727
v -0.072727 0.854545 -0.054545
v -0.072727 0.872727 -0.072727
v -0.072727 0.854545 -0.036364
v -0.090909 0.854545 0.054545
v -0.090909 0.872727 0.054545
v -0.072727 0.854545 0.036364
v -0.072727 0.854545 0.054545
v -0.090909 0.854545 0.072727
v -0.090909 0.872727 0.072727
v -0.072727 0.854545 0.072727
v -0.072727 0.872727 0.072727
v -0.090909 0.890909 -0.054545
v -0.090909 0.890909 -0.072727
v -0.072727 0.890909 -0.072727
v -0.090909 0.890909 0.054545
v -0.090909 0.890909 0.072727
v -0.072727 0.890909 0.072727
v -0.090909 0.909091 -0.054545
v -0.090909 0.909091 -0.072727
v -0.072727 0.909091 -0.072727
v -0.090909 0.909091 0.054545
v -0.090909 0.909091 0.072727
v -0.072727 0.909091 0.072727
v -0.090909 0.927273 -0.054545
v -0.090909 0.927273 -0.072727
v -0.072727 0.927273 -0.072727
v -0.090909 0.927273 0.054545
v -0.090909 0.927273 0.072727
v -0.072727 0.927273 0.072727
v -0.090909 0.945455 -0.054545
v -0.090909 0.945455 -0.072727
v -0.072727 0.945455 -0.072727
v -0.090909 0.945455 0.054545
v -0.090909 0.945455 0.072727
v -0.072727 0.945455 0.072727
v -0.090909 0.963636 -0.054545
v -0.090909 0.963636 -0.072727
v -0.072727 0.963636 -0.054545
v -0.072727 0.963636 -0.072727
v -0.072727 0.963636 -0.036364
v -0.090909 0.963636 0.054545
v -0.072727 0.963636 0.054545
v -0.072727 0.963636 0.036364
v -0.090909 0.963636 0.072727
v -0.072727 0.963636 0.072727
v -0.090909 0.963636 -0.036364
v -0.090909 0.963636 -0.018182
v -0.090909 0.981818 -0.018182
v -0.090909 0.981818 -0.036364
v -0.072727 0.981818 -0.018182
v -0.072727 0.981818 -0.036364
v -0.072727 0.963636 -0.036364
v -0.090909 0.963636 0.000000
v -0.090909 0.981818 0.000000
v -0.072727 0.981818 0.000000
v -0.090909 0.963636 0.018182
v -0.090909 0.981818 0.018182
v -0.072727 0.981818 0.018182
v -0.090909 0.963636 0.036364
v -0.090909 0.981818 0.036364
v -0.072727 0.981818 0.036364
v -0.072727 0.963636 0.036364
v -0.054545 0.000000 -0.145455
v -0.054545 0.000000 -0.127273
v -0.054545 0.018182 -0.145455
v -0.054545 0.000000 -0.109091
v -0.054545 0.000000 -0.090909
v -0.054545 0.000000 -0.072727
v -0.054545 0.000000 -0.054545
v -0.054545 0.000000 -0.036364
v -0.054545 0.000000 -0.018182
v -0.054545 0.000000 0.000000
v -0.054545 0.000000 0.018182
v -0.054545 0.000000 0.036364
v -0.054545 0.000000 0.054545
v -0.054545 0.000000 0.072727
v -0.054545 0.000000 0.090909
v -0.054545 0.000000 0.109091
v -0.054545 0.000000 0.127273
v -0.054545 0.000000 0.145455
v -0.054545 0.018182 0.145455
v -0.054545 0.018182 -0.163636
v -0.054545 0.018182 -0.145455
v -0.054545 0.036364 -0.163636
v -0.054545 0.018182 0.145455
v -0.054545 0.018182 0.163636
v -0.054545 0.036364 0.163636
v -0.054545 0.054545 -0.145455
v -0.054545 0.054545 -0.163636
v -0.054545 0.054545 0.163636
v -0.054545 0.054545 0.145455
v -0.054545 0.072727 -0.127273
v -0.054545 0.072727 -0.145455
v -0.054545 0.054545 -0.145455
v -0.054545 0.072727 -0.109091
v -0.054545 0.072727 -0.090909
v -0.054545 0.072727 -0.072727
v -0.054545 0.072727 0.090909
v -0.054545 0.072727 0.072727
v -0.054545 0.072727 0.109091
v -0.054545 0.072727 0.127273
v -0.054545 0.072727 0.145455
v -0.054545 0.054545 0.145455
v -0.072727 0.072727 -0.072727
v -0.072727 0.072727 -0.054545
v -0.072727 0.090909 -0.054545
v -0.072727 0.090909 -0.072727
v -0.054545 0.090909 -0.072727
v -0.054545 0.072727 -0.072727
v -0.072727 0.072727 0.054545
v -0.072727 0.090909 0.054545
v -0.072727 0.072727 0.072727
v -0.072727 0.090909 0.072727
v -0.054545 0.072727 0.072727
v -0.054545 0.090909 0.072727
v -0.072727 0.109091 -0.054545
v -0.072727 0.109091 -0.072727
v -0.054545 0.109091 -0.054545
v -0.054545 0.109091 -0.072727
v -0.054545 0.109091 -0.036364
v -0.072727 0.109091 0.054545
v -0.054545 0.109091 0.054545
v -0.054545 0.109091 0.036364
v -0.072727 0.109091 0.072727
v -0.054545 0.109091 0.072727
v -0.072727 0.109091 -0.036364
v -0.072727 0.109091 -0.018182
v -0.072727 0.127273 -0.018182
v -0.072727 0.127273 -0.036364
v -0.054545 0.127273 -0.018182
v -0.054545 0.127273 -0.036364
v -0.054545 0.109091 -0.036364
v -0.072727 0.109091 0.000000
v -0.072727 0.127273 0.000000
v -0.054545 0.127273 0.000000
v -0.072727 0.109091 0.018182
v -0.072727 0.127273 0.018182
v -0.054545 0.127273 0.018182
v -0.072727 0.109091 0.036364
v -0.072727 0.127273 0.036364
v -0.054545 0.127273 0.036364
v -0.054545 0.109091 0.036364
v -0.072727 0.163636 -0.036364
v -0.072727 0.163636 -0.018182
v -0.072727 0.181818 -0.018182
v -0.072727 0.181818 -0.036364
v -0.054545 0.181818 -0.018182
v -0.054545 0.181818 -0.036364
v -0.054545 0.163636 -0.036364
v -0.054545 0.163636 -0.018182
v -0.072727 0.163636 0.000000
v -0.072727 0.181818 0.000000
v -0.054545 0.181818 0.000000
v -0.054545 0.163636 0.000000
v -0.072727 0.163636 0.018182
v -0.072727 0.181818 0.018182
v -0.054545 0.181818 0.018182
v -0.054545 0.163636 0.018182
v -0.072727 0.163636 0.036364
v -0.072727 0.181818 0.036364
v -0.054545 0.181818 0.036364
v -0.054545 0.163636 0.036364
v -0.072727 0.236364 -0.036364
v -0.072727 0.236364 -0.018182
v -0.072727 0.254545 -0.018182
v -0.072727 0.254545 -0.036364
v -0.054545 0.254545 -0.018182
v -0.054545 0.254545 -0.036364
v -0.054545 0.236364 -0.036364
v -0.054545 0.236364 -0.018182
v -0.072727 0.236364 0.000000
v -0.072727 0.254545 0.000000
v -0.054545 0.254545 0.000000
v -0.054545 0.236364 0.000000
v -0.072727 0.236364 0.018182
v -0.072727 0.254545 0.018182
v -0.054545 0.254545 0.018182
v -0.054545 0.236364 0.018182
v -0.072727 0.236364 0.036364
v -0.072727 0.254545 0.036364
v -0.054545 0.254545 0.036364
v -0.054545 0.236364 0.036364
v -0.072727 0.745455 -0.036364
v -0.072727 0.745455 -0.018182
v -0.072727 0.763636 -0.018182
v -0.072727 0.763636 -0.036364
v -0.054545 0.763636 -0.018182
v -0.054545 0.763636 -0.036364
v -0.054545 0.745455 -0.036364
v -0.054545 0.745455 -0.018182
v -0.072727 0.745455 0.000000
v -0.072727 0.763636 0.000000
v -0.054545 0.763636 0.000000
v -0.054545 0.745455 0.000000
v -0.072727 0.745455 0.018182
v -0.072727 0.763636 0.018182
v -0.054545 0.763636 0.018182
v -0.054545 0.745455 0.018182
v -0.072727 0.745455 0.036364
v -0.072727 0.763636 0.036364
v -0.054545 0.763636 0.036364
v -0.054545 0.745455 0.036364
v -0.072727 0.818182 -0.036364
v -0.072727 0.818182 -0.018182
v -0.072727 0.836364 -0.018182
v -0.072727 0.836364 -0.036364
v -0.054545 0.818182 -0.036364
v -0.054545 0.818182 -0.018182
v -0.054545 0.836364 -0.036364
v -0.072727 0.818182 0.000000
v -0.072727 0.836364 0.000000
v -0.054545 0.818182 0.000000
v -0.072727 0.818182 0.018182
v -0.072727 0.836364 0.018182
v -0.054545 0.818182 0.018182
v -0.072727 0.818182 0.036364
v -0.072727 0.836364 0.036364
v -0.054545 0.818182 0.036364
v -0.054545 0.836364 0.036364
v -0.072727 0.836364 -0.072727
v -0.072727 0.836364 -0.054545
v -0.072727 0.854545 -0.054545
v -0.072727 0.854545 -0.072727
v -0.054545 0.836364 -0.072727
v -0.054545 0.836364 -0.054545
v -0.054545 0.854545 -0.072727
v -0.054545 0.836364 -0.036364
v -0.072727 0.836364 0.054545
v -0.072727 0.854545 0.054545
v -0.054545 0.836364 0.036364
v -0.054545 0.836364 0.054545
v -0.072727 0.836364 0.072727
v -0.072727 0.854545 0.072727
v -0.054545 0.836364 0.072727
v -0.054545 0.854545 0.072727
v -0.072727 0.854545 -0.090909
v -0.072727 0.872727 -0.090909
v -0.054545 0.854545 -0.090909
v -0.054545 0.854545 -0.072727
v -0.054545 0.872727 -0.090909
v -0.072727 0.854545 0.090909
v -0.072727 0.872727 0.090909
v -0.054545 0.854545 0.072727
v -0.054545 0.854545 0.090909
v -0.054545 0.872727 0.090909
v -0.072727 0.890909 -0.090909
v -0.054545 0.890909 -0.090909
v -0.072727 0.890909 0.090909
v -0.054545 0.890909 0.090909
v -0.072727 0.909091 -0.090909
v -0.054545 0.909091 -0.090909
v -0.072727 0.909091 0.090909
v -0.054545 0.909091 0.090909
v -0.072727 0.927273 -0.090909
v -0.054545 0.927273 -0.090909
v -0.072727 0.927273 0.090909
v -0.054545 0.927273 0.090909
v -0.072727 0.945455 -0.090909
v -0.054545 0.945455 -0.090909
v -0.072727 0.945455 0.090909
v -0.054545 0.945455 0.090909
v -0.072727 0.963636 -0.090909
v -0.054545 0.963636 -0.072727
v -0.054545 0.963636 -0.090909
v -0.072727 0.963636 0.090909
v -0.054545 0.963636 0.090909
v -0.054545 0.963636 0.072727
v -0.072727 0.963636 -0.072727
v -0.072727 0.963636 -0.054545
v -0.072727 0.981818 -0.054545
v -0.072727 0.981818 -0.072727
v -0.054545 0.981818 -0.054545
v -0.054545 0.981818 -0.072727
v -0.054545 0.963636 -0.072727
v -0.054545 0.981818 -0.036364
v -0.072727 0.963636 0.054545
v -0.072727 0.981818 0.054545
v -0.054545 0.981818 0.054545
v -0.054545 0.981818 0.036364
v -0.072727 0.963636 0.072727
v -0.072727 0.981818 0.072727
v -0.054545 0.981818 0.072727
v -0.054545 0.963636 0.072727
v -0.072727 0.981818 -0.036364
v -0.072727 0.981818 -0.018182
v -0.072727 1.000000 -0.018182
v -0.072727 1.000000 -0.036364
v -0.054545 1.000000 -0.018182
v -0.054545 1.000000 -0.036364
v -0.054545 0.981818 -0.036364
v -0.072727 0.981818 0.000000
v -0.072727 1.000000 0.000000
v -0.054545 1.000000 0.000000
v -0.072727 0.981818 0.018182
v -0.072727 1.000000 0.018182
v -0.054545 1.000000 0.018182
v -0.072727 0.981818 0.036364
v -0.072727 1.000000 0.036364
v -0.054545 1.000000 0.036364
v -0.054545 0.981818 0.036364
v -0.054545 0.000000 -0.163636
v -0.054545 0.018182 -0.163636
v -0.036364 0.000000 -0.163636
v -0.036364 0.000000 -0.145455
v -0.036364 0.018182 -0.163636
v -0.036364 0.000000 -0.127273
v -0.036364 0.000000 -0.109091
v -0.036364 0.000000 -0.090909
v -0.036364 0.000000 -0.072727
v -0.036364 0.000000 -0.054545
v -0.036364 0.000000 -0.036364
v -0.036364 0.000000 -0.018182
v -0.036364 0.000000 0.000000
v -0.036364 0.000000 0.018182
v -0.036364 0.000000 0.036364
v -0.036364 0.000000 0.054545
v -0.036364 0.000000 0.072727
v -0.036364 0.000000 0.090909
v -0.036364 0.000000 0.109091
v -0.036364 0.000000 0.127273
v -0.036364 0.000000 0.145455
v -0.054545 0.000000 0.163636
v -0.054545 0.018182 0.163636
v -0.036364 0.000000 0.163636
v -0.036364 0.018182 0.163636
v -0.054545 0.018182 -0.181818
v -0.054545 0.036364 -0.181818
v -0.036364 0.018182 -0.181818
v -0.036364 0.018182 -0.163636
v -0.036364 0.036364 -0.181818
v -0.054545 0.018182 0.181818
v -0.054545 0.036364 0.181818
v -0.036364 0.018182 0.163636
v -0.036364 0.018182 0.181818
v -0.036364 0.036364 0.181818
v -0.054545 0.054545 -0.181818
v -0.036364 0.054545 -0.163636
v -0.036364 0.054545 -0.181818
v -0.054545 0.054545 0.181818
v -0.036364 0.054545 0.181818
v -0.036364 0.054545 0.163636
v -0.054545 0.054545 -0.163636
v -0.054545 0.072727 -0.163636
v -0.036364 0.072727 -0.145455
v -0.036364 0.072727 -0.163636
v -0.036364 0.054545 -0.163636
v -0.036364 0.072727 -0.127273
v -0.036364 0.072727 -0.109091
v -0.036364 0.072727 -0.090909
v -0.036364 0.072727 -0.072727
v -0.036364 0.072727 0.090909
v -0.036364 0.072727 0.072727
v -0.036364 0.072727 0.109091
v -0.036364 0.072727 0.127273
v -0.036364 0.072727 0.145455
v -0.054545 0.054545 0.163636
v -0.054545 0.072727 0.163636
v -0.036364 0.072727 0.163636
v -0.036364 0.054545 0.163636
v -0.036364 0.090909 -0.072727
v -0.036364 0.072727 -0.072727
v -0.036364 0.072727 0.072727
v -0.036364 0.090909 0.072727
v -0.036364 0.109091 -0.054545
v -0.036364 0.109091 -0.072727
v -0.036364 0.109091 0.072727
v -0.036364 0.109091 0.054545
v -0.054545 0.109091 -0.054545
v -0.054545 0.127273 -0.054545
v -0.036364 0.127273 -0.036364
v -0.036364 0.127273 -0.054545
v -0.036364 0.109091 -0.054545
v -0.036364 0.127273 -0.018182
v -0.036364 0.127273 0.000000
v -0.036364 0.127273 0.018182
v -0.036364 0.127273 0.036364
v -0.054545 0.109091 0.054545
v -0.054545 0.127273 0.054545
v -0.036364 0.127273 0.054545
v -0.036364 0.109091 0.054545
v -0.054545 0.145455 -0.036364
v -0.054545 0.145455 -0.018182
v -0.054545 0.163636 -0.018182
v -0.054545 0.163636 -0.036364
v -0.036364 0.145455 -0.036364
v -0.036364 0.145455 -0.018182
v -0.036364 0.163636 -0.036364
v -0.054545 0.145455 0.000000
v -0.054545 0.163636 0.000000
v -0.036364 0.145455 0.000000
v -0.054545 0.145455 0.018182
v -0.054545 0.163636 0.018182
v -0.036364 0.145455 0.018182
v -0.054545 0.145455 0.036364
v -0.054545 0.163636 0.036364
v -0.036364 0.145455 0.036364
v -0.036364 0.163636 0.036364
v -0.054545 0.163636 -0.054545
v -0.054545 0.181818 -0.054545
v -0.036364 0.181818 -0.036364
v -0.036364 0.181818 -0.054545
v -0.036364 0.163636 -0.054545
v -0.036364 0.163636 -0.036364
v -0.054545 0.163636 0.054545
v -0.054545 0.181818 0.054545
v -0.036364 0.181818 0.054545
v -0.036364 0.181818 0.036364
v -0.036364 0.163636 0.036364
v -0.036364 0.163636 0.054545
v -0.054545 0.181818 -0.036364
v -0.054545 0.181818 -0.018182
v -0.054545 0.200000 -0.018182
v -0.054545 0.200000 -0.036364
v -0.036364 0.200000 -0.018182
v -0.036364 0.200000 -0.036364
v -0.036364 0.181818 -0.036364
v -0.054545 0.181818 0.000000
v -0.054545 0.200000 0.000000
v -0.036364 0.200000 0.000000
v -0.054545 0.181818 0.018182
v -0.054545 0.200000 0.018182
v -0.036364 0.200000 0.018182
v -0.054545 0.181818 0.036364
v -0.054545 0.200000 0.036364
v -0.036364 0.200000 0.036364
v -0.036364 0.181818 0.036364
v -0.054545 0.218182 -0.036364
v -0.054545 0.218182 -0.018182
v -0.054545 0.236364 -0.018182
v -0.054545 0.236364 -0.036364
v -0.036364 0.218182 -0.036364
v -0.036364 0.218182 -0.018182
v -0.036364 0.236364 -0.036364
v -0.054545 0.218182 0.000000
v -0.054545 0.236364 0.000000
v -0.036364 0.218182 0.000000
v -0.054545 0.218182 0.018182
v -0.054545 0.236364 0.018182
v -0.036364 0.218182 0.018182
v -0.054545 0.218182 0.036364
v -0.054545 0.236364 0.036364
v -0.036364 0.218182 0.036364
v -0.036364 0.236364 0.036364
v -0.054545 0.236364 -0.054545
v -0.054545 0.254545 -0.054545
v -0.036364 0.254545 -0.036364
v -0.036364 0.254545 -0.054545
v -0.036364 0.236364 -0.054545
v -0.036364 0.236364 -0.036364
v -0.054545 0.236364 0.054545
v -0.054545 0.254545 0.054545
v -0.036364 0.254545 0.054545
v -0.036364 0.254545 0.036364
v -0.036364 0.236364 0.036364
v -0.036364 0.236364 0.054545
v -0.054545 0.254545 -0.036364
v -0.054545 0.254545 -0.018182
v -0.054545 0.272727 -0.018182
v -0.054545 0.272727 -0.036364
v -0.036364 0.272727 -0.018182
v -0.036364 0.272727 -0.036364
v -0.036364 0.254545 -0.036364
v -0.054545 0.254545 0.000000
v -0.054545 0.272727 0.000000
v -0.036364 0.272727 0.000000
v -0.054545 0.254545 0.018182
v -0.054545 0.272727 0.018182
v -0.036364 0.272727 0.018182
v -0.054545 0.254545 0.036364
v -0.054545 0.272727 0.036364
v -0.036364 0.272727 0.036364
v -0.036364 0.254545 0.036364
v -0.054545 0.727273 -0.036364
v -0.054545 0.727273 -0.018182
v -0.054545 0.745455 -0.018182
v -0.054545 0.745455 -0.036364
v -0.036364 0.727273 -0.036364
v -0.036364 0.727273 -0.018182
v -0.036364 0.745455 -0.036364
v -0.054545 0.727273 0.000000
v -0.054545 0.745455 0.000000
v -0.036364 0.727273 0.000000
v -0.054545 0.727273 0.018182
v -0.054545 0.745455 0.018182
v -0.036364 0.727273 0.018182
v -0.054545 0.727273 0.036364
v -0.054545 0.745455 0.036364
v -0.036364 0.727273 0.036364
v -0.036364 0.745455 0.036364
v -0.054545 0.745455 -0.054545
v -0.054545 0.763636 -0.054545
v -0.036364 0.763636 -0.036364
v -0.036364 0.763636 -0.054545
v -0.036364 0.745455 -0.054545
v -0.036364 0.745455 -0.036364
v -0.054545 0.745455 0.054545
v -0.054545 0.763636 0.054545
v -0.036364 0.763636 0.054545
v -0.036364 0.763636 0.036364
v -0.036364 0.745455 0.036364
v -0.036364 0.745455 0.054545
v -0.054545 0.763636 -0.036364
v -0.054545 0.763636 -0.018182
v -0.054545 0.781818 -0.018182
v -0.054545 0.781818 -0.036364
v -0.036364 0.781818 -0.036364
v -0.036364 0.763636 -0.036364
v -0.054545 0.763636 0.000000
v -0.054545 0.781818 0.000000
v -0.054545 0.763636 0.018182
v -0.054545 0.781818 0.018182
v -0.054545 0.763636 0.036364
v -0.054545 0.781818 0.036364
v -0.036364 0.763636 0.036364
v -0.036364 0.781818 0.036364
v -0.054545 0.800000 -0.018182
v -0.054545 0.800000 -0.036364
v -0.036364 0.800000 -0.036364
v -0.054545 0.800000 0.000000
v -0.054545 0.800000 0.018182
v -0.054545 0.800000 0.036364
v -0.036364 0.800000 0.036364
v -0.054545 0.818182 -0.018182
v -0.054545 0.818182 -0.036364
v -0.036364 0.818182 -0.036364
v -0.054545 0.818182 0.000000
v -0.054545 0.818182 0.018182
v -0.054545 0.818182 0.036364
v -0.036364 0.818182 0.036364
v -0.054545 0.818182 -0.054545
v -0.054545 0.836364 -0.054545
v -0.036364 0.818182 -0.054545
v -0.036364 0.818182 -0.036364
v -0.036364 0.836364 -0.054545
v -0.054545 0.818182 0.054545
v -0.054545 0.836364 0.054545
v -0.036364 0.818182 0.036364
v -0.036364 0.818182 0.054545
v -0.036364 0.836364 0.054545
v -0.036364 0.836364 -0.072727
v -0.036364 0.836364 -0.054545
v -0.036364 0.854545 -0.072727
v -0.036364 0.836364 0.054545
v -0.036364 0.836364 0.072727
v -0.036364 0.854545 0.072727
v -0.036364 0.854545 -0.090909
v -0.036364 0.854545 -0.072727
v -0.036364 0.872727 -0.090909
v -0.036364 0.854545 0.072727
v -0.036364 0.854545 0.090909
v -0.036364 0.872727 0.090909
v -0.036364 0.890909 -0.090909
v -0.036364 0.890909 0.090909
v -0.036364 0.909091 -0.090909
v -0.036364 0.909091 0.090909
v -0.036364 0.927273 -0.090909
v -0.036364 0.927273 0.090909
v -0.036364 0.945455 -0.090909
v -0.036364 0.945455 0.090909
v -0.036364 0.963636 -0.072727
v -0.036364 0.963636 -0.090909
v -0.036364 0.963636 0.090909
v -0.036364 0.963636 0.072727
v -0.036364 0.981818 -0.054545
v -0.036364 0.981818 -0.072727
v -0.036364 0.963636 -0.072727
v -0.036364 0.981818 0.072727
v -0.036364 0.981818 0.054545
v -0.036364 0.963636 0.072727
v -0.054545 0.981818 -0.054545
v -0.054545 1.000000 -0.054545
v -0.036364 1.000000 -0.036364
v -0.036364 1.000000 -0.054545
v -0.036364 0.981818 -0.054545
v -0.036364 1.000000 -0.018182
v -0.036364 1.000000 0.000000
v -0.036364 1.000000 0.018182
v -0.036364 1.000000 0.036364
v -0.054545 0.981818 0.054545
v -0.054545 1.000000 0.054545
v -0.036364 1.000000 0.054545
v -0.036364 0.981818 0.054545
v -0.018182 0.000000 -0.163636
v -0.018182 0.000000 -0.145455
v -0.018182 0.018182 -0.163636
v -0.018182 0.000000 -0.127273
v -0.018182 0.000000 -0.109091
v -0.018182 0.000000 -0.090909
v -0.018182 0.000000 -0.072727
v -0.018182 0.000000 -0.054545
v -0.018182 0.000000 -0.036364
v -0.018182 0.000000 -0.018182
v -0.018182 0.000000 0.000000
v -0.018182 0.000000 0.018182
v -0.018182 0.000000 0.036364
v -0.018182 0.000000 0.054545
v -0.018182 0.000000 0.072727
v -0.018182 0.000000 0.090909
v -0.018182 0.000000 0.109091
v -0.018182 0.000000 0.127273
v -0.018182 0.000000 0.145455
v -0.018182 0.000000 0.163636
v -0.018182 0.018182 0.163636
v -0.018182 0.018182 -0.181818
v -0.018182 0.018182 -0.163636
v -0.018182 0.036364 -0.181818
v -0.018182 0.018182 0.163636
v -0.018182 0.018182 0.181818
v -0.018182 0.036364 0.181818
v -0.018182 0.054545 -0.163636
v -0.018182 0.054545 -0.181818
v -0.018182 0.054545 0.181818
v -0.018182 0.054545 0.163636
v -0.018182 0.072727 -0.145455
v -0.018182 0.072727 -0.163636
v -0.018182 0.054545 -0.163636
v -0.018182 0.072727 -0.127273
v -0.018182 0.072727 -0.109091
v -0.018182 0.072727 -0.090909
v -0.018182 0.072727 0.109091
v -0.018182 0.072727 0.090909
v -0.018182 0.072727 0.127273
v -0.018182 0.072727 0.145455
v -0.018182 0.072727 0.163636
v -0.018182 0.054545 0.163636
v -0.036364 0.072727 -0.090909
v -0.036364 0.090909 -0.090909
v -0.018182 0.090909 -0.090909
v -0.018182 0.072727 -0.090909
v -0.036364 0.072727 0.090909
v -0.036364 0.090909 0.090909
v -0.018182 0.072727 0.090909
v -0.018182 0.090909 0.090909
v -0.036364 0.109091 -0.090909
v -0.018182 0.109091 -0.072727
v -0.018182 0.109091 -0.090909
v -0.036364 0.109091 0.090909
v -0.018182 0.109091 0.090909
v -0.018182 0.109091 0.072727
v -0.036364 0.109091 -0.072727
v -0.036364 0.127273 -0.072727
v -0.018182 0.127273 -0.054545
v -0.018182 0.127273 -0.072727
v -0.018182 0.109091 -0.072727
v -0.018182 0.127273 -0.036364
v -0.018182 0.127273 -0.018182
v -0.018182 0.127273 0.036364
v -0.018182 0.127273 0.018182
v -0.018182 0.127273 0.054545
v -0.036364 0.109091 0.072727
v -0.036364 0.127273 0.072727
v -0.018182 0.127273 0.072727
v -0.018182 0.109091 0.072727
v -0.036364 0.127273 -0.018182
v -0.036364 0.127273 0.000000
v -0.036364 0.145455 0.000000
v -0.036364 0.145455 -0.018182
v -0.018182 0.145455 -0.018182
v -0.018182 0.127273 -0.018182
v -0.036364 0.127273 0.018182
v -0.036364 0.145455 0.018182
v -0.018182 0.127273 0.018182
v -0.018182 0.145455 0.018182
v -0.036364 0.145455 -0.054545
v -0.036364 0.163636 -0.054545
v -0.018182 0.145455 -0.054545
v -0.018182 0.145455 -0.036364
v -0.018182 0.163636 -0.054545
v -0.018182 0.145455 -0.018182
v -0.018182 0.145455 0.018182
v -0.018182 0.145455 0.036364
v -0.036364 0.145455 0.054545
v -0.036364 0.163636 0.054545
v -0.018182 0.145455 0.054545
v -0.018182 0.163636 0.054545
v -0.036364 0.163636 -0.072727
v -0.036364 0.181818 -0.072727
v -0.018182 0.181818 -0.054545
v -0.018182 0.181818 -0.072727
v -0.018182 0.163636 -0.072727
v -0.018182 0.163636 -0.054545
v -0.036364 0.163636 0.072727
v -0.036364 0.181818 0.072727
v -0.018182 0.181818 0.072727
v -0.018182 0.181818 0.054545
v -0.018182 0.163636 0.054545
v -0.018182 0.163636 0.072727
v -0.036364 0.181818 -0.054545
v -0.036364 0.200000 -0.054545
v -0.018182 0.200000 -0.036364
v -0.018182 0.200000 -0.054545
v -0.018182 0.181818 -0.054545
v -0.018182 0.200000 -0.018182
v -0.018182 0.200000 0.036364
v -0.018182 0.200000 0.018182
v -0.036364 0.181818 0.054545
v -0.036364 0.200000 0.054545
v -0.018182 0.200000 0.054545
v -0.018182 0.181818 0.054545
v -0.036364 0.200000 -0.018182
v -0.036364 0.200000 0.000000
v -0.036364 0.218182 0.000000
v -0.036364 0.218182 -0.018182
v -0.018182 0.218182 -0.018182
v -0.018182 0.200000 -0.018182
v -0.036364 0.200000 0.018182
v -0.036364 0.218182 0.018182
v -0.018182 0.200000 0.018182
v -0.018182 0.218182 0.018182
v -0.036364 0.218182 -0.054545
v -0.036364 0.236364 -0.054545
v -0.018182 0.218182 -0.054545
v -0.018182 0.218182 -0.036364
v -0.018182 0.236364 -0.054545
v -0.018182 0.218182 -0.018182
v -0.018182 0.218182 0.018182
v -0.018182 0.218182 0.036364
v -0.036364 0.218182 0.054545
v -0.036364 0.236364 0.054545
v -0.018182 0.218182 0.054545
v -0.018182 0.236364 0.054545
v -0.036364 0.236364 -0.072727
v -0.036364 0.254545 -0.072727
v -0.018182 0.254545 -0.054545
v -0.018182 0.254545 -0.072727
v -0.018182 0.236364 -0.072727
v -0.018182 0.236364 -0.054545
v -0.036364 0.236364 0.072727
v -0.036364 0.254545 0.072727
v -0.018182 0.254545 0.072727
v -0.018182 0.254545 0.054545
v -0.018182 0.236364 0.054545
v -0.018182 0.236364 0.072727
v -0.036364 0.254545 -0.054545
v -0.036364 0.272727 -0.054545
v -0.018182 0.272727 -0.036364
v -0.018182 0.272727 -0.054545
v -0.018182 0.254545 -0.054545
v -0.018182 0.272727 -0.018182
v -0.018182 0.272727 0.036364
v -0.018182 0.272727 0.018182
v -0.036364 0.254545 0.054545
v -0.036364 0.272727 0.054545
v -0.018182 0.272727 0.054545
v -0.018182 0.254545 0.054545
v -0.036364 0.272727 -0.018182
v -0.036364 0.272727 0.000000
v -0.036364 0.290909 0.000000
v -0.036364 0.290909 -0.018182
v -0.018182 0.290909 -0.018182
v -0.018182 0.272727 -0.018182
v -0.036364 0.272727 0.018182
v -0.036364 0.290909 0.018182
v -0.018182 0.272727 0.018182
v -0.018182 0.290909 0.018182
v -0.036364 0.309091 0.000000
v -0.036364 0.309091 -0.018182
v -0.018182 0.309091 -0.018182
v -0.036364 0.309091 0.018182
v -0.018182 0.309091 0.018182
v -0.036364 0.327273 0.000000
v -0.036364 0.327273 -0.018182
v -0.018182 0.327273 -0.018182
v -0.036364 0.327273 0.018182
v -0.018182 0.327273 0.018182
v -0.036364 0.345455 0.000000
v -0.036364 0.345455 -0.018182
v -0.018182 0.345455 -0.018182
v -0.036364 0.345455 0.018182
v -0.018182 0.345455 0.018182
v -0.036364 0.363636 0.000000
v -0.036364 0.363636 -0.018182
v -0.018182 0.363636 -0.018182
v -0.036364 0.363636 0.018182
v -0.018182 0.363636 0.018182
v -0.036364 0.381818 0.000000
v -0.036364 0.381818 -0.018182
v -0.018182 0.381818 -0.018182
v -0.036364 0.381818 0.018182
v -0.018182 0.381818 0.018182
v -0.036364 0.400000 0.000000
v -0.036364 0.400000 -0.018182
v -0.018182 0.400000 -0.018182
v -0.036364 0.400000 0.018182
v -0.018182 0.400000 0.018182
v -0.036364 0.418182 0.000000
v -0.036364 0.418182 -0.018182
v -0.018182 0.418182 -0.018182
v -0.036364 0.418182 0.018182
v -0.018182 0.418182 0.018182
v -0.036364 0.436364 0.000000
v -0.036364 0.436364 -0.018182
v -0.018182 0.436364 -0.018182
v -0.036364 0.436364 0.018182
v -0.018182 0.436364 0.018182
v -0.036364 0.454545 0.000000
v -0.036364 0.454545 -0.018182
v -0.018182 0.454545 -0.018182
v -0.036364 0.454545 0.018182
v -0.018182 0.454545 0.018182
v -0.036364 0.472727 0.000000
v -0.036364 0.472727 -0.018182
v -0.018182 0.472727 -0.018182
v -0.036364 0.472727 0.018182
v -0.018182 0.472727 0.018182
v -0.036364 0.490909 0.000000
v -0.036364 0.490909 -0.018182
v -0.018182 0.490909 -0.018182
v -0.036364 0.490909 0.018182
v -0.018182 0.490909 0.018182
v -0.036364 0.509091 0.000000
v -0.036364 0.509091 -0.018182
v -0.018182 0.509091 -0.018182
v -0.036364 0.509091 0.018182
v -0.018182 0.509091 0.018182
v -0.036364 0.527273 0.000000
v -0.036364 0.527273 -0.018182
v -0.018182 0.527273 -0.018182
v -0.036364 0.527273 0.018182
v -0.018182 0.527273 0.018182
v -0.036364 0.545455 0.000000
v -0.036364 0.545455 -0.018182
v -0.018182 0.545455 -0.018182
v -0.036364 0.545455 0.018182
v -0.018182 0.545455 0.018182
v -0.036364 0.563636 0.000000
v -0.036364 0.563636 -0.018182
v -0.018182 0.563636 -0.018182
v -0.036364 0.563636 0.018182
v -0.018182 0.563636 0.018182
v -0.036364 0.581818 0.000000
v -0.036364 0.581818 -0.018182
v -0.018182 0.581818 -0.018182
v -0.036364 0.581818 0.018182
v -0.018182 0.581818 0.018182
v -0.036364 0.600000 0.000000
v -0.036364 0.600000 -0.018182
v -0.018182 0.600000 -0.018182
v -0.036364 0.600000 0.018182
v -0.018182 0.600000 0.018182
v -0.036364 0.618182 0.000000
v -0.036364 0.618182 -0.018182
v -0.018182 0.618182 -0.018182
v -0.036364 0.618182 0.018182
v -0.018182 0.618182 0.018182
v -0.036364 0.636364 0.000000
v -0.036364 0.636364 -0.018182
v -0.018182 0.636364 -0.018182
v -0.036364 0.636364 0.018182
v -0.018182 0.636364 0.018182
v -0.036364 0.654545 0.000000
v -0.036364 0.654545 -0.018182
v -0.018182 0.654545 -0.018182
v -0.036364 0.654545 0.018182
v -0.018182 0.654545 0.018182
v -0.036364 0.672727 0.000000
v -0.036364 0.672727 -0.018182
v -0.018182 0.672727 -0.018182
v -0.036364 0.672727 0.018182
v -0.018182 0.672727 0.018182
v -0.036364 0.690909 0.000000
v -0.036364 0.690909 -0.018182
v -0.018182 0.690909 -0.018182
v -0.036364 0.690909 0.018182
v -0.018182 0.690909 0.018182
v -0.036364 0.709091 0.000000
v -0.036364 0.709091 -0.018182
v -0.018182 0.709091 -0.018182
v -0.036364 0.709091 0.018182
v -0.018182 0.709091 0.018182
v -0.036364 0.727273 0.000000
v -0.036364 0.727273 -0.018182
v -0.018182 0.727273 -0.018182
v -0.036364 0.727273 0.018182
v -0.018182 0.727273 0.018182
v -0.036364 0.727273 -0.054545
v -0.036364 0.745455 -0.054545
v -0.018182 0.727273 -0.054545
v -0.018182 0.727273 -0.036364
v -0.018182 0.745455 -0.054545
v -0.018182 0.727273 -0.018182
v -0.018182 0.727273 0.018182
v -0.018182 0.727273 0.036364
v -0.036364 0.727273 0.054545
v -0.036364 0.745455 0.054545
v -0.018182 0.727273 0.054545
v -0.018182 0.745455 0.054545
v -0.036364 0.745455 -0.072727
v -0.036364 0.763636 -0.072727
v -0.018182 0.763636 -0.054545
v -0.018182 0.763636 -0.072727
v -0.018182 0.745455 -0.072727
v -0.018182 0.745455 -0.054545
v -0.036364 0.745455 0.072727
v -0.036364 0.763636 0.072727
v -0.018182 0.763636 0.072727
v -0.018182 0.763636 0.054545
v -0.018182 0.745455 0.054545
v -0.018182 0.745455 0.072727
v -0.036364 0.763636 -0.054545
v -0.036364 0.781818 -0.054545
v -0.018182 0.781818 -0.054545
v -0.018182 0.763636 -0.054545
v -0.036364 0.763636 0.054545
v -0.036364 0.781818 0.054545
v -0.018182 0.763636 0.054545
v -0.018182 0.781818 0.054545
v -0.036364 0.800000 -0.054545
v -0.018182 0.800000 -0.054545
v -0.036364 0.800000 0.054545
v -0.018182 0.800000 0.054545
v -0.036364 0.818182 -0.054545
v -0.018182 0.818182 -0.054545
v -0.036364 0.818182 0.054545
v -0.018182 0.818182 0.054545
v -0.036364 0.818182 -0.072727
v -0.036364 0.836364 -0.072727
v -0.018182 0.818182 -0.072727
v -0.018182 0.818182 -0.054545
v -0.018182 0.836364 -0.072727
v -0.036364 0.818182 0.072727
v -0.036364 0.836364 0.072727
v -0.018182 0.818182 0.054545
v -0.018182 0.818182 0.072727
v -0.018182 0.836364 0.072727
v -0.036364 0.836364 -0.090909
v -0.036364 0.854545 -0.090909
v -0.018182 0.836364 -0.090909
v -0.018182 0.836364 -0.072727
v -0.018182 0.854545 -0.090909
v -0.036364 0.836364 0.090909
v -0.036364 0.854545 0.090909
v -0.018182 0.836364 0.072727
v -0.018182 0.836364 0.090909
v -0.018182 0.854545 0.090909
v -0.036364 0.854545 -0.109091
v -0.036364 0.872727 -0.109091
v -0.018182 0.854545 -0.109091
v -0.018182 0.854545 -0.090909
v -0.018182 0.872727 -0.109091
v -0.036364 0.854545 0.109091
v -0.036364 0.872727 0.109091
v -0.018182 0.854545 0.090909
v -0.018182 0.854545 0.109091
v -0.018182 0.872727 0.109091
v -0.036364 0.890909 -0.109091
v -0.018182 0.890909 -0.109091
v -0.036364 0.890909 0.109091
v -0.018182 0.890909 0.109091
v -0.036364 0.909091 -0.109091
v -0.018182 0.909091 -0.109091
v -0.036364 0.909091 0.109091
v -0.018182 0.909091 0.109091
v -0.036364 0.927273 -0.109091
v -0.018182 0.927273 -0.109091
v -0.036364 0.927273 0.109091
v -0.018182 0.927273 0.109091
v -0.036364 0.945455 -0.109091
v -0.018182 0.945455 -0.109091
v -0.036364 0.945455 0.109091
v -0.018182 0.945455 0.109091
v -0.036364 0.963636 -0.109091
v -0.018182 0.963636 -0.090909
v -0.018182 0.963636 -0.109091
v -0.036364 0.963636 0.109091
v -0.018182 0.963636 0.109091
v -0.018182 0.963636 0.090909
v -0.036364 0.963636 -0.090909
v -0.036364 0.981818 -0.090909
v -0.018182 0.981818 -0.072727
v -0.018182 0.981818 -0.090909
v -0.018182 0.963636 -0.090909
v -0.036364 0.963636 0.090909
v -0.036364 0.981818 0.090909
v -0.018182 0.981818 0.090909
v -0.018182 0.981818 0.072727
v -0.018182 0.963636 0.090909
v -0.036364 0.981818 -0.072727
v -0.036364 1.000000 -0.072727
v -0.018182 1.000000 -0.054545
v -0.018182 1.000000 -0.072727
v -0.018182 0.981818 -0.072727
v -0.018182 1.000000 -0.036364
v -0.018182 1.000000 -0.018182
v -0.018182 1.000000 0.000000
v -0.018182 1.000000 0.018182
v -0.018182 1.000000 0.036364
v -0.018182 1.000000 0.054545
v -0.036364 0.981818 0.072727
v -0.036364 1.000000 0.072727
v -0.018182 1.000000 0.072727
v -0.018182 0.981818 0.072727
v 0.000000 0.000000 -0.163636
v 0.000000 0.000000 -0.145455
v 0.000000 0.018182 -0.163636
v 0.000000 0.000000 -0.127273
v 0.000000 0.000000 -0.109091
v 0.000000 0.000000 -0.090909
v 0.000000 0.000000 -0.072727
v 0.000000 0.000000 -0.054545
v 0.000000 0.000000 -0.036364
v 0.000000 0.000000 -0.018182
v 0.000000 0.000000 0.000000
v 0.000000 0.000000 0.018182
v 0.000000 0.000000 0.036364
v 0.000000 0.000000 0.054545
v 0.000000 0.000000 0.072727
v 0.000000 0.000000 0.090909
v 0.000000 0.000000 0.109091
v 0.000000 0.000000 0.127273
v 0.000000 0.000000 0.145455
v 0.000000 0.000000 0.163636
v 0.000000 0.018182 0.163636
v 0.000000 0.018182 -0.181818
v 0.000000 0.018182 -0.163636
v 0.000000 0.036364 -0.181818
v 0.000000 0.018182 0.163636
v 0.000000 0.018182 0.181818
v 0.000000 0.036364 0.181818
v 0.000000 0.054545 -0.163636
v 0.000000 0.054545 -0.181818
v 0.000000 0.054545 0.181818
v 0.000000 0.054545 0.163636
v 0.000000 0.072727 -0.145455
v 0.000000 0.072727 -0.163636
v 0.000000 0.054545 -0.163636
v 0.000000 0.072727 -0.127273
v 0.000000 0.072727 -0.109091
v 0.000000 0.072727 -0.090909
v 0.000000 0.072727 0.109091
v 0.000000 0.072727 0.090909
v 0.000000 0.072727 0.127273
v 0.000000 0.072727 0.145455
v 0.000000 0.072727 0.163636
v 0.000000 0.054545 0.163636
v 0.000000 0.090909 -0.090909
v 0.000000 0.072727 -0.090909
v 0.000000 0.072727 0.090909
v 0.000000 0.090909 0.090909
v 0.000000 0.109091 -0.072727
v 0.000000 0.109091 -0.090909
v 0.000000 0.109091 0.090909
v 0.000000 0.109091 0.072727
v 0.000000 0.127273 -0.054545
v 0.000000 0.127273 -0.072727
v 0.000000 0.109091 -0.072727
v 0.000000 0.127273 -0.036364
v 0.000000 0.127273 0.054545
v 0.000000 0.127273 0.036364
v 0.000000 0.127273 0.072727
v 0.000000 0.109091 0.072727
v -0.018182 0.127273 -0.036364
v -0.018182 0.145455 -0.036364
v 0.000000 0.145455 -0.036364
v 0.000000 0.127273 -0.036364
v -0.018182 0.127273 0.036364
v -0.018182 0.145455 0.036364
v 0.000000 0.127273 0.036364
v 0.000000 0.145455 0.036364
v 0.000000 0.145455 -0.054545
v 0.000000 0.145455 -0.036364
v 0.000000 0.163636 -0.054545
v 0.000000 0.145455 0.036364
v 0.000000 0.145455 0.054545
v 0.000000 0.163636 0.054545
v 0.000000 0.181818 -0.054545
v 0.000000 0.181818 -0.072727
v 0.000000 0.163636 -0.072727
v 0.000000 0.163636 -0.054545
v 0.000000 0.181818 0.072727
v 0.000000 0.181818 0.054545
v 0.000000 0.163636 0.054545
v 0.000000 0.163636 0.072727
v 0.000000 0.200000 -0.036364
v 0.000000 0.200000 -0.054545
v 0.000000 0.181818 -0.054545
v 0.000000 0.200000 0.054545
v 0.000000 0.200000 0.036364
v 0.000000 0.181818 0.054545
v -0.018182 0.200000 -0.036364
v -0.018182 0.218182 -0.036364
v 0.000000 0.218182 -0.036364
v 0.000000 0.200000 -0.036364
v -0.018182 0.200000 0.036364
v -0.018182 0.218182 0.036364
v 0.000000 0.200000 0.036364
v 0.000000 0.218182 0.036364
v 0.000000 0.218182 -0.054545
v 0.000000 0.218182 -0.036364
v 0.000000 0.236364 -0.054545
v 0.000000 0.218182 0.036364
v 0.000000 0.218182 0.054545
v 0.000000 0.236364 0.054545
v 0.000000 0.254545 -0.054545
v 0.000000 0.254545 -0.072727
v 0.000000 0.236364 -0.072727
v 0.000000 0.236364 -0.054545
v 0.000000 0.254545 0.072727
v 0.000000 0.254545 0.054545
v 0.000000 0.236364 0.054545
v 0.000000 0.236364 0.072727
v 0.000000 0.272727 -0.036364
v 0.000000 0.272727 -0.054545
v 0.000000 0.254545 -0.054545
v 0.000000 0.272727 0.054545
v 0.000000 0.272727 0.036364
v 0.000000 0.254545 0.054545
v -0.018182 0.272727 -0.036364
v -0.018182 0.290909 -0.036364
v 0.000000 0.290909 -0.036364
v 0.000000 0.272727 -0.036364
v -0.018182 0.272727 0.036364
v -0.018182 0.290909 0.036364
v 0.000000 0.272727 0.036364
v 0.000000 0.290909 0.036364
v -0.018182 0.309091 -0.036364
v 0.000000 0.309091 -0.036364
v -0.018182 0.309091 0.036364
v 0.000000 0.309091 0.036364
v -0.018182 0.327273 -0.036364
v 0.000000 0.327273 -0.036364
v -0.018182 0.327273 0.036364
v 0.000000 0.327273 0.036364
v -0.018182 0.345455 -0.036364
v 0.000000 0.345455 -0.036364
v -0.018182 0.345455 0.036364
v 0.000000 0.345455 0.036364
v -0.018182 0.363636 -0.036364
v 0.000000 0.363636 -0.036364
v -0.018182 0.363636 0.036364
v 0.000000 0.363636 0.036364
v -0.018182 0.381818 -0.036364
v 0.000000 0.381818 -0.036364
v -0.018182 0.381818 0.036364
v 0.000000 0.381818 0.036364
v -0.018182 0.400000 -0.036364
v 0.000000 0.400000 -0.036364
v -0.018182 0.400000 0.036364
v 0.000000 0.400000 0.036364
v -0.018182 0.418182 -0.036364
v 0.000000 0.418182 -0.036364
v -0.018182 0.418182 0.036364
v 0.000000 0.418182 0.036364
v -0.018182 0.436364 -0.036364
v 0.000000 0.436364 -0.036364
v -0.018182 0.436364 0.036364
v 0.000000 0.436364 0.036364
v -0.018182 0.454545 -0.036364
v 0.000000 0.454545 -0.036364
v -0.018182 0.454545 0.036364
v 0.000000 0.454545 0.036364
v -0.018182 0.472727 -0.036364
v 0.000000 0.472727 -0.036364
v -0.018182 0.472727 0.036364
v 0.000000 0.472727 0.036364
v -0.018182 0.490909 -0.036364
v 0.000000 0.490909 -0.036364
v -0.018182 0.490909 0.036364
v 0.000000 0.490909 0.036364
v -0.018182 0.509091 -0.036364
v 0.000000 0.509091 -0.036364
v -0.018182 0.509091 0.036364
v 0.000000 0.509091 0.036364
v -0.018182 0.527273 -0.036364
v 0.000000 0.527273 -0.036364
v -0.018182 0.527273 0.036364
v 0.000000 0.527273 0.036364
v -0.018182 0.545455 -0.036364
v 0.000000 0.545455 -0.036364
v -0.018182 0.545455 0.036364
v 0.000000 0.545455 0.036364
v -0.018182 0.563636 -0.036364
v 0.000000 0.563636 -0.036364
v -0.018182 0.563636 0.036364
v 0.000000 0.563636 0.036364
v -0.018182 0.581818 -0.036364
v 0.000000 0.581818 -0.036364
v -0.018182 0.581818 0.036364
v 0.000000 0.581818 0.036364
v -0.018182 0.600000 -0.036364
v 0.000000 0.600000 -0.036364
v -0.018182 0.600000 0.036364
v 0.000000 0.600000 0.036364
v -0.018182 0.618182 -0.036364
v 0.000000 0.618182 -0.036364
v -0.018182 0.618182 0.036364
v 0.000000 0.618182 0.036364
v -0.018182 0.636364 -0.036364
v 0.000000 0.636364 -0.036364
v -0.018182 0.636364 0.036364
v 0.000000 0.636364 0.036364
v -0.018182 0.654545 -0.036364
v 0.000000 0.654545 -0.036364
v -0.018182 0.654545 0.036364
v 0.000000 0.654545 0.036364
v -0.018182 0.672727 -0.036364
v 0.000000 0.672727 -0.036364
v -0.018182 0.672727 0.036364
v 0.000000 0.672727 0.036364
v -0.018182 0.690909 -0.036364
v 0.000000 0.690909 -0.036364
v -0.018182 0.690909 0.036364
v 0.000000 0.690909 0.036364
v -0.018182 0.709091 -0.036364
v 0.000000 0.709091 -0.036364
v -0.018182 0.709091 0.036364
v 0.000000 0.709091 0.036364
v -0.018182 0.727273 -0.036364
v 0.000000 0.727273 -0.036364
v -0.018182 0.727273 0.036364
v 0.000000 0.727273 0.036364
v 0.000000 0.727273 -0.054545
v 0.000000 0.727273 -0.036364
v 0.000000 0.745455 -0.054545
v 0.000000 0.727273 0.036364
v 0.000000 0.727273 0.054545
v 0.000000 0.745455 0.054545
v 0.000000 0.763636 -0.054545
v 0.000000 0.763636 -0.072727
v 0.000000 0.745455 -0.072727
v 0.000000 0.745455 -0.054545
v 0.000000 0.763636 0.072727
v 0.000000 0.763636 0.054545
v 0.000000 0.745455 0.054545
v 0.000000 0.745455 0.072727
v 0.000000 0.781818 -0.054545
v 0.000000 0.763636 -0.054545
v 0.000000 0.763636 0.054545
v 0.000000 0.781818 0.054545
v 0.000000 0.800000 -0.054545
v 0.000000 0.800000 0.054545
v 0.000000 0.818182 -0.054545
v 0.000000 0.818182 0.054545
v 0.000000 0.818182 -0.072727
v 0.000000 0.818182 -0.054545
v 0.000000 0.836364 -0.072727
v 0.000000 0.818182 0.054545
v 0.000000 0.818182 0.072727
v 0.000000 0.836364 0.072727
v 0.000000 0.836364 -0.090909
v 0.000000 0.836364 -0.072727
v 0.000000 0.854545 -0.090909
v 0.000000 0.836364 0.072727
v 0.000000 0.836364 0.090909
v 0.000000 0.854545 0.090909
v 0.000000 0.854545 -0.109091
v 0.000000 0.854545 -0.090909
v 0.000000 0.872727 -0.109091
v 0.000000 0.854545 0.090909
v 0.000000 0.854545 0.109091
v 0.000000 0.872727 0.109091
v 0.000000 0.890909 -0.109091
v 0.000000 0.890909 0.109091
v 0.000000 0.909091 -0.109091
v 0.000000 0.909091 0.109091
v 0.000000 0.927273 -0.109091
v 0.000000 0.927273 0.109091
v 0.000000 0.945455 -0.109091
v 0.000000 0.945455 0.109091
v 0.000000 0.963636 -0.090909
v 0.000000 0.963636 -0.109091
v 0.000000 0.963636 0.109091
v 0.000000 0.963636 0.090909
v 0.000000 0.981818 -0.072727
v 0.000000 0.981818 -0.090909
v 0.000000 0.963636 -0.090909
v 0.000000 0.981818 0.090909
v 0.000000 0.981818 0.072727
v 0.000000 0.963636 0.090909
v 0.000000 1.000000 -0.054545
v 0.000000 1.000000 -0.072727
v 0.000000 0.981818 -0.072727
v 0.000000 1.000000 -0.036364
v 0.000000 1.000000 -0.018182
v 0.000000 1.000000 0.000000
v 0.000000 1.000000 0.018182
v 0.000000 1.000000 0.036364
v 0.000000 1.000000 0.054545
v 0.000000 1.000000 0.072727
v 0.000000 0.981818 0.072727
v 0.018182 0.000000 -0.163636
v 0.018182 0.000000 -0.145455
v 0.018182 0.018182 -0.163636
v 0.018182 0.000000 -0.127273
v 0.018182 0.000000 -0.109091
v 0.018182 0.000000 -0.090909
v 0.018182 0.000000 -0.072727
v 0.018182 0.000000 -0.054545
v 0.018182 0.000000 -0.036364
v 0.018182 0.000000 -0.018182
v 0.018182 0.000000 0.000000
v 0.018182 0.000000 0.018182
v 0.018182 0.000000 0.036364
v 0.018182 0.000000 0.054545
v 0.018182 0.000000 0.072727
v 0.018182 0.000000 0.090909
v 0.018182 0.000000 0.109091
v 0.018182 0.000000 0.127273
v 0.018182 0.000000 0.145455
v 0.018182 0.000000 0.163636
v 0.018182 0.018182 0.163636
v 0.018182 0.018182 -0.181818
v 0.018182 0.018182 -0.163636
v 0.018182 0.036364 -0.181818
v 0.018182 0.018182 0.163636
v 0.018182 0.018182 0.181818
v 0.018182 0.036364 0.181818
v 0.018182 0.054545 -0.163636
v 0.018182 0.054545 -0.181818
v 0.018182 0.054545 0.181818
v 0.018182 0.054545 0.163636
v 0.018182 0.072727 -0.145455
v 0.018182 0.072727 -0.163636
v 0.018182 0.054545 -0.163636
v 0.018182 0.072727 -0.127273
v 0.018182 0.072727 -0.109091
v 0.018182 0.072727 -0.090909
v 0.018182 0.072727 0.109091
v 0.018182 0.072727 0.090909
v 0.018182 0.072727 0.127273
v 0.018182 0.072727 0.145455
v 0.018182 0.072727 0.163636
v 0.018182 0.054545 0.163636
v 0.018182 0.090909 -0.090909
v 0.018182 0.072727 -0.090909
v 0.018182 0.072727 0.090909
v 0.018182 0.090909 0.090909
v 0.018182 0.109091 -0.072727
v 0.018182 0.109091 -0.090909
v 0.018182 0.109091 0.090909
v 0.018182 0.109091 0.072727
v 0.018182 0.127273 -0.054545
v 0.018182 0.127273 -0.072727
v 0.018182 0.109091 -0.072727
v 0.018182 0.127273 -0.036364
v 0.018182 0.127273 0.054545
v 0.018182 0.127273 0.036364
v 0.018182 0.127273 0.072727
v 0.018182 0.109091 0.072727
v 0.018182 0.127273 -0.036364
v 0.018182 0.145455 -0.036364
v 0.018182 0.145455 -0.018182
v 0.018182 0.127273 -0.018182
v 0.018182 0.127273 0.018182
v 0.018182 0.145455 0.018182
v 0.018182 0.145455 0.036364
v 0.018182 0.127273 0.036364
v 0.018182 0.145455 -0.054545
v 0.018182 0.145455 -0.036364
v 0.018182 0.163636 -0.054545
v 0.018182 0.145455 0.036364
v 0.018182 0.145455 0.054545
v 0.018182 0.163636 0.054545
v 0.018182 0.181818 -0.054545
v 0.018182 0.181818 -0.072727
v 0.018182 0.163636 -0.072727
v 0.018182 0.163636 -0.054545
v 0.018182 0.181818 0.072727
v 0.018182 0.181818 0.054545
v 0.018182 0.163636 0.054545
v 0.018182 0.163636 0.072727
v 0.018182 0.200000 -0.036364
v 0.018182 0.200000 -0.054545
v 0.018182 0.181818 -0.054545
v 0.018182 0.200000 0.054545
v 0.018182 0.200000 0.036364
v 0.018182 0.181818 0.054545
v 0.018182 0.200000 -0.036364
v 0.018182 0.218182 -0.036364
v 0.018182 0.218182 -0.018182
v 0.018182 0.200000 -0.018182
v 0.018182 0.200000 0.018182
v 0.018182 0.218182 0.018182
v 0.018182 0.218182 0.036364
v 0.018182 0.200000 0.036364
v 0.018182 0.218182 -0.054545
v 0.018182 0.218182 -0.036364
v 0.018182 0.236364 -0.054545
v 0.018182 0.218182 0.036364
v 0.018182 0.218182 0.054545
v 0.018182 0.236364 0.054545
v 0.018182 0.254545 -0.054545
v 0.018182 0.254545 -0.072727
v 0.018182 0.236364 -0.072727
v 0.018182 0.236364 -0.054545
v 0.018182 0.254545 0.072727
v 0.018182 0.254545 0.054545
v 0.018182 0.236364 0.054545
v 0.018182 0.236364 0.072727
v 0.018182 0.272727 -0.036364
v 0.018182 0.272727 -0.054545
v 0.018182 0.254545 -0.054545
v 0.018182 0.272727 0.054545
v 0.018182 0.272727 0.036364
v 0.018182 0.254545 0.054545
v 0.018182 0.272727 -0.036364
v 0.018182 0.290909 -0.036364
v 0.018182 0.290909 -0.018182
v 0.018182 0.272727 -0.018182
v 0.018182 0.272727 0.018182
v 0.018182 0.290909 0.018182
v 0.018182 0.290909 0.036364
v 0.018182 0.272727 0.036364
v 0.018182 0.309091 -0.036364
v 0.018182 0.309091 -0.018182
v 0.018182 0.309091 0.018182
v 0.018182 0.309091 0.036364
v 0.018182 0.327273 -0.036364
v 0.018182 0.327273 -0.018182
v 0.018182 0.327273 0.018182
v 0.018182 0.327273 0.036364
v 0.018182 0.345455 -0.036364
v 0.018182 0.345455 -0.018182
v 0.018182 0.345455 0.018182
v 0.018182 0.345455 0.036364
v 0.018182 0.363636 -0.036364
v 0.018182 0.363636 -0.018182
v 0.018182 0.363636 0.018182
v 0.018182 0.363636 0.036364
v 0.018182 0.381818 -0.036364
v 0.018182 0.381818 -0.018182
v 0.018182 0.381818 0.018182
v 0.018182 0.381818 0.036364
v 0.018182 0.400000 -0.036364
v 0.018182 0.400000 -0.018182
v 0.018182 0.400000 0.018182
v 0.018182 0.400000 0.036364
v 0.018182 0.418182 -0.036364
v 0.018182 0.418182 -0.018182
v 0.018182 0.418182 0.018182
v 0.018182 0.418182 0.036364
v 0.018182 0.436364 -0.036364
v 0.018182 0.436364 -0.018182
v 0.018182 0.436364 0.018182
v 0.018182 0.436364 0.036364
v 0.018182 0.454545 -0.036364
v 0.018182 0.454545 -0.018182
v 0.018182 0.454545 0.018182
v 0.018182 0.454545 0.036364
v 0.018182 0.472727 -0.036364
v 0.018182 0.472727 -0.018182
v 0.018182 0.472727 0.018182
v 0.018182 0.472727 0.036364
v 0.018182 0.490909 -0.036364
v 0.018182 0.490909 -0.018182
v 0.018182 0.490909 0.018182
v 0.018182 0.490909 0.036364
v 0.018182 0.509091 -0.036364
v 0.018182 0.509091 -0.018182
v 0.018182 0.509091 0.018182
v 0.018182 0.509091 0.036364
v 0.018182 0.527273 -0.036364
v 0.018182 0.527273 -0.018182
v 0.018182 0.527273 0.018182
v 0.018182 0.527273 0.036364
v 0.018182 0.545455 -0.036364
v 0.018182 0.545455 -0.018182
v 0.018182 0.545455 0.018182
v 0.018182 0.545455 0.036364
v 0.018182 0.563636 -0.036364
v 0.018182 0.563636 -0.018182
v 0.018182 0.563636 0.018182
v 0.018182 0.563636 0.036364
v 0.018182 0.581818 -0.036364
v 0.018182 0.581818 -0.018182
v 0.018182 0.581818 0.018182
v 0.018182 0.581818 0.036364
v 0.018182 0.600000 -0.036364
v 0.018182 0.600000 -0.018182
v 0.018182 0.600000 0.018182
v 0.018182 0.600000 0.036364
v 0.018182 0.618182 -0.036364
v 0.018182 0.618182 -0.018182
v 0.018182 0.618182 0.018182
v 0.018182 0.618182 0.036364
v 0.018182 0.636364 -0.036364
v 0.018182 0.636364 -0.018182
v 0.018182 0.636364 0.018182
v 0.018182 0.636364 0.036364
v 0.018182 0.654545 -0.036364
v 0.018182 0.654545 -0.018182
v 0.018182 0.654545 0.018182
v 0.018182 0.654545 0.036364
v 0.018182 0.672727 -0.036364
v 0.018182 0.672727 -0.018182
v 0.018182 0.672727 0.018182
v 0.018182 0.672727 0.036364
v 0.018182 0.690909 -0.036364
v 0.018182 0.690909 -0.018182
v 0.018182 0.690909 0.018182
v 0.018182 0.690909 0.036364
v 0.018182 0.709091 -0.036364
v 0.018182 0.709091 -0.018182
v 0.018182 0.709091 0.018182
v 0.018182 0.709091 0.036364
v 0.018182 0.727273 -0.036364
v 0.018182 0.727273 -0.018182
v 0.018182 0.727273 0.018182
v 0.018182 0.727273 0.036364
v 0.018182 0.727273 -0.054545
v 0.018182 0.727273 -0.036364
v 0.018182 0.745455 -0.054545
v 0.018182 0.727273 0.036364
v 0.018182 0.727273 0.054545
v 0.018182 0.745455 0.054545
v 0.018182 0.763636 -0.054545
v 0.018182 0.763636 -0.072727
v 0.018182 0.745455 -0.072727
v 0.018182 0.745455 -0.054545
v 0.018182 0.763636 0.072727
v 0.018182 0.763636 0.054545
v 0.018182 0.745455 0.054545
v 0.018182 0.745455 0.072727
v 0.018182 0.781818 -0.054545
v 0.018182 0.763636 -0.054545
v 0.018182 0.763636 0.054545
v 0.018182 0.781818 0.054545
v 0.018182 0.800000 -0.054545
v 0.018182 0.800000 0.054545
v 0.018182 0.818182 -0.054545
v 0.018182 0.818182 0.054545
v 0.018182 0.818182 -0.072727
v 0.018182 0.818182 -0.054545
v 0.018182 0.836364 -0.072727
v 0.018182 0.818182 0.054545
v 0.018182 0.818182 0.072727
v 0.018182 0.836364 0.072727
v 0.018182 0.836364 -0.090909
v 0.018182 0.836364 -0.072727
v 0.018182 0.854545 -0.090909
v 0.018182 0.836364 0.072727
v 0.018182 0.836364 0.090909
v 0.018182 0.854545 0.090909
v 0.018182 0.854545 -0.109091
v 0.018182 0.854545 -0.090909
v 0.018182 0.872727 -0.109091
v 0.018182 0.854545 0.090909
v 0.018182 0.854545 0.109091
v 0.018182 0.872727 0.109091
v 0.018182 0.890909 -0.109091
v 0.018182 0.890909 0.109091
v 0.018182 0.909091 -0.109091
v 0.018182 0.909091 0.109091
v 0.018182 0.927273 -0.109091
v 0.018182 0.927273 0.109091
v 0.018182 0.945455 -0.109091
v 0.018182 0.945455 0.109091
v 0.018182 0.963636 -0.090909
v 0.018182 0.963636 -0.109091
v 0.018182 0.963636 0.109091
v 0.018182 0.963636 0.090909
v 0.018182 0.981818 -0.072727
v 0.018182 0.981818 -0.090909
v 0.018182 0.963636 -0.090909
v 0.018182 0.981818 0.090909
v 0.018182 0.981818 0.072727
v 0.018182 0.963636 0.090909
v 0.018182 1.000000 -0.054545
v 0.018182 1.000000 -0.072727
v 0.018182 0.981818 -0.072727
v 0.018182 1.000000 -0.036364
v 0.018182 1.000000 -0.018182
v 0.018182 1.000000 0.000000
v 0.018182 1.000000 0.018182
v 0.018182 1.000000 0.036364
v 0.018182 1.000000 0.054545
v 0.018182 1.000000 0.072727
v 0.018182 0.981818 0.072727
v 0.036364 0.000000 -0.163636
v 0.036364 0.000000 -0.145455
v 0.036364 0.018182 -0.163636
v 0.036364 0.000000 -0.127273
v 0.036364 0.000000 -0.109091
v 0.036364 0.000000 -0.090909
v 0.036364 0.000000 -0.072727
v 0.036364 0.000000 -0.054545
v 0.036364 0.000000 -0.036364
v 0.036364 0.000000 -0.018182
v 0.036364 0.000000 0.000000
v 0.036364 0.000000 0.018182
v 0.036364 0.000000 0.036364
v 0.036364 0.000000 0.054545
v 0.036364 0.000000 0.072727
v 0.036364 0.000000 0.090909
v 0.036364 0.000000 0.109091
v 0.036364 0.000000 0.127273
v 0.036364 0.000000 0.145455
v 0.036364 0.000000 0.163636
v 0.036364 0.018182 0.163636
v 0.036364 0.018182 -0.181818
v 0.036364 0.018182 -0.163636
v 0.036364 0.036364 -0.181818
v 0.036364 0.018182 0.163636
v 0.036364 0.018182 0.181818
v 0.036364 0.036364 0.181818
v 0.036364 0.054545 -0.163636
v 0.036364 0.054545 -0.181818
v 0.036364 0.054545 0.181818
v 0.036364 0.054545 0.163636
v 0.036364 0.072727 -0.145455
v 0.036364 0.072727 -0.163636
v 0.036364 0.054545 -0.163636
v 0.036364 0.072727 -0.127273
v 0.036364 0.072727 -0.109091
v 0.036364 0.072727 -0.090909
v 0.036364 0.072727 0.109091
v 0.036364 0.072727 0.090909
v 0.036364 0.072727 0.127273
v 0.036364 0.072727 0.145455
v 0.036364 0.072727 0.163636
v 0.036364 0.054545 0.163636
v 0.036364 0.072727 -0.090909
v 0.036364 0.090909 -0.090909
v 0.036364 0.090909 -0.072727
v 0.036364 0.072727 -0.072727
v 0.036364 0.072727 0.072727
v 0.036364 0.090909 0.072727
v 0.036364 0.090909 0.090909
v 0.036364 0.072727 0.090909
v 0.036364 0.109091 -0.090909
v 0.036364 0.109091 -0.072727
v 0.036364 0.109091 0.072727
v 0.036364 0.109091 0.090909
v 0.036364 0.109091 -0.072727
v 0.036364 0.127273 -0.072727
v 0.036364 0.127273 -0.054545
v 0.036364 0.109091 -0.054545
v 0.036364 0.127273 -0.036364
v 0.018182 0.127273 -0.018182
v 0.036364 0.127273 -0.018182
v 0.018182 0.127273 0.018182
v 0.036364 0.127273 0.036364
v 0.036364 0.127273 0.018182
v 0.036364 0.127273 0.054545
v 0.036364 0.109091 0.054545
v 0.036364 0.127273 0.072727
v 0.036364 0.109091 0.072727
v 0.036364 0.127273 -0.018182
v 0.036364 0.145455 -0.018182
v 0.036364 0.145455 0.000000
v 0.036364 0.127273 0.000000
v 0.036364 0.145455 0.018182
v 0.036364 0.127273 0.018182
v 0.036364 0.145455 -0.054545
v 0.036364 0.163636 -0.054545
v 0.036364 0.163636 -0.036364
v 0.036364 0.145455 -0.036364
v 0.036364 0.145455 -0.018182
v 0.018182 0.145455 -0.018182
v 0.018182 0.145455 0.018182
v 0.036364 0.145455 0.018182
v 0.036364 0.145455 0.036364
v 0.036364 0.163636 0.036364
v 0.036364 0.163636 0.054545
v 0.036364 0.145455 0.054545
v 0.036364 0.163636 -0.072727
v 0.036364 0.181818 -0.072727
v 0.036364 0.181818 -0.054545
v 0.036364 0.163636 -0.054545
v 0.036364 0.163636 0.054545
v 0.036364 0.181818 0.054545
v 0.036364 0.181818 0.072727
v 0.036364 0.163636 0.072727
v 0.036364 0.181818 -0.054545
v 0.036364 0.200000 -0.054545
v 0.036364 0.200000 -0.036364
v 0.036364 0.181818 -0.036364
v 0.018182 0.200000 -0.018182
v 0.036364 0.200000 -0.018182
v 0.018182 0.200000 0.018182
v 0.036364 0.200000 0.036364
v 0.036364 0.200000 0.018182
v 0.036364 0.181818 0.036364
v 0.036364 0.200000 0.054545
v 0.036364 0.181818 0.054545
v 0.036364 0.200000 -0.018182
v 0.036364 0.218182 -0.018182
v 0.036364 0.218182 0.000000
v 0.036364 0.200000 0.000000
v 0.036364 0.218182 0.018182
v 0.036364 0.200000 0.018182
v 0.036364 0.218182 -0.054545
v 0.036364 0.236364 -0.054545
v 0.036364 0.236364 -0.036364
v 0.036364 0.218182 -0.036364
v 0.036364 0.218182 -0.018182
v 0.018182 0.218182 -0.018182
v 0.018182 0.218182 0.018182
v 0.036364 0.218182 0.018182
v 0.036364 0.218182 0.036364
v 0.036364 0.236364 0.036364
v 0.036364 0.236364 0.054545
v 0.036364 0.218182 0.054545
v 0.036364 0.236364 -0.072727
v 0.036364 0.254545 -0.072727
v 0.036364 0.254545 -0.054545
v 0.036364 0.236364 -0.054545
v 0.036364 0.236364 0.054545
v 0.036364 0.254545 0.054545
v 0.036364 0.254545 0.072727
v 0.036364 0.236364 0.072727
v 0.036364 0.254545 -0.054545
v 0.036364 0.272727 -0.054545
v 0.036364 0.272727 -0.036364
v 0.036364 0.254545 -0.036364
v 0.018182 0.272727 -0.018182
v 0.036364 0.272727 -0.018182
v 0.018182 0.272727 0.018182
v 0.036364 0.272727 0.036364
v 0.036364 0.272727 0.018182
v 0.036364 0.254545 0.036364
v 0.036364 0.272727 0.054545
v 0.036364 0.254545 0.054545
v 0.036364 0.272727 -0.018182
v 0.036364 0.290909 -0.018182
v 0.036364 0.290909 0.000000
v 0.036364 0.272727 0.000000
v 0.036364 0.290909 0.018182
v 0.036364 0.272727 0.018182
v 0.036364 0.309091 -0.018182
v 0.036364 0.309091 0.000000
v 0.036364 0.309091 0.018182
v 0.036364 0.327273 -0.018182
v 0.036364 0.327273 0.000000
v 0.036364 0.327273 0.018182
v 0.036364 0.345455 -0.018182
v 0.036364 0.345455 0.000000
v 0.036364 0.345455 0.018182
v 0.036364 0.363636 -0.018182
v 0.036364 0.363636 0.000000
v 0.036364 0.363636 0.018182
v 0.036364 0.381818 -0.018182
v 0.036364 0.381818 0.000000
v 0.036364 0.381818 0.018182
v 0.036364 0.400000 -0.018182
v 0.036364 0.400000 0.000000
v 0.036364 0.400000 0.018182
v 0.036364 0.418182 -0.018182
v 0.036364 0.418182 0.000000
v 0.036364 0.418182 0.018182
v 0.036364 0.436364 -0.018182
v 0.036364 0.436364 0.000000
v 0.036364 0.436364 0.018182
v 0.036364 0.454545 -0.018182
v 0.036364 0.454545 0.000000
v 0.036364 0.454545 0.018182
v 0.036364 0.472727 -0.018182
v 0.036364 0.472727 0.000000
v 0.036364 0.472727 0.018182
v 0.036364 0.490909 -0.018182
v 0.036364 0.490909 0.000000
v 0.036364 0.490909 0.018182
v 0.036364 0.509091 -0.018182
v 0.036364 0.509091 0.000000
v 0.036364 0.509091 0.018182
v 0.036364 0.527273 -0.018182
v 0.036364 0.527273 0.000000
v 0.036364 0.527273 0.018182
v 0.036364 0.545455 -0.018182
v 0.036364 0.545455 0.000000
v 0.036364 0.545455 0.018182
v 0.036364 0.563636 -0.018182
v 0.036364 0.563636 0.000000
v 0.036364 0.563636 0.018182
v 0.036364 0.581818 -0.018182
v 0.036364 0.581818 0.000000
v 0.036364 0.581818 0.018182
v 0.036364 0.600000 -0.018182
v 0.036364 0.600000 0.000000
v 0.036364 0.600000 0.018182
v 0.036364 0.618182 -0.018182
v 0.036364 0.618182 0.000000
v 0.036364 0.618182 0.018182
v 0.036364 0.636364 -0.018182
v 0.036364 0.636364 0.000000
v 0.036364 0.636364 0.018182
v 0.036364 0.654545 -0.018182
v 0.036364 0.654545 0.000000
v 0.036364 0.654545 0.018182
v 0.036364 0.672727 -0.018182
v 0.036364 0.672727 0.000000
v 0.036364 0.672727 0.018182
v 0.036364 0.690909 -0.018182
v 0.036364 0.690909 0.000000
v 0.036364 0.690909 0.018182
v 0.036364 0.709091 -0.018182
v 0.036364 0.709091 0.000000
v 0.036364 0.709091 0.018182
v 0.036364 0.727273 -0.018182
v 0.036364 0.727273 0.000000
v 0.036364 0.727273 0.018182
v 0.036364 0.727273 -0.054545
v 0.036364 0.745455 -0.054545
v 0.036364 0.745455 -0.036364
v 0.036364 0.727273 -0.036364
v 0.036364 0.727273 -0.018182
v 0.018182 0.727273 -0.018182
v 0.018182 0.727273 0.018182
v 0.036364 0.727273 0.018182
v 0.036364 0.727273 0.036364
v 0.036364 0.745455 0.036364
v 0.036364 0.745455 0.054545
v 0.036364 0.727273 0.054545
v 0.036364 0.745455 -0.072727
v 0.036364 0.763636 -0.072727
v 0.036364 0.763636 -0.054545
v 0.036364 0.745455 -0.054545
v 0.036364 0.745455 0.054545
v 0.036364 0.763636 0.054545
v 0.036364 0.763636 0.072727
v 0.036364 0.745455 0.072727
v 0.036364 0.763636 -0.054545
v 0.036364 0.781818 -0.054545
v 0.036364 0.781818 -0.036364
v 0.036364 0.763636 -0.036364
v 0.036364 0.763636 0.036364
v 0.036364 0.781818 0.036364
v 0.036364 0.781818 0.054545
v 0.036364 0.763636 0.054545
v 0.036364 0.800000 -0.054545
v 0.036364 0.800000 -0.036364
v 0.036364 0.800000 0.036364
v 0.036364 0.800000 0.054545
v 0.036364 0.818182 -0.054545
v 0.036364 0.818182 -0.036364
v 0.036364 0.818182 0.036364
v 0.036364 0.818182 0.054545
v 0.036364 0.818182 -0.072727
v 0.036364 0.836364 -0.072727
v 0.036364 0.836364 -0.054545
v 0.036364 0.818182 -0.054545
v 0.036364 0.818182 0.054545
v 0.036364 0.836364 0.054545
v 0.036364 0.836364 0.072727
v 0.036364 0.818182 0.072727
v 0.036364 0.836364 -0.090909
v 0.036364 0.854545 -0.090909
v 0.036364 0.854545 -0.072727
v 0.036364 0.836364 -0.072727
v 0.036364 0.836364 0.072727
v 0.036364 0.854545 0.072727
v 0.036364 0.854545 0.090909
v 0.036364 0.836364 0.090909
v 0.036364 0.854545 -0.109091
v 0.036364 0.872727 -0.109091
v 0.036364 0.872727 -0.090909
v 0.036364 0.854545 -0.090909
v 0.036364 0.854545 0.090909
v 0.036364 0.872727 0.090909
v 0.036364 0.872727 0.109091
v 0.036364 0.854545 0.109091
v 0.036364 0.890909 -0.109091
v 0.036364 0.890909 -0.090909
v 0.036364 0.890909 0.090909
v 0.036364 0.890909 0.109091
v 0.036364 0.909091 -0.109091
v 0.036364 0.909091 -0.090909
v 0.036364 0.909091 0.090909
v 0.036364 0.909091 0.109091
v 0.036364 0.927273 -0.109091
v 0.036364 0.927273 -0.090909
v 0.036364 0.927273 0.090909
v 0.036364 0.927273 0.109091
v 0.036364 0.945455 -0.109091
v 0.036364 0.945455 -0.090909
v 0.036364 0.945455 0.090909
v 0.036364 0.945455 0.109091
v 0.036364 0.963636 -0.109091
v 0.036364 0.963636 -0.090909
v 0.036364 0.963636 0.090909
v 0.036364 0.963636 0.109091
v 0.036364 0.963636 -0.090909
v 0.036364 0.981818 -0.090909
v 0.036364 0.981818 -0.072727
v 0.036364 0.963636 -0.072727
v 0.036364 0.963636 0.072727
v 0.036364 0.981818 0.072727
v 0.036364 0.981818 0.090909
v 0.036364 0.963636 0.090909
v 0.036364 0.981818 -0.072727
v 0.036364 1.000000 -0.072727
v 0.036364 1.000000 -0.054545
v 0.036364 0.981818 -0.054545
v 0.036364 1.000000 -0.036364
v 0.036364 1.000000 -0.018182
v 0.036364 1.000000 0.000000
v 0.036364 1.000000 0.018182
v 0.036364 1.000000 0.036364
v 0.036364 1.000000 0.054545
v 0.036364 0.981818 0.054545
v 0.036364 1.000000 0.072727
v 0.036364 0.981818 0.072727
v 0.054545 0.000000 -0.163636
v 0.054545 0.018182 -0.163636
v 0.054545 0.018182 -0.145455
v 0.054545 0.000000 -0.145455
v 0.054545 0.000000 -0.127273
v 0.054545 0.000000 -0.109091
v 0.054545 0.000000 -0.090909
v 0.054545 0.000000 -0.072727
v 0.054545 0.000000 -0.054545
v 0.054545 0.000000 -0.036364
v 0.054545 0.000000 -0.018182
v 0.054545 0.000000 0.000000
v 0.054545 0.000000 0.018182
v 0.054545 0.000000 0.036364
v 0.054545 0.000000 0.054545
v 0.054545 0.000000 0.072727
v 0.054545 0.000000 0.090909
v 0.054545 0.000000 0.109091
v 0.054545 0.000000 0.127273
v 0.054545 0.000000 0.145455
v 0.054545 0.018182 0.145455
v 0.054545 0.018182 0.163636
v 0.054545 0.000000 0.163636
v 0.054545 0.018182 -0.181818
v 0.054545 0.036364 -0.181818
v 0.054545 0.036364 -0.163636
v 0.054545 0.018182 -0.163636
v 0.054545 0.018182 0.163636
v 0.054545 0.036364 0.163636
v 0.054545 0.036364 0.181818
v 0.054545 0.018182 0.181818
v 0.054545 0.054545 -0.181818
v 0.054545 0.054545 -0.163636
v 0.054545 0.054545 0.163636
v 0.054545 0.054545 0.181818
v 0.054545 0.054545 -0.163636
v 0.054545 0.072727 -0.163636
v 0.054545 0.072727 -0.145455
v 0.054545 0.054545 -0.145455
v 0.054545 0.072727 -0.127273
v 0.054545 0.072727 -0.109091
v 0.054545 0.072727 -0.090909
v 0.036364 0.072727 -0.072727
v 0.054545 0.072727 -0.072727
v 0.036364 0.072727 0.072727
v 0.054545 0.072727 0.090909
v 0.054545 0.072727 0.072727
v 0.054545 0.072727 0.109091
v 0.054545 0.072727 0.127273
v 0.054545 0.072727 0.145455
v 0.054545 0.054545 0.145455
v 0.054545 0.072727 0.163636
v 0.054545 0.054545 0.163636
v 0.054545 0.090909 -0.072727
v 0.054545 0.072727 -0.072727
v 0.054545 0.072727 0.072727
v 0.054545 0.090909 0.072727
v 0.036364 0.109091 -0.054545
v 0.054545 0.109091 -0.054545
v 0.054545 0.109091 -0.072727
v 0.036364 0.109091 0.054545
v 0.054545 0.109091 0.072727
v 0.054545 0.109091 0.054545
v 0.054545 0.109091 -0.054545
v 0.054545 0.127273 -0.054545
v 0.054545 0.127273 -0.036364
v 0.054545 0.109091 -0.036364
v 0.054545 0.127273 -0.018182
v 0.036364 0.127273 0.000000
v 0.054545 0.127273 0.000000
v 0.054545 0.127273 0.018182
v 0.054545 0.127273 0.036364
v 0.054545 0.109091 0.036364
v 0.054545 0.127273 0.054545
v 0.054545 0.109091 0.054545
v 0.054545 0.145455 -0.036364
v 0.054545 0.163636 -0.036364
v 0.054545 0.163636 -0.018182
v 0.054545 0.145455 -0.018182
v 0.054545 0.163636 0.000000
v 0.054545 0.145455 0.000000
v 0.036364 0.145455 0.000000
v 0.054545 0.163636 0.018182
v 0.054545 0.145455 0.018182
v 0.054545 0.163636 0.036364
v 0.054545 0.145455 0.036364
v 0.054545 0.163636 -0.054545
v 0.054545 0.181818 -0.054545
v 0.054545 0.181818 -0.036364
v 0.054545 0.163636 -0.036364
v 0.036364 0.181818 -0.036364
v 0.036364 0.163636 -0.036364
v 0.054545 0.163636 0.036364
v 0.054545 0.181818 0.036364
v 0.054545 0.181818 0.054545
v 0.054545 0.163636 0.054545
v 0.036364 0.181818 0.036364
v 0.036364 0.163636 0.036364
v 0.054545 0.181818 -0.036364
v 0.054545 0.200000 -0.036364
v 0.054545 0.200000 -0.018182
v 0.054545 0.181818 -0.018182
v 0.054545 0.200000 0.000000
v 0.054545 0.181818 0.000000
v 0.036364 0.200000 0.000000
v 0.054545 0.200000 0.018182
v 0.054545 0.181818 0.018182
v 0.054545 0.200000 0.036364
v 0.054545 0.181818 0.036364
v 0.054545 0.218182 -0.036364
v 0.054545 0.236364 -0.036364
v 0.054545 0.236364 -0.018182
v 0.054545 0.218182 -0.018182
v 0.054545 0.236364 0.000000
v 0.054545 0.218182 0.000000
v 0.036364 0.218182 0.000000
v 0.054545 0.236364 0.018182
v 0.054545 0.218182 0.018182
v 0.054545 0.236364 0.036364
v 0.054545 0.218182 0.036364
v 0.054545 0.236364 -0.054545
v 0.054545 0.254545 -0.054545
v 0.054545 0.254545 -0.036364
v 0.054545 0.236364 -0.036364
v 0.036364 0.254545 -0.036364
v 0.036364 0.236364 -0.036364
v 0.054545 0.236364 0.036364
v 0.054545 0.254545 0.036364
v 0.054545 0.254545 0.054545
v 0.054545 0.236364 0.054545
v 0.036364 0.254545 0.036364
v 0.036364 0.236364 0.036364
v 0.054545 0.254545 -0.036364
v 0.054545 0.272727 -0.036364
v 0.054545 0.272727 -0.018182
v 0.054545 0.254545 -0.018182
v 0.054545 0.272727 0.000000
v 0.054545 0.254545 0.000000
v 0.036364 0.272727 0.000000
v 0.054545 0.272727 0.018182
v 0.054545 0.254545 0.018182
v 0.054545 0.272727 0.036364
v 0.054545 0.254545 0.036364
v 0.054545 0.727273 -0.036364
v 0.054545 0.745455 -0.036364
v 0.054545 0.745455 -0.018182
v 0.054545 0.727273 -0.018182
v 0.054545 0.745455 0.000000
v 0.054545 0.727273 0.000000
v 0.036364 0.727273 0.000000
v 0.054545 0.745455 0.018182
v 0.054545 0.727273 0.018182
v 0.054545 0.745455 0.036364
v 0.054545 0.727273 0.036364
v 0.054545 0.745455 -0.054545
v 0.054545 0.763636 -0.054545
v 0.054545 0.763636 -0.036364
v 0.054545 0.745455 -0.036364
v 0.036364 0.763636 -0.036364
v 0.036364 0.745455 -0.036364
v 0.054545 0.745455 0.036364
v 0.054545 0.763636 0.036364
v 0.054545 0.763636 0.054545
v 0.054545 0.745455 0.054545
v 0.036364 0.763636 0.036364
v 0.036364 0.745455 0.036364
v 0.054545 0.763636 -0.036364
v 0.054545 0.781818 -0.036364
v 0.054545 0.781818 -0.018182
v 0.054545 0.763636 -0.018182
v 0.054545 0.781818 0.000000
v 0.054545 0.763636 0.000000
v 0.054545 0.781818 0.018182
v 0.054545 0.763636 0.018182
v 0.054545 0.781818 0.036364
v 0.054545 0.763636 0.036364
v 0.054545 0.800000 -0.036364
v 0.054545 0.800000 -0.018182
v 0.054545 0.800000 0.000000
v 0.054545 0.800000 0.018182
v 0.054545 0.800000 0.036364
v 0.054545 0.818182 -0.036364
v 0.054545 0.818182 -0.018182
v 0.054545 0.818182 0.000000
v 0.054545 0.818182 0.018182
v 0.054545 0.818182 0.036364
v 0.054545 0.818182 -0.054545
v 0.054545 0.836364 -0.054545
v 0.054545 0.836364 -0.036364
v 0.054545 0.818182 -0.036364
v 0.036364 0.818182 -0.036364
v 0.054545 0.818182 0.036364
v 0.054545 0.836364 0.036364
v 0.054545 0.836364 0.054545
v 0.054545 0.818182 0.054545
v 0.036364 0.818182 0.036364
v 0.054545 0.836364 -0.072727
v 0.054545 0.836364 -0.054545
v 0.036364 0.836364 -0.054545
v 0.054545 0.854545 -0.072727
v 0.036364 0.836364 0.054545
v 0.054545 0.836364 0.054545
v 0.054545 0.836364 0.072727
v 0.054545 0.854545 0.072727
v 0.054545 0.854545 -0.090909
v 0.054545 0.854545 -0.072727
v 0.036364 0.854545 -0.072727
v 0.054545 0.872727 -0.090909
v 0.036364 0.854545 0.072727
v 0.054545 0.854545 0.072727
v 0.054545 0.854545 0.090909
v 0.054545 0.872727 0.090909
v 0.054545 0.890909 -0.090909
v 0.054545 0.890909 0.090909
v 0.054545 0.909091 -0.090909
v 0.054545 0.909091 0.090909
v 0.054545 0.927273 -0.090909
v 0.054545 0.927273 0.090909
v 0.054545 0.945455 -0.090909
v 0.054545 0.945455 0.090909
v 0.036364 0.963636 -0.072727
v 0.054545 0.963636 -0.072727
v 0.054545 0.963636 -0.090909
v 0.036364 0.963636 0.072727
v 0.054545 0.963636 0.090909
v 0.054545 0.963636 0.072727
v 0.036364 0.981818 -0.054545
v 0.054545 0.981818 -0.054545
v 0.054545 0.981818 -0.072727
v 0.054545 0.963636 -0.072727
v 0.036364 0.981818 0.054545
v 0.054545 0.981818 0.072727
v 0.054545 0.981818 0.054545
v 0.054545 0.963636 0.072727
v 0.054545 0.981818 -0.054545
v 0.054545 1.000000 -0.054545
v 0.054545 1.000000 -0.036364
v 0.054545 0.981818 -0.036364
v 0.054545 1.000000 -0.018182
v 0.054545 1.000000 0.000000
v 0.054545 1.000000 0.018182
v 0.054545 1.000000 0.036364
v 0.054545 0.981818 0.036364
v 0.054545 1.000000 0.054545
v 0.054545 0.981818 0.054545
v 0.072727 0.000000 -0.145455
v 0.072727 0.000000 -0.127273
v 0.072727 0.018182 -0.145455
v 0.072727 0.000000 -0.109091
v 0.072727 0.000000 -0.090909
v 0.072727 0.000000 -0.072727
v 0.072727 0.000000 -0.054545
v 0.072727 0.000000 -0.036364
v 0.072727 0.000000 -0.018182
v 0.072727 0.000000 0.000000
v 0.072727 0.000000 0.018182
v 0.072727 0.000000 0.036364
v 0.072727 0.000000 0.054545
v 0.072727 0.000000 0.072727
v 0.072727 0.000000 0.090909
v 0.072727 0.000000 0.109091
v 0.072727 0.000000 0.127273
v 0.072727 0.000000 0.145455
v 0.072727 0.018182 0.145455
v 0.072727 0.018182 -0.163636
v 0.072727 0.018182 -0.145455
v 0.054545 0.018182 -0.145455
v 0.072727 0.036364 -0.163636
v 0.054545 0.018182 0.145455
v 0.072727 0.018182 0.145455
v 0.072727 0.018182 0.163636
v 0.072727 0.036364 0.163636
v 0.054545 0.054545 -0.145455
v 0.072727 0.054545 -0.145455
v 0.072727 0.054545 -0.163636
v 0.054545 0.054545 0.145455
v 0.072727 0.054545 0.163636
v 0.072727 0.054545 0.145455
v 0.072727 0.072727 -0.127273
v 0.072727 0.072727 -0.145455
v 0.072727 0.054545 -0.145455
v 0.072727 0.072727 -0.109091
v 0.072727 0.072727 -0.090909
v 0.072727 0.072727 -0.072727
v 0.072727 0.072727 0.090909
v 0.072727 0.072727 0.072727
v 0.072727 0.072727 0.109091
v 0.072727 0.072727 0.127273
v 0.072727 0.072727 0.145455
v 0.072727 0.054545 0.145455
v 0.072727 0.072727 -0.072727
v 0.072727 0.090909 -0.072727
v 0.072727 0.090909 -0.054545
v 0.072727 0.072727 -0.054545
v 0.072727 0.090909 -0.036364
v 0.072727 0.072727 -0.036364
v 0.072727 0.072727 0.036364
v 0.072727 0.090909 0.036364
v 0.072727 0.090909 0.054545
v 0.072727 0.072727 0.054545
v 0.072727 0.090909 0.072727
v 0.072727 0.072727 0.072727
v 0.072727 0.109091 -0.072727
v 0.072727 0.109091 -0.054545
v 0.072727 0.109091 -0.036364
v 0.054545 0.109091 -0.036364
v 0.072727 0.109091 0.036364
v 0.072727 0.109091 0.054545
v 0.054545 0.109091 0.036364
v 0.072727 0.109091 0.072727
v 0.072727 0.109091 -0.036364
v 0.072727 0.127273 -0.036364
v 0.072727 0.127273 -0.018182
v 0.072727 0.109091 -0.018182
v 0.072727 0.127273 0.000000
v 0.072727 0.109091 0.000000
v 0.072727 0.127273 0.018182
v 0.072727 0.109091 0.018182
v 0.072727 0.127273 0.036364
v 0.072727 0.109091 0.036364
v 0.072727 0.163636 -0.036364
v 0.072727 0.181818 -0.036364
v 0.072727 0.181818 -0.018182
v 0.072727 0.163636 -0.018182
v 0.054545 0.181818 -0.018182
v 0.054545 0.163636 -0.018182
v 0.072727 0.181818 0.000000
v 0.072727 0.163636 0.000000
v 0.054545 0.181818 0.000000
v 0.054545 0.163636 0.000000
v 0.072727 0.181818 0.018182
v 0.072727 0.163636 0.018182
v 0.054545 0.181818 0.018182
v 0.054545 0.163636 0.018182
v 0.072727 0.181818 0.036364
v 0.072727 0.163636 0.036364
v 0.072727 0.236364 -0.036364
v 0.072727 0.254545 -0.036364
v 0.072727 0.254545 -0.018182
v 0.072727 0.236364 -0.018182
v 0.054545 0.254545 -0.018182
v 0.054545 0.236364 -0.018182
v 0.072727 0.254545 0.000000
v 0.072727 0.236364 0.000000
v 0.054545 0.254545 0.000000
v 0.054545 0.236364 0.000000
v 0.072727 0.254545 0.018182
v 0.072727 0.236364 0.018182
v 0.054545 0.254545 0.018182
v 0.054545 0.236364 0.018182
v 0.072727 0.254545 0.036364
v 0.072727 0.236364 0.036364
v 0.072727 0.745455 -0.036364
v 0.072727 0.763636 -0.036364
v 0.072727 0.763636 -0.018182
v 0.072727 0.745455 -0.018182
v 0.054545 0.763636 -0.018182
v 0.054545 0.745455 -0.018182
v 0.072727 0.763636 0.000000
v 0.072727 0.745455 0.000000
v 0.054545 0.763636 0.000000
v 0.054545 0.745455 0.000000
v 0.072727 0.763636 0.018182
v 0.072727 0.745455 0.018182
v 0.054545 0.763636 0.018182
v 0.054545 0.745455 0.018182
v 0.072727 0.763636 0.036364
v 0.072727 0.745455 0.036364
v 0.072727 0.818182 -0.036364
v 0.072727 0.836364 -0.036364
v 0.072727 0.836364 -0.018182
v 0.072727 0.818182 -0.018182
v 0.054545 0.818182 -0.018182
v 0.072727 0.836364 0.000000
v 0.072727 0.818182 0.000000
v 0.054545 0.818182 0.000000
v 0.072727 0.836364 0.018182
v 0.072727 0.818182 0.018182
v 0.054545 0.818182 0.018182
v 0.072727 0.836364 0.036364
v 0.072727 0.818182 0.036364
v 0.072727 0.836364 -0.072727
v 0.072727 0.854545 -0.072727
v 0.072727 0.854545 -0.054545
v 0.072727 0.836364 -0.054545
v 0.072727 0.854545 -0.036364
v 0.072727 0.836364 -0.036364
v 0.054545 0.836364 -0.036364
v 0.072727 0.836364 0.036364
v 0.072727 0.854545 0.036364
v 0.072727 0.854545 0.054545
v 0.072727 0.836364 0.054545
v 0.054545 0.836364 0.036364
v 0.072727 0.854545 0.072727
v 0.072727 0.836364 0.072727
v 0.072727 0.854545 -0.090909
v 0.072727 0.872727 -0.090909
v 0.072727 0.872727 -0.072727
v 0.072727 0.854545 -0.072727
v 0.072727 0.854545 0.072727
v 0.072727 0.872727 0.072727
v 0.072727 0.872727 0.090909
v 0.072727 0.854545 0.090909
v 0.072727 0.890909 -0.090909
v 0.072727 0.890909 -0.072727
v 0.072727 0.890909 0.072727
v 0.072727 0.890909 0.090909
v 0.072727 0.909091 -0.090909
v 0.072727 0.909091 -0.072727
v 0.072727 0.909091 0.072727
v 0.072727 0.909091 0.090909
v 0.072727 0.927273 -0.090909
v 0.072727 0.927273 -0.072727
v 0.072727 0.927273 0.072727
v 0.072727 0.927273 0.090909
v 0.072727 0.945455 -0.090909
v 0.072727 0.945455 -0.072727
v 0.072727 0.945455 0.072727
v 0.072727 0.945455 0.090909
v 0.072727 0.963636 -0.090909
v 0.072727 0.963636 -0.072727
v 0.072727 0.963636 0.072727
v 0.072727 0.963636 0.090909
v 0.072727 0.963636 -0.072727
v 0.072727 0.981818 -0.072727
v 0.072727 0.981818 -0.054545
v 0.072727 0.963636 -0.054545
v 0.072727 0.981818 -0.036364
v 0.072727 0.963636 -0.036364
v 0.054545 0.981818 -0.036364
v 0.072727 0.963636 0.036364
v 0.072727 0.981818 0.036364
v 0.072727 0.981818 0.054545
v 0.072727 0.963636 0.054545
v 0.054545 0.981818 0.036364
v 0.072727 0.981818 0.072727
v 0.072727 0.963636 0.072727
v 0.072727 0.981818 -0.036364
v 0.072727 1.000000 -0.036364
v 0.072727 1.000000 -0.018182
v 0.072727 0.981818 -0.018182
v 0.072727 1.000000 0.000000
v 0.072727 0.981818 0.000000
v 0.072727 1.000000 0.018182
v 0.072727 0.981818 0.018182
v 0.072727 1.000000 0.036364
v 0.072727 0.981818 0.036364
v 0.090909 0.000000 -0.145455
v 0.090909 0.018182 -0.145455
v 0.090909 0.018182 -0.127273
v 0.090909 0.000000 -0.127273
v 0.090909 0.000000 -0.109091
v 0.090909 0.000000 -0.090909
v 0.090909 0.000000 -0.072727
v 0.090909 0.000000 -0.054545
v 0.090909 0.000000 -0.036364
v 0.090909 0.000000 -0.018182
v 0.090909 0.000000 0.000000
v 0.090909 0.000000 0.018182
v 0.090909 0.000000 0.036364
v 0.090909 0.000000 0.054545
v 0.090909 0.000000 0.072727
v 0.090909 0.000000 0.090909
v 0.090909 0.000000 0.109091
v 0.090909 0.000000 0.127273
v 0.090909 0.018182 0.127273
v 0.090909 0.018182 0.145455
v 0.090909 0.000000 0.145455
v 0.090909 0.018182 -0.163636
v 0.090909 0.036364 -0.163636
v 0.090909 0.036364 -0.145455
v 0.090909 0.018182 -0.145455
v 0.090909 0.018182 0.145455
v 0.090909 0.036364 0.145455
v 0.090909 0.036364 0.163636
v 0.090909 0.018182 0.163636
v 0.090909 0.054545 -0.163636
v 0.090909 0.054545 -0.145455
v 0.090909 0.054545 0.145455
v 0.090909 0.054545 0.163636
v 0.090909 0.054545 -0.145455
v 0.090909 0.072727 -0.145455
v 0.090909 0.072727 -0.127273
v 0.090909 0.054545 -0.127273
v 0.090909 0.072727 -0.109091
v 0.090909 0.072727 -0.090909
v 0.090909 0.072727 -0.072727
v 0.072727 0.072727 -0.054545
v 0.090909 0.072727 -0.054545
v 0.072727 0.072727 -0.036364
v 0.090909 0.072727 -0.036364
v 0.072727 0.072727 0.036364
v 0.072727 0.072727 0.054545
v 0.090909 0.072727 0.054545
v 0.090909 0.072727 0.036364
v 0.090909 0.072727 0.072727
v 0.090909 0.072727 0.090909
v 0.090909 0.072727 0.109091
v 0.090909 0.072727 0.127273
v 0.090909 0.054545 0.127273
v 0.090909 0.072727 0.145455
v 0.090909 0.054545 0.145455
v 0.090909 0.072727 -0.036364
v 0.090909 0.090909 -0.036364
v 0.090909 0.090909 -0.018182
v 0.090909 0.072727 -0.018182
v 0.090909 0.090909 0.000000
v 0.090909 0.072727 0.000000
v 0.090909 0.090909 0.018182
v 0.090909 0.072727 0.018182
v 0.090909 0.090909 0.036364
v 0.090909 0.072727 0.036364
v 0.090909 0.109091 -0.036364
v 0.090909 0.109091 -0.018182
v 0.072727 0.109091 -0.018182
v 0.090909 0.109091 0.000000
v 0.072727 0.109091 0.000000
v 0.090909 0.109091 0.018182
v 0.072727 0.109091 0.018182
v 0.090909 0.109091 0.036364
v 0.090909 0.836364 -0.036364
v 0.090909 0.854545 -0.036364
v 0.090909 0.854545 -0.018182
v 0.090909 0.836364 -0.018182
v 0.072727 0.836364 -0.018182
v 0.090909 0.854545 0.000000
v 0.090909 0.836364 0.000000
v 0.072727 0.836364 0.000000
v 0.090909 0.854545 0.018182
v 0.090909 0.836364 0.018182
v 0.072727 0.836364 0.018182
v 0.090909 0.854545 0.036364
v 0.090909 0.836364 0.036364
v 0.090909 0.854545 -0.072727
v 0.090909 0.872727 -0.072727
v 0.090909 0.872727 -0.054545
v 0.090909 0.854545 -0.054545
v 0.072727 0.854545 -0.054545
v 0.090909 0.872727 -0.036364
v 0.090909 0.854545 -0.036364
v 0.072727 0.854545 -0.036364
v 0.090909 0.854545 0.036364
v 0.090909 0.872727 0.036364
v 0.090909 0.872727 0.054545
v 0.090909 0.854545 0.054545
v 0.072727 0.854545 0.036364
v 0.072727 0.854545 0.054545
v 0.090909 0.872727 0.072727
v 0.090909 0.854545 0.072727
v 0.090909 0.890909 -0.072727
v 0.090909 0.890909 -0.054545
v 0.090909 0.890909 -0.036364
v 0.090909 0.890909 0.036364
v 0.090909 0.890909 0.054545
v 0.090909 0.890909 0.072727
v 0.090909 0.909091 -0.072727
v 0.090909 0.909091 -0.054545
v 0.090909 0.909091 -0.036364
v 0.090909 0.909091 0.036364
v 0.090909 0.909091 0.054545
v 0.090909 0.909091 0.072727
v 0.090909 0.927273 -0.072727
v 0.090909 0.927273 -0.054545
v 0.090909 0.927273 -0.036364
v 0.090909 0.927273 0.036364
v 0.090909 0.927273 0.054545
v 0.090909 0.927273 0.072727
v 0.090909 0.945455 -0.072727
v 0.090909 0.945455 -0.054545
v 0.090909 0.945455 -0.036364
v 0.090909 0.945455 0.036364
v 0.090909 0.945455 0.054545
v 0.090909 0.945455 0.072727
v 0.090909 0.963636 -0.072727
v 0.090909 0.963636 -0.054545
v 0.072727 0.963636 -0.054545
v 0.090909 0.963636 -0.036364
v 0.072727 0.963636 -0.036364
v 0.090909 0.963636 0.036364
v 0.090909 0.963636 0.054545
v 0.072727 0.963636 0.036364
v 0.072727 0.963636 0.054545
v 0.090909 0.963636 0.072727
v 0.090909 0.963636 -0.036364
v 0.090909 0.981818 -0.036364
v 0.090909 0.981818 -0.018182
v 0.090909 0.963636 -0.018182
v 0.072727 0.981818 -0.018182
v 0.090909 0.981818 0.000000
v 0.090909 0.963636 0.000000
v 0.072727 0.981818 0.000000
v 0.090909 0.981818 0.018182
v 0.090909 0.963636 0.018182
v 0.072727 0.981818 0.018182
v 0.090909 0.981818 0.036364
v 0.090909 0.963636 0.036364
v 0.109091 0.000000 -0.127273
v 0.109091 0.018182 -0.127273
v 0.109091 0.018182 -0.109091
v 0.109091 0.000000 -0.109091
v 0.109091 0.000000 -0.090909
v 0.109091 0.000000 -0.072727
v 0.109091 0.000000 -0.054545
v 0.109091 0.000000 -0.036364
v 0.109091 0.000000 -0.018182
v 0.109091 0.000000 0.000000
v 0.109091 0.000000 0.018182
v 0.109091 0.000000 0.036364
v 0.109091 0.000000 0.054545
v 0.109091 0.000000 0.072727
v 0.109091 0.000000 0.090909
v 0.109091 0.000000 0.109091
v 0.109091 0.018182 0.109091
v 0.109091 0.018182 0.127273
v 0.109091 0.000000 0.127273
v 0.109091 0.018182 -0.145455
v 0.109091 0.018182 -0.127273
v 0.090909 0.018182 -0.127273
v 0.109091 0.036364 -0.145455
v 0.090909 0.018182 0.127273
v 0.109091 0.018182 0.127273
v 0.109091 0.018182 0.145455
v 0.109091 0.036364 0.145455
v 0.090909 0.054545 -0.127273
v 0.109091 0.054545 -0.127273
v 0.109091 0.054545 -0.145455
v 0.090909 0.054545 0.127273
v 0.109091 0.054545 0.145455
v 0.109091 0.054545 0.127273
v 0.109091 0.054545 -0.127273
v 0.109091 0.072727 -0.127273
v 0.109091 0.072727 -0.109091
v 0.109091 0.054545 -0.109091
v 0.109091 0.072727 -0.090909
v 0.109091 0.072727 -0.072727
v 0.109091 0.072727 -0.054545
v 0.109091 0.072727 -0.036364
v 0.090909 0.072727 -0.018182
v 0.109091 0.072727 -0.018182
v 0.090909 0.072727 0.000000
v 0.109091 0.072727 0.000000
v 0.090909 0.072727 0.018182
v 0.109091 0.072727 0.018182
v 0.109091 0.072727 0.036364
v 0.109091 0.072727 0.054545
v 0.109091 0.072727 0.072727
v 0.109091 0.072727 0.090909
v 0.109091 0.072727 0.109091
v 0.109091 0.054545 0.109091
v 0.109091 0.072727 0.127273
v 0.109091 0.054545 0.127273
v 0.109091 0.854545 -0.036364
v 0.109091 0.872727 -0.036364
v 0.109091 0.872727 -0.018182
v 0.109091 0.854545 -0.018182
v 0.090909 0.854545 -0.018182
v 0.109091 0.872727 0.000000
v 0.109091 0.854545 0.000000
v 0.090909 0.854545 0.000000
v 0.109091 0.872727 0.018182
v 0.109091 0.854545 0.018182
v 0.090909 0.854545 0.018182
v 0.109091 0.872727 0.036364
v 0.109091 0.854545 0.036364
v 0.109091 0.890909 -0.036364
v 0.109091 0.890909 -0.018182
v 0.109091 0.890909 0.000000
v 0.109091 0.890909 0.018182
v 0.109091 0.890909 0.036364
v 0.109091 0.909091 -0.036364
v 0.109091 0.909091 -0.018182
v 0.109091 0.909091 0.000000
v 0.109091 0.909091 0.018182
v 0.109091 0.909091 0.036364
v 0.109091 0.927273 -0.036364
v 0.109091 0.927273 -0.018182
v 0.109091 0.927273 0.000000
v 0.109091 0.927273 0.018182
v 0.109091 0.927273 0.036364
v 0.109091 0.945455 -0.036364
v 0.109091 0.945455 -0.018182
v 0.109091 0.945455 0.000000
v 0.109091 0.945455 0.018182
v 0.109091 0.945455 0.036364
v 0.109091 0.963636 -0.036364
v 0.109091 0.963636 -0.018182
v 0.090909 0.963636 -0.018182
v 0.109091 0.963636 0.000000
v 0.090909 0.963636 0.000000
v 0.109091 0.963636 0.018182
v 0.090909 0.963636 0.018182
v 0.109091 0.963636 0.036364
v 0.127273 0.000000 -0.109091
v 0.127273 0.018182 -0.109091
v 0.127273 0.018182 -0.090909
v 0.127273 0.000000 -0.090909
v 0.127273 0.000000 -0.072727
v 0.127273 0.000000 -0.054545
v 0.127273 0.000000 -0.036364
v 0.127273 0.000000 -0.018182
v 0.127273 0.000000 0.000000
v 0.127273 0.000000 0.018182
v 0.127273 0.000000 0.036364
v 0.127273 0.000000 0.054545
v 0.127273 0.000000 0.072727
v 0.127273 0.000000 0.090909
v 0.127273 0.018182 0.090909
v 0.127273 0.018182 0.109091
v 0.127273 0.000000 0.109091
v 0.127273 0.018182 -0.145455
v 0.127273 0.036364 -0.145455
v 0.127273 0.036364 -0.127273
v 0.127273 0.018182 -0.127273
v 0.127273 0.018182 -0.109091
v 0.109091 0.018182 -0.109091
v 0.109091 0.018182 0.109091
v 0.127273 0.018182 0.109091
v 0.127273 0.018182 0.127273
v 0.127273 0.036364 0.127273
v 0.127273 0.036364 0.145455
v 0.127273 0.018182 0.145455
v 0.127273 0.054545 -0.145455
v 0.127273 0.054545 -0.127273
v 0.109091 0.054545 -0.109091
v 0.127273 0.054545 -0.109091
v 0.109091 0.054545 0.109091
v 0.127273 0.054545 0.127273
v 0.127273 0.054545 0.109091
v 0.127273 0.054545 0.145455
v 0.127273 0.054545 -0.109091
v 0.127273 0.072727 -0.109091
v 0.127273 0.072727 -0.090909
v 0.127273 0.054545 -0.090909
v 0.127273 0.072727 -0.072727
v 0.127273 0.072727 -0.054545
v 0.127273 0.072727 -0.036364
v 0.127273 0.072727 -0.018182
v 0.127273 0.072727 0.000000
v 0.127273 0.072727 0.018182
v 0.127273 0.072727 0.036364
v 0.127273 0.072727 0.054545
v 0.127273 0.072727 0.072727
v 0.127273 0.072727 0.090909
v 0.127273 0.054545 0.090909
v 0.127273 0.072727 0.109091
v 0.127273 0.054545 0.109091
v 0.145455 0.000000 -0.090909
v 0.145455 0.018182 -0.090909
v 0.145455 0.018182 -0.072727
v 0.145455 0.000000 -0.072727
v 0.145455 0.018182 -0.054545
v 0.145455 0.000000 -0.054545
v 0.145455 0.000000 -0.036364
v 0.145455 0.000000 -0.018182
v 0.145455 0.000000 0.000000
v 0.145455 0.000000 0.018182
v 0.145455 0.000000 0.036364
v 0.145455 0.000000 0.054545
v 0.145455 0.018182 0.054545
v 0.145455 0.018182 0.072727
v 0.145455 0.000000 0.072727
v 0.145455 0.018182 0.090909
v 0.145455 0.000000 0.090909
v 0.145455 0.018182 -0.127273
v 0.145455 0.036364 -0.127273
v 0.145455 0.036364 -0.109091
v 0.145455 0.018182 -0.109091
v 0.145455 0.036364 -0.090909
v 0.145455 0.018182 -0.090909
v 0.127273 0.018182 -0.090909
v 0.145455 0.018182 0.090909
v 0.145455 0.036364 0.090909
v 0.145455 0.036364 0.109091
v 0.145455 0.018182 0.109091
v 0.127273 0.018182 0.090909
v 0.145455 0.036364 0.127273
v 0.145455 0.018182 0.127273
v 0.145455 0.054545 -0.127273
v 0.145455 0.054545 -0.109091
v 0.145455 0.054545 -0.090909
v 0.127273 0.054545 -0.090909
v 0.145455 0.054545 0.090909
v 0.145455 0.054545 0.109091
v 0.127273 0.054545 0.090909
v 0.145455 0.054545 0.127273
v 0.145455 0.054545 -0.090909
v 0.145455 0.072727 -0.090909
v 0.145455 0.072727 -0.072727
v 0.145455 0.054545 -0.072727
v 0.145455 0.072727 -0.054545
v 0.145455 0.054545 -0.054545
v 0.145455 0.072727 -0.036364
v 0.145455 0.072727 -0.018182
v 0.145455 0.072727 0.000000
v 0.145455 0.072727 0.018182
v 0.145455 0.072727 0.036364
v 0.145455 0.072727 0.054545
v 0.145455 0.054545 0.054545
v 0.145455 0.072727 0.072727
v 0.145455 0.054545 0.072727
v 0.145455 0.072727 0.090909
v 0.145455 0.054545 0.090909
v 0.163636 0.000000 -0.054545
v 0.163636 0.018182 -0.054545
v 0.163636 0.018182 -0.036364
v 0.163636 0.000000 -0.036364
v 0.163636 0.018182 -0.018182
v 0.163636 0.000000 -0.018182
v 0.163636 0.018182 0.000000
v 0.163636 0.000000 0.000000
v 0.163636 0.018182 0.018182
v 0.163636 0.000000 0.018182
v 0.163636 0.018182 0.036364
v 0.163636 0.000000 0.036364
v 0.163636 0.018182 0.054545
v 0.163636 0.000000 0.054545
v 0.163636 0.018182 -0.090909
v 0.163636 0.036364 -0.090909
v 0.163636 0.036364 -0.072727
v 0.163636 0.018182 -0.072727
v 0.145455 0.018182 -0.072727
v 0.163636 0.036364 -0.054545
v 0.163636 0.018182 -0.054545
v 0.145455 0.018182 -0.054545
v 0.163636 0.018182 0.054545
v 0.163636 0.036364 0.054545
v 0.163636 0.036364 0.072727
v 0.163636 0.018182 0.072727
v 0.145455 0.018182 0.054545
v 0.145455 0.018182 0.072727
v 0.163636 0.036364 0.090909
v 0.163636 0.018182 0.090909
v 0.163636 0.054545 -0.090909
v 0.163636 0.054545 -0.072727
v 0.145455 0.054545 -0.072727
v 0.163636 0.054545 -0.054545
v 0.145455 0.054545 -0.054545
v 0.163636 0.054545 0.054545
v 0.163636 0.054545 0.072727
v 0.145455 0.054545 0.054545
v 0.145455 0.054545 0.072727
v 0.163636 0.054545 0.090909
v 0.163636 0.054545 -0.054545
v 0.163636 0.072727 -0.054545
v 0.163636 0.072727 -0.036364
v 0.163636 0.054545 -0.036364
v 0.163636 0.072727 -0.018182
v 0.163636 0.054545 -0.018182
v 0.163636 0.072727 0.000000
v 0.163636 0.054545 0.000000
v 0.163636 0.072727 0.018182
v 0.163636 0.054545 0.018182
v 0.163636 0.072727 0.036364
v 0.163636 0.054545 0.036364
v 0.163636 0.072727 0.054545
v 0.163636 0.054545 0.054545
v 0.181818 0.018182 -0.054545
v 0.181818 0.036364 -0.054545
v 0.181818 0.036364 -0.036364
v 0.181818 0.018182 -0.036364
v 0.163636 0.018182 -0.036364
v 0.181818 0.036364 -0.018182
v 0.181818 0.018182 -0.018182
v 0.163636 0.018182 -0.018182
v 0.181818 0.036364 0.000000
v 0.181818 0.018182 0.000000
v 0.163636 0.018182 0.000000
v 0.181818 0.036364 0.018182
v 0.181818 0.018182 0.018182
v 0.163636 0.018182 0.018182
v 0.181818 0.036364 0.036364
v 0.181818 0.018182 0.036364
v 0.163636 0.018182 0.036364
v 0.181818 0.036364 0.054545
v 0.181818 0.018182 0.054545
v 0.181818 0.054545 -0.054545
v 0.181818 0.054545 -0.036364
v 0.163636 0.054545 -0.036364
v 0.181818 0.054545 -0.018182
v 0.163636 0.054545 -0.018182
v 0.181818 0.054545 0.000000
v 0.163636 0.054545 0.000000
v 0.181818 0.054545 0.018182
v 0.163636 0.054545 0.018182
v 0.181818 0.054545 0.036364
v 0.163636 0.054545 0.036364
v 0.181818 0.054545 0.054545
vt 0.181818 0.018182
vt 0.181818 0.018182
vt 0.181818 0.036364
vt 0.181818 0.036364
vt 0.181818 0.018182
vt 0.181818 0.018182
vt 0.181818 0.036364
vt 0.181818 0.018182
vt 0.181818 0.036364
vt 0.181818 0.018182
vt 0.181818 0.018182
vt 0.181818 0.036364
vt 0.181818 0.018182
vt 0.181818 0.018182
vt 0.181818 0.036364
vt 0.181818 0.018182
vt 0.181818 0.018182
vt 0.181818 0.036364
vt 0.181818 0.018182
vt 0.181818 0.018182
vt 0.181818 0.036364
vt 0.181818 0.018182
vt 0.181818 0.036364
vt 0.181818 0.054545
vt 0.181818 0.054545
vt 0.181818 0.054545
vt 0.181818 0.054545
vt 0.181818 0.054545
vt 0.181818 0.054545
vt 0.181818 0.054545
vt 0.181818 0.054545
vt 0.181818 0.054545
vt 0.181818 0.054545
vt 0.181818 0.054545
vt 0.181818 0.054545
vt 0.181818 0.054545
vt 0.181818 0.054545
vt 0.163636 0.000000
vt 0.163636 0.000000
vt 0.163636 0.018182
vt 0.163636 0.018182
vt 0.163636 0.000000
vt 0.163636 0.000000
vt 0.163636 0.018182
vt 0.163636 0.000000
vt 0.163636 0.018182
vt 0.163636 0.000000
vt 0.163636 0.000000
vt 0.163636 0.018182
vt 0.163636 0.000000
vt 0.163636 0.000000
vt 0.163636 0.018182
vt 0.163636 0.000000
vt 0.163636 0.000000
vt 0.163636 0.018182
vt 0.163636 0.000000
vt 0.163636 0.000000
vt 0.163636 0.018182
vt 0.163636 0.000000
vt 0.163636 0.018182
vt 0.181818 0.018182
vt 0.181818 0.018182
vt 0.181818 0.036364
vt 0.181818 0.036364
vt 0.181818 0.018182
vt 0.181818 0.018182
vt 0.181818 0.036364
vt 0.181818 0.018182
vt 0.181818 0.018182
vt 0.181818 0.036364
vt 0.181818 0.018182
vt 0.181818 0.018182
vt 0.181818 0.018182
vt 0.181818 0.036364
vt 0.181818 0.018182
vt 0.181818 0.036364
vt 0.181818 0.054545
vt 0.181818 0.054545
vt 0.181818 0.054545
vt 0.181818 0.054545
vt 0.181818 0.054545
vt 0.181818 0.054545
vt 0.181818 0.054545
vt 0.181818 0.054545
vt 0.181818 0.054545
vt 0.181818 0.054545
vt 0.163636 0.054545
vt 0.163636 0.054545
vt 0.163636 0.072727
vt 0.163636 0.072727
vt 0.163636 0.072727
vt 0.163636 0.072727
vt 0.163636 0.054545
vt 0.163636 0.054545
vt 0.163636 0.072727
vt 0.163636 0.072727
vt 0.163636 0.054545
vt 0.163636 0.072727
vt 0.163636 0.072727
vt 0.163636 0.054545
vt 0.163636 0.072727
vt 0.163636 0.072727
vt 0.163636 0.054545
vt 0.163636 0.072727
vt 0.163636 0.072727
vt 0.163636 0.054545
vt 0.163636 0.072727
vt 0.163636 0.072727
vt 0.163636 0.054545
vt 0.163636 0.000000
vt 0.163636 0.000000
vt 0.163636 0.018182
vt 0.163636 0.018182
vt 0.163636 0.000000
vt 0.163636 0.000000
vt 0.163636 0.018182
vt 0.163636 0.000000
vt 0.163636 0.000000
vt 0.163636 0.000000
vt 0.163636 0.000000
vt 0.163636 0.000000
vt 0.163636 0.000000
vt 0.163636 0.000000
vt 0.163636 0.000000
vt 0.163636 0.018182
vt 0.163636 0.000000
vt 0.163636 0.000000
vt 0.163636 0.018182
vt 0.163636 0.000000
vt 0.163636 0.018182
vt 0.181818 0.018182
vt 0.181818 0.018182
vt 0.181818 0.036364
vt 0.181818 0.036364
vt 0.181818 0.018182
vt 0.181818 0.018182
vt 0.181818 0.036364
vt 0.181818 0.018182
vt 0.181818 0.018182
vt 0.181818 0.036364
vt 0.181818 0.018182
vt 0.181818 0.018182
vt 0.181818 0.018182
vt 0.181818 0.036364
vt 0.181818 0.018182
vt 0.181818 0.036364
vt 0.181818 0.054545
vt 0.181818 0.054545
vt 0.181818 0.054545
vt 0.181818 0.054545
vt 0.181818 0.054545
vt 0.181818 0.054545
vt 0.181818 0.054545
vt 0.181818 0.054545
vt 0.181818 0.054545
vt 0.181818 0.054545
vt 0.163636 0.054545
vt 0.163636 0.054545
vt 0.163636 0.072727
vt 0.163636 0.072727
vt 0.163636 0.072727
vt 0.163636 0.072727
vt 0.163636 0.054545
vt 0.163636 0.072727
vt 0.163636 0.072727
vt 0.163636 0.072727
vt 0.163636 0.072727
vt 0.163636 0.072727
vt 0.163636 0.072727
vt 0.163636 0.072727
vt 0.163636 0.054545
vt 0.163636 0.072727
vt 0.163636 0.072727
vt 0.163636 0.054545
vt 0.163636 0.072727
vt 0.163636 0.072727
vt 0.163636 0.054545
vt 0.163636 0.000000
vt 0.163636 0.018182
vt 0.163636 0.000000
vt 0.163636 0.000000
vt 0.163636 0.018182
vt 0.163636 0.000000
vt 0.163636 0.000000
vt 0.163636 0.000000
vt 0.163636 0.000000
vt 0.163636 0.000000
vt 0.163636 0.000000
vt 0.163636 0.000000
vt 0.163636 0.000000
vt 0.163636 0.000000
vt 0.163636 0.000000
vt 0.163636 0.000000
vt 0.163636 0.018182
vt 0.163636 0.000000
vt 0.163636 0.018182
vt 0.181818 0.018182
vt 0.181818 0.036364
vt 0.181818 0.018182
vt 0.181818 0.018182
vt 0.181818 0.036364
vt 0.181818 0.018182
vt 0.181818 0.018182
vt 0.181818 0.018182
vt 0.181818 0.018182
vt 0.181818 0.036364
vt 0.181818 0.018182
vt 0.181818 0.036364
vt 0.181818 0.054545
vt 0.181818 0.054545
vt 0.181818 0.054545
vt 0.181818 0.054545
vt 0.181818 0.054545
vt 0.181818 0.054545
vt 0.181818 0.054545
vt 0.181818 0.054545
vt 0.163636 0.054545
vt 0.163636 0.072727
vt 0.163636 0.072727
vt 0.163636 0.072727
vt 0.163636 0.054545
vt 0.163636 0.072727
vt 0.163636 0.072727
vt 0.163636 0.072727
vt 0.163636 0.072727
vt 0.163636 0.072727
vt 0.163636 0.072727
vt 0.163636 0.072727
vt 0.163636 0.072727
vt 0.163636 0.072727
vt 0.163636 0.072727
vt 0.163636 0.054545
vt 0.163636 0.072727
vt 0.163636 0.072727
vt 0.163636 0.054545
vt 0.163636 0.000000
vt 0.163636 0.018182
vt 0.163636 0.000000
vt 0.163636 0.000000
vt 0.163636 0.018182
vt 0.163636 0.000000
vt 0.163636 0.000000
vt 0.163636 0.000000
vt 0.163636 0.000000
vt 0.163636 0.000000
vt 0.163636 0.000000
vt 0.163636 0.000000
vt 0.163636 0.000000
vt 0.163636 0.000000
vt 0.163636 0.000000
vt 0.163636 0.000000
vt 0.163636 0.000000
vt 0.163636 0.000000
vt 0.163636 0.018182
vt 0.163636 0.000000
vt 0.163636 0.018182
vt 0.181818 0.018182
vt 0.181818 0.018182
vt 0.181818 0.036364
vt 0.181818 0.018182
vt 0.181818 0.018182
vt 0.181818 0.036364
vt 0.181818 0.054545
vt 0.181818 0.054545
vt 0.181818 0.054545
vt 0.181818 0.054545
vt 0.163636 0.054545
vt 0.163636 0.072727
vt 0.163636 0.072727
vt 0.163636 0.072727
vt 0.163636 0.054545
vt 0.163636 0.072727
vt 0.163636 0.072727
vt 0.163636 0.072727
vt 0.163636 0.072727
vt 0.163636 0.072727
vt 0.163636 0.072727
vt 0.163636 0.072727
vt 0.163636 0.072727
vt 0.163636 0.072727
vt 0.163636 0.072727
vt 0.163636 0.072727
vt 0.163636 0.072727
vt 0.163636 0.054545
vt 0.163636 0.072727
vt 0.163636 0.072727
vt 0.163636 0.054545
vt 0.109091 0.854545
vt 0.109091 0.854545
vt 0.109091 0.872727
vt 0.109091 0.872727
vt 0.109091 0.854545
vt 0.109091 0.854545
vt 0.109091 0.872727
vt 0.109091 0.854545
vt 0.109091 0.872727
vt 0.109091 0.854545
vt 0.109091 0.854545
vt 0.109091 0.872727
vt 0.109091 0.854545
vt 0.109091 0.854545
vt 0.109091 0.872727
vt 0.109091 0.854545
vt 0.109091 0.872727
vt 0.109091 0.890909
vt 0.109091 0.890909
vt 0.109091 0.890909
vt 0.109091 0.890909
vt 0.109091 0.890909
vt 0.109091 0.890909
vt 0.109091 0.890909
vt 0.109091 0.909091
vt 0.109091 0.909091
vt 0.109091 0.909091
vt 0.109091 0.909091
vt 0.109091 0.909091
vt 0.109091 0.909091
vt 0.109091 0.909091
vt 0.109091 0.927273
vt 0.109091 0.927273
vt 0.109091 0.927273
vt 0.109091 0.927273
vt 0.109091 0.927273
vt 0.109091 0.927273
vt 0.109091 0.927273
vt 0.109091 0.945455
vt 0.109091 0.945455
vt 0.109091 0.945455
vt 0.109091 0.945455
vt 0.109091 0.945455
vt 0.109091 0.945455
vt 0.109091 0.945455
vt 0.109091 0.963636
vt 0.109091 0.963636
vt 0.109091 0.963636
vt 0.109091 0.963636
vt 0.109091 0.963636
vt 0.109091 0.963636
vt 0.109091 0.963636
vt 0.109091 0.963636
vt 0.109091 0.963636
vt 0.109091 0.963636
vt 0.163636 0.000000
vt 0.163636 0.018182
vt 0.163636 0.000000
vt 0.163636 0.000000
vt 0.163636 0.018182
vt 0.163636 0.000000
vt 0.163636 0.000000
vt 0.163636 0.000000
vt 0.163636 0.000000
vt 0.163636 0.000000
vt 0.163636 0.000000
vt 0.163636 0.000000
vt 0.163636 0.000000
vt 0.163636 0.000000
vt 0.163636 0.000000
vt 0.163636 0.000000
vt 0.163636 0.000000
vt 0.163636 0.000000
vt 0.163636 0.000000
vt 0.163636 0.000000
vt 0.163636 0.018182
vt 0.163636 0.000000
vt 0.163636 0.018182
vt 0.181818 0.018182
vt 0.181818 0.036364
vt 0.181818 0.018182
vt 0.181818 0.018182
vt 0.181818 0.036364
vt 0.181818 0.018182
vt 0.181818 0.036364
vt 0.181818 0.018182
vt 0.181818 0.018182
vt 0.181818 0.036364
vt 0.181818 0.054545
vt 0.181818 0.054545
vt 0.181818 0.054545
vt 0.181818 0.054545
vt 0.181818 0.054545
vt 0.181818 0.054545
vt 0.163636 0.054545
vt 0.163636 0.072727
vt 0.163636 0.072727
vt 0.163636 0.072727
vt 0.163636 0.054545
vt 0.163636 0.072727
vt 0.163636 0.072727
vt 0.163636 0.072727
vt 0.163636 0.072727
vt 0.163636 0.072727
vt 0.163636 0.072727
vt 0.163636 0.072727
vt 0.163636 0.072727
vt 0.163636 0.072727
vt 0.163636 0.072727
vt 0.163636 0.072727
vt 0.163636 0.054545
vt 0.163636 0.072727
vt 0.163636 0.072727
vt 0.163636 0.054545
vt 0.090909 0.072727
vt 0.090909 0.072727
vt 0.090909 0.090909
vt 0.090909 0.090909
vt 0.090909 0.090909
vt 0.090909 0.072727
vt 0.090909 0.072727
vt 0.090909 0.090909
vt 0.090909 0.072727
vt 0.090909 0.090909
vt 0.090909 0.072727
vt 0.090909 0.090909
vt 0.090909 0.072727
vt 0.090909 0.090909
vt 0.090909 0.109091
vt 0.090909 0.109091
vt 0.090909 0.109091
vt 0.090909 0.109091
vt 0.090909 0.109091
vt 0.090909 0.109091
vt 0.090909 0.109091
vt 0.090909 0.109091
vt 0.090909 0.109091
vt 0.090909 0.109091
vt 0.090909 0.836364
vt 0.090909 0.836364
vt 0.090909 0.854545
vt 0.090909 0.854545
vt 0.090909 0.836364
vt 0.090909 0.836364
vt 0.090909 0.854545
vt 0.090909 0.836364
vt 0.090909 0.854545
vt 0.090909 0.836364
vt 0.090909 0.836364
vt 0.090909 0.854545
vt 0.090909 0.836364
vt 0.090909 0.836364
vt 0.090909 0.854545
vt 0.090909 0.836364
vt 0.090909 0.854545
vt 0.109091 0.854545
vt 0.109091 0.854545
vt 0.109091 0.872727
vt 0.109091 0.872727
vt 0.109091 0.854545
vt 0.109091 0.854545
vt 0.109091 0.872727
vt 0.109091 0.854545
vt 0.109091 0.854545
vt 0.109091 0.872727
vt 0.109091 0.854545
vt 0.109091 0.854545
vt 0.109091 0.854545
vt 0.109091 0.872727
vt 0.109091 0.854545
vt 0.109091 0.872727
vt 0.109091 0.890909
vt 0.109091 0.890909
vt 0.109091 0.890909
vt 0.109091 0.890909
vt 0.109091 0.890909
vt 0.109091 0.890909
vt 0.109091 0.909091
vt 0.109091 0.909091
vt 0.109091 0.909091
vt 0.109091 0.909091
vt 0.109091 0.909091
vt 0.109091 0.909091
vt 0.109091 0.927273
vt 0.109091 0.927273
vt 0.109091 0.927273
vt 0.109091 0.927273
vt 0.109091 0.927273
vt 0.109091 0.927273
vt 0.109091 0.945455
vt 0.109091 0.945455
vt 0.109091 0.945455
vt 0.109091 0.945455
vt 0.109091 0.945455
vt 0.109091 0.945455
vt 0.109091 0.963636
vt 0.109091 0.963636
vt 0.109091 0.963636
vt 0.109091 0.963636
vt 0.109091 0.963636
vt 0.109091 0.963636
vt 0.109091 0.963636
vt 0.109091 0.963636
vt 0.109091 0.963636
vt 0.109091 0.963636
vt 0.090909 0.963636
vt 0.090909 0.963636
vt 0.090909 0.981818
vt 0.090909 0.981818
vt 0.090909 0.981818
vt 0.090909 0.981818
vt 0.090909 0.963636
vt 0.090909 0.963636
vt 0.090909 0.981818
vt 0.090909 0.981818
vt 0.090909 0.963636
vt 0.090909 0.981818
vt 0.090909 0.981818
vt 0.090909 0.963636
vt 0.090909 0.981818
vt 0.090909 0.981818
vt 0.090909 0.963636
vt 0.163636 0.000000
vt 0.163636 0.000000
vt 0.163636 0.018182
vt 0.163636 0.000000
vt 0.163636 0.000000
vt 0.163636 0.000000
vt 0.163636 0.000000
vt 0.163636 0.000000
vt 0.163636 0.000000
vt 0.163636 0.000000
vt 0.163636 0.000000
vt 0.163636 0.000000
vt 0.163636 0.000000
vt 0.163636 0.000000
vt 0.163636 0.000000
vt 0.163636 0.000000
vt 0.163636 0.000000
vt 0.163636 0.000000
vt 0.163636 0.018182
vt 0.181818 0.018182
vt 0.181818 0.018182
vt 0.181818 0.036364
vt 0.181818 0.018182
vt 0.181818 0.018182
vt 0.181818 0.036364
vt 0.181818 0.054545
vt 0.181818 0.054545
vt 0.181818 0.054545
vt 0.181818 0.054545
vt 0.163636 0.072727
vt 0.163636 0.072727
vt 0.163636 0.054545
vt 0.163636 0.072727
vt 0.163636 0.072727
vt 0.163636 0.072727
vt 0.163636 0.072727
vt 0.163636 0.072727
vt 0.163636 0.072727
vt 0.163636 0.072727
vt 0.163636 0.072727
vt 0.163636 0.054545
vt 0.090909 0.072727
vt 0.090909 0.072727
vt 0.090909 0.090909
vt 0.090909 0.090909
vt 0.090909 0.090909
vt 0.090909 0.072727
vt 0.090909 0.072727
vt 0.090909 0.090909
vt 0.090909 0.072727
vt 0.090909 0.090909
vt 0.090909 0.072727
vt 0.090909 0.090909
vt 0.090909 0.109091
vt 0.090909 0.109091
vt 0.090909 0.109091
vt 0.090909 0.109091
vt 0.090909 0.109091
vt 0.090909 0.109091
vt 0.090909 0.109091
vt 0.090909 0.109091
vt 0.090909 0.109091
vt 0.090909 0.109091
vt 0.072727 0.109091
vt 0.072727 0.109091
vt 0.072727 0.127273
vt 0.072727 0.127273
vt 0.072727 0.127273
vt 0.072727 0.127273
vt 0.072727 0.109091
vt 0.072727 0.109091
vt 0.072727 0.127273
vt 0.072727 0.127273
vt 0.072727 0.109091
vt 0.072727 0.127273
vt 0.072727 0.127273
vt 0.072727 0.109091
vt 0.072727 0.127273
vt 0.072727 0.127273
vt 0.072727 0.109091
vt 0.072727 0.163636
vt 0.072727 0.163636
vt 0.072727 0.181818
vt 0.072727 0.181818
vt 0.072727 0.181818
vt 0.072727 0.181818
vt 0.072727 0.163636
vt 0.072727 0.163636
vt 0.072727 0.163636
vt 0.072727 0.181818
vt 0.072727 0.181818
vt 0.072727 0.163636
vt 0.072727 0.163636
vt 0.072727 0.181818
vt 0.072727 0.181818
vt 0.072727 0.163636
vt 0.072727 0.163636
vt 0.072727 0.181818
vt 0.072727 0.181818
vt 0.072727 0.163636
vt 0.072727 0.236364
vt 0.072727 0.236364
vt 0.072727 0.254545
vt 0.072727 0.254545
vt 0.072727 0.254545
vt 0.072727 0.254545
vt 0.072727 0.236364
vt 0.072727 0.236364
vt 0.072727 0.236364
vt 0.072727 0.254545
vt 0.072727 0.254545
vt 0.072727 0.236364
vt 0.072727 0.236364
vt 0.072727 0.254545
vt 0.072727 0.254545
vt 0.072727 0.236364
vt 0.072727 0.236364
vt 0.072727 0.254545
vt 0.072727 0.254545
vt 0.072727 0.236364
vt 0.072727 0.745455
vt 0.072727 0.745455
vt 0.072727 0.763636
vt 0.072727 0.763636
vt 0.072727 0.763636
vt 0.072727 0.763636
vt 0.072727 0.745455
vt 0.072727 0.745455
vt 0.072727 0.745455
vt 0.072727 0.763636
vt 0.072727 0.763636
vt 0.072727 0.745455
vt 0.072727 0.745455
vt 0.072727 0.763636
vt 0.072727 0.763636
vt 0.072727 0.745455
vt 0.072727 0.745455
vt 0.072727 0.763636
vt 0.072727 0.763636
vt 0.072727 0.745455
vt 0.072727 0.818182
vt 0.072727 0.818182
vt 0.072727 0.836364
vt 0.072727 0.836364
vt 0.072727 0.818182
vt 0.072727 0.818182
vt 0.072727 0.836364
vt 0.072727 0.818182
vt 0.072727 0.836364
vt 0.072727 0.818182
vt 0.072727 0.818182
vt 0.072727 0.836364
vt 0.072727 0.818182
vt 0.072727 0.818182
vt 0.072727 0.836364
vt 0.072727 0.818182
vt 0.072727 0.836364
vt 0.090909 0.836364
vt 0.090909 0.836364
vt 0.090909 0.854545
vt 0.090909 0.854545
vt 0.090909 0.836364
vt 0.090909 0.836364
vt 0.090909 0.854545
vt 0.090909 0.836364
vt 0.090909 0.836364
vt 0.090909 0.854545
vt 0.090909 0.836364
vt 0.090909 0.836364
vt 0.090909 0.836364
vt 0.090909 0.854545
vt 0.090909 0.836364
vt 0.090909 0.854545
vt 0.109091 0.854545
vt 0.109091 0.872727
vt 0.109091 0.854545
vt 0.109091 0.854545
vt 0.109091 0.872727
vt 0.109091 0.854545
vt 0.109091 0.872727
vt 0.109091 0.854545
vt 0.109091 0.854545
vt 0.109091 0.872727
vt 0.109091 0.890909
vt 0.109091 0.890909
vt 0.109091 0.890909
vt 0.109091 0.890909
vt 0.109091 0.909091
vt 0.109091 0.909091
vt 0.109091 0.909091
vt 0.109091 0.909091
vt 0.109091 0.927273
vt 0.109091 0.927273
vt 0.109091 0.927273
vt 0.109091 0.927273
vt 0.109091 0.945455
vt 0.109091 0.945455
vt 0.109091 0.945455
vt 0.109091 0.945455
vt 0.109091 0.963636
vt 0.109091 0.963636
vt 0.109091 0.963636
vt 0.109091 0.963636
vt 0.109091 0.963636
vt 0.109091 0.963636
vt 0.090909 0.963636
vt 0.090909 0.963636
vt 0.090909 0.981818
vt 0.090909 0.981818
vt 0.090909 0.981818
vt 0.090909 0.981818
vt 0.090909 0.963636
vt 0.090909 0.981818
vt 0.090909 0.963636
vt 0.090909 0.981818
vt 0.090909 0.981818
vt 0.090909 0.981818
vt 0.090909 0.963636
vt 0.090909 0.981818
vt 0.090909 0.981818
vt 0.090909 0.963636
vt 0.072727 0.981818
vt 0.072727 0.981818
vt 0.072727 1.000000
vt 0.072727 1.000000
vt 0.072727 1.000000
vt 0.072727 1.000000
vt 0.072727 0.981818
vt 0.072727 0.981818
vt 0.072727 1.000000
vt 0.072727 1.000000
vt 0.072727 0.981818
vt 0.072727 1.000000
vt 0.072727 1.000000
vt 0.072727 0.981818
vt 0.072727 1.000000
vt 0.072727 1.000000
vt 0.072727 0.981818
vt 0.163636 0.000000
vt 0.163636 0.018182
vt 0.163636 0.000000
vt 0.163636 0.000000
vt 0.163636 0.018182
vt 0.163636 0.000000
vt 0.163636 0.000000
vt 0.163636 0.000000
vt 0.163636 0.000000
vt 0.163636 0.000000
vt 0.163636 0.000000
vt 0.163636 0.000000
vt 0.163636 0.000000
vt 0.163636 0.000000
vt 0.163636 0.000000
vt 0.163636 0.000000
vt 0.163636 0.000000
vt 0.163636 0.000000
vt 0.163636 0.000000
vt 0.163636 0.000000
vt 0.163636 0.000000
vt 0.163636 0.000000
vt 0.163636 0.018182
vt 0.163636 0.000000
vt 0.163636 0.018182
vt 0.181818 0.018182
vt 0.181818 0.036364
vt 0.181818 0.018182
vt 0.181818 0.018182
vt 0.181818 0.036364
vt 0.181818 0.018182
vt 0.181818 0.036364
vt 0.181818 0.018182
vt 0.181818 0.018182
vt 0.181818 0.036364
vt 0.181818 0.054545
vt 0.181818 0.054545
vt 0.181818 0.054545
vt 0.181818 0.054545
vt 0.181818 0.054545
vt 0.181818 0.054545
vt 0.163636 0.054545
vt 0.163636 0.072727
vt 0.163636 0.072727
vt 0.163636 0.072727
vt 0.163636 0.054545
vt 0.163636 0.072727
vt 0.163636 0.072727
vt 0.163636 0.072727
vt 0.163636 0.072727
vt 0.163636 0.072727
vt 0.163636 0.072727
vt 0.163636 0.072727
vt 0.163636 0.072727
vt 0.163636 0.072727
vt 0.163636 0.054545
vt 0.163636 0.072727
vt 0.163636 0.072727
vt 0.163636 0.054545
vt 0.090909 0.090909
vt 0.090909 0.072727
vt 0.090909 0.072727
vt 0.090909 0.090909
vt 0.090909 0.109091
vt 0.090909 0.109091
vt 0.090909 0.109091
vt 0.090909 0.109091
vt 0.072727 0.109091
vt 0.072727 0.127273
vt 0.072727 0.127273
vt 0.072727 0.127273
vt 0.072727 0.109091
vt 0.072727 0.127273
vt 0.072727 0.127273
vt 0.072727 0.127273
vt 0.072727 0.127273
vt 0.072727 0.109091
vt 0.072727 0.127273
vt 0.072727 0.127273
vt 0.072727 0.109091
vt 0.054545 0.145455
vt 0.054545 0.145455
vt 0.054545 0.163636
vt 0.054545 0.163636
vt 0.054545 0.145455
vt 0.054545 0.145455
vt 0.054545 0.163636
vt 0.054545 0.145455
vt 0.054545 0.163636
vt 0.054545 0.145455
vt 0.054545 0.145455
vt 0.054545 0.163636
vt 0.054545 0.145455
vt 0.054545 0.145455
vt 0.054545 0.163636
vt 0.054545 0.145455
vt 0.054545 0.163636
vt 0.072727 0.163636
vt 0.072727 0.181818
vt 0.072727 0.181818
vt 0.072727 0.181818
vt 0.072727 0.163636
vt 0.072727 0.163636
vt 0.072727 0.163636
vt 0.072727 0.181818
vt 0.072727 0.181818
vt 0.072727 0.181818
vt 0.072727 0.163636
vt 0.072727 0.163636
vt 0.054545 0.181818
vt 0.054545 0.181818
vt 0.054545 0.200000
vt 0.054545 0.200000
vt 0.054545 0.200000
vt 0.054545 0.200000
vt 0.054545 0.181818
vt 0.054545 0.181818
vt 0.054545 0.200000
vt 0.054545 0.200000
vt 0.054545 0.181818
vt 0.054545 0.200000
vt 0.054545 0.200000
vt 0.054545 0.181818
vt 0.054545 0.200000
vt 0.054545 0.200000
vt 0.054545 0.181818
vt 0.054545 0.218182
vt 0.054545 0.218182
vt 0.054545 0.236364
vt 0.054545 0.236364
vt 0.054545 0.218182
vt 0.054545 0.218182
vt 0.054545 0.236364
vt 0.054545 0.218182
vt 0.054545 0.236364
vt 0.054545 0.218182
vt 0.054545 0.218182
vt 0.054545 0.236364
vt 0.054545 0.218182
vt 0.054545 0.218182
vt 0.054545 0.236364
vt 0.054545 0.218182
vt 0.054545 0.236364
vt 0.072727 0.236364
vt 0.072727 0.254545
vt 0.072727 0.254545
vt 0.072727 0.254545
vt 0.072727 0.236364
vt 0.072727 0.236364
vt 0.072727 0.236364
vt 0.072727 0.254545
vt 0.072727 0.254545
vt 0.072727 0.254545
vt 0.072727 0.236364
vt 0.072727 0.236364
vt 0.054545 0.254545
vt 0.054545 0.254545
vt 0.054545 0.272727
vt 0.054545 0.272727
vt 0.054545 0.272727
vt 0.054545 0.272727
vt 0.054545 0.254545
vt 0.054545 0.254545
vt 0.054545 0.272727
vt 0.054545 0.272727
vt 0.054545 0.254545
vt 0.054545 0.272727
vt 0.054545 0.272727
vt 0.054545 0.254545
vt 0.054545 0.272727
vt 0.054545 0.272727
vt 0.054545 0.254545
vt 0.054545 0.727273
vt 0.054545 0.727273
vt 0.054545 0.745455
vt 0.054545 0.745455
vt 0.054545 0.727273
vt 0.054545 0.727273
vt 0.054545 0.745455
vt 0.054545 0.727273
vt 0.054545 0.745455
vt 0.054545 0.727273
vt 0.054545 0.727273
vt 0.054545 0.745455
vt 0.054545 0.727273
vt 0.054545 0.727273
vt 0.054545 0.745455
vt 0.054545 0.727273
vt 0.054545 0.745455
vt 0.072727 0.745455
vt 0.072727 0.763636
vt 0.072727 0.763636
vt 0.072727 0.763636
vt 0.072727 0.745455
vt 0.072727 0.745455
vt 0.072727 0.745455
vt 0.072727 0.763636
vt 0.072727 0.763636
vt 0.072727 0.763636
vt 0.072727 0.745455
vt 0.072727 0.745455
vt 0.054545 0.763636
vt 0.054545 0.763636
vt 0.054545 0.781818
vt 0.054545 0.781818
vt 0.054545 0.781818
vt 0.054545 0.763636
vt 0.054545 0.763636
vt 0.054545 0.781818
vt 0.054545 0.763636
vt 0.054545 0.781818
vt 0.054545 0.763636
vt 0.054545 0.781818
vt 0.054545 0.763636
vt 0.054545 0.781818
vt 0.054545 0.800000
vt 0.054545 0.800000
vt 0.054545 0.800000
vt 0.054545 0.800000
vt 0.054545 0.800000
vt 0.054545 0.800000
vt 0.054545 0.800000
vt 0.054545 0.818182
vt 0.054545 0.818182
vt 0.054545 0.818182
vt 0.054545 0.818182
vt 0.054545 0.818182
vt 0.054545 0.818182
vt 0.054545 0.818182
vt 0.072727 0.818182
vt 0.072727 0.836364
vt 0.072727 0.818182
vt 0.072727 0.818182
vt 0.072727 0.836364
vt 0.072727 0.818182
vt 0.072727 0.836364
vt 0.072727 0.818182
vt 0.072727 0.818182
vt 0.072727 0.836364
vt 0.090909 0.836364
vt 0.090909 0.836364
vt 0.090909 0.854545
vt 0.090909 0.836364
vt 0.090909 0.836364
vt 0.090909 0.854545
vt 0.109091 0.854545
vt 0.109091 0.854545
vt 0.109091 0.872727
vt 0.109091 0.854545
vt 0.109091 0.854545
vt 0.109091 0.872727
vt 0.109091 0.890909
vt 0.109091 0.890909
vt 0.109091 0.909091
vt 0.109091 0.909091
vt 0.109091 0.927273
vt 0.109091 0.927273
vt 0.109091 0.945455
vt 0.109091 0.945455
vt 0.109091 0.963636
vt 0.109091 0.963636
vt 0.109091 0.963636
vt 0.109091 0.963636
vt 0.090909 0.981818
vt 0.090909 0.981818
vt 0.090909 0.963636
vt 0.090909 0.981818
vt 0.090909 0.981818
vt 0.090909 0.963636
vt 0.072727 0.981818
vt 0.072727 1.000000
vt 0.072727 1.000000
vt 0.072727 1.000000
vt 0.072727 0.981818
vt 0.072727 1.000000
vt 0.072727 1.000000
vt 0.072727 1.000000
vt 0.072727 1.000000
vt 0.072727 0.981818
vt 0.072727 1.000000
vt 0.072727 1.000000
vt 0.072727 0.981818
vt 0.163636 0.000000
vt 0.163636 0.000000
vt 0.163636 0.018182
vt 0.163636 0.000000
vt 0.163636 0.000000
vt 0.163636 0.000000
vt 0.163636 0.000000
vt 0.163636 0.000000
vt 0.163636 0.000000
vt 0.163636 0.000000
vt 0.163636 0.000000
vt 0.163636 0.000000
vt 0.163636 0.000000
vt 0.163636 0.000000
vt 0.163636 0.000000
vt 0.163636 0.000000
vt 0.163636 0.000000
vt 0.163636 0.000000
vt 0.163636 0.000000
vt 0.163636 0.000000
vt 0.163636 0.018182
vt 0.181818 0.018182
vt 0.181818 0.018182
vt 0.181818 0.036364
vt 0.181818 0.018182
vt 0.181818 0.018182
vt 0.181818 0.036364
vt 0.181818 0.054545
vt 0.181818 0.054545
vt 0.181818 0.054545
vt 0.181818 0.054545
vt 0.163636 0.072727
vt 0.163636 0.072727
vt 0.163636 0.054545
vt 0.163636 0.072727
vt 0.163636 0.072727
vt 0.163636 0.072727
vt 0.163636 0.072727
vt 0.163636 0.072727
vt 0.163636 0.072727
vt 0.163636 0.072727
vt 0.163636 0.072727
vt 0.163636 0.054545
vt 0.090909 0.072727
vt 0.090909 0.090909
vt 0.090909 0.090909
vt 0.090909 0.072727
vt 0.090909 0.072727
vt 0.090909 0.090909
vt 0.090909 0.072727
vt 0.090909 0.090909
vt 0.090909 0.109091
vt 0.090909 0.109091
vt 0.090909 0.109091
vt 0.090909 0.109091
vt 0.090909 0.109091
vt 0.090909 0.109091
vt 0.072727 0.109091
vt 0.072727 0.127273
vt 0.072727 0.127273
vt 0.072727 0.127273
vt 0.072727 0.109091
vt 0.072727 0.127273
vt 0.072727 0.127273
vt 0.072727 0.127273
vt 0.072727 0.127273
vt 0.072727 0.127273
vt 0.072727 0.109091
vt 0.072727 0.127273
vt 0.072727 0.127273
vt 0.072727 0.109091
vt 0.036364 0.127273
vt 0.036364 0.127273
vt 0.036364 0.145455
vt 0.036364 0.145455
vt 0.036364 0.145455
vt 0.036364 0.127273
vt 0.036364 0.127273
vt 0.036364 0.145455
vt 0.036364 0.127273
vt 0.036364 0.145455
vt 0.054545 0.145455
vt 0.054545 0.163636
vt 0.054545 0.145455
vt 0.054545 0.145455
vt 0.054545 0.163636
vt 0.054545 0.145455
vt 0.054545 0.145455
vt 0.054545 0.145455
vt 0.054545 0.145455
vt 0.054545 0.163636
vt 0.054545 0.145455
vt 0.054545 0.163636
vt 0.072727 0.163636
vt 0.072727 0.181818
vt 0.072727 0.181818
vt 0.072727 0.181818
vt 0.072727 0.163636
vt 0.072727 0.163636
vt 0.072727 0.163636
vt 0.072727 0.181818
vt 0.072727 0.181818
vt 0.072727 0.181818
vt 0.072727 0.163636
vt 0.072727 0.163636
vt 0.054545 0.181818
vt 0.054545 0.200000
vt 0.054545 0.200000
vt 0.054545 0.200000
vt 0.054545 0.181818
vt 0.054545 0.200000
vt 0.054545 0.200000
vt 0.054545 0.200000
vt 0.054545 0.181818
vt 0.054545 0.200000
vt 0.054545 0.200000
vt 0.054545 0.181818
vt 0.036364 0.200000
vt 0.036364 0.200000
vt 0.036364 0.218182
vt 0.036364 0.218182
vt 0.036364 0.218182
vt 0.036364 0.200000
vt 0.036364 0.200000
vt 0.036364 0.218182
vt 0.036364 0.200000
vt 0.036364 0.218182
vt 0.054545 0.218182
vt 0.054545 0.236364
vt 0.054545 0.218182
vt 0.054545 0.218182
vt 0.054545 0.236364
vt 0.054545 0.218182
vt 0.054545 0.218182
vt 0.054545 0.218182
vt 0.054545 0.218182
vt 0.054545 0.236364
vt 0.054545 0.218182
vt 0.054545 0.236364
vt 0.072727 0.236364
vt 0.072727 0.254545
vt 0.072727 0.254545
vt 0.072727 0.254545
vt 0.072727 0.236364
vt 0.072727 0.236364
vt 0.072727 0.236364
vt 0.072727 0.254545
vt 0.072727 0.254545
vt 0.072727 0.254545
vt 0.072727 0.236364
vt 0.072727 0.236364
vt 0.054545 0.254545
vt 0.054545 0.272727
vt 0.054545 0.272727
vt 0.054545 0.272727
vt 0.054545 0.254545
vt 0.054545 0.272727
vt 0.054545 0.272727
vt 0.054545 0.272727
vt 0.054545 0.254545
vt 0.054545 0.272727
vt 0.054545 0.272727
vt 0.054545 0.254545
vt 0.036364 0.272727
vt 0.036364 0.272727
vt 0.036364 0.290909
vt 0.036364 0.290909
vt 0.036364 0.290909
vt 0.036364 0.272727
vt 0.036364 0.272727
vt 0.036364 0.290909
vt 0.036364 0.272727
vt 0.036364 0.290909
vt 0.036364 0.309091
vt 0.036364 0.309091
vt 0.036364 0.309091
vt 0.036364 0.309091
vt 0.036364 0.309091
vt 0.036364 0.327273
vt 0.036364 0.327273
vt 0.036364 0.327273
vt 0.036364 0.327273
vt 0.036364 0.327273
vt 0.036364 0.345455
vt 0.036364 0.345455
vt 0.036364 0.345455
vt 0.036364 0.345455
vt 0.036364 0.345455
vt 0.036364 0.363636
vt 0.036364 0.363636
vt 0.036364 0.363636
vt 0.036364 0.363636
vt 0.036364 0.363636
vt 0.036364 0.381818
vt 0.036364 0.381818
vt 0.036364 0.381818
vt 0.036364 0.381818
vt 0.036364 0.381818
vt 0.036364 0.400000
vt 0.036364 0.400000
vt 0.036364 0.400000
vt 0.036364 0.400000
vt 0.036364 0.400000
vt 0.036364 0.418182
vt 0.036364 0.418182
vt 0.036364 0.418182
vt 0.036364 0.418182
vt 0.036364 0.418182
vt 0.036364 0.436364
vt 0.036364 0.436364
vt 0.036364 0.436364
vt 0.036364 0.436364
vt 0.036364 0.436364
vt 0.036364 0.454545
vt 0.036364 0.454545
vt 0.036364 0.454545
vt 0.036364 0.454545
vt 0.036364 0.454545
vt 0.036364 0.472727
vt 0.036364 0.472727
vt 0.036364 0.472727
vt 0.036364 0.472727
vt 0.036364 0.472727
vt 0.036364 0.490909
vt 0.036364 0.490909
vt 0.036364 0.490909
vt 0.036364 0.490909
vt 0.036364 0.490909
vt 0.036364 0.509091
vt 0.036364 0.509091
vt 0.036364 0.509091
vt 0.036364 0.509091
vt 0.036364 0.509091
vt 0.036364 0.527273
vt 0.036364 0.527273
vt 0.036364 0.527273
vt 0.036364 0.527273
vt 0.036364 0.527273
vt 0.036364 0.545455
vt 0.036364 0.545455
vt 0.036364 0.545455
vt 0.036364 0.545455
vt 0.036364 0.545455
vt 0.036364 0.563636
vt 0.036364 0.563636
vt 0.036364 0.563636
vt 0.036364 0.563636
vt 0.036364 0.563636
vt 0.036364 0.581818
vt 0.036364 0.581818
vt 0.036364 0.581818
vt 0.036364 0.581818
vt 0.036364 0.581818
vt 0.036364 0.600000
vt 0.036364 0.600000
vt 0.036364 0.600000
vt 0.036364 0.600000
vt 0.036364 0.600000
vt 0.036364 0.618182
vt 0.036364 0.618182
vt 0.036364 0.618182
vt 0.036364 0.618182
vt 0.036364 0.618182
vt 0.036364 0.636364
vt 0.036364 0.636364
vt 0.036364 0.636364
vt 0.036364 0.636364
vt 0.036364 0.636364
vt 0.036364 0.654545
vt 0.036364 0.654545
vt 0.036364 0.654545
vt 0.036364 0.654545
vt 0.036364 0.654545
vt 0.036364 0.672727
vt 0.036364 0.672727
vt 0.036364 0.672727
vt 0.036364 0.672727
vt 0.036364 0.672727
vt 0.036364 0.690909
vt 0.036364 0.690909
vt 0.036364 0.690909
vt 0.036364 0.690909
vt 0.036364 0.690909
vt 0.036364 0.709091
vt 0.036364 0.709091
vt 0.036364 0.709091
vt 0.036364 0.709091
vt 0.036364 0.709091
vt 0.036364 0.727273
vt 0.036364 0.727273
vt 0.036364 0.727273
vt 0.036364 0.727273
vt 0.036364 0.727273
vt 0.054545 0.727273
vt 0.054545 0.745455
vt 0.054545 0.727273
vt 0.054545 0.727273
vt 0.054545 0.745455
vt 0.054545 0.727273
vt 0.054545 0.727273
vt 0.054545 0.727273
vt 0.054545 0.727273
vt 0.054545 0.745455
vt 0.054545 0.727273
vt 0.054545 0.745455
vt 0.072727 0.745455
vt 0.072727 0.763636
vt 0.072727 0.763636
vt 0.072727 0.763636
vt 0.072727 0.745455
vt 0.072727 0.745455
vt 0.072727 0.745455
vt 0.072727 0.763636
vt 0.072727 0.763636
vt 0.072727 0.763636
vt 0.072727 0.745455
vt 0.072727 0.745455
vt 0.054545 0.763636
vt 0.054545 0.781818
vt 0.054545 0.781818
vt 0.054545 0.763636
vt 0.054545 0.763636
vt 0.054545 0.781818
vt 0.054545 0.763636
vt 0.054545 0.781818
vt 0.054545 0.800000
vt 0.054545 0.800000
vt 0.054545 0.800000
vt 0.054545 0.800000
vt 0.054545 0.818182
vt 0.054545 0.818182
vt 0.054545 0.818182
vt 0.054545 0.818182
vt 0.072727 0.818182
vt 0.072727 0.836364
vt 0.072727 0.818182
vt 0.072727 0.818182
vt 0.072727 0.836364
vt 0.072727 0.818182
vt 0.072727 0.836364
vt 0.072727 0.818182
vt 0.072727 0.818182
vt 0.072727 0.836364
vt 0.090909 0.836364
vt 0.090909 0.854545
vt 0.090909 0.836364
vt 0.090909 0.836364
vt 0.090909 0.854545
vt 0.090909 0.836364
vt 0.090909 0.854545
vt 0.090909 0.836364
vt 0.090909 0.836364
vt 0.090909 0.854545
vt 0.109091 0.854545
vt 0.109091 0.872727
vt 0.109091 0.854545
vt 0.109091 0.854545
vt 0.109091 0.872727
vt 0.109091 0.854545
vt 0.109091 0.872727
vt 0.109091 0.854545
vt 0.109091 0.854545
vt 0.109091 0.872727
vt 0.109091 0.890909
vt 0.109091 0.890909
vt 0.109091 0.890909
vt 0.109091 0.890909
vt 0.109091 0.909091
vt 0.109091 0.909091
vt 0.109091 0.909091
vt 0.109091 0.909091
vt 0.109091 0.927273
vt 0.109091 0.927273
vt 0.109091 0.927273
vt 0.109091 0.927273
vt 0.109091 0.945455
vt 0.109091 0.945455
vt 0.109091 0.945455
vt 0.109091 0.945455
vt 0.109091 0.963636
vt 0.109091 0.963636
vt 0.109091 0.963636
vt 0.109091 0.963636
vt 0.109091 0.963636
vt 0.109091 0.963636
vt 0.090909 0.963636
vt 0.090909 0.981818
vt 0.090909 0.981818
vt 0.090909 0.981818
vt 0.090909 0.963636
vt 0.090909 0.963636
vt 0.090909 0.981818
vt 0.090909 0.981818
vt 0.090909 0.981818
vt 0.090909 0.963636
vt 0.072727 0.981818
vt 0.072727 1.000000
vt 0.072727 1.000000
vt 0.072727 1.000000
vt 0.072727 0.981818
vt 0.072727 1.000000
vt 0.072727 1.000000
vt 0.072727 1.000000
vt 0.072727 1.000000
vt 0.072727 1.000000
vt 0.072727 1.000000
vt 0.072727 0.981818
vt 0.072727 1.000000
vt 0.072727 1.000000
vt 0.072727 0.981818
vt 0.163636 0.000000
vt 0.163636 0.000000
vt 0.163636 0.018182
vt 0.163636 0.000000
vt 0.163636 0.000000
vt 0.163636 0.000000
vt 0.163636 0.000000
vt 0.163636 0.000000
vt 0.163636 0.000000
vt 0.163636 0.000000
vt 0.163636 0.000000
vt 0.163636 0.000000
vt 0.163636 0.000000
vt 0.163636 0.000000
vt 0.163636 0.000000
vt 0.163636 0.000000
vt 0.163636 0.000000
vt 0.163636 0.000000
vt 0.163636 0.000000
vt 0.163636 0.000000
vt 0.163636 0.018182
vt 0.181818 0.018182
vt 0.181818 0.018182
vt 0.181818 0.036364
vt 0.181818 0.018182
vt 0.181818 0.018182
vt 0.181818 0.036364
vt 0.181818 0.054545
vt 0.181818 0.054545
vt 0.181818 0.054545
vt 0.181818 0.054545
vt 0.163636 0.072727
vt 0.163636 0.072727
vt 0.163636 0.054545
vt 0.163636 0.072727
vt 0.163636 0.072727
vt 0.163636 0.072727
vt 0.163636 0.072727
vt 0.163636 0.072727
vt 0.163636 0.072727
vt 0.163636 0.072727
vt 0.163636 0.072727
vt 0.163636 0.054545
vt 0.090909 0.090909
vt 0.090909 0.072727
vt 0.090909 0.072727
vt 0.090909 0.090909
vt 0.090909 0.109091
vt 0.090909 0.109091
vt 0.090909 0.109091
vt 0.090909 0.109091
vt 0.072727 0.127273
vt 0.072727 0.127273
vt 0.072727 0.109091
vt 0.072727 0.127273
vt 0.072727 0.127273
vt 0.072727 0.127273
vt 0.072727 0.127273
vt 0.072727 0.109091
vt 0.036364 0.127273
vt 0.036364 0.145455
vt 0.036364 0.145455
vt 0.036364 0.127273
vt 0.036364 0.127273
vt 0.036364 0.145455
vt 0.036364 0.127273
vt 0.036364 0.145455
vt 0.054545 0.145455
vt 0.054545 0.145455
vt 0.054545 0.163636
vt 0.054545 0.145455
vt 0.054545 0.145455
vt 0.054545 0.163636
vt 0.072727 0.181818
vt 0.072727 0.181818
vt 0.072727 0.163636
vt 0.072727 0.163636
vt 0.072727 0.181818
vt 0.072727 0.181818
vt 0.072727 0.163636
vt 0.072727 0.163636
vt 0.054545 0.200000
vt 0.054545 0.200000
vt 0.054545 0.181818
vt 0.054545 0.200000
vt 0.054545 0.200000
vt 0.054545 0.181818
vt 0.036364 0.200000
vt 0.036364 0.218182
vt 0.036364 0.218182
vt 0.036364 0.200000
vt 0.036364 0.200000
vt 0.036364 0.218182
vt 0.036364 0.200000
vt 0.036364 0.218182
vt 0.054545 0.218182
vt 0.054545 0.218182
vt 0.054545 0.236364
vt 0.054545 0.218182
vt 0.054545 0.218182
vt 0.054545 0.236364
vt 0.072727 0.254545
vt 0.072727 0.254545
vt 0.072727 0.236364
vt 0.072727 0.236364
vt 0.072727 0.254545
vt 0.072727 0.254545
vt 0.072727 0.236364
vt 0.072727 0.236364
vt 0.054545 0.272727
vt 0.054545 0.272727
vt 0.054545 0.254545
vt 0.054545 0.272727
vt 0.054545 0.272727
vt 0.054545 0.254545
vt 0.036364 0.272727
vt 0.036364 0.290909
vt 0.036364 0.290909
vt 0.036364 0.272727
vt 0.036364 0.272727
vt 0.036364 0.290909
vt 0.036364 0.272727
vt 0.036364 0.290909
vt 0.036364 0.309091
vt 0.036364 0.309091
vt 0.036364 0.309091
vt 0.036364 0.309091
vt 0.036364 0.327273
vt 0.036364 0.327273
vt 0.036364 0.327273
vt 0.036364 0.327273
vt 0.036364 0.345455
vt 0.036364 0.345455
vt 0.036364 0.345455
vt 0.036364 0.345455
vt 0.036364 0.363636
vt 0.036364 0.363636
vt 0.036364 0.363636
vt 0.036364 0.363636
vt 0.036364 0.381818
vt 0.036364 0.381818
vt 0.036364 0.381818
vt 0.036364 0.381818
vt 0.036364 0.400000
vt 0.036364 0.400000
vt 0.036364 0.400000
vt 0.036364 0.400000
vt 0.036364 0.418182
vt 0.036364 0.418182
vt 0.036364 0.418182
vt 0.036364 0.418182
vt 0.036364 0.436364
vt 0.036364 0.436364
vt 0.036364 0.436364
vt 0.036364 0.436364
vt 0.036364 0.454545
vt 0.036364 0.454545
vt 0.036364 0.454545
vt 0.036364 0.454545
vt 0.036364 0.472727
vt 0.036364 0.472727
vt 0.036364 0.472727
vt 0.036364 0.472727
vt 0.036364 0.490909
vt 0.036364 0.490909
vt 0.036364 0.490909
vt 0.036364 0.490909
vt 0.036364 0.509091
vt 0.036364 0.509091
vt 0.036364 0.509091
vt 0.036364 0.509091
vt 0.036364 0.527273
vt 0.036364 0.527273
vt 0.036364 0.527273
vt 0.036364 0.527273
vt 0.036364 0.545455
vt 0.036364 0.545455
vt 0.036364 0.545455
vt 0.036364 0.545455
vt 0.036364 0.563636
vt 0.036364 0.563636
vt 0.036364 0.563636
vt 0.036364 0.563636
vt 0.036364 0.581818
vt 0.036364 0.581818
vt 0.036364 0.581818
vt 0.036364 0.581818
vt 0.036364 0.600000
vt 0.036364 0.600000
vt 0.036364 0.600000
vt 0.036364 0.600000
vt 0.036364 0.618182
vt 0.036364 0.618182
vt 0.036364 0.618182
vt 0.036364 0.618182
vt 0.036364 0.636364
vt 0.036364 0.636364
vt 0.036364 0.636364
vt 0.036364 0.636364
vt 0.036364 0.654545
vt 0.036364 0.654545
vt 0.036364 0.654545
vt 0.036364 0.654545
vt 0.036364 0.672727
vt 0.036364 0.672727
vt 0.036364 0.672727
vt 0.036364 0.672727
vt 0.036364 0.690909
vt 0.036364 0.690909
vt 0.036364 0.690909
vt 0.036364 0.690909
vt 0.036364 0.709091
vt 0.036364 0.709091
vt 0.036364 0.709091
vt 0.036364 0.709091
vt 0.036364 0.727273
vt 0.036364 0.727273
vt 0.036364 0.727273
vt 0.036364 0.727273
vt 0.054545 0.727273
vt 0.054545 0.727273
vt 0.054545 0.745455
vt 0.054545 0.727273
vt 0.054545 0.727273
vt 0.054545 0.745455
vt 0.072727 0.763636
vt 0.072727 0.763636
vt 0.072727 0.745455
vt 0.072727 0.745455
vt 0.072727 0.763636
vt 0.072727 0.763636
vt 0.072727 0.745455
vt 0.072727 0.745455
vt 0.054545 0.781818
vt 0.054545 0.763636
vt 0.054545 0.763636
vt 0.054545 0.781818
vt 0.054545 0.800000
vt 0.054545 0.800000
vt 0.054545 0.818182
vt 0.054545 0.818182
vt 0.072727 0.818182
vt 0.072727 0.818182
vt 0.072727 0.836364
vt 0.072727 0.818182
vt 0.072727 0.818182
vt 0.072727 0.836364
vt 0.090909 0.836364
vt 0.090909 0.836364
vt 0.090909 0.854545
vt 0.090909 0.836364
vt 0.090909 0.836364
vt 0.090909 0.854545
vt 0.109091 0.854545
vt 0.109091 0.854545
vt 0.109091 0.872727
vt 0.109091 0.854545
vt 0.109091 0.854545
vt 0.109091 0.872727
vt 0.109091 0.890909
vt 0.109091 0.890909
vt 0.109091 0.909091
vt 0.109091 0.909091
vt 0.109091 0.927273
vt 0.109091 0.927273
vt 0.109091 0.945455
vt 0.109091 0.945455
vt 0.109091 0.963636
vt 0.109091 0.963636
vt 0.109091 0.963636
vt 0.109091 0.963636
vt 0.090909 0.981818
vt 0.090909 0.981818
vt 0.090909 0.963636
vt 0.090909 0.981818
vt 0.090909 0.981818
vt 0.090909 0.963636
vt 0.072727 1.000000
vt 0.072727 1.000000
vt 0.072727 0.981818
vt 0.072727 1.000000
vt 0.072727 1.000000
vt 0.072727 1.000000
vt 0.072727 1.000000
vt 0.072727 1.000000
vt 0.072727 1.000000
vt 0.072727 1.000000
vt 0.072727 0.981818
vt 0.163636 0.000000
vt 0.163636 0.000000
vt 0.163636 0.018182
vt 0.163636 0.000000
vt 0.163636 0.000000
vt 0.163636 0.000000
vt 0.163636 0.000000
vt 0.163636 0.000000
vt 0.163636 0.000000
vt 0.163636 0.000000
vt 0.163636 0.000000
vt 0.163636 0.000000
vt 0.163636 0.000000
vt 0.163636 0.000000
vt 0.163636 0.000000
vt 0.163636 0.000000
vt 0.163636 0.000000
vt 0.163636 0.000000
vt 0.163636 0.000000
vt 0.163636 0.000000
vt 0.163636 0.018182
vt 0.181818 0.018182
vt 0.181818 0.018182
vt 0.181818 0.036364
vt 0.181818 0.018182
vt 0.181818 0.018182
vt 0.181818 0.036364
vt 0.181818 0.054545
vt 0.181818 0.054545
vt 0.181818 0.054545
vt 0.181818 0.054545
vt 0.163636 0.072727
vt 0.163636 0.072727
vt 0.163636 0.054545
vt 0.163636 0.072727
vt 0.163636 0.072727
vt 0.163636 0.072727
vt 0.163636 0.072727
vt 0.163636 0.072727
vt 0.163636 0.072727
vt 0.163636 0.072727
vt 0.163636 0.072727
vt 0.163636 0.054545
vt 0.090909 0.090909
vt 0.090909 0.072727
vt 0.090909 0.072727
vt 0.090909 0.090909
vt 0.090909 0.109091
vt 0.090909 0.109091
vt 0.090909 0.109091
vt 0.090909 0.109091
vt 0.072727 0.127273
vt 0.072727 0.127273
vt 0.072727 0.109091
vt 0.072727 0.127273
vt 0.072727 0.127273
vt 0.072727 0.127273
vt 0.072727 0.127273
vt 0.072727 0.109091
vt 0.036364 0.127273
vt 0.036364 0.145455
vt 0.036364 0.145455
vt 0.036364 0.127273
vt 0.036364 0.127273
vt 0.036364 0.145455
vt 0.036364 0.145455
vt 0.036364 0.127273
vt 0.054545 0.145455
vt 0.054545 0.145455
vt 0.054545 0.163636
vt 0.054545 0.145455
vt 0.054545 0.145455
vt 0.054545 0.163636
vt 0.072727 0.181818
vt 0.072727 0.181818
vt 0.072727 0.163636
vt 0.072727 0.163636
vt 0.072727 0.181818
vt 0.072727 0.181818
vt 0.072727 0.163636
vt 0.072727 0.163636
vt 0.054545 0.200000
vt 0.054545 0.200000
vt 0.054545 0.181818
vt 0.054545 0.200000
vt 0.054545 0.200000
vt 0.054545 0.181818
vt 0.036364 0.200000
vt 0.036364 0.218182
vt 0.036364 0.218182
vt 0.036364 0.200000
vt 0.036364 0.200000
vt 0.036364 0.218182
vt 0.036364 0.218182
vt 0.036364 0.200000
vt 0.054545 0.218182
vt 0.054545 0.218182
vt 0.054545 0.236364
vt 0.054545 0.218182
vt 0.054545 0.218182
vt 0.054545 0.236364
vt 0.072727 0.254545
vt 0.072727 0.254545
vt 0.072727 0.236364
vt 0.072727 0.236364
vt 0.072727 0.254545
vt 0.072727 0.254545
vt 0.072727 0.236364
vt 0.072727 0.236364
vt 0.054545 0.272727
vt 0.054545 0.272727
vt 0.054545 0.254545
vt 0.054545 0.272727
vt 0.054545 0.272727
vt 0.054545 0.254545
vt 0.036364 0.272727
vt 0.036364 0.290909
vt 0.036364 0.290909
vt 0.036364 0.272727
vt 0.036364 0.272727
vt 0.036364 0.290909
vt 0.036364 0.290909
vt 0.036364 0.272727
vt 0.036364 0.309091
vt 0.036364 0.309091
vt 0.036364 0.309091
vt 0.036364 0.309091
vt 0.036364 0.327273
vt 0.036364 0.327273
vt 0.036364 0.327273
vt 0.036364 0.327273
vt 0.036364 0.345455
vt 0.036364 0.345455
vt 0.036364 0.345455
vt 0.036364 0.345455
vt 0.036364 0.363636
vt 0.036364 0.363636
vt 0.036364 0.363636
vt 0.036364 0.363636
vt 0.036364 0.381818
vt 0.036364 0.381818
vt 0.036364 0.381818
vt 0.036364 0.381818
vt 0.036364 0.400000
vt 0.036364 0.400000
vt 0.036364 0.400000
vt 0.036364 0.400000
vt 0.036364 0.418182
vt 0.036364 0.418182
vt 0.036364 0.418182
vt 0.036364 0.418182
vt 0.036364 0.436364
vt 0.036364 0.436364
vt 0.036364 0.436364
vt 0.036364 0.436364
vt 0.036364 0.454545
vt 0.036364 0.454545
vt 0.036364 0.454545
vt 0.036364 0.454545
vt 0.036364 0.472727
vt 0.036364 0.472727
vt 0.036364 0.472727
vt 0.036364 0.472727
vt 0.036364 0.490909
vt 0.036364 0.490909
vt 0.036364 0.490909
vt 0.036364 0.490909
vt 0.036364 0.509091
vt 0.036364 0.509091
vt 0.036364 0.509091
vt 0.036364 0.509091
vt 0.036364 0.527273
vt 0.036364 0.527273
vt 0.036364 0.527273
vt 0.036364 0.527273
vt 0.036364 0.545455
vt 0.036364 0.545455
vt 0.036364 0.545455
vt 0.036364 0.545455
vt 0.036364 0.563636
vt 0.036364 0.563636
vt 0.036364 0.563636
vt 0.036364 0.563636
vt 0.036364 0.581818
vt 0.036364 0.581818
vt 0.036364 0.581818
vt 0.036364 0.581818
vt 0.036364 0.600000
vt 0.036364 0.600000
vt 0.036364 0.600000
vt 0.036364 0.600000
vt 0.036364 0.618182
vt 0.036364 0.618182
vt 0.036364 0.618182
vt 0.036364 0.618182
vt 0.036364 0.636364
vt 0.036364 0.636364
vt 0.036364 0.636364
vt 0.036364 0.636364
vt 0.036364 0.654545
vt 0.036364 0.654545
vt 0.036364 0.654545
vt 0.036364 0.654545
vt 0.036364 0.672727
vt 0.036364 0.672727
vt 0.036364 0.672727
vt 0.036364 0.672727
vt 0.036364 0.690909
vt 0.036364 0.690909
vt 0.036364 0.690909
vt 0.036364 0.690909
vt 0.036364 0.709091
vt 0.036364 0.709091
vt 0.036364 0.709091
vt 0.036364 0.709091
vt 0.036364 0.727273
vt 0.036364 0.727273
vt 0.036364 0.727273
vt 0.036364 0.727273
vt 0.054545 0.727273
vt 0.054545 0.727273
vt 0.054545 0.745455
vt 0.054545 0.727273
vt 0.054545 0.727273
vt 0.054545 0.745455
vt 0.072727 0.763636
vt 0.072727 0.763636
vt 0.072727 0.745455
vt 0.072727 0.745455
vt 0.072727 0.763636
vt 0.072727 0.763636
vt 0.072727 0.745455
vt 0.072727 0.745455
vt 0.054545 0.781818
vt 0.054545 0.763636
vt 0.054545 0.763636
vt 0.054545 0.781818
vt 0.054545 0.800000
vt 0.054545 0.800000
vt 0.054545 0.818182
vt 0.054545 0.818182
vt 0.072727 0.818182
vt 0.072727 0.818182
vt 0.072727 0.836364
vt 0.072727 0.818182
vt 0.072727 0.818182
vt 0.072727 0.836364
vt 0.090909 0.836364
vt 0.090909 0.836364
vt 0.090909 0.854545
vt 0.090909 0.836364
vt 0.090909 0.836364
vt 0.090909 0.854545
vt 0.109091 0.854545
vt 0.109091 0.854545
vt 0.109091 0.872727
vt 0.109091 0.854545
vt 0.109091 0.854545
vt 0.109091 0.872727
vt 0.109091 0.890909
vt 0.109091 0.890909
vt 0.109091 0.909091
vt 0.109091 0.909091
vt 0.109091 0.927273
vt 0.109091 0.927273
vt 0.109091 0.945455
vt 0.109091 0.945455
vt 0.109091 0.963636
vt 0.109091 0.963636
vt 0.109091 0.963636
vt 0.109091 0.963636
vt 0.090909 0.981818
vt 0.090909 0.981818
vt 0.090909 0.963636
vt 0.090909 0.981818
vt 0.090909 0.981818
vt 0.090909 0.963636
vt 0.072727 1.000000
vt 0.072727 1.000000
vt 0.072727 0.981818
vt 0.072727 1.000000
vt 0.072727 1.000000
vt 0.072727 1.000000
vt 0.072727 1.000000
vt 0.072727 1.000000
vt 0.072727 1.000000
vt 0.072727 1.000000
vt 0.072727 0.981818
vt 0.163636 0.000000
vt 0.163636 0.000000
vt 0.163636 0.018182
vt 0.163636 0.000000
vt 0.163636 0.000000
vt 0.163636 0.000000
vt 0.163636 0.000000
vt 0.163636 0.000000
vt 0.163636 0.000000
vt 0.163636 0.000000
vt 0.163636 0.000000
vt 0.163636 0.000000
vt 0.163636 0.000000
vt 0.163636 0.000000
vt 0.163636 0.000000
vt 0.163636 0.000000
vt 0.163636 0.000000
vt 0.163636 0.000000
vt 0.163636 0.000000
vt 0.163636 0.000000
vt 0.163636 0.018182
vt 0.181818 0.018182
vt 0.181818 0.018182
vt 0.181818 0.036364
vt 0.181818 0.018182
vt 0.181818 0.018182
vt 0.181818 0.036364
vt 0.181818 0.054545
vt 0.181818 0.054545
vt 0.181818 0.054545
vt 0.181818 0.054545
vt 0.163636 0.072727
vt 0.163636 0.072727
vt 0.163636 0.054545
vt 0.163636 0.072727
vt 0.163636 0.072727
vt 0.163636 0.072727
vt 0.163636 0.072727
vt 0.163636 0.072727
vt 0.163636 0.072727
vt 0.163636 0.072727
vt 0.163636 0.072727
vt 0.163636 0.054545
vt 0.090909 0.072727
vt 0.090909 0.090909
vt 0.090909 0.090909
vt 0.090909 0.072727
vt 0.090909 0.072727
vt 0.090909 0.090909
vt 0.090909 0.090909
vt 0.090909 0.072727
vt 0.090909 0.109091
vt 0.090909 0.109091
vt 0.090909 0.109091
vt 0.090909 0.109091
vt 0.072727 0.109091
vt 0.072727 0.127273
vt 0.072727 0.127273
vt 0.072727 0.109091
vt 0.072727 0.127273
vt 0.072727 0.127273
vt 0.072727 0.127273
vt 0.072727 0.127273
vt 0.072727 0.127273
vt 0.072727 0.127273
vt 0.072727 0.127273
vt 0.072727 0.109091
vt 0.072727 0.127273
vt 0.072727 0.109091
vt 0.036364 0.127273
vt 0.036364 0.145455
vt 0.036364 0.145455
vt 0.036364 0.127273
vt 0.036364 0.145455
vt 0.036364 0.127273
vt 0.054545 0.145455
vt 0.054545 0.163636
vt 0.054545 0.163636
vt 0.054545 0.145455
vt 0.054545 0.145455
vt 0.054545 0.145455
vt 0.054545 0.145455
vt 0.054545 0.145455
vt 0.054545 0.145455
vt 0.054545 0.163636
vt 0.054545 0.163636
vt 0.054545 0.145455
vt 0.072727 0.163636
vt 0.072727 0.181818
vt 0.072727 0.181818
vt 0.072727 0.163636
vt 0.072727 0.163636
vt 0.072727 0.181818
vt 0.072727 0.181818
vt 0.072727 0.163636
vt 0.054545 0.181818
vt 0.054545 0.200000
vt 0.054545 0.200000
vt 0.054545 0.181818
vt 0.054545 0.200000
vt 0.054545 0.200000
vt 0.054545 0.200000
vt 0.054545 0.200000
vt 0.054545 0.200000
vt 0.054545 0.181818
vt 0.054545 0.200000
vt 0.054545 0.181818
vt 0.036364 0.200000
vt 0.036364 0.218182
vt 0.036364 0.218182
vt 0.036364 0.200000
vt 0.036364 0.218182
vt 0.036364 0.200000
vt 0.054545 0.218182
vt 0.054545 0.236364
vt 0.054545 0.236364
vt 0.054545 0.218182
vt 0.054545 0.218182
vt 0.054545 0.218182
vt 0.054545 0.218182
vt 0.054545 0.218182
vt 0.054545 0.218182
vt 0.054545 0.236364
vt 0.054545 0.236364
vt 0.054545 0.218182
vt 0.072727 0.236364
vt 0.072727 0.254545
vt 0.072727 0.254545
vt 0.072727 0.236364
vt 0.072727 0.236364
vt 0.072727 0.254545
vt 0.072727 0.254545
vt 0.072727 0.236364
vt 0.054545 0.254545
vt 0.054545 0.272727
vt 0.054545 0.272727
vt 0.054545 0.254545
vt 0.054545 0.272727
vt 0.054545 0.272727
vt 0.054545 0.272727
vt 0.054545 0.272727
vt 0.054545 0.272727
vt 0.054545 0.254545
vt 0.054545 0.272727
vt 0.054545 0.254545
vt 0.036364 0.272727
vt 0.036364 0.290909
vt 0.036364 0.290909
vt 0.036364 0.272727
vt 0.036364 0.290909
vt 0.036364 0.272727
vt 0.036364 0.309091
vt 0.036364 0.309091
vt 0.036364 0.309091
vt 0.036364 0.327273
vt 0.036364 0.327273
vt 0.036364 0.327273
vt 0.036364 0.345455
vt 0.036364 0.345455
vt 0.036364 0.345455
vt 0.036364 0.363636
vt 0.036364 0.363636
vt 0.036364 0.363636
vt 0.036364 0.381818
vt 0.036364 0.381818
vt 0.036364 0.381818
vt 0.036364 0.400000
vt 0.036364 0.400000
vt 0.036364 0.400000
vt 0.036364 0.418182
vt 0.036364 0.418182
vt 0.036364 0.418182
vt 0.036364 0.436364
vt 0.036364 0.436364
vt 0.036364 0.436364
vt 0.036364 0.454545
vt 0.036364 0.454545
vt 0.036364 0.454545
vt 0.036364 0.472727
vt 0.036364 0.472727
vt 0.036364 0.472727
vt 0.036364 0.490909
vt 0.036364 0.490909
vt 0.036364 0.490909
vt 0.036364 0.509091
vt 0.036364 0.509091
vt 0.036364 0.509091
vt 0.036364 0.527273
vt 0.036364 0.527273
vt 0.036364 0.527273
vt 0.036364 0.545455
vt 0.036364 0.545455
vt 0.036364 0.545455
vt 0.036364 0.563636
vt 0.036364 0.563636
vt 0.036364 0.563636
vt 0.036364 0.581818
vt 0.036364 0.581818
vt 0.036364 0.581818
vt 0.036364 0.600000
vt 0.036364 0.600000
vt 0.036364 0.600000
vt 0.036364 0.618182
vt 0.036364 0.618182
vt 0.036364 0.618182
vt 0.036364 0.636364
vt 0.036364 0.636364
vt 0.036364 0.636364
vt 0.036364 0.654545
vt 0.036364 0.654545
vt 0.036364 0.654545
vt 0.036364 0.672727
vt 0.036364 0.672727
vt 0.036364 0.672727
vt 0.036364 0.690909
vt 0.036364 0.690909
vt 0.036364 0.690909
vt 0.036364 0.709091
vt 0.036364 0.709091
vt 0.036364 0.709091
vt 0.036364 0.727273
vt 0.036364 0.727273
vt 0.036364 0.727273
vt 0.054545 0.727273
vt 0.054545 0.745455
vt 0.054545 0.745455
vt 0.054545 0.727273
vt 0.054545 0.727273
vt 0.054545 0.727273
vt 0.054545 0.727273
vt 0.054545 0.727273
vt 0.054545 0.727273
vt 0.054545 0.745455
vt 0.054545 0.745455
vt 0.054545 0.727273
vt 0.072727 0.745455
vt 0.072727 0.763636
vt 0.072727 0.763636
vt 0.072727 0.745455
vt 0.072727 0.745455
vt 0.072727 0.763636
vt 0.072727 0.763636
vt 0.072727 0.745455
vt 0.054545 0.763636
vt 0.054545 0.781818
vt 0.054545 0.781818
vt 0.054545 0.763636
vt 0.054545 0.763636
vt 0.054545 0.781818
vt 0.054545 0.781818
vt 0.054545 0.763636
vt 0.054545 0.800000
vt 0.054545 0.800000
vt 0.054545 0.800000
vt 0.054545 0.800000
vt 0.054545 0.818182
vt 0.054545 0.818182
vt 0.054545 0.818182
vt 0.054545 0.818182
vt 0.072727 0.818182
vt 0.072727 0.836364
vt 0.072727 0.836364
vt 0.072727 0.818182
vt 0.072727 0.818182
vt 0.072727 0.836364
vt 0.072727 0.836364
vt 0.072727 0.818182
vt 0.090909 0.836364
vt 0.090909 0.854545
vt 0.090909 0.854545
vt 0.090909 0.836364
vt 0.090909 0.836364
vt 0.090909 0.854545
vt 0.090909 0.854545
vt 0.090909 0.836364
vt 0.109091 0.854545
vt 0.109091 0.872727
vt 0.109091 0.872727
vt 0.109091 0.854545
vt 0.109091 0.854545
vt 0.109091 0.872727
vt 0.109091 0.872727
vt 0.109091 0.854545
vt 0.109091 0.890909
vt 0.109091 0.890909
vt 0.109091 0.890909
vt 0.109091 0.890909
vt 0.109091 0.909091
vt 0.109091 0.909091
vt 0.109091 0.909091
vt 0.109091 0.909091
vt 0.109091 0.927273
vt 0.109091 0.927273
vt 0.109091 0.927273
vt 0.109091 0.927273
vt 0.109091 0.945455
vt 0.109091 0.945455
vt 0.109091 0.945455
vt 0.109091 0.945455
vt 0.109091 0.963636
vt 0.109091 0.963636
vt 0.109091 0.963636
vt 0.109091 0.963636
vt 0.090909 0.963636
vt 0.090909 0.981818
vt 0.090909 0.981818
vt 0.090909 0.963636
vt 0.090909 0.963636
vt 0.090909 0.981818
vt 0.090909 0.981818
vt 0.090909 0.963636
vt 0.072727 0.981818
vt 0.072727 1.000000
vt 0.072727 1.000000
vt 0.072727 0.981818
vt 0.072727 1.000000
vt 0.072727 1.000000
vt 0.072727 1.000000
vt 0.072727 1.000000
vt 0.072727 1.000000
vt 0.072727 1.000000
vt 0.072727 0.981818
vt 0.072727 1.000000
vt 0.072727 0.981818
vt 0.163636 0.000000
vt 0.163636 0.018182
vt 0.163636 0.018182
vt 0.163636 0.000000
vt 0.163636 0.000000
vt 0.163636 0.000000
vt 0.163636 0.000000
vt 0.163636 0.000000
vt 0.163636 0.000000
vt 0.163636 0.000000
vt 0.163636 0.000000
vt 0.163636 0.000000
vt 0.163636 0.000000
vt 0.163636 0.000000
vt 0.163636 0.000000
vt 0.163636 0.000000
vt 0.163636 0.000000
vt 0.163636 0.000000
vt 0.163636 0.000000
vt 0.163636 0.000000
vt 0.163636 0.018182
vt 0.163636 0.018182
vt 0.163636 0.000000
vt 0.181818 0.018182
vt 0.181818 0.036364
vt 0.181818 0.036364
vt 0.181818 0.018182
vt 0.181818 0.018182
vt 0.181818 0.036364
vt 0.181818 0.036364
vt 0.181818 0.018182
vt 0.181818 0.054545
vt 0.181818 0.054545
vt 0.181818 0.054545
vt 0.181818 0.054545
vt 0.163636 0.054545
vt 0.163636 0.072727
vt 0.163636 0.072727
vt 0.163636 0.054545
vt 0.163636 0.072727
vt 0.163636 0.072727
vt 0.163636 0.072727
vt 0.163636 0.072727
vt 0.163636 0.072727
vt 0.163636 0.072727
vt 0.163636 0.072727
vt 0.163636 0.072727
vt 0.163636 0.072727
vt 0.163636 0.072727
vt 0.163636 0.072727
vt 0.163636 0.054545
vt 0.163636 0.072727
vt 0.163636 0.054545
vt 0.090909 0.090909
vt 0.090909 0.072727
vt 0.090909 0.072727
vt 0.090909 0.090909
vt 0.090909 0.109091
vt 0.090909 0.109091
vt 0.090909 0.109091
vt 0.090909 0.109091
vt 0.090909 0.109091
vt 0.090909 0.109091
vt 0.072727 0.109091
vt 0.072727 0.127273
vt 0.072727 0.127273
vt 0.072727 0.109091
vt 0.072727 0.127273
vt 0.072727 0.127273
vt 0.072727 0.127273
vt 0.072727 0.127273
vt 0.072727 0.127273
vt 0.072727 0.109091
vt 0.072727 0.127273
vt 0.072727 0.109091
vt 0.054545 0.145455
vt 0.054545 0.163636
vt 0.054545 0.163636
vt 0.054545 0.145455
vt 0.054545 0.163636
vt 0.054545 0.145455
vt 0.054545 0.145455
vt 0.054545 0.163636
vt 0.054545 0.145455
vt 0.054545 0.163636
vt 0.054545 0.145455
vt 0.072727 0.163636
vt 0.072727 0.181818
vt 0.072727 0.181818
vt 0.072727 0.163636
vt 0.072727 0.181818
vt 0.072727 0.163636
vt 0.072727 0.163636
vt 0.072727 0.181818
vt 0.072727 0.181818
vt 0.072727 0.163636
vt 0.072727 0.181818
vt 0.072727 0.163636
vt 0.054545 0.181818
vt 0.054545 0.200000
vt 0.054545 0.200000
vt 0.054545 0.181818
vt 0.054545 0.200000
vt 0.054545 0.181818
vt 0.054545 0.200000
vt 0.054545 0.200000
vt 0.054545 0.181818
vt 0.054545 0.200000
vt 0.054545 0.181818
vt 0.054545 0.218182
vt 0.054545 0.236364
vt 0.054545 0.236364
vt 0.054545 0.218182
vt 0.054545 0.236364
vt 0.054545 0.218182
vt 0.054545 0.218182
vt 0.054545 0.236364
vt 0.054545 0.218182
vt 0.054545 0.236364
vt 0.054545 0.218182
vt 0.072727 0.236364
vt 0.072727 0.254545
vt 0.072727 0.254545
vt 0.072727 0.236364
vt 0.072727 0.254545
vt 0.072727 0.236364
vt 0.072727 0.236364
vt 0.072727 0.254545
vt 0.072727 0.254545
vt 0.072727 0.236364
vt 0.072727 0.254545
vt 0.072727 0.236364
vt 0.054545 0.254545
vt 0.054545 0.272727
vt 0.054545 0.272727
vt 0.054545 0.254545
vt 0.054545 0.272727
vt 0.054545 0.254545
vt 0.054545 0.272727
vt 0.054545 0.272727
vt 0.054545 0.254545
vt 0.054545 0.272727
vt 0.054545 0.254545
vt 0.054545 0.727273
vt 0.054545 0.745455
vt 0.054545 0.745455
vt 0.054545 0.727273
vt 0.054545 0.745455
vt 0.054545 0.727273
vt 0.054545 0.727273
vt 0.054545 0.745455
vt 0.054545 0.727273
vt 0.054545 0.745455
vt 0.054545 0.727273
vt 0.072727 0.745455
vt 0.072727 0.763636
vt 0.072727 0.763636
vt 0.072727 0.745455
vt 0.072727 0.763636
vt 0.072727 0.745455
vt 0.072727 0.745455
vt 0.072727 0.763636
vt 0.072727 0.763636
vt 0.072727 0.745455
vt 0.072727 0.763636
vt 0.072727 0.745455
vt 0.054545 0.763636
vt 0.054545 0.781818
vt 0.054545 0.781818
vt 0.054545 0.763636
vt 0.054545 0.781818
vt 0.054545 0.763636
vt 0.054545 0.781818
vt 0.054545 0.763636
vt 0.054545 0.781818
vt 0.054545 0.763636
vt 0.054545 0.800000
vt 0.054545 0.800000
vt 0.054545 0.800000
vt 0.054545 0.800000
vt 0.054545 0.800000
vt 0.054545 0.818182
vt 0.054545 0.818182
vt 0.054545 0.818182
vt 0.054545 0.818182
vt 0.054545 0.818182
vt 0.072727 0.818182
vt 0.072727 0.836364
vt 0.072727 0.836364
vt 0.072727 0.818182
vt 0.072727 0.818182
vt 0.072727 0.818182
vt 0.072727 0.836364
vt 0.072727 0.836364
vt 0.072727 0.818182
vt 0.072727 0.818182
vt 0.090909 0.836364
vt 0.090909 0.836364
vt 0.090909 0.836364
vt 0.090909 0.854545
vt 0.090909 0.836364
vt 0.090909 0.836364
vt 0.090909 0.836364
vt 0.090909 0.854545
vt 0.109091 0.854545
vt 0.109091 0.854545
vt 0.109091 0.854545
vt 0.109091 0.872727
vt 0.109091 0.854545
vt 0.109091 0.854545
vt 0.109091 0.854545
vt 0.109091 0.872727
vt 0.109091 0.890909
vt 0.109091 0.890909
vt 0.109091 0.909091
vt 0.109091 0.909091
vt 0.109091 0.927273
vt 0.109091 0.927273
vt 0.109091 0.945455
vt 0.109091 0.945455
vt 0.109091 0.963636
vt 0.109091 0.963636
vt 0.109091 0.963636
vt 0.109091 0.963636
vt 0.109091 0.963636
vt 0.109091 0.963636
vt 0.090909 0.981818
vt 0.090909 0.981818
vt 0.090909 0.981818
vt 0.090909 0.963636
vt 0.090909 0.981818
vt 0.090909 0.981818
vt 0.090909 0.981818
vt 0.090909 0.963636
vt 0.072727 0.981818
vt 0.072727 1.000000
vt 0.072727 1.000000
vt 0.072727 0.981818
vt 0.072727 1.000000
vt 0.072727 1.000000
vt 0.072727 1.000000
vt 0.072727 1.000000
vt 0.072727 0.981818
vt 0.072727 1.000000
vt 0.072727 0.981818
vt 0.163636 0.000000
vt 0.163636 0.000000
vt 0.163636 0.018182
vt 0.163636 0.000000
vt 0.163636 0.000000
vt 0.163636 0.000000
vt 0.163636 0.000000
vt 0.163636 0.000000
vt 0.163636 0.000000
vt 0.163636 0.000000
vt 0.163636 0.000000
vt 0.163636 0.000000
vt 0.163636 0.000000
vt 0.163636 0.000000
vt 0.163636 0.000000
vt 0.163636 0.000000
vt 0.163636 0.000000
vt 0.163636 0.000000
vt 0.163636 0.018182
vt 0.181818 0.018182
vt 0.181818 0.018182
vt 0.181818 0.018182
vt 0.181818 0.036364
vt 0.181818 0.018182
vt 0.181818 0.018182
vt 0.181818 0.018182
vt 0.181818 0.036364
vt 0.181818 0.054545
vt 0.181818 0.054545
vt 0.181818 0.054545
vt 0.181818 0.054545
vt 0.181818 0.054545
vt 0.181818 0.054545
vt 0.163636 0.072727
vt 0.163636 0.072727
vt 0.163636 0.054545
vt 0.163636 0.072727
vt 0.163636 0.072727
vt 0.163636 0.072727
vt 0.163636 0.072727
vt 0.163636 0.072727
vt 0.163636 0.072727
vt 0.163636 0.072727
vt 0.163636 0.072727
vt 0.163636 0.054545
vt 0.090909 0.072727
vt 0.090909 0.090909
vt 0.090909 0.090909
vt 0.090909 0.072727
vt 0.090909 0.090909
vt 0.090909 0.072727
vt 0.090909 0.072727
vt 0.090909 0.090909
vt 0.090909 0.090909
vt 0.090909 0.072727
vt 0.090909 0.090909
vt 0.090909 0.072727
vt 0.090909 0.109091
vt 0.090909 0.109091
vt 0.090909 0.109091
vt 0.090909 0.109091
vt 0.090909 0.109091
vt 0.090909 0.109091
vt 0.090909 0.109091
vt 0.090909 0.109091
vt 0.072727 0.109091
vt 0.072727 0.127273
vt 0.072727 0.127273
vt 0.072727 0.109091
vt 0.072727 0.127273
vt 0.072727 0.109091
vt 0.072727 0.127273
vt 0.072727 0.109091
vt 0.072727 0.127273
vt 0.072727 0.109091
vt 0.072727 0.163636
vt 0.072727 0.181818
vt 0.072727 0.181818
vt 0.072727 0.163636
vt 0.072727 0.181818
vt 0.072727 0.163636
vt 0.072727 0.181818
vt 0.072727 0.163636
vt 0.072727 0.181818
vt 0.072727 0.163636
vt 0.072727 0.181818
vt 0.072727 0.163636
vt 0.072727 0.181818
vt 0.072727 0.163636
vt 0.072727 0.181818
vt 0.072727 0.163636
vt 0.072727 0.236364
vt 0.072727 0.254545
vt 0.072727 0.254545
vt 0.072727 0.236364
vt 0.072727 0.254545
vt 0.072727 0.236364
vt 0.072727 0.254545
vt 0.072727 0.236364
vt 0.072727 0.254545
vt 0.072727 0.236364
vt 0.072727 0.254545
vt 0.072727 0.236364
vt 0.072727 0.254545
vt 0.072727 0.236364
vt 0.072727 0.254545
vt 0.072727 0.236364
vt 0.072727 0.745455
vt 0.072727 0.763636
vt 0.072727 0.763636
vt 0.072727 0.745455
vt 0.072727 0.763636
vt 0.072727 0.745455
vt 0.072727 0.763636
vt 0.072727 0.745455
vt 0.072727 0.763636
vt 0.072727 0.745455
vt 0.072727 0.763636
vt 0.072727 0.745455
vt 0.072727 0.763636
vt 0.072727 0.745455
vt 0.072727 0.763636
vt 0.072727 0.745455
vt 0.072727 0.818182
vt 0.072727 0.836364
vt 0.072727 0.836364
vt 0.072727 0.818182
vt 0.072727 0.818182
vt 0.072727 0.836364
vt 0.072727 0.818182
vt 0.072727 0.818182
vt 0.072727 0.836364
vt 0.072727 0.818182
vt 0.072727 0.818182
vt 0.072727 0.836364
vt 0.072727 0.818182
vt 0.090909 0.836364
vt 0.090909 0.854545
vt 0.090909 0.854545
vt 0.090909 0.836364
vt 0.090909 0.854545
vt 0.090909 0.836364
vt 0.090909 0.836364
vt 0.090909 0.836364
vt 0.090909 0.854545
vt 0.090909 0.854545
vt 0.090909 0.836364
vt 0.090909 0.836364
vt 0.090909 0.854545
vt 0.090909 0.836364
vt 0.109091 0.854545
vt 0.109091 0.872727
vt 0.109091 0.872727
vt 0.109091 0.854545
vt 0.109091 0.854545
vt 0.109091 0.872727
vt 0.109091 0.872727
vt 0.109091 0.854545
vt 0.109091 0.890909
vt 0.109091 0.890909
vt 0.109091 0.890909
vt 0.109091 0.890909
vt 0.109091 0.909091
vt 0.109091 0.909091
vt 0.109091 0.909091
vt 0.109091 0.909091
vt 0.109091 0.927273
vt 0.109091 0.927273
vt 0.109091 0.927273
vt 0.109091 0.927273
vt 0.109091 0.945455
vt 0.109091 0.945455
vt 0.109091 0.945455
vt 0.109091 0.945455
vt 0.109091 0.963636
vt 0.109091 0.963636
vt 0.109091 0.963636
vt 0.109091 0.963636
vt 0.090909 0.963636
vt 0.090909 0.981818
vt 0.090909 0.981818
vt 0.090909 0.963636
vt 0.090909 0.981818
vt 0.090909 0.963636
vt 0.090909 0.981818
vt 0.090909 0.963636
vt 0.090909 0.981818
vt 0.090909 0.981818
vt 0.090909 0.963636
vt 0.090909 0.981818
vt 0.090909 0.981818
vt 0.090909 0.963636
vt 0.072727 0.981818
vt 0.072727 1.000000
vt 0.072727 1.000000
vt 0.072727 0.981818
vt 0.072727 1.000000
vt 0.072727 0.981818
vt 0.072727 1.000000
vt 0.072727 0.981818
vt 0.072727 1.000000
vt 0.072727 0.981818
vt 0.163636 0.000000
vt 0.163636 0.018182
vt 0.163636 0.018182
vt 0.163636 0.000000
vt 0.163636 0.000000
vt 0.163636 0.000000
vt 0.163636 0.000000
vt 0.163636 0.000000
vt 0.163636 0.000000
vt 0.163636 0.000000
vt 0.163636 0.000000
vt 0.163636 0.000000
vt 0.163636 0.000000
vt 0.163636 0.000000
vt 0.163636 0.000000
vt 0.163636 0.000000
vt 0.163636 0.000000
vt 0.163636 0.000000
vt 0.163636 0.018182
vt 0.163636 0.018182
vt 0.163636 0.000000
vt 0.181818 0.018182
vt 0.181818 0.036364
vt 0.181818 0.036364
vt 0.181818 0.018182
vt 0.181818 0.018182
vt 0.181818 0.036364
vt 0.181818 0.036364
vt 0.181818 0.018182
vt 0.181818 0.054545
vt 0.181818 0.054545
vt 0.181818 0.054545
vt 0.181818 0.054545
vt 0.163636 0.054545
vt 0.163636 0.072727
vt 0.163636 0.072727
vt 0.163636 0.054545
vt 0.163636 0.072727
vt 0.163636 0.072727
vt 0.163636 0.072727
vt 0.163636 0.072727
vt 0.163636 0.072727
vt 0.163636 0.072727
vt 0.163636 0.072727
vt 0.163636 0.072727
vt 0.163636 0.072727
vt 0.163636 0.072727
vt 0.163636 0.072727
vt 0.163636 0.072727
vt 0.163636 0.072727
vt 0.163636 0.072727
vt 0.163636 0.072727
vt 0.163636 0.054545
vt 0.163636 0.072727
vt 0.163636 0.054545
vt 0.090909 0.072727
vt 0.090909 0.090909
vt 0.090909 0.090909
vt 0.090909 0.072727
vt 0.090909 0.090909
vt 0.090909 0.072727
vt 0.090909 0.090909
vt 0.090909 0.072727
vt 0.090909 0.090909
vt 0.090909 0.072727
vt 0.090909 0.109091
vt 0.090909 0.109091
vt 0.090909 0.109091
vt 0.090909 0.109091
vt 0.090909 0.109091
vt 0.090909 0.109091
vt 0.090909 0.109091
vt 0.090909 0.109091
vt 0.090909 0.836364
vt 0.090909 0.854545
vt 0.090909 0.854545
vt 0.090909 0.836364
vt 0.090909 0.836364
vt 0.090909 0.854545
vt 0.090909 0.836364
vt 0.090909 0.836364
vt 0.090909 0.854545
vt 0.090909 0.836364
vt 0.090909 0.836364
vt 0.090909 0.854545
vt 0.090909 0.836364
vt 0.109091 0.854545
vt 0.109091 0.872727
vt 0.109091 0.872727
vt 0.109091 0.854545
vt 0.109091 0.854545
vt 0.109091 0.872727
vt 0.109091 0.854545
vt 0.109091 0.854545
vt 0.109091 0.854545
vt 0.109091 0.872727
vt 0.109091 0.872727
vt 0.109091 0.854545
vt 0.109091 0.854545
vt 0.109091 0.854545
vt 0.109091 0.872727
vt 0.109091 0.854545
vt 0.109091 0.890909
vt 0.109091 0.890909
vt 0.109091 0.890909
vt 0.109091 0.890909
vt 0.109091 0.890909
vt 0.109091 0.890909
vt 0.109091 0.909091
vt 0.109091 0.909091
vt 0.109091 0.909091
vt 0.109091 0.909091
vt 0.109091 0.909091
vt 0.109091 0.909091
vt 0.109091 0.927273
vt 0.109091 0.927273
vt 0.109091 0.927273
vt 0.109091 0.927273
vt 0.109091 0.927273
vt 0.109091 0.927273
vt 0.109091 0.945455
vt 0.109091 0.945455
vt 0.109091 0.945455
vt 0.109091 0.945455
vt 0.109091 0.945455
vt 0.109091 0.945455
vt 0.109091 0.963636
vt 0.109091 0.963636
vt 0.109091 0.963636
vt 0.109091 0.963636
vt 0.109091 0.963636
vt 0.109091 0.963636
vt 0.109091 0.963636
vt 0.109091 0.963636
vt 0.109091 0.963636
vt 0.109091 0.963636
vt 0.090909 0.963636
vt 0.090909 0.981818
vt 0.090909 0.981818
vt 0.090909 0.963636
vt 0.090909 0.981818
vt 0.090909 0.981818
vt 0.090909 0.963636
vt 0.090909 0.981818
vt 0.090909 0.981818
vt 0.090909 0.963636
vt 0.090909 0.981818
vt 0.090909 0.981818
vt 0.090909 0.963636
vt 0.163636 0.000000
vt 0.163636 0.018182
vt 0.163636 0.018182
vt 0.163636 0.000000
vt 0.163636 0.000000
vt 0.163636 0.000000
vt 0.163636 0.000000
vt 0.163636 0.000000
vt 0.163636 0.000000
vt 0.163636 0.000000
vt 0.163636 0.000000
vt 0.163636 0.000000
vt 0.163636 0.000000
vt 0.163636 0.000000
vt 0.163636 0.000000
vt 0.163636 0.000000
vt 0.163636 0.018182
vt 0.163636 0.018182
vt 0.163636 0.000000
vt 0.181818 0.018182
vt 0.181818 0.018182
vt 0.181818 0.018182
vt 0.181818 0.036364
vt 0.181818 0.018182
vt 0.181818 0.018182
vt 0.181818 0.018182
vt 0.181818 0.036364
vt 0.181818 0.054545
vt 0.181818 0.054545
vt 0.181818 0.054545
vt 0.181818 0.054545
vt 0.181818 0.054545
vt 0.181818 0.054545
vt 0.163636 0.054545
vt 0.163636 0.072727
vt 0.163636 0.072727
vt 0.163636 0.054545
vt 0.163636 0.072727
vt 0.163636 0.072727
vt 0.163636 0.072727
vt 0.163636 0.072727
vt 0.163636 0.072727
vt 0.163636 0.072727
vt 0.163636 0.072727
vt 0.163636 0.072727
vt 0.163636 0.072727
vt 0.163636 0.072727
vt 0.163636 0.072727
vt 0.163636 0.072727
vt 0.163636 0.072727
vt 0.163636 0.072727
vt 0.163636 0.072727
vt 0.163636 0.054545
vt 0.163636 0.072727
vt 0.163636 0.054545
vt 0.109091 0.854545
vt 0.109091 0.872727
vt 0.109091 0.872727
vt 0.109091 0.854545
vt 0.109091 0.854545
vt 0.109091 0.872727
vt 0.109091 0.854545
vt 0.109091 0.854545
vt 0.109091 0.872727
vt 0.109091 0.854545
vt 0.109091 0.854545
vt 0.109091 0.872727
vt 0.109091 0.854545
vt 0.109091 0.890909
vt 0.109091 0.890909
vt 0.109091 0.890909
vt 0.109091 0.890909
vt 0.109091 0.890909
vt 0.109091 0.909091
vt 0.109091 0.909091
vt 0.109091 0.909091
vt 0.109091 0.909091
vt 0.109091 0.909091
vt 0.109091 0.927273
vt 0.109091 0.927273
vt 0.109091 0.927273
vt 0.109091 0.927273
vt 0.109091 0.927273
vt 0.109091 0.945455
vt 0.109091 0.945455
vt 0.109091 0.945455
vt 0.109091 0.945455
vt 0.109091 0.945455
vt 0.109091 0.963636
vt 0.109091 0.963636
vt 0.109091 0.963636
vt 0.109091 0.963636
vt 0.109091 0.963636
vt 0.109091 0.963636
vt 0.109091 0.963636
vt 0.109091 0.963636
vt 0.163636 0.000000
vt 0.163636 0.018182
vt 0.163636 0.018182
vt 0.163636 0.000000
vt 0.163636 0.000000
vt 0.163636 0.000000
vt 0.163636 0.000000
vt 0.163636 0.000000
vt 0.163636 0.000000
vt 0.163636 0.000000
vt 0.163636 0.000000
vt 0.163636 0.000000
vt 0.163636 0.000000
vt 0.163636 0.000000
vt 0.163636 0.018182
vt 0.163636 0.018182
vt 0.163636 0.000000
vt 0.181818 0.018182
vt 0.181818 0.036364
vt 0.181818 0.036364
vt 0.181818 0.018182
vt 0.181818 0.018182
vt 0.181818 0.018182
vt 0.181818 0.018182
vt 0.181818 0.018182
vt 0.181818 0.018182
vt 0.181818 0.036364
vt 0.181818 0.036364
vt 0.181818 0.018182
vt 0.181818 0.054545
vt 0.181818 0.054545
vt 0.181818 0.054545
vt 0.181818 0.054545
vt 0.181818 0.054545
vt 0.181818 0.054545
vt 0.181818 0.054545
vt 0.181818 0.054545
vt 0.163636 0.054545
vt 0.163636 0.072727
vt 0.163636 0.072727
vt 0.163636 0.054545
vt 0.163636 0.072727
vt 0.163636 0.072727
vt 0.163636 0.072727
vt 0.163636 0.072727
vt 0.163636 0.072727
vt 0.163636 0.072727
vt 0.163636 0.072727
vt 0.163636 0.072727
vt 0.163636 0.072727
vt 0.163636 0.072727
vt 0.163636 0.054545
vt 0.163636 0.072727
vt 0.163636 0.054545
vt 0.163636 0.000000
vt 0.163636 0.018182
vt 0.163636 0.018182
vt 0.163636 0.000000
vt 0.163636 0.018182
vt 0.163636 0.000000
vt 0.163636 0.000000
vt 0.163636 0.000000
vt 0.163636 0.000000
vt 0.163636 0.000000
vt 0.163636 0.000000
vt 0.163636 0.000000
vt 0.163636 0.018182
vt 0.163636 0.018182
vt 0.163636 0.000000
vt 0.163636 0.018182
vt 0.163636 0.000000
vt 0.181818 0.018182
vt 0.181818 0.036364
vt 0.181818 0.036364
vt 0.181818 0.018182
vt 0.181818 0.036364
vt 0.181818 0.018182
vt 0.181818 0.018182
vt 0.181818 0.018182
vt 0.181818 0.036364
vt 0.181818 0.036364
vt 0.181818 0.018182
vt 0.181818 0.018182
vt 0.181818 0.036364
vt 0.181818 0.018182
vt 0.181818 0.054545
vt 0.181818 0.054545
vt 0.181818 0.054545
vt 0.181818 0.054545
vt 0.181818 0.054545
vt 0.181818 0.054545
vt 0.181818 0.054545
vt 0.181818 0.054545
vt 0.163636 0.054545
vt 0.163636 0.072727
vt 0.163636 0.072727
vt 0.163636 0.054545
vt 0.163636 0.072727
vt 0.163636 0.054545
vt 0.163636 0.072727
vt 0.163636 0.072727
vt 0.163636 0.072727
vt 0.163636 0.072727
vt 0.163636 0.072727
vt 0.163636 0.072727
vt 0.163636 0.054545
vt 0.163636 0.072727
vt 0.163636 0.054545
vt 0.163636 0.072727
vt 0.163636 0.054545
vt 0.163636 0.000000
vt 0.163636 0.018182
vt 0.163636 0.018182
vt 0.163636 0.000000
vt 0.163636 0.018182
vt 0.163636 0.000000
vt 0.163636 0.018182
vt 0.163636 0.000000
vt 0.163636 0.018182
vt 0.163636 0.000000
vt 0.163636 0.018182
vt 0.163636 0.000000
vt 0.163636 0.018182
vt 0.163636 0.000000
vt 0.181818 0.018182
vt 0.181818 0.036364
vt 0.181818 0.036364
vt 0.181818 0.018182
vt 0.181818 0.018182
vt 0.181818 0.036364
vt 0.181818 0.018182
vt 0.181818 0.018182
vt 0.181818 0.018182
vt 0.181818 0.036364
vt 0.181818 0.036364
vt 0.181818 0.018182
vt 0.181818 0.018182
vt 0.181818 0.018182
vt 0.181818 0.036364
vt 0.181818 0.018182
vt 0.181818 0.054545
vt 0.181818 0.054545
vt 0.181818 0.054545
vt 0.181818 0.054545
vt 0.181818 0.054545
vt 0.181818 0.054545
vt 0.181818 0.054545
vt 0.181818 0.054545
vt 0.181818 0.054545
vt 0.181818 0.054545
vt 0.163636 0.054545
vt 0.163636 0.072727
vt 0.163636 0.072727
vt 0.163636 0.054545
vt 0.163636 0.072727
vt 0.163636 0.054545
vt 0.163636 0.072727
vt 0.163636 0.054545
vt 0.163636 0.072727
vt 0.163636 0.054545
vt 0.163636 0.072727
vt 0.163636 0.054545
vt 0.163636 0.072727
vt 0.163636 0.054545
vt 0.181818 0.018182
vt 0.181818 0.036364
vt 0.181818 0.036364
vt 0.181818 0.018182
vt 0.181818 0.018182
vt 0.181818 0.036364
vt 0.181818 0.018182
vt 0.181818 0.018182
vt 0.181818 0.036364
vt 0.181818 0.018182
vt 0.181818 0.018182
vt 0.181818 0.036364
vt 0.181818 0.018182
vt 0.181818 0.018182
vt 0.181818 0.036364
vt 0.181818 0.018182
vt 0.181818 0.018182
vt 0.181818 0.036364
vt 0.181818 0.018182
vt 0.181818 0.054545
vt 0.181818 0.054545
vt 0.181818 0.054545
vt 0.181818 0.054545
vt 0.181818 0.054545
vt 0.181818 0.054545
vt 0.181818 0.054545
vt 0.181818 0.054545
vt 0.181818 0.054545
vt 0.181818 0.054545
vt 0.181818 0.054545
vt 0.181818 0.054545
usemtl torchpart
f 1/1 2/2 3/3
f 1/1 3/3 4/4
f 1/1 5/5 6/6
f 1/1 6/6 2/2
f 1/1 4/4 7/7
f 1/1 7/7 5/5
f 2/2 8/8 9/9
f 2/2 9/9 3/3
f 2/2 6/6 10/10
f 2/2 10/10 8/8
f 8/8 11/11 12/12
f 8/8 12/12 9/9
f 8/8 10/10 13/13
f 8/8 13/13 11/11
f 11/11 14/14 15/15
f 11/11 15/15 12/12
f 11/11 13/13 16/16
f 11/11 16/16 14/14
f 14/14 17/17 18/18
f 14/14 18/18 15/15
f 14/14 16/16 19/19
f 14/14 19/19 17/17
f 17/17 20/20 21/21
f 17/17 21/21 18/18
f 17/17 19/19 22/22
f 17/17 22/22 20/20
f 20/20 22/22 23/23
f 20/20 23/23 21/21
f 4/4 3/3 24/24
f 4/4 24/24 25/25
f 25/25 24/24 26/26
f 25/25 26/26 27/27
f 4/4 25/25 27/27
f 4/4 27/27 7/7
f 3/3 9/9 28/28
f 3/3 28/28 24/24
f 24/24 28/28 29/29
f 24/24 29/29 26/26
f 9/9 12/12 30/30
f 9/9 30/30 28/28
f 28/28 30/30 31/31
f 28/28 31/31 29/29
f 12/12 15/15 32/32
f 12/12 32/32 30/30
f 30/30 32/32 33/33
f 30/30 33/33 31/31
f 15/15 18/18 34/34
f 15/15 34/34 32/32
f 32/32 34/34 35/35
f 32/32 35/35 33/33
f 18/18 21/21 36/36
f 18/18 36/36 34/34
f 34/34 36/36 37/37
f 34/34 37/37 35/35
f 21/21 23/23 37/37
f 21/21 37/37 36/36
f 38/38 39/39 40/40
f 38/38 40/40 41/41
f 38/38 42/42 43/43
f 38/38 43/43 39/39
f 38/38 41/41 44/44
f 38/38 44/44 42/42
f 39/39 45/45 46/46
f 39/39 46/46 40/40
f 39/39 43/43 47/47
f 39/39 47/47 45/45
f 45/45 48/48 49/49
f 45/45 49/49 46/46
f 45/45 47/47 50/50
f 45/45 50/50 48/48
f 48/48 51/51 52/52
f 48/48 52/52 49/49
f 48/48 50/50 53/53
f 48/48 53/53 51/51
f 51/51 54/54 55/55
f 51/51 55/55 52/52
f 51/51 53/53 56/56
f 51/51 56/56 54/54
f 54/54 57/57 58/58
f 54/54 58/58 55/55
f 54/54 56/56 59/59
f 54/54 59/59 57/57
f 57/57 59/59 60/60
f 57/57 60/60 58/58
f 61/61 62/62 63/63
f 61/61 63/63 64/64
f 61/61 65/65 66/66
f 61/61 66/66 62/62
f 61/61 64/64 67/67
f 61/61 67/67 65/65
f 62/62 5/5 7/7
f 62/62 7/7 63/63
f 62/62 66/66 68/68
f 62/62 68/68 5/5
f 22/22 69/69 70/70
f 22/22 70/70 23/23
f 22/22 71/71 72/72
f 22/22 72/72 69/69
f 69/69 73/73 74/74
f 69/69 74/74 70/70
f 69/69 72/72 75/75
f 69/69 75/75 73/73
f 73/73 75/75 76/76
f 73/73 76/76 74/74
f 64/64 63/63 77/77
f 64/64 77/77 78/78
f 78/78 77/77 79/79
f 78/78 79/79 80/80
f 64/64 78/78 80/80
f 64/64 80/80 67/67
f 63/63 7/7 27/27
f 63/63 27/27 77/77
f 77/77 27/27 81/81
f 77/77 81/81 79/79
f 23/23 70/70 82/82
f 23/23 82/82 37/37
f 37/37 82/82 83/83
f 37/37 83/83 84/84
f 70/70 74/74 85/85
f 70/70 85/85 82/82
f 82/82 85/85 86/86
f 82/82 86/86 83/83
f 74/74 76/76 86/86
f 74/74 86/86 85/85
f 87/87 88/88 89/89
f 87/87 89/89 90/90
f 90/90 89/89 91/91
f 90/90 91/91 92/92
f 87/87 90/90 92/92
f 87/87 92/92 93/93
f 88/88 94/94 95/95
f 88/88 95/95 89/89
f 89/89 95/95 96/96
f 89/89 96/96 91/91
f 94/94 97/97 98/98
f 94/94 98/98 95/95
f 95/95 98/98 99/99
f 95/95 99/99 96/96
f 97/97 100/100 101/101
f 97/97 101/101 98/98
f 98/98 101/101 102/102
f 98/98 102/102 99/99
f 100/100 103/103 104/104
f 100/100 104/104 101/101
f 101/101 104/104 105/105
f 101/101 105/105 102/102
f 103/103 106/106 107/107
f 103/103 107/107 104/104
f 104/104 107/107 108/108
f 104/104 108/108 105/105
f 106/106 109/109 108/108
f 106/106 108/108 107/107
f 110/110 111/111 112/112
f 110/110 112/112 113/113
f 110/110 114/114 115/115
f 110/110 115/115 111/111
f 110/110 113/113 116/116
f 110/110 116/116 114/114
f 111/111 42/42 44/44
f 111/111 44/44 112/112
f 111/111 115/115 117/117
f 111/111 117/117 42/42
f 42/42 117/117 118/118
f 42/42 118/118 43/43
f 43/43 118/118 119/119
f 43/43 119/119 47/47
f 47/47 119/119 120/120
f 47/47 120/120 50/50
f 50/50 120/120 121/121
f 50/50 121/121 53/53
f 53/53 121/121 122/122
f 53/53 122/122 56/56
f 56/56 122/122 123/123
f 56/56 123/123 59/59
f 59/59 124/124 125/125
f 59/59 125/125 60/60
f 59/59 123/123 126/126
f 59/59 126/126 124/124
f 124/124 127/127 128/128
f 124/124 128/128 125/125
f 124/124 126/126 129/129
f 124/124 129/129 127/127
f 127/127 129/129 130/130
f 127/127 130/130 128/128
f 131/131 132/132 133/133
f 131/131 133/133 134/134
f 131/131 135/135 136/136
f 131/131 136/136 132/132
f 131/131 134/134 137/137
f 131/131 137/137 135/135
f 132/132 65/65 67/67
f 132/132 67/67 133/133
f 132/132 136/136 138/138
f 132/132 138/138 65/65
f 75/75 139/139 140/140
f 75/75 140/140 76/76
f 75/75 141/141 142/142
f 75/75 142/142 139/139
f 139/139 143/143 144/144
f 139/139 144/144 140/140
f 139/139 142/142 145/145
f 139/139 145/145 143/143
f 143/143 145/145 146/146
f 143/143 146/146 144/144
f 134/134 133/133 147/147
f 134/134 147/147 148/148
f 148/148 147/147 149/149
f 148/148 149/149 150/150
f 134/134 148/148 150/150
f 134/134 150/150 137/137
f 133/133 67/67 80/80
f 133/133 80/80 147/147
f 147/147 80/80 151/151
f 147/147 151/151 149/149
f 76/76 140/140 152/152
f 76/76 152/152 86/86
f 86/86 152/152 153/153
f 86/86 153/153 154/154
f 140/140 144/144 155/155
f 140/140 155/155 152/152
f 152/152 155/155 156/156
f 152/152 156/156 153/153
f 144/144 146/146 156/156
f 144/144 156/156 155/155
f 157/157 158/158 159/159
f 157/157 159/159 160/160
f 160/160 159/159 161/161
f 160/160 161/161 162/162
f 157/157 160/160 162/162
f 157/157 162/162 163/163
f 158/158 93/93 92/92
f 158/158 92/92 159/159
f 159/159 92/92 164/164
f 159/159 164/164 161/161
f 92/92 91/91 165/165
f 92/92 165/165 164/164
f 91/91 96/96 166/166
f 91/91 166/166 165/165
f 96/96 99/99 167/167
f 96/96 167/167 166/166
f 99/99 102/102 168/168
f 99/99 168/168 167/167
f 102/102 105/105 169/169
f 102/102 169/169 168/168
f 105/105 108/108 170/170
f 105/105 170/170 169/169
f 109/109 171/171 172/172
f 109/109 172/172 108/108
f 108/108 172/172 173/173
f 108/108 173/173 170/170
f 171/171 174/174 175/175
f 171/171 175/175 172/172
f 172/172 175/175 176/176
f 172/172 176/176 173/173
f 174/174 177/177 176/176
f 174/174 176/176 175/175
f 178/178 114/114 116/116
f 178/178 116/116 179/179
f 178/178 180/180 181/181
f 178/178 181/181 114/114
f 178/178 179/179 182/182
f 178/178 182/182 180/180
f 114/114 181/181 183/183
f 114/114 183/183 115/115
f 115/115 183/183 184/184
f 115/115 184/184 117/117
f 117/117 184/184 185/185
f 117/117 185/185 118/118
f 118/118 185/185 186/186
f 118/118 186/186 119/119
f 119/119 186/186 187/187
f 119/119 187/187 120/120
f 120/120 187/187 188/188
f 120/120 188/188 121/121
f 121/121 188/188 189/189
f 121/121 189/189 122/122
f 122/122 189/189 190/190
f 122/122 190/190 123/123
f 123/123 190/190 191/191
f 123/123 191/191 126/126
f 126/126 191/191 192/192
f 126/126 192/192 129/129
f 129/129 193/193 194/194
f 129/129 194/194 130/130
f 129/129 192/192 195/195
f 129/129 195/195 193/193
f 193/193 195/195 196/196
f 193/193 196/196 194/194
f 197/197 135/135 137/137
f 197/197 137/137 198/198
f 197/197 199/199 200/200
f 197/197 200/200 135/135
f 197/197 198/198 201/201
f 197/197 201/201 199/199
f 135/135 200/200 202/202
f 135/135 202/202 136/136
f 142/142 203/203 204/204
f 142/142 204/204 145/145
f 145/145 205/205 206/206
f 145/145 206/206 146/146
f 145/145 204/204 207/207
f 145/145 207/207 205/205
f 205/205 207/207 208/208
f 205/205 208/208 206/206
f 198/198 137/137 150/150
f 198/198 150/150 209/209
f 209/209 150/150 210/210
f 209/209 210/210 211/211
f 198/198 209/209 211/211
f 198/198 211/211 201/201
f 150/150 149/149 212/212
f 150/150 212/212 210/210
f 153/153 156/156 213/213
f 153/153 213/213 214/214
f 146/146 206/206 215/215
f 146/146 215/215 156/156
f 156/156 215/215 216/216
f 156/156 216/216 213/213
f 206/206 208/208 216/216
f 206/206 216/216 215/215
f 217/217 163/163 162/162
f 217/217 162/162 218/218
f 218/218 162/162 219/219
f 218/218 219/219 220/220
f 217/217 218/218 220/220
f 217/217 220/220 221/221
f 162/162 161/161 222/222
f 162/162 222/222 219/219
f 161/161 164/164 223/223
f 161/161 223/223 222/222
f 164/164 165/165 224/224
f 164/164 224/224 223/223
f 165/165 166/166 225/225
f 165/165 225/225 224/224
f 166/166 167/167 226/226
f 166/166 226/226 225/225
f 167/167 168/168 227/227
f 167/167 227/227 226/226
f 168/168 169/169 228/228
f 168/168 228/228 227/227
f 169/169 170/170 229/229
f 169/169 229/229 228/228
f 170/170 173/173 230/230
f 170/170 230/230 229/229
f 173/173 176/176 231/231
f 173/173 231/231 230/230
f 177/177 232/232 233/233
f 177/177 233/233 176/176
f 176/176 233/233 234/234
f 176/176 234/234 231/231
f 232/232 235/235 234/234
f 232/232 234/234 233/233
f 236/236 180/180 182/182
f 236/236 182/182 237/237
f 236/236 238/238 239/239
f 236/236 239/239 180/180
f 236/236 237/237 240/240
f 236/236 240/240 238/238
f 180/180 239/239 241/241
f 180/180 241/241 181/181
f 181/181 241/241 242/242
f 181/181 242/242 183/183
f 183/183 242/242 243/243
f 183/183 243/243 184/184
f 184/184 243/243 244/244
f 184/184 244/244 185/185
f 185/185 244/244 245/245
f 185/185 245/245 186/186
f 186/186 245/245 246/246
f 186/186 246/246 187/187
f 187/187 246/246 247/247
f 187/187 247/247 188/188
f 188/188 247/247 248/248
f 188/188 248/248 189/189
f 189/189 248/248 249/249
f 189/189 249/249 190/190
f 190/190 249/249 250/250
f 190/190 250/250 191/191
f 191/191 250/250 251/251
f 191/191 251/251 192/192
f 192/192 251/251 252/252
f 192/192 252/252 195/195
f 195/195 253/253 254/254
f 195/195 254/254 196/196
f 195/195 252/252 255/255
f 195/195 255/255 253/253
f 253/253 255/255 256/256
f 253/253 256/256 254/254
f 199/199 257/257 258/258
f 199/199 258/258 200/200
f 199/199 201/201 259/259
f 199/199 259/259 257/257
f 204/204 260/260 261/261
f 204/204 261/261 207/207
f 207/207 261/261 262/262
f 207/207 262/262 208/208
f 211/211 210/210 263/263
f 211/211 263/263 264/264
f 201/201 211/211 264/264
f 201/201 264/264 259/259
f 213/213 216/216 265/265
f 213/213 265/265 266/266
f 208/208 262/262 265/265
f 208/208 265/265 216/216
f 267/267 221/221 220/220
f 267/267 220/220 268/268
f 268/268 220/220 269/269
f 268/268 269/269 270/270
f 267/267 268/268 270/270
f 267/267 270/270 271/271
f 220/220 219/219 272/272
f 220/220 272/272 269/269
f 219/219 222/222 273/273
f 219/219 273/273 272/272
f 222/222 223/223 274/274
f 222/222 274/274 273/273
f 223/223 224/224 275/275
f 223/223 275/275 274/274
f 224/224 225/225 276/276
f 224/224 276/276 275/275
f 225/225 226/226 277/277
f 225/225 277/277 276/276
f 226/226 227/227 278/278
f 226/226 278/278 277/277
f 227/227 228/228 279/279
f 227/227 279/279 278/278
f 228/228 229/229 280/280
f 228/228 280/280 279/279
f 229/229 230/230 281/281
f 229/229 281/281 280/280
f 230/230 231/231 282/282
f 230/230 282/282 281/281
f 231/231 234/234 283/283
f 231/231 283/283 282/282
f 235/235 284/284 285/285
f 235/235 285/285 234/234
f 234/234 285/285 286/286
f 234/234 286/286 283/283
f 284/284 287/287 286/286
f 284/284 286/286 285/285
f 288/288 289/289 290/290
f 288/288 290/290 291/291
f 288/288 292/292 293/293
f 288/288 293/293 289/289
f 288/288 291/291 294/294
f 288/288 294/294 292/292
f 289/289 295/295 296/296
f 289/289 296/296 290/290
f 289/289 293/293 297/297
f 289/289 297/297 295/295
f 295/295 298/298 299/299
f 295/295 299/299 296/296
f 295/295 297/297 300/300
f 295/295 300/300 298/298
f 298/298 301/301 302/302
f 298/298 302/302 299/299
f 298/298 300/300 303/303
f 298/298 303/303 301/301
f 301/301 303/303 304/304
f 301/301 304/304 302/302
f 291/291 290/290 305/305
f 291/291 305/305 306/306
f 291/291 306/306 307/307
f 291/291 307/307 294/294
f 290/290 296/296 308/308
f 290/290 308/308 305/305
f 296/296 299/299 309/309
f 296/296 309/309 308/308
f 299/299 302/302 310/310
f 299/299 310/310 309/309
f 302/302 304/304 311/311
f 302/302 311/311 310/310
f 306/306 305/305 312/312
f 306/306 312/312 313/313
f 306/306 313/313 314/314
f 306/306 314/314 307/307
f 305/305 308/308 315/315
f 305/305 315/315 312/312
f 308/308 309/309 316/316
f 308/308 316/316 315/315
f 309/309 310/310 317/317
f 309/309 317/317 316/316
f 310/310 311/311 318/318
f 310/310 318/318 317/317
f 313/313 312/312 319/319
f 313/313 319/319 320/320
f 313/313 320/320 321/321
f 313/313 321/321 314/314
f 312/312 315/315 322/322
f 312/312 322/322 319/319
f 315/315 316/316 323/323
f 315/315 323/323 322/322
f 316/316 317/317 324/324
f 316/316 324/324 323/323
f 317/317 318/318 325/325
f 317/317 325/325 324/324
f 320/320 319/319 326/326
f 320/320 326/326 327/327
f 320/320 327/327 328/328
f 320/320 328/328 321/321
f 319/319 322/322 329/329
f 319/319 329/329 326/326
f 322/322 323/323 330/330
f 322/322 330/330 329/329
f 323/323 324/324 331/331
f 323/323 331/331 330/330
f 324/324 325/325 332/332
f 324/324 332/332 331/331
f 327/327 326/326 333/333
f 327/327 333/333 334/334
f 334/334 333/333 335/335
f 334/334 335/335 336/336
f 327/327 334/334 336/336
f 327/327 336/336 328/328
f 326/326 329/329 337/337
f 326/326 337/337 333/333
f 333/333 337/337 338/338
f 333/333 338/338 335/335
f 329/329 330/330 339/339
f 329/329 339/339 337/337
f 337/337 339/339 340/340
f 337/337 340/340 338/338
f 330/330 331/331 341/341
f 330/330 341/341 339/339
f 339/339 341/341 342/342
f 339/339 342/342 340/340
f 331/331 332/332 342/342
f 331/331 342/342 341/341
f 343/343 238/238 240/240
f 343/343 240/240 344/344
f 343/343 345/345 346/346
f 343/343 346/346 238/238
f 343/343 344/344 347/347
f 343/343 347/347 345/345
f 238/238 346/346 348/348
f 238/238 348/348 239/239
f 239/239 348/348 349/349
f 239/239 349/349 241/241
f 241/241 349/349 350/350
f 241/241 350/350 242/242
f 242/242 350/350 351/351
f 242/242 351/351 243/243
f 243/243 351/351 352/352
f 243/243 352/352 244/244
f 244/244 352/352 353/353
f 244/244 353/353 245/245
f 245/245 353/353 354/354
f 245/245 354/354 246/246
f 246/246 354/354 355/355
f 246/246 355/355 247/247
f 247/247 355/355 356/356
f 247/247 356/356 248/248
f 248/248 356/356 357/357
f 248/248 357/357 249/249
f 249/249 357/357 358/358
f 249/249 358/358 250/250
f 250/250 358/358 359/359
f 250/250 359/359 251/251
f 251/251 359/359 360/360
f 251/251 360/360 252/252
f 252/252 360/360 361/361
f 252/252 361/361 255/255
f 255/255 362/362 363/363
f 255/255 363/363 256/256
f 255/255 361/361 364/364
f 255/255 364/364 362/362
f 362/362 364/364 365/365
f 362/362 365/365 363/363
f 366/366 257/257 259/259
f 366/366 259/259 367/367
f 366/366 368/368 369/369
f 366/366 369/369 257/257
f 366/366 367/367 370/370
f 366/366 370/370 368/368
f 261/261 371/371 372/372
f 261/261 372/372 262/262
f 261/261 373/373 374/374
f 261/261 374/374 371/371
f 371/371 374/374 375/375
f 371/371 375/375 372/372
f 367/367 259/259 264/264
f 367/367 264/264 376/376
f 376/376 264/264 377/377
f 376/376 377/377 378/378
f 367/367 376/376 378/378
f 367/367 378/378 370/370
f 262/262 372/372 379/379
f 262/262 379/379 265/265
f 265/265 379/379 380/380
f 265/265 380/380 381/381
f 372/372 375/375 380/380
f 372/372 380/380 379/379
f 382/382 271/271 270/270
f 382/382 270/270 383/383
f 383/383 270/270 384/384
f 383/383 384/384 385/385
f 382/382 383/383 385/385
f 382/382 385/385 386/386
f 270/270 269/269 387/387
f 270/270 387/387 384/384
f 269/269 272/272 388/388
f 269/269 388/388 387/387
f 272/272 273/273 389/389
f 272/272 389/389 388/388
f 273/273 274/274 390/390
f 273/273 390/390 389/389
f 274/274 275/275 391/391
f 274/274 391/391 390/390
f 279/279 280/280 392/392
f 279/279 392/392 393/393
f 280/280 281/281 394/394
f 280/280 394/394 392/392
f 281/281 282/282 395/395
f 281/281 395/395 394/394
f 282/282 283/283 396/396
f 282/282 396/396 395/395
f 283/283 286/286 397/397
f 283/283 397/397 396/396
f 287/287 398/398 399/399
f 287/287 399/399 286/286
f 286/286 399/399 400/400
f 286/286 400/400 397/397
f 398/398 401/401 400/400
f 398/398 400/400 399/399
f 402/402 403/403 404/404
f 402/402 404/404 405/405
f 402/402 405/405 406/406
f 402/402 406/406 407/407
f 403/403 408/408 409/409
f 403/403 409/409 404/404
f 408/408 410/410 411/411
f 408/408 411/411 409/409
f 410/410 412/412 413/413
f 410/410 413/413 411/411
f 412/412 414/414 415/415
f 412/412 415/415 413/413
f 405/405 404/404 416/416
f 405/405 416/416 417/417
f 417/417 416/416 418/418
f 417/417 418/418 419/419
f 405/405 417/417 419/419
f 405/405 419/419 406/406
f 404/404 409/409 420/420
f 404/404 420/420 416/416
f 416/416 420/420 421/421
f 416/416 421/421 418/418
f 409/409 411/411 422/422
f 409/409 422/422 420/420
f 420/420 422/422 423/423
f 420/420 423/423 421/421
f 411/411 413/413 424/424
f 411/411 424/424 422/422
f 422/422 424/424 425/425
f 422/422 425/425 423/423
f 413/413 415/415 425/425
f 413/413 425/425 424/424
f 426/426 427/427 428/428
f 426/426 428/428 429/429
f 426/426 430/430 431/431
f 426/426 431/431 427/427
f 426/426 429/429 432/432
f 426/426 432/432 430/430
f 427/427 433/433 434/434
f 427/427 434/434 428/428
f 427/427 431/431 435/435
f 427/427 435/435 433/433
f 433/433 436/436 437/437
f 433/433 437/437 434/434
f 433/433 435/435 438/438
f 433/433 438/438 436/436
f 436/436 439/439 440/440
f 436/436 440/440 437/437
f 436/436 438/438 441/441
f 436/436 441/441 439/439
f 439/439 441/441 442/442
f 439/439 442/442 440/440
f 443/443 444/444 445/445
f 443/443 445/445 446/446
f 443/443 447/447 448/448
f 443/443 448/448 444/444
f 443/443 446/446 449/449
f 443/443 449/449 447/447
f 444/444 292/292 294/294
f 444/444 294/294 445/445
f 444/444 448/448 450/450
f 444/444 450/450 292/292
f 303/303 451/451 452/452
f 303/303 452/452 304/304
f 303/303 453/453 454/454
f 303/303 454/454 451/451
f 451/451 455/455 456/456
f 451/451 456/456 452/452
f 451/451 454/454 457/457
f 451/451 457/457 455/455
f 455/455 457/457 458/458
f 455/455 458/458 456/456
f 446/446 445/445 459/459
f 446/446 459/459 460/460
f 446/446 460/460 461/461
f 446/446 461/461 449/449
f 445/445 294/294 307/307
f 445/445 307/307 459/459
f 304/304 452/452 462/462
f 304/304 462/462 311/311
f 452/452 456/456 463/463
f 452/452 463/463 462/462
f 456/456 458/458 464/464
f 456/456 464/464 463/463
f 460/460 459/459 465/465
f 460/460 465/465 466/466
f 460/460 466/466 467/467
f 460/460 467/467 461/461
f 459/459 307/307 314/314
f 459/459 314/314 465/465
f 311/311 462/462 468/468
f 311/311 468/468 318/318
f 462/462 463/463 469/469
f 462/462 469/469 468/468
f 463/463 464/464 470/470
f 463/463 470/470 469/469
f 466/466 465/465 471/471
f 466/466 471/471 472/472
f 466/466 472/472 473/473
f 466/466 473/473 467/467
f 465/465 314/314 321/321
f 465/465 321/321 471/471
f 318/318 468/468 474/474
f 318/318 474/474 325/325
f 468/468 469/469 475/475
f 468/468 475/475 474/474
f 469/469 470/470 476/476
f 469/469 476/476 475/475
f 472/472 471/471 477/477
f 472/472 477/477 478/478
f 472/472 478/478 479/479
f 472/472 479/479 473/473
f 471/471 321/321 328/328
f 471/471 328/328 477/477
f 325/325 474/474 480/480
f 325/325 480/480 332/332
f 474/474 475/475 481/481
f 474/474 481/481 480/480
f 475/475 476/476 482/482
f 475/475 482/482 481/481
f 478/478 477/477 483/483
f 478/478 483/483 484/484
f 484/484 483/483 485/485
f 484/484 485/485 486/486
f 478/478 484/484 486/486
f 478/478 486/486 479/479
f 477/477 328/328 336/336
f 477/477 336/336 483/483
f 483/483 336/336 487/487
f 483/483 487/487 485/485
f 332/332 480/480 488/488
f 332/332 488/488 342/342
f 342/342 488/488 489/489
f 342/342 489/489 490/490
f 480/480 481/481 491/491
f 480/480 491/491 488/488
f 488/488 491/491 492/492
f 488/488 492/492 489/489
f 481/481 482/482 492/492
f 481/481 492/492 491/491
f 493/493 494/494 495/495
f 493/493 495/495 496/496
f 496/496 495/495 497/497
f 496/496 497/497 498/498
f 493/493 496/496 498/498
f 493/493 498/498 499/499
f 494/494 500/500 501/501
f 494/494 501/501 495/495
f 495/495 501/501 502/502
f 495/495 502/502 497/497
f 500/500 503/503 504/504
f 500/500 504/504 501/501
f 501/501 504/504 505/505
f 501/501 505/505 502/502
f 503/503 506/506 507/507
f 503/503 507/507 504/504
f 504/504 507/507 508/508
f 504/504 508/508 505/505
f 506/506 509/509 508/508
f 506/506 508/508 507/507
f 345/345 510/510 511/511
f 345/345 511/511 346/346
f 345/345 347/347 512/512
f 345/345 512/512 510/510
f 346/346 511/511 513/513
f 346/346 513/513 348/348
f 348/348 513/513 514/514
f 348/348 514/514 349/349
f 349/349 514/514 515/515
f 349/349 515/515 350/350
f 350/350 515/515 516/516
f 350/350 516/516 351/351
f 351/351 516/516 517/517
f 351/351 517/517 352/352
f 352/352 517/517 518/518
f 352/352 518/518 353/353
f 353/353 518/518 519/519
f 353/353 519/519 354/354
f 354/354 519/519 520/520
f 354/354 520/520 355/355
f 355/355 520/520 521/521
f 355/355 521/521 356/356
f 356/356 521/521 522/522
f 356/356 522/522 357/357
f 357/357 522/522 523/523
f 357/357 523/523 358/358
f 358/358 523/523 524/524
f 358/358 524/524 359/359
f 359/359 524/524 525/525
f 359/359 525/525 360/360
f 360/360 525/525 526/526
f 360/360 526/526 361/361
f 361/361 526/526 527/527
f 361/361 527/527 364/364
f 364/364 527/527 528/528
f 364/364 528/528 365/365
f 368/368 529/529 530/530
f 368/368 530/530 369/369
f 368/368 370/370 531/531
f 368/368 531/531 529/529
f 373/373 532/532 533/533
f 373/373 533/533 374/374
f 374/374 533/533 534/534
f 374/374 534/534 375/375
f 378/378 377/377 535/535
f 378/378 535/535 536/536
f 370/370 378/378 536/536
f 370/370 536/536 531/531
f 381/381 380/380 537/537
f 381/381 537/537 538/538
f 375/375 534/534 537/537
f 375/375 537/537 380/380
f 385/385 384/384 539/539
f 385/385 539/539 540/540
f 386/386 385/385 540/540
f 386/386 540/540 541/541
f 384/384 387/387 542/542
f 384/384 542/542 539/539
f 387/387 388/388 543/543
f 387/387 543/543 542/542
f 388/388 389/389 544/544
f 388/388 544/544 543/543
f 394/394 395/395 545/545
f 394/394 545/545 546/546
f 395/395 396/396 547/547
f 395/395 547/547 545/545
f 396/396 397/397 548/548
f 396/396 548/548 547/547
f 397/397 400/400 549/549
f 397/397 549/549 548/548
f 401/401 550/550 549/549
f 401/401 549/549 400/400
f 551/551 552/552 553/553
f 551/551 553/553 554/554
f 551/551 554/554 555/555
f 551/551 555/555 556/556
f 552/552 407/407 406/406
f 552/552 406/406 553/553
f 414/414 557/557 558/558
f 414/414 558/558 415/415
f 557/557 559/559 560/560
f 557/557 560/560 558/558
f 559/559 561/561 562/562
f 559/559 562/562 560/560
f 554/554 553/553 563/563
f 554/554 563/563 564/564
f 564/564 563/563 565/565
f 564/564 565/565 566/566
f 554/554 564/564 566/566
f 554/554 566/566 555/555
f 553/553 406/406 419/419
f 553/553 419/419 563/563
f 563/563 419/419 567/567
f 563/563 567/567 565/565
f 415/415 558/558 568/568
f 415/415 568/568 425/425
f 425/425 568/568 569/569
f 425/425 569/569 570/570
f 558/558 560/560 571/571
f 558/558 571/571 568/568
f 568/568 571/571 572/572
f 568/568 572/572 569/569
f 560/560 562/562 572/572
f 560/560 572/572 571/571
f 573/573 574/574 575/575
f 573/573 575/575 576/576
f 576/576 575/575 577/577
f 576/576 577/577 578/578
f 573/573 576/576 578/578
f 573/573 578/578 579/579
f 574/574 580/580 581/581
f 574/574 581/581 575/575
f 575/575 581/581 582/582
f 575/575 582/582 577/577
f 580/580 583/583 584/584
f 580/580 584/584 581/581
f 581/581 584/584 585/585
f 581/581 585/585 582/582
f 583/583 586/586 587/587
f 583/583 587/587 584/584
f 584/584 587/587 588/588
f 584/584 588/588 585/585
f 586/586 589/589 588/588
f 586/586 588/588 587/587
f 590/590 591/591 592/592
f 590/590 592/592 593/593
f 593/593 592/592 594/594
f 593/593 594/594 595/595
f 590/590 596/596 597/597
f 590/590 597/597 591/591
f 590/590 593/593 595/595
f 590/590 595/595 596/596
f 591/591 598/598 599/599
f 591/591 599/599 592/592
f 592/592 599/599 600/600
f 592/592 600/600 594/594
f 591/591 597/597 601/601
f 591/591 601/601 598/598
f 598/598 602/602 603/603
f 598/598 603/603 599/599
f 599/599 603/603 604/604
f 599/599 604/604 600/600
f 598/598 601/601 605/605
f 598/598 605/605 602/602
f 602/602 606/606 607/607
f 602/602 607/607 603/603
f 603/603 607/607 608/608
f 603/603 608/608 604/604
f 602/602 605/605 609/609
f 602/602 609/609 606/606
f 606/606 609/609 608/608
f 606/606 608/608 607/607
f 610/610 611/611 612/612
f 610/610 612/612 613/613
f 613/613 612/612 614/614
f 613/613 614/614 615/615
f 610/610 616/616 617/617
f 610/610 617/617 611/611
f 610/610 613/613 615/615
f 610/610 615/615 616/616
f 611/611 618/618 619/619
f 611/611 619/619 612/612
f 612/612 619/619 620/620
f 612/612 620/620 614/614
f 611/611 617/617 621/621
f 611/611 621/621 618/618
f 618/618 622/622 623/623
f 618/618 623/623 619/619
f 619/619 623/623 624/624
f 619/619 624/624 620/620
f 618/618 621/621 625/625
f 618/618 625/625 622/622
f 622/622 626/626 627/627
f 622/622 627/627 623/623
f 623/623 627/627 628/628
f 623/623 628/628 624/624
f 622/622 625/625 629/629
f 622/622 629/629 626/626
f 626/626 629/629 628/628
f 626/626 628/628 627/627
f 630/630 631/631 632/632
f 630/630 632/632 633/633
f 633/633 632/632 634/634
f 633/633 634/634 635/635
f 630/630 636/636 637/637
f 630/630 637/637 631/631
f 630/630 633/633 635/635
f 630/630 635/635 636/636
f 631/631 638/638 639/639
f 631/631 639/639 632/632
f 632/632 639/639 640/640
f 632/632 640/640 634/634
f 631/631 637/637 641/641
f 631/631 641/641 638/638
f 638/638 642/642 643/643
f 638/638 643/643 639/639
f 639/639 643/643 644/644
f 639/639 644/644 640/640
f 638/638 641/641 645/645
f 638/638 645/645 642/642
f 642/642 646/646 647/647
f 642/642 647/647 643/643
f 643/643 647/647 648/648
f 643/643 648/648 644/644
f 642/642 645/645 649/649
f 642/642 649/649 646/646
f 646/646 649/649 648/648
f 646/646 648/648 647/647
f 650/650 651/651 652/652
f 650/650 652/652 653/653
f 650/650 654/654 655/655
f 650/650 655/655 651/651
f 650/650 653/653 656/656
f 650/650 656/656 654/654
f 651/651 657/657 658/658
f 651/651 658/658 652/652
f 651/651 655/655 659/659
f 651/651 659/659 657/657
f 657/657 660/660 661/661
f 657/657 661/661 658/658
f 657/657 659/659 662/662
f 657/657 662/662 660/660
f 660/660 663/663 664/664
f 660/660 664/664 661/661
f 660/660 662/662 665/665
f 660/660 665/665 663/663
f 663/663 665/665 666/666
f 663/663 666/666 664/664
f 667/667 668/668 669/669
f 667/667 669/669 670/670
f 667/667 671/671 672/672
f 667/667 672/672 668/668
f 667/667 670/670 673/673
f 667/667 673/673 671/671
f 668/668 430/430 432/432
f 668/668 432/432 669/669
f 668/668 672/672 674/674
f 668/668 674/674 430/430
f 441/441 675/675 676/676
f 441/441 676/676 442/442
f 441/441 677/677 678/678
f 441/441 678/678 675/675
f 675/675 679/679 680/680
f 675/675 680/680 676/676
f 675/675 678/678 681/681
f 675/675 681/681 679/679
f 679/679 681/681 682/682
f 679/679 682/682 680/680
f 683/683 447/447 449/449
f 683/683 449/449 684/684
f 683/683 685/685 686/686
f 683/683 686/686 447/447
f 683/683 684/684 687/687
f 683/683 687/687 685/685
f 457/457 688/688 689/689
f 457/457 689/689 458/458
f 457/457 690/690 691/691
f 457/457 691/691 688/688
f 688/688 691/691 692/692
f 688/688 692/692 689/689
f 684/684 449/449 461/461
f 684/684 461/461 693/693
f 684/684 693/693 694/694
f 684/684 694/694 687/687
f 458/458 689/689 695/695
f 458/458 695/695 464/464
f 689/689 692/692 696/696
f 689/689 696/696 695/695
f 693/693 461/461 467/467
f 693/693 467/467 697/697
f 693/693 697/697 698/698
f 693/693 698/698 694/694
f 464/464 695/695 699/699
f 464/464 699/699 470/470
f 695/695 696/696 700/700
f 695/695 700/700 699/699
f 697/697 467/467 473/473
f 697/697 473/473 701/701
f 697/697 701/701 702/702
f 697/697 702/702 698/698
f 470/470 699/699 703/703
f 470/470 703/703 476/476
f 699/699 700/700 704/704
f 699/699 704/704 703/703
f 701/701 473/473 479/479
f 701/701 479/479 705/705
f 701/701 705/705 706/706
f 701/701 706/706 702/702
f 476/476 703/703 707/707
f 476/476 707/707 482/482
f 703/703 704/704 708/708
f 703/703 708/708 707/707
f 705/705 479/479 486/486
f 705/705 486/486 709/709
f 709/709 486/486 710/710
f 709/709 710/710 711/711
f 705/705 709/709 711/711
f 705/705 711/711 706/706
f 482/482 707/707 712/712
f 482/482 712/712 492/492
f 492/492 712/712 713/713
f 492/492 713/713 714/714
f 707/707 708/708 713/713
f 707/707 713/713 712/712
f 715/715 716/716 717/717
f 715/715 717/717 718/718
f 718/718 717/717 719/719
f 718/718 719/719 720/720
f 715/715 718/718 720/720
f 715/715 720/720 721/721
f 716/716 499/499 498/498
f 716/716 498/498 717/717
f 717/717 498/498 722/722
f 717/717 722/722 719/719
f 509/509 723/723 724/724
f 509/509 724/724 508/508
f 508/508 724/724 725/725
f 508/508 725/725 726/726
f 723/723 727/727 728/728
f 723/723 728/728 724/724
f 724/724 728/728 729/729
f 724/724 729/729 725/725
f 727/727 730/730 729/729
f 727/727 729/729 728/728
f 731/731 732/732 733/733
f 731/731 733/733 734/734
f 734/734 733/733 735/735
f 734/734 735/735 736/736
f 731/731 734/734 736/736
f 731/731 736/736 737/737
f 732/732 738/738 739/739
f 732/732 739/739 733/733
f 733/733 739/739 740/740
f 733/733 740/740 735/735
f 738/738 741/741 742/742
f 738/738 742/742 739/739
f 739/739 742/742 743/743
f 739/739 743/743 740/740
f 741/741 744/744 745/745
f 741/741 745/745 742/742
f 742/742 745/745 746/746
f 742/742 746/746 743/743
f 744/744 747/747 746/746
f 744/744 746/746 745/745
f 748/748 510/510 512/512
f 748/748 512/512 749/749
f 748/748 750/750 751/751
f 748/748 751/751 510/510
f 748/748 749/749 752/752
f 748/748 752/752 750/750
f 510/510 751/751 753/753
f 510/510 753/753 511/511
f 511/511 753/753 754/754
f 511/511 754/754 513/513
f 513/513 754/754 755/755
f 513/513 755/755 514/514
f 514/514 755/755 756/756
f 514/514 756/756 515/515
f 515/515 756/756 757/757
f 515/515 757/757 516/516
f 516/516 757/757 758/758
f 516/516 758/758 517/517
f 517/517 758/758 759/759
f 517/517 759/759 518/518
f 518/518 759/759 760/760
f 518/518 760/760 519/519
f 519/519 760/760 761/761
f 519/519 761/761 520/520
f 520/520 761/761 762/762
f 520/520 762/762 521/521
f 521/521 762/762 763/763
f 521/521 763/763 522/522
f 522/522 763/763 764/764
f 522/522 764/764 523/523
f 523/523 764/764 765/765
f 523/523 765/765 524/524
f 524/524 765/765 766/766
f 524/524 766/766 525/525
f 525/525 766/766 767/767
f 525/525 767/767 526/526
f 526/526 767/767 768/768
f 526/526 768/768 527/527
f 527/527 769/769 770/770
f 527/527 770/770 528/528
f 527/527 768/768 771/771
f 527/527 771/771 769/769
f 769/769 771/771 772/772
f 769/769 772/772 770/770
f 773/773 529/529 531/531
f 773/773 531/531 774/774
f 773/773 775/775 776/776
f 773/773 776/776 529/529
f 773/773 774/774 777/777
f 773/773 777/777 775/775
f 533/533 778/778 779/779
f 533/533 779/779 534/534
f 533/533 780/780 781/781
f 533/533 781/781 778/778
f 778/778 781/781 782/782
f 778/778 782/782 779/779
f 774/774 531/531 536/536
f 774/774 536/536 783/783
f 783/783 536/536 784/784
f 783/783 784/784 785/785
f 774/774 783/783 785/785
f 774/774 785/785 777/777
f 534/534 779/779 786/786
f 534/534 786/786 537/537
f 537/537 786/786 787/787
f 537/537 787/787 788/788
f 779/779 782/782 787/787
f 779/779 787/787 786/786
f 789/789 541/541 540/540
f 789/789 540/540 790/790
f 790/790 540/540 791/791
f 790/790 791/791 792/792
f 789/789 790/790 792/792
f 789/789 792/792 793/793
f 540/540 539/539 794/794
f 540/540 794/794 791/791
f 539/539 542/542 795/795
f 539/539 795/795 794/794
f 542/542 543/543 796/796
f 542/542 796/796 795/795
f 543/543 544/544 797/797
f 543/543 797/797 796/796
f 546/546 545/545 798/798
f 546/546 798/798 799/799
f 545/545 547/547 800/800
f 545/545 800/800 798/798
f 547/547 548/548 801/801
f 547/547 801/801 800/800
f 548/548 549/549 802/802
f 548/548 802/802 801/801
f 550/550 803/803 804/804
f 550/550 804/804 549/549
f 549/549 804/804 805/805
f 549/549 805/805 802/802
f 803/803 806/806 805/805
f 803/803 805/805 804/804
f 556/556 555/555 807/807
f 556/556 807/807 808/808
f 561/561 809/809 810/810
f 561/561 810/810 562/562
f 566/566 565/565 811/811
f 566/566 811/811 812/812
f 555/555 566/566 812/812
f 555/555 812/812 807/807
f 569/569 572/572 813/813
f 569/569 813/813 814/814
f 562/562 810/810 813/813
f 562/562 813/813 572/572
f 815/815 579/579 578/578
f 815/815 578/578 816/816
f 816/816 578/578 817/817
f 816/816 817/817 818/818
f 815/815 816/816 818/818
f 815/815 818/818 819/819
f 578/578 577/577 820/820
f 578/578 820/820 817/817
f 577/577 582/582 821/821
f 577/577 821/821 820/820
f 582/582 585/585 822/822
f 582/582 822/822 821/821
f 585/585 588/588 823/823
f 585/585 823/823 822/822
f 589/589 824/824 825/825
f 589/589 825/825 588/588
f 588/588 825/825 826/826
f 588/588 826/826 823/823
f 824/824 827/827 826/826
f 824/824 826/826 825/825
f 828/828 829/829 830/830
f 828/828 830/830 831/831
f 828/828 832/832 833/833
f 828/828 833/833 829/829
f 828/828 831/831 834/834
f 828/828 834/834 832/832
f 829/829 835/835 836/836
f 829/829 836/836 830/830
f 829/829 833/833 837/837
f 829/829 837/837 835/835
f 835/835 838/838 839/839
f 835/835 839/839 836/836
f 835/835 837/837 840/840
f 835/835 840/840 838/838
f 838/838 841/841 842/842
f 838/838 842/842 839/839
f 838/838 840/840 843/843
f 838/838 843/843 841/841
f 841/841 843/843 844/844
f 841/841 844/844 842/842
f 845/845 596/596 595/595
f 845/845 595/595 846/846
f 846/846 595/595 847/847
f 846/846 847/847 848/848
f 845/845 849/849 850/850
f 845/845 850/850 596/596
f 845/845 846/846 848/848
f 845/845 848/848 849/849
f 609/609 851/851 852/852
f 609/609 852/852 608/608
f 608/608 852/852 853/853
f 608/608 853/853 854/854
f 609/609 855/855 856/856
f 609/609 856/856 851/851
f 851/851 856/856 853/853
f 851/851 853/853 852/852
f 857/857 858/858 859/859
f 857/857 859/859 860/860
f 860/860 859/859 861/861
f 860/860 861/861 862/862
f 857/857 860/860 862/862
f 857/857 862/862 863/863
f 858/858 864/864 865/865
f 858/858 865/865 859/859
f 859/859 865/865 866/866
f 859/859 866/866 861/861
f 864/864 867/867 868/868
f 864/864 868/868 865/865
f 865/865 868/868 869/869
f 865/865 869/869 866/866
f 867/867 870/870 871/871
f 867/867 871/871 868/868
f 868/868 871/871 872/872
f 868/868 872/872 869/869
f 870/870 873/873 872/872
f 870/870 872/872 871/871
f 874/874 875/875 876/876
f 874/874 876/876 877/877
f 874/874 878/878 879/879
f 874/874 879/879 875/875
f 874/874 877/877 880/880
f 874/874 880/880 878/878
f 875/875 881/881 882/882
f 875/875 882/882 876/876
f 875/875 879/879 883/883
f 875/875 883/883 881/881
f 881/881 884/884 885/885
f 881/881 885/885 882/882
f 881/881 883/883 886/886
f 881/881 886/886 884/884
f 884/884 887/887 888/888
f 884/884 888/888 885/885
f 884/884 886/886 889/889
f 884/884 889/889 887/887
f 887/887 889/889 890/890
f 887/887 890/890 888/888
f 891/891 616/616 615/615
f 891/891 615/615 892/892
f 892/892 615/615 893/893
f 892/892 893/893 894/894
f 891/891 895/895 896/896
f 891/891 896/896 616/616
f 891/891 892/892 894/894
f 891/891 894/894 895/895
f 629/629 897/897 898/898
f 629/629 898/898 628/628
f 628/628 898/898 899/899
f 628/628 899/899 900/900
f 629/629 901/901 902/902
f 629/629 902/902 897/897
f 897/897 902/902 899/899
f 897/897 899/899 898/898
f 903/903 904/904 905/905
f 903/903 905/905 906/906
f 906/906 905/905 907/907
f 906/906 907/907 908/908
f 903/903 906/906 908/908
f 903/903 908/908 909/909
f 904/904 910/910 911/911
f 904/904 911/911 905/905
f 905/905 911/911 912/912
f 905/905 912/912 907/907
f 910/910 913/913 914/914
f 910/910 914/914 911/911
f 911/911 914/914 915/915
f 911/911 915/915 912/912
f 913/913 916/916 917/917
f 913/913 917/917 914/914
f 914/914 917/917 918/918
f 914/914 918/918 915/915
f 916/916 919/919 918/918
f 916/916 918/918 917/917
f 920/920 921/921 922/922
f 920/920 922/922 923/923
f 920/920 924/924 925/925
f 920/920 925/925 921/921
f 920/920 923/923 926/926
f 920/920 926/926 924/924
f 921/921 927/927 928/928
f 921/921 928/928 922/922
f 921/921 925/925 929/929
f 921/921 929/929 927/927
f 927/927 930/930 931/931
f 927/927 931/931 928/928
f 927/927 929/929 932/932
f 927/927 932/932 930/930
f 930/930 933/933 934/934
f 930/930 934/934 931/931
f 930/930 932/932 935/935
f 930/930 935/935 933/933
f 933/933 935/935 936/936
f 933/933 936/936 934/934
f 937/937 636/636 635/635
f 937/937 635/635 938/938
f 938/938 635/635 939/939
f 938/938 939/939 940/940
f 937/937 941/941 942/942
f 937/937 942/942 636/636
f 937/937 938/938 940/940
f 937/937 940/940 941/941
f 649/649 943/943 944/944
f 649/649 944/944 648/648
f 648/648 944/944 945/945
f 648/648 945/945 946/946
f 649/649 947/947 948/948
f 649/649 948/948 943/943
f 943/943 948/948 945/945
f 943/943 945/945 944/944
f 949/949 950/950 951/951
f 949/949 951/951 952/952
f 949/949 952/952 953/953
f 949/949 953/953 954/954
f 950/950 955/955 956/956
f 950/950 956/956 951/951
f 955/955 957/957 958/958
f 955/955 958/958 956/956
f 957/957 959/959 960/960
f 957/957 960/960 958/958
f 959/959 961/961 962/962
f 959/959 962/962 960/960
f 952/952 951/951 963/963
f 952/952 963/963 964/964
f 952/952 964/964 965/965
f 952/952 965/965 953/953
f 951/951 956/956 966/966
f 951/951 966/966 963/963
f 956/956 958/958 967/967
f 956/956 967/967 966/966
f 958/958 960/960 968/968
f 958/958 968/968 967/967
f 960/960 962/962 969/969
f 960/960 969/969 968/968
f 964/964 963/963 970/970
f 964/964 970/970 971/971
f 964/964 971/971 972/972
f 964/964 972/972 965/965
f 963/963 966/966 973/973
f 963/963 973/973 970/970
f 966/966 967/967 974/974
f 966/966 974/974 973/973
f 967/967 968/968 975/975
f 967/967 975/975 974/974
f 968/968 969/969 976/976
f 968/968 976/976 975/975
f 977/977 654/654 656/656
f 977/977 656/656 978/978
f 977/977 979/979 980/980
f 977/977 980/980 654/654
f 977/977 978/978 981/981
f 977/977 981/981 979/979
f 665/665 982/982 983/983
f 665/665 983/983 666/666
f 665/665 984/984 985/985
f 665/665 985/985 982/982
f 982/982 985/985 986/986
f 982/982 986/986 983/983
f 671/671 987/987 988/988
f 671/671 988/988 672/672
f 671/671 673/673 989/989
f 671/671 989/989 987/987
f 678/678 990/990 991/991
f 678/678 991/991 681/681
f 681/681 991/991 992/992
f 681/681 992/992 682/682
f 685/685 993/993 994/994
f 685/685 994/994 686/686
f 685/685 687/687 995/995
f 685/685 995/995 993/993
f 690/690 996/996 997/997
f 690/690 997/997 691/691
f 691/691 997/997 998/998
f 691/691 998/998 692/692
f 687/687 694/694 999/999
f 687/687 999/999 995/995
f 692/692 998/998 1000/1000
f 692/692 1000/1000 696/696
f 694/694 698/698 1001/1001
f 694/694 1001/1001 999/999
f 696/696 1000/1000 1002/1002
f 696/696 1002/1002 700/700
f 698/698 702/702 1003/1003
f 698/698 1003/1003 1001/1001
f 700/700 1002/1002 1004/1004
f 700/700 1004/1004 704/704
f 702/702 706/706 1005/1005
f 702/702 1005/1005 1003/1003
f 704/704 1004/1004 1006/1006
f 704/704 1006/1006 708/708
f 711/711 710/710 1007/1007
f 711/711 1007/1007 1008/1008
f 706/706 711/711 1008/1008
f 706/706 1008/1008 1005/1005
f 714/714 713/713 1009/1009
f 714/714 1009/1009 1010/1010
f 708/708 1006/1006 1009/1009
f 708/708 1009/1009 713/713
f 720/720 719/719 1011/1011
f 720/720 1011/1011 1012/1012
f 721/721 720/720 1012/1012
f 721/721 1012/1012 1013/1013
f 725/725 729/729 1014/1014
f 725/725 1014/1014 1015/1015
f 730/730 1016/1016 1014/1014
f 730/730 1014/1014 729/729
f 1017/1017 737/737 736/736
f 1017/1017 736/736 1018/1018
f 1018/1018 736/736 1019/1019
f 1018/1018 1019/1019 1020/1020
f 1017/1017 1018/1018 1020/1020
f 1017/1017 1020/1020 1021/1021
f 736/736 735/735 1022/1022
f 736/736 1022/1022 1019/1019
f 735/735 740/740 1023/1023
f 735/735 1023/1023 1022/1022
f 740/740 743/743 1024/1024
f 740/740 1024/1024 1023/1023
f 743/743 746/746 1025/1025
f 743/743 1025/1025 1024/1024
f 747/747 1026/1026 1027/1027
f 747/747 1027/1027 746/746
f 746/746 1027/1027 1028/1028
f 746/746 1028/1028 1025/1025
f 1026/1026 1029/1029 1028/1028
f 1026/1026 1028/1028 1027/1027
f 750/750 1030/1030 1031/1031
f 750/750 1031/1031 751/751
f 750/750 752/752 1032/1032
f 750/750 1032/1032 1030/1030
f 751/751 1031/1031 1033/1033
f 751/751 1033/1033 753/753
f 753/753 1033/1033 1034/1034
f 753/753 1034/1034 754/754
f 754/754 1034/1034 1035/1035
f 754/754 1035/1035 755/755
f 755/755 1035/1035 1036/1036
f 755/755 1036/1036 756/756
f 756/756 1036/1036 1037/1037
f 756/756 1037/1037 757/757
f 757/757 1037/1037 1038/1038
f 757/757 1038/1038 758/758
f 758/758 1038/1038 1039/1039
f 758/758 1039/1039 759/759
f 759/759 1039/1039 1040/1040
f 759/759 1040/1040 760/760
f 760/760 1040/1040 1041/1041
f 760/760 1041/1041 761/761
f 761/761 1041/1041 1042/1042
f 761/761 1042/1042 762/762
f 762/762 1042/1042 1043/1043
f 762/762 1043/1043 763/763
f 763/763 1043/1043 1044/1044
f 763/763 1044/1044 764/764
f 764/764 1044/1044 1045/1045
f 764/764 1045/1045 765/765
f 765/765 1045/1045 1046/1046
f 765/765 1046/1046 766/766
f 766/766 1046/1046 1047/1047
f 766/766 1047/1047 767/767
f 767/767 1047/1047 1048/1048
f 767/767 1048/1048 768/768
f 768/768 1048/1048 1049/1049
f 768/768 1049/1049 771/771
f 771/771 1049/1049 1050/1050
f 771/771 1050/1050 772/772
f 775/775 1051/1051 1052/1052
f 775/775 1052/1052 776/776
f 775/775 777/777 1053/1053
f 775/775 1053/1053 1051/1051
f 780/780 1054/1054 1055/1055
f 780/780 1055/1055 781/781
f 781/781 1055/1055 1056/1056
f 781/781 1056/1056 782/782
f 785/785 784/784 1057/1057
f 785/785 1057/1057 1058/1058
f 777/777 785/785 1058/1058
f 777/777 1058/1058 1053/1053
f 788/788 787/787 1059/1059
f 788/788 1059/1059 1060/1060
f 782/782 1056/1056 1059/1059
f 782/782 1059/1059 787/787
f 792/792 791/791 1061/1061
f 792/792 1061/1061 1062/1062
f 793/793 792/792 1062/1062
f 793/793 1062/1062 1063/1063
f 791/791 794/794 1064/1064
f 791/791 1064/1064 1061/1061
f 794/794 795/795 1065/1065
f 794/794 1065/1065 1064/1064
f 795/795 796/796 1066/1066
f 795/795 1066/1066 1065/1065
f 798/798 800/800 1067/1067
f 798/798 1067/1067 1068/1068
f 800/800 801/801 1069/1069
f 800/800 1069/1069 1067/1067
f 801/801 802/802 1070/1070
f 801/801 1070/1070 1069/1069
f 802/802 805/805 1071/1071
f 802/802 1071/1071 1070/1070
f 806/806 1072/1072 1071/1071
f 806/806 1071/1071 805/805
f 1073/1073 808/808 807/807
f 1073/1073 807/807 1074/1074
f 1073/1073 1074/1074 1075/1075
f 1073/1073 1075/1075 1076/1076
f 809/809 1077/1077 1078/1078
f 809/809 1078/1078 810/810
f 1077/1077 1079/1079 1080/1080
f 1077/1077 1080/1080 1078/1078
f 1074/1074 807/807 812/812
f 1074/1074 812/812 1081/1081
f 1081/1081 812/812 1082/1082
f 1081/1081 1082/1082 1083/1083
f 1074/1074 1081/1081 1083/1083
f 1074/1074 1083/1083 1075/1075
f 810/810 1078/1078 1084/1084
f 810/810 1084/1084 813/813
f 813/813 1084/1084 1085/1085
f 813/813 1085/1085 1086/1086
f 1078/1078 1080/1080 1085/1085
f 1078/1078 1085/1085 1084/1084
f 1087/1087 819/819 818/818
f 1087/1087 818/818 1088/1088
f 1088/1088 818/818 1089/1089
f 1088/1088 1089/1089 1090/1090
f 1087/1087 1088/1088 1090/1090
f 1087/1087 1090/1090 1091/1091
f 818/818 817/817 1092/1092
f 818/818 1092/1092 1089/1089
f 817/817 820/820 1093/1093
f 817/817 1093/1093 1092/1092
f 822/822 823/823 1094/1094
f 822/822 1094/1094 1095/1095
f 823/823 826/826 1096/1096
f 823/823 1096/1096 1094/1094
f 827/827 1097/1097 1098/1098
f 827/827 1098/1098 826/826
f 826/826 1098/1098 1099/1099
f 826/826 1099/1099 1096/1096
f 1097/1097 1100/1100 1099/1099
f 1097/1097 1099/1099 1098/1098
f 1101/1101 1102/1102 1103/1103
f 1101/1101 1103/1103 1104/1104
f 1101/1101 1104/1104 1105/1105
f 1101/1101 1105/1105 1106/1106
f 1102/1102 1107/1107 1108/1108
f 1102/1102 1108/1108 1103/1103
f 1107/1107 1109/1109 1110/1110
f 1107/1107 1110/1110 1108/1108
f 1111/1111 832/832 834/834
f 1111/1111 834/834 1112/1112
f 1111/1111 1113/1113 1114/1114
f 1111/1111 1114/1114 832/832
f 1111/1111 1112/1112 1115/1115
f 1111/1111 1115/1115 1113/1113
f 832/832 1114/1114 1116/1116
f 832/832 1116/1116 833/833
f 840/840 1117/1117 1118/1118
f 840/840 1118/1118 843/843
f 843/843 1119/1119 1120/1120
f 843/843 1120/1120 844/844
f 843/843 1118/1118 1121/1121
f 843/843 1121/1121 1119/1119
f 1119/1119 1121/1121 1122/1122
f 1119/1119 1122/1122 1120/1120
f 1123/1123 849/849 848/848
f 1123/1123 848/848 1124/1124
f 1124/1124 848/848 1125/1125
f 1124/1124 1125/1125 1126/1126
f 1123/1123 1127/1127 1128/1128
f 1123/1123 1128/1128 849/849
f 1123/1123 1124/1124 1126/1126
f 1123/1123 1126/1126 1127/1127
f 856/856 1129/1129 1130/1130
f 856/856 1130/1130 853/853
f 853/853 1130/1130 1131/1131
f 853/853 1131/1131 1132/1132
f 856/856 1133/1133 1134/1134
f 856/856 1134/1134 1129/1129
f 1129/1129 1134/1134 1131/1131
f 1129/1129 1131/1131 1130/1130
f 1135/1135 863/863 862/862
f 1135/1135 862/862 1136/1136
f 1136/1136 862/862 1137/1137
f 1136/1136 1137/1137 1138/1138
f 1135/1135 1136/1136 1138/1138
f 1135/1135 1138/1138 1139/1139
f 862/862 861/861 1140/1140
f 862/862 1140/1140 1137/1137
f 869/869 872/872 1141/1141
f 869/869 1141/1141 1142/1142
f 873/873 1143/1143 1144/1144
f 873/873 1144/1144 872/872
f 872/872 1144/1144 1145/1145
f 872/872 1145/1145 1141/1141
f 1143/1143 1146/1146 1145/1145
f 1143/1143 1145/1145 1144/1144
f 1147/1147 1148/1148 1149/1149
f 1147/1147 1149/1149 1150/1150
f 1147/1147 1150/1150 1151/1151
f 1147/1147 1151/1151 1152/1152
f 1148/1148 1153/1153 1154/1154
f 1148/1148 1154/1154 1149/1149
f 1153/1153 1155/1155 1156/1156
f 1153/1153 1156/1156 1154/1154
f 1157/1157 878/878 880/880
f 1157/1157 880/880 1158/1158
f 1157/1157 1159/1159 1160/1160
f 1157/1157 1160/1160 878/878
f 1157/1157 1158/1158 1161/1161
f 1157/1157 1161/1161 1159/1159
f 878/878 1160/1160 1162/1162
f 878/878 1162/1162 879/879
f 886/886 1163/1163 1164/1164
f 886/886 1164/1164 889/889
f 889/889 1165/1165 1166/1166
f 889/889 1166/1166 890/890
f 889/889 1164/1164 1167/1167
f 889/889 1167/1167 1165/1165
f 1165/1165 1167/1167 1168/1168
f 1165/1165 1168/1168 1166/1166
f 1169/1169 895/895 894/894
f 1169/1169 894/894 1170/1170
f 1170/1170 894/894 1171/1171
f 1170/1170 1171/1171 1172/1172
f 1169/1169 1173/1173 1174/1174
f 1169/1169 1174/1174 895/895
f 1169/1169 1170/1170 1172/1172
f 1169/1169 1172/1172 1173/1173
f 902/902 1175/1175 1176/1176
f 902/902 1176/1176 899/899
f 899/899 1176/1176 1177/1177
f 899/899 1177/1177 1178/1178
f 902/902 1179/1179 1180/1180
f 902/902 1180/1180 1175/1175
f 1175/1175 1180/1180 1177/1177
f 1175/1175 1177/1177 1176/1176
f 1181/1181 909/909 908/908
f 1181/1181 908/908 1182/1182
f 1182/1182 908/908 1183/1183
f 1182/1182 1183/1183 1184/1184
f 1181/1181 1182/1182 1184/1184
f 1181/1181 1184/1184 1185/1185
f 908/908 907/907 1186/1186
f 908/908 1186/1186 1183/1183
f 915/915 918/918 1187/1187
f 915/915 1187/1187 1188/1188
f 919/919 1189/1189 1190/1190
f 919/919 1190/1190 918/918
f 918/918 1190/1190 1191/1191
f 918/918 1191/1191 1187/1187
f 1189/1189 1192/1192 1191/1191
f 1189/1189 1191/1191 1190/1190
f 1193/1193 1194/1194 1195/1195
f 1193/1193 1195/1195 1196/1196
f 1193/1193 1196/1196 1197/1197
f 1193/1193 1197/1197 1198/1198
f 1194/1194 1199/1199 1200/1200
f 1194/1194 1200/1200 1195/1195
f 1199/1199 1201/1201 1202/1202
f 1199/1199 1202/1202 1200/1200
f 1196/1196 1195/1195 1203/1203
f 1196/1196 1203/1203 1204/1204
f 1196/1196 1204/1204 1205/1205
f 1196/1196 1205/1205 1197/1197
f 1195/1195 1200/1200 1206/1206
f 1195/1195 1206/1206 1203/1203
f 1200/1200 1202/1202 1207/1207
f 1200/1200 1207/1207 1206/1206
f 1204/1204 1203/1203 1208/1208
f 1204/1204 1208/1208 1209/1209
f 1204/1204 1209/1209 1210/1210
f 1204/1204 1210/1210 1205/1205
f 1203/1203 1206/1206 1211/1211
f 1203/1203 1211/1211 1208/1208
f 1206/1206 1207/1207 1212/1212
f 1206/1206 1212/1212 1211/1211
f 1209/1209 1208/1208 1213/1213
f 1209/1209 1213/1213 1214/1214
f 1209/1209 1214/1214 1215/1215
f 1209/1209 1215/1215 1210/1210
f 1208/1208 1211/1211 1216/1216
f 1208/1208 1216/1216 1213/1213
f 1211/1211 1212/1212 1217/1217
f 1211/1211 1217/1217 1216/1216
f 1214/1214 1213/1213 1218/1218
f 1214/1214 1218/1218 1219/1219
f 1214/1214 1219/1219 1220/1220
f 1214/1214 1220/1220 1215/1215
f 1213/1213 1216/1216 1221/1221
f 1213/1213 1221/1221 1218/1218
f 1216/1216 1217/1217 1222/1222
f 1216/1216 1222/1222 1221/1221
f 1219/1219 1218/1218 1223/1223
f 1219/1219 1223/1223 1224/1224
f 1219/1219 1224/1224 1225/1225
f 1219/1219 1225/1225 1220/1220
f 1218/1218 1221/1221 1226/1226
f 1218/1218 1226/1226 1223/1223
f 1221/1221 1222/1222 1227/1227
f 1221/1221 1227/1227 1226/1226
f 1224/1224 1223/1223 1228/1228
f 1224/1224 1228/1228 1229/1229
f 1224/1224 1229/1229 1230/1230
f 1224/1224 1230/1230 1225/1225
f 1223/1223 1226/1226 1231/1231
f 1223/1223 1231/1231 1228/1228
f 1226/1226 1227/1227 1232/1232
f 1226/1226 1232/1232 1231/1231
f 1229/1229 1228/1228 1233/1233
f 1229/1229 1233/1233 1234/1234
f 1229/1229 1234/1234 1235/1235
f 1229/1229 1235/1235 1230/1230
f 1228/1228 1231/1231 1236/1236
f 1228/1228 1236/1236 1233/1233
f 1231/1231 1232/1232 1237/1237
f 1231/1231 1237/1237 1236/1236
f 1234/1234 1233/1233 1238/1238
f 1234/1234 1238/1238 1239/1239
f 1234/1234 1239/1239 1240/1240
f 1234/1234 1240/1240 1235/1235
f 1233/1233 1236/1236 1241/1241
f 1233/1233 1241/1241 1238/1238
f 1236/1236 1237/1237 1242/1242
f 1236/1236 1242/1242 1241/1241
f 1239/1239 1238/1238 1243/1243
f 1239/1239 1243/1243 1244/1244
f 1239/1239 1244/1244 1245/1245
f 1239/1239 1245/1245 1240/1240
f 1238/1238 1241/1241 1246/1246
f 1238/1238 1246/1246 1243/1243
f 1241/1241 1242/1242 1247/1247
f 1241/1241 1247/1247 1246/1246
f 1244/1244 1243/1243 1248/1248
f 1244/1244 1248/1248 1249/1249
f 1244/1244 1249/1249 1250/1250
f 1244/1244 1250/1250 1245/1245
f 1243/1243 1246/1246 1251/1251
f 1243/1243 1251/1251 1248/1248
f 1246/1246 1247/1247 1252/1252
f 1246/1246 1252/1252 1251/1251
f 1249/1249 1248/1248 1253/1253
f 1249/1249 1253/1253 1254/1254
f 1249/1249 1254/1254 1255/1255
f 1249/1249 1255/1255 1250/1250
f 1248/1248 1251/1251 1256/1256
f 1248/1248 1256/1256 1253/1253
f 1251/1251 1252/1252 1257/1257
f 1251/1251 1257/1257 1256/1256
f 1254/1254 1253/1253 1258/1258
f 1254/1254 1258/1258 1259/1259
f 1254/1254 1259/1259 1260/1260
f 1254/1254 1260/1260 1255/1255
f 1253/1253 1256/1256 1261/1261
f 1253/1253 1261/1261 1258/1258
f 1256/1256 1257/1257 1262/1262
f 1256/1256 1262/1262 1261/1261
f 1259/1259 1258/1258 1263/1263
f 1259/1259 1263/1263 1264/1264
f 1259/1259 1264/1264 1265/1265
f 1259/1259 1265/1265 1260/1260
f 1258/1258 1261/1261 1266/1266
f 1258/1258 1266/1266 1263/1263
f 1261/1261 1262/1262 1267/1267
f 1261/1261 1267/1267 1266/1266
f 1264/1264 1263/1263 1268/1268
f 1264/1264 1268/1268 1269/1269
f 1264/1264 1269/1269 1270/1270
f 1264/1264 1270/1270 1265/1265
f 1263/1263 1266/1266 1271/1271
f 1263/1263 1271/1271 1268/1268
f 1266/1266 1267/1267 1272/1272
f 1266/1266 1272/1272 1271/1271
f 1269/1269 1268/1268 1273/1273
f 1269/1269 1273/1273 1274/1274
f 1269/1269 1274/1274 1275/1275
f 1269/1269 1275/1275 1270/1270
f 1268/1268 1271/1271 1276/1276
f 1268/1268 1276/1276 1273/1273
f 1271/1271 1272/1272 1277/1277
f 1271/1271 1277/1277 1276/1276
f 1274/1274 1273/1273 1278/1278
f 1274/1274 1278/1278 1279/1279
f 1274/1274 1279/1279 1280/1280
f 1274/1274 1280/1280 1275/1275
f 1273/1273 1276/1276 1281/1281
f 1273/1273 1281/1281 1278/1278
f 1276/1276 1277/1277 1282/1282
f 1276/1276 1282/1282 1281/1281
f 1279/1279 1278/1278 1283/1283
f 1279/1279 1283/1283 1284/1284
f 1279/1279 1284/1284 1285/1285
f 1279/1279 1285/1285 1280/1280
f 1278/1278 1281/1281 1286/1286
f 1278/1278 1286/1286 1283/1283
f 1281/1281 1282/1282 1287/1287
f 1281/1281 1287/1287 1286/1286
f 1284/1284 1283/1283 1288/1288
f 1284/1284 1288/1288 1289/1289
f 1284/1284 1289/1289 1290/1290
f 1284/1284 1290/1290 1285/1285
f 1283/1283 1286/1286 1291/1291
f 1283/1283 1291/1291 1288/1288
f 1286/1286 1287/1287 1292/1292
f 1286/1286 1292/1292 1291/1291
f 1289/1289 1288/1288 1293/1293
f 1289/1289 1293/1293 1294/1294
f 1289/1289 1294/1294 1295/1295
f 1289/1289 1295/1295 1290/1290
f 1288/1288 1291/1291 1296/1296
f 1288/1288 1296/1296 1293/1293
f 1291/1291 1292/1292 1297/1297
f 1291/1291 1297/1297 1296/1296
f 1294/1294 1293/1293 1298/1298
f 1294/1294 1298/1298 1299/1299
f 1294/1294 1299/1299 1300/1300
f 1294/1294 1300/1300 1295/1295
f 1293/1293 1296/1296 1301/1301
f 1293/1293 1301/1301 1298/1298
f 1296/1296 1297/1297 1302/1302
f 1296/1296 1302/1302 1301/1301
f 1299/1299 1298/1298 1303/1303
f 1299/1299 1303/1303 1304/1304
f 1299/1299 1304/1304 1305/1305
f 1299/1299 1305/1305 1300/1300
f 1298/1298 1301/1301 1306/1306
f 1298/1298 1306/1306 1303/1303
f 1301/1301 1302/1302 1307/1307
f 1301/1301 1307/1307 1306/1306
f 1304/1304 1303/1303 1308/1308
f 1304/1304 1308/1308 1309/1309
f 1304/1304 1309/1309 1310/1310
f 1304/1304 1310/1310 1305/1305
f 1303/1303 1306/1306 1311/1311
f 1303/1303 1311/1311 1308/1308
f 1306/1306 1307/1307 1312/1312
f 1306/1306 1312/1312 1311/1311
f 1309/1309 1308/1308 1313/1313
f 1309/1309 1313/1313 1314/1314
f 1309/1309 1314/1314 1315/1315
f 1309/1309 1315/1315 1310/1310
f 1308/1308 1311/1311 1316/1316
f 1308/1308 1316/1316 1313/1313
f 1311/1311 1312/1312 1317/1317
f 1311/1311 1317/1317 1316/1316
f 1314/1314 1313/1313 1318/1318
f 1314/1314 1318/1318 1319/1319
f 1314/1314 1319/1319 1320/1320
f 1314/1314 1320/1320 1315/1315
f 1313/1313 1316/1316 1321/1321
f 1313/1313 1321/1321 1318/1318
f 1316/1316 1317/1317 1322/1322
f 1316/1316 1322/1322 1321/1321
f 1323/1323 924/924 926/926
f 1323/1323 926/926 1324/1324
f 1323/1323 1325/1325 1326/1326
f 1323/1323 1326/1326 924/924
f 1323/1323 1324/1324 1327/1327
f 1323/1323 1327/1327 1325/1325
f 924/924 1326/1326 1328/1328
f 924/924 1328/1328 925/925
f 932/932 1329/1329 1330/1330
f 932/932 1330/1330 935/935
f 935/935 1331/1331 1332/1332
f 935/935 1332/1332 936/936
f 935/935 1330/1330 1333/1333
f 935/935 1333/1333 1331/1331
f 1331/1331 1333/1333 1334/1334
f 1331/1331 1334/1334 1332/1332
f 1335/1335 941/941 940/940
f 1335/1335 940/940 1336/1336
f 1336/1336 940/940 1337/1337
f 1336/1336 1337/1337 1338/1338
f 1335/1335 1339/1339 1340/1340
f 1335/1335 1340/1340 941/941
f 1335/1335 1336/1336 1338/1338
f 1335/1335 1338/1338 1339/1339
f 948/948 1341/1341 1342/1342
f 948/948 1342/1342 945/945
f 945/945 1342/1342 1343/1343
f 945/945 1343/1343 1344/1344
f 948/948 1345/1345 1346/1346
f 948/948 1346/1346 1341/1341
f 1341/1341 1346/1346 1343/1343
f 1341/1341 1343/1343 1342/1342
f 1347/1347 954/954 953/953
f 1347/1347 953/953 1348/1348
f 1347/1347 1348/1348 1349/1349
f 1347/1347 1349/1349 1350/1350
f 961/961 1351/1351 1352/1352
f 961/961 1352/1352 962/962
f 1351/1351 1353/1353 1354/1354
f 1351/1351 1354/1354 1352/1352
f 1348/1348 953/953 965/965
f 1348/1348 965/965 1355/1355
f 1348/1348 1355/1355 1356/1356
f 1348/1348 1356/1356 1349/1349
f 962/962 1352/1352 1357/1357
f 962/962 1357/1357 969/969
f 1352/1352 1354/1354 1358/1358
f 1352/1352 1358/1358 1357/1357
f 1355/1355 965/965 972/972
f 1355/1355 972/972 1359/1359
f 1355/1355 1359/1359 1360/1360
f 1355/1355 1360/1360 1356/1356
f 969/969 1357/1357 1361/1361
f 969/969 1361/1361 976/976
f 1357/1357 1358/1358 1362/1362
f 1357/1357 1362/1362 1361/1361
f 1363/1363 979/979 981/981
f 1363/1363 981/981 1364/1364
f 1363/1363 1365/1365 1366/1366
f 1363/1363 1366/1366 979/979
f 1363/1363 1364/1364 1367/1367
f 1363/1363 1367/1367 1365/1365
f 985/985 1368/1368 1369/1369
f 985/985 1369/1369 986/986
f 985/985 1370/1370 1371/1371
f 985/985 1371/1371 1368/1368
f 1368/1368 1371/1371 1372/1372
f 1368/1368 1372/1372 1369/1369
f 1373/1373 987/987 989/989
f 1373/1373 989/989 1374/1374
f 1373/1373 1375/1375 1376/1376
f 1373/1373 1376/1376 987/987
f 1373/1373 1374/1374 1377/1377
f 1373/1373 1377/1377 1375/1375
f 991/991 1378/1378 1379/1379
f 991/991 1379/1379 992/992
f 991/991 1380/1380 1381/1381
f 991/991 1381/1381 1378/1378
f 1378/1378 1381/1381 1382/1382
f 1378/1378 1382/1382 1379/1379
f 1383/1383 993/993 995/995
f 1383/1383 995/995 1384/1384
f 1383/1383 1385/1385 1386/1386
f 1383/1383 1386/1386 993/993
f 1383/1383 1384/1384 1387/1387
f 1383/1383 1387/1387 1385/1385
f 997/997 1388/1388 1389/1389
f 997/997 1389/1389 998/998
f 997/997 1390/1390 1391/1391
f 997/997 1391/1391 1388/1388
f 1388/1388 1391/1391 1392/1392
f 1388/1388 1392/1392 1389/1389
f 1384/1384 995/995 999/999
f 1384/1384 999/999 1393/1393
f 1384/1384 1393/1393 1394/1394
f 1384/1384 1394/1394 1387/1387
f 998/998 1389/1389 1395/1395
f 998/998 1395/1395 1000/1000
f 1389/1389 1392/1392 1396/1396
f 1389/1389 1396/1396 1395/1395
f 1393/1393 999/999 1001/1001
f 1393/1393 1001/1001 1397/1397
f 1393/1393 1397/1397 1398/1398
f 1393/1393 1398/1398 1394/1394
f 1000/1000 1395/1395 1399/1399
f 1000/1000 1399/1399 1002/1002
f 1395/1395 1396/1396 1400/1400
f 1395/1395 1400/1400 1399/1399
f 1397/1397 1001/1001 1003/1003
f 1397/1397 1003/1003 1401/1401
f 1397/1397 1401/1401 1402/1402
f 1397/1397 1402/1402 1398/1398
f 1002/1002 1399/1399 1403/1403
f 1002/1002 1403/1403 1004/1004
f 1399/1399 1400/1400 1404/1404
f 1399/1399 1404/1404 1403/1403
f 1401/1401 1003/1003 1005/1005
f 1401/1401 1005/1005 1405/1405
f 1401/1401 1405/1405 1406/1406
f 1401/1401 1406/1406 1402/1402
f 1004/1004 1403/1403 1407/1407
f 1004/1004 1407/1407 1006/1006
f 1403/1403 1404/1404 1408/1408
f 1403/1403 1408/1408 1407/1407
f 1405/1405 1005/1005 1008/1008
f 1405/1405 1008/1008 1409/1409
f 1409/1409 1008/1008 1410/1410
f 1409/1409 1410/1410 1411/1411
f 1405/1405 1409/1409 1411/1411
f 1405/1405 1411/1411 1406/1406
f 1006/1006 1407/1407 1412/1412
f 1006/1006 1412/1412 1009/1009
f 1009/1009 1412/1412 1413/1413
f 1009/1009 1413/1413 1414/1414
f 1407/1407 1408/1408 1413/1413
f 1407/1407 1413/1413 1412/1412
f 1415/1415 1013/1013 1012/1012
f 1415/1415 1012/1012 1416/1416
f 1416/1416 1012/1012 1417/1417
f 1416/1416 1417/1417 1418/1418
f 1415/1415 1416/1416 1418/1418
f 1415/1415 1418/1418 1419/1419
f 1016/1016 1420/1420 1421/1421
f 1016/1016 1421/1421 1014/1014
f 1014/1014 1421/1421 1422/1422
f 1014/1014 1422/1422 1423/1423
f 1420/1420 1424/1424 1422/1422
f 1420/1420 1422/1422 1421/1421
f 1425/1425 1021/1021 1020/1020
f 1425/1425 1020/1020 1426/1426
f 1426/1426 1020/1020 1427/1427
f 1426/1426 1427/1427 1428/1428
f 1425/1425 1426/1426 1428/1428
f 1425/1425 1428/1428 1429/1429
f 1020/1020 1019/1019 1430/1430
f 1020/1020 1430/1430 1427/1427
f 1019/1019 1022/1022 1431/1431
f 1019/1019 1431/1431 1430/1430
f 1022/1022 1023/1023 1432/1432
f 1022/1022 1432/1432 1431/1431
f 1023/1023 1024/1024 1433/1433
f 1023/1023 1433/1433 1432/1432
f 1024/1024 1025/1025 1434/1434
f 1024/1024 1434/1434 1433/1433
f 1025/1025 1028/1028 1435/1435
f 1025/1025 1435/1435 1434/1434
f 1029/1029 1436/1436 1437/1437
f 1029/1029 1437/1437 1028/1028
f 1028/1028 1437/1437 1438/1438
f 1028/1028 1438/1438 1435/1435
f 1436/1436 1439/1439 1438/1438
f 1436/1436 1438/1438 1437/1437
f 1030/1030 1440/1440 1441/1441
f 1030/1030 1441/1441 1031/1031
f 1030/1030 1032/1032 1442/1442
f 1030/1030 1442/1442 1440/1440
f 1031/1031 1441/1441 1443/1443
f 1031/1031 1443/1443 1033/1033
f 1033/1033 1443/1443 1444/1444
f 1033/1033 1444/1444 1034/1034
f 1034/1034 1444/1444 1445/1445
f 1034/1034 1445/1445 1035/1035
f 1035/1035 1445/1445 1446/1446
f 1035/1035 1446/1446 1036/1036
f 1036/1036 1446/1446 1447/1447
f 1036/1036 1447/1447 1037/1037
f 1037/1037 1447/1447 1448/1448
f 1037/1037 1448/1448 1038/1038
f 1038/1038 1448/1448 1449/1449
f 1038/1038 1449/1449 1039/1039
f 1039/1039 1449/1449 1450/1450
f 1039/1039 1450/1450 1040/1040
f 1040/1040 1450/1450 1451/1451
f 1040/1040 1451/1451 1041/1041
f 1041/1041 1451/1451 1452/1452
f 1041/1041 1452/1452 1042/1042
f 1042/1042 1452/1452 1453/1453
f 1042/1042 1453/1453 1043/1043
f 1043/1043 1453/1453 1454/1454
f 1043/1043 1454/1454 1044/1044
f 1044/1044 1454/1454 1455/1455
f 1044/1044 1455/1455 1045/1045
f 1045/1045 1455/1455 1456/1456
f 1045/1045 1456/1456 1046/1046
f 1046/1046 1456/1456 1457/1457
f 1046/1046 1457/1457 1047/1047
f 1047/1047 1457/1457 1458/1458
f 1047/1047 1458/1458 1048/1048
f 1048/1048 1458/1458 1459/1459
f 1048/1048 1459/1459 1049/1049
f 1049/1049 1459/1459 1460/1460
f 1049/1049 1460/1460 1050/1050
f 1051/1051 1461/1461 1462/1462
f 1051/1051 1462/1462 1052/1052
f 1051/1051 1053/1053 1463/1463
f 1051/1051 1463/1463 1461/1461
f 1054/1054 1464/1464 1465/1465
f 1054/1054 1465/1465 1055/1055
f 1055/1055 1465/1465 1466/1466
f 1055/1055 1466/1466 1056/1056
f 1058/1058 1057/1057 1467/1467
f 1058/1058 1467/1467 1468/1468
f 1053/1053 1058/1058 1468/1468
f 1053/1053 1468/1468 1463/1463
f 1060/1060 1059/1059 1469/1469
f 1060/1060 1469/1469 1470/1470
f 1056/1056 1466/1466 1469/1469
f 1056/1056 1469/1469 1059/1059
f 1062/1062 1061/1061 1471/1471
f 1062/1062 1471/1471 1472/1472
f 1063/1063 1062/1062 1472/1472
f 1063/1063 1472/1472 1473/1473
f 1061/1061 1064/1064 1474/1474
f 1061/1061 1474/1474 1471/1471
f 1064/1064 1065/1065 1475/1475
f 1064/1064 1475/1475 1474/1474
f 1065/1065 1066/1066 1476/1476
f 1065/1065 1476/1476 1475/1475
f 1068/1068 1067/1067 1477/1477
f 1068/1068 1477/1477 1478/1478
f 1067/1067 1069/1069 1479/1479
f 1067/1067 1479/1479 1477/1477
f 1069/1069 1070/1070 1480/1480
f 1069/1069 1480/1480 1479/1479
f 1070/1070 1071/1071 1481/1481
f 1070/1070 1481/1481 1480/1480
f 1072/1072 1482/1482 1481/1481
f 1072/1072 1481/1481 1071/1071
f 1076/1076 1075/1075 1483/1483
f 1076/1076 1483/1483 1484/1484
f 1079/1079 1485/1485 1486/1486
f 1079/1079 1486/1486 1080/1080
f 1083/1083 1082/1082 1487/1487
f 1083/1083 1487/1487 1488/1488
f 1075/1075 1083/1083 1488/1488
f 1075/1075 1488/1488 1483/1483
f 1086/1086 1085/1085 1489/1489
f 1086/1086 1489/1489 1490/1490
f 1080/1080 1486/1486 1489/1489
f 1080/1080 1489/1489 1085/1085
f 1090/1090 1089/1089 1491/1491
f 1090/1090 1491/1491 1492/1492
f 1091/1091 1090/1090 1492/1492
f 1091/1091 1492/1492 1493/1493
f 1089/1089 1092/1092 1494/1494
f 1089/1089 1494/1494 1491/1491
f 1094/1094 1096/1096 1495/1495
f 1094/1094 1495/1495 1496/1496
f 1096/1096 1099/1099 1497/1497
f 1096/1096 1497/1497 1495/1495
f 1100/1100 1498/1498 1497/1497
f 1100/1100 1497/1497 1099/1099
f 1499/1499 1106/1106 1105/1105
f 1499/1499 1105/1105 1500/1500
f 1499/1499 1500/1500 1501/1501
f 1499/1499 1501/1501 1502/1502
f 1109/1109 1503/1503 1504/1504
f 1109/1109 1504/1504 1110/1110
f 1503/1503 1505/1505 1506/1506
f 1503/1503 1506/1506 1504/1504
f 1113/1113 1507/1507 1508/1508
f 1113/1113 1508/1508 1114/1114
f 1113/1113 1115/1115 1509/1509
f 1113/1113 1509/1509 1507/1507
f 1118/1118 1510/1510 1511/1511
f 1118/1118 1511/1511 1121/1121
f 1121/1121 1511/1511 1512/1512
f 1121/1121 1512/1512 1122/1122
f 1126/1126 1125/1125 1513/1513
f 1126/1126 1513/1513 1514/1514
f 1127/1127 1515/1515 1516/1516
f 1127/1127 1516/1516 1128/1128
f 1127/1127 1126/1126 1514/1514
f 1127/1127 1514/1514 1515/1515
f 1132/1132 1131/1131 1517/1517
f 1132/1132 1517/1517 1518/1518
f 1133/1133 1519/1519 1520/1520
f 1133/1133 1520/1520 1134/1134
f 1134/1134 1520/1520 1517/1517
f 1134/1134 1517/1517 1131/1131
f 1138/1138 1137/1137 1521/1521
f 1138/1138 1521/1521 1522/1522
f 1139/1139 1138/1138 1522/1522
f 1139/1139 1522/1522 1523/1523
f 1141/1141 1145/1145 1524/1524
f 1141/1141 1524/1524 1525/1525
f 1146/1146 1526/1526 1524/1524
f 1146/1146 1524/1524 1145/1145
f 1527/1527 1152/1152 1151/1151
f 1527/1527 1151/1151 1528/1528
f 1527/1527 1528/1528 1529/1529
f 1527/1527 1529/1529 1530/1530
f 1155/1155 1531/1531 1532/1532
f 1155/1155 1532/1532 1156/1156
f 1531/1531 1533/1533 1534/1534
f 1531/1531 1534/1534 1532/1532
f 1159/1159 1535/1535 1536/1536
f 1159/1159 1536/1536 1160/1160
f 1159/1159 1161/1161 1537/1537
f 1159/1159 1537/1537 1535/1535
f 1164/1164 1538/1538 1539/1539
f 1164/1164 1539/1539 1167/1167
f 1167/1167 1539/1539 1540/1540
f 1167/1167 1540/1540 1168/1168
f 1172/1172 1171/1171 1541/1541
f 1172/1172 1541/1541 1542/1542
f 1173/1173 1543/1543 1544/1544
f 1173/1173 1544/1544 1174/1174
f 1173/1173 1172/1172 1542/1542
f 1173/1173 1542/1542 1543/1543
f 1178/1178 1177/1177 1545/1545
f 1178/1178 1545/1545 1546/1546
f 1179/1179 1547/1547 1548/1548
f 1179/1179 1548/1548 1180/1180
f 1180/1180 1548/1548 1545/1545
f 1180/1180 1545/1545 1177/1177
f 1184/1184 1183/1183 1549/1549
f 1184/1184 1549/1549 1550/1550
f 1185/1185 1184/1184 1550/1550
f 1185/1185 1550/1550 1551/1551
f 1187/1187 1191/1191 1552/1552
f 1187/1187 1552/1552 1553/1553
f 1192/1192 1554/1554 1552/1552
f 1192/1192 1552/1552 1191/1191
f 1555/1555 1198/1198 1197/1197
f 1555/1555 1197/1197 1556/1556
f 1555/1555 1556/1556 1557/1557
f 1555/1555 1557/1557 1558/1558
f 1201/1201 1559/1559 1560/1560
f 1201/1201 1560/1560 1202/1202
f 1559/1559 1561/1561 1562/1562
f 1559/1559 1562/1562 1560/1560
f 1556/1556 1197/1197 1205/1205
f 1556/1556 1205/1205 1563/1563
f 1556/1556 1563/1563 1564/1564
f 1556/1556 1564/1564 1557/1557
f 1202/1202 1560/1560 1565/1565
f 1202/1202 1565/1565 1207/1207
f 1560/1560 1562/1562 1566/1566
f 1560/1560 1566/1566 1565/1565
f 1563/1563 1205/1205 1210/1210
f 1563/1563 1210/1210 1567/1567
f 1563/1563 1567/1567 1568/1568
f 1563/1563 1568/1568 1564/1564
f 1207/1207 1565/1565 1569/1569
f 1207/1207 1569/1569 1212/1212
f 1565/1565 1566/1566 1570/1570
f 1565/1565 1570/1570 1569/1569
f 1567/1567 1210/1210 1215/1215
f 1567/1567 1215/1215 1571/1571
f 1567/1567 1571/1571 1572/1572
f 1567/1567 1572/1572 1568/1568
f 1212/1212 1569/1569 1573/1573
f 1212/1212 1573/1573 1217/1217
f 1569/1569 1570/1570 1574/1574
f 1569/1569 1574/1574 1573/1573
f 1571/1571 1215/1215 1220/1220
f 1571/1571 1220/1220 1575/1575
f 1571/1571 1575/1575 1576/1576
f 1571/1571 1576/1576 1572/1572
f 1217/1217 1573/1573 1577/1577
f 1217/1217 1577/1577 1222/1222
f 1573/1573 1574/1574 1578/1578
f 1573/1573 1578/1578 1577/1577
f 1575/1575 1220/1220 1225/1225
f 1575/1575 1225/1225 1579/1579
f 1575/1575 1579/1579 1580/1580
f 1575/1575 1580/1580 1576/1576
f 1222/1222 1577/1577 1581/1581
f 1222/1222 1581/1581 1227/1227
f 1577/1577 1578/1578 1582/1582
f 1577/1577 1582/1582 1581/1581
f 1579/1579 1225/1225 1230/1230
f 1579/1579 1230/1230 1583/1583
f 1579/1579 1583/1583 1584/1584
f 1579/1579 1584/1584 1580/1580
f 1227/1227 1581/1581 1585/1585
f 1227/1227 1585/1585 1232/1232
f 1581/1581 1582/1582 1586/1586
f 1581/1581 1586/1586 1585/1585
f 1583/1583 1230/1230 1235/1235
f 1583/1583 1235/1235 1587/1587
f 1583/1583 1587/1587 1588/1588
f 1583/1583 1588/1588 1584/1584
f 1232/1232 1585/1585 1589/1589
f 1232/1232 1589/1589 1237/1237
f 1585/1585 1586/1586 1590/1590
f 1585/1585 1590/1590 1589/1589
f 1587/1587 1235/1235 1240/1240
f 1587/1587 1240/1240 1591/1591
f 1587/1587 1591/1591 1592/1592
f 1587/1587 1592/1592 1588/1588
f 1237/1237 1589/1589 1593/1593
f 1237/1237 1593/1593 1242/1242
f 1589/1589 1590/1590 1594/1594
f 1589/1589 1594/1594 1593/1593
f 1591/1591 1240/1240 1245/1245
f 1591/1591 1245/1245 1595/1595
f 1591/1591 1595/1595 1596/1596
f 1591/1591 1596/1596 1592/1592
f 1242/1242 1593/1593 1597/1597
f 1242/1242 1597/1597 1247/1247
f 1593/1593 1594/1594 1598/1598
f 1593/1593 1598/1598 1597/1597
f 1595/1595 1245/1245 1250/1250
f 1595/1595 1250/1250 1599/1599
f 1595/1595 1599/1599 1600/1600
f 1595/1595 1600/1600 1596/1596
f 1247/1247 1597/1597 1601/1601
f 1247/1247 1601/1601 1252/1252
f 1597/1597 1598/1598 1602/1602
f 1597/1597 1602/1602 1601/1601
f 1599/1599 1250/1250 1255/1255
f 1599/1599 1255/1255 1603/1603
f 1599/1599 1603/1603 1604/1604
f 1599/1599 1604/1604 1600/1600
f 1252/1252 1601/1601 1605/1605
f 1252/1252 1605/1605 1257/1257
f 1601/1601 1602/1602 1606/1606
f 1601/1601 1606/1606 1605/1605
f 1603/1603 1255/1255 1260/1260
f 1603/1603 1260/1260 1607/1607
f 1603/1603 1607/1607 1608/1608
f 1603/1603 1608/1608 1604/1604
f 1257/1257 1605/1605 1609/1609
f 1257/1257 1609/1609 1262/1262
f 1605/1605 1606/1606 1610/1610
f 1605/1605 1610/1610 1609/1609
f 1607/1607 1260/1260 1265/1265
f 1607/1607 1265/1265 1611/1611
f 1607/1607 1611/1611 1612/1612
f 1607/1607 1612/1612 1608/1608
f 1262/1262 1609/1609 1613/1613
f 1262/1262 1613/1613 1267/1267
f 1609/1609 1610/1610 1614/1614
f 1609/1609 1614/1614 1613/1613
f 1611/1611 1265/1265 1270/1270
f 1611/1611 1270/1270 1615/1615
f 1611/1611 1615/1615 1616/1616
f 1611/1611 1616/1616 1612/1612
f 1267/1267 1613/1613 1617/1617
f 1267/1267 1617/1617 1272/1272
f 1613/1613 1614/1614 1618/1618
f 1613/1613 1618/1618 1617/1617
f 1615/1615 1270/1270 1275/1275
f 1615/1615 1275/1275 1619/1619
f 1615/1615 1619/1619 1620/1620
f 1615/1615 1620/1620 1616/1616
f 1272/1272 1617/1617 1621/1621
f 1272/1272 1621/1621 1277/1277
f 1617/1617 1618/1618 1622/1622
f 1617/1617 1622/1622 1621/1621
f 1619/1619 1275/1275 1280/1280
f 1619/1619 1280/1280 1623/1623
f 1619/1619 1623/1623 1624/1624
f 1619/1619 1624/1624 1620/1620
f 1277/1277 1621/1621 1625/1625
f 1277/1277 1625/1625 1282/1282
f 1621/1621 1622/1622 1626/1626
f 1621/1621 1626/1626 1625/1625
f 1623/1623 1280/1280 1285/1285
f 1623/1623 1285/1285 1627/1627
f 1623/1623 1627/1627 1628/1628
f 1623/1623 1628/1628 1624/1624
f 1282/1282 1625/1625 1629/1629
f 1282/1282 1629/1629 1287/1287
f 1625/1625 1626/1626 1630/1630
f 1625/1625 1630/1630 1629/1629
f 1627/1627 1285/1285 1290/1290
f 1627/1627 1290/1290 1631/1631
f 1627/1627 1631/1631 1632/1632
f 1627/1627 1632/1632 1628/1628
f 1287/1287 1629/1629 1633/1633
f 1287/1287 1633/1633 1292/1292
f 1629/1629 1630/1630 1634/1634
f 1629/1629 1634/1634 1633/1633
f 1631/1631 1290/1290 1295/1295
f 1631/1631 1295/1295 1635/1635
f 1631/1631 1635/1635 1636/1636
f 1631/1631 1636/1636 1632/1632
f 1292/1292 1633/1633 1637/1637
f 1292/1292 1637/1637 1297/1297
f 1633/1633 1634/1634 1638/1638
f 1633/1633 1638/1638 1637/1637
f 1635/1635 1295/1295 1300/1300
f 1635/1635 1300/1300 1639/1639
f 1635/1635 1639/1639 1640/1640
f 1635/1635 1640/1640 1636/1636
f 1297/1297 1637/1637 1641/1641
f 1297/1297 1641/1641 1302/1302
f 1637/1637 1638/1638 1642/1642
f 1637/1637 1642/1642 1641/1641
f 1639/1639 1300/1300 1305/1305
f 1639/1639 1305/1305 1643/1643
f 1639/1639 1643/1643 1644/1644
f 1639/1639 1644/1644 1640/1640
f 1302/1302 1641/1641 1645/1645
f 1302/1302 1645/1645 1307/1307
f 1641/1641 1642/1642 1646/1646
f 1641/1641 1646/1646 1645/1645
f 1643/1643 1305/1305 1310/1310
f 1643/1643 1310/1310 1647/1647
f 1643/1643 1647/1647 1648/1648
f 1643/1643 1648/1648 1644/1644
f 1307/1307 1645/1645 1649/1649
f 1307/1307 1649/1649 1312/1312
f 1645/1645 1646/1646 1650/1650
f 1645/1645 1650/1650 1649/1649
f 1647/1647 1310/1310 1315/1315
f 1647/1647 1315/1315 1651/1651
f 1647/1647 1651/1651 1652/1652
f 1647/1647 1652/1652 1648/1648
f 1312/1312 1649/1649 1653/1653
f 1312/1312 1653/1653 1317/1317
f 1649/1649 1650/1650 1654/1654
f 1649/1649 1654/1654 1653/1653
f 1651/1651 1315/1315 1320/1320
f 1651/1651 1320/1320 1655/1655
f 1651/1651 1655/1655 1656/1656
f 1651/1651 1656/1656 1652/1652
f 1317/1317 1653/1653 1657/1657
f 1317/1317 1657/1657 1322/1322
f 1653/1653 1654/1654 1658/1658
f 1653/1653 1658/1658 1657/1657
f 1325/1325 1659/1659 1660/1660
f 1325/1325 1660/1660 1326/1326
f 1325/1325 1327/1327 1661/1661
f 1325/1325 1661/1661 1659/1659
f 1330/1330 1662/1662 1663/1663
f 1330/1330 1663/1663 1333/1333
f 1333/1333 1663/1663 1664/1664
f 1333/1333 1664/1664 1334/1334
f 1338/1338 1337/1337 1665/1665
f 1338/1338 1665/1665 1666/1666
f 1339/1339 1667/1667 1668/1668
f 1339/1339 1668/1668 1340/1340
f 1339/1339 1338/1338 1666/1666
f 1339/1339 1666/1666 1667/1667
f 1344/1344 1343/1343 1669/1669
f 1344/1344 1669/1669 1670/1670
f 1345/1345 1671/1671 1672/1672
f 1345/1345 1672/1672 1346/1346
f 1346/1346 1672/1672 1669/1669
f 1346/1346 1669/1669 1343/1343
f 1350/1350 1349/1349 1673/1673
f 1350/1350 1673/1673 1674/1674
f 1353/1353 1675/1675 1676/1676
f 1353/1353 1676/1676 1354/1354
f 1349/1349 1356/1356 1677/1677
f 1349/1349 1677/1677 1673/1673
f 1354/1354 1676/1676 1678/1678
f 1354/1354 1678/1678 1358/1358
f 1356/1356 1360/1360 1679/1679
f 1356/1356 1679/1679 1677/1677
f 1358/1358 1678/1678 1680/1680
f 1358/1358 1680/1680 1362/1362
f 1365/1365 1681/1681 1682/1682
f 1365/1365 1682/1682 1366/1366
f 1365/1365 1367/1367 1683/1683
f 1365/1365 1683/1683 1681/1681
f 1370/1370 1684/1684 1685/1685
f 1370/1370 1685/1685 1371/1371
f 1371/1371 1685/1685 1686/1686
f 1371/1371 1686/1686 1372/1372
f 1375/1375 1687/1687 1688/1688
f 1375/1375 1688/1688 1376/1376
f 1375/1375 1377/1377 1689/1689
f 1375/1375 1689/1689 1687/1687
f 1380/1380 1690/1690 1691/1691
f 1380/1380 1691/1691 1381/1381
f 1381/1381 1691/1691 1692/1692
f 1381/1381 1692/1692 1382/1382
f 1385/1385 1693/1693 1694/1694
f 1385/1385 1694/1694 1386/1386
f 1385/1385 1387/1387 1695/1695
f 1385/1385 1695/1695 1693/1693
f 1390/1390 1696/1696 1697/1697
f 1390/1390 1697/1697 1391/1391
f 1391/1391 1697/1697 1698/1698
f 1391/1391 1698/1698 1392/1392
f 1387/1387 1394/1394 1699/1699
f 1387/1387 1699/1699 1695/1695
f 1392/1392 1698/1698 1700/1700
f 1392/1392 1700/1700 1396/1396
f 1394/1394 1398/1398 1701/1701
f 1394/1394 1701/1701 1699/1699
f 1396/1396 1700/1700 1702/1702
f 1396/1396 1702/1702 1400/1400
f 1398/1398 1402/1402 1703/1703
f 1398/1398 1703/1703 1701/1701
f 1400/1400 1702/1702 1704/1704
f 1400/1400 1704/1704 1404/1404
f 1402/1402 1406/1406 1705/1705
f 1402/1402 1705/1705 1703/1703
f 1404/1404 1704/1704 1706/1706
f 1404/1404 1706/1706 1408/1408
f 1411/1411 1410/1410 1707/1707
f 1411/1411 1707/1707 1708/1708
f 1406/1406 1411/1411 1708/1708
f 1406/1406 1708/1708 1705/1705
f 1414/1414 1413/1413 1709/1709
f 1414/1414 1709/1709 1710/1710
f 1408/1408 1706/1706 1709/1709
f 1408/1408 1709/1709 1413/1413
f 1418/1418 1417/1417 1711/1711
f 1418/1418 1711/1711 1712/1712
f 1419/1419 1418/1418 1712/1712
f 1419/1419 1712/1712 1713/1713
f 1423/1423 1422/1422 1714/1714
f 1423/1423 1714/1714 1715/1715
f 1424/1424 1716/1716 1714/1714
f 1424/1424 1714/1714 1422/1422
f 1428/1428 1427/1427 1717/1717
f 1428/1428 1717/1717 1718/1718
f 1429/1429 1428/1428 1718/1718
f 1429/1429 1718/1718 1719/1719
f 1427/1427 1430/1430 1720/1720
f 1427/1427 1720/1720 1717/1717
f 1430/1430 1431/1431 1721/1721
f 1430/1430 1721/1721 1720/1720
f 1431/1431 1432/1432 1722/1722
f 1431/1431 1722/1722 1721/1721
f 1432/1432 1433/1433 1723/1723
f 1432/1432 1723/1723 1722/1722
f 1433/1433 1434/1434 1724/1724
f 1433/1433 1724/1724 1723/1723
f 1434/1434 1435/1435 1725/1725
f 1434/1434 1725/1725 1724/1724
f 1435/1435 1438/1438 1726/1726
f 1435/1435 1726/1726 1725/1725
f 1439/1439 1727/1727 1726/1726
f 1439/1439 1726/1726 1438/1438
f 1440/1440 1728/1728 1729/1729
f 1440/1440 1729/1729 1441/1441
f 1440/1440 1442/1442 1730/1730
f 1440/1440 1730/1730 1728/1728
f 1441/1441 1729/1729 1731/1731
f 1441/1441 1731/1731 1443/1443
f 1443/1443 1731/1731 1732/1732
f 1443/1443 1732/1732 1444/1444
f 1444/1444 1732/1732 1733/1733
f 1444/1444 1733/1733 1445/1445
f 1445/1445 1733/1733 1734/1734
f 1445/1445 1734/1734 1446/1446
f 1446/1446 1734/1734 1735/1735
f 1446/1446 1735/1735 1447/1447
f 1447/1447 1735/1735 1736/1736
f 1447/1447 1736/1736 1448/1448
f 1448/1448 1736/1736 1737/1737
f 1448/1448 1737/1737 1449/1449
f 1449/1449 1737/1737 1738/1738
f 1449/1449 1738/1738 1450/1450
f 1450/1450 1738/1738 1739/1739
f 1450/1450 1739/1739 1451/1451
f 1451/1451 1739/1739 1740/1740
f 1451/1451 1740/1740 1452/1452
f 1452/1452 1740/1740 1741/1741
f 1452/1452 1741/1741 1453/1453
f 1453/1453 1741/1741 1742/1742
f 1453/1453 1742/1742 1454/1454
f 1454/1454 1742/1742 1743/1743
f 1454/1454 1743/1743 1455/1455
f 1455/1455 1743/1743 1744/1744
f 1455/1455 1744/1744 1456/1456
f 1456/1456 1744/1744 1745/1745
f 1456/1456 1745/1745 1457/1457
f 1457/1457 1745/1745 1746/1746
f 1457/1457 1746/1746 1458/1458
f 1458/1458 1746/1746 1747/1747
f 1458/1458 1747/1747 1459/1459
f 1459/1459 1747/1747 1748/1748
f 1459/1459 1748/1748 1460/1460
f 1461/1461 1749/1749 1750/1750
f 1461/1461 1750/1750 1462/1462
f 1461/1461 1463/1463 1751/1751
f 1461/1461 1751/1751 1749/1749
f 1464/1464 1752/1752 1753/1753
f 1464/1464 1753/1753 1465/1465
f 1465/1465 1753/1753 1754/1754
f 1465/1465 1754/1754 1466/1466
f 1468/1468 1467/1467 1755/1755
f 1468/1468 1755/1755 1756/1756
f 1463/1463 1468/1468 1756/1756
f 1463/1463 1756/1756 1751/1751
f 1470/1470 1469/1469 1757/1757
f 1470/1470 1757/1757 1758/1758
f 1466/1466 1754/1754 1757/1757
f 1466/1466 1757/1757 1469/1469
f 1472/1472 1471/1471 1759/1759
f 1472/1472 1759/1759 1760/1760
f 1473/1473 1472/1472 1760/1760
f 1473/1473 1760/1760 1761/1761
f 1471/1471 1474/1474 1762/1762
f 1471/1471 1762/1762 1759/1759
f 1474/1474 1475/1475 1763/1763
f 1474/1474 1763/1763 1762/1762
f 1475/1475 1476/1476 1764/1764
f 1475/1475 1764/1764 1763/1763
f 1478/1478 1477/1477 1765/1765
f 1478/1478 1765/1765 1766/1766
f 1477/1477 1479/1479 1767/1767
f 1477/1477 1767/1767 1765/1765
f 1479/1479 1480/1480 1768/1768
f 1479/1479 1768/1768 1767/1767
f 1480/1480 1481/1481 1769/1769
f 1480/1480 1769/1769 1768/1768
f 1482/1482 1770/1770 1769/1769
f 1482/1482 1769/1769 1481/1481
f 1484/1484 1483/1483 1771/1771
f 1484/1484 1771/1771 1772/1772
f 1485/1485 1773/1773 1774/1774
f 1485/1485 1774/1774 1486/1486
f 1488/1488 1487/1487 1775/1775
f 1488/1488 1775/1775 1776/1776
f 1483/1483 1488/1488 1776/1776
f 1483/1483 1776/1776 1771/1771
f 1490/1490 1489/1489 1777/1777
f 1490/1490 1777/1777 1778/1778
f 1486/1486 1774/1774 1777/1777
f 1486/1486 1777/1777 1489/1489
f 1492/1492 1491/1491 1779/1779
f 1492/1492 1779/1779 1780/1780
f 1493/1493 1492/1492 1780/1780
f 1493/1493 1780/1780 1781/1781
f 1491/1491 1494/1494 1782/1782
f 1491/1491 1782/1782 1779/1779
f 1496/1496 1495/1495 1783/1783
f 1496/1496 1783/1783 1784/1784
f 1495/1495 1497/1497 1785/1785
f 1495/1495 1785/1785 1783/1783
f 1498/1498 1786/1786 1785/1785
f 1498/1498 1785/1785 1497/1497
f 1787/1787 1788/1788 1789/1789
f 1787/1787 1789/1789 1790/1790
f 1502/1502 1501/1501 1788/1788
f 1502/1502 1788/1788 1787/1787
f 1791/1791 1792/1792 1793/1793
f 1791/1791 1793/1793 1794/1794
f 1505/1505 1794/1794 1793/1793
f 1505/1505 1793/1793 1506/1506
f 1507/1507 1795/1795 1796/1796
f 1507/1507 1796/1796 1508/1508
f 1507/1507 1509/1509 1797/1797
f 1507/1507 1797/1797 1795/1795
f 1510/1510 1798/1798 1799/1799
f 1510/1510 1799/1799 1511/1511
f 1511/1511 1799/1799 1800/1800
f 1511/1511 1800/1800 1512/1512
f 1514/1514 1513/1513 1801/1801
f 1514/1514 1801/1801 1802/1802
f 1515/1515 1803/1803 1804/1804
f 1515/1515 1804/1804 1516/1516
f 1515/1515 1514/1514 1802/1802
f 1515/1515 1802/1802 1803/1803
f 1518/1518 1517/1517 1805/1805
f 1518/1518 1805/1805 1806/1806
f 1519/1519 1807/1807 1808/1808
f 1519/1519 1808/1808 1520/1520
f 1520/1520 1808/1808 1805/1805
f 1520/1520 1805/1805 1517/1517
f 1522/1522 1521/1521 1809/1809
f 1522/1522 1809/1809 1810/1810
f 1523/1523 1522/1522 1810/1810
f 1523/1523 1810/1810 1811/1811
f 1525/1525 1524/1524 1812/1812
f 1525/1525 1812/1812 1813/1813
f 1526/1526 1814/1814 1812/1812
f 1526/1526 1812/1812 1524/1524
f 1815/1815 1816/1816 1817/1817
f 1815/1815 1817/1817 1818/1818
f 1530/1530 1529/1529 1816/1816
f 1530/1530 1816/1816 1815/1815
f 1819/1819 1820/1820 1821/1821
f 1819/1819 1821/1821 1822/1822
f 1533/1533 1822/1822 1821/1821
f 1533/1533 1821/1821 1534/1534
f 1535/1535 1823/1823 1824/1824
f 1535/1535 1824/1824 1536/1536
f 1535/1535 1537/1537 1825/1825
f 1535/1535 1825/1825 1823/1823
f 1538/1538 1826/1826 1827/1827
f 1538/1538 1827/1827 1539/1539
f 1539/1539 1827/1827 1828/1828
f 1539/1539 1828/1828 1540/1540
f 1542/1542 1541/1541 1829/1829
f 1542/1542 1829/1829 1830/1830
f 1543/1543 1831/1831 1832/1832
f 1543/1543 1832/1832 1544/1544
f 1543/1543 1542/1542 1830/1830
f 1543/1543 1830/1830 1831/1831
f 1546/1546 1545/1545 1833/1833
f 1546/1546 1833/1833 1834/1834
f 1547/1547 1835/1835 1836/1836
f 1547/1547 1836/1836 1548/1548
f 1548/1548 1836/1836 1833/1833
f 1548/1548 1833/1833 1545/1545
f 1550/1550 1549/1549 1837/1837
f 1550/1550 1837/1837 1838/1838
f 1551/1551 1550/1550 1838/1838
f 1551/1551 1838/1838 1839/1839
f 1553/1553 1552/1552 1840/1840
f 1553/1553 1840/1840 1841/1841
f 1554/1554 1842/1842 1840/1840
f 1554/1554 1840/1840 1552/1552
f 1843/1843 1844/1844 1845/1845
f 1843/1843 1845/1845 1846/1846
f 1558/1558 1557/1557 1844/1844
f 1558/1558 1844/1844 1843/1843
f 1847/1847 1848/1848 1849/1849
f 1847/1847 1849/1849 1850/1850
f 1561/1561 1850/1850 1849/1849
f 1561/1561 1849/1849 1562/1562
f 1844/1844 1851/1851 1852/1852
f 1844/1844 1852/1852 1845/1845
f 1557/1557 1564/1564 1851/1851
f 1557/1557 1851/1851 1844/1844
f 1848/1848 1853/1853 1854/1854
f 1848/1848 1854/1854 1849/1849
f 1562/1562 1849/1849 1854/1854
f 1562/1562 1854/1854 1566/1566
f 1851/1851 1855/1855 1856/1856
f 1851/1851 1856/1856 1852/1852
f 1564/1564 1568/1568 1855/1855
f 1564/1564 1855/1855 1851/1851
f 1853/1853 1857/1857 1858/1858
f 1853/1853 1858/1858 1854/1854
f 1566/1566 1854/1854 1858/1858
f 1566/1566 1858/1858 1570/1570
f 1855/1855 1859/1859 1860/1860
f 1855/1855 1860/1860 1856/1856
f 1568/1568 1572/1572 1859/1859
f 1568/1568 1859/1859 1855/1855
f 1857/1857 1861/1861 1862/1862
f 1857/1857 1862/1862 1858/1858
f 1570/1570 1858/1858 1862/1862
f 1570/1570 1862/1862 1574/1574
f 1859/1859 1863/1863 1864/1864
f 1859/1859 1864/1864 1860/1860
f 1572/1572 1576/1576 1863/1863
f 1572/1572 1863/1863 1859/1859
f 1861/1861 1865/1865 1866/1866
f 1861/1861 1866/1866 1862/1862
f 1574/1574 1862/1862 1866/1866
f 1574/1574 1866/1866 1578/1578
f 1863/1863 1867/1867 1868/1868
f 1863/1863 1868/1868 1864/1864
f 1576/1576 1580/1580 1867/1867
f 1576/1576 1867/1867 1863/1863
f 1865/1865 1869/1869 1870/1870
f 1865/1865 1870/1870 1866/1866
f 1578/1578 1866/1866 1870/1870
f 1578/1578 1870/1870 1582/1582
f 1867/1867 1871/1871 1872/1872
f 1867/1867 1872/1872 1868/1868
f 1580/1580 1584/1584 1871/1871
f 1580/1580 1871/1871 1867/1867
f 1869/1869 1873/1873 1874/1874
f 1869/1869 1874/1874 1870/1870
f 1582/1582 1870/1870 1874/1874
f 1582/1582 1874/1874 1586/1586
f 1871/1871 1875/1875 1876/1876
f 1871/1871 1876/1876 1872/1872
f 1584/1584 1588/1588 1875/1875
f 1584/1584 1875/1875 1871/1871
f 1873/1873 1877/1877 1878/1878
f 1873/1873 1878/1878 1874/1874
f 1586/1586 1874/1874 1878/1878
f 1586/1586 1878/1878 1590/1590
f 1875/1875 1879/1879 1880/1880
f 1875/1875 1880/1880 1876/1876
f 1588/1588 1592/1592 1879/1879
f 1588/1588 1879/1879 1875/1875
f 1877/1877 1881/1881 1882/1882
f 1877/1877 1882/1882 1878/1878
f 1590/1590 1878/1878 1882/1882
f 1590/1590 1882/1882 1594/1594
f 1879/1879 1883/1883 1884/1884
f 1879/1879 1884/1884 1880/1880
f 1592/1592 1596/1596 1883/1883
f 1592/1592 1883/1883 1879/1879
f 1881/1881 1885/1885 1886/1886
f 1881/1881 1886/1886 1882/1882
f 1594/1594 1882/1882 1886/1886
f 1594/1594 1886/1886 1598/1598
f 1883/1883 1887/1887 1888/1888
f 1883/1883 1888/1888 1884/1884
f 1596/1596 1600/1600 1887/1887
f 1596/1596 1887/1887 1883/1883
f 1885/1885 1889/1889 1890/1890
f 1885/1885 1890/1890 1886/1886
f 1598/1598 1886/1886 1890/1890
f 1598/1598 1890/1890 1602/1602
f 1887/1887 1891/1891 1892/1892
f 1887/1887 1892/1892 1888/1888
f 1600/1600 1604/1604 1891/1891
f 1600/1600 1891/1891 1887/1887
f 1889/1889 1893/1893 1894/1894
f 1889/1889 1894/1894 1890/1890
f 1602/1602 1890/1890 1894/1894
f 1602/1602 1894/1894 1606/1606
f 1891/1891 1895/1895 1896/1896
f 1891/1891 1896/1896 1892/1892
f 1604/1604 1608/1608 1895/1895
f 1604/1604 1895/1895 1891/1891
f 1893/1893 1897/1897 1898/1898
f 1893/1893 1898/1898 1894/1894
f 1606/1606 1894/1894 1898/1898
f 1606/1606 1898/1898 1610/1610
f 1895/1895 1899/1899 1900/1900
f 1895/1895 1900/1900 1896/1896
f 1608/1608 1612/1612 1899/1899
f 1608/1608 1899/1899 1895/1895
f 1897/1897 1901/1901 1902/1902
f 1897/1897 1902/1902 1898/1898
f 1610/1610 1898/1898 1902/1902
f 1610/1610 1902/1902 1614/1614
f 1899/1899 1903/1903 1904/1904
f 1899/1899 1904/1904 1900/1900
f 1612/1612 1616/1616 1903/1903
f 1612/1612 1903/1903 1899/1899
f 1901/1901 1905/1905 1906/1906
f 1901/1901 1906/1906 1902/1902
f 1614/1614 1902/1902 1906/1906
f 1614/1614 1906/1906 1618/1618
f 1903/1903 1907/1907 1908/1908
f 1903/1903 1908/1908 1904/1904
f 1616/1616 1620/1620 1907/1907
f 1616/1616 1907/1907 1903/1903
f 1905/1905 1909/1909 1910/1910
f 1905/1905 1910/1910 1906/1906
f 1618/1618 1906/1906 1910/1910
f 1618/1618 1910/1910 1622/1622
f 1907/1907 1911/1911 1912/1912
f 1907/1907 1912/1912 1908/1908
f 1620/1620 1624/1624 1911/1911
f 1620/1620 1911/1911 1907/1907
f 1909/1909 1913/1913 1914/1914
f 1909/1909 1914/1914 1910/1910
f 1622/1622 1910/1910 1914/1914
f 1622/1622 1914/1914 1626/1626
f 1911/1911 1915/1915 1916/1916
f 1911/1911 1916/1916 1912/1912
f 1624/1624 1628/1628 1915/1915
f 1624/1624 1915/1915 1911/1911
f 1913/1913 1917/1917 1918/1918
f 1913/1913 1918/1918 1914/1914
f 1626/1626 1914/1914 1918/1918
f 1626/1626 1918/1918 1630/1630
f 1915/1915 1919/1919 1920/1920
f 1915/1915 1920/1920 1916/1916
f 1628/1628 1632/1632 1919/1919
f 1628/1628 1919/1919 1915/1915
f 1917/1917 1921/1921 1922/1922
f 1917/1917 1922/1922 1918/1918
f 1630/1630 1918/1918 1922/1922
f 1630/1630 1922/1922 1634/1634
f 1919/1919 1923/1923 1924/1924
f 1919/1919 1924/1924 1920/1920
f 1632/1632 1636/1636 1923/1923
f 1632/1632 1923/1923 1919/1919
f 1921/1921 1925/1925 1926/1926
f 1921/1921 1926/1926 1922/1922
f 1634/1634 1922/1922 1926/1926
f 1634/1634 1926/1926 1638/1638
f 1923/1923 1927/1927 1928/1928
f 1923/1923 1928/1928 1924/1924
f 1636/1636 1640/1640 1927/1927
f 1636/1636 1927/1927 1923/1923
f 1925/1925 1929/1929 1930/1930
f 1925/1925 1930/1930 1926/1926
f 1638/1638 1926/1926 1930/1930
f 1638/1638 1930/1930 1642/1642
f 1927/1927 1931/1931 1932/1932
f 1927/1927 1932/1932 1928/1928
f 1640/1640 1644/1644 1931/1931
f 1640/1640 1931/1931 1927/1927
f 1929/1929 1933/1933 1934/1934
f 1929/1929 1934/1934 1930/1930
f 1642/1642 1930/1930 1934/1934
f 1642/1642 1934/1934 1646/1646
f 1931/1931 1935/1935 1936/1936
f 1931/1931 1936/1936 1932/1932
f 1644/1644 1648/1648 1935/1935
f 1644/1644 1935/1935 1931/1931
f 1933/1933 1937/1937 1938/1938
f 1933/1933 1938/1938 1934/1934
f 1646/1646 1934/1934 1938/1938
f 1646/1646 1938/1938 1650/1650
f 1935/1935 1939/1939 1940/1940
f 1935/1935 1940/1940 1936/1936
f 1648/1648 1652/1652 1939/1939
f 1648/1648 1939/1939 1935/1935
f 1937/1937 1941/1941 1942/1942
f 1937/1937 1942/1942 1938/1938
f 1650/1650 1938/1938 1942/1942
f 1650/1650 1942/1942 1654/1654
f 1939/1939 1943/1943 1944/1944
f 1939/1939 1944/1944 1940/1940
f 1652/1652 1656/1656 1943/1943
f 1652/1652 1943/1943 1939/1939
f 1941/1941 1945/1945 1946/1946
f 1941/1941 1946/1946 1942/1942
f 1654/1654 1942/1942 1946/1946
f 1654/1654 1946/1946 1658/1658
f 1659/1659 1947/1947 1948/1948
f 1659/1659 1948/1948 1660/1660
f 1659/1659 1661/1661 1949/1949
f 1659/1659 1949/1949 1947/1947
f 1662/1662 1950/1950 1951/1951
f 1662/1662 1951/1951 1663/1663
f 1663/1663 1951/1951 1952/1952
f 1663/1663 1952/1952 1664/1664
f 1666/1666 1665/1665 1953/1953
f 1666/1666 1953/1953 1954/1954
f 1667/1667 1955/1955 1956/1956
f 1667/1667 1956/1956 1668/1668
f 1667/1667 1666/1666 1954/1954
f 1667/1667 1954/1954 1955/1955
f 1670/1670 1669/1669 1957/1957
f 1670/1670 1957/1957 1958/1958
f 1671/1671 1959/1959 1960/1960
f 1671/1671 1960/1960 1672/1672
f 1672/1672 1960/1960 1957/1957
f 1672/1672 1957/1957 1669/1669
f 1674/1674 1673/1673 1961/1961
f 1674/1674 1961/1961 1962/1962
f 1675/1675 1963/1963 1964/1964
f 1675/1675 1964/1964 1676/1676
f 1673/1673 1677/1677 1965/1965
f 1673/1673 1965/1965 1961/1961
f 1676/1676 1964/1964 1966/1966
f 1676/1676 1966/1966 1678/1678
f 1677/1677 1679/1679 1967/1967
f 1677/1677 1967/1967 1965/1965
f 1678/1678 1966/1966 1968/1968
f 1678/1678 1968/1968 1680/1680
f 1681/1681 1969/1969 1970/1970
f 1681/1681 1970/1970 1682/1682
f 1681/1681 1683/1683 1971/1971
f 1681/1681 1971/1971 1969/1969
f 1684/1684 1972/1972 1973/1973
f 1684/1684 1973/1973 1685/1685
f 1685/1685 1973/1973 1974/1974
f 1685/1685 1974/1974 1686/1686
f 1687/1687 1975/1975 1976/1976
f 1687/1687 1976/1976 1688/1688
f 1687/1687 1689/1689 1977/1977
f 1687/1687 1977/1977 1975/1975
f 1690/1690 1978/1978 1979/1979
f 1690/1690 1979/1979 1691/1691
f 1691/1691 1979/1979 1980/1980
f 1691/1691 1980/1980 1692/1692
f 1693/1693 1981/1981 1982/1982
f 1693/1693 1982/1982 1694/1694
f 1693/1693 1695/1695 1983/1983
f 1693/1693 1983/1983 1981/1981
f 1696/1696 1984/1984 1985/1985
f 1696/1696 1985/1985 1697/1697
f 1697/1697 1985/1985 1986/1986
f 1697/1697 1986/1986 1698/1698
f 1695/1695 1699/1699 1987/1987
f 1695/1695 1987/1987 1983/1983
f 1698/1698 1986/1986 1988/1988
f 1698/1698 1988/1988 1700/1700
f 1699/1699 1701/1701 1989/1989
f 1699/1699 1989/1989 1987/1987
f 1700/1700 1988/1988 1990/1990
f 1700/1700 1990/1990 1702/1702
f 1701/1701 1703/1703 1991/1991
f 1701/1701 1991/1991 1989/1989
f 1702/1702 1990/1990 1992/1992
f 1702/1702 1992/1992 1704/1704
f 1703/1703 1705/1705 1993/1993
f 1703/1703 1993/1993 1991/1991
f 1704/1704 1992/1992 1994/1994
f 1704/1704 1994/1994 1706/1706
f 1708/1708 1707/1707 1995/1995
f 1708/1708 1995/1995 1996/1996
f 1705/1705 1708/1708 1996/1996
f 1705/1705 1996/1996 1993/1993
f 1710/1710 1709/1709 1997/1997
f 1710/1710 1997/1997 1998/1998
f 1706/1706 1994/1994 1997/1997
f 1706/1706 1997/1997 1709/1709
f 1712/1712 1711/1711 1999/1999
f 1712/1712 1999/1999 2000/2000
f 1713/1713 1712/1712 2000/2000
f 1713/1713 2000/2000 2001/2001
f 1715/1715 1714/1714 2002/2002
f 1715/1715 2002/2002 2003/2003
f 1716/1716 2004/2004 2002/2002
f 1716/1716 2002/2002 1714/1714
f 1718/1718 1717/1717 2005/2005
f 1718/1718 2005/2005 2006/2006
f 1719/1719 1718/1718 2006/2006
f 1719/1719 2006/2006 2007/2007
f 1717/1717 1720/1720 2008/2008
f 1717/1717 2008/2008 2005/2005
f 1720/1720 1721/1721 2009/2009
f 1720/1720 2009/2009 2008/2008
f 1721/1721 1722/1722 2010/2010
f 1721/1721 2010/2010 2009/2009
f 1722/1722 1723/1723 2011/2011
f 1722/1722 2011/2011 2010/2010
f 1723/1723 1724/1724 2012/2012
f 1723/1723 2012/2012 2011/2011
f 1724/1724 1725/1725 2013/2013
f 1724/1724 2013/2013 2012/2012
f 1725/1725 1726/1726 2014/2014
f 1725/1725 2014/2014 2013/2013
f 1727/1727 2015/2015 2014/2014
f 1727/1727 2014/2014 1726/1726
f 1728/1728 2016/2016 2017/2017
f 1728/1728 2017/2017 1729/1729
f 1728/1728 1730/1730 2018/2018
f 1728/1728 2018/2018 2016/2016
f 1729/1729 2017/2017 2019/2019
f 1729/1729 2019/2019 1731/1731
f 1731/1731 2019/2019 2020/2020
f 1731/1731 2020/2020 1732/1732
f 1732/1732 2020/2020 2021/2021
f 1732/1732 2021/2021 1733/1733
f 1733/1733 2021/2021 2022/2022
f 1733/1733 2022/2022 1734/1734
f 1734/1734 2022/2022 2023/2023
f 1734/1734 2023/2023 1735/1735
f 1735/1735 2023/2023 2024/2024
f 1735/1735 2024/2024 1736/1736
f 1736/1736 2024/2024 2025/2025
f 1736/1736 2025/2025 1737/1737
f 1737/1737 2025/2025 2026/2026
f 1737/1737 2026/2026 1738/1738
f 1738/1738 2026/2026 2027/2027
f 1738/1738 2027/2027 1739/1739
f 1739/1739 2027/2027 2028/2028
f 1739/1739 2028/2028 1740/1740
f 1740/1740 2028/2028 2029/2029
f 1740/1740 2029/2029 1741/1741
f 1741/1741 2029/2029 2030/2030
f 1741/1741 2030/2030 1742/1742
f 1742/1742 2030/2030 2031/2031
f 1742/1742 2031/2031 1743/1743
f 1743/1743 2031/2031 2032/2032
f 1743/1743 2032/2032 1744/1744
f 1744/1744 2032/2032 2033/2033
f 1744/1744 2033/2033 1745/1745
f 1745/1745 2033/2033 2034/2034
f 1745/1745 2034/2034 1746/1746
f 1746/1746 2034/2034 2035/2035
f 1746/1746 2035/2035 1747/1747
f 1747/1747 2035/2035 2036/2036
f 1747/1747 2036/2036 1748/1748
f 1749/1749 2037/2037 2038/2038
f 1749/1749 2038/2038 1750/1750
f 1749/1749 1751/1751 2039/2039
f 1749/1749 2039/2039 2037/2037
f 1752/1752 2040/2040 2041/2041
f 1752/1752 2041/2041 1753/1753
f 1753/1753 2041/2041 2042/2042
f 1753/1753 2042/2042 1754/1754
f 1756/1756 1755/1755 2043/2043
f 1756/1756 2043/2043 2044/2044
f 1751/1751 1756/1756 2044/2044
f 1751/1751 2044/2044 2039/2039
f 1758/1758 1757/1757 2045/2045
f 1758/1758 2045/2045 2046/2046
f 1754/1754 2042/2042 2045/2045
f 1754/1754 2045/2045 1757/1757
f 1760/1760 1759/1759 2047/2047
f 1760/1760 2047/2047 2048/2048
f 1761/1761 1760/1760 2048/2048
f 1761/1761 2048/2048 2049/2049
f 1759/1759 1762/1762 2050/2050
f 1759/1759 2050/2050 2047/2047
f 1762/1762 1763/1763 2051/2051
f 1762/1762 2051/2051 2050/2050
f 1763/1763 1764/1764 2052/2052
f 1763/1763 2052/2052 2051/2051
f 1766/1766 1765/1765 2053/2053
f 1766/1766 2053/2053 2054/2054
f 1765/1765 1767/1767 2055/2055
f 1765/1765 2055/2055 2053/2053
f 1767/1767 1768/1768 2056/2056
f 1767/1767 2056/2056 2055/2055
f 1768/1768 1769/1769 2057/2057
f 1768/1768 2057/2057 2056/2056
f 1770/1770 2058/2058 2057/2057
f 1770/1770 2057/2057 1769/1769
f 2059/2059 2060/2060 2061/2061
f 2059/2059 2061/2061 2062/2062
f 1772/1772 1771/1771 2060/2060
f 1772/1772 2060/2060 2059/2059
f 2063/2063 2064/2064 2065/2065
f 2063/2063 2065/2065 2066/2066
f 1773/1773 2066/2066 2065/2065
f 1773/1773 2065/2065 1774/1774
f 2060/2060 2067/2067 2068/2068
f 2060/2060 2068/2068 2061/2061
f 1776/1776 1775/1775 2068/2068
f 1776/1776 2068/2068 2067/2067
f 1771/1771 1776/1776 2067/2067
f 1771/1771 2067/2067 2060/2060
f 2064/2064 2069/2069 2070/2070
f 2064/2064 2070/2070 2065/2065
f 1778/1778 1777/1777 2070/2070
f 1778/1778 2070/2070 2069/2069
f 1774/1774 2065/2065 2070/2070
f 1774/1774 2070/2070 1777/1777
f 2071/2071 2072/2072 2073/2073
f 2071/2071 2073/2073 2074/2074
f 1780/1780 1779/1779 2073/2073
f 1780/1780 2073/2073 2072/2072
f 1781/1781 1780/1780 2072/2072
f 1781/1781 2072/2072 2071/2071
f 1779/1779 1782/1782 2075/2075
f 1779/1779 2075/2075 2073/2073
f 1782/1782 2076/2076 2077/2077
f 1782/1782 2077/2077 2075/2075
f 2078/2078 1784/1784 2079/2079
f 2078/2078 2079/2079 2080/2080
f 1784/1784 1783/1783 2081/2081
f 1784/1784 2081/2081 2079/2079
f 2082/2082 2081/2081 2083/2083
f 2082/2082 2083/2083 2084/2084
f 1783/1783 1785/1785 2083/2083
f 1783/1783 2083/2083 2081/2081
f 1786/1786 2084/2084 2083/2083
f 1786/1786 2083/2083 1785/1785
f 2085/2085 2086/2086 2087/2087
f 2085/2085 2087/2087 2088/2088
f 1790/1790 1789/1789 2086/2086
f 1790/1790 2086/2086 2085/2085
f 2088/2088 2087/2087 2089/2089
f 2088/2088 2089/2089 2090/2090
f 1791/1791 2090/2090 2089/2089
f 1791/1791 2089/2089 1792/1792
f 2091/2091 2092/2092 2093/2093
f 2091/2091 2093/2093 2094/2094
f 1795/1795 2091/2091 2094/2094
f 1795/1795 2094/2094 1796/1796
f 1795/1795 1797/1797 2092/2092
f 1795/1795 2092/2092 2091/2091
f 1796/1796 2094/2094 2095/2095
f 1796/1796 2095/2095 2096/2096
f 2097/2097 2098/2098 2099/2099
f 2097/2097 2099/2099 1798/1798
f 2099/2099 2100/2100 2101/2101
f 2099/2099 2101/2101 2102/2102
f 1798/1798 2099/2099 2102/2102
f 1798/1798 2102/2102 1799/1799
f 1799/1799 2102/2102 2101/2101
f 1799/1799 2101/2101 1800/1800
f 2103/2103 2104/2104 2105/2105
f 2103/2103 2105/2105 2106/2106
f 1802/1802 1801/1801 2105/2105
f 1802/1802 2105/2105 2104/2104
f 1803/1803 2103/2103 2106/2106
f 1803/1803 2106/2106 1804/1804
f 1803/1803 1802/1802 2104/2104
f 1803/1803 2104/2104 2103/2103
f 2107/2107 2108/2108 2109/2109
f 2107/2107 2109/2109 2110/2110
f 1806/1806 1805/1805 2109/2109
f 1806/1806 2109/2109 2108/2108
f 1807/1807 2107/2107 2110/2110
f 1807/1807 2110/2110 1808/1808
f 1808/1808 2110/2110 2109/2109
f 1808/1808 2109/2109 1805/1805
f 2111/2111 2112/2112 2113/2113
f 2111/2111 2113/2113 2114/2114
f 1810/1810 1809/1809 2113/2113
f 1810/1810 2113/2113 2112/2112
f 1811/1811 1810/1810 2112/2112
f 1811/1811 2112/2112 2111/2111
f 1809/1809 2115/2115 2116/2116
f 1809/1809 2116/2116 2113/2113
f 2117/2117 1813/1813 2118/2118
f 2117/2117 2118/2118 2119/2119
f 2120/2120 2118/2118 2121/2121
f 2120/2120 2121/2121 2122/2122
f 1813/1813 1812/1812 2121/2121
f 1813/1813 2121/2121 2118/2118
f 1814/1814 2122/2122 2121/2121
f 1814/1814 2121/2121 1812/1812
f 2123/2123 2124/2124 2125/2125
f 2123/2123 2125/2125 2126/2126
f 1818/1818 1817/1817 2124/2124
f 1818/1818 2124/2124 2123/2123
f 2126/2126 2125/2125 2127/2127
f 2126/2126 2127/2127 2128/2128
f 1819/1819 2128/2128 2127/2127
f 1819/1819 2127/2127 1820/1820
f 2129/2129 2130/2130 2131/2131
f 2129/2129 2131/2131 2132/2132
f 1823/1823 2129/2129 2132/2132
f 1823/1823 2132/2132 1824/1824
f 1823/1823 1825/1825 2130/2130
f 1823/1823 2130/2130 2129/2129
f 1824/1824 2132/2132 2133/2133
f 1824/1824 2133/2133 2134/2134
f 2135/2135 2136/2136 2137/2137
f 2135/2135 2137/2137 1826/1826
f 2137/2137 2138/2138 2139/2139
f 2137/2137 2139/2139 2140/2140
f 1826/1826 2137/2137 2140/2140
f 1826/1826 2140/2140 1827/1827
f 1827/1827 2140/2140 2139/2139
f 1827/1827 2139/2139 1828/1828
f 2141/2141 2142/2142 2143/2143
f 2141/2141 2143/2143 2144/2144
f 1830/1830 1829/1829 2143/2143
f 1830/1830 2143/2143 2142/2142
f 1831/1831 2141/2141 2144/2144
f 1831/1831 2144/2144 1832/1832
f 1831/1831 1830/1830 2142/2142
f 1831/1831 2142/2142 2141/2141
f 2145/2145 2146/2146 2147/2147
f 2145/2145 2147/2147 2148/2148
f 1834/1834 1833/1833 2147/2147
f 1834/1834 2147/2147 2146/2146
f 1835/1835 2145/2145 2148/2148
f 1835/1835 2148/2148 1836/1836
f 1836/1836 2148/2148 2147/2147
f 1836/1836 2147/2147 1833/1833
f 2149/2149 2150/2150 2151/2151
f 2149/2149 2151/2151 2152/2152
f 1838/1838 1837/1837 2151/2151
f 1838/1838 2151/2151 2150/2150
f 1839/1839 1838/1838 2150/2150
f 1839/1839 2150/2150 2149/2149
f 1837/1837 2153/2153 2154/2154
f 1837/1837 2154/2154 2151/2151
f 2155/2155 1841/1841 2156/2156
f 2155/2155 2156/2156 2157/2157
f 2158/2158 2156/2156 2159/2159
f 2158/2158 2159/2159 2160/2160
f 1841/1841 1840/1840 2159/2159
f 1841/1841 2159/2159 2156/2156
f 1842/1842 2160/2160 2159/2159
f 1842/1842 2159/2159 1840/1840
f 2161/2161 2162/2162 2163/2163
f 2161/2161 2163/2163 2164/2164
f 1846/1846 1845/1845 2162/2162
f 1846/1846 2162/2162 2161/2161
f 2164/2164 2163/2163 2165/2165
f 2164/2164 2165/2165 2166/2166
f 1847/1847 2166/2166 2165/2165
f 1847/1847 2165/2165 1848/1848
f 2162/2162 2167/2167 2168/2168
f 2162/2162 2168/2168 2163/2163
f 1845/1845 1852/1852 2167/2167
f 1845/1845 2167/2167 2162/2162
f 2163/2163 2168/2168 2169/2169
f 2163/2163 2169/2169 2165/2165
f 1848/1848 2165/2165 2169/2169
f 1848/1848 2169/2169 1853/1853
f 2167/2167 2170/2170 2171/2171
f 2167/2167 2171/2171 2168/2168
f 1852/1852 1856/1856 2170/2170
f 1852/1852 2170/2170 2167/2167
f 2168/2168 2171/2171 2172/2172
f 2168/2168 2172/2172 2169/2169
f 1853/1853 2169/2169 2172/2172
f 1853/1853 2172/2172 1857/1857
f 2170/2170 2173/2173 2174/2174
f 2170/2170 2174/2174 2171/2171
f 1856/1856 1860/1860 2173/2173
f 1856/1856 2173/2173 2170/2170
f 2171/2171 2174/2174 2175/2175
f 2171/2171 2175/2175 2172/2172
f 1857/1857 2172/2172 2175/2175
f 1857/1857 2175/2175 1861/1861
f 2173/2173 2176/2176 2177/2177
f 2173/2173 2177/2177 2174/2174
f 1860/1860 1864/1864 2176/2176
f 1860/1860 2176/2176 2173/2173
f 2174/2174 2177/2177 2178/2178
f 2174/2174 2178/2178 2175/2175
f 1861/1861 2175/2175 2178/2178
f 1861/1861 2178/2178 1865/1865
f 2176/2176 2179/2179 2180/2180
f 2176/2176 2180/2180 2177/2177
f 1864/1864 1868/1868 2179/2179
f 1864/1864 2179/2179 2176/2176
f 2177/2177 2180/2180 2181/2181
f 2177/2177 2181/2181 2178/2178
f 1865/1865 2178/2178 2181/2181
f 1865/1865 2181/2181 1869/1869
f 2179/2179 2182/2182 2183/2183
f 2179/2179 2183/2183 2180/2180
f 1868/1868 1872/1872 2182/2182
f 1868/1868 2182/2182 2179/2179
f 2180/2180 2183/2183 2184/2184
f 2180/2180 2184/2184 2181/2181
f 1869/1869 2181/2181 2184/2184
f 1869/1869 2184/2184 1873/1873
f 2182/2182 2185/2185 2186/2186
f 2182/2182 2186/2186 2183/2183
f 1872/1872 1876/1876 2185/2185
f 1872/1872 2185/2185 2182/2182
f 2183/2183 2186/2186 2187/2187
f 2183/2183 2187/2187 2184/2184
f 1873/1873 2184/2184 2187/2187
f 1873/1873 2187/2187 1877/1877
f 2185/2185 2188/2188 2189/2189
f 2185/2185 2189/2189 2186/2186
f 1876/1876 1880/1880 2188/2188
f 1876/1876 2188/2188 2185/2185
f 2186/2186 2189/2189 2190/2190
f 2186/2186 2190/2190 2187/2187
f 1877/1877 2187/2187 2190/2190
f 1877/1877 2190/2190 1881/1881
f 2188/2188 2191/2191 2192/2192
f 2188/2188 2192/2192 2189/2189
f 1880/1880 1884/1884 2191/2191
f 1880/1880 2191/2191 2188/2188
f 2189/2189 2192/2192 2193/2193
f 2189/2189 2193/2193 2190/2190
f 1881/1881 2190/2190 2193/2193
f 1881/1881 2193/2193 1885/1885
f 2191/2191 2194/2194 2195/2195
f 2191/2191 2195/2195 2192/2192
f 1884/1884 1888/1888 2194/2194
f 1884/1884 2194/2194 2191/2191
f 2192/2192 2195/2195 2196/2196
f 2192/2192 2196/2196 2193/2193
f 1885/1885 2193/2193 2196/2196
f 1885/1885 2196/2196 1889/1889
f 2194/2194 2197/2197 2198/2198
f 2194/2194 2198/2198 2195/2195
f 1888/1888 1892/1892 2197/2197
f 1888/1888 2197/2197 2194/2194
f 2195/2195 2198/2198 2199/2199
f 2195/2195 2199/2199 2196/2196
f 1889/1889 2196/2196 2199/2199
f 1889/1889 2199/2199 1893/1893
f 2197/2197 2200/2200 2201/2201
f 2197/2197 2201/2201 2198/2198
f 1892/1892 1896/1896 2200/2200
f 1892/1892 2200/2200 2197/2197
f 2198/2198 2201/2201 2202/2202
f 2198/2198 2202/2202 2199/2199
f 1893/1893 2199/2199 2202/2202
f 1893/1893 2202/2202 1897/1897
f 2200/2200 2203/2203 2204/2204
f 2200/2200 2204/2204 2201/2201
f 1896/1896 1900/1900 2203/2203
f 1896/1896 2203/2203 2200/2200
f 2201/2201 2204/2204 2205/2205
f 2201/2201 2205/2205 2202/2202
f 1897/1897 2202/2202 2205/2205
f 1897/1897 2205/2205 1901/1901
f 2203/2203 2206/2206 2207/2207
f 2203/2203 2207/2207 2204/2204
f 1900/1900 1904/1904 2206/2206
f 1900/1900 2206/2206 2203/2203
f 2204/2204 2207/2207 2208/2208
f 2204/2204 2208/2208 2205/2205
f 1901/1901 2205/2205 2208/2208
f 1901/1901 2208/2208 1905/1905
f 2206/2206 2209/2209 2210/2210
f 2206/2206 2210/2210 2207/2207
f 1904/1904 1908/1908 2209/2209
f 1904/1904 2209/2209 2206/2206
f 2207/2207 2210/2210 2211/2211
f 2207/2207 2211/2211 2208/2208
f 1905/1905 2208/2208 2211/2211
f 1905/1905 2211/2211 1909/1909
f 2209/2209 2212/2212 2213/2213
f 2209/2209 2213/2213 2210/2210
f 1908/1908 1912/1912 2212/2212
f 1908/1908 2212/2212 2209/2209
f 2210/2210 2213/2213 2214/2214
f 2210/2210 2214/2214 2211/2211
f 1909/1909 2211/2211 2214/2214
f 1909/1909 2214/2214 1913/1913
f 2212/2212 2215/2215 2216/2216
f 2212/2212 2216/2216 2213/2213
f 1912/1912 1916/1916 2215/2215
f 1912/1912 2215/2215 2212/2212
f 2213/2213 2216/2216 2217/2217
f 2213/2213 2217/2217 2214/2214
f 1913/1913 2214/2214 2217/2217
f 1913/1913 2217/2217 1917/1917
f 2215/2215 2218/2218 2219/2219
f 2215/2215 2219/2219 2216/2216
f 1916/1916 1920/1920 2218/2218
f 1916/1916 2218/2218 2215/2215
f 2216/2216 2219/2219 2220/2220
f 2216/2216 2220/2220 2217/2217
f 1917/1917 2217/2217 2220/2220
f 1917/1917 2220/2220 1921/1921
f 2218/2218 2221/2221 2222/2222
f 2218/2218 2222/2222 2219/2219
f 1920/1920 1924/1924 2221/2221
f 1920/1920 2221/2221 2218/2218
f 2219/2219 2222/2222 2223/2223
f 2219/2219 2223/2223 2220/2220
f 1921/1921 2220/2220 2223/2223
f 1921/1921 2223/2223 1925/1925
f 2221/2221 2224/2224 2225/2225
f 2221/2221 2225/2225 2222/2222
f 1924/1924 1928/1928 2224/2224
f 1924/1924 2224/2224 2221/2221
f 2222/2222 2225/2225 2226/2226
f 2222/2222 2226/2226 2223/2223
f 1925/1925 2223/2223 2226/2226
f 1925/1925 2226/2226 1929/1929
f 2224/2224 2227/2227 2228/2228
f 2224/2224 2228/2228 2225/2225
f 1928/1928 1932/1932 2227/2227
f 1928/1928 2227/2227 2224/2224
f 2225/2225 2228/2228 2229/2229
f 2225/2225 2229/2229 2226/2226
f 1929/1929 2226/2226 2229/2229
f 1929/1929 2229/2229 1933/1933
f 2227/2227 2230/2230 2231/2231
f 2227/2227 2231/2231 2228/2228
f 1932/1932 1936/1936 2230/2230
f 1932/1932 2230/2230 2227/2227
f 2228/2228 2231/2231 2232/2232
f 2228/2228 2232/2232 2229/2229
f 1933/1933 2229/2229 2232/2232
f 1933/1933 2232/2232 1937/1937
f 2230/2230 2233/2233 2234/2234
f 2230/2230 2234/2234 2231/2231
f 1936/1936 1940/1940 2233/2233
f 1936/1936 2233/2233 2230/2230
f 2231/2231 2234/2234 2235/2235
f 2231/2231 2235/2235 2232/2232
f 1937/1937 2232/2232 2235/2235
f 1937/1937 2235/2235 1941/1941
f 2233/2233 2236/2236 2237/2237
f 2233/2233 2237/2237 2234/2234
f 1940/1940 1944/1944 2236/2236
f 1940/1940 2236/2236 2233/2233
f 2234/2234 2237/2237 2238/2238
f 2234/2234 2238/2238 2235/2235
f 1941/1941 2235/2235 2238/2238
f 1941/1941 2238/2238 1945/1945
f 2239/2239 2240/2240 2241/2241
f 2239/2239 2241/2241 2242/2242
f 1947/1947 2239/2239 2242/2242
f 1947/1947 2242/2242 1948/1948
f 1947/1947 1949/1949 2240/2240
f 1947/1947 2240/2240 2239/2239
f 1948/1948 2242/2242 2243/2243
f 1948/1948 2243/2243 2244/2244
f 2245/2245 2246/2246 2247/2247
f 2245/2245 2247/2247 1950/1950
f 2247/2247 2248/2248 2249/2249
f 2247/2247 2249/2249 2250/2250
f 1950/1950 2247/2247 2250/2250
f 1950/1950 2250/2250 1951/1951
f 1951/1951 2250/2250 2249/2249
f 1951/1951 2249/2249 1952/1952
f 2251/2251 2252/2252 2253/2253
f 2251/2251 2253/2253 2254/2254
f 1954/1954 1953/1953 2253/2253
f 1954/1954 2253/2253 2252/2252
f 1955/1955 2251/2251 2254/2254
f 1955/1955 2254/2254 1956/1956
f 1955/1955 1954/1954 2252/2252
f 1955/1955 2252/2252 2251/2251
f 2255/2255 2256/2256 2257/2257
f 2255/2255 2257/2257 2258/2258
f 1958/1958 1957/1957 2257/2257
f 1958/1958 2257/2257 2256/2256
f 1959/1959 2255/2255 2258/2258
f 1959/1959 2258/2258 1960/1960
f 1960/1960 2258/2258 2257/2257
f 1960/1960 2257/2257 1957/1957
f 2259/2259 2260/2260 2261/2261
f 2259/2259 2261/2261 2262/2262
f 1962/1962 1961/1961 2260/2260
f 1962/1962 2260/2260 2259/2259
f 2263/2263 2264/2264 2265/2265
f 2263/2263 2265/2265 2266/2266
f 1963/1963 2266/2266 2265/2265
f 1963/1963 2265/2265 1964/1964
f 2260/2260 2267/2267 2268/2268
f 2260/2260 2268/2268 2261/2261
f 1961/1961 1965/1965 2267/2267
f 1961/1961 2267/2267 2260/2260
f 2264/2264 2269/2269 2270/2270
f 2264/2264 2270/2270 2265/2265
f 1964/1964 2265/2265 2270/2270
f 1964/1964 2270/2270 1966/1966
f 2267/2267 2271/2271 2272/2272
f 2267/2267 2272/2272 2268/2268
f 1965/1965 1967/1967 2271/2271
f 1965/1965 2271/2271 2267/2267
f 2269/2269 2273/2273 2274/2274
f 2269/2269 2274/2274 2270/2270
f 1966/1966 2270/2270 2274/2274
f 1966/1966 2274/2274 1968/1968
f 2275/2275 2276/2276 2277/2277
f 2275/2275 2277/2277 2278/2278
f 1969/1969 2275/2275 2278/2278
f 1969/1969 2278/2278 1970/1970
f 1969/1969 1971/1971 2276/2276
f 1969/1969 2276/2276 2275/2275
f 2279/2279 2280/2280 2281/2281
f 2279/2279 2281/2281 2282/2282
f 1972/1972 2279/2279 2282/2282
f 1972/1972 2282/2282 1973/1973
f 1973/1973 2282/2282 2281/2281
f 1973/1973 2281/2281 1974/1974
f 2283/2283 2284/2284 2285/2285
f 2283/2283 2285/2285 2286/2286
f 1975/1975 2283/2283 2286/2286
f 1975/1975 2286/2286 1976/1976
f 1975/1975 1977/1977 2284/2284
f 1975/1975 2284/2284 2283/2283
f 2287/2287 2288/2288 2289/2289
f 2287/2287 2289/2289 2290/2290
f 1978/1978 2287/2287 2290/2290
f 1978/1978 2290/2290 1979/1979
f 1979/1979 2290/2290 2289/2289
f 1979/1979 2289/2289 1980/1980
f 2291/2291 2292/2292 2293/2293
f 2291/2291 2293/2293 2294/2294
f 1981/1981 2291/2291 2294/2294
f 1981/1981 2294/2294 1982/1982
f 1981/1981 1983/1983 2292/2292
f 1981/1981 2292/2292 2291/2291
f 2295/2295 2296/2296 2297/2297
f 2295/2295 2297/2297 2298/2298
f 1984/1984 2295/2295 2298/2298
f 1984/1984 2298/2298 1985/1985
f 1985/1985 2298/2298 2297/2297
f 1985/1985 2297/2297 1986/1986
f 2292/2292 2299/2299 2300/2300
f 2292/2292 2300/2300 2293/2293
f 1983/1983 1987/1987 2299/2299
f 1983/1983 2299/2299 2292/2292
f 2296/2296 2301/2301 2302/2302
f 2296/2296 2302/2302 2297/2297
f 1986/1986 2297/2297 2302/2302
f 1986/1986 2302/2302 1988/1988
f 2299/2299 2303/2303 2304/2304
f 2299/2299 2304/2304 2300/2300
f 1987/1987 1989/1989 2303/2303
f 1987/1987 2303/2303 2299/2299
f 2301/2301 2305/2305 2306/2306
f 2301/2301 2306/2306 2302/2302
f 1988/1988 2302/2302 2306/2306
f 1988/1988 2306/2306 1990/1990
f 2303/2303 2307/2307 2308/2308
f 2303/2303 2308/2308 2304/2304
f 1989/1989 1991/1991 2307/2307
f 1989/1989 2307/2307 2303/2303
f 2305/2305 2309/2309 2310/2310
f 2305/2305 2310/2310 2306/2306
f 1990/1990 2306/2306 2310/2310
f 1990/1990 2310/2310 1992/1992
f 2307/2307 2311/2311 2312/2312
f 2307/2307 2312/2312 2308/2308
f 1991/1991 1993/1993 2311/2311
f 1991/1991 2311/2311 2307/2307
f 2309/2309 2313/2313 2314/2314
f 2309/2309 2314/2314 2310/2310
f 1992/1992 2310/2310 2314/2314
f 1992/1992 2314/2314 1994/1994
f 2311/2311 2315/2315 2316/2316
f 2311/2311 2316/2316 2312/2312
f 1996/1996 1995/1995 2316/2316
f 1996/1996 2316/2316 2315/2315
f 1993/1993 1996/1996 2315/2315
f 1993/1993 2315/2315 2311/2311
f 2313/2313 2317/2317 2318/2318
f 2313/2313 2318/2318 2314/2314
f 1998/1998 1997/1997 2318/2318
f 1998/1998 2318/2318 2317/2317
f 1994/1994 2314/2314 2318/2318
f 1994/1994 2318/2318 1997/1997
f 2319/2319 2320/2320 2321/2321
f 2319/2319 2321/2321 2322/2322
f 2000/2000 1999/1999 2321/2321
f 2000/2000 2321/2321 2320/2320
f 2001/2001 2000/2000 2320/2320
f 2001/2001 2320/2320 2319/2319
f 2323/2323 2324/2324 2325/2325
f 2323/2323 2325/2325 2326/2326
f 2003/2003 2002/2002 2325/2325
f 2003/2003 2325/2325 2324/2324
f 2004/2004 2326/2326 2325/2325
f 2004/2004 2325/2325 2002/2002
f 2327/2327 2328/2328 2329/2329
f 2327/2327 2329/2329 2330/2330
f 2006/2006 2005/2005 2329/2329
f 2006/2006 2329/2329 2328/2328
f 2007/2007 2006/2006 2328/2328
f 2007/2007 2328/2328 2327/2327
f 2005/2005 2008/2008 2331/2331
f 2005/2005 2331/2331 2329/2329
f 2008/2008 2009/2009 2332/2332
f 2008/2008 2332/2332 2331/2331
f 2009/2009 2010/2010 2333/2333
f 2009/2009 2333/2333 2332/2332
f 2010/2010 2011/2011 2334/2334
f 2010/2010 2334/2334 2333/2333
f 2011/2011 2012/2012 2335/2335
f 2011/2011 2335/2335 2334/2334
f 2012/2012 2013/2013 2336/2336
f 2012/2012 2336/2336 2335/2335
f 2337/2337 2336/2336 2338/2338
f 2337/2337 2338/2338 2339/2339
f 2013/2013 2014/2014 2338/2338
f 2013/2013 2338/2338 2336/2336
f 2015/2015 2339/2339 2338/2338
f 2015/2015 2338/2338 2014/2014
f 2340/2340 2341/2341 2342/2342
f 2340/2340 2342/2342 2343/2343
f 2016/2016 2340/2340 2343/2343
f 2016/2016 2343/2343 2017/2017
f 2016/2016 2018/2018 2341/2341
f 2016/2016 2341/2341 2340/2340
f 2017/2017 2343/2343 2344/2344
f 2017/2017 2344/2344 2019/2019
f 2019/2019 2344/2344 2345/2345
f 2019/2019 2345/2345 2020/2020
f 2020/2020 2345/2345 2346/2346
f 2020/2020 2346/2346 2021/2021
f 2021/2021 2346/2346 2347/2347
f 2021/2021 2347/2347 2022/2022
f 2022/2022 2347/2347 2348/2348
f 2022/2022 2348/2348 2023/2023
f 2023/2023 2348/2348 2349/2349
f 2023/2023 2349/2349 2024/2024
f 2024/2024 2349/2349 2350/2350
f 2024/2024 2350/2350 2025/2025
f 2025/2025 2350/2350 2351/2351
f 2025/2025 2351/2351 2026/2026
f 2026/2026 2351/2351 2352/2352
f 2026/2026 2352/2352 2027/2027
f 2027/2027 2352/2352 2353/2353
f 2027/2027 2353/2353 2028/2028
f 2028/2028 2353/2353 2354/2354
f 2028/2028 2354/2354 2029/2029
f 2029/2029 2354/2354 2355/2355
f 2029/2029 2355/2355 2030/2030
f 2030/2030 2355/2355 2356/2356
f 2030/2030 2356/2356 2031/2031
f 2031/2031 2356/2356 2357/2357
f 2031/2031 2357/2357 2032/2032
f 2032/2032 2357/2357 2358/2358
f 2032/2032 2358/2358 2033/2033
f 2033/2033 2358/2358 2359/2359
f 2033/2033 2359/2359 2034/2034
f 2359/2359 2360/2360 2361/2361
f 2359/2359 2361/2361 2362/2362
f 2034/2034 2359/2359 2362/2362
f 2034/2034 2362/2362 2035/2035
f 2035/2035 2362/2362 2361/2361
f 2035/2035 2361/2361 2036/2036
f 2363/2363 2364/2364 2365/2365
f 2363/2363 2365/2365 2366/2366
f 2037/2037 2363/2363 2366/2366
f 2037/2037 2366/2366 2038/2038
f 2037/2037 2039/2039 2364/2364
f 2037/2037 2364/2364 2363/2363
f 2367/2367 2368/2368 2369/2369
f 2367/2367 2369/2369 2370/2370
f 2040/2040 2367/2367 2370/2370
f 2040/2040 2370/2370 2041/2041
f 2041/2041 2370/2370 2369/2369
f 2041/2041 2369/2369 2042/2042
f 2364/2364 2371/2371 2372/2372
f 2364/2364 2372/2372 2365/2365
f 2044/2044 2043/2043 2372/2372
f 2044/2044 2372/2372 2371/2371
f 2039/2039 2044/2044 2371/2371
f 2039/2039 2371/2371 2364/2364
f 2368/2368 2373/2373 2374/2374
f 2368/2368 2374/2374 2369/2369
f 2046/2046 2045/2045 2374/2374
f 2046/2046 2374/2374 2373/2373
f 2042/2042 2369/2369 2374/2374
f 2042/2042 2374/2374 2045/2045
f 2375/2375 2376/2376 2377/2377
f 2375/2375 2377/2377 2378/2378
f 2048/2048 2047/2047 2377/2377
f 2048/2048 2377/2377 2376/2376
f 2049/2049 2048/2048 2376/2376
f 2049/2049 2376/2376 2375/2375
f 2047/2047 2050/2050 2379/2379
f 2047/2047 2379/2379 2377/2377
f 2050/2050 2051/2051 2380/2380
f 2050/2050 2380/2380 2379/2379
f 2051/2051 2052/2052 2381/2381
f 2051/2051 2381/2381 2380/2380
f 2052/2052 2382/2382 2383/2383
f 2052/2052 2383/2383 2381/2381
f 2384/2384 2054/2054 2385/2385
f 2384/2384 2385/2385 2386/2386
f 2054/2054 2053/2053 2387/2387
f 2054/2054 2387/2387 2385/2385
f 2053/2053 2055/2055 2388/2388
f 2053/2053 2388/2388 2387/2387
f 2055/2055 2056/2056 2389/2389
f 2055/2055 2389/2389 2388/2388
f 2390/2390 2389/2389 2391/2391
f 2390/2390 2391/2391 2392/2392
f 2056/2056 2057/2057 2391/2391
f 2056/2056 2391/2391 2389/2389
f 2058/2058 2392/2392 2391/2391
f 2058/2058 2391/2391 2057/2057
f 2062/2062 2061/2061 2393/2393
f 2062/2062 2393/2393 2394/2394
f 2063/2063 2395/2395 2396/2396
f 2063/2063 2396/2396 2064/2064
f 2068/2068 2397/2397 2398/2398
f 2068/2068 2398/2398 2399/2399
f 2061/2061 2068/2068 2399/2399
f 2061/2061 2399/2399 2393/2393
f 2400/2400 2069/2069 2401/2401
f 2400/2400 2401/2401 2402/2402
f 2064/2064 2396/2396 2401/2401
f 2064/2064 2401/2401 2069/2069
f 2403/2403 2404/2404 2405/2405
f 2403/2403 2405/2405 2406/2406
f 2073/2073 2075/2075 2405/2405
f 2073/2073 2405/2405 2404/2404
f 2074/2074 2073/2073 2404/2404
f 2074/2074 2404/2404 2403/2403
f 2075/2075 2077/2077 2407/2407
f 2075/2075 2407/2407 2405/2405
f 2077/2077 2408/2408 2409/2409
f 2077/2077 2409/2409 2407/2407
f 2408/2408 2080/2080 2410/2410
f 2408/2408 2410/2410 2409/2409
f 2080/2080 2079/2079 2411/2411
f 2080/2080 2411/2411 2410/2410
f 2412/2412 2411/2411 2413/2413
f 2412/2412 2413/2413 2414/2414
f 2079/2079 2081/2081 2413/2413
f 2079/2079 2413/2413 2411/2411
f 2082/2082 2414/2414 2413/2413
f 2082/2082 2413/2413 2081/2081
f 2415/2415 2416/2416 2417/2417
f 2415/2415 2417/2417 2418/2418
f 2094/2094 2415/2415 2418/2418
f 2094/2094 2418/2418 2095/2095
f 2094/2094 2093/2093 2416/2416
f 2094/2094 2416/2416 2415/2415
f 2418/2418 2417/2417 2419/2419
f 2418/2418 2419/2419 2420/2420
f 2095/2095 2418/2418 2420/2420
f 2095/2095 2420/2420 2421/2421
f 2420/2420 2419/2419 2422/2422
f 2420/2420 2422/2422 2423/2423
f 2421/2421 2420/2420 2423/2423
f 2421/2421 2423/2423 2098/2098
f 2423/2423 2422/2422 2424/2424
f 2423/2423 2424/2424 2425/2425
f 2098/2098 2423/2423 2425/2425
f 2098/2098 2425/2425 2099/2099
f 2099/2099 2425/2425 2424/2424
f 2099/2099 2424/2424 2100/2100
f 2426/2426 2427/2427 2428/2428
f 2426/2426 2428/2428 2429/2429
f 2105/2105 2430/2430 2428/2428
f 2105/2105 2428/2428 2427/2427
f 2106/2106 2426/2426 2429/2429
f 2106/2106 2429/2429 2431/2431
f 2106/2106 2105/2105 2427/2427
f 2106/2106 2427/2427 2426/2426
f 2432/2432 2433/2433 2434/2434
f 2432/2432 2434/2434 2435/2435
f 2436/2436 2108/2108 2434/2434
f 2436/2436 2434/2434 2433/2433
f 2437/2437 2432/2432 2435/2435
f 2437/2437 2435/2435 2107/2107
f 2107/2107 2435/2435 2434/2434
f 2107/2107 2434/2434 2108/2108
f 2438/2438 2439/2439 2440/2440
f 2438/2438 2440/2440 2441/2441
f 2113/2113 2116/2116 2440/2440
f 2113/2113 2440/2440 2439/2439
f 2114/2114 2113/2113 2439/2439
f 2114/2114 2439/2439 2438/2438
f 2441/2441 2440/2440 2442/2442
f 2441/2441 2442/2442 2443/2443
f 2116/2116 2444/2444 2442/2442
f 2116/2116 2442/2442 2440/2440
f 2443/2443 2442/2442 2445/2445
f 2443/2443 2445/2445 2446/2446
f 2444/2444 2119/2119 2445/2445
f 2444/2444 2445/2445 2442/2442
f 2446/2446 2445/2445 2447/2447
f 2446/2446 2447/2447 2448/2448
f 2119/2119 2118/2118 2447/2447
f 2119/2119 2447/2447 2445/2445
f 2120/2120 2448/2448 2447/2447
f 2120/2120 2447/2447 2118/2118
f 2449/2449 2450/2450 2451/2451
f 2449/2449 2451/2451 2452/2452
f 2132/2132 2449/2449 2452/2452
f 2132/2132 2452/2452 2133/2133
f 2132/2132 2131/2131 2450/2450
f 2132/2132 2450/2450 2449/2449
f 2452/2452 2451/2451 2453/2453
f 2452/2452 2453/2453 2454/2454
f 2133/2133 2452/2452 2454/2454
f 2133/2133 2454/2454 2455/2455
f 2454/2454 2453/2453 2456/2456
f 2454/2454 2456/2456 2457/2457
f 2455/2455 2454/2454 2457/2457
f 2455/2455 2457/2457 2136/2136
f 2457/2457 2456/2456 2458/2458
f 2457/2457 2458/2458 2459/2459
f 2136/2136 2457/2457 2459/2459
f 2136/2136 2459/2459 2137/2137
f 2137/2137 2459/2459 2458/2458
f 2137/2137 2458/2458 2138/2138
f 2460/2460 2461/2461 2462/2462
f 2460/2460 2462/2462 2463/2463
f 2143/2143 2464/2464 2462/2462
f 2143/2143 2462/2462 2461/2461
f 2144/2144 2460/2460 2463/2463
f 2144/2144 2463/2463 2465/2465
f 2144/2144 2143/2143 2461/2461
f 2144/2144 2461/2461 2460/2460
f 2466/2466 2467/2467 2468/2468
f 2466/2466 2468/2468 2469/2469
f 2470/2470 2146/2146 2468/2468
f 2470/2470 2468/2468 2467/2467
f 2471/2471 2466/2466 2469/2469
f 2471/2471 2469/2469 2145/2145
f 2145/2145 2469/2469 2468/2468
f 2145/2145 2468/2468 2146/2146
f 2472/2472 2473/2473 2474/2474
f 2472/2472 2474/2474 2475/2475
f 2151/2151 2154/2154 2474/2474
f 2151/2151 2474/2474 2473/2473
f 2152/2152 2151/2151 2473/2473
f 2152/2152 2473/2473 2472/2472
f 2475/2475 2474/2474 2476/2476
f 2475/2475 2476/2476 2477/2477
f 2154/2154 2478/2478 2476/2476
f 2154/2154 2476/2476 2474/2474
f 2477/2477 2476/2476 2479/2479
f 2477/2477 2479/2479 2480/2480
f 2478/2478 2157/2157 2479/2479
f 2478/2478 2479/2479 2476/2476
f 2480/2480 2479/2479 2481/2481
f 2480/2480 2481/2481 2482/2482
f 2157/2157 2156/2156 2481/2481
f 2157/2157 2481/2481 2479/2479
f 2158/2158 2482/2482 2481/2481
f 2158/2158 2481/2481 2156/2156
f 2483/2483 2484/2484 2485/2485
f 2483/2483 2485/2485 2486/2486
f 2242/2242 2483/2483 2486/2486
f 2242/2242 2486/2486 2243/2243
f 2242/2242 2241/2241 2484/2484
f 2242/2242 2484/2484 2483/2483
f 2486/2486 2485/2485 2487/2487
f 2486/2486 2487/2487 2488/2488
f 2243/2243 2486/2486 2488/2488
f 2243/2243 2488/2488 2489/2489
f 2488/2488 2487/2487 2490/2490
f 2488/2488 2490/2490 2491/2491
f 2489/2489 2488/2488 2491/2491
f 2489/2489 2491/2491 2246/2246
f 2491/2491 2490/2490 2492/2492
f 2491/2491 2492/2492 2493/2493
f 2246/2246 2491/2491 2493/2493
f 2246/2246 2493/2493 2247/2247
f 2247/2247 2493/2493 2492/2492
f 2247/2247 2492/2492 2248/2248
f 2494/2494 2495/2495 2496/2496
f 2494/2494 2496/2496 2497/2497
f 2253/2253 2498/2498 2496/2496
f 2253/2253 2496/2496 2495/2495
f 2254/2254 2494/2494 2497/2497
f 2254/2254 2497/2497 2499/2499
f 2254/2254 2253/2253 2495/2495
f 2254/2254 2495/2495 2494/2494
f 2500/2500 2501/2501 2502/2502
f 2500/2500 2502/2502 2503/2503
f 2504/2504 2256/2256 2502/2502
f 2504/2504 2502/2502 2501/2501
f 2505/2505 2500/2500 2503/2503
f 2505/2505 2503/2503 2255/2255
f 2255/2255 2503/2503 2502/2502
f 2255/2255 2502/2502 2256/2256
f 2506/2506 2507/2507 2508/2508
f 2506/2506 2508/2508 2509/2509
f 2262/2262 2261/2261 2507/2507
f 2262/2262 2507/2507 2506/2506
f 2509/2509 2508/2508 2510/2510
f 2509/2509 2510/2510 2511/2511
f 2511/2511 2510/2510 2512/2512
f 2511/2511 2512/2512 2513/2513
f 2513/2513 2512/2512 2514/2514
f 2513/2513 2514/2514 2515/2515
f 2263/2263 2515/2515 2514/2514
f 2263/2263 2514/2514 2264/2264
f 2507/2507 2516/2516 2517/2517
f 2507/2507 2517/2517 2508/2508
f 2261/2261 2268/2268 2516/2516
f 2261/2261 2516/2516 2507/2507
f 2508/2508 2517/2517 2518/2518
f 2508/2508 2518/2518 2510/2510
f 2510/2510 2518/2518 2519/2519
f 2510/2510 2519/2519 2512/2512
f 2512/2512 2519/2519 2520/2520
f 2512/2512 2520/2520 2514/2514
f 2264/2264 2514/2514 2520/2520
f 2264/2264 2520/2520 2269/2269
f 2516/2516 2521/2521 2522/2522
f 2516/2516 2522/2522 2517/2517
f 2268/2268 2272/2272 2521/2521
f 2268/2268 2521/2521 2516/2516
f 2517/2517 2522/2522 2523/2523
f 2517/2517 2523/2523 2518/2518
f 2518/2518 2523/2523 2524/2524
f 2518/2518 2524/2524 2519/2519
f 2519/2519 2524/2524 2525/2525
f 2519/2519 2525/2525 2520/2520
f 2269/2269 2520/2520 2525/2525
f 2269/2269 2525/2525 2273/2273
f 2526/2526 2527/2527 2528/2528
f 2526/2526 2528/2528 2529/2529
f 2278/2278 2526/2526 2529/2529
f 2278/2278 2529/2529 2530/2530
f 2278/2278 2277/2277 2527/2527
f 2278/2278 2527/2527 2526/2526
f 2531/2531 2532/2532 2533/2533
f 2531/2531 2533/2533 2534/2534
f 2535/2535 2531/2531 2534/2534
f 2535/2535 2534/2534 2279/2279
f 2279/2279 2534/2534 2533/2533
f 2279/2279 2533/2533 2280/2280
f 2286/2286 2536/2536 2537/2537
f 2286/2286 2537/2537 2538/2538
f 2286/2286 2285/2285 2539/2539
f 2286/2286 2539/2539 2536/2536
f 2540/2540 2541/2541 2542/2542
f 2540/2540 2542/2542 2287/2287
f 2287/2287 2542/2542 2543/2543
f 2287/2287 2543/2543 2288/2288
f 2294/2294 2544/2544 2545/2545
f 2294/2294 2545/2545 2546/2546
f 2294/2294 2293/2293 2547/2547
f 2294/2294 2547/2547 2544/2544
f 2548/2548 2549/2549 2550/2550
f 2548/2548 2550/2550 2295/2295
f 2295/2295 2550/2550 2551/2551
f 2295/2295 2551/2551 2296/2296
f 2293/2293 2300/2300 2552/2552
f 2293/2293 2552/2552 2547/2547
f 2296/2296 2551/2551 2553/2553
f 2296/2296 2553/2553 2301/2301
f 2300/2300 2304/2304 2554/2554
f 2300/2300 2554/2554 2552/2552
f 2301/2301 2553/2553 2555/2555
f 2301/2301 2555/2555 2305/2305
f 2304/2304 2308/2308 2556/2556
f 2304/2304 2556/2556 2554/2554
f 2305/2305 2555/2555 2557/2557
f 2305/2305 2557/2557 2309/2309
f 2308/2308 2312/2312 2558/2558
f 2308/2308 2558/2558 2556/2556
f 2309/2309 2557/2557 2559/2559
f 2309/2309 2559/2559 2313/2313
f 2316/2316 2560/2560 2561/2561
f 2316/2316 2561/2561 2562/2562
f 2312/2312 2316/2316 2562/2562
f 2312/2312 2562/2562 2558/2558
f 2563/2563 2317/2317 2564/2564
f 2563/2563 2564/2564 2565/2565
f 2313/2313 2559/2559 2564/2564
f 2313/2313 2564/2564 2317/2317
f 2321/2321 2566/2566 2567/2567
f 2321/2321 2567/2567 2568/2568
f 2322/2322 2321/2321 2568/2568
f 2322/2322 2568/2568 2569/2569
f 2570/2570 2324/2324 2571/2571
f 2570/2570 2571/2571 2572/2572
f 2323/2323 2573/2573 2571/2571
f 2323/2323 2571/2571 2324/2324
f 2574/2574 2575/2575 2576/2576
f 2574/2574 2576/2576 2577/2577
f 2329/2329 2331/2331 2576/2576
f 2329/2329 2576/2576 2575/2575
f 2330/2330 2329/2329 2575/2575
f 2330/2330 2575/2575 2574/2574
f 2331/2331 2332/2332 2578/2578
f 2331/2331 2578/2578 2576/2576
f 2332/2332 2333/2333 2579/2579
f 2332/2332 2579/2579 2578/2578
f 2333/2333 2334/2334 2580/2580
f 2333/2333 2580/2580 2579/2579
f 2334/2334 2335/2335 2581/2581
f 2334/2334 2581/2581 2580/2580
f 2582/2582 2581/2581 2583/2583
f 2582/2582 2583/2583 2584/2584
f 2335/2335 2336/2336 2583/2583
f 2335/2335 2583/2583 2581/2581
f 2337/2337 2584/2584 2583/2583
f 2337/2337 2583/2583 2336/2336
f 2343/2343 2585/2585 2586/2586
f 2343/2343 2586/2586 2344/2344
f 2343/2343 2342/2342 2587/2587
f 2343/2343 2587/2587 2585/2585
f 2344/2344 2586/2586 2588/2588
f 2344/2344 2588/2588 2345/2345
f 2345/2345 2588/2588 2589/2589
f 2345/2345 2589/2589 2346/2346
f 2346/2346 2589/2589 2590/2590
f 2346/2346 2590/2590 2347/2347
f 2347/2347 2590/2590 2591/2591
f 2347/2347 2591/2591 2348/2348
f 2348/2348 2591/2591 2592/2592
f 2348/2348 2592/2592 2349/2349
f 2349/2349 2592/2592 2593/2593
f 2349/2349 2593/2593 2350/2350
f 2350/2350 2593/2593 2594/2594
f 2350/2350 2594/2594 2351/2351
f 2351/2351 2594/2594 2595/2595
f 2351/2351 2595/2595 2352/2352
f 2352/2352 2595/2595 2596/2596
f 2352/2352 2596/2596 2353/2353
f 2353/2353 2596/2596 2597/2597
f 2353/2353 2597/2597 2354/2354
f 2354/2354 2597/2597 2598/2598
f 2354/2354 2598/2598 2355/2355
f 2355/2355 2598/2598 2599/2599
f 2355/2355 2599/2599 2356/2356
f 2356/2356 2599/2599 2600/2600
f 2356/2356 2600/2600 2357/2357
f 2357/2357 2600/2600 2601/2601
f 2357/2357 2601/2601 2358/2358
f 2358/2358 2601/2601 2602/2602
f 2358/2358 2602/2602 2359/2359
f 2359/2359 2602/2602 2603/2603
f 2359/2359 2603/2603 2360/2360
f 2366/2366 2604/2604 2605/2605
f 2366/2366 2605/2605 2606/2606
f 2366/2366 2365/2365 2607/2607
f 2366/2366 2607/2607 2604/2604
f 2608/2608 2609/2609 2610/2610
f 2608/2608 2610/2610 2367/2367
f 2367/2367 2610/2610 2611/2611
f 2367/2367 2611/2611 2368/2368
f 2372/2372 2612/2612 2613/2613
f 2372/2372 2613/2613 2614/2614
f 2365/2365 2372/2372 2614/2614
f 2365/2365 2614/2614 2607/2607
f 2615/2615 2373/2373 2616/2616
f 2615/2615 2616/2616 2617/2617
f 2368/2368 2611/2611 2616/2616
f 2368/2368 2616/2616 2373/2373
f 2377/2377 2379/2379 2618/2618
f 2377/2377 2618/2618 2619/2619
f 2378/2378 2377/2377 2619/2619
f 2378/2378 2619/2619 2620/2620
f 2379/2379 2380/2380 2621/2621
f 2379/2379 2621/2621 2618/2618
f 2380/2380 2381/2381 2622/2622
f 2380/2380 2622/2622 2621/2621
f 2381/2381 2383/2383 2623/2623
f 2381/2381 2623/2623 2622/2622
f 2386/2386 2385/2385 2624/2624
f 2386/2386 2624/2624 2625/2625
f 2385/2385 2387/2387 2626/2626
f 2385/2385 2626/2626 2624/2624
f 2387/2387 2388/2388 2627/2627
f 2387/2387 2627/2627 2626/2626
f 2388/2388 2389/2389 2628/2628
f 2388/2388 2628/2628 2627/2627
f 2390/2390 2629/2629 2628/2628
f 2390/2390 2628/2628 2389/2389
f 2630/2630 2631/2631 2632/2632
f 2630/2630 2632/2632 2633/2633
f 2394/2394 2393/2393 2631/2631
f 2394/2394 2631/2631 2630/2630
f 2633/2633 2632/2632 2634/2634
f 2633/2633 2634/2634 2635/2635
f 2636/2636 2637/2637 2638/2638
f 2636/2636 2638/2638 2639/2639
f 2639/2639 2638/2638 2640/2640
f 2639/2639 2640/2640 2641/2641
f 2395/2395 2641/2641 2640/2640
f 2395/2395 2640/2640 2396/2396
f 2631/2631 2642/2642 2643/2643
f 2631/2631 2643/2643 2632/2632
f 2399/2399 2398/2398 2643/2643
f 2399/2399 2643/2643 2642/2642
f 2393/2393 2399/2399 2642/2642
f 2393/2393 2642/2642 2631/2631
f 2632/2632 2643/2643 2644/2644
f 2632/2632 2644/2644 2634/2634
f 2398/2398 2645/2645 2644/2644
f 2398/2398 2644/2644 2643/2643
f 2637/2637 2646/2646 2647/2647
f 2637/2637 2647/2647 2638/2638
f 2648/2648 2402/2402 2647/2647
f 2648/2648 2647/2647 2646/2646
f 2638/2638 2647/2647 2649/2649
f 2638/2638 2649/2649 2640/2640
f 2402/2402 2401/2401 2649/2649
f 2402/2402 2649/2649 2647/2647
f 2396/2396 2640/2640 2649/2649
f 2396/2396 2649/2649 2401/2401
f 2650/2650 2651/2651 2652/2652
f 2650/2650 2652/2652 2653/2653
f 2405/2405 2407/2407 2652/2652
f 2405/2405 2652/2652 2651/2651
f 2406/2406 2405/2405 2651/2651
f 2406/2406 2651/2651 2650/2650
f 2653/2653 2652/2652 2654/2654
f 2653/2653 2654/2654 2655/2655
f 2407/2407 2409/2409 2654/2654
f 2407/2407 2654/2654 2652/2652
f 2655/2655 2654/2654 2656/2656
f 2655/2655 2656/2656 2657/2657
f 2409/2409 2410/2410 2656/2656
f 2409/2409 2656/2656 2654/2654
f 2657/2657 2656/2656 2658/2658
f 2657/2657 2658/2658 2659/2659
f 2410/2410 2411/2411 2658/2658
f 2410/2410 2658/2658 2656/2656
f 2412/2412 2659/2659 2658/2658
f 2412/2412 2658/2658 2411/2411
f 2660/2660 2661/2661 2662/2662
f 2660/2660 2662/2662 2663/2663
f 2428/2428 2664/2664 2662/2662
f 2428/2428 2662/2662 2661/2661
f 2429/2429 2660/2660 2663/2663
f 2429/2429 2663/2663 2665/2665
f 2429/2429 2428/2428 2661/2661
f 2429/2429 2661/2661 2660/2660
f 2663/2663 2662/2662 2666/2666
f 2663/2663 2666/2666 2667/2667
f 2664/2664 2668/2668 2666/2666
f 2664/2664 2666/2666 2662/2662
f 2665/2665 2663/2663 2667/2667
f 2665/2665 2667/2667 2669/2669
f 2667/2667 2666/2666 2670/2670
f 2667/2667 2670/2670 2671/2671
f 2668/2668 2672/2672 2670/2670
f 2668/2668 2670/2670 2666/2666
f 2669/2669 2667/2667 2671/2671
f 2669/2669 2671/2671 2673/2673
f 2671/2671 2670/2670 2674/2674
f 2671/2671 2674/2674 2675/2675
f 2672/2672 2433/2433 2674/2674
f 2672/2672 2674/2674 2670/2670
f 2673/2673 2671/2671 2675/2675
f 2673/2673 2675/2675 2432/2432
f 2432/2432 2675/2675 2674/2674
f 2432/2432 2674/2674 2433/2433
f 2676/2676 2677/2677 2678/2678
f 2676/2676 2678/2678 2679/2679
f 2462/2462 2680/2680 2678/2678
f 2462/2462 2678/2678 2677/2677
f 2463/2463 2676/2676 2679/2679
f 2463/2463 2679/2679 2681/2681
f 2463/2463 2462/2462 2677/2677
f 2463/2463 2677/2677 2676/2676
f 2679/2679 2678/2678 2682/2682
f 2679/2679 2682/2682 2683/2683
f 2680/2680 2684/2684 2682/2682
f 2680/2680 2682/2682 2678/2678
f 2681/2681 2679/2679 2683/2683
f 2681/2681 2683/2683 2685/2685
f 2683/2683 2682/2682 2686/2686
f 2683/2683 2686/2686 2687/2687
f 2684/2684 2688/2688 2686/2686
f 2684/2684 2686/2686 2682/2682
f 2685/2685 2683/2683 2687/2687
f 2685/2685 2687/2687 2689/2689
f 2687/2687 2686/2686 2690/2690
f 2687/2687 2690/2690 2691/2691
f 2688/2688 2467/2467 2690/2690
f 2688/2688 2690/2690 2686/2686
f 2689/2689 2687/2687 2691/2691
f 2689/2689 2691/2691 2466/2466
f 2466/2466 2691/2691 2690/2690
f 2466/2466 2690/2690 2467/2467
f 2692/2692 2693/2693 2694/2694
f 2692/2692 2694/2694 2695/2695
f 2496/2496 2696/2696 2694/2694
f 2496/2496 2694/2694 2693/2693
f 2497/2497 2692/2692 2695/2695
f 2497/2497 2695/2695 2697/2697
f 2497/2497 2496/2496 2693/2693
f 2497/2497 2693/2693 2692/2692
f 2695/2695 2694/2694 2698/2698
f 2695/2695 2698/2698 2699/2699
f 2696/2696 2700/2700 2698/2698
f 2696/2696 2698/2698 2694/2694
f 2697/2697 2695/2695 2699/2699
f 2697/2697 2699/2699 2701/2701
f 2699/2699 2698/2698 2702/2702
f 2699/2699 2702/2702 2703/2703
f 2700/2700 2704/2704 2702/2702
f 2700/2700 2702/2702 2698/2698
f 2701/2701 2699/2699 2703/2703
f 2701/2701 2703/2703 2705/2705
f 2703/2703 2702/2702 2706/2706
f 2703/2703 2706/2706 2707/2707
f 2704/2704 2501/2501 2706/2706
f 2704/2704 2706/2706 2702/2702
f 2705/2705 2703/2703 2707/2707
f 2705/2705 2707/2707 2500/2500
f 2500/2500 2707/2707 2706/2706
f 2500/2500 2706/2706 2501/2501
f 2708/2708 2709/2709 2710/2710
f 2708/2708 2710/2710 2711/2711
f 2529/2529 2708/2708 2711/2711
f 2529/2529 2711/2711 2712/2712
f 2529/2529 2528/2528 2709/2709
f 2529/2529 2709/2709 2708/2708
f 2711/2711 2710/2710 2713/2713
f 2711/2711 2713/2713 2714/2714
f 2712/2712 2711/2711 2714/2714
f 2712/2712 2714/2714 2715/2715
f 2714/2714 2713/2713 2716/2716
f 2714/2714 2716/2716 2717/2717
f 2715/2715 2714/2714 2717/2717
f 2715/2715 2717/2717 2718/2718
f 2717/2717 2716/2716 2719/2719
f 2717/2717 2719/2719 2720/2720
f 2718/2718 2717/2717 2720/2720
f 2718/2718 2720/2720 2531/2531
f 2531/2531 2720/2720 2719/2719
f 2531/2531 2719/2719 2532/2532
f 2721/2721 2722/2722 2723/2723
f 2721/2721 2723/2723 2724/2724
f 2536/2536 2721/2721 2724/2724
f 2536/2536 2724/2724 2537/2537
f 2536/2536 2539/2539 2722/2722
f 2536/2536 2722/2722 2721/2721
f 2724/2724 2723/2723 2725/2725
f 2724/2724 2725/2725 2726/2726
f 2537/2537 2724/2724 2726/2726
f 2537/2537 2726/2726 2727/2727
f 2728/2728 2729/2729 2730/2730
f 2728/2728 2730/2730 2731/2731
f 2732/2732 2728/2728 2731/2731
f 2732/2732 2731/2731 2541/2541
f 2731/2731 2730/2730 2733/2733
f 2731/2731 2733/2733 2734/2734
f 2541/2541 2731/2731 2734/2734
f 2541/2541 2734/2734 2542/2542
f 2542/2542 2734/2734 2733/2733
f 2542/2542 2733/2733 2543/2543
f 2735/2735 2736/2736 2737/2737
f 2735/2735 2737/2737 2738/2738
f 2544/2544 2735/2735 2738/2738
f 2544/2544 2738/2738 2545/2545
f 2544/2544 2547/2547 2736/2736
f 2544/2544 2736/2736 2735/2735
f 2739/2739 2740/2740 2741/2741
f 2739/2739 2741/2741 2742/2742
f 2549/2549 2739/2739 2742/2742
f 2549/2549 2742/2742 2550/2550
f 2550/2550 2742/2742 2741/2741
f 2550/2550 2741/2741 2551/2551
f 2736/2736 2743/2743 2744/2744
f 2736/2736 2744/2744 2737/2737
f 2547/2547 2552/2552 2743/2743
f 2547/2547 2743/2743 2736/2736
f 2740/2740 2745/2745 2746/2746
f 2740/2740 2746/2746 2741/2741
f 2551/2551 2741/2741 2746/2746
f 2551/2551 2746/2746 2553/2553
f 2743/2743 2747/2747 2748/2748
f 2743/2743 2748/2748 2744/2744
f 2552/2552 2554/2554 2747/2747
f 2552/2552 2747/2747 2743/2743
f 2745/2745 2749/2749 2750/2750
f 2745/2745 2750/2750 2746/2746
f 2553/2553 2746/2746 2750/2750
f 2553/2553 2750/2750 2555/2555
f 2747/2747 2751/2751 2752/2752
f 2747/2747 2752/2752 2748/2748
f 2554/2554 2556/2556 2751/2751
f 2554/2554 2751/2751 2747/2747
f 2749/2749 2753/2753 2754/2754
f 2749/2749 2754/2754 2750/2750
f 2555/2555 2750/2750 2754/2754
f 2555/2555 2754/2754 2557/2557
f 2751/2751 2755/2755 2756/2756
f 2751/2751 2756/2756 2752/2752
f 2556/2556 2558/2558 2755/2755
f 2556/2556 2755/2755 2751/2751
f 2753/2753 2757/2757 2758/2758
f 2753/2753 2758/2758 2754/2754
f 2557/2557 2754/2754 2758/2758
f 2557/2557 2758/2758 2559/2559
f 2755/2755 2759/2759 2760/2760
f 2755/2755 2760/2760 2756/2756
f 2562/2562 2561/2561 2760/2760
f 2562/2562 2760/2760 2759/2759
f 2558/2558 2562/2562 2759/2759
f 2558/2558 2759/2759 2755/2755
f 2757/2757 2761/2761 2762/2762
f 2757/2757 2762/2762 2758/2758
f 2565/2565 2564/2564 2762/2762
f 2565/2565 2762/2762 2761/2761
f 2559/2559 2758/2758 2762/2762
f 2559/2559 2762/2762 2564/2564
f 2763/2763 2764/2764 2765/2765
f 2763/2763 2765/2765 2766/2766
f 2568/2568 2567/2567 2765/2765
f 2568/2568 2765/2765 2764/2764
f 2569/2569 2568/2568 2764/2764
f 2569/2569 2764/2764 2763/2763
f 2766/2766 2765/2765 2767/2767
f 2766/2766 2767/2767 2768/2768
f 2567/2567 2769/2769 2767/2767
f 2567/2567 2767/2767 2765/2765
f 2770/2770 2771/2771 2772/2772
f 2770/2770 2772/2772 2773/2773
f 2774/2774 2572/2572 2772/2772
f 2774/2774 2772/2772 2771/2771
f 2773/2773 2772/2772 2775/2775
f 2773/2773 2775/2775 2776/2776
f 2572/2572 2571/2571 2775/2775
f 2572/2572 2775/2775 2772/2772
f 2573/2573 2776/2776 2775/2775
f 2573/2573 2775/2775 2571/2571
f 2777/2777 2778/2778 2779/2779
f 2777/2777 2779/2779 2780/2780
f 2576/2576 2578/2578 2779/2779
f 2576/2576 2779/2779 2778/2778
f 2577/2577 2576/2576 2778/2778
f 2577/2577 2778/2778 2777/2777
f 2780/2780 2779/2779 2781/2781
f 2780/2780 2781/2781 2782/2782
f 2578/2578 2579/2579 2781/2781
f 2578/2578 2781/2781 2779/2779
f 2782/2782 2781/2781 2783/2783
f 2782/2782 2783/2783 2784/2784
f 2579/2579 2580/2580 2783/2783
f 2579/2579 2783/2783 2781/2781
f 2784/2784 2783/2783 2785/2785
f 2784/2784 2785/2785 2786/2786
f 2580/2580 2581/2581 2785/2785
f 2580/2580 2785/2785 2783/2783
f 2582/2582 2786/2786 2785/2785
f 2582/2582 2785/2785 2581/2581
f 2787/2787 2788/2788 2789/2789
f 2787/2787 2789/2789 2790/2790
f 2585/2585 2787/2787 2790/2790
f 2585/2585 2790/2790 2586/2586
f 2585/2585 2587/2587 2788/2788
f 2585/2585 2788/2788 2787/2787
f 2586/2586 2790/2790 2791/2791
f 2586/2586 2791/2791 2588/2588
f 2588/2588 2791/2791 2792/2792
f 2588/2588 2792/2792 2589/2589
f 2589/2589 2792/2792 2793/2793
f 2589/2589 2793/2793 2590/2590
f 2590/2590 2793/2793 2794/2794
f 2590/2590 2794/2794 2591/2591
f 2591/2591 2794/2794 2795/2795
f 2591/2591 2795/2795 2592/2592
f 2592/2592 2795/2795 2796/2796
f 2592/2592 2796/2796 2593/2593
f 2593/2593 2796/2796 2797/2797
f 2593/2593 2797/2797 2594/2594
f 2594/2594 2797/2797 2798/2798
f 2594/2594 2798/2798 2595/2595
f 2595/2595 2798/2798 2799/2799
f 2595/2595 2799/2799 2596/2596
f 2596/2596 2799/2799 2800/2800
f 2596/2596 2800/2800 2597/2597
f 2597/2597 2800/2800 2801/2801
f 2597/2597 2801/2801 2598/2598
f 2598/2598 2801/2801 2802/2802
f 2598/2598 2802/2802 2599/2599
f 2599/2599 2802/2802 2803/2803
f 2599/2599 2803/2803 2600/2600
f 2600/2600 2803/2803 2804/2804
f 2600/2600 2804/2804 2601/2601
f 2804/2804 2805/2805 2806/2806
f 2804/2804 2806/2806 2807/2807
f 2601/2601 2804/2804 2807/2807
f 2601/2601 2807/2807 2602/2602
f 2602/2602 2807/2807 2806/2806
f 2602/2602 2806/2806 2603/2603
f 2808/2808 2809/2809 2810/2810
f 2808/2808 2810/2810 2811/2811
f 2604/2604 2808/2808 2811/2811
f 2604/2604 2811/2811 2605/2605
f 2604/2604 2607/2607 2809/2809
f 2604/2604 2809/2809 2808/2808
f 2812/2812 2813/2813 2814/2814
f 2812/2812 2814/2814 2815/2815
f 2609/2609 2812/2812 2815/2815
f 2609/2609 2815/2815 2610/2610
f 2610/2610 2815/2815 2814/2814
f 2610/2610 2814/2814 2611/2611
f 2809/2809 2816/2816 2817/2817
f 2809/2809 2817/2817 2810/2810
f 2614/2614 2613/2613 2817/2817
f 2614/2614 2817/2817 2816/2816
f 2607/2607 2614/2614 2816/2816
f 2607/2607 2816/2816 2809/2809
f 2813/2813 2818/2818 2819/2819
f 2813/2813 2819/2819 2814/2814
f 2617/2617 2616/2616 2819/2819
f 2617/2617 2819/2819 2818/2818
f 2611/2611 2814/2814 2819/2819
f 2611/2611 2819/2819 2616/2616
f 2820/2820 2821/2821 2822/2822
f 2820/2820 2822/2822 2823/2823
f 2619/2619 2618/2618 2822/2822
f 2619/2619 2822/2822 2821/2821
f 2620/2620 2619/2619 2821/2821
f 2620/2620 2821/2821 2820/2820
f 2618/2618 2621/2621 2824/2824
f 2618/2618 2824/2824 2822/2822
f 2621/2621 2622/2622 2825/2825
f 2621/2621 2825/2825 2824/2824
f 2622/2622 2623/2623 2826/2826
f 2622/2622 2826/2826 2825/2825
f 2623/2623 2827/2827 2828/2828
f 2623/2623 2828/2828 2826/2826
f 2827/2827 2829/2829 2830/2830
f 2827/2827 2830/2830 2828/2828
f 2831/2831 2832/2832 2833/2833
f 2831/2831 2833/2833 2834/2834
f 2832/2832 2625/2625 2835/2835
f 2832/2832 2835/2835 2833/2833
f 2625/2625 2624/2624 2836/2836
f 2625/2625 2836/2836 2835/2835
f 2624/2624 2626/2626 2837/2837
f 2624/2624 2837/2837 2836/2836
f 2626/2626 2627/2627 2838/2838
f 2626/2626 2838/2838 2837/2837
f 2839/2839 2838/2838 2840/2840
f 2839/2839 2840/2840 2841/2841
f 2627/2627 2628/2628 2840/2840
f 2627/2627 2840/2840 2838/2838
f 2629/2629 2841/2841 2840/2840
f 2629/2629 2840/2840 2628/2628
f 2842/2842 2843/2843 2844/2844
f 2842/2842 2844/2844 2845/2845
f 2635/2635 2634/2634 2843/2843
f 2635/2635 2843/2843 2842/2842
f 2845/2845 2844/2844 2846/2846
f 2845/2845 2846/2846 2847/2847
f 2847/2847 2846/2846 2848/2848
f 2847/2847 2848/2848 2849/2849
f 2849/2849 2848/2848 2850/2850
f 2849/2849 2850/2850 2851/2851
f 2636/2636 2851/2851 2850/2850
f 2636/2636 2850/2850 2637/2637
f 2843/2843 2852/2852 2853/2853
f 2843/2843 2853/2853 2844/2844
f 2644/2644 2854/2854 2853/2853
f 2644/2644 2853/2853 2852/2852
f 2634/2634 2644/2644 2852/2852
f 2634/2634 2852/2852 2843/2843
f 2844/2844 2853/2853 2855/2855
f 2844/2844 2855/2855 2846/2846
f 2854/2854 2856/2856 2855/2855
f 2854/2854 2855/2855 2853/2853
f 2846/2846 2855/2855 2857/2857
f 2846/2846 2857/2857 2848/2848
f 2856/2856 2858/2858 2857/2857
f 2856/2856 2857/2857 2855/2855
f 2848/2848 2857/2857 2859/2859
f 2848/2848 2859/2859 2850/2850
f 2858/2858 2646/2646 2859/2859
f 2858/2858 2859/2859 2857/2857
f 2637/2637 2850/2850 2859/2859
f 2637/2637 2859/2859 2646/2646
f 2860/2860 2861/2861 2862/2862
f 2860/2860 2862/2862 2863/2863
f 2726/2726 2860/2860 2863/2863
f 2726/2726 2863/2863 2864/2864
f 2726/2726 2725/2725 2861/2861
f 2726/2726 2861/2861 2860/2860
f 2863/2863 2862/2862 2865/2865
f 2863/2863 2865/2865 2866/2866
f 2864/2864 2863/2863 2866/2866
f 2864/2864 2866/2866 2867/2867
f 2866/2866 2865/2865 2868/2868
f 2866/2866 2868/2868 2869/2869
f 2867/2867 2866/2866 2869/2869
f 2867/2867 2869/2869 2870/2870
f 2869/2869 2868/2868 2871/2871
f 2869/2869 2871/2871 2872/2872
f 2870/2870 2869/2869 2872/2872
f 2870/2870 2872/2872 2728/2728
f 2728/2728 2872/2872 2871/2871
f 2728/2728 2871/2871 2729/2729
f 2873/2873 2874/2874 2875/2875
f 2873/2873 2875/2875 2876/2876
f 2738/2738 2873/2873 2876/2876
f 2738/2738 2876/2876 2877/2877
f 2738/2738 2737/2737 2874/2874
f 2738/2738 2874/2874 2873/2873
f 2876/2876 2875/2875 2878/2878
f 2876/2876 2878/2878 2879/2879
f 2877/2877 2876/2876 2879/2879
f 2877/2877 2879/2879 2880/2880
f 2881/2881 2882/2882 2883/2883
f 2881/2881 2883/2883 2884/2884
f 2885/2885 2881/2881 2884/2884
f 2885/2885 2884/2884 2886/2886
f 2884/2884 2883/2883 2887/2887
f 2884/2884 2887/2887 2888/2888
f 2886/2886 2884/2884 2888/2888
f 2886/2886 2888/2888 2739/2739
f 2739/2739 2888/2888 2887/2887
f 2739/2739 2887/2887 2740/2740
f 2874/2874 2889/2889 2890/2890
f 2874/2874 2890/2890 2875/2875
f 2737/2737 2744/2744 2889/2889
f 2737/2737 2889/2889 2874/2874
f 2875/2875 2890/2890 2891/2891
f 2875/2875 2891/2891 2878/2878
f 2882/2882 2892/2892 2893/2893
f 2882/2882 2893/2893 2883/2883
f 2883/2883 2893/2893 2894/2894
f 2883/2883 2894/2894 2887/2887
f 2740/2740 2887/2887 2894/2894
f 2740/2740 2894/2894 2745/2745
f 2889/2889 2895/2895 2896/2896
f 2889/2889 2896/2896 2890/2890
f 2744/2744 2748/2748 2895/2895
f 2744/2744 2895/2895 2889/2889
f 2890/2890 2896/2896 2897/2897
f 2890/2890 2897/2897 2891/2891
f 2892/2892 2898/2898 2899/2899
f 2892/2892 2899/2899 2893/2893
f 2893/2893 2899/2899 2900/2900
f 2893/2893 2900/2900 2894/2894
f 2745/2745 2894/2894 2900/2900
f 2745/2745 2900/2900 2749/2749
f 2895/2895 2901/2901 2902/2902
f 2895/2895 2902/2902 2896/2896
f 2748/2748 2752/2752 2901/2901
f 2748/2748 2901/2901 2895/2895
f 2896/2896 2902/2902 2903/2903
f 2896/2896 2903/2903 2897/2897
f 2898/2898 2904/2904 2905/2905
f 2898/2898 2905/2905 2899/2899
f 2899/2899 2905/2905 2906/2906
f 2899/2899 2906/2906 2900/2900
f 2749/2749 2900/2900 2906/2906
f 2749/2749 2906/2906 2753/2753
f 2901/2901 2907/2907 2908/2908
f 2901/2901 2908/2908 2902/2902
f 2752/2752 2756/2756 2907/2907
f 2752/2752 2907/2907 2901/2901
f 2902/2902 2908/2908 2909/2909
f 2902/2902 2909/2909 2903/2903
f 2904/2904 2910/2910 2911/2911
f 2904/2904 2911/2911 2905/2905
f 2905/2905 2911/2911 2912/2912
f 2905/2905 2912/2912 2906/2906
f 2753/2753 2906/2906 2912/2912
f 2753/2753 2912/2912 2757/2757
f 2907/2907 2913/2913 2914/2914
f 2907/2907 2914/2914 2908/2908
f 2760/2760 2915/2915 2914/2914
f 2760/2760 2914/2914 2913/2913
f 2756/2756 2760/2760 2913/2913
f 2756/2756 2913/2913 2907/2907
f 2908/2908 2914/2914 2916/2916
f 2908/2908 2916/2916 2909/2909
f 2915/2915 2917/2917 2916/2916
f 2915/2915 2916/2916 2914/2914
f 2910/2910 2918/2918 2919/2919
f 2910/2910 2919/2919 2911/2911
f 2920/2920 2921/2921 2919/2919
f 2920/2920 2919/2919 2918/2918
f 2911/2911 2919/2919 2922/2922
f 2911/2911 2922/2922 2912/2912
f 2921/2921 2761/2761 2922/2922
f 2921/2921 2922/2922 2919/2919
f 2757/2757 2912/2912 2922/2922
f 2757/2757 2922/2922 2761/2761
f 2923/2923 2924/2924 2925/2925
f 2923/2923 2925/2925 2926/2926
f 2767/2767 2927/2927 2925/2925
f 2767/2767 2925/2925 2924/2924
f 2768/2768 2767/2767 2924/2924
f 2768/2768 2924/2924 2923/2923
f 2926/2926 2925/2925 2928/2928
f 2926/2926 2928/2928 2929/2929
f 2927/2927 2930/2930 2928/2928
f 2927/2927 2928/2928 2925/2925
f 2929/2929 2928/2928 2931/2931
f 2929/2929 2931/2931 2932/2932
f 2930/2930 2933/2933 2931/2931
f 2930/2930 2931/2931 2928/2928
f 2932/2932 2931/2931 2934/2934
f 2932/2932 2934/2934 2935/2935
f 2933/2933 2771/2771 2934/2934
f 2933/2933 2934/2934 2931/2931
f 2770/2770 2935/2935 2934/2934
f 2770/2770 2934/2934 2771/2771
f 2936/2936 2937/2937 2938/2938
f 2936/2936 2938/2938 2939/2939
f 2790/2790 2936/2936 2939/2939
f 2790/2790 2939/2939 2791/2791
f 2790/2790 2789/2789 2937/2937
f 2790/2790 2937/2937 2936/2936
f 2791/2791 2939/2939 2940/2940
f 2791/2791 2940/2940 2792/2792
f 2792/2792 2940/2940 2941/2941
f 2792/2792 2941/2941 2793/2793
f 2793/2793 2941/2941 2942/2942
f 2793/2793 2942/2942 2794/2794
f 2794/2794 2942/2942 2943/2943
f 2794/2794 2943/2943 2795/2795
f 2795/2795 2943/2943 2944/2944
f 2795/2795 2944/2944 2796/2796
f 2796/2796 2944/2944 2945/2945
f 2796/2796 2945/2945 2797/2797
f 2797/2797 2945/2945 2946/2946
f 2797/2797 2946/2946 2798/2798
f 2798/2798 2946/2946 2947/2947
f 2798/2798 2947/2947 2799/2799
f 2799/2799 2947/2947 2948/2948
f 2799/2799 2948/2948 2800/2800
f 2800/2800 2948/2948 2949/2949
f 2800/2800 2949/2949 2801/2801
f 2801/2801 2949/2949 2950/2950
f 2801/2801 2950/2950 2802/2802
f 2802/2802 2950/2950 2951/2951
f 2802/2802 2951/2951 2803/2803
f 2951/2951 2952/2952 2953/2953
f 2951/2951 2953/2953 2954/2954
f 2803/2803 2951/2951 2954/2954
f 2803/2803 2954/2954 2804/2804
f 2804/2804 2954/2954 2953/2953
f 2804/2804 2953/2953 2805/2805
f 2811/2811 2955/2955 2956/2956
f 2811/2811 2956/2956 2957/2957
f 2811/2811 2810/2810 2958/2958
f 2811/2811 2958/2958 2955/2955
f 2959/2959 2960/2960 2961/2961
f 2959/2959 2961/2961 2812/2812
f 2812/2812 2961/2961 2962/2962
f 2812/2812 2962/2962 2813/2813
f 2817/2817 2963/2963 2964/2964
f 2817/2817 2964/2964 2965/2965
f 2810/2810 2817/2817 2965/2965
f 2810/2810 2965/2965 2958/2958
f 2966/2966 2818/2818 2967/2967
f 2966/2966 2967/2967 2968/2968
f 2813/2813 2962/2962 2967/2967
f 2813/2813 2967/2967 2818/2818
f 2969/2969 2970/2970 2971/2971
f 2969/2969 2971/2971 2972/2972
f 2822/2822 2824/2824 2971/2971
f 2822/2822 2971/2971 2970/2970
f 2823/2823 2822/2822 2970/2970
f 2823/2823 2970/2970 2969/2969
f 2824/2824 2825/2825 2973/2973
f 2824/2824 2973/2973 2971/2971
f 2825/2825 2826/2826 2974/2974
f 2825/2825 2974/2974 2973/2973
f 2826/2826 2828/2828 2975/2975
f 2826/2826 2975/2975 2974/2974
f 2828/2828 2830/2830 2976/2976
f 2828/2828 2976/2976 2975/2975
f 2830/2830 2977/2977 2978/2978
f 2830/2830 2978/2978 2976/2976
f 2977/2977 2979/2979 2980/2980
f 2977/2977 2980/2980 2978/2978
f 2979/2979 2981/2981 2982/2982
f 2979/2979 2982/2982 2980/2980
f 2981/2981 2834/2834 2983/2983
f 2981/2981 2983/2983 2982/2982
f 2834/2834 2833/2833 2984/2984
f 2834/2834 2984/2984 2983/2983
f 2833/2833 2835/2835 2985/2985
f 2833/2833 2985/2985 2984/2984
f 2835/2835 2836/2836 2986/2986
f 2835/2835 2986/2986 2985/2985
f 2836/2836 2837/2837 2987/2987
f 2836/2836 2987/2987 2986/2986
f 2988/2988 2987/2987 2989/2989
f 2988/2988 2989/2989 2990/2990
f 2837/2837 2838/2838 2989/2989
f 2837/2837 2989/2989 2987/2987
f 2839/2839 2990/2990 2989/2989
f 2839/2839 2989/2989 2838/2838
f 2991/2991 2992/2992 2993/2993
f 2991/2991 2993/2993 2994/2994
f 2879/2879 2991/2991 2994/2994
f 2879/2879 2994/2994 2995/2995
f 2879/2879 2878/2878 2992/2992
f 2879/2879 2992/2992 2991/2991
f 2994/2994 2993/2993 2996/2996
f 2994/2994 2996/2996 2997/2997
f 2995/2995 2994/2994 2997/2997
f 2995/2995 2997/2997 2998/2998
f 2997/2997 2996/2996 2999/2999
f 2997/2997 2999/2999 3000/3000
f 2998/2998 2997/2997 3000/3000
f 2998/2998 3000/3000 3001/3001
f 3000/3000 2999/2999 3002/3002
f 3000/3000 3002/3002 3003/3003
f 3001/3001 3000/3000 3003/3003
f 3001/3001 3003/3003 2881/2881
f 2881/2881 3003/3003 3002/3002
f 2881/2881 3002/3002 2882/2882
f 2992/2992 3004/3004 3005/3005
f 2992/2992 3005/3005 2993/2993
f 2878/2878 2891/2891 3004/3004
f 2878/2878 3004/3004 2992/2992
f 2993/2993 3005/3005 3006/3006
f 2993/2993 3006/3006 2996/2996
f 2996/2996 3006/3006 3007/3007
f 2996/2996 3007/3007 2999/2999
f 2999/2999 3007/3007 3008/3008
f 2999/2999 3008/3008 3002/3002
f 2882/2882 3002/3002 3008/3008
f 2882/2882 3008/3008 2892/2892
f 3004/3004 3009/3009 3010/3010
f 3004/3004 3010/3010 3005/3005
f 2891/2891 2897/2897 3009/3009
f 2891/2891 3009/3009 3004/3004
f 3005/3005 3010/3010 3011/3011
f 3005/3005 3011/3011 3006/3006
f 3006/3006 3011/3011 3012/3012
f 3006/3006 3012/3012 3007/3007
f 3007/3007 3012/3012 3013/3013
f 3007/3007 3013/3013 3008/3008
f 2892/2892 3008/3008 3013/3013
f 2892/2892 3013/3013 2898/2898
f 3009/3009 3014/3014 3015/3015
f 3009/3009 3015/3015 3010/3010
f 2897/2897 2903/2903 3014/3014
f 2897/2897 3014/3014 3009/3009
f 3010/3010 3015/3015 3016/3016
f 3010/3010 3016/3016 3011/3011
f 3011/3011 3016/3016 3017/3017
f 3011/3011 3017/3017 3012/3012
f 3012/3012 3017/3017 3018/3018
f 3012/3012 3018/3018 3013/3013
f 2898/2898 3013/3013 3018/3018
f 2898/2898 3018/3018 2904/2904
f 3014/3014 3019/3019 3020/3020
f 3014/3014 3020/3020 3015/3015
f 2903/2903 2909/2909 3019/3019
f 2903/2903 3019/3019 3014/3014
f 3015/3015 3020/3020 3021/3021
f 3015/3015 3021/3021 3016/3016
f 3016/3016 3021/3021 3022/3022
f 3016/3016 3022/3022 3017/3017
f 3017/3017 3022/3022 3023/3023
f 3017/3017 3023/3023 3018/3018
f 2904/2904 3018/3018 3023/3023
f 2904/2904 3023/3023 2910/2910
f 3019/3019 3024/3024 3025/3025
f 3019/3019 3025/3025 3020/3020
f 2916/2916 3026/3026 3025/3025
f 2916/2916 3025/3025 3024/3024
f 2909/2909 2916/2916 3024/3024
f 2909/2909 3024/3024 3019/3019
f 3020/3020 3025/3025 3027/3027
f 3020/3020 3027/3027 3021/3021
f 3026/3026 3028/3028 3027/3027
f 3026/3026 3027/3027 3025/3025
f 3021/3021 3027/3027 3029/3029
f 3021/3021 3029/3029 3022/3022
f 3028/3028 3030/3030 3029/3029
f 3028/3028 3029/3029 3027/3027
f 3022/3022 3029/3029 3031/3031
f 3022/3022 3031/3031 3023/3023
f 3030/3030 2918/2918 3031/3031
f 3030/3030 3031/3031 3029/3029
f 2910/2910 3023/3023 3031/3031
f 2910/2910 3031/3031 2918/2918
f 3032/3032 3033/3033 3034/3034
f 3032/3032 3034/3034 3035/3035
f 2939/2939 3032/3032 3035/3035
f 2939/2939 3035/3035 2940/2940
f 2939/2939 2938/2938 3033/3033
f 2939/2939 3033/3033 3032/3032
f 2940/2940 3035/3035 3036/3036
f 2940/2940 3036/3036 2941/2941
f 2941/2941 3036/3036 3037/3037
f 2941/2941 3037/3037 2942/2942
f 2942/2942 3037/3037 3038/3038
f 2942/2942 3038/3038 2943/2943
f 2943/2943 3038/3038 3039/3039
f 2943/2943 3039/3039 2944/2944
f 2944/2944 3039/3039 3040/3040
f 2944/2944 3040/3040 2945/2945
f 2945/2945 3040/3040 3041/3041
f 2945/2945 3041/3041 2946/2946
f 2946/2946 3041/3041 3042/3042
f 2946/2946 3042/3042 2947/2947
f 2947/2947 3042/3042 3043/3043
f 2947/2947 3043/3043 2948/2948
f 2948/2948 3043/3043 3044/3044
f 2948/2948 3044/3044 2949/2949
f 2949/2949 3044/3044 3045/3045
f 2949/2949 3045/3045 2950/2950
f 3045/3045 3046/3046 3047/3047
f 3045/3045 3047/3047 3048/3048
f 2950/2950 3045/3045 3048/3048
f 2950/2950 3048/3048 2951/2951
f 2951/2951 3048/3048 3047/3047
f 2951/2951 3047/3047 2952/2952
f 3049/3049 3050/3050 3051/3051
f 3049/3049 3051/3051 3052/3052
f 2955/2955 3049/3049 3052/3052
f 2955/2955 3052/3052 2956/2956
f 2955/2955 2958/2958 3050/3050
f 2955/2955 3050/3050 3049/3049
f 2956/2956 3052/3052 3053/3053
f 2956/2956 3053/3053 3054/3054
f 3055/3055 3056/3056 3057/3057
f 3055/3055 3057/3057 2960/2960
f 3057/3057 3058/3058 3059/3059
f 3057/3057 3059/3059 3060/3060
f 2960/2960 3057/3057 3060/3060
f 2960/2960 3060/3060 2961/2961
f 2961/2961 3060/3060 3059/3059
f 2961/2961 3059/3059 2962/2962
f 3050/3050 3061/3061 3062/3062
f 3050/3050 3062/3062 3051/3051
f 2965/2965 2964/2964 3062/3062
f 2965/2965 3062/3062 3061/3061
f 2958/2958 2965/2965 3061/3061
f 2958/2958 3061/3061 3050/3050
f 2964/2964 3063/3063 3064/3064
f 2964/2964 3064/3064 3062/3062
f 3065/3065 2968/2968 3066/3066
f 3065/3065 3066/3066 3067/3067
f 3058/3058 3066/3066 3068/3068
f 3058/3058 3068/3068 3059/3059
f 2968/2968 2967/2967 3068/3068
f 2968/2968 3068/3068 3066/3066
f 2962/2962 3059/3059 3068/3068
f 2962/2962 3068/3068 2967/2967
f 3069/3069 3070/3070 3071/3071
f 3069/3069 3071/3071 3072/3072
f 2971/2971 2973/2973 3071/3071
f 2971/2971 3071/3071 3070/3070
f 2972/2972 2971/2971 3070/3070
f 2972/2972 3070/3070 3069/3069
f 2973/2973 2974/2974 3073/3073
f 2973/2973 3073/3073 3071/3071
f 2974/2974 2975/2975 3074/3074
f 2974/2974 3074/3074 3073/3073
f 2975/2975 2976/2976 3075/3075
f 2975/2975 3075/3075 3074/3074
f 2976/2976 2978/2978 3076/3076
f 2976/2976 3076/3076 3075/3075
f 2978/2978 2980/2980 3077/3077
f 2978/2978 3077/3077 3076/3076
f 2980/2980 2982/2982 3078/3078
f 2980/2980 3078/3078 3077/3077
f 2982/2982 2983/2983 3079/3079
f 2982/2982 3079/3079 3078/3078
f 2983/2983 2984/2984 3080/3080
f 2983/2983 3080/3080 3079/3079
f 2984/2984 2985/2985 3081/3081
f 2984/2984 3081/3081 3080/3080
f 2985/2985 2986/2986 3082/3082
f 2985/2985 3082/3082 3081/3081
f 3083/3083 3082/3082 3084/3084
f 3083/3083 3084/3084 3085/3085
f 2986/2986 2987/2987 3084/3084
f 2986/2986 3084/3084 3082/3082
f 2988/2988 3085/3085 3084/3084
f 2988/2988 3084/3084 2987/2987
f 3086/3086 3087/3087 3088/3088
f 3086/3086 3088/3088 3089/3089
f 3035/3035 3086/3086 3089/3089
f 3035/3035 3089/3089 3036/3036
f 3035/3035 3034/3034 3087/3087
f 3035/3035 3087/3087 3086/3086
f 3089/3089 3088/3088 3090/3090
f 3089/3089 3090/3090 3091/3091
f 3036/3036 3089/3089 3091/3091
f 3036/3036 3091/3091 3037/3037
f 3037/3037 3091/3091 3092/3092
f 3037/3037 3092/3092 3038/3038
f 3038/3038 3092/3092 3093/3093
f 3038/3038 3093/3093 3039/3039
f 3039/3039 3093/3093 3094/3094
f 3039/3039 3094/3094 3040/3040
f 3040/3040 3094/3094 3095/3095
f 3040/3040 3095/3095 3041/3041
f 3041/3041 3095/3095 3096/3096
f 3041/3041 3096/3096 3042/3042
f 3042/3042 3096/3096 3097/3097
f 3042/3042 3097/3097 3043/3043
f 3097/3097 3098/3098 3099/3099
f 3097/3097 3099/3099 3100/3100
f 3043/3043 3097/3097 3100/3100
f 3043/3043 3100/3100 3044/3044
f 3100/3100 3099/3099 3101/3101
f 3100/3100 3101/3101 3102/3102
f 3044/3044 3100/3100 3102/3102
f 3044/3044 3102/3102 3045/3045
f 3045/3045 3102/3102 3101/3101
f 3045/3045 3101/3101 3046/3046
f 3103/3103 3104/3104 3105/3105
f 3103/3103 3105/3105 3106/3106
f 3052/3052 3103/3103 3106/3106
f 3052/3052 3106/3106 3053/3053
f 3052/3052 3051/3051 3104/3104
f 3052/3052 3104/3104 3103/3103
f 3106/3106 3105/3105 3107/3107
f 3106/3106 3107/3107 3108/3108
f 3053/3053 3106/3106 3108/3108
f 3053/3053 3108/3108 3109/3109
f 3110/3110 3111/3111 3112/3112
f 3110/3110 3112/3112 3113/3113
f 3114/3114 3110/3110 3113/3113
f 3114/3114 3113/3113 3056/3056
f 3113/3113 3112/3112 3115/3115
f 3113/3113 3115/3115 3116/3116
f 3056/3056 3113/3113 3116/3116
f 3056/3056 3116/3116 3057/3057
f 3057/3057 3116/3116 3115/3115
f 3057/3057 3115/3115 3058/3058
f 3104/3104 3117/3117 3118/3118
f 3104/3104 3118/3118 3105/3105
f 3062/3062 3064/3064 3118/3118
f 3062/3062 3118/3118 3117/3117
f 3051/3051 3062/3062 3117/3117
f 3051/3051 3117/3117 3104/3104
f 3105/3105 3118/3118 3119/3119
f 3105/3105 3119/3119 3107/3107
f 3064/3064 3120/3120 3119/3119
f 3064/3064 3119/3119 3118/3118
f 3111/3111 3121/3121 3122/3122
f 3111/3111 3122/3122 3112/3112
f 3123/3123 3067/3067 3122/3122
f 3123/3123 3122/3122 3121/3121
f 3112/3112 3122/3122 3124/3124
f 3112/3112 3124/3124 3115/3115
f 3067/3067 3066/3066 3124/3124
f 3067/3067 3124/3124 3122/3122
f 3058/3058 3115/3115 3124/3124
f 3058/3058 3124/3124 3066/3066
f 3125/3125 3126/3126 3127/3127
f 3125/3125 3127/3127 3128/3128
f 3071/3071 3073/3073 3127/3127
f 3071/3071 3127/3127 3126/3126
f 3072/3072 3071/3071 3126/3126
f 3072/3072 3126/3126 3125/3125
f 3128/3128 3127/3127 3129/3129
f 3128/3128 3129/3129 3130/3130
f 3073/3073 3074/3074 3129/3129
f 3073/3073 3129/3129 3127/3127
f 3074/3074 3075/3075 3131/3131
f 3074/3074 3131/3131 3129/3129
f 3075/3075 3076/3076 3132/3132
f 3075/3075 3132/3132 3131/3131
f 3076/3076 3077/3077 3133/3133
f 3076/3076 3133/3133 3132/3132
f 3077/3077 3078/3078 3134/3134
f 3077/3077 3134/3134 3133/3133
f 3078/3078 3079/3079 3135/3135
f 3078/3078 3135/3135 3134/3134
f 3079/3079 3080/3080 3136/3136
f 3079/3079 3136/3136 3135/3135
f 3137/3137 3136/3136 3138/3138
f 3137/3137 3138/3138 3139/3139
f 3080/3080 3081/3081 3138/3138
f 3080/3080 3138/3138 3136/3136
f 3139/3139 3138/3138 3140/3140
f 3139/3139 3140/3140 3141/3141
f 3081/3081 3082/3082 3140/3140
f 3081/3081 3140/3140 3138/3138
f 3083/3083 3141/3141 3140/3140
f 3083/3083 3140/3140 3082/3082
f 3142/3142 3143/3143 3144/3144
f 3142/3142 3144/3144 3145/3145
f 3091/3091 3142/3142 3145/3145
f 3091/3091 3145/3145 3092/3092
f 3091/3091 3090/3090 3143/3143
f 3091/3091 3143/3143 3142/3142
f 3145/3145 3144/3144 3146/3146
f 3145/3145 3146/3146 3147/3147
f 3092/3092 3145/3145 3147/3147
f 3092/3092 3147/3147 3093/3093
f 3147/3147 3146/3146 3148/3148
f 3147/3147 3148/3148 3149/3149
f 3093/3093 3147/3147 3149/3149
f 3093/3093 3149/3149 3094/3094
f 3149/3149 3148/3148 3150/3150
f 3149/3149 3150/3150 3151/3151
f 3094/3094 3149/3149 3151/3151
f 3094/3094 3151/3151 3095/3095
f 3151/3151 3150/3150 3152/3152
f 3151/3151 3152/3152 3153/3153
f 3095/3095 3151/3151 3153/3153
f 3095/3095 3153/3153 3096/3096
f 3153/3153 3152/3152 3154/3154
f 3153/3153 3154/3154 3155/3155
f 3096/3096 3153/3153 3155/3155
f 3096/3096 3155/3155 3097/3097
f 3097/3097 3155/3155 3154/3154
f 3097/3097 3154/3154 3098/3098
f 3156/3156 3157/3157 3158/3158
f 3156/3156 3158/3158 3159/3159
f 3108/3108 3156/3156 3159/3159
f 3108/3108 3159/3159 3160/3160
f 3108/3108 3107/3107 3157/3157
f 3108/3108 3157/3157 3156/3156
f 3159/3159 3158/3158 3161/3161
f 3159/3159 3161/3161 3162/3162
f 3160/3160 3159/3159 3162/3162
f 3160/3160 3162/3162 3163/3163
f 3164/3164 3165/3165 3166/3166
f 3164/3164 3166/3166 3167/3167
f 3168/3168 3164/3164 3167/3167
f 3168/3168 3167/3167 3169/3169
f 3167/3167 3166/3166 3170/3170
f 3167/3167 3170/3170 3171/3171
f 3169/3169 3167/3167 3171/3171
f 3169/3169 3171/3171 3110/3110
f 3110/3110 3171/3171 3170/3170
f 3110/3110 3170/3170 3111/3111
f 3157/3157 3172/3172 3173/3173
f 3157/3157 3173/3173 3158/3158
f 3119/3119 3174/3174 3173/3173
f 3119/3119 3173/3173 3172/3172
f 3107/3107 3119/3119 3172/3172
f 3107/3107 3172/3172 3157/3157
f 3158/3158 3173/3173 3175/3175
f 3158/3158 3175/3175 3161/3161
f 3174/3174 3176/3176 3175/3175
f 3174/3174 3175/3175 3173/3173
f 3165/3165 3177/3177 3178/3178
f 3165/3165 3178/3178 3166/3166
f 3179/3179 3180/3180 3178/3178
f 3179/3179 3178/3178 3177/3177
f 3166/3166 3178/3178 3181/3181
f 3166/3166 3181/3181 3170/3170
f 3180/3180 3121/3121 3181/3181
f 3180/3180 3181/3181 3178/3178
f 3111/3111 3170/3170 3181/3181
f 3111/3111 3181/3181 3121/3121
f 3182/3182 3183/3183 3184/3184
f 3182/3182 3184/3184 3185/3185
f 3129/3129 3131/3131 3184/3184
f 3129/3129 3184/3184 3183/3183
f 3130/3130 3129/3129 3183/3183
f 3130/3130 3183/3183 3182/3182
f 3185/3185 3184/3184 3186/3186
f 3185/3185 3186/3186 3187/3187
f 3131/3131 3132/3132 3186/3186
f 3131/3131 3186/3186 3184/3184
f 3187/3187 3186/3186 3188/3188
f 3187/3187 3188/3188 3189/3189
f 3132/3132 3133/3133 3188/3188
f 3132/3132 3188/3188 3186/3186
f 3189/3189 3188/3188 3190/3190
f 3189/3189 3190/3190 3191/3191
f 3133/3133 3134/3134 3190/3190
f 3133/3133 3190/3190 3188/3188
f 3191/3191 3190/3190 3192/3192
f 3191/3191 3192/3192 3193/3193
f 3134/3134 3135/3135 3192/3192
f 3134/3134 3192/3192 3190/3190
f 3193/3193 3192/3192 3194/3194
f 3193/3193 3194/3194 3195/3195
f 3135/3135 3136/3136 3194/3194
f 3135/3135 3194/3194 3192/3192
f 3137/3137 3195/3195 3194/3194
f 3137/3137 3194/3194 3136/3136
f 3196/3196 3197/3197 3198/3198
f 3196/3196 3198/3198 3199/3199
f 3162/3162 3196/3196 3199/3199
f 3162/3162 3199/3199 3200/3200
f 3162/3162 3161/3161 3197/3197
f 3162/3162 3197/3197 3196/3196
f 3199/3199 3198/3198 3201/3201
f 3199/3199 3201/3201 3202/3202
f 3200/3200 3199/3199 3202/3202
f 3200/3200 3202/3202 3203/3203
f 3202/3202 3201/3201 3204/3204
f 3202/3202 3204/3204 3205/3205
f 3203/3203 3202/3202 3205/3205
f 3203/3203 3205/3205 3206/3206
f 3205/3205 3204/3204 3207/3207
f 3205/3205 3207/3207 3208/3208
f 3206/3206 3205/3205 3208/3208
f 3206/3206 3208/3208 3209/3209
f 3208/3208 3207/3207 3210/3210
f 3208/3208 3210/3210 3211/3211
f 3209/3209 3208/3208 3211/3211
f 3209/3209 3211/3211 3212/3212
f 3211/3211 3210/3210 3213/3213
f 3211/3211 3213/3213 3214/3214
f 3212/3212 3211/3211 3214/3214
f 3212/3212 3214/3214 3164/3164
f 3164/3164 3214/3214 3213/3213
f 3164/3164 3213/3213 3165/3165
f 3197/3197 3215/3215 3216/3216
f 3197/3197 3216/3216 3198/3198
f 3175/3175 3217/3217 3216/3216
f 3175/3175 3216/3216 3215/3215
f 3161/3161 3175/3175 3215/3215
f 3161/3161 3215/3215 3197/3197
f 3198/3198 3216/3216 3218/3218
f 3198/3198 3218/3218 3201/3201
f 3217/3217 3219/3219 3218/3218
f 3217/3217 3218/3218 3216/3216
f 3201/3201 3218/3218 3220/3220
f 3201/3201 3220/3220 3204/3204
f 3219/3219 3221/3221 3220/3220
f 3219/3219 3220/3220 3218/3218
f 3204/3204 3220/3220 3222/3222
f 3204/3204 3222/3222 3207/3207
f 3221/3221 3223/3223 3222/3222
f 3221/3221 3222/3222 3220/3220
f 3207/3207 3222/3222 3224/3224
f 3207/3207 3224/3224 3210/3210
f 3223/3223 3225/3225 3224/3224
f 3223/3223 3224/3224 3222/3222
f 3210/3210 3224/3224 3226/3226
f 3210/3210 3226/3226 3213/3213
f 3225/3225 3177/3177 3226/3226
f 3225/3225 3226/3226 3224/3224
f 3165/3165 3213/3213 3226/3226
f 3165/3165 3226/3226 3177/3177
