mtllib TGRNA0_flame.mtl
o TorchFlame
v -0.250000 0.704545 -0.045455
v -0.250000 0.704545 -0.022727
v -0.250000 0.727273 -0.022727
v -0.250000 0.727273 -0.045455
v -0.227273 0.727273 -0.022727
v -0.227273 0.727273 -0.045455
v -0.227273 0.704545 -0.045455
v -0.227273 0.704545 -0.022727
v -0.250000 0.704545 0.000000
v -0.250000 0.727273 0.000000
v -0.227273 0.727273 0.000000
v -0.227273 0.704545 0.000000
v -0.250000 0.704545 0.022727
v -0.250000 0.727273 0.022727
v -0.227273 0.727273 0.022727
v -0.227273 0.704545 0.022727
v -0.250000 0.704545 0.045455
v -0.250000 0.727273 0.045455
v -0.227273 0.727273 0.045455
v -0.227273 0.704545 0.045455
v -0.227273 0.136364 -0.068182
v -0.227273 0.136364 -0.045455
v -0.227273 0.159091 -0.045455
v -0.227273 0.159091 -0.068182
v -0.204545 0.136364 -0.068182
v -0.204545 0.136364 -0.045455
v -0.204545 0.159091 -0.068182
v -0.227273 0.136364 -0.022727
v -0.227273 0.159091 -0.022727
v -0.204545 0.136364 -0.022727
v -0.227273 0.136364 0.000000
v -0.227273 0.159091 0.000000
v -0.204545 0.136364 0.000000
v -0.227273 0.136364 0.022727
v -0.227273 0.159091 0.022727
v -0.204545 0.136364 0.022727
v -0.227273 0.136364 0.045455
v -0.227273 0.159091 0.045455
v -0.204545 0.136364 0.045455
v -0.227273 0.136364 0.068182
v -0.227273 0.159091 0.068182
v -0.204545 0.136364 0.068182
v -0.204545 0.159091 0.068182
v -0.227273 0.159091 -0.068182
v -0.227273 0.159091 -0.045455
v -0.227273 0.181818 -0.045455
v -0.227273 0.181818 -0.068182
v -0.204545 0.181818 -0.068182
v -0.204545 0.159091 -0.068182
v -0.227273 0.159091 -0.022727
v -0.227273 0.181818 -0.022727
v -0.227273 0.159091 0.000000
v -0.227273 0.181818 0.000000
v -0.227273 0.159091 0.022727
v -0.227273 0.181818 0.022727
v -0.227273 0.159091 0.045455
v -0.227273 0.181818 0.045455
v -0.227273 0.159091 0.068182
v -0.227273 0.181818 0.068182
v -0.204545 0.159091 0.068182
v -0.204545 0.181818 0.068182
v -0.227273 0.204545 -0.045455
v -0.227273 0.204545 -0.068182
v -0.204545 0.204545 -0.045455
v -0.204545 0.204545 -0.068182
v -0.227273 0.204545 -0.022727
v -0.204545 0.204545 -0.022727
v -0.227273 0.204545 0.000000
v -0.204545 0.204545 0.000000
v -0.227273 0.204545 0.022727
v -0.204545 0.204545 0.022727
v -0.227273 0.204545 0.045455
v -0.204545 0.204545 0.045455
v -0.227273 0.204545 0.068182
v -0.204545 0.204545 0.068182
v -0.227273 0.704545 -0.090909
v -0.227273 0.704545 -0.068182
v -0.227273 0.727273 -0.068182
v -0.227273 0.727273 -0.090909
v -0.204545 0.727273 -0.068182
v -0.204545 0.727273 -0.090909
v -0.204545 0.704545 -0.090909
v -0.204545 0.704545 -0.068182
v -0.204545 0.727273 -0.045455
v -0.204545 0.704545 -0.045455
v -0.204545 0.727273 -0.022727
v -0.204545 0.704545 -0.022727
v -0.204545 0.727273 0.000000
v -0.204545 0.704545 0.000000
v -0.204545 0.727273 0.022727
v -0.204545 0.704545 0.022727
v -0.204545 0.727273 0.045455
v -0.204545 0.704545 0.045455
v -0.227273 0.704545 0.068182
v -0.227273 0.727273 0.068182
v -0.204545 0.727273 0.068182
v -0.204545 0.704545 0.068182
v -0.227273 0.704545 0.090909
v -0.227273 0.727273 0.090909
v -0.204545 0.727273 0.090909
v -0.204545 0.704545 0.090909
v -0.204545 0.090909 -0.068182
v -0.204545 0.090909 -0.045455
v -0.204545 0.113636 -0.045455
v -0.204545 0.113636 -0.068182
v -0.181818 0.090909 -0.068182
v -0.181818 0.090909 -0.045455
v -0.181818 0.113636 -0.068182
v -0.204545 0.090909 -0.022727
v -0.204545 0.113636 -0.022727
v -0.181818 0.090909 -0.022727
v -0.204545 0.090909 0.000000
v -0.204545 0.113636 0.000000
v -0.181818 0.090909 0.000000
v -0.204545 0.090909 0.022727
v -0.204545 0.113636 0.022727
v -0.181818 0.090909 0.022727
v -0.204545 0.090909 0.045455
v -0.204545 0.113636 0.045455
v -0.181818 0.090909 0.045455
v -0.204545 0.090909 0.068182
v -0.204545 0.113636 0.068182
v -0.181818 0.090909 0.068182
v -0.181818 0.113636 0.068182
v -0.204545 0.136364 -0.045455
v -0.204545 0.136364 -0.068182
v -0.181818 0.136364 -0.068182
v -0.204545 0.136364 -0.022727
v -0.204545 0.136364 0.000000
v -0.204545 0.136364 0.022727
v -0.204545 0.136364 0.045455
v -0.204545 0.136364 0.068182
v -0.181818 0.136364 0.068182
v -0.204545 0.136364 -0.113636
v -0.204545 0.136364 -0.090909
v -0.204545 0.159091 -0.090909
v -0.204545 0.159091 -0.113636
v -0.181818 0.136364 -0.113636
v -0.181818 0.136364 -0.090909
v -0.181818 0.159091 -0.113636
v -0.181818 0.136364 -0.068182
v -0.204545 0.136364 0.090909
v -0.204545 0.159091 0.090909
v -0.181818 0.136364 0.068182
v -0.181818 0.136364 0.090909
v -0.204545 0.136364 0.113636
v -0.204545 0.159091 0.113636
v -0.181818 0.136364 0.113636
v -0.181818 0.159091 0.113636
v -0.204545 0.159091 -0.113636
v -0.204545 0.159091 -0.090909
v -0.204545 0.181818 -0.090909
v -0.204545 0.181818 -0.113636
v -0.181818 0.181818 -0.113636
v -0.181818 0.159091 -0.113636
v -0.204545 0.159091 0.090909
v -0.204545 0.181818 0.090909
v -0.204545 0.159091 0.113636
v -0.204545 0.181818 0.113636
v -0.181818 0.159091 0.113636
v -0.181818 0.181818 0.113636
v -0.204545 0.204545 -0.090909
v -0.204545 0.204545 -0.113636
v -0.181818 0.204545 -0.090909
v -0.181818 0.204545 -0.113636
v -0.181818 0.204545 -0.068182
v -0.204545 0.204545 0.090909
v -0.181818 0.204545 0.090909
v -0.181818 0.204545 0.068182
v -0.204545 0.204545 0.113636
v -0.181818 0.204545 0.113636
v -0.204545 0.204545 -0.068182
v -0.204545 0.204545 -0.045455
v -0.204545 0.227273 -0.045455
v -0.204545 0.227273 -0.068182
v -0.181818 0.227273 -0.068182
v -0.181818 0.204545 -0.068182
v -0.204545 0.204545 -0.022727
v -0.204545 0.227273 -0.022727
v -0.204545 0.204545 0.000000
v -0.204545 0.227273 0.000000
v -0.204545 0.204545 0.022727
v -0.204545 0.227273 0.022727
v -0.204545 0.204545 0.045455
v -0.204545 0.227273 0.045455
v -0.204545 0.204545 0.068182
v -0.204545 0.227273 0.068182
v -0.181818 0.204545 0.068182
v -0.181818 0.227273 0.068182
v -0.204545 0.250000 -0.045455
v -0.204545 0.250000 -0.068182
v -0.181818 0.250000 -0.068182
v -0.204545 0.250000 -0.022727
v -0.204545 0.250000 0.000000
v -0.204545 0.250000 0.022727
v -0.204545 0.250000 0.045455
v -0.204545 0.250000 0.068182
v -0.181818 0.250000 0.068182
v -0.204545 0.272727 -0.045455
v -0.204545 0.272727 -0.068182
v -0.181818 0.272727 -0.045455
v -0.181818 0.272727 -0.068182
v -0.204545 0.272727 -0.022727
v -0.181818 0.272727 -0.022727
v -0.204545 0.272727 0.000000
v -0.181818 0.272727 0.000000
v -0.204545 0.272727 0.022727
v -0.181818 0.272727 0.022727
v -0.204545 0.272727 0.045455
v -0.181818 0.272727 0.045455
v -0.204545 0.272727 0.068182
v -0.181818 0.272727 0.068182
v -0.204545 0.318182 -0.068182
v -0.204545 0.318182 -0.045455
v -0.204545 0.340909 -0.045455
v -0.204545 0.340909 -0.068182
v -0.181818 0.318182 -0.068182
v -0.181818 0.318182 -0.045455
v -0.181818 0.340909 -0.068182
v -0.204545 0.318182 -0.022727
v -0.204545 0.340909 -0.022727
v -0.181818 0.318182 -0.022727
v -0.204545 0.318182 0.000000
v -0.204545 0.340909 0.000000
v -0.181818 0.318182 0.000000
v -0.204545 0.318182 0.022727
v -0.204545 0.340909 0.022727
v -0.181818 0.318182 0.022727
v -0.204545 0.318182 0.045455
v -0.204545 0.340909 0.045455
v -0.181818 0.318182 0.045455
v -0.204545 0.318182 0.068182
v -0.204545 0.340909 0.068182
v -0.181818 0.318182 0.068182
v -0.181818 0.340909 0.068182
v -0.204545 0.340909 -0.068182
v -0.204545 0.340909 -0.045455
v -0.204545 0.363636 -0.045455
v -0.204545 0.363636 -0.068182
v -0.181818 0.363636 -0.045455
v -0.181818 0.363636 -0.068182
v -0.181818 0.340909 -0.068182
v -0.204545 0.340909 -0.022727
v -0.204545 0.363636 -0.022727
v -0.181818 0.363636 -0.022727
v -0.204545 0.340909 0.000000
v -0.204545 0.363636 0.000000
v -0.181818 0.363636 0.000000
v -0.204545 0.340909 0.022727
v -0.204545 0.363636 0.022727
v -0.181818 0.363636 0.022727
v -0.204545 0.340909 0.045455
v -0.204545 0.363636 0.045455
v -0.181818 0.363636 0.045455
v -0.204545 0.340909 0.068182
v -0.204545 0.363636 0.068182
v -0.181818 0.363636 0.068182
v -0.181818 0.340909 0.068182
v -0.204545 0.681818 -0.068182
v -0.204545 0.681818 -0.045455
v -0.204545 0.704545 -0.045455
v -0.204545 0.704545 -0.068182
v -0.181818 0.681818 -0.068182
v -0.181818 0.681818 -0.045455
v -0.181818 0.704545 -0.068182
v -0.204545 0.681818 -0.022727
v -0.204545 0.704545 -0.022727
v -0.181818 0.681818 -0.022727
v -0.204545 0.681818 0.000000
v -0.204545 0.704545 0.000000
v -0.181818 0.681818 0.000000
v -0.204545 0.681818 0.022727
v -0.204545 0.704545 0.022727
v -0.181818 0.681818 0.022727
v -0.204545 0.681818 0.045455
v -0.204545 0.704545 0.045455
v -0.181818 0.681818 0.045455
v -0.204545 0.681818 0.068182
v -0.204545 0.704545 0.068182
v -0.181818 0.681818 0.068182
v -0.181818 0.704545 0.068182
v -0.204545 0.704545 -0.113636
v -0.204545 0.727273 -0.113636
v -0.181818 0.727273 -0.090909
v -0.181818 0.727273 -0.113636
v -0.181818 0.704545 -0.113636
v -0.181818 0.704545 -0.090909
v -0.181818 0.727273 -0.068182
v -0.181818 0.704545 -0.068182
v -0.181818 0.727273 -0.045455
v -0.181818 0.727273 -0.022727
v -0.181818 0.727273 0.000000
v -0.181818 0.727273 0.022727
v -0.181818 0.727273 0.045455
v -0.181818 0.727273 0.068182
v -0.181818 0.727273 0.090909
v -0.181818 0.704545 0.068182
v -0.181818 0.704545 0.090909
v -0.204545 0.704545 0.113636
v -0.204545 0.727273 0.113636
v -0.181818 0.727273 0.113636
v -0.181818 0.704545 0.113636
v -0.181818 0.068182 -0.068182
v -0.181818 0.068182 -0.045455
v -0.181818 0.090909 -0.045455
v -0.181818 0.090909 -0.068182
v -0.159091 0.068182 -0.068182
v -0.159091 0.068182 -0.045455
v -0.159091 0.090909 -0.068182
v -0.181818 0.068182 -0.022727
v -0.181818 0.090909 -0.022727
v -0.159091 0.068182 -0.022727
v -0.181818 0.068182 0.000000
v -0.181818 0.090909 0.000000
v -0.159091 0.068182 0.000000
v -0.181818 0.068182 0.022727
v -0.181818 0.090909 0.022727
v -0.159091 0.068182 0.022727
v -0.181818 0.068182 0.045455
v -0.181818 0.090909 0.045455
v -0.159091 0.068182 0.045455
v -0.181818 0.068182 0.068182
v -0.181818 0.090909 0.068182
v -0.159091 0.068182 0.068182
v -0.159091 0.090909 0.068182
v -0.181818 0.090909 -0.113636
v -0.181818 0.090909 -0.090909
v -0.181818 0.113636 -0.090909
v -0.181818 0.113636 -0.113636
v -0.159091 0.090909 -0.113636
v -0.159091 0.090909 -0.090909
v -0.159091 0.113636 -0.113636
v -0.159091 0.090909 -0.068182
v -0.181818 0.090909 0.090909
v -0.181818 0.113636 0.090909
v -0.159091 0.090909 0.068182
v -0.159091 0.090909 0.090909
v -0.181818 0.090909 0.113636
v -0.181818 0.113636 0.113636
v -0.159091 0.090909 0.113636
v -0.159091 0.113636 0.113636
v -0.181818 0.136364 -0.090909
v -0.181818 0.136364 -0.113636
v -0.159091 0.136364 -0.113636
v -0.181818 0.136364 0.090909
v -0.181818 0.136364 0.113636
v -0.159091 0.136364 0.113636
v -0.181818 0.136364 -0.136364
v -0.181818 0.159091 -0.136364
v -0.159091 0.136364 -0.136364
v -0.159091 0.136364 -0.113636
v -0.159091 0.159091 -0.136364
v -0.181818 0.136364 0.136364
v -0.181818 0.159091 0.136364
v -0.159091 0.136364 0.113636
v -0.159091 0.136364 0.136364
v -0.159091 0.159091 0.136364
v -0.181818 0.159091 -0.136364
v -0.181818 0.181818 -0.136364
v -0.159091 0.181818 -0.136364
v -0.159091 0.159091 -0.136364
v -0.181818 0.159091 0.136364
v -0.181818 0.181818 0.136364
v -0.159091 0.159091 0.136364
v -0.159091 0.181818 0.136364
v -0.181818 0.204545 -0.136364
v -0.159091 0.204545 -0.113636
v -0.159091 0.204545 -0.136364
v -0.159091 0.204545 -0.090909
v -0.159091 0.204545 0.113636
v -0.159091 0.204545 0.090909
v -0.181818 0.204545 0.136364
v -0.159091 0.204545 0.136364
v -0.181818 0.204545 -0.090909
v -0.181818 0.227273 -0.090909
v -0.159091 0.227273 -0.090909
v -0.159091 0.204545 -0.090909
v -0.181818 0.204545 0.090909
v -0.181818 0.227273 0.090909
v -0.159091 0.204545 0.090909
v -0.159091 0.227273 0.090909
v -0.181818 0.250000 -0.090909
v -0.159091 0.250000 -0.090909
v -0.181818 0.250000 0.090909
v -0.159091 0.250000 0.090909
v -0.181818 0.272727 -0.090909
v -0.159091 0.272727 -0.068182
v -0.159091 0.272727 -0.090909
v -0.181818 0.272727 0.090909
v -0.159091 0.272727 0.090909
v -0.159091 0.272727 0.068182
v -0.181818 0.272727 -0.068182
v -0.181818 0.272727 -0.045455
v -0.181818 0.295455 -0.045455
v -0.181818 0.295455 -0.068182
v -0.159091 0.295455 -0.068182
v -0.159091 0.272727 -0.068182
v -0.181818 0.272727 -0.022727
v -0.181818 0.295455 -0.022727
v -0.181818 0.272727 0.000000
v -0.181818 0.295455 0.000000
v -0.181818 0.272727 0.022727
v -0.181818 0.295455 0.022727
v -0.181818 0.272727 0.045455
v -0.181818 0.295455 0.045455
v -0.181818 0.272727 0.068182
v -0.181818 0.295455 0.068182
v -0.159091 0.272727 0.068182
v -0.159091 0.295455 0.068182
v -0.181818 0.295455 -0.068182
v -0.181818 0.295455 -0.045455
v -0.181818 0.318182 -0.045455
v -0.181818 0.318182 -0.068182
v -0.159091 0.318182 -0.068182
v -0.159091 0.295455 -0.068182
v -0.181818 0.295455 -0.022727
v -0.181818 0.318182 -0.022727
v -0.181818 0.295455 0.000000
v -0.181818 0.318182 0.000000
v -0.181818 0.295455 0.022727
v -0.181818 0.318182 0.022727
v -0.181818 0.295455 0.045455
v -0.181818 0.318182 0.045455
v -0.181818 0.295455 0.068182
v -0.181818 0.318182 0.068182
v -0.159091 0.295455 0.068182
v -0.159091 0.318182 0.068182
v -0.181818 0.318182 -0.113636
v -0.181818 0.318182 -0.090909
v -0.181818 0.340909 -0.090909
v -0.181818 0.340909 -0.113636
v -0.159091 0.318182 -0.113636
v -0.159091 0.318182 -0.090909
v -0.159091 0.340909 -0.113636
v -0.159091 0.318182 -0.068182
v -0.181818 0.318182 0.090909
v -0.181818 0.340909 0.090909
v -0.159091 0.318182 0.068182
v -0.159091 0.318182 0.090909
v -0.181818 0.318182 0.113636
v -0.181818 0.340909 0.113636
v -0.159091 0.318182 0.113636
v -0.159091 0.340909 0.113636
v -0.181818 0.340909 -0.113636
v -0.181818 0.340909 -0.090909
v -0.181818 0.363636 -0.090909
v -0.181818 0.363636 -0.113636
v -0.159091 0.363636 -0.090909
v -0.159091 0.363636 -0.113636
v -0.159091 0.340909 -0.113636
v -0.159091 0.363636 -0.068182
v -0.181818 0.340909 0.090909
v -0.181818 0.363636 0.090909
v -0.159091 0.363636 0.090909
v -0.159091 0.363636 0.068182
v -0.181818 0.340909 0.113636
v -0.181818 0.363636 0.113636
v -0.159091 0.363636 0.113636
v -0.159091 0.340909 0.113636
v -0.181818 0.363636 -0.068182
v -0.181818 0.363636 -0.045455
v -0.181818 0.386364 -0.045455
v -0.181818 0.386364 -0.068182
v -0.159091 0.386364 -0.045455
v -0.159091 0.386364 -0.068182
v -0.159091 0.363636 -0.068182
v -0.181818 0.363636 -0.022727
v -0.181818 0.386364 -0.022727
v -0.159091 0.386364 -0.022727
v -0.181818 0.363636 0.000000
v -0.181818 0.386364 0.000000
v -0.159091 0.386364 0.000000
v -0.181818 0.363636 0.022727
v -0.181818 0.386364 0.022727
v -0.159091 0.386364 0.022727
v -0.181818 0.363636 0.045455
v -0.181818 0.386364 0.045455
v -0.159091 0.386364 0.045455
v -0.181818 0.363636 0.068182
v -0.181818 0.386364 0.068182
v -0.159091 0.386364 0.068182
v -0.159091 0.363636 0.068182
v -0.181818 0.613636 -0.022727
v -0.181818 0.613636 0.000000
v -0.181818 0.636364 0.000000
v -0.181818 0.636364 -0.022727
v -0.159091 0.613636 -0.022727
v -0.159091 0.613636 0.000000
v -0.159091 0.636364 -0.022727
v -0.181818 0.613636 0.022727
v -0.181818 0.636364 0.022727
v -0.159091 0.613636 0.022727
v -0.159091 0.636364 0.022727
v -0.181818 0.636364 -0.022727
v -0.181818 0.636364 0.000000
v -0.181818 0.659091 0.000000
v -0.181818 0.659091 -0.022727
v -0.159091 0.659091 -0.022727
v -0.159091 0.636364 -0.022727
v -0.181818 0.636364 0.022727
v -0.181818 0.659091 0.022727
v -0.159091 0.636364 0.022727
v -0.159091 0.659091 0.022727
v -0.181818 0.659091 -0.022727
v -0.181818 0.659091 0.000000
v -0.181818 0.681818 0.000000
v -0.181818 0.681818 -0.022727
v -0.159091 0.681818 -0.022727
v -0.159091 0.659091 -0.022727
v -0.181818 0.659091 0.022727
v -0.181818 0.681818 0.022727
v -0.159091 0.659091 0.022727
v -0.159091 0.681818 0.022727
v -0.181818 0.681818 -0.090909
v -0.181818 0.704545 -0.090909
v -0.159091 0.681818 -0.090909
v -0.159091 0.681818 -0.068182
v -0.159091 0.704545 -0.090909
v -0.159091 0.681818 -0.045455
v -0.159091 0.681818 -0.022727
v -0.159091 0.681818 0.022727
v -0.159091 0.681818 0.045455
v -0.159091 0.681818 0.068182
v -0.181818 0.681818 0.090909
v -0.181818 0.704545 0.090909
v -0.159091 0.681818 0.090909
v -0.159091 0.704545 0.090909
v -0.181818 0.704545 -0.136364
v -0.181818 0.727273 -0.136364
v -0.159091 0.727273 -0.113636
v -0.159091 0.727273 -0.136364
v -0.159091 0.704545 -0.136364
v -0.159091 0.704545 -0.113636
v -0.159091 0.727273 -0.090909
v -0.159091 0.704545 -0.090909
v -0.159091 0.727273 -0.068182
v -0.159091 0.727273 -0.045455
v -0.159091 0.727273 -0.022727
v -0.159091 0.727273 0.000000
v -0.159091 0.727273 0.022727
v -0.159091 0.727273 0.045455
v -0.159091 0.727273 0.068182
v -0.159091 0.727273 0.090909
v -0.159091 0.727273 0.113636
v -0.159091 0.704545 0.090909
v -0.159091 0.704545 0.113636
v -0.181818 0.704545 0.136364
v -0.181818 0.727273 0.136364
v -0.159091 0.727273 0.136364
v -0.159091 0.704545 0.136364
v -0.159091 0.022727 -0.068182
v -0.159091 0.022727 -0.045455
v -0.159091 0.045455 -0.045455
v -0.159091 0.045455 -0.068182
v -0.136364 0.022727 -0.068182
v -0.136364 0.022727 -0.045455
v -0.136364 0.045455 -0.068182
v -0.159091 0.022727 -0.022727
v -0.159091 0.045455 -0.022727
v -0.136364 0.022727 -0.022727
v -0.159091 0.022727 0.000000
v -0.159091 0.045455 0.000000
v -0.136364 0.022727 0.000000
v -0.159091 0.022727 0.022727
v -0.159091 0.045455 0.022727
v -0.136364 0.022727 0.022727
v -0.159091 0.022727 0.045455
v -0.159091 0.045455 0.045455
v -0.136364 0.022727 0.045455
v -0.159091 0.022727 0.068182
v -0.159091 0.045455 0.068182
v -0.136364 0.022727 0.068182
v -0.136364 0.045455 0.068182
v -0.159091 0.045455 -0.068182
v -0.159091 0.045455 -0.045455
v -0.159091 0.068182 -0.045455
v -0.159091 0.068182 -0.068182
v -0.136364 0.068182 -0.068182
v -0.136364 0.045455 -0.068182
v -0.159091 0.045455 -0.022727
v -0.159091 0.068182 -0.022727
v -0.159091 0.045455 0.000000
v -0.159091 0.068182 0.000000
v -0.159091 0.045455 0.022727
v -0.159091 0.068182 0.022727
v -0.159091 0.045455 0.045455
v -0.159091 0.068182 0.045455
v -0.159091 0.045455 0.068182
v -0.159091 0.068182 0.068182
v -0.136364 0.045455 0.068182
v -0.136364 0.068182 0.068182
v -0.159091 0.068182 -0.113636
v -0.159091 0.068182 -0.090909
v -0.159091 0.090909 -0.090909
v -0.159091 0.090909 -0.113636
v -0.136364 0.068182 -0.113636
v -0.136364 0.068182 -0.090909
v -0.136364 0.090909 -0.113636
v -0.136364 0.068182 -0.068182
v -0.159091 0.068182 0.090909
v -0.159091 0.090909 0.090909
v -0.136364 0.068182 0.068182
v -0.136364 0.068182 0.090909
v -0.159091 0.068182 0.113636
v -0.159091 0.090909 0.113636
v -0.136364 0.068182 0.113636
v -0.136364 0.090909 0.113636
v -0.159091 0.090909 -0.136364
v -0.159091 0.113636 -0.136364
v -0.136364 0.090909 -0.136364
v -0.136364 0.090909 -0.113636
v -0.136364 0.113636 -0.136364
v -0.159091 0.090909 0.136364
v -0.159091 0.113636 0.136364
v -0.136364 0.090909 0.113636
v -0.136364 0.090909 0.136364
v -0.136364 0.113636 0.136364
v -0.159091 0.136364 -0.136364
v -0.136364 0.136364 -0.136364
v -0.159091 0.136364 0.136364
v -0.136364 0.136364 0.136364
v -0.159091 0.136364 -0.159091
v -0.159091 0.159091 -0.159091
v -0.136364 0.136364 -0.159091
v -0.136364 0.136364 -0.136364
v -0.136364 0.159091 -0.159091
v -0.159091 0.136364 0.159091
v -0.159091 0.159091 0.159091
v -0.136364 0.136364 0.136364
v -0.136364 0.136364 0.159091
v -0.136364 0.159091 0.159091
v -0.159091 0.159091 -0.159091
v -0.159091 0.181818 -0.159091
v -0.136364 0.181818 -0.159091
v -0.136364 0.159091 -0.159091
v -0.159091 0.159091 0.159091
v -0.159091 0.181818 0.159091
v -0.136364 0.159091 0.159091
v -0.136364 0.181818 0.159091
v -0.159091 0.204545 -0.159091
v -0.136364 0.204545 -0.136364
v -0.136364 0.204545 -0.159091
v -0.136364 0.204545 -0.113636
v -0.136364 0.204545 0.136364
v -0.136364 0.204545 0.113636
v -0.159091 0.204545 0.159091
v -0.136364 0.204545 0.159091
v -0.159091 0.204545 -0.113636
v -0.159091 0.227273 -0.113636
v -0.136364 0.227273 -0.113636
v -0.136364 0.204545 -0.113636
v -0.159091 0.204545 0.113636
v -0.159091 0.227273 0.113636
v -0.136364 0.204545 0.113636
v -0.136364 0.227273 0.113636
v -0.159091 0.250000 -0.113636
v -0.136364 0.250000 -0.113636
v -0.159091 0.250000 0.113636
v -0.136364 0.250000 0.113636
v -0.159091 0.272727 -0.113636
v -0.136364 0.272727 -0.090909
v -0.136364 0.272727 -0.113636
v -0.159091 0.272727 0.113636
v -0.136364 0.272727 0.113636
v -0.136364 0.272727 0.090909
v -0.159091 0.272727 -0.090909
v -0.159091 0.295455 -0.090909
v -0.136364 0.295455 -0.090909
v -0.136364 0.272727 -0.090909
v -0.159091 0.272727 0.090909
v -0.159091 0.295455 0.090909
v -0.136364 0.272727 0.090909
v -0.136364 0.295455 0.090909
v -0.159091 0.295455 -0.113636
v -0.159091 0.295455 -0.090909
v -0.159091 0.318182 -0.090909
v -0.159091 0.318182 -0.113636
v -0.136364 0.295455 -0.113636
v -0.136364 0.295455 -0.090909
v -0.136364 0.318182 -0.113636
v -0.159091 0.295455 0.090909
v -0.159091 0.318182 0.090909
v -0.159091 0.295455 0.113636
v -0.159091 0.318182 0.113636
v -0.136364 0.295455 0.090909
v -0.136364 0.295455 0.113636
v -0.136364 0.318182 0.113636
v -0.159091 0.318182 -0.136364
v -0.159091 0.340909 -0.136364
v -0.136364 0.318182 -0.136364
v -0.136364 0.318182 -0.113636
v -0.136364 0.340909 -0.136364
v -0.159091 0.318182 0.136364
v -0.159091 0.340909 0.136364
v -0.136364 0.318182 0.113636
v -0.136364 0.318182 0.136364
v -0.136364 0.340909 0.136364
v -0.159091 0.340909 -0.136364
v -0.159091 0.363636 -0.136364
v -0.136364 0.363636 -0.113636
v -0.136364 0.363636 -0.136364
v -0.136364 0.340909 -0.136364
v -0.159091 0.340909 0.136364
v -0.159091 0.363636 0.136364
v -0.136364 0.363636 0.136364
v -0.136364 0.363636 0.113636
v -0.136364 0.340909 0.136364
v -0.159091 0.363636 -0.113636
v -0.159091 0.363636 -0.090909
v -0.159091 0.386364 -0.090909
v -0.159091 0.386364 -0.113636
v -0.136364 0.386364 -0.090909
v -0.136364 0.386364 -0.113636
v -0.136364 0.363636 -0.113636
v -0.136364 0.386364 -0.068182
v -0.136364 0.386364 -0.045455
v -0.136364 0.386364 -0.022727
v -0.136364 0.386364 0.000000
v -0.136364 0.386364 0.022727
v -0.136364 0.386364 0.045455
v -0.136364 0.386364 0.068182
v -0.159091 0.363636 0.090909
v -0.159091 0.386364 0.090909
v -0.136364 0.386364 0.090909
v -0.159091 0.363636 0.113636
v -0.159091 0.386364 0.113636
v -0.136364 0.386364 0.113636
v -0.136364 0.363636 0.113636
v -0.159091 0.590909 -0.045455
v -0.159091 0.590909 -0.022727
v -0.159091 0.613636 -0.022727
v -0.159091 0.613636 -0.045455
v -0.136364 0.590909 -0.045455
v -0.136364 0.590909 -0.022727
v -0.136364 0.613636 -0.045455
v -0.159091 0.590909 0.000000
v -0.159091 0.613636 0.000000
v -0.136364 0.590909 0.000000
v -0.159091 0.590909 0.022727
v -0.159091 0.613636 0.022727
v -0.136364 0.590909 0.022727
v -0.159091 0.590909 0.045455
v -0.159091 0.613636 0.045455
v -0.136364 0.590909 0.045455
v -0.136364 0.613636 0.045455
v -0.159091 0.613636 -0.068182
v -0.159091 0.613636 -0.045455
v -0.159091 0.636364 -0.045455
v -0.159091 0.636364 -0.068182
v -0.136364 0.636364 -0.045455
v -0.136364 0.636364 -0.068182
v -0.136364 0.613636 -0.068182
v -0.136364 0.613636 -0.045455
v -0.159091 0.613636 0.045455
v -0.159091 0.636364 0.045455
v -0.159091 0.613636 0.068182
v -0.159091 0.636364 0.068182
v -0.136364 0.636364 0.068182
v -0.136364 0.636364 0.045455
v -0.136364 0.613636 0.045455
v -0.136364 0.613636 0.068182
v -0.159091 0.636364 -0.045455
v -0.159091 0.659091 -0.045455
v -0.136364 0.659091 -0.045455
v -0.136364 0.636364 -0.045455
v -0.159091 0.636364 0.045455
v -0.159091 0.659091 0.045455
v -0.136364 0.636364 0.045455
v -0.136364 0.659091 0.045455
v -0.136364 0.659091 -0.045455
v -0.136364 0.681818 -0.045455
v -0.136364 0.681818 -0.022727
v -0.136364 0.659091 -0.022727
v -0.159091 0.659091 -0.045455
v -0.159091 0.681818 -0.045455
v -0.136364 0.659091 0.022727
v -0.136364 0.681818 0.022727
v -0.136364 0.681818 0.045455
v -0.136364 0.659091 0.045455
v -0.159091 0.659091 0.045455
v -0.159091 0.681818 0.045455
v -0.159091 0.681818 -0.113636
v -0.159091 0.704545 -0.113636
v -0.136364 0.681818 -0.113636
v -0.136364 0.681818 -0.090909
v -0.136364 0.704545 -0.113636
v -0.136364 0.681818 -0.068182
v -0.136364 0.681818 -0.045455
v -0.136364 0.681818 0.045455
v -0.136364 0.681818 0.068182
v -0.136364 0.681818 0.090909
v -0.159091 0.681818 0.113636
v -0.159091 0.704545 0.113636
v -0.136364 0.681818 0.113636
v -0.136364 0.704545 0.113636
v -0.136364 0.727273 -0.113636
v -0.136364 0.727273 -0.136364
v -0.136364 0.704545 -0.136364
v -0.136364 0.704545 -0.113636
v -0.136364 0.727273 -0.090909
v -0.136364 0.727273 -0.068182
v -0.136364 0.727273 -0.045455
v -0.136364 0.727273 0.068182
v -0.136364 0.727273 0.045455
v -0.136364 0.727273 0.090909
v -0.136364 0.727273 0.113636
v -0.136364 0.727273 0.136364
v -0.136364 0.704545 0.113636
v -0.136364 0.704545 0.136364
v -0.159091 0.727273 -0.045455
v -0.159091 0.727273 -0.022727
v -0.159091 0.750000 -0.022727
v -0.159091 0.750000 -0.045455
v -0.136364 0.750000 -0.022727
v -0.136364 0.750000 -0.045455
v -0.136364 0.727273 -0.045455
v -0.159091 0.727273 0.000000
v -0.159091 0.750000 0.000000
v -0.136364 0.750000 0.000000
v -0.159091 0.727273 0.022727
v -0.159091 0.750000 0.022727
v -0.136364 0.750000 0.022727
v -0.159091 0.727273 0.045455
v -0.159091 0.750000 0.045455
v -0.136364 0.750000 0.045455
v -0.136364 0.727273 0.045455
v -0.136364 0.022727 -0.090909
v -0.136364 0.045455 -0.090909
v -0.113636 0.022727 -0.090909
v -0.113636 0.022727 -0.068182
v -0.113636 0.045455 -0.090909
v -0.113636 0.022727 -0.045455
v -0.113636 0.022727 -0.022727
v -0.113636 0.022727 0.000000
v -0.113636 0.022727 0.022727
v -0.113636 0.022727 0.045455
v -0.113636 0.022727 0.068182
v -0.136364 0.022727 0.090909
v -0.136364 0.045455 0.090909
v -0.113636 0.022727 0.090909
v -0.113636 0.045455 0.090909
v -0.136364 0.045455 -0.090909
v -0.136364 0.068182 -0.090909
v -0.113636 0.068182 -0.090909
v -0.113636 0.045455 -0.090909
v -0.136364 0.045455 0.090909
v -0.136364 0.068182 0.090909
v -0.113636 0.045455 0.090909
v -0.113636 0.068182 0.090909
v -0.136364 0.068182 -0.136364
v -0.136364 0.090909 -0.136364
v -0.113636 0.068182 -0.136364
v -0.113636 0.068182 -0.113636
v -0.113636 0.090909 -0.136364
v -0.113636 0.068182 -0.090909
v -0.113636 0.068182 0.090909
v -0.113636 0.068182 0.113636
v -0.136364 0.068182 0.136364
v -0.136364 0.090909 0.136364
v -0.113636 0.068182 0.136364
v -0.113636 0.090909 0.136364
v -0.136364 0.090909 -0.159091
v -0.136364 0.113636 -0.159091
v -0.113636 0.090909 -0.159091
v -0.113636 0.090909 -0.136364
v -0.113636 0.113636 -0.159091
v -0.136364 0.090909 0.159091
v -0.136364 0.113636 0.159091
v -0.113636 0.090909 0.136364
v -0.113636 0.090909 0.159091
v -0.113636 0.113636 0.159091
v -0.136364 0.136364 -0.159091
v -0.113636 0.136364 -0.159091
v -0.136364 0.136364 0.159091
v -0.113636 0.136364 0.159091
v -0.136364 0.136364 -0.181818
v -0.136364 0.159091 -0.181818
v -0.113636 0.136364 -0.181818
v -0.113636 0.136364 -0.159091
v -0.113636 0.159091 -0.181818
v -0.136364 0.136364 0.181818
v -0.136364 0.159091 0.181818
v -0.113636 0.136364 0.159091
v -0.113636 0.136364 0.181818
v -0.113636 0.159091 0.181818
v -0.136364 0.159091 -0.181818
v -0.136364 0.181818 -0.181818
v -0.113636 0.181818 -0.181818
v -0.113636 0.159091 -0.181818
v -0.136364 0.159091 0.181818
v -0.136364 0.181818 0.181818
v -0.113636 0.159091 0.181818
v -0.113636 0.181818 0.181818
v -0.136364 0.204545 -0.181818
v -0.113636 0.204545 -0.159091
v -0.113636 0.204545 -0.181818
v -0.113636 0.204545 -0.136364
v -0.113636 0.204545 0.159091
v -0.113636 0.204545 0.136364
v -0.136364 0.204545 0.181818
v -0.113636 0.204545 0.181818
v -0.136364 0.204545 -0.136364
v -0.136364 0.227273 -0.136364
v -0.113636 0.227273 -0.136364
v -0.113636 0.204545 -0.136364
v -0.136364 0.204545 0.136364
v -0.136364 0.227273 0.136364
v -0.113636 0.204545 0.136364
v -0.113636 0.227273 0.136364
v -0.136364 0.250000 -0.136364
v -0.113636 0.250000 -0.136364
v -0.136364 0.250000 0.136364
v -0.113636 0.250000 0.136364
v -0.136364 0.272727 -0.136364
v -0.113636 0.272727 -0.113636
v -0.113636 0.272727 -0.136364
v -0.136364 0.272727 0.136364
v -0.113636 0.272727 0.136364
v -0.113636 0.272727 0.113636
v -0.136364 0.272727 -0.113636
v -0.136364 0.295455 -0.113636
v -0.113636 0.295455 -0.113636
v -0.113636 0.272727 -0.113636
v -0.136364 0.272727 0.113636
v -0.136364 0.295455 0.113636
v -0.113636 0.272727 0.113636
v -0.113636 0.295455 0.113636
v -0.136364 0.295455 -0.136364
v -0.136364 0.318182 -0.136364
v -0.113636 0.295455 -0.136364
v -0.113636 0.295455 -0.113636
v -0.113636 0.318182 -0.136364
v -0.136364 0.295455 0.136364
v -0.136364 0.318182 0.136364
v -0.113636 0.295455 0.113636
v -0.113636 0.295455 0.136364
v -0.113636 0.318182 0.136364
v -0.136364 0.318182 -0.159091
v -0.136364 0.340909 -0.159091
v -0.113636 0.318182 -0.159091
v -0.113636 0.318182 -0.136364
v -0.113636 0.340909 -0.159091
v -0.136364 0.318182 0.159091
v -0.136364 0.340909 0.159091
v -0.113636 0.318182 0.136364
v -0.113636 0.318182 0.159091
v -0.113636 0.340909 0.159091
v -0.136364 0.340909 -0.159091
v -0.136364 0.363636 -0.159091
v -0.113636 0.363636 -0.136364
v -0.113636 0.363636 -0.159091
v -0.113636 0.340909 -0.159091
v -0.136364 0.340909 0.159091
v -0.136364 0.363636 0.159091
v -0.113636 0.363636 0.159091
v -0.113636 0.363636 0.136364
v -0.113636 0.340909 0.159091
v -0.136364 0.363636 -0.136364
v -0.136364 0.386364 -0.136364
v -0.113636 0.386364 -0.113636
v -0.113636 0.386364 -0.136364
v -0.113636 0.363636 -0.136364
v -0.113636 0.386364 -0.090909
v -0.113636 0.386364 -0.068182
v -0.113636 0.386364 -0.045455
v -0.113636 0.386364 -0.022727
v -0.113636 0.386364 0.000000
v -0.113636 0.386364 0.022727
v -0.113636 0.386364 0.045455
v -0.113636 0.386364 0.068182
v -0.113636 0.386364 0.090909
v -0.113636 0.386364 0.113636
v -0.136364 0.363636 0.136364
v -0.136364 0.386364 0.136364
v -0.113636 0.386364 0.136364
v -0.113636 0.363636 0.136364
v -0.136364 0.409091 -0.068182
v -0.136364 0.409091 -0.045455
v -0.136364 0.431818 -0.045455
v -0.136364 0.431818 -0.068182
v -0.113636 0.431818 -0.045455
v -0.113636 0.431818 -0.068182
v -0.113636 0.409091 -0.068182
v -0.113636 0.409091 -0.045455
v -0.136364 0.409091 -0.022727
v -0.136364 0.431818 -0.022727
v -0.113636 0.431818 -0.022727
v -0.113636 0.409091 -0.022727
v -0.136364 0.409091 0.000000
v -0.136364 0.431818 0.000000
v -0.113636 0.431818 0.000000
v -0.113636 0.409091 0.000000
v -0.136364 0.409091 0.022727
v -0.136364 0.431818 0.022727
v -0.113636 0.431818 0.022727
v -0.113636 0.409091 0.022727
v -0.136364 0.409091 0.045455
v -0.136364 0.431818 0.045455
v -0.113636 0.431818 0.045455
v -0.113636 0.409091 0.045455
v -0.136364 0.409091 0.068182
v -0.136364 0.431818 0.068182
v -0.113636 0.431818 0.068182
v -0.113636 0.409091 0.068182
v -0.136364 0.568182 -0.045455
v -0.136364 0.568182 -0.022727
v -0.136364 0.590909 -0.022727
v -0.136364 0.590909 -0.045455
v -0.113636 0.568182 -0.045455
v -0.113636 0.568182 -0.022727
v -0.113636 0.590909 -0.045455
v -0.136364 0.568182 0.000000
v -0.136364 0.590909 0.000000
v -0.113636 0.568182 0.000000
v -0.136364 0.568182 0.022727
v -0.136364 0.590909 0.022727
v -0.113636 0.568182 0.022727
v -0.136364 0.568182 0.045455
v -0.136364 0.590909 0.045455
v -0.113636 0.568182 0.045455
v -0.113636 0.590909 0.045455
v -0.136364 0.590909 -0.068182
v -0.136364 0.613636 -0.068182
v -0.113636 0.590909 -0.068182
v -0.113636 0.590909 -0.045455
v -0.113636 0.613636 -0.068182
v -0.136364 0.590909 0.068182
v -0.136364 0.613636 0.068182
v -0.113636 0.590909 0.045455
v -0.113636 0.590909 0.068182
v -0.113636 0.613636 0.068182
v -0.113636 0.636364 -0.045455
v -0.113636 0.636364 -0.068182
v -0.113636 0.613636 -0.068182
v -0.113636 0.636364 0.068182
v -0.113636 0.636364 0.045455
v -0.113636 0.613636 0.068182
v -0.113636 0.636364 -0.045455
v -0.113636 0.659091 -0.045455
v -0.113636 0.659091 -0.022727
v -0.113636 0.636364 -0.022727
v -0.136364 0.659091 -0.022727
v -0.113636 0.636364 0.022727
v -0.113636 0.659091 0.022727
v -0.113636 0.659091 0.045455
v -0.113636 0.636364 0.045455
v -0.136364 0.659091 0.022727
v -0.113636 0.659091 -0.022727
v -0.113636 0.681818 -0.022727
v -0.113636 0.681818 0.000000
v -0.113636 0.659091 0.000000
v -0.113636 0.681818 0.022727
v -0.113636 0.659091 0.022727
v -0.136364 0.681818 -0.136364
v -0.136364 0.704545 -0.136364
v -0.113636 0.681818 -0.136364
v -0.113636 0.681818 -0.113636
v -0.113636 0.704545 -0.136364
v -0.113636 0.681818 -0.090909
v -0.113636 0.681818 -0.068182
v -0.113636 0.681818 -0.045455
v -0.113636 0.681818 -0.022727
v -0.136364 0.681818 -0.022727
v -0.136364 0.681818 0.022727
v -0.113636 0.681818 0.022727
v -0.113636 0.681818 0.045455
v -0.113636 0.681818 0.068182
v -0.113636 0.681818 0.090909
v -0.113636 0.681818 0.113636
v -0.136364 0.681818 0.136364
v -0.136364 0.704545 0.136364
v -0.113636 0.681818 0.136364
v -0.113636 0.704545 0.136364
v -0.136364 0.704545 -0.159091
v -0.136364 0.727273 -0.159091
v -0.113636 0.727273 -0.136364
v -0.113636 0.727273 -0.159091
v -0.113636 0.704545 -0.159091
v -0.113636 0.704545 -0.136364
v -0.113636 0.727273 -0.113636
v -0.113636 0.727273 -0.090909
v -0.113636 0.727273 -0.068182
v -0.113636 0.727273 0.090909
v -0.113636 0.727273 0.068182
v -0.113636 0.727273 0.113636
v -0.113636 0.727273 0.136364
v -0.136364 0.704545 0.159091
v -0.136364 0.727273 0.159091
v -0.113636 0.727273 0.159091
v -0.113636 0.704545 0.136364
v -0.113636 0.704545 0.159091
v -0.136364 0.727273 -0.068182
v -0.136364 0.750000 -0.068182
v -0.113636 0.750000 -0.045455
v -0.113636 0.750000 -0.068182
v -0.113636 0.727273 -0.068182
v -0.113636 0.750000 -0.022727
v -0.113636 0.750000 0.045455
v -0.113636 0.750000 0.022727
v -0.136364 0.727273 0.068182
v -0.136364 0.750000 0.068182
v -0.113636 0.750000 0.068182
v -0.113636 0.727273 0.068182
v -0.136364 0.750000 -0.022727
v -0.136364 0.750000 0.000000
v -0.136364 0.772727 0.000000
v -0.136364 0.772727 -0.022727
v -0.113636 0.772727 0.000000
v -0.113636 0.772727 -0.022727
v -0.113636 0.750000 -0.022727
v -0.136364 0.750000 0.022727
v -0.136364 0.772727 0.022727
v -0.113636 0.772727 0.022727
v -0.113636 0.750000 0.022727
v -0.113636 0.022727 -0.113636
v -0.113636 0.045455 -0.113636
v -0.090909 0.022727 -0.113636
v -0.090909 0.022727 -0.090909
v -0.090909 0.045455 -0.113636
v -0.090909 0.022727 -0.068182
v -0.090909 0.022727 -0.045455
v -0.090909 0.022727 -0.022727
v -0.090909 0.022727 0.000000
v -0.090909 0.022727 0.022727
v -0.090909 0.022727 0.045455
v -0.090909 0.022727 0.068182
v -0.090909 0.022727 0.090909
v -0.113636 0.022727 0.113636
v -0.113636 0.045455 0.113636
v -0.090909 0.022727 0.113636
v -0.090909 0.045455 0.113636
v -0.113636 0.045455 -0.113636
v -0.113636 0.068182 -0.113636
v -0.090909 0.068182 -0.113636
v -0.090909 0.045455 -0.113636
v -0.113636 0.045455 0.113636
v -0.113636 0.068182 0.113636
v -0.090909 0.045455 0.113636
v -0.090909 0.068182 0.113636
v -0.090909 0.068182 -0.136364
v -0.090909 0.068182 -0.113636
v -0.090909 0.090909 -0.136364
v -0.090909 0.068182 0.113636
v -0.090909 0.068182 0.136364
v -0.090909 0.090909 0.136364
v -0.113636 0.090909 -0.181818
v -0.113636 0.113636 -0.181818
v -0.090909 0.090909 -0.181818
v -0.090909 0.090909 -0.159091
v -0.090909 0.113636 -0.181818
v -0.090909 0.090909 -0.136364
v -0.090909 0.090909 0.136364
v -0.090909 0.090909 0.159091
v -0.113636 0.090909 0.181818
v -0.113636 0.113636 0.181818
v -0.090909 0.090909 0.181818
v -0.090909 0.113636 0.181818
v -0.113636 0.136364 -0.181818
v -0.090909 0.136364 -0.181818
v -0.113636 0.136364 0.181818
v -0.090909 0.136364 0.181818
v -0.090909 0.159091 -0.181818
v -0.090909 0.136364 -0.181818
v -0.090909 0.136364 0.181818
v -0.090909 0.159091 0.181818
v -0.090909 0.181818 -0.181818
v -0.090909 0.159091 -0.181818
v -0.090909 0.159091 0.181818
v -0.090909 0.181818 0.181818
v -0.090909 0.204545 -0.159091
v -0.090909 0.204545 -0.181818
v -0.090909 0.204545 0.181818
v -0.090909 0.204545 0.159091
v -0.113636 0.204545 -0.159091
v -0.113636 0.227273 -0.159091
v -0.090909 0.227273 -0.159091
v -0.090909 0.204545 -0.159091
v -0.113636 0.204545 0.159091
v -0.113636 0.227273 0.159091
v -0.090909 0.204545 0.159091
v -0.090909 0.227273 0.159091
v -0.113636 0.250000 -0.159091
v -0.090909 0.250000 -0.159091
v -0.113636 0.250000 0.159091
v -0.090909 0.250000 0.159091
v -0.113636 0.272727 -0.159091
v -0.090909 0.272727 -0.136364
v -0.090909 0.272727 -0.159091
v -0.113636 0.272727 0.159091
v -0.090909 0.272727 0.159091
v -0.090909 0.272727 0.136364
v -0.113636 0.272727 -0.136364
v -0.113636 0.295455 -0.136364
v -0.090909 0.295455 -0.136364
v -0.090909 0.272727 -0.136364
v -0.113636 0.272727 0.136364
v -0.113636 0.295455 0.136364
v -0.090909 0.272727 0.136364
v -0.090909 0.295455 0.136364
v -0.113636 0.295455 -0.159091
v -0.113636 0.318182 -0.159091
v -0.090909 0.295455 -0.159091
v -0.090909 0.295455 -0.136364
v -0.090909 0.318182 -0.159091
v -0.113636 0.295455 0.159091
v -0.113636 0.318182 0.159091
v -0.090909 0.295455 0.136364
v -0.090909 0.295455 0.159091
v -0.090909 0.318182 0.159091
v -0.113636 0.318182 -0.181818
v -0.113636 0.340909 -0.181818
v -0.090909 0.318182 -0.181818
v -0.090909 0.318182 -0.159091
v -0.090909 0.340909 -0.181818
v -0.113636 0.318182 0.181818
v -0.113636 0.340909 0.181818
v -0.090909 0.318182 0.159091
v -0.090909 0.318182 0.181818
v -0.090909 0.340909 0.181818
v -0.113636 0.340909 -0.181818
v -0.113636 0.363636 -0.181818
v -0.090909 0.363636 -0.159091
v -0.090909 0.363636 -0.181818
v -0.090909 0.340909 -0.181818
v -0.113636 0.340909 0.181818
v -0.113636 0.363636 0.181818
v -0.090909 0.363636 0.181818
v -0.090909 0.363636 0.159091
v -0.090909 0.340909 0.181818
v -0.113636 0.363636 -0.159091
v -0.113636 0.386364 -0.159091
v -0.090909 0.386364 -0.136364
v -0.090909 0.386364 -0.159091
v -0.090909 0.363636 -0.159091
v -0.090909 0.386364 -0.113636
v -0.090909 0.386364 -0.090909
v -0.090909 0.386364 -0.068182
v -0.090909 0.386364 -0.045455
v -0.090909 0.386364 -0.022727
v -0.090909 0.386364 0.000000
v -0.090909 0.386364 0.022727
v -0.090909 0.386364 0.045455
v -0.090909 0.386364 0.068182
v -0.090909 0.386364 0.090909
v -0.090909 0.386364 0.113636
v -0.090909 0.386364 0.136364
v -0.113636 0.363636 0.159091
v -0.113636 0.386364 0.159091
v -0.090909 0.386364 0.159091
v -0.090909 0.363636 0.159091
v -0.113636 0.409091 -0.113636
v -0.113636 0.409091 -0.090909
v -0.113636 0.431818 -0.090909
v -0.113636 0.431818 -0.113636
v -0.090909 0.431818 -0.090909
v -0.090909 0.431818 -0.113636
v -0.090909 0.409091 -0.113636
v -0.090909 0.409091 -0.090909
v -0.090909 0.431818 -0.068182
v -0.090909 0.409091 -0.068182
v -0.090909 0.431818 -0.045455
v -0.090909 0.409091 -0.045455
v -0.090909 0.431818 -0.022727
v -0.090909 0.409091 -0.022727
v -0.090909 0.431818 0.000000
v -0.090909 0.409091 0.000000
v -0.090909 0.431818 0.022727
v -0.090909 0.409091 0.022727
v -0.090909 0.431818 0.045455
v -0.090909 0.409091 0.045455
v -0.090909 0.431818 0.068182
v -0.090909 0.409091 0.068182
v -0.113636 0.409091 0.090909
v -0.113636 0.431818 0.090909
v -0.090909 0.431818 0.090909
v -0.090909 0.409091 0.090909
v -0.113636 0.409091 0.113636
v -0.113636 0.431818 0.113636
v -0.090909 0.431818 0.113636
v -0.090909 0.409091 0.113636
v -0.113636 0.568182 -0.090909
v -0.113636 0.568182 -0.068182
v -0.113636 0.590909 -0.068182
v -0.113636 0.590909 -0.090909
v -0.090909 0.568182 -0.090909
v -0.090909 0.568182 -0.068182
v -0.090909 0.590909 -0.090909
v -0.090909 0.568182 -0.045455
v -0.090909 0.568182 -0.022727
v -0.090909 0.568182 0.000000
v -0.090909 0.568182 0.022727
v -0.090909 0.568182 0.045455
v -0.113636 0.568182 0.068182
v -0.113636 0.590909 0.068182
v -0.090909 0.568182 0.068182
v -0.113636 0.568182 0.090909
v -0.113636 0.590909 0.090909
v -0.090909 0.568182 0.090909
v -0.090909 0.590909 0.090909
v -0.113636 0.590909 -0.090909
v -0.113636 0.613636 -0.090909
v -0.090909 0.613636 -0.090909
v -0.090909 0.590909 -0.090909
v -0.113636 0.590909 0.090909
v -0.113636 0.613636 0.090909
v -0.090909 0.590909 0.090909
v -0.090909 0.613636 0.090909
v -0.113636 0.613636 -0.090909
v -0.113636 0.636364 -0.090909
v -0.090909 0.636364 -0.068182
v -0.090909 0.636364 -0.090909
v -0.090909 0.613636 -0.090909
v -0.090909 0.636364 -0.045455
v -0.113636 0.636364 -0.022727
v -0.090909 0.636364 -0.022727
v -0.113636 0.636364 0.022727
v -0.090909 0.636364 0.045455
v -0.090909 0.636364 0.022727
v -0.090909 0.636364 0.068182
v -0.113636 0.613636 0.090909
v -0.113636 0.636364 0.090909
v -0.090909 0.636364 0.090909
v -0.090909 0.613636 0.090909
v -0.090909 0.636364 -0.022727
v -0.090909 0.659091 -0.022727
v -0.090909 0.659091 0.000000
v -0.090909 0.636364 0.000000
v -0.113636 0.659091 0.000000
v -0.090909 0.659091 0.022727
v -0.090909 0.636364 0.022727
v -0.090909 0.681818 -0.136364
v -0.090909 0.681818 -0.113636
v -0.090909 0.704545 -0.136364
v -0.090909 0.681818 -0.090909
v -0.090909 0.681818 -0.068182
v -0.090909 0.681818 -0.045455
v -0.090909 0.681818 -0.022727
v -0.090909 0.681818 0.000000
v -0.113636 0.681818 0.000000
v -0.090909 0.681818 0.022727
v -0.090909 0.681818 0.045455
v -0.090909 0.681818 0.068182
v -0.090909 0.681818 0.090909
v -0.090909 0.681818 0.113636
v -0.090909 0.681818 0.136364
v -0.090909 0.704545 0.136364
v -0.090909 0.727273 -0.136364
v -0.090909 0.727273 -0.159091
v -0.090909 0.704545 -0.159091
v -0.090909 0.704545 -0.136364
v -0.090909 0.727273 -0.113636
v -0.090909 0.727273 -0.090909
v -0.090909 0.727273 -0.068182
v -0.090909 0.727273 0.090909
v -0.090909 0.727273 0.068182
v -0.090909 0.727273 0.113636
v -0.090909 0.727273 0.136364
v -0.090909 0.727273 0.159091
v -0.090909 0.704545 0.136364
v -0.090909 0.704545 0.159091
v -0.090909 0.750000 -0.045455
v -0.090909 0.750000 -0.068182
v -0.090909 0.727273 -0.068182
v -0.090909 0.750000 0.068182
v -0.090909 0.750000 0.045455
v -0.090909 0.727273 0.068182
v -0.090909 0.750000 -0.045455
v -0.090909 0.772727 -0.045455
v -0.090909 0.772727 -0.022727
v -0.090909 0.750000 -0.022727
v -0.113636 0.750000 -0.045455
v -0.113636 0.772727 -0.045455
v -0.090909 0.750000 0.022727
v -0.090909 0.772727 0.022727
v -0.090909 0.772727 0.045455
v -0.090909 0.750000 0.045455
v -0.113636 0.750000 0.045455
v -0.113636 0.772727 0.045455
v -0.113636 0.772727 -0.045455
v -0.113636 0.772727 -0.022727
v -0.113636 0.795455 -0.022727
v -0.113636 0.795455 -0.045455
v -0.090909 0.795455 -0.022727
v -0.090909 0.795455 -0.045455
v -0.090909 0.772727 -0.045455
v -0.113636 0.772727 0.000000
v -0.113636 0.795455 0.000000
v -0.090909 0.795455 0.000000
v -0.113636 0.772727 0.022727
v -0.113636 0.795455 0.022727
v -0.090909 0.795455 0.022727
v -0.113636 0.772727 0.045455
v -0.113636 0.795455 0.045455
v -0.090909 0.795455 0.045455
v -0.090909 0.772727 0.045455
v -0.090909 0.000000 -0.045455
v -0.090909 0.000000 -0.022727
v -0.090909 0.022727 -0.022727
v -0.090909 0.022727 -0.045455
v -0.068182 0.000000 -0.045455
v -0.068182 0.000000 -0.022727
v -0.068182 0.022727 -0.045455
v -0.090909 0.000000 0.000000
v -0.090909 0.022727 0.000000
v -0.068182 0.000000 0.000000
v -0.090909 0.000000 0.022727
v -0.090909 0.022727 0.022727
v -0.068182 0.000000 0.022727
v -0.090909 0.000000 0.045455
v -0.090909 0.022727 0.045455
v -0.068182 0.000000 0.045455
v -0.068182 0.022727 0.045455
v -0.090909 0.022727 -0.136364
v -0.090909 0.045455 -0.136364
v -0.068182 0.022727 -0.136364
v -0.068182 0.022727 -0.113636
v -0.068182 0.045455 -0.136364
v -0.068182 0.022727 -0.090909
v -0.068182 0.022727 -0.068182
v -0.068182 0.022727 -0.045455
v -0.068182 0.022727 0.045455
v -0.068182 0.022727 0.068182
v -0.068182 0.022727 0.090909
v -0.068182 0.022727 0.113636
v -0.090909 0.022727 0.136364
v -0.090909 0.045455 0.136364
v -0.068182 0.022727 0.136364
v -0.068182 0.045455 0.136364
v -0.090909 0.045455 -0.136364
v -0.090909 0.068182 -0.136364
v -0.068182 0.068182 -0.136364
v -0.068182 0.045455 -0.136364
v -0.090909 0.045455 0.136364
v -0.090909 0.068182 0.136364
v -0.068182 0.045455 0.136364
v -0.068182 0.068182 0.136364
v -0.090909 0.068182 -0.159091
v -0.090909 0.090909 -0.159091
v -0.068182 0.068182 -0.159091
v -0.068182 0.068182 -0.136364
v -0.068182 0.090909 -0.159091
v -0.090909 0.068182 0.159091
v -0.090909 0.090909 0.159091
v -0.068182 0.068182 0.136364
v -0.068182 0.068182 0.159091
v -0.068182 0.090909 0.159091
v -0.068182 0.090909 -0.181818
v -0.068182 0.090909 -0.159091
v -0.068182 0.113636 -0.181818
v -0.068182 0.090909 0.159091
v -0.068182 0.090909 0.181818
v -0.068182 0.113636 0.181818
v -0.068182 0.136364 -0.181818
v -0.068182 0.136364 0.181818
v -0.090909 0.136364 -0.204545
v -0.090909 0.159091 -0.204545
v -0.068182 0.159091 -0.181818
v -0.068182 0.159091 -0.204545
v -0.068182 0.136364 -0.204545
v -0.068182 0.136364 -0.181818
v -0.090909 0.136364 0.204545
v -0.090909 0.159091 0.204545
v -0.068182 0.159091 0.204545
v -0.068182 0.159091 0.181818
v -0.068182 0.136364 0.181818
v -0.068182 0.136364 0.204545
v -0.068182 0.181818 -0.181818
v -0.068182 0.159091 -0.181818
v -0.068182 0.159091 0.181818
v -0.068182 0.181818 0.181818
v -0.068182 0.204545 -0.159091
v -0.068182 0.204545 -0.181818
v -0.068182 0.204545 0.181818
v -0.068182 0.204545 0.159091
v -0.068182 0.227273 -0.159091
v -0.068182 0.204545 -0.159091
v -0.068182 0.204545 0.159091
v -0.068182 0.227273 0.159091
v -0.068182 0.250000 -0.159091
v -0.068182 0.250000 0.159091
v -0.068182 0.272727 -0.136364
v -0.068182 0.272727 -0.159091
v -0.068182 0.272727 0.159091
v -0.068182 0.272727 0.136364
v -0.068182 0.295455 -0.136364
v -0.068182 0.272727 -0.136364
v -0.068182 0.272727 0.136364
v -0.068182 0.295455 0.136364
v -0.068182 0.295455 -0.159091
v -0.068182 0.295455 -0.136364
v -0.068182 0.318182 -0.159091
v -0.068182 0.295455 0.136364
v -0.068182 0.295455 0.159091
v -0.068182 0.318182 0.159091
v -0.068182 0.318182 -0.181818
v -0.068182 0.318182 -0.159091
v -0.068182 0.340909 -0.181818
v -0.068182 0.318182 0.159091
v -0.068182 0.318182 0.181818
v -0.068182 0.340909 0.181818
v -0.068182 0.363636 -0.181818
v -0.068182 0.340909 -0.181818
v -0.068182 0.340909 0.181818
v -0.068182 0.363636 0.181818
v -0.090909 0.363636 -0.181818
v -0.090909 0.386364 -0.181818
v -0.068182 0.386364 -0.159091
v -0.068182 0.386364 -0.181818
v -0.068182 0.363636 -0.181818
v -0.068182 0.386364 -0.136364
v -0.068182 0.386364 -0.113636
v -0.068182 0.386364 -0.090909
v -0.068182 0.386364 -0.068182
v -0.068182 0.386364 -0.045455
v -0.068182 0.386364 -0.022727
v -0.068182 0.386364 0.000000
v -0.068182 0.386364 0.022727
v -0.068182 0.386364 0.045455
v -0.068182 0.386364 0.068182
v -0.068182 0.386364 0.090909
v -0.068182 0.386364 0.113636
v -0.068182 0.386364 0.136364
v -0.068182 0.386364 0.159091
v -0.090909 0.363636 0.181818
v -0.090909 0.386364 0.181818
v -0.068182 0.386364 0.181818
v -0.068182 0.363636 0.181818
v -0.090909 0.409091 -0.136364
v -0.090909 0.431818 -0.136364
v -0.068182 0.431818 -0.113636
v -0.068182 0.431818 -0.136364
v -0.068182 0.409091 -0.136364
v -0.068182 0.409091 -0.113636
v -0.068182 0.431818 -0.090909
v -0.068182 0.409091 -0.090909
v -0.068182 0.431818 -0.068182
v -0.068182 0.409091 -0.068182
v -0.068182 0.431818 -0.045455
v -0.068182 0.409091 -0.045455
v -0.068182 0.431818 -0.022727
v -0.068182 0.409091 -0.022727
v -0.068182 0.431818 0.000000
v -0.068182 0.409091 0.000000
v -0.068182 0.431818 0.022727
v -0.068182 0.409091 0.022727
v -0.068182 0.431818 0.045455
v -0.068182 0.409091 0.045455
v -0.068182 0.431818 0.068182
v -0.068182 0.409091 0.068182
v -0.068182 0.431818 0.090909
v -0.068182 0.409091 0.090909
v -0.068182 0.431818 0.113636
v -0.068182 0.409091 0.113636
v -0.090909 0.409091 0.136364
v -0.090909 0.431818 0.136364
v -0.068182 0.431818 0.136364
v -0.068182 0.409091 0.136364
v -0.068182 0.568182 -0.090909
v -0.068182 0.568182 -0.068182
v -0.068182 0.590909 -0.090909
v -0.068182 0.568182 -0.045455
v -0.068182 0.568182 -0.022727
v -0.068182 0.568182 0.000000
v -0.068182 0.568182 0.022727
v -0.068182 0.568182 0.045455
v -0.068182 0.568182 0.068182
v -0.068182 0.568182 0.090909
v -0.068182 0.590909 0.090909
v -0.068182 0.613636 -0.090909
v -0.068182 0.590909 -0.090909
v -0.068182 0.590909 0.090909
v -0.068182 0.613636 0.090909
v -0.068182 0.636364 -0.068182
v -0.068182 0.636364 -0.090909
v -0.068182 0.613636 -0.090909
v -0.068182 0.636364 -0.045455
v -0.068182 0.636364 -0.022727
v -0.090909 0.636364 0.000000
v -0.068182 0.636364 0.000000
v -0.068182 0.636364 0.022727
v -0.068182 0.636364 0.045455
v -0.068182 0.636364 0.068182
v -0.068182 0.636364 0.090909
v -0.068182 0.613636 0.090909
v -0.068182 0.681818 -0.136364
v -0.068182 0.681818 -0.113636
v -0.068182 0.704545 -0.136364
v -0.068182 0.681818 -0.090909
v -0.068182 0.681818 -0.068182
v -0.068182 0.681818 -0.045455
v -0.068182 0.681818 -0.022727
v -0.068182 0.681818 0.000000
v -0.068182 0.681818 0.022727
v -0.068182 0.681818 0.045455
v -0.068182 0.681818 0.068182
v -0.068182 0.681818 0.090909
v -0.068182 0.681818 0.113636
v -0.068182 0.681818 0.136364
v -0.068182 0.704545 0.136364
v -0.068182 0.727273 -0.136364
v -0.068182 0.727273 -0.159091
v -0.068182 0.704545 -0.159091
v -0.068182 0.704545 -0.136364
v -0.068182 0.727273 -0.113636
v -0.068182 0.727273 -0.090909
v -0.068182 0.727273 -0.068182
v -0.068182 0.727273 0.090909
v -0.068182 0.727273 0.068182
v -0.068182 0.727273 0.113636
v -0.068182 0.727273 0.136364
v -0.068182 0.727273 0.159091
v -0.068182 0.704545 0.136364
v -0.068182 0.704545 0.159091
v -0.068182 0.750000 -0.045455
v -0.068182 0.750000 -0.068182
v -0.068182 0.727273 -0.068182
v -0.090909 0.750000 -0.022727
v -0.068182 0.750000 -0.022727
v -0.090909 0.750000 0.022727
v -0.068182 0.750000 0.045455
v -0.068182 0.750000 0.022727
v -0.068182 0.750000 0.068182
v -0.068182 0.727273 0.068182
v -0.068182 0.750000 -0.022727
v -0.068182 0.772727 -0.022727
v -0.068182 0.772727 0.000000
v -0.068182 0.750000 0.000000
v -0.068182 0.772727 0.022727
v -0.068182 0.750000 0.022727
v -0.090909 0.772727 -0.068182
v -0.090909 0.795455 -0.068182
v -0.068182 0.795455 -0.045455
v -0.068182 0.795455 -0.068182
v -0.068182 0.772727 -0.068182
v -0.068182 0.772727 -0.045455
v -0.068182 0.795455 -0.022727
v -0.068182 0.772727 -0.022727
v -0.090909 0.772727 -0.022727
v -0.068182 0.795455 0.000000
v -0.068182 0.795455 0.022727
v -0.068182 0.795455 0.045455
v -0.090909 0.772727 0.022727
v -0.068182 0.772727 0.022727
v -0.068182 0.772727 0.045455
v -0.090909 0.772727 0.068182
v -0.090909 0.795455 0.068182
v -0.068182 0.795455 0.068182
v -0.068182 0.772727 0.068182
v -0.068182 0.000000 -0.068182
v -0.068182 0.022727 -0.068182
v -0.045455 0.000000 -0.068182
v -0.045455 0.000000 -0.045455
v -0.045455 0.022727 -0.068182
v -0.045455 0.000000 -0.022727
v -0.045455 0.000000 0.000000
v -0.045455 0.000000 0.022727
v -0.045455 0.000000 0.045455
v -0.068182 0.000000 0.068182
v -0.068182 0.022727 0.068182
v -0.045455 0.000000 0.068182
v -0.045455 0.022727 0.068182
v -0.045455 0.022727 -0.136364
v -0.045455 0.022727 -0.113636
v -0.045455 0.045455 -0.136364
v -0.045455 0.022727 -0.090909
v -0.045455 0.022727 -0.068182
v -0.045455 0.022727 0.068182
v -0.045455 0.022727 0.090909
v -0.045455 0.022727 0.113636
v -0.045455 0.022727 0.136364
v -0.045455 0.045455 0.136364
v -0.068182 0.045455 -0.159091
v -0.068182 0.068182 -0.159091
v -0.045455 0.045455 -0.159091
v -0.045455 0.045455 -0.136364
v -0.045455 0.068182 -0.159091
v -0.068182 0.045455 0.159091
v -0.068182 0.068182 0.159091
v -0.045455 0.045455 0.136364
v -0.045455 0.045455 0.159091
v -0.045455 0.068182 0.159091
v -0.045455 0.090909 -0.159091
v -0.045455 0.068182 -0.159091
v -0.045455 0.068182 0.159091
v -0.045455 0.090909 0.159091
v -0.045455 0.090909 -0.181818
v -0.045455 0.090909 -0.159091
v -0.045455 0.113636 -0.181818
v -0.045455 0.090909 0.159091
v -0.045455 0.090909 0.181818
v -0.045455 0.113636 0.181818
v -0.045455 0.136364 -0.181818
v -0.045455 0.136364 0.181818
v -0.045455 0.159091 -0.181818
v -0.045455 0.159091 -0.204545
v -0.045455 0.136364 -0.204545
v -0.045455 0.136364 -0.181818
v -0.045455 0.159091 0.204545
v -0.045455 0.159091 0.181818
v -0.045455 0.136364 0.181818
v -0.045455 0.136364 0.204545
v -0.045455 0.181818 -0.181818
v -0.045455 0.159091 -0.181818
v -0.045455 0.159091 0.181818
v -0.045455 0.181818 0.181818
v -0.045455 0.204545 -0.159091
v -0.045455 0.204545 -0.181818
v -0.045455 0.204545 0.181818
v -0.045455 0.204545 0.159091
v -0.045455 0.227273 -0.159091
v -0.045455 0.204545 -0.159091
v -0.045455 0.204545 0.159091
v -0.045455 0.227273 0.159091
v -0.045455 0.250000 -0.159091
v -0.045455 0.250000 0.159091
v -0.045455 0.272727 -0.136364
v -0.045455 0.272727 -0.159091
v -0.045455 0.272727 0.159091
v -0.045455 0.272727 0.136364
v -0.045455 0.295455 -0.136364
v -0.045455 0.272727 -0.136364
v -0.045455 0.272727 0.136364
v -0.045455 0.295455 0.136364
v -0.068182 0.295455 -0.181818
v -0.068182 0.318182 -0.181818
v -0.045455 0.295455 -0.181818
v -0.045455 0.295455 -0.159091
v -0.045455 0.318182 -0.181818
v -0.045455 0.295455 -0.136364
v -0.045455 0.295455 0.136364
v -0.045455 0.295455 0.159091
v -0.068182 0.295455 0.181818
v -0.068182 0.318182 0.181818
v -0.045455 0.295455 0.181818
v -0.045455 0.318182 0.181818
v -0.045455 0.340909 -0.181818
v -0.045455 0.318182 -0.181818
v -0.045455 0.318182 0.181818
v -0.045455 0.340909 0.181818
v -0.045455 0.363636 -0.181818
v -0.045455 0.340909 -0.181818
v -0.045455 0.340909 0.181818
v -0.045455 0.363636 0.181818
v -0.045455 0.386364 -0.159091
v -0.045455 0.386364 -0.181818
v -0.045455 0.363636 -0.181818
v -0.045455 0.386364 -0.136364
v -0.045455 0.386364 -0.113636
v -0.045455 0.386364 -0.090909
v -0.045455 0.386364 -0.068182
v -0.045455 0.386364 -0.045455
v -0.045455 0.386364 -0.022727
v -0.045455 0.386364 0.000000
v -0.045455 0.386364 0.022727
v -0.045455 0.386364 0.045455
v -0.045455 0.386364 0.068182
v -0.045455 0.386364 0.090909
v -0.045455 0.386364 0.113636
v -0.045455 0.386364 0.136364
v -0.045455 0.386364 0.159091
v -0.045455 0.386364 0.181818
v -0.045455 0.363636 0.181818
v -0.068182 0.409091 -0.159091
v -0.068182 0.431818 -0.159091
v -0.045455 0.431818 -0.136364
v -0.045455 0.431818 -0.159091
v -0.045455 0.409091 -0.159091
v -0.045455 0.409091 -0.136364
v -0.045455 0.431818 -0.113636
v -0.045455 0.409091 -0.113636
v -0.045455 0.431818 -0.090909
v -0.045455 0.409091 -0.090909
v -0.045455 0.431818 -0.068182
v -0.045455 0.409091 -0.068182
v -0.045455 0.431818 -0.045455
v -0.045455 0.409091 -0.045455
v -0.045455 0.431818 -0.022727
v -0.045455 0.409091 -0.022727
v -0.045455 0.431818 0.000000
v -0.045455 0.409091 0.000000
v -0.045455 0.431818 0.022727
v -0.045455 0.409091 0.022727
v -0.045455 0.431818 0.045455
v -0.045455 0.409091 0.045455
v -0.045455 0.431818 0.068182
v -0.045455 0.409091 0.068182
v -0.045455 0.431818 0.090909
v -0.045455 0.409091 0.090909
v -0.045455 0.431818 0.113636
v -0.045455 0.409091 0.113636
v -0.045455 0.431818 0.136364
v -0.045455 0.409091 0.136364
v -0.068182 0.409091 0.159091
v -0.068182 0.431818 0.159091
v -0.045455 0.431818 0.159091
v -0.045455 0.409091 0.159091
v -0.068182 0.545455 -0.045455
v -0.068182 0.545455 -0.022727
v -0.045455 0.545455 -0.045455
v -0.045455 0.545455 -0.022727
v -0.045455 0.568182 -0.045455
v -0.068182 0.545455 0.000000
v -0.045455 0.545455 0.000000
v -0.068182 0.545455 0.022727
v -0.045455 0.545455 0.022727
v -0.068182 0.545455 0.045455
v -0.045455 0.545455 0.045455
v -0.045455 0.568182 0.045455
v -0.068182 0.568182 -0.113636
v -0.068182 0.590909 -0.113636
v -0.045455 0.568182 -0.113636
v -0.045455 0.568182 -0.090909
v -0.045455 0.590909 -0.113636
v -0.045455 0.568182 -0.068182
v -0.045455 0.568182 0.068182
v -0.045455 0.568182 0.090909
v -0.068182 0.568182 0.113636
v -0.068182 0.590909 0.113636
v -0.045455 0.568182 0.113636
v -0.045455 0.590909 0.113636
v -0.045455 0.590909 -0.113636
v -0.045455 0.613636 -0.113636
v -0.045455 0.613636 -0.090909
v -0.045455 0.590909 -0.090909
v -0.068182 0.590909 -0.113636
v -0.068182 0.613636 -0.113636
v -0.045455 0.590909 0.090909
v -0.045455 0.613636 0.090909
v -0.045455 0.613636 0.113636
v -0.045455 0.590909 0.113636
v -0.068182 0.590909 0.113636
v -0.068182 0.613636 0.113636
v -0.045455 0.613636 -0.090909
v -0.045455 0.636364 -0.090909
v -0.045455 0.636364 -0.068182
v -0.045455 0.613636 -0.068182
v -0.045455 0.636364 -0.045455
v -0.045455 0.636364 -0.022727
v -0.045455 0.636364 0.000000
v -0.045455 0.636364 0.022727
v -0.045455 0.636364 0.045455
v -0.045455 0.636364 0.068182
v -0.045455 0.613636 0.068182
v -0.045455 0.636364 0.090909
v -0.045455 0.613636 0.090909
v -0.045455 0.681818 -0.136364
v -0.045455 0.681818 -0.113636
v -0.045455 0.704545 -0.136364
v -0.045455 0.681818 -0.090909
v -0.045455 0.681818 -0.068182
v -0.045455 0.681818 -0.045455
v -0.045455 0.681818 -0.022727
v -0.045455 0.681818 0.000000
v -0.045455 0.681818 0.022727
v -0.045455 0.681818 0.045455
v -0.045455 0.681818 0.068182
v -0.045455 0.681818 0.090909
v -0.045455 0.681818 0.113636
v -0.045455 0.681818 0.136364
v -0.045455 0.704545 0.136364
v -0.045455 0.704545 -0.159091
v -0.045455 0.727273 -0.159091
v -0.045455 0.727273 -0.136364
v -0.045455 0.704545 -0.136364
v -0.045455 0.727273 -0.113636
v -0.045455 0.727273 -0.090909
v -0.045455 0.727273 -0.068182
v -0.045455 0.727273 0.090909
v -0.045455 0.727273 0.068182
v -0.045455 0.727273 0.113636
v -0.045455 0.727273 0.136364
v -0.045455 0.704545 0.136364
v -0.045455 0.727273 0.159091
v -0.045455 0.704545 0.159091
v -0.045455 0.727273 -0.068182
v -0.045455 0.750000 -0.068182
v -0.045455 0.750000 -0.045455
v -0.045455 0.727273 -0.045455
v -0.045455 0.750000 -0.022727
v -0.068182 0.750000 0.000000
v -0.045455 0.750000 0.000000
v -0.045455 0.750000 0.022727
v -0.045455 0.750000 0.045455
v -0.045455 0.727273 0.045455
v -0.045455 0.750000 0.068182
v -0.045455 0.727273 0.068182
v -0.045455 0.772727 -0.068182
v -0.045455 0.772727 -0.045455
v -0.045455 0.795455 -0.068182
v -0.045455 0.772727 -0.022727
v -0.045455 0.772727 0.000000
v -0.068182 0.772727 0.000000
v -0.045455 0.772727 0.022727
v -0.045455 0.772727 0.045455
v -0.045455 0.772727 0.068182
v -0.045455 0.795455 0.068182
v -0.068182 0.795455 -0.068182
v -0.068182 0.795455 -0.045455
v -0.068182 0.818182 -0.045455
v -0.068182 0.818182 -0.068182
v -0.045455 0.818182 -0.045455
v -0.045455 0.818182 -0.068182
v -0.045455 0.795455 -0.068182
v -0.068182 0.795455 -0.022727
v -0.068182 0.818182 -0.022727
v -0.045455 0.818182 -0.022727
v -0.068182 0.795455 0.000000
v -0.068182 0.818182 0.000000
v -0.045455 0.818182 0.000000
v -0.068182 0.795455 0.022727
v -0.068182 0.818182 0.022727
v -0.045455 0.818182 0.022727
v -0.068182 0.795455 0.045455
v -0.068182 0.818182 0.045455
v -0.045455 0.818182 0.045455
v -0.068182 0.795455 0.068182
v -0.068182 0.818182 0.068182
v -0.045455 0.818182 0.068182
v -0.045455 0.795455 0.068182
v -0.022727 0.000000 -0.068182
v -0.022727 0.000000 -0.045455
v -0.022727 0.022727 -0.068182
v -0.022727 0.000000 -0.022727
v -0.022727 0.000000 0.000000
v -0.022727 0.000000 0.022727
v -0.022727 0.000000 0.045455
v -0.022727 0.000000 0.068182
v -0.022727 0.022727 0.068182
v -0.022727 0.022727 -0.136364
v -0.022727 0.022727 -0.113636
v -0.022727 0.045455 -0.136364
v -0.022727 0.022727 -0.090909
v -0.022727 0.022727 -0.068182
v -0.022727 0.022727 0.068182
v -0.022727 0.022727 0.090909
v -0.022727 0.022727 0.113636
v -0.022727 0.022727 0.136364
v -0.022727 0.045455 0.136364
v -0.022727 0.045455 -0.159091
v -0.022727 0.045455 -0.136364
v -0.022727 0.068182 -0.159091
v -0.022727 0.045455 0.136364
v -0.022727 0.045455 0.159091
v -0.022727 0.068182 0.159091
v -0.022727 0.090909 -0.159091
v -0.022727 0.068182 -0.159091
v -0.022727 0.068182 0.159091
v -0.022727 0.090909 0.159091
v -0.022727 0.090909 -0.181818
v -0.022727 0.090909 -0.159091
v -0.022727 0.113636 -0.181818
v -0.022727 0.090909 0.159091
v -0.022727 0.090909 0.181818
v -0.022727 0.113636 0.181818
v -0.022727 0.136364 -0.181818
v -0.022727 0.136364 0.181818
v -0.022727 0.136364 -0.204545
v -0.022727 0.136364 -0.181818
v -0.022727 0.159091 -0.204545
v -0.022727 0.136364 0.181818
v -0.022727 0.136364 0.204545
v -0.022727 0.159091 0.204545
v -0.022727 0.159091 -0.204545
v -0.022727 0.181818 -0.204545
v -0.022727 0.181818 -0.181818
v -0.022727 0.159091 -0.181818
v -0.045455 0.159091 -0.204545
v -0.045455 0.181818 -0.204545
v -0.022727 0.159091 0.181818
v -0.022727 0.181818 0.181818
v -0.022727 0.181818 0.204545
v -0.022727 0.159091 0.204545
v -0.045455 0.159091 0.204545
v -0.045455 0.181818 0.204545
v -0.022727 0.204545 -0.204545
v -0.022727 0.204545 -0.181818
v -0.045455 0.204545 -0.204545
v -0.022727 0.204545 -0.159091
v -0.022727 0.204545 0.181818
v -0.022727 0.204545 0.159091
v -0.022727 0.204545 0.204545
v -0.045455 0.204545 0.204545
v -0.022727 0.227273 -0.159091
v -0.022727 0.204545 -0.159091
v -0.022727 0.204545 0.159091
v -0.022727 0.227273 0.159091
v -0.022727 0.250000 -0.159091
v -0.022727 0.250000 0.159091
v -0.022727 0.272727 -0.159091
v -0.022727 0.272727 0.159091
v -0.022727 0.272727 -0.159091
v -0.022727 0.295455 -0.159091
v -0.022727 0.295455 -0.136364
v -0.022727 0.272727 -0.136364
v -0.045455 0.272727 -0.159091
v -0.045455 0.295455 -0.159091
v -0.022727 0.272727 0.136364
v -0.022727 0.295455 0.136364
v -0.022727 0.295455 0.159091
v -0.022727 0.272727 0.159091
v -0.045455 0.272727 0.159091
v -0.045455 0.295455 0.159091
v -0.022727 0.295455 -0.181818
v -0.022727 0.295455 -0.159091
v -0.022727 0.318182 -0.181818
v -0.022727 0.295455 0.159091
v -0.022727 0.295455 0.181818
v -0.022727 0.318182 0.181818
v -0.045455 0.318182 -0.204545
v -0.045455 0.340909 -0.204545
v -0.022727 0.318182 -0.204545
v -0.022727 0.318182 -0.181818
v -0.022727 0.340909 -0.204545
v -0.045455 0.318182 0.204545
v -0.045455 0.340909 0.204545
v -0.022727 0.318182 0.181818
v -0.022727 0.318182 0.204545
v -0.022727 0.340909 0.204545
v -0.045455 0.340909 -0.204545
v -0.045455 0.363636 -0.204545
v -0.022727 0.363636 -0.181818
v -0.022727 0.363636 -0.204545
v -0.022727 0.340909 -0.204545
v -0.045455 0.340909 0.204545
v -0.045455 0.363636 0.204545
v -0.022727 0.363636 0.204545
v -0.022727 0.363636 0.181818
v -0.022727 0.340909 0.204545
v -0.022727 0.386364 -0.159091
v -0.022727 0.386364 -0.181818
v -0.022727 0.363636 -0.181818
v -0.022727 0.386364 -0.136364
v -0.022727 0.386364 -0.113636
v -0.022727 0.386364 -0.090909
v -0.022727 0.386364 -0.068182
v -0.022727 0.386364 -0.045455
v -0.022727 0.386364 -0.022727
v -0.022727 0.386364 0.000000
v -0.022727 0.386364 0.022727
v -0.022727 0.386364 0.045455
v -0.022727 0.386364 0.068182
v -0.022727 0.386364 0.090909
v -0.022727 0.386364 0.113636
v -0.022727 0.386364 0.136364
v -0.022727 0.386364 0.159091
v -0.022727 0.386364 0.181818
v -0.022727 0.363636 0.181818
v -0.045455 0.409091 -0.181818
v -0.045455 0.431818 -0.181818
v -0.022727 0.431818 -0.159091
v -0.022727 0.431818 -0.181818
v -0.022727 0.409091 -0.181818
v -0.022727 0.409091 -0.159091
v -0.022727 0.431818 -0.136364
v -0.022727 0.409091 -0.136364
v -0.022727 0.431818 -0.113636
v -0.022727 0.409091 -0.113636
v -0.022727 0.431818 -0.090909
v -0.022727 0.409091 -0.090909
v -0.022727 0.431818 -0.068182
v -0.022727 0.409091 -0.068182
v -0.022727 0.431818 -0.045455
v -0.022727 0.409091 -0.045455
v -0.022727 0.431818 -0.022727
v -0.022727 0.409091 -0.022727
v -0.022727 0.431818 0.000000
v -0.022727 0.409091 0.000000
v -0.022727 0.431818 0.022727
v -0.022727 0.409091 0.022727
v -0.022727 0.431818 0.045455
v -0.022727 0.409091 0.045455
v -0.022727 0.431818 0.068182
v -0.022727 0.409091 0.068182
v -0.022727 0.431818 0.090909
v -0.022727 0.409091 0.090909
v -0.022727 0.431818 0.113636
v -0.022727 0.409091 0.113636
v -0.022727 0.431818 0.136364
v -0.022727 0.409091 0.136364
v -0.022727 0.431818 0.159091
v -0.022727 0.409091 0.159091
v -0.045455 0.409091 0.181818
v -0.045455 0.431818 0.181818
v -0.022727 0.431818 0.181818
v -0.022727 0.409091 0.181818
v -0.045455 0.522727 -0.045455
v -0.045455 0.522727 -0.022727
v -0.022727 0.522727 -0.045455
v -0.022727 0.522727 -0.022727
v -0.022727 0.545455 -0.045455
v -0.045455 0.522727 0.000000
v -0.022727 0.522727 0.000000
v -0.045455 0.522727 0.022727
v -0.022727 0.522727 0.022727
v -0.045455 0.522727 0.045455
v -0.022727 0.522727 0.045455
v -0.022727 0.545455 0.045455
v -0.045455 0.545455 -0.090909
v -0.045455 0.545455 -0.068182
v -0.022727 0.545455 -0.090909
v -0.022727 0.545455 -0.068182
v -0.022727 0.568182 -0.090909
v -0.045455 0.545455 0.068182
v -0.022727 0.545455 0.068182
v -0.045455 0.545455 0.090909
v -0.022727 0.545455 0.090909
v -0.022727 0.568182 0.090909
v -0.045455 0.590909 -0.090909
v -0.022727 0.590909 -0.090909
v -0.022727 0.590909 -0.113636
v -0.022727 0.568182 -0.113636
v -0.045455 0.590909 0.090909
v -0.022727 0.590909 0.113636
v -0.022727 0.590909 0.090909
v -0.022727 0.568182 0.113636
v -0.045455 0.613636 -0.068182
v -0.022727 0.613636 -0.068182
v -0.022727 0.613636 -0.090909
v -0.022727 0.590909 -0.090909
v -0.045455 0.613636 0.068182
v -0.022727 0.613636 0.090909
v -0.022727 0.613636 0.068182
v -0.022727 0.590909 0.090909
v -0.022727 0.613636 -0.068182
v -0.022727 0.636364 -0.068182
v -0.022727 0.636364 -0.045455
v -0.022727 0.613636 -0.045455
v -0.022727 0.636364 -0.022727
v -0.022727 0.636364 0.000000
v -0.022727 0.636364 0.022727
v -0.022727 0.636364 0.045455
v -0.022727 0.613636 0.045455
v -0.022727 0.636364 0.068182
v -0.022727 0.613636 0.068182
v -0.022727 0.681818 -0.136364
v -0.022727 0.681818 -0.113636
v -0.022727 0.704545 -0.136364
v -0.022727 0.681818 -0.090909
v -0.022727 0.681818 -0.068182
v -0.022727 0.681818 -0.045455
v -0.022727 0.681818 -0.022727
v -0.022727 0.681818 0.000000
v -0.022727 0.681818 0.022727
v -0.022727 0.681818 0.045455
v -0.022727 0.681818 0.068182
v -0.022727 0.681818 0.090909
v -0.022727 0.681818 0.113636
v -0.022727 0.681818 0.136364
v -0.022727 0.704545 0.136364
v -0.022727 0.727273 -0.113636
v -0.022727 0.727273 -0.136364
v -0.022727 0.704545 -0.136364
v -0.022727 0.727273 -0.090909
v -0.022727 0.727273 -0.068182
v -0.045455 0.727273 -0.045455
v -0.022727 0.727273 -0.045455
v -0.045455 0.727273 0.045455
v -0.022727 0.727273 0.068182
v -0.022727 0.727273 0.045455
v -0.022727 0.727273 0.090909
v -0.022727 0.727273 0.113636
v -0.022727 0.727273 0.136364
v -0.022727 0.704545 0.136364
v -0.022727 0.727273 -0.045455
v -0.022727 0.750000 -0.045455
v -0.022727 0.750000 -0.022727
v -0.022727 0.727273 -0.022727
v -0.022727 0.750000 0.000000
v -0.022727 0.727273 0.000000
v -0.022727 0.750000 0.022727
v -0.022727 0.727273 0.022727
v -0.022727 0.750000 0.045455
v -0.022727 0.727273 0.045455
v -0.022727 0.772727 -0.068182
v -0.022727 0.772727 -0.045455
v -0.022727 0.795455 -0.068182
v -0.022727 0.772727 -0.022727
v -0.022727 0.772727 0.000000
v -0.022727 0.772727 0.022727
v -0.022727 0.772727 0.045455
v -0.022727 0.772727 0.068182
v -0.022727 0.795455 0.068182
v -0.045455 0.795455 -0.090909
v -0.045455 0.818182 -0.090909
v -0.022727 0.818182 -0.068182
v -0.022727 0.818182 -0.090909
v -0.022727 0.795455 -0.090909
v -0.022727 0.795455 -0.068182
v -0.022727 0.818182 -0.045455
v -0.022727 0.818182 -0.022727
v -0.022727 0.818182 0.000000
v -0.022727 0.818182 0.022727
v -0.022727 0.818182 0.045455
v -0.022727 0.818182 0.068182
v -0.045455 0.795455 0.090909
v -0.045455 0.818182 0.090909
v -0.022727 0.818182 0.090909
v -0.022727 0.795455 0.068182
v -0.022727 0.795455 0.090909
v -0.045455 0.840909 -0.045455
v -0.045455 0.840909 -0.022727
v -0.045455 0.863636 -0.022727
v -0.045455 0.863636 -0.045455
v -0.022727 0.863636 -0.022727
v -0.022727 0.863636 -0.045455
v -0.022727 0.840909 -0.045455
v -0.022727 0.840909 -0.022727
v -0.045455 0.840909 0.000000
v -0.045455 0.863636 0.000000
v -0.022727 0.863636 0.000000
v -0.022727 0.840909 0.000000
v -0.045455 0.840909 0.022727
v -0.045455 0.863636 0.022727
v -0.022727 0.863636 0.022727
v -0.022727 0.840909 0.022727
v -0.045455 0.840909 0.045455
v -0.045455 0.863636 0.045455
v -0.022727 0.863636 0.045455
v -0.022727 0.840909 0.045455
v 0.000000 0.000000 -0.090909
v 0.000000 0.022727 -0.090909
v 0.000000 0.022727 -0.068182
v 0.000000 0.000000 -0.068182
v -0.022727 0.000000 -0.090909
v -0.022727 0.022727 -0.090909
v 0.000000 0.000000 -0.045455
v 0.000000 0.000000 -0.022727
v 0.000000 0.000000 0.000000
v 0.000000 0.000000 0.022727
v 0.000000 0.000000 0.045455
v 0.000000 0.000000 0.068182
v 0.000000 0.022727 0.068182
v 0.000000 0.022727 0.090909
v 0.000000 0.000000 0.090909
v -0.022727 0.000000 0.090909
v -0.022727 0.022727 0.090909
v 0.000000 0.022727 -0.159091
v 0.000000 0.045455 -0.159091
v 0.000000 0.045455 -0.136364
v 0.000000 0.022727 -0.136364
v -0.022727 0.022727 -0.159091
v -0.022727 0.045455 -0.159091
v 0.000000 0.022727 -0.113636
v 0.000000 0.022727 -0.090909
v 0.000000 0.022727 0.090909
v 0.000000 0.022727 0.113636
v 0.000000 0.022727 0.136364
v 0.000000 0.045455 0.136364
v 0.000000 0.045455 0.159091
v 0.000000 0.022727 0.159091
v -0.022727 0.022727 0.159091
v -0.022727 0.045455 0.159091
v 0.000000 0.068182 -0.159091
v 0.000000 0.045455 -0.159091
v 0.000000 0.045455 0.159091
v 0.000000 0.068182 0.159091
v 0.000000 0.068182 -0.181818
v 0.000000 0.090909 -0.181818
v 0.000000 0.090909 -0.159091
v 0.000000 0.068182 -0.159091
v -0.022727 0.068182 -0.181818
v -0.022727 0.090909 -0.181818
v 0.000000 0.068182 0.159091
v 0.000000 0.090909 0.159091
v 0.000000 0.090909 0.181818
v 0.000000 0.068182 0.181818
v -0.022727 0.068182 0.181818
v -0.022727 0.090909 0.181818
v 0.000000 0.090909 -0.204545
v 0.000000 0.113636 -0.204545
v 0.000000 0.113636 -0.181818
v 0.000000 0.090909 -0.181818
v -0.022727 0.090909 -0.204545
v -0.022727 0.113636 -0.204545
v 0.000000 0.090909 0.181818
v 0.000000 0.113636 0.181818
v 0.000000 0.113636 0.204545
v 0.000000 0.090909 0.204545
v -0.022727 0.090909 0.204545
v -0.022727 0.113636 0.204545
v 0.000000 0.136364 -0.204545
v 0.000000 0.136364 -0.181818
v -0.022727 0.136364 -0.204545
v 0.000000 0.136364 0.181818
v 0.000000 0.136364 0.204545
v -0.022727 0.136364 0.204545
v -0.022727 0.159091 -0.181818
v 0.000000 0.159091 -0.181818
v 0.000000 0.159091 -0.204545
v 0.000000 0.136364 -0.204545
v -0.022727 0.159091 0.181818
v 0.000000 0.159091 0.204545
v 0.000000 0.159091 0.181818
v 0.000000 0.136364 0.204545
v 0.000000 0.181818 -0.181818
v 0.000000 0.159091 -0.181818
v 0.000000 0.159091 0.181818
v 0.000000 0.181818 0.181818
v 0.000000 0.204545 -0.159091
v 0.000000 0.204545 -0.181818
v 0.000000 0.204545 0.181818
v 0.000000 0.204545 0.159091
v 0.000000 0.227273 -0.159091
v 0.000000 0.204545 -0.159091
v 0.000000 0.204545 0.159091
v 0.000000 0.227273 0.159091
v 0.000000 0.250000 -0.159091
v 0.000000 0.250000 0.159091
v -0.022727 0.272727 -0.136364
v 0.000000 0.272727 -0.136364
v 0.000000 0.272727 -0.159091
v -0.022727 0.272727 0.136364
v 0.000000 0.272727 0.159091
v 0.000000 0.272727 0.136364
v 0.000000 0.295455 -0.136364
v 0.000000 0.272727 -0.136364
v 0.000000 0.272727 0.136364
v 0.000000 0.295455 0.136364
v 0.000000 0.295455 -0.181818
v 0.000000 0.295455 -0.159091
v 0.000000 0.318182 -0.181818
v 0.000000 0.295455 -0.136364
v -0.022727 0.295455 -0.136364
v -0.022727 0.295455 0.136364
v 0.000000 0.295455 0.136364
v 0.000000 0.295455 0.159091
v 0.000000 0.295455 0.181818
v 0.000000 0.318182 0.181818
v 0.000000 0.318182 -0.204545
v 0.000000 0.318182 -0.181818
v 0.000000 0.340909 -0.204545
v 0.000000 0.318182 0.181818
v 0.000000 0.318182 0.204545
v 0.000000 0.340909 0.204545
v 0.000000 0.363636 -0.204545
v 0.000000 0.340909 -0.204545
v 0.000000 0.340909 0.204545
v 0.000000 0.363636 0.204545
v -0.022727 0.363636 -0.204545
v -0.022727 0.386364 -0.204545
v 0.000000 0.386364 -0.181818
v 0.000000 0.386364 -0.204545
v 0.000000 0.363636 -0.204545
v 0.000000 0.386364 -0.159091
v 0.000000 0.386364 -0.136364
v 0.000000 0.386364 -0.113636
v 0.000000 0.386364 -0.090909
v 0.000000 0.386364 -0.068182
v 0.000000 0.386364 -0.045455
v 0.000000 0.386364 0.068182
v 0.000000 0.386364 0.045455
v 0.000000 0.386364 0.090909
v 0.000000 0.386364 0.113636
v 0.000000 0.386364 0.136364
v 0.000000 0.386364 0.159091
v 0.000000 0.386364 0.181818
v -0.022727 0.363636 0.204545
v -0.022727 0.386364 0.204545
v 0.000000 0.386364 0.204545
v 0.000000 0.363636 0.204545
v -0.022727 0.386364 -0.045455
v -0.022727 0.386364 -0.022727
v -0.022727 0.409091 -0.022727
v -0.022727 0.409091 -0.045455
v 0.000000 0.409091 -0.045455
v 0.000000 0.386364 -0.045455
v -0.022727 0.386364 0.000000
v -0.022727 0.409091 0.000000
v -0.022727 0.386364 0.022727
v -0.022727 0.409091 0.022727
v -0.022727 0.386364 0.045455
v -0.022727 0.409091 0.045455
v 0.000000 0.386364 0.045455
v 0.000000 0.409091 0.045455
v -0.022727 0.409091 -0.204545
v -0.022727 0.431818 -0.204545
v 0.000000 0.431818 -0.181818
v 0.000000 0.431818 -0.204545
v 0.000000 0.409091 -0.204545
v 0.000000 0.409091 -0.181818
v 0.000000 0.431818 -0.159091
v 0.000000 0.409091 -0.159091
v 0.000000 0.431818 -0.136364
v 0.000000 0.409091 -0.136364
v 0.000000 0.431818 -0.113636
v 0.000000 0.409091 -0.113636
v 0.000000 0.431818 -0.090909
v 0.000000 0.409091 -0.090909
v 0.000000 0.431818 -0.068182
v 0.000000 0.409091 -0.068182
v 0.000000 0.431818 -0.045455
v 0.000000 0.409091 -0.045455
v 0.000000 0.431818 -0.022727
v 0.000000 0.431818 0.000000
v 0.000000 0.431818 0.022727
v 0.000000 0.431818 0.045455
v 0.000000 0.431818 0.068182
v 0.000000 0.409091 0.045455
v 0.000000 0.409091 0.068182
v 0.000000 0.431818 0.090909
v 0.000000 0.409091 0.090909
v 0.000000 0.431818 0.113636
v 0.000000 0.409091 0.113636
v 0.000000 0.431818 0.136364
v 0.000000 0.409091 0.136364
v 0.000000 0.431818 0.159091
v 0.000000 0.409091 0.159091
v 0.000000 0.431818 0.181818
v 0.000000 0.409091 0.181818
v -0.022727 0.409091 0.204545
v -0.022727 0.431818 0.204545
v 0.000000 0.431818 0.204545
v 0.000000 0.409091 0.204545
v -0.022727 0.500000 -0.045455
v -0.022727 0.500000 -0.022727
v -0.022727 0.522727 -0.022727
v -0.022727 0.522727 -0.045455
v 0.000000 0.500000 -0.045455
v 0.000000 0.500000 -0.022727
v 0.000000 0.522727 -0.045455
v -0.022727 0.500000 0.000000
v -0.022727 0.522727 0.000000
v 0.000000 0.500000 0.000000
v -0.022727 0.500000 0.022727
v -0.022727 0.522727 0.022727
v 0.000000 0.500000 0.022727
v -0.022727 0.500000 0.045455
v -0.022727 0.522727 0.045455
v 0.000000 0.500000 0.045455
v 0.000000 0.522727 0.045455
v -0.022727 0.522727 -0.090909
v -0.022727 0.522727 -0.068182
v 0.000000 0.522727 -0.090909
v 0.000000 0.522727 -0.068182
v 0.000000 0.545455 -0.090909
v 0.000000 0.522727 -0.045455
v -0.022727 0.522727 0.068182
v 0.000000 0.522727 0.045455
v 0.000000 0.522727 0.068182
v -0.022727 0.522727 0.090909
v 0.000000 0.522727 0.090909
v 0.000000 0.545455 0.090909
v 0.000000 0.568182 -0.090909
v 0.000000 0.568182 0.090909
v 0.000000 0.590909 -0.090909
v 0.000000 0.590909 -0.113636
v 0.000000 0.568182 -0.113636
v 0.000000 0.590909 0.113636
v 0.000000 0.590909 0.090909
v 0.000000 0.568182 0.113636
v 0.000000 0.590909 -0.090909
v 0.000000 0.613636 -0.090909
v 0.000000 0.613636 -0.068182
v 0.000000 0.590909 -0.068182
v -0.022727 0.613636 -0.045455
v 0.000000 0.613636 -0.045455
v -0.022727 0.613636 0.045455
v 0.000000 0.613636 0.068182
v 0.000000 0.613636 0.045455
v 0.000000 0.590909 0.068182
v 0.000000 0.613636 0.090909
v 0.000000 0.590909 0.090909
v 0.000000 0.613636 -0.045455
v 0.000000 0.636364 -0.045455
v 0.000000 0.636364 -0.022727
v 0.000000 0.613636 -0.022727
v 0.000000 0.636364 0.000000
v 0.000000 0.613636 0.000000
v 0.000000 0.636364 0.022727
v 0.000000 0.613636 0.022727
v 0.000000 0.636364 0.045455
v 0.000000 0.613636 0.045455
v 0.000000 0.681818 -0.136364
v 0.000000 0.704545 -0.136364
v 0.000000 0.704545 -0.113636
v 0.000000 0.681818 -0.113636
v 0.000000 0.681818 -0.090909
v 0.000000 0.681818 -0.068182
v 0.000000 0.681818 -0.045455
v 0.000000 0.681818 -0.022727
v 0.000000 0.681818 0.000000
v 0.000000 0.681818 0.022727
v 0.000000 0.681818 0.045455
v 0.000000 0.681818 0.068182
v 0.000000 0.681818 0.090909
v 0.000000 0.681818 0.113636
v 0.000000 0.704545 0.113636
v 0.000000 0.704545 0.136364
v 0.000000 0.681818 0.136364
v 0.000000 0.704545 -0.136364
v 0.000000 0.727273 -0.136364
v 0.000000 0.727273 -0.113636
v 0.000000 0.704545 -0.113636
v 0.000000 0.727273 -0.090909
v 0.000000 0.727273 -0.068182
v 0.000000 0.727273 -0.045455
v -0.022727 0.727273 -0.022727
v 0.000000 0.727273 -0.022727
v -0.022727 0.727273 0.000000
v 0.000000 0.727273 0.000000
v -0.022727 0.727273 0.022727
v 0.000000 0.727273 0.022727
v 0.000000 0.727273 0.045455
v 0.000000 0.727273 0.068182
v 0.000000 0.727273 0.090909
v 0.000000 0.727273 0.113636
v 0.000000 0.704545 0.113636
v 0.000000 0.727273 0.136364
v 0.000000 0.704545 0.136364
v 0.000000 0.772727 -0.068182
v 0.000000 0.795455 -0.068182
v 0.000000 0.795455 -0.045455
v 0.000000 0.772727 -0.045455
v 0.000000 0.772727 -0.022727
v 0.000000 0.772727 0.000000
v 0.000000 0.772727 0.022727
v 0.000000 0.772727 0.045455
v 0.000000 0.795455 0.045455
v 0.000000 0.795455 0.068182
v 0.000000 0.772727 0.068182
v 0.000000 0.818182 -0.068182
v 0.000000 0.818182 -0.090909
v 0.000000 0.795455 -0.090909
v 0.000000 0.795455 -0.068182
v 0.000000 0.818182 -0.045455
v 0.000000 0.818182 -0.022727
v 0.000000 0.818182 0.000000
v 0.000000 0.818182 0.022727
v 0.000000 0.818182 0.045455
v 0.000000 0.818182 0.068182
v 0.000000 0.818182 0.090909
v 0.000000 0.795455 0.068182
v 0.000000 0.795455 0.090909
v -0.022727 0.840909 -0.068182
v -0.022727 0.863636 -0.068182
v 0.000000 0.863636 -0.045455
v 0.000000 0.863636 -0.068182
v 0.000000 0.840909 -0.068182
v 0.000000 0.840909 -0.045455
v 0.000000 0.840909 -0.022727
v 0.000000 0.840909 0.000000
v 0.000000 0.840909 0.022727
v 0.000000 0.840909 0.045455
v -0.022727 0.840909 0.068182
v -0.022727 0.863636 0.068182
v 0.000000 0.863636 0.068182
v 0.000000 0.863636 0.045455
v 0.000000 0.840909 0.068182
v -0.022727 0.863636 -0.045455
v -0.022727 0.863636 -0.022727
v -0.022727 0.886364 -0.022727
v -0.022727 0.886364 -0.045455
v 0.000000 0.886364 -0.022727
v 0.000000 0.886364 -0.045455
v 0.000000 0.863636 -0.045455
v -0.022727 0.863636 0.000000
v -0.022727 0.886364 0.000000
v 0.000000 0.886364 0.000000
v -0.022727 0.863636 0.022727
v -0.022727 0.886364 0.022727
v 0.000000 0.886364 0.022727
v -0.022727 0.863636 0.045455
v -0.022727 0.886364 0.045455
v 0.000000 0.886364 0.045455
v 0.000000 0.863636 0.045455
v 0.022727 0.000000 -0.068182
v 0.022727 0.000000 -0.045455
v 0.022727 0.022727 -0.068182
v 0.022727 0.000000 -0.022727
v 0.022727 0.000000 0.000000
v 0.022727 0.000000 0.022727
v 0.022727 0.000000 0.045455
v 0.022727 0.000000 0.068182
v 0.022727 0.022727 0.068182
v 0.022727 0.022727 -0.136364
v 0.022727 0.022727 -0.113636
v 0.022727 0.045455 -0.136364
v 0.022727 0.022727 -0.090909
v 0.022727 0.022727 -0.068182
v 0.000000 0.022727 -0.068182
v 0.000000 0.022727 0.068182
v 0.022727 0.022727 0.068182
v 0.022727 0.022727 0.090909
v 0.022727 0.022727 0.113636
v 0.022727 0.022727 0.136364
v 0.022727 0.045455 0.136364
v 0.022727 0.045455 -0.159091
v 0.022727 0.045455 -0.136364
v 0.000000 0.045455 -0.136364
v 0.022727 0.068182 -0.159091
v 0.000000 0.045455 0.136364
v 0.022727 0.045455 0.136364
v 0.022727 0.045455 0.159091
v 0.022727 0.068182 0.159091
v 0.022727 0.090909 -0.159091
v 0.022727 0.068182 -0.159091
v 0.022727 0.068182 0.159091
v 0.022727 0.090909 0.159091
v 0.022727 0.090909 -0.181818
v 0.022727 0.090909 -0.159091
v 0.000000 0.090909 -0.159091
v 0.022727 0.113636 -0.181818
v 0.000000 0.090909 0.159091
v 0.022727 0.090909 0.159091
v 0.022727 0.090909 0.181818
v 0.022727 0.113636 0.181818
v 0.022727 0.136364 -0.181818
v 0.022727 0.136364 0.181818
v 0.022727 0.159091 -0.181818
v 0.022727 0.159091 -0.204545
v 0.022727 0.136364 -0.204545
v 0.022727 0.136364 -0.181818
v 0.000000 0.136364 -0.181818
v 0.022727 0.159091 0.204545
v 0.022727 0.159091 0.181818
v 0.000000 0.136364 0.181818
v 0.022727 0.136364 0.181818
v 0.022727 0.136364 0.204545
v 0.022727 0.181818 -0.181818
v 0.022727 0.159091 -0.181818
v 0.022727 0.159091 0.181818
v 0.022727 0.181818 0.181818
v 0.022727 0.204545 -0.159091
v 0.022727 0.204545 -0.181818
v 0.022727 0.204545 0.181818
v 0.022727 0.204545 0.159091
v 0.022727 0.204545 -0.159091
v 0.022727 0.227273 -0.159091
v 0.022727 0.227273 -0.136364
v 0.022727 0.204545 -0.136364
v 0.022727 0.204545 0.136364
v 0.022727 0.227273 0.136364
v 0.022727 0.227273 0.159091
v 0.022727 0.204545 0.159091
v 0.022727 0.250000 -0.159091
v 0.022727 0.250000 -0.136364
v 0.022727 0.250000 0.136364
v 0.022727 0.250000 0.159091
v 0.022727 0.272727 -0.159091
v 0.022727 0.272727 -0.136364
v 0.022727 0.272727 0.136364
v 0.022727 0.272727 0.159091
v 0.022727 0.295455 -0.136364
v 0.022727 0.272727 -0.136364
v 0.022727 0.272727 0.136364
v 0.022727 0.295455 0.136364
v 0.022727 0.295455 -0.181818
v 0.022727 0.295455 -0.159091
v 0.022727 0.318182 -0.181818
v 0.022727 0.295455 -0.136364
v 0.022727 0.295455 0.136364
v 0.022727 0.295455 0.159091
v 0.022727 0.295455 0.181818
v 0.022727 0.318182 0.181818
v 0.022727 0.318182 -0.204545
v 0.022727 0.318182 -0.181818
v 0.022727 0.340909 -0.204545
v 0.022727 0.318182 0.181818
v 0.022727 0.318182 0.204545
v 0.022727 0.340909 0.204545
v 0.022727 0.340909 -0.204545
v 0.022727 0.363636 -0.204545
v 0.022727 0.363636 -0.181818
v 0.022727 0.340909 -0.181818
v 0.022727 0.340909 0.181818
v 0.022727 0.363636 0.181818
v 0.022727 0.363636 0.204545
v 0.022727 0.340909 0.204545
v 0.022727 0.386364 -0.181818
v 0.022727 0.386364 -0.204545
v 0.022727 0.363636 -0.204545
v 0.022727 0.386364 -0.159091
v 0.022727 0.386364 -0.136364
v 0.022727 0.386364 -0.113636
v 0.022727 0.386364 -0.090909
v 0.022727 0.386364 0.113636
v 0.022727 0.386364 0.090909
v 0.022727 0.386364 0.136364
v 0.022727 0.386364 0.159091
v 0.022727 0.386364 0.181818
v 0.022727 0.386364 0.204545
v 0.022727 0.363636 0.204545
v 0.000000 0.386364 -0.090909
v 0.000000 0.386364 -0.068182
v 0.000000 0.409091 -0.068182
v 0.000000 0.409091 -0.090909
v 0.022727 0.409091 -0.090909
v 0.022727 0.386364 -0.090909
v 0.000000 0.386364 0.068182
v 0.000000 0.409091 0.068182
v 0.000000 0.386364 0.090909
v 0.000000 0.409091 0.090909
v 0.022727 0.386364 0.090909
v 0.022727 0.409091 0.090909
v 0.022727 0.431818 -0.181818
v 0.022727 0.431818 -0.204545
v 0.022727 0.409091 -0.204545
v 0.022727 0.409091 -0.181818
v 0.022727 0.431818 -0.159091
v 0.022727 0.409091 -0.159091
v 0.022727 0.431818 -0.136364
v 0.022727 0.409091 -0.136364
v 0.022727 0.431818 -0.113636
v 0.022727 0.409091 -0.113636
v 0.022727 0.431818 -0.090909
v 0.022727 0.409091 -0.090909
v 0.022727 0.431818 -0.068182
v 0.022727 0.431818 -0.045455
v 0.022727 0.431818 -0.022727
v 0.022727 0.431818 0.000000
v 0.022727 0.431818 0.022727
v 0.022727 0.431818 0.045455
v 0.022727 0.431818 0.068182
v 0.022727 0.431818 0.090909
v 0.022727 0.431818 0.113636
v 0.022727 0.409091 0.090909
v 0.022727 0.409091 0.113636
v 0.022727 0.431818 0.136364
v 0.022727 0.409091 0.136364
v 0.022727 0.431818 0.159091
v 0.022727 0.409091 0.159091
v 0.022727 0.431818 0.181818
v 0.022727 0.409091 0.181818
v 0.022727 0.431818 0.204545
v 0.022727 0.409091 0.204545
v 0.000000 0.477273 -0.045455
v 0.000000 0.477273 -0.022727
v 0.022727 0.477273 -0.045455
v 0.022727 0.477273 -0.022727
v 0.022727 0.500000 -0.045455
v 0.000000 0.477273 0.000000
v 0.022727 0.477273 0.000000
v 0.000000 0.477273 0.022727
v 0.022727 0.477273 0.022727
v 0.000000 0.477273 0.045455
v 0.022727 0.477273 0.045455
v 0.022727 0.500000 0.045455
v 0.000000 0.500000 -0.068182
v 0.000000 0.522727 -0.068182
v 0.022727 0.500000 -0.068182
v 0.022727 0.522727 -0.068182
v 0.000000 0.500000 0.068182
v 0.000000 0.522727 0.068182
v 0.022727 0.500000 0.068182
v 0.022727 0.522727 0.068182
v 0.022727 0.522727 -0.090909
v 0.022727 0.522727 -0.068182
v 0.022727 0.545455 -0.090909
v 0.022727 0.522727 0.068182
v 0.022727 0.522727 0.090909
v 0.022727 0.545455 0.090909
v 0.000000 0.545455 -0.113636
v 0.022727 0.545455 -0.113636
v 0.022727 0.568182 -0.113636
v 0.000000 0.545455 0.113636
v 0.022727 0.545455 0.113636
v 0.022727 0.568182 0.113636
v 0.022727 0.590909 -0.113636
v 0.022727 0.590909 -0.090909
v 0.022727 0.568182 -0.090909
v 0.000000 0.590909 -0.068182
v 0.022727 0.590909 -0.068182
v 0.000000 0.590909 0.068182
v 0.022727 0.590909 0.090909
v 0.022727 0.590909 0.068182
v 0.022727 0.568182 0.090909
v 0.022727 0.590909 0.113636
v 0.022727 0.590909 -0.068182
v 0.022727 0.613636 -0.068182
v 0.022727 0.613636 -0.045455
v 0.022727 0.590909 -0.045455
v 0.000000 0.613636 -0.022727
v 0.022727 0.613636 -0.022727
v 0.000000 0.613636 0.000000
v 0.022727 0.613636 0.000000
v 0.000000 0.613636 0.022727
v 0.022727 0.613636 0.022727
v 0.022727 0.613636 0.045455
v 0.022727 0.590909 0.045455
v 0.022727 0.613636 0.068182
v 0.022727 0.590909 0.068182
v 0.022727 0.681818 -0.113636
v 0.022727 0.704545 -0.113636
v 0.022727 0.704545 -0.090909
v 0.022727 0.681818 -0.090909
v 0.022727 0.681818 -0.068182
v 0.022727 0.681818 -0.045455
v 0.022727 0.681818 -0.022727
v 0.022727 0.681818 0.000000
v 0.022727 0.681818 0.022727
v 0.022727 0.681818 0.045455
v 0.022727 0.681818 0.068182
v 0.022727 0.681818 0.090909
v 0.022727 0.704545 0.090909
v 0.022727 0.704545 0.113636
v 0.022727 0.681818 0.113636
v 0.022727 0.704545 -0.113636
v 0.022727 0.727273 -0.113636
v 0.022727 0.727273 -0.090909
v 0.022727 0.704545 -0.090909
v 0.022727 0.727273 -0.068182
v 0.022727 0.727273 -0.045455
v 0.022727 0.727273 -0.022727
v 0.022727 0.727273 0.000000
v 0.022727 0.727273 0.022727
v 0.022727 0.727273 0.045455
v 0.022727 0.727273 0.068182
v 0.022727 0.727273 0.090909
v 0.022727 0.704545 0.090909
v 0.022727 0.727273 0.113636
v 0.022727 0.704545 0.113636
v 0.022727 0.772727 -0.045455
v 0.022727 0.795455 -0.045455
v 0.022727 0.795455 -0.022727
v 0.022727 0.772727 -0.022727
v 0.022727 0.795455 0.000000
v 0.022727 0.772727 0.000000
v 0.022727 0.795455 0.022727
v 0.022727 0.772727 0.022727
v 0.022727 0.795455 0.045455
v 0.022727 0.772727 0.045455
v 0.022727 0.818182 -0.068182
v 0.022727 0.818182 -0.090909
v 0.022727 0.795455 -0.090909
v 0.022727 0.795455 -0.068182
v 0.022727 0.818182 -0.045455
v 0.022727 0.795455 -0.045455
v 0.000000 0.795455 -0.045455
v 0.022727 0.818182 -0.022727
v 0.022727 0.818182 0.000000
v 0.022727 0.818182 0.022727
v 0.022727 0.818182 0.045455
v 0.022727 0.818182 0.068182
v 0.000000 0.795455 0.045455
v 0.022727 0.795455 0.045455
v 0.022727 0.795455 0.068182
v 0.022727 0.818182 0.090909
v 0.022727 0.795455 0.090909
v 0.000000 0.840909 -0.090909
v 0.000000 0.863636 -0.090909
v 0.022727 0.840909 -0.090909
v 0.022727 0.840909 -0.068182
v 0.022727 0.863636 -0.090909
v 0.022727 0.840909 -0.045455
v 0.022727 0.840909 -0.022727
v 0.022727 0.840909 0.000000
v 0.022727 0.840909 0.022727
v 0.022727 0.840909 0.045455
v 0.022727 0.840909 0.068182
v 0.000000 0.840909 0.090909
v 0.000000 0.863636 0.090909
v 0.022727 0.840909 0.090909
v 0.022727 0.863636 0.090909
v 0.000000 0.863636 -0.090909
v 0.000000 0.863636 -0.068182
v 0.000000 0.886364 -0.068182
v 0.000000 0.886364 -0.090909
v 0.022727 0.886364 -0.068182
v 0.022727 0.886364 -0.090909
v 0.022727 0.863636 -0.090909
v 0.022727 0.886364 -0.045455
v 0.022727 0.886364 -0.022727
v 0.022727 0.886364 0.000000
v 0.022727 0.886364 0.022727
v 0.022727 0.886364 0.045455
v 0.000000 0.863636 0.068182
v 0.000000 0.886364 0.068182
v 0.022727 0.886364 0.068182
v 0.000000 0.863636 0.090909
v 0.000000 0.886364 0.090909
v 0.022727 0.886364 0.090909
v 0.022727 0.863636 0.090909
v 0.045455 0.000000 -0.068182
v 0.045455 0.022727 -0.068182
v 0.045455 0.022727 -0.045455
v 0.045455 0.000000 -0.045455
v 0.045455 0.000000 -0.022727
v 0.045455 0.000000 0.000000
v 0.045455 0.000000 0.022727
v 0.045455 0.000000 0.045455
v 0.045455 0.022727 0.045455
v 0.045455 0.022727 0.068182
v 0.045455 0.000000 0.068182
v 0.045455 0.022727 -0.136364
v 0.045455 0.022727 -0.113636
v 0.045455 0.045455 -0.136364
v 0.045455 0.022727 -0.090909
v 0.045455 0.022727 -0.068182
v 0.045455 0.022727 0.068182
v 0.045455 0.022727 0.090909
v 0.045455 0.022727 0.113636
v 0.045455 0.022727 0.136364
v 0.045455 0.045455 0.136364
v 0.045455 0.045455 -0.159091
v 0.045455 0.045455 -0.136364
v 0.045455 0.068182 -0.159091
v 0.045455 0.045455 0.136364
v 0.045455 0.045455 0.159091
v 0.045455 0.068182 0.159091
v 0.045455 0.090909 -0.159091
v 0.045455 0.068182 -0.159091
v 0.045455 0.068182 0.159091
v 0.045455 0.090909 0.159091
v 0.045455 0.090909 -0.181818
v 0.045455 0.090909 -0.159091
v 0.045455 0.113636 -0.181818
v 0.045455 0.090909 0.159091
v 0.045455 0.090909 0.181818
v 0.045455 0.113636 0.181818
v 0.045455 0.136364 -0.181818
v 0.045455 0.136364 0.181818
v 0.045455 0.136364 -0.204545
v 0.045455 0.159091 -0.204545
v 0.045455 0.159091 -0.181818
v 0.045455 0.136364 -0.181818
v 0.045455 0.136364 0.181818
v 0.045455 0.159091 0.181818
v 0.045455 0.159091 0.204545
v 0.045455 0.136364 0.204545
v 0.045455 0.181818 -0.181818
v 0.045455 0.159091 -0.181818
v 0.045455 0.159091 0.181818
v 0.045455 0.181818 0.181818
v 0.045455 0.204545 -0.159091
v 0.045455 0.204545 -0.181818
v 0.022727 0.204545 -0.136364
v 0.045455 0.204545 -0.136364
v 0.022727 0.204545 0.136364
v 0.045455 0.204545 0.159091
v 0.045455 0.204545 0.136364
v 0.045455 0.204545 0.181818
v 0.045455 0.204545 -0.136364
v 0.045455 0.227273 -0.136364
v 0.045455 0.227273 -0.113636
v 0.045455 0.204545 -0.113636
v 0.045455 0.204545 0.113636
v 0.045455 0.227273 0.113636
v 0.045455 0.227273 0.136364
v 0.045455 0.204545 0.136364
v 0.045455 0.250000 -0.136364
v 0.045455 0.250000 -0.113636
v 0.045455 0.250000 0.113636
v 0.045455 0.250000 0.136364
v 0.045455 0.272727 -0.136364
v 0.045455 0.272727 -0.113636
v 0.045455 0.272727 0.113636
v 0.045455 0.272727 0.136364
v 0.045455 0.272727 -0.136364
v 0.045455 0.295455 -0.136364
v 0.045455 0.295455 -0.113636
v 0.045455 0.272727 -0.113636
v 0.045455 0.272727 0.113636
v 0.045455 0.295455 0.113636
v 0.045455 0.295455 0.136364
v 0.045455 0.272727 0.136364
v 0.045455 0.295455 -0.181818
v 0.045455 0.295455 -0.159091
v 0.045455 0.318182 -0.181818
v 0.045455 0.295455 -0.136364
v 0.045455 0.295455 0.136364
v 0.045455 0.295455 0.159091
v 0.045455 0.295455 0.181818
v 0.045455 0.318182 0.181818
v 0.045455 0.318182 -0.204545
v 0.045455 0.340909 -0.204545
v 0.045455 0.340909 -0.181818
v 0.045455 0.318182 -0.181818
v 0.022727 0.340909 -0.181818
v 0.045455 0.318182 0.181818
v 0.045455 0.340909 0.181818
v 0.045455 0.340909 0.204545
v 0.045455 0.318182 0.204545
v 0.022727 0.340909 0.181818
v 0.045455 0.363636 -0.181818
v 0.045455 0.340909 -0.181818
v 0.045455 0.340909 0.181818
v 0.045455 0.363636 0.181818
v 0.045455 0.386364 -0.181818
v 0.045455 0.386364 -0.204545
v 0.045455 0.363636 -0.204545
v 0.045455 0.363636 -0.181818
v 0.022727 0.363636 -0.181818
v 0.045455 0.386364 -0.159091
v 0.045455 0.386364 -0.136364
v 0.045455 0.386364 -0.113636
v 0.045455 0.386364 -0.090909
v 0.045455 0.386364 0.113636
v 0.045455 0.386364 0.090909
v 0.045455 0.386364 0.136364
v 0.045455 0.386364 0.159091
v 0.045455 0.386364 0.181818
v 0.045455 0.386364 0.204545
v 0.022727 0.363636 0.181818
v 0.045455 0.363636 0.181818
v 0.045455 0.363636 0.204545
v 0.045455 0.409091 -0.090909
v 0.045455 0.386364 -0.090909
v 0.045455 0.386364 0.090909
v 0.045455 0.409091 0.090909
v 0.045455 0.431818 -0.181818
v 0.045455 0.431818 -0.204545
v 0.045455 0.409091 -0.204545
v 0.045455 0.409091 -0.181818
v 0.045455 0.431818 -0.159091
v 0.045455 0.409091 -0.159091
v 0.045455 0.431818 -0.136364
v 0.045455 0.409091 -0.136364
v 0.045455 0.431818 -0.113636
v 0.045455 0.409091 -0.113636
v 0.045455 0.431818 -0.090909
v 0.045455 0.409091 -0.090909
v 0.045455 0.431818 -0.068182
v 0.045455 0.431818 -0.045455
v 0.045455 0.431818 0.068182
v 0.045455 0.431818 0.045455
v 0.045455 0.431818 0.090909
v 0.045455 0.431818 0.113636
v 0.045455 0.409091 0.090909
v 0.045455 0.409091 0.113636
v 0.045455 0.431818 0.136364
v 0.045455 0.409091 0.136364
v 0.045455 0.431818 0.159091
v 0.045455 0.409091 0.159091
v 0.045455 0.431818 0.181818
v 0.045455 0.409091 0.181818
v 0.045455 0.431818 0.204545
v 0.045455 0.409091 0.204545
v 0.022727 0.431818 -0.045455
v 0.022727 0.431818 -0.022727
v 0.022727 0.454545 -0.022727
v 0.022727 0.454545 -0.045455
v 0.045455 0.454545 -0.045455
v 0.045455 0.431818 -0.045455
v 0.022727 0.431818 0.000000
v 0.022727 0.454545 0.000000
v 0.022727 0.431818 0.022727
v 0.022727 0.454545 0.022727
v 0.022727 0.431818 0.045455
v 0.022727 0.454545 0.045455
v 0.045455 0.431818 0.045455
v 0.045455 0.454545 0.045455
v 0.022727 0.477273 -0.022727
v 0.022727 0.477273 -0.045455
v 0.045455 0.477273 -0.045455
v 0.022727 0.477273 0.000000
v 0.022727 0.477273 0.022727
v 0.022727 0.477273 0.045455
v 0.045455 0.477273 0.045455
v 0.022727 0.477273 -0.068182
v 0.045455 0.477273 -0.068182
v 0.045455 0.477273 -0.045455
v 0.045455 0.500000 -0.068182
v 0.022727 0.477273 0.068182
v 0.045455 0.477273 0.045455
v 0.045455 0.477273 0.068182
v 0.045455 0.500000 0.068182
v 0.022727 0.500000 -0.090909
v 0.022727 0.522727 -0.090909
v 0.045455 0.500000 -0.090909
v 0.045455 0.522727 -0.090909
v 0.022727 0.500000 0.090909
v 0.022727 0.522727 0.090909
v 0.045455 0.500000 0.090909
v 0.045455 0.522727 0.090909
v 0.022727 0.522727 -0.113636
v 0.045455 0.522727 -0.113636
v 0.045455 0.522727 -0.090909
v 0.045455 0.545455 -0.113636
v 0.022727 0.522727 0.113636
v 0.045455 0.522727 0.090909
v 0.045455 0.522727 0.113636
v 0.045455 0.545455 0.113636
v 0.045455 0.568182 -0.090909
v 0.045455 0.568182 -0.113636
v 0.045455 0.568182 0.113636
v 0.045455 0.568182 0.090909
v 0.045455 0.590909 -0.068182
v 0.045455 0.590909 -0.090909
v 0.022727 0.590909 -0.045455
v 0.045455 0.590909 -0.045455
v 0.022727 0.590909 0.045455
v 0.045455 0.590909 0.068182
v 0.045455 0.590909 0.045455
v 0.045455 0.590909 0.090909
v 0.045455 0.590909 -0.045455
v 0.045455 0.613636 -0.045455
v 0.045455 0.613636 -0.022727
v 0.045455 0.590909 -0.022727
v 0.045455 0.613636 0.000000
v 0.045455 0.590909 0.000000
v 0.045455 0.613636 0.022727
v 0.045455 0.590909 0.022727
v 0.045455 0.613636 0.045455
v 0.045455 0.590909 0.045455
v 0.045455 0.681818 -0.090909
v 0.045455 0.704545 -0.090909
v 0.045455 0.704545 -0.068182
v 0.045455 0.681818 -0.068182
v 0.045455 0.704545 -0.045455
v 0.045455 0.681818 -0.045455
v 0.045455 0.681818 -0.022727
v 0.045455 0.681818 0.000000
v 0.045455 0.681818 0.022727
v 0.045455 0.681818 0.045455
v 0.045455 0.704545 0.045455
v 0.045455 0.704545 0.068182
v 0.045455 0.681818 0.068182
v 0.045455 0.704545 0.090909
v 0.045455 0.681818 0.090909
v 0.045455 0.704545 -0.090909
v 0.045455 0.727273 -0.090909
v 0.045455 0.727273 -0.068182
v 0.045455 0.704545 -0.068182
v 0.045455 0.727273 -0.045455
v 0.045455 0.727273 -0.022727
v 0.045455 0.727273 0.000000
v 0.045455 0.727273 0.022727
v 0.045455 0.727273 0.045455
v 0.045455 0.727273 0.068182
v 0.045455 0.704545 0.068182
v 0.045455 0.727273 0.090909
v 0.045455 0.704545 0.090909
v 0.045455 0.818182 -0.068182
v 0.045455 0.818182 -0.090909
v 0.045455 0.795455 -0.090909
v 0.045455 0.795455 -0.068182
v 0.045455 0.818182 -0.045455
v 0.045455 0.795455 -0.045455
v 0.045455 0.818182 -0.022727
v 0.045455 0.795455 -0.022727
v 0.022727 0.795455 -0.022727
v 0.045455 0.795455 0.000000
v 0.022727 0.795455 0.000000
v 0.045455 0.795455 0.022727
v 0.022727 0.795455 0.022727
v 0.045455 0.818182 0.045455
v 0.045455 0.818182 0.022727
v 0.045455 0.795455 0.045455
v 0.045455 0.818182 0.068182
v 0.045455 0.795455 0.068182
v 0.045455 0.818182 0.090909
v 0.045455 0.795455 0.090909
v 0.022727 0.818182 -0.022727
v 0.022727 0.818182 0.000000
v 0.022727 0.840909 0.000000
v 0.022727 0.840909 -0.022727
v 0.045455 0.840909 -0.022727
v 0.045455 0.818182 -0.022727
v 0.022727 0.818182 0.022727
v 0.022727 0.840909 0.022727
v 0.045455 0.818182 0.022727
v 0.045455 0.840909 0.022727
v 0.045455 0.840909 -0.090909
v 0.045455 0.840909 -0.068182
v 0.045455 0.863636 -0.090909
v 0.045455 0.840909 -0.045455
v 0.045455 0.840909 -0.022727
v 0.045455 0.840909 0.022727
v 0.045455 0.840909 0.045455
v 0.045455 0.840909 0.068182
v 0.045455 0.840909 0.090909
v 0.045455 0.863636 0.090909
v 0.022727 0.863636 -0.113636
v 0.022727 0.886364 -0.113636
v 0.045455 0.886364 -0.090909
v 0.045455 0.886364 -0.113636
v 0.045455 0.863636 -0.113636
v 0.045455 0.863636 -0.090909
v 0.045455 0.886364 -0.068182
v 0.045455 0.886364 -0.045455
v 0.045455 0.886364 -0.022727
v 0.045455 0.886364 0.000000
v 0.045455 0.886364 0.022727
v 0.045455 0.886364 0.045455
v 0.045455 0.886364 0.068182
v 0.045455 0.886364 0.090909
v 0.022727 0.863636 0.113636
v 0.022727 0.886364 0.113636
v 0.045455 0.886364 0.113636
v 0.045455 0.863636 0.090909
v 0.045455 0.863636 0.113636
v 0.068182 0.000000 -0.045455
v 0.068182 0.022727 -0.045455
v 0.068182 0.022727 -0.022727
v 0.068182 0.000000 -0.022727
v 0.068182 0.022727 0.000000
v 0.068182 0.000000 0.000000
v 0.068182 0.022727 0.022727
v 0.068182 0.000000 0.022727
v 0.068182 0.022727 0.045455
v 0.068182 0.000000 0.045455
v 0.068182 0.022727 -0.136364
v 0.068182 0.045455 -0.136364
v 0.068182 0.045455 -0.113636
v 0.068182 0.022727 -0.113636
v 0.068182 0.022727 -0.090909
v 0.068182 0.022727 -0.068182
v 0.068182 0.022727 -0.045455
v 0.045455 0.022727 -0.045455
v 0.045455 0.022727 0.045455
v 0.068182 0.022727 0.045455
v 0.068182 0.022727 0.068182
v 0.068182 0.022727 0.090909
v 0.068182 0.022727 0.113636
v 0.068182 0.045455 0.113636
v 0.068182 0.045455 0.136364
v 0.068182 0.022727 0.136364
v 0.068182 0.045455 -0.159091
v 0.068182 0.068182 -0.159091
v 0.068182 0.068182 -0.136364
v 0.068182 0.045455 -0.136364
v 0.068182 0.045455 0.136364
v 0.068182 0.068182 0.136364
v 0.068182 0.068182 0.159091
v 0.068182 0.045455 0.159091
v 0.068182 0.068182 -0.159091
v 0.068182 0.090909 -0.159091
v 0.068182 0.090909 -0.136364
v 0.068182 0.068182 -0.136364
v 0.068182 0.068182 0.136364
v 0.068182 0.090909 0.136364
v 0.068182 0.090909 0.159091
v 0.068182 0.068182 0.159091
v 0.068182 0.090909 -0.181818
v 0.068182 0.090909 -0.159091
v 0.068182 0.113636 -0.181818
v 0.068182 0.090909 0.159091
v 0.068182 0.090909 0.181818
v 0.068182 0.113636 0.181818
v 0.068182 0.136364 -0.181818
v 0.068182 0.136364 0.181818
v 0.068182 0.159091 -0.181818
v 0.068182 0.136364 -0.181818
v 0.068182 0.136364 0.181818
v 0.068182 0.159091 0.181818
v 0.068182 0.159091 -0.181818
v 0.068182 0.181818 -0.181818
v 0.068182 0.181818 -0.159091
v 0.068182 0.159091 -0.159091
v 0.068182 0.159091 0.159091
v 0.068182 0.181818 0.159091
v 0.068182 0.181818 0.181818
v 0.068182 0.159091 0.181818
v 0.068182 0.204545 -0.181818
v 0.068182 0.204545 -0.159091
v 0.068182 0.204545 -0.136364
v 0.045455 0.204545 -0.113636
v 0.068182 0.204545 -0.113636
v 0.045455 0.204545 0.113636
v 0.068182 0.204545 0.136364
v 0.068182 0.204545 0.113636
v 0.068182 0.204545 0.159091
v 0.068182 0.204545 0.181818
v 0.068182 0.204545 -0.113636
v 0.068182 0.227273 -0.113636
v 0.068182 0.227273 -0.090909
v 0.068182 0.204545 -0.090909
v 0.068182 0.204545 0.090909
v 0.068182 0.227273 0.090909
v 0.068182 0.227273 0.113636
v 0.068182 0.204545 0.113636
v 0.068182 0.250000 -0.113636
v 0.068182 0.250000 -0.090909
v 0.068182 0.250000 0.090909
v 0.068182 0.250000 0.113636
v 0.068182 0.272727 -0.113636
v 0.068182 0.272727 -0.090909
v 0.068182 0.272727 0.090909
v 0.068182 0.272727 0.113636
v 0.068182 0.272727 -0.113636
v 0.068182 0.295455 -0.113636
v 0.068182 0.295455 -0.090909
v 0.068182 0.272727 -0.090909
v 0.068182 0.272727 0.090909
v 0.068182 0.295455 0.090909
v 0.068182 0.295455 0.113636
v 0.068182 0.272727 0.113636
v 0.068182 0.295455 -0.181818
v 0.068182 0.318182 -0.181818
v 0.068182 0.318182 -0.159091
v 0.068182 0.295455 -0.159091
v 0.068182 0.295455 -0.136364
v 0.068182 0.295455 -0.113636
v 0.045455 0.295455 -0.113636
v 0.045455 0.295455 0.113636
v 0.068182 0.295455 0.113636
v 0.068182 0.295455 0.136364
v 0.068182 0.295455 0.159091
v 0.068182 0.318182 0.159091
v 0.068182 0.318182 0.181818
v 0.068182 0.295455 0.181818
v 0.068182 0.340909 -0.181818
v 0.068182 0.318182 -0.181818
v 0.068182 0.318182 0.181818
v 0.068182 0.340909 0.181818
v 0.068182 0.363636 -0.181818
v 0.068182 0.340909 -0.181818
v 0.068182 0.340909 0.181818
v 0.068182 0.363636 0.181818
v 0.068182 0.363636 -0.204545
v 0.068182 0.386364 -0.204545
v 0.068182 0.386364 -0.181818
v 0.068182 0.363636 -0.181818
v 0.068182 0.386364 -0.159091
v 0.068182 0.386364 -0.136364
v 0.068182 0.386364 -0.113636
v 0.068182 0.386364 0.136364
v 0.068182 0.386364 0.113636
v 0.068182 0.386364 0.159091
v 0.068182 0.386364 0.181818
v 0.068182 0.363636 0.181818
v 0.068182 0.386364 0.204545
v 0.068182 0.363636 0.204545
v 0.045455 0.386364 -0.113636
v 0.045455 0.409091 -0.113636
v 0.068182 0.409091 -0.113636
v 0.068182 0.386364 -0.113636
v 0.045455 0.386364 0.113636
v 0.045455 0.409091 0.113636
v 0.068182 0.386364 0.113636
v 0.068182 0.409091 0.113636
v 0.068182 0.431818 -0.181818
v 0.068182 0.431818 -0.204545
v 0.068182 0.409091 -0.204545
v 0.068182 0.409091 -0.181818
v 0.068182 0.431818 -0.159091
v 0.068182 0.409091 -0.159091
v 0.068182 0.431818 -0.136364
v 0.068182 0.409091 -0.136364
v 0.068182 0.431818 -0.113636
v 0.068182 0.409091 -0.113636
v 0.068182 0.431818 -0.090909
v 0.068182 0.431818 -0.068182
v 0.068182 0.431818 0.090909
v 0.068182 0.431818 0.068182
v 0.068182 0.431818 0.113636
v 0.068182 0.431818 0.136364
v 0.068182 0.409091 0.113636
v 0.068182 0.409091 0.136364
v 0.068182 0.431818 0.159091
v 0.068182 0.409091 0.159091
v 0.068182 0.431818 0.181818
v 0.068182 0.409091 0.181818
v 0.068182 0.431818 0.204545
v 0.068182 0.409091 0.204545
v 0.045455 0.431818 -0.068182
v 0.045455 0.454545 -0.068182
v 0.068182 0.454545 -0.068182
v 0.068182 0.431818 -0.068182
v 0.045455 0.431818 0.068182
v 0.045455 0.454545 0.068182
v 0.068182 0.431818 0.068182
v 0.068182 0.454545 0.068182
v 0.045455 0.477273 -0.068182
v 0.068182 0.477273 -0.068182
v 0.045455 0.477273 0.068182
v 0.068182 0.477273 0.068182
v 0.045455 0.477273 -0.090909
v 0.068182 0.477273 -0.090909
v 0.068182 0.477273 -0.068182
v 0.068182 0.500000 -0.090909
v 0.045455 0.477273 0.090909
v 0.068182 0.477273 0.068182
v 0.068182 0.477273 0.090909
v 0.068182 0.500000 0.090909
v 0.068182 0.522727 -0.090909
v 0.068182 0.522727 0.090909
v 0.068182 0.522727 -0.113636
v 0.068182 0.522727 -0.090909
v 0.068182 0.545455 -0.113636
v 0.068182 0.522727 0.090909
v 0.068182 0.522727 0.113636
v 0.068182 0.545455 0.113636
v 0.068182 0.568182 -0.090909
v 0.068182 0.568182 -0.113636
v 0.068182 0.568182 0.113636
v 0.068182 0.568182 0.090909
v 0.068182 0.590909 -0.090909
v 0.068182 0.590909 -0.068182
v 0.068182 0.568182 -0.068182
v 0.068182 0.590909 -0.045455
v 0.068182 0.568182 -0.045455
v 0.045455 0.590909 -0.022727
v 0.068182 0.590909 -0.022727
v 0.045455 0.590909 0.000000
v 0.068182 0.590909 0.000000
v 0.045455 0.590909 0.022727
v 0.068182 0.590909 0.022727
v 0.068182 0.590909 0.045455
v 0.068182 0.568182 0.045455
v 0.068182 0.590909 0.068182
v 0.068182 0.568182 0.068182
v 0.068182 0.590909 0.090909
v 0.068182 0.681818 -0.045455
v 0.068182 0.704545 -0.045455
v 0.068182 0.704545 -0.022727
v 0.068182 0.681818 -0.022727
v 0.068182 0.704545 0.000000
v 0.068182 0.681818 0.000000
v 0.068182 0.704545 0.022727
v 0.068182 0.681818 0.022727
v 0.068182 0.704545 0.045455
v 0.068182 0.681818 0.045455
v 0.068182 0.704545 -0.068182
v 0.068182 0.727273 -0.068182
v 0.068182 0.727273 -0.045455
v 0.068182 0.704545 -0.045455
v 0.045455 0.704545 -0.045455
v 0.068182 0.727273 -0.022727
v 0.068182 0.704545 -0.022727
v 0.068182 0.727273 0.000000
v 0.068182 0.704545 0.000000
v 0.068182 0.727273 0.022727
v 0.068182 0.704545 0.022727
v 0.068182 0.727273 0.045455
v 0.068182 0.704545 0.045455
v 0.068182 0.727273 0.068182
v 0.068182 0.704545 0.068182
v 0.045455 0.704545 0.045455
v 0.068182 0.795455 -0.090909
v 0.068182 0.818182 -0.090909
v 0.068182 0.818182 -0.068182
v 0.068182 0.795455 -0.068182
v 0.068182 0.818182 -0.045455
v 0.068182 0.795455 -0.045455
v 0.068182 0.795455 -0.022727
v 0.068182 0.795455 0.000000
v 0.068182 0.795455 0.022727
v 0.068182 0.795455 0.045455
v 0.068182 0.818182 0.068182
v 0.068182 0.818182 0.045455
v 0.068182 0.795455 0.068182
v 0.068182 0.818182 0.090909
v 0.068182 0.795455 0.090909
v 0.068182 0.818182 -0.045455
v 0.068182 0.840909 -0.045455
v 0.068182 0.840909 -0.022727
v 0.068182 0.818182 -0.022727
v 0.045455 0.818182 -0.045455
v 0.045455 0.840909 -0.045455
v 0.068182 0.818182 0.022727
v 0.068182 0.840909 0.022727
v 0.068182 0.840909 0.045455
v 0.068182 0.818182 0.045455
v 0.045455 0.818182 0.045455
v 0.045455 0.840909 0.045455
v 0.068182 0.840909 -0.113636
v 0.068182 0.863636 -0.113636
v 0.068182 0.863636 -0.090909
v 0.068182 0.840909 -0.090909
v 0.045455 0.840909 -0.113636
v 0.045455 0.863636 -0.113636
v 0.068182 0.840909 -0.068182
v 0.068182 0.840909 -0.045455
v 0.068182 0.840909 0.045455
v 0.068182 0.840909 0.068182
v 0.068182 0.840909 0.090909
v 0.068182 0.863636 0.090909
v 0.068182 0.863636 0.113636
v 0.068182 0.840909 0.113636
v 0.045455 0.840909 0.113636
v 0.045455 0.863636 0.113636
v 0.068182 0.886364 -0.090909
v 0.068182 0.886364 -0.113636
v 0.068182 0.863636 -0.113636
v 0.068182 0.886364 -0.068182
v 0.068182 0.886364 -0.045455
v 0.068182 0.886364 -0.022727
v 0.068182 0.886364 0.000000
v 0.068182 0.886364 0.022727
v 0.068182 0.886364 0.045455
v 0.068182 0.886364 0.068182
v 0.068182 0.886364 0.090909
v 0.068182 0.886364 0.113636
v 0.068182 0.863636 0.113636
v 0.090909 0.022727 -0.113636
v 0.090909 0.045455 -0.113636
v 0.090909 0.045455 -0.090909
v 0.090909 0.022727 -0.090909
v 0.090909 0.022727 -0.068182
v 0.090909 0.022727 -0.045455
v 0.090909 0.022727 -0.022727
v 0.068182 0.022727 -0.022727
v 0.090909 0.022727 0.000000
v 0.068182 0.022727 0.000000
v 0.090909 0.022727 0.022727
v 0.068182 0.022727 0.022727
v 0.090909 0.022727 0.045455
v 0.090909 0.022727 0.068182
v 0.090909 0.022727 0.090909
v 0.090909 0.045455 0.090909
v 0.090909 0.045455 0.113636
v 0.090909 0.022727 0.113636
v 0.090909 0.045455 -0.136364
v 0.090909 0.068182 -0.136364
v 0.090909 0.068182 -0.113636
v 0.090909 0.045455 -0.113636
v 0.068182 0.045455 -0.113636
v 0.090909 0.045455 0.113636
v 0.090909 0.068182 0.113636
v 0.090909 0.068182 0.136364
v 0.090909 0.045455 0.136364
v 0.068182 0.045455 0.113636
v 0.090909 0.090909 -0.136364
v 0.090909 0.068182 -0.136364
v 0.090909 0.068182 0.136364
v 0.090909 0.090909 0.136364
v 0.090909 0.090909 -0.181818
v 0.090909 0.113636 -0.181818
v 0.090909 0.113636 -0.159091
v 0.090909 0.090909 -0.159091
v 0.090909 0.090909 -0.136364
v 0.068182 0.090909 -0.136364
v 0.068182 0.090909 0.136364
v 0.090909 0.090909 0.136364
v 0.090909 0.090909 0.159091
v 0.090909 0.113636 0.159091
v 0.090909 0.113636 0.181818
v 0.090909 0.090909 0.181818
v 0.090909 0.136364 -0.181818
v 0.090909 0.136364 -0.159091
v 0.090909 0.136364 0.159091
v 0.090909 0.136364 0.181818
v 0.090909 0.136364 -0.181818
v 0.090909 0.159091 -0.181818
v 0.090909 0.159091 -0.159091
v 0.090909 0.136364 -0.159091
v 0.068182 0.159091 -0.159091
v 0.090909 0.136364 0.159091
v 0.090909 0.159091 0.159091
v 0.090909 0.159091 0.181818
v 0.090909 0.136364 0.181818
v 0.068182 0.159091 0.159091
v 0.090909 0.159091 -0.159091
v 0.090909 0.181818 -0.159091
v 0.090909 0.181818 -0.136364
v 0.090909 0.159091 -0.136364
v 0.090909 0.159091 0.136364
v 0.090909 0.181818 0.136364
v 0.090909 0.181818 0.159091
v 0.090909 0.159091 0.159091
v 0.090909 0.204545 -0.159091
v 0.090909 0.204545 -0.136364
v 0.090909 0.204545 -0.113636
v 0.068182 0.204545 -0.090909
v 0.090909 0.204545 -0.090909
v 0.068182 0.204545 0.090909
v 0.090909 0.204545 0.113636
v 0.090909 0.204545 0.090909
v 0.090909 0.204545 0.136364
v 0.090909 0.204545 0.159091
v 0.090909 0.204545 -0.090909
v 0.090909 0.227273 -0.090909
v 0.090909 0.227273 -0.068182
v 0.090909 0.204545 -0.068182
v 0.090909 0.204545 0.068182
v 0.090909 0.227273 0.068182
v 0.090909 0.227273 0.090909
v 0.090909 0.204545 0.090909
v 0.090909 0.250000 -0.090909
v 0.090909 0.250000 -0.068182
v 0.090909 0.250000 0.068182
v 0.090909 0.250000 0.090909
v 0.090909 0.272727 -0.090909
v 0.090909 0.272727 -0.068182
v 0.090909 0.272727 0.068182
v 0.090909 0.272727 0.090909
v 0.090909 0.272727 -0.090909
v 0.090909 0.295455 -0.090909
v 0.090909 0.295455 -0.068182
v 0.090909 0.272727 -0.068182
v 0.090909 0.272727 0.068182
v 0.090909 0.295455 0.068182
v 0.090909 0.295455 0.090909
v 0.090909 0.272727 0.090909
v 0.090909 0.295455 -0.159091
v 0.090909 0.318182 -0.159091
v 0.090909 0.318182 -0.136364
v 0.090909 0.295455 -0.136364
v 0.090909 0.295455 -0.113636
v 0.090909 0.295455 -0.090909
v 0.068182 0.295455 -0.090909
v 0.068182 0.295455 0.090909
v 0.090909 0.295455 0.090909
v 0.090909 0.295455 0.113636
v 0.090909 0.295455 0.136364
v 0.090909 0.318182 0.136364
v 0.090909 0.318182 0.159091
v 0.090909 0.295455 0.159091
v 0.090909 0.318182 -0.181818
v 0.090909 0.340909 -0.181818
v 0.090909 0.340909 -0.159091
v 0.090909 0.318182 -0.159091
v 0.068182 0.318182 -0.159091
v 0.090909 0.318182 0.159091
v 0.090909 0.340909 0.159091
v 0.090909 0.340909 0.181818
v 0.090909 0.318182 0.181818
v 0.068182 0.318182 0.159091
v 0.090909 0.340909 -0.181818
v 0.090909 0.363636 -0.181818
v 0.090909 0.363636 -0.159091
v 0.090909 0.340909 -0.159091
v 0.090909 0.340909 0.159091
v 0.090909 0.363636 0.159091
v 0.090909 0.363636 0.181818
v 0.090909 0.340909 0.181818
v 0.090909 0.386364 -0.159091
v 0.090909 0.386364 -0.181818
v 0.090909 0.363636 -0.181818
v 0.090909 0.386364 -0.136364
v 0.090909 0.386364 -0.113636
v 0.090909 0.386364 0.136364
v 0.090909 0.386364 0.113636
v 0.090909 0.386364 0.159091
v 0.090909 0.386364 0.181818
v 0.090909 0.363636 0.181818
v 0.090909 0.409091 -0.113636
v 0.090909 0.386364 -0.113636
v 0.090909 0.386364 0.113636
v 0.090909 0.409091 0.113636
v 0.090909 0.409091 -0.227273
v 0.090909 0.431818 -0.227273
v 0.090909 0.431818 -0.204545
v 0.090909 0.409091 -0.204545
v 0.068182 0.409091 -0.227273
v 0.068182 0.431818 -0.227273
v 0.090909 0.431818 -0.181818
v 0.090909 0.409091 -0.181818
v 0.090909 0.431818 -0.159091
v 0.090909 0.409091 -0.159091
v 0.090909 0.431818 -0.136364
v 0.090909 0.409091 -0.136364
v 0.090909 0.431818 -0.113636
v 0.090909 0.409091 -0.113636
v 0.090909 0.431818 -0.090909
v 0.090909 0.431818 0.113636
v 0.090909 0.431818 0.090909
v 0.090909 0.431818 0.136364
v 0.090909 0.409091 0.113636
v 0.090909 0.409091 0.136364
v 0.090909 0.431818 0.159091
v 0.090909 0.409091 0.159091
v 0.090909 0.431818 0.181818
v 0.090909 0.409091 0.181818
v 0.090909 0.431818 0.204545
v 0.090909 0.409091 0.204545
v 0.090909 0.431818 0.227273
v 0.090909 0.409091 0.227273
v 0.068182 0.409091 0.227273
v 0.068182 0.431818 0.227273
v 0.068182 0.431818 -0.090909
v 0.068182 0.454545 -0.090909
v 0.090909 0.454545 -0.090909
v 0.090909 0.431818 -0.090909
v 0.068182 0.431818 0.090909
v 0.068182 0.454545 0.090909
v 0.090909 0.431818 0.090909
v 0.090909 0.454545 0.090909
v 0.068182 0.477273 -0.090909
v 0.090909 0.477273 -0.090909
v 0.068182 0.477273 0.090909
v 0.090909 0.477273 0.090909
v 0.090909 0.500000 -0.090909
v 0.090909 0.477273 -0.090909
v 0.090909 0.477273 0.090909
v 0.090909 0.500000 0.090909
v 0.090909 0.500000 -0.113636
v 0.090909 0.522727 -0.113636
v 0.090909 0.522727 -0.090909
v 0.068182 0.500000 -0.113636
v 0.068182 0.522727 -0.113636
v 0.090909 0.522727 0.090909
v 0.090909 0.522727 0.113636
v 0.090909 0.500000 0.113636
v 0.068182 0.500000 0.113636
v 0.068182 0.522727 0.113636
v 0.090909 0.545455 -0.113636
v 0.090909 0.522727 -0.113636
v 0.090909 0.522727 0.113636
v 0.090909 0.545455 0.113636
v 0.090909 0.568182 -0.113636
v 0.090909 0.568182 -0.090909
v 0.090909 0.545455 -0.090909
v 0.090909 0.568182 -0.068182
v 0.090909 0.568182 -0.045455
v 0.090909 0.568182 0.068182
v 0.090909 0.568182 0.045455
v 0.090909 0.568182 0.090909
v 0.090909 0.545455 0.090909
v 0.090909 0.568182 0.113636
v 0.090909 0.590909 -0.045455
v 0.090909 0.590909 -0.022727
v 0.090909 0.568182 -0.022727
v 0.090909 0.590909 0.000000
v 0.090909 0.568182 0.000000
v 0.090909 0.590909 0.022727
v 0.090909 0.568182 0.022727
v 0.090909 0.590909 0.045455
v 0.090909 0.795455 -0.068182
v 0.090909 0.818182 -0.068182
v 0.090909 0.818182 -0.045455
v 0.090909 0.795455 -0.045455
v 0.068182 0.818182 -0.022727
v 0.090909 0.818182 -0.022727
v 0.090909 0.795455 -0.022727
v 0.090909 0.795455 0.000000
v 0.090909 0.795455 0.022727
v 0.068182 0.818182 0.022727
v 0.090909 0.818182 0.045455
v 0.090909 0.818182 0.022727
v 0.090909 0.795455 0.045455
v 0.090909 0.818182 0.068182
v 0.090909 0.795455 0.068182
v 0.090909 0.818182 -0.022727
v 0.090909 0.840909 -0.022727
v 0.090909 0.840909 0.000000
v 0.090909 0.818182 0.000000
v 0.090909 0.840909 0.022727
v 0.090909 0.818182 0.022727
v 0.090909 0.840909 -0.090909
v 0.090909 0.840909 -0.068182
v 0.090909 0.863636 -0.090909
v 0.090909 0.840909 -0.045455
v 0.090909 0.840909 -0.022727
v 0.068182 0.840909 -0.022727
v 0.068182 0.840909 0.022727
v 0.090909 0.840909 0.022727
v 0.090909 0.840909 0.045455
v 0.090909 0.840909 0.068182
v 0.090909 0.840909 0.090909
v 0.090909 0.863636 0.090909
v 0.090909 0.886364 -0.090909
v 0.090909 0.886364 -0.113636
v 0.090909 0.863636 -0.113636
v 0.090909 0.863636 -0.090909
v 0.068182 0.863636 -0.090909
v 0.090909 0.886364 -0.068182
v 0.090909 0.886364 -0.045455
v 0.090909 0.886364 -0.022727
v 0.090909 0.886364 0.000000
v 0.090909 0.886364 0.022727
v 0.090909 0.886364 0.045455
v 0.090909 0.886364 0.068182
v 0.090909 0.886364 0.090909
v 0.090909 0.886364 0.113636
v 0.068182 0.863636 0.090909
v 0.090909 0.863636 0.090909
v 0.090909 0.863636 0.113636
v 0.113636 0.022727 -0.090909
v 0.113636 0.045455 -0.090909
v 0.113636 0.045455 -0.068182
v 0.113636 0.022727 -0.068182
v 0.113636 0.022727 -0.045455
v 0.113636 0.022727 -0.022727
v 0.113636 0.022727 0.000000
v 0.113636 0.022727 0.022727
v 0.113636 0.022727 0.045455
v 0.113636 0.022727 0.068182
v 0.113636 0.045455 0.068182
v 0.113636 0.045455 0.090909
v 0.113636 0.022727 0.090909
v 0.113636 0.045455 -0.113636
v 0.113636 0.068182 -0.113636
v 0.113636 0.068182 -0.090909
v 0.113636 0.045455 -0.090909
v 0.090909 0.045455 -0.090909
v 0.113636 0.045455 0.090909
v 0.113636 0.068182 0.090909
v 0.113636 0.068182 0.113636
v 0.113636 0.045455 0.113636
v 0.090909 0.045455 0.090909
v 0.113636 0.068182 -0.136364
v 0.113636 0.090909 -0.136364
v 0.113636 0.090909 -0.113636
v 0.113636 0.068182 -0.113636
v 0.090909 0.068182 -0.113636
v 0.113636 0.068182 0.113636
v 0.113636 0.090909 0.113636
v 0.113636 0.090909 0.136364
v 0.113636 0.068182 0.136364
v 0.090909 0.068182 0.113636
v 0.113636 0.090909 -0.159091
v 0.113636 0.113636 -0.159091
v 0.113636 0.113636 -0.136364
v 0.113636 0.090909 -0.136364
v 0.113636 0.090909 0.136364
v 0.113636 0.113636 0.136364
v 0.113636 0.113636 0.159091
v 0.113636 0.090909 0.159091
v 0.113636 0.136364 -0.159091
v 0.113636 0.136364 -0.136364
v 0.113636 0.136364 0.136364
v 0.113636 0.136364 0.159091
v 0.113636 0.136364 -0.159091
v 0.113636 0.159091 -0.159091
v 0.113636 0.159091 -0.136364
v 0.113636 0.136364 -0.136364
v 0.090909 0.159091 -0.136364
v 0.113636 0.136364 0.136364
v 0.113636 0.159091 0.136364
v 0.113636 0.159091 0.159091
v 0.113636 0.136364 0.159091
v 0.090909 0.159091 0.136364
v 0.113636 0.159091 -0.136364
v 0.113636 0.181818 -0.136364
v 0.113636 0.181818 -0.113636
v 0.113636 0.159091 -0.113636
v 0.113636 0.159091 0.113636
v 0.113636 0.181818 0.113636
v 0.113636 0.181818 0.136364
v 0.113636 0.159091 0.136364
v 0.113636 0.204545 -0.136364
v 0.113636 0.204545 -0.113636
v 0.113636 0.204545 -0.090909
v 0.090909 0.204545 -0.068182
v 0.113636 0.204545 -0.068182
v 0.090909 0.204545 0.068182
v 0.113636 0.204545 0.090909
v 0.113636 0.204545 0.068182
v 0.113636 0.204545 0.113636
v 0.113636 0.204545 0.136364
v 0.113636 0.204545 -0.068182
v 0.113636 0.227273 -0.068182
v 0.113636 0.227273 -0.045455
v 0.113636 0.204545 -0.045455
v 0.113636 0.227273 -0.022727
v 0.113636 0.204545 -0.022727
v 0.113636 0.227273 0.000000
v 0.113636 0.204545 0.000000
v 0.113636 0.227273 0.022727
v 0.113636 0.204545 0.022727
v 0.113636 0.227273 0.045455
v 0.113636 0.204545 0.045455
v 0.113636 0.227273 0.068182
v 0.113636 0.204545 0.068182
v 0.113636 0.250000 -0.068182
v 0.113636 0.250000 -0.045455
v 0.113636 0.250000 -0.022727
v 0.113636 0.250000 0.000000
v 0.113636 0.250000 0.022727
v 0.113636 0.250000 0.045455
v 0.113636 0.250000 0.068182
v 0.113636 0.272727 -0.068182
v 0.113636 0.272727 -0.045455
v 0.113636 0.272727 -0.022727
v 0.113636 0.272727 0.000000
v 0.113636 0.272727 0.022727
v 0.113636 0.272727 0.045455
v 0.113636 0.272727 0.068182
v 0.113636 0.272727 -0.068182
v 0.113636 0.295455 -0.068182
v 0.113636 0.295455 -0.045455
v 0.113636 0.272727 -0.045455
v 0.113636 0.295455 -0.022727
v 0.113636 0.272727 -0.022727
v 0.113636 0.295455 0.000000
v 0.113636 0.272727 0.000000
v 0.113636 0.295455 0.022727
v 0.113636 0.272727 0.022727
v 0.113636 0.295455 0.045455
v 0.113636 0.272727 0.045455
v 0.113636 0.295455 0.068182
v 0.113636 0.272727 0.068182
v 0.113636 0.295455 -0.136364
v 0.113636 0.295455 -0.113636
v 0.113636 0.318182 -0.136364
v 0.113636 0.295455 -0.090909
v 0.113636 0.295455 -0.068182
v 0.090909 0.295455 -0.068182
v 0.090909 0.295455 0.068182
v 0.113636 0.295455 0.068182
v 0.113636 0.295455 0.090909
v 0.113636 0.295455 0.113636
v 0.113636 0.295455 0.136364
v 0.113636 0.318182 0.136364
v 0.113636 0.318182 -0.159091
v 0.113636 0.318182 -0.136364
v 0.090909 0.318182 -0.136364
v 0.113636 0.340909 -0.159091
v 0.090909 0.318182 0.136364
v 0.113636 0.318182 0.136364
v 0.113636 0.318182 0.159091
v 0.113636 0.340909 0.159091
v 0.113636 0.340909 -0.159091
v 0.113636 0.363636 -0.159091
v 0.113636 0.363636 -0.136364
v 0.113636 0.340909 -0.136364
v 0.113636 0.340909 0.136364
v 0.113636 0.363636 0.136364
v 0.113636 0.363636 0.159091
v 0.113636 0.340909 0.159091
v 0.113636 0.363636 -0.181818
v 0.113636 0.386364 -0.181818
v 0.113636 0.386364 -0.159091
v 0.113636 0.363636 -0.159091
v 0.090909 0.363636 -0.159091
v 0.113636 0.386364 -0.136364
v 0.113636 0.386364 -0.113636
v 0.113636 0.386364 0.136364
v 0.113636 0.386364 0.113636
v 0.113636 0.386364 0.159091
v 0.113636 0.363636 0.159091
v 0.113636 0.386364 0.181818
v 0.113636 0.363636 0.181818
v 0.090909 0.363636 0.159091
v 0.113636 0.409091 -0.113636
v 0.113636 0.386364 -0.113636
v 0.113636 0.386364 0.113636
v 0.113636 0.409091 0.113636
v 0.113636 0.431818 -0.181818
v 0.113636 0.431818 -0.204545
v 0.113636 0.409091 -0.204545
v 0.113636 0.409091 -0.181818
v 0.113636 0.431818 -0.159091
v 0.113636 0.409091 -0.159091
v 0.113636 0.431818 -0.136364
v 0.113636 0.409091 -0.136364
v 0.113636 0.431818 -0.113636
v 0.113636 0.409091 -0.113636
v 0.113636 0.431818 -0.090909
v 0.113636 0.431818 0.113636
v 0.113636 0.431818 0.090909
v 0.113636 0.431818 0.136364
v 0.113636 0.409091 0.113636
v 0.113636 0.409091 0.136364
v 0.113636 0.431818 0.159091
v 0.113636 0.409091 0.159091
v 0.113636 0.431818 0.181818
v 0.113636 0.409091 0.181818
v 0.113636 0.431818 0.204545
v 0.113636 0.409091 0.204545
v 0.113636 0.454545 -0.090909
v 0.113636 0.431818 -0.090909
v 0.113636 0.431818 0.090909
v 0.113636 0.454545 0.090909
v 0.113636 0.477273 -0.090909
v 0.113636 0.477273 0.090909
v 0.113636 0.477273 -0.113636
v 0.113636 0.500000 -0.113636
v 0.113636 0.500000 -0.090909
v 0.113636 0.477273 -0.090909
v 0.090909 0.477273 -0.113636
v 0.113636 0.477273 0.090909
v 0.113636 0.500000 0.090909
v 0.113636 0.500000 0.113636
v 0.113636 0.477273 0.113636
v 0.090909 0.477273 0.113636
v 0.113636 0.522727 -0.090909
v 0.113636 0.522727 0.090909
v 0.113636 0.522727 -0.113636
v 0.113636 0.545455 -0.113636
v 0.113636 0.545455 -0.090909
v 0.113636 0.522727 -0.090909
v 0.090909 0.522727 -0.090909
v 0.113636 0.522727 0.090909
v 0.113636 0.545455 0.090909
v 0.113636 0.545455 0.113636
v 0.113636 0.522727 0.113636
v 0.090909 0.522727 0.090909
v 0.113636 0.568182 -0.068182
v 0.113636 0.568182 -0.090909
v 0.113636 0.568182 -0.045455
v 0.113636 0.568182 -0.022727
v 0.113636 0.568182 0.000000
v 0.113636 0.568182 0.022727
v 0.113636 0.568182 0.045455
v 0.113636 0.568182 0.068182
v 0.113636 0.568182 0.090909
v 0.113636 0.795455 -0.045455
v 0.113636 0.818182 -0.045455
v 0.113636 0.818182 -0.022727
v 0.113636 0.795455 -0.022727
v 0.113636 0.818182 0.000000
v 0.113636 0.795455 0.000000
v 0.090909 0.818182 0.000000
v 0.113636 0.818182 0.022727
v 0.113636 0.795455 0.022727
v 0.113636 0.818182 0.045455
v 0.113636 0.795455 0.045455
v 0.113636 0.840909 -0.090909
v 0.113636 0.863636 -0.090909
v 0.113636 0.863636 -0.068182
v 0.113636 0.840909 -0.068182
v 0.113636 0.840909 -0.045455
v 0.113636 0.840909 -0.022727
v 0.113636 0.840909 0.000000
v 0.090909 0.840909 0.000000
v 0.113636 0.840909 0.022727
v 0.113636 0.840909 0.045455
v 0.113636 0.840909 0.068182
v 0.113636 0.863636 0.068182
v 0.113636 0.863636 0.090909
v 0.113636 0.840909 0.090909
v 0.113636 0.863636 -0.136364
v 0.113636 0.886364 -0.136364
v 0.113636 0.886364 -0.113636
v 0.113636 0.863636 -0.113636
v 0.090909 0.863636 -0.136364
v 0.090909 0.886364 -0.136364
v 0.113636 0.886364 -0.090909
v 0.113636 0.863636 -0.090909
v 0.113636 0.886364 -0.068182
v 0.113636 0.886364 -0.045455
v 0.113636 0.886364 -0.022727
v 0.113636 0.886364 0.000000
v 0.113636 0.886364 0.022727
v 0.113636 0.886364 0.045455
v 0.113636 0.886364 0.068182
v 0.113636 0.886364 0.090909
v 0.113636 0.886364 0.113636
v 0.113636 0.863636 0.090909
v 0.113636 0.863636 0.113636
v 0.113636 0.886364 0.136364
v 0.113636 0.863636 0.136364
v 0.090909 0.863636 0.136364
v 0.090909 0.886364 0.136364
v 0.090909 0.909091 -0.022727
v 0.090909 0.909091 0.000000
v 0.090909 0.931818 0.000000
v 0.090909 0.931818 -0.022727
v 0.113636 0.931818 0.000000
v 0.113636 0.931818 -0.022727
v 0.113636 0.909091 -0.022727
v 0.113636 0.909091 0.000000
v 0.090909 0.909091 0.022727
v 0.090909 0.931818 0.022727
v 0.113636 0.931818 0.022727
v 0.113636 0.909091 0.022727
v 0.090909 0.977273 -0.022727
v 0.090909 0.977273 0.000000
v 0.090909 1.000000 0.000000
v 0.090909 1.000000 -0.022727
v 0.113636 1.000000 0.000000
v 0.113636 1.000000 -0.022727
v 0.113636 0.977273 -0.022727
v 0.113636 0.977273 0.000000
v 0.090909 0.977273 0.022727
v 0.090909 1.000000 0.022727
v 0.113636 1.000000 0.022727
v 0.113636 0.977273 0.022727
v 0.136364 0.022727 -0.068182
v 0.136364 0.045455 -0.068182
v 0.136364 0.045455 -0.045455
v 0.136364 0.022727 -0.045455
v 0.136364 0.045455 -0.022727
v 0.136364 0.022727 -0.022727
v 0.136364 0.045455 0.000000
v 0.136364 0.022727 0.000000
v 0.136364 0.045455 0.022727
v 0.136364 0.022727 0.022727
v 0.136364 0.045455 0.045455
v 0.136364 0.022727 0.045455
v 0.136364 0.045455 0.068182
v 0.136364 0.022727 0.068182
v 0.136364 0.045455 -0.090909
v 0.136364 0.068182 -0.090909
v 0.136364 0.068182 -0.068182
v 0.136364 0.045455 -0.068182
v 0.113636 0.045455 -0.068182
v 0.136364 0.045455 0.068182
v 0.136364 0.068182 0.068182
v 0.136364 0.068182 0.090909
v 0.136364 0.045455 0.090909
v 0.113636 0.045455 0.068182
v 0.136364 0.068182 -0.113636
v 0.136364 0.090909 -0.113636
v 0.136364 0.090909 -0.090909
v 0.136364 0.068182 -0.090909
v 0.113636 0.068182 -0.090909
v 0.136364 0.090909 -0.068182
v 0.136364 0.068182 -0.068182
v 0.136364 0.068182 0.068182
v 0.136364 0.090909 0.068182
v 0.136364 0.090909 0.090909
v 0.136364 0.068182 0.090909
v 0.136364 0.090909 0.113636
v 0.136364 0.068182 0.113636
v 0.113636 0.068182 0.090909
v 0.136364 0.090909 -0.136364
v 0.136364 0.113636 -0.136364
v 0.136364 0.113636 -0.113636
v 0.136364 0.090909 -0.113636
v 0.113636 0.090909 -0.113636
v 0.136364 0.090909 0.113636
v 0.136364 0.113636 0.113636
v 0.136364 0.113636 0.136364
v 0.136364 0.090909 0.136364
v 0.113636 0.090909 0.113636
v 0.136364 0.136364 -0.136364
v 0.136364 0.136364 -0.113636
v 0.136364 0.136364 0.113636
v 0.136364 0.136364 0.136364
v 0.136364 0.136364 -0.136364
v 0.136364 0.159091 -0.136364
v 0.136364 0.159091 -0.113636
v 0.136364 0.136364 -0.113636
v 0.113636 0.159091 -0.113636
v 0.136364 0.136364 0.113636
v 0.136364 0.159091 0.113636
v 0.136364 0.159091 0.136364
v 0.136364 0.136364 0.136364
v 0.113636 0.159091 0.113636
v 0.136364 0.159091 -0.113636
v 0.136364 0.181818 -0.113636
v 0.136364 0.181818 -0.090909
v 0.136364 0.159091 -0.090909
v 0.136364 0.181818 -0.068182
v 0.136364 0.159091 -0.068182
v 0.136364 0.159091 0.068182
v 0.136364 0.181818 0.068182
v 0.136364 0.181818 0.090909
v 0.136364 0.159091 0.090909
v 0.136364 0.181818 0.113636
v 0.136364 0.159091 0.113636
v 0.136364 0.204545 -0.113636
v 0.136364 0.204545 -0.090909
v 0.136364 0.204545 -0.068182
v 0.113636 0.204545 -0.045455
v 0.136364 0.204545 -0.045455
v 0.113636 0.204545 -0.022727
v 0.136364 0.204545 -0.022727
v 0.113636 0.204545 0.000000
v 0.136364 0.204545 0.000000
v 0.113636 0.204545 0.022727
v 0.136364 0.204545 0.022727
v 0.113636 0.204545 0.045455
v 0.136364 0.204545 0.045455
v 0.136364 0.204545 0.068182
v 0.136364 0.204545 0.090909
v 0.136364 0.204545 0.113636
v 0.136364 0.295455 -0.136364
v 0.136364 0.318182 -0.136364
v 0.136364 0.318182 -0.113636
v 0.136364 0.295455 -0.113636
v 0.136364 0.318182 -0.090909
v 0.136364 0.295455 -0.090909
v 0.136364 0.295455 -0.068182
v 0.136364 0.295455 -0.045455
v 0.113636 0.295455 -0.045455
v 0.136364 0.295455 -0.022727
v 0.113636 0.295455 -0.022727
v 0.136364 0.295455 0.000000
v 0.113636 0.295455 0.000000
v 0.136364 0.295455 0.022727
v 0.113636 0.295455 0.022727
v 0.136364 0.295455 0.045455
v 0.113636 0.295455 0.045455
v 0.136364 0.295455 0.068182
v 0.136364 0.295455 0.090909
v 0.136364 0.318182 0.090909
v 0.136364 0.318182 0.113636
v 0.136364 0.295455 0.113636
v 0.136364 0.318182 0.136364
v 0.136364 0.295455 0.136364
v 0.136364 0.318182 -0.159091
v 0.136364 0.340909 -0.159091
v 0.136364 0.340909 -0.136364
v 0.136364 0.318182 -0.136364
v 0.113636 0.340909 -0.136364
v 0.136364 0.340909 -0.113636
v 0.136364 0.318182 -0.113636
v 0.136364 0.318182 0.113636
v 0.136364 0.340909 0.113636
v 0.136364 0.340909 0.136364
v 0.136364 0.318182 0.136364
v 0.136364 0.340909 0.159091
v 0.136364 0.318182 0.159091
v 0.113636 0.340909 0.136364
v 0.136364 0.340909 -0.136364
v 0.136364 0.363636 -0.136364
v 0.136364 0.363636 -0.113636
v 0.136364 0.340909 -0.113636
v 0.136364 0.340909 0.113636
v 0.136364 0.363636 0.113636
v 0.136364 0.363636 0.136364
v 0.136364 0.340909 0.136364
v 0.136364 0.386364 -0.136364
v 0.136364 0.386364 -0.159091
v 0.136364 0.363636 -0.159091
v 0.136364 0.363636 -0.136364
v 0.113636 0.363636 -0.136364
v 0.136364 0.386364 -0.113636
v 0.136364 0.386364 0.136364
v 0.136364 0.386364 0.113636
v 0.136364 0.386364 0.159091
v 0.113636 0.363636 0.136364
v 0.136364 0.363636 0.136364
v 0.136364 0.363636 0.159091
v 0.136364 0.386364 -0.113636
v 0.136364 0.409091 -0.113636
v 0.136364 0.409091 -0.090909
v 0.136364 0.386364 -0.090909
v 0.136364 0.386364 0.090909
v 0.136364 0.409091 0.090909
v 0.136364 0.409091 0.113636
v 0.136364 0.386364 0.113636
v 0.136364 0.431818 -0.181818
v 0.136364 0.431818 -0.204545
v 0.136364 0.409091 -0.204545
v 0.136364 0.409091 -0.181818
v 0.136364 0.431818 -0.159091
v 0.136364 0.409091 -0.159091
v 0.136364 0.431818 -0.136364
v 0.136364 0.409091 -0.136364
v 0.136364 0.431818 -0.113636
v 0.136364 0.409091 -0.113636
v 0.136364 0.431818 -0.090909
v 0.136364 0.431818 0.113636
v 0.136364 0.431818 0.090909
v 0.136364 0.431818 0.136364
v 0.136364 0.409091 0.113636
v 0.136364 0.409091 0.136364
v 0.136364 0.431818 0.159091
v 0.136364 0.409091 0.159091
v 0.136364 0.431818 0.181818
v 0.136364 0.409091 0.181818
v 0.136364 0.431818 0.204545
v 0.136364 0.409091 0.204545
v 0.136364 0.454545 -0.090909
v 0.136364 0.431818 -0.090909
v 0.136364 0.431818 0.090909
v 0.136364 0.454545 0.090909
v 0.136364 0.477273 -0.090909
v 0.136364 0.477273 0.090909
v 0.136364 0.500000 -0.090909
v 0.136364 0.477273 -0.090909
v 0.136364 0.477273 0.090909
v 0.136364 0.500000 0.090909
v 0.136364 0.522727 -0.090909
v 0.136364 0.522727 -0.068182
v 0.136364 0.500000 -0.068182
v 0.136364 0.500000 0.068182
v 0.136364 0.522727 0.068182
v 0.136364 0.522727 0.090909
v 0.136364 0.545455 -0.090909
v 0.136364 0.522727 -0.090909
v 0.136364 0.522727 0.090909
v 0.136364 0.545455 0.090909
v 0.136364 0.568182 -0.090909
v 0.136364 0.568182 -0.068182
v 0.136364 0.545455 -0.068182
v 0.136364 0.568182 -0.045455
v 0.136364 0.545455 -0.045455
v 0.136364 0.568182 -0.022727
v 0.136364 0.568182 0.000000
v 0.136364 0.568182 0.022727
v 0.136364 0.568182 0.045455
v 0.136364 0.545455 0.045455
v 0.136364 0.568182 0.068182
v 0.136364 0.545455 0.068182
v 0.136364 0.568182 0.090909
v 0.136364 0.840909 -0.068182
v 0.136364 0.863636 -0.068182
v 0.136364 0.863636 -0.045455
v 0.136364 0.840909 -0.045455
v 0.136364 0.840909 -0.022727
v 0.136364 0.840909 0.000000
v 0.136364 0.840909 0.022727
v 0.136364 0.840909 0.045455
v 0.136364 0.863636 0.045455
v 0.136364 0.863636 0.068182
v 0.136364 0.840909 0.068182
v 0.136364 0.886364 -0.090909
v 0.136364 0.886364 -0.113636
v 0.136364 0.863636 -0.113636
v 0.136364 0.863636 -0.090909
v 0.136364 0.886364 -0.068182
v 0.136364 0.863636 -0.068182
v 0.113636 0.863636 -0.068182
v 0.136364 0.886364 -0.045455
v 0.136364 0.886364 -0.022727
v 0.136364 0.886364 0.000000
v 0.136364 0.886364 0.022727
v 0.136364 0.886364 0.045455
v 0.136364 0.886364 0.068182
v 0.136364 0.886364 0.090909
v 0.113636 0.863636 0.068182
v 0.136364 0.863636 0.068182
v 0.136364 0.863636 0.090909
v 0.136364 0.886364 0.113636
v 0.136364 0.863636 0.113636
v 0.113636 0.909091 -0.045455
v 0.113636 0.931818 -0.045455
v 0.136364 0.931818 -0.022727
v 0.136364 0.931818 -0.045455
v 0.136364 0.909091 -0.045455
v 0.136364 0.909091 -0.022727
v 0.136364 0.931818 0.000000
v 0.136364 0.909091 0.000000
v 0.136364 0.931818 0.022727
v 0.136364 0.909091 0.022727
v 0.113636 0.909091 0.045455
v 0.113636 0.931818 0.045455
v 0.136364 0.931818 0.045455
v 0.136364 0.909091 0.045455
v 0.136364 0.977273 -0.022727
v 0.136364 1.000000 -0.022727
v 0.136364 1.000000 0.000000
v 0.136364 0.977273 0.000000
v 0.136364 1.000000 0.022727
v 0.136364 0.977273 0.022727
v 0.159091 0.045455 -0.068182
v 0.159091 0.068182 -0.068182
v 0.159091 0.068182 -0.045455
v 0.159091 0.045455 -0.045455
v 0.136364 0.045455 -0.045455
v 0.159091 0.068182 -0.022727
v 0.159091 0.045455 -0.022727
v 0.136364 0.045455 -0.022727
v 0.159091 0.068182 0.000000
v 0.159091 0.045455 0.000000
v 0.136364 0.045455 0.000000
v 0.159091 0.068182 0.022727
v 0.159091 0.045455 0.022727
v 0.136364 0.045455 0.022727
v 0.159091 0.068182 0.045455
v 0.159091 0.045455 0.045455
v 0.136364 0.045455 0.045455
v 0.159091 0.068182 0.068182
v 0.159091 0.045455 0.068182
v 0.159091 0.068182 -0.068182
v 0.159091 0.090909 -0.068182
v 0.159091 0.090909 -0.045455
v 0.159091 0.068182 -0.045455
v 0.159091 0.090909 -0.022727
v 0.159091 0.068182 -0.022727
v 0.159091 0.090909 0.000000
v 0.159091 0.068182 0.000000
v 0.159091 0.090909 0.022727
v 0.159091 0.068182 0.022727
v 0.159091 0.090909 0.045455
v 0.159091 0.068182 0.045455
v 0.159091 0.090909 0.068182
v 0.159091 0.068182 0.068182
v 0.159091 0.090909 -0.113636
v 0.159091 0.113636 -0.113636
v 0.159091 0.113636 -0.090909
v 0.159091 0.090909 -0.090909
v 0.136364 0.090909 -0.090909
v 0.159091 0.113636 -0.068182
v 0.159091 0.090909 -0.068182
v 0.136364 0.090909 -0.068182
v 0.159091 0.090909 0.068182
v 0.159091 0.113636 0.068182
v 0.159091 0.113636 0.090909
v 0.159091 0.090909 0.090909
v 0.136364 0.090909 0.068182
v 0.136364 0.090909 0.090909
v 0.159091 0.113636 0.113636
v 0.159091 0.090909 0.113636
v 0.159091 0.136364 -0.113636
v 0.159091 0.136364 -0.090909
v 0.159091 0.136364 -0.068182
v 0.159091 0.136364 0.068182
v 0.159091 0.136364 0.090909
v 0.159091 0.136364 0.113636
v 0.159091 0.136364 -0.113636
v 0.159091 0.159091 -0.113636
v 0.159091 0.159091 -0.090909
v 0.159091 0.136364 -0.090909
v 0.136364 0.159091 -0.090909
v 0.159091 0.159091 -0.068182
v 0.159091 0.136364 -0.068182
v 0.136364 0.159091 -0.068182
v 0.159091 0.136364 0.068182
v 0.159091 0.159091 0.068182
v 0.159091 0.159091 0.090909
v 0.159091 0.136364 0.090909
v 0.136364 0.159091 0.068182
v 0.136364 0.159091 0.090909
v 0.159091 0.159091 0.113636
v 0.159091 0.136364 0.113636
v 0.159091 0.159091 -0.068182
v 0.159091 0.181818 -0.068182
v 0.159091 0.181818 -0.045455
v 0.159091 0.159091 -0.045455
v 0.159091 0.181818 -0.022727
v 0.159091 0.159091 -0.022727
v 0.159091 0.181818 0.000000
v 0.159091 0.159091 0.000000
v 0.159091 0.181818 0.022727
v 0.159091 0.159091 0.022727
v 0.159091 0.181818 0.045455
v 0.159091 0.159091 0.045455
v 0.159091 0.181818 0.068182
v 0.159091 0.159091 0.068182
v 0.159091 0.204545 -0.068182
v 0.159091 0.204545 -0.045455
v 0.159091 0.204545 -0.022727
v 0.159091 0.204545 0.000000
v 0.159091 0.204545 0.022727
v 0.159091 0.204545 0.045455
v 0.159091 0.204545 0.068182
v 0.159091 0.295455 -0.090909
v 0.159091 0.318182 -0.090909
v 0.159091 0.318182 -0.068182
v 0.159091 0.295455 -0.068182
v 0.159091 0.318182 -0.045455
v 0.159091 0.295455 -0.045455
v 0.159091 0.295455 -0.022727
v 0.159091 0.295455 0.000000
v 0.159091 0.295455 0.022727
v 0.159091 0.295455 0.045455
v 0.159091 0.318182 0.045455
v 0.159091 0.318182 0.068182
v 0.159091 0.295455 0.068182
v 0.159091 0.318182 0.090909
v 0.159091 0.295455 0.090909
v 0.159091 0.318182 -0.113636
v 0.159091 0.340909 -0.113636
v 0.159091 0.340909 -0.090909
v 0.159091 0.318182 -0.090909
v 0.136364 0.318182 -0.090909
v 0.159091 0.318182 0.090909
v 0.159091 0.340909 0.090909
v 0.159091 0.340909 0.113636
v 0.159091 0.318182 0.113636
v 0.136364 0.318182 0.090909
v 0.159091 0.340909 -0.113636
v 0.159091 0.363636 -0.113636
v 0.159091 0.363636 -0.090909
v 0.159091 0.340909 -0.090909
v 0.159091 0.363636 -0.068182
v 0.159091 0.340909 -0.068182
v 0.159091 0.340909 0.068182
v 0.159091 0.363636 0.068182
v 0.159091 0.363636 0.090909
v 0.159091 0.340909 0.090909
v 0.159091 0.363636 0.113636
v 0.159091 0.340909 0.113636
v 0.159091 0.363636 -0.159091
v 0.159091 0.386364 -0.159091
v 0.159091 0.386364 -0.136364
v 0.159091 0.363636 -0.136364
v 0.159091 0.386364 -0.113636
v 0.159091 0.363636 -0.113636
v 0.136364 0.363636 -0.113636
v 0.136364 0.386364 -0.090909
v 0.159091 0.386364 -0.090909
v 0.136364 0.386364 0.090909
v 0.159091 0.386364 0.113636
v 0.159091 0.386364 0.090909
v 0.159091 0.386364 0.136364
v 0.136364 0.363636 0.113636
v 0.159091 0.363636 0.113636
v 0.159091 0.363636 0.136364
v 0.159091 0.386364 0.159091
v 0.159091 0.363636 0.159091
v 0.159091 0.409091 -0.090909
v 0.159091 0.386364 -0.090909
v 0.159091 0.386364 0.090909
v 0.159091 0.409091 0.090909
v 0.159091 0.431818 -0.181818
v 0.159091 0.431818 -0.204545
v 0.159091 0.409091 -0.204545
v 0.159091 0.409091 -0.181818
v 0.159091 0.431818 -0.159091
v 0.159091 0.409091 -0.159091
v 0.159091 0.431818 -0.136364
v 0.159091 0.409091 -0.136364
v 0.159091 0.431818 -0.113636
v 0.159091 0.409091 -0.113636
v 0.159091 0.431818 -0.090909
v 0.159091 0.409091 -0.090909
v 0.136364 0.409091 -0.090909
v 0.159091 0.431818 0.113636
v 0.159091 0.431818 0.090909
v 0.136364 0.409091 0.090909
v 0.159091 0.409091 0.090909
v 0.159091 0.409091 0.113636
v 0.159091 0.431818 0.136364
v 0.159091 0.409091 0.136364
v 0.159091 0.431818 0.159091
v 0.159091 0.409091 0.159091
v 0.159091 0.431818 0.181818
v 0.159091 0.409091 0.181818
v 0.159091 0.431818 0.204545
v 0.159091 0.409091 0.204545
v 0.159091 0.431818 -0.090909
v 0.159091 0.454545 -0.090909
v 0.159091 0.454545 -0.068182
v 0.159091 0.431818 -0.068182
v 0.159091 0.431818 0.068182
v 0.159091 0.454545 0.068182
v 0.159091 0.454545 0.090909
v 0.159091 0.431818 0.090909
v 0.159091 0.477273 -0.090909
v 0.159091 0.477273 -0.068182
v 0.159091 0.477273 0.068182
v 0.159091 0.477273 0.090909
v 0.159091 0.477273 -0.090909
v 0.159091 0.500000 -0.090909
v 0.159091 0.500000 -0.068182
v 0.159091 0.477273 -0.068182
v 0.159091 0.477273 0.068182
v 0.159091 0.500000 0.068182
v 0.159091 0.500000 0.090909
v 0.159091 0.477273 0.090909
v 0.159091 0.522727 -0.068182
v 0.159091 0.522727 -0.045455
v 0.159091 0.500000 -0.045455
v 0.159091 0.500000 0.045455
v 0.159091 0.522727 0.045455
v 0.159091 0.522727 0.068182
v 0.159091 0.522727 -0.090909
v 0.159091 0.545455 -0.090909
v 0.159091 0.545455 -0.068182
v 0.159091 0.522727 -0.068182
v 0.136364 0.522727 -0.068182
v 0.159091 0.545455 -0.045455
v 0.159091 0.522727 -0.045455
v 0.159091 0.522727 0.045455
v 0.159091 0.545455 0.045455
v 0.159091 0.545455 0.068182
v 0.159091 0.522727 0.068182
v 0.159091 0.545455 0.090909
v 0.159091 0.522727 0.090909
v 0.136364 0.522727 0.068182
v 0.159091 0.568182 -0.045455
v 0.159091 0.568182 -0.022727
v 0.159091 0.545455 -0.022727
v 0.159091 0.568182 0.000000
v 0.159091 0.545455 0.000000
v 0.159091 0.568182 0.022727
v 0.159091 0.545455 0.022727
v 0.159091 0.568182 0.045455
v 0.159091 0.840909 -0.045455
v 0.159091 0.863636 -0.045455
v 0.159091 0.863636 -0.022727
v 0.159091 0.840909 -0.022727
v 0.159091 0.863636 0.000000
v 0.159091 0.840909 0.000000
v 0.159091 0.863636 0.022727
v 0.159091 0.840909 0.022727
v 0.159091 0.863636 0.045455
v 0.159091 0.840909 0.045455
v 0.159091 0.886364 -0.090909
v 0.159091 0.886364 -0.113636
v 0.159091 0.863636 -0.113636
v 0.159091 0.863636 -0.090909
v 0.159091 0.886364 -0.068182
v 0.159091 0.863636 -0.068182
v 0.159091 0.886364 -0.045455
v 0.159091 0.863636 -0.045455
v 0.136364 0.863636 -0.045455
v 0.159091 0.886364 -0.022727
v 0.159091 0.886364 0.000000
v 0.159091 0.886364 0.022727
v 0.159091 0.886364 0.045455
v 0.159091 0.886364 0.068182
v 0.136364 0.863636 0.045455
v 0.159091 0.863636 0.045455
v 0.159091 0.863636 0.068182
v 0.159091 0.886364 0.090909
v 0.159091 0.863636 0.090909
v 0.159091 0.886364 0.113636
v 0.159091 0.863636 0.113636
v 0.159091 0.909091 -0.045455
v 0.159091 0.931818 -0.045455
v 0.159091 0.931818 -0.022727
v 0.159091 0.909091 -0.022727
v 0.159091 0.909091 0.000000
v 0.159091 0.909091 0.022727
v 0.159091 0.931818 0.022727
v 0.159091 0.931818 0.045455
v 0.159091 0.909091 0.045455
v 0.159091 0.931818 -0.022727
v 0.159091 0.954545 -0.022727
v 0.159091 0.954545 0.000000
v 0.159091 0.931818 0.000000
v 0.136364 0.931818 -0.022727
v 0.136364 0.931818 0.000000
v 0.136364 0.954545 0.000000
v 0.136364 0.954545 -0.022727
v 0.159091 0.954545 0.022727
v 0.159091 0.931818 0.022727
v 0.136364 0.931818 0.022727
v 0.136364 0.954545 0.022727
v 0.159091 0.977273 -0.022727
v 0.159091 0.977273 0.000000
v 0.136364 0.977273 0.000000
v 0.136364 0.977273 -0.022727
v 0.159091 0.977273 0.022727
v 0.136364 0.977273 0.022727
v 0.181818 0.090909 -0.068182
v 0.181818 0.113636 -0.068182
v 0.181818 0.113636 -0.045455
v 0.181818 0.090909 -0.045455
v 0.159091 0.090909 -0.045455
v 0.181818 0.113636 -0.022727
v 0.181818 0.090909 -0.022727
v 0.159091 0.090909 -0.022727
v 0.181818 0.113636 0.000000
v 0.181818 0.090909 0.000000
v 0.159091 0.090909 0.000000
v 0.181818 0.113636 0.022727
v 0.181818 0.090909 0.022727
v 0.159091 0.090909 0.022727
v 0.181818 0.113636 0.045455
v 0.181818 0.090909 0.045455
v 0.159091 0.090909 0.045455
v 0.181818 0.113636 0.068182
v 0.181818 0.090909 0.068182
v 0.181818 0.136364 -0.068182
v 0.181818 0.136364 -0.045455
v 0.181818 0.136364 -0.022727
v 0.181818 0.136364 0.000000
v 0.181818 0.136364 0.022727
v 0.181818 0.136364 0.045455
v 0.181818 0.136364 0.068182
v 0.181818 0.136364 -0.068182
v 0.181818 0.159091 -0.068182
v 0.181818 0.159091 -0.045455
v 0.181818 0.136364 -0.045455
v 0.159091 0.159091 -0.045455
v 0.181818 0.159091 -0.022727
v 0.181818 0.136364 -0.022727
v 0.159091 0.159091 -0.022727
v 0.181818 0.159091 0.000000
v 0.181818 0.136364 0.000000
v 0.159091 0.159091 0.000000
v 0.181818 0.159091 0.022727
v 0.181818 0.136364 0.022727
v 0.159091 0.159091 0.022727
v 0.181818 0.159091 0.045455
v 0.181818 0.136364 0.045455
v 0.159091 0.159091 0.045455
v 0.181818 0.159091 0.068182
v 0.181818 0.136364 0.068182
v 0.181818 0.295455 -0.045455
v 0.181818 0.318182 -0.045455
v 0.181818 0.318182 -0.022727
v 0.181818 0.295455 -0.022727
v 0.181818 0.318182 0.000000
v 0.181818 0.295455 0.000000
v 0.181818 0.318182 0.022727
v 0.181818 0.295455 0.022727
v 0.181818 0.318182 0.045455
v 0.181818 0.295455 0.045455
v 0.181818 0.318182 -0.090909
v 0.181818 0.340909 -0.090909
v 0.181818 0.340909 -0.068182
v 0.181818 0.318182 -0.068182
v 0.159091 0.340909 -0.068182
v 0.159091 0.318182 -0.068182
v 0.181818 0.340909 -0.045455
v 0.181818 0.318182 -0.045455
v 0.159091 0.318182 -0.045455
v 0.181818 0.340909 -0.022727
v 0.181818 0.318182 -0.022727
v 0.181818 0.340909 0.000000
v 0.181818 0.318182 0.000000
v 0.181818 0.340909 0.022727
v 0.181818 0.318182 0.022727
v 0.181818 0.340909 0.045455
v 0.181818 0.318182 0.045455
v 0.181818 0.340909 0.068182
v 0.181818 0.318182 0.068182
v 0.159091 0.318182 0.045455
v 0.159091 0.318182 0.068182
v 0.181818 0.340909 0.090909
v 0.181818 0.318182 0.090909
v 0.159091 0.340909 0.068182
v 0.181818 0.340909 -0.068182
v 0.181818 0.363636 -0.068182
v 0.181818 0.363636 -0.045455
v 0.181818 0.340909 -0.045455
v 0.181818 0.363636 -0.022727
v 0.181818 0.340909 -0.022727
v 0.181818 0.363636 0.000000
v 0.181818 0.340909 0.000000
v 0.181818 0.363636 0.022727
v 0.181818 0.340909 0.022727
v 0.181818 0.363636 0.045455
v 0.181818 0.340909 0.045455
v 0.181818 0.363636 0.068182
v 0.181818 0.340909 0.068182
v 0.181818 0.363636 -0.136364
v 0.181818 0.386364 -0.136364
v 0.181818 0.386364 -0.113636
v 0.181818 0.363636 -0.113636
v 0.181818 0.386364 -0.090909
v 0.181818 0.363636 -0.090909
v 0.159091 0.363636 -0.090909
v 0.181818 0.363636 -0.068182
v 0.159091 0.363636 -0.068182
v 0.159091 0.363636 0.068182
v 0.181818 0.363636 0.068182
v 0.181818 0.363636 0.090909
v 0.159091 0.363636 0.090909
v 0.181818 0.386364 0.090909
v 0.181818 0.386364 0.113636
v 0.181818 0.363636 0.113636
v 0.181818 0.386364 0.136364
v 0.181818 0.363636 0.136364
v 0.181818 0.386364 -0.090909
v 0.181818 0.409091 -0.090909
v 0.181818 0.409091 -0.068182
v 0.181818 0.386364 -0.068182
v 0.181818 0.409091 -0.045455
v 0.181818 0.386364 -0.045455
v 0.181818 0.386364 0.045455
v 0.181818 0.409091 0.045455
v 0.181818 0.409091 0.068182
v 0.181818 0.386364 0.068182
v 0.181818 0.409091 0.090909
v 0.181818 0.386364 0.090909
v 0.181818 0.409091 -0.204545
v 0.181818 0.431818 -0.204545
v 0.181818 0.431818 -0.181818
v 0.181818 0.409091 -0.181818
v 0.181818 0.431818 -0.159091
v 0.181818 0.409091 -0.159091
v 0.181818 0.431818 -0.136364
v 0.181818 0.409091 -0.136364
v 0.181818 0.431818 -0.113636
v 0.181818 0.409091 -0.113636
v 0.181818 0.431818 -0.090909
v 0.181818 0.409091 -0.090909
v 0.159091 0.431818 -0.068182
v 0.181818 0.431818 -0.068182
v 0.159091 0.431818 0.068182
v 0.181818 0.431818 0.090909
v 0.181818 0.431818 0.068182
v 0.181818 0.431818 0.113636
v 0.181818 0.409091 0.090909
v 0.181818 0.409091 0.113636
v 0.181818 0.431818 0.136364
v 0.181818 0.409091 0.136364
v 0.181818 0.431818 0.159091
v 0.181818 0.409091 0.159091
v 0.181818 0.431818 0.181818
v 0.181818 0.409091 0.181818
v 0.181818 0.431818 0.204545
v 0.181818 0.409091 0.204545
v 0.181818 0.431818 -0.068182
v 0.181818 0.454545 -0.068182
v 0.181818 0.454545 -0.045455
v 0.181818 0.431818 -0.045455
v 0.181818 0.431818 0.045455
v 0.181818 0.454545 0.045455
v 0.181818 0.454545 0.068182
v 0.181818 0.431818 0.068182
v 0.181818 0.477273 -0.068182
v 0.181818 0.477273 -0.045455
v 0.181818 0.477273 0.045455
v 0.181818 0.477273 0.068182
v 0.181818 0.477273 -0.068182
v 0.181818 0.500000 -0.068182
v 0.181818 0.500000 -0.045455
v 0.181818 0.477273 -0.045455
v 0.181818 0.477273 0.045455
v 0.181818 0.500000 0.045455
v 0.181818 0.500000 0.068182
v 0.181818 0.477273 0.068182
v 0.181818 0.522727 -0.045455
v 0.181818 0.522727 -0.022727
v 0.181818 0.500000 -0.022727
v 0.181818 0.522727 0.000000
v 0.181818 0.500000 0.000000
v 0.181818 0.522727 0.022727
v 0.181818 0.500000 0.022727
v 0.181818 0.522727 0.045455
v 0.181818 0.522727 -0.045455
v 0.181818 0.545455 -0.045455
v 0.181818 0.545455 -0.022727
v 0.181818 0.522727 -0.022727
v 0.181818 0.545455 0.000000
v 0.181818 0.522727 0.000000
v 0.181818 0.545455 0.022727
v 0.181818 0.522727 0.022727
v 0.181818 0.545455 0.045455
v 0.181818 0.522727 0.045455
v 0.181818 0.863636 -0.113636
v 0.181818 0.886364 -0.113636
v 0.181818 0.886364 -0.090909
v 0.181818 0.863636 -0.090909
v 0.181818 0.886364 -0.068182
v 0.181818 0.863636 -0.068182
v 0.181818 0.886364 -0.045455
v 0.181818 0.863636 -0.045455
v 0.181818 0.886364 -0.022727
v 0.181818 0.863636 -0.022727
v 0.159091 0.863636 -0.022727
v 0.181818 0.863636 0.000000
v 0.159091 0.863636 0.000000
v 0.181818 0.863636 0.022727
v 0.159091 0.863636 0.022727
v 0.181818 0.886364 0.045455
v 0.181818 0.886364 0.022727
v 0.181818 0.863636 0.045455
v 0.181818 0.886364 0.068182
v 0.181818 0.863636 0.068182
v 0.181818 0.886364 0.090909
v 0.181818 0.863636 0.090909
v 0.181818 0.886364 0.113636
v 0.181818 0.863636 0.113636
v 0.159091 0.886364 -0.022727
v 0.159091 0.886364 0.000000
v 0.159091 0.909091 0.000000
v 0.159091 0.909091 -0.022727
v 0.181818 0.909091 -0.022727
v 0.181818 0.886364 -0.022727
v 0.159091 0.886364 0.022727
v 0.159091 0.909091 0.022727
v 0.181818 0.886364 0.022727
v 0.181818 0.909091 0.022727
v 0.181818 0.909091 -0.022727
v 0.181818 0.931818 -0.022727
v 0.181818 0.931818 0.000000
v 0.181818 0.909091 0.000000
v 0.159091 0.931818 0.000000
v 0.181818 0.931818 0.022727
v 0.181818 0.909091 0.022727
v 0.204545 0.363636 -0.090909
v 0.204545 0.386364 -0.090909
v 0.204545 0.386364 -0.068182
v 0.204545 0.363636 -0.068182
v 0.181818 0.386364 -0.068182
v 0.204545 0.386364 -0.045455
v 0.204545 0.363636 -0.045455
v 0.181818 0.386364 -0.045455
v 0.181818 0.363636 -0.045455
v 0.204545 0.386364 -0.022727
v 0.204545 0.363636 -0.022727
v 0.181818 0.363636 -0.022727
v 0.204545 0.363636 0.000000
v 0.181818 0.363636 0.000000
v 0.204545 0.363636 0.022727
v 0.181818 0.363636 0.022727
v 0.204545 0.386364 0.022727
v 0.204545 0.386364 0.045455
v 0.204545 0.363636 0.045455
v 0.181818 0.363636 0.045455
v 0.204545 0.386364 0.068182
v 0.204545 0.363636 0.068182
v 0.181818 0.386364 0.045455
v 0.181818 0.386364 0.068182
v 0.204545 0.386364 0.090909
v 0.204545 0.363636 0.090909
v 0.204545 0.386364 -0.045455
v 0.204545 0.409091 -0.045455
v 0.204545 0.409091 -0.022727
v 0.204545 0.386364 -0.022727
v 0.204545 0.409091 0.000000
v 0.204545 0.386364 0.000000
v 0.204545 0.409091 0.022727
v 0.204545 0.386364 0.022727
v 0.204545 0.409091 0.045455
v 0.204545 0.386364 0.045455
v 0.204545 0.409091 -0.181818
v 0.204545 0.431818 -0.181818
v 0.204545 0.431818 -0.159091
v 0.204545 0.409091 -0.159091
v 0.204545 0.431818 -0.136364
v 0.204545 0.409091 -0.136364
v 0.204545 0.431818 -0.113636
v 0.204545 0.409091 -0.113636
v 0.204545 0.431818 -0.090909
v 0.204545 0.409091 -0.090909
v 0.204545 0.431818 -0.068182
v 0.204545 0.409091 -0.068182
v 0.181818 0.409091 -0.068182
v 0.181818 0.431818 -0.045455
v 0.204545 0.431818 -0.045455
v 0.204545 0.409091 -0.045455
v 0.181818 0.409091 -0.045455
v 0.181818 0.431818 0.045455
v 0.204545 0.431818 0.068182
v 0.204545 0.431818 0.045455
v 0.181818 0.409091 0.045455
v 0.204545 0.409091 0.045455
v 0.204545 0.409091 0.068182
v 0.181818 0.409091 0.068182
v 0.204545 0.431818 0.090909
v 0.204545 0.409091 0.090909
v 0.204545 0.431818 0.113636
v 0.204545 0.409091 0.113636
v 0.204545 0.431818 0.136364
v 0.204545 0.409091 0.136364
v 0.204545 0.431818 0.159091
v 0.204545 0.409091 0.159091
v 0.204545 0.431818 0.181818
v 0.204545 0.409091 0.181818
v 0.204545 0.431818 -0.045455
v 0.204545 0.454545 -0.045455
v 0.204545 0.454545 -0.022727
v 0.204545 0.431818 -0.022727
v 0.204545 0.454545 0.000000
v 0.204545 0.431818 0.000000
v 0.204545 0.454545 0.022727
v 0.204545 0.431818 0.022727
v 0.204545 0.454545 0.045455
v 0.204545 0.431818 0.045455
v 0.204545 0.477273 -0.045455
v 0.204545 0.477273 -0.022727
v 0.204545 0.477273 0.000000
v 0.204545 0.477273 0.022727
v 0.204545 0.477273 0.045455
v 0.204545 0.477273 -0.045455
v 0.204545 0.500000 -0.045455
v 0.204545 0.500000 -0.022727
v 0.204545 0.477273 -0.022727
v 0.204545 0.500000 0.000000
v 0.204545 0.477273 0.000000
v 0.204545 0.500000 0.022727
v 0.204545 0.477273 0.022727
v 0.204545 0.500000 0.045455
v 0.204545 0.477273 0.045455
v 0.204545 0.863636 -0.090909
v 0.204545 0.886364 -0.090909
v 0.204545 0.886364 -0.068182
v 0.204545 0.863636 -0.068182
v 0.204545 0.886364 -0.045455
v 0.204545 0.863636 -0.045455
v 0.204545 0.886364 -0.022727
v 0.204545 0.863636 -0.022727
v 0.204545 0.863636 0.000000
v 0.204545 0.863636 0.022727
v 0.204545 0.886364 0.045455
v 0.204545 0.886364 0.022727
v 0.204545 0.863636 0.045455
v 0.204545 0.886364 0.068182
v 0.204545 0.863636 0.068182
v 0.204545 0.886364 0.090909
v 0.204545 0.863636 0.090909
v 0.204545 0.886364 -0.022727
v 0.204545 0.909091 -0.022727
v 0.204545 0.909091 0.000000
v 0.204545 0.886364 0.000000
v 0.181818 0.909091 0.000000
v 0.204545 0.909091 0.022727
v 0.204545 0.886364 0.022727
v 0.227273 0.363636 -0.022727
v 0.227273 0.386364 -0.022727
v 0.227273 0.386364 0.000000
v 0.227273 0.363636 0.000000
v 0.204545 0.386364 0.000000
v 0.227273 0.386364 0.022727
v 0.227273 0.363636 0.022727
v 0.227273 0.409091 -0.159091
v 0.227273 0.431818 -0.159091
v 0.227273 0.431818 -0.136364
v 0.227273 0.409091 -0.136364
v 0.227273 0.431818 -0.113636
v 0.227273 0.409091 -0.113636
v 0.227273 0.431818 -0.090909
v 0.227273 0.409091 -0.090909
v 0.227273 0.431818 -0.068182
v 0.227273 0.409091 -0.068182
v 0.227273 0.431818 -0.045455
v 0.227273 0.409091 -0.045455
v 0.204545 0.431818 -0.022727
v 0.227273 0.431818 -0.022727
v 0.227273 0.409091 -0.022727
v 0.204545 0.409091 -0.022727
v 0.204545 0.431818 0.000000
v 0.227273 0.431818 0.000000
v 0.227273 0.409091 0.000000
v 0.204545 0.409091 0.000000
v 0.204545 0.431818 0.022727
v 0.227273 0.431818 0.022727
v 0.227273 0.409091 0.022727
v 0.204545 0.409091 0.022727
v 0.227273 0.431818 0.045455
v 0.227273 0.409091 0.045455
v 0.227273 0.431818 0.068182
v 0.227273 0.409091 0.068182
v 0.227273 0.431818 0.090909
v 0.227273 0.409091 0.090909
v 0.227273 0.431818 0.113636
v 0.227273 0.409091 0.113636
v 0.227273 0.431818 0.136364
v 0.227273 0.409091 0.136364
v 0.227273 0.431818 0.159091
v 0.227273 0.409091 0.159091
v 0.227273 0.863636 -0.045455
v 0.227273 0.886364 -0.045455
v 0.227273 0.886364 -0.022727
v 0.227273 0.863636 -0.022727
v 0.227273 0.886364 0.000000
v 0.227273 0.863636 0.000000
v 0.204545 0.886364 0.000000
v 0.227273 0.886364 0.022727
v 0.227273 0.863636 0.022727
v 0.227273 0.886364 0.045455
v 0.227273 0.863636 0.045455
v 0.250000 0.409091 -0.136364
v 0.250000 0.431818 -0.136364
v 0.250000 0.431818 -0.113636
v 0.250000 0.409091 -0.113636
v 0.250000 0.431818 -0.090909
v 0.250000 0.409091 -0.090909
v 0.250000 0.431818 -0.068182
v 0.250000 0.409091 -0.068182
v 0.250000 0.431818 -0.045455
v 0.250000 0.409091 -0.045455
v 0.250000 0.431818 -0.022727
v 0.250000 0.409091 -0.022727
v 0.250000 0.431818 0.000000
v 0.250000 0.409091 0.000000
v 0.250000 0.431818 0.022727
v 0.250000 0.409091 0.022727
v 0.250000 0.431818 0.045455
v 0.250000 0.409091 0.045455
v 0.250000 0.431818 0.068182
v 0.250000 0.409091 0.068182
v 0.250000 0.431818 0.090909
v 0.250000 0.409091 0.090909
v 0.250000 0.431818 0.113636
v 0.250000 0.409091 0.113636
v 0.250000 0.431818 0.136364
v 0.250000 0.409091 0.136364
v 0.272727 0.409091 -0.113636
v 0.272727 0.431818 -0.113636
v 0.272727 0.431818 -0.090909
v 0.272727 0.409091 -0.090909
v 0.272727 0.431818 -0.068182
v 0.272727 0.409091 -0.068182
v 0.272727 0.431818 -0.045455
v 0.272727 0.409091 -0.045455
v 0.272727 0.431818 -0.022727
v 0.272727 0.409091 -0.022727
v 0.272727 0.431818 0.000000
v 0.272727 0.409091 0.000000
v 0.272727 0.431818 0.022727
v 0.272727 0.409091 0.022727
v 0.272727 0.431818 0.045455
v 0.272727 0.409091 0.045455
v 0.272727 0.431818 0.068182
v 0.272727 0.409091 0.068182
v 0.272727 0.431818 0.090909
v 0.272727 0.409091 0.090909
v 0.272727 0.431818 0.113636
v 0.272727 0.409091 0.113636
v 0.295455 0.409091 -0.068182
v 0.295455 0.431818 -0.068182
v 0.295455 0.431818 -0.045455
v 0.295455 0.409091 -0.045455
v 0.295455 0.431818 -0.022727
v 0.295455 0.409091 -0.022727
v 0.295455 0.431818 0.000000
v 0.295455 0.409091 0.000000
v 0.295455 0.431818 0.022727
v 0.295455 0.409091 0.022727
v 0.295455 0.431818 0.045455
v 0.295455 0.409091 0.045455
v 0.295455 0.431818 0.068182
v 0.295455 0.409091 0.068182
vt 0.157468 0.704545
vt 0.157468 0.704545
vt 0.157468 0.727273
vt 0.157468 0.727273
vt 0.157468 0.727273
vt 0.157468 0.727273
vt 0.157468 0.704545
vt 0.157468 0.704545
vt 0.157468 0.704545
vt 0.157468 0.727273
vt 0.157468 0.727273
vt 0.157468 0.704545
vt 0.157468 0.704545
vt 0.157468 0.727273
vt 0.157468 0.727273
vt 0.157468 0.704545
vt 0.157468 0.704545
vt 0.157468 0.727273
vt 0.157468 0.727273
vt 0.157468 0.704545
vt 0.204545 0.136364
vt 0.204545 0.136364
vt 0.204545 0.159091
vt 0.204545 0.159091
vt 0.204545 0.136364
vt 0.204545 0.136364
vt 0.204545 0.159091
vt 0.204545 0.136364
vt 0.204545 0.159091
vt 0.204545 0.136364
vt 0.204545 0.136364
vt 0.204545 0.159091
vt 0.204545 0.136364
vt 0.204545 0.136364
vt 0.204545 0.159091
vt 0.204545 0.136364
vt 0.204545 0.136364
vt 0.204545 0.159091
vt 0.204545 0.136364
vt 0.204545 0.136364
vt 0.204545 0.159091
vt 0.204545 0.136364
vt 0.204545 0.159091
vt 0.193182 0.159091
vt 0.193182 0.159091
vt 0.193182 0.181818
vt 0.193182 0.181818
vt 0.193182 0.181818
vt 0.193182 0.159091
vt 0.193182 0.159091
vt 0.193182 0.181818
vt 0.193182 0.159091
vt 0.193182 0.181818
vt 0.193182 0.159091
vt 0.193182 0.181818
vt 0.193182 0.159091
vt 0.193182 0.181818
vt 0.193182 0.159091
vt 0.193182 0.181818
vt 0.193182 0.159091
vt 0.193182 0.181818
vt 0.193182 0.204545
vt 0.193182 0.204545
vt 0.193182 0.204545
vt 0.193182 0.204545
vt 0.193182 0.204545
vt 0.193182 0.204545
vt 0.193182 0.204545
vt 0.193182 0.204545
vt 0.193182 0.204545
vt 0.193182 0.204545
vt 0.193182 0.204545
vt 0.193182 0.204545
vt 0.193182 0.204545
vt 0.193182 0.204545
vt 0.157468 0.704545
vt 0.157468 0.704545
vt 0.157468 0.727273
vt 0.157468 0.727273
vt 0.157468 0.727273
vt 0.157468 0.727273
vt 0.157468 0.704545
vt 0.157468 0.704545
vt 0.157468 0.727273
vt 0.157468 0.704545
vt 0.157468 0.727273
vt 0.157468 0.704545
vt 0.157468 0.727273
vt 0.157468 0.704545
vt 0.157468 0.727273
vt 0.157468 0.704545
vt 0.157468 0.727273
vt 0.157468 0.704545
vt 0.157468 0.704545
vt 0.157468 0.727273
vt 0.157468 0.727273
vt 0.157468 0.704545
vt 0.157468 0.704545
vt 0.157468 0.727273
vt 0.157468 0.727273
vt 0.157468 0.704545
vt 0.193182 0.090909
vt 0.193182 0.090909
vt 0.193182 0.113636
vt 0.193182 0.113636
vt 0.193182 0.090909
vt 0.193182 0.090909
vt 0.193182 0.113636
vt 0.193182 0.090909
vt 0.193182 0.113636
vt 0.193182 0.090909
vt 0.193182 0.090909
vt 0.193182 0.113636
vt 0.193182 0.090909
vt 0.193182 0.090909
vt 0.193182 0.113636
vt 0.193182 0.090909
vt 0.193182 0.090909
vt 0.193182 0.113636
vt 0.193182 0.090909
vt 0.193182 0.090909
vt 0.193182 0.113636
vt 0.193182 0.090909
vt 0.193182 0.113636
vt 0.193182 0.136364
vt 0.193182 0.136364
vt 0.193182 0.136364
vt 0.193182 0.136364
vt 0.193182 0.136364
vt 0.193182 0.136364
vt 0.193182 0.136364
vt 0.193182 0.136364
vt 0.193182 0.136364
vt 0.204545 0.136364
vt 0.204545 0.136364
vt 0.204545 0.159091
vt 0.204545 0.159091
vt 0.204545 0.136364
vt 0.204545 0.136364
vt 0.204545 0.159091
vt 0.204545 0.136364
vt 0.204545 0.136364
vt 0.204545 0.159091
vt 0.204545 0.136364
vt 0.204545 0.136364
vt 0.204545 0.136364
vt 0.204545 0.159091
vt 0.204545 0.136364
vt 0.204545 0.159091
vt 0.193182 0.159091
vt 0.193182 0.159091
vt 0.193182 0.181818
vt 0.193182 0.181818
vt 0.193182 0.181818
vt 0.193182 0.159091
vt 0.193182 0.159091
vt 0.193182 0.181818
vt 0.193182 0.159091
vt 0.193182 0.181818
vt 0.193182 0.159091
vt 0.193182 0.181818
vt 0.193182 0.204545
vt 0.193182 0.204545
vt 0.193182 0.204545
vt 0.193182 0.204545
vt 0.193182 0.204545
vt 0.193182 0.204545
vt 0.193182 0.204545
vt 0.193182 0.204545
vt 0.193182 0.204545
vt 0.193182 0.204545
vt 0.159091 0.204545
vt 0.159091 0.204545
vt 0.159091 0.227273
vt 0.159091 0.227273
vt 0.159091 0.227273
vt 0.159091 0.204545
vt 0.159091 0.204545
vt 0.159091 0.227273
vt 0.159091 0.204545
vt 0.159091 0.227273
vt 0.159091 0.204545
vt 0.159091 0.227273
vt 0.159091 0.204545
vt 0.159091 0.227273
vt 0.159091 0.204545
vt 0.159091 0.227273
vt 0.159091 0.204545
vt 0.159091 0.227273
vt 0.159091 0.250000
vt 0.159091 0.250000
vt 0.159091 0.250000
vt 0.159091 0.250000
vt 0.159091 0.250000
vt 0.159091 0.250000
vt 0.159091 0.250000
vt 0.159091 0.250000
vt 0.159091 0.250000
vt 0.159091 0.272727
vt 0.159091 0.272727
vt 0.159091 0.272727
vt 0.159091 0.272727
vt 0.159091 0.272727
vt 0.159091 0.272727
vt 0.159091 0.272727
vt 0.159091 0.272727
vt 0.159091 0.272727
vt 0.159091 0.272727
vt 0.159091 0.272727
vt 0.159091 0.272727
vt 0.159091 0.272727
vt 0.159091 0.272727
vt 0.198052 0.318182
vt 0.198052 0.318182
vt 0.198052 0.340909
vt 0.198052 0.340909
vt 0.198052 0.318182
vt 0.198052 0.318182
vt 0.198052 0.340909
vt 0.198052 0.318182
vt 0.198052 0.340909
vt 0.198052 0.318182
vt 0.198052 0.318182
vt 0.198052 0.340909
vt 0.198052 0.318182
vt 0.198052 0.318182
vt 0.198052 0.340909
vt 0.198052 0.318182
vt 0.198052 0.318182
vt 0.198052 0.340909
vt 0.198052 0.318182
vt 0.198052 0.318182
vt 0.198052 0.340909
vt 0.198052 0.318182
vt 0.198052 0.340909
vt 0.194805 0.340909
vt 0.194805 0.340909
vt 0.194805 0.363636
vt 0.194805 0.363636
vt 0.194805 0.363636
vt 0.194805 0.363636
vt 0.194805 0.340909
vt 0.194805 0.340909
vt 0.194805 0.363636
vt 0.194805 0.363636
vt 0.194805 0.340909
vt 0.194805 0.363636
vt 0.194805 0.363636
vt 0.194805 0.340909
vt 0.194805 0.363636
vt 0.194805 0.363636
vt 0.194805 0.340909
vt 0.194805 0.363636
vt 0.194805 0.363636
vt 0.194805 0.340909
vt 0.194805 0.363636
vt 0.194805 0.363636
vt 0.194805 0.340909
vt 0.138636 0.681818
vt 0.138636 0.681818
vt 0.138636 0.704545
vt 0.138636 0.704545
vt 0.138636 0.681818
vt 0.138636 0.681818
vt 0.138636 0.704545
vt 0.138636 0.681818
vt 0.138636 0.704545
vt 0.138636 0.681818
vt 0.138636 0.681818
vt 0.138636 0.704545
vt 0.138636 0.681818
vt 0.138636 0.681818
vt 0.138636 0.704545
vt 0.138636 0.681818
vt 0.138636 0.681818
vt 0.138636 0.704545
vt 0.138636 0.681818
vt 0.138636 0.681818
vt 0.138636 0.704545
vt 0.138636 0.681818
vt 0.138636 0.704545
vt 0.157468 0.704545
vt 0.157468 0.727273
vt 0.157468 0.727273
vt 0.157468 0.727273
vt 0.157468 0.704545
vt 0.157468 0.704545
vt 0.157468 0.727273
vt 0.157468 0.704545
vt 0.157468 0.727273
vt 0.157468 0.727273
vt 0.157468 0.727273
vt 0.157468 0.727273
vt 0.157468 0.727273
vt 0.157468 0.727273
vt 0.157468 0.727273
vt 0.157468 0.704545
vt 0.157468 0.704545
vt 0.157468 0.704545
vt 0.157468 0.727273
vt 0.157468 0.727273
vt 0.157468 0.704545
vt 0.170455 0.068182
vt 0.170455 0.068182
vt 0.170455 0.090909
vt 0.170455 0.090909
vt 0.170455 0.068182
vt 0.170455 0.068182
vt 0.170455 0.090909
vt 0.170455 0.068182
vt 0.170455 0.090909
vt 0.170455 0.068182
vt 0.170455 0.068182
vt 0.170455 0.090909
vt 0.170455 0.068182
vt 0.170455 0.068182
vt 0.170455 0.090909
vt 0.170455 0.068182
vt 0.170455 0.068182
vt 0.170455 0.090909
vt 0.170455 0.068182
vt 0.170455 0.068182
vt 0.170455 0.090909
vt 0.170455 0.068182
vt 0.170455 0.090909
vt 0.193182 0.090909
vt 0.193182 0.090909
vt 0.193182 0.113636
vt 0.193182 0.113636
vt 0.193182 0.090909
vt 0.193182 0.090909
vt 0.193182 0.113636
vt 0.193182 0.090909
vt 0.193182 0.090909
vt 0.193182 0.113636
vt 0.193182 0.090909
vt 0.193182 0.090909
vt 0.193182 0.090909
vt 0.193182 0.113636
vt 0.193182 0.090909
vt 0.193182 0.113636
vt 0.193182 0.136364
vt 0.193182 0.136364
vt 0.193182 0.136364
vt 0.193182 0.136364
vt 0.193182 0.136364
vt 0.193182 0.136364
vt 0.204545 0.136364
vt 0.204545 0.159091
vt 0.204545 0.136364
vt 0.204545 0.136364
vt 0.204545 0.159091
vt 0.204545 0.136364
vt 0.204545 0.159091
vt 0.204545 0.136364
vt 0.204545 0.136364
vt 0.204545 0.159091
vt 0.193182 0.159091
vt 0.193182 0.181818
vt 0.193182 0.181818
vt 0.193182 0.159091
vt 0.193182 0.159091
vt 0.193182 0.181818
vt 0.193182 0.159091
vt 0.193182 0.181818
vt 0.193182 0.204545
vt 0.193182 0.204545
vt 0.193182 0.204545
vt 0.193182 0.204545
vt 0.193182 0.204545
vt 0.193182 0.204545
vt 0.193182 0.204545
vt 0.193182 0.204545
vt 0.159091 0.204545
vt 0.159091 0.227273
vt 0.159091 0.227273
vt 0.159091 0.204545
vt 0.159091 0.204545
vt 0.159091 0.227273
vt 0.159091 0.204545
vt 0.159091 0.227273
vt 0.159091 0.250000
vt 0.159091 0.250000
vt 0.159091 0.250000
vt 0.159091 0.250000
vt 0.159091 0.272727
vt 0.159091 0.272727
vt 0.159091 0.272727
vt 0.159091 0.272727
vt 0.159091 0.272727
vt 0.159091 0.272727
vt 0.147727 0.272727
vt 0.147727 0.272727
vt 0.147727 0.295455
vt 0.147727 0.295455
vt 0.147727 0.295455
vt 0.147727 0.272727
vt 0.147727 0.272727
vt 0.147727 0.295455
vt 0.147727 0.272727
vt 0.147727 0.295455
vt 0.147727 0.272727
vt 0.147727 0.295455
vt 0.147727 0.272727
vt 0.147727 0.295455
vt 0.147727 0.272727
vt 0.147727 0.295455
vt 0.147727 0.272727
vt 0.147727 0.295455
vt 0.180195 0.295455
vt 0.180195 0.295455
vt 0.180195 0.318182
vt 0.180195 0.318182
vt 0.180195 0.318182
vt 0.180195 0.295455
vt 0.180195 0.295455
vt 0.180195 0.318182
vt 0.180195 0.295455
vt 0.180195 0.318182
vt 0.180195 0.295455
vt 0.180195 0.318182
vt 0.180195 0.295455
vt 0.180195 0.318182
vt 0.180195 0.295455
vt 0.180195 0.318182
vt 0.180195 0.295455
vt 0.180195 0.318182
vt 0.198052 0.318182
vt 0.198052 0.318182
vt 0.198052 0.340909
vt 0.198052 0.340909
vt 0.198052 0.318182
vt 0.198052 0.318182
vt 0.198052 0.340909
vt 0.198052 0.318182
vt 0.198052 0.318182
vt 0.198052 0.340909
vt 0.198052 0.318182
vt 0.198052 0.318182
vt 0.198052 0.318182
vt 0.198052 0.340909
vt 0.198052 0.318182
vt 0.198052 0.340909
vt 0.194805 0.340909
vt 0.194805 0.340909
vt 0.194805 0.363636
vt 0.194805 0.363636
vt 0.194805 0.363636
vt 0.194805 0.363636
vt 0.194805 0.340909
vt 0.194805 0.363636
vt 0.194805 0.340909
vt 0.194805 0.363636
vt 0.194805 0.363636
vt 0.194805 0.363636
vt 0.194805 0.340909
vt 0.194805 0.363636
vt 0.194805 0.363636
vt 0.194805 0.340909
vt 0.199380 0.363636
vt 0.199380 0.363636
vt 0.199380 0.386364
vt 0.199380 0.386364
vt 0.199380 0.386364
vt 0.199380 0.386364
vt 0.199380 0.363636
vt 0.199380 0.363636
vt 0.199380 0.386364
vt 0.199380 0.386364
vt 0.199380 0.363636
vt 0.199380 0.386364
vt 0.199380 0.386364
vt 0.199380 0.363636
vt 0.199380 0.386364
vt 0.199380 0.386364
vt 0.199380 0.363636
vt 0.199380 0.386364
vt 0.199380 0.386364
vt 0.199380 0.363636
vt 0.199380 0.386364
vt 0.199380 0.386364
vt 0.199380 0.363636
vt 0.087121 0.613636
vt 0.087121 0.613636
vt 0.087121 0.636364
vt 0.087121 0.636364
vt 0.087121 0.613636
vt 0.087121 0.613636
vt 0.087121 0.636364
vt 0.087121 0.613636
vt 0.087121 0.636364
vt 0.087121 0.613636
vt 0.087121 0.636364
vt 0.045455 0.636364
vt 0.045455 0.636364
vt 0.045455 0.659091
vt 0.045455 0.659091
vt 0.045455 0.659091
vt 0.045455 0.636364
vt 0.045455 0.636364
vt 0.045455 0.659091
vt 0.045455 0.636364
vt 0.045455 0.659091
vt 0.034091 0.659091
vt 0.034091 0.659091
vt 0.034091 0.681818
vt 0.034091 0.681818
vt 0.034091 0.681818
vt 0.034091 0.659091
vt 0.034091 0.659091
vt 0.034091 0.681818
vt 0.034091 0.659091
vt 0.034091 0.681818
vt 0.138636 0.681818
vt 0.138636 0.704545
vt 0.138636 0.681818
vt 0.138636 0.681818
vt 0.138636 0.704545
vt 0.138636 0.681818
vt 0.138636 0.681818
vt 0.138636 0.681818
vt 0.138636 0.681818
vt 0.138636 0.681818
vt 0.138636 0.681818
vt 0.138636 0.704545
vt 0.138636 0.681818
vt 0.138636 0.704545
vt 0.157468 0.704545
vt 0.157468 0.727273
vt 0.157468 0.727273
vt 0.157468 0.727273
vt 0.157468 0.704545
vt 0.157468 0.704545
vt 0.157468 0.727273
vt 0.157468 0.704545
vt 0.157468 0.727273
vt 0.157468 0.727273
vt 0.157468 0.727273
vt 0.157468 0.727273
vt 0.157468 0.727273
vt 0.157468 0.727273
vt 0.157468 0.727273
vt 0.157468 0.727273
vt 0.157468 0.727273
vt 0.157468 0.704545
vt 0.157468 0.704545
vt 0.157468 0.704545
vt 0.157468 0.727273
vt 0.157468 0.727273
vt 0.157468 0.704545
vt 0.147727 0.022727
vt 0.147727 0.022727
vt 0.147727 0.045455
vt 0.147727 0.045455
vt 0.147727 0.022727
vt 0.147727 0.022727
vt 0.147727 0.045455
vt 0.147727 0.022727
vt 0.147727 0.045455
vt 0.147727 0.022727
vt 0.147727 0.022727
vt 0.147727 0.045455
vt 0.147727 0.022727
vt 0.147727 0.022727
vt 0.147727 0.045455
vt 0.147727 0.022727
vt 0.147727 0.022727
vt 0.147727 0.045455
vt 0.147727 0.022727
vt 0.147727 0.022727
vt 0.147727 0.045455
vt 0.147727 0.022727
vt 0.147727 0.045455
vt 0.159091 0.045455
vt 0.159091 0.045455
vt 0.159091 0.068182
vt 0.159091 0.068182
vt 0.159091 0.068182
vt 0.159091 0.045455
vt 0.159091 0.045455
vt 0.159091 0.068182
vt 0.159091 0.045455
vt 0.159091 0.068182
vt 0.159091 0.045455
vt 0.159091 0.068182
vt 0.159091 0.045455
vt 0.159091 0.068182
vt 0.159091 0.045455
vt 0.159091 0.068182
vt 0.159091 0.045455
vt 0.159091 0.068182
vt 0.170455 0.068182
vt 0.170455 0.068182
vt 0.170455 0.090909
vt 0.170455 0.090909
vt 0.170455 0.068182
vt 0.170455 0.068182
vt 0.170455 0.090909
vt 0.170455 0.068182
vt 0.170455 0.068182
vt 0.170455 0.090909
vt 0.170455 0.068182
vt 0.170455 0.068182
vt 0.170455 0.068182
vt 0.170455 0.090909
vt 0.170455 0.068182
vt 0.170455 0.090909
vt 0.193182 0.090909
vt 0.193182 0.113636
vt 0.193182 0.090909
vt 0.193182 0.090909
vt 0.193182 0.113636
vt 0.193182 0.090909
vt 0.193182 0.113636
vt 0.193182 0.090909
vt 0.193182 0.090909
vt 0.193182 0.113636
vt 0.193182 0.136364
vt 0.193182 0.136364
vt 0.193182 0.136364
vt 0.193182 0.136364
vt 0.204545 0.136364
vt 0.204545 0.159091
vt 0.204545 0.136364
vt 0.204545 0.136364
vt 0.204545 0.159091
vt 0.204545 0.136364
vt 0.204545 0.159091
vt 0.204545 0.136364
vt 0.204545 0.136364
vt 0.204545 0.159091
vt 0.193182 0.159091
vt 0.193182 0.181818
vt 0.193182 0.181818
vt 0.193182 0.159091
vt 0.193182 0.159091
vt 0.193182 0.181818
vt 0.193182 0.159091
vt 0.193182 0.181818
vt 0.193182 0.204545
vt 0.193182 0.204545
vt 0.193182 0.204545
vt 0.193182 0.204545
vt 0.193182 0.204545
vt 0.193182 0.204545
vt 0.193182 0.204545
vt 0.193182 0.204545
vt 0.159091 0.204545
vt 0.159091 0.227273
vt 0.159091 0.227273
vt 0.159091 0.204545
vt 0.159091 0.204545
vt 0.159091 0.227273
vt 0.159091 0.204545
vt 0.159091 0.227273
vt 0.159091 0.250000
vt 0.159091 0.250000
vt 0.159091 0.250000
vt 0.159091 0.250000
vt 0.159091 0.272727
vt 0.159091 0.272727
vt 0.159091 0.272727
vt 0.159091 0.272727
vt 0.159091 0.272727
vt 0.159091 0.272727
vt 0.147727 0.272727
vt 0.147727 0.295455
vt 0.147727 0.295455
vt 0.147727 0.272727
vt 0.147727 0.272727
vt 0.147727 0.295455
vt 0.147727 0.272727
vt 0.147727 0.295455
vt 0.180195 0.295455
vt 0.180195 0.295455
vt 0.180195 0.318182
vt 0.180195 0.318182
vt 0.180195 0.295455
vt 0.180195 0.295455
vt 0.180195 0.318182
vt 0.180195 0.295455
vt 0.180195 0.318182
vt 0.180195 0.295455
vt 0.180195 0.318182
vt 0.180195 0.295455
vt 0.180195 0.295455
vt 0.180195 0.318182
vt 0.198052 0.318182
vt 0.198052 0.340909
vt 0.198052 0.318182
vt 0.198052 0.318182
vt 0.198052 0.340909
vt 0.198052 0.318182
vt 0.198052 0.340909
vt 0.198052 0.318182
vt 0.198052 0.318182
vt 0.198052 0.340909
vt 0.194805 0.340909
vt 0.194805 0.363636
vt 0.194805 0.363636
vt 0.194805 0.363636
vt 0.194805 0.340909
vt 0.194805 0.340909
vt 0.194805 0.363636
vt 0.194805 0.363636
vt 0.194805 0.363636
vt 0.194805 0.340909
vt 0.199380 0.363636
vt 0.199380 0.363636
vt 0.199380 0.386364
vt 0.199380 0.386364
vt 0.199380 0.386364
vt 0.199380 0.386364
vt 0.199380 0.363636
vt 0.199380 0.386364
vt 0.199380 0.386364
vt 0.199380 0.386364
vt 0.199380 0.386364
vt 0.199380 0.386364
vt 0.199380 0.386364
vt 0.199380 0.386364
vt 0.199380 0.363636
vt 0.199380 0.386364
vt 0.199380 0.386364
vt 0.199380 0.363636
vt 0.199380 0.386364
vt 0.199380 0.386364
vt 0.199380 0.363636
vt 0.102273 0.590909
vt 0.102273 0.590909
vt 0.102273 0.613636
vt 0.102273 0.613636
vt 0.102273 0.590909
vt 0.102273 0.590909
vt 0.102273 0.613636
vt 0.102273 0.590909
vt 0.102273 0.613636
vt 0.102273 0.590909
vt 0.102273 0.590909
vt 0.102273 0.613636
vt 0.102273 0.590909
vt 0.102273 0.590909
vt 0.102273 0.613636
vt 0.102273 0.590909
vt 0.102273 0.613636
vt 0.087121 0.613636
vt 0.087121 0.613636
vt 0.087121 0.636364
vt 0.087121 0.636364
vt 0.087121 0.636364
vt 0.087121 0.636364
vt 0.087121 0.613636
vt 0.087121 0.613636
vt 0.087121 0.613636
vt 0.087121 0.636364
vt 0.087121 0.613636
vt 0.087121 0.636364
vt 0.087121 0.636364
vt 0.087121 0.636364
vt 0.087121 0.613636
vt 0.087121 0.613636
vt 0.045455 0.636364
vt 0.045455 0.659091
vt 0.045455 0.659091
vt 0.045455 0.636364
vt 0.045455 0.636364
vt 0.045455 0.659091
vt 0.045455 0.636364
vt 0.045455 0.659091
vt 0.034091 0.659091
vt 0.034091 0.681818
vt 0.034091 0.681818
vt 0.034091 0.659091
vt 0.034091 0.659091
vt 0.034091 0.681818
vt 0.034091 0.659091
vt 0.034091 0.681818
vt 0.034091 0.681818
vt 0.034091 0.659091
vt 0.034091 0.659091
vt 0.034091 0.681818
vt 0.138636 0.681818
vt 0.138636 0.704545
vt 0.138636 0.681818
vt 0.138636 0.681818
vt 0.138636 0.704545
vt 0.138636 0.681818
vt 0.138636 0.681818
vt 0.138636 0.681818
vt 0.138636 0.681818
vt 0.138636 0.681818
vt 0.138636 0.681818
vt 0.138636 0.704545
vt 0.138636 0.681818
vt 0.138636 0.704545
vt 0.157468 0.727273
vt 0.157468 0.727273
vt 0.157468 0.704545
vt 0.157468 0.704545
vt 0.157468 0.727273
vt 0.157468 0.727273
vt 0.157468 0.727273
vt 0.157468 0.727273
vt 0.157468 0.727273
vt 0.157468 0.727273
vt 0.157468 0.727273
vt 0.157468 0.727273
vt 0.157468 0.704545
vt 0.157468 0.704545
vt 0.068182 0.727273
vt 0.068182 0.727273
vt 0.068182 0.750000
vt 0.068182 0.750000
vt 0.068182 0.750000
vt 0.068182 0.750000
vt 0.068182 0.727273
vt 0.068182 0.727273
vt 0.068182 0.750000
vt 0.068182 0.750000
vt 0.068182 0.727273
vt 0.068182 0.750000
vt 0.068182 0.750000
vt 0.068182 0.727273
vt 0.068182 0.750000
vt 0.068182 0.750000
vt 0.068182 0.727273
vt 0.147727 0.022727
vt 0.147727 0.045455
vt 0.147727 0.022727
vt 0.147727 0.022727
vt 0.147727 0.045455
vt 0.147727 0.022727
vt 0.147727 0.022727
vt 0.147727 0.022727
vt 0.147727 0.022727
vt 0.147727 0.022727
vt 0.147727 0.022727
vt 0.147727 0.022727
vt 0.147727 0.045455
vt 0.147727 0.022727
vt 0.147727 0.045455
vt 0.159091 0.045455
vt 0.159091 0.068182
vt 0.159091 0.068182
vt 0.159091 0.045455
vt 0.159091 0.045455
vt 0.159091 0.068182
vt 0.159091 0.045455
vt 0.159091 0.068182
vt 0.170455 0.068182
vt 0.170455 0.090909
vt 0.170455 0.068182
vt 0.170455 0.068182
vt 0.170455 0.090909
vt 0.170455 0.068182
vt 0.170455 0.068182
vt 0.170455 0.068182
vt 0.170455 0.068182
vt 0.170455 0.090909
vt 0.170455 0.068182
vt 0.170455 0.090909
vt 0.193182 0.090909
vt 0.193182 0.113636
vt 0.193182 0.090909
vt 0.193182 0.090909
vt 0.193182 0.113636
vt 0.193182 0.090909
vt 0.193182 0.113636
vt 0.193182 0.090909
vt 0.193182 0.090909
vt 0.193182 0.113636
vt 0.193182 0.136364
vt 0.193182 0.136364
vt 0.193182 0.136364
vt 0.193182 0.136364
vt 0.204545 0.136364
vt 0.204545 0.159091
vt 0.204545 0.136364
vt 0.204545 0.136364
vt 0.204545 0.159091
vt 0.204545 0.136364
vt 0.204545 0.159091
vt 0.204545 0.136364
vt 0.204545 0.136364
vt 0.204545 0.159091
vt 0.193182 0.159091
vt 0.193182 0.181818
vt 0.193182 0.181818
vt 0.193182 0.159091
vt 0.193182 0.159091
vt 0.193182 0.181818
vt 0.193182 0.159091
vt 0.193182 0.181818
vt 0.193182 0.204545
vt 0.193182 0.204545
vt 0.193182 0.204545
vt 0.193182 0.204545
vt 0.193182 0.204545
vt 0.193182 0.204545
vt 0.193182 0.204545
vt 0.193182 0.204545
vt 0.159091 0.204545
vt 0.159091 0.227273
vt 0.159091 0.227273
vt 0.159091 0.204545
vt 0.159091 0.204545
vt 0.159091 0.227273
vt 0.159091 0.204545
vt 0.159091 0.227273
vt 0.159091 0.250000
vt 0.159091 0.250000
vt 0.159091 0.250000
vt 0.159091 0.250000
vt 0.159091 0.272727
vt 0.159091 0.272727
vt 0.159091 0.272727
vt 0.159091 0.272727
vt 0.159091 0.272727
vt 0.159091 0.272727
vt 0.147727 0.272727
vt 0.147727 0.295455
vt 0.147727 0.295455
vt 0.147727 0.272727
vt 0.147727 0.272727
vt 0.147727 0.295455
vt 0.147727 0.272727
vt 0.147727 0.295455
vt 0.180195 0.295455
vt 0.180195 0.318182
vt 0.180195 0.295455
vt 0.180195 0.295455
vt 0.180195 0.318182
vt 0.180195 0.295455
vt 0.180195 0.318182
vt 0.180195 0.295455
vt 0.180195 0.295455
vt 0.180195 0.318182
vt 0.198052 0.318182
vt 0.198052 0.340909
vt 0.198052 0.318182
vt 0.198052 0.318182
vt 0.198052 0.340909
vt 0.198052 0.318182
vt 0.198052 0.340909
vt 0.198052 0.318182
vt 0.198052 0.318182
vt 0.198052 0.340909
vt 0.194805 0.340909
vt 0.194805 0.363636
vt 0.194805 0.363636
vt 0.194805 0.363636
vt 0.194805 0.340909
vt 0.194805 0.340909
vt 0.194805 0.363636
vt 0.194805 0.363636
vt 0.194805 0.363636
vt 0.194805 0.340909
vt 0.199380 0.363636
vt 0.199380 0.386364
vt 0.199380 0.386364
vt 0.199380 0.386364
vt 0.199380 0.363636
vt 0.199380 0.386364
vt 0.199380 0.386364
vt 0.199380 0.386364
vt 0.199380 0.386364
vt 0.199380 0.386364
vt 0.199380 0.386364
vt 0.199380 0.386364
vt 0.199380 0.386364
vt 0.199380 0.386364
vt 0.199380 0.386364
vt 0.199380 0.363636
vt 0.199380 0.386364
vt 0.199380 0.386364
vt 0.199380 0.363636
vt 0.215909 0.409091
vt 0.215909 0.409091
vt 0.215909 0.431818
vt 0.215909 0.431818
vt 0.215909 0.431818
vt 0.215909 0.431818
vt 0.215909 0.409091
vt 0.215909 0.409091
vt 0.215909 0.409091
vt 0.215909 0.431818
vt 0.215909 0.431818
vt 0.215909 0.409091
vt 0.215909 0.409091
vt 0.215909 0.431818
vt 0.215909 0.431818
vt 0.215909 0.409091
vt 0.215909 0.409091
vt 0.215909 0.431818
vt 0.215909 0.431818
vt 0.215909 0.409091
vt 0.215909 0.409091
vt 0.215909 0.431818
vt 0.215909 0.431818
vt 0.215909 0.409091
vt 0.215909 0.409091
vt 0.215909 0.431818
vt 0.215909 0.431818
vt 0.215909 0.409091
vt 0.113636 0.568182
vt 0.113636 0.568182
vt 0.113636 0.590909
vt 0.113636 0.590909
vt 0.113636 0.568182
vt 0.113636 0.568182
vt 0.113636 0.590909
vt 0.113636 0.568182
vt 0.113636 0.590909
vt 0.113636 0.568182
vt 0.113636 0.568182
vt 0.113636 0.590909
vt 0.113636 0.568182
vt 0.113636 0.568182
vt 0.113636 0.590909
vt 0.113636 0.568182
vt 0.113636 0.590909
vt 0.102273 0.590909
vt 0.102273 0.613636
vt 0.102273 0.590909
vt 0.102273 0.590909
vt 0.102273 0.613636
vt 0.102273 0.590909
vt 0.102273 0.613636
vt 0.102273 0.590909
vt 0.102273 0.590909
vt 0.102273 0.613636
vt 0.087121 0.636364
vt 0.087121 0.636364
vt 0.087121 0.613636
vt 0.087121 0.636364
vt 0.087121 0.636364
vt 0.087121 0.613636
vt 0.045455 0.636364
vt 0.045455 0.659091
vt 0.045455 0.659091
vt 0.045455 0.636364
vt 0.045455 0.659091
vt 0.045455 0.636364
vt 0.045455 0.659091
vt 0.045455 0.659091
vt 0.045455 0.636364
vt 0.045455 0.659091
vt 0.034091 0.659091
vt 0.034091 0.681818
vt 0.034091 0.681818
vt 0.034091 0.659091
vt 0.034091 0.681818
vt 0.034091 0.659091
vt 0.138636 0.681818
vt 0.138636 0.704545
vt 0.138636 0.681818
vt 0.138636 0.681818
vt 0.138636 0.704545
vt 0.138636 0.681818
vt 0.138636 0.681818
vt 0.138636 0.681818
vt 0.138636 0.681818
vt 0.138636 0.681818
vt 0.138636 0.681818
vt 0.138636 0.681818
vt 0.138636 0.681818
vt 0.138636 0.681818
vt 0.138636 0.681818
vt 0.138636 0.681818
vt 0.138636 0.681818
vt 0.138636 0.704545
vt 0.138636 0.681818
vt 0.138636 0.704545
vt 0.157468 0.704545
vt 0.157468 0.727273
vt 0.157468 0.727273
vt 0.157468 0.727273
vt 0.157468 0.704545
vt 0.157468 0.704545
vt 0.157468 0.727273
vt 0.157468 0.727273
vt 0.157468 0.727273
vt 0.157468 0.727273
vt 0.157468 0.727273
vt 0.157468 0.727273
vt 0.157468 0.727273
vt 0.157468 0.704545
vt 0.157468 0.727273
vt 0.157468 0.727273
vt 0.157468 0.704545
vt 0.157468 0.704545
vt 0.068182 0.727273
vt 0.068182 0.750000
vt 0.068182 0.750000
vt 0.068182 0.750000
vt 0.068182 0.727273
vt 0.068182 0.750000
vt 0.068182 0.750000
vt 0.068182 0.750000
vt 0.068182 0.727273
vt 0.068182 0.750000
vt 0.068182 0.750000
vt 0.068182 0.727273
vt 0.034091 0.750000
vt 0.034091 0.750000
vt 0.034091 0.772727
vt 0.034091 0.772727
vt 0.034091 0.772727
vt 0.034091 0.772727
vt 0.034091 0.750000
vt 0.034091 0.750000
vt 0.034091 0.772727
vt 0.034091 0.772727
vt 0.034091 0.750000
vt 0.147727 0.022727
vt 0.147727 0.045455
vt 0.147727 0.022727
vt 0.147727 0.022727
vt 0.147727 0.045455
vt 0.147727 0.022727
vt 0.147727 0.022727
vt 0.147727 0.022727
vt 0.147727 0.022727
vt 0.147727 0.022727
vt 0.147727 0.022727
vt 0.147727 0.022727
vt 0.147727 0.022727
vt 0.147727 0.022727
vt 0.147727 0.045455
vt 0.147727 0.022727
vt 0.147727 0.045455
vt 0.159091 0.045455
vt 0.159091 0.068182
vt 0.159091 0.068182
vt 0.159091 0.045455
vt 0.159091 0.045455
vt 0.159091 0.068182
vt 0.159091 0.045455
vt 0.159091 0.068182
vt 0.170455 0.068182
vt 0.170455 0.068182
vt 0.170455 0.090909
vt 0.170455 0.068182
vt 0.170455 0.068182
vt 0.170455 0.090909
vt 0.193182 0.090909
vt 0.193182 0.113636
vt 0.193182 0.090909
vt 0.193182 0.090909
vt 0.193182 0.113636
vt 0.193182 0.090909
vt 0.193182 0.090909
vt 0.193182 0.090909
vt 0.193182 0.090909
vt 0.193182 0.113636
vt 0.193182 0.090909
vt 0.193182 0.113636
vt 0.193182 0.136364
vt 0.193182 0.136364
vt 0.193182 0.136364
vt 0.193182 0.136364
vt 0.204545 0.159091
vt 0.204545 0.136364
vt 0.204545 0.136364
vt 0.204545 0.159091
vt 0.193182 0.181818
vt 0.193182 0.159091
vt 0.193182 0.159091
vt 0.193182 0.181818
vt 0.193182 0.204545
vt 0.193182 0.204545
vt 0.193182 0.204545
vt 0.193182 0.204545
vt 0.159091 0.204545
vt 0.159091 0.227273
vt 0.159091 0.227273
vt 0.159091 0.204545
vt 0.159091 0.204545
vt 0.159091 0.227273
vt 0.159091 0.204545
vt 0.159091 0.227273
vt 0.159091 0.250000
vt 0.159091 0.250000
vt 0.159091 0.250000
vt 0.159091 0.250000
vt 0.159091 0.272727
vt 0.159091 0.272727
vt 0.159091 0.272727
vt 0.159091 0.272727
vt 0.159091 0.272727
vt 0.159091 0.272727
vt 0.147727 0.272727
vt 0.147727 0.295455
vt 0.147727 0.295455
vt 0.147727 0.272727
vt 0.147727 0.272727
vt 0.147727 0.295455
vt 0.147727 0.272727
vt 0.147727 0.295455
vt 0.180195 0.295455
vt 0.180195 0.318182
vt 0.180195 0.295455
vt 0.180195 0.295455
vt 0.180195 0.318182
vt 0.180195 0.295455
vt 0.180195 0.318182
vt 0.180195 0.295455
vt 0.180195 0.295455
vt 0.180195 0.318182
vt 0.198052 0.318182
vt 0.198052 0.340909
vt 0.198052 0.318182
vt 0.198052 0.318182
vt 0.198052 0.340909
vt 0.198052 0.318182
vt 0.198052 0.340909
vt 0.198052 0.318182
vt 0.198052 0.318182
vt 0.198052 0.340909
vt 0.194805 0.340909
vt 0.194805 0.363636
vt 0.194805 0.363636
vt 0.194805 0.363636
vt 0.194805 0.340909
vt 0.194805 0.340909
vt 0.194805 0.363636
vt 0.194805 0.363636
vt 0.194805 0.363636
vt 0.194805 0.340909
vt 0.199380 0.363636
vt 0.199380 0.386364
vt 0.199380 0.386364
vt 0.199380 0.386364
vt 0.199380 0.363636
vt 0.199380 0.386364
vt 0.199380 0.386364
vt 0.199380 0.386364
vt 0.199380 0.386364
vt 0.199380 0.386364
vt 0.199380 0.386364
vt 0.199380 0.386364
vt 0.199380 0.386364
vt 0.199380 0.386364
vt 0.199380 0.386364
vt 0.199380 0.386364
vt 0.199380 0.386364
vt 0.199380 0.363636
vt 0.199380 0.386364
vt 0.199380 0.386364
vt 0.199380 0.363636
vt 0.215909 0.409091
vt 0.215909 0.409091
vt 0.215909 0.431818
vt 0.215909 0.431818
vt 0.215909 0.431818
vt 0.215909 0.431818
vt 0.215909 0.409091
vt 0.215909 0.409091
vt 0.215909 0.431818
vt 0.215909 0.409091
vt 0.215909 0.431818
vt 0.215909 0.409091
vt 0.215909 0.431818
vt 0.215909 0.409091
vt 0.215909 0.431818
vt 0.215909 0.409091
vt 0.215909 0.431818
vt 0.215909 0.409091
vt 0.215909 0.431818
vt 0.215909 0.409091
vt 0.215909 0.431818
vt 0.215909 0.409091
vt 0.215909 0.409091
vt 0.215909 0.431818
vt 0.215909 0.431818
vt 0.215909 0.409091
vt 0.215909 0.409091
vt 0.215909 0.431818
vt 0.215909 0.431818
vt 0.215909 0.409091
vt 0.113636 0.568182
vt 0.113636 0.568182
vt 0.113636 0.590909
vt 0.113636 0.590909
vt 0.113636 0.568182
vt 0.113636 0.568182
vt 0.113636 0.590909
vt 0.113636 0.568182
vt 0.113636 0.568182
vt 0.113636 0.568182
vt 0.113636 0.568182
vt 0.113636 0.568182
vt 0.113636 0.568182
vt 0.113636 0.590909
vt 0.113636 0.568182
vt 0.113636 0.568182
vt 0.113636 0.590909
vt 0.113636 0.568182
vt 0.113636 0.590909
vt 0.102273 0.590909
vt 0.102273 0.613636
vt 0.102273 0.613636
vt 0.102273 0.590909
vt 0.102273 0.590909
vt 0.102273 0.613636
vt 0.102273 0.590909
vt 0.102273 0.613636
vt 0.087121 0.613636
vt 0.087121 0.636364
vt 0.087121 0.636364
vt 0.087121 0.636364
vt 0.087121 0.613636
vt 0.087121 0.636364
vt 0.087121 0.636364
vt 0.087121 0.636364
vt 0.087121 0.636364
vt 0.087121 0.636364
vt 0.087121 0.636364
vt 0.087121 0.636364
vt 0.087121 0.613636
vt 0.087121 0.636364
vt 0.087121 0.636364
vt 0.087121 0.613636
vt 0.045455 0.636364
vt 0.045455 0.659091
vt 0.045455 0.659091
vt 0.045455 0.636364
vt 0.045455 0.659091
vt 0.045455 0.659091
vt 0.045455 0.636364
vt 0.138636 0.681818
vt 0.138636 0.681818
vt 0.138636 0.704545
vt 0.138636 0.681818
vt 0.138636 0.681818
vt 0.138636 0.681818
vt 0.138636 0.681818
vt 0.138636 0.681818
vt 0.138636 0.681818
vt 0.138636 0.681818
vt 0.138636 0.681818
vt 0.138636 0.681818
vt 0.138636 0.681818
vt 0.138636 0.681818
vt 0.138636 0.681818
vt 0.138636 0.704545
vt 0.157468 0.727273
vt 0.157468 0.727273
vt 0.157468 0.704545
vt 0.157468 0.704545
vt 0.157468 0.727273
vt 0.157468 0.727273
vt 0.157468 0.727273
vt 0.157468 0.727273
vt 0.157468 0.727273
vt 0.157468 0.727273
vt 0.157468 0.727273
vt 0.157468 0.727273
vt 0.157468 0.704545
vt 0.157468 0.704545
vt 0.068182 0.750000
vt 0.068182 0.750000
vt 0.068182 0.727273
vt 0.068182 0.750000
vt 0.068182 0.750000
vt 0.068182 0.727273
vt 0.034091 0.750000
vt 0.034091 0.772727
vt 0.034091 0.772727
vt 0.034091 0.750000
vt 0.034091 0.750000
vt 0.034091 0.772727
vt 0.034091 0.750000
vt 0.034091 0.772727
vt 0.034091 0.772727
vt 0.034091 0.750000
vt 0.034091 0.750000
vt 0.034091 0.772727
vt 0.068182 0.772727
vt 0.068182 0.772727
vt 0.068182 0.795455
vt 0.068182 0.795455
vt 0.068182 0.795455
vt 0.068182 0.795455
vt 0.068182 0.772727
vt 0.068182 0.772727
vt 0.068182 0.795455
vt 0.068182 0.795455
vt 0.068182 0.772727
vt 0.068182 0.795455
vt 0.068182 0.795455
vt 0.068182 0.772727
vt 0.068182 0.795455
vt 0.068182 0.795455
vt 0.068182 0.772727
vt 0.079545 0.000000
vt 0.079545 0.000000
vt 0.079545 0.022727
vt 0.079545 0.022727
vt 0.079545 0.000000
vt 0.079545 0.000000
vt 0.079545 0.022727
vt 0.079545 0.000000
vt 0.079545 0.022727
vt 0.079545 0.000000
vt 0.079545 0.000000
vt 0.079545 0.022727
vt 0.079545 0.000000
vt 0.079545 0.000000
vt 0.079545 0.022727
vt 0.079545 0.000000
vt 0.079545 0.022727
vt 0.147727 0.022727
vt 0.147727 0.045455
vt 0.147727 0.022727
vt 0.147727 0.022727
vt 0.147727 0.045455
vt 0.147727 0.022727
vt 0.147727 0.022727
vt 0.147727 0.022727
vt 0.147727 0.022727
vt 0.147727 0.022727
vt 0.147727 0.022727
vt 0.147727 0.022727
vt 0.147727 0.022727
vt 0.147727 0.045455
vt 0.147727 0.022727
vt 0.147727 0.045455
vt 0.159091 0.045455
vt 0.159091 0.068182
vt 0.159091 0.068182
vt 0.159091 0.045455
vt 0.159091 0.045455
vt 0.159091 0.068182
vt 0.159091 0.045455
vt 0.159091 0.068182
vt 0.170455 0.068182
vt 0.170455 0.090909
vt 0.170455 0.068182
vt 0.170455 0.068182
vt 0.170455 0.090909
vt 0.170455 0.068182
vt 0.170455 0.090909
vt 0.170455 0.068182
vt 0.170455 0.068182
vt 0.170455 0.090909
vt 0.193182 0.090909
vt 0.193182 0.090909
vt 0.193182 0.113636
vt 0.193182 0.090909
vt 0.193182 0.090909
vt 0.193182 0.113636
vt 0.193182 0.136364
vt 0.193182 0.136364
vt 0.204545 0.136364
vt 0.204545 0.159091
vt 0.204545 0.159091
vt 0.204545 0.159091
vt 0.204545 0.136364
vt 0.204545 0.136364
vt 0.204545 0.136364
vt 0.204545 0.159091
vt 0.204545 0.159091
vt 0.204545 0.159091
vt 0.204545 0.136364
vt 0.204545 0.136364
vt 0.193182 0.181818
vt 0.193182 0.159091
vt 0.193182 0.159091
vt 0.193182 0.181818
vt 0.193182 0.204545
vt 0.193182 0.204545
vt 0.193182 0.204545
vt 0.193182 0.204545
vt 0.159091 0.227273
vt 0.159091 0.204545
vt 0.159091 0.204545
vt 0.159091 0.227273
vt 0.159091 0.250000
vt 0.159091 0.250000
vt 0.159091 0.272727
vt 0.159091 0.272727
vt 0.159091 0.272727
vt 0.159091 0.272727
vt 0.147727 0.295455
vt 0.147727 0.272727
vt 0.147727 0.272727
vt 0.147727 0.295455
vt 0.180195 0.295455
vt 0.180195 0.295455
vt 0.180195 0.318182
vt 0.180195 0.295455
vt 0.180195 0.295455
vt 0.180195 0.318182
vt 0.198052 0.318182
vt 0.198052 0.318182
vt 0.198052 0.340909
vt 0.198052 0.318182
vt 0.198052 0.318182
vt 0.198052 0.340909
vt 0.194805 0.363636
vt 0.194805 0.340909
vt 0.194805 0.340909
vt 0.194805 0.363636
vt 0.199380 0.363636
vt 0.199380 0.386364
vt 0.199380 0.386364
vt 0.199380 0.386364
vt 0.199380 0.363636
vt 0.199380 0.386364
vt 0.199380 0.386364
vt 0.199380 0.386364
vt 0.199380 0.386364
vt 0.199380 0.386364
vt 0.199380 0.386364
vt 0.199380 0.386364
vt 0.199380 0.386364
vt 0.199380 0.386364
vt 0.199380 0.386364
vt 0.199380 0.386364
vt 0.199380 0.386364
vt 0.199380 0.386364
vt 0.199380 0.386364
vt 0.199380 0.363636
vt 0.199380 0.386364
vt 0.199380 0.386364
vt 0.199380 0.363636
vt 0.215909 0.409091
vt 0.215909 0.431818
vt 0.215909 0.431818
vt 0.215909 0.431818
vt 0.215909 0.409091
vt 0.215909 0.409091
vt 0.215909 0.431818
vt 0.215909 0.409091
vt 0.215909 0.431818
vt 0.215909 0.409091
vt 0.215909 0.431818
vt 0.215909 0.409091
vt 0.215909 0.431818
vt 0.215909 0.409091
vt 0.215909 0.431818
vt 0.215909 0.409091
vt 0.215909 0.431818
vt 0.215909 0.409091
vt 0.215909 0.431818
vt 0.215909 0.409091
vt 0.215909 0.431818
vt 0.215909 0.409091
vt 0.215909 0.431818
vt 0.215909 0.409091
vt 0.215909 0.431818
vt 0.215909 0.409091
vt 0.215909 0.409091
vt 0.215909 0.431818
vt 0.215909 0.431818
vt 0.215909 0.409091
vt 0.113636 0.568182
vt 0.113636 0.568182
vt 0.113636 0.590909
vt 0.113636 0.568182
vt 0.113636 0.568182
vt 0.113636 0.568182
vt 0.113636 0.568182
vt 0.113636 0.568182
vt 0.113636 0.568182
vt 0.113636 0.568182
vt 0.113636 0.590909
vt 0.102273 0.613636
vt 0.102273 0.590909
vt 0.102273 0.590909
vt 0.102273 0.613636
vt 0.087121 0.636364
vt 0.087121 0.636364
vt 0.087121 0.613636
vt 0.087121 0.636364
vt 0.087121 0.636364
vt 0.087121 0.636364
vt 0.087121 0.636364
vt 0.087121 0.636364
vt 0.087121 0.636364
vt 0.087121 0.636364
vt 0.087121 0.636364
vt 0.087121 0.613636
vt 0.138636 0.681818
vt 0.138636 0.681818
vt 0.138636 0.704545
vt 0.138636 0.681818
vt 0.138636 0.681818
vt 0.138636 0.681818
vt 0.138636 0.681818
vt 0.138636 0.681818
vt 0.138636 0.681818
vt 0.138636 0.681818
vt 0.138636 0.681818
vt 0.138636 0.681818
vt 0.138636 0.681818
vt 0.138636 0.681818
vt 0.138636 0.704545
vt 0.157468 0.727273
vt 0.157468 0.727273
vt 0.157468 0.704545
vt 0.157468 0.704545
vt 0.157468 0.727273
vt 0.157468 0.727273
vt 0.157468 0.727273
vt 0.157468 0.727273
vt 0.157468 0.727273
vt 0.157468 0.727273
vt 0.157468 0.727273
vt 0.157468 0.727273
vt 0.157468 0.704545
vt 0.157468 0.704545
vt 0.068182 0.750000
vt 0.068182 0.750000
vt 0.068182 0.727273
vt 0.068182 0.750000
vt 0.068182 0.750000
vt 0.068182 0.750000
vt 0.068182 0.750000
vt 0.068182 0.750000
vt 0.068182 0.750000
vt 0.068182 0.727273
vt 0.034091 0.750000
vt 0.034091 0.772727
vt 0.034091 0.772727
vt 0.034091 0.750000
vt 0.034091 0.772727
vt 0.034091 0.750000
vt 0.068182 0.772727
vt 0.068182 0.795455
vt 0.068182 0.795455
vt 0.068182 0.795455
vt 0.068182 0.772727
vt 0.068182 0.772727
vt 0.068182 0.795455
vt 0.068182 0.772727
vt 0.068182 0.772727
vt 0.068182 0.795455
vt 0.068182 0.795455
vt 0.068182 0.795455
vt 0.068182 0.772727
vt 0.068182 0.772727
vt 0.068182 0.772727
vt 0.068182 0.772727
vt 0.068182 0.795455
vt 0.068182 0.795455
vt 0.068182 0.772727
vt 0.079545 0.000000
vt 0.079545 0.022727
vt 0.079545 0.000000
vt 0.079545 0.000000
vt 0.079545 0.022727
vt 0.079545 0.000000
vt 0.079545 0.000000
vt 0.079545 0.000000
vt 0.079545 0.000000
vt 0.079545 0.000000
vt 0.079545 0.022727
vt 0.079545 0.000000
vt 0.079545 0.022727
vt 0.147727 0.022727
vt 0.147727 0.022727
vt 0.147727 0.045455
vt 0.147727 0.022727
vt 0.147727 0.022727
vt 0.147727 0.022727
vt 0.147727 0.022727
vt 0.147727 0.022727
vt 0.147727 0.022727
vt 0.147727 0.045455
vt 0.159091 0.045455
vt 0.159091 0.068182
vt 0.159091 0.045455
vt 0.159091 0.045455
vt 0.159091 0.068182
vt 0.159091 0.045455
vt 0.159091 0.068182
vt 0.159091 0.045455
vt 0.159091 0.045455
vt 0.159091 0.068182
vt 0.170455 0.090909
vt 0.170455 0.068182
vt 0.170455 0.068182
vt 0.170455 0.090909
vt 0.193182 0.090909
vt 0.193182 0.090909
vt 0.193182 0.113636
vt 0.193182 0.090909
vt 0.193182 0.090909
vt 0.193182 0.113636
vt 0.193182 0.136364
vt 0.193182 0.136364
vt 0.204545 0.159091
vt 0.204545 0.159091
vt 0.204545 0.136364
vt 0.204545 0.136364
vt 0.204545 0.159091
vt 0.204545 0.159091
vt 0.204545 0.136364
vt 0.204545 0.136364
vt 0.193182 0.181818
vt 0.193182 0.159091
vt 0.193182 0.159091
vt 0.193182 0.181818
vt 0.193182 0.204545
vt 0.193182 0.204545
vt 0.193182 0.204545
vt 0.193182 0.204545
vt 0.159091 0.227273
vt 0.159091 0.204545
vt 0.159091 0.204545
vt 0.159091 0.227273
vt 0.159091 0.250000
vt 0.159091 0.250000
vt 0.159091 0.272727
vt 0.159091 0.272727
vt 0.159091 0.272727
vt 0.159091 0.272727
vt 0.147727 0.295455
vt 0.147727 0.272727
vt 0.147727 0.272727
vt 0.147727 0.295455
vt 0.180195 0.295455
vt 0.180195 0.318182
vt 0.180195 0.295455
vt 0.180195 0.295455
vt 0.180195 0.318182
vt 0.180195 0.295455
vt 0.180195 0.295455
vt 0.180195 0.295455
vt 0.180195 0.295455
vt 0.180195 0.318182
vt 0.180195 0.295455
vt 0.180195 0.318182
vt 0.198052 0.340909
vt 0.198052 0.318182
vt 0.198052 0.318182
vt 0.198052 0.340909
vt 0.194805 0.363636
vt 0.194805 0.340909
vt 0.194805 0.340909
vt 0.194805 0.363636
vt 0.199380 0.386364
vt 0.199380 0.386364
vt 0.199380 0.363636
vt 0.199380 0.386364
vt 0.199380 0.386364
vt 0.199380 0.386364
vt 0.199380 0.386364
vt 0.199380 0.386364
vt 0.199380 0.386364
vt 0.199380 0.386364
vt 0.199380 0.386364
vt 0.199380 0.386364
vt 0.199380 0.386364
vt 0.199380 0.386364
vt 0.199380 0.386364
vt 0.199380 0.386364
vt 0.199380 0.386364
vt 0.199380 0.386364
vt 0.199380 0.363636
vt 0.215909 0.409091
vt 0.215909 0.431818
vt 0.215909 0.431818
vt 0.215909 0.431818
vt 0.215909 0.409091
vt 0.215909 0.409091
vt 0.215909 0.431818
vt 0.215909 0.409091
vt 0.215909 0.431818
vt 0.215909 0.409091
vt 0.215909 0.431818
vt 0.215909 0.409091
vt 0.215909 0.431818
vt 0.215909 0.409091
vt 0.215909 0.431818
vt 0.215909 0.409091
vt 0.215909 0.431818
vt 0.215909 0.409091
vt 0.215909 0.431818
vt 0.215909 0.409091
vt 0.215909 0.431818
vt 0.215909 0.409091
vt 0.215909 0.431818
vt 0.215909 0.409091
vt 0.215909 0.431818
vt 0.215909 0.409091
vt 0.215909 0.431818
vt 0.215909 0.409091
vt 0.215909 0.431818
vt 0.215909 0.409091
vt 0.215909 0.409091
vt 0.215909 0.431818
vt 0.215909 0.431818
vt 0.215909 0.409091
vt 0.113636 0.545455
vt 0.113636 0.545455
vt 0.113636 0.545455
vt 0.113636 0.545455
vt 0.113636 0.568182
vt 0.113636 0.545455
vt 0.113636 0.545455
vt 0.113636 0.545455
vt 0.113636 0.545455
vt 0.113636 0.545455
vt 0.113636 0.545455
vt 0.113636 0.568182
vt 0.113636 0.568182
vt 0.113636 0.590909
vt 0.113636 0.568182
vt 0.113636 0.568182
vt 0.113636 0.590909
vt 0.113636 0.568182
vt 0.113636 0.568182
vt 0.113636 0.568182
vt 0.113636 0.568182
vt 0.113636 0.590909
vt 0.113636 0.568182
vt 0.113636 0.590909
vt 0.102273 0.590909
vt 0.102273 0.613636
vt 0.102273 0.613636
vt 0.102273 0.590909
vt 0.102273 0.590909
vt 0.102273 0.613636
vt 0.102273 0.590909
vt 0.102273 0.613636
vt 0.102273 0.613636
vt 0.102273 0.590909
vt 0.102273 0.590909
vt 0.102273 0.613636
vt 0.087121 0.613636
vt 0.087121 0.636364
vt 0.087121 0.636364
vt 0.087121 0.613636
vt 0.087121 0.636364
vt 0.087121 0.636364
vt 0.087121 0.636364
vt 0.087121 0.636364
vt 0.087121 0.636364
vt 0.087121 0.636364
vt 0.087121 0.613636
vt 0.087121 0.636364
vt 0.087121 0.613636
vt 0.138636 0.681818
vt 0.138636 0.681818
vt 0.138636 0.704545
vt 0.138636 0.681818
vt 0.138636 0.681818
vt 0.138636 0.681818
vt 0.138636 0.681818
vt 0.138636 0.681818
vt 0.138636 0.681818
vt 0.138636 0.681818
vt 0.138636 0.681818
vt 0.138636 0.681818
vt 0.138636 0.681818
vt 0.138636 0.681818
vt 0.138636 0.704545
vt 0.157468 0.704545
vt 0.157468 0.727273
vt 0.157468 0.727273
vt 0.157468 0.704545
vt 0.157468 0.727273
vt 0.157468 0.727273
vt 0.157468 0.727273
vt 0.157468 0.727273
vt 0.157468 0.727273
vt 0.157468 0.727273
vt 0.157468 0.727273
vt 0.157468 0.704545
vt 0.157468 0.727273
vt 0.157468 0.704545
vt 0.068182 0.727273
vt 0.068182 0.750000
vt 0.068182 0.750000
vt 0.068182 0.727273
vt 0.068182 0.750000
vt 0.068182 0.750000
vt 0.068182 0.750000
vt 0.068182 0.750000
vt 0.068182 0.750000
vt 0.068182 0.727273
vt 0.068182 0.750000
vt 0.068182 0.727273
vt 0.068182 0.772727
vt 0.068182 0.772727
vt 0.068182 0.795455
vt 0.068182 0.772727
vt 0.068182 0.772727
vt 0.068182 0.772727
vt 0.068182 0.772727
vt 0.068182 0.772727
vt 0.068182 0.772727
vt 0.068182 0.795455
vt 0.095779 0.795455
vt 0.095779 0.795455
vt 0.095779 0.818182
vt 0.095779 0.818182
vt 0.095779 0.818182
vt 0.095779 0.818182
vt 0.095779 0.795455
vt 0.095779 0.795455
vt 0.095779 0.818182
vt 0.095779 0.818182
vt 0.095779 0.795455
vt 0.095779 0.818182
vt 0.095779 0.818182
vt 0.095779 0.795455
vt 0.095779 0.818182
vt 0.095779 0.818182
vt 0.095779 0.795455
vt 0.095779 0.818182
vt 0.095779 0.818182
vt 0.095779 0.795455
vt 0.095779 0.818182
vt 0.095779 0.818182
vt 0.095779 0.795455
vt 0.079545 0.000000
vt 0.079545 0.000000
vt 0.079545 0.022727
vt 0.079545 0.000000
vt 0.079545 0.000000
vt 0.079545 0.000000
vt 0.079545 0.000000
vt 0.079545 0.000000
vt 0.079545 0.022727
vt 0.147727 0.022727
vt 0.147727 0.022727
vt 0.147727 0.045455
vt 0.147727 0.022727
vt 0.147727 0.022727
vt 0.147727 0.022727
vt 0.147727 0.022727
vt 0.147727 0.022727
vt 0.147727 0.022727
vt 0.147727 0.045455
vt 0.159091 0.045455
vt 0.159091 0.045455
vt 0.159091 0.068182
vt 0.159091 0.045455
vt 0.159091 0.045455
vt 0.159091 0.068182
vt 0.170455 0.090909
vt 0.170455 0.068182
vt 0.170455 0.068182
vt 0.170455 0.090909
vt 0.193182 0.090909
vt 0.193182 0.090909
vt 0.193182 0.113636
vt 0.193182 0.090909
vt 0.193182 0.090909
vt 0.193182 0.113636
vt 0.193182 0.136364
vt 0.193182 0.136364
vt 0.204545 0.136364
vt 0.204545 0.136364
vt 0.204545 0.159091
vt 0.204545 0.136364
vt 0.204545 0.136364
vt 0.204545 0.159091
vt 0.193182 0.159091
vt 0.193182 0.181818
vt 0.193182 0.181818
vt 0.193182 0.159091
vt 0.193182 0.159091
vt 0.193182 0.181818
vt 0.193182 0.159091
vt 0.193182 0.181818
vt 0.193182 0.181818
vt 0.193182 0.159091
vt 0.193182 0.159091
vt 0.193182 0.181818
vt 0.193182 0.204545
vt 0.193182 0.204545
vt 0.193182 0.204545
vt 0.193182 0.204545
vt 0.193182 0.204545
vt 0.193182 0.204545
vt 0.193182 0.204545
vt 0.193182 0.204545
vt 0.159091 0.227273
vt 0.159091 0.204545
vt 0.159091 0.204545
vt 0.159091 0.227273
vt 0.159091 0.250000
vt 0.159091 0.250000
vt 0.159091 0.272727
vt 0.159091 0.272727
vt 0.147727 0.272727
vt 0.147727 0.295455
vt 0.147727 0.295455
vt 0.147727 0.272727
vt 0.147727 0.272727
vt 0.147727 0.295455
vt 0.147727 0.272727
vt 0.147727 0.295455
vt 0.147727 0.295455
vt 0.147727 0.272727
vt 0.147727 0.272727
vt 0.147727 0.295455
vt 0.180195 0.295455
vt 0.180195 0.295455
vt 0.180195 0.318182
vt 0.180195 0.295455
vt 0.180195 0.295455
vt 0.180195 0.318182
vt 0.198052 0.318182
vt 0.198052 0.340909
vt 0.198052 0.318182
vt 0.198052 0.318182
vt 0.198052 0.340909
vt 0.198052 0.318182
vt 0.198052 0.340909
vt 0.198052 0.318182
vt 0.198052 0.318182
vt 0.198052 0.340909
vt 0.194805 0.340909
vt 0.194805 0.363636
vt 0.194805 0.363636
vt 0.194805 0.363636
vt 0.194805 0.340909
vt 0.194805 0.340909
vt 0.194805 0.363636
vt 0.194805 0.363636
vt 0.194805 0.363636
vt 0.194805 0.340909
vt 0.199380 0.386364
vt 0.199380 0.386364
vt 0.199380 0.363636
vt 0.199380 0.386364
vt 0.199380 0.386364
vt 0.199380 0.386364
vt 0.199380 0.386364
vt 0.199380 0.386364
vt 0.199380 0.386364
vt 0.199380 0.386364
vt 0.199380 0.386364
vt 0.199380 0.386364
vt 0.199380 0.386364
vt 0.199380 0.386364
vt 0.199380 0.386364
vt 0.199380 0.386364
vt 0.199380 0.386364
vt 0.199380 0.386364
vt 0.199380 0.363636
vt 0.215909 0.409091
vt 0.215909 0.431818
vt 0.215909 0.431818
vt 0.215909 0.431818
vt 0.215909 0.409091
vt 0.215909 0.409091
vt 0.215909 0.431818
vt 0.215909 0.409091
vt 0.215909 0.431818
vt 0.215909 0.409091
vt 0.215909 0.431818
vt 0.215909 0.409091
vt 0.215909 0.431818
vt 0.215909 0.409091
vt 0.215909 0.431818
vt 0.215909 0.409091
vt 0.215909 0.431818
vt 0.215909 0.409091
vt 0.215909 0.431818
vt 0.215909 0.409091
vt 0.215909 0.431818
vt 0.215909 0.409091
vt 0.215909 0.431818
vt 0.215909 0.409091
vt 0.215909 0.431818
vt 0.215909 0.409091
vt 0.215909 0.431818
vt 0.215909 0.409091
vt 0.215909 0.431818
vt 0.215909 0.409091
vt 0.215909 0.431818
vt 0.215909 0.409091
vt 0.215909 0.431818
vt 0.215909 0.409091
vt 0.215909 0.409091
vt 0.215909 0.431818
vt 0.215909 0.431818
vt 0.215909 0.409091
vt 0.113636 0.522727
vt 0.113636 0.522727
vt 0.113636 0.522727
vt 0.113636 0.522727
vt 0.113636 0.545455
vt 0.113636 0.522727
vt 0.113636 0.522727
vt 0.113636 0.522727
vt 0.113636 0.522727
vt 0.113636 0.522727
vt 0.113636 0.522727
vt 0.113636 0.545455
vt 0.113636 0.545455
vt 0.113636 0.545455
vt 0.113636 0.545455
vt 0.113636 0.545455
vt 0.113636 0.568182
vt 0.113636 0.545455
vt 0.113636 0.545455
vt 0.113636 0.545455
vt 0.113636 0.545455
vt 0.113636 0.568182
vt 0.113636 0.590909
vt 0.113636 0.590909
vt 0.113636 0.590909
vt 0.113636 0.568182
vt 0.113636 0.590909
vt 0.113636 0.590909
vt 0.113636 0.590909
vt 0.113636 0.568182
vt 0.102273 0.613636
vt 0.102273 0.613636
vt 0.102273 0.613636
vt 0.102273 0.590909
vt 0.102273 0.613636
vt 0.102273 0.613636
vt 0.102273 0.613636
vt 0.102273 0.590909
vt 0.087121 0.613636
vt 0.087121 0.636364
vt 0.087121 0.636364
vt 0.087121 0.613636
vt 0.087121 0.636364
vt 0.087121 0.636364
vt 0.087121 0.636364
vt 0.087121 0.636364
vt 0.087121 0.613636
vt 0.087121 0.636364
vt 0.087121 0.613636
vt 0.138636 0.681818
vt 0.138636 0.681818
vt 0.138636 0.704545
vt 0.138636 0.681818
vt 0.138636 0.681818
vt 0.138636 0.681818
vt 0.138636 0.681818
vt 0.138636 0.681818
vt 0.138636 0.681818
vt 0.138636 0.681818
vt 0.138636 0.681818
vt 0.138636 0.681818
vt 0.138636 0.681818
vt 0.138636 0.681818
vt 0.138636 0.704545
vt 0.157468 0.727273
vt 0.157468 0.727273
vt 0.157468 0.704545
vt 0.157468 0.727273
vt 0.157468 0.727273
vt 0.157468 0.727273
vt 0.157468 0.727273
vt 0.157468 0.727273
vt 0.157468 0.727273
vt 0.157468 0.727273
vt 0.157468 0.727273
vt 0.157468 0.727273
vt 0.157468 0.727273
vt 0.157468 0.704545
vt 0.068182 0.727273
vt 0.068182 0.750000
vt 0.068182 0.750000
vt 0.068182 0.727273
vt 0.068182 0.750000
vt 0.068182 0.727273
vt 0.068182 0.750000
vt 0.068182 0.727273
vt 0.068182 0.750000
vt 0.068182 0.727273
vt 0.068182 0.772727
vt 0.068182 0.772727
vt 0.068182 0.795455
vt 0.068182 0.772727
vt 0.068182 0.772727
vt 0.068182 0.772727
vt 0.068182 0.772727
vt 0.068182 0.772727
vt 0.068182 0.795455
vt 0.095779 0.795455
vt 0.095779 0.818182
vt 0.095779 0.818182
vt 0.095779 0.818182
vt 0.095779 0.795455
vt 0.095779 0.795455
vt 0.095779 0.818182
vt 0.095779 0.818182
vt 0.095779 0.818182
vt 0.095779 0.818182
vt 0.095779 0.818182
vt 0.095779 0.818182
vt 0.095779 0.795455
vt 0.095779 0.818182
vt 0.095779 0.818182
vt 0.095779 0.795455
vt 0.095779 0.795455
vt 0.102273 0.840909
vt 0.102273 0.840909
vt 0.102273 0.863636
vt 0.102273 0.863636
vt 0.102273 0.863636
vt 0.102273 0.863636
vt 0.102273 0.840909
vt 0.102273 0.840909
vt 0.102273 0.840909
vt 0.102273 0.863636
vt 0.102273 0.863636
vt 0.102273 0.840909
vt 0.102273 0.840909
vt 0.102273 0.863636
vt 0.102273 0.863636
vt 0.102273 0.840909
vt 0.102273 0.840909
vt 0.102273 0.863636
vt 0.102273 0.863636
vt 0.102273 0.840909
vt 0.079545 0.000000
vt 0.079545 0.022727
vt 0.079545 0.022727
vt 0.079545 0.000000
vt 0.079545 0.000000
vt 0.079545 0.022727
vt 0.079545 0.000000
vt 0.079545 0.000000
vt 0.079545 0.000000
vt 0.079545 0.000000
vt 0.079545 0.000000
vt 0.079545 0.000000
vt 0.079545 0.022727
vt 0.079545 0.022727
vt 0.079545 0.000000
vt 0.079545 0.000000
vt 0.079545 0.022727
vt 0.147727 0.022727
vt 0.147727 0.045455
vt 0.147727 0.045455
vt 0.147727 0.022727
vt 0.147727 0.022727
vt 0.147727 0.045455
vt 0.147727 0.022727
vt 0.147727 0.022727
vt 0.147727 0.022727
vt 0.147727 0.022727
vt 0.147727 0.022727
vt 0.147727 0.045455
vt 0.147727 0.045455
vt 0.147727 0.022727
vt 0.147727 0.022727
vt 0.147727 0.045455
vt 0.159091 0.068182
vt 0.159091 0.045455
vt 0.159091 0.045455
vt 0.159091 0.068182
vt 0.170455 0.068182
vt 0.170455 0.090909
vt 0.170455 0.090909
vt 0.170455 0.068182
vt 0.170455 0.068182
vt 0.170455 0.090909
vt 0.170455 0.068182
vt 0.170455 0.090909
vt 0.170455 0.090909
vt 0.170455 0.068182
vt 0.170455 0.068182
vt 0.170455 0.090909
vt 0.193182 0.090909
vt 0.193182 0.113636
vt 0.193182 0.113636
vt 0.193182 0.090909
vt 0.193182 0.090909
vt 0.193182 0.113636
vt 0.193182 0.090909
vt 0.193182 0.113636
vt 0.193182 0.113636
vt 0.193182 0.090909
vt 0.193182 0.090909
vt 0.193182 0.113636
vt 0.193182 0.136364
vt 0.193182 0.136364
vt 0.193182 0.136364
vt 0.193182 0.136364
vt 0.193182 0.136364
vt 0.193182 0.136364
vt 0.204545 0.159091
vt 0.204545 0.159091
vt 0.204545 0.159091
vt 0.204545 0.136364
vt 0.204545 0.159091
vt 0.204545 0.159091
vt 0.204545 0.159091
vt 0.204545 0.136364
vt 0.193182 0.181818
vt 0.193182 0.159091
vt 0.193182 0.159091
vt 0.193182 0.181818
vt 0.193182 0.204545
vt 0.193182 0.204545
vt 0.193182 0.204545
vt 0.193182 0.204545
vt 0.159091 0.227273
vt 0.159091 0.204545
vt 0.159091 0.204545
vt 0.159091 0.227273
vt 0.159091 0.250000
vt 0.159091 0.250000
vt 0.159091 0.272727
vt 0.159091 0.272727
vt 0.159091 0.272727
vt 0.159091 0.272727
vt 0.159091 0.272727
vt 0.159091 0.272727
vt 0.147727 0.295455
vt 0.147727 0.272727
vt 0.147727 0.272727
vt 0.147727 0.295455
vt 0.180195 0.295455
vt 0.180195 0.295455
vt 0.180195 0.318182
vt 0.180195 0.295455
vt 0.180195 0.295455
vt 0.180195 0.295455
vt 0.180195 0.295455
vt 0.180195 0.295455
vt 0.180195 0.295455
vt 0.180195 0.318182
vt 0.198052 0.318182
vt 0.198052 0.318182
vt 0.198052 0.340909
vt 0.198052 0.318182
vt 0.198052 0.318182
vt 0.198052 0.340909
vt 0.194805 0.363636
vt 0.194805 0.340909
vt 0.194805 0.340909
vt 0.194805 0.363636
vt 0.199380 0.363636
vt 0.199380 0.386364
vt 0.199380 0.386364
vt 0.199380 0.386364
vt 0.199380 0.363636
vt 0.199380 0.386364
vt 0.199380 0.386364
vt 0.199380 0.386364
vt 0.199380 0.386364
vt 0.199380 0.386364
vt 0.199380 0.386364
vt 0.199380 0.386364
vt 0.199380 0.386364
vt 0.199380 0.386364
vt 0.199380 0.386364
vt 0.199380 0.386364
vt 0.199380 0.386364
vt 0.199380 0.386364
vt 0.199380 0.363636
vt 0.199380 0.386364
vt 0.199380 0.386364
vt 0.199380 0.363636
vt 0.113636 0.386364
vt 0.113636 0.386364
vt 0.113636 0.409091
vt 0.113636 0.409091
vt 0.113636 0.409091
vt 0.113636 0.386364
vt 0.113636 0.386364
vt 0.113636 0.409091
vt 0.113636 0.386364
vt 0.113636 0.409091
vt 0.113636 0.386364
vt 0.113636 0.409091
vt 0.113636 0.386364
vt 0.113636 0.409091
vt 0.215909 0.409091
vt 0.215909 0.431818
vt 0.215909 0.431818
vt 0.215909 0.431818
vt 0.215909 0.409091
vt 0.215909 0.409091
vt 0.215909 0.431818
vt 0.215909 0.409091
vt 0.215909 0.431818
vt 0.215909 0.409091
vt 0.215909 0.431818
vt 0.215909 0.409091
vt 0.215909 0.431818
vt 0.215909 0.409091
vt 0.215909 0.431818
vt 0.215909 0.409091
vt 0.215909 0.431818
vt 0.215909 0.409091
vt 0.215909 0.431818
vt 0.215909 0.431818
vt 0.215909 0.431818
vt 0.215909 0.431818
vt 0.215909 0.431818
vt 0.215909 0.409091
vt 0.215909 0.409091
vt 0.215909 0.431818
vt 0.215909 0.409091
vt 0.215909 0.431818
vt 0.215909 0.409091
vt 0.215909 0.431818
vt 0.215909 0.409091
vt 0.215909 0.431818
vt 0.215909 0.409091
vt 0.215909 0.431818
vt 0.215909 0.409091
vt 0.215909 0.409091
vt 0.215909 0.431818
vt 0.215909 0.431818
vt 0.215909 0.409091
vt 0.102273 0.500000
vt 0.102273 0.500000
vt 0.102273 0.522727
vt 0.102273 0.522727
vt 0.102273 0.500000
vt 0.102273 0.500000
vt 0.102273 0.522727
vt 0.102273 0.500000
vt 0.102273 0.522727
vt 0.102273 0.500000
vt 0.102273 0.500000
vt 0.102273 0.522727
vt 0.102273 0.500000
vt 0.102273 0.500000
vt 0.102273 0.522727
vt 0.102273 0.500000
vt 0.102273 0.522727
vt 0.113636 0.522727
vt 0.113636 0.522727
vt 0.113636 0.522727
vt 0.113636 0.522727
vt 0.113636 0.545455
vt 0.113636 0.522727
vt 0.113636 0.522727
vt 0.113636 0.522727
vt 0.113636 0.522727
vt 0.113636 0.522727
vt 0.113636 0.522727
vt 0.113636 0.545455
vt 0.113636 0.568182
vt 0.113636 0.568182
vt 0.113636 0.590909
vt 0.113636 0.590909
vt 0.113636 0.568182
vt 0.113636 0.590909
vt 0.113636 0.590909
vt 0.113636 0.568182
vt 0.102273 0.590909
vt 0.102273 0.613636
vt 0.102273 0.613636
vt 0.102273 0.590909
vt 0.102273 0.613636
vt 0.102273 0.613636
vt 0.102273 0.613636
vt 0.102273 0.613636
vt 0.102273 0.613636
vt 0.102273 0.590909
vt 0.102273 0.613636
vt 0.102273 0.590909
vt 0.087121 0.613636
vt 0.087121 0.636364
vt 0.087121 0.636364
vt 0.087121 0.613636
vt 0.087121 0.636364
vt 0.087121 0.613636
vt 0.087121 0.636364
vt 0.087121 0.613636
vt 0.087121 0.636364
vt 0.087121 0.613636
vt 0.138636 0.681818
vt 0.138636 0.704545
vt 0.138636 0.704545
vt 0.138636 0.681818
vt 0.138636 0.681818
vt 0.138636 0.681818
vt 0.138636 0.681818
vt 0.138636 0.681818
vt 0.138636 0.681818
vt 0.138636 0.681818
vt 0.138636 0.681818
vt 0.138636 0.681818
vt 0.138636 0.681818
vt 0.138636 0.681818
vt 0.138636 0.704545
vt 0.138636 0.704545
vt 0.138636 0.681818
vt 0.157468 0.704545
vt 0.157468 0.727273
vt 0.157468 0.727273
vt 0.157468 0.704545
vt 0.157468 0.727273
vt 0.157468 0.727273
vt 0.157468 0.727273
vt 0.157468 0.727273
vt 0.157468 0.727273
vt 0.157468 0.727273
vt 0.157468 0.727273
vt 0.157468 0.727273
vt 0.157468 0.727273
vt 0.157468 0.727273
vt 0.157468 0.727273
vt 0.157468 0.727273
vt 0.157468 0.727273
vt 0.157468 0.704545
vt 0.157468 0.727273
vt 0.157468 0.704545
vt 0.068182 0.772727
vt 0.068182 0.795455
vt 0.068182 0.795455
vt 0.068182 0.772727
vt 0.068182 0.772727
vt 0.068182 0.772727
vt 0.068182 0.772727
vt 0.068182 0.772727
vt 0.068182 0.795455
vt 0.068182 0.795455
vt 0.068182 0.772727
vt 0.095779 0.818182
vt 0.095779 0.818182
vt 0.095779 0.795455
vt 0.095779 0.795455
vt 0.095779 0.818182
vt 0.095779 0.818182
vt 0.095779 0.818182
vt 0.095779 0.818182
vt 0.095779 0.818182
vt 0.095779 0.818182
vt 0.095779 0.818182
vt 0.095779 0.795455
vt 0.095779 0.795455
vt 0.102273 0.840909
vt 0.102273 0.863636
vt 0.102273 0.863636
vt 0.102273 0.863636
vt 0.102273 0.840909
vt 0.102273 0.840909
vt 0.102273 0.840909
vt 0.102273 0.840909
vt 0.102273 0.840909
vt 0.102273 0.840909
vt 0.102273 0.840909
vt 0.102273 0.863636
vt 0.102273 0.863636
vt 0.102273 0.863636
vt 0.102273 0.840909
vt 0.125000 0.863636
vt 0.125000 0.863636
vt 0.125000 0.886364
vt 0.125000 0.886364
vt 0.125000 0.886364
vt 0.125000 0.886364
vt 0.125000 0.863636
vt 0.125000 0.863636
vt 0.125000 0.886364
vt 0.125000 0.886364
vt 0.125000 0.863636
vt 0.125000 0.886364
vt 0.125000 0.886364
vt 0.125000 0.863636
vt 0.125000 0.886364
vt 0.125000 0.886364
vt 0.125000 0.863636
vt 0.079545 0.000000
vt 0.079545 0.000000
vt 0.079545 0.022727
vt 0.079545 0.000000
vt 0.079545 0.000000
vt 0.079545 0.000000
vt 0.079545 0.000000
vt 0.079545 0.000000
vt 0.079545 0.022727
vt 0.147727 0.022727
vt 0.147727 0.022727
vt 0.147727 0.045455
vt 0.147727 0.022727
vt 0.147727 0.022727
vt 0.147727 0.022727
vt 0.147727 0.022727
vt 0.147727 0.022727
vt 0.147727 0.022727
vt 0.147727 0.022727
vt 0.147727 0.022727
vt 0.147727 0.045455
vt 0.159091 0.045455
vt 0.159091 0.045455
vt 0.159091 0.045455
vt 0.159091 0.068182
vt 0.159091 0.045455
vt 0.159091 0.045455
vt 0.159091 0.045455
vt 0.159091 0.068182
vt 0.170455 0.090909
vt 0.170455 0.068182
vt 0.170455 0.068182
vt 0.170455 0.090909
vt 0.193182 0.090909
vt 0.193182 0.090909
vt 0.193182 0.090909
vt 0.193182 0.113636
vt 0.193182 0.090909
vt 0.193182 0.090909
vt 0.193182 0.090909
vt 0.193182 0.113636
vt 0.193182 0.136364
vt 0.193182 0.136364
vt 0.204545 0.159091
vt 0.204545 0.159091
vt 0.204545 0.136364
vt 0.204545 0.136364
vt 0.204545 0.136364
vt 0.204545 0.159091
vt 0.204545 0.159091
vt 0.204545 0.136364
vt 0.204545 0.136364
vt 0.204545 0.136364
vt 0.193182 0.181818
vt 0.193182 0.159091
vt 0.193182 0.159091
vt 0.193182 0.181818
vt 0.193182 0.204545
vt 0.193182 0.204545
vt 0.193182 0.204545
vt 0.193182 0.204545
vt 0.159091 0.204545
vt 0.159091 0.227273
vt 0.159091 0.227273
vt 0.159091 0.204545
vt 0.159091 0.204545
vt 0.159091 0.227273
vt 0.159091 0.227273
vt 0.159091 0.204545
vt 0.159091 0.250000
vt 0.159091 0.250000
vt 0.159091 0.250000
vt 0.159091 0.250000
vt 0.159091 0.272727
vt 0.159091 0.272727
vt 0.159091 0.272727
vt 0.159091 0.272727
vt 0.147727 0.295455
vt 0.147727 0.272727
vt 0.147727 0.272727
vt 0.147727 0.295455
vt 0.180195 0.295455
vt 0.180195 0.295455
vt 0.180195 0.318182
vt 0.180195 0.295455
vt 0.180195 0.295455
vt 0.180195 0.295455
vt 0.180195 0.295455
vt 0.180195 0.318182
vt 0.198052 0.318182
vt 0.198052 0.318182
vt 0.198052 0.340909
vt 0.198052 0.318182
vt 0.198052 0.318182
vt 0.198052 0.340909
vt 0.194805 0.340909
vt 0.194805 0.363636
vt 0.194805 0.363636
vt 0.194805 0.340909
vt 0.194805 0.340909
vt 0.194805 0.363636
vt 0.194805 0.363636
vt 0.194805 0.340909
vt 0.199380 0.386364
vt 0.199380 0.386364
vt 0.199380 0.363636
vt 0.199380 0.386364
vt 0.199380 0.386364
vt 0.199380 0.386364
vt 0.199380 0.386364
vt 0.199380 0.386364
vt 0.199380 0.386364
vt 0.199380 0.386364
vt 0.199380 0.386364
vt 0.199380 0.386364
vt 0.199380 0.386364
vt 0.199380 0.363636
vt 0.113636 0.386364
vt 0.113636 0.386364
vt 0.113636 0.409091
vt 0.113636 0.409091
vt 0.113636 0.409091
vt 0.113636 0.386364
vt 0.113636 0.386364
vt 0.113636 0.409091
vt 0.113636 0.386364
vt 0.113636 0.409091
vt 0.113636 0.386364
vt 0.113636 0.409091
vt 0.215909 0.431818
vt 0.215909 0.431818
vt 0.215909 0.409091
vt 0.215909 0.409091
vt 0.215909 0.431818
vt 0.215909 0.409091
vt 0.215909 0.431818
vt 0.215909 0.409091
vt 0.215909 0.431818
vt 0.215909 0.409091
vt 0.215909 0.431818
vt 0.215909 0.409091
vt 0.215909 0.431818
vt 0.215909 0.431818
vt 0.215909 0.431818
vt 0.215909 0.431818
vt 0.215909 0.431818
vt 0.215909 0.431818
vt 0.215909 0.431818
vt 0.215909 0.431818
vt 0.215909 0.431818
vt 0.215909 0.409091
vt 0.215909 0.409091
vt 0.215909 0.431818
vt 0.215909 0.409091
vt 0.215909 0.431818
vt 0.215909 0.409091
vt 0.215909 0.431818
vt 0.215909 0.409091
vt 0.215909 0.431818
vt 0.215909 0.409091
vt 0.102273 0.477273
vt 0.102273 0.477273
vt 0.102273 0.477273
vt 0.102273 0.477273
vt 0.102273 0.500000
vt 0.102273 0.477273
vt 0.102273 0.477273
vt 0.102273 0.477273
vt 0.102273 0.477273
vt 0.102273 0.477273
vt 0.102273 0.477273
vt 0.102273 0.500000
vt 0.102273 0.500000
vt 0.102273 0.522727
vt 0.102273 0.500000
vt 0.102273 0.522727
vt 0.102273 0.500000
vt 0.102273 0.522727
vt 0.102273 0.500000
vt 0.102273 0.522727
vt 0.113636 0.522727
vt 0.113636 0.522727
vt 0.113636 0.545455
vt 0.113636 0.522727
vt 0.113636 0.522727
vt 0.113636 0.545455
vt 0.113636 0.545455
vt 0.113636 0.545455
vt 0.113636 0.568182
vt 0.113636 0.545455
vt 0.113636 0.545455
vt 0.113636 0.568182
vt 0.113636 0.590909
vt 0.113636 0.590909
vt 0.113636 0.568182
vt 0.113636 0.590909
vt 0.113636 0.590909
vt 0.113636 0.590909
vt 0.113636 0.590909
vt 0.113636 0.590909
vt 0.113636 0.568182
vt 0.113636 0.590909
vt 0.102273 0.590909
vt 0.102273 0.613636
vt 0.102273 0.613636
vt 0.102273 0.590909
vt 0.102273 0.613636
vt 0.102273 0.613636
vt 0.102273 0.613636
vt 0.102273 0.613636
vt 0.102273 0.613636
vt 0.102273 0.613636
vt 0.102273 0.613636
vt 0.102273 0.590909
vt 0.102273 0.613636
vt 0.102273 0.590909
vt 0.138636 0.681818
vt 0.138636 0.704545
vt 0.138636 0.704545
vt 0.138636 0.681818
vt 0.138636 0.681818
vt 0.138636 0.681818
vt 0.138636 0.681818
vt 0.138636 0.681818
vt 0.138636 0.681818
vt 0.138636 0.681818
vt 0.138636 0.681818
vt 0.138636 0.681818
vt 0.138636 0.704545
vt 0.138636 0.704545
vt 0.138636 0.681818
vt 0.157468 0.704545
vt 0.157468 0.727273
vt 0.157468 0.727273
vt 0.157468 0.704545
vt 0.157468 0.727273
vt 0.157468 0.727273
vt 0.157468 0.727273
vt 0.157468 0.727273
vt 0.157468 0.727273
vt 0.157468 0.727273
vt 0.157468 0.727273
vt 0.157468 0.727273
vt 0.157468 0.704545
vt 0.157468 0.727273
vt 0.157468 0.704545
vt 0.068182 0.772727
vt 0.068182 0.795455
vt 0.068182 0.795455
vt 0.068182 0.772727
vt 0.068182 0.795455
vt 0.068182 0.772727
vt 0.068182 0.795455
vt 0.068182 0.772727
vt 0.068182 0.795455
vt 0.068182 0.772727
vt 0.095779 0.818182
vt 0.095779 0.818182
vt 0.095779 0.795455
vt 0.095779 0.795455
vt 0.095779 0.818182
vt 0.095779 0.795455
vt 0.095779 0.795455
vt 0.095779 0.818182
vt 0.095779 0.818182
vt 0.095779 0.818182
vt 0.095779 0.818182
vt 0.095779 0.818182
vt 0.095779 0.795455
vt 0.095779 0.795455
vt 0.095779 0.795455
vt 0.095779 0.818182
vt 0.095779 0.795455
vt 0.102273 0.840909
vt 0.102273 0.863636
vt 0.102273 0.840909
vt 0.102273 0.840909
vt 0.102273 0.863636
vt 0.102273 0.840909
vt 0.102273 0.840909
vt 0.102273 0.840909
vt 0.102273 0.840909
vt 0.102273 0.840909
vt 0.102273 0.840909
vt 0.102273 0.840909
vt 0.102273 0.863636
vt 0.102273 0.840909
vt 0.102273 0.863636
vt 0.125000 0.863636
vt 0.125000 0.863636
vt 0.125000 0.886364
vt 0.125000 0.886364
vt 0.125000 0.886364
vt 0.125000 0.886364
vt 0.125000 0.863636
vt 0.125000 0.886364
vt 0.125000 0.886364
vt 0.125000 0.886364
vt 0.125000 0.886364
vt 0.125000 0.886364
vt 0.125000 0.863636
vt 0.125000 0.886364
vt 0.125000 0.886364
vt 0.125000 0.863636
vt 0.125000 0.886364
vt 0.125000 0.886364
vt 0.125000 0.863636
vt 0.079545 0.000000
vt 0.079545 0.022727
vt 0.079545 0.022727
vt 0.079545 0.000000
vt 0.079545 0.000000
vt 0.079545 0.000000
vt 0.079545 0.000000
vt 0.079545 0.000000
vt 0.079545 0.022727
vt 0.079545 0.022727
vt 0.079545 0.000000
vt 0.147727 0.022727
vt 0.147727 0.022727
vt 0.147727 0.045455
vt 0.147727 0.022727
vt 0.147727 0.022727
vt 0.147727 0.022727
vt 0.147727 0.022727
vt 0.147727 0.022727
vt 0.147727 0.022727
vt 0.147727 0.045455
vt 0.159091 0.045455
vt 0.159091 0.045455
vt 0.159091 0.068182
vt 0.159091 0.045455
vt 0.159091 0.045455
vt 0.159091 0.068182
vt 0.170455 0.090909
vt 0.170455 0.068182
vt 0.170455 0.068182
vt 0.170455 0.090909
vt 0.193182 0.090909
vt 0.193182 0.090909
vt 0.193182 0.113636
vt 0.193182 0.090909
vt 0.193182 0.090909
vt 0.193182 0.113636
vt 0.193182 0.136364
vt 0.193182 0.136364
vt 0.204545 0.136364
vt 0.204545 0.159091
vt 0.204545 0.159091
vt 0.204545 0.136364
vt 0.204545 0.136364
vt 0.204545 0.159091
vt 0.204545 0.159091
vt 0.204545 0.136364
vt 0.193182 0.181818
vt 0.193182 0.159091
vt 0.193182 0.159091
vt 0.193182 0.181818
vt 0.193182 0.204545
vt 0.193182 0.204545
vt 0.193182 0.204545
vt 0.193182 0.204545
vt 0.193182 0.204545
vt 0.193182 0.204545
vt 0.193182 0.204545
vt 0.193182 0.204545
vt 0.159091 0.204545
vt 0.159091 0.227273
vt 0.159091 0.227273
vt 0.159091 0.204545
vt 0.159091 0.204545
vt 0.159091 0.227273
vt 0.159091 0.227273
vt 0.159091 0.204545
vt 0.159091 0.250000
vt 0.159091 0.250000
vt 0.159091 0.250000
vt 0.159091 0.250000
vt 0.159091 0.272727
vt 0.159091 0.272727
vt 0.159091 0.272727
vt 0.159091 0.272727
vt 0.147727 0.272727
vt 0.147727 0.295455
vt 0.147727 0.295455
vt 0.147727 0.272727
vt 0.147727 0.272727
vt 0.147727 0.295455
vt 0.147727 0.295455
vt 0.147727 0.272727
vt 0.180195 0.295455
vt 0.180195 0.295455
vt 0.180195 0.318182
vt 0.180195 0.295455
vt 0.180195 0.295455
vt 0.180195 0.295455
vt 0.180195 0.295455
vt 0.180195 0.318182
vt 0.198052 0.318182
vt 0.198052 0.340909
vt 0.198052 0.340909
vt 0.198052 0.318182
vt 0.198052 0.340909
vt 0.198052 0.318182
vt 0.198052 0.340909
vt 0.198052 0.340909
vt 0.198052 0.318182
vt 0.198052 0.340909
vt 0.194805 0.363636
vt 0.194805 0.340909
vt 0.194805 0.340909
vt 0.194805 0.363636
vt 0.199380 0.386364
vt 0.199380 0.386364
vt 0.199380 0.363636
vt 0.199380 0.363636
vt 0.199380 0.363636
vt 0.199380 0.386364
vt 0.199380 0.386364
vt 0.199380 0.386364
vt 0.199380 0.386364
vt 0.199380 0.386364
vt 0.199380 0.386364
vt 0.199380 0.386364
vt 0.199380 0.386364
vt 0.199380 0.386364
vt 0.199380 0.386364
vt 0.199380 0.363636
vt 0.199380 0.363636
vt 0.199380 0.363636
vt 0.113636 0.409091
vt 0.113636 0.386364
vt 0.113636 0.386364
vt 0.113636 0.409091
vt 0.215909 0.431818
vt 0.215909 0.431818
vt 0.215909 0.409091
vt 0.215909 0.409091
vt 0.215909 0.431818
vt 0.215909 0.409091
vt 0.215909 0.431818
vt 0.215909 0.409091
vt 0.215909 0.431818
vt 0.215909 0.409091
vt 0.215909 0.431818
vt 0.215909 0.409091
vt 0.215909 0.431818
vt 0.215909 0.431818
vt 0.215909 0.431818
vt 0.215909 0.431818
vt 0.215909 0.431818
vt 0.215909 0.431818
vt 0.215909 0.409091
vt 0.215909 0.409091
vt 0.215909 0.431818
vt 0.215909 0.409091
vt 0.215909 0.431818
vt 0.215909 0.409091
vt 0.215909 0.431818
vt 0.215909 0.409091
vt 0.215909 0.431818
vt 0.215909 0.409091
vt 0.090909 0.431818
vt 0.090909 0.431818
vt 0.090909 0.454545
vt 0.090909 0.454545
vt 0.090909 0.454545
vt 0.090909 0.431818
vt 0.090909 0.431818
vt 0.090909 0.454545
vt 0.090909 0.431818
vt 0.090909 0.454545
vt 0.090909 0.431818
vt 0.090909 0.454545
vt 0.090909 0.431818
vt 0.090909 0.454545
vt 0.090909 0.477273
vt 0.090909 0.477273
vt 0.090909 0.477273
vt 0.090909 0.477273
vt 0.090909 0.477273
vt 0.090909 0.477273
vt 0.090909 0.477273
vt 0.102273 0.477273
vt 0.102273 0.477273
vt 0.102273 0.477273
vt 0.102273 0.500000
vt 0.102273 0.477273
vt 0.102273 0.477273
vt 0.102273 0.477273
vt 0.102273 0.500000
vt 0.102273 0.500000
vt 0.102273 0.522727
vt 0.102273 0.500000
vt 0.102273 0.522727
vt 0.102273 0.500000
vt 0.102273 0.522727
vt 0.102273 0.500000
vt 0.102273 0.522727
vt 0.113636 0.522727
vt 0.113636 0.522727
vt 0.113636 0.522727
vt 0.113636 0.545455
vt 0.113636 0.522727
vt 0.113636 0.522727
vt 0.113636 0.522727
vt 0.113636 0.545455
vt 0.113636 0.568182
vt 0.113636 0.568182
vt 0.113636 0.568182
vt 0.113636 0.568182
vt 0.113636 0.590909
vt 0.113636 0.590909
vt 0.113636 0.590909
vt 0.113636 0.590909
vt 0.113636 0.590909
vt 0.113636 0.590909
vt 0.113636 0.590909
vt 0.113636 0.590909
vt 0.102273 0.590909
vt 0.102273 0.613636
vt 0.102273 0.613636
vt 0.102273 0.590909
vt 0.102273 0.613636
vt 0.102273 0.590909
vt 0.102273 0.613636
vt 0.102273 0.590909
vt 0.102273 0.613636
vt 0.102273 0.590909
vt 0.138636 0.681818
vt 0.138636 0.704545
vt 0.138636 0.704545
vt 0.138636 0.681818
vt 0.138636 0.704545
vt 0.138636 0.681818
vt 0.138636 0.681818
vt 0.138636 0.681818
vt 0.138636 0.681818
vt 0.138636 0.681818
vt 0.138636 0.704545
vt 0.138636 0.704545
vt 0.138636 0.681818
vt 0.138636 0.704545
vt 0.138636 0.681818
vt 0.157468 0.704545
vt 0.157468 0.727273
vt 0.157468 0.727273
vt 0.157468 0.704545
vt 0.157468 0.727273
vt 0.157468 0.727273
vt 0.157468 0.727273
vt 0.157468 0.727273
vt 0.157468 0.727273
vt 0.157468 0.727273
vt 0.157468 0.704545
vt 0.157468 0.727273
vt 0.157468 0.704545
vt 0.095779 0.818182
vt 0.095779 0.818182
vt 0.095779 0.795455
vt 0.095779 0.795455
vt 0.095779 0.818182
vt 0.095779 0.795455
vt 0.095779 0.818182
vt 0.095779 0.795455
vt 0.095779 0.795455
vt 0.095779 0.795455
vt 0.095779 0.795455
vt 0.095779 0.795455
vt 0.095779 0.795455
vt 0.095779 0.818182
vt 0.095779 0.818182
vt 0.095779 0.795455
vt 0.095779 0.818182
vt 0.095779 0.795455
vt 0.095779 0.818182
vt 0.095779 0.795455
vt 0.034091 0.818182
vt 0.034091 0.818182
vt 0.034091 0.840909
vt 0.034091 0.840909
vt 0.034091 0.840909
vt 0.034091 0.818182
vt 0.034091 0.818182
vt 0.034091 0.840909
vt 0.034091 0.818182
vt 0.034091 0.840909
vt 0.102273 0.840909
vt 0.102273 0.840909
vt 0.102273 0.863636
vt 0.102273 0.840909
vt 0.102273 0.840909
vt 0.102273 0.840909
vt 0.102273 0.840909
vt 0.102273 0.840909
vt 0.102273 0.840909
vt 0.102273 0.863636
vt 0.125000 0.863636
vt 0.125000 0.886364
vt 0.125000 0.886364
vt 0.125000 0.886364
vt 0.125000 0.863636
vt 0.125000 0.863636
vt 0.125000 0.886364
vt 0.125000 0.886364
vt 0.125000 0.886364
vt 0.125000 0.886364
vt 0.125000 0.886364
vt 0.125000 0.886364
vt 0.125000 0.886364
vt 0.125000 0.886364
vt 0.125000 0.863636
vt 0.125000 0.886364
vt 0.125000 0.886364
vt 0.125000 0.863636
vt 0.125000 0.863636
vt 0.079545 0.000000
vt 0.079545 0.022727
vt 0.079545 0.022727
vt 0.079545 0.000000
vt 0.079545 0.022727
vt 0.079545 0.000000
vt 0.079545 0.022727
vt 0.079545 0.000000
vt 0.079545 0.022727
vt 0.079545 0.000000
vt 0.147727 0.022727
vt 0.147727 0.045455
vt 0.147727 0.045455
vt 0.147727 0.022727
vt 0.147727 0.022727
vt 0.147727 0.022727
vt 0.147727 0.022727
vt 0.147727 0.022727
vt 0.147727 0.022727
vt 0.147727 0.022727
vt 0.147727 0.022727
vt 0.147727 0.022727
vt 0.147727 0.022727
vt 0.147727 0.045455
vt 0.147727 0.045455
vt 0.147727 0.022727
vt 0.159091 0.045455
vt 0.159091 0.068182
vt 0.159091 0.068182
vt 0.159091 0.045455
vt 0.159091 0.045455
vt 0.159091 0.068182
vt 0.159091 0.068182
vt 0.159091 0.045455
vt 0.170455 0.068182
vt 0.170455 0.090909
vt 0.170455 0.090909
vt 0.170455 0.068182
vt 0.170455 0.068182
vt 0.170455 0.090909
vt 0.170455 0.090909
vt 0.170455 0.068182
vt 0.193182 0.090909
vt 0.193182 0.090909
vt 0.193182 0.113636
vt 0.193182 0.090909
vt 0.193182 0.090909
vt 0.193182 0.113636
vt 0.193182 0.136364
vt 0.193182 0.136364
vt 0.204545 0.159091
vt 0.204545 0.136364
vt 0.204545 0.136364
vt 0.204545 0.159091
vt 0.193182 0.159091
vt 0.193182 0.181818
vt 0.193182 0.181818
vt 0.193182 0.159091
vt 0.193182 0.159091
vt 0.193182 0.181818
vt 0.193182 0.181818
vt 0.193182 0.159091
vt 0.193182 0.204545
vt 0.193182 0.204545
vt 0.193182 0.204545
vt 0.193182 0.204545
vt 0.193182 0.204545
vt 0.193182 0.204545
vt 0.193182 0.204545
vt 0.193182 0.204545
vt 0.193182 0.204545
vt 0.193182 0.204545
vt 0.159091 0.204545
vt 0.159091 0.227273
vt 0.159091 0.227273
vt 0.159091 0.204545
vt 0.159091 0.204545
vt 0.159091 0.227273
vt 0.159091 0.227273
vt 0.159091 0.204545
vt 0.159091 0.250000
vt 0.159091 0.250000
vt 0.159091 0.250000
vt 0.159091 0.250000
vt 0.159091 0.272727
vt 0.159091 0.272727
vt 0.159091 0.272727
vt 0.159091 0.272727
vt 0.147727 0.272727
vt 0.147727 0.295455
vt 0.147727 0.295455
vt 0.147727 0.272727
vt 0.147727 0.272727
vt 0.147727 0.295455
vt 0.147727 0.295455
vt 0.147727 0.272727
vt 0.180195 0.295455
vt 0.180195 0.318182
vt 0.180195 0.318182
vt 0.180195 0.295455
vt 0.180195 0.295455
vt 0.180195 0.295455
vt 0.180195 0.295455
vt 0.180195 0.295455
vt 0.180195 0.295455
vt 0.180195 0.295455
vt 0.180195 0.295455
vt 0.180195 0.318182
vt 0.180195 0.318182
vt 0.180195 0.295455
vt 0.198052 0.340909
vt 0.198052 0.318182
vt 0.198052 0.318182
vt 0.198052 0.340909
vt 0.194805 0.363636
vt 0.194805 0.340909
vt 0.194805 0.340909
vt 0.194805 0.363636
vt 0.199380 0.363636
vt 0.199380 0.386364
vt 0.199380 0.386364
vt 0.199380 0.363636
vt 0.199380 0.386364
vt 0.199380 0.386364
vt 0.199380 0.386364
vt 0.199380 0.386364
vt 0.199380 0.386364
vt 0.199380 0.386364
vt 0.199380 0.386364
vt 0.199380 0.363636
vt 0.199380 0.386364
vt 0.199380 0.363636
vt 0.113636 0.386364
vt 0.113636 0.409091
vt 0.113636 0.409091
vt 0.113636 0.386364
vt 0.113636 0.386364
vt 0.113636 0.409091
vt 0.113636 0.386364
vt 0.113636 0.409091
vt 0.215909 0.431818
vt 0.215909 0.431818
vt 0.215909 0.409091
vt 0.215909 0.409091
vt 0.215909 0.431818
vt 0.215909 0.409091
vt 0.215909 0.431818
vt 0.215909 0.409091
vt 0.215909 0.431818
vt 0.215909 0.409091
vt 0.215909 0.431818
vt 0.215909 0.431818
vt 0.215909 0.431818
vt 0.215909 0.431818
vt 0.215909 0.431818
vt 0.215909 0.431818
vt 0.215909 0.409091
vt 0.215909 0.409091
vt 0.215909 0.431818
vt 0.215909 0.409091
vt 0.215909 0.431818
vt 0.215909 0.409091
vt 0.215909 0.431818
vt 0.215909 0.409091
vt 0.090909 0.431818
vt 0.090909 0.454545
vt 0.090909 0.454545
vt 0.090909 0.431818
vt 0.090909 0.431818
vt 0.090909 0.454545
vt 0.090909 0.431818
vt 0.090909 0.454545
vt 0.090909 0.477273
vt 0.090909 0.477273
vt 0.090909 0.477273
vt 0.090909 0.477273
vt 0.102273 0.477273
vt 0.102273 0.477273
vt 0.102273 0.477273
vt 0.102273 0.500000
vt 0.102273 0.477273
vt 0.102273 0.477273
vt 0.102273 0.477273
vt 0.102273 0.500000
vt 0.102273 0.522727
vt 0.102273 0.522727
vt 0.113636 0.522727
vt 0.113636 0.522727
vt 0.113636 0.545455
vt 0.113636 0.522727
vt 0.113636 0.522727
vt 0.113636 0.545455
vt 0.113636 0.568182
vt 0.113636 0.568182
vt 0.113636 0.568182
vt 0.113636 0.568182
vt 0.113636 0.590909
vt 0.113636 0.590909
vt 0.113636 0.568182
vt 0.113636 0.590909
vt 0.113636 0.568182
vt 0.113636 0.590909
vt 0.113636 0.590909
vt 0.113636 0.590909
vt 0.113636 0.590909
vt 0.113636 0.590909
vt 0.113636 0.590909
vt 0.113636 0.590909
vt 0.113636 0.568182
vt 0.113636 0.590909
vt 0.113636 0.568182
vt 0.113636 0.590909
vt 0.138636 0.681818
vt 0.138636 0.704545
vt 0.138636 0.704545
vt 0.138636 0.681818
vt 0.138636 0.704545
vt 0.138636 0.681818
vt 0.138636 0.704545
vt 0.138636 0.681818
vt 0.138636 0.704545
vt 0.138636 0.681818
vt 0.157468 0.704545
vt 0.157468 0.727273
vt 0.157468 0.727273
vt 0.157468 0.704545
vt 0.157468 0.704545
vt 0.157468 0.727273
vt 0.157468 0.704545
vt 0.157468 0.727273
vt 0.157468 0.704545
vt 0.157468 0.727273
vt 0.157468 0.704545
vt 0.157468 0.727273
vt 0.157468 0.704545
vt 0.157468 0.727273
vt 0.157468 0.704545
vt 0.157468 0.704545
vt 0.095779 0.795455
vt 0.095779 0.818182
vt 0.095779 0.818182
vt 0.095779 0.795455
vt 0.095779 0.818182
vt 0.095779 0.795455
vt 0.095779 0.795455
vt 0.095779 0.795455
vt 0.095779 0.795455
vt 0.095779 0.795455
vt 0.095779 0.818182
vt 0.095779 0.818182
vt 0.095779 0.795455
vt 0.095779 0.818182
vt 0.095779 0.795455
vt 0.034091 0.818182
vt 0.034091 0.840909
vt 0.034091 0.840909
vt 0.034091 0.818182
vt 0.034091 0.818182
vt 0.034091 0.840909
vt 0.034091 0.818182
vt 0.034091 0.840909
vt 0.034091 0.840909
vt 0.034091 0.818182
vt 0.034091 0.818182
vt 0.034091 0.840909
vt 0.102273 0.840909
vt 0.102273 0.863636
vt 0.102273 0.863636
vt 0.102273 0.840909
vt 0.102273 0.840909
vt 0.102273 0.863636
vt 0.102273 0.840909
vt 0.102273 0.840909
vt 0.102273 0.840909
vt 0.102273 0.840909
vt 0.102273 0.840909
vt 0.102273 0.863636
vt 0.102273 0.863636
vt 0.102273 0.840909
vt 0.102273 0.840909
vt 0.102273 0.863636
vt 0.125000 0.886364
vt 0.125000 0.886364
vt 0.125000 0.863636
vt 0.125000 0.886364
vt 0.125000 0.886364
vt 0.125000 0.886364
vt 0.125000 0.886364
vt 0.125000 0.886364
vt 0.125000 0.886364
vt 0.125000 0.886364
vt 0.125000 0.886364
vt 0.125000 0.886364
vt 0.125000 0.863636
vt 0.147727 0.022727
vt 0.147727 0.045455
vt 0.147727 0.045455
vt 0.147727 0.022727
vt 0.147727 0.022727
vt 0.147727 0.022727
vt 0.147727 0.022727
vt 0.147727 0.022727
vt 0.147727 0.022727
vt 0.147727 0.022727
vt 0.147727 0.022727
vt 0.147727 0.022727
vt 0.147727 0.022727
vt 0.147727 0.022727
vt 0.147727 0.022727
vt 0.147727 0.045455
vt 0.147727 0.045455
vt 0.147727 0.022727
vt 0.159091 0.045455
vt 0.159091 0.068182
vt 0.159091 0.068182
vt 0.159091 0.045455
vt 0.159091 0.045455
vt 0.159091 0.045455
vt 0.159091 0.068182
vt 0.159091 0.068182
vt 0.159091 0.045455
vt 0.159091 0.045455
vt 0.170455 0.090909
vt 0.170455 0.068182
vt 0.170455 0.068182
vt 0.170455 0.090909
vt 0.193182 0.090909
vt 0.193182 0.113636
vt 0.193182 0.113636
vt 0.193182 0.090909
vt 0.193182 0.090909
vt 0.193182 0.090909
vt 0.193182 0.090909
vt 0.193182 0.090909
vt 0.193182 0.090909
vt 0.193182 0.113636
vt 0.193182 0.113636
vt 0.193182 0.090909
vt 0.193182 0.136364
vt 0.193182 0.136364
vt 0.193182 0.136364
vt 0.193182 0.136364
vt 0.204545 0.136364
vt 0.204545 0.159091
vt 0.204545 0.159091
vt 0.204545 0.136364
vt 0.204545 0.159091
vt 0.204545 0.136364
vt 0.204545 0.159091
vt 0.204545 0.159091
vt 0.204545 0.136364
vt 0.204545 0.159091
vt 0.193182 0.159091
vt 0.193182 0.181818
vt 0.193182 0.181818
vt 0.193182 0.159091
vt 0.193182 0.159091
vt 0.193182 0.181818
vt 0.193182 0.181818
vt 0.193182 0.159091
vt 0.193182 0.204545
vt 0.193182 0.204545
vt 0.193182 0.204545
vt 0.193182 0.204545
vt 0.193182 0.204545
vt 0.193182 0.204545
vt 0.193182 0.204545
vt 0.193182 0.204545
vt 0.193182 0.204545
vt 0.193182 0.204545
vt 0.159091 0.204545
vt 0.159091 0.227273
vt 0.159091 0.227273
vt 0.159091 0.204545
vt 0.159091 0.204545
vt 0.159091 0.227273
vt 0.159091 0.227273
vt 0.159091 0.204545
vt 0.159091 0.250000
vt 0.159091 0.250000
vt 0.159091 0.250000
vt 0.159091 0.250000
vt 0.159091 0.272727
vt 0.159091 0.272727
vt 0.159091 0.272727
vt 0.159091 0.272727
vt 0.147727 0.272727
vt 0.147727 0.295455
vt 0.147727 0.295455
vt 0.147727 0.272727
vt 0.147727 0.272727
vt 0.147727 0.295455
vt 0.147727 0.295455
vt 0.147727 0.272727
vt 0.180195 0.295455
vt 0.180195 0.318182
vt 0.180195 0.318182
vt 0.180195 0.295455
vt 0.180195 0.295455
vt 0.180195 0.295455
vt 0.180195 0.295455
vt 0.180195 0.295455
vt 0.180195 0.295455
vt 0.180195 0.295455
vt 0.180195 0.295455
vt 0.180195 0.318182
vt 0.180195 0.318182
vt 0.180195 0.295455
vt 0.198052 0.318182
vt 0.198052 0.340909
vt 0.198052 0.340909
vt 0.198052 0.318182
vt 0.198052 0.318182
vt 0.198052 0.318182
vt 0.198052 0.340909
vt 0.198052 0.340909
vt 0.198052 0.318182
vt 0.198052 0.318182
vt 0.194805 0.340909
vt 0.194805 0.363636
vt 0.194805 0.363636
vt 0.194805 0.340909
vt 0.194805 0.340909
vt 0.194805 0.363636
vt 0.194805 0.363636
vt 0.194805 0.340909
vt 0.199380 0.386364
vt 0.199380 0.386364
vt 0.199380 0.363636
vt 0.199380 0.386364
vt 0.199380 0.386364
vt 0.199380 0.386364
vt 0.199380 0.386364
vt 0.199380 0.386364
vt 0.199380 0.386364
vt 0.199380 0.363636
vt 0.113636 0.409091
vt 0.113636 0.386364
vt 0.113636 0.386364
vt 0.113636 0.409091
vt 0.215909 0.409091
vt 0.215909 0.431818
vt 0.215909 0.431818
vt 0.215909 0.409091
vt 0.215909 0.409091
vt 0.215909 0.431818
vt 0.215909 0.431818
vt 0.215909 0.409091
vt 0.215909 0.431818
vt 0.215909 0.409091
vt 0.215909 0.431818
vt 0.215909 0.409091
vt 0.215909 0.431818
vt 0.215909 0.409091
vt 0.215909 0.431818
vt 0.215909 0.431818
vt 0.215909 0.431818
vt 0.215909 0.431818
vt 0.215909 0.409091
vt 0.215909 0.409091
vt 0.215909 0.431818
vt 0.215909 0.409091
vt 0.215909 0.431818
vt 0.215909 0.409091
vt 0.215909 0.431818
vt 0.215909 0.409091
vt 0.215909 0.431818
vt 0.215909 0.409091
vt 0.215909 0.409091
vt 0.215909 0.431818
vt 0.090909 0.431818
vt 0.090909 0.454545
vt 0.090909 0.454545
vt 0.090909 0.431818
vt 0.090909 0.431818
vt 0.090909 0.454545
vt 0.090909 0.431818
vt 0.090909 0.454545
vt 0.090909 0.477273
vt 0.090909 0.477273
vt 0.090909 0.477273
vt 0.090909 0.477273
vt 0.102273 0.500000
vt 0.102273 0.477273
vt 0.102273 0.477273
vt 0.102273 0.500000
vt 0.102273 0.500000
vt 0.102273 0.522727
vt 0.102273 0.522727
vt 0.102273 0.500000
vt 0.102273 0.522727
vt 0.102273 0.522727
vt 0.102273 0.522727
vt 0.102273 0.500000
vt 0.102273 0.500000
vt 0.102273 0.522727
vt 0.113636 0.545455
vt 0.113636 0.522727
vt 0.113636 0.522727
vt 0.113636 0.545455
vt 0.113636 0.568182
vt 0.113636 0.568182
vt 0.113636 0.545455
vt 0.113636 0.568182
vt 0.113636 0.568182
vt 0.113636 0.568182
vt 0.113636 0.568182
vt 0.113636 0.568182
vt 0.113636 0.545455
vt 0.113636 0.568182
vt 0.113636 0.590909
vt 0.113636 0.590909
vt 0.113636 0.568182
vt 0.113636 0.590909
vt 0.113636 0.568182
vt 0.113636 0.590909
vt 0.113636 0.568182
vt 0.113636 0.590909
vt 0.095779 0.795455
vt 0.095779 0.818182
vt 0.095779 0.818182
vt 0.095779 0.795455
vt 0.095779 0.818182
vt 0.095779 0.818182
vt 0.095779 0.795455
vt 0.095779 0.795455
vt 0.095779 0.795455
vt 0.095779 0.818182
vt 0.095779 0.818182
vt 0.095779 0.818182
vt 0.095779 0.795455
vt 0.095779 0.818182
vt 0.095779 0.795455
vt 0.034091 0.818182
vt 0.034091 0.840909
vt 0.034091 0.840909
vt 0.034091 0.818182
vt 0.034091 0.840909
vt 0.034091 0.818182
vt 0.102273 0.840909
vt 0.102273 0.840909
vt 0.102273 0.863636
vt 0.102273 0.840909
vt 0.102273 0.840909
vt 0.102273 0.840909
vt 0.102273 0.840909
vt 0.102273 0.840909
vt 0.102273 0.840909
vt 0.102273 0.840909
vt 0.102273 0.840909
vt 0.102273 0.863636
vt 0.125000 0.886364
vt 0.125000 0.886364
vt 0.125000 0.863636
vt 0.125000 0.863636
vt 0.125000 0.863636
vt 0.125000 0.886364
vt 0.125000 0.886364
vt 0.125000 0.886364
vt 0.125000 0.886364
vt 0.125000 0.886364
vt 0.125000 0.886364
vt 0.125000 0.886364
vt 0.125000 0.886364
vt 0.125000 0.886364
vt 0.125000 0.863636
vt 0.125000 0.863636
vt 0.125000 0.863636
vt 0.147727 0.022727
vt 0.147727 0.045455
vt 0.147727 0.045455
vt 0.147727 0.022727
vt 0.147727 0.022727
vt 0.147727 0.022727
vt 0.147727 0.022727
vt 0.147727 0.022727
vt 0.147727 0.022727
vt 0.147727 0.022727
vt 0.147727 0.045455
vt 0.147727 0.045455
vt 0.147727 0.022727
vt 0.159091 0.045455
vt 0.159091 0.068182
vt 0.159091 0.068182
vt 0.159091 0.045455
vt 0.159091 0.045455
vt 0.159091 0.045455
vt 0.159091 0.068182
vt 0.159091 0.068182
vt 0.159091 0.045455
vt 0.159091 0.045455
vt 0.170455 0.068182
vt 0.170455 0.090909
vt 0.170455 0.090909
vt 0.170455 0.068182
vt 0.170455 0.068182
vt 0.170455 0.068182
vt 0.170455 0.090909
vt 0.170455 0.090909
vt 0.170455 0.068182
vt 0.170455 0.068182
vt 0.193182 0.090909
vt 0.193182 0.113636
vt 0.193182 0.113636
vt 0.193182 0.090909
vt 0.193182 0.090909
vt 0.193182 0.113636
vt 0.193182 0.113636
vt 0.193182 0.090909
vt 0.193182 0.136364
vt 0.193182 0.136364
vt 0.193182 0.136364
vt 0.193182 0.136364
vt 0.204545 0.136364
vt 0.204545 0.159091
vt 0.204545 0.159091
vt 0.204545 0.136364
vt 0.204545 0.159091
vt 0.204545 0.136364
vt 0.204545 0.159091
vt 0.204545 0.159091
vt 0.204545 0.136364
vt 0.204545 0.159091
vt 0.193182 0.159091
vt 0.193182 0.181818
vt 0.193182 0.181818
vt 0.193182 0.159091
vt 0.193182 0.159091
vt 0.193182 0.181818
vt 0.193182 0.181818
vt 0.193182 0.159091
vt 0.193182 0.204545
vt 0.193182 0.204545
vt 0.193182 0.204545
vt 0.193182 0.204545
vt 0.193182 0.204545
vt 0.193182 0.204545
vt 0.193182 0.204545
vt 0.193182 0.204545
vt 0.193182 0.204545
vt 0.193182 0.204545
vt 0.159091 0.204545
vt 0.159091 0.227273
vt 0.159091 0.227273
vt 0.159091 0.204545
vt 0.159091 0.227273
vt 0.159091 0.204545
vt 0.159091 0.227273
vt 0.159091 0.204545
vt 0.159091 0.227273
vt 0.159091 0.204545
vt 0.159091 0.227273
vt 0.159091 0.204545
vt 0.159091 0.227273
vt 0.159091 0.204545
vt 0.159091 0.250000
vt 0.159091 0.250000
vt 0.159091 0.250000
vt 0.159091 0.250000
vt 0.159091 0.250000
vt 0.159091 0.250000
vt 0.159091 0.250000
vt 0.159091 0.272727
vt 0.159091 0.272727
vt 0.159091 0.272727
vt 0.159091 0.272727
vt 0.159091 0.272727
vt 0.159091 0.272727
vt 0.159091 0.272727
vt 0.147727 0.272727
vt 0.147727 0.295455
vt 0.147727 0.295455
vt 0.147727 0.272727
vt 0.147727 0.295455
vt 0.147727 0.272727
vt 0.147727 0.295455
vt 0.147727 0.272727
vt 0.147727 0.295455
vt 0.147727 0.272727
vt 0.147727 0.295455
vt 0.147727 0.272727
vt 0.147727 0.295455
vt 0.147727 0.272727
vt 0.180195 0.295455
vt 0.180195 0.295455
vt 0.180195 0.318182
vt 0.180195 0.295455
vt 0.180195 0.295455
vt 0.180195 0.295455
vt 0.180195 0.295455
vt 0.180195 0.295455
vt 0.180195 0.295455
vt 0.180195 0.295455
vt 0.180195 0.295455
vt 0.180195 0.318182
vt 0.198052 0.318182
vt 0.198052 0.318182
vt 0.198052 0.318182
vt 0.198052 0.340909
vt 0.198052 0.318182
vt 0.198052 0.318182
vt 0.198052 0.318182
vt 0.198052 0.340909
vt 0.194805 0.340909
vt 0.194805 0.363636
vt 0.194805 0.363636
vt 0.194805 0.340909
vt 0.194805 0.340909
vt 0.194805 0.363636
vt 0.194805 0.363636
vt 0.194805 0.340909
vt 0.199380 0.363636
vt 0.199380 0.386364
vt 0.199380 0.386364
vt 0.199380 0.363636
vt 0.199380 0.363636
vt 0.199380 0.386364
vt 0.199380 0.386364
vt 0.199380 0.386364
vt 0.199380 0.386364
vt 0.199380 0.386364
vt 0.199380 0.363636
vt 0.199380 0.386364
vt 0.199380 0.363636
vt 0.199380 0.363636
vt 0.113636 0.409091
vt 0.113636 0.386364
vt 0.113636 0.386364
vt 0.113636 0.409091
vt 0.215909 0.431818
vt 0.215909 0.431818
vt 0.215909 0.409091
vt 0.215909 0.409091
vt 0.215909 0.431818
vt 0.215909 0.409091
vt 0.215909 0.431818
vt 0.215909 0.409091
vt 0.215909 0.431818
vt 0.215909 0.409091
vt 0.215909 0.431818
vt 0.215909 0.431818
vt 0.215909 0.431818
vt 0.215909 0.431818
vt 0.215909 0.409091
vt 0.215909 0.409091
vt 0.215909 0.431818
vt 0.215909 0.409091
vt 0.215909 0.431818
vt 0.215909 0.409091
vt 0.215909 0.431818
vt 0.215909 0.409091
vt 0.090909 0.454545
vt 0.090909 0.431818
vt 0.090909 0.431818
vt 0.090909 0.454545
vt 0.090909 0.477273
vt 0.090909 0.477273
vt 0.102273 0.477273
vt 0.102273 0.500000
vt 0.102273 0.500000
vt 0.102273 0.477273
vt 0.102273 0.477273
vt 0.102273 0.477273
vt 0.102273 0.500000
vt 0.102273 0.500000
vt 0.102273 0.477273
vt 0.102273 0.477273
vt 0.102273 0.522727
vt 0.102273 0.522727
vt 0.113636 0.522727
vt 0.113636 0.545455
vt 0.113636 0.545455
vt 0.113636 0.522727
vt 0.113636 0.522727
vt 0.113636 0.522727
vt 0.113636 0.545455
vt 0.113636 0.545455
vt 0.113636 0.522727
vt 0.113636 0.522727
vt 0.113636 0.568182
vt 0.113636 0.568182
vt 0.113636 0.568182
vt 0.113636 0.568182
vt 0.113636 0.568182
vt 0.113636 0.568182
vt 0.113636 0.568182
vt 0.113636 0.568182
vt 0.113636 0.568182
vt 0.095779 0.795455
vt 0.095779 0.818182
vt 0.095779 0.818182
vt 0.095779 0.795455
vt 0.095779 0.818182
vt 0.095779 0.795455
vt 0.095779 0.818182
vt 0.095779 0.818182
vt 0.095779 0.795455
vt 0.095779 0.818182
vt 0.095779 0.795455
vt 0.102273 0.840909
vt 0.102273 0.863636
vt 0.102273 0.863636
vt 0.102273 0.840909
vt 0.102273 0.840909
vt 0.102273 0.840909
vt 0.102273 0.840909
vt 0.102273 0.840909
vt 0.102273 0.840909
vt 0.102273 0.840909
vt 0.102273 0.840909
vt 0.102273 0.863636
vt 0.102273 0.863636
vt 0.102273 0.840909
vt 0.125000 0.863636
vt 0.125000 0.886364
vt 0.125000 0.886364
vt 0.125000 0.863636
vt 0.125000 0.863636
vt 0.125000 0.886364
vt 0.125000 0.886364
vt 0.125000 0.863636
vt 0.125000 0.886364
vt 0.125000 0.886364
vt 0.125000 0.886364
vt 0.125000 0.886364
vt 0.125000 0.886364
vt 0.125000 0.886364
vt 0.125000 0.886364
vt 0.125000 0.886364
vt 0.125000 0.886364
vt 0.125000 0.863636
vt 0.125000 0.863636
vt 0.125000 0.886364
vt 0.125000 0.863636
vt 0.125000 0.863636
vt 0.125000 0.886364
vt 0.045455 0.909091
vt 0.045455 0.909091
vt 0.045455 0.931818
vt 0.045455 0.931818
vt 0.045455 0.931818
vt 0.045455 0.931818
vt 0.045455 0.909091
vt 0.045455 0.909091
vt 0.045455 0.909091
vt 0.045455 0.931818
vt 0.045455 0.931818
vt 0.045455 0.909091
vt 0.022727 0.977273
vt 0.022727 0.977273
vt 0.022727 1.000000
vt 0.022727 1.000000
vt 0.022727 1.000000
vt 0.022727 1.000000
vt 0.022727 0.977273
vt 0.022727 0.977273
vt 0.022727 0.977273
vt 0.022727 1.000000
vt 0.022727 1.000000
vt 0.022727 0.977273
vt 0.147727 0.022727
vt 0.147727 0.045455
vt 0.147727 0.045455
vt 0.147727 0.022727
vt 0.147727 0.045455
vt 0.147727 0.022727
vt 0.147727 0.045455
vt 0.147727 0.022727
vt 0.147727 0.045455
vt 0.147727 0.022727
vt 0.147727 0.045455
vt 0.147727 0.022727
vt 0.147727 0.045455
vt 0.147727 0.022727
vt 0.159091 0.045455
vt 0.159091 0.068182
vt 0.159091 0.068182
vt 0.159091 0.045455
vt 0.159091 0.045455
vt 0.159091 0.045455
vt 0.159091 0.068182
vt 0.159091 0.068182
vt 0.159091 0.045455
vt 0.159091 0.045455
vt 0.170455 0.068182
vt 0.170455 0.090909
vt 0.170455 0.090909
vt 0.170455 0.068182
vt 0.170455 0.068182
vt 0.170455 0.090909
vt 0.170455 0.068182
vt 0.170455 0.068182
vt 0.170455 0.090909
vt 0.170455 0.090909
vt 0.170455 0.068182
vt 0.170455 0.090909
vt 0.170455 0.068182
vt 0.170455 0.068182
vt 0.193182 0.090909
vt 0.193182 0.113636
vt 0.193182 0.113636
vt 0.193182 0.090909
vt 0.193182 0.090909
vt 0.193182 0.090909
vt 0.193182 0.113636
vt 0.193182 0.113636
vt 0.193182 0.090909
vt 0.193182 0.090909
vt 0.193182 0.136364
vt 0.193182 0.136364
vt 0.193182 0.136364
vt 0.193182 0.136364
vt 0.204545 0.136364
vt 0.204545 0.159091
vt 0.204545 0.159091
vt 0.204545 0.136364
vt 0.204545 0.159091
vt 0.204545 0.136364
vt 0.204545 0.159091
vt 0.204545 0.159091
vt 0.204545 0.136364
vt 0.204545 0.159091
vt 0.193182 0.159091
vt 0.193182 0.181818
vt 0.193182 0.181818
vt 0.193182 0.159091
vt 0.193182 0.181818
vt 0.193182 0.159091
vt 0.193182 0.159091
vt 0.193182 0.181818
vt 0.193182 0.181818
vt 0.193182 0.159091
vt 0.193182 0.181818
vt 0.193182 0.159091
vt 0.193182 0.204545
vt 0.193182 0.204545
vt 0.193182 0.204545
vt 0.193182 0.204545
vt 0.193182 0.204545
vt 0.193182 0.204545
vt 0.193182 0.204545
vt 0.193182 0.204545
vt 0.193182 0.204545
vt 0.193182 0.204545
vt 0.193182 0.204545
vt 0.193182 0.204545
vt 0.193182 0.204545
vt 0.193182 0.204545
vt 0.193182 0.204545
vt 0.193182 0.204545
vt 0.180195 0.295455
vt 0.180195 0.318182
vt 0.180195 0.318182
vt 0.180195 0.295455
vt 0.180195 0.318182
vt 0.180195 0.295455
vt 0.180195 0.295455
vt 0.180195 0.295455
vt 0.180195 0.295455
vt 0.180195 0.295455
vt 0.180195 0.295455
vt 0.180195 0.295455
vt 0.180195 0.295455
vt 0.180195 0.295455
vt 0.180195 0.295455
vt 0.180195 0.295455
vt 0.180195 0.295455
vt 0.180195 0.295455
vt 0.180195 0.295455
vt 0.180195 0.318182
vt 0.180195 0.318182
vt 0.180195 0.295455
vt 0.180195 0.318182
vt 0.180195 0.295455
vt 0.198052 0.318182
vt 0.198052 0.340909
vt 0.198052 0.340909
vt 0.198052 0.318182
vt 0.198052 0.340909
vt 0.198052 0.340909
vt 0.198052 0.318182
vt 0.198052 0.318182
vt 0.198052 0.340909
vt 0.198052 0.340909
vt 0.198052 0.318182
vt 0.198052 0.340909
vt 0.198052 0.318182
vt 0.198052 0.340909
vt 0.194805 0.340909
vt 0.194805 0.363636
vt 0.194805 0.363636
vt 0.194805 0.340909
vt 0.194805 0.340909
vt 0.194805 0.363636
vt 0.194805 0.363636
vt 0.194805 0.340909
vt 0.199380 0.386364
vt 0.199380 0.386364
vt 0.199380 0.363636
vt 0.199380 0.363636
vt 0.199380 0.363636
vt 0.199380 0.386364
vt 0.199380 0.386364
vt 0.199380 0.386364
vt 0.199380 0.386364
vt 0.199380 0.363636
vt 0.199380 0.363636
vt 0.199380 0.363636
vt 0.113636 0.386364
vt 0.113636 0.409091
vt 0.113636 0.409091
vt 0.113636 0.386364
vt 0.113636 0.386364
vt 0.113636 0.409091
vt 0.113636 0.409091
vt 0.113636 0.386364
vt 0.215909 0.431818
vt 0.215909 0.431818
vt 0.215909 0.409091
vt 0.215909 0.409091
vt 0.215909 0.431818
vt 0.215909 0.409091
vt 0.215909 0.431818
vt 0.215909 0.409091
vt 0.215909 0.431818
vt 0.215909 0.409091
vt 0.215909 0.431818
vt 0.215909 0.431818
vt 0.215909 0.431818
vt 0.215909 0.431818
vt 0.215909 0.409091
vt 0.215909 0.409091
vt 0.215909 0.431818
vt 0.215909 0.409091
vt 0.215909 0.431818
vt 0.215909 0.409091
vt 0.215909 0.431818
vt 0.215909 0.409091
vt 0.090909 0.454545
vt 0.090909 0.431818
vt 0.090909 0.431818
vt 0.090909 0.454545
vt 0.090909 0.477273
vt 0.090909 0.477273
vt 0.102273 0.500000
vt 0.102273 0.477273
vt 0.102273 0.477273
vt 0.102273 0.500000
vt 0.102273 0.522727
vt 0.102273 0.522727
vt 0.102273 0.500000
vt 0.102273 0.500000
vt 0.102273 0.522727
vt 0.102273 0.522727
vt 0.113636 0.545455
vt 0.113636 0.522727
vt 0.113636 0.522727
vt 0.113636 0.545455
vt 0.113636 0.568182
vt 0.113636 0.568182
vt 0.113636 0.545455
vt 0.113636 0.568182
vt 0.113636 0.545455
vt 0.113636 0.568182
vt 0.113636 0.568182
vt 0.113636 0.568182
vt 0.113636 0.568182
vt 0.113636 0.545455
vt 0.113636 0.568182
vt 0.113636 0.545455
vt 0.113636 0.568182
vt 0.102273 0.840909
vt 0.102273 0.863636
vt 0.102273 0.863636
vt 0.102273 0.840909
vt 0.102273 0.840909
vt 0.102273 0.840909
vt 0.102273 0.840909
vt 0.102273 0.840909
vt 0.102273 0.863636
vt 0.102273 0.863636
vt 0.102273 0.840909
vt 0.125000 0.886364
vt 0.125000 0.886364
vt 0.125000 0.863636
vt 0.125000 0.863636
vt 0.125000 0.886364
vt 0.125000 0.863636
vt 0.125000 0.863636
vt 0.125000 0.886364
vt 0.125000 0.886364
vt 0.125000 0.886364
vt 0.125000 0.886364
vt 0.125000 0.886364
vt 0.125000 0.886364
vt 0.125000 0.886364
vt 0.125000 0.863636
vt 0.125000 0.863636
vt 0.125000 0.863636
vt 0.125000 0.886364
vt 0.125000 0.863636
vt 0.045455 0.909091
vt 0.045455 0.931818
vt 0.045455 0.931818
vt 0.045455 0.931818
vt 0.045455 0.909091
vt 0.045455 0.909091
vt 0.045455 0.931818
vt 0.045455 0.909091
vt 0.045455 0.931818
vt 0.045455 0.909091
vt 0.045455 0.909091
vt 0.045455 0.931818
vt 0.045455 0.931818
vt 0.045455 0.909091
vt 0.022727 0.977273
vt 0.022727 1.000000
vt 0.022727 1.000000
vt 0.022727 0.977273
vt 0.022727 1.000000
vt 0.022727 0.977273
vt 0.159091 0.045455
vt 0.159091 0.068182
vt 0.159091 0.068182
vt 0.159091 0.045455
vt 0.159091 0.045455
vt 0.159091 0.068182
vt 0.159091 0.045455
vt 0.159091 0.045455
vt 0.159091 0.068182
vt 0.159091 0.045455
vt 0.159091 0.045455
vt 0.159091 0.068182
vt 0.159091 0.045455
vt 0.159091 0.045455
vt 0.159091 0.068182
vt 0.159091 0.045455
vt 0.159091 0.045455
vt 0.159091 0.068182
vt 0.159091 0.045455
vt 0.170455 0.068182
vt 0.170455 0.090909
vt 0.170455 0.090909
vt 0.170455 0.068182
vt 0.170455 0.090909
vt 0.170455 0.068182
vt 0.170455 0.090909
vt 0.170455 0.068182
vt 0.170455 0.090909
vt 0.170455 0.068182
vt 0.170455 0.090909
vt 0.170455 0.068182
vt 0.170455 0.090909
vt 0.170455 0.068182
vt 0.193182 0.090909
vt 0.193182 0.113636
vt 0.193182 0.113636
vt 0.193182 0.090909
vt 0.193182 0.090909
vt 0.193182 0.113636
vt 0.193182 0.090909
vt 0.193182 0.090909
vt 0.193182 0.090909
vt 0.193182 0.113636
vt 0.193182 0.113636
vt 0.193182 0.090909
vt 0.193182 0.090909
vt 0.193182 0.090909
vt 0.193182 0.113636
vt 0.193182 0.090909
vt 0.193182 0.136364
vt 0.193182 0.136364
vt 0.193182 0.136364
vt 0.193182 0.136364
vt 0.193182 0.136364
vt 0.193182 0.136364
vt 0.204545 0.136364
vt 0.204545 0.159091
vt 0.204545 0.159091
vt 0.204545 0.136364
vt 0.204545 0.159091
vt 0.204545 0.159091
vt 0.204545 0.136364
vt 0.204545 0.159091
vt 0.204545 0.136364
vt 0.204545 0.159091
vt 0.204545 0.159091
vt 0.204545 0.136364
vt 0.204545 0.159091
vt 0.204545 0.159091
vt 0.204545 0.159091
vt 0.204545 0.136364
vt 0.193182 0.159091
vt 0.193182 0.181818
vt 0.193182 0.181818
vt 0.193182 0.159091
vt 0.193182 0.181818
vt 0.193182 0.159091
vt 0.193182 0.181818
vt 0.193182 0.159091
vt 0.193182 0.181818
vt 0.193182 0.159091
vt 0.193182 0.181818
vt 0.193182 0.159091
vt 0.193182 0.181818
vt 0.193182 0.159091
vt 0.193182 0.204545
vt 0.193182 0.204545
vt 0.193182 0.204545
vt 0.193182 0.204545
vt 0.193182 0.204545
vt 0.193182 0.204545
vt 0.193182 0.204545
vt 0.180195 0.295455
vt 0.180195 0.318182
vt 0.180195 0.318182
vt 0.180195 0.295455
vt 0.180195 0.318182
vt 0.180195 0.295455
vt 0.180195 0.295455
vt 0.180195 0.295455
vt 0.180195 0.295455
vt 0.180195 0.295455
vt 0.180195 0.318182
vt 0.180195 0.318182
vt 0.180195 0.295455
vt 0.180195 0.318182
vt 0.180195 0.295455
vt 0.198052 0.318182
vt 0.198052 0.340909
vt 0.198052 0.340909
vt 0.198052 0.318182
vt 0.198052 0.318182
vt 0.198052 0.318182
vt 0.198052 0.340909
vt 0.198052 0.340909
vt 0.198052 0.318182
vt 0.198052 0.318182
vt 0.194805 0.340909
vt 0.194805 0.363636
vt 0.194805 0.363636
vt 0.194805 0.340909
vt 0.194805 0.363636
vt 0.194805 0.340909
vt 0.194805 0.340909
vt 0.194805 0.363636
vt 0.194805 0.363636
vt 0.194805 0.340909
vt 0.194805 0.363636
vt 0.194805 0.340909
vt 0.199380 0.363636
vt 0.199380 0.386364
vt 0.199380 0.386364
vt 0.199380 0.363636
vt 0.199380 0.386364
vt 0.199380 0.363636
vt 0.199380 0.363636
vt 0.199380 0.386364
vt 0.199380 0.386364
vt 0.199380 0.386364
vt 0.199380 0.386364
vt 0.199380 0.386364
vt 0.199380 0.386364
vt 0.199380 0.363636
vt 0.199380 0.363636
vt 0.199380 0.363636
vt 0.199380 0.386364
vt 0.199380 0.363636
vt 0.113636 0.409091
vt 0.113636 0.386364
vt 0.113636 0.386364
vt 0.113636 0.409091
vt 0.215909 0.431818
vt 0.215909 0.431818
vt 0.215909 0.409091
vt 0.215909 0.409091
vt 0.215909 0.431818
vt 0.215909 0.409091
vt 0.215909 0.431818
vt 0.215909 0.409091
vt 0.215909 0.431818
vt 0.215909 0.409091
vt 0.215909 0.431818
vt 0.215909 0.409091
vt 0.215909 0.409091
vt 0.215909 0.431818
vt 0.215909 0.431818
vt 0.215909 0.409091
vt 0.215909 0.409091
vt 0.215909 0.409091
vt 0.215909 0.431818
vt 0.215909 0.409091
vt 0.215909 0.431818
vt 0.215909 0.409091
vt 0.215909 0.431818
vt 0.215909 0.409091
vt 0.215909 0.431818
vt 0.215909 0.409091
vt 0.090909 0.431818
vt 0.090909 0.454545
vt 0.090909 0.454545
vt 0.090909 0.431818
vt 0.090909 0.431818
vt 0.090909 0.454545
vt 0.090909 0.454545
vt 0.090909 0.431818
vt 0.090909 0.477273
vt 0.090909 0.477273
vt 0.090909 0.477273
vt 0.090909 0.477273
vt 0.102273 0.477273
vt 0.102273 0.500000
vt 0.102273 0.500000
vt 0.102273 0.477273
vt 0.102273 0.477273
vt 0.102273 0.500000
vt 0.102273 0.500000
vt 0.102273 0.477273
vt 0.102273 0.522727
vt 0.102273 0.522727
vt 0.102273 0.500000
vt 0.102273 0.500000
vt 0.102273 0.522727
vt 0.102273 0.522727
vt 0.113636 0.522727
vt 0.113636 0.545455
vt 0.113636 0.545455
vt 0.113636 0.522727
vt 0.113636 0.522727
vt 0.113636 0.545455
vt 0.113636 0.522727
vt 0.113636 0.522727
vt 0.113636 0.545455
vt 0.113636 0.545455
vt 0.113636 0.522727
vt 0.113636 0.545455
vt 0.113636 0.522727
vt 0.113636 0.522727
vt 0.113636 0.568182
vt 0.113636 0.568182
vt 0.113636 0.545455
vt 0.113636 0.568182
vt 0.113636 0.545455
vt 0.113636 0.568182
vt 0.113636 0.545455
vt 0.113636 0.568182
vt 0.102273 0.840909
vt 0.102273 0.863636
vt 0.102273 0.863636
vt 0.102273 0.840909
vt 0.102273 0.863636
vt 0.102273 0.840909
vt 0.102273 0.863636
vt 0.102273 0.840909
vt 0.102273 0.863636
vt 0.102273 0.840909
vt 0.125000 0.886364
vt 0.125000 0.886364
vt 0.125000 0.863636
vt 0.125000 0.863636
vt 0.125000 0.886364
vt 0.125000 0.863636
vt 0.125000 0.886364
vt 0.125000 0.863636
vt 0.125000 0.863636
vt 0.125000 0.886364
vt 0.125000 0.886364
vt 0.125000 0.886364
vt 0.125000 0.886364
vt 0.125000 0.886364
vt 0.125000 0.863636
vt 0.125000 0.863636
vt 0.125000 0.863636
vt 0.125000 0.886364
vt 0.125000 0.863636
vt 0.125000 0.886364
vt 0.125000 0.863636
vt 0.045455 0.909091
vt 0.045455 0.931818
vt 0.045455 0.931818
vt 0.045455 0.909091
vt 0.045455 0.909091
vt 0.045455 0.909091
vt 0.045455 0.931818
vt 0.045455 0.931818
vt 0.045455 0.909091
vt 0.011364 0.931818
vt 0.011364 0.954545
vt 0.011364 0.954545
vt 0.011364 0.931818
vt 0.011364 0.931818
vt 0.011364 0.931818
vt 0.011364 0.954545
vt 0.011364 0.954545
vt 0.011364 0.954545
vt 0.011364 0.931818
vt 0.011364 0.931818
vt 0.011364 0.954545
vt 0.011364 0.977273
vt 0.011364 0.977273
vt 0.011364 0.977273
vt 0.011364 0.977273
vt 0.011364 0.977273
vt 0.011364 0.977273
vt 0.193182 0.090909
vt 0.193182 0.113636
vt 0.193182 0.113636
vt 0.193182 0.090909
vt 0.193182 0.090909
vt 0.193182 0.113636
vt 0.193182 0.090909
vt 0.193182 0.090909
vt 0.193182 0.113636
vt 0.193182 0.090909
vt 0.193182 0.090909
vt 0.193182 0.113636
vt 0.193182 0.090909
vt 0.193182 0.090909
vt 0.193182 0.113636
vt 0.193182 0.090909
vt 0.193182 0.090909
vt 0.193182 0.113636
vt 0.193182 0.090909
vt 0.193182 0.136364
vt 0.193182 0.136364
vt 0.193182 0.136364
vt 0.193182 0.136364
vt 0.193182 0.136364
vt 0.193182 0.136364
vt 0.193182 0.136364
vt 0.204545 0.136364
vt 0.204545 0.159091
vt 0.204545 0.159091
vt 0.204545 0.136364
vt 0.204545 0.159091
vt 0.204545 0.159091
vt 0.204545 0.136364
vt 0.204545 0.159091
vt 0.204545 0.159091
vt 0.204545 0.136364
vt 0.204545 0.159091
vt 0.204545 0.159091
vt 0.204545 0.136364
vt 0.204545 0.159091
vt 0.204545 0.159091
vt 0.204545 0.136364
vt 0.204545 0.159091
vt 0.204545 0.159091
vt 0.204545 0.136364
vt 0.180195 0.295455
vt 0.180195 0.318182
vt 0.180195 0.318182
vt 0.180195 0.295455
vt 0.180195 0.318182
vt 0.180195 0.295455
vt 0.180195 0.318182
vt 0.180195 0.295455
vt 0.180195 0.318182
vt 0.180195 0.295455
vt 0.198052 0.318182
vt 0.198052 0.340909
vt 0.198052 0.340909
vt 0.198052 0.318182
vt 0.198052 0.340909
vt 0.198052 0.318182
vt 0.198052 0.340909
vt 0.198052 0.318182
vt 0.198052 0.318182
vt 0.198052 0.340909
vt 0.198052 0.318182
vt 0.198052 0.340909
vt 0.198052 0.318182
vt 0.198052 0.340909
vt 0.198052 0.318182
vt 0.198052 0.340909
vt 0.198052 0.318182
vt 0.198052 0.340909
vt 0.198052 0.318182
vt 0.198052 0.318182
vt 0.198052 0.318182
vt 0.198052 0.340909
vt 0.198052 0.318182
vt 0.198052 0.340909
vt 0.194805 0.340909
vt 0.194805 0.363636
vt 0.194805 0.363636
vt 0.194805 0.340909
vt 0.194805 0.363636
vt 0.194805 0.340909
vt 0.194805 0.363636
vt 0.194805 0.340909
vt 0.194805 0.363636
vt 0.194805 0.340909
vt 0.194805 0.363636
vt 0.194805 0.340909
vt 0.194805 0.363636
vt 0.194805 0.340909
vt 0.199380 0.363636
vt 0.199380 0.386364
vt 0.199380 0.386364
vt 0.199380 0.363636
vt 0.199380 0.386364
vt 0.199380 0.363636
vt 0.199380 0.363636
vt 0.199380 0.363636
vt 0.199380 0.363636
vt 0.199380 0.363636
vt 0.199380 0.363636
vt 0.199380 0.363636
vt 0.199380 0.363636
vt 0.199380 0.386364
vt 0.199380 0.386364
vt 0.199380 0.363636
vt 0.199380 0.386364
vt 0.199380 0.363636
vt 0.113636 0.386364
vt 0.113636 0.409091
vt 0.113636 0.409091
vt 0.113636 0.386364
vt 0.113636 0.409091
vt 0.113636 0.386364
vt 0.113636 0.386364
vt 0.113636 0.409091
vt 0.113636 0.409091
vt 0.113636 0.386364
vt 0.113636 0.409091
vt 0.113636 0.386364
vt 0.215909 0.409091
vt 0.215909 0.431818
vt 0.215909 0.431818
vt 0.215909 0.409091
vt 0.215909 0.431818
vt 0.215909 0.409091
vt 0.215909 0.431818
vt 0.215909 0.409091
vt 0.215909 0.431818
vt 0.215909 0.409091
vt 0.215909 0.431818
vt 0.215909 0.409091
vt 0.215909 0.431818
vt 0.215909 0.431818
vt 0.215909 0.431818
vt 0.215909 0.431818
vt 0.215909 0.431818
vt 0.215909 0.431818
vt 0.215909 0.409091
vt 0.215909 0.409091
vt 0.215909 0.431818
vt 0.215909 0.409091
vt 0.215909 0.431818
vt 0.215909 0.409091
vt 0.215909 0.431818
vt 0.215909 0.409091
vt 0.215909 0.431818
vt 0.215909 0.409091
vt 0.090909 0.431818
vt 0.090909 0.454545
vt 0.090909 0.454545
vt 0.090909 0.431818
vt 0.090909 0.431818
vt 0.090909 0.454545
vt 0.090909 0.454545
vt 0.090909 0.431818
vt 0.090909 0.477273
vt 0.090909 0.477273
vt 0.090909 0.477273
vt 0.090909 0.477273
vt 0.102273 0.477273
vt 0.102273 0.500000
vt 0.102273 0.500000
vt 0.102273 0.477273
vt 0.102273 0.477273
vt 0.102273 0.500000
vt 0.102273 0.500000
vt 0.102273 0.477273
vt 0.102273 0.522727
vt 0.102273 0.522727
vt 0.102273 0.500000
vt 0.102273 0.522727
vt 0.102273 0.500000
vt 0.102273 0.522727
vt 0.102273 0.500000
vt 0.102273 0.522727
vt 0.113636 0.522727
vt 0.113636 0.545455
vt 0.113636 0.545455
vt 0.113636 0.522727
vt 0.113636 0.545455
vt 0.113636 0.522727
vt 0.113636 0.545455
vt 0.113636 0.522727
vt 0.113636 0.545455
vt 0.113636 0.522727
vt 0.125000 0.863636
vt 0.125000 0.886364
vt 0.125000 0.886364
vt 0.125000 0.863636
vt 0.125000 0.886364
vt 0.125000 0.863636
vt 0.125000 0.886364
vt 0.125000 0.863636
vt 0.125000 0.886364
vt 0.125000 0.863636
vt 0.125000 0.863636
vt 0.125000 0.863636
vt 0.125000 0.863636
vt 0.125000 0.863636
vt 0.125000 0.863636
vt 0.125000 0.886364
vt 0.125000 0.886364
vt 0.125000 0.863636
vt 0.125000 0.886364
vt 0.125000 0.863636
vt 0.125000 0.886364
vt 0.125000 0.863636
vt 0.125000 0.886364
vt 0.125000 0.863636
vt 0.022727 0.886364
vt 0.022727 0.886364
vt 0.022727 0.909091
vt 0.022727 0.909091
vt 0.022727 0.909091
vt 0.022727 0.886364
vt 0.022727 0.886364
vt 0.022727 0.909091
vt 0.022727 0.886364
vt 0.022727 0.909091
vt 0.045455 0.909091
vt 0.045455 0.931818
vt 0.045455 0.931818
vt 0.045455 0.909091
vt 0.045455 0.931818
vt 0.045455 0.931818
vt 0.045455 0.909091
vt 0.199380 0.363636
vt 0.199380 0.386364
vt 0.199380 0.386364
vt 0.199380 0.363636
vt 0.199380 0.386364
vt 0.199380 0.386364
vt 0.199380 0.363636
vt 0.199380 0.386364
vt 0.199380 0.363636
vt 0.199380 0.386364
vt 0.199380 0.363636
vt 0.199380 0.363636
vt 0.199380 0.363636
vt 0.199380 0.363636
vt 0.199380 0.363636
vt 0.199380 0.363636
vt 0.199380 0.386364
vt 0.199380 0.386364
vt 0.199380 0.363636
vt 0.199380 0.363636
vt 0.199380 0.386364
vt 0.199380 0.363636
vt 0.199380 0.386364
vt 0.199380 0.386364
vt 0.199380 0.386364
vt 0.199380 0.363636
vt 0.113636 0.386364
vt 0.113636 0.409091
vt 0.113636 0.409091
vt 0.113636 0.386364
vt 0.113636 0.409091
vt 0.113636 0.386364
vt 0.113636 0.409091
vt 0.113636 0.386364
vt 0.113636 0.409091
vt 0.113636 0.386364
vt 0.215909 0.409091
vt 0.215909 0.431818
vt 0.215909 0.431818
vt 0.215909 0.409091
vt 0.215909 0.431818
vt 0.215909 0.409091
vt 0.215909 0.431818
vt 0.215909 0.409091
vt 0.215909 0.431818
vt 0.215909 0.409091
vt 0.215909 0.431818
vt 0.215909 0.409091
vt 0.215909 0.409091
vt 0.215909 0.431818
vt 0.215909 0.431818
vt 0.215909 0.409091
vt 0.215909 0.409091
vt 0.215909 0.431818
vt 0.215909 0.431818
vt 0.215909 0.431818
vt 0.215909 0.409091
vt 0.215909 0.409091
vt 0.215909 0.409091
vt 0.215909 0.409091
vt 0.215909 0.431818
vt 0.215909 0.409091
vt 0.215909 0.431818
vt 0.215909 0.409091
vt 0.215909 0.431818
vt 0.215909 0.409091
vt 0.215909 0.431818
vt 0.215909 0.409091
vt 0.215909 0.431818
vt 0.215909 0.409091
vt 0.090909 0.431818
vt 0.090909 0.454545
vt 0.090909 0.454545
vt 0.090909 0.431818
vt 0.090909 0.454545
vt 0.090909 0.431818
vt 0.090909 0.454545
vt 0.090909 0.431818
vt 0.090909 0.454545
vt 0.090909 0.431818
vt 0.090909 0.477273
vt 0.090909 0.477273
vt 0.090909 0.477273
vt 0.090909 0.477273
vt 0.090909 0.477273
vt 0.102273 0.477273
vt 0.102273 0.500000
vt 0.102273 0.500000
vt 0.102273 0.477273
vt 0.102273 0.500000
vt 0.102273 0.477273
vt 0.102273 0.500000
vt 0.102273 0.477273
vt 0.102273 0.500000
vt 0.102273 0.477273
vt 0.125000 0.863636
vt 0.125000 0.886364
vt 0.125000 0.886364
vt 0.125000 0.863636
vt 0.125000 0.886364
vt 0.125000 0.863636
vt 0.125000 0.886364
vt 0.125000 0.863636
vt 0.125000 0.863636
vt 0.125000 0.863636
vt 0.125000 0.886364
vt 0.125000 0.886364
vt 0.125000 0.863636
vt 0.125000 0.886364
vt 0.125000 0.863636
vt 0.125000 0.886364
vt 0.125000 0.863636
vt 0.022727 0.886364
vt 0.022727 0.909091
vt 0.022727 0.909091
vt 0.022727 0.886364
vt 0.022727 0.909091
vt 0.022727 0.909091
vt 0.022727 0.886364
vt 0.199380 0.363636
vt 0.199380 0.386364
vt 0.199380 0.386364
vt 0.199380 0.363636
vt 0.199380 0.386364
vt 0.199380 0.386364
vt 0.199380 0.363636
vt 0.215909 0.409091
vt 0.215909 0.431818
vt 0.215909 0.431818
vt 0.215909 0.409091
vt 0.215909 0.431818
vt 0.215909 0.409091
vt 0.215909 0.431818
vt 0.215909 0.409091
vt 0.215909 0.431818
vt 0.215909 0.409091
vt 0.215909 0.431818
vt 0.215909 0.409091
vt 0.215909 0.431818
vt 0.215909 0.431818
vt 0.215909 0.409091
vt 0.215909 0.409091
vt 0.215909 0.431818
vt 0.215909 0.431818
vt 0.215909 0.409091
vt 0.215909 0.409091
vt 0.215909 0.431818
vt 0.215909 0.431818
vt 0.215909 0.409091
vt 0.215909 0.409091
vt 0.215909 0.431818
vt 0.215909 0.409091
vt 0.215909 0.431818
vt 0.215909 0.409091
vt 0.215909 0.431818
vt 0.215909 0.409091
vt 0.215909 0.431818
vt 0.215909 0.409091
vt 0.215909 0.431818
vt 0.215909 0.409091
vt 0.215909 0.431818
vt 0.215909 0.409091
vt 0.125000 0.863636
vt 0.125000 0.886364
vt 0.125000 0.886364
vt 0.125000 0.863636
vt 0.125000 0.886364
vt 0.125000 0.863636
vt 0.125000 0.886364
vt 0.125000 0.886364
vt 0.125000 0.863636
vt 0.125000 0.886364
vt 0.125000 0.863636
vt 0.215909 0.409091
vt 0.215909 0.431818
vt 0.215909 0.431818
vt 0.215909 0.409091
vt 0.215909 0.431818
vt 0.215909 0.409091
vt 0.215909 0.431818
vt 0.215909 0.409091
vt 0.215909 0.431818
vt 0.215909 0.409091
vt 0.215909 0.431818
vt 0.215909 0.409091
vt 0.215909 0.431818
vt 0.215909 0.409091
vt 0.215909 0.431818
vt 0.215909 0.409091
vt 0.215909 0.431818
vt 0.215909 0.409091
vt 0.215909 0.431818
vt 0.215909 0.409091
vt 0.215909 0.431818
vt 0.215909 0.409091
vt 0.215909 0.431818
vt 0.215909 0.409091
vt 0.215909 0.431818
vt 0.215909 0.409091
vt 0.215909 0.409091
vt 0.215909 0.431818
vt 0.215909 0.431818
vt 0.215909 0.409091
vt 0.215909 0.431818
vt 0.215909 0.409091
vt 0.215909 0.431818
vt 0.215909 0.409091
vt 0.215909 0.431818
vt 0.215909 0.409091
vt 0.215909 0.431818
vt 0.215909 0.409091
vt 0.215909 0.431818
vt 0.215909 0.409091
vt 0.215909 0.431818
vt 0.215909 0.409091
vt 0.215909 0.431818
vt 0.215909 0.409091
vt 0.215909 0.431818
vt 0.215909 0.409091
vt 0.215909 0.431818
vt 0.215909 0.409091
vt 0.215909 0.409091
vt 0.215909 0.431818
vt 0.215909 0.431818
vt 0.215909 0.409091
vt 0.215909 0.431818
vt 0.215909 0.409091
vt 0.215909 0.431818
vt 0.215909 0.409091
vt 0.215909 0.431818
vt 0.215909 0.409091
vt 0.215909 0.431818
vt 0.215909 0.409091
vt 0.215909 0.431818
vt 0.215909 0.409091
usemtl torchpart
f 1/1 2/2 3/3
f 1/1 3/3 4/4
f 4/4 3/3 5/5
f 4/4 5/5 6/6
f 1/1 7/7 8/8
f 1/1 8/8 2/2
f 1/1 4/4 6/6
f 1/1 6/6 7/7
f 2/2 9/9 10/10
f 2/2 10/10 3/3
f 3/3 10/10 11/11
f 3/3 11/11 5/5
f 2/2 8/8 12/12
f 2/2 12/12 9/9
f 9/9 13/13 14/14
f 9/9 14/14 10/10
f 10/10 14/14 15/15
f 10/10 15/15 11/11
f 9/9 12/12 16/16
f 9/9 16/16 13/13
f 13/13 17/17 18/18
f 13/13 18/18 14/14
f 14/14 18/18 19/19
f 14/14 19/19 15/15
f 13/13 16/16 20/20
f 13/13 20/20 17/17
f 17/17 20/20 19/19
f 17/17 19/19 18/18
f 21/21 22/22 23/23
f 21/21 23/23 24/24
f 21/21 25/25 26/26
f 21/21 26/26 22/22
f 21/21 24/24 27/27
f 21/21 27/27 25/25
f 22/22 28/28 29/29
f 22/22 29/29 23/23
f 22/22 26/26 30/30
f 22/22 30/30 28/28
f 28/28 31/31 32/32
f 28/28 32/32 29/29
f 28/28 30/30 33/33
f 28/28 33/33 31/31
f 31/31 34/34 35/35
f 31/31 35/35 32/32
f 31/31 33/33 36/36
f 31/31 36/36 34/34
f 34/34 37/37 38/38
f 34/34 38/38 35/35
f 34/34 36/36 39/39
f 34/34 39/39 37/37
f 37/37 40/40 41/41
f 37/37 41/41 38/38
f 37/37 39/39 42/42
f 37/37 42/42 40/40
f 40/40 42/42 43/43
f 40/40 43/43 41/41
f 44/44 45/45 46/46
f 44/44 46/46 47/47
f 44/44 47/47 48/48
f 44/44 48/48 49/49
f 45/45 50/50 51/51
f 45/45 51/51 46/46
f 50/50 52/52 53/53
f 50/50 53/53 51/51
f 52/52 54/54 55/55
f 52/52 55/55 53/53
f 54/54 56/56 57/57
f 54/54 57/57 55/55
f 56/56 58/58 59/59
f 56/56 59/59 57/57
f 58/58 60/60 61/61
f 58/58 61/61 59/59
f 47/47 46/46 62/62
f 47/47 62/62 63/63
f 63/63 62/62 64/64
f 63/63 64/64 65/65
f 47/47 63/63 65/65
f 47/47 65/65 48/48
f 46/46 51/51 66/66
f 46/46 66/66 62/62
f 62/62 66/66 67/67
f 62/62 67/67 64/64
f 51/51 53/53 68/68
f 51/51 68/68 66/66
f 66/66 68/68 69/69
f 66/66 69/69 67/67
f 53/53 55/55 70/70
f 53/53 70/70 68/68
f 68/68 70/70 71/71
f 68/68 71/71 69/69
f 55/55 57/57 72/72
f 55/55 72/72 70/70
f 70/70 72/72 73/73
f 70/70 73/73 71/71
f 57/57 59/59 74/74
f 57/57 74/74 72/72
f 72/72 74/74 75/75
f 72/72 75/75 73/73
f 59/59 61/61 75/75
f 59/59 75/75 74/74
f 76/76 77/77 78/78
f 76/76 78/78 79/79
f 79/79 78/78 80/80
f 79/79 80/80 81/81
f 76/76 82/82 83/83
f 76/76 83/83 77/77
f 76/76 79/79 81/81
f 76/76 81/81 82/82
f 77/77 7/7 6/6
f 77/77 6/6 78/78
f 78/78 6/6 84/84
f 78/78 84/84 80/80
f 77/77 83/83 85/85
f 77/77 85/85 7/7
f 6/6 5/5 86/86
f 6/6 86/86 84/84
f 7/7 85/85 87/87
f 7/7 87/87 8/8
f 5/5 11/11 88/88
f 5/5 88/88 86/86
f 8/8 87/87 89/89
f 8/8 89/89 12/12
f 11/11 15/15 90/90
f 11/11 90/90 88/88
f 12/12 89/89 91/91
f 12/12 91/91 16/16
f 15/15 19/19 92/92
f 15/15 92/92 90/90
f 16/16 91/91 93/93
f 16/16 93/93 20/20
f 20/20 94/94 95/95
f 20/20 95/95 19/19
f 19/19 95/95 96/96
f 19/19 96/96 92/92
f 20/20 93/93 97/97
f 20/20 97/97 94/94
f 94/94 98/98 99/99
f 94/94 99/99 95/95
f 95/95 99/99 100/100
f 95/95 100/100 96/96
f 94/94 97/97 101/101
f 94/94 101/101 98/98
f 98/98 101/101 100/100
f 98/98 100/100 99/99
f 102/102 103/103 104/104
f 102/102 104/104 105/105
f 102/102 106/106 107/107
f 102/102 107/107 103/103
f 102/102 105/105 108/108
f 102/102 108/108 106/106
f 103/103 109/109 110/110
f 103/103 110/110 104/104
f 103/103 107/107 111/111
f 103/103 111/111 109/109
f 109/109 112/112 113/113
f 109/109 113/113 110/110
f 109/109 111/111 114/114
f 109/109 114/114 112/112
f 112/112 115/115 116/116
f 112/112 116/116 113/113
f 112/112 114/114 117/117
f 112/112 117/117 115/115
f 115/115 118/118 119/119
f 115/115 119/119 116/116
f 115/115 117/117 120/120
f 115/115 120/120 118/118
f 118/118 121/121 122/122
f 118/118 122/122 119/119
f 118/118 120/120 123/123
f 118/118 123/123 121/121
f 121/121 123/123 124/124
f 121/121 124/124 122/122
f 105/105 104/104 125/125
f 105/105 125/125 126/126
f 105/105 126/126 127/127
f 105/105 127/127 108/108
f 104/104 110/110 128/128
f 104/104 128/128 125/125
f 110/110 113/113 129/129
f 110/110 129/129 128/128
f 113/113 116/116 130/130
f 113/113 130/130 129/129
f 116/116 119/119 131/131
f 116/116 131/131 130/130
f 119/119 122/122 132/132
f 119/119 132/132 131/131
f 122/122 124/124 133/133
f 122/122 133/133 132/132
f 134/134 135/135 136/136
f 134/134 136/136 137/137
f 134/134 138/138 139/139
f 134/134 139/139 135/135
f 134/134 137/137 140/140
f 134/134 140/140 138/138
f 135/135 25/25 27/27
f 135/135 27/27 136/136
f 135/135 139/139 141/141
f 135/135 141/141 25/25
f 42/42 142/142 143/143
f 42/42 143/143 43/43
f 42/42 144/144 145/145
f 42/42 145/145 142/142
f 142/142 146/146 147/147
f 142/142 147/147 143/143
f 142/142 145/145 148/148
f 142/142 148/148 146/146
f 146/146 148/148 149/149
f 146/146 149/149 147/147
f 150/150 151/151 152/152
f 150/150 152/152 153/153
f 150/150 153/153 154/154
f 150/150 154/154 155/155
f 151/151 49/49 48/48
f 151/151 48/48 152/152
f 60/60 156/156 157/157
f 60/60 157/157 61/61
f 156/156 158/158 159/159
f 156/156 159/159 157/157
f 158/158 160/160 161/161
f 158/158 161/161 159/159
f 153/153 152/152 162/162
f 153/153 162/162 163/163
f 163/163 162/162 164/164
f 163/163 164/164 165/165
f 153/153 163/163 165/165
f 153/153 165/165 154/154
f 152/152 48/48 65/65
f 152/152 65/65 162/162
f 162/162 65/65 166/166
f 162/162 166/166 164/164
f 61/61 157/157 167/167
f 61/61 167/167 75/75
f 75/75 167/167 168/168
f 75/75 168/168 169/169
f 157/157 159/159 170/170
f 157/157 170/170 167/167
f 167/167 170/170 171/171
f 167/167 171/171 168/168
f 159/159 161/161 171/171
f 159/159 171/171 170/170
f 172/172 173/173 174/174
f 172/172 174/174 175/175
f 172/172 175/175 176/176
f 172/172 176/176 177/177
f 173/173 178/178 179/179
f 173/173 179/179 174/174
f 178/178 180/180 181/181
f 178/178 181/181 179/179
f 180/180 182/182 183/183
f 180/180 183/183 181/181
f 182/182 184/184 185/185
f 182/182 185/185 183/183
f 184/184 186/186 187/187
f 184/184 187/187 185/185
f 186/186 188/188 189/189
f 186/186 189/189 187/187
f 175/175 174/174 190/190
f 175/175 190/190 191/191
f 175/175 191/191 192/192
f 175/175 192/192 176/176
f 174/174 179/179 193/193
f 174/174 193/193 190/190
f 179/179 181/181 194/194
f 179/179 194/194 193/193
f 181/181 183/183 195/195
f 181/181 195/195 194/194
f 183/183 185/185 196/196
f 183/183 196/196 195/195
f 185/185 187/187 197/197
f 185/185 197/197 196/196
f 187/187 189/189 198/198
f 187/187 198/198 197/197
f 191/191 190/190 199/199
f 191/191 199/199 200/200
f 200/200 199/199 201/201
f 200/200 201/201 202/202
f 191/191 200/200 202/202
f 191/191 202/202 192/192
f 190/190 193/193 203/203
f 190/190 203/203 199/199
f 199/199 203/203 204/204
f 199/199 204/204 201/201
f 193/193 194/194 205/205
f 193/193 205/205 203/203
f 203/203 205/205 206/206
f 203/203 206/206 204/204
f 194/194 195/195 207/207
f 194/194 207/207 205/205
f 205/205 207/207 208/208
f 205/205 208/208 206/206
f 195/195 196/196 209/209
f 195/195 209/209 207/207
f 207/207 209/209 210/210
f 207/207 210/210 208/208
f 196/196 197/197 211/211
f 196/196 211/211 209/209
f 209/209 211/211 212/212
f 209/209 212/212 210/210
f 197/197 198/198 212/212
f 197/197 212/212 211/211
f 213/213 214/214 215/215
f 213/213 215/215 216/216
f 213/213 217/217 218/218
f 213/213 218/218 214/214
f 213/213 216/216 219/219
f 213/213 219/219 217/217
f 214/214 220/220 221/221
f 214/214 221/221 215/215
f 214/214 218/218 222/222
f 214/214 222/222 220/220
f 220/220 223/223 224/224
f 220/220 224/224 221/221
f 220/220 222/222 225/225
f 220/220 225/225 223/223
f 223/223 226/226 227/227
f 223/223 227/227 224/224
f 223/223 225/225 228/228
f 223/223 228/228 226/226
f 226/226 229/229 230/230
f 226/226 230/230 227/227
f 226/226 228/228 231/231
f 226/226 231/231 229/229
f 229/229 232/232 233/233
f 229/229 233/233 230/230
f 229/229 231/231 234/234
f 229/229 234/234 232/232
f 232/232 234/234 235/235
f 232/232 235/235 233/233
f 236/236 237/237 238/238
f 236/236 238/238 239/239
f 239/239 238/238 240/240
f 239/239 240/240 241/241
f 236/236 239/239 241/241
f 236/236 241/241 242/242
f 237/237 243/243 244/244
f 237/237 244/244 238/238
f 238/238 244/244 245/245
f 238/238 245/245 240/240
f 243/243 246/246 247/247
f 243/243 247/247 244/244
f 244/244 247/247 248/248
f 244/244 248/248 245/245
f 246/246 249/249 250/250
f 246/246 250/250 247/247
f 247/247 250/250 251/251
f 247/247 251/251 248/248
f 249/249 252/252 253/253
f 249/249 253/253 250/250
f 250/250 253/253 254/254
f 250/250 254/254 251/251
f 252/252 255/255 256/256
f 252/252 256/256 253/253
f 253/253 256/256 257/257
f 253/253 257/257 254/254
f 255/255 258/258 257/257
f 255/255 257/257 256/256
f 259/259 260/260 261/261
f 259/259 261/261 262/262
f 259/259 263/263 264/264
f 259/259 264/264 260/260
f 259/259 262/262 265/265
f 259/259 265/265 263/263
f 260/260 266/266 267/267
f 260/260 267/267 261/261
f 260/260 264/264 268/268
f 260/260 268/268 266/266
f 266/266 269/269 270/270
f 266/266 270/270 267/267
f 266/266 268/268 271/271
f 266/266 271/271 269/269
f 269/269 272/272 273/273
f 269/269 273/273 270/270
f 269/269 271/271 274/274
f 269/269 274/274 272/272
f 272/272 275/275 276/276
f 272/272 276/276 273/273
f 272/272 274/274 277/277
f 272/272 277/277 275/275
f 275/275 278/278 279/279
f 275/275 279/279 276/276
f 275/275 277/277 280/280
f 275/275 280/280 278/278
f 278/278 280/280 281/281
f 278/278 281/281 279/279
f 282/282 82/82 81/81
f 282/282 81/81 283/283
f 283/283 81/81 284/284
f 283/283 284/284 285/285
f 282/282 286/286 287/287
f 282/282 287/287 82/82
f 282/282 283/283 285/285
f 282/282 285/285 286/286
f 81/81 80/80 288/288
f 81/81 288/288 284/284
f 82/82 287/287 289/289
f 82/82 289/289 83/83
f 80/80 84/84 290/290
f 80/80 290/290 288/288
f 84/84 86/86 291/291
f 84/84 291/291 290/290
f 86/86 88/88 292/292
f 86/86 292/292 291/291
f 88/88 90/90 293/293
f 88/88 293/293 292/292
f 90/90 92/92 294/294
f 90/90 294/294 293/293
f 92/92 96/96 295/295
f 92/92 295/295 294/294
f 96/96 100/100 296/296
f 96/96 296/296 295/295
f 97/97 297/297 298/298
f 97/97 298/298 101/101
f 101/101 299/299 300/300
f 101/101 300/300 100/100
f 100/100 300/300 301/301
f 100/100 301/301 296/296
f 101/101 298/298 302/302
f 101/101 302/302 299/299
f 299/299 302/302 301/301
f 299/299 301/301 300/300
f 303/303 304/304 305/305
f 303/303 305/305 306/306
f 303/303 307/307 308/308
f 303/303 308/308 304/304
f 303/303 306/306 309/309
f 303/303 309/309 307/307
f 304/304 310/310 311/311
f 304/304 311/311 305/305
f 304/304 308/308 312/312
f 304/304 312/312 310/310
f 310/310 313/313 314/314
f 310/310 314/314 311/311
f 310/310 312/312 315/315
f 310/310 315/315 313/313
f 313/313 316/316 317/317
f 313/313 317/317 314/314
f 313/313 315/315 318/318
f 313/313 318/318 316/316
f 316/316 319/319 320/320
f 316/316 320/320 317/317
f 316/316 318/318 321/321
f 316/316 321/321 319/319
f 319/319 322/322 323/323
f 319/319 323/323 320/320
f 319/319 321/321 324/324
f 319/319 324/324 322/322
f 322/322 324/324 325/325
f 322/322 325/325 323/323
f 326/326 327/327 328/328
f 326/326 328/328 329/329
f 326/326 330/330 331/331
f 326/326 331/331 327/327
f 326/326 329/329 332/332
f 326/326 332/332 330/330
f 327/327 106/106 108/108
f 327/327 108/108 328/328
f 327/327 331/331 333/333
f 327/327 333/333 106/106
f 123/123 334/334 335/335
f 123/123 335/335 124/124
f 123/123 336/336 337/337
f 123/123 337/337 334/334
f 334/334 338/338 339/339
f 334/334 339/339 335/335
f 334/334 337/337 340/340
f 334/334 340/340 338/338
f 338/338 340/340 341/341
f 338/338 341/341 339/339
f 329/329 328/328 342/342
f 329/329 342/342 343/343
f 329/329 343/343 344/344
f 329/329 344/344 332/332
f 328/328 108/108 127/127
f 328/328 127/127 342/342
f 124/124 335/335 345/345
f 124/124 345/345 133/133
f 335/335 339/339 346/346
f 335/335 346/346 345/345
f 339/339 341/341 347/347
f 339/339 347/347 346/346
f 348/348 138/138 140/140
f 348/348 140/140 349/349
f 348/348 350/350 351/351
f 348/348 351/351 138/138
f 348/348 349/349 352/352
f 348/348 352/352 350/350
f 148/148 353/353 354/354
f 148/148 354/354 149/149
f 148/148 355/355 356/356
f 148/148 356/356 353/353
f 353/353 356/356 357/357
f 353/353 357/357 354/354
f 358/358 155/155 154/154
f 358/358 154/154 359/359
f 358/358 359/359 360/360
f 358/358 360/360 361/361
f 160/160 362/362 363/363
f 160/160 363/363 161/161
f 362/362 364/364 365/365
f 362/362 365/365 363/363
f 359/359 154/154 165/165
f 359/359 165/165 366/366
f 366/366 165/165 367/367
f 366/366 367/367 368/368
f 359/359 366/366 368/368
f 359/359 368/368 360/360
f 165/165 164/164 369/369
f 165/165 369/369 367/367
f 168/168 171/171 370/370
f 168/168 370/370 371/371
f 161/161 363/363 372/372
f 161/161 372/372 171/171
f 171/171 372/372 373/373
f 171/171 373/373 370/370
f 363/363 365/365 373/373
f 363/363 373/373 372/372
f 374/374 177/177 176/176
f 374/374 176/176 375/375
f 374/374 375/375 376/376
f 374/374 376/376 377/377
f 188/188 378/378 379/379
f 188/188 379/379 189/189
f 378/378 380/380 381/381
f 378/378 381/381 379/379
f 375/375 176/176 192/192
f 375/375 192/192 382/382
f 375/375 382/382 383/383
f 375/375 383/383 376/376
f 189/189 379/379 384/384
f 189/189 384/384 198/198
f 379/379 381/381 385/385
f 379/379 385/385 384/384
f 382/382 192/192 202/202
f 382/382 202/202 386/386
f 386/386 202/202 387/387
f 386/386 387/387 388/388
f 382/382 386/386 388/388
f 382/382 388/388 383/383
f 198/198 384/384 389/389
f 198/198 389/389 212/212
f 212/212 389/389 390/390
f 212/212 390/390 391/391
f 384/384 385/385 390/390
f 384/384 390/390 389/389
f 392/392 393/393 394/394
f 392/392 394/394 395/395
f 392/392 395/395 396/396
f 392/392 396/396 397/397
f 393/393 398/398 399/399
f 393/393 399/399 394/394
f 398/398 400/400 401/401
f 398/398 401/401 399/399
f 400/400 402/402 403/403
f 400/400 403/403 401/401
f 402/402 404/404 405/405
f 402/402 405/405 403/403
f 404/404 406/406 407/407
f 404/404 407/407 405/405
f 406/406 408/408 409/409
f 406/406 409/409 407/407
f 410/410 411/411 412/412
f 410/410 412/412 413/413
f 410/410 413/413 414/414
f 410/410 414/414 415/415
f 411/411 416/416 417/417
f 411/411 417/417 412/412
f 416/416 418/418 419/419
f 416/416 419/419 417/417
f 418/418 420/420 421/421
f 418/418 421/421 419/419
f 420/420 422/422 423/423
f 420/420 423/423 421/421
f 422/422 424/424 425/425
f 422/422 425/425 423/423
f 424/424 426/426 427/427
f 424/424 427/427 425/425
f 428/428 429/429 430/430
f 428/428 430/430 431/431
f 428/428 432/432 433/433
f 428/428 433/433 429/429
f 428/428 431/431 434/434
f 428/428 434/434 432/432
f 429/429 217/217 219/219
f 429/429 219/219 430/430
f 429/429 433/433 435/435
f 429/429 435/435 217/217
f 234/234 436/436 437/437
f 234/234 437/437 235/235
f 234/234 438/438 439/439
f 234/234 439/439 436/436
f 436/436 440/440 441/441
f 436/436 441/441 437/437
f 436/436 439/439 442/442
f 436/436 442/442 440/440
f 440/440 442/442 443/443
f 440/440 443/443 441/441
f 444/444 445/445 446/446
f 444/444 446/446 447/447
f 447/447 446/446 448/448
f 447/447 448/448 449/449
f 444/444 447/447 449/449
f 444/444 449/449 450/450
f 445/445 242/242 241/241
f 445/445 241/241 446/446
f 446/446 241/241 451/451
f 446/446 451/451 448/448
f 258/258 452/452 453/453
f 258/258 453/453 257/257
f 257/257 453/453 454/454
f 257/257 454/454 455/455
f 452/452 456/456 457/457
f 452/452 457/457 453/453
f 453/453 457/457 458/458
f 453/453 458/458 454/454
f 456/456 459/459 458/458
f 456/456 458/458 457/457
f 460/460 461/461 462/462
f 460/460 462/462 463/463
f 463/463 462/462 464/464
f 463/463 464/464 465/465
f 460/460 463/463 465/465
f 460/460 465/465 466/466
f 461/461 467/467 468/468
f 461/461 468/468 462/462
f 462/462 468/468 469/469
f 462/462 469/469 464/464
f 467/467 470/470 471/471
f 467/467 471/471 468/468
f 468/468 471/471 472/472
f 468/468 472/472 469/469
f 470/470 473/473 474/474
f 470/470 474/474 471/471
f 471/471 474/474 475/475
f 471/471 475/475 472/472
f 473/473 476/476 477/477
f 473/473 477/477 474/474
f 474/474 477/477 478/478
f 474/474 478/478 475/475
f 476/476 479/479 480/480
f 476/476 480/480 477/477
f 477/477 480/480 481/481
f 477/477 481/481 478/478
f 479/479 482/482 481/481
f 479/479 481/481 480/480
f 483/483 484/484 485/485
f 483/483 485/485 486/486
f 483/483 487/487 488/488
f 483/483 488/488 484/484
f 483/483 486/486 489/489
f 483/483 489/489 487/487
f 484/484 490/490 491/491
f 484/484 491/491 485/485
f 484/484 488/488 492/492
f 484/484 492/492 490/490
f 490/490 492/492 493/493
f 490/490 493/493 491/491
f 494/494 495/495 496/496
f 494/494 496/496 497/497
f 494/494 497/497 498/498
f 494/494 498/498 499/499
f 495/495 500/500 501/501
f 495/495 501/501 496/496
f 500/500 502/502 503/503
f 500/500 503/503 501/501
f 504/504 505/505 506/506
f 504/504 506/506 507/507
f 504/504 507/507 508/508
f 504/504 508/508 509/509
f 505/505 510/510 511/511
f 505/505 511/511 506/506
f 510/510 512/512 513/513
f 510/510 513/513 511/511
f 514/514 263/263 265/265
f 514/514 265/265 515/515
f 514/514 516/516 517/517
f 514/514 517/517 263/263
f 514/514 515/515 518/518
f 514/514 518/518 516/516
f 263/263 517/517 519/519
f 263/263 519/519 264/264
f 264/264 519/519 520/520
f 264/264 520/520 268/268
f 274/274 521/521 522/522
f 274/274 522/522 277/277
f 277/277 522/522 523/523
f 277/277 523/523 280/280
f 280/280 524/524 525/525
f 280/280 525/525 281/281
f 280/280 523/523 526/526
f 280/280 526/526 524/524
f 524/524 526/526 527/527
f 524/524 527/527 525/525
f 528/528 286/286 285/285
f 528/528 285/285 529/529
f 529/529 285/285 530/530
f 529/529 530/530 531/531
f 528/528 532/532 533/533
f 528/528 533/533 286/286
f 528/528 529/529 531/531
f 528/528 531/531 532/532
f 285/285 284/284 534/534
f 285/285 534/534 530/530
f 286/286 533/533 535/535
f 286/286 535/535 287/287
f 284/284 288/288 536/536
f 284/284 536/536 534/534
f 288/288 290/290 537/537
f 288/288 537/537 536/536
f 290/290 291/291 538/538
f 290/290 538/538 537/537
f 291/291 292/292 539/539
f 291/291 539/539 538/538
f 292/292 293/293 540/540
f 292/292 540/540 539/539
f 293/293 294/294 541/541
f 293/293 541/541 540/540
f 294/294 295/295 542/542
f 294/294 542/542 541/541
f 295/295 296/296 543/543
f 295/295 543/543 542/542
f 296/296 301/301 544/544
f 296/296 544/544 543/543
f 298/298 545/545 546/546
f 298/298 546/546 302/302
f 302/302 547/547 548/548
f 302/302 548/548 301/301
f 301/301 548/548 549/549
f 301/301 549/549 544/544
f 302/302 546/546 550/550
f 302/302 550/550 547/547
f 547/547 550/550 549/549
f 547/547 549/549 548/548
f 551/551 552/552 553/553
f 551/551 553/553 554/554
f 551/551 555/555 556/556
f 551/551 556/556 552/552
f 551/551 554/554 557/557
f 551/551 557/557 555/555
f 552/552 558/558 559/559
f 552/552 559/559 553/553
f 552/552 556/556 560/560
f 552/552 560/560 558/558
f 558/558 561/561 562/562
f 558/558 562/562 559/559
f 558/558 560/560 563/563
f 558/558 563/563 561/561
f 561/561 564/564 565/565
f 561/561 565/565 562/562
f 561/561 563/563 566/566
f 561/561 566/566 564/564
f 564/564 567/567 568/568
f 564/564 568/568 565/565
f 564/564 566/566 569/569
f 564/564 569/569 567/567
f 567/567 570/570 571/571
f 567/567 571/571 568/568
f 567/567 569/569 572/572
f 567/567 572/572 570/570
f 570/570 572/572 573/573
f 570/570 573/573 571/571
f 574/574 575/575 576/576
f 574/574 576/576 577/577
f 574/574 577/577 578/578
f 574/574 578/578 579/579
f 575/575 580/580 581/581
f 575/575 581/581 576/576
f 580/580 582/582 583/583
f 580/580 583/583 581/581
f 582/582 584/584 585/585
f 582/582 585/585 583/583
f 584/584 586/586 587/587
f 584/584 587/587 585/585
f 586/586 588/588 589/589
f 586/586 589/589 587/587
f 588/588 590/590 591/591
f 588/588 591/591 589/589
f 592/592 593/593 594/594
f 592/592 594/594 595/595
f 592/592 596/596 597/597
f 592/592 597/597 593/593
f 592/592 595/595 598/598
f 592/592 598/598 596/596
f 593/593 307/307 309/309
f 593/593 309/309 594/594
f 593/593 597/597 599/599
f 593/593 599/599 307/307
f 324/324 600/600 601/601
f 324/324 601/601 325/325
f 324/324 602/602 603/603
f 324/324 603/603 600/600
f 600/600 604/604 605/605
f 600/600 605/605 601/601
f 600/600 603/603 606/606
f 600/600 606/606 604/604
f 604/604 606/606 607/607
f 604/604 607/607 605/605
f 608/608 330/330 332/332
f 608/608 332/332 609/609
f 608/608 610/610 611/611
f 608/608 611/611 330/330
f 608/608 609/609 612/612
f 608/608 612/612 610/610
f 340/340 613/613 614/614
f 340/340 614/614 341/341
f 340/340 615/615 616/616
f 340/340 616/616 613/613
f 613/613 616/616 617/617
f 613/613 617/617 614/614
f 609/609 332/332 344/344
f 609/609 344/344 618/618
f 609/609 618/618 619/619
f 609/609 619/619 612/612
f 341/341 614/614 620/620
f 341/341 620/620 347/347
f 614/614 617/617 621/621
f 614/614 621/621 620/620
f 622/622 350/350 352/352
f 622/622 352/352 623/623
f 622/622 624/624 625/625
f 622/622 625/625 350/350
f 622/622 623/623 626/626
f 622/622 626/626 624/624
f 356/356 627/627 628/628
f 356/356 628/628 357/357
f 356/356 629/629 630/630
f 356/356 630/630 627/627
f 627/627 630/630 631/631
f 627/627 631/631 628/628
f 632/632 361/361 360/360
f 632/632 360/360 633/633
f 632/632 633/633 634/634
f 632/632 634/634 635/635
f 364/364 636/636 637/637
f 364/364 637/637 365/365
f 636/636 638/638 639/639
f 636/636 639/639 637/637
f 633/633 360/360 368/368
f 633/633 368/368 640/640
f 640/640 368/368 641/641
f 640/640 641/641 642/642
f 633/633 640/640 642/642
f 633/633 642/642 634/634
f 368/368 367/367 643/643
f 368/368 643/643 641/641
f 370/370 373/373 644/644
f 370/370 644/644 645/645
f 365/365 637/637 646/646
f 365/365 646/646 373/373
f 373/373 646/646 647/647
f 373/373 647/647 644/644
f 637/637 639/639 647/647
f 637/637 647/647 646/646
f 648/648 377/377 376/376
f 648/648 376/376 649/649
f 648/648 649/649 650/650
f 648/648 650/650 651/651
f 380/380 652/652 653/653
f 380/380 653/653 381/381
f 652/652 654/654 655/655
f 652/652 655/655 653/653
f 649/649 376/376 383/383
f 649/649 383/383 656/656
f 649/649 656/656 657/657
f 649/649 657/657 650/650
f 381/381 653/653 658/658
f 381/381 658/658 385/385
f 653/653 655/655 659/659
f 653/653 659/659 658/658
f 656/656 383/383 388/388
f 656/656 388/388 660/660
f 660/660 388/388 661/661
f 660/660 661/661 662/662
f 656/656 660/660 662/662
f 656/656 662/662 657/657
f 385/385 658/658 663/663
f 385/385 663/663 390/390
f 390/390 663/663 664/664
f 390/390 664/664 665/665
f 658/658 659/659 664/664
f 658/658 664/664 663/663
f 666/666 397/397 396/396
f 666/666 396/396 667/667
f 666/666 667/667 668/668
f 666/666 668/668 669/669
f 408/408 670/670 671/671
f 408/408 671/671 409/409
f 670/670 672/672 673/673
f 670/670 673/673 671/671
f 674/674 675/675 676/676
f 674/674 676/676 677/677
f 674/674 678/678 679/679
f 674/674 679/679 675/675
f 674/674 677/677 680/680
f 674/674 680/680 678/678
f 675/675 415/415 414/414
f 675/675 414/414 676/676
f 426/426 681/681 682/682
f 426/426 682/682 427/427
f 681/681 683/683 684/684
f 681/681 684/684 682/682
f 681/681 685/685 686/686
f 681/681 686/686 683/683
f 683/683 686/686 687/687
f 683/683 687/687 684/684
f 688/688 432/432 434/434
f 688/688 434/434 689/689
f 688/688 690/690 691/691
f 688/688 691/691 432/432
f 688/688 689/689 692/692
f 688/688 692/692 690/690
f 442/442 693/693 694/694
f 442/442 694/694 443/443
f 442/442 695/695 696/696
f 442/442 696/696 693/693
f 693/693 696/696 697/697
f 693/693 697/697 694/694
f 698/698 450/450 449/449
f 698/698 449/449 699/699
f 699/699 449/449 700/700
f 699/699 700/700 701/701
f 698/698 699/699 701/701
f 698/698 701/701 702/702
f 459/459 703/703 704/704
f 459/459 704/704 458/458
f 458/458 704/704 705/705
f 458/458 705/705 706/706
f 703/703 707/707 705/705
f 703/703 705/705 704/704
f 708/708 709/709 710/710
f 708/708 710/710 711/711
f 711/711 710/710 712/712
f 711/711 712/712 713/713
f 708/708 711/711 713/713
f 708/708 713/713 714/714
f 709/709 466/466 465/465
f 709/709 465/465 710/710
f 710/710 465/465 715/715
f 710/710 715/715 712/712
f 465/465 464/464 716/716
f 465/465 716/716 715/715
f 464/464 469/469 717/717
f 464/464 717/717 716/716
f 469/469 472/472 718/718
f 469/469 718/718 717/717
f 472/472 475/475 719/719
f 472/472 719/719 718/718
f 475/475 478/478 720/720
f 475/475 720/720 719/719
f 478/478 481/481 721/721
f 478/478 721/721 720/720
f 482/482 722/722 723/723
f 482/482 723/723 481/481
f 481/481 723/723 724/724
f 481/481 724/724 721/721
f 722/722 725/725 726/726
f 722/722 726/726 723/723
f 723/723 726/726 727/727
f 723/723 727/727 724/724
f 725/725 728/728 727/727
f 725/725 727/727 726/726
f 729/729 730/730 731/731
f 729/729 731/731 732/732
f 729/729 733/733 734/734
f 729/729 734/734 730/730
f 729/729 732/732 735/735
f 729/729 735/735 733/733
f 730/730 736/736 737/737
f 730/730 737/737 731/731
f 730/730 734/734 738/738
f 730/730 738/738 736/736
f 736/736 739/739 740/740
f 736/736 740/740 737/737
f 736/736 738/738 741/741
f 736/736 741/741 739/739
f 739/739 742/742 743/743
f 739/739 743/743 740/740
f 739/739 741/741 744/744
f 739/739 744/744 742/742
f 742/742 744/744 745/745
f 742/742 745/745 743/743
f 746/746 747/747 748/748
f 746/746 748/748 749/749
f 749/749 748/748 750/750
f 749/749 750/750 751/751
f 746/746 752/752 753/753
f 746/746 753/753 747/747
f 746/746 749/749 751/751
f 746/746 751/751 752/752
f 747/747 487/487 489/489
f 747/747 489/489 748/748
f 492/492 754/754 755/755
f 492/492 755/755 493/493
f 754/754 756/756 757/757
f 754/754 757/757 755/755
f 755/755 757/757 758/758
f 755/755 758/758 759/759
f 754/754 760/760 761/761
f 754/754 761/761 756/756
f 756/756 761/761 758/758
f 756/756 758/758 757/757
f 762/762 499/499 498/498
f 762/762 498/498 763/763
f 762/762 763/763 764/764
f 762/762 764/764 765/765
f 502/502 766/766 767/767
f 502/502 767/767 503/503
f 766/766 768/768 769/769
f 766/766 769/769 767/767
f 770/770 771/771 772/772
f 770/770 772/772 773/773
f 774/774 509/509 508/508
f 774/774 508/508 775/775
f 774/774 775/775 771/771
f 774/774 771/771 770/770
f 776/776 777/777 778/778
f 776/776 778/778 779/779
f 512/512 780/780 781/781
f 512/512 781/781 513/513
f 780/780 779/779 778/778
f 780/780 778/778 781/781
f 782/782 516/516 518/518
f 782/782 518/518 783/783
f 782/782 784/784 785/785
f 782/782 785/785 516/516
f 782/782 783/783 786/786
f 782/782 786/786 784/784
f 516/516 785/785 787/787
f 516/516 787/787 517/517
f 517/517 787/787 788/788
f 517/517 788/788 519/519
f 522/522 789/789 790/790
f 522/522 790/790 523/523
f 523/523 790/790 791/791
f 523/523 791/791 526/526
f 526/526 792/792 793/793
f 526/526 793/793 527/527
f 526/526 791/791 794/794
f 526/526 794/794 792/792
f 792/792 794/794 795/795
f 792/792 795/795 793/793
f 531/531 530/530 796/796
f 531/531 796/796 797/797
f 532/532 798/798 799/799
f 532/532 799/799 533/533
f 532/532 531/531 797/797
f 532/532 797/797 798/798
f 530/530 534/534 800/800
f 530/530 800/800 796/796
f 534/534 536/536 801/801
f 534/534 801/801 800/800
f 536/536 537/537 802/802
f 536/536 802/802 801/801
f 541/541 542/542 803/803
f 541/541 803/803 804/804
f 542/542 543/543 805/805
f 542/542 805/805 803/803
f 543/543 544/544 806/806
f 543/543 806/806 805/805
f 544/544 549/549 807/807
f 544/544 807/807 806/806
f 546/546 808/808 809/809
f 546/546 809/809 550/550
f 550/550 809/809 807/807
f 550/550 807/807 549/549
f 810/810 811/811 812/812
f 810/810 812/812 813/813
f 813/813 812/812 814/814
f 813/813 814/814 815/815
f 810/810 813/813 815/815
f 810/810 815/815 816/816
f 811/811 817/817 818/818
f 811/811 818/818 812/812
f 812/812 818/818 819/819
f 812/812 819/819 814/814
f 817/817 820/820 821/821
f 817/817 821/821 818/818
f 818/818 821/821 822/822
f 818/818 822/822 819/819
f 820/820 823/823 824/824
f 820/820 824/824 821/821
f 821/821 824/824 825/825
f 821/821 825/825 822/822
f 823/823 826/826 825/825
f 823/823 825/825 824/824
f 827/827 555/555 557/557
f 827/827 557/557 828/828
f 827/827 829/829 830/830
f 827/827 830/830 555/555
f 827/827 828/828 831/831
f 827/827 831/831 829/829
f 555/555 830/830 832/832
f 555/555 832/832 556/556
f 556/556 832/832 833/833
f 556/556 833/833 560/560
f 560/560 833/833 834/834
f 560/560 834/834 563/563
f 563/563 834/834 835/835
f 563/563 835/835 566/566
f 566/566 835/835 836/836
f 566/566 836/836 569/569
f 569/569 836/836 837/837
f 569/569 837/837 572/572
f 572/572 838/838 839/839
f 572/572 839/839 573/573
f 572/572 837/837 840/840
f 572/572 840/840 838/838
f 838/838 840/840 841/841
f 838/838 841/841 839/839
f 842/842 579/579 578/578
f 842/842 578/578 843/843
f 842/842 843/843 844/844
f 842/842 844/844 845/845
f 590/590 846/846 847/847
f 590/590 847/847 591/591
f 846/846 848/848 849/849
f 846/846 849/849 847/847
f 850/850 596/596 598/598
f 850/850 598/598 851/851
f 850/850 852/852 853/853
f 850/850 853/853 596/596
f 850/850 851/851 854/854
f 850/850 854/854 852/852
f 596/596 853/853 855/855
f 596/596 855/855 597/597
f 603/603 856/856 857/857
f 603/603 857/857 606/606
f 606/606 858/858 859/859
f 606/606 859/859 607/607
f 606/606 857/857 860/860
f 606/606 860/860 858/858
f 858/858 860/860 861/861
f 858/858 861/861 859/859
f 862/862 610/610 612/612
f 862/862 612/612 863/863
f 862/862 864/864 865/865
f 862/862 865/865 610/610
f 862/862 863/863 866/866
f 862/862 866/866 864/864
f 616/616 867/867 868/868
f 616/616 868/868 617/617
f 616/616 869/869 870/870
f 616/616 870/870 867/867
f 867/867 870/870 871/871
f 867/867 871/871 868/868
f 863/863 612/612 619/619
f 863/863 619/619 872/872
f 863/863 872/872 873/873
f 863/863 873/873 866/866
f 617/617 868/868 874/874
f 617/617 874/874 621/621
f 868/868 871/871 875/875
f 868/868 875/875 874/874
f 876/876 624/624 626/626
f 876/876 626/626 877/877
f 876/876 878/878 879/879
f 876/876 879/879 624/624
f 876/876 877/877 880/880
f 876/876 880/880 878/878
f 630/630 881/881 882/882
f 630/630 882/882 631/631
f 630/630 883/883 884/884
f 630/630 884/884 881/881
f 881/881 884/884 885/885
f 881/881 885/885 882/882
f 886/886 635/635 634/634
f 886/886 634/634 887/887
f 886/886 887/887 888/888
f 886/886 888/888 889/889
f 638/638 890/890 891/891
f 638/638 891/891 639/639
f 890/890 892/892 893/893
f 890/890 893/893 891/891
f 887/887 634/634 642/642
f 887/887 642/642 894/894
f 894/894 642/642 895/895
f 894/894 895/895 896/896
f 887/887 894/894 896/896
f 887/887 896/896 888/888
f 642/642 641/641 897/897
f 642/642 897/897 895/895
f 644/644 647/647 898/898
f 644/644 898/898 899/899
f 639/639 891/891 900/900
f 639/639 900/900 647/647
f 647/647 900/900 901/901
f 647/647 901/901 898/898
f 891/891 893/893 901/901
f 891/891 901/901 900/900
f 902/902 651/651 650/650
f 902/902 650/650 903/903
f 902/902 903/903 904/904
f 902/902 904/904 905/905
f 654/654 906/906 907/907
f 654/654 907/907 655/655
f 906/906 908/908 909/909
f 906/906 909/909 907/907
f 903/903 650/650 657/657
f 903/903 657/657 910/910
f 903/903 910/910 911/911
f 903/903 911/911 904/904
f 655/655 907/907 912/912
f 655/655 912/912 659/659
f 907/907 909/909 913/913
f 907/907 913/913 912/912
f 910/910 657/657 662/662
f 910/910 662/662 914/914
f 914/914 662/662 915/915
f 914/914 915/915 916/916
f 910/910 914/914 916/916
f 910/910 916/916 911/911
f 659/659 912/912 917/917
f 659/659 917/917 664/664
f 664/664 917/917 918/918
f 664/664 918/918 919/919
f 912/912 913/913 918/918
f 912/912 918/918 917/917
f 920/920 669/669 668/668
f 920/920 668/668 921/921
f 920/920 921/921 922/922
f 920/920 922/922 923/923
f 672/672 924/924 925/925
f 672/672 925/925 673/673
f 924/924 926/926 927/927
f 924/924 927/927 925/925
f 928/928 678/678 680/680
f 928/928 680/680 929/929
f 928/928 930/930 931/931
f 928/928 931/931 678/678
f 928/928 929/929 932/932
f 928/928 932/932 930/930
f 686/686 933/933 934/934
f 686/686 934/934 687/687
f 686/686 935/935 936/936
f 686/686 936/936 933/933
f 933/933 936/936 937/937
f 933/933 937/937 934/934
f 938/938 690/690 692/692
f 938/938 692/692 939/939
f 938/938 940/940 941/941
f 938/938 941/941 690/690
f 938/938 939/939 942/942
f 938/938 942/942 940/940
f 696/696 943/943 944/944
f 696/696 944/944 697/697
f 696/696 945/945 946/946
f 696/696 946/946 943/943
f 943/943 946/946 947/947
f 943/943 947/947 944/944
f 948/948 702/702 701/701
f 948/948 701/701 949/949
f 949/949 701/701 950/950
f 949/949 950/950 951/951
f 948/948 949/949 951/951
f 948/948 951/951 952/952
f 707/707 953/953 954/954
f 707/707 954/954 705/705
f 705/705 954/954 955/955
f 705/705 955/955 956/956
f 953/953 957/957 955/955
f 953/953 955/955 954/954
f 958/958 714/714 713/713
f 958/958 713/713 959/959
f 959/959 713/713 960/960
f 959/959 960/960 961/961
f 958/958 959/959 961/961
f 958/958 961/961 962/962
f 713/713 712/712 963/963
f 713/713 963/963 960/960
f 712/712 715/715 964/964
f 712/712 964/964 963/963
f 715/715 716/716 965/965
f 715/715 965/965 964/964
f 716/716 717/717 966/966
f 716/716 966/966 965/965
f 717/717 718/718 967/967
f 717/717 967/967 966/966
f 718/718 719/719 968/968
f 718/718 968/968 967/967
f 719/719 720/720 969/969
f 719/719 969/969 968/968
f 720/720 721/721 970/970
f 720/720 970/970 969/969
f 721/721 724/724 971/971
f 721/721 971/971 970/970
f 724/724 727/727 972/972
f 724/724 972/972 971/971
f 728/728 973/973 974/974
f 728/728 974/974 727/727
f 727/727 974/974 975/975
f 727/727 975/975 972/972
f 973/973 976/976 975/975
f 973/973 975/975 974/974
f 977/977 978/978 979/979
f 977/977 979/979 980/980
f 980/980 979/979 981/981
f 980/980 981/981 982/982
f 977/977 983/983 984/984
f 977/977 984/984 978/978
f 977/977 980/980 982/982
f 977/977 982/982 983/983
f 978/978 985/985 986/986
f 978/978 986/986 979/979
f 979/979 986/986 987/987
f 979/979 987/987 981/981
f 978/978 984/984 988/988
f 978/978 988/988 985/985
f 985/985 989/989 990/990
f 985/985 990/990 986/986
f 986/986 990/990 991/991
f 986/986 991/991 987/987
f 985/985 988/988 992/992
f 985/985 992/992 989/989
f 989/989 993/993 994/994
f 989/989 994/994 990/990
f 990/990 994/994 995/995
f 990/990 995/995 991/991
f 989/989 992/992 996/996
f 989/989 996/996 993/993
f 993/993 997/997 998/998
f 993/993 998/998 994/994
f 994/994 998/998 999/999
f 994/994 999/999 995/995
f 993/993 996/996 1000/1000
f 993/993 1000/1000 997/997
f 997/997 1001/1001 1002/1002
f 997/997 1002/1002 998/998
f 998/998 1002/1002 1003/1003
f 998/998 1003/1003 999/999
f 997/997 1000/1000 1004/1004
f 997/997 1004/1004 1001/1001
f 1001/1001 1004/1004 1003/1003
f 1001/1001 1003/1003 1002/1002
f 1005/1005 1006/1006 1007/1007
f 1005/1005 1007/1007 1008/1008
f 1005/1005 1009/1009 1010/1010
f 1005/1005 1010/1010 1006/1006
f 1005/1005 1008/1008 1011/1011
f 1005/1005 1011/1011 1009/1009
f 1006/1006 1012/1012 1013/1013
f 1006/1006 1013/1013 1007/1007
f 1006/1006 1010/1010 1014/1014
f 1006/1006 1014/1014 1012/1012
f 1012/1012 1015/1015 1016/1016
f 1012/1012 1016/1016 1013/1013
f 1012/1012 1014/1014 1017/1017
f 1012/1012 1017/1017 1015/1015
f 1015/1015 1018/1018 1019/1019
f 1015/1015 1019/1019 1016/1016
f 1015/1015 1017/1017 1020/1020
f 1015/1015 1020/1020 1018/1018
f 1018/1018 1020/1020 1021/1021
f 1018/1018 1021/1021 1019/1019
f 1022/1022 733/733 735/735
f 1022/1022 735/735 1023/1023
f 1022/1022 1024/1024 1025/1025
f 1022/1022 1025/1025 733/733
f 1022/1022 1023/1023 1026/1026
f 1022/1022 1026/1026 1024/1024
f 744/744 1027/1027 1028/1028
f 744/744 1028/1028 745/745
f 744/744 1029/1029 1030/1030
f 744/744 1030/1030 1027/1027
f 1027/1027 1030/1030 1031/1031
f 1027/1027 1031/1031 1028/1028
f 751/751 750/750 1032/1032
f 751/751 1032/1032 1033/1033
f 752/752 751/751 1033/1033
f 752/752 1033/1033 1034/1034
f 759/759 758/758 1035/1035
f 759/759 1035/1035 1036/1036
f 761/761 1037/1037 1035/1035
f 761/761 1035/1035 758/758
f 1038/1038 1039/1039 1040/1040
f 1038/1038 1040/1040 1041/1041
f 764/764 1042/1042 1040/1040
f 764/764 1040/1040 1039/1039
f 765/765 764/764 1039/1039
f 765/765 1039/1039 1038/1038
f 1043/1043 1044/1044 1045/1045
f 1043/1043 1045/1045 1046/1046
f 1047/1047 769/769 1045/1045
f 1047/1047 1045/1045 1044/1044
f 768/768 1046/1046 1045/1045
f 768/768 1045/1045 769/769
f 1048/1048 1049/1049 1050/1050
f 1048/1048 1050/1050 1051/1051
f 773/773 772/772 1049/1049
f 773/773 1049/1049 1048/1048
f 1051/1051 1050/1050 1052/1052
f 1051/1051 1052/1052 1053/1053
f 776/776 1053/1053 1052/1052
f 776/776 1052/1052 777/777
f 1054/1054 784/784 786/786
f 1054/1054 786/786 1055/1055
f 1054/1054 1056/1056 1057/1057
f 1054/1054 1057/1057 784/784
f 1054/1054 1055/1055 1058/1058
f 1054/1054 1058/1058 1056/1056
f 784/784 1057/1057 1059/1059
f 784/784 1059/1059 785/785
f 785/785 1059/1059 1060/1060
f 785/785 1060/1060 787/787
f 787/787 1060/1060 1061/1061
f 787/787 1061/1061 788/788
f 788/788 1061/1061 1062/1062
f 788/788 1062/1062 1063/1063
f 1064/1064 1065/1065 1066/1066
f 1064/1064 1066/1066 789/789
f 789/789 1066/1066 1067/1067
f 789/789 1067/1067 790/790
f 790/790 1067/1067 1068/1068
f 790/790 1068/1068 791/791
f 791/791 1068/1068 1069/1069
f 791/791 1069/1069 794/794
f 794/794 1070/1070 1071/1071
f 794/794 1071/1071 795/795
f 794/794 1069/1069 1072/1072
f 794/794 1072/1072 1070/1070
f 1070/1070 1072/1072 1073/1073
f 1070/1070 1073/1073 1071/1071
f 1074/1074 798/798 797/797
f 1074/1074 797/797 1075/1075
f 1075/1075 797/797 1076/1076
f 1075/1075 1076/1076 1077/1077
f 1074/1074 1078/1078 1079/1079
f 1074/1074 1079/1079 798/798
f 1074/1074 1075/1075 1077/1077
f 1074/1074 1077/1077 1078/1078
f 797/797 796/796 1080/1080
f 797/797 1080/1080 1076/1076
f 796/796 800/800 1081/1081
f 796/796 1081/1081 1080/1080
f 800/800 801/801 1082/1082
f 800/800 1082/1082 1081/1081
f 803/803 805/805 1083/1083
f 803/803 1083/1083 1084/1084
f 805/805 806/806 1085/1085
f 805/805 1085/1085 1083/1083
f 806/806 807/807 1086/1086
f 806/806 1086/1086 1085/1085
f 809/809 1087/1087 1088/1088
f 809/809 1088/1088 807/807
f 807/807 1088/1088 1089/1089
f 807/807 1089/1089 1086/1086
f 809/809 1090/1090 1091/1091
f 809/809 1091/1091 1087/1087
f 1087/1087 1091/1091 1089/1089
f 1087/1087 1089/1089 1088/1088
f 1092/1092 816/816 815/815
f 1092/1092 815/815 1093/1093
f 1093/1093 815/815 1094/1094
f 1093/1093 1094/1094 1095/1095
f 1092/1092 1093/1093 1095/1095
f 1092/1092 1095/1095 1096/1096
f 815/815 814/814 1097/1097
f 815/815 1097/1097 1094/1094
f 822/822 825/825 1098/1098
f 822/822 1098/1098 1099/1099
f 826/826 1100/1100 1101/1101
f 826/826 1101/1101 825/825
f 825/825 1101/1101 1102/1102
f 825/825 1102/1102 1098/1098
f 1100/1100 1103/1103 1102/1102
f 1100/1100 1102/1102 1101/1101
f 1104/1104 1105/1105 1106/1106
f 1104/1104 1106/1106 1107/1107
f 1107/1107 1106/1106 1108/1108
f 1107/1107 1108/1108 1109/1109
f 1104/1104 1107/1107 1109/1109
f 1104/1104 1109/1109 1110/1110
f 1105/1105 1111/1111 1112/1112
f 1105/1105 1112/1112 1106/1106
f 1106/1106 1112/1112 1113/1113
f 1106/1106 1113/1113 1108/1108
f 1111/1111 1114/1114 1113/1113
f 1111/1111 1113/1113 1112/1112
f 1115/1115 829/829 831/831
f 1115/1115 831/831 1116/1116
f 1115/1115 1117/1117 1118/1118
f 1115/1115 1118/1118 829/829
f 1115/1115 1116/1116 1119/1119
f 1115/1115 1119/1119 1117/1117
f 829/829 1118/1118 1120/1120
f 829/829 1120/1120 830/830
f 830/830 1120/1120 1121/1121
f 830/830 1121/1121 832/832
f 832/832 1121/1121 1122/1122
f 832/832 1122/1122 833/833
f 833/833 1122/1122 1123/1123
f 833/833 1123/1123 834/834
f 834/834 1123/1123 1124/1124
f 834/834 1124/1124 835/835
f 835/835 1124/1124 1125/1125
f 835/835 1125/1125 836/836
f 836/836 1125/1125 1126/1126
f 836/836 1126/1126 837/837
f 837/837 1126/1126 1127/1127
f 837/837 1127/1127 840/840
f 840/840 1128/1128 1129/1129
f 840/840 1129/1129 841/841
f 840/840 1127/1127 1130/1130
f 840/840 1130/1130 1128/1128
f 1128/1128 1130/1130 1131/1131
f 1128/1128 1131/1131 1129/1129
f 1132/1132 845/845 844/844
f 1132/1132 844/844 1133/1133
f 1132/1132 1133/1133 1134/1134
f 1132/1132 1134/1134 1135/1135
f 848/848 1136/1136 1137/1137
f 848/848 1137/1137 849/849
f 1136/1136 1138/1138 1139/1139
f 1136/1136 1139/1139 1137/1137
f 852/852 1140/1140 1141/1141
f 852/852 1141/1141 853/853
f 852/852 854/854 1142/1142
f 852/852 1142/1142 1140/1140
f 857/857 1143/1143 1144/1144
f 857/857 1144/1144 860/860
f 860/860 1144/1144 1145/1145
f 860/860 1145/1145 861/861
f 1146/1146 864/864 866/866
f 1146/1146 866/866 1147/1147
f 1146/1146 1148/1148 1149/1149
f 1146/1146 1149/1149 864/864
f 1146/1146 1147/1147 1150/1150
f 1146/1146 1150/1150 1148/1148
f 864/864 1149/1149 1151/1151
f 864/864 1151/1151 865/865
f 869/869 1152/1152 1153/1153
f 869/869 1153/1153 870/870
f 870/870 1154/1154 1155/1155
f 870/870 1155/1155 871/871
f 870/870 1153/1153 1156/1156
f 870/870 1156/1156 1154/1154
f 1154/1154 1156/1156 1157/1157
f 1154/1154 1157/1157 1155/1155
f 1147/1147 866/866 873/873
f 1147/1147 873/873 1158/1158
f 1147/1147 1158/1158 1159/1159
f 1147/1147 1159/1159 1150/1150
f 871/871 1155/1155 1160/1160
f 871/871 1160/1160 875/875
f 1155/1155 1157/1157 1161/1161
f 1155/1155 1161/1161 1160/1160
f 878/878 880/880 1162/1162
f 878/878 1162/1162 1163/1163
f 884/884 1164/1164 1165/1165
f 884/884 1165/1165 885/885
f 889/889 888/888 1166/1166
f 889/889 1166/1166 1167/1167
f 892/892 1168/1168 1169/1169
f 892/892 1169/1169 893/893
f 896/896 895/895 1170/1170
f 896/896 1170/1170 1171/1171
f 888/888 896/896 1171/1171
f 888/888 1171/1171 1166/1166
f 898/898 901/901 1172/1172
f 898/898 1172/1172 1173/1173
f 893/893 1169/1169 1172/1172
f 893/893 1172/1172 901/901
f 1174/1174 905/905 904/904
f 1174/1174 904/904 1175/1175
f 1174/1174 1175/1175 1176/1176
f 1174/1174 1176/1176 1177/1177
f 908/908 1178/1178 1179/1179
f 908/908 1179/1179 909/909
f 1178/1178 1180/1180 1181/1181
f 1178/1178 1181/1181 1179/1179
f 1175/1175 904/904 911/911
f 1175/1175 911/911 1182/1182
f 1175/1175 1182/1182 1183/1183
f 1175/1175 1183/1183 1176/1176
f 909/909 1179/1179 1184/1184
f 909/909 1184/1184 913/913
f 1179/1179 1181/1181 1185/1185
f 1179/1179 1185/1185 1184/1184
f 1182/1182 911/911 916/916
f 1182/1182 916/916 1186/1186
f 1186/1186 916/916 1187/1187
f 1186/1186 1187/1187 1188/1188
f 1182/1182 1186/1186 1188/1188
f 1182/1182 1188/1188 1183/1183
f 913/913 1184/1184 1189/1189
f 913/913 1189/1189 918/918
f 918/918 1189/1189 1190/1190
f 918/918 1190/1190 1191/1191
f 1184/1184 1185/1185 1190/1190
f 1184/1184 1190/1190 1189/1189
f 1192/1192 923/923 922/922
f 1192/1192 922/922 1193/1193
f 1192/1192 1193/1193 1194/1194
f 1192/1192 1194/1194 1195/1195
f 926/926 1196/1196 1197/1197
f 926/926 1197/1197 927/927
f 1196/1196 1198/1198 1199/1199
f 1196/1196 1199/1199 1197/1197
f 1200/1200 930/930 932/932
f 1200/1200 932/932 1201/1201
f 1200/1200 1202/1202 1203/1203
f 1200/1200 1203/1203 930/930
f 1200/1200 1201/1201 1204/1204
f 1200/1200 1204/1204 1202/1202
f 936/936 1205/1205 1206/1206
f 936/936 1206/1206 937/937
f 936/936 1207/1207 1208/1208
f 936/936 1208/1208 1205/1205
f 1205/1205 1208/1208 1209/1209
f 1205/1205 1209/1209 1206/1206
f 1210/1210 940/940 942/942
f 1210/1210 942/942 1211/1211
f 1210/1210 1212/1212 1213/1213
f 1210/1210 1213/1213 940/940
f 1210/1210 1211/1211 1214/1214
f 1210/1210 1214/1214 1212/1212
f 946/946 1215/1215 1216/1216
f 946/946 1216/1216 947/947
f 946/946 1217/1217 1218/1218
f 946/946 1218/1218 1215/1215
f 1215/1215 1218/1218 1219/1219
f 1215/1215 1219/1219 1216/1216
f 1220/1220 952/952 951/951
f 1220/1220 951/951 1221/1221
f 1221/1221 951/951 1222/1222
f 1221/1221 1222/1222 1223/1223
f 1220/1220 1221/1221 1223/1223
f 1220/1220 1223/1223 1224/1224
f 957/957 1225/1225 1226/1226
f 957/957 1226/1226 955/955
f 955/955 1226/1226 1227/1227
f 955/955 1227/1227 1228/1228
f 1225/1225 1229/1229 1227/1227
f 1225/1225 1227/1227 1226/1226
f 1230/1230 962/962 961/961
f 1230/1230 961/961 1231/1231
f 1231/1231 961/961 1232/1232
f 1231/1231 1232/1232 1233/1233
f 1230/1230 1231/1231 1233/1233
f 1230/1230 1233/1233 1234/1234
f 961/961 960/960 1235/1235
f 961/961 1235/1235 1232/1232
f 960/960 963/963 1236/1236
f 960/960 1236/1236 1235/1235
f 963/963 964/964 1237/1237
f 963/963 1237/1237 1236/1236
f 964/964 965/965 1238/1238
f 964/964 1238/1238 1237/1237
f 965/965 966/966 1239/1239
f 965/965 1239/1239 1238/1238
f 966/966 967/967 1240/1240
f 966/966 1240/1240 1239/1239
f 967/967 968/968 1241/1241
f 967/967 1241/1241 1240/1240
f 968/968 969/969 1242/1242
f 968/968 1242/1242 1241/1241
f 969/969 970/970 1243/1243
f 969/969 1243/1243 1242/1242
f 970/970 971/971 1244/1244
f 970/970 1244/1244 1243/1243
f 971/971 972/972 1245/1245
f 971/971 1245/1245 1244/1244
f 972/972 975/975 1246/1246
f 972/972 1246/1246 1245/1245
f 976/976 1247/1247 1248/1248
f 976/976 1248/1248 975/975
f 975/975 1248/1248 1249/1249
f 975/975 1249/1249 1246/1246
f 1247/1247 1250/1250 1249/1249
f 1247/1247 1249/1249 1248/1248
f 1251/1251 1252/1252 1253/1253
f 1251/1251 1253/1253 1254/1254
f 1254/1254 1253/1253 1255/1255
f 1254/1254 1255/1255 1256/1256
f 1251/1251 1257/1257 1258/1258
f 1251/1251 1258/1258 1252/1252
f 1251/1251 1254/1254 1256/1256
f 1251/1251 1256/1256 1257/1257
f 1252/1252 983/983 982/982
f 1252/1252 982/982 1253/1253
f 1253/1253 982/982 1259/1259
f 1253/1253 1259/1259 1255/1255
f 1252/1252 1258/1258 1260/1260
f 1252/1252 1260/1260 983/983
f 982/982 981/981 1261/1261
f 982/982 1261/1261 1259/1259
f 983/983 1260/1260 1262/1262
f 983/983 1262/1262 984/984
f 981/981 987/987 1263/1263
f 981/981 1263/1263 1261/1261
f 984/984 1262/1262 1264/1264
f 984/984 1264/1264 988/988
f 987/987 991/991 1265/1265
f 987/987 1265/1265 1263/1263
f 988/988 1264/1264 1266/1266
f 988/988 1266/1266 992/992
f 991/991 995/995 1267/1267
f 991/991 1267/1267 1265/1265
f 992/992 1266/1266 1268/1268
f 992/992 1268/1268 996/996
f 995/995 999/999 1269/1269
f 995/995 1269/1269 1267/1267
f 996/996 1268/1268 1270/1270
f 996/996 1270/1270 1000/1000
f 999/999 1003/1003 1271/1271
f 999/999 1271/1271 1269/1269
f 1000/1000 1270/1270 1272/1272
f 1000/1000 1272/1272 1004/1004
f 1004/1004 1273/1273 1274/1274
f 1004/1004 1274/1274 1003/1003
f 1003/1003 1274/1274 1275/1275
f 1003/1003 1275/1275 1271/1271
f 1004/1004 1272/1272 1276/1276
f 1004/1004 1276/1276 1273/1273
f 1273/1273 1277/1277 1278/1278
f 1273/1273 1278/1278 1274/1274
f 1274/1274 1278/1278 1279/1279
f 1274/1274 1279/1279 1275/1275
f 1273/1273 1276/1276 1280/1280
f 1273/1273 1280/1280 1277/1277
f 1277/1277 1280/1280 1279/1279
f 1277/1277 1279/1279 1278/1278
f 1281/1281 1282/1282 1283/1283
f 1281/1281 1283/1283 1284/1284
f 1281/1281 1285/1285 1286/1286
f 1281/1281 1286/1286 1282/1282
f 1281/1281 1284/1284 1287/1287
f 1281/1281 1287/1287 1285/1285
f 1282/1282 1009/1009 1011/1011
f 1282/1282 1011/1011 1283/1283
f 1282/1282 1286/1286 1288/1288
f 1282/1282 1288/1288 1009/1009
f 1009/1009 1288/1288 1289/1289
f 1009/1009 1289/1289 1010/1010
f 1010/1010 1289/1289 1290/1290
f 1010/1010 1290/1290 1014/1014
f 1014/1014 1290/1290 1291/1291
f 1014/1014 1291/1291 1017/1017
f 1017/1017 1291/1291 1292/1292
f 1017/1017 1292/1292 1020/1020
f 1020/1020 1293/1293 1294/1294
f 1020/1020 1294/1294 1021/1021
f 1020/1020 1292/1292 1295/1295
f 1020/1020 1295/1295 1293/1293
f 1293/1293 1296/1296 1297/1297
f 1293/1293 1297/1297 1294/1294
f 1293/1293 1295/1295 1298/1298
f 1293/1293 1298/1298 1296/1296
f 1296/1296 1298/1298 1299/1299
f 1296/1296 1299/1299 1297/1297
f 1300/1300 1024/1024 1026/1026
f 1300/1300 1026/1026 1301/1301
f 1300/1300 1301/1301 1302/1302
f 1300/1300 1302/1302 1303/1303
f 1030/1030 1304/1304 1305/1305
f 1030/1030 1305/1305 1031/1031
f 1304/1304 1306/1306 1307/1307
f 1304/1304 1307/1307 1305/1305
f 1308/1308 1034/1034 1033/1033
f 1308/1308 1033/1033 1309/1309
f 1309/1309 1033/1033 1310/1310
f 1309/1309 1310/1310 1311/1311
f 1308/1308 1309/1309 1311/1311
f 1308/1308 1311/1311 1312/1312
f 1033/1033 1032/1032 1313/1313
f 1033/1033 1313/1313 1310/1310
f 1032/1032 1314/1314 1315/1315
f 1032/1032 1315/1315 1313/1313
f 1316/1316 1036/1036 1317/1317
f 1316/1316 1317/1317 1318/1318
f 1036/1036 1035/1035 1319/1319
f 1036/1036 1319/1319 1317/1317
f 1037/1037 1320/1320 1321/1321
f 1037/1037 1321/1321 1035/1035
f 1035/1035 1321/1321 1322/1322
f 1035/1035 1322/1322 1319/1319
f 1320/1320 1323/1323 1322/1322
f 1320/1320 1322/1322 1321/1321
f 1324/1324 1325/1325 1326/1326
f 1324/1324 1326/1326 1327/1327
f 1040/1040 1328/1328 1326/1326
f 1040/1040 1326/1326 1325/1325
f 1041/1041 1040/1040 1325/1325
f 1041/1041 1325/1325 1324/1324
f 1327/1327 1326/1326 1329/1329
f 1327/1327 1329/1329 1330/1330
f 1328/1328 1044/1044 1329/1329
f 1328/1328 1329/1329 1326/1326
f 1043/1043 1330/1330 1329/1329
f 1043/1043 1329/1329 1044/1044
f 1056/1056 1331/1331 1332/1332
f 1056/1056 1332/1332 1057/1057
f 1056/1056 1058/1058 1333/1333
f 1056/1056 1333/1333 1331/1331
f 1057/1057 1332/1332 1334/1334
f 1057/1057 1334/1334 1059/1059
f 1059/1059 1334/1334 1335/1335
f 1059/1059 1335/1335 1060/1060
f 1060/1060 1335/1335 1336/1336
f 1060/1060 1336/1336 1061/1061
f 1061/1061 1336/1336 1337/1337
f 1061/1061 1337/1337 1062/1062
f 1062/1062 1337/1337 1338/1338
f 1062/1062 1338/1338 1339/1339
f 1339/1339 1338/1338 1340/1340
f 1339/1339 1340/1340 1065/1065
f 1065/1065 1340/1340 1341/1341
f 1065/1065 1341/1341 1066/1066
f 1066/1066 1341/1341 1342/1342
f 1066/1066 1342/1342 1067/1067
f 1067/1067 1342/1342 1343/1343
f 1067/1067 1343/1343 1068/1068
f 1068/1068 1343/1343 1344/1344
f 1068/1068 1344/1344 1069/1069
f 1069/1069 1344/1344 1345/1345
f 1069/1069 1345/1345 1072/1072
f 1072/1072 1345/1345 1346/1346
f 1072/1072 1346/1346 1073/1073
f 1077/1077 1076/1076 1347/1347
f 1077/1077 1347/1347 1348/1348
f 1078/1078 1349/1349 1350/1350
f 1078/1078 1350/1350 1079/1079
f 1078/1078 1077/1077 1348/1348
f 1078/1078 1348/1348 1349/1349
f 1076/1076 1080/1080 1351/1351
f 1076/1076 1351/1351 1347/1347
f 1080/1080 1081/1081 1352/1352
f 1080/1080 1352/1352 1351/1351
f 1081/1081 1082/1082 1353/1353
f 1081/1081 1353/1353 1352/1352
f 1084/1084 1083/1083 1354/1354
f 1084/1084 1354/1354 1355/1355
f 1083/1083 1085/1085 1356/1356
f 1083/1083 1356/1356 1354/1354
f 1085/1085 1086/1086 1357/1357
f 1085/1085 1357/1357 1356/1356
f 1086/1086 1089/1089 1358/1358
f 1086/1086 1358/1358 1357/1357
f 1090/1090 1359/1359 1360/1360
f 1090/1090 1360/1360 1091/1091
f 1091/1091 1360/1360 1358/1358
f 1091/1091 1358/1358 1089/1089
f 1095/1095 1094/1094 1361/1361
f 1095/1095 1361/1361 1362/1362
f 1096/1096 1095/1095 1362/1362
f 1096/1096 1362/1362 1363/1363
f 1098/1098 1102/1102 1364/1364
f 1098/1098 1364/1364 1365/1365
f 1103/1103 1366/1366 1364/1364
f 1103/1103 1364/1364 1102/1102
f 1367/1367 1368/1368 1369/1369
f 1367/1367 1369/1369 1370/1370
f 1371/1371 1110/1110 1109/1109
f 1371/1371 1109/1109 1372/1372
f 1371/1371 1372/1372 1368/1368
f 1371/1371 1368/1368 1367/1367
f 1373/1373 1374/1374 1375/1375
f 1373/1373 1375/1375 1376/1376
f 1114/1114 1377/1377 1378/1378
f 1114/1114 1378/1378 1113/1113
f 1377/1377 1376/1376 1375/1375
f 1377/1377 1375/1375 1378/1378
f 1379/1379 1380/1380 1381/1381
f 1379/1379 1381/1381 1382/1382
f 1382/1382 1381/1381 1383/1383
f 1382/1382 1383/1383 1384/1384
f 1379/1379 1382/1382 1384/1384
f 1379/1379 1384/1384 1385/1385
f 1380/1380 1386/1386 1387/1387
f 1380/1380 1387/1387 1381/1381
f 1381/1381 1387/1387 1388/1388
f 1381/1381 1388/1388 1383/1383
f 1386/1386 1389/1389 1390/1390
f 1386/1386 1390/1390 1387/1387
f 1387/1387 1390/1390 1391/1391
f 1387/1387 1391/1391 1388/1388
f 1389/1389 1392/1392 1393/1393
f 1389/1389 1393/1393 1390/1390
f 1390/1390 1393/1393 1394/1394
f 1390/1390 1394/1394 1391/1391
f 1392/1392 1395/1395 1394/1394
f 1392/1392 1394/1394 1393/1393
f 1396/1396 1397/1397 1398/1398
f 1396/1396 1398/1398 1399/1399
f 1396/1396 1400/1400 1401/1401
f 1396/1396 1401/1401 1397/1397
f 1396/1396 1399/1399 1402/1402
f 1396/1396 1402/1402 1400/1400
f 1397/1397 1403/1403 1404/1404
f 1397/1397 1404/1404 1398/1398
f 1397/1397 1401/1401 1405/1405
f 1397/1397 1405/1405 1403/1403
f 1403/1403 1406/1406 1407/1407
f 1403/1403 1407/1407 1404/1404
f 1403/1403 1405/1405 1408/1408
f 1403/1403 1408/1408 1406/1406
f 1406/1406 1409/1409 1410/1410
f 1406/1406 1410/1410 1407/1407
f 1406/1406 1408/1408 1411/1411
f 1406/1406 1411/1411 1409/1409
f 1409/1409 1411/1411 1412/1412
f 1409/1409 1412/1412 1410/1410
f 1413/1413 1117/1117 1119/1119
f 1413/1413 1119/1119 1414/1414
f 1413/1413 1415/1415 1416/1416
f 1413/1413 1416/1416 1117/1117
f 1413/1413 1414/1414 1417/1417
f 1413/1413 1417/1417 1415/1415
f 1117/1117 1416/1416 1418/1418
f 1117/1117 1418/1418 1118/1118
f 1118/1118 1418/1418 1419/1419
f 1118/1118 1419/1419 1120/1120
f 1120/1120 1419/1419 1420/1420
f 1120/1120 1420/1420 1121/1121
f 1125/1125 1421/1421 1422/1422
f 1125/1125 1422/1422 1126/1126
f 1126/1126 1422/1422 1423/1423
f 1126/1126 1423/1423 1127/1127
f 1127/1127 1423/1423 1424/1424
f 1127/1127 1424/1424 1130/1130
f 1130/1130 1425/1425 1426/1426
f 1130/1130 1426/1426 1131/1131
f 1130/1130 1424/1424 1427/1427
f 1130/1130 1427/1427 1425/1425
f 1425/1425 1427/1427 1428/1428
f 1425/1425 1428/1428 1426/1426
f 1429/1429 1135/1135 1134/1134
f 1429/1429 1134/1134 1430/1430
f 1429/1429 1430/1430 1431/1431
f 1429/1429 1431/1431 1432/1432
f 1138/1138 1433/1433 1434/1434
f 1138/1138 1434/1434 1139/1139
f 1433/1433 1435/1435 1436/1436
f 1433/1433 1436/1436 1434/1434
f 1437/1437 1140/1140 1142/1142
f 1437/1437 1142/1142 1438/1438
f 1437/1437 1439/1439 1440/1440
f 1437/1437 1440/1440 1140/1140
f 1437/1437 1438/1438 1441/1441
f 1437/1437 1441/1441 1439/1439
f 1144/1144 1442/1442 1443/1443
f 1144/1144 1443/1443 1145/1145
f 1144/1144 1444/1444 1445/1445
f 1144/1144 1445/1445 1442/1442
f 1442/1442 1445/1445 1446/1446
f 1442/1442 1446/1446 1443/1443
f 1148/1148 1447/1447 1448/1448
f 1148/1148 1448/1448 1149/1149
f 1148/1148 1150/1150 1449/1449
f 1148/1148 1449/1449 1447/1447
f 1153/1153 1450/1450 1451/1451
f 1153/1153 1451/1451 1156/1156
f 1156/1156 1451/1451 1452/1452
f 1156/1156 1452/1452 1157/1157
f 1150/1150 1159/1159 1453/1453
f 1150/1150 1453/1453 1449/1449
f 1157/1157 1452/1452 1454/1454
f 1157/1157 1454/1454 1161/1161
f 1455/1455 1163/1163 1162/1162
f 1455/1455 1162/1162 1456/1456
f 1456/1456 1162/1162 1457/1457
f 1456/1456 1457/1457 1458/1458
f 1455/1455 1459/1459 1460/1460
f 1455/1455 1460/1460 1163/1163
f 1455/1455 1456/1456 1458/1458
f 1455/1455 1458/1458 1459/1459
f 1164/1164 1461/1461 1462/1462
f 1164/1164 1462/1462 1165/1165
f 1165/1165 1462/1462 1463/1463
f 1165/1165 1463/1463 1464/1464
f 1164/1164 1465/1465 1466/1466
f 1164/1164 1466/1466 1461/1461
f 1461/1461 1466/1466 1463/1463
f 1461/1461 1463/1463 1462/1462
f 1167/1167 1166/1166 1467/1467
f 1167/1167 1467/1467 1468/1468
f 1168/1168 1469/1469 1470/1470
f 1168/1168 1470/1470 1169/1169
f 1171/1171 1170/1170 1471/1471
f 1171/1171 1471/1471 1472/1472
f 1166/1166 1171/1171 1472/1472
f 1166/1166 1472/1472 1467/1467
f 1173/1173 1172/1172 1473/1473
f 1173/1173 1473/1473 1474/1474
f 1169/1169 1470/1470 1473/1473
f 1169/1169 1473/1473 1172/1172
f 1177/1177 1176/1176 1475/1475
f 1177/1177 1475/1475 1476/1476
f 1180/1180 1477/1477 1478/1478
f 1180/1180 1478/1478 1181/1181
f 1176/1176 1183/1183 1479/1479
f 1176/1176 1479/1479 1475/1475
f 1181/1181 1478/1478 1480/1480
f 1181/1181 1480/1480 1185/1185
f 1188/1188 1187/1187 1481/1481
f 1188/1188 1481/1481 1482/1482
f 1183/1183 1188/1188 1482/1482
f 1183/1183 1482/1482 1479/1479
f 1191/1191 1190/1190 1483/1483
f 1191/1191 1483/1483 1484/1484
f 1185/1185 1480/1480 1483/1483
f 1185/1185 1483/1483 1190/1190
f 1195/1195 1194/1194 1485/1485
f 1195/1195 1485/1485 1486/1486
f 1198/1198 1487/1487 1488/1488
f 1198/1198 1488/1488 1199/1199
f 1202/1202 1489/1489 1490/1490
f 1202/1202 1490/1490 1203/1203
f 1202/1202 1204/1204 1491/1491
f 1202/1202 1491/1491 1489/1489
f 1207/1207 1492/1492 1493/1493
f 1207/1207 1493/1493 1208/1208
f 1208/1208 1493/1493 1494/1494
f 1208/1208 1494/1494 1209/1209
f 1212/1212 1495/1495 1496/1496
f 1212/1212 1496/1496 1213/1213
f 1212/1212 1214/1214 1497/1497
f 1212/1212 1497/1497 1495/1495
f 1217/1217 1498/1498 1499/1499
f 1217/1217 1499/1499 1218/1218
f 1218/1218 1499/1499 1500/1500
f 1218/1218 1500/1500 1219/1219
f 1224/1224 1223/1223 1501/1501
f 1224/1224 1501/1501 1502/1502
f 1229/1229 1503/1503 1504/1504
f 1229/1229 1504/1504 1227/1227
f 1505/1505 1234/1234 1233/1233
f 1505/1505 1233/1233 1506/1506
f 1506/1506 1233/1233 1507/1507
f 1506/1506 1507/1507 1508/1508
f 1505/1505 1506/1506 1508/1508
f 1505/1505 1508/1508 1509/1509
f 1233/1233 1232/1232 1510/1510
f 1233/1233 1510/1510 1507/1507
f 1232/1232 1235/1235 1511/1511
f 1232/1232 1511/1511 1510/1510
f 1235/1235 1236/1236 1512/1512
f 1235/1235 1512/1512 1511/1511
f 1236/1236 1237/1237 1513/1513
f 1236/1236 1513/1513 1512/1512
f 1237/1237 1238/1238 1514/1514
f 1237/1237 1514/1514 1513/1513
f 1238/1238 1239/1239 1515/1515
f 1238/1238 1515/1515 1514/1514
f 1239/1239 1240/1240 1516/1516
f 1239/1239 1516/1516 1515/1515
f 1240/1240 1241/1241 1517/1517
f 1240/1240 1517/1517 1516/1516
f 1241/1241 1242/1242 1518/1518
f 1241/1241 1518/1518 1517/1517
f 1242/1242 1243/1243 1519/1519
f 1242/1242 1519/1519 1518/1518
f 1243/1243 1244/1244 1520/1520
f 1243/1243 1520/1520 1519/1519
f 1244/1244 1245/1245 1521/1521
f 1244/1244 1521/1521 1520/1520
f 1245/1245 1246/1246 1522/1522
f 1245/1245 1522/1522 1521/1521
f 1246/1246 1249/1249 1523/1523
f 1246/1246 1523/1523 1522/1522
f 1250/1250 1524/1524 1525/1525
f 1250/1250 1525/1525 1249/1249
f 1249/1249 1525/1525 1526/1526
f 1249/1249 1526/1526 1523/1523
f 1524/1524 1527/1527 1526/1526
f 1524/1524 1526/1526 1525/1525
f 1528/1528 1257/1257 1256/1256
f 1528/1528 1256/1256 1529/1529
f 1529/1529 1256/1256 1530/1530
f 1529/1529 1530/1530 1531/1531
f 1528/1528 1532/1532 1533/1533
f 1528/1528 1533/1533 1257/1257
f 1528/1528 1529/1529 1531/1531
f 1528/1528 1531/1531 1532/1532
f 1256/1256 1255/1255 1534/1534
f 1256/1256 1534/1534 1530/1530
f 1257/1257 1533/1533 1535/1535
f 1257/1257 1535/1535 1258/1258
f 1255/1255 1259/1259 1536/1536
f 1255/1255 1536/1536 1534/1534
f 1258/1258 1535/1535 1537/1537
f 1258/1258 1537/1537 1260/1260
f 1259/1259 1261/1261 1538/1538
f 1259/1259 1538/1538 1536/1536
f 1260/1260 1537/1537 1539/1539
f 1260/1260 1539/1539 1262/1262
f 1261/1261 1263/1263 1540/1540
f 1261/1261 1540/1540 1538/1538
f 1262/1262 1539/1539 1541/1541
f 1262/1262 1541/1541 1264/1264
f 1263/1263 1265/1265 1542/1542
f 1263/1263 1542/1542 1540/1540
f 1264/1264 1541/1541 1543/1543
f 1264/1264 1543/1543 1266/1266
f 1265/1265 1267/1267 1544/1544
f 1265/1265 1544/1544 1542/1542
f 1266/1266 1543/1543 1545/1545
f 1266/1266 1545/1545 1268/1268
f 1267/1267 1269/1269 1546/1546
f 1267/1267 1546/1546 1544/1544
f 1268/1268 1545/1545 1547/1547
f 1268/1268 1547/1547 1270/1270
f 1269/1269 1271/1271 1548/1548
f 1269/1269 1548/1548 1546/1546
f 1270/1270 1547/1547 1549/1549
f 1270/1270 1549/1549 1272/1272
f 1271/1271 1275/1275 1550/1550
f 1271/1271 1550/1550 1548/1548
f 1272/1272 1549/1549 1551/1551
f 1272/1272 1551/1551 1276/1276
f 1275/1275 1279/1279 1552/1552
f 1275/1275 1552/1552 1550/1550
f 1276/1276 1551/1551 1553/1553
f 1276/1276 1553/1553 1280/1280
f 1280/1280 1554/1554 1555/1555
f 1280/1280 1555/1555 1279/1279
f 1279/1279 1555/1555 1556/1556
f 1279/1279 1556/1556 1552/1552
f 1280/1280 1553/1553 1557/1557
f 1280/1280 1557/1557 1554/1554
f 1554/1554 1557/1557 1556/1556
f 1554/1554 1556/1556 1555/1555
f 1285/1285 1558/1558 1559/1559
f 1285/1285 1559/1559 1286/1286
f 1285/1285 1287/1287 1560/1560
f 1285/1285 1560/1560 1558/1558
f 1286/1286 1559/1559 1561/1561
f 1286/1286 1561/1561 1288/1288
f 1288/1288 1561/1561 1562/1562
f 1288/1288 1562/1562 1289/1289
f 1289/1289 1562/1562 1563/1563
f 1289/1289 1563/1563 1290/1290
f 1290/1290 1563/1563 1564/1564
f 1290/1290 1564/1564 1291/1291
f 1291/1291 1564/1564 1565/1565
f 1291/1291 1565/1565 1292/1292
f 1292/1292 1565/1565 1566/1566
f 1292/1292 1566/1566 1295/1295
f 1295/1295 1566/1566 1567/1567
f 1295/1295 1567/1567 1298/1298
f 1298/1298 1567/1567 1568/1568
f 1298/1298 1568/1568 1299/1299
f 1303/1303 1302/1302 1569/1569
f 1303/1303 1569/1569 1570/1570
f 1306/1306 1571/1571 1572/1572
f 1306/1306 1572/1572 1307/1307
f 1311/1311 1310/1310 1573/1573
f 1311/1311 1573/1573 1574/1574
f 1312/1312 1311/1311 1574/1574
f 1312/1312 1574/1574 1575/1575
f 1310/1310 1313/1313 1576/1576
f 1310/1310 1576/1576 1573/1573
f 1313/1313 1315/1315 1577/1577
f 1313/1313 1577/1577 1576/1576
f 1315/1315 1578/1578 1579/1579
f 1315/1315 1579/1579 1577/1577
f 1578/1578 1318/1318 1580/1580
f 1578/1578 1580/1580 1579/1579
f 1318/1318 1317/1317 1581/1581
f 1318/1318 1581/1581 1580/1580
f 1317/1317 1319/1319 1582/1582
f 1317/1317 1582/1582 1581/1581
f 1319/1319 1322/1322 1583/1583
f 1319/1319 1583/1583 1582/1582
f 1323/1323 1584/1584 1583/1583
f 1323/1323 1583/1583 1322/1322
f 1331/1331 1585/1585 1586/1586
f 1331/1331 1586/1586 1332/1332
f 1331/1331 1333/1333 1587/1587
f 1331/1331 1587/1587 1585/1585
f 1332/1332 1586/1586 1588/1588
f 1332/1332 1588/1588 1334/1334
f 1334/1334 1588/1588 1589/1589
f 1334/1334 1589/1589 1335/1335
f 1335/1335 1589/1589 1590/1590
f 1335/1335 1590/1590 1336/1336
f 1336/1336 1590/1590 1591/1591
f 1336/1336 1591/1591 1337/1337
f 1337/1337 1591/1591 1592/1592
f 1337/1337 1592/1592 1338/1338
f 1338/1338 1592/1592 1593/1593
f 1338/1338 1593/1593 1340/1340
f 1340/1340 1593/1593 1594/1594
f 1340/1340 1594/1594 1341/1341
f 1341/1341 1594/1594 1595/1595
f 1341/1341 1595/1595 1342/1342
f 1342/1342 1595/1595 1596/1596
f 1342/1342 1596/1596 1343/1343
f 1343/1343 1596/1596 1597/1597
f 1343/1343 1597/1597 1344/1344
f 1344/1344 1597/1597 1598/1598
f 1344/1344 1598/1598 1345/1345
f 1345/1345 1598/1598 1599/1599
f 1345/1345 1599/1599 1346/1346
f 1348/1348 1347/1347 1600/1600
f 1348/1348 1600/1600 1601/1601
f 1349/1349 1602/1602 1603/1603
f 1349/1349 1603/1603 1350/1350
f 1349/1349 1348/1348 1601/1601
f 1349/1349 1601/1601 1602/1602
f 1347/1347 1351/1351 1604/1604
f 1347/1347 1604/1604 1600/1600
f 1351/1351 1352/1352 1605/1605
f 1351/1351 1605/1605 1604/1604
f 1352/1352 1353/1353 1606/1606
f 1352/1352 1606/1606 1605/1605
f 1355/1355 1354/1354 1607/1607
f 1355/1355 1607/1607 1608/1608
f 1354/1354 1356/1356 1609/1609
f 1354/1354 1609/1609 1607/1607
f 1356/1356 1357/1357 1610/1610
f 1356/1356 1610/1610 1609/1609
f 1357/1357 1358/1358 1611/1611
f 1357/1357 1611/1611 1610/1610
f 1359/1359 1612/1612 1613/1613
f 1359/1359 1613/1613 1360/1360
f 1360/1360 1613/1613 1611/1611
f 1360/1360 1611/1611 1358/1358
f 1362/1362 1361/1361 1614/1614
f 1362/1362 1614/1614 1615/1615
f 1363/1363 1362/1362 1615/1615
f 1363/1363 1615/1615 1616/1616
f 1361/1361 1617/1617 1618/1618
f 1361/1361 1618/1618 1614/1614
f 1619/1619 1365/1365 1620/1620
f 1619/1619 1620/1620 1621/1621
f 1365/1365 1364/1364 1622/1622
f 1365/1365 1622/1622 1620/1620
f 1366/1366 1623/1623 1622/1622
f 1366/1366 1622/1622 1364/1364
f 1624/1624 1625/1625 1626/1626
f 1624/1624 1626/1626 1627/1627
f 1370/1370 1369/1369 1625/1625
f 1370/1370 1625/1625 1624/1624
f 1627/1627 1626/1626 1628/1628
f 1627/1627 1628/1628 1629/1629
f 1373/1373 1629/1629 1628/1628
f 1373/1373 1628/1628 1374/1374
f 1630/1630 1385/1385 1384/1384
f 1630/1630 1384/1384 1631/1631
f 1631/1631 1384/1384 1632/1632
f 1631/1631 1632/1632 1633/1633
f 1630/1630 1634/1634 1635/1635
f 1630/1630 1635/1635 1385/1385
f 1630/1630 1631/1631 1633/1633
f 1630/1630 1633/1633 1634/1634
f 1384/1384 1383/1383 1636/1636
f 1384/1384 1636/1636 1632/1632
f 1385/1385 1635/1635 1637/1637
f 1385/1385 1637/1637 1638/1638
f 1383/1383 1388/1388 1639/1639
f 1383/1383 1639/1639 1636/1636
f 1388/1388 1391/1391 1640/1640
f 1388/1388 1640/1640 1639/1639
f 1391/1391 1394/1394 1641/1641
f 1391/1391 1641/1641 1640/1640
f 1642/1642 1643/1643 1644/1644
f 1642/1642 1644/1644 1395/1395
f 1395/1395 1645/1645 1646/1646
f 1395/1395 1646/1646 1394/1394
f 1394/1394 1646/1646 1647/1647
f 1394/1394 1647/1647 1641/1641
f 1395/1395 1644/1644 1648/1648
f 1395/1395 1648/1648 1645/1645
f 1645/1645 1648/1648 1647/1647
f 1645/1645 1647/1647 1646/1646
f 1649/1649 1400/1400 1402/1402
f 1649/1649 1402/1402 1650/1650
f 1649/1649 1651/1651 1652/1652
f 1649/1649 1652/1652 1400/1400
f 1649/1649 1650/1650 1653/1653
f 1649/1649 1653/1653 1651/1651
f 1400/1400 1652/1652 1654/1654
f 1400/1400 1654/1654 1401/1401
f 1401/1401 1654/1654 1655/1655
f 1401/1401 1655/1655 1405/1405
f 1405/1405 1655/1655 1656/1656
f 1405/1405 1656/1656 1408/1408
f 1408/1408 1656/1656 1657/1657
f 1408/1408 1657/1657 1411/1411
f 1411/1411 1658/1658 1659/1659
f 1411/1411 1659/1659 1412/1412
f 1411/1411 1657/1657 1660/1660
f 1411/1411 1660/1660 1658/1658
f 1658/1658 1660/1660 1661/1661
f 1658/1658 1661/1661 1659/1659
f 1415/1415 1662/1662 1663/1663
f 1415/1415 1663/1663 1416/1416
f 1415/1415 1417/1417 1664/1664
f 1415/1415 1664/1664 1662/1662
f 1416/1416 1663/1663 1665/1665
f 1416/1416 1665/1665 1418/1418
f 1418/1418 1665/1665 1666/1666
f 1418/1418 1666/1666 1419/1419
f 1422/1422 1667/1667 1668/1668
f 1422/1422 1668/1668 1423/1423
f 1423/1423 1668/1668 1669/1669
f 1423/1423 1669/1669 1424/1424
f 1424/1424 1669/1669 1670/1670
f 1424/1424 1670/1670 1427/1427
f 1427/1427 1670/1670 1671/1671
f 1427/1427 1671/1671 1428/1428
f 1672/1672 1432/1432 1431/1431
f 1672/1672 1431/1431 1673/1673
f 1672/1672 1674/1674 1675/1675
f 1672/1672 1675/1675 1432/1432
f 1672/1672 1673/1673 1676/1676
f 1672/1672 1676/1676 1674/1674
f 1435/1435 1677/1677 1678/1678
f 1435/1435 1678/1678 1436/1436
f 1435/1435 1679/1679 1680/1680
f 1435/1435 1680/1680 1677/1677
f 1677/1677 1680/1680 1681/1681
f 1677/1677 1681/1681 1678/1678
f 1439/1439 1441/1441 1682/1682
f 1439/1439 1682/1682 1683/1683
f 1445/1445 1684/1684 1685/1685
f 1445/1445 1685/1685 1446/1446
f 1447/1447 1686/1686 1687/1687
f 1447/1447 1687/1687 1448/1448
f 1447/1447 1449/1449 1688/1688
f 1447/1447 1688/1688 1686/1686
f 1450/1450 1689/1689 1690/1690
f 1450/1450 1690/1690 1451/1451
f 1451/1451 1690/1690 1691/1691
f 1451/1451 1691/1691 1452/1452
f 1449/1449 1453/1453 1692/1692
f 1449/1449 1692/1692 1688/1688
f 1452/1452 1691/1691 1693/1693
f 1452/1452 1693/1693 1454/1454
f 1458/1458 1457/1457 1694/1694
f 1458/1458 1694/1694 1695/1695
f 1459/1459 1696/1696 1697/1697
f 1459/1459 1697/1697 1460/1460
f 1459/1459 1458/1458 1695/1695
f 1459/1459 1695/1695 1696/1696
f 1464/1464 1463/1463 1698/1698
f 1464/1464 1698/1698 1699/1699
f 1465/1465 1700/1700 1701/1701
f 1465/1465 1701/1701 1466/1466
f 1466/1466 1701/1701 1698/1698
f 1466/1466 1698/1698 1463/1463
f 1468/1468 1467/1467 1702/1702
f 1468/1468 1702/1702 1703/1703
f 1469/1469 1704/1704 1705/1705
f 1469/1469 1705/1705 1470/1470
f 1472/1472 1471/1471 1706/1706
f 1472/1472 1706/1706 1707/1707
f 1467/1467 1472/1472 1707/1707
f 1467/1467 1707/1707 1702/1702
f 1474/1474 1473/1473 1708/1708
f 1474/1474 1708/1708 1709/1709
f 1470/1470 1705/1705 1708/1708
f 1470/1470 1708/1708 1473/1473
f 1476/1476 1475/1475 1710/1710
f 1476/1476 1710/1710 1711/1711
f 1477/1477 1712/1712 1713/1713
f 1477/1477 1713/1713 1478/1478
f 1475/1475 1479/1479 1714/1714
f 1475/1475 1714/1714 1710/1710
f 1478/1478 1713/1713 1715/1715
f 1478/1478 1715/1715 1480/1480
f 1482/1482 1481/1481 1716/1716
f 1482/1482 1716/1716 1717/1717
f 1479/1479 1482/1482 1717/1717
f 1479/1479 1717/1717 1714/1714
f 1484/1484 1483/1483 1718/1718
f 1484/1484 1718/1718 1719/1719
f 1480/1480 1715/1715 1718/1718
f 1480/1480 1718/1718 1483/1483
f 1486/1486 1485/1485 1720/1720
f 1486/1486 1720/1720 1721/1721
f 1487/1487 1722/1722 1723/1723
f 1487/1487 1723/1723 1488/1488
f 1724/1724 1489/1489 1491/1491
f 1724/1724 1491/1491 1725/1725
f 1724/1724 1726/1726 1727/1727
f 1724/1724 1727/1727 1489/1489
f 1724/1724 1725/1725 1728/1728
f 1724/1724 1728/1728 1726/1726
f 1489/1489 1727/1727 1729/1729
f 1489/1489 1729/1729 1490/1490
f 1492/1492 1730/1730 1731/1731
f 1492/1492 1731/1731 1493/1493
f 1493/1493 1732/1732 1733/1733
f 1493/1493 1733/1733 1494/1494
f 1493/1493 1731/1731 1734/1734
f 1493/1493 1734/1734 1732/1732
f 1732/1732 1734/1734 1735/1735
f 1732/1732 1735/1735 1733/1733
f 1495/1495 1497/1497 1736/1736
f 1495/1495 1736/1736 1737/1737
f 1499/1499 1738/1738 1739/1739
f 1499/1499 1739/1739 1500/1500
f 1502/1502 1501/1501 1740/1740
f 1502/1502 1740/1740 1741/1741
f 1503/1503 1742/1742 1743/1743
f 1503/1503 1743/1743 1504/1504
f 1508/1508 1507/1507 1744/1744
f 1508/1508 1744/1744 1745/1745
f 1509/1509 1508/1508 1745/1745
f 1509/1509 1745/1745 1746/1746
f 1507/1507 1510/1510 1747/1747
f 1507/1507 1747/1747 1744/1744
f 1510/1510 1511/1511 1748/1748
f 1510/1510 1748/1748 1747/1747
f 1511/1511 1512/1512 1749/1749
f 1511/1511 1749/1749 1748/1748
f 1512/1512 1513/1513 1750/1750
f 1512/1512 1750/1750 1749/1749
f 1513/1513 1514/1514 1751/1751
f 1513/1513 1751/1751 1750/1750
f 1514/1514 1515/1515 1752/1752
f 1514/1514 1752/1752 1751/1751
f 1515/1515 1516/1516 1753/1753
f 1515/1515 1753/1753 1752/1752
f 1516/1516 1517/1517 1754/1754
f 1516/1516 1754/1754 1753/1753
f 1517/1517 1518/1518 1755/1755
f 1517/1517 1755/1755 1754/1754
f 1518/1518 1519/1519 1756/1756
f 1518/1518 1756/1756 1755/1755
f 1519/1519 1520/1520 1757/1757
f 1519/1519 1757/1757 1756/1756
f 1520/1520 1521/1521 1758/1758
f 1520/1520 1758/1758 1757/1757
f 1521/1521 1522/1522 1759/1759
f 1521/1521 1759/1759 1758/1758
f 1522/1522 1523/1523 1760/1760
f 1522/1522 1760/1760 1759/1759
f 1523/1523 1526/1526 1761/1761
f 1523/1523 1761/1761 1760/1760
f 1527/1527 1762/1762 1761/1761
f 1527/1527 1761/1761 1526/1526
f 1763/1763 1532/1532 1531/1531
f 1763/1763 1531/1531 1764/1764
f 1764/1764 1531/1531 1765/1765
f 1764/1764 1765/1765 1766/1766
f 1763/1763 1767/1767 1768/1768
f 1763/1763 1768/1768 1532/1532
f 1763/1763 1764/1764 1766/1766
f 1763/1763 1766/1766 1767/1767
f 1531/1531 1530/1530 1769/1769
f 1531/1531 1769/1769 1765/1765
f 1532/1532 1768/1768 1770/1770
f 1532/1532 1770/1770 1533/1533
f 1530/1530 1534/1534 1771/1771
f 1530/1530 1771/1771 1769/1769
f 1533/1533 1770/1770 1772/1772
f 1533/1533 1772/1772 1535/1535
f 1534/1534 1536/1536 1773/1773
f 1534/1534 1773/1773 1771/1771
f 1535/1535 1772/1772 1774/1774
f 1535/1535 1774/1774 1537/1537
f 1536/1536 1538/1538 1775/1775
f 1536/1536 1775/1775 1773/1773
f 1537/1537 1774/1774 1776/1776
f 1537/1537 1776/1776 1539/1539
f 1538/1538 1540/1540 1777/1777
f 1538/1538 1777/1777 1775/1775
f 1539/1539 1776/1776 1778/1778
f 1539/1539 1778/1778 1541/1541
f 1540/1540 1542/1542 1779/1779
f 1540/1540 1779/1779 1777/1777
f 1541/1541 1778/1778 1780/1780
f 1541/1541 1780/1780 1543/1543
f 1542/1542 1544/1544 1781/1781
f 1542/1542 1781/1781 1779/1779
f 1543/1543 1780/1780 1782/1782
f 1543/1543 1782/1782 1545/1545
f 1544/1544 1546/1546 1783/1783
f 1544/1544 1783/1783 1781/1781
f 1545/1545 1782/1782 1784/1784
f 1545/1545 1784/1784 1547/1547
f 1546/1546 1548/1548 1785/1785
f 1546/1546 1785/1785 1783/1783
f 1547/1547 1784/1784 1786/1786
f 1547/1547 1786/1786 1549/1549
f 1548/1548 1550/1550 1787/1787
f 1548/1548 1787/1787 1785/1785
f 1549/1549 1786/1786 1788/1788
f 1549/1549 1788/1788 1551/1551
f 1550/1550 1552/1552 1789/1789
f 1550/1550 1789/1789 1787/1787
f 1551/1551 1788/1788 1790/1790
f 1551/1551 1790/1790 1553/1553
f 1552/1552 1556/1556 1791/1791
f 1552/1552 1791/1791 1789/1789
f 1553/1553 1790/1790 1792/1792
f 1553/1553 1792/1792 1557/1557
f 1557/1557 1793/1793 1794/1794
f 1557/1557 1794/1794 1556/1556
f 1556/1556 1794/1794 1795/1795
f 1556/1556 1795/1795 1791/1791
f 1557/1557 1792/1792 1796/1796
f 1557/1557 1796/1796 1793/1793
f 1793/1793 1796/1796 1795/1795
f 1793/1793 1795/1795 1794/1794
f 1797/1797 1798/1798 1562/1562
f 1797/1797 1562/1562 1561/1561
f 1797/1797 1799/1799 1800/1800
f 1797/1797 1800/1800 1798/1798
f 1797/1797 1561/1561 1801/1801
f 1797/1797 1801/1801 1799/1799
f 1798/1798 1802/1802 1563/1563
f 1798/1798 1563/1563 1562/1562
f 1798/1798 1800/1800 1803/1803
f 1798/1798 1803/1803 1802/1802
f 1802/1802 1804/1804 1564/1564
f 1802/1802 1564/1564 1563/1563
f 1802/1802 1803/1803 1805/1805
f 1802/1802 1805/1805 1804/1804
f 1804/1804 1806/1806 1565/1565
f 1804/1804 1565/1565 1564/1564
f 1804/1804 1805/1805 1807/1807
f 1804/1804 1807/1807 1806/1806
f 1806/1806 1807/1807 1808/1808
f 1806/1806 1808/1808 1565/1565
f 1809/1809 1558/1558 1560/1560
f 1809/1809 1560/1560 1810/1810
f 1809/1809 1811/1811 1812/1812
f 1809/1809 1812/1812 1558/1558
f 1809/1809 1810/1810 1813/1813
f 1809/1809 1813/1813 1811/1811
f 1558/1558 1812/1812 1814/1814
f 1558/1558 1814/1814 1559/1559
f 1559/1559 1814/1814 1801/1801
f 1559/1559 1801/1801 1561/1561
f 1565/1565 1808/1808 1815/1815
f 1565/1565 1815/1815 1566/1566
f 1566/1566 1815/1815 1816/1816
f 1566/1566 1816/1816 1567/1567
f 1567/1567 1817/1817 1818/1818
f 1567/1567 1818/1818 1568/1568
f 1567/1567 1816/1816 1819/1819
f 1567/1567 1819/1819 1817/1817
f 1817/1817 1819/1819 1820/1820
f 1817/1817 1820/1820 1818/1818
f 1821/1821 1822/1822 1823/1823
f 1821/1821 1823/1823 1824/1824
f 1825/1825 1570/1570 1569/1569
f 1825/1825 1569/1569 1826/1826
f 1826/1826 1569/1569 1823/1823
f 1826/1826 1823/1823 1822/1822
f 1825/1825 1826/1826 1822/1822
f 1825/1825 1822/1822 1821/1821
f 1827/1827 1828/1828 1829/1829
f 1827/1827 1829/1829 1830/1830
f 1571/1571 1831/1831 1832/1832
f 1571/1571 1832/1832 1572/1572
f 1572/1572 1832/1832 1829/1829
f 1572/1572 1829/1829 1828/1828
f 1831/1831 1830/1830 1829/1829
f 1831/1831 1829/1829 1832/1832
f 1833/1833 1834/1834 1835/1835
f 1833/1833 1835/1835 1836/1836
f 1574/1574 1573/1573 1835/1835
f 1574/1574 1835/1835 1834/1834
f 1575/1575 1574/1574 1834/1834
f 1575/1575 1834/1834 1833/1833
f 1573/1573 1576/1576 1837/1837
f 1573/1573 1837/1837 1835/1835
f 1576/1576 1577/1577 1838/1838
f 1576/1576 1838/1838 1837/1837
f 1577/1577 1579/1579 1839/1839
f 1577/1577 1839/1839 1838/1838
f 1579/1579 1580/1580 1840/1840
f 1579/1579 1840/1840 1839/1839
f 1580/1580 1581/1581 1841/1841
f 1580/1580 1841/1841 1840/1840
f 1581/1581 1582/1582 1842/1842
f 1581/1581 1842/1842 1841/1841
f 1843/1843 1842/1842 1844/1844
f 1843/1843 1844/1844 1845/1845
f 1582/1582 1583/1583 1844/1844
f 1582/1582 1844/1844 1842/1842
f 1584/1584 1845/1845 1844/1844
f 1584/1584 1844/1844 1583/1583
f 1585/1585 1846/1846 1847/1847
f 1585/1585 1847/1847 1586/1586
f 1585/1585 1587/1587 1848/1848
f 1585/1585 1848/1848 1846/1846
f 1586/1586 1847/1847 1849/1849
f 1586/1586 1849/1849 1588/1588
f 1588/1588 1849/1849 1850/1850
f 1588/1588 1850/1850 1589/1589
f 1589/1589 1850/1850 1851/1851
f 1589/1589 1851/1851 1590/1590
f 1590/1590 1851/1851 1852/1852
f 1590/1590 1852/1852 1591/1591
f 1591/1591 1852/1852 1853/1853
f 1591/1591 1853/1853 1592/1592
f 1592/1592 1853/1853 1854/1854
f 1592/1592 1854/1854 1593/1593
f 1593/1593 1854/1854 1855/1855
f 1593/1593 1855/1855 1594/1594
f 1594/1594 1855/1855 1856/1856
f 1594/1594 1856/1856 1595/1595
f 1595/1595 1856/1856 1857/1857
f 1595/1595 1857/1857 1596/1596
f 1596/1596 1857/1857 1858/1858
f 1596/1596 1858/1858 1597/1597
f 1597/1597 1858/1858 1859/1859
f 1597/1597 1859/1859 1598/1598
f 1598/1598 1859/1859 1860/1860
f 1598/1598 1860/1860 1599/1599
f 1861/1861 1862/1862 1863/1863
f 1861/1861 1863/1863 1864/1864
f 1601/1601 1600/1600 1863/1863
f 1601/1601 1863/1863 1862/1862
f 1602/1602 1861/1861 1864/1864
f 1602/1602 1864/1864 1603/1603
f 1602/1602 1601/1601 1862/1862
f 1602/1602 1862/1862 1861/1861
f 1600/1600 1604/1604 1865/1865
f 1600/1600 1865/1865 1863/1863
f 1604/1604 1605/1605 1866/1866
f 1604/1604 1866/1866 1865/1865
f 1605/1605 1606/1606 1867/1867
f 1605/1605 1867/1867 1866/1866
f 1608/1608 1607/1607 1868/1868
f 1608/1608 1868/1868 1869/1869
f 1607/1607 1609/1609 1870/1870
f 1607/1607 1870/1870 1868/1868
f 1609/1609 1610/1610 1871/1871
f 1609/1609 1871/1871 1870/1870
f 1872/1872 1871/1871 1873/1873
f 1872/1872 1873/1873 1874/1874
f 1610/1610 1611/1611 1873/1873
f 1610/1610 1873/1873 1871/1871
f 1612/1612 1872/1872 1874/1874
f 1612/1612 1874/1874 1613/1613
f 1613/1613 1874/1874 1873/1873
f 1613/1613 1873/1873 1611/1611
f 1875/1875 1876/1876 1877/1877
f 1875/1875 1877/1877 1878/1878
f 1615/1615 1614/1614 1877/1877
f 1615/1615 1877/1877 1876/1876
f 1616/1616 1615/1615 1876/1876
f 1616/1616 1876/1876 1875/1875
f 1614/1614 1618/1618 1879/1879
f 1614/1614 1879/1879 1877/1877
f 1618/1618 1880/1880 1881/1881
f 1618/1618 1881/1881 1879/1879
f 1880/1880 1621/1621 1882/1882
f 1880/1880 1882/1882 1881/1881
f 1621/1621 1620/1620 1883/1883
f 1621/1621 1883/1883 1882/1882
f 1884/1884 1883/1883 1885/1885
f 1884/1884 1885/1885 1886/1886
f 1620/1620 1622/1622 1885/1885
f 1620/1620 1885/1885 1883/1883
f 1623/1623 1886/1886 1885/1885
f 1623/1623 1885/1885 1622/1622
f 1634/1634 1887/1887 1888/1888
f 1634/1634 1888/1888 1635/1635
f 1634/1634 1633/1633 1889/1889
f 1634/1634 1889/1889 1887/1887
f 1635/1635 1888/1888 1890/1890
f 1635/1635 1890/1890 1637/1637
f 1637/1637 1890/1890 1891/1891
f 1637/1637 1891/1891 1892/1892
f 1892/1892 1891/1891 1893/1893
f 1892/1892 1893/1893 1643/1643
f 1643/1643 1893/1893 1894/1894
f 1643/1643 1894/1894 1644/1644
f 1644/1644 1894/1894 1895/1895
f 1644/1644 1895/1895 1648/1648
f 1648/1648 1895/1895 1896/1896
f 1648/1648 1896/1896 1647/1647
f 1897/1897 1898/1898 1899/1899
f 1897/1897 1899/1899 1900/1900
f 1900/1900 1899/1899 1901/1901
f 1900/1900 1901/1901 1902/1902
f 1897/1897 1900/1900 1902/1902
f 1897/1897 1902/1902 1903/1903
f 1898/1898 1904/1904 1905/1905
f 1898/1898 1905/1905 1899/1899
f 1899/1899 1905/1905 1906/1906
f 1899/1899 1906/1906 1901/1901
f 1904/1904 1907/1907 1908/1908
f 1904/1904 1908/1908 1905/1905
f 1905/1905 1908/1908 1909/1909
f 1905/1905 1909/1909 1906/1906
f 1907/1907 1910/1910 1911/1911
f 1907/1907 1911/1911 1908/1908
f 1908/1908 1911/1911 1912/1912
f 1908/1908 1912/1912 1909/1909
f 1910/1910 1913/1913 1914/1914
f 1910/1910 1914/1914 1911/1911
f 1911/1911 1914/1914 1915/1915
f 1911/1911 1915/1915 1912/1912
f 1913/1913 1916/1916 1917/1917
f 1913/1913 1917/1917 1914/1914
f 1914/1914 1917/1917 1918/1918
f 1914/1914 1918/1918 1915/1915
f 1916/1916 1919/1919 1918/1918
f 1916/1916 1918/1918 1917/1917
f 1651/1651 1920/1920 1921/1921
f 1651/1651 1921/1921 1652/1652
f 1651/1651 1653/1653 1922/1922
f 1651/1651 1922/1922 1920/1920
f 1652/1652 1921/1921 1923/1923
f 1652/1652 1923/1923 1654/1654
f 1654/1654 1923/1923 1924/1924
f 1654/1654 1924/1924 1655/1655
f 1655/1655 1924/1924 1925/1925
f 1655/1655 1925/1925 1656/1656
f 1656/1656 1925/1925 1926/1926
f 1656/1656 1926/1926 1657/1657
f 1657/1657 1926/1926 1927/1927
f 1657/1657 1927/1927 1660/1660
f 1660/1660 1927/1927 1928/1928
f 1660/1660 1928/1928 1661/1661
f 1662/1662 1929/1929 1930/1930
f 1662/1662 1930/1930 1663/1663
f 1662/1662 1664/1664 1931/1931
f 1662/1662 1931/1931 1929/1929
f 1663/1663 1930/1930 1932/1932
f 1663/1663 1932/1932 1665/1665
f 1665/1665 1932/1932 1933/1933
f 1665/1665 1933/1933 1666/1666
f 1667/1667 1934/1934 1935/1935
f 1667/1667 1935/1935 1668/1668
f 1668/1668 1935/1935 1936/1936
f 1668/1668 1936/1936 1669/1669
f 1669/1669 1936/1936 1937/1937
f 1669/1669 1937/1937 1670/1670
f 1670/1670 1937/1937 1938/1938
f 1670/1670 1938/1938 1671/1671
f 1674/1674 1939/1939 1940/1940
f 1674/1674 1940/1940 1675/1675
f 1674/1674 1676/1676 1941/1941
f 1674/1674 1941/1941 1939/1939
f 1679/1679 1942/1942 1943/1943
f 1679/1679 1943/1943 1680/1680
f 1680/1680 1943/1943 1944/1944
f 1680/1680 1944/1944 1681/1681
f 1683/1683 1682/1682 1945/1945
f 1683/1683 1945/1945 1946/1946
f 1684/1684 1947/1947 1948/1948
f 1684/1684 1948/1948 1685/1685
f 1686/1686 1949/1949 1950/1950
f 1686/1686 1950/1950 1687/1687
f 1686/1686 1688/1688 1951/1951
f 1686/1686 1951/1951 1949/1949
f 1689/1689 1952/1952 1953/1953
f 1689/1689 1953/1953 1690/1690
f 1690/1690 1953/1953 1954/1954
f 1690/1690 1954/1954 1691/1691
f 1688/1688 1692/1692 1955/1955
f 1688/1688 1955/1955 1951/1951
f 1691/1691 1954/1954 1956/1956
f 1691/1691 1956/1956 1693/1693
f 1696/1696 1957/1957 1958/1958
f 1696/1696 1958/1958 1697/1697
f 1696/1696 1695/1695 1959/1959
f 1696/1696 1959/1959 1957/1957
f 1700/1700 1960/1960 1961/1961
f 1700/1700 1961/1961 1701/1701
f 1701/1701 1961/1961 1962/1962
f 1701/1701 1962/1962 1698/1698
f 1963/1963 1964/1964 1965/1965
f 1963/1963 1965/1965 1966/1966
f 1967/1967 1703/1703 1702/1702
f 1967/1967 1702/1702 1968/1968
f 1967/1967 1968/1968 1964/1964
f 1967/1967 1964/1964 1963/1963
f 1969/1969 1970/1970 1971/1971
f 1969/1969 1971/1971 1972/1972
f 1704/1704 1973/1973 1974/1974
f 1704/1704 1974/1974 1705/1705
f 1973/1973 1972/1972 1971/1971
f 1973/1973 1971/1971 1974/1974
f 1964/1964 1975/1975 1976/1976
f 1964/1964 1976/1976 1965/1965
f 1968/1968 1702/1702 1707/1707
f 1968/1968 1707/1707 1977/1977
f 1977/1977 1707/1707 1976/1976
f 1977/1977 1976/1976 1975/1975
f 1968/1968 1977/1977 1975/1975
f 1968/1968 1975/1975 1964/1964
f 1707/1707 1706/1706 1978/1978
f 1707/1707 1978/1978 1976/1976
f 1709/1709 1708/1708 1979/1979
f 1709/1709 1979/1979 1980/1980
f 1970/1970 1979/1979 1981/1981
f 1970/1970 1981/1981 1971/1971
f 1705/1705 1974/1974 1982/1982
f 1705/1705 1982/1982 1708/1708
f 1708/1708 1982/1982 1981/1981
f 1708/1708 1981/1981 1979/1979
f 1974/1974 1971/1971 1981/1981
f 1974/1974 1981/1981 1982/1982
f 1711/1711 1710/1710 1983/1983
f 1711/1711 1983/1983 1984/1984
f 1712/1712 1985/1985 1986/1986
f 1712/1712 1986/1986 1713/1713
f 1710/1710 1714/1714 1987/1987
f 1710/1710 1987/1987 1983/1983
f 1713/1713 1986/1986 1988/1988
f 1713/1713 1988/1988 1715/1715
f 1714/1714 1717/1717 1989/1989
f 1714/1714 1989/1989 1987/1987
f 1715/1715 1988/1988 1990/1990
f 1715/1715 1990/1990 1718/1718
f 1991/1991 1992/1992 1993/1993
f 1991/1991 1993/1993 1994/1994
f 1995/1995 1721/1721 1720/1720
f 1995/1995 1720/1720 1996/1996
f 1995/1995 1996/1996 1992/1992
f 1995/1995 1992/1992 1991/1991
f 1997/1997 1998/1998 1999/1999
f 1997/1997 1999/1999 2000/2000
f 1722/1722 2001/2001 2002/2002
f 1722/1722 2002/2002 1723/1723
f 2001/2001 2000/2000 1999/1999
f 2001/2001 1999/1999 2002/2002
f 1726/1726 2003/2003 2004/2004
f 1726/1726 2004/2004 1727/1727
f 1726/1726 1728/1728 2005/2005
f 1726/1726 2005/2005 2003/2003
f 1731/1731 2006/2006 2007/2007
f 1731/1731 2007/2007 1734/1734
f 1734/1734 2007/2007 2008/2008
f 1734/1734 2008/2008 1735/1735
f 2009/2009 1737/1737 1736/1736
f 2009/2009 1736/1736 2010/2010
f 2009/2009 2011/2011 2012/2012
f 2009/2009 2012/2012 1737/1737
f 2009/2009 2010/2010 2013/2013
f 2009/2009 2013/2013 2011/2011
f 1738/1738 2014/2014 2015/2015
f 1738/1738 2015/2015 1739/1739
f 1738/1738 2016/2016 2017/2017
f 1738/1738 2017/2017 2014/2014
f 2014/2014 2017/2017 2018/2018
f 2014/2014 2018/2018 2015/2015
f 2019/2019 1741/1741 1740/1740
f 2019/2019 1740/1740 2020/2020
f 2020/2020 1740/1740 2021/2021
f 2020/2020 2021/2021 2022/2022
f 2019/2019 2020/2020 2022/2022
f 2019/2019 2022/2022 2023/2023
f 1742/1742 2024/2024 2025/2025
f 1742/1742 2025/2025 1743/1743
f 1743/1743 2025/2025 2026/2026
f 1743/1743 2026/2026 2027/2027
f 2024/2024 2028/2028 2026/2026
f 2024/2024 2026/2026 2025/2025
f 1745/1745 1744/1744 2029/2029
f 1745/1745 2029/2029 2030/2030
f 1746/1746 1745/1745 2030/2030
f 1746/1746 2030/2030 2031/2031
f 1744/1744 1747/1747 2032/2032
f 1744/1744 2032/2032 2029/2029
f 1747/1747 1748/1748 2033/2033
f 1747/1747 2033/2033 2032/2032
f 1748/1748 1749/1749 2034/2034
f 1748/1748 2034/2034 2033/2033
f 1749/1749 1750/1750 2035/2035
f 1749/1749 2035/2035 2034/2034
f 1750/1750 1751/1751 2036/2036
f 1750/1750 2036/2036 2035/2035
f 1751/1751 1752/1752 2037/2037
f 1751/1751 2037/2037 2036/2036
f 1752/1752 1753/1753 2038/2038
f 1752/1752 2038/2038 2037/2037
f 1753/1753 1754/1754 2039/2039
f 1753/1753 2039/2039 2038/2038
f 1754/1754 1755/1755 2040/2040
f 1754/1754 2040/2040 2039/2039
f 1755/1755 1756/1756 2041/2041
f 1755/1755 2041/2041 2040/2040
f 1756/1756 1757/1757 2042/2042
f 1756/1756 2042/2042 2041/2041
f 1757/1757 1758/1758 2043/2043
f 1757/1757 2043/2043 2042/2042
f 1758/1758 1759/1759 2044/2044
f 1758/1758 2044/2044 2043/2043
f 1759/1759 1760/1760 2045/2045
f 1759/1759 2045/2045 2044/2044
f 1760/1760 1761/1761 2046/2046
f 1760/1760 2046/2046 2045/2045
f 1762/1762 2047/2047 2046/2046
f 1762/1762 2046/2046 1761/1761
f 2048/2048 1767/1767 1766/1766
f 2048/2048 1766/1766 2049/2049
f 2049/2049 1766/1766 2050/2050
f 2049/2049 2050/2050 2051/2051
f 2048/2048 2052/2052 2053/2053
f 2048/2048 2053/2053 1767/1767
f 2048/2048 2049/2049 2051/2051
f 2048/2048 2051/2051 2052/2052
f 1766/1766 1765/1765 2054/2054
f 1766/1766 2054/2054 2050/2050
f 1767/1767 2053/2053 2055/2055
f 1767/1767 2055/2055 1768/1768
f 1765/1765 1769/1769 2056/2056
f 1765/1765 2056/2056 2054/2054
f 1768/1768 2055/2055 2057/2057
f 1768/1768 2057/2057 1770/1770
f 1769/1769 1771/1771 2058/2058
f 1769/1769 2058/2058 2056/2056
f 1770/1770 2057/2057 2059/2059
f 1770/1770 2059/2059 1772/1772
f 1771/1771 1773/1773 2060/2060
f 1771/1771 2060/2060 2058/2058
f 1772/1772 2059/2059 2061/2061
f 1772/1772 2061/2061 1774/1774
f 1773/1773 1775/1775 2062/2062
f 1773/1773 2062/2062 2060/2060
f 1774/1774 2061/2061 2063/2063
f 1774/1774 2063/2063 1776/1776
f 1775/1775 1777/1777 2064/2064
f 1775/1775 2064/2064 2062/2062
f 1776/1776 2063/2063 2065/2065
f 1776/1776 2065/2065 1778/1778
f 1777/1777 1779/1779 2066/2066
f 1777/1777 2066/2066 2064/2064
f 1778/1778 2065/2065 2067/2067
f 1778/1778 2067/2067 1780/1780
f 1779/1779 1781/1781 2068/2068
f 1779/1779 2068/2068 2066/2066
f 1780/1780 2067/2067 2069/2069
f 1780/1780 2069/2069 1782/1782
f 1781/1781 1783/1783 2070/2070
f 1781/1781 2070/2070 2068/2068
f 1782/1782 2069/2069 2071/2071
f 1782/1782 2071/2071 1784/1784
f 1783/1783 1785/1785 2072/2072
f 1783/1783 2072/2072 2070/2070
f 1784/1784 2071/2071 2073/2073
f 1784/1784 2073/2073 1786/1786
f 1785/1785 1787/1787 2074/2074
f 1785/1785 2074/2074 2072/2072
f 1786/1786 2073/2073 2075/2075
f 1786/1786 2075/2075 1788/1788
f 1787/1787 1789/1789 2076/2076
f 1787/1787 2076/2076 2074/2074
f 1788/1788 2075/2075 2077/2077
f 1788/1788 2077/2077 1790/1790
f 1789/1789 1791/1791 2078/2078
f 1789/1789 2078/2078 2076/2076
f 1790/1790 2077/2077 2079/2079
f 1790/1790 2079/2079 1792/1792
f 1791/1791 1795/1795 2080/2080
f 1791/1791 2080/2080 2078/2078
f 1792/1792 2079/2079 2081/2081
f 1792/1792 2081/2081 1796/1796
f 1796/1796 2082/2082 2083/2083
f 1796/1796 2083/2083 1795/1795
f 1795/1795 2083/2083 2084/2084
f 1795/1795 2084/2084 2080/2080
f 1796/1796 2081/2081 2085/2085
f 1796/1796 2085/2085 2082/2082
f 2082/2082 2085/2085 2084/2084
f 2082/2082 2084/2084 2083/2083
f 2086/2086 2087/2087 1800/1800
f 2086/2086 1800/1800 1799/1799
f 2086/2086 2088/2088 2089/2089
f 2086/2086 2089/2089 2087/2087
f 2086/2086 1799/1799 2090/2090
f 2086/2086 2090/2090 2088/2088
f 2087/2087 2091/2091 1803/1803
f 2087/2087 1803/1803 1800/1800
f 2087/2087 2089/2089 2092/2092
f 2087/2087 2092/2092 2091/2091
f 2091/2091 2093/2093 1805/1805
f 2091/2091 1805/1805 1803/1803
f 2091/2091 2092/2092 2094/2094
f 2091/2091 2094/2094 2093/2093
f 2093/2093 2095/2095 1807/1807
f 2093/2093 1807/1807 1805/1805
f 2093/2093 2094/2094 2096/2096
f 2093/2093 2096/2096 2095/2095
f 2095/2095 2096/2096 2097/2097
f 2095/2095 2097/2097 1807/1807
f 2098/2098 2099/2099 1814/1814
f 2098/2098 1814/1814 1812/1812
f 2098/2098 2100/2100 2101/2101
f 2098/2098 2101/2101 2099/2099
f 2098/2098 1812/1812 2102/2102
f 2098/2098 2102/2102 2100/2100
f 2099/2099 1799/1799 1801/1801
f 2099/2099 1801/1801 1814/1814
f 2099/2099 2101/2101 2090/2090
f 2099/2099 2090/2090 1799/1799
f 1807/1807 2103/2103 1815/1815
f 1807/1807 1815/1815 1808/1808
f 1807/1807 2097/2097 2104/2104
f 1807/1807 2104/2104 2103/2103
f 2103/2103 2105/2105 1816/1816
f 2103/2103 1816/1816 1815/1815
f 2103/2103 2104/2104 2106/2106
f 2103/2103 2106/2106 2105/2105
f 2105/2105 2106/2106 2107/2107
f 2105/2105 2107/2107 1816/1816
f 1813/1813 2108/2108 2109/2109
f 1813/1813 2109/2109 2110/2110
f 1811/1811 2111/2111 2102/2102
f 1811/1811 2102/2102 1812/1812
f 1811/1811 1813/1813 2110/2110
f 1811/1811 2110/2110 2111/2111
f 2112/2112 1820/1820 2113/2113
f 2112/2112 2113/2113 2114/2114
f 1816/1816 2107/2107 2115/2115
f 1816/1816 2115/2115 1819/1819
f 1819/1819 2115/2115 2113/2113
f 1819/1819 2113/2113 1820/1820
f 1823/1823 2116/2116 2117/2117
f 1823/1823 2117/2117 2118/2118
f 1824/1824 1823/1823 2118/2118
f 1824/1824 2118/2118 2119/2119
f 2120/2120 1828/1828 2121/2121
f 2120/2120 2121/2121 2122/2122
f 1827/1827 2123/2123 2121/2121
f 1827/1827 2121/2121 1828/1828
f 2124/2124 2125/2125 2126/2126
f 2124/2124 2126/2126 2127/2127
f 1835/1835 1837/1837 2126/2126
f 1835/1835 2126/2126 2125/2125
f 1836/1836 1835/1835 2125/2125
f 1836/1836 2125/2125 2124/2124
f 1837/1837 1838/1838 2128/2128
f 1837/1837 2128/2128 2126/2126
f 1838/1838 1839/1839 2129/2129
f 1838/1838 2129/2129 2128/2128
f 1839/1839 1840/1840 2130/2130
f 1839/1839 2130/2130 2129/2129
f 1840/1840 1841/1841 2131/2131
f 1840/1840 2131/2131 2130/2130
f 2132/2132 2131/2131 2133/2133
f 2132/2132 2133/2133 2134/2134
f 1841/1841 1842/1842 2133/2133
f 1841/1841 2133/2133 2131/2131
f 1843/1843 2134/2134 2133/2133
f 1843/1843 2133/2133 1842/1842
f 1846/1846 2135/2135 2136/2136
f 1846/1846 2136/2136 1847/1847
f 1846/1846 1848/1848 2137/2137
f 1846/1846 2137/2137 2135/2135
f 1847/1847 2136/2136 2138/2138
f 1847/1847 2138/2138 1849/1849
f 1849/1849 2138/2138 2139/2139
f 1849/1849 2139/2139 1850/1850
f 1850/1850 2139/2139 2140/2140
f 1850/1850 2140/2140 1851/1851
f 1851/1851 2140/2140 2141/2141
f 1851/1851 2141/2141 1852/1852
f 1852/1852 2141/2141 2142/2142
f 1852/1852 2142/2142 1853/1853
f 1853/1853 2142/2142 2143/2143
f 1853/1853 2143/2143 1854/1854
f 1854/1854 2143/2143 2144/2144
f 1854/1854 2144/2144 1855/1855
f 1855/1855 2144/2144 2145/2145
f 1855/1855 2145/2145 1856/1856
f 1856/1856 2145/2145 2146/2146
f 1856/1856 2146/2146 1857/1857
f 1857/1857 2146/2146 2147/2147
f 1857/1857 2147/2147 1858/1858
f 1858/1858 2147/2147 2148/2148
f 1858/1858 2148/2148 1859/1859
f 1859/1859 2148/2148 2149/2149
f 1859/1859 2149/2149 1860/1860
f 1863/1863 1865/1865 2150/2150
f 1863/1863 2150/2150 2151/2151
f 1864/1864 1863/1863 2151/2151
f 1864/1864 2151/2151 2152/2152
f 1865/1865 1866/1866 2153/2153
f 1865/1865 2153/2153 2150/2150
f 1866/1866 1867/1867 2154/2154
f 1866/1866 2154/2154 2153/2153
f 1867/1867 2155/2155 2156/2156
f 1867/1867 2156/2156 2154/2154
f 2157/2157 1869/1869 2158/2158
f 2157/2157 2158/2158 2159/2159
f 1869/1869 1868/1868 2160/2160
f 1869/1869 2160/2160 2158/2158
f 1868/1868 1870/1870 2161/2161
f 1868/1868 2161/2161 2160/2160
f 1870/1870 1871/1871 2162/2162
f 1870/1870 2162/2162 2161/2161
f 1872/1872 2163/2163 2162/2162
f 1872/1872 2162/2162 1871/1871
f 2164/2164 2165/2165 2166/2166
f 2164/2164 2166/2166 2167/2167
f 1877/1877 1879/1879 2166/2166
f 1877/1877 2166/2166 2165/2165
f 1878/1878 1877/1877 2165/2165
f 1878/1878 2165/2165 2164/2164
f 2167/2167 2166/2166 2168/2168
f 2167/2167 2168/2168 2169/2169
f 1879/1879 1881/1881 2168/2168
f 1879/1879 2168/2168 2166/2166
f 2169/2169 2168/2168 2170/2170
f 2169/2169 2170/2170 2171/2171
f 1881/1881 1882/1882 2170/2170
f 1881/1881 2170/2170 2168/2168
f 2171/2171 2170/2170 2172/2172
f 2171/2171 2172/2172 2173/2173
f 1882/1882 1883/1883 2172/2172
f 1882/1882 2172/2172 2170/2170
f 1884/1884 2173/2173 2172/2172
f 1884/1884 2172/2172 1883/1883
f 1887/1887 2174/2174 2175/2175
f 1887/1887 2175/2175 1888/1888
f 1887/1887 1889/1889 2176/2176
f 1887/1887 2176/2176 2174/2174
f 1888/1888 2175/2175 2177/2177
f 1888/1888 2177/2177 1890/1890
f 1890/1890 2177/2177 2178/2178
f 1890/1890 2178/2178 1891/1891
f 1891/1891 2178/2178 2179/2179
f 1891/1891 2179/2179 1893/1893
f 1893/1893 2179/2179 2180/2180
f 1893/1893 2180/2180 1894/1894
f 1894/1894 2180/2180 2181/2181
f 1894/1894 2181/2181 1895/1895
f 1895/1895 2181/2181 2182/2182
f 1895/1895 2182/2182 1896/1896
f 2183/2183 1903/1903 1902/1902
f 2183/2183 1902/1902 2184/2184
f 2184/2184 1902/1902 2185/2185
f 2184/2184 2185/2185 2186/2186
f 2183/2183 2187/2187 2188/2188
f 2183/2183 2188/2188 1903/1903
f 2183/2183 2184/2184 2186/2186
f 2183/2183 2186/2186 2187/2187
f 1902/1902 1901/1901 2189/2189
f 1902/1902 2189/2189 2185/2185
f 1901/1901 1906/1906 2190/2190
f 1901/1901 2190/2190 2189/2189
f 1906/1906 1909/1909 2191/2191
f 1906/1906 2191/2191 2190/2190
f 1909/1909 1912/1912 2192/2192
f 1909/1909 2192/2192 2191/2191
f 1912/1912 1915/1915 2193/2193
f 1912/1912 2193/2193 2192/2192
f 1915/1915 1918/1918 2194/2194
f 1915/1915 2194/2194 2193/2193
f 1919/1919 2195/2195 2196/2196
f 1919/1919 2196/2196 1918/1918
f 1918/1918 2196/2196 2197/2197
f 1918/1918 2197/2197 2194/2194
f 1919/1919 2198/2198 2199/2199
f 1919/1919 2199/2199 2195/2195
f 2195/2195 2199/2199 2197/2197
f 2195/2195 2197/2197 2196/2196
f 2200/2200 2201/2201 2202/2202
f 2200/2200 2202/2202 2203/2203
f 2203/2203 2202/2202 2204/2204
f 2203/2203 2204/2204 2205/2205
f 2200/2200 2206/2206 2207/2207
f 2200/2200 2207/2207 2201/2201
f 2200/2200 2203/2203 2205/2205
f 2200/2200 2205/2205 2206/2206
f 2201/2201 2208/2208 2209/2209
f 2201/2201 2209/2209 2202/2202
f 2202/2202 2209/2209 2210/2210
f 2202/2202 2210/2210 2204/2204
f 2201/2201 2207/2207 2211/2211
f 2201/2201 2211/2211 2208/2208
f 2208/2208 2212/2212 2213/2213
f 2208/2208 2213/2213 2209/2209
f 2209/2209 2213/2213 2214/2214
f 2209/2209 2214/2214 2210/2210
f 2208/2208 2211/2211 2215/2215
f 2208/2208 2215/2215 2212/2212
f 2212/2212 2216/2216 2217/2217
f 2212/2212 2217/2217 2213/2213
f 2213/2213 2217/2217 2218/2218
f 2213/2213 2218/2218 2214/2214
f 2212/2212 2215/2215 2219/2219
f 2212/2212 2219/2219 2216/2216
f 2216/2216 2219/2219 2218/2218
f 2216/2216 2218/2218 2217/2217
f 2220/2220 2221/2221 2222/2222
f 2220/2220 2222/2222 2223/2223
f 2224/2224 1920/1920 1922/1922
f 2224/2224 1922/1922 2225/2225
f 2224/2224 2220/2220 2223/2223
f 2224/2224 2223/2223 1920/1920
f 2224/2224 2225/2225 2221/2221
f 2224/2224 2221/2221 2220/2220
f 1920/1920 2223/2223 2226/2226
f 1920/1920 2226/2226 1921/1921
f 1921/1921 2226/2226 2227/2227
f 1921/1921 2227/2227 1923/1923
f 1923/1923 2227/2227 2228/2228
f 1923/1923 2228/2228 1924/1924
f 1924/1924 2228/2228 2229/2229
f 1924/1924 2229/2229 1925/1925
f 1925/1925 2229/2229 2230/2230
f 1925/1925 2230/2230 1926/1926
f 1926/1926 2230/2230 2231/2231
f 1926/1926 2231/2231 1927/1927
f 2231/2231 2232/2232 2233/2233
f 2231/2231 2233/2233 2234/2234
f 1927/1927 2235/2235 2236/2236
f 1927/1927 2236/2236 1928/1928
f 1927/1927 2231/2231 2234/2234
f 1927/1927 2234/2234 2235/2235
f 2235/2235 2234/2234 2233/2233
f 2235/2235 2233/2233 2236/2236
f 2237/2237 2238/2238 2239/2239
f 2237/2237 2239/2239 2240/2240
f 2241/2241 1929/1929 1931/1931
f 2241/2241 1931/1931 2242/2242
f 2241/2241 2237/2237 2240/2240
f 2241/2241 2240/2240 1929/1929
f 2241/2241 2242/2242 2238/2238
f 2241/2241 2238/2238 2237/2237
f 1929/1929 2240/2240 2243/2243
f 1929/1929 2243/2243 1930/1930
f 1930/1930 2243/2243 2244/2244
f 1930/1930 2244/2244 1932/1932
f 1935/1935 2245/2245 2246/2246
f 1935/1935 2246/2246 1936/1936
f 1936/1936 2246/2246 2247/2247
f 1936/1936 2247/2247 1937/1937
f 2247/2247 2248/2248 2249/2249
f 2247/2247 2249/2249 2250/2250
f 1937/1937 2251/2251 2252/2252
f 1937/1937 2252/2252 1938/1938
f 1937/1937 2247/2247 2250/2250
f 1937/1937 2250/2250 2251/2251
f 2251/2251 2250/2250 2249/2249
f 2251/2251 2249/2249 2252/2252
f 1939/1939 1941/1941 2253/2253
f 1939/1939 2253/2253 2254/2254
f 1943/1943 2255/2255 2256/2256
f 1943/1943 2256/2256 1944/1944
f 2257/2257 2258/2258 2259/2259
f 2257/2257 2259/2259 2260/2260
f 2261/2261 1946/1946 1945/1945
f 2261/2261 1945/1945 2262/2262
f 2261/2261 2257/2257 2260/2260
f 2261/2261 2260/2260 1946/1946
f 2261/2261 2262/2262 2258/2258
f 2261/2261 2258/2258 2257/2257
f 2263/2263 2264/2264 2265/2265
f 2263/2263 2265/2265 2266/2266
f 1947/1947 2267/2267 2268/2268
f 1947/1947 2268/2268 1948/1948
f 1947/1947 2263/2263 2266/2266
f 1947/1947 2266/2266 2267/2267
f 2267/2267 2266/2266 2265/2265
f 2267/2267 2265/2265 2268/2268
f 2269/2269 2270/2270 2271/2271
f 2269/2269 2271/2271 2272/2272
f 2273/2273 1949/1949 1951/1951
f 2273/2273 1951/1951 2274/2274
f 2273/2273 2269/2269 2272/2272
f 2273/2273 2272/2272 1949/1949
f 2273/2273 2274/2274 2270/2270
f 2273/2273 2270/2270 2269/2269
f 2275/2275 2276/2276 2277/2277
f 2275/2275 2277/2277 2278/2278
f 1953/1953 2279/2279 2280/2280
f 1953/1953 2280/2280 1954/1954
f 1953/1953 2275/2275 2278/2278
f 1953/1953 2278/2278 2279/2279
f 2279/2279 2278/2278 2277/2277
f 2279/2279 2277/2277 2280/2280
f 2270/2270 2281/2281 2282/2282
f 2270/2270 2282/2282 2271/2271
f 2274/2274 1951/1951 1955/1955
f 2274/2274 1955/1955 2283/2283
f 2274/2274 2283/2283 2281/2281
f 2274/2274 2281/2281 2270/2270
f 2276/2276 2284/2284 2285/2285
f 2276/2276 2285/2285 2277/2277
f 1954/1954 2280/2280 2286/2286
f 1954/1954 2286/2286 1956/1956
f 2280/2280 2277/2277 2285/2285
f 2280/2280 2285/2285 2286/2286
f 1959/1959 2287/2287 2288/2288
f 1959/1959 2288/2288 2289/2289
f 1957/1957 1959/1959 2289/2289
f 1957/1957 2289/2289 2290/2290
f 2291/2291 1962/1962 2292/2292
f 2291/2291 2292/2292 2293/2293
f 1961/1961 2294/2294 2292/2292
f 1961/1961 2292/2292 1962/1962
f 1966/1966 1965/1965 2295/2295
f 1966/1966 2295/2295 2296/2296
f 1969/1969 2297/2297 2298/2298
f 1969/1969 2298/2298 1970/1970
f 1976/1976 1978/1978 2299/2299
f 1976/1976 2299/2299 2300/2300
f 1965/1965 1976/1976 2300/2300
f 1965/1965 2300/2300 2295/2295
f 1980/1980 1979/1979 2301/2301
f 1980/1980 2301/2301 2302/2302
f 1970/1970 2298/2298 2301/2301
f 1970/1970 2301/2301 1979/1979
f 1984/1984 1983/1983 2303/2303
f 1984/1984 2303/2303 2304/2304
f 1985/1985 2305/2305 2306/2306
f 1985/1985 2306/2306 1986/1986
f 1983/1983 1987/1987 2307/2307
f 1983/1983 2307/2307 2303/2303
f 1986/1986 2306/2306 2308/2308
f 1986/1986 2308/2308 1988/1988
f 1989/1989 2309/2309 2310/2310
f 1989/1989 2310/2310 2311/2311
f 1987/1987 1989/1989 2311/2311
f 1987/1987 2311/2311 2307/2307
f 2312/2312 1990/1990 2313/2313
f 2312/2312 2313/2313 2314/2314
f 1988/1988 2308/2308 2313/2313
f 1988/1988 2313/2313 1990/1990
f 1994/1994 1993/1993 2315/2315
f 1994/1994 2315/2315 2316/2316
f 1997/1997 2317/2317 2318/2318
f 1997/1997 2318/2318 1998/1998
f 2003/2003 2319/2319 2320/2320
f 2003/2003 2320/2320 2004/2004
f 2003/2003 2005/2005 2321/2321
f 2003/2003 2321/2321 2319/2319
f 2004/2004 2320/2320 2322/2322
f 2004/2004 2322/2322 2323/2323
f 2324/2324 2325/2325 2326/2326
f 2324/2324 2326/2326 2006/2006
f 2006/2006 2326/2326 2327/2327
f 2006/2006 2327/2327 2007/2007
f 2007/2007 2327/2327 2328/2328
f 2007/2007 2328/2328 2008/2008
f 2011/2011 2329/2329 2330/2330
f 2011/2011 2330/2330 2012/2012
f 2011/2011 2013/2013 2331/2331
f 2011/2011 2331/2331 2329/2329
f 2016/2016 2332/2332 2333/2333
f 2016/2016 2333/2333 2017/2017
f 2017/2017 2333/2333 2334/2334
f 2017/2017 2334/2334 2018/2018
f 2023/2023 2022/2022 2335/2335
f 2023/2023 2335/2335 2336/2336
f 2028/2028 2337/2337 2338/2338
f 2028/2028 2338/2338 2026/2026
f 2339/2339 2031/2031 2030/2030
f 2339/2339 2030/2030 2340/2340
f 2340/2340 2030/2030 2341/2341
f 2340/2340 2341/2341 2342/2342
f 2339/2339 2340/2340 2342/2342
f 2339/2339 2342/2342 2343/2343
f 2030/2030 2029/2029 2344/2344
f 2030/2030 2344/2344 2341/2341
f 2029/2029 2032/2032 2345/2345
f 2029/2029 2345/2345 2344/2344
f 2032/2032 2033/2033 2346/2346
f 2032/2032 2346/2346 2345/2345
f 2033/2033 2034/2034 2347/2347
f 2033/2033 2347/2347 2346/2346
f 2034/2034 2035/2035 2348/2348
f 2034/2034 2348/2348 2347/2347
f 2035/2035 2036/2036 2349/2349
f 2035/2035 2349/2349 2348/2348
f 2040/2040 2041/2041 2350/2350
f 2040/2040 2350/2350 2351/2351
f 2041/2041 2042/2042 2352/2352
f 2041/2041 2352/2352 2350/2350
f 2042/2042 2043/2043 2353/2353
f 2042/2042 2353/2353 2352/2352
f 2043/2043 2044/2044 2354/2354
f 2043/2043 2354/2354 2353/2353
f 2044/2044 2045/2045 2355/2355
f 2044/2044 2355/2355 2354/2354
f 2045/2045 2046/2046 2356/2356
f 2045/2045 2356/2356 2355/2355
f 2047/2047 2357/2357 2358/2358
f 2047/2047 2358/2358 2046/2046
f 2046/2046 2358/2358 2359/2359
f 2046/2046 2359/2359 2356/2356
f 2357/2357 2360/2360 2359/2359
f 2357/2357 2359/2359 2358/2358
f 2361/2361 2362/2362 2363/2363
f 2361/2361 2363/2363 2364/2364
f 2361/2361 2364/2364 2365/2365
f 2361/2361 2365/2365 2366/2366
f 2362/2362 2367/2367 2368/2368
f 2362/2362 2368/2368 2363/2363
f 2367/2367 2369/2369 2370/2370
f 2367/2367 2370/2370 2368/2368
f 2369/2369 2371/2371 2372/2372
f 2369/2369 2372/2372 2370/2370
f 2371/2371 2373/2373 2374/2374
f 2371/2371 2374/2374 2372/2372
f 2375/2375 2052/2052 2051/2051
f 2375/2375 2051/2051 2376/2376
f 2376/2376 2051/2051 2377/2377
f 2376/2376 2377/2377 2378/2378
f 2375/2375 2379/2379 2380/2380
f 2375/2375 2380/2380 2052/2052
f 2375/2375 2376/2376 2378/2378
f 2375/2375 2378/2378 2379/2379
f 2051/2051 2050/2050 2381/2381
f 2051/2051 2381/2381 2377/2377
f 2052/2052 2380/2380 2382/2382
f 2052/2052 2382/2382 2053/2053
f 2050/2050 2054/2054 2383/2383
f 2050/2050 2383/2383 2381/2381
f 2053/2053 2382/2382 2384/2384
f 2053/2053 2384/2384 2055/2055
f 2054/2054 2056/2056 2385/2385
f 2054/2054 2385/2385 2383/2383
f 2055/2055 2384/2384 2386/2386
f 2055/2055 2386/2386 2057/2057
f 2056/2056 2058/2058 2387/2387
f 2056/2056 2387/2387 2385/2385
f 2057/2057 2386/2386 2388/2388
f 2057/2057 2388/2388 2059/2059
f 2058/2058 2060/2060 2389/2389
f 2058/2058 2389/2389 2387/2387
f 2059/2059 2388/2388 2390/2390
f 2059/2059 2390/2390 2061/2061
f 2060/2060 2062/2062 2391/2391
f 2060/2060 2391/2391 2389/2389
f 2061/2061 2390/2390 2392/2392
f 2061/2061 2392/2392 2063/2063
f 2062/2062 2064/2064 2393/2393
f 2062/2062 2393/2393 2391/2391
f 2064/2064 2066/2066 2394/2394
f 2064/2064 2394/2394 2393/2393
f 2066/2066 2068/2068 2395/2395
f 2066/2066 2395/2395 2394/2394
f 2068/2068 2070/2070 2396/2396
f 2068/2068 2396/2396 2395/2395
f 2070/2070 2072/2072 2397/2397
f 2070/2070 2397/2397 2396/2396
f 2071/2071 2398/2398 2399/2399
f 2071/2071 2399/2399 2073/2073
f 2072/2072 2074/2074 2400/2400
f 2072/2072 2400/2400 2397/2397
f 2073/2073 2399/2399 2401/2401
f 2073/2073 2401/2401 2075/2075
f 2074/2074 2076/2076 2402/2402
f 2074/2074 2402/2402 2400/2400
f 2075/2075 2401/2401 2403/2403
f 2075/2075 2403/2403 2077/2077
f 2076/2076 2078/2078 2404/2404
f 2076/2076 2404/2404 2402/2402
f 2077/2077 2403/2403 2405/2405
f 2077/2077 2405/2405 2079/2079
f 2078/2078 2080/2080 2406/2406
f 2078/2078 2406/2406 2404/2404
f 2079/2079 2405/2405 2407/2407
f 2079/2079 2407/2407 2081/2081
f 2080/2080 2084/2084 2408/2408
f 2080/2080 2408/2408 2406/2406
f 2081/2081 2407/2407 2409/2409
f 2081/2081 2409/2409 2085/2085
f 2085/2085 2410/2410 2411/2411
f 2085/2085 2411/2411 2084/2084
f 2084/2084 2411/2411 2412/2412
f 2084/2084 2412/2412 2408/2408
f 2085/2085 2409/2409 2413/2413
f 2085/2085 2413/2413 2410/2410
f 2410/2410 2413/2413 2412/2412
f 2410/2410 2412/2412 2411/2411
f 2414/2414 2415/2415 2416/2416
f 2414/2414 2416/2416 2417/2417
f 2414/2414 2418/2418 2419/2419
f 2414/2414 2419/2419 2415/2415
f 2414/2414 2417/2417 2420/2420
f 2414/2414 2420/2420 2418/2418
f 2415/2415 2421/2421 2422/2422
f 2415/2415 2422/2422 2416/2416
f 2415/2415 2419/2419 2423/2423
f 2415/2415 2423/2423 2421/2421
f 2421/2421 2424/2424 2425/2425
f 2421/2421 2425/2425 2422/2422
f 2421/2421 2423/2423 2426/2426
f 2421/2421 2426/2426 2424/2424
f 2424/2424 2427/2427 2428/2428
f 2424/2424 2428/2428 2425/2425
f 2424/2424 2426/2426 2429/2429
f 2424/2424 2429/2429 2427/2427
f 2427/2427 2429/2429 2430/2430
f 2427/2427 2430/2430 2428/2428
f 2431/2431 2432/2432 2101/2101
f 2431/2431 2101/2101 2100/2100
f 2431/2431 2433/2433 2434/2434
f 2431/2431 2434/2434 2432/2432
f 2431/2431 2100/2100 2435/2435
f 2431/2431 2435/2435 2433/2433
f 2432/2432 2088/2088 2090/2090
f 2432/2432 2090/2090 2101/2101
f 2432/2432 2434/2434 2436/2436
f 2432/2432 2436/2436 2088/2088
f 2096/2096 2437/2437 2104/2104
f 2096/2096 2104/2104 2097/2097
f 2096/2096 2438/2438 2439/2439
f 2096/2096 2439/2439 2437/2437
f 2437/2437 2440/2440 2106/2106
f 2437/2437 2106/2106 2104/2104
f 2437/2437 2439/2439 2441/2441
f 2437/2437 2441/2441 2440/2440
f 2440/2440 2441/2441 2442/2442
f 2440/2440 2442/2442 2106/2106
f 2100/2100 2102/2102 2443/2443
f 2100/2100 2443/2443 2435/2435
f 2106/2106 2442/2442 2444/2444
f 2106/2106 2444/2444 2107/2107
f 2110/2110 2109/2109 2445/2445
f 2110/2110 2445/2445 2446/2446
f 2111/2111 2447/2447 2443/2443
f 2111/2111 2443/2443 2102/2102
f 2111/2111 2110/2110 2446/2446
f 2111/2111 2446/2446 2447/2447
f 2114/2114 2113/2113 2448/2448
f 2114/2114 2448/2448 2449/2449
f 2107/2107 2444/2444 2450/2450
f 2107/2107 2450/2450 2115/2115
f 2115/2115 2450/2450 2448/2448
f 2115/2115 2448/2448 2113/2113
f 2451/2451 2452/2452 2453/2453
f 2451/2451 2453/2453 2454/2454
f 2118/2118 2117/2117 2453/2453
f 2118/2118 2453/2453 2452/2452
f 2119/2119 2118/2118 2452/2452
f 2119/2119 2452/2452 2451/2451
f 2117/2117 2455/2455 2456/2456
f 2117/2117 2456/2456 2453/2453
f 2457/2457 2122/2122 2458/2458
f 2457/2457 2458/2458 2459/2459
f 2460/2460 2458/2458 2461/2461
f 2460/2460 2461/2461 2462/2462
f 2122/2122 2121/2121 2461/2461
f 2122/2122 2461/2461 2458/2458
f 2123/2123 2462/2462 2461/2461
f 2123/2123 2461/2461 2121/2121
f 2463/2463 2464/2464 2465/2465
f 2463/2463 2465/2465 2466/2466
f 2126/2126 2128/2128 2465/2465
f 2126/2126 2465/2465 2464/2464
f 2127/2127 2126/2126 2464/2464
f 2127/2127 2464/2464 2463/2463
f 2466/2466 2465/2465 2467/2467
f 2466/2466 2467/2467 2468/2468
f 2128/2128 2129/2129 2467/2467
f 2128/2128 2467/2467 2465/2465
f 2468/2468 2467/2467 2469/2469
f 2468/2468 2469/2469 2470/2470
f 2129/2129 2130/2130 2469/2469
f 2129/2129 2469/2469 2467/2467
f 2470/2470 2469/2469 2471/2471
f 2470/2470 2471/2471 2472/2472
f 2130/2130 2131/2131 2471/2471
f 2130/2130 2471/2471 2469/2469
f 2132/2132 2472/2472 2471/2471
f 2132/2132 2471/2471 2131/2131
f 2473/2473 2474/2474 2475/2475
f 2473/2473 2475/2475 2476/2476
f 2135/2135 2473/2473 2476/2476
f 2135/2135 2476/2476 2136/2136
f 2135/2135 2137/2137 2474/2474
f 2135/2135 2474/2474 2473/2473
f 2136/2136 2476/2476 2477/2477
f 2136/2136 2477/2477 2138/2138
f 2138/2138 2477/2477 2478/2478
f 2138/2138 2478/2478 2139/2139
f 2139/2139 2478/2478 2479/2479
f 2139/2139 2479/2479 2140/2140
f 2140/2140 2479/2479 2480/2480
f 2140/2140 2480/2480 2141/2141
f 2141/2141 2480/2480 2481/2481
f 2141/2141 2481/2481 2142/2142
f 2142/2142 2481/2481 2482/2482
f 2142/2142 2482/2482 2143/2143
f 2143/2143 2482/2482 2483/2483
f 2143/2143 2483/2483 2144/2144
f 2144/2144 2483/2483 2484/2484
f 2144/2144 2484/2484 2145/2145
f 2145/2145 2484/2484 2485/2485
f 2145/2145 2485/2485 2146/2146
f 2146/2146 2485/2485 2486/2486
f 2146/2146 2486/2486 2147/2147
f 2486/2486 2487/2487 2488/2488
f 2486/2486 2488/2488 2489/2489
f 2147/2147 2486/2486 2489/2489
f 2147/2147 2489/2489 2148/2148
f 2148/2148 2489/2489 2488/2488
f 2148/2148 2488/2488 2149/2149
f 2490/2490 2491/2491 2492/2492
f 2490/2490 2492/2492 2493/2493
f 2151/2151 2150/2150 2492/2492
f 2151/2151 2492/2492 2491/2491
f 2152/2152 2151/2151 2491/2491
f 2152/2152 2491/2491 2490/2490
f 2150/2150 2153/2153 2494/2494
f 2150/2150 2494/2494 2492/2492
f 2153/2153 2154/2154 2495/2495
f 2153/2153 2495/2495 2494/2494
f 2154/2154 2156/2156 2496/2496
f 2154/2154 2496/2496 2495/2495
f 2156/2156 2497/2497 2498/2498
f 2156/2156 2498/2498 2496/2496
f 2497/2497 2499/2499 2500/2500
f 2497/2497 2500/2500 2498/2498
f 2499/2499 2501/2501 2502/2502
f 2499/2499 2502/2502 2500/2500
f 2501/2501 2159/2159 2503/2503
f 2501/2501 2503/2503 2502/2502
f 2159/2159 2158/2158 2504/2504
f 2159/2159 2504/2504 2503/2503
f 2158/2158 2160/2160 2505/2505
f 2158/2158 2505/2505 2504/2504
f 2160/2160 2161/2161 2506/2506
f 2160/2160 2506/2506 2505/2505
f 2507/2507 2506/2506 2508/2508
f 2507/2507 2508/2508 2509/2509
f 2161/2161 2162/2162 2508/2508
f 2161/2161 2508/2508 2506/2506
f 2163/2163 2509/2509 2508/2508
f 2163/2163 2508/2508 2162/2162
f 2510/2510 2511/2511 2512/2512
f 2510/2510 2512/2512 2513/2513
f 2174/2174 2510/2510 2513/2513
f 2174/2174 2513/2513 2175/2175
f 2174/2174 2176/2176 2511/2511
f 2174/2174 2511/2511 2510/2510
f 2175/2175 2513/2513 2514/2514
f 2175/2175 2514/2514 2177/2177
f 2177/2177 2514/2514 2515/2515
f 2177/2177 2515/2515 2178/2178
f 2178/2178 2515/2515 2516/2516
f 2178/2178 2516/2516 2179/2179
f 2179/2179 2516/2516 2517/2517
f 2179/2179 2517/2517 2180/2180
f 2517/2517 2518/2518 2519/2519
f 2517/2517 2519/2519 2520/2520
f 2180/2180 2517/2517 2520/2520
f 2180/2180 2520/2520 2181/2181
f 2181/2181 2520/2520 2519/2519
f 2181/2181 2519/2519 2182/2182
f 2186/2186 2185/2185 2521/2521
f 2186/2186 2521/2521 2522/2522
f 2187/2187 2523/2523 2524/2524
f 2187/2187 2524/2524 2188/2188
f 2187/2187 2186/2186 2522/2522
f 2187/2187 2522/2522 2523/2523
f 2185/2185 2189/2189 2525/2525
f 2185/2185 2525/2525 2521/2521
f 2189/2189 2190/2190 2526/2526
f 2189/2189 2526/2526 2525/2525
f 2190/2190 2191/2191 2527/2527
f 2190/2190 2527/2527 2526/2526
f 2191/2191 2192/2192 2528/2528
f 2191/2191 2528/2528 2527/2527
f 2192/2192 2193/2193 2529/2529
f 2192/2192 2529/2529 2528/2528
f 2193/2193 2194/2194 2530/2530
f 2193/2193 2530/2530 2529/2529
f 2194/2194 2197/2197 2531/2531
f 2194/2194 2531/2531 2530/2530
f 2198/2198 2532/2532 2533/2533
f 2198/2198 2533/2533 2199/2199
f 2199/2199 2533/2533 2531/2531
f 2199/2199 2531/2531 2197/2197
f 2534/2534 2206/2206 2205/2205
f 2534/2534 2205/2205 2535/2535
f 2535/2535 2205/2205 2536/2536
f 2535/2535 2536/2536 2537/2537
f 2534/2534 2538/2538 2539/2539
f 2534/2534 2539/2539 2206/2206
f 2534/2534 2535/2535 2537/2537
f 2534/2534 2537/2537 2538/2538
f 2206/2206 2539/2539 2540/2540
f 2206/2206 2540/2540 2207/2207
f 2207/2207 2540/2540 2541/2541
f 2207/2207 2541/2541 2211/2211
f 2211/2211 2541/2541 2542/2542
f 2211/2211 2542/2542 2215/2215
f 2215/2215 2542/2542 2543/2543
f 2215/2215 2543/2543 2219/2219
f 2219/2219 2544/2544 2545/2545
f 2219/2219 2545/2545 2218/2218
f 2218/2218 2545/2545 2546/2546
f 2218/2218 2546/2546 2547/2547
f 2219/2219 2543/2543 2548/2548
f 2219/2219 2548/2548 2544/2544
f 2544/2544 2548/2548 2546/2546
f 2544/2544 2546/2546 2545/2545
f 2549/2549 2550/2550 2551/2551
f 2549/2549 2551/2551 2552/2552
f 2552/2552 2551/2551 2553/2553
f 2552/2552 2553/2553 2554/2554
f 2549/2549 2552/2552 2554/2554
f 2549/2549 2554/2554 2555/2555
f 2550/2550 2556/2556 2557/2557
f 2550/2550 2557/2557 2551/2551
f 2551/2551 2557/2557 2558/2558
f 2551/2551 2558/2558 2553/2553
f 2556/2556 2559/2559 2560/2560
f 2556/2556 2560/2560 2557/2557
f 2557/2557 2560/2560 2561/2561
f 2557/2557 2561/2561 2558/2558
f 2559/2559 2562/2562 2563/2563
f 2559/2559 2563/2563 2560/2560
f 2560/2560 2563/2563 2564/2564
f 2560/2560 2564/2564 2561/2561
f 2562/2562 2565/2565 2564/2564
f 2562/2562 2564/2564 2563/2563
f 2223/2223 2566/2566 2567/2567
f 2223/2223 2567/2567 2226/2226
f 2223/2223 2222/2222 2568/2568
f 2223/2223 2568/2568 2566/2566
f 2226/2226 2567/2567 2569/2569
f 2226/2226 2569/2569 2227/2227
f 2227/2227 2569/2569 2570/2570
f 2227/2227 2570/2570 2228/2228
f 2228/2228 2570/2570 2571/2571
f 2228/2228 2571/2571 2229/2229
f 2229/2229 2571/2571 2572/2572
f 2229/2229 2572/2572 2230/2230
f 2230/2230 2572/2572 2573/2573
f 2230/2230 2573/2573 2231/2231
f 2231/2231 2573/2573 2574/2574
f 2231/2231 2574/2574 2232/2232
f 2240/2240 2575/2575 2576/2576
f 2240/2240 2576/2576 2243/2243
f 2240/2240 2239/2239 2577/2577
f 2240/2240 2577/2577 2575/2575
f 2243/2243 2576/2576 2578/2578
f 2243/2243 2578/2578 2244/2244
f 2244/2244 2578/2578 2579/2579
f 2244/2244 2579/2579 2580/2580
f 2581/2581 2582/2582 2583/2583
f 2581/2581 2583/2583 2245/2245
f 2245/2245 2583/2583 2584/2584
f 2245/2245 2584/2584 2246/2246
f 2246/2246 2584/2584 2585/2585
f 2246/2246 2585/2585 2247/2247
f 2247/2247 2585/2585 2586/2586
f 2247/2247 2586/2586 2248/2248
f 2254/2254 2587/2587 2588/2588
f 2254/2254 2588/2588 2589/2589
f 2254/2254 2253/2253 2590/2590
f 2254/2254 2590/2590 2587/2587
f 2591/2591 2592/2592 2593/2593
f 2591/2591 2593/2593 2255/2255
f 2255/2255 2593/2593 2594/2594
f 2255/2255 2594/2594 2256/2256
f 2260/2260 2259/2259 2595/2595
f 2260/2260 2595/2595 2596/2596
f 2263/2263 2597/2597 2598/2598
f 2263/2263 2598/2598 2264/2264
f 2272/2272 2599/2599 2600/2600
f 2272/2272 2600/2600 2601/2601
f 2272/2272 2271/2271 2602/2602
f 2272/2272 2602/2602 2599/2599
f 2603/2603 2604/2604 2605/2605
f 2603/2603 2605/2605 2275/2275
f 2275/2275 2605/2605 2606/2606
f 2275/2275 2606/2606 2276/2276
f 2271/2271 2282/2282 2607/2607
f 2271/2271 2607/2607 2602/2602
f 2276/2276 2606/2606 2608/2608
f 2276/2276 2608/2608 2284/2284
f 2289/2289 2288/2288 2609/2609
f 2289/2289 2609/2609 2610/2610
f 2290/2290 2611/2611 2612/2612
f 2290/2290 2612/2612 2613/2613
f 2290/2290 2289/2289 2610/2610
f 2290/2290 2610/2610 2611/2611
f 2293/2293 2292/2292 2614/2614
f 2293/2293 2614/2614 2615/2615
f 2616/2616 2617/2617 2618/2618
f 2616/2616 2618/2618 2294/2294
f 2294/2294 2618/2618 2614/2614
f 2294/2294 2614/2614 2292/2292
f 2296/2296 2295/2295 2619/2619
f 2296/2296 2619/2619 2620/2620
f 2297/2297 2621/2621 2622/2622
f 2297/2297 2622/2622 2298/2298
f 2300/2300 2299/2299 2623/2623
f 2300/2300 2623/2623 2624/2624
f 2295/2295 2300/2300 2624/2624
f 2295/2295 2624/2624 2619/2619
f 2302/2302 2301/2301 2625/2625
f 2302/2302 2625/2625 2626/2626
f 2298/2298 2622/2622 2625/2625
f 2298/2298 2625/2625 2301/2301
f 2627/2627 2628/2628 2629/2629
f 2627/2627 2629/2629 2630/2630
f 2304/2304 2303/2303 2628/2628
f 2304/2304 2628/2628 2627/2627
f 2631/2631 2632/2632 2633/2633
f 2631/2631 2633/2633 2634/2634
f 2305/2305 2634/2634 2633/2633
f 2305/2305 2633/2633 2306/2306
f 2628/2628 2635/2635 2636/2636
f 2628/2628 2636/2636 2629/2629
f 2303/2303 2307/2307 2635/2635
f 2303/2303 2635/2635 2628/2628
f 2632/2632 2637/2637 2638/2638
f 2632/2632 2638/2638 2633/2633
f 2306/2306 2633/2633 2638/2638
f 2306/2306 2638/2638 2308/2308
f 2635/2635 2639/2639 2640/2640
f 2635/2635 2640/2640 2636/2636
f 2311/2311 2310/2310 2640/2640
f 2311/2311 2640/2640 2639/2639
f 2307/2307 2311/2311 2639/2639
f 2307/2307 2639/2639 2635/2635
f 2637/2637 2641/2641 2642/2642
f 2637/2637 2642/2642 2638/2638
f 2314/2314 2313/2313 2642/2642
f 2314/2314 2642/2642 2641/2641
f 2308/2308 2638/2638 2642/2642
f 2308/2308 2642/2642 2313/2313
f 2316/2316 2315/2315 2643/2643
f 2316/2316 2643/2643 2644/2644
f 2317/2317 2645/2645 2646/2646
f 2317/2317 2646/2646 2318/2318
f 2319/2319 2647/2647 2648/2648
f 2319/2319 2648/2648 2320/2320
f 2319/2319 2321/2321 2649/2649
f 2319/2319 2649/2649 2647/2647
f 2320/2320 2648/2648 2650/2650
f 2320/2320 2650/2650 2322/2322
f 2325/2325 2651/2651 2652/2652
f 2325/2325 2652/2652 2326/2326
f 2326/2326 2652/2652 2653/2653
f 2326/2326 2653/2653 2327/2327
f 2327/2327 2653/2653 2654/2654
f 2327/2327 2654/2654 2328/2328
f 2329/2329 2655/2655 2656/2656
f 2329/2329 2656/2656 2330/2330
f 2329/2329 2331/2331 2657/2657
f 2329/2329 2657/2657 2655/2655
f 2332/2332 2658/2658 2659/2659
f 2332/2332 2659/2659 2333/2333
f 2333/2333 2659/2659 2660/2660
f 2333/2333 2660/2660 2334/2334
f 2661/2661 2662/2662 2663/2663
f 2661/2661 2663/2663 2664/2664
f 2336/2336 2335/2335 2662/2662
f 2336/2336 2662/2662 2661/2661
f 2665/2665 2666/2666 2667/2667
f 2665/2665 2667/2667 2668/2668
f 2337/2337 2668/2668 2667/2667
f 2337/2337 2667/2667 2338/2338
f 2342/2342 2341/2341 2669/2669
f 2342/2342 2669/2669 2670/2670
f 2343/2343 2342/2342 2670/2670
f 2343/2343 2670/2670 2671/2671
f 2341/2341 2344/2344 2672/2672
f 2341/2341 2672/2672 2669/2669
f 2344/2344 2345/2345 2673/2673
f 2344/2344 2673/2673 2672/2672
f 2345/2345 2346/2346 2674/2674
f 2345/2345 2674/2674 2673/2673
f 2346/2346 2347/2347 2675/2675
f 2346/2346 2675/2675 2674/2674
f 2352/2352 2353/2353 2676/2676
f 2352/2352 2676/2676 2677/2677
f 2353/2353 2354/2354 2678/2678
f 2353/2353 2678/2678 2676/2676
f 2354/2354 2355/2355 2679/2679
f 2354/2354 2679/2679 2678/2678
f 2355/2355 2356/2356 2680/2680
f 2355/2355 2680/2680 2679/2679
f 2356/2356 2359/2359 2681/2681
f 2356/2356 2681/2681 2680/2680
f 2360/2360 2682/2682 2681/2681
f 2360/2360 2681/2681 2359/2359
f 2683/2683 2684/2684 2685/2685
f 2683/2683 2685/2685 2686/2686
f 2683/2683 2686/2686 2687/2687
f 2683/2683 2687/2687 2688/2688
f 2684/2684 2366/2366 2365/2365
f 2684/2684 2365/2365 2685/2685
f 2373/2373 2689/2689 2690/2690
f 2373/2373 2690/2690 2374/2374
f 2689/2689 2691/2691 2692/2692
f 2689/2689 2692/2692 2690/2690
f 2691/2691 2693/2693 2694/2694
f 2691/2691 2694/2694 2692/2692
f 2378/2378 2377/2377 2695/2695
f 2378/2378 2695/2695 2696/2696
f 2379/2379 2697/2697 2698/2698
f 2379/2379 2698/2698 2380/2380
f 2379/2379 2378/2378 2696/2696
f 2379/2379 2696/2696 2697/2697
f 2377/2377 2381/2381 2699/2699
f 2377/2377 2699/2699 2695/2695
f 2380/2380 2698/2698 2700/2700
f 2380/2380 2700/2700 2382/2382
f 2381/2381 2383/2383 2701/2701
f 2381/2381 2701/2701 2699/2699
f 2382/2382 2700/2700 2702/2702
f 2382/2382 2702/2702 2384/2384
f 2383/2383 2385/2385 2703/2703
f 2383/2383 2703/2703 2701/2701
f 2384/2384 2702/2702 2704/2704
f 2384/2384 2704/2704 2386/2386
f 2385/2385 2387/2387 2705/2705
f 2385/2385 2705/2705 2703/2703
f 2386/2386 2704/2704 2706/2706
f 2386/2386 2706/2706 2388/2388
f 2387/2387 2389/2389 2707/2707
f 2387/2387 2707/2707 2705/2705
f 2389/2389 2391/2391 2708/2708
f 2389/2389 2708/2708 2707/2707
f 2391/2391 2393/2393 2709/2709
f 2391/2391 2709/2709 2708/2708
f 2393/2393 2394/2394 2710/2710
f 2393/2393 2710/2710 2709/2709
f 2394/2394 2395/2395 2711/2711
f 2394/2394 2711/2711 2710/2710
f 2395/2395 2396/2396 2712/2712
f 2395/2395 2712/2712 2711/2711
f 2396/2396 2397/2397 2713/2713
f 2396/2396 2713/2713 2712/2712
f 2397/2397 2400/2400 2714/2714
f 2397/2397 2714/2714 2713/2713
f 2400/2400 2402/2402 2715/2715
f 2400/2400 2715/2715 2714/2714
f 2401/2401 2716/2716 2717/2717
f 2401/2401 2717/2717 2403/2403
f 2402/2402 2404/2404 2718/2718
f 2402/2402 2718/2718 2715/2715
f 2403/2403 2717/2717 2719/2719
f 2403/2403 2719/2719 2405/2405
f 2404/2404 2406/2406 2720/2720
f 2404/2404 2720/2720 2718/2718
f 2405/2405 2719/2719 2721/2721
f 2405/2405 2721/2721 2407/2407
f 2406/2406 2408/2408 2722/2722
f 2406/2406 2722/2722 2720/2720
f 2407/2407 2721/2721 2723/2723
f 2407/2407 2723/2723 2409/2409
f 2408/2408 2412/2412 2724/2724
f 2408/2408 2724/2724 2722/2722
f 2409/2409 2723/2723 2725/2725
f 2409/2409 2725/2725 2413/2413
f 2413/2413 2725/2725 2724/2724
f 2413/2413 2724/2724 2412/2412
f 2726/2726 2727/2727 2419/2419
f 2726/2726 2419/2419 2418/2418
f 2726/2726 2728/2728 2729/2729
f 2726/2726 2729/2729 2727/2727
f 2726/2726 2418/2418 2730/2730
f 2726/2726 2730/2730 2728/2728
f 2727/2727 2731/2731 2423/2423
f 2727/2727 2423/2423 2419/2419
f 2727/2727 2729/2729 2732/2732
f 2727/2727 2732/2732 2731/2731
f 2731/2731 2733/2733 2426/2426
f 2731/2731 2426/2426 2423/2423
f 2731/2731 2732/2732 2734/2734
f 2731/2731 2734/2734 2733/2733
f 2733/2733 2735/2735 2429/2429
f 2733/2733 2429/2429 2426/2426
f 2733/2733 2734/2734 2736/2736
f 2733/2733 2736/2736 2735/2735
f 2735/2735 2736/2736 2737/2737
f 2735/2735 2737/2737 2429/2429
f 2738/2738 2418/2418 2420/2420
f 2738/2738 2420/2420 2739/2739
f 2738/2738 2740/2740 2730/2730
f 2738/2738 2730/2730 2418/2418
f 2738/2738 2739/2739 2741/2741
f 2738/2738 2741/2741 2740/2740
f 2429/2429 2742/2742 2743/2743
f 2429/2429 2743/2743 2430/2430
f 2429/2429 2737/2737 2744/2744
f 2429/2429 2744/2744 2742/2742
f 2742/2742 2744/2744 2745/2745
f 2742/2742 2745/2745 2743/2743
f 2433/2433 2746/2746 2747/2747
f 2433/2433 2747/2747 2434/2434
f 2433/2433 2435/2435 2748/2748
f 2433/2433 2748/2748 2746/2746
f 2439/2439 2749/2749 2750/2750
f 2439/2439 2750/2750 2441/2441
f 2441/2441 2750/2750 2751/2751
f 2441/2441 2751/2751 2442/2442
f 2752/2752 2435/2435 2443/2443
f 2752/2752 2443/2443 2447/2447
f 2752/2752 2753/2753 2748/2748
f 2752/2752 2748/2748 2435/2435
f 2752/2752 2447/2447 2754/2754
f 2752/2752 2754/2754 2753/2753
f 2442/2442 2755/2755 2450/2450
f 2442/2442 2450/2450 2444/2444
f 2442/2442 2751/2751 2756/2756
f 2442/2442 2756/2756 2755/2755
f 2755/2755 2756/2756 2757/2757
f 2755/2755 2757/2757 2450/2450
f 2754/2754 2758/2758 2759/2759
f 2754/2754 2759/2759 2760/2760
f 2446/2446 2445/2445 2759/2759
f 2446/2446 2759/2759 2758/2758
f 2447/2447 2446/2446 2758/2758
f 2447/2447 2758/2758 2754/2754
f 2445/2445 2761/2761 2762/2762
f 2445/2445 2762/2762 2759/2759
f 2763/2763 2449/2449 2764/2764
f 2763/2763 2764/2764 2765/2765
f 2766/2766 2764/2764 2767/2767
f 2766/2766 2767/2767 2757/2757
f 2449/2449 2448/2448 2767/2767
f 2449/2449 2767/2767 2764/2764
f 2450/2450 2757/2757 2767/2767
f 2450/2450 2767/2767 2448/2448
f 2768/2768 2769/2769 2770/2770
f 2768/2768 2770/2770 2771/2771
f 2453/2453 2456/2456 2770/2770
f 2453/2453 2770/2770 2769/2769
f 2454/2454 2453/2453 2769/2769
f 2454/2454 2769/2769 2768/2768
f 2456/2456 2772/2772 2773/2773
f 2456/2456 2773/2773 2770/2770
f 2772/2772 2774/2774 2775/2775
f 2772/2772 2775/2775 2773/2773
f 2774/2774 2776/2776 2777/2777
f 2774/2774 2777/2777 2775/2775
f 2776/2776 2459/2459 2778/2778
f 2776/2776 2778/2778 2777/2777
f 2779/2779 2778/2778 2780/2780
f 2779/2779 2780/2780 2781/2781
f 2459/2459 2458/2458 2780/2780
f 2459/2459 2780/2780 2778/2778
f 2460/2460 2781/2781 2780/2780
f 2460/2460 2780/2780 2458/2458
f 2782/2782 2783/2783 2784/2784
f 2782/2782 2784/2784 2785/2785
f 2476/2476 2782/2782 2785/2785
f 2476/2476 2785/2785 2477/2477
f 2476/2476 2475/2475 2783/2783
f 2476/2476 2783/2783 2782/2782
f 2477/2477 2785/2785 2786/2786
f 2477/2477 2786/2786 2478/2478
f 2478/2478 2786/2786 2787/2787
f 2478/2478 2787/2787 2479/2479
f 2479/2479 2787/2787 2788/2788
f 2479/2479 2788/2788 2480/2480
f 2480/2480 2788/2788 2789/2789
f 2480/2480 2789/2789 2481/2481
f 2481/2481 2789/2789 2790/2790
f 2481/2481 2790/2790 2482/2482
f 2482/2482 2790/2790 2791/2791
f 2482/2482 2791/2791 2483/2483
f 2483/2483 2791/2791 2792/2792
f 2483/2483 2792/2792 2484/2484
f 2484/2484 2792/2792 2793/2793
f 2484/2484 2793/2793 2485/2485
f 2793/2793 2794/2794 2795/2795
f 2793/2793 2795/2795 2796/2796
f 2485/2485 2793/2793 2796/2796
f 2485/2485 2796/2796 2486/2486
f 2486/2486 2796/2796 2795/2795
f 2486/2486 2795/2795 2487/2487
f 2797/2797 2798/2798 2799/2799
f 2797/2797 2799/2799 2800/2800
f 2492/2492 2494/2494 2799/2799
f 2492/2492 2799/2799 2798/2798
f 2493/2493 2492/2492 2798/2798
f 2493/2493 2798/2798 2797/2797
f 2494/2494 2495/2495 2801/2801
f 2494/2494 2801/2801 2799/2799
f 2495/2495 2496/2496 2802/2802
f 2495/2495 2802/2802 2801/2801
f 2496/2496 2498/2498 2803/2803
f 2496/2496 2803/2803 2802/2802
f 2498/2498 2500/2500 2804/2804
f 2498/2498 2804/2804 2803/2803
f 2500/2500 2502/2502 2805/2805
f 2500/2500 2805/2805 2804/2804
f 2502/2502 2503/2503 2806/2806
f 2502/2502 2806/2806 2805/2805
f 2503/2503 2504/2504 2807/2807
f 2503/2503 2807/2807 2806/2806
f 2504/2504 2505/2505 2808/2808
f 2504/2504 2808/2808 2807/2807
f 2809/2809 2808/2808 2810/2810
f 2809/2809 2810/2810 2811/2811
f 2505/2505 2506/2506 2810/2810
f 2505/2505 2810/2810 2808/2808
f 2507/2507 2811/2811 2810/2810
f 2507/2507 2810/2810 2506/2506
f 2812/2812 2813/2813 2814/2814
f 2812/2812 2814/2814 2815/2815
f 2513/2513 2812/2812 2815/2815
f 2513/2513 2815/2815 2514/2514
f 2513/2513 2512/2512 2813/2813
f 2513/2513 2813/2813 2812/2812
f 2815/2815 2814/2814 2816/2816
f 2815/2815 2816/2816 2817/2817
f 2514/2514 2815/2815 2817/2817
f 2514/2514 2817/2817 2515/2515
f 2817/2817 2816/2816 2818/2818
f 2817/2817 2818/2818 2819/2819
f 2515/2515 2817/2817 2819/2819
f 2515/2515 2819/2819 2516/2516
f 2819/2819 2818/2818 2820/2820
f 2819/2819 2820/2820 2821/2821
f 2516/2516 2819/2819 2821/2821
f 2516/2516 2821/2821 2517/2517
f 2517/2517 2821/2821 2820/2820
f 2517/2517 2820/2820 2518/2518
f 2522/2522 2521/2521 2822/2822
f 2522/2522 2822/2822 2823/2823
f 2523/2523 2824/2824 2825/2825
f 2523/2523 2825/2825 2524/2524
f 2523/2523 2522/2522 2823/2823
f 2523/2523 2823/2823 2824/2824
f 2521/2521 2525/2525 2826/2826
f 2521/2521 2826/2826 2822/2822
f 2524/2524 2825/2825 2827/2827
f 2524/2524 2827/2827 2828/2828
f 2525/2525 2526/2526 2829/2829
f 2525/2525 2829/2829 2826/2826
f 2526/2526 2527/2527 2830/2830
f 2526/2526 2830/2830 2829/2829
f 2527/2527 2528/2528 2831/2831
f 2527/2527 2831/2831 2830/2830
f 2528/2528 2529/2529 2832/2832
f 2528/2528 2832/2832 2831/2831
f 2529/2529 2530/2530 2833/2833
f 2529/2529 2833/2833 2832/2832
f 2834/2834 2835/2835 2836/2836
f 2834/2834 2836/2836 2532/2532
f 2530/2530 2531/2531 2837/2837
f 2530/2530 2837/2837 2833/2833
f 2532/2532 2836/2836 2838/2838
f 2532/2532 2838/2838 2533/2533
f 2533/2533 2838/2838 2837/2837
f 2533/2533 2837/2837 2531/2531
f 2839/2839 2538/2538 2537/2537
f 2839/2839 2537/2537 2840/2840
f 2839/2839 2841/2841 2842/2842
f 2839/2839 2842/2842 2538/2538
f 2839/2839 2840/2840 2843/2843
f 2839/2839 2843/2843 2841/2841
f 2538/2538 2842/2842 2844/2844
f 2538/2538 2844/2844 2539/2539
f 2539/2539 2844/2844 2845/2845
f 2539/2539 2845/2845 2540/2540
f 2540/2540 2845/2845 2846/2846
f 2540/2540 2846/2846 2541/2541
f 2541/2541 2846/2846 2847/2847
f 2541/2541 2847/2847 2542/2542
f 2542/2542 2847/2847 2848/2848
f 2542/2542 2848/2848 2543/2543
f 2543/2543 2848/2848 2849/2849
f 2543/2543 2849/2849 2548/2548
f 2548/2548 2850/2850 2851/2851
f 2548/2548 2851/2851 2546/2546
f 2548/2548 2849/2849 2852/2852
f 2548/2548 2852/2852 2850/2850
f 2850/2850 2852/2852 2853/2853
f 2850/2850 2853/2853 2851/2851
f 2854/2854 2855/2855 2856/2856
f 2854/2854 2856/2856 2857/2857
f 2857/2857 2856/2856 2858/2858
f 2857/2857 2858/2858 2859/2859
f 2854/2854 2857/2857 2859/2859
f 2854/2854 2859/2859 2860/2860
f 2855/2855 2555/2555 2554/2554
f 2855/2855 2554/2554 2856/2856
f 2856/2856 2554/2554 2861/2861
f 2856/2856 2861/2861 2858/2858
f 2554/2554 2553/2553 2862/2862
f 2554/2554 2862/2862 2861/2861
f 2553/2553 2558/2558 2863/2863
f 2553/2553 2863/2863 2862/2862
f 2558/2558 2561/2561 2864/2864
f 2558/2558 2864/2864 2863/2863
f 2561/2561 2564/2564 2865/2865
f 2561/2561 2865/2865 2864/2864
f 2565/2565 2866/2866 2867/2867
f 2565/2565 2867/2867 2564/2564
f 2564/2564 2867/2867 2868/2868
f 2564/2564 2868/2868 2865/2865
f 2866/2866 2869/2869 2870/2870
f 2866/2866 2870/2870 2867/2867
f 2867/2867 2870/2870 2871/2871
f 2867/2867 2871/2871 2868/2868
f 2869/2869 2872/2872 2871/2871
f 2869/2869 2871/2871 2870/2870
f 2873/2873 2874/2874 2875/2875
f 2873/2873 2875/2875 2876/2876
f 2566/2566 2873/2873 2876/2876
f 2566/2566 2876/2876 2567/2567
f 2566/2566 2568/2568 2874/2874
f 2566/2566 2874/2874 2873/2873
f 2567/2567 2876/2876 2877/2877
f 2567/2567 2877/2877 2569/2569
f 2569/2569 2877/2877 2878/2878
f 2569/2569 2878/2878 2570/2570
f 2570/2570 2878/2878 2879/2879
f 2570/2570 2879/2879 2571/2571
f 2571/2571 2879/2879 2880/2880
f 2571/2571 2880/2880 2572/2572
f 2880/2880 2881/2881 2882/2882
f 2880/2880 2882/2882 2883/2883
f 2572/2572 2880/2880 2883/2883
f 2572/2572 2883/2883 2573/2573
f 2573/2573 2883/2883 2882/2882
f 2573/2573 2882/2882 2574/2574
f 2575/2575 2884/2884 2885/2885
f 2575/2575 2885/2885 2576/2576
f 2575/2575 2577/2577 2886/2886
f 2575/2575 2886/2886 2884/2884
f 2576/2576 2885/2885 2887/2887
f 2576/2576 2887/2887 2578/2578
f 2578/2578 2887/2887 2888/2888
f 2578/2578 2888/2888 2579/2579
f 2582/2582 2889/2889 2890/2890
f 2582/2582 2890/2890 2583/2583
f 2583/2583 2890/2890 2891/2891
f 2583/2583 2891/2891 2584/2584
f 2584/2584 2891/2891 2892/2892
f 2584/2584 2892/2892 2585/2585
f 2585/2585 2892/2892 2893/2893
f 2585/2585 2893/2893 2586/2586
f 2587/2587 2894/2894 2895/2895
f 2587/2587 2895/2895 2588/2588
f 2587/2587 2590/2590 2896/2896
f 2587/2587 2896/2896 2894/2894
f 2592/2592 2897/2897 2898/2898
f 2592/2592 2898/2898 2593/2593
f 2593/2593 2898/2898 2899/2899
f 2593/2593 2899/2899 2594/2594
f 2596/2596 2595/2595 2900/2900
f 2596/2596 2900/2900 2901/2901
f 2597/2597 2902/2902 2903/2903
f 2597/2597 2903/2903 2598/2598
f 2599/2599 2904/2904 2905/2905
f 2599/2599 2905/2905 2600/2600
f 2599/2599 2602/2602 2906/2906
f 2599/2599 2906/2906 2904/2904
f 2604/2604 2907/2907 2908/2908
f 2604/2604 2908/2908 2605/2605
f 2605/2605 2908/2908 2909/2909
f 2605/2605 2909/2909 2606/2606
f 2602/2602 2607/2607 2910/2910
f 2602/2602 2910/2910 2906/2906
f 2606/2606 2909/2909 2911/2911
f 2606/2606 2911/2911 2608/2608
f 2912/2912 2913/2913 2914/2914
f 2912/2912 2914/2914 2915/2915
f 2610/2610 2609/2609 2914/2914
f 2610/2610 2914/2914 2913/2913
f 2611/2611 2912/2912 2915/2915
f 2611/2611 2915/2915 2612/2612
f 2611/2611 2610/2610 2913/2913
f 2611/2611 2913/2913 2912/2912
f 2916/2916 2917/2917 2918/2918
f 2916/2916 2918/2918 2919/2919
f 2615/2615 2614/2614 2918/2918
f 2615/2615 2918/2918 2917/2917
f 2617/2617 2916/2916 2919/2919
f 2617/2617 2919/2919 2618/2618
f 2618/2618 2919/2919 2918/2918
f 2618/2618 2918/2918 2614/2614
f 2620/2620 2619/2619 2920/2920
f 2620/2620 2920/2920 2921/2921
f 2621/2621 2922/2922 2923/2923
f 2621/2621 2923/2923 2622/2622
f 2624/2624 2623/2623 2924/2924
f 2624/2624 2924/2924 2925/2925
f 2619/2619 2624/2624 2925/2925
f 2619/2619 2925/2925 2920/2920
f 2623/2623 2926/2926 2927/2927
f 2623/2623 2927/2927 2924/2924
f 2928/2928 2626/2626 2929/2929
f 2928/2928 2929/2929 2930/2930
f 2626/2626 2625/2625 2931/2931
f 2626/2626 2931/2931 2929/2929
f 2622/2622 2923/2923 2931/2931
f 2622/2622 2931/2931 2625/2625
f 2932/2932 2933/2933 2934/2934
f 2932/2932 2934/2934 2935/2935
f 2630/2630 2629/2629 2933/2933
f 2630/2630 2933/2933 2932/2932
f 2936/2936 2937/2937 2938/2938
f 2936/2936 2938/2938 2939/2939
f 2631/2631 2939/2939 2938/2938
f 2631/2631 2938/2938 2632/2632
f 2933/2933 2940/2940 2941/2941
f 2933/2933 2941/2941 2934/2934
f 2629/2629 2636/2636 2940/2940
f 2629/2629 2940/2940 2933/2933
f 2937/2937 2942/2942 2943/2943
f 2937/2937 2943/2943 2938/2938
f 2632/2632 2938/2938 2943/2943
f 2632/2632 2943/2943 2637/2637
f 2940/2940 2944/2944 2945/2945
f 2940/2940 2945/2945 2941/2941
f 2636/2636 2640/2640 2944/2944
f 2636/2636 2944/2944 2940/2940
f 2942/2942 2946/2946 2947/2947
f 2942/2942 2947/2947 2943/2943
f 2637/2637 2943/2943 2947/2947
f 2637/2637 2947/2947 2641/2641
f 2948/2948 2949/2949 2950/2950
f 2948/2948 2950/2950 2951/2951
f 2644/2644 2643/2643 2949/2949
f 2644/2644 2949/2949 2948/2948
f 2952/2952 2953/2953 2954/2954
f 2952/2952 2954/2954 2955/2955
f 2645/2645 2955/2955 2954/2954
f 2645/2645 2954/2954 2646/2646
f 2647/2647 2956/2956 2957/2957
f 2647/2647 2957/2957 2648/2648
f 2647/2647 2649/2649 2958/2958
f 2647/2647 2958/2958 2956/2956
f 2648/2648 2957/2957 2959/2959
f 2648/2648 2959/2959 2650/2650
f 2651/2651 2960/2960 2961/2961
f 2651/2651 2961/2961 2652/2652
f 2652/2652 2961/2961 2962/2962
f 2652/2652 2962/2962 2653/2653
f 2653/2653 2962/2962 2963/2963
f 2653/2653 2963/2963 2654/2654
f 2964/2964 2965/2965 2966/2966
f 2964/2964 2966/2966 2967/2967
f 2657/2657 2968/2968 2966/2966
f 2657/2657 2966/2966 2965/2965
f 2655/2655 2964/2964 2967/2967
f 2655/2655 2967/2967 2656/2656
f 2655/2655 2657/2657 2965/2965
f 2655/2655 2965/2965 2964/2964
f 2969/2969 2970/2970 2971/2971
f 2969/2969 2971/2971 2972/2972
f 2973/2973 2660/2660 2971/2971
f 2973/2973 2971/2971 2970/2970
f 2658/2658 2969/2969 2972/2972
f 2658/2658 2972/2972 2659/2659
f 2659/2659 2972/2972 2971/2971
f 2659/2659 2971/2971 2660/2660
f 2664/2664 2663/2663 2974/2974
f 2664/2664 2974/2974 2975/2975
f 2665/2665 2976/2976 2977/2977
f 2665/2665 2977/2977 2666/2666
f 2670/2670 2669/2669 2978/2978
f 2670/2670 2978/2978 2979/2979
f 2671/2671 2980/2980 2981/2981
f 2671/2671 2981/2981 2982/2982
f 2671/2671 2670/2670 2979/2979
f 2671/2671 2979/2979 2980/2980
f 2669/2669 2672/2672 2983/2983
f 2669/2669 2983/2983 2978/2978
f 2672/2672 2673/2673 2984/2984
f 2672/2672 2984/2984 2983/2983
f 2673/2673 2674/2674 2985/2985
f 2673/2673 2985/2985 2984/2984
f 2674/2674 2675/2675 2986/2986
f 2674/2674 2986/2986 2985/2985
f 2677/2677 2676/2676 2987/2987
f 2677/2677 2987/2987 2988/2988
f 2676/2676 2678/2678 2989/2989
f 2676/2676 2989/2989 2987/2987
f 2678/2678 2679/2679 2990/2990
f 2678/2678 2990/2990 2989/2989
f 2679/2679 2680/2680 2991/2991
f 2679/2679 2991/2991 2990/2990
f 2680/2680 2681/2681 2992/2992
f 2680/2680 2992/2992 2991/2991
f 2993/2993 2994/2994 2995/2995
f 2993/2993 2995/2995 2682/2682
f 2682/2682 2995/2995 2992/2992
f 2682/2682 2992/2992 2681/2681
f 2688/2688 2687/2687 2996/2996
f 2688/2688 2996/2996 2997/2997
f 2693/2693 2998/2998 2999/2999
f 2693/2693 2999/2999 2694/2694
f 2696/2696 2695/2695 3000/3000
f 2696/2696 3000/3000 3001/3001
f 2697/2697 3002/3002 3003/3003
f 2697/2697 3003/3003 2698/2698
f 2697/2697 2696/2696 3001/3001
f 2697/2697 3001/3001 3002/3002
f 2695/2695 2699/2699 3004/3004
f 2695/2695 3004/3004 3000/3000
f 2698/2698 3003/3003 3005/3005
f 2698/2698 3005/3005 2700/2700
f 2699/2699 2701/2701 3006/3006
f 2699/2699 3006/3006 3004/3004
f 2700/2700 3005/3005 3007/3007
f 2700/2700 3007/3007 2702/2702
f 2701/2701 2703/2703 3008/3008
f 2701/2701 3008/3008 3006/3006
f 2702/2702 3007/3007 3009/3009
f 2702/2702 3009/3009 2704/2704
f 2703/2703 2705/2705 3010/3010
f 2703/2703 3010/3010 3008/3008
f 2704/2704 3009/3009 3011/3011
f 2704/2704 3011/3011 2706/2706
f 2705/2705 2707/2707 3012/3012
f 2705/2705 3012/3012 3010/3010
f 2707/2707 2708/2708 3013/3013
f 2707/2707 3013/3013 3012/3012
f 2712/2712 2713/2713 3014/3014
f 2712/2712 3014/3014 3015/3015
f 2713/2713 2714/2714 3016/3016
f 2713/2713 3016/3016 3014/3014
f 2714/2714 2715/2715 3017/3017
f 2714/2714 3017/3017 3016/3016
f 2716/2716 3018/3018 3019/3019
f 2716/2716 3019/3019 2717/2717
f 2715/2715 2718/2718 3020/3020
f 2715/2715 3020/3020 3017/3017
f 2717/2717 3019/3019 3021/3021
f 2717/2717 3021/3021 2719/2719
f 2718/2718 2720/2720 3022/3022
f 2718/2718 3022/3022 3020/3020
f 2719/2719 3021/3021 3023/3023
f 2719/2719 3023/3023 2721/2721
f 2720/2720 2722/2722 3024/3024
f 2720/2720 3024/3024 3022/3022
f 2721/2721 3023/3023 3025/3025
f 2721/2721 3025/3025 2723/2723
f 2722/2722 2724/2724 3026/3026
f 2722/2722 3026/3026 3024/3024
f 2723/2723 3025/3025 3027/3027
f 2723/2723 3027/3027 2725/2725
f 2725/2725 3027/3027 3026/3026
f 2725/2725 3026/3026 2724/2724
f 3028/3028 3029/3029 3030/3030
f 3028/3028 3030/3030 3031/3031
f 3028/3028 3031/3031 3032/3032
f 3028/3028 3032/3032 3033/3033
f 3029/3029 3034/3034 3035/3035
f 3029/3029 3035/3035 3030/3030
f 3034/3034 3036/3036 3037/3037
f 3034/3034 3037/3037 3035/3035
f 3036/3036 3038/3038 3039/3039
f 3036/3036 3039/3039 3037/3037
f 3038/3038 3040/3040 3041/3041
f 3038/3038 3041/3041 3039/3039
f 3031/3031 3030/3030 3042/3042
f 3031/3031 3042/3042 3043/3043
f 3031/3031 3043/3043 3044/3044
f 3031/3031 3044/3044 3032/3032
f 3030/3030 3035/3035 3045/3045
f 3030/3030 3045/3045 3042/3042
f 3035/3035 3037/3037 3046/3046
f 3035/3035 3046/3046 3045/3045
f 3037/3037 3039/3039 3047/3047
f 3037/3037 3047/3047 3046/3046
f 3039/3039 3041/3041 3048/3048
f 3039/3039 3048/3048 3047/3047
f 3049/3049 2728/2728 2730/2730
f 3049/3049 2730/2730 2740/2740
f 3049/3049 3050/3050 3051/3051
f 3049/3049 3051/3051 2728/2728
f 3049/3049 2740/2740 3052/3052
f 3049/3049 3052/3052 3050/3050
f 2736/2736 3053/3053 2744/2744
f 2736/2736 2744/2744 2737/2737
f 2736/2736 3054/3054 3055/3055
f 2736/2736 3055/3055 3053/3053
f 3053/3053 3055/3055 3056/3056
f 3053/3053 3056/3056 2744/2744
f 3057/3057 2740/2740 2741/2741
f 3057/3057 2741/2741 3058/3058
f 3057/3057 3059/3059 3052/3052
f 3057/3057 3052/3052 2740/2740
f 3057/3057 3058/3058 3060/3060
f 3057/3057 3060/3060 3059/3059
f 2744/2744 3061/3061 3062/3062
f 2744/2744 3062/3062 2745/2745
f 2744/2744 3056/3056 3063/3063
f 2744/2744 3063/3063 3061/3061
f 3061/3061 3063/3063 3064/3064
f 3061/3061 3064/3064 3062/3062
f 3065/3065 2746/2746 2748/2748
f 3065/3065 2748/2748 2753/2753
f 3065/3065 3066/3066 3067/3067
f 3065/3065 3067/3067 2746/2746
f 3065/3065 2753/2753 3068/3068
f 3065/3065 3068/3068 3066/3066
f 2750/2750 3069/3069 2756/2756
f 2750/2750 2756/2756 2751/2751
f 2750/2750 3070/3070 3071/3071
f 2750/2750 3071/3071 3069/3069
f 3069/3069 3071/3071 3072/3072
f 3069/3069 3072/3072 2756/2756
f 2754/2754 2760/2760 3073/3073
f 2754/2754 3073/3073 3074/3074
f 2753/2753 2754/2754 3074/3074
f 2753/2753 3074/3074 3068/3068
f 2766/2766 2757/2757 3075/3075
f 2766/2766 3075/3075 3076/3076
f 2756/2756 3072/3072 3075/3075
f 2756/2756 3075/3075 2757/2757
f 2759/2759 2762/2762 3077/3077
f 2759/2759 3077/3077 3078/3078
f 2760/2760 2759/2759 3078/3078
f 2760/2760 3078/3078 3073/3073
f 2762/2762 3079/3079 3080/3080
f 2762/2762 3080/3080 3077/3077
f 3081/3081 2765/2765 3082/3082
f 3081/3081 3082/3082 3083/3083
f 2765/2765 2764/2764 3084/3084
f 2765/2765 3084/3084 3082/3082
f 2766/2766 3076/3076 3084/3084
f 2766/2766 3084/3084 2764/2764
f 3085/3085 3086/3086 3087/3087
f 3085/3085 3087/3087 3088/3088
f 2770/2770 2773/2773 3087/3087
f 2770/2770 3087/3087 3086/3086
f 2771/2771 2770/2770 3086/3086
f 2771/2771 3086/3086 3085/3085
f 3088/3088 3087/3087 3089/3089
f 3088/3088 3089/3089 3090/3090
f 2773/2773 2775/2775 3089/3089
f 2773/2773 3089/3089 3087/3087
f 3090/3090 3089/3089 3091/3091
f 3090/3090 3091/3091 3092/3092
f 2775/2775 2777/2777 3091/3091
f 2775/2775 3091/3091 3089/3089
f 3092/3092 3091/3091 3093/3093
f 3092/3092 3093/3093 3094/3094
f 2777/2777 2778/2778 3093/3093
f 2777/2777 3093/3093 3091/3091
f 2779/2779 3094/3094 3093/3093
f 2779/2779 3093/3093 2778/2778
f 3095/3095 3096/3096 3097/3097
f 3095/3095 3097/3097 3098/3098
f 2785/2785 3095/3095 3098/3098
f 2785/2785 3098/3098 2786/2786
f 2785/2785 2784/2784 3096/3096
f 2785/2785 3096/3096 3095/3095
f 3098/3098 3097/3097 3099/3099
f 3098/3098 3099/3099 3100/3100
f 2786/2786 3098/3098 3100/3100
f 2786/2786 3100/3100 2787/2787
f 2787/2787 3100/3100 3101/3101
f 2787/2787 3101/3101 2788/2788
f 2788/2788 3101/3101 3102/3102
f 2788/2788 3102/3102 2789/2789
f 2789/2789 3102/3102 3103/3103
f 2789/2789 3103/3103 2790/2790
f 2790/2790 3103/3103 3104/3104
f 2790/2790 3104/3104 2791/2791
f 3104/3104 3105/3105 3106/3106
f 3104/3104 3106/3106 3107/3107
f 2791/2791 3104/3104 3107/3107
f 2791/2791 3107/3107 2792/2792
f 3107/3107 3106/3106 3108/3108
f 3107/3107 3108/3108 3109/3109
f 2792/2792 3107/3107 3109/3109
f 2792/2792 3109/3109 2793/2793
f 2793/2793 3109/3109 3108/3108
f 2793/2793 3108/3108 2794/2794
f 3110/3110 3111/3111 3112/3112
f 3110/3110 3112/3112 3113/3113
f 2799/2799 2801/2801 3112/3112
f 2799/2799 3112/3112 3111/3111
f 2800/2800 2799/2799 3111/3111
f 2800/2800 3111/3111 3110/3110
f 2801/2801 2802/2802 3114/3114
f 2801/2801 3114/3114 3112/3112
f 2802/2802 2803/2803 3115/3115
f 2802/2802 3115/3115 3114/3114
f 2803/2803 2804/2804 3116/3116
f 2803/2803 3116/3116 3115/3115
f 2804/2804 2805/2805 3117/3117
f 2804/2804 3117/3117 3116/3116
f 2805/2805 2806/2806 3118/3118
f 2805/2805 3118/3118 3117/3117
f 2806/2806 2807/2807 3119/3119
f 2806/2806 3119/3119 3118/3118
f 3120/3120 3119/3119 3121/3121
f 3120/3120 3121/3121 3122/3122
f 2807/2807 2808/2808 3121/3121
f 2807/2807 3121/3121 3119/3119
f 2809/2809 3122/3122 3121/3121
f 2809/2809 3121/3121 2808/2808
f 2823/2823 2822/2822 3123/3123
f 2823/2823 3123/3123 3124/3124
f 2824/2824 3125/3125 3126/3126
f 2824/2824 3126/3126 2825/2825
f 2824/2824 2823/2823 3124/3124
f 2824/2824 3124/3124 3125/3125
f 2822/2822 2826/2826 3127/3127
f 2822/2822 3127/3127 3123/3123
f 2825/2825 3126/3126 3128/3128
f 2825/2825 3128/3128 2827/2827
f 2826/2826 2829/2829 3129/3129
f 2826/2826 3129/3129 3127/3127
f 2827/2827 3128/3128 3130/3130
f 2827/2827 3130/3130 3131/3131
f 3131/3131 3130/3130 3132/3132
f 3131/3131 3132/3132 3133/3133
f 3133/3133 3132/3132 3134/3134
f 3133/3133 3134/3134 3135/3135
f 2831/2831 2832/2832 3136/3136
f 2831/2831 3136/3136 3137/3137
f 3135/3135 3134/3134 3138/3138
f 3135/3135 3138/3138 2835/2835
f 2832/2832 2833/2833 3139/3139
f 2832/2832 3139/3139 3136/3136
f 2835/2835 3138/3138 3140/3140
f 2835/2835 3140/3140 2836/2836
f 2833/2833 2837/2837 3141/3141
f 2833/2833 3141/3141 3139/3139
f 2836/2836 3140/3140 3142/3142
f 2836/2836 3142/3142 2838/2838
f 2838/2838 3142/3142 3141/3141
f 2838/2838 3141/3141 2837/2837
f 3143/3143 3144/3144 3145/3145
f 3143/3143 3145/3145 3146/3146
f 3143/3143 3146/3146 3147/3147
f 3143/3143 3147/3147 3148/3148
f 3144/3144 3149/3149 3150/3150
f 3144/3144 3150/3150 3145/3145
f 3149/3149 3151/3151 3152/3152
f 3149/3149 3152/3152 3150/3150
f 2841/2841 3153/3153 3154/3154
f 2841/2841 3154/3154 2842/2842
f 2841/2841 2843/2843 3155/3155
f 2841/2841 3155/3155 3153/3153
f 2842/2842 3154/3154 3156/3156
f 2842/2842 3156/3156 2844/2844
f 2844/2844 3156/3156 3157/3157
f 2844/2844 3157/3157 2845/2845
f 2847/2847 3158/3158 3159/3159
f 2847/2847 3159/3159 2848/2848
f 2848/2848 3159/3159 3160/3160
f 2848/2848 3160/3160 2849/2849
f 2849/2849 3160/3160 3161/3161
f 2849/2849 3161/3161 2852/2852
f 2852/2852 3161/3161 3162/3162
f 2852/2852 3162/3162 2853/2853
f 3163/3163 2860/2860 2859/2859
f 3163/3163 2859/2859 3164/3164
f 3164/3164 2859/2859 3165/3165
f 3164/3164 3165/3165 3166/3166
f 3163/3163 3167/3167 3168/3168
f 3163/3163 3168/3168 2860/2860
f 3163/3163 3164/3164 3166/3166
f 3163/3163 3166/3166 3167/3167
f 2859/2859 2858/2858 3169/3169
f 2859/2859 3169/3169 3165/3165
f 2858/2858 2861/2861 3170/3170
f 2858/2858 3170/3170 3169/3169
f 2861/2861 2862/2862 3171/3171
f 2861/2861 3171/3171 3170/3170
f 2862/2862 2863/2863 3172/3172
f 2862/2862 3172/3172 3171/3171
f 2863/2863 2864/2864 3173/3173
f 2863/2863 3173/3173 3172/3172
f 2864/2864 2865/2865 3174/3174
f 2864/2864 3174/3174 3173/3173
f 2865/2865 2868/2868 3175/3175
f 2865/2865 3175/3175 3174/3174
f 2868/2868 2871/2871 3176/3176
f 2868/2868 3176/3176 3175/3175
f 2872/2872 3177/3177 3178/3178
f 2872/2872 3178/3178 2871/2871
f 2871/2871 3178/3178 3179/3179
f 2871/2871 3179/3179 3176/3176
f 2872/2872 3180/3180 3181/3181
f 2872/2872 3181/3181 3177/3177
f 3177/3177 3181/3181 3179/3179
f 3177/3177 3179/3179 3178/3178
f 3182/3182 3183/3183 3184/3184
f 3182/3182 3184/3184 3185/3185
f 2876/2876 3182/3182 3185/3185
f 2876/2876 3185/3185 2877/2877
f 2876/2876 2875/2875 3183/3183
f 2876/2876 3183/3183 3182/3182
f 3185/3185 3184/3184 3186/3186
f 3185/3185 3186/3186 3187/3187
f 2877/2877 3185/3185 3187/3187
f 2877/2877 3187/3187 2878/2878
f 3187/3187 3186/3186 3188/3188
f 3187/3187 3188/3188 3189/3189
f 2878/2878 3187/3187 3189/3189
f 2878/2878 3189/3189 2879/2879
f 3189/3189 3188/3188 3190/3190
f 3189/3189 3190/3190 3191/3191
f 2879/2879 3189/3189 3191/3191
f 2879/2879 3191/3191 2880/2880
f 2880/2880 3191/3191 3190/3190
f 2880/2880 3190/3190 2881/2881
f 3192/3192 3193/3193 3194/3194
f 3192/3192 3194/3194 3195/3195
f 2884/2884 3192/3192 3195/3195
f 2884/2884 3195/3195 2885/2885
f 2884/2884 2886/2886 3193/3193
f 2884/2884 3193/3193 3192/3192
f 2885/2885 3195/3195 3196/3196
f 2885/2885 3196/3196 2887/2887
f 2887/2887 3196/3196 3197/3197
f 2887/2887 3197/3197 2888/2888
f 2888/2888 3197/3197 3198/3198
f 2888/2888 3198/3198 3199/3199
f 3200/3200 3201/3201 3202/3202
f 3200/3200 3202/3202 2889/2889
f 2889/2889 3202/3202 3203/3203
f 2889/2889 3203/3203 2890/2890
f 2890/2890 3203/3203 3204/3204
f 2890/2890 3204/3204 2891/2891
f 3204/3204 3205/3205 3206/3206
f 3204/3204 3206/3206 3207/3207
f 2891/2891 3204/3204 3207/3207
f 2891/2891 3207/3207 2892/2892
f 2892/2892 3207/3207 3206/3206
f 2892/2892 3206/3206 2893/2893
f 3208/3208 3209/3209 3210/3210
f 3208/3208 3210/3210 3211/3211
f 2894/2894 3208/3208 3211/3211
f 2894/2894 3211/3211 2895/2895
f 2894/2894 2896/2896 3209/3209
f 2894/2894 3209/3209 3208/3208
f 3212/3212 3213/3213 3214/3214
f 3212/3212 3214/3214 3215/3215
f 2897/2897 3212/3212 3215/3215
f 2897/2897 3215/3215 2898/2898
f 2898/2898 3215/3215 3214/3214
f 2898/2898 3214/3214 2899/2899
f 3216/3216 3217/3217 3218/3218
f 3216/3216 3218/3218 3219/3219
f 2901/2901 2900/2900 3217/3217
f 2901/2901 3217/3217 3216/3216
f 3220/3220 3221/3221 3222/3222
f 3220/3220 3222/3222 3223/3223
f 2902/2902 3223/3223 3222/3222
f 2902/2902 3222/3222 2903/2903
f 2904/2904 3224/3224 3225/3225
f 2904/2904 3225/3225 2905/2905
f 2904/2904 2906/2906 3226/3226
f 2904/2904 3226/3226 3224/3224
f 2907/2907 3227/3227 3228/3228
f 2907/2907 3228/3228 2908/2908
f 2908/2908 3228/3228 3229/3229
f 2908/2908 3229/3229 2909/2909
f 2906/2906 2910/2910 3230/3230
f 2906/2906 3230/3230 3226/3226
f 2909/2909 3229/3229 3231/3231
f 2909/2909 3231/3231 2911/2911
f 2915/2915 2914/2914 3232/3232
f 2915/2915 3232/3232 3233/3233
f 2916/2916 3234/3234 3235/3235
f 2916/2916 3235/3235 2917/2917
f 3236/3236 3237/3237 3238/3238
f 3236/3236 3238/3238 3239/3239
f 2921/2921 2920/2920 3237/3237
f 2921/2921 3237/3237 3236/3236
f 3240/3240 3241/3241 3242/3242
f 3240/3240 3242/3242 3243/3243
f 2922/2922 3243/3243 3242/3242
f 2922/2922 3242/3242 2923/2923
f 3237/3237 3244/3244 3245/3245
f 3237/3237 3245/3245 3238/3238
f 2925/2925 2924/2924 3245/3245
f 2925/2925 3245/3245 3244/3244
f 2920/2920 2925/2925 3244/3244
f 2920/2920 3244/3244 3237/3237
f 2924/2924 2927/2927 3246/3246
f 2924/2924 3246/3246 3245/3245
f 2927/2927 3247/3247 3248/3248
f 2927/2927 3248/3248 3246/3246
f 3249/3249 2930/2930 3250/3250
f 3249/3249 3250/3250 3251/3251
f 2930/2930 2929/2929 3252/3252
f 2930/2930 3252/3252 3250/3250
f 3241/3241 3252/3252 3253/3253
f 3241/3241 3253/3253 3242/3242
f 2929/2929 2931/2931 3253/3253
f 2929/2929 3253/3253 3252/3252
f 2923/2923 3242/3242 3253/3253
f 2923/2923 3253/3253 2931/2931
f 3254/3254 3255/3255 3256/3256
f 3254/3254 3256/3256 3257/3257
f 2935/2935 2934/2934 3255/3255
f 2935/2935 3255/3255 3254/3254
f 3258/3258 3259/3259 3260/3260
f 3258/3258 3260/3260 3261/3261
f 2936/2936 3261/3261 3260/3260
f 2936/2936 3260/3260 2937/2937
f 3255/3255 3262/3262 3263/3263
f 3255/3255 3263/3263 3256/3256
f 2934/2934 2941/2941 3262/3262
f 2934/2934 3262/3262 3255/3255
f 3259/3259 3264/3264 3265/3265
f 3259/3259 3265/3265 3260/3260
f 2937/2937 3260/3260 3265/3265
f 2937/2937 3265/3265 2942/2942
f 3262/3262 3266/3266 3267/3267
f 3262/3262 3267/3267 3263/3263
f 2941/2941 2945/2945 3266/3266
f 2941/2941 3266/3266 3262/3262
f 3264/3264 3268/3268 3269/3269
f 3264/3264 3269/3269 3265/3265
f 2942/2942 3265/3265 3269/3269
f 2942/2942 3269/3269 2946/2946
f 3270/3270 3271/3271 3272/3272
f 3270/3270 3272/3272 3273/3273
f 2951/2951 2950/2950 3271/3271
f 2951/2951 3271/3271 3270/3270
f 3274/3274 3275/3275 3276/3276
f 3274/3274 3276/3276 3277/3277
f 2952/2952 3277/3277 3276/3276
f 2952/2952 3276/3276 2953/2953
f 3278/3278 3279/3279 3280/3280
f 3278/3278 3280/3280 3281/3281
f 2956/2956 3278/3278 3281/3281
f 2956/2956 3281/3281 2957/2957
f 2956/2956 2958/2958 3279/3279
f 2956/2956 3279/3279 3278/3278
f 2957/2957 3281/3281 3282/3282
f 2957/2957 3282/3282 2959/2959
f 2959/2959 3282/3282 3283/3283
f 2959/2959 3283/3283 3284/3284
f 3285/3285 3286/3286 3287/3287
f 3285/3285 3287/3287 2960/2960
f 2960/2960 3287/3287 3288/3288
f 2960/2960 3288/3288 2961/2961
f 3288/3288 3289/3289 3290/3290
f 3288/3288 3290/3290 3291/3291
f 2961/2961 3288/3288 3291/3291
f 2961/2961 3291/3291 2962/2962
f 2962/2962 3291/3291 3290/3290
f 2962/2962 3290/3290 2963/2963
f 2967/2967 2966/2966 3292/3292
f 2967/2967 3292/3292 3293/3293
f 2969/2969 3294/3294 3295/3295
f 2969/2969 3295/3295 2970/2970
f 2975/2975 2974/2974 3296/3296
f 2975/2975 3296/3296 3297/3297
f 2976/2976 3298/3298 3299/3299
f 2976/2976 3299/3299 2977/2977
f 3300/3300 3301/3301 3302/3302
f 3300/3300 3302/3302 3303/3303
f 2979/2979 2978/2978 3302/3302
f 2979/2979 3302/3302 3301/3301
f 2980/2980 3300/3300 3303/3303
f 2980/2980 3303/3303 2981/2981
f 2980/2980 2979/2979 3301/3301
f 2980/2980 3301/3301 3300/3300
f 2978/2978 2983/2983 3304/3304
f 2978/2978 3304/3304 3302/3302
f 2983/2983 2984/2984 3305/3305
f 2983/2983 3305/3305 3304/3304
f 2984/2984 2985/2985 3306/3306
f 2984/2984 3306/3306 3305/3305
f 2987/2987 2989/2989 3307/3307
f 2987/2987 3307/3307 3308/3308
f 2989/2989 2990/2990 3309/3309
f 2989/2989 3309/3309 3307/3307
f 2990/2990 2991/2991 3310/3310
f 2990/2990 3310/3310 3309/3309
f 3311/3311 3310/3310 3312/3312
f 3311/3311 3312/3312 3313/3313
f 2991/2991 2992/2992 3312/3312
f 2991/2991 3312/3312 3310/3310
f 2994/2994 3311/3311 3313/3313
f 2994/2994 3313/3313 2995/2995
f 2995/2995 3313/3313 3312/3312
f 2995/2995 3312/3312 2992/2992
f 3314/3314 2997/2997 2996/2996
f 3314/3314 2996/2996 3315/3315
f 3314/3314 3315/3315 3316/3316
f 3314/3314 3316/3316 3317/3317
f 2998/2998 3318/3318 3319/3319
f 2998/2998 3319/3319 2999/2999
f 3318/3318 3320/3320 3321/3321
f 3318/3318 3321/3321 3319/3319
f 3001/3001 3000/3000 3322/3322
f 3001/3001 3322/3322 3323/3323
f 3002/3002 3324/3324 3325/3325
f 3002/3002 3325/3325 3003/3003
f 3002/3002 3001/3001 3323/3323
f 3002/3002 3323/3323 3324/3324
f 3000/3000 3004/3004 3326/3326
f 3000/3000 3326/3326 3322/3322
f 3003/3003 3325/3325 3327/3327
f 3003/3003 3327/3327 3005/3005
f 3004/3004 3006/3006 3328/3328
f 3004/3004 3328/3328 3326/3326
f 3005/3005 3327/3327 3329/3329
f 3005/3005 3329/3329 3007/3007
f 3006/3006 3008/3008 3330/3330
f 3006/3006 3330/3330 3328/3328
f 3007/3007 3329/3329 3331/3331
f 3007/3007 3331/3331 3009/3009
f 3008/3008 3010/3010 3332/3332
f 3008/3008 3332/3332 3330/3330
f 3010/3010 3012/3012 3333/3333
f 3010/3010 3333/3333 3332/3332
f 3014/3014 3016/3016 3334/3334
f 3014/3014 3334/3334 3335/3335
f 3016/3016 3017/3017 3336/3336
f 3016/3016 3336/3336 3334/3334
f 3017/3017 3020/3020 3337/3337
f 3017/3017 3337/3337 3336/3336
f 3019/3019 3338/3338 3339/3339
f 3019/3019 3339/3339 3021/3021
f 3020/3020 3022/3022 3340/3340
f 3020/3020 3340/3340 3337/3337
f 3021/3021 3339/3339 3341/3341
f 3021/3021 3341/3341 3023/3023
f 3022/3022 3024/3024 3342/3342
f 3022/3022 3342/3342 3340/3340
f 3023/3023 3341/3341 3343/3343
f 3023/3023 3343/3343 3025/3025
f 3024/3024 3026/3026 3344/3344
f 3024/3024 3344/3344 3342/3342
f 3025/3025 3343/3343 3345/3345
f 3025/3025 3345/3345 3027/3027
f 3027/3027 3345/3345 3344/3344
f 3027/3027 3344/3344 3026/3026
f 3346/3346 3033/3033 3032/3032
f 3346/3346 3032/3032 3347/3347
f 3346/3346 3347/3347 3348/3348
f 3346/3346 3348/3348 3349/3349
f 3040/3040 3350/3350 3351/3351
f 3040/3040 3351/3351 3041/3041
f 3350/3350 3352/3352 3353/3353
f 3350/3350 3353/3353 3351/3351
f 3347/3347 3032/3032 3044/3044
f 3347/3347 3044/3044 3354/3354
f 3347/3347 3354/3354 3355/3355
f 3347/3347 3355/3355 3348/3348
f 3041/3041 3351/3351 3356/3356
f 3041/3041 3356/3356 3048/3048
f 3351/3351 3353/3353 3357/3357
f 3351/3351 3357/3357 3356/3356
f 3358/3358 3050/3050 3052/3052
f 3358/3358 3052/3052 3059/3059
f 3358/3358 3359/3359 3360/3360
f 3358/3358 3360/3360 3050/3050
f 3358/3358 3059/3059 3361/3361
f 3358/3358 3361/3361 3359/3359
f 3055/3055 3362/3362 3063/3063
f 3055/3055 3063/3063 3056/3056
f 3055/3055 3363/3363 3364/3364
f 3055/3055 3364/3364 3362/3362
f 3362/3362 3364/3364 3365/3365
f 3362/3362 3365/3365 3063/3063
f 3059/3059 3060/3060 3366/3366
f 3059/3059 3366/3366 3361/3361
f 3063/3063 3365/3365 3367/3367
f 3063/3063 3367/3367 3064/3064
f 3066/3066 3368/3368 3369/3369
f 3066/3066 3369/3369 3067/3067
f 3066/3066 3068/3068 3370/3370
f 3066/3066 3370/3370 3368/3368
f 3070/3070 3371/3371 3372/3372
f 3070/3070 3372/3372 3071/3071
f 3071/3071 3372/3372 3373/3373
f 3071/3071 3373/3373 3072/3072
f 3074/3074 3073/3073 3374/3374
f 3074/3074 3374/3374 3375/3375
f 3068/3068 3074/3074 3375/3375
f 3068/3068 3375/3375 3370/3370
f 3076/3076 3075/3075 3376/3376
f 3076/3076 3376/3376 3377/3377
f 3072/3072 3373/3373 3376/3376
f 3072/3072 3376/3376 3075/3075
f 3374/3374 3378/3378 3379/3379
f 3374/3374 3379/3379 3380/3380
f 3078/3078 3077/3077 3379/3379
f 3078/3078 3379/3379 3378/3378
f 3073/3073 3078/3078 3378/3378
f 3073/3073 3378/3378 3374/3374
f 3380/3380 3379/3379 3381/3381
f 3380/3380 3381/3381 3382/3382
f 3077/3077 3080/3080 3381/3381
f 3077/3077 3381/3381 3379/3379
f 3080/3080 3383/3383 3384/3384
f 3080/3080 3384/3384 3381/3381
f 3383/3383 3385/3385 3386/3386
f 3383/3383 3386/3386 3384/3384
f 3385/3385 3387/3387 3388/3388
f 3385/3385 3388/3388 3386/3386
f 3387/3387 3083/3083 3389/3389
f 3387/3387 3389/3389 3388/3388
f 3390/3390 3389/3389 3391/3391
f 3390/3390 3391/3391 3392/3392
f 3083/3083 3082/3082 3391/3391
f 3083/3083 3391/3391 3389/3389
f 3392/3392 3391/3391 3393/3393
f 3392/3392 3393/3393 3377/3377
f 3082/3082 3084/3084 3393/3393
f 3082/3082 3393/3393 3391/3391
f 3076/3076 3377/3377 3393/3393
f 3076/3076 3393/3393 3084/3084
f 3394/3394 3395/3395 3396/3396
f 3394/3394 3396/3396 3397/3397
f 3100/3100 3394/3394 3397/3397
f 3100/3100 3397/3397 3101/3101
f 3100/3100 3099/3099 3395/3395
f 3100/3100 3395/3395 3394/3394
f 3397/3397 3396/3396 3398/3398
f 3397/3397 3398/3398 3399/3399
f 3101/3101 3397/3397 3399/3399
f 3101/3101 3399/3399 3102/3102
f 3399/3399 3398/3398 3400/3400
f 3399/3399 3400/3400 3401/3401
f 3102/3102 3399/3399 3401/3401
f 3102/3102 3401/3401 3103/3103
f 3401/3401 3400/3400 3402/3402
f 3401/3401 3402/3402 3403/3403
f 3103/3103 3401/3401 3403/3403
f 3103/3103 3403/3403 3104/3104
f 3104/3104 3403/3403 3402/3402
f 3104/3104 3402/3402 3105/3105
f 3404/3404 3405/3405 3406/3406
f 3404/3404 3406/3406 3407/3407
f 3112/3112 3114/3114 3406/3406
f 3112/3112 3406/3406 3405/3405
f 3113/3113 3404/3404 3407/3407
f 3113/3113 3407/3407 3408/3408
f 3113/3113 3112/3112 3405/3405
f 3113/3113 3405/3405 3404/3404
f 3407/3407 3406/3406 3409/3409
f 3407/3407 3409/3409 3410/3410
f 3114/3114 3115/3115 3409/3409
f 3114/3114 3409/3409 3406/3406
f 3410/3410 3409/3409 3411/3411
f 3410/3410 3411/3411 3412/3412
f 3115/3115 3116/3116 3411/3411
f 3115/3115 3411/3411 3409/3409
f 3412/3412 3411/3411 3413/3413
f 3412/3412 3413/3413 3414/3414
f 3116/3116 3117/3117 3413/3413
f 3116/3116 3413/3413 3411/3411
f 3414/3414 3413/3413 3415/3415
f 3414/3414 3415/3415 3416/3416
f 3117/3117 3118/3118 3415/3415
f 3117/3117 3415/3415 3413/3413
f 3416/3416 3415/3415 3417/3417
f 3416/3416 3417/3417 3418/3418
f 3118/3118 3119/3119 3417/3417
f 3118/3118 3417/3417 3415/3415
f 3419/3419 3416/3416 3418/3418
f 3419/3419 3418/3418 3120/3120
f 3120/3120 3418/3418 3417/3417
f 3120/3120 3417/3417 3119/3119
f 3420/3420 3421/3421 3422/3422
f 3420/3420 3422/3422 3423/3423
f 3124/3124 3123/3123 3422/3422
f 3124/3124 3422/3422 3421/3421
f 3125/3125 3420/3420 3423/3423
f 3125/3125 3423/3423 3126/3126
f 3125/3125 3124/3124 3421/3421
f 3125/3125 3421/3421 3420/3420
f 3123/3123 3127/3127 3424/3424
f 3123/3123 3424/3424 3422/3422
f 3126/3126 3423/3423 3425/3425
f 3126/3126 3425/3425 3128/3128
f 3128/3128 3425/3425 3426/3426
f 3128/3128 3426/3426 3130/3130
f 3130/3130 3426/3426 3427/3427
f 3130/3130 3427/3427 3132/3132
f 3132/3132 3427/3427 3428/3428
f 3132/3132 3428/3428 3134/3134
f 3134/3134 3428/3428 3429/3429
f 3134/3134 3429/3429 3138/3138
f 3136/3136 3139/3139 3430/3430
f 3136/3136 3430/3430 3431/3431
f 3138/3138 3429/3429 3432/3432
f 3138/3138 3432/3432 3140/3140
f 3432/3432 3430/3430 3433/3433
f 3432/3432 3433/3433 3434/3434
f 3139/3139 3141/3141 3433/3433
f 3139/3139 3433/3433 3430/3430
f 3140/3140 3432/3432 3434/3434
f 3140/3140 3434/3434 3142/3142
f 3142/3142 3434/3434 3433/3433
f 3142/3142 3433/3433 3141/3141
f 3435/3435 3436/3436 3437/3437
f 3435/3435 3437/3437 3438/3438
f 3439/3439 3148/3148 3147/3147
f 3439/3439 3147/3147 3440/3440
f 3439/3439 3440/3440 3436/3436
f 3439/3439 3436/3436 3435/3435
f 3441/3441 3442/3442 3443/3443
f 3441/3441 3443/3443 3444/3444
f 3151/3151 3445/3445 3446/3446
f 3151/3151 3446/3446 3152/3152
f 3445/3445 3444/3444 3443/3443
f 3445/3445 3443/3443 3446/3446
f 3447/3447 3448/3448 3449/3449
f 3447/3447 3449/3449 3450/3450
f 3451/3451 3153/3153 3155/3155
f 3451/3451 3155/3155 3452/3452
f 3451/3451 3447/3447 3450/3450
f 3451/3451 3450/3450 3153/3153
f 3451/3451 3452/3452 3448/3448
f 3451/3451 3448/3448 3447/3447
f 3153/3153 3450/3450 3453/3453
f 3153/3153 3453/3453 3154/3154
f 3154/3154 3453/3453 3454/3454
f 3154/3154 3454/3454 3156/3156
f 3159/3159 3455/3455 3456/3456
f 3159/3159 3456/3456 3160/3160
f 3160/3160 3456/3456 3457/3457
f 3160/3160 3457/3457 3161/3161
f 3457/3457 3458/3458 3459/3459
f 3457/3457 3459/3459 3460/3460
f 3161/3161 3461/3461 3462/3462
f 3161/3161 3462/3462 3162/3162
f 3161/3161 3457/3457 3460/3460
f 3161/3161 3460/3460 3461/3461
f 3461/3461 3460/3460 3459/3459
f 3461/3461 3459/3459 3462/3462
f 3166/3166 3165/3165 3463/3463
f 3166/3166 3463/3463 3464/3464
f 3167/3167 3166/3166 3464/3464
f 3167/3167 3464/3464 3465/3465
f 3165/3165 3169/3169 3466/3466
f 3165/3165 3466/3466 3463/3463
f 3169/3169 3170/3170 3467/3467
f 3169/3169 3467/3467 3466/3466
f 3170/3170 3171/3171 3468/3468
f 3170/3170 3468/3468 3467/3467
f 3171/3171 3172/3172 3469/3469
f 3171/3171 3469/3469 3468/3468
f 3172/3172 3173/3173 3470/3470
f 3172/3172 3470/3470 3469/3469
f 3173/3173 3174/3174 3471/3471
f 3173/3173 3471/3471 3470/3470
f 3174/3174 3175/3175 3472/3472
f 3174/3174 3472/3472 3471/3471
f 3175/3175 3176/3176 3473/3473
f 3175/3175 3473/3473 3472/3472
f 3176/3176 3179/3179 3474/3474
f 3176/3176 3474/3474 3473/3473
f 3181/3181 3475/3475 3474/3474
f 3181/3181 3474/3474 3179/3179
f 3476/3476 3477/3477 3478/3478
f 3476/3476 3478/3478 3479/3479
f 3195/3195 3476/3476 3479/3479
f 3195/3195 3479/3479 3196/3196
f 3195/3195 3194/3194 3477/3477
f 3195/3195 3477/3477 3476/3476
f 3196/3196 3479/3479 3480/3480
f 3196/3196 3480/3480 3197/3197
f 3197/3197 3480/3480 3481/3481
f 3197/3197 3481/3481 3198/3198
f 3198/3198 3481/3481 3482/3482
f 3198/3198 3482/3482 3483/3483
f 3483/3483 3482/3482 3484/3484
f 3483/3483 3484/3484 3485/3485
f 3485/3485 3484/3484 3486/3486
f 3485/3485 3486/3486 3487/3487
f 3487/3487 3486/3486 3488/3488
f 3487/3487 3488/3488 3201/3201
f 3201/3201 3488/3488 3489/3489
f 3201/3201 3489/3489 3202/3202
f 3202/3202 3489/3489 3490/3490
f 3202/3202 3490/3490 3203/3203
f 3490/3490 3491/3491 3492/3492
f 3490/3490 3492/3492 3493/3493
f 3203/3203 3490/3490 3493/3493
f 3203/3203 3493/3493 3204/3204
f 3204/3204 3493/3493 3492/3492
f 3204/3204 3492/3492 3205/3205
f 3494/3494 3495/3495 3496/3496
f 3494/3494 3496/3496 3497/3497
f 3211/3211 3494/3494 3497/3497
f 3211/3211 3497/3497 3498/3498
f 3211/3211 3210/3210 3495/3495
f 3211/3211 3495/3495 3494/3494
f 3499/3499 3500/3500 3501/3501
f 3499/3499 3501/3501 3502/3502
f 3503/3503 3499/3499 3502/3502
f 3503/3503 3502/3502 3212/3212
f 3212/3212 3502/3502 3501/3501
f 3212/3212 3501/3501 3213/3213
f 3219/3219 3218/3218 3504/3504
f 3219/3219 3504/3504 3505/3505
f 3220/3220 3506/3506 3507/3507
f 3220/3220 3507/3507 3221/3221
f 3508/3508 3509/3509 3510/3510
f 3508/3508 3510/3510 3511/3511
f 3224/3224 3508/3508 3511/3511
f 3224/3224 3511/3511 3225/3225
f 3224/3224 3226/3226 3509/3509
f 3224/3224 3509/3509 3508/3508
f 3225/3225 3511/3511 3512/3512
f 3225/3225 3512/3512 3513/3513
f 3514/3514 3515/3515 3516/3516
f 3514/3514 3516/3516 3227/3227
f 3516/3516 3517/3517 3518/3518
f 3516/3516 3518/3518 3519/3519
f 3227/3227 3516/3516 3519/3519
f 3227/3227 3519/3519 3228/3228
f 3228/3228 3519/3519 3518/3518
f 3228/3228 3518/3518 3229/3229
f 3509/3509 3520/3520 3521/3521
f 3509/3509 3521/3521 3510/3510
f 3226/3226 3230/3230 3520/3520
f 3226/3226 3520/3520 3509/3509
f 3517/3517 3522/3522 3523/3523
f 3517/3517 3523/3523 3518/3518
f 3229/3229 3518/3518 3523/3523
f 3229/3229 3523/3523 3231/3231
f 3524/3524 3525/3525 3526/3526
f 3524/3524 3526/3526 3527/3527
f 3232/3232 3528/3528 3526/3526
f 3232/3232 3526/3526 3525/3525
f 3233/3233 3232/3232 3525/3525
f 3233/3233 3525/3525 3524/3524
f 3529/3529 3530/3530 3531/3531
f 3529/3529 3531/3531 3532/3532
f 3533/3533 3235/3235 3531/3531
f 3533/3533 3531/3531 3530/3530
f 3234/3234 3532/3532 3531/3531
f 3234/3234 3531/3531 3235/3235
f 3534/3534 3535/3535 3536/3536
f 3534/3534 3536/3536 3537/3537
f 3239/3239 3238/3238 3535/3535
f 3239/3239 3535/3535 3534/3534
f 3538/3538 3539/3539 3540/3540
f 3538/3538 3540/3540 3541/3541
f 3240/3240 3541/3541 3540/3540
f 3240/3240 3540/3540 3241/3241
f 3535/3535 3542/3542 3543/3543
f 3535/3535 3543/3543 3536/3536
f 3245/3245 3246/3246 3543/3543
f 3245/3245 3543/3543 3542/3542
f 3238/3238 3245/3245 3542/3542
f 3238/3238 3542/3542 3535/3535
f 3246/3246 3248/3248 3544/3544
f 3246/3246 3544/3544 3543/3543
f 3248/3248 3545/3545 3546/3546
f 3248/3248 3546/3546 3544/3544
f 3547/3547 3251/3251 3548/3548
f 3547/3547 3548/3548 3549/3549
f 3251/3251 3250/3250 3550/3550
f 3251/3251 3550/3550 3548/3548
f 3539/3539 3550/3550 3551/3551
f 3539/3539 3551/3551 3540/3540
f 3250/3250 3252/3252 3551/3551
f 3250/3250 3551/3551 3550/3550
f 3241/3241 3540/3540 3551/3551
f 3241/3241 3551/3551 3252/3252
f 3552/3552 3553/3553 3554/3554
f 3552/3552 3554/3554 3555/3555
f 3257/3257 3256/3256 3553/3553
f 3257/3257 3553/3553 3552/3552
f 3556/3556 3557/3557 3558/3558
f 3556/3556 3558/3558 3559/3559
f 3258/3258 3559/3559 3558/3558
f 3258/3258 3558/3558 3259/3259
f 3553/3553 3560/3560 3561/3561
f 3553/3553 3561/3561 3554/3554
f 3256/3256 3263/3263 3560/3560
f 3256/3256 3560/3560 3553/3553
f 3557/3557 3562/3562 3563/3563
f 3557/3557 3563/3563 3558/3558
f 3259/3259 3558/3558 3563/3563
f 3259/3259 3563/3563 3264/3264
f 3560/3560 3564/3564 3565/3565
f 3560/3560 3565/3565 3561/3561
f 3263/3263 3267/3267 3564/3564
f 3263/3263 3564/3564 3560/3560
f 3562/3562 3566/3566 3567/3567
f 3562/3562 3567/3567 3563/3563
f 3264/3264 3563/3563 3567/3567
f 3264/3264 3567/3567 3268/3268
f 3568/3568 3569/3569 3570/3570
f 3568/3568 3570/3570 3571/3571
f 3273/3273 3272/3272 3569/3569
f 3273/3273 3569/3569 3568/3568
f 3572/3572 3573/3573 3574/3574
f 3572/3572 3574/3574 3575/3575
f 3274/3274 3575/3575 3574/3574
f 3274/3274 3574/3574 3275/3275
f 3576/3576 3577/3577 3578/3578
f 3576/3576 3578/3578 3579/3579
f 3281/3281 3576/3576 3579/3579
f 3281/3281 3579/3579 3282/3282
f 3281/3281 3280/3280 3577/3577
f 3281/3281 3577/3577 3576/3576
f 3282/3282 3579/3579 3580/3580
f 3282/3282 3580/3580 3283/3283
f 3283/3283 3580/3580 3581/3581
f 3283/3283 3581/3581 3582/3582
f 3583/3583 3584/3584 3585/3585
f 3583/3583 3585/3585 3286/3286
f 3286/3286 3585/3585 3586/3586
f 3286/3286 3586/3586 3287/3287
f 3586/3586 3587/3587 3588/3588
f 3586/3586 3588/3588 3589/3589
f 3287/3287 3586/3586 3589/3589
f 3287/3287 3589/3589 3288/3288
f 3288/3288 3589/3589 3588/3588
f 3288/3288 3588/3588 3289/3289
f 3590/3590 3591/3591 3592/3592
f 3590/3590 3592/3592 3593/3593
f 3293/3293 3590/3590 3593/3593
f 3293/3293 3593/3593 3594/3594
f 3293/3293 3292/3292 3591/3591
f 3293/3293 3591/3591 3590/3590
f 3595/3595 3596/3596 3597/3597
f 3595/3595 3597/3597 3598/3598
f 3599/3599 3595/3595 3598/3598
f 3599/3599 3598/3598 3294/3294
f 3294/3294 3598/3598 3597/3597
f 3294/3294 3597/3597 3295/3295
f 3600/3600 3601/3601 3602/3602
f 3600/3600 3602/3602 3603/3603
f 3297/3297 3296/3296 3601/3601
f 3297/3297 3601/3601 3600/3600
f 3604/3604 3605/3605 3606/3606
f 3604/3604 3606/3606 3607/3607
f 3298/3298 3607/3607 3606/3606
f 3298/3298 3606/3606 3299/3299
f 3302/3302 3304/3304 3608/3608
f 3302/3302 3608/3608 3609/3609
f 3303/3303 3302/3302 3609/3609
f 3303/3303 3609/3609 3610/3610
f 3304/3304 3305/3305 3611/3611
f 3304/3304 3611/3611 3608/3608
f 3305/3305 3306/3306 3612/3612
f 3305/3305 3612/3612 3611/3611
f 3308/3308 3307/3307 3613/3613
f 3308/3308 3613/3613 3614/3614
f 3307/3307 3309/3309 3615/3615
f 3307/3307 3615/3615 3613/3613
f 3309/3309 3310/3310 3616/3616
f 3309/3309 3616/3616 3615/3615
f 3311/3311 3617/3617 3616/3616
f 3311/3311 3616/3616 3310/3310
f 3317/3317 3316/3316 3618/3618
f 3317/3317 3618/3618 3619/3619
f 3320/3320 3620/3620 3621/3621
f 3320/3320 3621/3621 3321/3321
f 3622/3622 3623/3623 3624/3624
f 3622/3622 3624/3624 3625/3625
f 3626/3626 3324/3324 3323/3323
f 3626/3626 3323/3323 3627/3627
f 3627/3627 3323/3323 3624/3624
f 3627/3627 3624/3624 3623/3623
f 3626/3626 3622/3622 3625/3625
f 3626/3626 3625/3625 3324/3324
f 3626/3626 3627/3627 3623/3623
f 3626/3626 3623/3623 3622/3622
f 3323/3323 3322/3322 3628/3628
f 3323/3323 3628/3628 3624/3624
f 3324/3324 3625/3625 3629/3629
f 3324/3324 3629/3629 3325/3325
f 3322/3322 3326/3326 3630/3630
f 3322/3322 3630/3630 3628/3628
f 3325/3325 3629/3629 3631/3631
f 3325/3325 3631/3631 3327/3327
f 3326/3326 3328/3328 3632/3632
f 3326/3326 3632/3632 3630/3630
f 3327/3327 3631/3631 3633/3633
f 3327/3327 3633/3633 3329/3329
f 3328/3328 3330/3330 3634/3634
f 3328/3328 3634/3634 3632/3632
f 3329/3329 3633/3633 3635/3635
f 3329/3329 3635/3635 3331/3331
f 3330/3330 3332/3332 3636/3636
f 3330/3330 3636/3636 3634/3634
f 3334/3334 3336/3336 3637/3637
f 3334/3334 3637/3637 3638/3638
f 3336/3336 3337/3337 3639/3639
f 3336/3336 3639/3639 3637/3637
f 3338/3338 3640/3640 3641/3641
f 3338/3338 3641/3641 3339/3339
f 3337/3337 3340/3340 3642/3642
f 3337/3337 3642/3642 3639/3639
f 3339/3339 3641/3641 3643/3643
f 3339/3339 3643/3643 3341/3341
f 3340/3340 3342/3342 3644/3644
f 3340/3340 3644/3644 3642/3642
f 3341/3341 3643/3643 3645/3645
f 3341/3341 3645/3645 3343/3343
f 3342/3342 3344/3344 3646/3646
f 3342/3342 3646/3646 3644/3644
f 3343/3343 3645/3645 3647/3647
f 3343/3343 3647/3647 3345/3345
f 3647/3647 3646/3646 3648/3648
f 3647/3647 3648/3648 3649/3649
f 3345/3345 3650/3650 3651/3651
f 3345/3345 3651/3651 3344/3344
f 3344/3344 3651/3651 3648/3648
f 3344/3344 3648/3648 3646/3646
f 3345/3345 3647/3647 3649/3649
f 3345/3345 3649/3649 3650/3650
f 3650/3650 3649/3649 3648/3648
f 3650/3650 3648/3648 3651/3651
f 3652/3652 3349/3349 3348/3348
f 3652/3652 3348/3348 3653/3653
f 3652/3652 3653/3653 3654/3654
f 3652/3652 3654/3654 3655/3655
f 3352/3352 3656/3656 3657/3657
f 3352/3352 3657/3657 3353/3353
f 3656/3656 3658/3658 3659/3659
f 3656/3656 3659/3659 3657/3657
f 3653/3653 3348/3348 3355/3355
f 3653/3653 3355/3355 3660/3660
f 3653/3653 3660/3660 3661/3661
f 3653/3653 3661/3661 3654/3654
f 3353/3353 3657/3657 3662/3662
f 3353/3353 3662/3662 3357/3357
f 3657/3657 3659/3659 3663/3663
f 3657/3657 3663/3663 3662/3662
f 3359/3359 3361/3361 3664/3664
f 3359/3359 3664/3664 3665/3665
f 3364/3364 3666/3666 3667/3667
f 3364/3364 3667/3667 3365/3365
f 3668/3668 3669/3669 3670/3670
f 3668/3668 3670/3670 3664/3664
f 3671/3671 3361/3361 3366/3366
f 3671/3671 3366/3366 3672/3672
f 3671/3671 3668/3668 3664/3664
f 3671/3671 3664/3664 3361/3361
f 3671/3671 3672/3672 3669/3669
f 3671/3671 3669/3669 3668/3668
f 3667/3667 3673/3673 3674/3674
f 3667/3667 3674/3674 3675/3675
f 3365/3365 3676/3676 3677/3677
f 3365/3365 3677/3677 3367/3367
f 3365/3365 3667/3667 3675/3675
f 3365/3365 3675/3675 3676/3676
f 3676/3676 3675/3675 3674/3674
f 3676/3676 3674/3674 3677/3677
f 3368/3368 3370/3370 3678/3678
f 3368/3368 3678/3678 3679/3679
f 3372/3372 3680/3680 3681/3681
f 3372/3372 3681/3681 3373/3373
f 3678/3678 3682/3682 3683/3683
f 3678/3678 3683/3683 3684/3684
f 3375/3375 3374/3374 3683/3683
f 3375/3375 3683/3683 3682/3682
f 3370/3370 3375/3375 3682/3682
f 3370/3370 3682/3682 3678/3678
f 3374/3374 3380/3380 3685/3685
f 3374/3374 3685/3685 3683/3683
f 3380/3380 3382/3382 3686/3686
f 3380/3380 3686/3686 3685/3685
f 3390/3390 3392/3392 3687/3687
f 3390/3390 3687/3687 3688/3688
f 3392/3392 3377/3377 3689/3689
f 3392/3392 3689/3689 3687/3687
f 3690/3690 3689/3689 3691/3691
f 3690/3690 3691/3691 3681/3681
f 3377/3377 3376/3376 3691/3691
f 3377/3377 3691/3691 3689/3689
f 3373/3373 3681/3681 3691/3691
f 3373/3373 3691/3691 3376/3376
f 3686/3686 3692/3692 3693/3693
f 3686/3686 3693/3693 3694/3694
f 3381/3381 3384/3384 3693/3693
f 3381/3381 3693/3693 3692/3692
f 3382/3382 3381/3381 3692/3692
f 3382/3382 3692/3692 3686/3686
f 3694/3694 3693/3693 3695/3695
f 3694/3694 3695/3695 3696/3696
f 3384/3384 3386/3386 3695/3695
f 3384/3384 3695/3695 3693/3693
f 3696/3696 3695/3695 3697/3697
f 3696/3696 3697/3697 3698/3698
f 3386/3386 3388/3388 3697/3697
f 3386/3386 3697/3697 3695/3695
f 3698/3698 3697/3697 3699/3699
f 3698/3698 3699/3699 3688/3688
f 3388/3388 3389/3389 3699/3699
f 3388/3388 3699/3699 3697/3697
f 3390/3390 3688/3688 3699/3699
f 3390/3390 3699/3699 3389/3389
f 3700/3700 3701/3701 3702/3702
f 3700/3700 3702/3702 3703/3703
f 3422/3422 3424/3424 3702/3702
f 3422/3422 3702/3702 3701/3701
f 3423/3423 3700/3700 3703/3703
f 3423/3423 3703/3703 3425/3425
f 3423/3423 3422/3422 3701/3701
f 3423/3423 3701/3701 3700/3700
f 3424/3424 3704/3704 3705/3705
f 3424/3424 3705/3705 3702/3702
f 3425/3425 3703/3703 3706/3706
f 3425/3425 3706/3706 3426/3426
f 3426/3426 3706/3706 3707/3707
f 3426/3426 3707/3707 3427/3427
f 3427/3427 3707/3707 3708/3708
f 3427/3427 3708/3708 3428/3428
f 3709/3709 3431/3431 3710/3710
f 3709/3709 3710/3710 3711/3711
f 3428/3428 3708/3708 3712/3712
f 3428/3428 3712/3712 3429/3429
f 3712/3712 3710/3710 3713/3713
f 3712/3712 3713/3713 3714/3714
f 3431/3431 3430/3430 3713/3713
f 3431/3431 3713/3713 3710/3710
f 3429/3429 3712/3712 3714/3714
f 3429/3429 3714/3714 3432/3432
f 3432/3432 3714/3714 3713/3713
f 3432/3432 3713/3713 3430/3430
f 3715/3715 3716/3716 3717/3717
f 3715/3715 3717/3717 3718/3718
f 3438/3438 3437/3437 3716/3716
f 3438/3438 3716/3716 3715/3715
f 3718/3718 3717/3717 3719/3719
f 3718/3718 3719/3719 3720/3720
f 3441/3441 3720/3720 3719/3719
f 3441/3441 3719/3719 3442/3442
f 3450/3450 3721/3721 3722/3722
f 3450/3450 3722/3722 3453/3453
f 3450/3450 3449/3449 3723/3723
f 3450/3450 3723/3723 3721/3721
f 3453/3453 3722/3722 3724/3724
f 3453/3453 3724/3724 3454/3454
f 3454/3454 3724/3724 3725/3725
f 3454/3454 3725/3725 3726/3726
f 3727/3727 3728/3728 3729/3729
f 3727/3727 3729/3729 3455/3455
f 3455/3455 3729/3729 3730/3730
f 3455/3455 3730/3730 3456/3456
f 3456/3456 3730/3730 3731/3731
f 3456/3456 3731/3731 3457/3457
f 3457/3457 3731/3731 3732/3732
f 3457/3457 3732/3732 3458/3458
f 3464/3464 3463/3463 3733/3733
f 3464/3464 3733/3733 3734/3734
f 3465/3465 3735/3735 3736/3736
f 3465/3465 3736/3736 3737/3737
f 3465/3465 3464/3464 3734/3734
f 3465/3465 3734/3734 3735/3735
f 3463/3463 3466/3466 3738/3738
f 3463/3463 3738/3738 3733/3733
f 3466/3466 3467/3467 3739/3739
f 3466/3466 3739/3739 3738/3738
f 3467/3467 3468/3468 3740/3740
f 3467/3467 3740/3740 3739/3739
f 3468/3468 3469/3469 3741/3741
f 3468/3468 3741/3741 3740/3740
f 3469/3469 3470/3470 3742/3742
f 3469/3469 3742/3742 3741/3741
f 3470/3470 3471/3471 3743/3743
f 3470/3470 3743/3743 3742/3742
f 3471/3471 3472/3472 3744/3744
f 3471/3471 3744/3744 3743/3743
f 3472/3472 3473/3473 3745/3745
f 3472/3472 3745/3745 3744/3744
f 3473/3473 3474/3474 3746/3746
f 3473/3473 3746/3746 3745/3745
f 3747/3747 3748/3748 3749/3749
f 3747/3747 3749/3749 3475/3475
f 3475/3475 3749/3749 3746/3746
f 3475/3475 3746/3746 3474/3474
f 3750/3750 3751/3751 3752/3752
f 3750/3750 3752/3752 3753/3753
f 3479/3479 3750/3750 3753/3753
f 3479/3479 3753/3753 3480/3480
f 3479/3479 3478/3478 3751/3751
f 3479/3479 3751/3751 3750/3750
f 3480/3480 3753/3753 3754/3754
f 3480/3480 3754/3754 3481/3481
f 3481/3481 3754/3754 3755/3755
f 3481/3481 3755/3755 3482/3482
f 3482/3482 3755/3755 3756/3756
f 3482/3482 3756/3756 3484/3484
f 3484/3484 3756/3756 3757/3757
f 3484/3484 3757/3757 3486/3486
f 3486/3486 3757/3757 3758/3758
f 3486/3486 3758/3758 3488/3488
f 3488/3488 3758/3758 3759/3759
f 3488/3488 3759/3759 3489/3489
f 3759/3759 3760/3760 3761/3761
f 3759/3759 3761/3761 3762/3762
f 3489/3489 3759/3759 3762/3762
f 3489/3489 3762/3762 3490/3490
f 3490/3490 3762/3762 3761/3761
f 3490/3490 3761/3761 3491/3491
f 3763/3763 3764/3764 3765/3765
f 3763/3763 3765/3765 3766/3766
f 3497/3497 3763/3763 3766/3766
f 3497/3497 3766/3766 3767/3767
f 3497/3497 3496/3496 3764/3764
f 3497/3497 3764/3764 3763/3763
f 3768/3768 3769/3769 3770/3770
f 3768/3768 3770/3770 3771/3771
f 3772/3772 3768/3768 3771/3771
f 3772/3772 3771/3771 3499/3499
f 3499/3499 3771/3771 3770/3770
f 3499/3499 3770/3770 3500/3500
f 3773/3773 3774/3774 3775/3775
f 3773/3773 3775/3775 3776/3776
f 3505/3505 3773/3773 3776/3776
f 3505/3505 3776/3776 3777/3777
f 3505/3505 3504/3504 3774/3774
f 3505/3505 3774/3774 3773/3773
f 3778/3778 3779/3779 3780/3780
f 3778/3778 3780/3780 3781/3781
f 3782/3782 3778/3778 3781/3781
f 3782/3782 3781/3781 3506/3506
f 3506/3506 3781/3781 3780/3780
f 3506/3506 3780/3780 3507/3507
f 3783/3783 3784/3784 3785/3785
f 3783/3783 3785/3785 3786/3786
f 3511/3511 3783/3783 3786/3786
f 3511/3511 3786/3786 3512/3512
f 3511/3511 3510/3510 3784/3784
f 3511/3511 3784/3784 3783/3783
f 3787/3787 3788/3788 3789/3789
f 3787/3787 3789/3789 3790/3790
f 3515/3515 3787/3787 3790/3790
f 3515/3515 3790/3790 3516/3516
f 3516/3516 3790/3790 3789/3789
f 3516/3516 3789/3789 3517/3517
f 3784/3784 3791/3791 3792/3792
f 3784/3784 3792/3792 3785/3785
f 3510/3510 3521/3521 3791/3791
f 3510/3510 3791/3791 3784/3784
f 3788/3788 3793/3793 3794/3794
f 3788/3788 3794/3794 3789/3789
f 3517/3517 3789/3789 3794/3794
f 3517/3517 3794/3794 3522/3522
f 3795/3795 3796/3796 3797/3797
f 3795/3795 3797/3797 3798/3798
f 3526/3526 3799/3799 3797/3797
f 3526/3526 3797/3797 3796/3796
f 3527/3527 3526/3526 3796/3796
f 3527/3527 3796/3796 3795/3795
f 3800/3800 3801/3801 3802/3802
f 3800/3800 3802/3802 3803/3803
f 3804/3804 3530/3530 3802/3802
f 3804/3804 3802/3802 3801/3801
f 3529/3529 3803/3803 3802/3802
f 3529/3529 3802/3802 3530/3530
f 3805/3805 3806/3806 3807/3807
f 3805/3805 3807/3807 3808/3808
f 3537/3537 3536/3536 3806/3806
f 3537/3537 3806/3806 3805/3805
f 3809/3809 3810/3810 3811/3811
f 3809/3809 3811/3811 3812/3812
f 3538/3538 3812/3812 3811/3811
f 3538/3538 3811/3811 3539/3539
f 3806/3806 3813/3813 3814/3814
f 3806/3806 3814/3814 3807/3807
f 3543/3543 3544/3544 3814/3814
f 3543/3543 3814/3814 3813/3813
f 3536/3536 3543/3543 3813/3813
f 3536/3536 3813/3813 3806/3806
f 3544/3544 3546/3546 3815/3815
f 3544/3544 3815/3815 3814/3814
f 3546/3546 3816/3816 3817/3817
f 3546/3546 3817/3817 3815/3815
f 3818/3818 3549/3549 3819/3819
f 3818/3818 3819/3819 3820/3820
f 3549/3549 3548/3548 3821/3821
f 3549/3549 3821/3821 3819/3819
f 3810/3810 3821/3821 3822/3822
f 3810/3810 3822/3822 3811/3811
f 3548/3548 3550/3550 3822/3822
f 3548/3548 3822/3822 3821/3821
f 3539/3539 3811/3811 3822/3822
f 3539/3539 3822/3822 3550/3550
f 3823/3823 3824/3824 3825/3825
f 3823/3823 3825/3825 3826/3826
f 3555/3555 3554/3554 3824/3824
f 3555/3555 3824/3824 3823/3823
f 3826/3826 3825/3825 3827/3827
f 3826/3826 3827/3827 3828/3828
f 3828/3828 3827/3827 3829/3829
f 3828/3828 3829/3829 3830/3830
f 3830/3830 3829/3829 3831/3831
f 3830/3830 3831/3831 3832/3832
f 3832/3832 3831/3831 3833/3833
f 3832/3832 3833/3833 3834/3834
f 3834/3834 3833/3833 3835/3835
f 3834/3834 3835/3835 3836/3836
f 3556/3556 3836/3836 3835/3835
f 3556/3556 3835/3835 3557/3557
f 3824/3824 3837/3837 3838/3838
f 3824/3824 3838/3838 3825/3825
f 3554/3554 3561/3561 3837/3837
f 3554/3554 3837/3837 3824/3824
f 3825/3825 3838/3838 3839/3839
f 3825/3825 3839/3839 3827/3827
f 3827/3827 3839/3839 3840/3840
f 3827/3827 3840/3840 3829/3829
f 3829/3829 3840/3840 3841/3841
f 3829/3829 3841/3841 3831/3831
f 3831/3831 3841/3841 3842/3842
f 3831/3831 3842/3842 3833/3833
f 3833/3833 3842/3842 3843/3843
f 3833/3833 3843/3843 3835/3835
f 3557/3557 3835/3835 3843/3843
f 3557/3557 3843/3843 3562/3562
f 3837/3837 3844/3844 3845/3845
f 3837/3837 3845/3845 3838/3838
f 3561/3561 3565/3565 3844/3844
f 3561/3561 3844/3844 3837/3837
f 3838/3838 3845/3845 3846/3846
f 3838/3838 3846/3846 3839/3839
f 3839/3839 3846/3846 3847/3847
f 3839/3839 3847/3847 3840/3840
f 3840/3840 3847/3847 3848/3848
f 3840/3840 3848/3848 3841/3841
f 3841/3841 3848/3848 3849/3849
f 3841/3841 3849/3849 3842/3842
f 3842/3842 3849/3849 3850/3850
f 3842/3842 3850/3850 3843/3843
f 3562/3562 3843/3843 3850/3850
f 3562/3562 3850/3850 3566/3566
f 3851/3851 3852/3852 3853/3853
f 3851/3851 3853/3853 3854/3854
f 3571/3571 3570/3570 3852/3852
f 3571/3571 3852/3852 3851/3851
f 3854/3854 3853/3853 3855/3855
f 3854/3854 3855/3855 3856/3856
f 3856/3856 3855/3855 3857/3857
f 3856/3856 3857/3857 3858/3858
f 3858/3858 3857/3857 3859/3859
f 3858/3858 3859/3859 3860/3860
f 3860/3860 3859/3859 3861/3861
f 3860/3860 3861/3861 3862/3862
f 3862/3862 3861/3861 3863/3863
f 3862/3862 3863/3863 3864/3864
f 3572/3572 3864/3864 3863/3863
f 3572/3572 3863/3863 3573/3573
f 3579/3579 3865/3865 3866/3866
f 3579/3579 3866/3866 3580/3580
f 3579/3579 3578/3578 3867/3867
f 3579/3579 3867/3867 3865/3865
f 3580/3580 3866/3866 3868/3868
f 3580/3580 3868/3868 3581/3581
f 3581/3581 3868/3868 3869/3869
f 3581/3581 3869/3869 3870/3870
f 3871/3871 3872/3872 3873/3873
f 3871/3871 3873/3873 3584/3584
f 3584/3584 3873/3873 3874/3874
f 3584/3584 3874/3874 3585/3585
f 3585/3585 3874/3874 3875/3875
f 3585/3585 3875/3875 3586/3586
f 3586/3586 3875/3875 3876/3876
f 3586/3586 3876/3876 3587/3587
f 3593/3593 3877/3877 3878/3878
f 3593/3593 3878/3878 3879/3879
f 3593/3593 3592/3592 3880/3880
f 3593/3593 3880/3880 3877/3877
f 3881/3881 3882/3882 3883/3883
f 3881/3881 3883/3883 3595/3595
f 3595/3595 3883/3883 3884/3884
f 3595/3595 3884/3884 3596/3596
f 3885/3885 3886/3886 3887/3887
f 3885/3885 3887/3887 3888/3888
f 3603/3603 3602/3602 3886/3886
f 3603/3603 3886/3886 3885/3885
f 3889/3889 3890/3890 3891/3891
f 3889/3889 3891/3891 3892/3892
f 3604/3604 3892/3892 3891/3891
f 3604/3604 3891/3891 3605/3605
f 3893/3893 3894/3894 3895/3895
f 3893/3893 3895/3895 3896/3896
f 3609/3609 3608/3608 3895/3895
f 3609/3609 3895/3895 3894/3894
f 3610/3610 3893/3893 3896/3896
f 3610/3610 3896/3896 3897/3897
f 3610/3610 3609/3609 3894/3894
f 3610/3610 3894/3894 3893/3893
f 3608/3608 3611/3611 3898/3898
f 3608/3608 3898/3898 3895/3895
f 3611/3611 3612/3612 3899/3899
f 3611/3611 3899/3899 3898/3898
f 3614/3614 3613/3613 3900/3900
f 3614/3614 3900/3900 3901/3901
f 3613/3613 3615/3615 3902/3902
f 3613/3613 3902/3902 3900/3900
f 3903/3903 3902/3902 3904/3904
f 3903/3903 3904/3904 3905/3905
f 3615/3615 3616/3616 3904/3904
f 3615/3615 3904/3904 3902/3902
f 3906/3906 3903/3903 3905/3905
f 3906/3906 3905/3905 3617/3617
f 3617/3617 3905/3905 3904/3904
f 3617/3617 3904/3904 3616/3616
f 3619/3619 3618/3618 3907/3907
f 3619/3619 3907/3907 3908/3908
f 3620/3620 3909/3909 3910/3910
f 3620/3620 3910/3910 3621/3621
f 3624/3624 3628/3628 3911/3911
f 3624/3624 3911/3911 3912/3912
f 3625/3625 3913/3913 3914/3914
f 3625/3625 3914/3914 3629/3629
f 3625/3625 3624/3624 3912/3912
f 3625/3625 3912/3912 3913/3913
f 3628/3628 3630/3630 3915/3915
f 3628/3628 3915/3915 3911/3911
f 3629/3629 3914/3914 3916/3916
f 3629/3629 3916/3916 3631/3631
f 3630/3630 3632/3632 3917/3917
f 3630/3630 3917/3917 3915/3915
f 3631/3631 3916/3916 3918/3918
f 3631/3631 3918/3918 3633/3633
f 3632/3632 3634/3634 3919/3919
f 3632/3632 3919/3919 3917/3917
f 3633/3633 3918/3918 3920/3920
f 3633/3633 3920/3920 3635/3635
f 3634/3634 3636/3636 3921/3921
f 3634/3634 3921/3921 3919/3919
f 3638/3638 3637/3637 3922/3922
f 3638/3638 3922/3922 3923/3923
f 3637/3637 3639/3639 3924/3924
f 3637/3637 3924/3924 3922/3922
f 3640/3640 3925/3925 3926/3926
f 3640/3640 3926/3926 3641/3641
f 3639/3639 3642/3642 3927/3927
f 3639/3639 3927/3927 3924/3924
f 3641/3641 3926/3926 3928/3928
f 3641/3641 3928/3928 3643/3643
f 3642/3642 3644/3644 3929/3929
f 3642/3642 3929/3929 3927/3927
f 3643/3643 3928/3928 3930/3930
f 3643/3643 3930/3930 3645/3645
f 3644/3644 3646/3646 3931/3931
f 3644/3644 3931/3931 3929/3929
f 3645/3645 3930/3930 3932/3932
f 3645/3645 3932/3932 3647/3647
f 3647/3647 3932/3932 3931/3931
f 3647/3647 3931/3931 3646/3646
f 3655/3655 3654/3654 3933/3933
f 3655/3655 3933/3933 3934/3934
f 3658/3658 3935/3935 3936/3936
f 3658/3658 3936/3936 3659/3659
f 3654/3654 3661/3661 3937/3937
f 3654/3654 3937/3937 3933/3933
f 3659/3659 3936/3936 3938/3938
f 3659/3659 3938/3938 3663/3663
f 3939/3939 3940/3940 3941/3941
f 3939/3939 3941/3941 3942/3942
f 3943/3943 3665/3665 3664/3664
f 3943/3943 3664/3664 3668/3668
f 3668/3668 3664/3664 3941/3941
f 3668/3668 3941/3941 3940/3940
f 3943/3943 3939/3939 3942/3942
f 3943/3943 3942/3942 3665/3665
f 3943/3943 3668/3668 3940/3940
f 3943/3943 3940/3940 3939/3939
f 3944/3944 3945/3945 3946/3946
f 3944/3944 3946/3946 3947/3947
f 3666/3666 3948/3948 3675/3675
f 3666/3666 3675/3675 3667/3667
f 3667/3667 3675/3675 3946/3946
f 3667/3667 3946/3946 3945/3945
f 3666/3666 3944/3944 3947/3947
f 3666/3666 3947/3947 3948/3948
f 3948/3948 3947/3947 3946/3946
f 3948/3948 3946/3946 3675/3675
f 3664/3664 3670/3670 3949/3949
f 3664/3664 3949/3949 3941/3941
f 3667/3667 3945/3945 3950/3950
f 3667/3667 3950/3950 3673/3673
f 3951/3951 3952/3952 3953/3953
f 3951/3951 3953/3953 3954/3954
f 3678/3678 3684/3684 3953/3953
f 3678/3678 3953/3953 3952/3952
f 3679/3679 3951/3951 3954/3954
f 3679/3679 3954/3954 3955/3955
f 3679/3679 3678/3678 3952/3952
f 3679/3679 3952/3952 3951/3951
f 3956/3956 3957/3957 3958/3958
f 3956/3956 3958/3958 3959/3959
f 3690/3690 3681/3681 3958/3958
f 3690/3690 3958/3958 3957/3957
f 3960/3960 3956/3956 3959/3959
f 3960/3960 3959/3959 3680/3680
f 3680/3680 3959/3959 3958/3958
f 3680/3680 3958/3958 3681/3681
f 3683/3683 3685/3685 3961/3961
f 3683/3683 3961/3961 3962/3962
f 3684/3684 3683/3683 3962/3962
f 3684/3684 3962/3962 3953/3953
f 3685/3685 3686/3686 3963/3963
f 3685/3685 3963/3963 3961/3961
f 3686/3686 3694/3694 3964/3964
f 3686/3686 3964/3964 3963/3963
f 3694/3694 3696/3696 3965/3965
f 3694/3694 3965/3965 3964/3964
f 3696/3696 3698/3698 3966/3966
f 3696/3696 3966/3966 3965/3965
f 3698/3698 3688/3688 3967/3967
f 3698/3698 3967/3967 3966/3966
f 3688/3688 3687/3687 3968/3968
f 3688/3688 3968/3968 3967/3967
f 3687/3687 3689/3689 3969/3969
f 3687/3687 3969/3969 3968/3968
f 3690/3690 3957/3957 3969/3969
f 3690/3690 3969/3969 3689/3689
f 3970/3970 3971/3971 3972/3972
f 3970/3970 3972/3972 3973/3973
f 3702/3702 3705/3705 3972/3972
f 3702/3702 3972/3972 3971/3971
f 3703/3703 3970/3970 3973/3973
f 3703/3703 3973/3973 3706/3706
f 3703/3703 3702/3702 3971/3971
f 3703/3703 3971/3971 3970/3970
f 3973/3973 3972/3972 3974/3974
f 3973/3973 3974/3974 3975/3975
f 3705/3705 3976/3976 3974/3974
f 3705/3705 3974/3974 3972/3972
f 3706/3706 3973/3973 3975/3975
f 3706/3706 3975/3975 3707/3707
f 3975/3975 3974/3974 3977/3977
f 3975/3975 3977/3977 3978/3978
f 3976/3976 3711/3711 3977/3977
f 3976/3976 3977/3977 3974/3974
f 3707/3707 3975/3975 3978/3978
f 3707/3707 3978/3978 3708/3708
f 3978/3978 3977/3977 3979/3979
f 3978/3978 3979/3979 3980/3980
f 3711/3711 3710/3710 3979/3979
f 3711/3711 3979/3979 3977/3977
f 3708/3708 3978/3978 3980/3980
f 3708/3708 3980/3980 3712/3712
f 3712/3712 3980/3980 3979/3979
f 3712/3712 3979/3979 3710/3710
f 3981/3981 3982/3982 3983/3983
f 3981/3981 3983/3983 3984/3984
f 3721/3721 3981/3981 3984/3984
f 3721/3721 3984/3984 3722/3722
f 3721/3721 3723/3723 3982/3982
f 3721/3721 3982/3982 3981/3981
f 3722/3722 3984/3984 3985/3985
f 3722/3722 3985/3985 3724/3724
f 3724/3724 3985/3985 3986/3986
f 3724/3724 3986/3986 3725/3725
f 3725/3725 3986/3986 3987/3987
f 3725/3725 3987/3987 3988/3988
f 3988/3988 3987/3987 3989/3989
f 3988/3988 3989/3989 3728/3728
f 3728/3728 3989/3989 3990/3990
f 3728/3728 3990/3990 3729/3729
f 3729/3729 3990/3990 3991/3991
f 3729/3729 3991/3991 3730/3730
f 3991/3991 3992/3992 3993/3993
f 3991/3991 3993/3993 3994/3994
f 3730/3730 3991/3991 3994/3994
f 3730/3730 3994/3994 3731/3731
f 3731/3731 3994/3994 3993/3993
f 3731/3731 3993/3993 3732/3732
f 3995/3995 3996/3996 3997/3997
f 3995/3995 3997/3997 3998/3998
f 3999/3999 3735/3735 3734/3734
f 3999/3999 3734/3734 4000/4000
f 4000/4000 3734/3734 3997/3997
f 4000/4000 3997/3997 3996/3996
f 3999/3999 3995/3995 3998/3998
f 3999/3999 3998/3998 3735/3735
f 3999/3999 4000/4000 3996/3996
f 3999/3999 3996/3996 3995/3995
f 3734/3734 3733/3733 4001/4001
f 3734/3734 4001/4001 3997/3997
f 3735/3735 3998/3998 4002/4002
f 3735/3735 4002/4002 3736/3736
f 3733/3733 3738/3738 4003/4003
f 3733/3733 4003/4003 4001/4001
f 3738/3738 3739/3739 4004/4004
f 3738/3738 4004/4004 4003/4003
f 3739/3739 3740/3740 4005/4005
f 3739/3739 4005/4005 4004/4004
f 3740/3740 3741/3741 4006/4006
f 3740/3740 4006/4006 4005/4005
f 3741/3741 3742/3742 4007/4007
f 3741/3741 4007/4007 4006/4006
f 3742/3742 3743/3743 4008/4008
f 3742/3742 4008/4008 4007/4007
f 3743/3743 3744/3744 4009/4009
f 3743/3743 4009/4009 4008/4008
f 3744/3744 3745/3745 4010/4010
f 3744/3744 4010/4010 4009/4009
f 3745/3745 3746/3746 4011/4011
f 3745/3745 4011/4011 4010/4010
f 3748/3748 4012/4012 4013/4013
f 3748/3748 4013/4013 3749/3749
f 4013/4013 4011/4011 4014/4014
f 4013/4013 4014/4014 4015/4015
f 3749/3749 4016/4016 4017/4017
f 3749/3749 4017/4017 3746/3746
f 3746/3746 4017/4017 4014/4014
f 3746/3746 4014/4014 4011/4011
f 3749/3749 4013/4013 4015/4015
f 3749/3749 4015/4015 4016/4016
f 4016/4016 4015/4015 4014/4014
f 4016/4016 4014/4014 4017/4017
f 4018/4018 4019/4019 4020/4020
f 4018/4018 4020/4020 4021/4021
f 4021/4021 4020/4020 4022/4022
f 4021/4021 4022/4022 4023/4023
f 4018/4018 4024/4024 4025/4025
f 4018/4018 4025/4025 4019/4019
f 4018/4018 4021/4021 4023/4023
f 4018/4018 4023/4023 4024/4024
f 4019/4019 4026/4026 4027/4027
f 4019/4019 4027/4027 4020/4020
f 4020/4020 4027/4027 4028/4028
f 4020/4020 4028/4028 4022/4022
f 4019/4019 4025/4025 4029/4029
f 4019/4019 4029/4029 4026/4026
f 4026/4026 4029/4029 4028/4028
f 4026/4026 4028/4028 4027/4027
f 4030/4030 4031/4031 4032/4032
f 4030/4030 4032/4032 4033/4033
f 4033/4033 4032/4032 4034/4034
f 4033/4033 4034/4034 4035/4035
f 4030/4030 4036/4036 4037/4037
f 4030/4030 4037/4037 4031/4031
f 4030/4030 4033/4033 4035/4035
f 4030/4030 4035/4035 4036/4036
f 4031/4031 4038/4038 4039/4039
f 4031/4031 4039/4039 4032/4032
f 4032/4032 4039/4039 4040/4040
f 4032/4032 4040/4040 4034/4034
f 4031/4031 4037/4037 4041/4041
f 4031/4031 4041/4041 4038/4038
f 4038/4038 4041/4041 4040/4040
f 4038/4038 4040/4040 4039/4039
f 4042/4042 4043/4043 4044/4044
f 4042/4042 4044/4044 4045/4045
f 3753/3753 4042/4042 4045/4045
f 3753/3753 4045/4045 3754/3754
f 3753/3753 3752/3752 4043/4043
f 3753/3753 4043/4043 4042/4042
f 4045/4045 4044/4044 4046/4046
f 4045/4045 4046/4046 4047/4047
f 3754/3754 4045/4045 4047/4047
f 3754/3754 4047/4047 3755/3755
f 4047/4047 4046/4046 4048/4048
f 4047/4047 4048/4048 4049/4049
f 3755/3755 4047/4047 4049/4049
f 3755/3755 4049/4049 3756/3756
f 4049/4049 4048/4048 4050/4050
f 4049/4049 4050/4050 4051/4051
f 3756/3756 4049/4049 4051/4051
f 3756/3756 4051/4051 3757/3757
f 4051/4051 4050/4050 4052/4052
f 4051/4051 4052/4052 4053/4053
f 3757/3757 4051/4051 4053/4053
f 3757/3757 4053/4053 3758/3758
f 4053/4053 4052/4052 4054/4054
f 4053/4053 4054/4054 4055/4055
f 3758/3758 4053/4053 4055/4055
f 3758/3758 4055/4055 3759/3759
f 3759/3759 4055/4055 4054/4054
f 3759/3759 4054/4054 3760/3760
f 4056/4056 4057/4057 4058/4058
f 4056/4056 4058/4058 4059/4059
f 3766/3766 4056/4056 4059/4059
f 3766/3766 4059/4059 4060/4060
f 3766/3766 3765/3765 4057/4057
f 3766/3766 4057/4057 4056/4056
f 4061/4061 4062/4062 4063/4063
f 4061/4061 4063/4063 4064/4064
f 4065/4065 4061/4061 4064/4064
f 4065/4065 4064/4064 3768/3768
f 3768/3768 4064/4064 4063/4063
f 3768/3768 4063/4063 3769/3769
f 4066/4066 4067/4067 4068/4068
f 4066/4066 4068/4068 4069/4069
f 3776/3776 4066/4066 4069/4069
f 3776/3776 4069/4069 4070/4070
f 3776/3776 3775/3775 4067/4067
f 3776/3776 4067/4067 4066/4066
f 4069/4069 4068/4068 4071/4071
f 4069/4069 4071/4071 4072/4072
f 4073/4073 4074/4074 4075/4075
f 4073/4073 4075/4075 4076/4076
f 4076/4076 4075/4075 4077/4077
f 4076/4076 4077/4077 4078/4078
f 4079/4079 4076/4076 4078/4078
f 4079/4079 4078/4078 3778/3778
f 3778/3778 4078/4078 4077/4077
f 3778/3778 4077/4077 3779/3779
f 4080/4080 4081/4081 4082/4082
f 4080/4080 4082/4082 4083/4083
f 3786/3786 4080/4080 4083/4083
f 3786/3786 4083/4083 4084/4084
f 3786/3786 3785/3785 4081/4081
f 3786/3786 4081/4081 4080/4080
f 4085/4085 4086/4086 4087/4087
f 4085/4085 4087/4087 4088/4088
f 4089/4089 4085/4085 4088/4088
f 4089/4089 4088/4088 3787/3787
f 3787/3787 4088/4088 4087/4087
f 3787/3787 4087/4087 3788/3788
f 4081/4081 4090/4090 4091/4091
f 4081/4081 4091/4091 4082/4082
f 3785/3785 3792/3792 4090/4090
f 3785/3785 4090/4090 4081/4081
f 4086/4086 4092/4092 4093/4093
f 4086/4086 4093/4093 4087/4087
f 3788/3788 4087/4087 4093/4093
f 3788/3788 4093/4093 3793/3793
f 4094/4094 4095/4095 4096/4096
f 4094/4094 4096/4096 4097/4097
f 3797/3797 4098/4098 4096/4096
f 3797/3797 4096/4096 4095/4095
f 3798/3798 3797/3797 4095/4095
f 3798/3798 4095/4095 4094/4094
f 4099/4099 4100/4100 4101/4101
f 4099/4099 4101/4101 4102/4102
f 4103/4103 3801/3801 4101/4101
f 4103/4103 4101/4101 4100/4100
f 3800/3800 4102/4102 4101/4101
f 3800/3800 4101/4101 3801/3801
f 4104/4104 4105/4105 4106/4106
f 4104/4104 4106/4106 4107/4107
f 3808/3808 3807/3807 4105/4105
f 3808/3808 4105/4105 4104/4104
f 4107/4107 4106/4106 4108/4108
f 4107/4107 4108/4108 4109/4109
f 4110/4110 4111/4111 4112/4112
f 4110/4110 4112/4112 4113/4113
f 4113/4113 4112/4112 4114/4114
f 4113/4113 4114/4114 4115/4115
f 3809/3809 4115/4115 4114/4114
f 3809/3809 4114/4114 3810/3810
f 4105/4105 4116/4116 4117/4117
f 4105/4105 4117/4117 4106/4106
f 3814/3814 3815/3815 4117/4117
f 3814/3814 4117/4117 4116/4116
f 3807/3807 3814/3814 4116/4116
f 3807/3807 4116/4116 4105/4105
f 4106/4106 4117/4117 4118/4118
f 4106/4106 4118/4118 4108/4108
f 3815/3815 3817/3817 4118/4118
f 3815/3815 4118/4118 4117/4117
f 3817/3817 4119/4119 4120/4120
f 3817/3817 4120/4120 4118/4118
f 4119/4119 4121/4121 4122/4122
f 4119/4119 4122/4122 4120/4120
f 4121/4121 4123/4123 4124/4124
f 4121/4121 4124/4124 4122/4122
f 4123/4123 4125/4125 4126/4126
f 4123/4123 4126/4126 4124/4124
f 4125/4125 4127/4127 4128/4128
f 4125/4125 4128/4128 4126/4126
f 4127/4127 3820/3820 4129/4129
f 4127/4127 4129/4129 4128/4128
f 4111/4111 4129/4129 4130/4130
f 4111/4111 4130/4130 4112/4112
f 3820/3820 3819/3819 4130/4130
f 3820/3820 4130/4130 4129/4129
f 4112/4112 4130/4130 4131/4131
f 4112/4112 4131/4131 4114/4114
f 3819/3819 3821/3821 4131/4131
f 3819/3819 4131/4131 4130/4130
f 3810/3810 4114/4114 4131/4131
f 3810/3810 4131/4131 3821/3821
f 4132/4132 4133/4133 4134/4134
f 4132/4132 4134/4134 4135/4135
f 3865/3865 4132/4132 4135/4135
f 3865/3865 4135/4135 3866/3866
f 3865/3865 3867/3867 4133/4133
f 3865/3865 4133/4133 4132/4132
f 4135/4135 4134/4134 4136/4136
f 4135/4135 4136/4136 4137/4137
f 3866/3866 4135/4135 4137/4137
f 3866/3866 4137/4137 3868/3868
f 3868/3868 4137/4137 4138/4138
f 3868/3868 4138/4138 3869/3869
f 3869/3869 4138/4138 4139/4139
f 3869/3869 4139/4139 4140/4140
f 4140/4140 4139/4139 4141/4141
f 4140/4140 4141/4141 4142/4142
f 4142/4142 4141/4141 4143/4143
f 4142/4142 4143/4143 4144/4144
f 4144/4144 4143/4143 4145/4145
f 4144/4144 4145/4145 4146/4146
f 4146/4146 4145/4145 4147/4147
f 4146/4146 4147/4147 4148/4148
f 4148/4148 4147/4147 4149/4149
f 4148/4148 4149/4149 3872/3872
f 3872/3872 4149/4149 4150/4150
f 3872/3872 4150/4150 3873/3873
f 4150/4150 4151/4151 4152/4152
f 4150/4150 4152/4152 4153/4153
f 3873/3873 4150/4150 4153/4153
f 3873/3873 4153/4153 3874/3874
f 4153/4153 4152/4152 4154/4154
f 4153/4153 4154/4154 4155/4155
f 3874/3874 4153/4153 4155/4155
f 3874/3874 4155/4155 3875/3875
f 3875/3875 4155/4155 4154/4154
f 3875/3875 4154/4154 3876/3876
f 4156/4156 4157/4157 4158/4158
f 4156/4156 4158/4158 4159/4159
f 3880/3880 4160/4160 4158/4158
f 3880/3880 4158/4158 4157/4157
f 3877/3877 4156/4156 4159/4159
f 3877/3877 4159/4159 3878/3878
f 3877/3877 3880/3880 4157/4157
f 3877/3877 4157/4157 4156/4156
f 4159/4159 4158/4158 4161/4161
f 4159/4159 4161/4161 4162/4162
f 4163/4163 4164/4164 4165/4165
f 4163/4163 4165/4165 4166/4166
f 4166/4166 4165/4165 4167/4167
f 4166/4166 4167/4167 4168/4168
f 4169/4169 3884/3884 4167/4167
f 4169/4169 4167/4167 4165/4165
f 3882/3882 4166/4166 4168/4168
f 3882/3882 4168/4168 3883/3883
f 3883/3883 4168/4168 4167/4167
f 3883/3883 4167/4167 3884/3884
f 4170/4170 4171/4171 4172/4172
f 4170/4170 4172/4172 4173/4173
f 3888/3888 3887/3887 4171/4171
f 3888/3888 4171/4171 4170/4170
f 4174/4174 4175/4175 4176/4176
f 4174/4174 4176/4176 4177/4177
f 3889/3889 4177/4177 4176/4176
f 3889/3889 4176/4176 3890/3890
f 3895/3895 3898/3898 4178/4178
f 3895/3895 4178/4178 4179/4179
f 3896/3896 4180/4180 4181/4181
f 3896/3896 4181/4181 4182/4182
f 3896/3896 3895/3895 4179/4179
f 3896/3896 4179/4179 4180/4180
f 3898/3898 3899/3899 4183/4183
f 3898/3898 4183/4183 4178/4178
f 3901/3901 3900/3900 4184/4184
f 3901/3901 4184/4184 4185/4185
f 3900/3900 3902/3902 4186/4186
f 3900/3900 4186/4186 4184/4184
f 4187/4187 4188/4188 4189/4189
f 4187/4187 4189/4189 3903/3903
f 3903/3903 4189/4189 4186/4186
f 3903/3903 4186/4186 3902/3902
f 4190/4190 4191/4191 4192/4192
f 4190/4190 4192/4192 4193/4193
f 3908/3908 3907/3907 4191/4191
f 3908/3908 4191/4191 4190/4190
f 4194/4194 4195/4195 4196/4196
f 4194/4194 4196/4196 4197/4197
f 3909/3909 4197/4197 4196/4196
f 3909/3909 4196/4196 3910/3910
f 3912/3912 3911/3911 4198/4198
f 3912/3912 4198/4198 4199/4199
f 3913/3913 4200/4200 4201/4201
f 3913/3913 4201/4201 3914/3914
f 3913/3913 3912/3912 4199/4199
f 3913/3913 4199/4199 4200/4200
f 3911/3911 3915/3915 4202/4202
f 3911/3911 4202/4202 4198/4198
f 3914/3914 4201/4201 4203/4203
f 3914/3914 4203/4203 3916/3916
f 3915/3915 3917/3917 4204/4204
f 3915/3915 4204/4204 4202/4202
f 3916/3916 4203/4203 4205/4205
f 3916/3916 4205/4205 3918/3918
f 3917/3917 3919/3919 4206/4206
f 3917/3917 4206/4206 4204/4204
f 3918/3918 4205/4205 4207/4207
f 3918/3918 4207/4207 3920/3920
f 3919/3919 3921/3921 4208/4208
f 3919/3919 4208/4208 4206/4206
f 3923/3923 3922/3922 4209/4209
f 3923/3923 4209/4209 4210/4210
f 3922/3922 3924/3924 4211/4211
f 3922/3922 4211/4211 4209/4209
f 3925/3925 4212/4212 4213/4213
f 3925/3925 4213/4213 3926/3926
f 3924/3924 3927/3927 4214/4214
f 3924/3924 4214/4214 4211/4211
f 3926/3926 4213/4213 4215/4215
f 3926/3926 4215/4215 3928/3928
f 3927/3927 3929/3929 4216/4216
f 3927/3927 4216/4216 4214/4214
f 3928/3928 4215/4215 4217/4217
f 3928/3928 4217/4217 3930/3930
f 3929/3929 3931/3931 4218/4218
f 3929/3929 4218/4218 4216/4216
f 3930/3930 4217/4217 4219/4219
f 3930/3930 4219/4219 3932/3932
f 3932/3932 4219/4219 4218/4218
f 3932/3932 4218/4218 3931/3931
f 3934/3934 3933/3933 4220/4220
f 3934/3934 4220/4220 4221/4221
f 3935/3935 4222/4222 4223/4223
f 3935/3935 4223/4223 3936/3936
f 3933/3933 3937/3937 4224/4224
f 3933/3933 4224/4224 4220/4220
f 3936/3936 4223/4223 4225/4225
f 3936/3936 4225/4225 3938/3938
f 3942/3942 3941/3941 4226/4226
f 3942/3942 4226/4226 4227/4227
f 3944/3944 4228/4228 4229/4229
f 3944/3944 4229/4229 3945/3945
f 4226/4226 4230/4230 4231/4231
f 4226/4226 4231/4231 4232/4232
f 3941/3941 3949/3949 4230/4230
f 3941/3941 4230/4230 4226/4226
f 4233/4233 4234/4234 4235/4235
f 4233/4233 4235/4235 4229/4229
f 3945/3945 4229/4229 4235/4235
f 3945/3945 4235/4235 3950/3950
f 3954/3954 3953/3953 4236/4236
f 3954/3954 4236/4236 4237/4237
f 3956/3956 4238/4238 4239/4239
f 3956/3956 4239/4239 3957/3957
f 4236/4236 4240/4240 4241/4241
f 4236/4236 4241/4241 4242/4242
f 3962/3962 3961/3961 4241/4241
f 3962/3962 4241/4241 4240/4240
f 3953/3953 3962/3962 4240/4240
f 3953/3953 4240/4240 4236/4236
f 4242/4242 4241/4241 4243/4243
f 4242/4242 4243/4243 4244/4244
f 3961/3961 3963/3963 4243/4243
f 3961/3961 4243/4243 4241/4241
f 3963/3963 3964/3964 4245/4245
f 3963/3963 4245/4245 4243/4243
f 3964/3964 3965/3965 4246/4246
f 3964/3964 4246/4246 4245/4245
f 3965/3965 3966/3966 4247/4247
f 3965/3965 4247/4247 4246/4246
f 3966/3966 3967/3967 4248/4248
f 3966/3966 4248/4248 4247/4247
f 4249/4249 4248/4248 4250/4250
f 4249/4249 4250/4250 4251/4251
f 3967/3967 3968/3968 4250/4250
f 3967/3967 4250/4250 4248/4248
f 4251/4251 4250/4250 4252/4252
f 4251/4251 4252/4252 4239/4239
f 3968/3968 3969/3969 4252/4252
f 3968/3968 4252/4252 4250/4250
f 3957/3957 4239/4239 4252/4252
f 3957/3957 4252/4252 3969/3969
f 4253/4253 4254/4254 4255/4255
f 4253/4253 4255/4255 4256/4256
f 3984/3984 4253/4253 4256/4256
f 3984/3984 4256/4256 3985/3985
f 3984/3984 3983/3983 4254/4254
f 3984/3984 4254/4254 4253/4253
f 3985/3985 4256/4256 4257/4257
f 3985/3985 4257/4257 3986/3986
f 3986/3986 4257/4257 4258/4258
f 3986/3986 4258/4258 3987/3987
f 3987/3987 4258/4258 4259/4259
f 3987/3987 4259/4259 3989/3989
f 3989/3989 4259/4259 4260/4260
f 3989/3989 4260/4260 3990/3990
f 4260/4260 4261/4261 4262/4262
f 4260/4260 4262/4262 4263/4263
f 3990/3990 4260/4260 4263/4263
f 3990/3990 4263/4263 3991/3991
f 3991/3991 4263/4263 4262/4262
f 3991/3991 4262/4262 3992/3992
f 3997/3997 4001/4001 4264/4264
f 3997/3997 4264/4264 4265/4265
f 3998/3998 4266/4266 4267/4267
f 3998/3998 4267/4267 4002/4002
f 3998/3998 3997/3997 4265/4265
f 3998/3998 4265/4265 4266/4266
f 4001/4001 4003/4003 4268/4268
f 4001/4001 4268/4268 4264/4264
f 4002/4002 4267/4267 4269/4269
f 4002/4002 4269/4269 4270/4270
f 4003/4003 4004/4004 4271/4271
f 4003/4003 4271/4271 4268/4268
f 4004/4004 4005/4005 4272/4272
f 4004/4004 4272/4272 4271/4271
f 4005/4005 4006/4006 4273/4273
f 4005/4005 4273/4273 4272/4272
f 4006/4006 4007/4007 4274/4274
f 4006/4006 4274/4274 4273/4273
f 4007/4007 4008/4008 4275/4275
f 4007/4007 4275/4275 4274/4274
f 4008/4008 4009/4009 4276/4276
f 4008/4008 4276/4276 4275/4275
f 4009/4009 4010/4010 4277/4277
f 4009/4009 4277/4277 4276/4276
f 4278/4278 4279/4279 4280/4280
f 4278/4278 4280/4280 4012/4012
f 4010/4010 4011/4011 4281/4281
f 4010/4010 4281/4281 4277/4277
f 4012/4012 4280/4280 4282/4282
f 4012/4012 4282/4282 4013/4013
f 4013/4013 4282/4282 4281/4281
f 4013/4013 4281/4281 4011/4011
f 4283/4283 4024/4024 4023/4023
f 4283/4283 4023/4023 4284/4284
f 4284/4284 4023/4023 4285/4285
f 4284/4284 4285/4285 4286/4286
f 4283/4283 4287/4287 4288/4288
f 4283/4283 4288/4288 4024/4024
f 4283/4283 4284/4284 4286/4286
f 4283/4283 4286/4286 4287/4287
f 4023/4023 4022/4022 4289/4289
f 4023/4023 4289/4289 4285/4285
f 4024/4024 4288/4288 4290/4290
f 4024/4024 4290/4290 4025/4025
f 4022/4022 4028/4028 4291/4291
f 4022/4022 4291/4291 4289/4289
f 4025/4025 4290/4290 4292/4292
f 4025/4025 4292/4292 4029/4029
f 4029/4029 4293/4293 4294/4294
f 4029/4029 4294/4294 4028/4028
f 4028/4028 4294/4294 4295/4295
f 4028/4028 4295/4295 4291/4291
f 4029/4029 4292/4292 4296/4296
f 4029/4029 4296/4296 4293/4293
f 4293/4293 4296/4296 4295/4295
f 4293/4293 4295/4295 4294/4294
f 4297/4297 4298/4298 4299/4299
f 4297/4297 4299/4299 4300/4300
f 4035/4035 4034/4034 4299/4299
f 4035/4035 4299/4299 4298/4298
f 4036/4036 4297/4297 4300/4300
f 4036/4036 4300/4300 4037/4037
f 4036/4036 4035/4035 4298/4298
f 4036/4036 4298/4298 4297/4297
f 4300/4300 4299/4299 4301/4301
f 4300/4300 4301/4301 4302/4302
f 4034/4034 4040/4040 4301/4301
f 4034/4034 4301/4301 4299/4299
f 4037/4037 4300/4300 4302/4302
f 4037/4037 4302/4302 4041/4041
f 4041/4041 4302/4302 4301/4301
f 4041/4041 4301/4301 4040/4040
f 4303/4303 4304/4304 4305/4305
f 4303/4303 4305/4305 4306/4306
f 4059/4059 4303/4303 4306/4306
f 4059/4059 4306/4306 4307/4307
f 4059/4059 4058/4058 4304/4304
f 4059/4059 4304/4304 4303/4303
f 4306/4306 4305/4305 4308/4308
f 4306/4306 4308/4308 4309/4309
f 4307/4307 4306/4306 4309/4309
f 4307/4307 4309/4309 4310/4310
f 4309/4309 4308/4308 4311/4311
f 4309/4309 4311/4311 4312/4312
f 4310/4310 4309/4309 4312/4312
f 4310/4310 4312/4312 4313/4313
f 4312/4312 4311/4311 4314/4314
f 4312/4312 4314/4314 4315/4315
f 4313/4313 4312/4312 4315/4315
f 4313/4313 4315/4315 4316/4316
f 4315/4315 4314/4314 4317/4317
f 4315/4315 4317/4317 4318/4318
f 4316/4316 4315/4315 4318/4318
f 4316/4316 4318/4318 4319/4319
f 4318/4318 4317/4317 4320/4320
f 4318/4318 4320/4320 4321/4321
f 4319/4319 4318/4318 4321/4321
f 4319/4319 4321/4321 4061/4061
f 4061/4061 4321/4321 4320/4320
f 4061/4061 4320/4320 4062/4062
f 4322/4322 4323/4323 4324/4324
f 4322/4322 4324/4324 4325/4325
f 4072/4072 4071/4071 4323/4323
f 4072/4072 4323/4323 4322/4322
f 4325/4325 4324/4324 4326/4326
f 4325/4325 4326/4326 4327/4327
f 4327/4327 4326/4326 4328/4328
f 4327/4327 4328/4328 4329/4329
f 4329/4329 4328/4328 4330/4330
f 4329/4329 4330/4330 4331/4331
f 4331/4331 4330/4330 4332/4332
f 4331/4331 4332/4332 4333/4333
f 4333/4333 4332/4332 4334/4334
f 4333/4333 4334/4334 4335/4335
f 4073/4073 4335/4335 4334/4334
f 4073/4073 4334/4334 4074/4074
f 4336/4336 4337/4337 4338/4338
f 4336/4336 4338/4338 4339/4339
f 4083/4083 4336/4336 4339/4339
f 4083/4083 4339/4339 4340/4340
f 4083/4083 4082/4082 4337/4337
f 4083/4083 4337/4337 4336/4336
f 4339/4339 4338/4338 4341/4341
f 4339/4339 4341/4341 4342/4342
f 4340/4340 4339/4339 4342/4342
f 4340/4340 4342/4342 4343/4343
f 4344/4344 4345/4345 4346/4346
f 4344/4344 4346/4346 4347/4347
f 4348/4348 4344/4344 4347/4347
f 4348/4348 4347/4347 4349/4349
f 4347/4347 4346/4346 4350/4350
f 4347/4347 4350/4350 4351/4351
f 4349/4349 4347/4347 4351/4351
f 4349/4349 4351/4351 4085/4085
f 4085/4085 4351/4351 4350/4350
f 4085/4085 4350/4350 4086/4086
f 4337/4337 4352/4352 4353/4353
f 4337/4337 4353/4353 4338/4338
f 4082/4082 4091/4091 4352/4352
f 4082/4082 4352/4352 4337/4337
f 4338/4338 4353/4353 4354/4354
f 4338/4338 4354/4354 4341/4341
f 4345/4345 4355/4355 4356/4356
f 4345/4345 4356/4356 4346/4346
f 4346/4346 4356/4356 4357/4357
f 4346/4346 4357/4357 4350/4350
f 4086/4086 4350/4350 4357/4357
f 4086/4086 4357/4357 4092/4092
f 4358/4358 4359/4359 4360/4360
f 4358/4358 4360/4360 4361/4361
f 4096/4096 4362/4362 4360/4360
f 4096/4096 4360/4360 4359/4359
f 4097/4097 4096/4096 4359/4359
f 4097/4097 4359/4359 4358/4358
f 4361/4361 4360/4360 4363/4363
f 4361/4361 4363/4363 4364/4364
f 4362/4362 4365/4365 4363/4363
f 4362/4362 4363/4363 4360/4360
f 4366/4366 4367/4367 4368/4368
f 4366/4366 4368/4368 4369/4369
f 4370/4370 4371/4371 4368/4368
f 4370/4370 4368/4368 4367/4367
f 4369/4369 4368/4368 4372/4372
f 4369/4369 4372/4372 4373/4373
f 4371/4371 4100/4100 4372/4372
f 4371/4371 4372/4372 4368/4368
f 4099/4099 4373/4373 4372/4372
f 4099/4099 4372/4372 4100/4100
f 4374/4374 4375/4375 4376/4376
f 4374/4374 4376/4376 4377/4377
f 4109/4109 4108/4108 4375/4375
f 4109/4109 4375/4375 4374/4374
f 4377/4377 4376/4376 4378/4378
f 4377/4377 4378/4378 4379/4379
f 4379/4379 4378/4378 4380/4380
f 4379/4379 4380/4380 4381/4381
f 4381/4381 4380/4380 4382/4382
f 4381/4381 4382/4382 4383/4383
f 4383/4383 4382/4382 4384/4384
f 4383/4383 4384/4384 4385/4385
f 4385/4385 4384/4384 4386/4386
f 4385/4385 4386/4386 4387/4387
f 4110/4110 4387/4387 4386/4386
f 4110/4110 4386/4386 4111/4111
f 4375/4375 4388/4388 4389/4389
f 4375/4375 4389/4389 4376/4376
f 4118/4118 4120/4120 4389/4389
f 4118/4118 4389/4389 4388/4388
f 4108/4108 4118/4118 4388/4388
f 4108/4108 4388/4388 4375/4375
f 4376/4376 4389/4389 4390/4390
f 4376/4376 4390/4390 4378/4378
f 4120/4120 4122/4122 4390/4390
f 4120/4120 4390/4390 4389/4389
f 4378/4378 4390/4390 4391/4391
f 4378/4378 4391/4391 4380/4380
f 4122/4122 4124/4124 4391/4391
f 4122/4122 4391/4391 4390/4390
f 4380/4380 4391/4391 4392/4392
f 4380/4380 4392/4392 4382/4382
f 4124/4124 4126/4126 4392/4392
f 4124/4124 4392/4392 4391/4391
f 4382/4382 4392/4392 4393/4393
f 4382/4382 4393/4393 4384/4384
f 4126/4126 4128/4128 4393/4393
f 4126/4126 4393/4393 4392/4392
f 4384/4384 4393/4393 4394/4394
f 4384/4384 4394/4394 4386/4386
f 4128/4128 4129/4129 4394/4394
f 4128/4128 4394/4394 4393/4393
f 4111/4111 4386/4386 4394/4394
f 4111/4111 4394/4394 4129/4129
f 4395/4395 4396/4396 4397/4397
f 4395/4395 4397/4397 4398/4398
f 4137/4137 4395/4395 4398/4398
f 4137/4137 4398/4398 4138/4138
f 4137/4137 4136/4136 4396/4396
f 4137/4137 4396/4396 4395/4395
f 4398/4398 4397/4397 4399/4399
f 4398/4398 4399/4399 4400/4400
f 4138/4138 4398/4398 4400/4400
f 4138/4138 4400/4400 4139/4139
f 4139/4139 4400/4400 4401/4401
f 4139/4139 4401/4401 4141/4141
f 4141/4141 4401/4401 4402/4402
f 4141/4141 4402/4402 4143/4143
f 4143/4143 4402/4402 4403/4403
f 4143/4143 4403/4403 4145/4145
f 4145/4145 4403/4403 4404/4404
f 4145/4145 4404/4404 4147/4147
f 4404/4404 4405/4405 4406/4406
f 4404/4404 4406/4406 4407/4407
f 4147/4147 4404/4404 4407/4407
f 4147/4147 4407/4407 4149/4149
f 4407/4407 4406/4406 4408/4408
f 4407/4407 4408/4408 4409/4409
f 4149/4149 4407/4407 4409/4409
f 4149/4149 4409/4409 4150/4150
f 4150/4150 4409/4409 4408/4408
f 4150/4150 4408/4408 4151/4151
f 4410/4410 4411/4411 4412/4412
f 4410/4410 4412/4412 4413/4413
f 4162/4162 4410/4410 4413/4413
f 4162/4162 4413/4413 4414/4414
f 4162/4162 4161/4161 4411/4411
f 4162/4162 4411/4411 4410/4410
f 4415/4415 4416/4416 4417/4417
f 4415/4415 4417/4417 4418/4418
f 4419/4419 4415/4415 4418/4418
f 4419/4419 4418/4418 4163/4163
f 4163/4163 4418/4418 4417/4417
f 4163/4163 4417/4417 4164/4164
f 4420/4420 4421/4421 4422/4422
f 4420/4420 4422/4422 4423/4423
f 4173/4173 4172/4172 4421/4421
f 4173/4173 4421/4421 4420/4420
f 4423/4423 4422/4422 4424/4424
f 4423/4423 4424/4424 4425/4425
f 4426/4426 4427/4427 4428/4428
f 4426/4426 4428/4428 4429/4429
f 4429/4429 4428/4428 4430/4430
f 4429/4429 4430/4430 4431/4431
f 4174/4174 4431/4431 4430/4430
f 4174/4174 4430/4430 4175/4175
f 4432/4432 4433/4433 4434/4434
f 4432/4432 4434/4434 4435/4435
f 4179/4179 4178/4178 4434/4434
f 4179/4179 4434/4434 4433/4433
f 4180/4180 4432/4432 4435/4435
f 4180/4180 4435/4435 4181/4181
f 4180/4180 4179/4179 4433/4433
f 4180/4180 4433/4433 4432/4432
f 4178/4178 4183/4183 4436/4436
f 4178/4178 4436/4436 4434/4434
f 4181/4181 4435/4435 4437/4437
f 4181/4181 4437/4437 4438/4438
f 4183/4183 4439/4439 4440/4440
f 4183/4183 4440/4440 4436/4436
f 4441/4441 4185/4185 4442/4442
f 4441/4441 4442/4442 4443/4443
f 4185/4185 4184/4184 4444/4444
f 4185/4185 4444/4444 4442/4442
f 4445/4445 4446/4446 4447/4447
f 4445/4445 4447/4447 4188/4188
f 4447/4447 4444/4444 4448/4448
f 4447/4447 4448/4448 4449/4449
f 4184/4184 4186/4186 4448/4448
f 4184/4184 4448/4448 4444/4444
f 4188/4188 4447/4447 4449/4449
f 4188/4188 4449/4449 4189/4189
f 4189/4189 4449/4449 4448/4448
f 4189/4189 4448/4448 4186/4186
f 4193/4193 4192/4192 4450/4450
f 4193/4193 4450/4450 4451/4451
f 4194/4194 4452/4452 4453/4453
f 4194/4194 4453/4453 4195/4195
f 4199/4199 4198/4198 4454/4454
f 4199/4199 4454/4454 4455/4455
f 4200/4200 4456/4456 4457/4457
f 4200/4200 4457/4457 4201/4201
f 4200/4200 4199/4199 4455/4455
f 4200/4200 4455/4455 4456/4456
f 4198/4198 4202/4202 4458/4458
f 4198/4198 4458/4458 4454/4454
f 4201/4201 4457/4457 4459/4459
f 4201/4201 4459/4459 4203/4203
f 4202/4202 4204/4204 4460/4460
f 4202/4202 4460/4460 4458/4458
f 4203/4203 4459/4459 4461/4461
f 4203/4203 4461/4461 4205/4205
f 4204/4204 4206/4206 4462/4462
f 4204/4204 4462/4462 4460/4460
f 4205/4205 4461/4461 4463/4463
f 4205/4205 4463/4463 4207/4207
f 4206/4206 4208/4208 4464/4464
f 4206/4206 4464/4464 4462/4462
f 4207/4207 4463/4463 4465/4465
f 4207/4207 4465/4465 4466/4466
f 4210/4210 4209/4209 4467/4467
f 4210/4210 4467/4467 4468/4468
f 4469/4469 4470/4470 4471/4471
f 4469/4469 4471/4471 4212/4212
f 4209/4209 4211/4211 4472/4472
f 4209/4209 4472/4472 4467/4467
f 4212/4212 4471/4471 4473/4473
f 4212/4212 4473/4473 4213/4213
f 4211/4211 4214/4214 4474/4474
f 4211/4211 4474/4474 4472/4472
f 4213/4213 4473/4473 4475/4475
f 4213/4213 4475/4475 4215/4215
f 4214/4214 4216/4216 4476/4476
f 4214/4214 4476/4476 4474/4474
f 4215/4215 4475/4475 4477/4477
f 4215/4215 4477/4477 4217/4217
f 4216/4216 4218/4218 4478/4478
f 4216/4216 4478/4478 4476/4476
f 4217/4217 4477/4477 4479/4479
f 4217/4217 4479/4479 4219/4219
f 4219/4219 4479/4479 4478/4478
f 4219/4219 4478/4478 4218/4218
f 4480/4480 4481/4481 4482/4482
f 4480/4480 4482/4482 4483/4483
f 4221/4221 4220/4220 4481/4481
f 4221/4221 4481/4481 4480/4480
f 4484/4484 4485/4485 4486/4486
f 4484/4484 4486/4486 4487/4487
f 4222/4222 4487/4487 4486/4486
f 4222/4222 4486/4486 4223/4223
f 4481/4481 4488/4488 4489/4489
f 4481/4481 4489/4489 4482/4482
f 4220/4220 4224/4224 4488/4488
f 4220/4220 4488/4488 4481/4481
f 4485/4485 4490/4490 4491/4491
f 4485/4485 4491/4491 4486/4486
f 4223/4223 4486/4486 4491/4491
f 4223/4223 4491/4491 4225/4225
f 4492/4492 4493/4493 4494/4494
f 4492/4492 4494/4494 4495/4495
f 4226/4226 4232/4232 4494/4494
f 4226/4226 4494/4494 4493/4493
f 4227/4227 4226/4226 4493/4493
f 4227/4227 4493/4493 4492/4492
f 4496/4496 4497/4497 4498/4498
f 4496/4496 4498/4498 4499/4499
f 4233/4233 4229/4229 4498/4498
f 4233/4233 4498/4498 4497/4497
f 4228/4228 4499/4499 4498/4498
f 4228/4228 4498/4498 4229/4229
f 4494/4494 4500/4500 4501/4501
f 4494/4494 4501/4501 4502/4502
f 4232/4232 4231/4231 4500/4500
f 4232/4232 4500/4500 4494/4494
f 4503/4503 4504/4504 4505/4505
f 4503/4503 4505/4505 4497/4497
f 4233/4233 4497/4497 4505/4505
f 4233/4233 4505/4505 4234/4234
f 4506/4506 4507/4507 4508/4508
f 4506/4506 4508/4508 4509/4509
f 4236/4236 4242/4242 4508/4508
f 4236/4236 4508/4508 4507/4507
f 4237/4237 4506/4506 4509/4509
f 4237/4237 4509/4509 4510/4510
f 4237/4237 4236/4236 4507/4507
f 4237/4237 4507/4507 4506/4506
f 4509/4509 4508/4508 4511/4511
f 4509/4509 4511/4511 4512/4512
f 4242/4242 4244/4244 4511/4511
f 4242/4242 4511/4511 4508/4508
f 4513/4513 4514/4514 4515/4515
f 4513/4513 4515/4515 4516/4516
f 4249/4249 4251/4251 4515/4515
f 4249/4249 4515/4515 4514/4514
f 4516/4516 4515/4515 4517/4517
f 4516/4516 4517/4517 4518/4518
f 4251/4251 4239/4239 4517/4517
f 4251/4251 4517/4517 4515/4515
f 4519/4519 4516/4516 4518/4518
f 4519/4519 4518/4518 4238/4238
f 4238/4238 4518/4518 4517/4517
f 4238/4238 4517/4517 4239/4239
f 4511/4511 4520/4520 4521/4521
f 4511/4511 4521/4521 4522/4522
f 4243/4243 4245/4245 4521/4521
f 4243/4243 4521/4521 4520/4520
f 4244/4244 4243/4243 4520/4520
f 4244/4244 4520/4520 4511/4511
f 4522/4522 4521/4521 4523/4523
f 4522/4522 4523/4523 4524/4524
f 4245/4245 4246/4246 4523/4523
f 4245/4245 4523/4523 4521/4521
f 4524/4524 4523/4523 4525/4525
f 4524/4524 4525/4525 4526/4526
f 4246/4246 4247/4247 4525/4525
f 4246/4246 4525/4525 4523/4523
f 4526/4526 4525/4525 4527/4527
f 4526/4526 4527/4527 4514/4514
f 4247/4247 4248/4248 4527/4527
f 4247/4247 4527/4527 4525/4525
f 4249/4249 4514/4514 4527/4527
f 4249/4249 4527/4527 4248/4248
f 4528/4528 4529/4529 4530/4530
f 4528/4528 4530/4530 4531/4531
f 4256/4256 4528/4528 4531/4531
f 4256/4256 4531/4531 4257/4257
f 4256/4256 4255/4255 4529/4529
f 4256/4256 4529/4529 4528/4528
f 4531/4531 4530/4530 4532/4532
f 4531/4531 4532/4532 4533/4533
f 4257/4257 4531/4531 4533/4533
f 4257/4257 4533/4533 4258/4258
f 4533/4533 4532/4532 4534/4534
f 4533/4533 4534/4534 4535/4535
f 4258/4258 4533/4533 4535/4535
f 4258/4258 4535/4535 4259/4259
f 4535/4535 4534/4534 4536/4536
f 4535/4535 4536/4536 4537/4537
f 4259/4259 4535/4535 4537/4537
f 4259/4259 4537/4537 4260/4260
f 4260/4260 4537/4537 4536/4536
f 4260/4260 4536/4536 4261/4261
f 4265/4265 4264/4264 4538/4538
f 4265/4265 4538/4538 4539/4539
f 4266/4266 4540/4540 4541/4541
f 4266/4266 4541/4541 4267/4267
f 4266/4266 4265/4265 4539/4539
f 4266/4266 4539/4539 4540/4540
f 4264/4264 4268/4268 4542/4542
f 4264/4264 4542/4542 4538/4538
f 4267/4267 4541/4541 4543/4543
f 4267/4267 4543/4543 4269/4269
f 4268/4268 4271/4271 4544/4544
f 4268/4268 4544/4544 4542/4542
f 4269/4269 4543/4543 4545/4545
f 4269/4269 4545/4545 4546/4546
f 4271/4271 4272/4272 4547/4547
f 4271/4271 4547/4547 4544/4544
f 4272/4272 4273/4273 4548/4548
f 4272/4272 4548/4548 4547/4547
f 4273/4273 4274/4274 4549/4549
f 4273/4273 4549/4549 4548/4548
f 4274/4274 4275/4275 4550/4550
f 4274/4274 4550/4550 4549/4549
f 4275/4275 4276/4276 4551/4551
f 4275/4275 4551/4551 4550/4550
f 4552/4552 4553/4553 4554/4554
f 4552/4552 4554/4554 4279/4279
f 4276/4276 4277/4277 4555/4555
f 4276/4276 4555/4555 4551/4551
f 4279/4279 4554/4554 4556/4556
f 4279/4279 4556/4556 4280/4280
f 4277/4277 4281/4281 4557/4557
f 4277/4277 4557/4557 4555/4555
f 4280/4280 4556/4556 4558/4558
f 4280/4280 4558/4558 4282/4282
f 4282/4282 4558/4558 4557/4557
f 4282/4282 4557/4557 4281/4281
f 4559/4559 4560/4560 4561/4561
f 4559/4559 4561/4561 4562/4562
f 4286/4286 4285/4285 4561/4561
f 4286/4286 4561/4561 4560/4560
f 4287/4287 4559/4559 4562/4562
f 4287/4287 4562/4562 4288/4288
f 4287/4287 4286/4286 4560/4560
f 4287/4287 4560/4560 4559/4559
f 4288/4288 4562/4562 4563/4563
f 4288/4288 4563/4563 4290/4290
f 4290/4290 4563/4563 4564/4564
f 4290/4290 4564/4564 4292/4292
f 4564/4564 4565/4565 4566/4566
f 4564/4564 4566/4566 4567/4567
f 4291/4291 4295/4295 4566/4566
f 4291/4291 4566/4566 4565/4565
f 4292/4292 4564/4564 4567/4567
f 4292/4292 4567/4567 4296/4296
f 4296/4296 4567/4567 4566/4566
f 4296/4296 4566/4566 4295/4295
f 4568/4568 4569/4569 4570/4570
f 4568/4568 4570/4570 4571/4571
f 4572/4572 4573/4573 4574/4574
f 4572/4572 4574/4574 4575/4575
f 4572/4572 4575/4575 4569/4569
f 4572/4572 4569/4569 4568/4568
f 4571/4571 4570/4570 4576/4576
f 4571/4571 4576/4576 4577/4577
f 4573/4573 4578/4578 4579/4579
f 4573/4573 4579/4579 4574/4574
f 4578/4578 4577/4577 4576/4576
f 4578/4578 4576/4576 4579/4579
f 4569/4569 4580/4580 4581/4581
f 4569/4569 4581/4581 4570/4570
f 4575/4575 4574/4574 4582/4582
f 4575/4575 4582/4582 4583/4583
f 4583/4583 4582/4582 4581/4581
f 4583/4583 4581/4581 4580/4580
f 4575/4575 4583/4583 4580/4580
f 4575/4575 4580/4580 4569/4569
f 4570/4570 4581/4581 4584/4584
f 4570/4570 4584/4584 4576/4576
f 4574/4574 4579/4579 4585/4585
f 4574/4574 4585/4585 4582/4582
f 4582/4582 4585/4585 4584/4584
f 4582/4582 4584/4584 4581/4581
f 4579/4579 4576/4576 4584/4584
f 4579/4579 4584/4584 4585/4585
f 4586/4586 4587/4587 4588/4588
f 4586/4586 4588/4588 4589/4589
f 4342/4342 4586/4586 4589/4589
f 4342/4342 4589/4589 4590/4590
f 4342/4342 4341/4341 4587/4587
f 4342/4342 4587/4587 4586/4586
f 4589/4589 4588/4588 4591/4591
f 4589/4589 4591/4591 4592/4592
f 4590/4590 4589/4589 4592/4592
f 4590/4590 4592/4592 4593/4593
f 4592/4592 4591/4591 4594/4594
f 4592/4592 4594/4594 4595/4595
f 4593/4593 4592/4592 4595/4595
f 4593/4593 4595/4595 4596/4596
f 4595/4595 4594/4594 4597/4597
f 4595/4595 4597/4597 4598/4598
f 4596/4596 4595/4595 4598/4598
f 4596/4596 4598/4598 4599/4599
f 4598/4598 4597/4597 4600/4600
f 4598/4598 4600/4600 4601/4601
f 4599/4599 4598/4598 4601/4601
f 4599/4599 4601/4601 4602/4602
f 4601/4601 4600/4600 4603/4603
f 4601/4601 4603/4603 4604/4604
f 4602/4602 4601/4601 4604/4604
f 4602/4602 4604/4604 4344/4344
f 4344/4344 4604/4604 4603/4603
f 4344/4344 4603/4603 4345/4345
f 4587/4587 4605/4605 4606/4606
f 4587/4587 4606/4606 4588/4588
f 4341/4341 4354/4354 4605/4605
f 4341/4341 4605/4605 4587/4587
f 4588/4588 4606/4606 4607/4607
f 4588/4588 4607/4607 4591/4591
f 4591/4591 4607/4607 4608/4608
f 4591/4591 4608/4608 4594/4594
f 4594/4594 4608/4608 4609/4609
f 4594/4594 4609/4609 4597/4597
f 4597/4597 4609/4609 4610/4610
f 4597/4597 4610/4610 4600/4600
f 4600/4600 4610/4610 4611/4611
f 4600/4600 4611/4611 4603/4603
f 4345/4345 4603/4603 4611/4611
f 4345/4345 4611/4611 4355/4355
f 4612/4612 4613/4613 4614/4614
f 4612/4612 4614/4614 4615/4615
f 4363/4363 4616/4616 4614/4614
f 4363/4363 4614/4614 4613/4613
f 4364/4364 4363/4363 4613/4613
f 4364/4364 4613/4613 4612/4612
f 4615/4615 4614/4614 4617/4617
f 4615/4615 4617/4617 4618/4618
f 4616/4616 4619/4619 4617/4617
f 4616/4616 4617/4617 4614/4614
f 4618/4618 4617/4617 4620/4620
f 4618/4618 4620/4620 4621/4621
f 4619/4619 4622/4622 4620/4620
f 4619/4619 4620/4620 4617/4617
f 4621/4621 4620/4620 4623/4623
f 4621/4621 4623/4623 4624/4624
f 4622/4622 4625/4625 4623/4623
f 4622/4622 4623/4623 4620/4620
f 4624/4624 4623/4623 4626/4626
f 4624/4624 4626/4626 4627/4627
f 4625/4625 4628/4628 4626/4626
f 4625/4625 4626/4626 4623/4623
f 4627/4627 4626/4626 4629/4629
f 4627/4627 4629/4629 4630/4630
f 4628/4628 4367/4367 4629/4629
f 4628/4628 4629/4629 4626/4626
f 4366/4366 4630/4630 4629/4629
f 4366/4366 4629/4629 4367/4367
f 4631/4631 4632/4632 4633/4633
f 4631/4631 4633/4633 4634/4634
f 4400/4400 4631/4631 4634/4634
f 4400/4400 4634/4634 4401/4401
f 4400/4400 4399/4399 4632/4632
f 4400/4400 4632/4632 4631/4631
f 4634/4634 4633/4633 4635/4635
f 4634/4634 4635/4635 4636/4636
f 4401/4401 4634/4634 4636/4636
f 4401/4401 4636/4636 4402/4402
f 4636/4636 4635/4635 4637/4637
f 4636/4636 4637/4637 4638/4638
f 4402/4402 4636/4636 4638/4638
f 4402/4402 4638/4638 4403/4403
f 4638/4638 4637/4637 4639/4639
f 4638/4638 4639/4639 4640/4640
f 4403/4403 4638/4638 4640/4640
f 4403/4403 4640/4640 4404/4404
f 4404/4404 4640/4640 4639/4639
f 4404/4404 4639/4639 4405/4405
f 4641/4641 4642/4642 4643/4643
f 4641/4641 4643/4643 4644/4644
f 4412/4412 4645/4645 4643/4643
f 4412/4412 4643/4643 4642/4642
f 4413/4413 4641/4641 4644/4644
f 4413/4413 4644/4644 4646/4646
f 4413/4413 4412/4412 4642/4642
f 4413/4413 4642/4642 4641/4641
f 4644/4644 4643/4643 4647/4647
f 4644/4644 4647/4647 4648/4648
f 4646/4646 4644/4644 4648/4648
f 4646/4646 4648/4648 4649/4649
f 4648/4648 4647/4647 4650/4650
f 4648/4648 4650/4650 4651/4651
f 4651/4651 4650/4650 4652/4652
f 4651/4651 4652/4652 4653/4653
f 4653/4653 4652/4652 4654/4654
f 4653/4653 4654/4654 4655/4655
f 4655/4655 4654/4654 4656/4656
f 4655/4655 4656/4656 4657/4657
f 4657/4657 4656/4656 4658/4658
f 4657/4657 4658/4658 4659/4659
f 4660/4660 4657/4657 4659/4659
f 4660/4660 4659/4659 4661/4661
f 4659/4659 4658/4658 4662/4662
f 4659/4659 4662/4662 4663/4663
f 4664/4664 4416/4416 4662/4662
f 4664/4664 4662/4662 4658/4658
f 4661/4661 4659/4659 4663/4663
f 4661/4661 4663/4663 4415/4415
f 4415/4415 4663/4663 4662/4662
f 4415/4415 4662/4662 4416/4416
f 4665/4665 4666/4666 4667/4667
f 4665/4665 4667/4667 4668/4668
f 4425/4425 4424/4424 4666/4666
f 4425/4425 4666/4666 4665/4665
f 4668/4668 4667/4667 4669/4669
f 4668/4668 4669/4669 4670/4670
f 4670/4670 4669/4669 4671/4671
f 4670/4670 4671/4671 4672/4672
f 4672/4672 4671/4671 4673/4673
f 4672/4672 4673/4673 4674/4674
f 4674/4674 4673/4673 4675/4675
f 4674/4674 4675/4675 4676/4676
f 4676/4676 4675/4675 4677/4677
f 4676/4676 4677/4677 4678/4678
f 4426/4426 4678/4678 4677/4677
f 4426/4426 4677/4677 4427/4427
f 4679/4679 4680/4680 4681/4681
f 4679/4679 4681/4681 4682/4682
f 4434/4434 4436/4436 4681/4681
f 4434/4434 4681/4681 4680/4680
f 4435/4435 4679/4679 4682/4682
f 4435/4435 4682/4682 4437/4437
f 4435/4435 4434/4434 4680/4680
f 4435/4435 4680/4680 4679/4679
f 4682/4682 4681/4681 4683/4683
f 4682/4682 4683/4683 4684/4684
f 4436/4436 4440/4440 4683/4683
f 4436/4436 4683/4683 4681/4681
f 4437/4437 4682/4682 4684/4684
f 4437/4437 4684/4684 4685/4685
f 4685/4685 4684/4684 4686/4686
f 4685/4685 4686/4686 4687/4687
f 4688/4688 4689/4689 4690/4690
f 4688/4688 4690/4690 4691/4691
f 4690/4690 4692/4692 4693/4693
f 4690/4690 4693/4693 4694/4694
f 4443/4443 4442/4442 4693/4693
f 4443/4443 4693/4693 4692/4692
f 4691/4691 4690/4690 4694/4694
f 4691/4691 4694/4694 4446/4446
f 4694/4694 4693/4693 4695/4695
f 4694/4694 4695/4695 4696/4696
f 4442/4442 4444/4444 4695/4695
f 4442/4442 4695/4695 4693/4693
f 4446/4446 4694/4694 4696/4696
f 4446/4446 4696/4696 4447/4447
f 4447/4447 4696/4696 4695/4695
f 4447/4447 4695/4695 4444/4444
f 4697/4697 4698/4698 4699/4699
f 4697/4697 4699/4699 4700/4700
f 4451/4451 4450/4450 4698/4698
f 4451/4451 4698/4698 4697/4697
f 4700/4700 4699/4699 4701/4701
f 4700/4700 4701/4701 4702/4702
f 4703/4703 4704/4704 4705/4705
f 4703/4703 4705/4705 4706/4706
f 4706/4706 4705/4705 4707/4707
f 4706/4706 4707/4707 4708/4708
f 4452/4452 4708/4708 4707/4707
f 4452/4452 4707/4707 4453/4453
f 4709/4709 4710/4710 4711/4711
f 4709/4709 4711/4711 4712/4712
f 4455/4455 4454/4454 4711/4711
f 4455/4455 4711/4711 4710/4710
f 4456/4456 4709/4709 4712/4712
f 4456/4456 4712/4712 4457/4457
f 4456/4456 4455/4455 4710/4710
f 4456/4456 4710/4710 4709/4709
f 4454/4454 4458/4458 4713/4713
f 4454/4454 4713/4713 4711/4711
f 4457/4457 4712/4712 4714/4714
f 4457/4457 4714/4714 4459/4459
f 4458/4458 4460/4460 4715/4715
f 4458/4458 4715/4715 4713/4713
f 4459/4459 4714/4714 4716/4716
f 4459/4459 4716/4716 4461/4461
f 4460/4460 4462/4462 4717/4717
f 4460/4460 4717/4717 4715/4715
f 4461/4461 4716/4716 4718/4718
f 4461/4461 4718/4718 4463/4463
f 4462/4462 4464/4464 4719/4719
f 4462/4462 4719/4719 4717/4717
f 4463/4463 4718/4718 4720/4720
f 4463/4463 4720/4720 4465/4465
f 4464/4464 4721/4721 4722/4722
f 4464/4464 4722/4722 4719/4719
f 4723/4723 4468/4468 4724/4724
f 4723/4723 4724/4724 4725/4725
f 4468/4468 4467/4467 4726/4726
f 4468/4468 4726/4726 4724/4724
f 4470/4470 4727/4727 4728/4728
f 4470/4470 4728/4728 4471/4471
f 4467/4467 4472/4472 4729/4729
f 4467/4467 4729/4729 4726/4726
f 4471/4471 4728/4728 4730/4730
f 4471/4471 4730/4730 4473/4473
f 4472/4472 4474/4474 4731/4731
f 4472/4472 4731/4731 4729/4729
f 4473/4473 4730/4730 4732/4732
f 4473/4473 4732/4732 4475/4475
f 4474/4474 4476/4476 4733/4733
f 4474/4474 4733/4733 4731/4731
f 4475/4475 4732/4732 4734/4734
f 4475/4475 4734/4734 4477/4477
f 4734/4734 4733/4733 4735/4735
f 4734/4734 4735/4735 4736/4736
f 4476/4476 4478/4478 4735/4735
f 4476/4476 4735/4735 4733/4733
f 4477/4477 4734/4734 4736/4736
f 4477/4477 4736/4736 4479/4479
f 4479/4479 4736/4736 4735/4735
f 4479/4479 4735/4735 4478/4478
f 4737/4737 4738/4738 4739/4739
f 4737/4737 4739/4739 4740/4740
f 4483/4483 4482/4482 4738/4738
f 4483/4483 4738/4738 4737/4737
f 4741/4741 4742/4742 4743/4743
f 4741/4741 4743/4743 4744/4744
f 4484/4484 4744/4744 4743/4743
f 4484/4484 4743/4743 4485/4485
f 4738/4738 4745/4745 4746/4746
f 4738/4738 4746/4746 4739/4739
f 4482/4482 4489/4489 4745/4745
f 4482/4482 4745/4745 4738/4738
f 4742/4742 4747/4747 4748/4748
f 4742/4742 4748/4748 4743/4743
f 4485/4485 4743/4743 4748/4748
f 4485/4485 4748/4748 4490/4490
f 4749/4749 4750/4750 4751/4751
f 4749/4749 4751/4751 4752/4752
f 4494/4494 4502/4502 4751/4751
f 4494/4494 4751/4751 4750/4750
f 4495/4495 4494/4494 4750/4750
f 4495/4495 4750/4750 4749/4749
f 4753/4753 4754/4754 4755/4755
f 4753/4753 4755/4755 4756/4756
f 4503/4503 4497/4497 4755/4755
f 4503/4503 4755/4755 4754/4754
f 4496/4496 4756/4756 4755/4755
f 4496/4496 4755/4755 4497/4497
f 4751/4751 4757/4757 4758/4758
f 4751/4751 4758/4758 4759/4759
f 4502/4502 4501/4501 4757/4757
f 4502/4502 4757/4757 4751/4751
f 4759/4759 4758/4758 4760/4760
f 4759/4759 4760/4760 4761/4761
f 4761/4761 4760/4760 4762/4762
f 4761/4761 4762/4762 4763/4763
f 4763/4763 4762/4762 4764/4764
f 4763/4763 4764/4764 4754/4754
f 4503/4503 4754/4754 4764/4764
f 4503/4503 4764/4764 4504/4504
f 4765/4765 4766/4766 4767/4767
f 4765/4765 4767/4767 4768/4768
f 4511/4511 4522/4522 4767/4767
f 4511/4511 4767/4767 4766/4766
f 4512/4512 4511/4511 4766/4766
f 4512/4512 4766/4766 4765/4765
f 4768/4768 4767/4767 4769/4769
f 4768/4768 4769/4769 4770/4770
f 4522/4522 4524/4524 4769/4769
f 4522/4522 4769/4769 4767/4767
f 4770/4770 4769/4769 4771/4771
f 4770/4770 4771/4771 4772/4772
f 4524/4524 4526/4526 4771/4771
f 4524/4524 4771/4771 4769/4769
f 4772/4772 4771/4771 4773/4773
f 4772/4772 4773/4773 4774/4774
f 4526/4526 4514/4514 4773/4773
f 4526/4526 4773/4773 4771/4771
f 4513/4513 4774/4774 4773/4773
f 4513/4513 4773/4773 4514/4514
f 4775/4775 4776/4776 4777/4777
f 4775/4775 4777/4777 4778/4778
f 4539/4539 4538/4538 4777/4777
f 4539/4539 4777/4777 4776/4776
f 4540/4540 4775/4775 4778/4778
f 4540/4540 4778/4778 4541/4541
f 4540/4540 4539/4539 4776/4776
f 4540/4540 4776/4776 4775/4775
f 4538/4538 4542/4542 4779/4779
f 4538/4538 4779/4779 4777/4777
f 4541/4541 4778/4778 4780/4780
f 4541/4541 4780/4780 4543/4543
f 4542/4542 4544/4544 4781/4781
f 4542/4542 4781/4781 4779/4779
f 4543/4543 4780/4780 4782/4782
f 4543/4543 4782/4782 4545/4545
f 4544/4544 4547/4547 4783/4783
f 4544/4544 4783/4783 4781/4781
f 4545/4545 4782/4782 4784/4784
f 4545/4545 4784/4784 4785/4785
f 4785/4785 4784/4784 4786/4786
f 4785/4785 4786/4786 4787/4787
f 4787/4787 4786/4786 4788/4788
f 4787/4787 4788/4788 4789/4789
f 4549/4549 4550/4550 4790/4790
f 4549/4549 4790/4790 4791/4791
f 4789/4789 4788/4788 4792/4792
f 4789/4789 4792/4792 4553/4553
f 4550/4550 4551/4551 4793/4793
f 4550/4550 4793/4793 4790/4790
f 4553/4553 4792/4792 4794/4794
f 4553/4553 4794/4794 4554/4554
f 4551/4551 4555/4555 4795/4795
f 4551/4551 4795/4795 4793/4793
f 4554/4554 4794/4794 4796/4796
f 4554/4554 4796/4796 4556/4556
f 4796/4796 4795/4795 4797/4797
f 4796/4796 4797/4797 4798/4798
f 4555/4555 4557/4557 4797/4797
f 4555/4555 4797/4797 4795/4795
f 4556/4556 4796/4796 4798/4798
f 4556/4556 4798/4798 4558/4558
f 4558/4558 4798/4798 4797/4797
f 4558/4558 4797/4797 4557/4557
f 4799/4799 4800/4800 4801/4801
f 4799/4799 4801/4801 4802/4802
f 4799/4799 4802/4802 4803/4803
f 4799/4799 4803/4803 4804/4804
f 4800/4800 4805/4805 4806/4806
f 4800/4800 4806/4806 4801/4801
f 4805/4805 4807/4807 4808/4808
f 4805/4805 4808/4808 4806/4806
f 4809/4809 4810/4810 4811/4811
f 4809/4809 4811/4811 4812/4812
f 4561/4561 4813/4813 4811/4811
f 4561/4561 4811/4811 4810/4810
f 4562/4562 4561/4561 4810/4810
f 4562/4562 4810/4810 4809/4809
f 4812/4812 4811/4811 4814/4814
f 4812/4812 4814/4814 4815/4815
f 4813/4813 4565/4565 4814/4814
f 4813/4813 4814/4814 4811/4811
f 4564/4564 4815/4815 4814/4814
f 4564/4564 4814/4814 4565/4565
f 4816/4816 4817/4817 4818/4818
f 4816/4816 4818/4818 4819/4819
f 4683/4683 4820/4820 4818/4818
f 4683/4683 4818/4818 4817/4817
f 4684/4684 4816/4816 4819/4819
f 4684/4684 4819/4819 4686/4686
f 4684/4684 4683/4683 4817/4817
f 4684/4684 4817/4817 4816/4816
f 4819/4819 4818/4818 4821/4821
f 4819/4819 4821/4821 4822/4822
f 4820/4820 4823/4823 4821/4821
f 4820/4820 4821/4821 4818/4818
f 4686/4686 4819/4819 4822/4822
f 4686/4686 4822/4822 4824/4824
f 4822/4822 4821/4821 4825/4825
f 4822/4822 4825/4825 4826/4826
f 4824/4824 4822/4822 4826/4826
f 4824/4824 4826/4826 4827/4827
f 4827/4827 4826/4826 4828/4828
f 4827/4827 4828/4828 4829/4829
f 4829/4829 4828/4828 4830/4830
f 4829/4829 4830/4830 4831/4831
f 4830/4830 4832/4832 4833/4833
f 4830/4830 4833/4833 4834/4834
f 4831/4831 4830/4830 4834/4834
f 4831/4831 4834/4834 4835/4835
f 4834/4834 4833/4833 4836/4836
f 4834/4834 4836/4836 4837/4837
f 4838/4838 4839/4839 4836/4836
f 4838/4838 4836/4836 4833/4833
f 4835/4835 4834/4834 4837/4837
f 4835/4835 4837/4837 4689/4689
f 4837/4837 4836/4836 4840/4840
f 4837/4837 4840/4840 4841/4841
f 4839/4839 4692/4692 4840/4840
f 4839/4839 4840/4840 4836/4836
f 4689/4689 4837/4837 4841/4841
f 4689/4689 4841/4841 4690/4690
f 4690/4690 4841/4841 4840/4840
f 4690/4690 4840/4840 4692/4692
f 4842/4842 4843/4843 4844/4844
f 4842/4842 4844/4844 4845/4845
f 4702/4702 4701/4701 4843/4843
f 4702/4702 4843/4843 4842/4842
f 4845/4845 4844/4844 4846/4846
f 4845/4845 4846/4846 4847/4847
f 4847/4847 4846/4846 4848/4848
f 4847/4847 4848/4848 4849/4849
f 4849/4849 4848/4848 4850/4850
f 4849/4849 4850/4850 4851/4851
f 4703/4703 4851/4851 4850/4850
f 4703/4703 4850/4850 4704/4704
f 4852/4852 4853/4853 4854/4854
f 4852/4852 4854/4854 4855/4855
f 4711/4711 4713/4713 4854/4854
f 4711/4711 4854/4854 4853/4853
f 4712/4712 4852/4852 4855/4855
f 4712/4712 4855/4855 4714/4714
f 4712/4712 4711/4711 4853/4853
f 4712/4712 4853/4853 4852/4852
f 4713/4713 4715/4715 4856/4856
f 4713/4713 4856/4856 4854/4854
f 4714/4714 4855/4855 4857/4857
f 4714/4714 4857/4857 4716/4716
f 4715/4715 4717/4717 4858/4858
f 4715/4715 4858/4858 4856/4856
f 4716/4716 4857/4857 4859/4859
f 4716/4716 4859/4859 4718/4718
f 4717/4717 4719/4719 4860/4860
f 4717/4717 4860/4860 4858/4858
f 4718/4718 4859/4859 4861/4861
f 4718/4718 4861/4861 4720/4720
f 4719/4719 4722/4722 4862/4862
f 4719/4719 4862/4862 4860/4860
f 4720/4720 4861/4861 4863/4863
f 4720/4720 4863/4863 4864/4864
f 4722/4722 4865/4865 4866/4866
f 4722/4722 4866/4866 4862/4862
f 4864/4864 4863/4863 4867/4867
f 4864/4864 4867/4867 4868/4868
f 4869/4869 4725/4725 4870/4870
f 4869/4869 4870/4870 4871/4871
f 4872/4872 4873/4873 4874/4874
f 4872/4872 4874/4874 4875/4875
f 4725/4725 4724/4724 4876/4876
f 4725/4725 4876/4876 4870/4870
f 4875/4875 4874/4874 4877/4877
f 4875/4875 4877/4877 4727/4727
f 4724/4724 4726/4726 4878/4878
f 4724/4724 4878/4878 4876/4876
f 4727/4727 4877/4877 4879/4879
f 4727/4727 4879/4879 4728/4728
f 4726/4726 4729/4729 4880/4880
f 4726/4726 4880/4880 4878/4878
f 4728/4728 4879/4879 4881/4881
f 4728/4728 4881/4881 4730/4730
f 4729/4729 4731/4731 4882/4882
f 4729/4729 4882/4882 4880/4880
f 4730/4730 4881/4881 4883/4883
f 4730/4730 4883/4883 4732/4732
f 4883/4883 4882/4882 4884/4884
f 4883/4883 4884/4884 4885/4885
f 4731/4731 4733/4733 4884/4884
f 4731/4731 4884/4884 4882/4882
f 4732/4732 4883/4883 4885/4885
f 4732/4732 4885/4885 4734/4734
f 4734/4734 4885/4885 4884/4884
f 4734/4734 4884/4884 4733/4733
f 4886/4886 4887/4887 4888/4888
f 4886/4886 4888/4888 4889/4889
f 4740/4740 4739/4739 4887/4887
f 4740/4740 4887/4887 4886/4886
f 4889/4889 4888/4888 4890/4890
f 4889/4889 4890/4890 4891/4891
f 4891/4891 4890/4890 4892/4892
f 4891/4891 4892/4892 4893/4893
f 4893/4893 4892/4892 4894/4894
f 4893/4893 4894/4894 4895/4895
f 4741/4741 4895/4895 4894/4894
f 4741/4741 4894/4894 4742/4742
f 4887/4887 4896/4896 4897/4897
f 4887/4887 4897/4897 4888/4888
f 4739/4739 4746/4746 4896/4896
f 4739/4739 4896/4896 4887/4887
f 4888/4888 4897/4897 4898/4898
f 4888/4888 4898/4898 4890/4890
f 4890/4890 4898/4898 4899/4899
f 4890/4890 4899/4899 4892/4892
f 4892/4892 4899/4899 4900/4900
f 4892/4892 4900/4900 4894/4894
f 4742/4742 4894/4894 4900/4900
f 4742/4742 4900/4900 4747/4747
f 4901/4901 4902/4902 4903/4903
f 4901/4901 4903/4903 4904/4904
f 4751/4751 4759/4759 4903/4903
f 4751/4751 4903/4903 4902/4902
f 4752/4752 4751/4751 4902/4902
f 4752/4752 4902/4902 4901/4901
f 4904/4904 4903/4903 4905/4905
f 4904/4904 4905/4905 4906/4906
f 4759/4759 4761/4761 4905/4905
f 4759/4759 4905/4905 4903/4903
f 4906/4906 4905/4905 4907/4907
f 4906/4906 4907/4907 4908/4908
f 4761/4761 4763/4763 4907/4907
f 4761/4761 4907/4907 4905/4905
f 4908/4908 4907/4907 4909/4909
f 4908/4908 4909/4909 4910/4910
f 4763/4763 4754/4754 4909/4909
f 4763/4763 4909/4909 4907/4907
f 4753/4753 4910/4910 4909/4909
f 4753/4753 4909/4909 4754/4754
f 4911/4911 4912/4912 4913/4913
f 4911/4911 4913/4913 4914/4914
f 4777/4777 4779/4779 4913/4913
f 4777/4777 4913/4913 4912/4912
f 4778/4778 4911/4911 4914/4914
f 4778/4778 4914/4914 4780/4780
f 4778/4778 4777/4777 4912/4912
f 4778/4778 4912/4912 4911/4911
f 4914/4914 4913/4913 4915/4915
f 4914/4914 4915/4915 4916/4916
f 4779/4779 4781/4781 4915/4915
f 4779/4779 4915/4915 4913/4913
f 4780/4780 4914/4914 4916/4916
f 4780/4780 4916/4916 4782/4782
f 4781/4781 4783/4783 4917/4917
f 4781/4781 4917/4917 4915/4915
f 4782/4782 4916/4916 4918/4918
f 4782/4782 4918/4918 4784/4784
f 4784/4784 4918/4918 4919/4919
f 4784/4784 4919/4919 4786/4786
f 4786/4786 4919/4919 4920/4920
f 4786/4786 4920/4920 4788/4788
f 4791/4791 4790/4790 4921/4921
f 4791/4791 4921/4921 4922/4922
f 4788/4788 4920/4920 4923/4923
f 4788/4788 4923/4923 4792/4792
f 4923/4923 4921/4921 4924/4924
f 4923/4923 4924/4924 4925/4925
f 4790/4790 4793/4793 4924/4924
f 4790/4790 4924/4924 4921/4921
f 4792/4792 4923/4923 4925/4925
f 4792/4792 4925/4925 4794/4794
f 4925/4925 4924/4924 4926/4926
f 4925/4925 4926/4926 4927/4927
f 4793/4793 4795/4795 4926/4926
f 4793/4793 4926/4926 4924/4924
f 4794/4794 4925/4925 4927/4927
f 4794/4794 4927/4927 4796/4796
f 4796/4796 4927/4927 4926/4926
f 4796/4796 4926/4926 4795/4795
f 4928/4928 4929/4929 4930/4930
f 4928/4928 4930/4930 4931/4931
f 4803/4803 4932/4932 4930/4930
f 4803/4803 4930/4930 4929/4929
f 4804/4804 4803/4803 4929/4929
f 4804/4804 4929/4929 4928/4928
f 4931/4931 4930/4930 4933/4933
f 4931/4931 4933/4933 4934/4934
f 4932/4932 4808/4808 4933/4933
f 4932/4932 4933/4933 4930/4930
f 4807/4807 4934/4934 4933/4933
f 4807/4807 4933/4933 4808/4808
f 4935/4935 4936/4936 4937/4937
f 4935/4935 4937/4937 4938/4938
f 4825/4825 4939/4939 4937/4937
f 4825/4825 4937/4937 4936/4936
f 4826/4826 4935/4935 4938/4938
f 4826/4826 4938/4938 4828/4828
f 4826/4826 4825/4825 4936/4936
f 4826/4826 4936/4936 4935/4935
f 4938/4938 4937/4937 4940/4940
f 4938/4938 4940/4940 4941/4941
f 4939/4939 4832/4832 4940/4940
f 4939/4939 4940/4940 4937/4937
f 4828/4828 4938/4938 4941/4941
f 4828/4828 4941/4941 4830/4830
f 4830/4830 4941/4941 4940/4940
f 4830/4830 4940/4940 4832/4832
f 4942/4942 4943/4943 4944/4944
f 4942/4942 4944/4944 4945/4945
f 4854/4854 4856/4856 4944/4944
f 4854/4854 4944/4944 4943/4943
f 4855/4855 4942/4942 4945/4945
f 4855/4855 4945/4945 4857/4857
f 4855/4855 4854/4854 4943/4943
f 4855/4855 4943/4943 4942/4942
f 4856/4856 4858/4858 4946/4946
f 4856/4856 4946/4946 4944/4944
f 4857/4857 4945/4945 4947/4947
f 4857/4857 4947/4947 4859/4859
f 4858/4858 4860/4860 4948/4948
f 4858/4858 4948/4948 4946/4946
f 4859/4859 4947/4947 4949/4949
f 4859/4859 4949/4949 4861/4861
f 4860/4860 4862/4862 4950/4950
f 4860/4860 4950/4950 4948/4948
f 4861/4861 4949/4949 4951/4951
f 4861/4861 4951/4951 4863/4863
f 4862/4862 4866/4866 4952/4952
f 4862/4862 4952/4952 4950/4950
f 4863/4863 4951/4951 4953/4953
f 4863/4863 4953/4953 4867/4867
f 4866/4866 4954/4954 4955/4955
f 4866/4866 4955/4955 4952/4952
f 4867/4867 4953/4953 4956/4956
f 4867/4867 4956/4956 4957/4957
f 4954/4954 4958/4958 4959/4959
f 4954/4954 4959/4959 4955/4955
f 4957/4957 4956/4956 4960/4960
f 4957/4957 4960/4960 4961/4961
f 4958/4958 4962/4962 4963/4963
f 4958/4958 4963/4963 4959/4959
f 4961/4961 4960/4960 4964/4964
f 4961/4961 4964/4964 4965/4965
f 4962/4962 4871/4871 4966/4966
f 4962/4962 4966/4966 4963/4963
f 4965/4965 4964/4964 4967/4967
f 4965/4965 4967/4967 4873/4873
f 4871/4871 4870/4870 4968/4968
f 4871/4871 4968/4968 4966/4966
f 4873/4873 4967/4967 4969/4969
f 4873/4873 4969/4969 4874/4874
f 4870/4870 4876/4876 4970/4970
f 4870/4870 4970/4970 4968/4968
f 4874/4874 4969/4969 4971/4971
f 4874/4874 4971/4971 4877/4877
f 4876/4876 4878/4878 4972/4972
f 4876/4876 4972/4972 4970/4970
f 4877/4877 4971/4971 4973/4973
f 4877/4877 4973/4973 4879/4879
f 4878/4878 4880/4880 4974/4974
f 4878/4878 4974/4974 4972/4972
f 4879/4879 4973/4973 4975/4975
f 4879/4879 4975/4975 4881/4881
f 4975/4975 4974/4974 4976/4976
f 4975/4975 4976/4976 4977/4977
f 4880/4880 4882/4882 4976/4976
f 4880/4880 4976/4976 4974/4974
f 4881/4881 4975/4975 4977/4977
f 4881/4881 4977/4977 4883/4883
f 4883/4883 4977/4977 4976/4976
f 4883/4883 4976/4976 4882/4882
f 4978/4978 4979/4979 4980/4980
f 4978/4978 4980/4980 4981/4981
f 4915/4915 4917/4917 4980/4980
f 4915/4915 4980/4980 4979/4979
f 4916/4916 4978/4978 4981/4981
f 4916/4916 4981/4981 4918/4918
f 4916/4916 4915/4915 4979/4979
f 4916/4916 4979/4979 4978/4978
f 4981/4981 4980/4980 4982/4982
f 4981/4981 4982/4982 4983/4983
f 4917/4917 4984/4984 4982/4982
f 4917/4917 4982/4982 4980/4980
f 4918/4918 4981/4981 4983/4983
f 4918/4918 4983/4983 4919/4919
f 4983/4983 4982/4982 4985/4985
f 4983/4983 4985/4985 4986/4986
f 4984/4984 4922/4922 4985/4985
f 4984/4984 4985/4985 4982/4982
f 4919/4919 4983/4983 4986/4986
f 4919/4919 4986/4986 4920/4920
f 4986/4986 4985/4985 4987/4987
f 4986/4986 4987/4987 4988/4988
f 4922/4922 4921/4921 4987/4987
f 4922/4922 4987/4987 4985/4985
f 4920/4920 4986/4986 4988/4988
f 4920/4920 4988/4988 4923/4923
f 4923/4923 4988/4988 4987/4987
f 4923/4923 4987/4987 4921/4921
f 4989/4989 4990/4990 4991/4991
f 4989/4989 4991/4991 4992/4992
f 4944/4944 4946/4946 4991/4991
f 4944/4944 4991/4991 4990/4990
f 4945/4945 4989/4989 4992/4992
f 4945/4945 4992/4992 4947/4947
f 4945/4945 4944/4944 4990/4990
f 4945/4945 4990/4990 4989/4989
f 4946/4946 4948/4948 4993/4993
f 4946/4946 4993/4993 4991/4991
f 4947/4947 4992/4992 4994/4994
f 4947/4947 4994/4994 4949/4949
f 4948/4948 4950/4950 4995/4995
f 4948/4948 4995/4995 4993/4993
f 4949/4949 4994/4994 4996/4996
f 4949/4949 4996/4996 4951/4951
f 4950/4950 4952/4952 4997/4997
f 4950/4950 4997/4997 4995/4995
f 4951/4951 4996/4996 4998/4998
f 4951/4951 4998/4998 4953/4953
f 4952/4952 4955/4955 4999/4999
f 4952/4952 4999/4999 4997/4997
f 4953/4953 4998/4998 5000/5000
f 4953/4953 5000/5000 4956/4956
f 4955/4955 4959/4959 5001/5001
f 4955/4955 5001/5001 4999/4999
f 4956/4956 5000/5000 5002/5002
f 4956/4956 5002/5002 4960/4960
f 4959/4959 4963/4963 5003/5003
f 4959/4959 5003/5003 5001/5001
f 4960/4960 5002/5002 5004/5004
f 4960/4960 5004/5004 4964/4964
f 4963/4963 4966/4966 5005/5005
f 4963/4963 5005/5005 5003/5003
f 4964/4964 5004/5004 5006/5006
f 4964/4964 5006/5006 4967/4967
f 4966/4966 4968/4968 5007/5007
f 4966/4966 5007/5007 5005/5005
f 4967/4967 5006/5006 5008/5008
f 4967/4967 5008/5008 4969/4969
f 4968/4968 4970/4970 5009/5009
f 4968/4968 5009/5009 5007/5007
f 4969/4969 5008/5008 5010/5010
f 4969/4969 5010/5010 4971/4971
f 4970/4970 4972/4972 5011/5011
f 4970/4970 5011/5011 5009/5009
f 4971/4971 5010/5010 5012/5012
f 4971/4971 5012/5012 4973/4973
f 5012/5012 5011/5011 5013/5013
f 5012/5012 5013/5013 5014/5014
f 4972/4972 4974/4974 5013/5013
f 4972/4972 5013/5013 5011/5011
f 4973/4973 5012/5012 5014/5014
f 4973/4973 5014/5014 4975/4975
f 4975/4975 5014/5014 5013/5013
f 4975/4975 5013/5013 4974/4974
f 5015/5015 5016/5016 5017/5017
f 5015/5015 5017/5017 5018/5018
f 4991/4991 4993/4993 5017/5017
f 4991/4991 5017/5017 5016/5016
f 4992/4992 5015/5015 5018/5018
f 4992/4992 5018/5018 4994/4994
f 4992/4992 4991/4991 5016/5016
f 4992/4992 5016/5016 5015/5015
f 5018/5018 5017/5017 5019/5019
f 5018/5018 5019/5019 5020/5020
f 4993/4993 4995/4995 5019/5019
f 4993/4993 5019/5019 5017/5017
f 4994/4994 5018/5018 5020/5020
f 4994/4994 5020/5020 4996/4996
f 4995/4995 4997/4997 5021/5021
f 4995/4995 5021/5021 5019/5019
f 4996/4996 5020/5020 5022/5022
f 4996/4996 5022/5022 4998/4998
f 4997/4997 4999/4999 5023/5023
f 4997/4997 5023/5023 5021/5021
f 4998/4998 5022/5022 5024/5024
f 4998/4998 5024/5024 5000/5000
f 4999/4999 5001/5001 5025/5025
f 4999/4999 5025/5025 5023/5023
f 5000/5000 5024/5024 5026/5026
f 5000/5000 5026/5026 5002/5002
f 5001/5001 5003/5003 5027/5027
f 5001/5001 5027/5027 5025/5025
f 5002/5002 5026/5026 5028/5028
f 5002/5002 5028/5028 5004/5004
f 5003/5003 5005/5005 5029/5029
f 5003/5003 5029/5029 5027/5027
f 5004/5004 5028/5028 5030/5030
f 5004/5004 5030/5030 5006/5006
f 5005/5005 5007/5007 5031/5031
f 5005/5005 5031/5031 5029/5029
f 5006/5006 5030/5030 5032/5032
f 5006/5006 5032/5032 5008/5008
f 5032/5032 5031/5031 5033/5033
f 5032/5032 5033/5033 5034/5034
f 5007/5007 5009/5009 5033/5033
f 5007/5007 5033/5033 5031/5031
f 5008/5008 5032/5032 5034/5034
f 5008/5008 5034/5034 5010/5010
f 5034/5034 5033/5033 5035/5035
f 5034/5034 5035/5035 5036/5036
f 5009/5009 5011/5011 5035/5035
f 5009/5009 5035/5035 5033/5033
f 5010/5010 5034/5034 5036/5036
f 5010/5010 5036/5036 5012/5012
f 5012/5012 5036/5036 5035/5035
f 5012/5012 5035/5035 5011/5011
f 5037/5037 5038/5038 5039/5039
f 5037/5037 5039/5039 5040/5040
f 5019/5019 5021/5021 5039/5039
f 5019/5019 5039/5039 5038/5038
f 5020/5020 5037/5037 5040/5040
f 5020/5020 5040/5040 5022/5022
f 5020/5020 5019/5019 5038/5038
f 5020/5020 5038/5038 5037/5037
f 5040/5040 5039/5039 5041/5041
f 5040/5040 5041/5041 5042/5042
f 5021/5021 5023/5023 5041/5041
f 5021/5021 5041/5041 5039/5039
f 5022/5022 5040/5040 5042/5042
f 5022/5022 5042/5042 5024/5024
f 5042/5042 5041/5041 5043/5043
f 5042/5042 5043/5043 5044/5044
f 5023/5023 5025/5025 5043/5043
f 5023/5023 5043/5043 5041/5041
f 5024/5024 5042/5042 5044/5044
f 5024/5024 5044/5044 5026/5026
f 5044/5044 5043/5043 5045/5045
f 5044/5044 5045/5045 5046/5046
f 5025/5025 5027/5027 5045/5045
f 5025/5025 5045/5045 5043/5043
f 5026/5026 5044/5044 5046/5046
f 5026/5026 5046/5046 5028/5028
f 5046/5046 5045/5045 5047/5047
f 5046/5046 5047/5047 5048/5048
f 5027/5027 5029/5029 5047/5047
f 5027/5027 5047/5047 5045/5045
f 5028/5028 5046/5046 5048/5048
f 5028/5028 5048/5048 5030/5030
f 5048/5048 5047/5047 5049/5049
f 5048/5048 5049/5049 5050/5050
f 5029/5029 5031/5031 5049/5049
f 5029/5029 5049/5049 5047/5047
f 5030/5030 5048/5048 5050/5050
f 5030/5030 5050/5050 5032/5032
f 5032/5032 5050/5050 5049/5049
f 5032/5032 5049/5049 5031/5031
