mtllib SMRTB0_flame.mtl
o TorchFlame
v -0.289474 0.394737 -0.105263
v -0.289474 0.394737 -0.078947
v -0.289474 0.421053 -0.078947
v -0.289474 0.421053 -0.105263
v -0.263158 0.421053 -0.078947
v -0.263158 0.421053 -0.105263
v -0.263158 0.394737 -0.105263
v -0.263158 0.394737 -0.078947
v -0.289474 0.394737 -0.052632
v -0.289474 0.421053 -0.052632
v -0.263158 0.421053 -0.052632
v -0.263158 0.394737 -0.052632
v -0.289474 0.394737 -0.026316
v -0.289474 0.421053 -0.026316
v -0.263158 0.421053 -0.026316
v -0.263158 0.394737 -0.026316
v -0.289474 0.394737 0.000000
v -0.289474 0.421053 0.000000
v -0.263158 0.421053 0.000000
v -0.263158 0.394737 0.000000
v -0.289474 0.394737 0.026316
v -0.289474 0.421053 0.026316
v -0.263158 0.421053 0.026316
v -0.263158 0.394737 0.026316
v -0.289474 0.394737 0.052632
v -0.289474 0.421053 0.052632
v -0.263158 0.421053 0.052632
v -0.263158 0.394737 0.052632
v -0.289474 0.394737 0.078947
v -0.289474 0.421053 0.078947
v -0.263158 0.421053 0.078947
v -0.263158 0.394737 0.078947
v -0.289474 0.394737 0.105263
v -0.289474 0.421053 0.105263
v -0.263158 0.421053 0.105263
v -0.263158 0.394737 0.105263
v -0.263158 0.394737 -0.157895
v -0.263158 0.394737 -0.131579
v -0.263158 0.421053 -0.131579
v -0.263158 0.421053 -0.157895
v -0.236842 0.421053 -0.131579
v -0.236842 0.421053 -0.157895
v -0.236842 0.394737 -0.157895
v -0.236842 0.394737 -0.131579
v -0.236842 0.421053 -0.105263
v -0.236842 0.394737 -0.105263
v -0.236842 0.421053 -0.078947
v -0.236842 0.394737 -0.078947
v -0.236842 0.421053 -0.052632
v -0.236842 0.394737 -0.052632
v -0.236842 0.421053 -0.026316
v -0.236842 0.394737 -0.026316
v -0.236842 0.421053 0.000000
v -0.236842 0.394737 0.000000
v -0.236842 0.421053 0.026316
v -0.236842 0.394737 0.026316
v -0.236842 0.421053 0.052632
v -0.236842 0.394737 0.052632
v -0.236842 0.421053 0.078947
v -0.236842 0.394737 0.078947
v -0.236842 0.421053 0.105263
v -0.236842 0.394737 0.105263
v -0.263158 0.394737 0.131579
v -0.263158 0.421053 0.131579
v -0.236842 0.421053 0.131579
v -0.236842 0.394737 0.131579
v -0.263158 0.394737 0.157895
v -0.263158 0.421053 0.157895
v -0.236842 0.421053 0.157895
v -0.236842 0.394737 0.157895
v -0.236842 0.368421 -0.026316
v -0.236842 0.368421 0.000000
v -0.236842 0.394737 0.000000
v -0.236842 0.394737 -0.026316
v -0.210526 0.368421 -0.026316
v -0.210526 0.368421 0.000000
v -0.210526 0.394737 -0.026316
v -0.236842 0.368421 0.026316
v -0.236842 0.394737 0.026316
v -0.210526 0.368421 0.026316
v -0.210526 0.394737 0.026316
v -0.236842 0.394737 -0.184211
v -0.236842 0.421053 -0.184211
v -0.210526 0.421053 -0.157895
v -0.210526 0.421053 -0.184211
v -0.210526 0.394737 -0.184211
v -0.210526 0.394737 -0.157895
v -0.210526 0.421053 -0.131579
v -0.210526 0.394737 -0.131579
v -0.210526 0.421053 -0.105263
v -0.210526 0.394737 -0.105263
v -0.210526 0.421053 -0.078947
v -0.210526 0.394737 -0.078947
v -0.210526 0.421053 -0.052632
v -0.210526 0.394737 -0.052632
v -0.210526 0.421053 -0.026316
v -0.210526 0.394737 -0.026316
v -0.210526 0.421053 0.000000
v -0.210526 0.421053 0.026316
v -0.210526 0.421053 0.052632
v -0.210526 0.394737 0.026316
v -0.210526 0.394737 0.052632
v -0.210526 0.421053 0.078947
v -0.210526 0.394737 0.078947
v -0.210526 0.421053 0.105263
v -0.210526 0.394737 0.105263
v -0.210526 0.421053 0.131579
v -0.210526 0.394737 0.131579
v -0.210526 0.421053 0.157895
v -0.210526 0.394737 0.157895
v -0.236842 0.394737 0.184211
v -0.236842 0.421053 0.184211
v -0.210526 0.421053 0.184211
v -0.210526 0.394737 0.184211
v -0.236842 0.605263 -0.078947
v -0.236842 0.605263 -0.052632
v -0.236842 0.631579 -0.052632
v -0.236842 0.631579 -0.078947
v -0.210526 0.631579 -0.052632
v -0.210526 0.631579 -0.078947
v -0.210526 0.605263 -0.078947
v -0.210526 0.605263 -0.052632
v -0.236842 0.605263 -0.026316
v -0.236842 0.631579 -0.026316
v -0.210526 0.631579 -0.026316
v -0.210526 0.605263 -0.026316
v -0.236842 0.605263 0.000000
v -0.236842 0.631579 0.000000
v -0.210526 0.631579 0.000000
v -0.210526 0.605263 0.000000
v -0.236842 0.605263 0.026316
v -0.236842 0.631579 0.026316
v -0.210526 0.631579 0.026316
v -0.210526 0.605263 0.026316
v -0.236842 0.605263 0.052632
v -0.236842 0.631579 0.052632
v -0.210526 0.631579 0.052632
v -0.210526 0.605263 0.052632
v -0.236842 0.605263 0.078947
v -0.236842 0.631579 0.078947
v -0.210526 0.631579 0.078947
v -0.210526 0.605263 0.078947
v -0.210526 0.000000 -0.078947
v -0.210526 0.000000 -0.052632
v -0.210526 0.026316 -0.052632
v -0.210526 0.026316 -0.078947
v -0.184211 0.026316 -0.052632
v -0.184211 0.026316 -0.078947
v -0.184211 0.000000 -0.078947
v -0.184211 0.000000 -0.052632
v -0.210526 0.000000 -0.026316
v -0.210526 0.026316 -0.026316
v -0.184211 0.026316 -0.026316
v -0.184211 0.000000 -0.026316
v -0.210526 0.000000 0.000000
v -0.210526 0.026316 0.000000
v -0.184211 0.026316 0.000000
v -0.184211 0.000000 0.000000
v -0.210526 0.000000 0.026316
v -0.210526 0.026316 0.026316
v -0.184211 0.026316 0.026316
v -0.184211 0.000000 0.026316
v -0.210526 0.000000 0.052632
v -0.210526 0.026316 0.052632
v -0.184211 0.026316 0.052632
v -0.184211 0.000000 0.052632
v -0.210526 0.000000 0.078947
v -0.210526 0.026316 0.078947
v -0.184211 0.026316 0.078947
v -0.184211 0.000000 0.078947
v -0.210526 0.315789 -0.078947
v -0.210526 0.315789 -0.052632
v -0.210526 0.342105 -0.052632
v -0.210526 0.342105 -0.078947
v -0.184211 0.315789 -0.078947
v -0.184211 0.315789 -0.052632
v -0.184211 0.342105 -0.078947
v -0.210526 0.315789 -0.026316
v -0.210526 0.342105 -0.026316
v -0.184211 0.315789 -0.026316
v -0.210526 0.315789 0.000000
v -0.210526 0.342105 0.000000
v -0.184211 0.315789 0.000000
v -0.210526 0.315789 0.026316
v -0.210526 0.342105 0.026316
v -0.184211 0.315789 0.026316
v -0.210526 0.315789 0.052632
v -0.210526 0.342105 0.052632
v -0.184211 0.315789 0.052632
v -0.210526 0.315789 0.078947
v -0.210526 0.342105 0.078947
v -0.184211 0.315789 0.078947
v -0.184211 0.342105 0.078947
v -0.210526 0.342105 -0.078947
v -0.210526 0.342105 -0.052632
v -0.210526 0.368421 -0.052632
v -0.210526 0.368421 -0.078947
v -0.184211 0.368421 -0.078947
v -0.184211 0.342105 -0.078947
v -0.210526 0.342105 -0.026316
v -0.210526 0.368421 -0.026316
v -0.210526 0.342105 0.000000
v -0.210526 0.368421 0.000000
v -0.210526 0.342105 0.026316
v -0.210526 0.368421 0.026316
v -0.210526 0.342105 0.052632
v -0.210526 0.368421 0.052632
v -0.210526 0.342105 0.078947
v -0.210526 0.368421 0.078947
v -0.184211 0.342105 0.078947
v -0.184211 0.368421 0.078947
v -0.210526 0.368421 -0.105263
v -0.210526 0.368421 -0.078947
v -0.210526 0.394737 -0.078947
v -0.210526 0.394737 -0.105263
v -0.184211 0.368421 -0.105263
v -0.184211 0.368421 -0.078947
v -0.184211 0.394737 -0.105263
v -0.210526 0.368421 -0.052632
v -0.210526 0.394737 -0.052632
v -0.210526 0.368421 0.052632
v -0.210526 0.394737 0.052632
v -0.210526 0.368421 0.078947
v -0.210526 0.394737 0.078947
v -0.210526 0.368421 0.105263
v -0.210526 0.394737 0.105263
v -0.184211 0.368421 0.078947
v -0.184211 0.368421 0.105263
v -0.184211 0.394737 0.105263
v -0.210526 0.394737 -0.210526
v -0.210526 0.421053 -0.210526
v -0.184211 0.421053 -0.184211
v -0.184211 0.421053 -0.210526
v -0.184211 0.394737 -0.210526
v -0.184211 0.394737 -0.184211
v -0.184211 0.421053 -0.157895
v -0.184211 0.394737 -0.157895
v -0.184211 0.421053 -0.131579
v -0.184211 0.394737 -0.131579
v -0.184211 0.421053 -0.105263
v -0.184211 0.394737 -0.105263
v -0.184211 0.421053 -0.078947
v -0.184211 0.421053 -0.052632
v -0.184211 0.421053 0.078947
v -0.184211 0.421053 0.052632
v -0.184211 0.421053 0.105263
v -0.184211 0.421053 0.131579
v -0.184211 0.394737 0.105263
v -0.184211 0.394737 0.131579
v -0.184211 0.421053 0.157895
v -0.184211 0.394737 0.157895
v -0.184211 0.421053 0.184211
v -0.184211 0.394737 0.184211
v -0.210526 0.394737 0.210526
v -0.210526 0.421053 0.210526
v -0.184211 0.421053 0.210526
v -0.184211 0.394737 0.210526
v -0.210526 0.421053 -0.052632
v -0.210526 0.421053 -0.026316
v -0.210526 0.447368 -0.026316
v -0.210526 0.447368 -0.052632
v -0.184211 0.447368 -0.026316
v -0.184211 0.447368 -0.052632
v -0.184211 0.421053 -0.052632
v -0.210526 0.421053 0.000000
v -0.210526 0.447368 0.000000
v -0.184211 0.447368 0.000000
v -0.210526 0.421053 0.026316
v -0.210526 0.447368 0.026316
v -0.184211 0.447368 0.026316
v -0.210526 0.421053 0.052632
v -0.210526 0.447368 0.052632
v -0.184211 0.447368 0.052632
v -0.184211 0.421053 0.052632
v -0.210526 0.552632 -0.078947
v -0.210526 0.552632 -0.052632
v -0.210526 0.578947 -0.052632
v -0.210526 0.578947 -0.078947
v -0.184211 0.578947 -0.052632
v -0.184211 0.578947 -0.078947
v -0.184211 0.552632 -0.078947
v -0.184211 0.552632 -0.052632
v -0.210526 0.552632 -0.026316
v -0.210526 0.578947 -0.026316
v -0.184211 0.578947 -0.026316
v -0.184211 0.552632 -0.026316
v -0.210526 0.552632 0.000000
v -0.210526 0.578947 0.000000
v -0.184211 0.578947 0.000000
v -0.184211 0.552632 0.000000
v -0.210526 0.552632 0.026316
v -0.210526 0.578947 0.026316
v -0.184211 0.578947 0.026316
v -0.184211 0.552632 0.026316
v -0.210526 0.552632 0.052632
v -0.210526 0.578947 0.052632
v -0.184211 0.578947 0.052632
v -0.184211 0.552632 0.052632
v -0.210526 0.552632 0.078947
v -0.210526 0.578947 0.078947
v -0.184211 0.578947 0.078947
v -0.184211 0.552632 0.078947
v -0.210526 0.605263 -0.157895
v -0.210526 0.605263 -0.131579
v -0.210526 0.631579 -0.131579
v -0.210526 0.631579 -0.157895
v -0.184211 0.631579 -0.131579
v -0.184211 0.631579 -0.157895
v -0.184211 0.605263 -0.157895
v -0.184211 0.605263 -0.131579
v -0.210526 0.605263 -0.105263
v -0.210526 0.631579 -0.105263
v -0.184211 0.631579 -0.105263
v -0.184211 0.605263 -0.105263
v -0.184211 0.631579 -0.078947
v -0.184211 0.605263 -0.078947
v -0.184211 0.631579 -0.052632
v -0.184211 0.605263 -0.052632
v -0.184211 0.631579 -0.026316
v -0.184211 0.605263 -0.026316
v -0.184211 0.631579 0.000000
v -0.184211 0.605263 0.000000
v -0.184211 0.631579 0.026316
v -0.184211 0.605263 0.026316
v -0.184211 0.631579 0.052632
v -0.184211 0.605263 0.052632
v -0.184211 0.631579 0.078947
v -0.184211 0.605263 0.078947
v -0.210526 0.605263 0.105263
v -0.210526 0.631579 0.105263
v -0.184211 0.631579 0.105263
v -0.184211 0.605263 0.105263
v -0.210526 0.605263 0.131579
v -0.210526 0.631579 0.131579
v -0.184211 0.631579 0.131579
v -0.184211 0.605263 0.131579
v -0.210526 0.605263 0.157895
v -0.210526 0.631579 0.157895
v -0.184211 0.631579 0.157895
v -0.184211 0.605263 0.157895
v -0.210526 0.710526 -0.052632
v -0.210526 0.710526 -0.026316
v -0.210526 0.736842 -0.026316
v -0.210526 0.736842 -0.052632
v -0.184211 0.710526 -0.052632
v -0.184211 0.710526 -0.026316
v -0.184211 0.736842 -0.052632
v -0.210526 0.710526 0.000000
v -0.210526 0.736842 0.000000
v -0.184211 0.710526 0.000000
v -0.210526 0.710526 0.026316
v -0.210526 0.736842 0.026316
v -0.184211 0.710526 0.026316
v -0.210526 0.710526 0.052632
v -0.210526 0.736842 0.052632
v -0.184211 0.710526 0.052632
v -0.184211 0.736842 0.052632
v -0.210526 0.736842 -0.052632
v -0.210526 0.736842 -0.026316
v -0.210526 0.763158 -0.026316
v -0.210526 0.763158 -0.052632
v -0.184211 0.763158 -0.026316
v -0.184211 0.763158 -0.052632
v -0.184211 0.736842 -0.052632
v -0.210526 0.736842 0.000000
v -0.210526 0.763158 0.000000
v -0.184211 0.763158 0.000000
v -0.210526 0.736842 0.026316
v -0.210526 0.763158 0.026316
v -0.184211 0.763158 0.026316
v -0.210526 0.736842 0.052632
v -0.210526 0.763158 0.052632
v -0.184211 0.763158 0.052632
v -0.184211 0.736842 0.052632
v -0.184211 0.000000 -0.131579
v -0.184211 0.000000 -0.105263
v -0.184211 0.026316 -0.105263
v -0.184211 0.026316 -0.131579
v -0.157895 0.026316 -0.105263
v -0.157895 0.026316 -0.131579
v -0.157895 0.000000 -0.131579
v -0.157895 0.000000 -0.105263
v -0.157895 0.026316 -0.078947
v -0.157895 0.000000 -0.078947
v -0.157895 0.026316 -0.052632
v -0.157895 0.000000 -0.052632
v -0.157895 0.026316 -0.026316
v -0.157895 0.000000 -0.026316
v -0.157895 0.026316 0.000000
v -0.157895 0.000000 0.000000
v -0.157895 0.026316 0.026316
v -0.157895 0.000000 0.026316
v -0.157895 0.026316 0.052632
v -0.157895 0.000000 0.052632
v -0.157895 0.026316 0.078947
v -0.157895 0.000000 0.078947
v -0.184211 0.000000 0.105263
v -0.184211 0.026316 0.105263
v -0.157895 0.026316 0.105263
v -0.157895 0.000000 0.105263
v -0.184211 0.000000 0.131579
v -0.184211 0.026316 0.131579
v -0.157895 0.026316 0.131579
v -0.157895 0.000000 0.131579
v -0.184211 0.105263 -0.078947
v -0.184211 0.105263 -0.052632
v -0.184211 0.131579 -0.052632
v -0.184211 0.131579 -0.078947
v -0.157895 0.105263 -0.078947
v -0.157895 0.105263 -0.052632
v -0.157895 0.131579 -0.078947
v -0.184211 0.105263 -0.026316
v -0.184211 0.131579 -0.026316
v -0.157895 0.105263 -0.026316
v -0.184211 0.105263 0.000000
v -0.184211 0.131579 0.000000
v -0.157895 0.105263 0.000000
v -0.184211 0.105263 0.026316
v -0.184211 0.131579 0.026316
v -0.157895 0.105263 0.026316
v -0.184211 0.105263 0.052632
v -0.184211 0.131579 0.052632
v -0.157895 0.105263 0.052632
v -0.184211 0.105263 0.078947
v -0.184211 0.131579 0.078947
v -0.157895 0.105263 0.078947
v -0.157895 0.131579 0.078947
v -0.184211 0.131579 -0.078947
v -0.184211 0.131579 -0.052632
v -0.184211 0.157895 -0.052632
v -0.184211 0.157895 -0.078947
v -0.157895 0.157895 -0.078947
v -0.157895 0.131579 -0.078947
v -0.184211 0.131579 -0.026316
v -0.184211 0.157895 -0.026316
v -0.184211 0.131579 0.000000
v -0.184211 0.157895 0.000000
v -0.184211 0.131579 0.026316
v -0.184211 0.157895 0.026316
v -0.184211 0.131579 0.052632
v -0.184211 0.157895 0.052632
v -0.184211 0.131579 0.078947
v -0.184211 0.157895 0.078947
v -0.157895 0.131579 0.078947
v -0.157895 0.157895 0.078947
v -0.184211 0.184211 -0.052632
v -0.184211 0.184211 -0.078947
v -0.157895 0.184211 -0.052632
v -0.157895 0.184211 -0.078947
v -0.184211 0.184211 -0.026316
v -0.157895 0.184211 -0.026316
v -0.184211 0.184211 0.000000
v -0.157895 0.184211 0.000000
v -0.184211 0.184211 0.026316
v -0.157895 0.184211 0.026316
v -0.184211 0.184211 0.052632
v -0.157895 0.184211 0.052632
v -0.184211 0.184211 0.078947
v -0.157895 0.184211 0.078947
v -0.184211 0.289474 -0.078947
v -0.184211 0.289474 -0.052632
v -0.157895 0.289474 -0.078947
v -0.157895 0.289474 -0.052632
v -0.157895 0.315789 -0.078947
v -0.184211 0.289474 -0.026316
v -0.157895 0.289474 -0.026316
v -0.184211 0.289474 0.000000
v -0.157895 0.289474 0.000000
v -0.184211 0.289474 0.026316
v -0.157895 0.289474 0.026316
v -0.184211 0.289474 0.052632
v -0.157895 0.289474 0.052632
v -0.184211 0.289474 0.078947
v -0.157895 0.289474 0.078947
v -0.157895 0.315789 0.078947
v -0.184211 0.315789 -0.131579
v -0.184211 0.315789 -0.105263
v -0.184211 0.342105 -0.105263
v -0.184211 0.342105 -0.131579
v -0.157895 0.315789 -0.131579
v -0.157895 0.315789 -0.105263
v -0.157895 0.342105 -0.131579
v -0.184211 0.315789 0.105263
v -0.184211 0.342105 0.105263
v -0.157895 0.315789 0.105263
v -0.184211 0.315789 0.131579
v -0.184211 0.342105 0.131579
v -0.157895 0.315789 0.131579
v -0.157895 0.342105 0.131579
v -0.184211 0.342105 -0.131579
v -0.184211 0.342105 -0.105263
v -0.184211 0.368421 -0.105263
v -0.184211 0.368421 -0.131579
v -0.157895 0.368421 -0.131579
v -0.157895 0.342105 -0.131579
v -0.184211 0.342105 0.105263
v -0.184211 0.368421 0.105263
v -0.184211 0.342105 0.131579
v -0.184211 0.368421 0.131579
v -0.157895 0.342105 0.131579
v -0.157895 0.368421 0.131579
v -0.184211 0.368421 -0.157895
v -0.184211 0.368421 -0.131579
v -0.184211 0.394737 -0.131579
v -0.184211 0.394737 -0.157895
v -0.157895 0.368421 -0.157895
v -0.157895 0.368421 -0.131579
v -0.157895 0.394737 -0.157895
v -0.184211 0.368421 0.131579
v -0.184211 0.394737 0.131579
v -0.184211 0.368421 0.157895
v -0.184211 0.394737 0.157895
v -0.157895 0.368421 0.131579
v -0.157895 0.368421 0.157895
v -0.157895 0.394737 0.157895
v -0.184211 0.394737 -0.236842
v -0.184211 0.421053 -0.236842
v -0.157895 0.421053 -0.210526
v -0.157895 0.421053 -0.236842
v -0.157895 0.394737 -0.236842
v -0.157895 0.394737 -0.210526
v -0.157895 0.421053 -0.184211
v -0.157895 0.394737 -0.184211
v -0.157895 0.421053 -0.157895
v -0.157895 0.394737 -0.157895
v -0.157895 0.421053 -0.131579
v -0.157895 0.421053 -0.105263
v -0.157895 0.421053 0.131579
v -0.157895 0.421053 0.105263
v -0.157895 0.421053 0.157895
v -0.157895 0.421053 0.184211
v -0.157895 0.394737 0.157895
v -0.157895 0.394737 0.184211
v -0.157895 0.421053 0.210526
v -0.157895 0.394737 0.210526
v -0.184211 0.394737 0.236842
v -0.184211 0.421053 0.236842
v -0.157895 0.421053 0.236842
v -0.157895 0.394737 0.236842
v -0.184211 0.421053 -0.105263
v -0.184211 0.421053 -0.078947
v -0.184211 0.447368 -0.078947
v -0.184211 0.447368 -0.105263
v -0.157895 0.447368 -0.078947
v -0.157895 0.447368 -0.105263
v -0.157895 0.421053 -0.105263
v -0.157895 0.447368 -0.052632
v -0.184211 0.421053 0.078947
v -0.184211 0.447368 0.078947
v -0.157895 0.447368 0.078947
v -0.157895 0.447368 0.052632
v -0.184211 0.421053 0.105263
v -0.184211 0.447368 0.105263
v -0.157895 0.447368 0.105263
v -0.157895 0.421053 0.105263
v -0.184211 0.447368 -0.052632
v -0.184211 0.447368 -0.026316
v -0.184211 0.473684 -0.026316
v -0.184211 0.473684 -0.052632
v -0.157895 0.473684 -0.026316
v -0.157895 0.473684 -0.052632
v -0.157895 0.447368 -0.052632
v -0.184211 0.447368 0.000000
v -0.184211 0.473684 0.000000
v -0.157895 0.473684 0.000000
v -0.184211 0.447368 0.026316
v -0.184211 0.473684 0.026316
v -0.157895 0.473684 0.026316
v -0.184211 0.447368 0.052632
v -0.184211 0.473684 0.052632
v -0.157895 0.473684 0.052632
v -0.157895 0.447368 0.052632
v -0.184211 0.552632 -0.157895
v -0.184211 0.552632 -0.131579
v -0.184211 0.578947 -0.131579
v -0.184211 0.578947 -0.157895
v -0.157895 0.578947 -0.131579
v -0.157895 0.578947 -0.157895
v -0.157895 0.552632 -0.157895
v -0.157895 0.552632 -0.131579
v -0.184211 0.552632 -0.105263
v -0.184211 0.578947 -0.105263
v -0.157895 0.578947 -0.105263
v -0.157895 0.552632 -0.105263
v -0.157895 0.578947 -0.078947
v -0.157895 0.552632 -0.078947
v -0.157895 0.578947 -0.052632
v -0.157895 0.552632 -0.052632
v -0.157895 0.578947 -0.026316
v -0.157895 0.552632 -0.026316
v -0.157895 0.578947 0.000000
v -0.157895 0.552632 0.000000
v -0.157895 0.578947 0.026316
v -0.157895 0.552632 0.026316
v -0.157895 0.578947 0.052632
v -0.157895 0.552632 0.052632
v -0.157895 0.578947 0.078947
v -0.157895 0.552632 0.078947
v -0.184211 0.552632 0.105263
v -0.184211 0.578947 0.105263
v -0.157895 0.578947 0.105263
v -0.157895 0.552632 0.105263
v -0.184211 0.552632 0.131579
v -0.184211 0.578947 0.131579
v -0.157895 0.578947 0.131579
v -0.157895 0.552632 0.131579
v -0.184211 0.552632 0.157895
v -0.184211 0.578947 0.157895
v -0.157895 0.578947 0.157895
v -0.157895 0.552632 0.157895
v -0.184211 0.605263 -0.184211
v -0.184211 0.631579 -0.184211
v -0.157895 0.631579 -0.157895
v -0.157895 0.631579 -0.184211
v -0.157895 0.605263 -0.184211
v -0.157895 0.605263 -0.157895
v -0.157895 0.631579 -0.131579
v -0.157895 0.605263 -0.131579
v -0.157895 0.631579 -0.105263
v -0.157895 0.605263 -0.105263
v -0.157895 0.631579 -0.078947
v -0.157895 0.605263 -0.078947
v -0.157895 0.631579 -0.052632
v -0.157895 0.605263 -0.052632
v -0.157895 0.631579 -0.026316
v -0.157895 0.605263 -0.026316
v -0.157895 0.631579 0.000000
v -0.157895 0.605263 0.000000
v -0.157895 0.631579 0.026316
v -0.157895 0.605263 0.026316
v -0.157895 0.631579 0.052632
v -0.157895 0.605263 0.052632
v -0.157895 0.631579 0.078947
v -0.157895 0.605263 0.078947
v -0.157895 0.631579 0.105263
v -0.157895 0.605263 0.105263
v -0.157895 0.631579 0.131579
v -0.157895 0.605263 0.131579
v -0.157895 0.631579 0.157895
v -0.157895 0.605263 0.157895
v -0.184211 0.605263 0.184211
v -0.184211 0.631579 0.184211
v -0.157895 0.631579 0.184211
v -0.157895 0.605263 0.184211
v -0.184211 0.684211 -0.078947
v -0.184211 0.684211 -0.052632
v -0.184211 0.710526 -0.052632
v -0.184211 0.710526 -0.078947
v -0.157895 0.684211 -0.078947
v -0.157895 0.684211 -0.052632
v -0.157895 0.710526 -0.078947
v -0.184211 0.684211 -0.026316
v -0.184211 0.710526 -0.026316
v -0.157895 0.684211 -0.026316
v -0.184211 0.684211 0.000000
v -0.184211 0.710526 0.000000
v -0.157895 0.684211 0.000000
v -0.184211 0.684211 0.026316
v -0.184211 0.710526 0.026316
v -0.157895 0.684211 0.026316
v -0.184211 0.684211 0.052632
v -0.184211 0.710526 0.052632
v -0.157895 0.684211 0.052632
v -0.184211 0.684211 0.078947
v -0.184211 0.710526 0.078947
v -0.157895 0.684211 0.078947
v -0.157895 0.710526 0.078947
v -0.184211 0.710526 -0.078947
v -0.184211 0.736842 -0.078947
v -0.157895 0.736842 -0.078947
v -0.157895 0.710526 -0.078947
v -0.184211 0.710526 0.078947
v -0.184211 0.736842 0.078947
v -0.157895 0.710526 0.078947
v -0.157895 0.736842 0.078947
v -0.184211 0.736842 -0.078947
v -0.184211 0.763158 -0.078947
v -0.157895 0.763158 -0.052632
v -0.157895 0.763158 -0.078947
v -0.157895 0.736842 -0.078947
v -0.157895 0.763158 -0.026316
v -0.157895 0.763158 0.052632
v -0.157895 0.763158 0.026316
v -0.184211 0.736842 0.078947
v -0.184211 0.763158 0.078947
v -0.157895 0.763158 0.078947
v -0.157895 0.736842 0.078947
v -0.184211 0.763158 -0.026316
v -0.184211 0.763158 0.000000
v -0.184211 0.789474 0.000000
v -0.184211 0.789474 -0.026316
v -0.157895 0.789474 0.000000
v -0.157895 0.789474 -0.026316
v -0.157895 0.763158 -0.026316
v -0.184211 0.763158 0.026316
v -0.184211 0.789474 0.026316
v -0.157895 0.789474 0.026316
v -0.157895 0.763158 0.026316
v -0.157895 0.000000 -0.157895
v -0.157895 0.026316 -0.157895
v -0.131579 0.026316 -0.131579
v -0.131579 0.026316 -0.157895
v -0.131579 0.000000 -0.157895
v -0.131579 0.000000 -0.131579
v -0.131579 0.026316 -0.105263
v -0.131579 0.000000 -0.105263
v -0.131579 0.026316 -0.078947
v -0.131579 0.000000 -0.078947
v -0.131579 0.026316 -0.052632
v -0.131579 0.000000 -0.052632
v -0.131579 0.000000 -0.026316
v -0.131579 0.000000 0.000000
v -0.131579 0.000000 0.026316
v -0.131579 0.000000 0.052632
v -0.131579 0.026316 0.078947
v -0.131579 0.026316 0.052632
v -0.131579 0.000000 0.078947
v -0.131579 0.026316 0.105263
v -0.131579 0.000000 0.105263
v -0.131579 0.026316 0.131579
v -0.131579 0.000000 0.131579
v -0.157895 0.000000 0.157895
v -0.157895 0.026316 0.157895
v -0.131579 0.026316 0.157895
v -0.131579 0.000000 0.157895
v -0.157895 0.026316 -0.052632
v -0.157895 0.026316 -0.026316
v -0.157895 0.052632 -0.026316
v -0.157895 0.052632 -0.052632
v -0.131579 0.052632 -0.052632
v -0.131579 0.026316 -0.052632
v -0.157895 0.026316 0.000000
v -0.157895 0.052632 0.000000
v -0.157895 0.026316 0.026316
v -0.157895 0.052632 0.026316
v -0.157895 0.026316 0.052632
v -0.157895 0.052632 0.052632
v -0.131579 0.026316 0.052632
v -0.131579 0.052632 0.052632
v -0.157895 0.078947 -0.026316
v -0.157895 0.078947 -0.052632
v -0.131579 0.078947 -0.052632
v -0.157895 0.078947 0.000000
v -0.157895 0.078947 0.026316
v -0.157895 0.078947 0.052632
v -0.131579 0.078947 0.052632
v -0.157895 0.078947 -0.078947
v -0.157895 0.078947 -0.052632
v -0.157895 0.105263 -0.052632
v -0.157895 0.105263 -0.078947
v -0.131579 0.078947 -0.078947
v -0.131579 0.078947 -0.052632
v -0.131579 0.105263 -0.078947
v -0.157895 0.078947 -0.026316
v -0.157895 0.105263 -0.026316
v -0.157895 0.078947 0.000000
v -0.157895 0.105263 0.000000
v -0.157895 0.078947 0.026316
v -0.157895 0.105263 0.026316
v -0.157895 0.078947 0.052632
v -0.157895 0.105263 0.052632
v -0.157895 0.078947 0.078947
v -0.157895 0.105263 0.078947
v -0.131579 0.078947 0.052632
v -0.131579 0.078947 0.078947
v -0.131579 0.105263 0.078947
v -0.157895 0.105263 -0.131579
v -0.157895 0.105263 -0.105263
v -0.157895 0.131579 -0.105263
v -0.157895 0.131579 -0.131579
v -0.131579 0.105263 -0.131579
v -0.131579 0.105263 -0.105263
v -0.131579 0.131579 -0.131579
v -0.131579 0.105263 -0.078947
v -0.157895 0.105263 0.105263
v -0.157895 0.131579 0.105263
v -0.131579 0.105263 0.078947
v -0.131579 0.105263 0.105263
v -0.157895 0.105263 0.131579
v -0.157895 0.131579 0.131579
v -0.131579 0.105263 0.131579
v -0.131579 0.131579 0.131579
v -0.157895 0.131579 -0.131579
v -0.157895 0.131579 -0.105263
v -0.157895 0.157895 -0.105263
v -0.157895 0.157895 -0.131579
v -0.131579 0.157895 -0.131579
v -0.131579 0.131579 -0.131579
v -0.157895 0.131579 0.105263
v -0.157895 0.157895 0.105263
v -0.157895 0.131579 0.131579
v -0.157895 0.157895 0.131579
v -0.131579 0.131579 0.131579
v -0.131579 0.157895 0.131579
v -0.157895 0.184211 -0.105263
v -0.157895 0.184211 -0.131579
v -0.131579 0.184211 -0.105263
v -0.131579 0.184211 -0.131579
v -0.131579 0.184211 -0.078947
v -0.157895 0.184211 0.105263
v -0.131579 0.184211 0.105263
v -0.131579 0.184211 0.078947
v -0.157895 0.184211 0.131579
v -0.131579 0.184211 0.131579
v -0.157895 0.184211 -0.078947
v -0.157895 0.184211 -0.052632
v -0.157895 0.210526 -0.052632
v -0.157895 0.210526 -0.078947
v -0.131579 0.210526 -0.052632
v -0.131579 0.210526 -0.078947
v -0.131579 0.184211 -0.078947
v -0.157895 0.184211 -0.026316
v -0.157895 0.210526 -0.026316
v -0.131579 0.210526 -0.026316
v -0.157895 0.184211 0.000000
v -0.157895 0.210526 0.000000
v -0.131579 0.210526 0.000000
v -0.157895 0.184211 0.026316
v -0.157895 0.210526 0.026316
v -0.131579 0.210526 0.026316
v -0.157895 0.184211 0.052632
v -0.157895 0.210526 0.052632
v -0.131579 0.210526 0.052632
v -0.157895 0.184211 0.078947
v -0.157895 0.210526 0.078947
v -0.131579 0.210526 0.078947
v -0.131579 0.184211 0.078947
v -0.157895 0.263158 -0.078947
v -0.157895 0.263158 -0.052632
v -0.157895 0.289474 -0.052632
v -0.157895 0.289474 -0.078947
v -0.131579 0.263158 -0.078947
v -0.131579 0.263158 -0.052632
v -0.131579 0.289474 -0.078947
v -0.157895 0.263158 -0.026316
v -0.157895 0.289474 -0.026316
v -0.131579 0.263158 -0.026316
v -0.157895 0.263158 0.000000
v -0.157895 0.289474 0.000000
v -0.131579 0.263158 0.000000
v -0.157895 0.263158 0.026316
v -0.157895 0.289474 0.026316
v -0.131579 0.263158 0.026316
v -0.157895 0.263158 0.052632
v -0.157895 0.289474 0.052632
v -0.131579 0.263158 0.052632
v -0.157895 0.263158 0.078947
v -0.157895 0.289474 0.078947
v -0.131579 0.263158 0.078947
v -0.131579 0.289474 0.078947
v -0.157895 0.289474 -0.131579
v -0.157895 0.289474 -0.105263
v -0.131579 0.289474 -0.131579
v -0.131579 0.289474 -0.105263
v -0.131579 0.315789 -0.131579
v -0.131579 0.289474 -0.078947
v -0.157895 0.289474 0.105263
v -0.131579 0.289474 0.078947
v -0.131579 0.289474 0.105263
v -0.157895 0.289474 0.131579
v -0.131579 0.289474 0.131579
v -0.131579 0.315789 0.131579
v -0.157895 0.315789 -0.157895
v -0.157895 0.342105 -0.157895
v -0.131579 0.315789 -0.157895
v -0.131579 0.342105 -0.157895
v -0.157895 0.315789 0.157895
v -0.157895 0.342105 0.157895
v -0.131579 0.315789 0.157895
v -0.131579 0.342105 0.157895
v -0.157895 0.342105 -0.157895
v -0.157895 0.368421 -0.157895
v -0.131579 0.368421 -0.157895
v -0.131579 0.342105 -0.157895
v -0.157895 0.342105 0.157895
v -0.157895 0.368421 0.157895
v -0.131579 0.342105 0.157895
v -0.131579 0.368421 0.157895
v -0.157895 0.368421 -0.184211
v -0.157895 0.394737 -0.184211
v -0.131579 0.368421 -0.184211
v -0.131579 0.368421 -0.157895
v -0.131579 0.394737 -0.184211
v -0.157895 0.368421 0.184211
v -0.157895 0.394737 0.184211
v -0.131579 0.368421 0.157895
v -0.131579 0.368421 0.184211
v -0.131579 0.394737 0.184211
v -0.131579 0.421053 -0.210526
v -0.131579 0.421053 -0.236842
v -0.131579 0.394737 -0.236842
v -0.131579 0.394737 -0.210526
v -0.131579 0.421053 -0.184211
v -0.131579 0.394737 -0.184211
v -0.131579 0.421053 -0.157895
v -0.131579 0.421053 -0.131579
v -0.131579 0.421053 0.157895
v -0.131579 0.421053 0.131579
v -0.131579 0.421053 0.184211
v -0.131579 0.421053 0.210526
v -0.131579 0.394737 0.184211
v -0.131579 0.394737 0.210526
v -0.131579 0.421053 0.236842
v -0.131579 0.394737 0.236842
v -0.157895 0.421053 -0.131579
v -0.157895 0.447368 -0.131579
v -0.131579 0.447368 -0.105263
v -0.131579 0.447368 -0.131579
v -0.131579 0.421053 -0.131579
v -0.157895 0.421053 0.131579
v -0.157895 0.447368 0.131579
v -0.131579 0.447368 0.131579
v -0.131579 0.447368 0.105263
v -0.131579 0.421053 0.131579
v -0.157895 0.447368 -0.105263
v -0.157895 0.447368 -0.078947
v -0.157895 0.473684 -0.078947
v -0.157895 0.473684 -0.105263
v -0.131579 0.473684 -0.078947
v -0.131579 0.473684 -0.105263
v -0.131579 0.447368 -0.105263
v -0.131579 0.473684 -0.052632
v -0.157895 0.447368 0.078947
v -0.157895 0.473684 0.078947
v -0.131579 0.473684 0.078947
v -0.131579 0.473684 0.052632
v -0.157895 0.447368 0.105263
v -0.157895 0.473684 0.105263
v -0.131579 0.473684 0.105263
v -0.131579 0.447368 0.105263
v -0.157895 0.500000 -0.026316
v -0.157895 0.500000 -0.052632
v -0.131579 0.500000 -0.026316
v -0.131579 0.500000 -0.052632
v -0.157895 0.500000 0.000000
v -0.131579 0.500000 0.000000
v -0.157895 0.500000 0.026316
v -0.131579 0.500000 0.026316
v -0.157895 0.500000 0.052632
v -0.131579 0.500000 0.052632
v -0.157895 0.552632 -0.184211
v -0.157895 0.578947 -0.184211
v -0.131579 0.578947 -0.157895
v -0.131579 0.578947 -0.184211
v -0.131579 0.552632 -0.184211
v -0.131579 0.552632 -0.157895
v -0.131579 0.578947 -0.131579
v -0.131579 0.552632 -0.131579
v -0.131579 0.578947 -0.105263
v -0.131579 0.552632 -0.105263
v -0.131579 0.578947 -0.078947
v -0.131579 0.552632 -0.078947
v -0.131579 0.578947 -0.052632
v -0.131579 0.552632 -0.052632
v -0.131579 0.578947 -0.026316
v -0.131579 0.552632 -0.026316
v -0.131579 0.578947 0.000000
v -0.131579 0.552632 0.000000
v -0.131579 0.578947 0.026316
v -0.131579 0.552632 0.026316
v -0.131579 0.578947 0.052632
v -0.131579 0.552632 0.052632
v -0.131579 0.578947 0.078947
v -0.131579 0.552632 0.078947
v -0.131579 0.578947 0.105263
v -0.131579 0.552632 0.105263
v -0.131579 0.578947 0.131579
v -0.131579 0.552632 0.131579
v -0.131579 0.578947 0.157895
v -0.131579 0.552632 0.157895
v -0.157895 0.552632 0.184211
v -0.157895 0.578947 0.184211
v -0.131579 0.578947 0.184211
v -0.131579 0.552632 0.184211
v -0.157895 0.605263 -0.210526
v -0.157895 0.631579 -0.210526
v -0.131579 0.631579 -0.184211
v -0.131579 0.631579 -0.210526
v -0.131579 0.605263 -0.210526
v -0.131579 0.605263 -0.184211
v -0.131579 0.631579 -0.157895
v -0.131579 0.605263 -0.157895
v -0.131579 0.631579 -0.131579
v -0.131579 0.605263 -0.131579
v -0.131579 0.631579 -0.105263
v -0.131579 0.605263 -0.105263
v -0.131579 0.631579 -0.078947
v -0.131579 0.605263 -0.078947
v -0.131579 0.631579 -0.052632
v -0.131579 0.605263 -0.052632
v -0.131579 0.631579 -0.026316
v -0.131579 0.605263 -0.026316
v -0.131579 0.631579 0.000000
v -0.131579 0.605263 0.000000
v -0.131579 0.631579 0.026316
v -0.131579 0.605263 0.026316
v -0.131579 0.631579 0.052632
v -0.131579 0.605263 0.052632
v -0.131579 0.631579 0.078947
v -0.131579 0.605263 0.078947
v -0.131579 0.631579 0.105263
v -0.131579 0.605263 0.105263
v -0.131579 0.631579 0.131579
v -0.131579 0.605263 0.131579
v -0.131579 0.631579 0.157895
v -0.131579 0.605263 0.157895
v -0.131579 0.631579 0.184211
v -0.131579 0.605263 0.184211
v -0.157895 0.605263 0.210526
v -0.157895 0.631579 0.210526
v -0.131579 0.631579 0.210526
v -0.131579 0.605263 0.210526
v -0.157895 0.657895 -0.078947
v -0.157895 0.657895 -0.052632
v -0.157895 0.684211 -0.052632
v -0.157895 0.684211 -0.078947
v -0.131579 0.657895 -0.078947
v -0.131579 0.657895 -0.052632
v -0.131579 0.684211 -0.078947
v -0.157895 0.657895 -0.026316
v -0.157895 0.684211 -0.026316
v -0.131579 0.657895 -0.026316
v -0.157895 0.657895 0.000000
v -0.157895 0.684211 0.000000
v -0.131579 0.657895 0.000000
v -0.157895 0.657895 0.026316
v -0.157895 0.684211 0.026316
v -0.131579 0.657895 0.026316
v -0.157895 0.657895 0.052632
v -0.157895 0.684211 0.052632
v -0.131579 0.657895 0.052632
v -0.157895 0.657895 0.078947
v -0.157895 0.684211 0.078947
v -0.131579 0.657895 0.078947
v -0.131579 0.684211 0.078947
v -0.157895 0.684211 -0.105263
v -0.157895 0.710526 -0.105263
v -0.131579 0.710526 -0.078947
v -0.131579 0.710526 -0.105263
v -0.131579 0.684211 -0.105263
v -0.131579 0.684211 -0.078947
v -0.157895 0.684211 0.105263
v -0.157895 0.710526 0.105263
v -0.131579 0.710526 0.105263
v -0.131579 0.710526 0.078947
v -0.131579 0.684211 0.078947
v -0.131579 0.684211 0.105263
v -0.131579 0.736842 -0.078947
v -0.131579 0.710526 -0.078947
v -0.131579 0.710526 0.078947
v -0.131579 0.736842 0.078947
v -0.131579 0.763158 -0.052632
v -0.131579 0.763158 -0.078947
v -0.131579 0.736842 -0.078947
v -0.131579 0.763158 -0.026316
v -0.131579 0.763158 0.052632
v -0.131579 0.763158 0.026316
v -0.131579 0.763158 0.078947
v -0.131579 0.736842 0.078947
v -0.131579 0.763158 -0.026316
v -0.131579 0.789474 -0.026316
v -0.131579 0.789474 0.000000
v -0.131579 0.763158 0.000000
v -0.131579 0.789474 0.026316
v -0.131579 0.763158 0.026316
v -0.157895 0.815789 0.000000
v -0.157895 0.815789 -0.026316
v -0.131579 0.815789 -0.026316
v -0.157895 0.815789 0.026316
v -0.131579 0.815789 0.026316
v -0.157895 0.815789 -0.052632
v -0.157895 0.815789 -0.026316
v -0.157895 0.842105 -0.026316
v -0.157895 0.842105 -0.052632
v -0.131579 0.842105 -0.026316
v -0.131579 0.842105 -0.052632
v -0.131579 0.815789 -0.052632
v -0.131579 0.815789 -0.026316
v -0.157895 0.815789 0.000000
v -0.157895 0.842105 0.000000
v -0.131579 0.842105 0.000000
v -0.157895 0.815789 0.026316
v -0.157895 0.842105 0.026316
v -0.131579 0.842105 0.026316
v -0.157895 0.815789 0.052632
v -0.157895 0.842105 0.052632
v -0.131579 0.842105 0.052632
v -0.131579 0.815789 0.026316
v -0.131579 0.815789 0.052632
v -0.131579 0.000000 -0.184211
v -0.131579 0.026316 -0.184211
v -0.105263 0.026316 -0.157895
v -0.105263 0.026316 -0.184211
v -0.105263 0.000000 -0.184211
v -0.105263 0.000000 -0.157895
v -0.105263 0.026316 -0.131579
v -0.105263 0.000000 -0.131579
v -0.105263 0.026316 -0.105263
v -0.105263 0.000000 -0.105263
v -0.105263 0.000000 -0.078947
v -0.105263 0.000000 -0.052632
v -0.105263 0.000000 -0.026316
v -0.105263 0.000000 0.000000
v -0.105263 0.000000 0.026316
v -0.105263 0.000000 0.052632
v -0.105263 0.000000 0.078947
v -0.105263 0.000000 0.105263
v -0.105263 0.026316 0.131579
v -0.105263 0.026316 0.105263
v -0.105263 0.000000 0.131579
v -0.105263 0.026316 0.157895
v -0.105263 0.000000 0.157895
v -0.131579 0.000000 0.184211
v -0.131579 0.026316 0.184211
v -0.105263 0.026316 0.184211
v -0.105263 0.000000 0.184211
v -0.131579 0.026316 -0.105263
v -0.131579 0.026316 -0.078947
v -0.131579 0.052632 -0.078947
v -0.131579 0.052632 -0.105263
v -0.105263 0.052632 -0.105263
v -0.105263 0.026316 -0.105263
v -0.131579 0.026316 0.078947
v -0.131579 0.052632 0.078947
v -0.131579 0.026316 0.105263
v -0.131579 0.052632 0.105263
v -0.105263 0.026316 0.105263
v -0.105263 0.052632 0.105263
v -0.131579 0.078947 -0.078947
v -0.131579 0.078947 -0.105263
v -0.105263 0.078947 -0.105263
v -0.131579 0.078947 0.078947
v -0.131579 0.078947 0.105263
v -0.105263 0.078947 0.105263
v -0.131579 0.078947 -0.105263
v -0.131579 0.105263 -0.105263
v -0.105263 0.105263 -0.105263
v -0.105263 0.078947 -0.105263
v -0.131579 0.078947 0.105263
v -0.131579 0.105263 0.105263
v -0.105263 0.078947 0.105263
v -0.105263 0.105263 0.105263
v -0.131579 0.105263 -0.157895
v -0.131579 0.131579 -0.157895
v -0.105263 0.105263 -0.157895
v -0.105263 0.105263 -0.131579
v -0.105263 0.131579 -0.157895
v -0.105263 0.105263 -0.105263
v -0.105263 0.105263 0.105263
v -0.105263 0.105263 0.131579
v -0.131579 0.105263 0.157895
v -0.131579 0.131579 0.157895
v -0.105263 0.105263 0.157895
v -0.105263 0.131579 0.157895
v -0.131579 0.131579 -0.157895
v -0.131579 0.157895 -0.157895
v -0.105263 0.157895 -0.157895
v -0.105263 0.131579 -0.157895
v -0.131579 0.131579 0.157895
v -0.131579 0.157895 0.157895
v -0.105263 0.131579 0.157895
v -0.105263 0.157895 0.157895
v -0.131579 0.184211 -0.157895
v -0.105263 0.184211 -0.131579
v -0.105263 0.184211 -0.157895
v -0.131579 0.184211 0.157895
v -0.105263 0.184211 0.157895
v -0.105263 0.184211 0.131579
v -0.131579 0.184211 -0.131579
v -0.131579 0.184211 -0.105263
v -0.131579 0.210526 -0.105263
v -0.131579 0.210526 -0.131579
v -0.105263 0.210526 -0.105263
v -0.105263 0.210526 -0.131579
v -0.105263 0.184211 -0.131579
v -0.105263 0.210526 -0.078947
v -0.105263 0.210526 -0.052632
v -0.105263 0.210526 -0.026316
v -0.105263 0.210526 0.000000
v -0.105263 0.210526 0.026316
v -0.105263 0.210526 0.052632
v -0.105263 0.210526 0.078947
v -0.131579 0.184211 0.105263
v -0.131579 0.210526 0.105263
v -0.105263 0.210526 0.105263
v -0.131579 0.184211 0.131579
v -0.131579 0.210526 0.131579
v -0.105263 0.210526 0.131579
v -0.105263 0.184211 0.131579
v -0.131579 0.236842 -0.078947
v -0.131579 0.236842 -0.052632
v -0.131579 0.263158 -0.052632
v -0.131579 0.263158 -0.078947
v -0.105263 0.236842 -0.078947
v -0.105263 0.236842 -0.052632
v -0.105263 0.263158 -0.078947
v -0.131579 0.236842 -0.026316
v -0.131579 0.263158 -0.026316
v -0.105263 0.236842 -0.026316
v -0.131579 0.236842 0.000000
v -0.131579 0.263158 0.000000
v -0.105263 0.236842 0.000000
v -0.131579 0.236842 0.026316
v -0.131579 0.263158 0.026316
v -0.105263 0.236842 0.026316
v -0.131579 0.236842 0.052632
v -0.131579 0.263158 0.052632
v -0.105263 0.236842 0.052632
v -0.131579 0.236842 0.078947
v -0.131579 0.263158 0.078947
v -0.105263 0.236842 0.078947
v -0.105263 0.263158 0.078947
v -0.131579 0.263158 -0.131579
v -0.131579 0.263158 -0.105263
v -0.131579 0.289474 -0.105263
v -0.131579 0.289474 -0.131579
v -0.105263 0.263158 -0.131579
v -0.105263 0.263158 -0.105263
v -0.105263 0.289474 -0.131579
v -0.105263 0.263158 -0.078947
v -0.131579 0.263158 0.105263
v -0.131579 0.289474 0.105263
v -0.105263 0.263158 0.078947
v -0.105263 0.263158 0.105263
v -0.131579 0.263158 0.131579
v -0.131579 0.289474 0.131579
v -0.105263 0.263158 0.131579
v -0.105263 0.289474 0.131579
v -0.131579 0.289474 -0.157895
v -0.105263 0.289474 -0.157895
v -0.105263 0.289474 -0.131579
v -0.105263 0.315789 -0.157895
v -0.131579 0.289474 0.157895
v -0.105263 0.289474 0.131579
v -0.105263 0.289474 0.157895
v -0.105263 0.315789 0.157895
v -0.131579 0.315789 -0.184211
v -0.131579 0.342105 -0.184211
v -0.105263 0.315789 -0.184211
v -0.105263 0.342105 -0.184211
v -0.131579 0.315789 0.184211
v -0.131579 0.342105 0.184211
v -0.105263 0.315789 0.184211
v -0.105263 0.342105 0.184211
v -0.131579 0.342105 -0.184211
v -0.131579 0.368421 -0.184211
v -0.105263 0.368421 -0.184211
v -0.105263 0.342105 -0.184211
v -0.131579 0.342105 0.184211
v -0.131579 0.368421 0.184211
v -0.105263 0.342105 0.184211
v -0.105263 0.368421 0.184211
v -0.105263 0.394737 -0.184211
v -0.105263 0.368421 -0.184211
v -0.105263 0.368421 0.184211
v -0.105263 0.394737 0.184211
v -0.131579 0.394737 -0.263158
v -0.131579 0.421053 -0.263158
v -0.105263 0.421053 -0.236842
v -0.105263 0.421053 -0.263158
v -0.105263 0.394737 -0.263158
v -0.105263 0.394737 -0.236842
v -0.105263 0.421053 -0.210526
v -0.105263 0.394737 -0.210526
v -0.105263 0.421053 -0.184211
v -0.105263 0.394737 -0.184211
v -0.105263 0.421053 -0.157895
v -0.105263 0.421053 -0.131579
v -0.105263 0.421053 0.157895
v -0.105263 0.421053 0.131579
v -0.105263 0.421053 0.184211
v -0.105263 0.421053 0.210526
v -0.105263 0.394737 0.184211
v -0.105263 0.394737 0.210526
v -0.105263 0.421053 0.236842
v -0.105263 0.394737 0.236842
v -0.131579 0.394737 0.263158
v -0.131579 0.421053 0.263158
v -0.105263 0.421053 0.263158
v -0.105263 0.394737 0.263158
v -0.105263 0.447368 -0.131579
v -0.105263 0.421053 -0.131579
v -0.105263 0.421053 0.131579
v -0.105263 0.447368 0.131579
v -0.131579 0.447368 -0.131579
v -0.131579 0.473684 -0.131579
v -0.105263 0.473684 -0.105263
v -0.105263 0.473684 -0.131579
v -0.105263 0.447368 -0.131579
v -0.131579 0.447368 0.131579
v -0.131579 0.473684 0.131579
v -0.105263 0.473684 0.131579
v -0.105263 0.473684 0.105263
v -0.105263 0.447368 0.131579
v -0.131579 0.500000 -0.078947
v -0.131579 0.500000 -0.105263
v -0.105263 0.500000 -0.078947
v -0.105263 0.500000 -0.105263
v -0.105263 0.500000 -0.052632
v -0.131579 0.500000 0.078947
v -0.105263 0.500000 0.078947
v -0.105263 0.500000 0.052632
v -0.131579 0.500000 0.105263
v -0.105263 0.500000 0.105263
v -0.131579 0.526316 -0.026316
v -0.131579 0.526316 -0.052632
v -0.105263 0.526316 -0.026316
v -0.105263 0.526316 -0.052632
v -0.131579 0.526316 0.000000
v -0.105263 0.526316 0.000000
v -0.131579 0.526316 0.026316
v -0.105263 0.526316 0.026316
v -0.131579 0.526316 0.052632
v -0.105263 0.526316 0.052632
v -0.131579 0.552632 -0.210526
v -0.131579 0.578947 -0.210526
v -0.105263 0.578947 -0.184211
v -0.105263 0.578947 -0.210526
v -0.105263 0.552632 -0.210526
v -0.105263 0.552632 -0.184211
v -0.105263 0.578947 -0.157895
v -0.105263 0.552632 -0.157895
v -0.105263 0.578947 -0.131579
v -0.105263 0.552632 -0.131579
v -0.105263 0.578947 -0.105263
v -0.105263 0.552632 -0.105263
v -0.105263 0.578947 -0.078947
v -0.105263 0.552632 -0.078947
v -0.105263 0.578947 -0.052632
v -0.105263 0.552632 -0.052632
v -0.105263 0.578947 -0.026316
v -0.105263 0.552632 -0.026316
v -0.105263 0.578947 0.000000
v -0.105263 0.552632 0.000000
v -0.105263 0.578947 0.026316
v -0.105263 0.552632 0.026316
v -0.105263 0.578947 0.052632
v -0.105263 0.552632 0.052632
v -0.105263 0.578947 0.078947
v -0.105263 0.552632 0.078947
v -0.105263 0.578947 0.105263
v -0.105263 0.552632 0.105263
v -0.105263 0.578947 0.131579
v -0.105263 0.552632 0.131579
v -0.105263 0.578947 0.157895
v -0.105263 0.552632 0.157895
v -0.105263 0.578947 0.184211
v -0.105263 0.552632 0.184211
v -0.131579 0.552632 0.210526
v -0.131579 0.578947 0.210526
v -0.105263 0.578947 0.210526
v -0.105263 0.552632 0.210526
v -0.131579 0.605263 -0.236842
v -0.131579 0.631579 -0.236842
v -0.105263 0.631579 -0.210526
v -0.105263 0.631579 -0.236842
v -0.105263 0.605263 -0.236842
v -0.105263 0.605263 -0.210526
v -0.105263 0.631579 -0.184211
v -0.105263 0.605263 -0.184211
v -0.105263 0.631579 -0.157895
v -0.105263 0.605263 -0.157895
v -0.105263 0.631579 -0.131579
v -0.105263 0.605263 -0.131579
v -0.105263 0.631579 -0.105263
v -0.105263 0.605263 -0.105263
v -0.105263 0.631579 -0.078947
v -0.105263 0.605263 -0.078947
v -0.105263 0.631579 -0.052632
v -0.105263 0.605263 -0.052632
v -0.105263 0.631579 -0.026316
v -0.105263 0.605263 -0.026316
v -0.105263 0.631579 0.000000
v -0.105263 0.605263 0.000000
v -0.105263 0.631579 0.026316
v -0.105263 0.605263 0.026316
v -0.105263 0.631579 0.052632
v -0.105263 0.605263 0.052632
v -0.105263 0.631579 0.078947
v -0.105263 0.605263 0.078947
v -0.105263 0.631579 0.105263
v -0.105263 0.605263 0.105263
v -0.105263 0.631579 0.131579
v -0.105263 0.605263 0.131579
v -0.105263 0.631579 0.157895
v -0.105263 0.605263 0.157895
v -0.105263 0.631579 0.184211
v -0.105263 0.605263 0.184211
v -0.105263 0.631579 0.210526
v -0.105263 0.605263 0.210526
v -0.131579 0.605263 0.236842
v -0.131579 0.631579 0.236842
v -0.105263 0.631579 0.236842
v -0.105263 0.605263 0.236842
v -0.131579 0.657895 -0.105263
v -0.131579 0.684211 -0.105263
v -0.105263 0.657895 -0.105263
v -0.105263 0.657895 -0.078947
v -0.105263 0.684211 -0.105263
v -0.105263 0.657895 -0.052632
v -0.105263 0.657895 -0.026316
v -0.105263 0.657895 0.000000
v -0.105263 0.657895 0.026316
v -0.105263 0.657895 0.052632
v -0.105263 0.657895 0.078947
v -0.131579 0.657895 0.105263
v -0.131579 0.684211 0.105263
v -0.105263 0.657895 0.105263
v -0.105263 0.684211 0.105263
v -0.131579 0.684211 -0.131579
v -0.131579 0.710526 -0.131579
v -0.105263 0.710526 -0.105263
v -0.105263 0.710526 -0.131579
v -0.105263 0.684211 -0.131579
v -0.105263 0.684211 -0.105263
v -0.131579 0.684211 0.131579
v -0.131579 0.710526 0.131579
v -0.105263 0.710526 0.131579
v -0.105263 0.710526 0.105263
v -0.105263 0.684211 0.105263
v -0.105263 0.684211 0.131579
v -0.105263 0.710526 -0.105263
v -0.105263 0.736842 -0.105263
v -0.105263 0.736842 -0.078947
v -0.105263 0.710526 -0.078947
v -0.131579 0.710526 -0.105263
v -0.131579 0.736842 -0.105263
v -0.105263 0.710526 0.078947
v -0.105263 0.736842 0.078947
v -0.105263 0.736842 0.105263
v -0.105263 0.710526 0.105263
v -0.131579 0.710526 0.105263
v -0.131579 0.736842 0.105263
v -0.105263 0.763158 -0.052632
v -0.105263 0.763158 -0.078947
v -0.105263 0.736842 -0.078947
v -0.105263 0.763158 -0.026316
v -0.131579 0.763158 0.000000
v -0.105263 0.763158 0.000000
v -0.105263 0.763158 0.026316
v -0.105263 0.763158 0.052632
v -0.105263 0.763158 0.078947
v -0.105263 0.736842 0.078947
v -0.105263 0.789474 -0.026316
v -0.105263 0.815789 -0.026316
v -0.105263 0.815789 0.000000
v -0.105263 0.789474 0.000000
v -0.105263 0.815789 0.026316
v -0.105263 0.789474 0.026316
v -0.131579 0.815789 -0.078947
v -0.131579 0.842105 -0.078947
v -0.105263 0.842105 -0.052632
v -0.105263 0.842105 -0.078947
v -0.105263 0.815789 -0.078947
v -0.105263 0.815789 -0.052632
v -0.105263 0.842105 -0.026316
v -0.105263 0.815789 -0.026316
v -0.105263 0.842105 0.000000
v -0.105263 0.842105 0.026316
v -0.105263 0.842105 0.052632
v -0.105263 0.815789 0.026316
v -0.105263 0.815789 0.052632
v -0.131579 0.815789 0.078947
v -0.131579 0.842105 0.078947
v -0.105263 0.842105 0.078947
v -0.105263 0.815789 0.078947
v -0.078947 0.026316 -0.157895
v -0.078947 0.026316 -0.184211
v -0.078947 0.000000 -0.184211
v -0.078947 0.000000 -0.157895
v -0.078947 0.026316 -0.131579
v -0.078947 0.000000 -0.131579
v -0.078947 0.000000 -0.105263
v -0.078947 0.000000 -0.078947
v -0.078947 0.000000 -0.052632
v -0.078947 0.000000 -0.026316
v -0.078947 0.000000 0.000000
v -0.078947 0.000000 0.026316
v -0.078947 0.000000 0.052632
v -0.078947 0.000000 0.078947
v -0.078947 0.000000 0.105263
v -0.078947 0.000000 0.131579
v -0.078947 0.026316 0.157895
v -0.078947 0.026316 0.131579
v -0.078947 0.000000 0.157895
v -0.078947 0.026316 0.184211
v -0.078947 0.000000 0.184211
v -0.105263 0.026316 -0.131579
v -0.105263 0.052632 -0.131579
v -0.078947 0.052632 -0.131579
v -0.078947 0.026316 -0.131579
v -0.105263 0.026316 0.131579
v -0.105263 0.052632 0.131579
v -0.078947 0.026316 0.131579
v -0.078947 0.052632 0.131579
v -0.105263 0.078947 -0.131579
v -0.078947 0.078947 -0.131579
v -0.105263 0.078947 0.131579
v -0.078947 0.078947 0.131579
v -0.105263 0.078947 -0.131579
v -0.105263 0.105263 -0.131579
v -0.078947 0.105263 -0.131579
v -0.078947 0.078947 -0.131579
v -0.105263 0.078947 0.131579
v -0.105263 0.105263 0.131579
v -0.078947 0.078947 0.131579
v -0.078947 0.105263 0.131579
v -0.078947 0.105263 -0.157895
v -0.078947 0.105263 -0.131579
v -0.078947 0.131579 -0.157895
v -0.078947 0.105263 0.131579
v -0.078947 0.105263 0.157895
v -0.078947 0.131579 0.157895
v -0.105263 0.131579 -0.184211
v -0.105263 0.157895 -0.184211
v -0.078947 0.131579 -0.184211
v -0.078947 0.131579 -0.157895
v -0.078947 0.157895 -0.184211
v -0.105263 0.131579 0.184211
v -0.105263 0.157895 0.184211
v -0.078947 0.131579 0.157895
v -0.078947 0.131579 0.184211
v -0.078947 0.157895 0.184211
v -0.105263 0.184211 -0.184211
v -0.078947 0.184211 -0.157895
v -0.078947 0.184211 -0.184211
v -0.105263 0.184211 0.184211
v -0.078947 0.184211 0.184211
v -0.078947 0.184211 0.157895
v -0.105263 0.184211 -0.157895
v -0.105263 0.210526 -0.157895
v -0.078947 0.210526 -0.131579
v -0.078947 0.210526 -0.157895
v -0.078947 0.184211 -0.157895
v -0.078947 0.210526 -0.105263
v -0.078947 0.210526 -0.078947
v -0.078947 0.210526 0.105263
v -0.078947 0.210526 0.078947
v -0.078947 0.210526 0.131579
v -0.105263 0.184211 0.157895
v -0.105263 0.210526 0.157895
v -0.078947 0.210526 0.157895
v -0.078947 0.184211 0.157895
v -0.105263 0.210526 -0.078947
v -0.105263 0.210526 -0.052632
v -0.105263 0.236842 -0.052632
v -0.105263 0.236842 -0.078947
v -0.078947 0.236842 -0.078947
v -0.078947 0.210526 -0.078947
v -0.105263 0.210526 -0.026316
v -0.105263 0.236842 -0.026316
v -0.105263 0.210526 0.000000
v -0.105263 0.236842 0.000000
v -0.105263 0.210526 0.026316
v -0.105263 0.236842 0.026316
v -0.105263 0.210526 0.052632
v -0.105263 0.236842 0.052632
v -0.105263 0.210526 0.078947
v -0.105263 0.236842 0.078947
v -0.078947 0.210526 0.078947
v -0.078947 0.236842 0.078947
v -0.105263 0.236842 -0.131579
v -0.105263 0.236842 -0.105263
v -0.105263 0.263158 -0.105263
v -0.105263 0.263158 -0.131579
v -0.078947 0.236842 -0.131579
v -0.078947 0.236842 -0.105263
v -0.078947 0.263158 -0.131579
v -0.078947 0.236842 -0.078947
v -0.105263 0.236842 0.105263
v -0.105263 0.263158 0.105263
v -0.078947 0.236842 0.078947
v -0.078947 0.236842 0.105263
v -0.105263 0.236842 0.131579
v -0.105263 0.263158 0.131579
v -0.078947 0.236842 0.131579
v -0.078947 0.263158 0.131579
v -0.105263 0.263158 -0.157895
v -0.105263 0.289474 -0.157895
v -0.078947 0.263158 -0.157895
v -0.078947 0.263158 -0.131579
v -0.078947 0.289474 -0.157895
v -0.105263 0.263158 0.157895
v -0.105263 0.289474 0.157895
v -0.078947 0.263158 0.131579
v -0.078947 0.263158 0.157895
v -0.078947 0.289474 0.157895
v -0.105263 0.289474 -0.184211
v -0.078947 0.289474 -0.184211
v -0.078947 0.289474 -0.157895
v -0.078947 0.315789 -0.184211
v -0.105263 0.289474 0.184211
v -0.078947 0.289474 0.157895
v -0.078947 0.289474 0.184211
v -0.078947 0.315789 0.184211
v -0.105263 0.315789 -0.210526
v -0.105263 0.342105 -0.210526
v -0.078947 0.315789 -0.210526
v -0.078947 0.342105 -0.210526
v -0.105263 0.315789 0.210526
v -0.105263 0.342105 0.210526
v -0.078947 0.315789 0.210526
v -0.078947 0.342105 0.210526
v -0.105263 0.342105 -0.210526
v -0.105263 0.368421 -0.210526
v -0.078947 0.368421 -0.210526
v -0.078947 0.342105 -0.210526
v -0.105263 0.342105 0.210526
v -0.105263 0.368421 0.210526
v -0.078947 0.342105 0.210526
v -0.078947 0.368421 0.210526
v -0.105263 0.368421 -0.210526
v -0.105263 0.394737 -0.210526
v -0.078947 0.394737 -0.210526
v -0.078947 0.368421 -0.210526
v -0.105263 0.368421 0.210526
v -0.105263 0.394737 0.210526
v -0.078947 0.368421 0.210526
v -0.078947 0.394737 0.210526
v -0.078947 0.421053 -0.236842
v -0.078947 0.421053 -0.263158
v -0.078947 0.394737 -0.263158
v -0.078947 0.394737 -0.236842
v -0.078947 0.421053 -0.210526
v -0.078947 0.394737 -0.210526
v -0.078947 0.421053 -0.184211
v -0.078947 0.421053 -0.157895
v -0.078947 0.421053 -0.131579
v -0.078947 0.421053 0.157895
v -0.078947 0.421053 0.131579
v -0.078947 0.421053 0.184211
v -0.078947 0.421053 0.210526
v -0.078947 0.421053 0.236842
v -0.078947 0.394737 0.210526
v -0.078947 0.394737 0.236842
v -0.078947 0.421053 0.263158
v -0.078947 0.394737 0.263158
v -0.078947 0.447368 -0.131579
v -0.078947 0.421053 -0.131579
v -0.078947 0.421053 0.131579
v -0.078947 0.447368 0.131579
v -0.078947 0.473684 -0.131579
v -0.078947 0.447368 -0.131579
v -0.078947 0.447368 0.131579
v -0.078947 0.473684 0.131579
v -0.105263 0.500000 -0.131579
v -0.078947 0.500000 -0.105263
v -0.078947 0.500000 -0.131579
v -0.105263 0.500000 0.131579
v -0.078947 0.500000 0.131579
v -0.078947 0.500000 0.105263
v -0.105263 0.526316 -0.078947
v -0.105263 0.526316 -0.105263
v -0.078947 0.526316 -0.078947
v -0.078947 0.526316 -0.105263
v -0.078947 0.526316 -0.052632
v -0.078947 0.526316 -0.026316
v -0.078947 0.526316 0.000000
v -0.078947 0.526316 0.026316
v -0.078947 0.526316 0.052632
v -0.105263 0.526316 0.078947
v -0.078947 0.526316 0.078947
v -0.105263 0.526316 0.105263
v -0.078947 0.526316 0.105263
v -0.105263 0.552632 -0.236842
v -0.105263 0.578947 -0.236842
v -0.078947 0.578947 -0.210526
v -0.078947 0.578947 -0.236842
v -0.078947 0.552632 -0.236842
v -0.078947 0.552632 -0.210526
v -0.078947 0.578947 -0.184211
v -0.078947 0.552632 -0.184211
v -0.078947 0.578947 -0.157895
v -0.078947 0.552632 -0.157895
v -0.078947 0.578947 -0.131579
v -0.078947 0.552632 -0.131579
v -0.078947 0.578947 -0.105263
v -0.078947 0.552632 -0.105263
v -0.078947 0.578947 -0.078947
v -0.078947 0.552632 -0.078947
v -0.078947 0.578947 -0.052632
v -0.078947 0.552632 -0.052632
v -0.078947 0.578947 -0.026316
v -0.078947 0.552632 -0.026316
v -0.078947 0.578947 0.000000
v -0.078947 0.552632 0.000000
v -0.078947 0.578947 0.026316
v -0.078947 0.552632 0.026316
v -0.078947 0.578947 0.052632
v -0.078947 0.552632 0.052632
v -0.078947 0.578947 0.078947
v -0.078947 0.552632 0.078947
v -0.078947 0.578947 0.105263
v -0.078947 0.552632 0.105263
v -0.078947 0.578947 0.131579
v -0.078947 0.552632 0.131579
v -0.078947 0.578947 0.157895
v -0.078947 0.552632 0.157895
v -0.078947 0.578947 0.184211
v -0.078947 0.552632 0.184211
v -0.078947 0.578947 0.210526
v -0.078947 0.552632 0.210526
v -0.105263 0.552632 0.236842
v -0.105263 0.578947 0.236842
v -0.078947 0.578947 0.236842
v -0.078947 0.552632 0.236842
v -0.105263 0.605263 -0.263158
v -0.105263 0.631579 -0.263158
v -0.078947 0.631579 -0.236842
v -0.078947 0.631579 -0.263158
v -0.078947 0.605263 -0.263158
v -0.078947 0.605263 -0.236842
v -0.078947 0.631579 -0.210526
v -0.078947 0.605263 -0.210526
v -0.078947 0.631579 -0.184211
v -0.078947 0.605263 -0.184211
v -0.078947 0.631579 -0.157895
v -0.078947 0.605263 -0.157895
v -0.078947 0.631579 -0.131579
v -0.078947 0.605263 -0.131579
v -0.078947 0.631579 -0.105263
v -0.078947 0.605263 -0.105263
v -0.078947 0.631579 -0.078947
v -0.078947 0.605263 -0.078947
v -0.078947 0.631579 -0.052632
v -0.078947 0.605263 -0.052632
v -0.078947 0.631579 -0.026316
v -0.078947 0.605263 -0.026316
v -0.078947 0.631579 0.000000
v -0.078947 0.605263 0.000000
v -0.078947 0.631579 0.026316
v -0.078947 0.605263 0.026316
v -0.078947 0.631579 0.052632
v -0.078947 0.605263 0.052632
v -0.078947 0.631579 0.078947
v -0.078947 0.605263 0.078947
v -0.078947 0.631579 0.105263
v -0.078947 0.605263 0.105263
v -0.078947 0.631579 0.131579
v -0.078947 0.605263 0.131579
v -0.078947 0.631579 0.157895
v -0.078947 0.605263 0.157895
v -0.078947 0.631579 0.184211
v -0.078947 0.605263 0.184211
v -0.078947 0.631579 0.210526
v -0.078947 0.605263 0.210526
v -0.078947 0.631579 0.236842
v -0.078947 0.605263 0.236842
v -0.105263 0.605263 0.263158
v -0.105263 0.631579 0.263158
v -0.078947 0.631579 0.263158
v -0.078947 0.605263 0.263158
v -0.105263 0.657895 -0.131579
v -0.105263 0.684211 -0.131579
v -0.078947 0.657895 -0.131579
v -0.078947 0.657895 -0.105263
v -0.078947 0.684211 -0.131579
v -0.078947 0.657895 -0.078947
v -0.078947 0.657895 -0.052632
v -0.078947 0.657895 -0.026316
v -0.078947 0.657895 0.000000
v -0.078947 0.657895 0.026316
v -0.078947 0.657895 0.052632
v -0.078947 0.657895 0.078947
v -0.078947 0.657895 0.105263
v -0.105263 0.657895 0.131579
v -0.105263 0.684211 0.131579
v -0.078947 0.657895 0.131579
v -0.078947 0.684211 0.131579
v -0.105263 0.684211 -0.157895
v -0.105263 0.710526 -0.157895
v -0.078947 0.710526 -0.131579
v -0.078947 0.710526 -0.157895
v -0.078947 0.684211 -0.157895
v -0.078947 0.684211 -0.131579
v -0.078947 0.710526 -0.105263
v -0.105263 0.710526 -0.078947
v -0.078947 0.710526 -0.078947
v -0.105263 0.710526 0.078947
v -0.078947 0.710526 0.105263
v -0.078947 0.710526 0.078947
v -0.078947 0.710526 0.131579
v -0.105263 0.684211 0.157895
v -0.105263 0.710526 0.157895
v -0.078947 0.710526 0.157895
v -0.078947 0.684211 0.131579
v -0.078947 0.684211 0.157895
v -0.078947 0.736842 -0.078947
v -0.078947 0.710526 -0.078947
v -0.078947 0.710526 0.078947
v -0.078947 0.736842 0.078947
v -0.078947 0.736842 -0.078947
v -0.078947 0.763158 -0.078947
v -0.078947 0.763158 -0.052632
v -0.078947 0.736842 -0.052632
v -0.078947 0.763158 -0.026316
v -0.078947 0.763158 0.000000
v -0.078947 0.763158 0.026316
v -0.078947 0.763158 0.052632
v -0.078947 0.736842 0.052632
v -0.078947 0.763158 0.078947
v -0.078947 0.736842 0.078947
v -0.105263 0.815789 -0.105263
v -0.105263 0.842105 -0.105263
v -0.078947 0.842105 -0.078947
v -0.078947 0.842105 -0.105263
v -0.078947 0.815789 -0.105263
v -0.078947 0.815789 -0.078947
v -0.078947 0.842105 -0.052632
v -0.078947 0.815789 -0.052632
v -0.078947 0.842105 -0.026316
v -0.078947 0.815789 -0.026316
v -0.078947 0.842105 0.000000
v -0.078947 0.815789 0.000000
v -0.105263 0.815789 0.000000
v -0.078947 0.842105 0.026316
v -0.078947 0.815789 0.026316
v -0.078947 0.842105 0.052632
v -0.078947 0.815789 0.052632
v -0.078947 0.842105 0.078947
v -0.078947 0.815789 0.078947
v -0.105263 0.815789 0.105263
v -0.105263 0.842105 0.105263
v -0.078947 0.842105 0.105263
v -0.078947 0.815789 0.105263
v -0.105263 0.921053 -0.052632
v -0.105263 0.921053 -0.026316
v -0.105263 0.947368 -0.026316
v -0.105263 0.947368 -0.052632
v -0.078947 0.947368 -0.026316
v -0.078947 0.947368 -0.052632
v -0.078947 0.921053 -0.052632
v -0.078947 0.921053 -0.026316
v -0.105263 0.921053 0.000000
v -0.105263 0.947368 0.000000
v -0.078947 0.947368 0.000000
v -0.078947 0.921053 0.000000
v -0.105263 0.921053 0.026316
v -0.105263 0.947368 0.026316
v -0.078947 0.947368 0.026316
v -0.078947 0.921053 0.026316
v -0.105263 0.921053 0.052632
v -0.105263 0.947368 0.052632
v -0.078947 0.947368 0.052632
v -0.078947 0.921053 0.052632
v -0.078947 0.000000 -0.210526
v -0.078947 0.026316 -0.210526
v -0.052632 0.026316 -0.184211
v -0.052632 0.026316 -0.210526
v -0.052632 0.000000 -0.210526
v -0.052632 0.000000 -0.184211
v -0.052632 0.026316 -0.157895
v -0.052632 0.000000 -0.157895
v -0.052632 0.026316 -0.131579
v -0.052632 0.000000 -0.131579
v -0.052632 0.000000 -0.105263
v -0.052632 0.000000 -0.078947
v -0.052632 0.000000 -0.052632
v -0.052632 0.000000 -0.026316
v -0.052632 0.000000 0.000000
v -0.052632 0.000000 0.026316
v -0.052632 0.000000 0.052632
v -0.052632 0.000000 0.078947
v -0.052632 0.000000 0.105263
v -0.052632 0.000000 0.131579
v -0.052632 0.026316 0.157895
v -0.052632 0.026316 0.131579
v -0.052632 0.000000 0.157895
v -0.052632 0.026316 0.184211
v -0.052632 0.000000 0.184211
v -0.078947 0.000000 0.210526
v -0.078947 0.026316 0.210526
v -0.052632 0.026316 0.210526
v -0.052632 0.000000 0.210526
v -0.052632 0.052632 -0.131579
v -0.052632 0.026316 -0.131579
v -0.052632 0.026316 0.131579
v -0.052632 0.052632 0.131579
v -0.052632 0.078947 -0.131579
v -0.052632 0.078947 0.131579
v -0.078947 0.078947 -0.157895
v -0.078947 0.105263 -0.157895
v -0.052632 0.078947 -0.157895
v -0.052632 0.078947 -0.131579
v -0.052632 0.105263 -0.157895
v -0.078947 0.078947 0.157895
v -0.078947 0.105263 0.157895
v -0.052632 0.078947 0.131579
v -0.052632 0.078947 0.157895
v -0.052632 0.105263 0.157895
v -0.078947 0.105263 -0.184211
v -0.078947 0.131579 -0.184211
v -0.052632 0.105263 -0.184211
v -0.052632 0.105263 -0.157895
v -0.052632 0.131579 -0.184211
v -0.078947 0.105263 0.184211
v -0.078947 0.131579 0.184211
v -0.052632 0.105263 0.157895
v -0.052632 0.105263 0.184211
v -0.052632 0.131579 0.184211
v -0.052632 0.157895 -0.184211
v -0.052632 0.131579 -0.184211
v -0.052632 0.131579 0.184211
v -0.052632 0.157895 0.184211
v -0.052632 0.184211 -0.157895
v -0.052632 0.184211 -0.184211
v -0.052632 0.184211 0.184211
v -0.052632 0.184211 0.157895
v -0.052632 0.210526 -0.131579
v -0.052632 0.210526 -0.157895
v -0.052632 0.184211 -0.157895
v -0.052632 0.210526 -0.105263
v -0.052632 0.210526 0.131579
v -0.052632 0.210526 0.105263
v -0.052632 0.210526 0.157895
v -0.052632 0.184211 0.157895
v -0.078947 0.210526 -0.105263
v -0.078947 0.236842 -0.105263
v -0.052632 0.236842 -0.105263
v -0.052632 0.210526 -0.105263
v -0.078947 0.210526 0.105263
v -0.078947 0.236842 0.105263
v -0.052632 0.210526 0.105263
v -0.052632 0.236842 0.105263
v -0.078947 0.236842 -0.157895
v -0.078947 0.263158 -0.157895
v -0.052632 0.236842 -0.157895
v -0.052632 0.236842 -0.131579
v -0.052632 0.263158 -0.157895
v -0.052632 0.236842 -0.105263
v -0.052632 0.236842 0.105263
v -0.052632 0.236842 0.131579
v -0.078947 0.236842 0.157895
v -0.078947 0.263158 0.157895
v -0.052632 0.236842 0.157895
v -0.052632 0.263158 0.157895
v -0.078947 0.263158 -0.184211
v -0.078947 0.289474 -0.184211
v -0.052632 0.263158 -0.184211
v -0.052632 0.263158 -0.157895
v -0.052632 0.289474 -0.184211
v -0.078947 0.263158 0.184211
v -0.078947 0.289474 0.184211
v -0.052632 0.263158 0.157895
v -0.052632 0.263158 0.184211
v -0.052632 0.289474 0.184211
v -0.078947 0.289474 -0.210526
v -0.052632 0.289474 -0.210526
v -0.052632 0.289474 -0.184211
v -0.052632 0.315789 -0.210526
v -0.078947 0.289474 0.210526
v -0.052632 0.289474 0.184211
v -0.052632 0.289474 0.210526
v -0.052632 0.315789 0.210526
v -0.052632 0.342105 -0.210526
v -0.052632 0.342105 0.210526
v -0.052632 0.368421 -0.210526
v -0.052632 0.342105 -0.210526
v -0.052632 0.342105 0.210526
v -0.052632 0.368421 0.210526
v -0.052632 0.394737 -0.210526
v -0.052632 0.368421 -0.210526
v -0.052632 0.368421 0.210526
v -0.052632 0.394737 0.210526
v -0.052632 0.421053 -0.236842
v -0.052632 0.421053 -0.263158
v -0.052632 0.394737 -0.263158
v -0.052632 0.394737 -0.236842
v -0.052632 0.421053 -0.210526
v -0.052632 0.394737 -0.210526
v -0.052632 0.421053 -0.184211
v -0.052632 0.421053 -0.157895
v -0.052632 0.421053 0.184211
v -0.052632 0.421053 0.157895
v -0.052632 0.421053 0.210526
v -0.052632 0.421053 0.236842
v -0.052632 0.394737 0.210526
v -0.052632 0.394737 0.236842
v -0.052632 0.421053 0.263158
v -0.052632 0.394737 0.263158
v -0.052632 0.421053 -0.157895
v -0.052632 0.447368 -0.157895
v -0.052632 0.447368 -0.131579
v -0.052632 0.421053 -0.131579
v -0.078947 0.421053 -0.157895
v -0.078947 0.447368 -0.157895
v -0.052632 0.421053 0.131579
v -0.052632 0.447368 0.131579
v -0.052632 0.447368 0.157895
v -0.052632 0.421053 0.157895
v -0.078947 0.421053 0.157895
v -0.078947 0.447368 0.157895
v -0.078947 0.447368 -0.157895
v -0.078947 0.473684 -0.157895
v -0.052632 0.473684 -0.131579
v -0.052632 0.473684 -0.157895
v -0.052632 0.447368 -0.157895
v -0.078947 0.447368 0.157895
v -0.078947 0.473684 0.157895
v -0.052632 0.473684 0.157895
v -0.052632 0.473684 0.131579
v -0.052632 0.447368 0.157895
v -0.052632 0.500000 -0.131579
v -0.052632 0.500000 0.131579
v -0.078947 0.526316 -0.131579
v -0.052632 0.526316 -0.105263
v -0.052632 0.526316 -0.131579
v -0.052632 0.526316 -0.078947
v -0.052632 0.526316 -0.052632
v -0.052632 0.526316 0.078947
v -0.052632 0.526316 0.052632
v -0.052632 0.526316 0.105263
v -0.078947 0.526316 0.131579
v -0.052632 0.526316 0.131579
v -0.078947 0.526316 -0.052632
v -0.078947 0.526316 -0.026316
v -0.078947 0.552632 -0.026316
v -0.078947 0.552632 -0.052632
v -0.052632 0.552632 -0.052632
v -0.052632 0.526316 -0.052632
v -0.078947 0.526316 0.000000
v -0.078947 0.552632 0.000000
v -0.078947 0.526316 0.026316
v -0.078947 0.552632 0.026316
v -0.078947 0.526316 0.052632
v -0.078947 0.552632 0.052632
v -0.052632 0.526316 0.052632
v -0.052632 0.552632 0.052632
v -0.078947 0.552632 -0.263158
v -0.078947 0.578947 -0.263158
v -0.052632 0.578947 -0.236842
v -0.052632 0.578947 -0.263158
v -0.052632 0.552632 -0.263158
v -0.052632 0.552632 -0.236842
v -0.052632 0.578947 -0.210526
v -0.052632 0.552632 -0.210526
v -0.052632 0.578947 -0.184211
v -0.052632 0.552632 -0.184211
v -0.052632 0.578947 -0.157895
v -0.052632 0.552632 -0.157895
v -0.052632 0.578947 -0.131579
v -0.052632 0.552632 -0.131579
v -0.052632 0.578947 -0.105263
v -0.052632 0.552632 -0.105263
v -0.052632 0.578947 -0.078947
v -0.052632 0.552632 -0.078947
v -0.052632 0.578947 -0.052632
v -0.052632 0.552632 -0.052632
v -0.052632 0.578947 -0.026316
v -0.052632 0.578947 0.000000
v -0.052632 0.578947 0.026316
v -0.052632 0.578947 0.052632
v -0.052632 0.578947 0.078947
v -0.052632 0.552632 0.052632
v -0.052632 0.552632 0.078947
v -0.052632 0.578947 0.105263
v -0.052632 0.552632 0.105263
v -0.052632 0.578947 0.131579
v -0.052632 0.552632 0.131579
v -0.052632 0.578947 0.157895
v -0.052632 0.552632 0.157895
v -0.052632 0.578947 0.184211
v -0.052632 0.552632 0.184211
v -0.052632 0.578947 0.210526
v -0.052632 0.552632 0.210526
v -0.052632 0.578947 0.236842
v -0.052632 0.552632 0.236842
v -0.078947 0.552632 0.263158
v -0.078947 0.578947 0.263158
v -0.052632 0.578947 0.263158
v -0.052632 0.552632 0.263158
v -0.052632 0.631579 -0.236842
v -0.052632 0.631579 -0.263158
v -0.052632 0.605263 -0.263158
v -0.052632 0.605263 -0.236842
v -0.052632 0.631579 -0.210526
v -0.052632 0.605263 -0.210526
v -0.052632 0.631579 -0.184211
v -0.052632 0.605263 -0.184211
v -0.052632 0.631579 -0.157895
v -0.052632 0.605263 -0.157895
v -0.052632 0.631579 -0.131579
v -0.052632 0.605263 -0.131579
v -0.052632 0.631579 -0.105263
v -0.052632 0.605263 -0.105263
v -0.052632 0.631579 -0.078947
v -0.052632 0.605263 -0.078947
v -0.052632 0.631579 -0.052632
v -0.052632 0.605263 -0.052632
v -0.052632 0.605263 -0.026316
v -0.052632 0.605263 0.000000
v -0.052632 0.605263 0.026316
v -0.052632 0.605263 0.052632
v -0.052632 0.631579 0.078947
v -0.052632 0.631579 0.052632
v -0.052632 0.605263 0.078947
v -0.052632 0.631579 0.105263
v -0.052632 0.605263 0.105263
v -0.052632 0.631579 0.131579
v -0.052632 0.605263 0.131579
v -0.052632 0.631579 0.157895
v -0.052632 0.605263 0.157895
v -0.052632 0.631579 0.184211
v -0.052632 0.605263 0.184211
v -0.052632 0.631579 0.210526
v -0.052632 0.605263 0.210526
v -0.052632 0.631579 0.236842
v -0.052632 0.605263 0.236842
v -0.052632 0.631579 0.263158
v -0.052632 0.605263 0.263158
v -0.078947 0.631579 -0.052632
v -0.078947 0.631579 -0.026316
v -0.078947 0.657895 -0.026316
v -0.078947 0.657895 -0.052632
v -0.052632 0.657895 -0.052632
v -0.052632 0.631579 -0.052632
v -0.078947 0.631579 0.000000
v -0.078947 0.657895 0.000000
v -0.078947 0.631579 0.026316
v -0.078947 0.657895 0.026316
v -0.078947 0.631579 0.052632
v -0.078947 0.657895 0.052632
v -0.052632 0.631579 0.052632
v -0.052632 0.657895 0.052632
v -0.078947 0.657895 -0.157895
v -0.078947 0.684211 -0.157895
v -0.052632 0.657895 -0.157895
v -0.052632 0.657895 -0.131579
v -0.052632 0.684211 -0.157895
v -0.052632 0.657895 -0.105263
v -0.052632 0.657895 -0.078947
v -0.052632 0.657895 -0.052632
v -0.052632 0.657895 0.052632
v -0.052632 0.657895 0.078947
v -0.052632 0.657895 0.105263
v -0.052632 0.657895 0.131579
v -0.078947 0.657895 0.157895
v -0.078947 0.684211 0.157895
v -0.052632 0.657895 0.157895
v -0.052632 0.684211 0.157895
v -0.052632 0.710526 -0.131579
v -0.052632 0.710526 -0.157895
v -0.052632 0.684211 -0.157895
v -0.052632 0.710526 -0.105263
v -0.052632 0.710526 -0.078947
v -0.052632 0.710526 0.105263
v -0.052632 0.710526 0.078947
v -0.052632 0.710526 0.131579
v -0.052632 0.710526 0.157895
v -0.052632 0.684211 0.157895
v -0.052632 0.710526 -0.078947
v -0.052632 0.736842 -0.078947
v -0.052632 0.736842 -0.052632
v -0.052632 0.710526 -0.052632
v -0.078947 0.736842 -0.052632
v -0.052632 0.710526 0.052632
v -0.052632 0.736842 0.052632
v -0.052632 0.736842 0.078947
v -0.052632 0.710526 0.078947
v -0.078947 0.736842 0.052632
v -0.052632 0.736842 -0.052632
v -0.052632 0.763158 -0.052632
v -0.052632 0.763158 -0.026316
v -0.052632 0.736842 -0.026316
v -0.052632 0.763158 0.000000
v -0.052632 0.736842 0.000000
v -0.052632 0.763158 0.026316
v -0.052632 0.736842 0.026316
v -0.052632 0.763158 0.052632
v -0.052632 0.736842 0.052632
v -0.078947 0.815789 -0.131579
v -0.078947 0.842105 -0.131579
v -0.052632 0.842105 -0.105263
v -0.052632 0.842105 -0.131579
v -0.052632 0.815789 -0.131579
v -0.052632 0.815789 -0.105263
v -0.052632 0.842105 -0.078947
v -0.052632 0.815789 -0.078947
v -0.052632 0.842105 -0.052632
v -0.052632 0.815789 -0.052632
v -0.052632 0.815789 -0.026316
v -0.052632 0.815789 0.000000
v -0.052632 0.815789 0.026316
v -0.052632 0.815789 0.052632
v -0.052632 0.842105 0.078947
v -0.052632 0.842105 0.052632
v -0.052632 0.815789 0.078947
v -0.052632 0.842105 0.105263
v -0.052632 0.815789 0.105263
v -0.078947 0.815789 0.131579
v -0.078947 0.842105 0.131579
v -0.052632 0.842105 0.131579
v -0.052632 0.815789 0.131579
v -0.078947 0.868421 -0.026316
v -0.078947 0.868421 -0.052632
v -0.052632 0.868421 -0.026316
v -0.052632 0.868421 -0.052632
v -0.078947 0.868421 0.000000
v -0.052632 0.868421 0.000000
v -0.078947 0.868421 0.026316
v -0.052632 0.868421 0.026316
v -0.078947 0.868421 0.052632
v -0.052632 0.868421 0.052632
v -0.078947 0.921053 -0.078947
v -0.078947 0.947368 -0.078947
v -0.052632 0.947368 -0.052632
v -0.052632 0.947368 -0.078947
v -0.052632 0.921053 -0.078947
v -0.052632 0.921053 -0.052632
v -0.052632 0.947368 -0.026316
v -0.052632 0.921053 -0.026316
v -0.052632 0.947368 0.000000
v -0.052632 0.921053 0.000000
v -0.052632 0.947368 0.026316
v -0.052632 0.921053 0.026316
v -0.052632 0.947368 0.052632
v -0.052632 0.921053 0.052632
v -0.078947 0.921053 0.078947
v -0.078947 0.947368 0.078947
v -0.052632 0.947368 0.078947
v -0.052632 0.921053 0.078947
v -0.026316 0.026316 -0.184211
v -0.026316 0.026316 -0.210526
v -0.026316 0.000000 -0.210526
v -0.026316 0.000000 -0.184211
v -0.026316 0.026316 -0.157895
v -0.026316 0.000000 -0.157895
v -0.026316 0.000000 -0.131579
v -0.026316 0.000000 -0.105263
v -0.026316 0.000000 -0.078947
v -0.026316 0.000000 -0.052632
v -0.026316 0.000000 -0.026316
v -0.026316 0.000000 0.000000
v -0.026316 0.000000 0.026316
v -0.026316 0.000000 0.052632
v -0.026316 0.000000 0.078947
v -0.026316 0.000000 0.105263
v -0.026316 0.000000 0.131579
v -0.026316 0.000000 0.157895
v -0.026316 0.026316 0.184211
v -0.026316 0.026316 0.157895
v -0.026316 0.000000 0.184211
v -0.026316 0.026316 0.210526
v -0.026316 0.000000 0.210526
v -0.052632 0.026316 -0.157895
v -0.052632 0.052632 -0.157895
v -0.026316 0.052632 -0.157895
v -0.026316 0.026316 -0.157895
v -0.052632 0.026316 0.157895
v -0.052632 0.052632 0.157895
v -0.026316 0.026316 0.157895
v -0.026316 0.052632 0.157895
v -0.052632 0.078947 -0.157895
v -0.026316 0.078947 -0.157895
v -0.052632 0.078947 0.157895
v -0.026316 0.078947 0.157895
v -0.026316 0.105263 -0.157895
v -0.026316 0.078947 -0.157895
v -0.026316 0.078947 0.157895
v -0.026316 0.105263 0.157895
v -0.026316 0.105263 -0.184211
v -0.026316 0.105263 -0.157895
v -0.026316 0.131579 -0.184211
v -0.026316 0.105263 0.157895
v -0.026316 0.105263 0.184211
v -0.026316 0.131579 0.184211
v -0.052632 0.131579 -0.210526
v -0.052632 0.157895 -0.210526
v -0.026316 0.131579 -0.210526
v -0.026316 0.131579 -0.184211
v -0.026316 0.157895 -0.210526
v -0.052632 0.131579 0.210526
v -0.052632 0.157895 0.210526
v -0.026316 0.131579 0.184211
v -0.026316 0.131579 0.210526
v -0.026316 0.157895 0.210526
v -0.052632 0.184211 -0.210526
v -0.026316 0.184211 -0.184211
v -0.026316 0.184211 -0.210526
v -0.052632 0.184211 0.210526
v -0.026316 0.184211 0.210526
v -0.026316 0.184211 0.184211
v -0.052632 0.184211 -0.184211
v -0.052632 0.210526 -0.184211
v -0.026316 0.210526 -0.157895
v -0.026316 0.210526 -0.184211
v -0.026316 0.184211 -0.184211
v -0.026316 0.210526 -0.131579
v -0.026316 0.210526 0.157895
v -0.026316 0.210526 0.131579
v -0.052632 0.184211 0.184211
v -0.052632 0.210526 0.184211
v -0.026316 0.210526 0.184211
v -0.026316 0.184211 0.184211
v -0.052632 0.210526 -0.131579
v -0.052632 0.236842 -0.131579
v -0.026316 0.236842 -0.131579
v -0.026316 0.210526 -0.131579
v -0.052632 0.210526 0.131579
v -0.052632 0.236842 0.131579
v -0.026316 0.210526 0.131579
v -0.026316 0.236842 0.131579
v -0.026316 0.236842 -0.157895
v -0.026316 0.236842 -0.131579
v -0.026316 0.263158 -0.157895
v -0.026316 0.236842 0.131579
v -0.026316 0.236842 0.157895
v -0.026316 0.263158 0.157895
v -0.026316 0.263158 -0.184211
v -0.026316 0.263158 -0.157895
v -0.026316 0.289474 -0.184211
v -0.026316 0.263158 0.157895
v -0.026316 0.263158 0.184211
v -0.026316 0.289474 0.184211
v -0.026316 0.289474 -0.210526
v -0.026316 0.289474 -0.184211
v -0.026316 0.315789 -0.210526
v -0.026316 0.289474 0.184211
v -0.026316 0.289474 0.210526
v -0.026316 0.315789 0.210526
v -0.026316 0.342105 -0.210526
v -0.026316 0.342105 0.210526
v -0.052632 0.342105 -0.236842
v -0.052632 0.368421 -0.236842
v -0.026316 0.342105 -0.236842
v -0.026316 0.342105 -0.210526
v -0.026316 0.368421 -0.236842
v -0.052632 0.342105 0.236842
v -0.052632 0.368421 0.236842
v -0.026316 0.342105 0.210526
v -0.026316 0.342105 0.236842
v -0.026316 0.368421 0.236842
v -0.052632 0.368421 -0.236842
v -0.052632 0.394737 -0.236842
v -0.026316 0.394737 -0.236842
v -0.026316 0.368421 -0.236842
v -0.052632 0.368421 0.236842
v -0.052632 0.394737 0.236842
v -0.026316 0.368421 0.236842
v -0.026316 0.394737 0.236842
v -0.026316 0.421053 -0.236842
v -0.026316 0.421053 -0.263158
v -0.026316 0.394737 -0.263158
v -0.026316 0.394737 -0.236842
v -0.026316 0.421053 -0.210526
v -0.026316 0.421053 -0.184211
v -0.026316 0.421053 -0.157895
v -0.052632 0.421053 -0.131579
v -0.026316 0.421053 -0.131579
v -0.052632 0.421053 0.131579
v -0.026316 0.421053 0.157895
v -0.026316 0.421053 0.131579
v -0.026316 0.421053 0.184211
v -0.026316 0.421053 0.210526
v -0.026316 0.421053 0.236842
v -0.026316 0.421053 0.263158
v -0.026316 0.394737 0.236842
v -0.026316 0.394737 0.263158
v -0.026316 0.447368 -0.131579
v -0.026316 0.421053 -0.131579
v -0.026316 0.421053 0.131579
v -0.026316 0.447368 0.131579
v -0.026316 0.447368 -0.157895
v -0.026316 0.447368 -0.131579
v -0.052632 0.447368 -0.131579
v -0.026316 0.473684 -0.157895
v -0.052632 0.447368 0.131579
v -0.026316 0.447368 0.131579
v -0.026316 0.447368 0.157895
v -0.026316 0.473684 0.157895
v -0.052632 0.500000 -0.157895
v -0.026316 0.500000 -0.131579
v -0.026316 0.500000 -0.157895
v -0.052632 0.500000 0.157895
v -0.026316 0.500000 0.157895
v -0.026316 0.500000 0.131579
v -0.026316 0.526316 -0.105263
v -0.026316 0.526316 -0.131579
v -0.026316 0.526316 0.131579
v -0.026316 0.526316 0.105263
v -0.052632 0.526316 -0.105263
v -0.052632 0.526316 -0.078947
v -0.052632 0.552632 -0.078947
v -0.052632 0.552632 -0.105263
v -0.026316 0.552632 -0.105263
v -0.026316 0.526316 -0.105263
v -0.052632 0.526316 0.078947
v -0.052632 0.552632 0.078947
v -0.052632 0.526316 0.105263
v -0.052632 0.552632 0.105263
v -0.026316 0.526316 0.105263
v -0.026316 0.552632 0.105263
v -0.026316 0.578947 -0.236842
v -0.026316 0.578947 -0.263158
v -0.026316 0.552632 -0.263158
v -0.026316 0.552632 -0.236842
v -0.026316 0.578947 -0.210526
v -0.026316 0.552632 -0.210526
v -0.026316 0.578947 -0.184211
v -0.026316 0.552632 -0.184211
v -0.026316 0.578947 -0.157895
v -0.026316 0.552632 -0.157895
v -0.026316 0.578947 -0.131579
v -0.026316 0.552632 -0.131579
v -0.026316 0.578947 -0.105263
v -0.026316 0.552632 -0.105263
v -0.026316 0.578947 -0.078947
v -0.026316 0.578947 -0.052632
v -0.026316 0.578947 -0.026316
v -0.026316 0.578947 0.000000
v -0.026316 0.578947 0.026316
v -0.026316 0.578947 0.052632
v -0.026316 0.578947 0.078947
v -0.026316 0.578947 0.105263
v -0.026316 0.578947 0.131579
v -0.026316 0.552632 0.105263
v -0.026316 0.552632 0.131579
v -0.026316 0.578947 0.157895
v -0.026316 0.552632 0.157895
v -0.026316 0.578947 0.184211
v -0.026316 0.552632 0.184211
v -0.026316 0.578947 0.210526
v -0.026316 0.552632 0.210526
v -0.026316 0.578947 0.236842
v -0.026316 0.552632 0.236842
v -0.026316 0.578947 0.263158
v -0.026316 0.552632 0.263158
v -0.052632 0.605263 -0.289474
v -0.052632 0.631579 -0.289474
v -0.026316 0.631579 -0.263158
v -0.026316 0.631579 -0.289474
v -0.026316 0.605263 -0.289474
v -0.026316 0.605263 -0.263158
v -0.026316 0.631579 -0.236842
v -0.026316 0.605263 -0.236842
v -0.026316 0.631579 -0.210526
v -0.026316 0.605263 -0.210526
v -0.026316 0.631579 -0.184211
v -0.026316 0.605263 -0.184211
v -0.026316 0.631579 -0.157895
v -0.026316 0.605263 -0.157895
v -0.026316 0.631579 -0.131579
v -0.026316 0.605263 -0.131579
v -0.026316 0.631579 -0.105263
v -0.026316 0.605263 -0.105263
v -0.026316 0.605263 -0.078947
v -0.026316 0.605263 -0.052632
v -0.026316 0.605263 -0.026316
v -0.026316 0.605263 0.000000
v -0.026316 0.605263 0.026316
v -0.026316 0.605263 0.052632
v -0.026316 0.605263 0.078947
v -0.026316 0.605263 0.105263
v -0.026316 0.631579 0.131579
v -0.026316 0.631579 0.105263
v -0.026316 0.605263 0.131579
v -0.026316 0.631579 0.157895
v -0.026316 0.605263 0.157895
v -0.026316 0.631579 0.184211
v -0.026316 0.605263 0.184211
v -0.026316 0.631579 0.210526
v -0.026316 0.605263 0.210526
v -0.026316 0.631579 0.236842
v -0.026316 0.605263 0.236842
v -0.026316 0.631579 0.263158
v -0.026316 0.605263 0.263158
v -0.052632 0.605263 0.289474
v -0.052632 0.631579 0.289474
v -0.026316 0.631579 0.289474
v -0.026316 0.605263 0.289474
v -0.052632 0.631579 -0.105263
v -0.052632 0.631579 -0.078947
v -0.052632 0.657895 -0.078947
v -0.052632 0.657895 -0.105263
v -0.026316 0.657895 -0.105263
v -0.026316 0.631579 -0.105263
v -0.052632 0.631579 0.078947
v -0.052632 0.657895 0.078947
v -0.052632 0.631579 0.105263
v -0.052632 0.657895 0.105263
v -0.026316 0.631579 0.105263
v -0.026316 0.657895 0.105263
v -0.052632 0.657895 -0.184211
v -0.052632 0.684211 -0.184211
v -0.026316 0.684211 -0.157895
v -0.026316 0.684211 -0.184211
v -0.026316 0.657895 -0.184211
v -0.026316 0.657895 -0.157895
v -0.026316 0.657895 -0.131579
v -0.026316 0.657895 -0.105263
v -0.026316 0.657895 0.105263
v -0.026316 0.657895 0.131579
v -0.026316 0.657895 0.157895
v -0.052632 0.657895 0.184211
v -0.052632 0.684211 0.184211
v -0.026316 0.684211 0.184211
v -0.026316 0.684211 0.157895
v -0.026316 0.657895 0.184211
v -0.026316 0.710526 -0.131579
v -0.026316 0.710526 -0.157895
v -0.026316 0.684211 -0.157895
v -0.026316 0.710526 -0.105263
v -0.026316 0.710526 -0.078947
v -0.052632 0.710526 -0.052632
v -0.026316 0.710526 -0.052632
v -0.052632 0.710526 0.052632
v -0.026316 0.710526 0.078947
v -0.026316 0.710526 0.052632
v -0.026316 0.710526 0.105263
v -0.026316 0.710526 0.131579
v -0.026316 0.710526 0.157895
v -0.026316 0.684211 0.157895
v -0.026316 0.710526 -0.052632
v -0.026316 0.736842 -0.052632
v -0.026316 0.736842 -0.026316
v -0.026316 0.710526 -0.026316
v -0.052632 0.736842 -0.026316
v -0.026316 0.736842 0.000000
v -0.026316 0.710526 0.000000
v -0.052632 0.736842 0.000000
v -0.026316 0.736842 0.026316
v -0.026316 0.710526 0.026316
v -0.052632 0.736842 0.026316
v -0.026316 0.736842 0.052632
v -0.026316 0.710526 0.052632
v -0.026316 0.842105 -0.105263
v -0.026316 0.842105 -0.131579
v -0.026316 0.815789 -0.131579
v -0.026316 0.815789 -0.105263
v -0.026316 0.815789 -0.078947
v -0.026316 0.815789 -0.052632
v -0.026316 0.815789 -0.026316
v -0.026316 0.815789 0.000000
v -0.026316 0.815789 0.026316
v -0.026316 0.815789 0.052632
v -0.026316 0.815789 0.078947
v -0.026316 0.815789 0.105263
v -0.026316 0.842105 0.131579
v -0.026316 0.842105 0.105263
v -0.026316 0.815789 0.131579
v -0.052632 0.868421 -0.078947
v -0.052632 0.868421 -0.105263
v -0.026316 0.868421 -0.078947
v -0.026316 0.868421 -0.105263
v -0.026316 0.868421 -0.052632
v -0.026316 0.868421 -0.026316
v -0.026316 0.868421 0.000000
v -0.026316 0.868421 0.026316
v -0.026316 0.868421 0.052632
v -0.052632 0.868421 0.078947
v -0.026316 0.868421 0.078947
v -0.052632 0.868421 0.105263
v -0.026316 0.868421 0.105263
v -0.026316 0.947368 -0.052632
v -0.026316 0.947368 -0.078947
v -0.026316 0.921053 -0.078947
v -0.026316 0.921053 -0.052632
v -0.026316 0.947368 -0.026316
v -0.026316 0.921053 -0.026316
v -0.026316 0.947368 0.000000
v -0.026316 0.921053 0.000000
v -0.026316 0.947368 0.026316
v -0.026316 0.921053 0.026316
v -0.026316 0.947368 0.052632
v -0.026316 0.921053 0.052632
v -0.026316 0.947368 0.078947
v -0.026316 0.921053 0.078947
v 0.000000 0.026316 -0.184211
v 0.000000 0.026316 -0.210526
v 0.000000 0.000000 -0.210526
v 0.000000 0.000000 -0.184211
v 0.000000 0.026316 -0.157895
v 0.000000 0.000000 -0.157895
v 0.000000 0.000000 -0.131579
v 0.000000 0.000000 -0.105263
v 0.000000 0.000000 -0.078947
v 0.000000 0.000000 -0.052632
v 0.000000 0.000000 -0.026316
v 0.000000 0.000000 0.000000
v 0.000000 0.000000 0.026316
v 0.000000 0.000000 0.052632
v 0.000000 0.000000 0.078947
v 0.000000 0.000000 0.105263
v 0.000000 0.000000 0.131579
v 0.000000 0.000000 0.157895
v 0.000000 0.026316 0.184211
v 0.000000 0.026316 0.157895
v 0.000000 0.000000 0.184211
v 0.000000 0.026316 0.210526
v 0.000000 0.000000 0.210526
v 0.000000 0.052632 -0.157895
v 0.000000 0.026316 -0.157895
v 0.000000 0.026316 0.157895
v 0.000000 0.052632 0.157895
v 0.000000 0.078947 -0.157895
v 0.000000 0.078947 0.157895
v 0.000000 0.105263 -0.157895
v 0.000000 0.078947 -0.157895
v 0.000000 0.078947 0.157895
v 0.000000 0.105263 0.157895
v 0.000000 0.105263 -0.184211
v 0.000000 0.105263 -0.157895
v 0.000000 0.131579 -0.184211
v 0.000000 0.105263 0.157895
v 0.000000 0.105263 0.184211
v 0.000000 0.131579 0.184211
v 0.000000 0.131579 -0.210526
v 0.000000 0.131579 -0.184211
v 0.000000 0.157895 -0.210526
v 0.000000 0.131579 0.184211
v 0.000000 0.131579 0.210526
v 0.000000 0.157895 0.210526
v 0.000000 0.184211 -0.184211
v 0.000000 0.184211 -0.210526
v 0.000000 0.184211 0.210526
v 0.000000 0.184211 0.184211
v 0.000000 0.210526 -0.157895
v 0.000000 0.210526 -0.184211
v 0.000000 0.184211 -0.184211
v 0.000000 0.210526 0.184211
v 0.000000 0.210526 0.157895
v 0.000000 0.184211 0.184211
v -0.026316 0.210526 -0.157895
v -0.026316 0.236842 -0.157895
v 0.000000 0.236842 -0.157895
v 0.000000 0.210526 -0.157895
v -0.026316 0.210526 0.157895
v -0.026316 0.236842 0.157895
v 0.000000 0.210526 0.157895
v 0.000000 0.236842 0.157895
v -0.026316 0.236842 -0.184211
v -0.026316 0.263158 -0.184211
v 0.000000 0.236842 -0.184211
v 0.000000 0.236842 -0.157895
v 0.000000 0.263158 -0.184211
v -0.026316 0.236842 0.184211
v -0.026316 0.263158 0.184211
v 0.000000 0.236842 0.157895
v 0.000000 0.236842 0.184211
v 0.000000 0.263158 0.184211
v -0.026316 0.263158 -0.210526
v -0.026316 0.289474 -0.210526
v 0.000000 0.263158 -0.210526
v 0.000000 0.263158 -0.184211
v 0.000000 0.289474 -0.210526
v -0.026316 0.263158 0.210526
v -0.026316 0.289474 0.210526
v 0.000000 0.263158 0.184211
v 0.000000 0.263158 0.210526
v 0.000000 0.289474 0.210526
v 0.000000 0.315789 -0.210526
v 0.000000 0.289474 -0.210526
v 0.000000 0.289474 0.210526
v 0.000000 0.315789 0.210526
v 0.000000 0.342105 -0.210526
v 0.000000 0.342105 0.210526
v 0.000000 0.342105 -0.236842
v 0.000000 0.342105 -0.210526
v 0.000000 0.368421 -0.236842
v 0.000000 0.342105 0.210526
v 0.000000 0.342105 0.236842
v 0.000000 0.368421 0.236842
v 0.000000 0.394737 -0.236842
v 0.000000 0.368421 -0.236842
v 0.000000 0.368421 0.236842
v 0.000000 0.394737 0.236842
v 0.000000 0.421053 -0.236842
v 0.000000 0.421053 -0.263158
v 0.000000 0.394737 -0.263158
v 0.000000 0.394737 -0.236842
v 0.000000 0.421053 -0.210526
v 0.000000 0.421053 -0.184211
v 0.000000 0.421053 -0.157895
v 0.000000 0.421053 -0.131579
v 0.000000 0.421053 0.157895
v 0.000000 0.421053 0.131579
v 0.000000 0.421053 0.184211
v 0.000000 0.421053 0.210526
v 0.000000 0.421053 0.236842
v 0.000000 0.421053 0.263158
v 0.000000 0.394737 0.236842
v 0.000000 0.394737 0.263158
v 0.000000 0.447368 -0.131579
v 0.000000 0.421053 -0.131579
v 0.000000 0.421053 0.131579
v 0.000000 0.447368 0.131579
v 0.000000 0.447368 -0.157895
v 0.000000 0.447368 -0.131579
v 0.000000 0.473684 -0.157895
v 0.000000 0.447368 0.131579
v 0.000000 0.447368 0.157895
v 0.000000 0.473684 0.157895
v 0.000000 0.500000 -0.157895
v 0.000000 0.500000 0.157895
v -0.026316 0.526316 -0.157895
v 0.000000 0.526316 -0.131579
v 0.000000 0.526316 -0.157895
v -0.026316 0.526316 0.157895
v 0.000000 0.526316 0.157895
v 0.000000 0.526316 0.131579
v -0.026316 0.526316 -0.131579
v -0.026316 0.552632 -0.131579
v 0.000000 0.552632 -0.131579
v 0.000000 0.526316 -0.131579
v -0.026316 0.526316 0.131579
v -0.026316 0.552632 0.131579
v 0.000000 0.526316 0.131579
v 0.000000 0.552632 0.131579
v 0.000000 0.578947 -0.236842
v 0.000000 0.578947 -0.263158
v 0.000000 0.552632 -0.263158
v 0.000000 0.552632 -0.236842
v 0.000000 0.578947 -0.210526
v 0.000000 0.552632 -0.210526
v 0.000000 0.578947 -0.184211
v 0.000000 0.552632 -0.184211
v 0.000000 0.578947 -0.157895
v 0.000000 0.552632 -0.157895
v 0.000000 0.578947 -0.131579
v 0.000000 0.552632 -0.131579
v 0.000000 0.578947 -0.105263
v 0.000000 0.578947 -0.078947
v 0.000000 0.578947 -0.052632
v 0.000000 0.578947 0.078947
v 0.000000 0.578947 0.052632
v 0.000000 0.578947 0.105263
v 0.000000 0.578947 0.131579
v 0.000000 0.578947 0.157895
v 0.000000 0.552632 0.131579
v 0.000000 0.552632 0.157895
v 0.000000 0.578947 0.184211
v 0.000000 0.552632 0.184211
v 0.000000 0.578947 0.210526
v 0.000000 0.552632 0.210526
v 0.000000 0.578947 0.236842
v 0.000000 0.552632 0.236842
v 0.000000 0.578947 0.263158
v 0.000000 0.552632 0.263158
v -0.026316 0.578947 -0.052632
v -0.026316 0.578947 -0.026316
v -0.026316 0.605263 -0.026316
v -0.026316 0.605263 -0.052632
v 0.000000 0.605263 -0.052632
v 0.000000 0.578947 -0.052632
v -0.026316 0.578947 0.000000
v -0.026316 0.605263 0.000000
v -0.026316 0.578947 0.026316
v -0.026316 0.605263 0.026316
v -0.026316 0.578947 0.052632
v -0.026316 0.605263 0.052632
v 0.000000 0.578947 0.052632
v 0.000000 0.605263 0.052632
v 0.000000 0.631579 -0.263158
v 0.000000 0.631579 -0.289474
v 0.000000 0.605263 -0.289474
v 0.000000 0.605263 -0.263158
v 0.000000 0.631579 -0.236842
v 0.000000 0.605263 -0.236842
v 0.000000 0.631579 -0.210526
v 0.000000 0.605263 -0.210526
v 0.000000 0.631579 -0.184211
v 0.000000 0.605263 -0.184211
v 0.000000 0.631579 -0.157895
v 0.000000 0.605263 -0.157895
v 0.000000 0.631579 -0.131579
v 0.000000 0.605263 -0.131579
v 0.000000 0.605263 -0.105263
v 0.000000 0.605263 -0.078947
v 0.000000 0.605263 -0.052632
v 0.000000 0.605263 0.052632
v 0.000000 0.605263 0.078947
v 0.000000 0.605263 0.105263
v 0.000000 0.605263 0.131579
v 0.000000 0.631579 0.157895
v 0.000000 0.631579 0.131579
v 0.000000 0.605263 0.157895
v 0.000000 0.631579 0.184211
v 0.000000 0.605263 0.184211
v 0.000000 0.631579 0.210526
v 0.000000 0.605263 0.210526
v 0.000000 0.631579 0.236842
v 0.000000 0.605263 0.236842
v 0.000000 0.631579 0.263158
v 0.000000 0.605263 0.263158
v 0.000000 0.631579 0.289474
v 0.000000 0.605263 0.289474
v -0.026316 0.631579 -0.131579
v -0.026316 0.657895 -0.131579
v 0.000000 0.657895 -0.131579
v 0.000000 0.631579 -0.131579
v -0.026316 0.631579 0.131579
v -0.026316 0.657895 0.131579
v 0.000000 0.631579 0.131579
v 0.000000 0.657895 0.131579
v 0.000000 0.657895 -0.184211
v 0.000000 0.657895 -0.157895
v 0.000000 0.684211 -0.184211
v 0.000000 0.657895 -0.131579
v 0.000000 0.657895 0.131579
v 0.000000 0.657895 0.157895
v 0.000000 0.657895 0.184211
v 0.000000 0.684211 0.184211
v 0.000000 0.684211 -0.184211
v 0.000000 0.710526 -0.184211
v 0.000000 0.710526 -0.157895
v 0.000000 0.684211 -0.157895
v -0.026316 0.684211 -0.184211
v -0.026316 0.710526 -0.184211
v 0.000000 0.710526 -0.131579
v 0.000000 0.710526 -0.105263
v 0.000000 0.710526 -0.078947
v 0.000000 0.710526 -0.052632
v -0.026316 0.710526 -0.026316
v 0.000000 0.710526 -0.026316
v -0.026316 0.710526 0.000000
v 0.000000 0.710526 0.000000
v -0.026316 0.710526 0.026316
v 0.000000 0.710526 0.026316
v 0.000000 0.710526 0.052632
v 0.000000 0.710526 0.078947
v 0.000000 0.710526 0.105263
v 0.000000 0.710526 0.131579
v 0.000000 0.710526 0.157895
v 0.000000 0.684211 0.157895
v 0.000000 0.710526 0.184211
v 0.000000 0.684211 0.184211
v -0.026316 0.684211 0.184211
v -0.026316 0.710526 0.184211
v 0.000000 0.842105 -0.105263
v 0.000000 0.842105 -0.131579
v 0.000000 0.815789 -0.131579
v 0.000000 0.815789 -0.105263
v 0.000000 0.815789 -0.078947
v 0.000000 0.815789 -0.052632
v 0.000000 0.815789 -0.026316
v 0.000000 0.815789 0.000000
v 0.000000 0.815789 0.026316
v 0.000000 0.815789 0.052632
v 0.000000 0.815789 0.078947
v 0.000000 0.815789 0.105263
v 0.000000 0.842105 0.131579
v 0.000000 0.842105 0.105263
v 0.000000 0.815789 0.131579
v 0.000000 0.868421 -0.078947
v 0.000000 0.868421 -0.105263
v 0.000000 0.868421 -0.052632
v 0.000000 0.868421 -0.026316
v 0.000000 0.868421 0.000000
v 0.000000 0.868421 0.026316
v 0.000000 0.868421 0.052632
v 0.000000 0.868421 0.078947
v 0.000000 0.868421 0.105263
v 0.000000 0.921053 -0.105263
v 0.000000 0.947368 -0.105263
v 0.000000 0.947368 -0.078947
v 0.000000 0.921053 -0.078947
v -0.026316 0.921053 -0.105263
v -0.026316 0.947368 -0.105263
v 0.000000 0.947368 -0.052632
v 0.000000 0.921053 -0.052632
v 0.000000 0.947368 -0.026316
v 0.000000 0.921053 -0.026316
v 0.000000 0.947368 0.000000
v 0.000000 0.921053 0.000000
v 0.000000 0.947368 0.026316
v 0.000000 0.921053 0.026316
v 0.000000 0.947368 0.052632
v 0.000000 0.921053 0.052632
v 0.000000 0.947368 0.078947
v 0.000000 0.921053 0.078947
v 0.000000 0.947368 0.105263
v 0.000000 0.921053 0.105263
v -0.026316 0.921053 0.105263
v -0.026316 0.947368 0.105263
v 0.026316 0.026316 -0.184211
v 0.026316 0.026316 -0.210526
v 0.026316 0.000000 -0.210526
v 0.026316 0.000000 -0.184211
v 0.026316 0.026316 -0.157895
v 0.026316 0.000000 -0.157895
v 0.026316 0.000000 -0.131579
v 0.026316 0.000000 -0.105263
v 0.026316 0.000000 -0.078947
v 0.026316 0.000000 -0.052632
v 0.026316 0.000000 -0.026316
v 0.026316 0.000000 0.000000
v 0.026316 0.000000 0.026316
v 0.026316 0.000000 0.052632
v 0.026316 0.000000 0.078947
v 0.026316 0.000000 0.105263
v 0.026316 0.000000 0.131579
v 0.026316 0.000000 0.157895
v 0.026316 0.026316 0.184211
v 0.026316 0.026316 0.157895
v 0.026316 0.000000 0.184211
v 0.026316 0.026316 0.210526
v 0.026316 0.000000 0.210526
v 0.026316 0.052632 -0.157895
v 0.026316 0.026316 -0.157895
v 0.026316 0.026316 0.157895
v 0.026316 0.052632 0.157895
v 0.026316 0.078947 -0.157895
v 0.026316 0.078947 0.157895
v 0.026316 0.078947 -0.184211
v 0.026316 0.105263 -0.184211
v 0.026316 0.105263 -0.157895
v 0.026316 0.078947 -0.157895
v 0.000000 0.078947 -0.184211
v 0.000000 0.105263 -0.184211
v 0.026316 0.078947 0.157895
v 0.026316 0.105263 0.157895
v 0.026316 0.105263 0.184211
v 0.026316 0.078947 0.184211
v 0.000000 0.078947 0.184211
v 0.000000 0.105263 0.184211
v 0.026316 0.105263 -0.210526
v 0.026316 0.131579 -0.210526
v 0.026316 0.131579 -0.184211
v 0.026316 0.105263 -0.184211
v 0.000000 0.105263 -0.210526
v 0.000000 0.131579 -0.210526
v 0.026316 0.105263 0.184211
v 0.026316 0.131579 0.184211
v 0.026316 0.131579 0.210526
v 0.026316 0.105263 0.210526
v 0.000000 0.105263 0.210526
v 0.000000 0.131579 0.210526
v 0.026316 0.157895 -0.210526
v 0.026316 0.131579 -0.210526
v 0.026316 0.131579 0.210526
v 0.026316 0.157895 0.210526
v 0.026316 0.184211 -0.184211
v 0.026316 0.184211 -0.210526
v 0.026316 0.184211 0.210526
v 0.026316 0.184211 0.184211
v 0.026316 0.210526 -0.184211
v 0.026316 0.184211 -0.184211
v 0.026316 0.184211 0.184211
v 0.026316 0.210526 0.184211
v 0.000000 0.210526 -0.184211
v 0.000000 0.236842 -0.184211
v 0.026316 0.236842 -0.184211
v 0.026316 0.210526 -0.184211
v 0.000000 0.210526 0.184211
v 0.000000 0.236842 0.184211
v 0.026316 0.210526 0.184211
v 0.026316 0.236842 0.184211
v 0.026316 0.263158 -0.184211
v 0.026316 0.236842 -0.184211
v 0.026316 0.236842 0.184211
v 0.026316 0.263158 0.184211
v 0.026316 0.263158 -0.210526
v 0.026316 0.263158 -0.184211
v 0.026316 0.289474 -0.210526
v 0.026316 0.263158 0.184211
v 0.026316 0.263158 0.210526
v 0.026316 0.289474 0.210526
v 0.026316 0.315789 -0.210526
v 0.026316 0.289474 -0.210526
v 0.026316 0.289474 0.210526
v 0.026316 0.315789 0.210526
v 0.026316 0.315789 -0.236842
v 0.026316 0.342105 -0.236842
v 0.026316 0.342105 -0.210526
v 0.000000 0.315789 -0.236842
v 0.000000 0.342105 -0.236842
v 0.026316 0.342105 0.210526
v 0.026316 0.342105 0.236842
v 0.026316 0.315789 0.236842
v 0.000000 0.315789 0.236842
v 0.000000 0.342105 0.236842
v 0.026316 0.368421 -0.236842
v 0.026316 0.342105 -0.236842
v 0.026316 0.342105 0.236842
v 0.026316 0.368421 0.236842
v 0.026316 0.394737 -0.236842
v 0.026316 0.368421 -0.236842
v 0.026316 0.368421 0.236842
v 0.026316 0.394737 0.236842
v 0.026316 0.421053 -0.236842
v 0.026316 0.421053 -0.263158
v 0.026316 0.394737 -0.263158
v 0.026316 0.394737 -0.236842
v 0.026316 0.421053 -0.210526
v 0.026316 0.421053 -0.184211
v 0.026316 0.421053 -0.157895
v 0.026316 0.421053 -0.131579
v 0.026316 0.421053 0.157895
v 0.026316 0.421053 0.131579
v 0.026316 0.421053 0.184211
v 0.026316 0.421053 0.210526
v 0.026316 0.421053 0.236842
v 0.026316 0.421053 0.263158
v 0.026316 0.394737 0.236842
v 0.026316 0.394737 0.263158
v 0.026316 0.421053 -0.131579
v 0.026316 0.447368 -0.131579
v 0.026316 0.447368 -0.105263
v 0.026316 0.421053 -0.105263
v 0.026316 0.421053 0.105263
v 0.026316 0.447368 0.105263
v 0.026316 0.447368 0.131579
v 0.026316 0.421053 0.131579
v 0.026316 0.447368 -0.157895
v 0.026316 0.473684 -0.157895
v 0.026316 0.473684 -0.131579
v 0.026316 0.447368 -0.131579
v 0.026316 0.447368 0.131579
v 0.026316 0.473684 0.131579
v 0.026316 0.473684 0.157895
v 0.026316 0.447368 0.157895
v 0.026316 0.500000 -0.157895
v 0.026316 0.500000 0.157895
v 0.026316 0.526316 -0.131579
v 0.026316 0.526316 -0.157895
v 0.026316 0.526316 0.157895
v 0.026316 0.526316 0.131579
v 0.026316 0.552632 -0.131579
v 0.026316 0.526316 -0.131579
v 0.026316 0.526316 0.131579
v 0.026316 0.552632 0.131579
v 0.000000 0.552632 -0.289474
v 0.000000 0.578947 -0.289474
v 0.026316 0.578947 -0.263158
v 0.026316 0.578947 -0.289474
v 0.026316 0.552632 -0.289474
v 0.026316 0.552632 -0.263158
v 0.026316 0.578947 -0.236842
v 0.026316 0.552632 -0.236842
v 0.026316 0.578947 -0.210526
v 0.026316 0.552632 -0.210526
v 0.026316 0.578947 -0.184211
v 0.026316 0.552632 -0.184211
v 0.026316 0.578947 -0.157895
v 0.026316 0.552632 -0.157895
v 0.026316 0.578947 -0.131579
v 0.026316 0.552632 -0.131579
v 0.026316 0.578947 -0.105263
v 0.026316 0.578947 0.131579
v 0.026316 0.578947 0.105263
v 0.026316 0.578947 0.157895
v 0.026316 0.552632 0.131579
v 0.026316 0.552632 0.157895
v 0.026316 0.578947 0.184211
v 0.026316 0.552632 0.184211
v 0.026316 0.578947 0.210526
v 0.026316 0.552632 0.210526
v 0.026316 0.578947 0.236842
v 0.026316 0.552632 0.236842
v 0.026316 0.578947 0.263158
v 0.026316 0.552632 0.263158
v 0.000000 0.552632 0.289474
v 0.000000 0.578947 0.289474
v 0.026316 0.578947 0.289474
v 0.026316 0.552632 0.289474
v 0.000000 0.578947 -0.105263
v 0.000000 0.578947 -0.078947
v 0.000000 0.605263 -0.078947
v 0.000000 0.605263 -0.105263
v 0.026316 0.605263 -0.105263
v 0.026316 0.578947 -0.105263
v 0.000000 0.578947 0.078947
v 0.000000 0.605263 0.078947
v 0.000000 0.578947 0.105263
v 0.000000 0.605263 0.105263
v 0.026316 0.578947 0.105263
v 0.026316 0.605263 0.105263
v 0.026316 0.631579 -0.263158
v 0.026316 0.631579 -0.289474
v 0.026316 0.605263 -0.289474
v 0.026316 0.605263 -0.263158
v 0.026316 0.631579 -0.236842
v 0.026316 0.605263 -0.236842
v 0.026316 0.631579 -0.210526
v 0.026316 0.605263 -0.210526
v 0.026316 0.631579 -0.184211
v 0.026316 0.605263 -0.184211
v 0.026316 0.631579 -0.157895
v 0.026316 0.605263 -0.157895
v 0.026316 0.631579 -0.131579
v 0.026316 0.605263 -0.131579
v 0.026316 0.605263 -0.105263
v 0.026316 0.605263 0.105263
v 0.026316 0.605263 0.131579
v 0.026316 0.631579 0.157895
v 0.026316 0.631579 0.131579
v 0.026316 0.605263 0.157895
v 0.026316 0.631579 0.184211
v 0.026316 0.605263 0.184211
v 0.026316 0.631579 0.210526
v 0.026316 0.605263 0.210526
v 0.026316 0.631579 0.236842
v 0.026316 0.605263 0.236842
v 0.026316 0.631579 0.263158
v 0.026316 0.605263 0.263158
v 0.026316 0.631579 0.289474
v 0.026316 0.605263 0.289474
v 0.026316 0.657895 -0.131579
v 0.026316 0.631579 -0.131579
v 0.026316 0.631579 0.131579
v 0.026316 0.657895 0.131579
v 0.000000 0.684211 -0.157895
v 0.026316 0.684211 -0.157895
v 0.026316 0.684211 -0.184211
v 0.026316 0.657895 -0.184211
v 0.026316 0.657895 -0.157895
v 0.026316 0.657895 -0.131579
v 0.026316 0.657895 0.131579
v 0.026316 0.657895 0.157895
v 0.000000 0.684211 0.157895
v 0.026316 0.684211 0.184211
v 0.026316 0.684211 0.157895
v 0.026316 0.657895 0.184211
v 0.026316 0.710526 -0.131579
v 0.026316 0.710526 -0.157895
v 0.026316 0.684211 -0.157895
v 0.026316 0.710526 -0.105263
v 0.026316 0.710526 -0.078947
v 0.026316 0.710526 -0.052632
v 0.026316 0.710526 -0.026316
v 0.026316 0.710526 0.000000
v 0.026316 0.710526 0.026316
v 0.026316 0.710526 0.052632
v 0.026316 0.710526 0.078947
v 0.026316 0.710526 0.105263
v 0.026316 0.710526 0.131579
v 0.026316 0.710526 0.157895
v 0.026316 0.684211 0.157895
v 0.026316 0.815789 -0.131579
v 0.026316 0.842105 -0.131579
v 0.026316 0.842105 -0.105263
v 0.026316 0.815789 -0.105263
v 0.026316 0.815789 -0.078947
v 0.026316 0.815789 -0.052632
v 0.026316 0.815789 -0.026316
v 0.026316 0.815789 0.000000
v 0.026316 0.815789 0.026316
v 0.026316 0.815789 0.052632
v 0.026316 0.815789 0.078947
v 0.026316 0.815789 0.105263
v 0.026316 0.842105 0.105263
v 0.026316 0.842105 0.131579
v 0.026316 0.815789 0.131579
v 0.000000 0.868421 -0.131579
v 0.026316 0.868421 -0.105263
v 0.026316 0.868421 -0.131579
v 0.026316 0.868421 -0.078947
v 0.026316 0.868421 -0.052632
v 0.026316 0.868421 -0.026316
v 0.026316 0.868421 0.000000
v 0.026316 0.868421 0.026316
v 0.026316 0.868421 0.052632
v 0.026316 0.868421 0.078947
v 0.026316 0.868421 0.105263
v 0.000000 0.868421 0.131579
v 0.026316 0.868421 0.131579
v 0.000000 0.894737 -0.052632
v 0.000000 0.894737 -0.026316
v 0.000000 0.921053 -0.026316
v 0.000000 0.921053 -0.052632
v 0.026316 0.894737 -0.052632
v 0.026316 0.894737 -0.026316
v 0.026316 0.921053 -0.052632
v 0.000000 0.894737 0.000000
v 0.000000 0.921053 0.000000
v 0.026316 0.894737 0.000000
v 0.000000 0.894737 0.026316
v 0.000000 0.921053 0.026316
v 0.026316 0.894737 0.026316
v 0.000000 0.894737 0.052632
v 0.000000 0.921053 0.052632
v 0.026316 0.894737 0.052632
v 0.026316 0.921053 0.052632
v 0.026316 0.947368 -0.052632
v 0.026316 0.947368 -0.078947
v 0.026316 0.921053 -0.078947
v 0.026316 0.921053 -0.052632
v 0.026316 0.947368 -0.026316
v 0.026316 0.947368 0.000000
v 0.026316 0.947368 0.026316
v 0.026316 0.947368 0.052632
v 0.026316 0.947368 0.078947
v 0.026316 0.921053 0.052632
v 0.026316 0.921053 0.078947
v 0.052632 0.026316 -0.184211
v 0.052632 0.026316 -0.210526
v 0.052632 0.000000 -0.210526
v 0.052632 0.000000 -0.184211
v 0.052632 0.026316 -0.157895
v 0.052632 0.000000 -0.157895
v 0.052632 0.000000 -0.131579
v 0.052632 0.000000 -0.105263
v 0.052632 0.000000 -0.078947
v 0.052632 0.000000 -0.052632
v 0.052632 0.000000 -0.026316
v 0.052632 0.000000 0.000000
v 0.052632 0.000000 0.026316
v 0.052632 0.000000 0.052632
v 0.052632 0.000000 0.078947
v 0.052632 0.000000 0.105263
v 0.052632 0.000000 0.131579
v 0.052632 0.000000 0.157895
v 0.052632 0.026316 0.184211
v 0.052632 0.026316 0.157895
v 0.052632 0.000000 0.184211
v 0.052632 0.026316 0.210526
v 0.052632 0.000000 0.210526
v 0.052632 0.026316 -0.157895
v 0.052632 0.052632 -0.157895
v 0.052632 0.052632 -0.131579
v 0.052632 0.026316 -0.131579
v 0.052632 0.026316 0.131579
v 0.052632 0.052632 0.131579
v 0.052632 0.052632 0.157895
v 0.052632 0.026316 0.157895
v 0.052632 0.078947 -0.157895
v 0.052632 0.078947 -0.131579
v 0.052632 0.078947 0.131579
v 0.052632 0.078947 0.157895
v 0.052632 0.105263 -0.157895
v 0.052632 0.078947 -0.157895
v 0.052632 0.078947 0.157895
v 0.052632 0.105263 0.157895
v 0.052632 0.105263 -0.184211
v 0.052632 0.105263 -0.157895
v 0.026316 0.105263 -0.157895
v 0.052632 0.131579 -0.184211
v 0.026316 0.105263 0.157895
v 0.052632 0.105263 0.157895
v 0.052632 0.105263 0.184211
v 0.052632 0.131579 0.184211
v 0.052632 0.131579 -0.210526
v 0.052632 0.131579 -0.184211
v 0.026316 0.131579 -0.184211
v 0.052632 0.157895 -0.210526
v 0.026316 0.131579 0.184211
v 0.052632 0.131579 0.184211
v 0.052632 0.131579 0.210526
v 0.052632 0.157895 0.210526
v 0.052632 0.184211 -0.210526
v 0.052632 0.184211 0.210526
v 0.052632 0.184211 -0.210526
v 0.052632 0.210526 -0.210526
v 0.052632 0.210526 -0.184211
v 0.052632 0.184211 -0.184211
v 0.026316 0.184211 -0.210526
v 0.026316 0.210526 -0.210526
v 0.052632 0.184211 0.184211
v 0.052632 0.210526 0.184211
v 0.052632 0.210526 0.210526
v 0.052632 0.184211 0.210526
v 0.026316 0.184211 0.210526
v 0.026316 0.210526 0.210526
v 0.052632 0.236842 -0.184211
v 0.052632 0.210526 -0.184211
v 0.052632 0.210526 0.184211
v 0.052632 0.236842 0.184211
v 0.052632 0.263158 -0.184211
v 0.052632 0.236842 -0.184211
v 0.052632 0.236842 0.184211
v 0.052632 0.263158 0.184211
v 0.052632 0.263158 -0.210526
v 0.052632 0.263158 -0.184211
v 0.052632 0.289474 -0.210526
v 0.052632 0.263158 0.184211
v 0.052632 0.263158 0.210526
v 0.052632 0.289474 0.210526
v 0.052632 0.289474 -0.236842
v 0.052632 0.315789 -0.236842
v 0.052632 0.315789 -0.210526
v 0.052632 0.289474 -0.210526
v 0.026316 0.289474 -0.236842
v 0.052632 0.289474 0.210526
v 0.052632 0.315789 0.210526
v 0.052632 0.315789 0.236842
v 0.052632 0.289474 0.236842
v 0.026316 0.289474 0.236842
v 0.052632 0.342105 -0.210526
v 0.052632 0.342105 0.210526
v 0.052632 0.342105 -0.236842
v 0.052632 0.342105 -0.210526
v 0.026316 0.342105 -0.210526
v 0.052632 0.368421 -0.236842
v 0.026316 0.342105 0.210526
v 0.052632 0.342105 0.210526
v 0.052632 0.342105 0.236842
v 0.052632 0.368421 0.236842
v 0.052632 0.394737 -0.236842
v 0.052632 0.368421 -0.236842
v 0.052632 0.368421 0.236842
v 0.052632 0.394737 0.236842
v 0.052632 0.394737 -0.263158
v 0.052632 0.421053 -0.263158
v 0.052632 0.421053 -0.236842
v 0.052632 0.394737 -0.236842
v 0.052632 0.421053 -0.210526
v 0.052632 0.421053 -0.184211
v 0.052632 0.421053 -0.157895
v 0.052632 0.421053 -0.131579
v 0.026316 0.421053 -0.105263
v 0.052632 0.421053 -0.105263
v 0.026316 0.421053 0.105263
v 0.052632 0.421053 0.131579
v 0.052632 0.421053 0.105263
v 0.052632 0.421053 0.157895
v 0.052632 0.421053 0.184211
v 0.052632 0.421053 0.210526
v 0.052632 0.421053 0.236842
v 0.052632 0.394737 0.236842
v 0.052632 0.421053 0.263158
v 0.052632 0.394737 0.263158
v 0.052632 0.421053 -0.105263
v 0.052632 0.447368 -0.105263
v 0.052632 0.447368 -0.078947
v 0.052632 0.421053 -0.078947
v 0.052632 0.447368 -0.052632
v 0.052632 0.421053 -0.052632
v 0.052632 0.421053 0.052632
v 0.052632 0.447368 0.052632
v 0.052632 0.447368 0.078947
v 0.052632 0.421053 0.078947
v 0.052632 0.447368 0.105263
v 0.052632 0.421053 0.105263
v 0.052632 0.447368 -0.131579
v 0.052632 0.447368 -0.105263
v 0.026316 0.447368 -0.105263
v 0.052632 0.473684 -0.131579
v 0.026316 0.447368 0.105263
v 0.052632 0.447368 0.105263
v 0.052632 0.447368 0.131579
v 0.052632 0.473684 0.131579
v 0.052632 0.473684 -0.157895
v 0.052632 0.500000 -0.157895
v 0.052632 0.500000 -0.131579
v 0.052632 0.500000 0.131579
v 0.052632 0.500000 0.157895
v 0.052632 0.473684 0.157895
v 0.052632 0.526316 -0.131579
v 0.052632 0.526316 -0.157895
v 0.052632 0.526316 0.157895
v 0.052632 0.526316 0.131579
v 0.052632 0.552632 -0.131579
v 0.052632 0.526316 -0.131579
v 0.052632 0.526316 0.131579
v 0.052632 0.552632 0.131579
v 0.052632 0.578947 -0.263158
v 0.052632 0.578947 -0.289474
v 0.052632 0.552632 -0.289474
v 0.052632 0.552632 -0.263158
v 0.052632 0.578947 -0.236842
v 0.052632 0.552632 -0.236842
v 0.052632 0.578947 -0.210526
v 0.052632 0.552632 -0.210526
v 0.052632 0.578947 -0.184211
v 0.052632 0.552632 -0.184211
v 0.052632 0.578947 -0.157895
v 0.052632 0.552632 -0.157895
v 0.052632 0.578947 -0.131579
v 0.052632 0.552632 -0.131579
v 0.052632 0.578947 -0.105263
v 0.052632 0.578947 0.131579
v 0.052632 0.578947 0.105263
v 0.052632 0.578947 0.157895
v 0.052632 0.552632 0.131579
v 0.052632 0.552632 0.157895
v 0.052632 0.578947 0.184211
v 0.052632 0.552632 0.184211
v 0.052632 0.578947 0.210526
v 0.052632 0.552632 0.210526
v 0.052632 0.578947 0.236842
v 0.052632 0.552632 0.236842
v 0.052632 0.578947 0.263158
v 0.052632 0.552632 0.263158
v 0.052632 0.578947 0.289474
v 0.052632 0.552632 0.289474
v 0.052632 0.605263 -0.105263
v 0.052632 0.578947 -0.105263
v 0.052632 0.578947 0.105263
v 0.052632 0.605263 0.105263
v 0.052632 0.631579 -0.263158
v 0.052632 0.631579 -0.289474
v 0.052632 0.605263 -0.289474
v 0.052632 0.605263 -0.263158
v 0.052632 0.631579 -0.236842
v 0.052632 0.605263 -0.236842
v 0.052632 0.631579 -0.210526
v 0.052632 0.605263 -0.210526
v 0.052632 0.631579 -0.184211
v 0.052632 0.605263 -0.184211
v 0.052632 0.631579 -0.157895
v 0.052632 0.605263 -0.157895
v 0.052632 0.605263 -0.131579
v 0.052632 0.605263 -0.105263
v 0.052632 0.605263 0.105263
v 0.052632 0.605263 0.131579
v 0.052632 0.605263 0.157895
v 0.052632 0.631579 0.184211
v 0.052632 0.631579 0.157895
v 0.052632 0.605263 0.184211
v 0.052632 0.631579 0.210526
v 0.052632 0.605263 0.210526
v 0.052632 0.631579 0.236842
v 0.052632 0.605263 0.236842
v 0.052632 0.631579 0.263158
v 0.052632 0.605263 0.263158
v 0.052632 0.631579 0.289474
v 0.052632 0.605263 0.289474
v 0.026316 0.631579 -0.157895
v 0.026316 0.657895 -0.157895
v 0.052632 0.657895 -0.157895
v 0.052632 0.631579 -0.157895
v 0.026316 0.631579 0.157895
v 0.026316 0.657895 0.157895
v 0.052632 0.631579 0.157895
v 0.052632 0.657895 0.157895
v 0.052632 0.684211 -0.157895
v 0.052632 0.684211 -0.184211
v 0.052632 0.657895 -0.184211
v 0.052632 0.657895 -0.157895
v 0.052632 0.684211 0.184211
v 0.052632 0.684211 0.157895
v 0.052632 0.657895 0.157895
v 0.052632 0.657895 0.184211
v 0.052632 0.710526 -0.131579
v 0.052632 0.710526 -0.157895
v 0.052632 0.684211 -0.157895
v 0.052632 0.710526 -0.105263
v 0.052632 0.710526 -0.078947
v 0.052632 0.710526 -0.052632
v 0.052632 0.710526 -0.026316
v 0.052632 0.710526 0.000000
v 0.052632 0.710526 0.026316
v 0.052632 0.710526 0.052632
v 0.052632 0.710526 0.078947
v 0.052632 0.710526 0.105263
v 0.052632 0.710526 0.131579
v 0.052632 0.710526 0.157895
v 0.052632 0.684211 0.157895
v 0.052632 0.815789 -0.105263
v 0.052632 0.815789 -0.078947
v 0.052632 0.842105 -0.105263
v 0.052632 0.815789 -0.052632
v 0.052632 0.815789 -0.026316
v 0.052632 0.815789 0.000000
v 0.052632 0.815789 0.026316
v 0.052632 0.815789 0.052632
v 0.052632 0.815789 0.078947
v 0.052632 0.815789 0.105263
v 0.052632 0.842105 0.105263
v 0.052632 0.868421 -0.105263
v 0.052632 0.868421 -0.131579
v 0.052632 0.842105 -0.131579
v 0.052632 0.868421 -0.078947
v 0.052632 0.868421 -0.052632
v 0.052632 0.868421 -0.026316
v 0.052632 0.868421 0.000000
v 0.052632 0.868421 0.026316
v 0.052632 0.868421 0.052632
v 0.052632 0.868421 0.078947
v 0.052632 0.868421 0.105263
v 0.052632 0.868421 0.131579
v 0.052632 0.842105 0.131579
v 0.026316 0.894737 -0.078947
v 0.026316 0.921053 -0.078947
v 0.052632 0.894737 -0.078947
v 0.052632 0.894737 -0.052632
v 0.052632 0.921053 -0.078947
v 0.052632 0.894737 -0.026316
v 0.052632 0.894737 0.000000
v 0.052632 0.894737 0.026316
v 0.052632 0.894737 0.052632
v 0.026316 0.894737 0.078947
v 0.026316 0.921053 0.078947
v 0.052632 0.894737 0.078947
v 0.052632 0.921053 0.078947
v 0.052632 0.921053 -0.078947
v 0.052632 0.947368 -0.078947
v 0.052632 0.947368 -0.052632
v 0.052632 0.921053 -0.052632
v 0.052632 0.947368 -0.026316
v 0.052632 0.947368 0.000000
v 0.052632 0.947368 0.026316
v 0.052632 0.947368 0.052632
v 0.052632 0.921053 0.052632
v 0.052632 0.947368 0.078947
v 0.052632 0.921053 0.078947
v 0.078947 0.000000 -0.210526
v 0.078947 0.026316 -0.210526
v 0.078947 0.026316 -0.184211
v 0.078947 0.000000 -0.184211
v 0.078947 0.026316 -0.157895
v 0.078947 0.000000 -0.157895
v 0.052632 0.026316 -0.131579
v 0.078947 0.026316 -0.131579
v 0.078947 0.000000 -0.131579
v 0.078947 0.000000 -0.105263
v 0.078947 0.000000 -0.078947
v 0.078947 0.000000 -0.052632
v 0.078947 0.000000 -0.026316
v 0.078947 0.000000 0.000000
v 0.078947 0.000000 0.026316
v 0.078947 0.000000 0.052632
v 0.078947 0.000000 0.078947
v 0.078947 0.000000 0.105263
v 0.078947 0.000000 0.131579
v 0.052632 0.026316 0.131579
v 0.078947 0.026316 0.157895
v 0.078947 0.026316 0.131579
v 0.078947 0.000000 0.157895
v 0.078947 0.026316 0.184211
v 0.078947 0.000000 0.184211
v 0.078947 0.026316 0.210526
v 0.078947 0.000000 0.210526
v 0.078947 0.052632 -0.131579
v 0.078947 0.026316 -0.131579
v 0.078947 0.026316 0.131579
v 0.078947 0.052632 0.131579
v 0.078947 0.078947 -0.131579
v 0.078947 0.078947 0.131579
v 0.078947 0.078947 -0.157895
v 0.078947 0.078947 -0.131579
v 0.052632 0.078947 -0.131579
v 0.078947 0.105263 -0.157895
v 0.052632 0.078947 0.131579
v 0.078947 0.078947 0.131579
v 0.078947 0.078947 0.157895
v 0.078947 0.105263 0.157895
v 0.078947 0.105263 -0.184211
v 0.078947 0.105263 -0.157895
v 0.078947 0.131579 -0.184211
v 0.078947 0.105263 0.157895
v 0.078947 0.105263 0.184211
v 0.078947 0.131579 0.184211
v 0.078947 0.131579 -0.210526
v 0.078947 0.131579 -0.184211
v 0.078947 0.157895 -0.210526
v 0.078947 0.131579 0.184211
v 0.078947 0.131579 0.210526
v 0.078947 0.157895 0.210526
v 0.052632 0.184211 -0.184211
v 0.078947 0.184211 -0.184211
v 0.078947 0.184211 -0.210526
v 0.052632 0.184211 0.184211
v 0.078947 0.184211 0.210526
v 0.078947 0.184211 0.184211
v 0.078947 0.210526 -0.184211
v 0.078947 0.184211 -0.184211
v 0.078947 0.184211 0.184211
v 0.078947 0.210526 0.184211
v 0.078947 0.236842 -0.184211
v 0.078947 0.210526 -0.184211
v 0.078947 0.210526 0.184211
v 0.078947 0.236842 0.184211
v 0.078947 0.236842 -0.210526
v 0.078947 0.263158 -0.210526
v 0.078947 0.263158 -0.184211
v 0.078947 0.236842 -0.184211
v 0.052632 0.236842 -0.210526
v 0.052632 0.263158 -0.210526
v 0.078947 0.236842 0.184211
v 0.078947 0.263158 0.184211
v 0.078947 0.263158 0.210526
v 0.078947 0.236842 0.210526
v 0.052632 0.236842 0.210526
v 0.052632 0.263158 0.210526
v 0.078947 0.289474 -0.210526
v 0.078947 0.263158 -0.210526
v 0.078947 0.263158 0.210526
v 0.078947 0.289474 0.210526
v 0.078947 0.315789 -0.210526
v 0.078947 0.289474 -0.210526
v 0.078947 0.289474 0.210526
v 0.078947 0.315789 0.210526
v 0.078947 0.342105 -0.210526
v 0.078947 0.342105 0.210526
v 0.078947 0.342105 -0.236842
v 0.078947 0.342105 -0.210526
v 0.078947 0.368421 -0.236842
v 0.078947 0.342105 0.210526
v 0.078947 0.342105 0.236842
v 0.078947 0.368421 0.236842
v 0.078947 0.368421 -0.236842
v 0.078947 0.394737 -0.236842
v 0.078947 0.394737 -0.210526
v 0.078947 0.368421 -0.210526
v 0.078947 0.368421 0.210526
v 0.078947 0.394737 0.210526
v 0.078947 0.394737 0.236842
v 0.078947 0.368421 0.236842
v 0.078947 0.421053 -0.210526
v 0.078947 0.421053 -0.236842
v 0.078947 0.394737 -0.236842
v 0.078947 0.421053 -0.184211
v 0.078947 0.421053 -0.157895
v 0.078947 0.421053 -0.131579
v 0.078947 0.421053 -0.105263
v 0.052632 0.421053 -0.078947
v 0.078947 0.421053 -0.078947
v 0.052632 0.421053 -0.052632
v 0.078947 0.421053 -0.052632
v 0.052632 0.421053 0.052632
v 0.052632 0.421053 0.078947
v 0.078947 0.421053 0.078947
v 0.078947 0.421053 0.052632
v 0.078947 0.421053 0.105263
v 0.078947 0.421053 0.131579
v 0.078947 0.421053 0.157895
v 0.078947 0.421053 0.184211
v 0.078947 0.421053 0.210526
v 0.078947 0.421053 0.236842
v 0.078947 0.394737 0.236842
v 0.078947 0.421053 -0.052632
v 0.078947 0.447368 -0.052632
v 0.078947 0.447368 -0.026316
v 0.078947 0.421053 -0.026316
v 0.078947 0.447368 0.000000
v 0.078947 0.421053 0.000000
v 0.078947 0.447368 0.026316
v 0.078947 0.421053 0.026316
v 0.078947 0.447368 0.052632
v 0.078947 0.421053 0.052632
v 0.078947 0.447368 -0.131579
v 0.078947 0.473684 -0.131579
v 0.078947 0.473684 -0.105263
v 0.078947 0.447368 -0.105263
v 0.078947 0.447368 -0.078947
v 0.052632 0.447368 -0.078947
v 0.078947 0.447368 -0.052632
v 0.052632 0.447368 -0.052632
v 0.052632 0.447368 0.052632
v 0.078947 0.447368 0.052632
v 0.078947 0.447368 0.078947
v 0.052632 0.447368 0.078947
v 0.078947 0.447368 0.105263
v 0.078947 0.473684 0.105263
v 0.078947 0.473684 0.131579
v 0.078947 0.447368 0.131579
v 0.078947 0.500000 -0.131579
v 0.078947 0.500000 0.131579
v 0.078947 0.500000 -0.157895
v 0.078947 0.526316 -0.157895
v 0.078947 0.526316 -0.131579
v 0.078947 0.526316 0.131579
v 0.078947 0.526316 0.157895
v 0.078947 0.500000 0.157895
v 0.078947 0.526316 -0.157895
v 0.078947 0.552632 -0.157895
v 0.078947 0.552632 -0.131579
v 0.078947 0.526316 -0.131579
v 0.052632 0.526316 -0.157895
v 0.052632 0.552632 -0.157895
v 0.078947 0.526316 0.131579
v 0.078947 0.552632 0.131579
v 0.078947 0.552632 0.157895
v 0.078947 0.526316 0.157895
v 0.052632 0.526316 0.157895
v 0.052632 0.552632 0.157895
v 0.078947 0.578947 -0.263158
v 0.078947 0.578947 -0.289474
v 0.078947 0.552632 -0.289474
v 0.078947 0.552632 -0.263158
v 0.078947 0.578947 -0.236842
v 0.078947 0.552632 -0.236842
v 0.078947 0.578947 -0.210526
v 0.078947 0.552632 -0.210526
v 0.078947 0.578947 -0.184211
v 0.078947 0.552632 -0.184211
v 0.078947 0.578947 -0.157895
v 0.078947 0.552632 -0.157895
v 0.078947 0.578947 -0.131579
v 0.078947 0.578947 0.157895
v 0.078947 0.578947 0.131579
v 0.078947 0.578947 0.184211
v 0.078947 0.552632 0.157895
v 0.078947 0.552632 0.184211
v 0.078947 0.578947 0.210526
v 0.078947 0.552632 0.210526
v 0.078947 0.578947 0.236842
v 0.078947 0.552632 0.236842
v 0.078947 0.578947 0.263158
v 0.078947 0.552632 0.263158
v 0.078947 0.578947 0.289474
v 0.078947 0.552632 0.289474
v 0.052632 0.578947 -0.131579
v 0.052632 0.605263 -0.131579
v 0.078947 0.605263 -0.131579
v 0.078947 0.578947 -0.131579
v 0.052632 0.578947 0.131579
v 0.052632 0.605263 0.131579
v 0.078947 0.578947 0.131579
v 0.078947 0.605263 0.131579
v 0.078947 0.605263 -0.315789
v 0.078947 0.631579 -0.315789
v 0.078947 0.631579 -0.289474
v 0.078947 0.605263 -0.289474
v 0.052632 0.605263 -0.315789
v 0.052632 0.631579 -0.315789
v 0.078947 0.631579 -0.263158
v 0.078947 0.605263 -0.263158
v 0.078947 0.631579 -0.236842
v 0.078947 0.605263 -0.236842
v 0.078947 0.631579 -0.210526
v 0.078947 0.605263 -0.210526
v 0.078947 0.631579 -0.184211
v 0.078947 0.605263 -0.184211
v 0.078947 0.631579 -0.157895
v 0.078947 0.605263 -0.157895
v 0.078947 0.605263 -0.131579
v 0.078947 0.605263 0.131579
v 0.078947 0.605263 0.157895
v 0.078947 0.631579 0.184211
v 0.078947 0.631579 0.157895
v 0.078947 0.605263 0.184211
v 0.078947 0.631579 0.210526
v 0.078947 0.605263 0.210526
v 0.078947 0.631579 0.236842
v 0.078947 0.605263 0.236842
v 0.078947 0.631579 0.263158
v 0.078947 0.605263 0.263158
v 0.078947 0.631579 0.289474
v 0.078947 0.605263 0.289474
v 0.078947 0.631579 0.315789
v 0.078947 0.605263 0.315789
v 0.052632 0.605263 0.315789
v 0.052632 0.631579 0.315789
v 0.078947 0.657895 -0.157895
v 0.078947 0.631579 -0.157895
v 0.078947 0.631579 0.157895
v 0.078947 0.657895 0.157895
v 0.078947 0.684211 -0.157895
v 0.078947 0.684211 -0.184211
v 0.078947 0.657895 -0.184211
v 0.078947 0.657895 -0.157895
v 0.078947 0.684211 0.184211
v 0.078947 0.684211 0.157895
v 0.078947 0.657895 0.157895
v 0.078947 0.657895 0.184211
v 0.078947 0.684211 -0.157895
v 0.078947 0.710526 -0.157895
v 0.078947 0.710526 -0.131579
v 0.078947 0.684211 -0.131579
v 0.078947 0.710526 -0.105263
v 0.078947 0.710526 -0.078947
v 0.078947 0.710526 -0.052632
v 0.078947 0.710526 -0.026316
v 0.078947 0.710526 0.000000
v 0.078947 0.710526 0.026316
v 0.078947 0.710526 0.052632
v 0.078947 0.710526 0.078947
v 0.078947 0.710526 0.105263
v 0.078947 0.710526 0.131579
v 0.078947 0.684211 0.131579
v 0.078947 0.710526 0.157895
v 0.078947 0.684211 0.157895
v 0.078947 0.815789 -0.105263
v 0.078947 0.842105 -0.105263
v 0.078947 0.842105 -0.078947
v 0.078947 0.815789 -0.078947
v 0.078947 0.842105 -0.052632
v 0.078947 0.815789 -0.052632
v 0.078947 0.815789 -0.026316
v 0.078947 0.815789 0.000000
v 0.078947 0.815789 0.026316
v 0.078947 0.815789 0.052632
v 0.078947 0.842105 0.052632
v 0.078947 0.842105 0.078947
v 0.078947 0.815789 0.078947
v 0.078947 0.842105 0.105263
v 0.078947 0.815789 0.105263
v 0.078947 0.868421 -0.105263
v 0.078947 0.868421 -0.131579
v 0.078947 0.842105 -0.131579
v 0.078947 0.868421 -0.078947
v 0.078947 0.868421 -0.052632
v 0.078947 0.868421 -0.026316
v 0.078947 0.868421 0.000000
v 0.078947 0.868421 0.026316
v 0.078947 0.868421 0.052632
v 0.078947 0.868421 0.078947
v 0.078947 0.868421 0.105263
v 0.078947 0.868421 0.131579
v 0.078947 0.842105 0.131579
v 0.052632 0.894737 -0.105263
v 0.052632 0.921053 -0.105263
v 0.078947 0.921053 -0.078947
v 0.078947 0.921053 -0.105263
v 0.078947 0.894737 -0.105263
v 0.078947 0.894737 -0.078947
v 0.052632 0.921053 -0.052632
v 0.078947 0.921053 -0.052632
v 0.078947 0.894737 -0.052632
v 0.078947 0.894737 -0.026316
v 0.078947 0.894737 0.000000
v 0.078947 0.894737 0.026316
v 0.078947 0.894737 0.052632
v 0.052632 0.921053 0.052632
v 0.078947 0.921053 0.078947
v 0.078947 0.921053 0.052632
v 0.078947 0.894737 0.078947
v 0.052632 0.894737 0.105263
v 0.052632 0.921053 0.105263
v 0.078947 0.921053 0.105263
v 0.078947 0.894737 0.105263
v 0.078947 0.921053 -0.052632
v 0.078947 0.947368 -0.052632
v 0.078947 0.947368 -0.026316
v 0.078947 0.921053 -0.026316
v 0.078947 0.947368 0.000000
v 0.078947 0.921053 0.000000
v 0.078947 0.947368 0.026316
v 0.078947 0.921053 0.026316
v 0.078947 0.947368 0.052632
v 0.078947 0.921053 0.052632
v 0.105263 0.026316 -0.157895
v 0.105263 0.026316 -0.184211
v 0.105263 0.000000 -0.184211
v 0.105263 0.000000 -0.157895
v 0.105263 0.026316 -0.131579
v 0.105263 0.000000 -0.131579
v 0.105263 0.000000 -0.105263
v 0.105263 0.000000 -0.078947
v 0.105263 0.000000 -0.052632
v 0.105263 0.000000 -0.026316
v 0.105263 0.000000 0.000000
v 0.105263 0.000000 0.026316
v 0.105263 0.000000 0.052632
v 0.105263 0.000000 0.078947
v 0.105263 0.000000 0.105263
v 0.105263 0.000000 0.131579
v 0.105263 0.026316 0.157895
v 0.105263 0.026316 0.131579
v 0.105263 0.000000 0.157895
v 0.105263 0.026316 0.184211
v 0.105263 0.000000 0.184211
v 0.105263 0.026316 -0.131579
v 0.105263 0.052632 -0.131579
v 0.105263 0.052632 -0.105263
v 0.105263 0.026316 -0.105263
v 0.105263 0.026316 0.105263
v 0.105263 0.052632 0.105263
v 0.105263 0.052632 0.131579
v 0.105263 0.026316 0.131579
v 0.105263 0.078947 -0.131579
v 0.105263 0.078947 -0.105263
v 0.105263 0.078947 0.105263
v 0.105263 0.078947 0.131579
v 0.105263 0.078947 -0.157895
v 0.105263 0.105263 -0.157895
v 0.105263 0.105263 -0.131579
v 0.105263 0.078947 -0.131579
v 0.105263 0.078947 0.131579
v 0.105263 0.105263 0.131579
v 0.105263 0.105263 0.157895
v 0.105263 0.078947 0.157895
v 0.105263 0.105263 -0.184211
v 0.105263 0.131579 -0.184211
v 0.105263 0.131579 -0.157895
v 0.105263 0.105263 -0.157895
v 0.105263 0.105263 0.157895
v 0.105263 0.131579 0.157895
v 0.105263 0.131579 0.184211
v 0.105263 0.105263 0.184211
v 0.105263 0.131579 -0.210526
v 0.105263 0.157895 -0.210526
v 0.105263 0.157895 -0.184211
v 0.105263 0.131579 -0.184211
v 0.105263 0.131579 0.184211
v 0.105263 0.157895 0.184211
v 0.105263 0.157895 0.210526
v 0.105263 0.131579 0.210526
v 0.105263 0.184211 -0.210526
v 0.105263 0.184211 -0.184211
v 0.105263 0.184211 0.184211
v 0.105263 0.184211 0.210526
v 0.105263 0.210526 -0.184211
v 0.105263 0.184211 -0.184211
v 0.105263 0.184211 0.184211
v 0.105263 0.210526 0.184211
v 0.105263 0.236842 -0.184211
v 0.105263 0.210526 -0.184211
v 0.105263 0.210526 0.184211
v 0.105263 0.236842 0.184211
v 0.105263 0.263158 -0.184211
v 0.105263 0.236842 -0.184211
v 0.105263 0.236842 0.184211
v 0.105263 0.263158 0.184211
v 0.105263 0.263158 -0.210526
v 0.105263 0.263158 -0.184211
v 0.078947 0.263158 -0.184211
v 0.105263 0.289474 -0.210526
v 0.078947 0.263158 0.184211
v 0.105263 0.263158 0.184211
v 0.105263 0.263158 0.210526
v 0.105263 0.289474 0.210526
v 0.105263 0.315789 -0.210526
v 0.105263 0.289474 -0.210526
v 0.105263 0.289474 0.210526
v 0.105263 0.315789 0.210526
v 0.105263 0.342105 -0.210526
v 0.105263 0.342105 0.210526
v 0.105263 0.342105 -0.236842
v 0.105263 0.368421 -0.236842
v 0.105263 0.368421 -0.210526
v 0.105263 0.342105 -0.210526
v 0.078947 0.368421 -0.210526
v 0.105263 0.342105 0.210526
v 0.105263 0.368421 0.210526
v 0.105263 0.368421 0.236842
v 0.105263 0.342105 0.236842
v 0.078947 0.368421 0.210526
v 0.105263 0.394737 -0.210526
v 0.105263 0.368421 -0.210526
v 0.105263 0.368421 0.210526
v 0.105263 0.394737 0.210526
v 0.105263 0.394737 -0.236842
v 0.105263 0.421053 -0.236842
v 0.105263 0.421053 -0.210526
v 0.105263 0.394737 -0.210526
v 0.078947 0.394737 -0.210526
v 0.105263 0.421053 -0.184211
v 0.105263 0.421053 -0.157895
v 0.105263 0.421053 -0.131579
v 0.105263 0.421053 -0.105263
v 0.105263 0.421053 -0.078947
v 0.105263 0.421053 -0.052632
v 0.078947 0.421053 -0.026316
v 0.105263 0.421053 -0.026316
v 0.078947 0.421053 0.000000
v 0.105263 0.421053 0.000000
v 0.078947 0.421053 0.026316
v 0.105263 0.421053 0.026316
v 0.105263 0.421053 0.052632
v 0.105263 0.421053 0.078947
v 0.105263 0.421053 0.105263
v 0.105263 0.421053 0.131579
v 0.105263 0.421053 0.157895
v 0.105263 0.421053 0.184211
v 0.105263 0.421053 0.210526
v 0.105263 0.394737 0.210526
v 0.105263 0.421053 0.236842
v 0.105263 0.394737 0.236842
v 0.078947 0.394737 0.210526
v 0.105263 0.447368 -0.105263
v 0.105263 0.473684 -0.105263
v 0.105263 0.473684 -0.078947
v 0.105263 0.447368 -0.078947
v 0.105263 0.473684 -0.052632
v 0.105263 0.447368 -0.052632
v 0.105263 0.447368 -0.026316
v 0.078947 0.447368 -0.026316
v 0.105263 0.447368 0.000000
v 0.078947 0.447368 0.000000
v 0.105263 0.447368 0.026316
v 0.078947 0.447368 0.026316
v 0.105263 0.447368 0.052632
v 0.105263 0.473684 0.052632
v 0.105263 0.473684 0.078947
v 0.105263 0.447368 0.078947
v 0.105263 0.473684 0.105263
v 0.105263 0.447368 0.105263
v 0.105263 0.473684 -0.131579
v 0.105263 0.500000 -0.131579
v 0.105263 0.500000 -0.105263
v 0.105263 0.500000 0.105263
v 0.105263 0.500000 0.131579
v 0.105263 0.473684 0.131579
v 0.105263 0.526316 -0.131579
v 0.105263 0.526316 0.131579
v 0.105263 0.552632 -0.131579
v 0.105263 0.526316 -0.131579
v 0.105263 0.526316 0.131579
v 0.105263 0.552632 0.131579
v 0.105263 0.578947 -0.263158
v 0.105263 0.578947 -0.289474
v 0.105263 0.552632 -0.289474
v 0.105263 0.552632 -0.263158
v 0.105263 0.578947 -0.236842
v 0.105263 0.552632 -0.236842
v 0.105263 0.578947 -0.210526
v 0.105263 0.552632 -0.210526
v 0.105263 0.578947 -0.184211
v 0.105263 0.552632 -0.184211
v 0.105263 0.578947 -0.157895
v 0.105263 0.552632 -0.157895
v 0.105263 0.578947 -0.131579
v 0.105263 0.552632 -0.131579
v 0.078947 0.552632 -0.131579
v 0.105263 0.578947 0.157895
v 0.105263 0.578947 0.131579
v 0.078947 0.552632 0.131579
v 0.105263 0.552632 0.131579
v 0.105263 0.552632 0.157895
v 0.105263 0.578947 0.184211
v 0.105263 0.552632 0.184211
v 0.105263 0.578947 0.210526
v 0.105263 0.552632 0.210526
v 0.105263 0.578947 0.236842
v 0.105263 0.552632 0.236842
v 0.105263 0.578947 0.263158
v 0.105263 0.552632 0.263158
v 0.105263 0.578947 0.289474
v 0.105263 0.552632 0.289474
v 0.105263 0.605263 -0.131579
v 0.105263 0.578947 -0.131579
v 0.105263 0.578947 0.131579
v 0.105263 0.605263 0.131579
v 0.105263 0.631579 -0.263158
v 0.105263 0.631579 -0.289474
v 0.105263 0.605263 -0.289474
v 0.105263 0.605263 -0.263158
v 0.105263 0.631579 -0.236842
v 0.105263 0.605263 -0.236842
v 0.105263 0.631579 -0.210526
v 0.105263 0.605263 -0.210526
v 0.105263 0.631579 -0.184211
v 0.105263 0.605263 -0.184211
v 0.105263 0.631579 -0.157895
v 0.105263 0.605263 -0.157895
v 0.105263 0.605263 -0.131579
v 0.105263 0.605263 0.131579
v 0.105263 0.605263 0.157895
v 0.105263 0.631579 0.184211
v 0.105263 0.631579 0.157895
v 0.105263 0.605263 0.184211
v 0.105263 0.631579 0.210526
v 0.105263 0.605263 0.210526
v 0.105263 0.631579 0.236842
v 0.105263 0.605263 0.236842
v 0.105263 0.631579 0.263158
v 0.105263 0.605263 0.263158
v 0.105263 0.631579 0.289474
v 0.105263 0.605263 0.289474
v 0.105263 0.657895 -0.157895
v 0.105263 0.631579 -0.157895
v 0.105263 0.631579 0.157895
v 0.105263 0.657895 0.157895
v 0.105263 0.657895 -0.184211
v 0.105263 0.684211 -0.184211
v 0.105263 0.684211 -0.157895
v 0.105263 0.657895 -0.157895
v 0.078947 0.684211 -0.131579
v 0.105263 0.684211 -0.131579
v 0.078947 0.684211 0.131579
v 0.105263 0.684211 0.157895
v 0.105263 0.684211 0.131579
v 0.105263 0.657895 0.157895
v 0.105263 0.684211 0.184211
v 0.105263 0.657895 0.184211
v 0.105263 0.684211 -0.131579
v 0.105263 0.710526 -0.131579
v 0.105263 0.710526 -0.105263
v 0.105263 0.684211 -0.105263
v 0.105263 0.710526 -0.078947
v 0.105263 0.710526 -0.052632
v 0.105263 0.710526 -0.026316
v 0.105263 0.710526 0.000000
v 0.105263 0.710526 0.026316
v 0.105263 0.710526 0.052632
v 0.105263 0.710526 0.078947
v 0.105263 0.710526 0.105263
v 0.105263 0.684211 0.105263
v 0.105263 0.710526 0.131579
v 0.105263 0.684211 0.131579
v 0.105263 0.815789 -0.052632
v 0.105263 0.842105 -0.052632
v 0.105263 0.842105 -0.026316
v 0.105263 0.815789 -0.026316
v 0.105263 0.842105 0.000000
v 0.105263 0.815789 0.000000
v 0.105263 0.842105 0.026316
v 0.105263 0.815789 0.026316
v 0.105263 0.842105 0.052632
v 0.105263 0.815789 0.052632
v 0.105263 0.842105 -0.131579
v 0.105263 0.868421 -0.131579
v 0.105263 0.868421 -0.105263
v 0.105263 0.842105 -0.105263
v 0.105263 0.868421 -0.078947
v 0.105263 0.842105 -0.078947
v 0.105263 0.868421 -0.052632
v 0.105263 0.868421 -0.026316
v 0.105263 0.868421 0.000000
v 0.105263 0.868421 0.026316
v 0.105263 0.868421 0.052632
v 0.105263 0.868421 0.078947
v 0.105263 0.842105 0.078947
v 0.105263 0.868421 0.105263
v 0.105263 0.842105 0.105263
v 0.105263 0.868421 0.131579
v 0.105263 0.842105 0.131579
v 0.105263 0.921053 -0.078947
v 0.105263 0.921053 -0.105263
v 0.105263 0.894737 -0.105263
v 0.105263 0.894737 -0.078947
v 0.105263 0.921053 -0.052632
v 0.105263 0.894737 -0.052632
v 0.078947 0.921053 -0.026316
v 0.105263 0.921053 -0.026316
v 0.105263 0.894737 -0.026316
v 0.078947 0.921053 0.000000
v 0.105263 0.921053 0.000000
v 0.105263 0.894737 0.000000
v 0.078947 0.921053 0.026316
v 0.105263 0.921053 0.026316
v 0.105263 0.894737 0.026316
v 0.105263 0.921053 0.052632
v 0.105263 0.894737 0.052632
v 0.105263 0.921053 0.078947
v 0.105263 0.894737 0.078947
v 0.105263 0.921053 0.105263
v 0.105263 0.894737 0.105263
v 0.131579 0.000000 -0.184211
v 0.131579 0.026316 -0.184211
v 0.131579 0.026316 -0.157895
v 0.131579 0.000000 -0.157895
v 0.131579 0.026316 -0.131579
v 0.131579 0.000000 -0.131579
v 0.105263 0.026316 -0.105263
v 0.131579 0.026316 -0.105263
v 0.131579 0.000000 -0.105263
v 0.131579 0.000000 -0.078947
v 0.131579 0.000000 -0.052632
v 0.131579 0.000000 -0.026316
v 0.131579 0.000000 0.000000
v 0.131579 0.000000 0.026316
v 0.131579 0.000000 0.052632
v 0.131579 0.000000 0.078947
v 0.131579 0.000000 0.105263
v 0.105263 0.026316 0.105263
v 0.131579 0.026316 0.131579
v 0.131579 0.026316 0.105263
v 0.131579 0.000000 0.131579
v 0.131579 0.026316 0.157895
v 0.131579 0.000000 0.157895
v 0.131579 0.026316 0.184211
v 0.131579 0.000000 0.184211
v 0.131579 0.026316 -0.105263
v 0.131579 0.052632 -0.105263
v 0.131579 0.052632 -0.078947
v 0.131579 0.026316 -0.078947
v 0.131579 0.052632 -0.052632
v 0.131579 0.026316 -0.052632
v 0.131579 0.026316 0.052632
v 0.131579 0.052632 0.052632
v 0.131579 0.052632 0.078947
v 0.131579 0.026316 0.078947
v 0.131579 0.052632 0.105263
v 0.131579 0.026316 0.105263
v 0.131579 0.078947 -0.105263
v 0.131579 0.078947 -0.078947
v 0.131579 0.078947 -0.052632
v 0.131579 0.078947 0.052632
v 0.131579 0.078947 0.078947
v 0.131579 0.078947 0.105263
v 0.131579 0.078947 -0.131579
v 0.131579 0.105263 -0.131579
v 0.131579 0.105263 -0.105263
v 0.131579 0.078947 -0.105263
v 0.105263 0.078947 -0.105263
v 0.131579 0.078947 0.105263
v 0.131579 0.105263 0.105263
v 0.131579 0.105263 0.131579
v 0.131579 0.078947 0.131579
v 0.105263 0.078947 0.105263
v 0.131579 0.105263 -0.157895
v 0.131579 0.105263 -0.131579
v 0.105263 0.105263 -0.131579
v 0.131579 0.131579 -0.157895
v 0.105263 0.105263 0.131579
v 0.131579 0.105263 0.131579
v 0.131579 0.105263 0.157895
v 0.131579 0.131579 0.157895
v 0.131579 0.131579 -0.184211
v 0.131579 0.131579 -0.157895
v 0.105263 0.131579 -0.157895
v 0.131579 0.157895 -0.184211
v 0.105263 0.131579 0.157895
v 0.131579 0.131579 0.157895
v 0.131579 0.131579 0.184211
v 0.131579 0.157895 0.184211
v 0.131579 0.184211 -0.184211
v 0.131579 0.184211 0.184211
v 0.131579 0.184211 -0.184211
v 0.131579 0.210526 -0.184211
v 0.131579 0.210526 -0.157895
v 0.131579 0.184211 -0.157895
v 0.131579 0.184211 0.157895
v 0.131579 0.210526 0.157895
v 0.131579 0.210526 0.184211
v 0.131579 0.184211 0.184211
v 0.131579 0.236842 -0.184211
v 0.131579 0.210526 -0.184211
v 0.131579 0.210526 0.184211
v 0.131579 0.236842 0.184211
v 0.131579 0.263158 -0.184211
v 0.131579 0.236842 -0.184211
v 0.131579 0.236842 0.184211
v 0.131579 0.263158 0.184211
v 0.131579 0.263158 -0.210526
v 0.131579 0.289474 -0.210526
v 0.131579 0.289474 -0.184211
v 0.131579 0.263158 -0.184211
v 0.131579 0.263158 0.184211
v 0.131579 0.289474 0.184211
v 0.131579 0.289474 0.210526
v 0.131579 0.263158 0.210526
v 0.131579 0.315789 -0.210526
v 0.131579 0.289474 -0.210526
v 0.131579 0.289474 0.210526
v 0.131579 0.315789 0.210526
v 0.131579 0.342105 -0.210526
v 0.131579 0.342105 -0.184211
v 0.131579 0.315789 -0.184211
v 0.131579 0.315789 0.184211
v 0.131579 0.342105 0.184211
v 0.131579 0.342105 0.210526
v 0.131579 0.368421 -0.210526
v 0.131579 0.342105 -0.210526
v 0.131579 0.342105 0.210526
v 0.131579 0.368421 0.210526
v 0.131579 0.368421 -0.210526
v 0.131579 0.394737 -0.210526
v 0.131579 0.394737 -0.184211
v 0.131579 0.368421 -0.184211
v 0.131579 0.368421 0.184211
v 0.131579 0.394737 0.184211
v 0.131579 0.394737 0.210526
v 0.131579 0.368421 0.210526
v 0.131579 0.421053 -0.184211
v 0.131579 0.421053 -0.210526
v 0.131579 0.394737 -0.210526
v 0.131579 0.421053 -0.157895
v 0.131579 0.421053 -0.131579
v 0.131579 0.421053 -0.105263
v 0.131579 0.421053 -0.078947
v 0.131579 0.421053 -0.052632
v 0.131579 0.421053 -0.026316
v 0.131579 0.421053 0.000000
v 0.131579 0.421053 0.026316
v 0.131579 0.421053 0.052632
v 0.131579 0.421053 0.078947
v 0.131579 0.421053 0.105263
v 0.131579 0.421053 0.131579
v 0.131579 0.421053 0.157895
v 0.131579 0.421053 0.184211
v 0.131579 0.421053 0.210526
v 0.131579 0.394737 0.210526
v 0.131579 0.447368 -0.052632
v 0.131579 0.473684 -0.052632
v 0.131579 0.473684 -0.026316
v 0.131579 0.447368 -0.026316
v 0.131579 0.473684 0.000000
v 0.131579 0.447368 0.000000
v 0.131579 0.473684 0.026316
v 0.131579 0.447368 0.026316
v 0.131579 0.473684 0.052632
v 0.131579 0.447368 0.052632
v 0.131579 0.473684 -0.105263
v 0.131579 0.500000 -0.105263
v 0.131579 0.500000 -0.078947
v 0.131579 0.473684 -0.078947
v 0.131579 0.500000 -0.052632
v 0.131579 0.500000 0.052632
v 0.131579 0.500000 0.078947
v 0.131579 0.473684 0.078947
v 0.131579 0.500000 0.105263
v 0.131579 0.473684 0.105263
v 0.131579 0.500000 -0.131579
v 0.131579 0.526316 -0.131579
v 0.131579 0.526316 -0.105263
v 0.131579 0.526316 0.105263
v 0.131579 0.526316 0.131579
v 0.131579 0.500000 0.131579
v 0.131579 0.552632 -0.131579
v 0.131579 0.526316 -0.131579
v 0.131579 0.526316 0.131579
v 0.131579 0.552632 0.131579
v 0.131579 0.578947 -0.263158
v 0.131579 0.578947 -0.289474
v 0.131579 0.552632 -0.289474
v 0.131579 0.552632 -0.263158
v 0.131579 0.578947 -0.236842
v 0.131579 0.552632 -0.236842
v 0.131579 0.578947 -0.210526
v 0.131579 0.552632 -0.210526
v 0.131579 0.578947 -0.184211
v 0.131579 0.552632 -0.184211
v 0.131579 0.578947 -0.157895
v 0.131579 0.552632 -0.157895
v 0.131579 0.578947 -0.131579
v 0.131579 0.552632 -0.131579
v 0.131579 0.578947 0.157895
v 0.131579 0.578947 0.131579
v 0.131579 0.552632 0.131579
v 0.131579 0.552632 0.157895
v 0.131579 0.578947 0.184211
v 0.131579 0.552632 0.184211
v 0.131579 0.578947 0.210526
v 0.131579 0.552632 0.210526
v 0.131579 0.578947 0.236842
v 0.131579 0.552632 0.236842
v 0.131579 0.578947 0.263158
v 0.131579 0.552632 0.263158
v 0.131579 0.578947 0.289474
v 0.131579 0.552632 0.289474
v 0.131579 0.605263 -0.131579
v 0.131579 0.578947 -0.131579
v 0.131579 0.578947 0.131579
v 0.131579 0.605263 0.131579
v 0.131579 0.631579 -0.263158
v 0.131579 0.631579 -0.289474
v 0.131579 0.605263 -0.289474
v 0.131579 0.605263 -0.263158
v 0.131579 0.631579 -0.236842
v 0.131579 0.605263 -0.236842
v 0.131579 0.631579 -0.210526
v 0.131579 0.605263 -0.210526
v 0.131579 0.631579 -0.184211
v 0.131579 0.605263 -0.184211
v 0.131579 0.631579 -0.157895
v 0.131579 0.605263 -0.157895
v 0.131579 0.605263 -0.131579
v 0.131579 0.605263 0.131579
v 0.131579 0.605263 0.157895
v 0.131579 0.631579 0.184211
v 0.131579 0.631579 0.157895
v 0.131579 0.605263 0.184211
v 0.131579 0.631579 0.210526
v 0.131579 0.605263 0.210526
v 0.131579 0.631579 0.236842
v 0.131579 0.605263 0.236842
v 0.131579 0.631579 0.263158
v 0.131579 0.605263 0.263158
v 0.131579 0.631579 0.289474
v 0.131579 0.605263 0.289474
v 0.131579 0.631579 -0.157895
v 0.131579 0.657895 -0.157895
v 0.131579 0.657895 -0.131579
v 0.131579 0.631579 -0.131579
v 0.131579 0.631579 0.131579
v 0.131579 0.657895 0.131579
v 0.131579 0.657895 0.157895
v 0.131579 0.631579 0.157895
v 0.131579 0.657895 -0.157895
v 0.131579 0.684211 -0.157895
v 0.131579 0.684211 -0.131579
v 0.131579 0.657895 -0.131579
v 0.105263 0.684211 -0.105263
v 0.131579 0.684211 -0.105263
v 0.105263 0.684211 0.105263
v 0.131579 0.684211 0.131579
v 0.131579 0.684211 0.105263
v 0.131579 0.657895 0.131579
v 0.131579 0.684211 0.157895
v 0.131579 0.657895 0.157895
v 0.131579 0.684211 -0.105263
v 0.131579 0.710526 -0.105263
v 0.131579 0.710526 -0.078947
v 0.131579 0.684211 -0.078947
v 0.131579 0.710526 -0.052632
v 0.131579 0.710526 -0.026316
v 0.131579 0.710526 0.000000
v 0.131579 0.710526 0.026316
v 0.131579 0.710526 0.052632
v 0.131579 0.710526 0.078947
v 0.131579 0.684211 0.078947
v 0.131579 0.710526 0.105263
v 0.131579 0.684211 0.105263
v 0.131579 0.842105 -0.105263
v 0.131579 0.868421 -0.105263
v 0.131579 0.868421 -0.078947
v 0.131579 0.842105 -0.078947
v 0.131579 0.868421 -0.052632
v 0.131579 0.842105 -0.052632
v 0.131579 0.868421 -0.026316
v 0.131579 0.842105 -0.026316
v 0.131579 0.868421 0.000000
v 0.131579 0.842105 0.000000
v 0.131579 0.868421 0.026316
v 0.131579 0.842105 0.026316
v 0.131579 0.868421 0.052632
v 0.131579 0.842105 0.052632
v 0.131579 0.868421 0.078947
v 0.131579 0.842105 0.078947
v 0.131579 0.868421 0.105263
v 0.131579 0.842105 0.105263
v 0.131579 0.921053 -0.078947
v 0.131579 0.921053 -0.105263
v 0.131579 0.894737 -0.105263
v 0.131579 0.894737 -0.078947
v 0.131579 0.921053 -0.052632
v 0.131579 0.894737 -0.052632
v 0.131579 0.921053 -0.026316
v 0.131579 0.894737 -0.026316
v 0.131579 0.921053 0.000000
v 0.131579 0.894737 0.000000
v 0.131579 0.921053 0.026316
v 0.131579 0.894737 0.026316
v 0.131579 0.921053 0.052632
v 0.131579 0.894737 0.052632
v 0.131579 0.921053 0.078947
v 0.131579 0.894737 0.078947
v 0.131579 0.921053 0.105263
v 0.131579 0.894737 0.105263
v 0.157895 0.000000 -0.157895
v 0.157895 0.026316 -0.157895
v 0.157895 0.026316 -0.131579
v 0.157895 0.000000 -0.131579
v 0.157895 0.026316 -0.105263
v 0.157895 0.000000 -0.105263
v 0.131579 0.026316 -0.078947
v 0.157895 0.026316 -0.078947
v 0.157895 0.000000 -0.078947
v 0.131579 0.026316 -0.052632
v 0.157895 0.026316 -0.052632
v 0.157895 0.000000 -0.052632
v 0.157895 0.000000 -0.026316
v 0.157895 0.000000 0.000000
v 0.157895 0.000000 0.026316
v 0.157895 0.000000 0.052632
v 0.131579 0.026316 0.052632
v 0.131579 0.026316 0.078947
v 0.157895 0.026316 0.078947
v 0.157895 0.026316 0.052632
v 0.157895 0.000000 0.078947
v 0.157895 0.026316 0.105263
v 0.157895 0.000000 0.105263
v 0.157895 0.026316 0.131579
v 0.157895 0.000000 0.131579
v 0.157895 0.026316 0.157895
v 0.157895 0.000000 0.157895
v 0.157895 0.026316 -0.052632
v 0.157895 0.052632 -0.052632
v 0.157895 0.052632 -0.026316
v 0.157895 0.026316 -0.026316
v 0.157895 0.052632 0.000000
v 0.157895 0.026316 0.000000
v 0.157895 0.052632 0.026316
v 0.157895 0.026316 0.026316
v 0.157895 0.052632 0.052632
v 0.157895 0.026316 0.052632
v 0.157895 0.078947 -0.052632
v 0.157895 0.078947 -0.026316
v 0.157895 0.078947 0.000000
v 0.157895 0.078947 0.026316
v 0.157895 0.078947 0.052632
v 0.157895 0.078947 -0.105263
v 0.157895 0.105263 -0.105263
v 0.157895 0.105263 -0.078947
v 0.157895 0.078947 -0.078947
v 0.131579 0.078947 -0.078947
v 0.157895 0.078947 -0.052632
v 0.131579 0.078947 -0.052632
v 0.131579 0.078947 0.052632
v 0.157895 0.078947 0.052632
v 0.157895 0.078947 0.078947
v 0.131579 0.078947 0.078947
v 0.157895 0.105263 0.078947
v 0.157895 0.105263 0.105263
v 0.157895 0.078947 0.105263
v 0.157895 0.105263 -0.157895
v 0.157895 0.131579 -0.157895
v 0.157895 0.131579 -0.131579
v 0.157895 0.105263 -0.131579
v 0.157895 0.105263 -0.105263
v 0.131579 0.105263 -0.105263
v 0.131579 0.105263 0.105263
v 0.157895 0.105263 0.105263
v 0.157895 0.105263 0.131579
v 0.157895 0.131579 0.131579
v 0.157895 0.131579 0.157895
v 0.157895 0.105263 0.157895
v 0.157895 0.131579 -0.184211
v 0.157895 0.157895 -0.184211
v 0.157895 0.157895 -0.157895
v 0.157895 0.131579 -0.157895
v 0.157895 0.131579 0.157895
v 0.157895 0.157895 0.157895
v 0.157895 0.157895 0.184211
v 0.157895 0.131579 0.184211
v 0.157895 0.184211 -0.184211
v 0.157895 0.184211 -0.157895
v 0.131579 0.184211 -0.157895
v 0.157895 0.184211 0.157895
v 0.157895 0.184211 0.184211
v 0.131579 0.184211 0.157895
v 0.157895 0.210526 -0.157895
v 0.157895 0.184211 -0.157895
v 0.157895 0.184211 0.157895
v 0.157895 0.210526 0.157895
v 0.157895 0.210526 -0.184211
v 0.157895 0.236842 -0.184211
v 0.157895 0.236842 -0.157895
v 0.157895 0.210526 -0.157895
v 0.131579 0.210526 -0.157895
v 0.157895 0.210526 0.157895
v 0.157895 0.236842 0.157895
v 0.157895 0.236842 0.184211
v 0.157895 0.210526 0.184211
v 0.131579 0.210526 0.157895
v 0.157895 0.236842 -0.184211
v 0.157895 0.263158 -0.184211
v 0.157895 0.263158 -0.157895
v 0.157895 0.236842 -0.157895
v 0.157895 0.236842 0.157895
v 0.157895 0.263158 0.157895
v 0.157895 0.263158 0.184211
v 0.157895 0.236842 0.184211
v 0.157895 0.289474 -0.184211
v 0.157895 0.263158 -0.184211
v 0.157895 0.263158 0.184211
v 0.157895 0.289474 0.184211
v 0.157895 0.289474 -0.210526
v 0.157895 0.315789 -0.210526
v 0.157895 0.315789 -0.184211
v 0.157895 0.289474 -0.184211
v 0.131579 0.289474 -0.184211
v 0.157895 0.289474 0.184211
v 0.157895 0.315789 0.184211
v 0.157895 0.315789 0.210526
v 0.157895 0.289474 0.210526
v 0.131579 0.289474 0.184211
v 0.157895 0.342105 -0.184211
v 0.157895 0.342105 -0.157895
v 0.157895 0.315789 -0.157895
v 0.157895 0.315789 0.157895
v 0.157895 0.342105 0.157895
v 0.157895 0.342105 0.184211
v 0.157895 0.342105 -0.210526
v 0.157895 0.368421 -0.210526
v 0.157895 0.368421 -0.184211
v 0.157895 0.342105 -0.184211
v 0.131579 0.368421 -0.184211
v 0.131579 0.342105 -0.184211
v 0.157895 0.342105 0.184211
v 0.157895 0.368421 0.184211
v 0.157895 0.368421 0.210526
v 0.157895 0.342105 0.210526
v 0.131579 0.368421 0.184211
v 0.131579 0.342105 0.184211
v 0.157895 0.368421 -0.184211
v 0.157895 0.394737 -0.184211
v 0.157895 0.394737 -0.157895
v 0.157895 0.368421 -0.157895
v 0.157895 0.368421 0.157895
v 0.157895 0.394737 0.157895
v 0.157895 0.394737 0.184211
v 0.157895 0.368421 0.184211
v 0.157895 0.394737 -0.210526
v 0.157895 0.421053 -0.210526
v 0.157895 0.421053 -0.184211
v 0.157895 0.394737 -0.184211
v 0.131579 0.394737 -0.184211
v 0.157895 0.421053 -0.157895
v 0.157895 0.421053 -0.131579
v 0.157895 0.421053 -0.105263
v 0.157895 0.421053 -0.078947
v 0.157895 0.421053 -0.052632
v 0.157895 0.421053 -0.026316
v 0.157895 0.421053 0.000000
v 0.157895 0.421053 0.026316
v 0.157895 0.421053 0.052632
v 0.157895 0.421053 0.078947
v 0.157895 0.421053 0.105263
v 0.157895 0.421053 0.131579
v 0.157895 0.421053 0.157895
v 0.157895 0.421053 0.184211
v 0.157895 0.394737 0.184211
v 0.157895 0.421053 0.210526
v 0.157895 0.394737 0.210526
v 0.131579 0.394737 0.184211
v 0.157895 0.473684 -0.052632
v 0.157895 0.500000 -0.052632
v 0.157895 0.500000 -0.026316
v 0.157895 0.473684 -0.026316
v 0.157895 0.500000 0.000000
v 0.157895 0.473684 0.000000
v 0.157895 0.500000 0.026316
v 0.157895 0.473684 0.026316
v 0.157895 0.500000 0.052632
v 0.157895 0.473684 0.052632
v 0.157895 0.500000 -0.105263
v 0.157895 0.526316 -0.105263
v 0.157895 0.526316 -0.078947
v 0.157895 0.500000 -0.078947
v 0.157895 0.526316 -0.052632
v 0.157895 0.526316 0.052632
v 0.157895 0.526316 0.078947
v 0.157895 0.500000 0.078947
v 0.157895 0.526316 0.105263
v 0.157895 0.500000 0.105263
v 0.157895 0.526316 -0.131579
v 0.157895 0.552632 -0.131579
v 0.157895 0.552632 -0.105263
v 0.157895 0.526316 -0.105263
v 0.131579 0.526316 -0.105263
v 0.157895 0.526316 0.105263
v 0.157895 0.552632 0.105263
v 0.157895 0.552632 0.131579
v 0.157895 0.526316 0.131579
v 0.131579 0.526316 0.105263
v 0.157895 0.552632 -0.289474
v 0.157895 0.578947 -0.289474
v 0.157895 0.578947 -0.263158
v 0.157895 0.552632 -0.263158
v 0.157895 0.578947 -0.236842
v 0.157895 0.552632 -0.236842
v 0.157895 0.578947 -0.210526
v 0.157895 0.552632 -0.210526
v 0.157895 0.578947 -0.184211
v 0.157895 0.552632 -0.184211
v 0.157895 0.578947 -0.157895
v 0.157895 0.552632 -0.157895
v 0.157895 0.578947 -0.131579
v 0.157895 0.552632 -0.131579
v 0.157895 0.578947 0.157895
v 0.157895 0.578947 0.131579
v 0.157895 0.552632 0.131579
v 0.157895 0.552632 0.157895
v 0.157895 0.578947 0.184211
v 0.157895 0.552632 0.184211
v 0.157895 0.578947 0.210526
v 0.157895 0.552632 0.210526
v 0.157895 0.578947 0.236842
v 0.157895 0.552632 0.236842
v 0.157895 0.578947 0.263158
v 0.157895 0.552632 0.263158
v 0.157895 0.578947 0.289474
v 0.157895 0.552632 0.289474
v 0.157895 0.578947 -0.131579
v 0.157895 0.605263 -0.131579
v 0.157895 0.605263 -0.105263
v 0.157895 0.578947 -0.105263
v 0.157895 0.578947 0.105263
v 0.157895 0.605263 0.105263
v 0.157895 0.605263 0.131579
v 0.157895 0.578947 0.131579
v 0.157895 0.631579 -0.263158
v 0.157895 0.631579 -0.289474
v 0.157895 0.605263 -0.289474
v 0.157895 0.605263 -0.263158
v 0.157895 0.631579 -0.236842
v 0.157895 0.605263 -0.236842
v 0.157895 0.631579 -0.210526
v 0.157895 0.605263 -0.210526
v 0.157895 0.631579 -0.184211
v 0.157895 0.605263 -0.184211
v 0.157895 0.631579 -0.157895
v 0.157895 0.605263 -0.157895
v 0.131579 0.631579 -0.131579
v 0.157895 0.631579 -0.131579
v 0.157895 0.605263 -0.131579
v 0.131579 0.631579 0.131579
v 0.157895 0.631579 0.157895
v 0.157895 0.631579 0.131579
v 0.157895 0.605263 0.131579
v 0.157895 0.605263 0.157895
v 0.157895 0.631579 0.184211
v 0.157895 0.605263 0.184211
v 0.157895 0.631579 0.210526
v 0.157895 0.605263 0.210526
v 0.157895 0.631579 0.236842
v 0.157895 0.605263 0.236842
v 0.157895 0.631579 0.263158
v 0.157895 0.605263 0.263158
v 0.157895 0.631579 0.289474
v 0.157895 0.605263 0.289474
v 0.157895 0.657895 -0.131579
v 0.157895 0.631579 -0.131579
v 0.157895 0.631579 0.131579
v 0.157895 0.657895 0.131579
v 0.157895 0.657895 -0.131579
v 0.157895 0.684211 -0.131579
v 0.157895 0.684211 -0.105263
v 0.157895 0.657895 -0.105263
v 0.131579 0.684211 -0.078947
v 0.157895 0.684211 -0.078947
v 0.131579 0.684211 0.078947
v 0.157895 0.684211 0.105263
v 0.157895 0.684211 0.078947
v 0.157895 0.657895 0.105263
v 0.157895 0.684211 0.131579
v 0.157895 0.657895 0.131579
v 0.157895 0.684211 -0.078947
v 0.157895 0.710526 -0.078947
v 0.157895 0.710526 -0.052632
v 0.157895 0.684211 -0.052632
v 0.157895 0.710526 -0.026316
v 0.157895 0.684211 -0.026316
v 0.157895 0.710526 0.000000
v 0.157895 0.684211 0.000000
v 0.157895 0.710526 0.026316
v 0.157895 0.684211 0.026316
v 0.157895 0.710526 0.052632
v 0.157895 0.684211 0.052632
v 0.157895 0.710526 0.078947
v 0.157895 0.684211 0.078947
v 0.157895 0.842105 -0.078947
v 0.157895 0.868421 -0.078947
v 0.157895 0.868421 -0.052632
v 0.157895 0.842105 -0.052632
v 0.157895 0.868421 -0.026316
v 0.157895 0.842105 -0.026316
v 0.157895 0.842105 0.000000
v 0.157895 0.842105 0.026316
v 0.157895 0.868421 0.052632
v 0.157895 0.868421 0.026316
v 0.157895 0.842105 0.052632
v 0.157895 0.868421 0.078947
v 0.157895 0.842105 0.078947
v 0.131579 0.868421 -0.026316
v 0.131579 0.868421 0.000000
v 0.131579 0.894737 0.000000
v 0.131579 0.894737 -0.026316
v 0.157895 0.894737 -0.026316
v 0.157895 0.868421 -0.026316
v 0.131579 0.868421 0.026316
v 0.131579 0.894737 0.026316
v 0.157895 0.868421 0.026316
v 0.157895 0.894737 0.026316
v 0.157895 0.894737 -0.105263
v 0.157895 0.921053 -0.105263
v 0.157895 0.921053 -0.078947
v 0.157895 0.894737 -0.078947
v 0.157895 0.921053 -0.052632
v 0.157895 0.894737 -0.052632
v 0.157895 0.921053 -0.026316
v 0.157895 0.894737 -0.026316
v 0.157895 0.921053 0.000000
v 0.157895 0.921053 0.026316
v 0.157895 0.921053 0.052632
v 0.157895 0.894737 0.026316
v 0.157895 0.894737 0.052632
v 0.157895 0.921053 0.078947
v 0.157895 0.894737 0.078947
v 0.157895 0.921053 0.105263
v 0.157895 0.894737 0.105263
v 0.184211 0.000000 -0.131579
v 0.184211 0.026316 -0.131579
v 0.184211 0.026316 -0.105263
v 0.184211 0.000000 -0.105263
v 0.184211 0.026316 -0.078947
v 0.184211 0.000000 -0.078947
v 0.184211 0.026316 -0.052632
v 0.184211 0.000000 -0.052632
v 0.157895 0.026316 -0.026316
v 0.184211 0.026316 -0.026316
v 0.184211 0.000000 -0.026316
v 0.157895 0.026316 0.000000
v 0.184211 0.026316 0.000000
v 0.184211 0.000000 0.000000
v 0.157895 0.026316 0.026316
v 0.184211 0.026316 0.026316
v 0.184211 0.000000 0.026316
v 0.184211 0.026316 0.052632
v 0.184211 0.000000 0.052632
v 0.184211 0.026316 0.078947
v 0.184211 0.000000 0.078947
v 0.184211 0.026316 0.105263
v 0.184211 0.000000 0.105263
v 0.184211 0.026316 0.131579
v 0.184211 0.000000 0.131579
v 0.184211 0.078947 -0.078947
v 0.184211 0.105263 -0.078947
v 0.184211 0.105263 -0.052632
v 0.184211 0.078947 -0.052632
v 0.184211 0.105263 -0.026316
v 0.184211 0.078947 -0.026316
v 0.157895 0.078947 -0.026316
v 0.184211 0.105263 0.000000
v 0.184211 0.078947 0.000000
v 0.157895 0.078947 0.000000
v 0.184211 0.105263 0.026316
v 0.184211 0.078947 0.026316
v 0.157895 0.078947 0.026316
v 0.184211 0.105263 0.052632
v 0.184211 0.078947 0.052632
v 0.184211 0.105263 0.078947
v 0.184211 0.078947 0.078947
v 0.184211 0.105263 -0.131579
v 0.184211 0.131579 -0.131579
v 0.184211 0.131579 -0.105263
v 0.184211 0.105263 -0.105263
v 0.184211 0.131579 -0.078947
v 0.184211 0.105263 -0.078947
v 0.157895 0.105263 -0.078947
v 0.184211 0.105263 0.078947
v 0.184211 0.131579 0.078947
v 0.184211 0.131579 0.105263
v 0.184211 0.105263 0.105263
v 0.157895 0.105263 0.078947
v 0.184211 0.131579 0.131579
v 0.184211 0.105263 0.131579
v 0.184211 0.131579 -0.157895
v 0.184211 0.157895 -0.157895
v 0.184211 0.157895 -0.131579
v 0.184211 0.131579 -0.131579
v 0.157895 0.131579 -0.131579
v 0.184211 0.131579 0.131579
v 0.184211 0.157895 0.131579
v 0.184211 0.157895 0.157895
v 0.184211 0.131579 0.157895
v 0.157895 0.131579 0.131579
v 0.184211 0.184211 -0.157895
v 0.184211 0.184211 -0.131579
v 0.184211 0.184211 0.131579
v 0.184211 0.184211 0.157895
v 0.184211 0.184211 -0.157895
v 0.184211 0.210526 -0.157895
v 0.184211 0.210526 -0.131579
v 0.184211 0.184211 -0.131579
v 0.184211 0.184211 0.131579
v 0.184211 0.210526 0.131579
v 0.184211 0.210526 0.157895
v 0.184211 0.184211 0.157895
v 0.184211 0.210526 -0.157895
v 0.184211 0.236842 -0.157895
v 0.184211 0.236842 -0.131579
v 0.184211 0.210526 -0.131579
v 0.184211 0.210526 0.131579
v 0.184211 0.236842 0.131579
v 0.184211 0.236842 0.157895
v 0.184211 0.210526 0.157895
v 0.184211 0.263158 -0.157895
v 0.184211 0.236842 -0.157895
v 0.184211 0.236842 0.157895
v 0.184211 0.263158 0.157895
v 0.184211 0.263158 -0.184211
v 0.184211 0.289474 -0.184211
v 0.184211 0.289474 -0.157895
v 0.184211 0.263158 -0.157895
v 0.157895 0.263158 -0.157895
v 0.184211 0.263158 0.157895
v 0.184211 0.289474 0.157895
v 0.184211 0.289474 0.184211
v 0.184211 0.263158 0.184211
v 0.157895 0.263158 0.157895
v 0.184211 0.289474 -0.184211
v 0.184211 0.315789 -0.184211
v 0.184211 0.315789 -0.157895
v 0.184211 0.289474 -0.157895
v 0.184211 0.289474 0.157895
v 0.184211 0.315789 0.157895
v 0.184211 0.315789 0.184211
v 0.184211 0.289474 0.184211
v 0.184211 0.342105 -0.157895
v 0.184211 0.342105 -0.131579
v 0.184211 0.315789 -0.131579
v 0.184211 0.315789 0.131579
v 0.184211 0.342105 0.131579
v 0.184211 0.342105 0.157895
v 0.184211 0.342105 -0.184211
v 0.184211 0.368421 -0.184211
v 0.184211 0.368421 -0.157895
v 0.184211 0.342105 -0.157895
v 0.157895 0.368421 -0.157895
v 0.157895 0.342105 -0.157895
v 0.184211 0.342105 0.157895
v 0.184211 0.368421 0.157895
v 0.184211 0.368421 0.184211
v 0.184211 0.342105 0.184211
v 0.157895 0.368421 0.157895
v 0.157895 0.342105 0.157895
v 0.184211 0.368421 -0.157895
v 0.184211 0.394737 -0.157895
v 0.184211 0.394737 -0.131579
v 0.184211 0.368421 -0.131579
v 0.184211 0.368421 0.131579
v 0.184211 0.394737 0.131579
v 0.184211 0.394737 0.157895
v 0.184211 0.368421 0.157895
v 0.184211 0.394737 -0.184211
v 0.184211 0.421053 -0.184211
v 0.184211 0.421053 -0.157895
v 0.184211 0.394737 -0.157895
v 0.157895 0.394737 -0.157895
v 0.184211 0.421053 -0.131579
v 0.184211 0.394737 -0.131579
v 0.184211 0.421053 -0.105263
v 0.184211 0.421053 -0.078947
v 0.184211 0.421053 -0.052632
v 0.184211 0.421053 -0.026316
v 0.184211 0.421053 0.000000
v 0.184211 0.421053 0.026316
v 0.184211 0.421053 0.052632
v 0.184211 0.421053 0.078947
v 0.184211 0.421053 0.105263
v 0.184211 0.421053 0.131579
v 0.184211 0.394737 0.131579
v 0.184211 0.421053 0.157895
v 0.184211 0.394737 0.157895
v 0.184211 0.421053 0.184211
v 0.184211 0.394737 0.184211
v 0.157895 0.394737 0.157895
v 0.184211 0.500000 -0.052632
v 0.184211 0.526316 -0.052632
v 0.184211 0.526316 -0.026316
v 0.184211 0.500000 -0.026316
v 0.184211 0.526316 0.000000
v 0.184211 0.500000 0.000000
v 0.184211 0.526316 0.026316
v 0.184211 0.500000 0.026316
v 0.184211 0.526316 0.052632
v 0.184211 0.500000 0.052632
v 0.184211 0.526316 -0.105263
v 0.184211 0.552632 -0.105263
v 0.184211 0.552632 -0.078947
v 0.184211 0.526316 -0.078947
v 0.157895 0.526316 -0.078947
v 0.184211 0.552632 -0.052632
v 0.184211 0.526316 -0.052632
v 0.157895 0.526316 -0.052632
v 0.184211 0.526316 0.052632
v 0.184211 0.552632 0.052632
v 0.184211 0.552632 0.078947
v 0.184211 0.526316 0.078947
v 0.157895 0.526316 0.052632
v 0.157895 0.526316 0.078947
v 0.184211 0.552632 0.105263
v 0.184211 0.526316 0.105263
v 0.184211 0.578947 -0.236842
v 0.184211 0.578947 -0.263158
v 0.184211 0.552632 -0.263158
v 0.184211 0.552632 -0.236842
v 0.184211 0.578947 -0.210526
v 0.184211 0.552632 -0.210526
v 0.184211 0.578947 -0.184211
v 0.184211 0.552632 -0.184211
v 0.184211 0.578947 -0.157895
v 0.184211 0.552632 -0.157895
v 0.184211 0.578947 -0.131579
v 0.184211 0.552632 -0.131579
v 0.157895 0.578947 -0.105263
v 0.184211 0.578947 -0.105263
v 0.184211 0.552632 -0.105263
v 0.157895 0.552632 -0.105263
v 0.157895 0.578947 0.105263
v 0.184211 0.578947 0.131579
v 0.184211 0.578947 0.105263
v 0.157895 0.552632 0.105263
v 0.184211 0.552632 0.105263
v 0.184211 0.552632 0.131579
v 0.184211 0.578947 0.157895
v 0.184211 0.552632 0.157895
v 0.184211 0.578947 0.184211
v 0.184211 0.552632 0.184211
v 0.184211 0.578947 0.210526
v 0.184211 0.552632 0.210526
v 0.184211 0.578947 0.236842
v 0.184211 0.552632 0.236842
v 0.184211 0.578947 0.263158
v 0.184211 0.552632 0.263158
v 0.184211 0.605263 -0.105263
v 0.184211 0.578947 -0.105263
v 0.184211 0.578947 0.105263
v 0.184211 0.605263 0.105263
v 0.184211 0.605263 -0.289474
v 0.184211 0.631579 -0.289474
v 0.184211 0.631579 -0.263158
v 0.184211 0.605263 -0.263158
v 0.184211 0.631579 -0.236842
v 0.184211 0.605263 -0.236842
v 0.184211 0.631579 -0.210526
v 0.184211 0.605263 -0.210526
v 0.184211 0.631579 -0.184211
v 0.184211 0.605263 -0.184211
v 0.184211 0.631579 -0.157895
v 0.184211 0.605263 -0.157895
v 0.184211 0.631579 -0.131579
v 0.184211 0.605263 -0.131579
v 0.184211 0.605263 -0.105263
v 0.157895 0.605263 -0.105263
v 0.157895 0.605263 0.105263
v 0.184211 0.605263 0.105263
v 0.184211 0.605263 0.131579
v 0.184211 0.631579 0.157895
v 0.184211 0.631579 0.131579
v 0.184211 0.605263 0.157895
v 0.184211 0.631579 0.184211
v 0.184211 0.605263 0.184211
v 0.184211 0.631579 0.210526
v 0.184211 0.605263 0.210526
v 0.184211 0.631579 0.236842
v 0.184211 0.605263 0.236842
v 0.184211 0.631579 0.263158
v 0.184211 0.605263 0.263158
v 0.184211 0.631579 0.289474
v 0.184211 0.605263 0.289474
v 0.184211 0.631579 -0.131579
v 0.184211 0.657895 -0.131579
v 0.184211 0.657895 -0.105263
v 0.184211 0.631579 -0.105263
v 0.157895 0.657895 -0.105263
v 0.184211 0.631579 0.105263
v 0.184211 0.657895 0.105263
v 0.184211 0.657895 0.131579
v 0.184211 0.631579 0.131579
v 0.157895 0.657895 0.105263
v 0.184211 0.657895 -0.105263
v 0.184211 0.684211 -0.105263
v 0.184211 0.684211 -0.078947
v 0.184211 0.657895 -0.078947
v 0.157895 0.684211 -0.052632
v 0.184211 0.684211 -0.052632
v 0.157895 0.684211 -0.026316
v 0.184211 0.684211 -0.026316
v 0.157895 0.684211 0.000000
v 0.184211 0.684211 0.000000
v 0.157895 0.684211 0.026316
v 0.184211 0.684211 0.026316
v 0.157895 0.684211 0.052632
v 0.184211 0.684211 0.052632
v 0.184211 0.684211 0.078947
v 0.184211 0.657895 0.078947
v 0.184211 0.684211 0.105263
v 0.184211 0.657895 0.105263
v 0.184211 0.842105 -0.052632
v 0.184211 0.868421 -0.052632
v 0.184211 0.868421 -0.026316
v 0.184211 0.842105 -0.026316
v 0.184211 0.868421 0.000000
v 0.184211 0.842105 0.000000
v 0.184211 0.868421 0.026316
v 0.184211 0.842105 0.026316
v 0.184211 0.868421 0.052632
v 0.184211 0.842105 0.052632
v 0.184211 0.868421 -0.052632
v 0.184211 0.894737 -0.052632
v 0.184211 0.894737 -0.026316
v 0.184211 0.868421 -0.026316
v 0.157895 0.868421 -0.052632
v 0.157895 0.894737 -0.052632
v 0.184211 0.868421 0.026316
v 0.184211 0.894737 0.026316
v 0.184211 0.894737 0.052632
v 0.184211 0.868421 0.052632
v 0.157895 0.868421 0.052632
v 0.157895 0.894737 0.052632
v 0.184211 0.894737 -0.078947
v 0.184211 0.921053 -0.078947
v 0.184211 0.921053 -0.052632
v 0.184211 0.894737 -0.052632
v 0.184211 0.921053 -0.026316
v 0.184211 0.921053 0.000000
v 0.184211 0.921053 0.026316
v 0.184211 0.921053 0.052632
v 0.184211 0.894737 0.052632
v 0.184211 0.921053 0.078947
v 0.184211 0.894737 0.078947
v 0.210526 0.000000 -0.078947
v 0.210526 0.026316 -0.078947
v 0.210526 0.026316 -0.052632
v 0.210526 0.000000 -0.052632
v 0.210526 0.026316 -0.026316
v 0.210526 0.000000 -0.026316
v 0.210526 0.026316 0.000000
v 0.210526 0.000000 0.000000
v 0.210526 0.026316 0.026316
v 0.210526 0.000000 0.026316
v 0.210526 0.026316 0.052632
v 0.210526 0.000000 0.052632
v 0.210526 0.026316 0.078947
v 0.210526 0.000000 0.078947
v 0.210526 0.105263 -0.078947
v 0.210526 0.131579 -0.078947
v 0.210526 0.131579 -0.052632
v 0.210526 0.105263 -0.052632
v 0.184211 0.105263 -0.052632
v 0.210526 0.131579 -0.026316
v 0.210526 0.105263 -0.026316
v 0.184211 0.105263 -0.026316
v 0.210526 0.131579 0.000000
v 0.210526 0.105263 0.000000
v 0.184211 0.105263 0.000000
v 0.210526 0.131579 0.026316
v 0.210526 0.105263 0.026316
v 0.184211 0.105263 0.026316
v 0.210526 0.131579 0.052632
v 0.210526 0.105263 0.052632
v 0.184211 0.105263 0.052632
v 0.210526 0.131579 0.078947
v 0.210526 0.105263 0.078947
v 0.210526 0.131579 -0.131579
v 0.210526 0.157895 -0.131579
v 0.210526 0.157895 -0.105263
v 0.210526 0.131579 -0.105263
v 0.184211 0.131579 -0.105263
v 0.210526 0.157895 -0.078947
v 0.210526 0.131579 -0.078947
v 0.184211 0.131579 -0.078947
v 0.210526 0.131579 0.078947
v 0.210526 0.157895 0.078947
v 0.210526 0.157895 0.105263
v 0.210526 0.131579 0.105263
v 0.184211 0.131579 0.078947
v 0.184211 0.131579 0.105263
v 0.210526 0.157895 0.131579
v 0.210526 0.131579 0.131579
v 0.210526 0.184211 -0.131579
v 0.210526 0.184211 -0.105263
v 0.210526 0.184211 -0.078947
v 0.210526 0.184211 0.078947
v 0.210526 0.184211 0.105263
v 0.210526 0.184211 0.131579
v 0.210526 0.184211 -0.131579
v 0.210526 0.210526 -0.131579
v 0.210526 0.210526 -0.105263
v 0.210526 0.184211 -0.105263
v 0.210526 0.210526 -0.078947
v 0.210526 0.184211 -0.078947
v 0.210526 0.184211 0.078947
v 0.210526 0.210526 0.078947
v 0.210526 0.210526 0.105263
v 0.210526 0.184211 0.105263
v 0.210526 0.210526 0.131579
v 0.210526 0.184211 0.131579
v 0.210526 0.210526 -0.131579
v 0.210526 0.236842 -0.131579
v 0.210526 0.236842 -0.105263
v 0.210526 0.210526 -0.105263
v 0.210526 0.210526 0.105263
v 0.210526 0.236842 0.105263
v 0.210526 0.236842 0.131579
v 0.210526 0.210526 0.131579
v 0.210526 0.236842 -0.157895
v 0.210526 0.263158 -0.157895
v 0.210526 0.263158 -0.131579
v 0.210526 0.236842 -0.131579
v 0.184211 0.236842 -0.131579
v 0.210526 0.236842 0.131579
v 0.210526 0.263158 0.131579
v 0.210526 0.263158 0.157895
v 0.210526 0.236842 0.157895
v 0.184211 0.236842 0.131579
v 0.210526 0.263158 -0.157895
v 0.210526 0.289474 -0.157895
v 0.210526 0.289474 -0.131579
v 0.210526 0.263158 -0.131579
v 0.210526 0.263158 0.131579
v 0.210526 0.289474 0.131579
v 0.210526 0.289474 0.157895
v 0.210526 0.263158 0.157895
v 0.210526 0.289474 -0.157895
v 0.210526 0.315789 -0.157895
v 0.210526 0.315789 -0.131579
v 0.210526 0.289474 -0.131579
v 0.210526 0.289474 0.131579
v 0.210526 0.315789 0.131579
v 0.210526 0.315789 0.157895
v 0.210526 0.289474 0.157895
v 0.210526 0.342105 -0.131579
v 0.210526 0.342105 -0.105263
v 0.210526 0.315789 -0.105263
v 0.210526 0.342105 -0.078947
v 0.210526 0.315789 -0.078947
v 0.210526 0.315789 0.078947
v 0.210526 0.342105 0.078947
v 0.210526 0.342105 0.105263
v 0.210526 0.315789 0.105263
v 0.210526 0.342105 0.131579
v 0.210526 0.342105 -0.157895
v 0.210526 0.368421 -0.157895
v 0.210526 0.368421 -0.131579
v 0.210526 0.342105 -0.131579
v 0.184211 0.368421 -0.131579
v 0.184211 0.342105 -0.131579
v 0.210526 0.342105 0.131579
v 0.210526 0.368421 0.131579
v 0.210526 0.368421 0.157895
v 0.210526 0.342105 0.157895
v 0.184211 0.368421 0.131579
v 0.184211 0.342105 0.131579
v 0.210526 0.368421 -0.131579
v 0.210526 0.394737 -0.131579
v 0.210526 0.394737 -0.105263
v 0.210526 0.368421 -0.105263
v 0.210526 0.394737 -0.078947
v 0.210526 0.368421 -0.078947
v 0.210526 0.368421 0.078947
v 0.210526 0.394737 0.078947
v 0.210526 0.394737 0.105263
v 0.210526 0.368421 0.105263
v 0.210526 0.394737 0.131579
v 0.210526 0.368421 0.131579
v 0.210526 0.394737 -0.131579
v 0.210526 0.421053 -0.131579
v 0.210526 0.421053 -0.105263
v 0.210526 0.394737 -0.105263
v 0.210526 0.421053 -0.078947
v 0.210526 0.394737 -0.078947
v 0.210526 0.421053 -0.052632
v 0.210526 0.421053 -0.026316
v 0.210526 0.421053 0.000000
v 0.210526 0.421053 0.026316
v 0.210526 0.421053 0.052632
v 0.210526 0.421053 0.078947
v 0.210526 0.394737 0.078947
v 0.210526 0.421053 0.105263
v 0.210526 0.394737 0.105263
v 0.210526 0.421053 0.131579
v 0.210526 0.394737 0.131579
v 0.210526 0.526316 -0.052632
v 0.210526 0.552632 -0.052632
v 0.210526 0.552632 -0.026316
v 0.210526 0.526316 -0.026316
v 0.184211 0.526316 -0.026316
v 0.210526 0.552632 0.000000
v 0.210526 0.526316 0.000000
v 0.184211 0.526316 0.000000
v 0.210526 0.552632 0.026316
v 0.210526 0.526316 0.026316
v 0.184211 0.526316 0.026316
v 0.210526 0.552632 0.052632
v 0.210526 0.526316 0.052632
v 0.210526 0.552632 -0.263158
v 0.210526 0.578947 -0.263158
v 0.210526 0.578947 -0.236842
v 0.210526 0.552632 -0.236842
v 0.210526 0.578947 -0.210526
v 0.210526 0.552632 -0.210526
v 0.210526 0.578947 -0.184211
v 0.210526 0.552632 -0.184211
v 0.210526 0.578947 -0.157895
v 0.210526 0.552632 -0.157895
v 0.210526 0.578947 -0.131579
v 0.210526 0.552632 -0.131579
v 0.210526 0.578947 -0.105263
v 0.210526 0.552632 -0.105263
v 0.210526 0.552632 -0.078947
v 0.184211 0.552632 -0.078947
v 0.210526 0.552632 -0.052632
v 0.184211 0.552632 -0.052632
v 0.184211 0.552632 0.052632
v 0.210526 0.552632 0.052632
v 0.210526 0.552632 0.078947
v 0.184211 0.552632 0.078947
v 0.210526 0.552632 0.105263
v 0.210526 0.578947 0.131579
v 0.210526 0.578947 0.105263
v 0.210526 0.552632 0.131579
v 0.210526 0.578947 0.157895
v 0.210526 0.552632 0.157895
v 0.210526 0.578947 0.184211
v 0.210526 0.552632 0.184211
v 0.210526 0.578947 0.210526
v 0.210526 0.552632 0.210526
v 0.210526 0.578947 0.236842
v 0.210526 0.552632 0.236842
v 0.210526 0.578947 0.263158
v 0.210526 0.552632 0.263158
v 0.210526 0.578947 -0.105263
v 0.210526 0.605263 -0.105263
v 0.210526 0.605263 -0.078947
v 0.210526 0.578947 -0.078947
v 0.210526 0.605263 -0.052632
v 0.210526 0.578947 -0.052632
v 0.210526 0.578947 0.052632
v 0.210526 0.605263 0.052632
v 0.210526 0.605263 0.078947
v 0.210526 0.578947 0.078947
v 0.210526 0.605263 0.105263
v 0.210526 0.578947 0.105263
v 0.210526 0.631579 -0.236842
v 0.210526 0.631579 -0.263158
v 0.210526 0.605263 -0.263158
v 0.210526 0.605263 -0.236842
v 0.210526 0.631579 -0.210526
v 0.210526 0.605263 -0.210526
v 0.210526 0.631579 -0.184211
v 0.210526 0.605263 -0.184211
v 0.210526 0.631579 -0.157895
v 0.210526 0.605263 -0.157895
v 0.210526 0.631579 -0.131579
v 0.210526 0.605263 -0.131579
v 0.184211 0.631579 -0.105263
v 0.210526 0.631579 -0.105263
v 0.210526 0.605263 -0.105263
v 0.184211 0.631579 0.105263
v 0.210526 0.631579 0.131579
v 0.210526 0.631579 0.105263
v 0.210526 0.605263 0.105263
v 0.210526 0.605263 0.131579
v 0.210526 0.631579 0.157895
v 0.210526 0.605263 0.157895
v 0.210526 0.631579 0.184211
v 0.210526 0.605263 0.184211
v 0.210526 0.631579 0.210526
v 0.210526 0.605263 0.210526
v 0.210526 0.631579 0.236842
v 0.210526 0.605263 0.236842
v 0.210526 0.631579 0.263158
v 0.210526 0.605263 0.263158
v 0.210526 0.631579 -0.105263
v 0.210526 0.657895 -0.105263
v 0.210526 0.657895 -0.078947
v 0.210526 0.631579 -0.078947
v 0.184211 0.657895 -0.078947
v 0.210526 0.657895 -0.052632
v 0.210526 0.631579 -0.052632
v 0.210526 0.631579 0.052632
v 0.210526 0.657895 0.052632
v 0.210526 0.657895 0.078947
v 0.210526 0.631579 0.078947
v 0.210526 0.657895 0.105263
v 0.210526 0.631579 0.105263
v 0.184211 0.657895 0.078947
v 0.210526 0.657895 -0.078947
v 0.210526 0.684211 -0.078947
v 0.210526 0.684211 -0.052632
v 0.210526 0.657895 -0.052632
v 0.210526 0.684211 -0.026316
v 0.210526 0.657895 -0.026316
v 0.210526 0.684211 0.000000
v 0.210526 0.657895 0.000000
v 0.210526 0.684211 0.026316
v 0.210526 0.657895 0.026316
v 0.210526 0.684211 0.052632
v 0.210526 0.657895 0.052632
v 0.210526 0.684211 0.078947
v 0.210526 0.657895 0.078947
v 0.210526 0.868421 -0.026316
v 0.210526 0.894737 -0.026316
v 0.210526 0.894737 0.000000
v 0.210526 0.868421 0.000000
v 0.184211 0.868421 0.000000
v 0.210526 0.894737 0.026316
v 0.210526 0.868421 0.026316
v 0.210526 0.894737 -0.052632
v 0.210526 0.921053 -0.052632
v 0.210526 0.921053 -0.026316
v 0.210526 0.894737 -0.026316
v 0.184211 0.894737 -0.026316
v 0.210526 0.921053 0.000000
v 0.210526 0.894737 0.000000
v 0.210526 0.921053 0.026316
v 0.210526 0.894737 0.026316
v 0.210526 0.921053 0.052632
v 0.210526 0.894737 0.052632
v 0.184211 0.894737 0.026316
v 0.236842 0.131579 -0.078947
v 0.236842 0.157895 -0.078947
v 0.236842 0.157895 -0.052632
v 0.236842 0.131579 -0.052632
v 0.210526 0.131579 -0.052632
v 0.236842 0.157895 -0.026316
v 0.236842 0.131579 -0.026316
v 0.210526 0.131579 -0.026316
v 0.236842 0.157895 0.000000
v 0.236842 0.131579 0.000000
v 0.210526 0.131579 0.000000
v 0.236842 0.157895 0.026316
v 0.236842 0.131579 0.026316
v 0.210526 0.131579 0.026316
v 0.236842 0.157895 0.052632
v 0.236842 0.131579 0.052632
v 0.210526 0.131579 0.052632
v 0.236842 0.157895 0.078947
v 0.236842 0.131579 0.078947
v 0.236842 0.184211 -0.078947
v 0.236842 0.184211 -0.052632
v 0.236842 0.184211 -0.026316
v 0.236842 0.184211 0.000000
v 0.236842 0.184211 0.026316
v 0.236842 0.184211 0.052632
v 0.236842 0.184211 0.078947
v 0.236842 0.184211 -0.078947
v 0.236842 0.210526 -0.078947
v 0.236842 0.210526 -0.052632
v 0.236842 0.184211 -0.052632
v 0.236842 0.210526 -0.026316
v 0.236842 0.184211 -0.026316
v 0.236842 0.210526 0.000000
v 0.236842 0.184211 0.000000
v 0.236842 0.210526 0.026316
v 0.236842 0.184211 0.026316
v 0.236842 0.210526 0.052632
v 0.236842 0.184211 0.052632
v 0.236842 0.210526 0.078947
v 0.236842 0.184211 0.078947
v 0.236842 0.210526 -0.105263
v 0.236842 0.236842 -0.105263
v 0.236842 0.236842 -0.078947
v 0.236842 0.210526 -0.078947
v 0.210526 0.210526 -0.078947
v 0.236842 0.210526 0.078947
v 0.236842 0.236842 0.078947
v 0.236842 0.236842 0.105263
v 0.236842 0.210526 0.105263
v 0.210526 0.210526 0.078947
v 0.236842 0.236842 -0.131579
v 0.236842 0.263158 -0.131579
v 0.236842 0.263158 -0.105263
v 0.236842 0.236842 -0.105263
v 0.210526 0.236842 -0.105263
v 0.236842 0.263158 -0.078947
v 0.236842 0.236842 -0.078947
v 0.236842 0.236842 0.078947
v 0.236842 0.263158 0.078947
v 0.236842 0.263158 0.105263
v 0.236842 0.236842 0.105263
v 0.236842 0.263158 0.131579
v 0.236842 0.236842 0.131579
v 0.210526 0.236842 0.105263
v 0.236842 0.263158 -0.131579
v 0.236842 0.289474 -0.131579
v 0.236842 0.289474 -0.105263
v 0.236842 0.263158 -0.105263
v 0.236842 0.289474 -0.078947
v 0.236842 0.263158 -0.078947
v 0.236842 0.263158 0.078947
v 0.236842 0.289474 0.078947
v 0.236842 0.289474 0.105263
v 0.236842 0.263158 0.105263
v 0.236842 0.289474 0.131579
v 0.236842 0.263158 0.131579
v 0.236842 0.289474 -0.131579
v 0.236842 0.315789 -0.131579
v 0.236842 0.315789 -0.105263
v 0.236842 0.289474 -0.105263
v 0.236842 0.315789 -0.078947
v 0.236842 0.289474 -0.078947
v 0.236842 0.289474 0.078947
v 0.236842 0.315789 0.078947
v 0.236842 0.315789 0.105263
v 0.236842 0.289474 0.105263
v 0.236842 0.315789 0.131579
v 0.236842 0.289474 0.131579
v 0.236842 0.342105 -0.078947
v 0.236842 0.342105 -0.052632
v 0.236842 0.315789 -0.052632
v 0.236842 0.342105 -0.026316
v 0.236842 0.315789 -0.026316
v 0.236842 0.342105 0.000000
v 0.236842 0.315789 0.000000
v 0.236842 0.342105 0.026316
v 0.236842 0.315789 0.026316
v 0.236842 0.342105 0.052632
v 0.236842 0.315789 0.052632
v 0.236842 0.342105 0.078947
v 0.236842 0.342105 -0.131579
v 0.236842 0.368421 -0.131579
v 0.236842 0.368421 -0.105263
v 0.236842 0.342105 -0.105263
v 0.210526 0.368421 -0.105263
v 0.210526 0.342105 -0.105263
v 0.236842 0.368421 -0.078947
v 0.236842 0.342105 -0.078947
v 0.210526 0.368421 -0.078947
v 0.210526 0.342105 -0.078947
v 0.236842 0.342105 0.078947
v 0.236842 0.368421 0.078947
v 0.236842 0.368421 0.105263
v 0.236842 0.342105 0.105263
v 0.210526 0.368421 0.078947
v 0.210526 0.368421 0.105263
v 0.210526 0.342105 0.078947
v 0.210526 0.342105 0.105263
v 0.236842 0.368421 0.131579
v 0.236842 0.342105 0.131579
v 0.236842 0.368421 -0.078947
v 0.236842 0.394737 -0.078947
v 0.236842 0.394737 -0.052632
v 0.236842 0.368421 -0.052632
v 0.236842 0.394737 -0.026316
v 0.236842 0.368421 -0.026316
v 0.236842 0.394737 0.000000
v 0.236842 0.368421 0.000000
v 0.236842 0.394737 0.026316
v 0.236842 0.368421 0.026316
v 0.236842 0.394737 0.052632
v 0.236842 0.368421 0.052632
v 0.236842 0.394737 0.078947
v 0.236842 0.368421 0.078947
v 0.236842 0.394737 -0.078947
v 0.236842 0.421053 -0.078947
v 0.236842 0.421053 -0.052632
v 0.236842 0.394737 -0.052632
v 0.236842 0.421053 -0.026316
v 0.236842 0.394737 -0.026316
v 0.236842 0.421053 0.000000
v 0.236842 0.394737 0.000000
v 0.236842 0.421053 0.026316
v 0.236842 0.394737 0.026316
v 0.236842 0.421053 0.052632
v 0.236842 0.394737 0.052632
v 0.236842 0.421053 0.078947
v 0.236842 0.394737 0.078947
v 0.236842 0.578947 -0.210526
v 0.236842 0.578947 -0.236842
v 0.236842 0.552632 -0.236842
v 0.236842 0.552632 -0.210526
v 0.236842 0.578947 -0.184211
v 0.236842 0.552632 -0.184211
v 0.236842 0.578947 -0.157895
v 0.236842 0.552632 -0.157895
v 0.236842 0.578947 -0.131579
v 0.236842 0.552632 -0.131579
v 0.236842 0.578947 -0.105263
v 0.236842 0.552632 -0.105263
v 0.210526 0.578947 -0.078947
v 0.236842 0.578947 -0.078947
v 0.236842 0.552632 -0.078947
v 0.210526 0.578947 -0.052632
v 0.236842 0.578947 -0.052632
v 0.236842 0.552632 -0.052632
v 0.236842 0.552632 -0.026316
v 0.210526 0.552632 -0.026316
v 0.236842 0.552632 0.000000
v 0.210526 0.552632 0.000000
v 0.236842 0.552632 0.026316
v 0.210526 0.552632 0.026316
v 0.236842 0.552632 0.052632
v 0.210526 0.578947 0.052632
v 0.210526 0.578947 0.078947
v 0.236842 0.578947 0.078947
v 0.236842 0.578947 0.052632
v 0.236842 0.552632 0.078947
v 0.236842 0.578947 0.105263
v 0.236842 0.552632 0.105263
v 0.236842 0.578947 0.131579
v 0.236842 0.552632 0.131579
v 0.236842 0.578947 0.157895
v 0.236842 0.552632 0.157895
v 0.236842 0.578947 0.184211
v 0.236842 0.552632 0.184211
v 0.236842 0.578947 0.210526
v 0.236842 0.552632 0.210526
v 0.236842 0.578947 0.236842
v 0.236842 0.552632 0.236842
v 0.236842 0.578947 -0.052632
v 0.236842 0.605263 -0.052632
v 0.236842 0.605263 -0.026316
v 0.236842 0.578947 -0.026316
v 0.236842 0.605263 0.000000
v 0.236842 0.578947 0.000000
v 0.236842 0.605263 0.026316
v 0.236842 0.578947 0.026316
v 0.236842 0.605263 0.052632
v 0.236842 0.578947 0.052632
v 0.236842 0.605263 -0.263158
v 0.236842 0.631579 -0.263158
v 0.236842 0.631579 -0.236842
v 0.236842 0.605263 -0.236842
v 0.236842 0.631579 -0.210526
v 0.236842 0.605263 -0.210526
v 0.236842 0.631579 -0.184211
v 0.236842 0.605263 -0.184211
v 0.236842 0.631579 -0.157895
v 0.236842 0.605263 -0.157895
v 0.236842 0.631579 -0.131579
v 0.236842 0.605263 -0.131579
v 0.236842 0.631579 -0.105263
v 0.236842 0.605263 -0.105263
v 0.210526 0.631579 -0.078947
v 0.236842 0.631579 -0.078947
v 0.236842 0.605263 -0.078947
v 0.210526 0.605263 -0.078947
v 0.210526 0.631579 -0.052632
v 0.236842 0.631579 -0.052632
v 0.236842 0.605263 -0.052632
v 0.210526 0.605263 -0.052632
v 0.210526 0.631579 0.052632
v 0.210526 0.631579 0.078947
v 0.236842 0.631579 0.078947
v 0.236842 0.631579 0.052632
v 0.210526 0.605263 0.052632
v 0.236842 0.605263 0.052632
v 0.236842 0.605263 0.078947
v 0.210526 0.605263 0.078947
v 0.236842 0.631579 0.105263
v 0.236842 0.605263 0.105263
v 0.236842 0.631579 0.131579
v 0.236842 0.605263 0.131579
v 0.236842 0.631579 0.157895
v 0.236842 0.605263 0.157895
v 0.236842 0.631579 0.184211
v 0.236842 0.605263 0.184211
v 0.236842 0.631579 0.210526
v 0.236842 0.605263 0.210526
v 0.236842 0.631579 0.236842
v 0.236842 0.605263 0.236842
v 0.236842 0.631579 0.263158
v 0.236842 0.605263 0.263158
v 0.236842 0.631579 -0.052632
v 0.236842 0.657895 -0.052632
v 0.236842 0.657895 -0.026316
v 0.236842 0.631579 -0.026316
v 0.210526 0.657895 -0.026316
v 0.236842 0.657895 0.000000
v 0.236842 0.631579 0.000000
v 0.210526 0.657895 0.000000
v 0.236842 0.657895 0.026316
v 0.236842 0.631579 0.026316
v 0.210526 0.657895 0.026316
v 0.236842 0.657895 0.052632
v 0.236842 0.631579 0.052632
v 0.263158 0.210526 -0.078947
v 0.263158 0.236842 -0.078947
v 0.263158 0.236842 -0.052632
v 0.263158 0.210526 -0.052632
v 0.236842 0.210526 -0.052632
v 0.263158 0.236842 -0.026316
v 0.263158 0.210526 -0.026316
v 0.236842 0.210526 -0.026316
v 0.263158 0.236842 0.000000
v 0.263158 0.210526 0.000000
v 0.236842 0.210526 0.000000
v 0.263158 0.236842 0.026316
v 0.263158 0.210526 0.026316
v 0.236842 0.210526 0.026316
v 0.263158 0.236842 0.052632
v 0.263158 0.210526 0.052632
v 0.236842 0.210526 0.052632
v 0.263158 0.236842 0.078947
v 0.263158 0.210526 0.078947
v 0.263158 0.236842 -0.078947
v 0.263158 0.263158 -0.078947
v 0.263158 0.263158 -0.052632
v 0.263158 0.236842 -0.052632
v 0.263158 0.263158 -0.026316
v 0.263158 0.236842 -0.026316
v 0.263158 0.263158 0.000000
v 0.263158 0.236842 0.000000
v 0.263158 0.263158 0.026316
v 0.263158 0.236842 0.026316
v 0.263158 0.263158 0.052632
v 0.263158 0.236842 0.052632
v 0.263158 0.263158 0.078947
v 0.263158 0.236842 0.078947
v 0.263158 0.263158 -0.078947
v 0.263158 0.289474 -0.078947
v 0.263158 0.289474 -0.052632
v 0.263158 0.263158 -0.052632
v 0.263158 0.289474 -0.026316
v 0.263158 0.263158 -0.026316
v 0.263158 0.289474 0.000000
v 0.263158 0.263158 0.000000
v 0.263158 0.289474 0.026316
v 0.263158 0.263158 0.026316
v 0.263158 0.289474 0.052632
v 0.263158 0.263158 0.052632
v 0.263158 0.289474 0.078947
v 0.263158 0.263158 0.078947
v 0.263158 0.289474 -0.078947
v 0.263158 0.315789 -0.078947
v 0.263158 0.315789 -0.052632
v 0.263158 0.289474 -0.052632
v 0.263158 0.315789 -0.026316
v 0.263158 0.289474 -0.026316
v 0.263158 0.315789 0.000000
v 0.263158 0.289474 0.000000
v 0.263158 0.315789 0.026316
v 0.263158 0.289474 0.026316
v 0.263158 0.315789 0.052632
v 0.263158 0.289474 0.052632
v 0.263158 0.315789 0.078947
v 0.263158 0.289474 0.078947
v 0.263158 0.342105 -0.078947
v 0.263158 0.368421 -0.078947
v 0.263158 0.368421 -0.052632
v 0.263158 0.342105 -0.052632
v 0.236842 0.368421 -0.052632
v 0.236842 0.342105 -0.052632
v 0.263158 0.368421 -0.026316
v 0.263158 0.342105 -0.026316
v 0.236842 0.368421 -0.026316
v 0.236842 0.342105 -0.026316
v 0.263158 0.368421 0.000000
v 0.263158 0.342105 0.000000
v 0.236842 0.368421 0.000000
v 0.236842 0.342105 0.000000
v 0.263158 0.368421 0.026316
v 0.263158 0.342105 0.026316
v 0.236842 0.368421 0.026316
v 0.236842 0.342105 0.026316
v 0.263158 0.368421 0.052632
v 0.263158 0.342105 0.052632
v 0.236842 0.368421 0.052632
v 0.236842 0.342105 0.052632
v 0.263158 0.368421 0.078947
v 0.263158 0.342105 0.078947
v 0.263158 0.552632 -0.236842
v 0.263158 0.578947 -0.236842
v 0.263158 0.578947 -0.210526
v 0.263158 0.552632 -0.210526
v 0.263158 0.578947 -0.184211
v 0.263158 0.552632 -0.184211
v 0.263158 0.578947 -0.157895
v 0.263158 0.552632 -0.157895
v 0.263158 0.578947 -0.131579
v 0.263158 0.552632 -0.131579
v 0.263158 0.578947 -0.105263
v 0.263158 0.552632 -0.105263
v 0.263158 0.578947 -0.078947
v 0.263158 0.552632 -0.078947
v 0.263158 0.578947 -0.052632
v 0.263158 0.552632 -0.052632
v 0.236842 0.578947 -0.026316
v 0.263158 0.578947 -0.026316
v 0.263158 0.552632 -0.026316
v 0.236842 0.578947 0.000000
v 0.263158 0.578947 0.000000
v 0.263158 0.552632 0.000000
v 0.236842 0.578947 0.026316
v 0.263158 0.578947 0.026316
v 0.263158 0.552632 0.026316
v 0.263158 0.578947 0.052632
v 0.263158 0.552632 0.052632
v 0.263158 0.578947 0.078947
v 0.263158 0.552632 0.078947
v 0.263158 0.578947 0.105263
v 0.263158 0.552632 0.105263
v 0.263158 0.578947 0.131579
v 0.263158 0.552632 0.131579
v 0.263158 0.578947 0.157895
v 0.263158 0.552632 0.157895
v 0.263158 0.578947 0.184211
v 0.263158 0.552632 0.184211
v 0.263158 0.578947 0.210526
v 0.263158 0.552632 0.210526
v 0.263158 0.578947 0.236842
v 0.263158 0.552632 0.236842
v 0.263158 0.605263 -0.236842
v 0.263158 0.631579 -0.236842
v 0.263158 0.631579 -0.210526
v 0.263158 0.605263 -0.210526
v 0.263158 0.631579 -0.184211
v 0.263158 0.605263 -0.184211
v 0.263158 0.631579 -0.157895
v 0.263158 0.605263 -0.157895
v 0.263158 0.631579 -0.131579
v 0.263158 0.605263 -0.131579
v 0.263158 0.631579 -0.105263
v 0.263158 0.605263 -0.105263
v 0.263158 0.631579 -0.078947
v 0.263158 0.605263 -0.078947
v 0.263158 0.631579 -0.052632
v 0.263158 0.605263 -0.052632
v 0.236842 0.631579 -0.026316
v 0.263158 0.631579 -0.026316
v 0.263158 0.605263 -0.026316
v 0.236842 0.605263 -0.026316
v 0.236842 0.631579 0.000000
v 0.263158 0.631579 0.000000
v 0.263158 0.605263 0.000000
v 0.236842 0.605263 0.000000
v 0.236842 0.631579 0.026316
v 0.263158 0.631579 0.026316
v 0.263158 0.605263 0.026316
v 0.236842 0.605263 0.026316
v 0.263158 0.631579 0.052632
v 0.263158 0.605263 0.052632
v 0.263158 0.631579 0.078947
v 0.263158 0.605263 0.078947
v 0.263158 0.631579 0.105263
v 0.263158 0.605263 0.105263
v 0.263158 0.631579 0.131579
v 0.263158 0.605263 0.131579
v 0.263158 0.631579 0.157895
v 0.263158 0.605263 0.157895
v 0.263158 0.631579 0.184211
v 0.263158 0.605263 0.184211
v 0.263158 0.631579 0.210526
v 0.263158 0.605263 0.210526
v 0.263158 0.631579 0.236842
v 0.263158 0.605263 0.236842
v 0.289474 0.552632 -0.210526
v 0.289474 0.578947 -0.210526
v 0.289474 0.578947 -0.184211
v 0.289474 0.552632 -0.184211
v 0.289474 0.578947 -0.157895
v 0.289474 0.552632 -0.157895
v 0.289474 0.578947 -0.131579
v 0.289474 0.552632 -0.131579
v 0.289474 0.578947 -0.105263
v 0.289474 0.552632 -0.105263
v 0.289474 0.578947 -0.078947
v 0.289474 0.552632 -0.078947
v 0.289474 0.578947 -0.052632
v 0.289474 0.552632 -0.052632
v 0.289474 0.578947 -0.026316
v 0.289474 0.552632 -0.026316
v 0.289474 0.578947 0.000000
v 0.289474 0.552632 0.000000
v 0.289474 0.578947 0.026316
v 0.289474 0.552632 0.026316
v 0.289474 0.578947 0.052632
v 0.289474 0.552632 0.052632
v 0.289474 0.578947 0.078947
v 0.289474 0.552632 0.078947
v 0.289474 0.578947 0.105263
v 0.289474 0.552632 0.105263
v 0.289474 0.578947 0.131579
v 0.289474 0.552632 0.131579
v 0.289474 0.578947 0.157895
v 0.289474 0.552632 0.157895
v 0.289474 0.578947 0.184211
v 0.289474 0.552632 0.184211
v 0.289474 0.578947 0.210526
v 0.289474 0.552632 0.210526
v 0.289474 0.605263 -0.210526
v 0.289474 0.631579 -0.210526
v 0.289474 0.631579 -0.184211
v 0.289474 0.605263 -0.184211
v 0.289474 0.631579 -0.157895
v 0.289474 0.605263 -0.157895
v 0.289474 0.631579 -0.131579
v 0.289474 0.605263 -0.131579
v 0.289474 0.631579 -0.105263
v 0.289474 0.605263 -0.105263
v 0.289474 0.631579 -0.078947
v 0.289474 0.605263 -0.078947
v 0.289474 0.631579 -0.052632
v 0.289474 0.605263 -0.052632
v 0.289474 0.631579 -0.026316
v 0.289474 0.605263 -0.026316
v 0.289474 0.631579 0.000000
v 0.289474 0.605263 0.000000
v 0.289474 0.631579 0.026316
v 0.289474 0.605263 0.026316
v 0.289474 0.631579 0.052632
v 0.289474 0.605263 0.052632
v 0.289474 0.631579 0.078947
v 0.289474 0.605263 0.078947
v 0.289474 0.631579 0.105263
v 0.289474 0.605263 0.105263
v 0.289474 0.631579 0.131579
v 0.289474 0.605263 0.131579
v 0.289474 0.631579 0.157895
v 0.289474 0.605263 0.157895
v 0.289474 0.631579 0.184211
v 0.289474 0.605263 0.184211
v 0.289474 0.631579 0.210526
v 0.289474 0.605263 0.210526
v 0.315789 0.552632 -0.184211
v 0.315789 0.578947 -0.184211
v 0.315789 0.578947 -0.157895
v 0.315789 0.552632 -0.157895
v 0.315789 0.578947 -0.131579
v 0.315789 0.552632 -0.131579
v 0.315789 0.578947 -0.105263
v 0.315789 0.552632 -0.105263
v 0.315789 0.578947 -0.078947
v 0.315789 0.552632 -0.078947
v 0.315789 0.578947 -0.052632
v 0.315789 0.552632 -0.052632
v 0.315789 0.578947 -0.026316
v 0.315789 0.552632 -0.026316
v 0.315789 0.578947 0.000000
v 0.315789 0.552632 0.000000
v 0.315789 0.578947 0.026316
v 0.315789 0.552632 0.026316
v 0.315789 0.578947 0.052632
v 0.315789 0.552632 0.052632
v 0.315789 0.578947 0.078947
v 0.315789 0.552632 0.078947
v 0.315789 0.578947 0.105263
v 0.315789 0.552632 0.105263
v 0.315789 0.578947 0.131579
v 0.315789 0.552632 0.131579
v 0.315789 0.578947 0.157895
v 0.315789 0.552632 0.157895
v 0.315789 0.578947 0.184211
v 0.315789 0.552632 0.184211
v 0.315789 0.605263 -0.184211
v 0.315789 0.631579 -0.184211
v 0.315789 0.631579 -0.157895
v 0.315789 0.605263 -0.157895
v 0.315789 0.631579 -0.131579
v 0.315789 0.605263 -0.131579
v 0.315789 0.631579 -0.105263
v 0.315789 0.605263 -0.105263
v 0.315789 0.631579 -0.078947
v 0.315789 0.605263 -0.078947
v 0.315789 0.631579 -0.052632
v 0.315789 0.605263 -0.052632
v 0.315789 0.631579 -0.026316
v 0.315789 0.605263 -0.026316
v 0.315789 0.631579 0.000000
v 0.315789 0.605263 0.000000
v 0.315789 0.631579 0.026316
v 0.315789 0.605263 0.026316
v 0.315789 0.631579 0.052632
v 0.315789 0.605263 0.052632
v 0.315789 0.631579 0.078947
v 0.315789 0.605263 0.078947
v 0.315789 0.631579 0.105263
v 0.315789 0.605263 0.105263
v 0.315789 0.631579 0.131579
v 0.315789 0.605263 0.131579
v 0.315789 0.631579 0.157895
v 0.315789 0.605263 0.157895
v 0.315789 0.631579 0.184211
v 0.315789 0.605263 0.184211
v 0.342105 0.552632 -0.131579
v 0.342105 0.578947 -0.131579
v 0.342105 0.578947 -0.105263
v 0.342105 0.552632 -0.105263
v 0.342105 0.578947 -0.078947
v 0.342105 0.552632 -0.078947
v 0.342105 0.578947 -0.052632
v 0.342105 0.552632 -0.052632
v 0.342105 0.578947 -0.026316
v 0.342105 0.552632 -0.026316
v 0.342105 0.578947 0.000000
v 0.342105 0.552632 0.000000
v 0.342105 0.578947 0.026316
v 0.342105 0.552632 0.026316
v 0.342105 0.578947 0.052632
v 0.342105 0.552632 0.052632
v 0.342105 0.578947 0.078947
v 0.342105 0.552632 0.078947
v 0.342105 0.578947 0.105263
v 0.342105 0.552632 0.105263
v 0.342105 0.578947 0.131579
v 0.342105 0.552632 0.131579
v 0.342105 0.605263 -0.157895
v 0.342105 0.631579 -0.157895
v 0.342105 0.631579 -0.131579
v 0.342105 0.605263 -0.131579
v 0.342105 0.631579 -0.105263
v 0.342105 0.605263 -0.105263
v 0.342105 0.631579 -0.078947
v 0.342105 0.605263 -0.078947
v 0.342105 0.631579 -0.052632
v 0.342105 0.605263 -0.052632
v 0.342105 0.631579 -0.026316
v 0.342105 0.605263 -0.026316
v 0.342105 0.631579 0.000000
v 0.342105 0.605263 0.000000
v 0.342105 0.631579 0.026316
v 0.342105 0.605263 0.026316
v 0.342105 0.631579 0.052632
v 0.342105 0.605263 0.052632
v 0.342105 0.631579 0.078947
v 0.342105 0.605263 0.078947
v 0.342105 0.631579 0.105263
v 0.342105 0.605263 0.105263
v 0.342105 0.631579 0.131579
v 0.342105 0.605263 0.131579
v 0.342105 0.631579 0.157895
v 0.342105 0.605263 0.157895
v 0.368421 0.552632 -0.078947
v 0.368421 0.578947 -0.078947
v 0.368421 0.578947 -0.052632
v 0.368421 0.552632 -0.052632
v 0.368421 0.578947 -0.026316
v 0.368421 0.552632 -0.026316
v 0.368421 0.578947 0.000000
v 0.368421 0.552632 0.000000
v 0.368421 0.578947 0.026316
v 0.368421 0.552632 0.026316
v 0.368421 0.578947 0.052632
v 0.368421 0.552632 0.052632
v 0.368421 0.578947 0.078947
v 0.368421 0.552632 0.078947
v 0.368421 0.605263 -0.078947
v 0.368421 0.631579 -0.078947
v 0.368421 0.631579 -0.052632
v 0.368421 0.605263 -0.052632
v 0.368421 0.631579 -0.026316
v 0.368421 0.605263 -0.026316
v 0.368421 0.631579 0.000000
v 0.368421 0.605263 0.000000
v 0.368421 0.631579 0.026316
v 0.368421 0.605263 0.026316
v 0.368421 0.631579 0.052632
v 0.368421 0.605263 0.052632
v 0.368421 0.631579 0.078947
v 0.368421 0.605263 0.078947
vt 0.268219 0.394737
vt 0.268219 0.394737
vt 0.268219 0.421053
vt 0.268219 0.421053
vt 0.268219 0.421053
vt 0.268219 0.421053
vt 0.268219 0.394737
vt 0.268219 0.394737
vt 0.268219 0.394737
vt 0.268219 0.421053
vt 0.268219 0.421053
vt 0.268219 0.394737
vt 0.268219 0.394737
vt 0.268219 0.421053
vt 0.268219 0.421053
vt 0.268219 0.394737
vt 0.268219 0.394737
vt 0.268219 0.421053
vt 0.268219 0.421053
vt 0.268219 0.394737
vt 0.268219 0.394737
vt 0.268219 0.421053
vt 0.268219 0.421053
vt 0.268219 0.394737
vt 0.268219 0.394737
vt 0.268219 0.421053
vt 0.268219 0.421053
vt 0.268219 0.394737
vt 0.268219 0.394737
vt 0.268219 0.421053
vt 0.268219 0.421053
vt 0.268219 0.394737
vt 0.268219 0.394737
vt 0.268219 0.421053
vt 0.268219 0.421053
vt 0.268219 0.394737
vt 0.268219 0.394737
vt 0.268219 0.394737
vt 0.268219 0.421053
vt 0.268219 0.421053
vt 0.268219 0.421053
vt 0.268219 0.421053
vt 0.268219 0.394737
vt 0.268219 0.394737
vt 0.268219 0.421053
vt 0.268219 0.394737
vt 0.268219 0.421053
vt 0.268219 0.394737
vt 0.268219 0.421053
vt 0.268219 0.394737
vt 0.268219 0.421053
vt 0.268219 0.394737
vt 0.268219 0.421053
vt 0.268219 0.394737
vt 0.268219 0.421053
vt 0.268219 0.394737
vt 0.268219 0.421053
vt 0.268219 0.394737
vt 0.268219 0.421053
vt 0.268219 0.394737
vt 0.268219 0.421053
vt 0.268219 0.394737
vt 0.268219 0.394737
vt 0.268219 0.421053
vt 0.268219 0.421053
vt 0.268219 0.394737
vt 0.268219 0.394737
vt 0.268219 0.421053
vt 0.268219 0.421053
vt 0.268219 0.394737
vt 0.231908 0.368421
vt 0.231908 0.368421
vt 0.231908 0.394737
vt 0.231908 0.394737
vt 0.231908 0.368421
vt 0.231908 0.368421
vt 0.231908 0.394737
vt 0.231908 0.368421
vt 0.231908 0.394737
vt 0.231908 0.368421
vt 0.231908 0.394737
vt 0.268219 0.394737
vt 0.268219 0.421053
vt 0.268219 0.421053
vt 0.268219 0.421053
vt 0.268219 0.394737
vt 0.268219 0.394737
vt 0.268219 0.421053
vt 0.268219 0.394737
vt 0.268219 0.421053
vt 0.268219 0.394737
vt 0.268219 0.421053
vt 0.268219 0.394737
vt 0.268219 0.421053
vt 0.268219 0.394737
vt 0.268219 0.421053
vt 0.268219 0.394737
vt 0.268219 0.421053
vt 0.268219 0.421053
vt 0.268219 0.421053
vt 0.268219 0.394737
vt 0.268219 0.394737
vt 0.268219 0.421053
vt 0.268219 0.394737
vt 0.268219 0.421053
vt 0.268219 0.394737
vt 0.268219 0.421053
vt 0.268219 0.394737
vt 0.268219 0.421053
vt 0.268219 0.394737
vt 0.268219 0.394737
vt 0.268219 0.421053
vt 0.268219 0.421053
vt 0.268219 0.394737
vt 0.302632 0.605263
vt 0.302632 0.605263
vt 0.302632 0.631579
vt 0.302632 0.631579
vt 0.302632 0.631579
vt 0.302632 0.631579
vt 0.302632 0.605263
vt 0.302632 0.605263
vt 0.302632 0.605263
vt 0.302632 0.631579
vt 0.302632 0.631579
vt 0.302632 0.605263
vt 0.302632 0.605263
vt 0.302632 0.631579
vt 0.302632 0.631579
vt 0.302632 0.605263
vt 0.302632 0.605263
vt 0.302632 0.631579
vt 0.302632 0.631579
vt 0.302632 0.605263
vt 0.302632 0.605263
vt 0.302632 0.631579
vt 0.302632 0.631579
vt 0.302632 0.605263
vt 0.302632 0.605263
vt 0.302632 0.631579
vt 0.302632 0.631579
vt 0.302632 0.605263
vt 0.210526 0.000000
vt 0.210526 0.000000
vt 0.210526 0.026316
vt 0.210526 0.026316
vt 0.210526 0.026316
vt 0.210526 0.026316
vt 0.210526 0.000000
vt 0.210526 0.000000
vt 0.210526 0.000000
vt 0.210526 0.026316
vt 0.210526 0.026316
vt 0.210526 0.000000
vt 0.210526 0.000000
vt 0.210526 0.026316
vt 0.210526 0.026316
vt 0.210526 0.000000
vt 0.210526 0.000000
vt 0.210526 0.026316
vt 0.210526 0.026316
vt 0.210526 0.000000
vt 0.210526 0.000000
vt 0.210526 0.026316
vt 0.210526 0.026316
vt 0.210526 0.000000
vt 0.210526 0.000000
vt 0.210526 0.026316
vt 0.210526 0.026316
vt 0.210526 0.000000
vt 0.223684 0.315789
vt 0.223684 0.315789
vt 0.223684 0.342105
vt 0.223684 0.342105
vt 0.223684 0.315789
vt 0.223684 0.315789
vt 0.223684 0.342105
vt 0.223684 0.315789
vt 0.223684 0.342105
vt 0.223684 0.315789
vt 0.223684 0.315789
vt 0.223684 0.342105
vt 0.223684 0.315789
vt 0.223684 0.315789
vt 0.223684 0.342105
vt 0.223684 0.315789
vt 0.223684 0.315789
vt 0.223684 0.342105
vt 0.223684 0.315789
vt 0.223684 0.315789
vt 0.223684 0.342105
vt 0.223684 0.315789
vt 0.223684 0.342105
vt 0.236842 0.342105
vt 0.236842 0.342105
vt 0.236842 0.368421
vt 0.236842 0.368421
vt 0.236842 0.368421
vt 0.236842 0.342105
vt 0.236842 0.342105
vt 0.236842 0.368421
vt 0.236842 0.342105
vt 0.236842 0.368421
vt 0.236842 0.342105
vt 0.236842 0.368421
vt 0.236842 0.342105
vt 0.236842 0.368421
vt 0.236842 0.342105
vt 0.236842 0.368421
vt 0.236842 0.342105
vt 0.236842 0.368421
vt 0.231908 0.368421
vt 0.231908 0.368421
vt 0.231908 0.394737
vt 0.231908 0.394737
vt 0.231908 0.368421
vt 0.231908 0.368421
vt 0.231908 0.394737
vt 0.231908 0.368421
vt 0.231908 0.394737
vt 0.231908 0.368421
vt 0.231908 0.394737
vt 0.231908 0.368421
vt 0.231908 0.394737
vt 0.231908 0.368421
vt 0.231908 0.394737
vt 0.231908 0.368421
vt 0.231908 0.368421
vt 0.231908 0.394737
vt 0.268219 0.394737
vt 0.268219 0.421053
vt 0.268219 0.421053
vt 0.268219 0.421053
vt 0.268219 0.394737
vt 0.268219 0.394737
vt 0.268219 0.421053
vt 0.268219 0.394737
vt 0.268219 0.421053
vt 0.268219 0.394737
vt 0.268219 0.421053
vt 0.268219 0.394737
vt 0.268219 0.421053
vt 0.268219 0.421053
vt 0.268219 0.421053
vt 0.268219 0.421053
vt 0.268219 0.421053
vt 0.268219 0.421053
vt 0.268219 0.394737
vt 0.268219 0.394737
vt 0.268219 0.421053
vt 0.268219 0.394737
vt 0.268219 0.421053
vt 0.268219 0.394737
vt 0.268219 0.394737
vt 0.268219 0.421053
vt 0.268219 0.421053
vt 0.268219 0.394737
vt 0.144737 0.421053
vt 0.144737 0.421053
vt 0.144737 0.447368
vt 0.144737 0.447368
vt 0.144737 0.447368
vt 0.144737 0.447368
vt 0.144737 0.421053
vt 0.144737 0.421053
vt 0.144737 0.447368
vt 0.144737 0.447368
vt 0.144737 0.421053
vt 0.144737 0.447368
vt 0.144737 0.447368
vt 0.144737 0.421053
vt 0.144737 0.447368
vt 0.144737 0.447368
vt 0.144737 0.421053
vt 0.288278 0.552632
vt 0.288278 0.552632
vt 0.288278 0.578947
vt 0.288278 0.578947
vt 0.288278 0.578947
vt 0.288278 0.578947
vt 0.288278 0.552632
vt 0.288278 0.552632
vt 0.288278 0.552632
vt 0.288278 0.578947
vt 0.288278 0.578947
vt 0.288278 0.552632
vt 0.288278 0.552632
vt 0.288278 0.578947
vt 0.288278 0.578947
vt 0.288278 0.552632
vt 0.288278 0.552632
vt 0.288278 0.578947
vt 0.288278 0.578947
vt 0.288278 0.552632
vt 0.288278 0.552632
vt 0.288278 0.578947
vt 0.288278 0.578947
vt 0.288278 0.552632
vt 0.288278 0.552632
vt 0.288278 0.578947
vt 0.288278 0.578947
vt 0.288278 0.552632
vt 0.302632 0.605263
vt 0.302632 0.605263
vt 0.302632 0.631579
vt 0.302632 0.631579
vt 0.302632 0.631579
vt 0.302632 0.631579
vt 0.302632 0.605263
vt 0.302632 0.605263
vt 0.302632 0.605263
vt 0.302632 0.631579
vt 0.302632 0.631579
vt 0.302632 0.605263
vt 0.302632 0.631579
vt 0.302632 0.605263
vt 0.302632 0.631579
vt 0.302632 0.605263
vt 0.302632 0.631579
vt 0.302632 0.605263
vt 0.302632 0.631579
vt 0.302632 0.605263
vt 0.302632 0.631579
vt 0.302632 0.605263
vt 0.302632 0.631579
vt 0.302632 0.605263
vt 0.302632 0.631579
vt 0.302632 0.605263
vt 0.302632 0.605263
vt 0.302632 0.631579
vt 0.302632 0.631579
vt 0.302632 0.605263
vt 0.302632 0.605263
vt 0.302632 0.631579
vt 0.302632 0.631579
vt 0.302632 0.605263
vt 0.302632 0.605263
vt 0.302632 0.631579
vt 0.302632 0.631579
vt 0.302632 0.605263
vt 0.092105 0.710526
vt 0.092105 0.710526
vt 0.092105 0.736842
vt 0.092105 0.736842
vt 0.092105 0.710526
vt 0.092105 0.710526
vt 0.092105 0.736842
vt 0.092105 0.710526
vt 0.092105 0.736842
vt 0.092105 0.710526
vt 0.092105 0.710526
vt 0.092105 0.736842
vt 0.092105 0.710526
vt 0.092105 0.710526
vt 0.092105 0.736842
vt 0.092105 0.710526
vt 0.092105 0.736842
vt 0.081579 0.736842
vt 0.081579 0.736842
vt 0.081579 0.763158
vt 0.081579 0.763158
vt 0.081579 0.763158
vt 0.081579 0.763158
vt 0.081579 0.736842
vt 0.081579 0.736842
vt 0.081579 0.763158
vt 0.081579 0.763158
vt 0.081579 0.736842
vt 0.081579 0.763158
vt 0.081579 0.763158
vt 0.081579 0.736842
vt 0.081579 0.763158
vt 0.081579 0.763158
vt 0.081579 0.736842
vt 0.210526 0.000000
vt 0.210526 0.000000
vt 0.210526 0.026316
vt 0.210526 0.026316
vt 0.210526 0.026316
vt 0.210526 0.026316
vt 0.210526 0.000000
vt 0.210526 0.000000
vt 0.210526 0.026316
vt 0.210526 0.000000
vt 0.210526 0.026316
vt 0.210526 0.000000
vt 0.210526 0.026316
vt 0.210526 0.000000
vt 0.210526 0.026316
vt 0.210526 0.000000
vt 0.210526 0.026316
vt 0.210526 0.000000
vt 0.210526 0.026316
vt 0.210526 0.000000
vt 0.210526 0.026316
vt 0.210526 0.000000
vt 0.210526 0.000000
vt 0.210526 0.026316
vt 0.210526 0.026316
vt 0.210526 0.000000
vt 0.210526 0.000000
vt 0.210526 0.026316
vt 0.210526 0.026316
vt 0.210526 0.000000
vt 0.197368 0.105263
vt 0.197368 0.105263
vt 0.197368 0.131579
vt 0.197368 0.131579
vt 0.197368 0.105263
vt 0.197368 0.105263
vt 0.197368 0.131579
vt 0.197368 0.105263
vt 0.197368 0.131579
vt 0.197368 0.105263
vt 0.197368 0.105263
vt 0.197368 0.131579
vt 0.197368 0.105263
vt 0.197368 0.105263
vt 0.197368 0.131579
vt 0.197368 0.105263
vt 0.197368 0.105263
vt 0.197368 0.131579
vt 0.197368 0.105263
vt 0.197368 0.105263
vt 0.197368 0.131579
vt 0.197368 0.105263
vt 0.197368 0.131579
vt 0.210526 0.131579
vt 0.210526 0.131579
vt 0.210526 0.157895
vt 0.210526 0.157895
vt 0.210526 0.157895
vt 0.210526 0.131579
vt 0.210526 0.131579
vt 0.210526 0.157895
vt 0.210526 0.131579
vt 0.210526 0.157895
vt 0.210526 0.131579
vt 0.210526 0.157895
vt 0.210526 0.131579
vt 0.210526 0.157895
vt 0.210526 0.131579
vt 0.210526 0.157895
vt 0.210526 0.131579
vt 0.210526 0.157895
vt 0.210526 0.184211
vt 0.210526 0.184211
vt 0.210526 0.184211
vt 0.210526 0.184211
vt 0.210526 0.184211
vt 0.210526 0.184211
vt 0.210526 0.184211
vt 0.210526 0.184211
vt 0.210526 0.184211
vt 0.210526 0.184211
vt 0.210526 0.184211
vt 0.210526 0.184211
vt 0.210526 0.184211
vt 0.210526 0.184211
vt 0.223684 0.289474
vt 0.223684 0.289474
vt 0.223684 0.289474
vt 0.223684 0.289474
vt 0.223684 0.315789
vt 0.223684 0.289474
vt 0.223684 0.289474
vt 0.223684 0.289474
vt 0.223684 0.289474
vt 0.223684 0.289474
vt 0.223684 0.289474
vt 0.223684 0.289474
vt 0.223684 0.289474
vt 0.223684 0.289474
vt 0.223684 0.289474
vt 0.223684 0.315789
vt 0.223684 0.315789
vt 0.223684 0.315789
vt 0.223684 0.342105
vt 0.223684 0.342105
vt 0.223684 0.315789
vt 0.223684 0.315789
vt 0.223684 0.342105
vt 0.223684 0.315789
vt 0.223684 0.342105
vt 0.223684 0.315789
vt 0.223684 0.315789
vt 0.223684 0.342105
vt 0.223684 0.315789
vt 0.223684 0.342105
vt 0.236842 0.342105
vt 0.236842 0.342105
vt 0.236842 0.368421
vt 0.236842 0.368421
vt 0.236842 0.368421
vt 0.236842 0.342105
vt 0.236842 0.342105
vt 0.236842 0.368421
vt 0.236842 0.342105
vt 0.236842 0.368421
vt 0.236842 0.342105
vt 0.236842 0.368421
vt 0.231908 0.368421
vt 0.231908 0.368421
vt 0.231908 0.394737
vt 0.231908 0.394737
vt 0.231908 0.368421
vt 0.231908 0.368421
vt 0.231908 0.394737
vt 0.231908 0.368421
vt 0.231908 0.394737
vt 0.231908 0.368421
vt 0.231908 0.394737
vt 0.231908 0.368421
vt 0.231908 0.368421
vt 0.231908 0.394737
vt 0.268219 0.394737
vt 0.268219 0.421053
vt 0.268219 0.421053
vt 0.268219 0.421053
vt 0.268219 0.394737
vt 0.268219 0.394737
vt 0.268219 0.421053
vt 0.268219 0.394737
vt 0.268219 0.421053
vt 0.268219 0.394737
vt 0.268219 0.421053
vt 0.268219 0.421053
vt 0.268219 0.421053
vt 0.268219 0.421053
vt 0.268219 0.421053
vt 0.268219 0.421053
vt 0.268219 0.394737
vt 0.268219 0.394737
vt 0.268219 0.421053
vt 0.268219 0.394737
vt 0.268219 0.394737
vt 0.268219 0.421053
vt 0.268219 0.421053
vt 0.268219 0.394737
vt 0.144737 0.421053
vt 0.144737 0.421053
vt 0.144737 0.447368
vt 0.144737 0.447368
vt 0.144737 0.447368
vt 0.144737 0.447368
vt 0.144737 0.421053
vt 0.144737 0.447368
vt 0.144737 0.421053
vt 0.144737 0.447368
vt 0.144737 0.447368
vt 0.144737 0.447368
vt 0.144737 0.421053
vt 0.144737 0.447368
vt 0.144737 0.447368
vt 0.144737 0.421053
vt 0.157895 0.447368
vt 0.157895 0.447368
vt 0.157895 0.473684
vt 0.157895 0.473684
vt 0.157895 0.473684
vt 0.157895 0.473684
vt 0.157895 0.447368
vt 0.157895 0.447368
vt 0.157895 0.473684
vt 0.157895 0.473684
vt 0.157895 0.447368
vt 0.157895 0.473684
vt 0.157895 0.473684
vt 0.157895 0.447368
vt 0.157895 0.473684
vt 0.157895 0.473684
vt 0.157895 0.447368
vt 0.288278 0.552632
vt 0.288278 0.552632
vt 0.288278 0.578947
vt 0.288278 0.578947
vt 0.288278 0.578947
vt 0.288278 0.578947
vt 0.288278 0.552632
vt 0.288278 0.552632
vt 0.288278 0.552632
vt 0.288278 0.578947
vt 0.288278 0.578947
vt 0.288278 0.552632
vt 0.288278 0.578947
vt 0.288278 0.552632
vt 0.288278 0.578947
vt 0.288278 0.552632
vt 0.288278 0.578947
vt 0.288278 0.552632
vt 0.288278 0.578947
vt 0.288278 0.552632
vt 0.288278 0.578947
vt 0.288278 0.552632
vt 0.288278 0.578947
vt 0.288278 0.552632
vt 0.288278 0.578947
vt 0.288278 0.552632
vt 0.288278 0.552632
vt 0.288278 0.578947
vt 0.288278 0.578947
vt 0.288278 0.552632
vt 0.288278 0.552632
vt 0.288278 0.578947
vt 0.288278 0.578947
vt 0.288278 0.552632
vt 0.288278 0.552632
vt 0.288278 0.578947
vt 0.288278 0.578947
vt 0.288278 0.552632
vt 0.302632 0.605263
vt 0.302632 0.631579
vt 0.302632 0.631579
vt 0.302632 0.631579
vt 0.302632 0.605263
vt 0.302632 0.605263
vt 0.302632 0.631579
vt 0.302632 0.605263
vt 0.302632 0.631579
vt 0.302632 0.605263
vt 0.302632 0.631579
vt 0.302632 0.605263
vt 0.302632 0.631579
vt 0.302632 0.605263
vt 0.302632 0.631579
vt 0.302632 0.605263
vt 0.302632 0.631579
vt 0.302632 0.605263
vt 0.302632 0.631579
vt 0.302632 0.605263
vt 0.302632 0.631579
vt 0.302632 0.605263
vt 0.302632 0.631579
vt 0.302632 0.605263
vt 0.302632 0.631579
vt 0.302632 0.605263
vt 0.302632 0.631579
vt 0.302632 0.605263
vt 0.302632 0.631579
vt 0.302632 0.605263
vt 0.302632 0.605263
vt 0.302632 0.631579
vt 0.302632 0.631579
vt 0.302632 0.605263
vt 0.171053 0.684211
vt 0.171053 0.684211
vt 0.171053 0.710526
vt 0.171053 0.710526
vt 0.171053 0.684211
vt 0.171053 0.684211
vt 0.171053 0.710526
vt 0.171053 0.684211
vt 0.171053 0.710526
vt 0.171053 0.684211
vt 0.171053 0.684211
vt 0.171053 0.710526
vt 0.171053 0.684211
vt 0.171053 0.684211
vt 0.171053 0.710526
vt 0.171053 0.684211
vt 0.171053 0.684211
vt 0.171053 0.710526
vt 0.171053 0.684211
vt 0.171053 0.684211
vt 0.171053 0.710526
vt 0.171053 0.684211
vt 0.171053 0.710526
vt 0.092105 0.710526
vt 0.092105 0.736842
vt 0.092105 0.736842
vt 0.092105 0.710526
vt 0.092105 0.710526
vt 0.092105 0.736842
vt 0.092105 0.710526
vt 0.092105 0.736842
vt 0.081579 0.736842
vt 0.081579 0.763158
vt 0.081579 0.763158
vt 0.081579 0.763158
vt 0.081579 0.736842
vt 0.081579 0.763158
vt 0.081579 0.763158
vt 0.081579 0.763158
vt 0.081579 0.736842
vt 0.081579 0.763158
vt 0.081579 0.763158
vt 0.081579 0.736842
vt 0.026316 0.763158
vt 0.026316 0.763158
vt 0.026316 0.789474
vt 0.026316 0.789474
vt 0.026316 0.789474
vt 0.026316 0.789474
vt 0.026316 0.763158
vt 0.026316 0.763158
vt 0.026316 0.789474
vt 0.026316 0.789474
vt 0.026316 0.763158
vt 0.210526 0.000000
vt 0.210526 0.026316
vt 0.210526 0.026316
vt 0.210526 0.026316
vt 0.210526 0.000000
vt 0.210526 0.000000
vt 0.210526 0.026316
vt 0.210526 0.000000
vt 0.210526 0.026316
vt 0.210526 0.000000
vt 0.210526 0.026316
vt 0.210526 0.000000
vt 0.210526 0.000000
vt 0.210526 0.000000
vt 0.210526 0.000000
vt 0.210526 0.000000
vt 0.210526 0.026316
vt 0.210526 0.026316
vt 0.210526 0.000000
vt 0.210526 0.026316
vt 0.210526 0.000000
vt 0.210526 0.026316
vt 0.210526 0.000000
vt 0.210526 0.000000
vt 0.210526 0.026316
vt 0.210526 0.026316
vt 0.210526 0.000000
vt 0.157895 0.026316
vt 0.157895 0.026316
vt 0.157895 0.052632
vt 0.157895 0.052632
vt 0.157895 0.052632
vt 0.157895 0.026316
vt 0.157895 0.026316
vt 0.157895 0.052632
vt 0.157895 0.026316
vt 0.157895 0.052632
vt 0.157895 0.026316
vt 0.157895 0.052632
vt 0.157895 0.026316
vt 0.157895 0.052632
vt 0.157895 0.078947
vt 0.157895 0.078947
vt 0.157895 0.078947
vt 0.157895 0.078947
vt 0.157895 0.078947
vt 0.157895 0.078947
vt 0.157895 0.078947
vt 0.171053 0.078947
vt 0.171053 0.078947
vt 0.171053 0.105263
vt 0.171053 0.105263
vt 0.171053 0.078947
vt 0.171053 0.078947
vt 0.171053 0.105263
vt 0.171053 0.078947
vt 0.171053 0.105263
vt 0.171053 0.078947
vt 0.171053 0.105263
vt 0.171053 0.078947
vt 0.171053 0.105263
vt 0.171053 0.078947
vt 0.171053 0.105263
vt 0.171053 0.078947
vt 0.171053 0.105263
vt 0.171053 0.078947
vt 0.171053 0.078947
vt 0.171053 0.105263
vt 0.197368 0.105263
vt 0.197368 0.105263
vt 0.197368 0.131579
vt 0.197368 0.131579
vt 0.197368 0.105263
vt 0.197368 0.105263
vt 0.197368 0.131579
vt 0.197368 0.105263
vt 0.197368 0.105263
vt 0.197368 0.131579
vt 0.197368 0.105263
vt 0.197368 0.105263
vt 0.197368 0.105263
vt 0.197368 0.131579
vt 0.197368 0.105263
vt 0.197368 0.131579
vt 0.210526 0.131579
vt 0.210526 0.131579
vt 0.210526 0.157895
vt 0.210526 0.157895
vt 0.210526 0.157895
vt 0.210526 0.131579
vt 0.210526 0.131579
vt 0.210526 0.157895
vt 0.210526 0.131579
vt 0.210526 0.157895
vt 0.210526 0.131579
vt 0.210526 0.157895
vt 0.210526 0.184211
vt 0.210526 0.184211
vt 0.210526 0.184211
vt 0.210526 0.184211
vt 0.210526 0.184211
vt 0.210526 0.184211
vt 0.210526 0.184211
vt 0.210526 0.184211
vt 0.210526 0.184211
vt 0.210526 0.184211
vt 0.197368 0.184211
vt 0.197368 0.184211
vt 0.197368 0.210526
vt 0.197368 0.210526
vt 0.197368 0.210526
vt 0.197368 0.210526
vt 0.197368 0.184211
vt 0.197368 0.184211
vt 0.197368 0.210526
vt 0.197368 0.210526
vt 0.197368 0.184211
vt 0.197368 0.210526
vt 0.197368 0.210526
vt 0.197368 0.184211
vt 0.197368 0.210526
vt 0.197368 0.210526
vt 0.197368 0.184211
vt 0.197368 0.210526
vt 0.197368 0.210526
vt 0.197368 0.184211
vt 0.197368 0.210526
vt 0.197368 0.210526
vt 0.197368 0.184211
vt 0.210526 0.263158
vt 0.210526 0.263158
vt 0.210526 0.289474
vt 0.210526 0.289474
vt 0.210526 0.263158
vt 0.210526 0.263158
vt 0.210526 0.289474
vt 0.210526 0.263158
vt 0.210526 0.289474
vt 0.210526 0.263158
vt 0.210526 0.263158
vt 0.210526 0.289474
vt 0.210526 0.263158
vt 0.210526 0.263158
vt 0.210526 0.289474
vt 0.210526 0.263158
vt 0.210526 0.263158
vt 0.210526 0.289474
vt 0.210526 0.263158
vt 0.210526 0.263158
vt 0.210526 0.289474
vt 0.210526 0.263158
vt 0.210526 0.289474
vt 0.223684 0.289474
vt 0.223684 0.289474
vt 0.223684 0.289474
vt 0.223684 0.289474
vt 0.223684 0.315789
vt 0.223684 0.289474
vt 0.223684 0.289474
vt 0.223684 0.289474
vt 0.223684 0.289474
vt 0.223684 0.289474
vt 0.223684 0.289474
vt 0.223684 0.315789
vt 0.223684 0.315789
vt 0.223684 0.342105
vt 0.223684 0.315789
vt 0.223684 0.342105
vt 0.223684 0.315789
vt 0.223684 0.342105
vt 0.223684 0.315789
vt 0.223684 0.342105
vt 0.236842 0.342105
vt 0.236842 0.368421
vt 0.236842 0.368421
vt 0.236842 0.342105
vt 0.236842 0.342105
vt 0.236842 0.368421
vt 0.236842 0.342105
vt 0.236842 0.368421
vt 0.231908 0.368421
vt 0.231908 0.394737
vt 0.231908 0.368421
vt 0.231908 0.368421
vt 0.231908 0.394737
vt 0.231908 0.368421
vt 0.231908 0.394737
vt 0.231908 0.368421
vt 0.231908 0.368421
vt 0.231908 0.394737
vt 0.268219 0.421053
vt 0.268219 0.421053
vt 0.268219 0.394737
vt 0.268219 0.394737
vt 0.268219 0.421053
vt 0.268219 0.394737
vt 0.268219 0.421053
vt 0.268219 0.421053
vt 0.268219 0.421053
vt 0.268219 0.421053
vt 0.268219 0.421053
vt 0.268219 0.421053
vt 0.268219 0.394737
vt 0.268219 0.394737
vt 0.268219 0.421053
vt 0.268219 0.394737
vt 0.144737 0.421053
vt 0.144737 0.447368
vt 0.144737 0.447368
vt 0.144737 0.447368
vt 0.144737 0.421053
vt 0.144737 0.421053
vt 0.144737 0.447368
vt 0.144737 0.447368
vt 0.144737 0.447368
vt 0.144737 0.421053
vt 0.157895 0.447368
vt 0.157895 0.447368
vt 0.157895 0.473684
vt 0.157895 0.473684
vt 0.157895 0.473684
vt 0.157895 0.473684
vt 0.157895 0.447368
vt 0.157895 0.473684
vt 0.157895 0.447368
vt 0.157895 0.473684
vt 0.157895 0.473684
vt 0.157895 0.473684
vt 0.157895 0.447368
vt 0.157895 0.473684
vt 0.157895 0.473684
vt 0.157895 0.447368
vt 0.157895 0.500000
vt 0.157895 0.500000
vt 0.157895 0.500000
vt 0.157895 0.500000
vt 0.157895 0.500000
vt 0.157895 0.500000
vt 0.157895 0.500000
vt 0.157895 0.500000
vt 0.157895 0.500000
vt 0.157895 0.500000
vt 0.288278 0.552632
vt 0.288278 0.578947
vt 0.288278 0.578947
vt 0.288278 0.578947
vt 0.288278 0.552632
vt 0.288278 0.552632
vt 0.288278 0.578947
vt 0.288278 0.552632
vt 0.288278 0.578947
vt 0.288278 0.552632
vt 0.288278 0.578947
vt 0.288278 0.552632
vt 0.288278 0.578947
vt 0.288278 0.552632
vt 0.288278 0.578947
vt 0.288278 0.552632
vt 0.288278 0.578947
vt 0.288278 0.552632
vt 0.288278 0.578947
vt 0.288278 0.552632
vt 0.288278 0.578947
vt 0.288278 0.552632
vt 0.288278 0.578947
vt 0.288278 0.552632
vt 0.288278 0.578947
vt 0.288278 0.552632
vt 0.288278 0.578947
vt 0.288278 0.552632
vt 0.288278 0.578947
vt 0.288278 0.552632
vt 0.288278 0.552632
vt 0.288278 0.578947
vt 0.288278 0.578947
vt 0.288278 0.552632
vt 0.302632 0.605263
vt 0.302632 0.631579
vt 0.302632 0.631579
vt 0.302632 0.631579
vt 0.302632 0.605263
vt 0.302632 0.605263
vt 0.302632 0.631579
vt 0.302632 0.605263
vt 0.302632 0.631579
vt 0.302632 0.605263
vt 0.302632 0.631579
vt 0.302632 0.605263
vt 0.302632 0.631579
vt 0.302632 0.605263
vt 0.302632 0.631579
vt 0.302632 0.605263
vt 0.302632 0.631579
vt 0.302632 0.605263
vt 0.302632 0.631579
vt 0.302632 0.605263
vt 0.302632 0.631579
vt 0.302632 0.605263
vt 0.302632 0.631579
vt 0.302632 0.605263
vt 0.302632 0.631579
vt 0.302632 0.605263
vt 0.302632 0.631579
vt 0.302632 0.605263
vt 0.302632 0.631579
vt 0.302632 0.605263
vt 0.302632 0.631579
vt 0.302632 0.605263
vt 0.302632 0.631579
vt 0.302632 0.605263
vt 0.302632 0.605263
vt 0.302632 0.631579
vt 0.302632 0.631579
vt 0.302632 0.605263
vt 0.184211 0.657895
vt 0.184211 0.657895
vt 0.184211 0.684211
vt 0.184211 0.684211
vt 0.184211 0.657895
vt 0.184211 0.657895
vt 0.184211 0.684211
vt 0.184211 0.657895
vt 0.184211 0.684211
vt 0.184211 0.657895
vt 0.184211 0.657895
vt 0.184211 0.684211
vt 0.184211 0.657895
vt 0.184211 0.657895
vt 0.184211 0.684211
vt 0.184211 0.657895
vt 0.184211 0.657895
vt 0.184211 0.684211
vt 0.184211 0.657895
vt 0.184211 0.657895
vt 0.184211 0.684211
vt 0.184211 0.657895
vt 0.184211 0.684211
vt 0.171053 0.684211
vt 0.171053 0.710526
vt 0.171053 0.710526
vt 0.171053 0.710526
vt 0.171053 0.684211
vt 0.171053 0.684211
vt 0.171053 0.684211
vt 0.171053 0.710526
vt 0.171053 0.710526
vt 0.171053 0.710526
vt 0.171053 0.684211
vt 0.171053 0.684211
vt 0.092105 0.736842
vt 0.092105 0.710526
vt 0.092105 0.710526
vt 0.092105 0.736842
vt 0.081579 0.763158
vt 0.081579 0.763158
vt 0.081579 0.736842
vt 0.081579 0.763158
vt 0.081579 0.763158
vt 0.081579 0.763158
vt 0.081579 0.763158
vt 0.081579 0.736842
vt 0.026316 0.763158
vt 0.026316 0.789474
vt 0.026316 0.789474
vt 0.026316 0.763158
vt 0.026316 0.789474
vt 0.026316 0.763158
vt 0.026316 0.815789
vt 0.026316 0.815789
vt 0.026316 0.815789
vt 0.026316 0.815789
vt 0.026316 0.815789
vt 0.128947 0.815789
vt 0.128947 0.815789
vt 0.128947 0.842105
vt 0.128947 0.842105
vt 0.128947 0.842105
vt 0.128947 0.842105
vt 0.128947 0.815789
vt 0.128947 0.815789
vt 0.128947 0.815789
vt 0.128947 0.842105
vt 0.128947 0.842105
vt 0.128947 0.815789
vt 0.128947 0.842105
vt 0.128947 0.842105
vt 0.128947 0.815789
vt 0.128947 0.842105
vt 0.128947 0.842105
vt 0.128947 0.815789
vt 0.128947 0.815789
vt 0.210526 0.000000
vt 0.210526 0.026316
vt 0.210526 0.026316
vt 0.210526 0.026316
vt 0.210526 0.000000
vt 0.210526 0.000000
vt 0.210526 0.026316
vt 0.210526 0.000000
vt 0.210526 0.026316
vt 0.210526 0.000000
vt 0.210526 0.000000
vt 0.210526 0.000000
vt 0.210526 0.000000
vt 0.210526 0.000000
vt 0.210526 0.000000
vt 0.210526 0.000000
vt 0.210526 0.000000
vt 0.210526 0.000000
vt 0.210526 0.026316
vt 0.210526 0.026316
vt 0.210526 0.000000
vt 0.210526 0.026316
vt 0.210526 0.000000
vt 0.210526 0.000000
vt 0.210526 0.026316
vt 0.210526 0.026316
vt 0.210526 0.000000
vt 0.157895 0.026316
vt 0.157895 0.026316
vt 0.157895 0.052632
vt 0.157895 0.052632
vt 0.157895 0.052632
vt 0.157895 0.026316
vt 0.157895 0.026316
vt 0.157895 0.052632
vt 0.157895 0.026316
vt 0.157895 0.052632
vt 0.157895 0.026316
vt 0.157895 0.052632
vt 0.157895 0.078947
vt 0.157895 0.078947
vt 0.157895 0.078947
vt 0.157895 0.078947
vt 0.157895 0.078947
vt 0.157895 0.078947
vt 0.171053 0.078947
vt 0.171053 0.105263
vt 0.171053 0.105263
vt 0.171053 0.078947
vt 0.171053 0.078947
vt 0.171053 0.105263
vt 0.171053 0.078947
vt 0.171053 0.105263
vt 0.197368 0.105263
vt 0.197368 0.131579
vt 0.197368 0.105263
vt 0.197368 0.105263
vt 0.197368 0.131579
vt 0.197368 0.105263
vt 0.197368 0.105263
vt 0.197368 0.105263
vt 0.197368 0.105263
vt 0.197368 0.131579
vt 0.197368 0.105263
vt 0.197368 0.131579
vt 0.210526 0.131579
vt 0.210526 0.157895
vt 0.210526 0.157895
vt 0.210526 0.131579
vt 0.210526 0.131579
vt 0.210526 0.157895
vt 0.210526 0.131579
vt 0.210526 0.157895
vt 0.210526 0.184211
vt 0.210526 0.184211
vt 0.210526 0.184211
vt 0.210526 0.184211
vt 0.210526 0.184211
vt 0.210526 0.184211
vt 0.197368 0.184211
vt 0.197368 0.184211
vt 0.197368 0.210526
vt 0.197368 0.210526
vt 0.197368 0.210526
vt 0.197368 0.210526
vt 0.197368 0.184211
vt 0.197368 0.210526
vt 0.197368 0.210526
vt 0.197368 0.210526
vt 0.197368 0.210526
vt 0.197368 0.210526
vt 0.197368 0.210526
vt 0.197368 0.210526
vt 0.197368 0.184211
vt 0.197368 0.210526
vt 0.197368 0.210526
vt 0.197368 0.184211
vt 0.197368 0.210526
vt 0.197368 0.210526
vt 0.197368 0.184211
vt 0.197368 0.236842
vt 0.197368 0.236842
vt 0.197368 0.263158
vt 0.197368 0.263158
vt 0.197368 0.236842
vt 0.197368 0.236842
vt 0.197368 0.263158
vt 0.197368 0.236842
vt 0.197368 0.263158
vt 0.197368 0.236842
vt 0.197368 0.236842
vt 0.197368 0.263158
vt 0.197368 0.236842
vt 0.197368 0.236842
vt 0.197368 0.263158
vt 0.197368 0.236842
vt 0.197368 0.236842
vt 0.197368 0.263158
vt 0.197368 0.236842
vt 0.197368 0.236842
vt 0.197368 0.263158
vt 0.197368 0.236842
vt 0.197368 0.263158
vt 0.210526 0.263158
vt 0.210526 0.263158
vt 0.210526 0.289474
vt 0.210526 0.289474
vt 0.210526 0.263158
vt 0.210526 0.263158
vt 0.210526 0.289474
vt 0.210526 0.263158
vt 0.210526 0.263158
vt 0.210526 0.289474
vt 0.210526 0.263158
vt 0.210526 0.263158
vt 0.210526 0.263158
vt 0.210526 0.289474
vt 0.210526 0.263158
vt 0.210526 0.289474
vt 0.223684 0.289474
vt 0.223684 0.289474
vt 0.223684 0.289474
vt 0.223684 0.315789
vt 0.223684 0.289474
vt 0.223684 0.289474
vt 0.223684 0.289474
vt 0.223684 0.315789
vt 0.223684 0.315789
vt 0.223684 0.342105
vt 0.223684 0.315789
vt 0.223684 0.342105
vt 0.223684 0.315789
vt 0.223684 0.342105
vt 0.223684 0.315789
vt 0.223684 0.342105
vt 0.236842 0.342105
vt 0.236842 0.368421
vt 0.236842 0.368421
vt 0.236842 0.342105
vt 0.236842 0.342105
vt 0.236842 0.368421
vt 0.236842 0.342105
vt 0.236842 0.368421
vt 0.231908 0.394737
vt 0.231908 0.368421
vt 0.231908 0.368421
vt 0.231908 0.394737
vt 0.268219 0.394737
vt 0.268219 0.421053
vt 0.268219 0.421053
vt 0.268219 0.421053
vt 0.268219 0.394737
vt 0.268219 0.394737
vt 0.268219 0.421053
vt 0.268219 0.394737
vt 0.268219 0.421053
vt 0.268219 0.394737
vt 0.268219 0.421053
vt 0.268219 0.421053
vt 0.268219 0.421053
vt 0.268219 0.421053
vt 0.268219 0.421053
vt 0.268219 0.421053
vt 0.268219 0.394737
vt 0.268219 0.394737
vt 0.268219 0.421053
vt 0.268219 0.394737
vt 0.268219 0.394737
vt 0.268219 0.421053
vt 0.268219 0.421053
vt 0.268219 0.394737
vt 0.144737 0.447368
vt 0.144737 0.421053
vt 0.144737 0.421053
vt 0.144737 0.447368
vt 0.157895 0.447368
vt 0.157895 0.473684
vt 0.157895 0.473684
vt 0.157895 0.473684
vt 0.157895 0.447368
vt 0.157895 0.447368
vt 0.157895 0.473684
vt 0.157895 0.473684
vt 0.157895 0.473684
vt 0.157895 0.447368
vt 0.157895 0.500000
vt 0.157895 0.500000
vt 0.157895 0.500000
vt 0.157895 0.500000
vt 0.157895 0.500000
vt 0.157895 0.500000
vt 0.157895 0.500000
vt 0.157895 0.500000
vt 0.157895 0.500000
vt 0.157895 0.500000
vt 0.157895 0.526316
vt 0.157895 0.526316
vt 0.157895 0.526316
vt 0.157895 0.526316
vt 0.157895 0.526316
vt 0.157895 0.526316
vt 0.157895 0.526316
vt 0.157895 0.526316
vt 0.157895 0.526316
vt 0.157895 0.526316
vt 0.288278 0.552632
vt 0.288278 0.578947
vt 0.288278 0.578947
vt 0.288278 0.578947
vt 0.288278 0.552632
vt 0.288278 0.552632
vt 0.288278 0.578947
vt 0.288278 0.552632
vt 0.288278 0.578947
vt 0.288278 0.552632
vt 0.288278 0.578947
vt 0.288278 0.552632
vt 0.288278 0.578947
vt 0.288278 0.552632
vt 0.288278 0.578947
vt 0.288278 0.552632
vt 0.288278 0.578947
vt 0.288278 0.552632
vt 0.288278 0.578947
vt 0.288278 0.552632
vt 0.288278 0.578947
vt 0.288278 0.552632
vt 0.288278 0.578947
vt 0.288278 0.552632
vt 0.288278 0.578947
vt 0.288278 0.552632
vt 0.288278 0.578947
vt 0.288278 0.552632
vt 0.288278 0.578947
vt 0.288278 0.552632
vt 0.288278 0.578947
vt 0.288278 0.552632
vt 0.288278 0.578947
vt 0.288278 0.552632
vt 0.288278 0.552632
vt 0.288278 0.578947
vt 0.288278 0.578947
vt 0.288278 0.552632
vt 0.302632 0.605263
vt 0.302632 0.631579
vt 0.302632 0.631579
vt 0.302632 0.631579
vt 0.302632 0.605263
vt 0.302632 0.605263
vt 0.302632 0.631579
vt 0.302632 0.605263
vt 0.302632 0.631579
vt 0.302632 0.605263
vt 0.302632 0.631579
vt 0.302632 0.605263
vt 0.302632 0.631579
vt 0.302632 0.605263
vt 0.302632 0.631579
vt 0.302632 0.605263
vt 0.302632 0.631579
vt 0.302632 0.605263
vt 0.302632 0.631579
vt 0.302632 0.605263
vt 0.302632 0.631579
vt 0.302632 0.605263
vt 0.302632 0.631579
vt 0.302632 0.605263
vt 0.302632 0.631579
vt 0.302632 0.605263
vt 0.302632 0.631579
vt 0.302632 0.605263
vt 0.302632 0.631579
vt 0.302632 0.605263
vt 0.302632 0.631579
vt 0.302632 0.605263
vt 0.302632 0.631579
vt 0.302632 0.605263
vt 0.302632 0.631579
vt 0.302632 0.605263
vt 0.302632 0.631579
vt 0.302632 0.605263
vt 0.302632 0.605263
vt 0.302632 0.631579
vt 0.302632 0.631579
vt 0.302632 0.605263
vt 0.184211 0.657895
vt 0.184211 0.684211
vt 0.184211 0.657895
vt 0.184211 0.657895
vt 0.184211 0.684211
vt 0.184211 0.657895
vt 0.184211 0.657895
vt 0.184211 0.657895
vt 0.184211 0.657895
vt 0.184211 0.657895
vt 0.184211 0.657895
vt 0.184211 0.657895
vt 0.184211 0.684211
vt 0.184211 0.657895
vt 0.184211 0.684211
vt 0.171053 0.684211
vt 0.171053 0.710526
vt 0.171053 0.710526
vt 0.171053 0.710526
vt 0.171053 0.684211
vt 0.171053 0.684211
vt 0.171053 0.684211
vt 0.171053 0.710526
vt 0.171053 0.710526
vt 0.171053 0.710526
vt 0.171053 0.684211
vt 0.171053 0.684211
vt 0.092105 0.710526
vt 0.092105 0.736842
vt 0.092105 0.736842
vt 0.092105 0.710526
vt 0.092105 0.710526
vt 0.092105 0.736842
vt 0.092105 0.710526
vt 0.092105 0.736842
vt 0.092105 0.736842
vt 0.092105 0.710526
vt 0.092105 0.710526
vt 0.092105 0.736842
vt 0.081579 0.763158
vt 0.081579 0.763158
vt 0.081579 0.736842
vt 0.081579 0.763158
vt 0.081579 0.763158
vt 0.081579 0.763158
vt 0.081579 0.763158
vt 0.081579 0.763158
vt 0.081579 0.763158
vt 0.081579 0.736842
vt 0.026316 0.789474
vt 0.026316 0.815789
vt 0.026316 0.815789
vt 0.026316 0.789474
vt 0.026316 0.815789
vt 0.026316 0.789474
vt 0.128947 0.815789
vt 0.128947 0.842105
vt 0.128947 0.842105
vt 0.128947 0.842105
vt 0.128947 0.815789
vt 0.128947 0.815789
vt 0.128947 0.842105
vt 0.128947 0.815789
vt 0.128947 0.842105
vt 0.128947 0.842105
vt 0.128947 0.842105
vt 0.128947 0.815789
vt 0.128947 0.815789
vt 0.128947 0.815789
vt 0.128947 0.842105
vt 0.128947 0.842105
vt 0.128947 0.815789
vt 0.210526 0.026316
vt 0.210526 0.026316
vt 0.210526 0.000000
vt 0.210526 0.000000
vt 0.210526 0.026316
vt 0.210526 0.000000
vt 0.210526 0.000000
vt 0.210526 0.000000
vt 0.210526 0.000000
vt 0.210526 0.000000
vt 0.210526 0.000000
vt 0.210526 0.000000
vt 0.210526 0.000000
vt 0.210526 0.000000
vt 0.210526 0.000000
vt 0.210526 0.000000
vt 0.210526 0.026316
vt 0.210526 0.026316
vt 0.210526 0.000000
vt 0.210526 0.026316
vt 0.210526 0.000000
vt 0.157895 0.026316
vt 0.157895 0.052632
vt 0.157895 0.052632
vt 0.157895 0.026316
vt 0.157895 0.026316
vt 0.157895 0.052632
vt 0.157895 0.026316
vt 0.157895 0.052632
vt 0.157895 0.078947
vt 0.157895 0.078947
vt 0.157895 0.078947
vt 0.157895 0.078947
vt 0.171053 0.078947
vt 0.171053 0.105263
vt 0.171053 0.105263
vt 0.171053 0.078947
vt 0.171053 0.078947
vt 0.171053 0.105263
vt 0.171053 0.078947
vt 0.171053 0.105263
vt 0.197368 0.105263
vt 0.197368 0.105263
vt 0.197368 0.131579
vt 0.197368 0.105263
vt 0.197368 0.105263
vt 0.197368 0.131579
vt 0.210526 0.131579
vt 0.210526 0.157895
vt 0.210526 0.131579
vt 0.210526 0.131579
vt 0.210526 0.157895
vt 0.210526 0.131579
vt 0.210526 0.157895
vt 0.210526 0.131579
vt 0.210526 0.131579
vt 0.210526 0.157895
vt 0.210526 0.184211
vt 0.210526 0.184211
vt 0.210526 0.184211
vt 0.210526 0.184211
vt 0.210526 0.184211
vt 0.210526 0.184211
vt 0.197368 0.184211
vt 0.197368 0.210526
vt 0.197368 0.210526
vt 0.197368 0.210526
vt 0.197368 0.184211
vt 0.197368 0.210526
vt 0.197368 0.210526
vt 0.197368 0.210526
vt 0.197368 0.210526
vt 0.197368 0.210526
vt 0.197368 0.184211
vt 0.197368 0.210526
vt 0.197368 0.210526
vt 0.197368 0.184211
vt 0.184211 0.210526
vt 0.184211 0.210526
vt 0.184211 0.236842
vt 0.184211 0.236842
vt 0.184211 0.236842
vt 0.184211 0.210526
vt 0.184211 0.210526
vt 0.184211 0.236842
vt 0.184211 0.210526
vt 0.184211 0.236842
vt 0.184211 0.210526
vt 0.184211 0.236842
vt 0.184211 0.210526
vt 0.184211 0.236842
vt 0.184211 0.210526
vt 0.184211 0.236842
vt 0.184211 0.210526
vt 0.184211 0.236842
vt 0.197368 0.236842
vt 0.197368 0.236842
vt 0.197368 0.263158
vt 0.197368 0.263158
vt 0.197368 0.236842
vt 0.197368 0.236842
vt 0.197368 0.263158
vt 0.197368 0.236842
vt 0.197368 0.236842
vt 0.197368 0.263158
vt 0.197368 0.236842
vt 0.197368 0.236842
vt 0.197368 0.236842
vt 0.197368 0.263158
vt 0.197368 0.236842
vt 0.197368 0.263158
vt 0.210526 0.263158
vt 0.210526 0.289474
vt 0.210526 0.263158
vt 0.210526 0.263158
vt 0.210526 0.289474
vt 0.210526 0.263158
vt 0.210526 0.289474
vt 0.210526 0.263158
vt 0.210526 0.263158
vt 0.210526 0.289474
vt 0.223684 0.289474
vt 0.223684 0.289474
vt 0.223684 0.289474
vt 0.223684 0.315789
vt 0.223684 0.289474
vt 0.223684 0.289474
vt 0.223684 0.289474
vt 0.223684 0.315789
vt 0.223684 0.315789
vt 0.223684 0.342105
vt 0.223684 0.315789
vt 0.223684 0.342105
vt 0.223684 0.315789
vt 0.223684 0.342105
vt 0.223684 0.315789
vt 0.223684 0.342105
vt 0.236842 0.342105
vt 0.236842 0.368421
vt 0.236842 0.368421
vt 0.236842 0.342105
vt 0.236842 0.342105
vt 0.236842 0.368421
vt 0.236842 0.342105
vt 0.236842 0.368421
vt 0.231908 0.368421
vt 0.231908 0.394737
vt 0.231908 0.394737
vt 0.231908 0.368421
vt 0.231908 0.368421
vt 0.231908 0.394737
vt 0.231908 0.368421
vt 0.231908 0.394737
vt 0.268219 0.421053
vt 0.268219 0.421053
vt 0.268219 0.394737
vt 0.268219 0.394737
vt 0.268219 0.421053
vt 0.268219 0.394737
vt 0.268219 0.421053
vt 0.268219 0.421053
vt 0.268219 0.421053
vt 0.268219 0.421053
vt 0.268219 0.421053
vt 0.268219 0.421053
vt 0.268219 0.421053
vt 0.268219 0.421053
vt 0.268219 0.394737
vt 0.268219 0.394737
vt 0.268219 0.421053
vt 0.268219 0.394737
vt 0.144737 0.447368
vt 0.144737 0.421053
vt 0.144737 0.421053
vt 0.144737 0.447368
vt 0.157895 0.473684
vt 0.157895 0.447368
vt 0.157895 0.447368
vt 0.157895 0.473684
vt 0.157895 0.500000
vt 0.157895 0.500000
vt 0.157895 0.500000
vt 0.157895 0.500000
vt 0.157895 0.500000
vt 0.157895 0.500000
vt 0.157895 0.526316
vt 0.157895 0.526316
vt 0.157895 0.526316
vt 0.157895 0.526316
vt 0.157895 0.526316
vt 0.157895 0.526316
vt 0.157895 0.526316
vt 0.157895 0.526316
vt 0.157895 0.526316
vt 0.157895 0.526316
vt 0.157895 0.526316
vt 0.157895 0.526316
vt 0.157895 0.526316
vt 0.288278 0.552632
vt 0.288278 0.578947
vt 0.288278 0.578947
vt 0.288278 0.578947
vt 0.288278 0.552632
vt 0.288278 0.552632
vt 0.288278 0.578947
vt 0.288278 0.552632
vt 0.288278 0.578947
vt 0.288278 0.552632
vt 0.288278 0.578947
vt 0.288278 0.552632
vt 0.288278 0.578947
vt 0.288278 0.552632
vt 0.288278 0.578947
vt 0.288278 0.552632
vt 0.288278 0.578947
vt 0.288278 0.552632
vt 0.288278 0.578947
vt 0.288278 0.552632
vt 0.288278 0.578947
vt 0.288278 0.552632
vt 0.288278 0.578947
vt 0.288278 0.552632
vt 0.288278 0.578947
vt 0.288278 0.552632
vt 0.288278 0.578947
vt 0.288278 0.552632
vt 0.288278 0.578947
vt 0.288278 0.552632
vt 0.288278 0.578947
vt 0.288278 0.552632
vt 0.288278 0.578947
vt 0.288278 0.552632
vt 0.288278 0.578947
vt 0.288278 0.552632
vt 0.288278 0.578947
vt 0.288278 0.552632
vt 0.288278 0.552632
vt 0.288278 0.578947
vt 0.288278 0.578947
vt 0.288278 0.552632
vt 0.302632 0.605263
vt 0.302632 0.631579
vt 0.302632 0.631579
vt 0.302632 0.631579
vt 0.302632 0.605263
vt 0.302632 0.605263
vt 0.302632 0.631579
vt 0.302632 0.605263
vt 0.302632 0.631579
vt 0.302632 0.605263
vt 0.302632 0.631579
vt 0.302632 0.605263
vt 0.302632 0.631579
vt 0.302632 0.605263
vt 0.302632 0.631579
vt 0.302632 0.605263
vt 0.302632 0.631579
vt 0.302632 0.605263
vt 0.302632 0.631579
vt 0.302632 0.605263
vt 0.302632 0.631579
vt 0.302632 0.605263
vt 0.302632 0.631579
vt 0.302632 0.605263
vt 0.302632 0.631579
vt 0.302632 0.605263
vt 0.302632 0.631579
vt 0.302632 0.605263
vt 0.302632 0.631579
vt 0.302632 0.605263
vt 0.302632 0.631579
vt 0.302632 0.605263
vt 0.302632 0.631579
vt 0.302632 0.605263
vt 0.302632 0.631579
vt 0.302632 0.605263
vt 0.302632 0.631579
vt 0.302632 0.605263
vt 0.302632 0.631579
vt 0.302632 0.605263
vt 0.302632 0.631579
vt 0.302632 0.605263
vt 0.302632 0.605263
vt 0.302632 0.631579
vt 0.302632 0.631579
vt 0.302632 0.605263
vt 0.184211 0.657895
vt 0.184211 0.684211
vt 0.184211 0.657895
vt 0.184211 0.657895
vt 0.184211 0.684211
vt 0.184211 0.657895
vt 0.184211 0.657895
vt 0.184211 0.657895
vt 0.184211 0.657895
vt 0.184211 0.657895
vt 0.184211 0.657895
vt 0.184211 0.657895
vt 0.184211 0.657895
vt 0.184211 0.657895
vt 0.184211 0.684211
vt 0.184211 0.657895
vt 0.184211 0.684211
vt 0.171053 0.684211
vt 0.171053 0.710526
vt 0.171053 0.710526
vt 0.171053 0.710526
vt 0.171053 0.684211
vt 0.171053 0.684211
vt 0.171053 0.710526
vt 0.171053 0.710526
vt 0.171053 0.710526
vt 0.171053 0.710526
vt 0.171053 0.710526
vt 0.171053 0.710526
vt 0.171053 0.710526
vt 0.171053 0.684211
vt 0.171053 0.710526
vt 0.171053 0.710526
vt 0.171053 0.684211
vt 0.171053 0.684211
vt 0.092105 0.736842
vt 0.092105 0.710526
vt 0.092105 0.710526
vt 0.092105 0.736842
vt 0.081579 0.736842
vt 0.081579 0.763158
vt 0.081579 0.763158
vt 0.081579 0.736842
vt 0.081579 0.763158
vt 0.081579 0.763158
vt 0.081579 0.763158
vt 0.081579 0.763158
vt 0.081579 0.736842
vt 0.081579 0.763158
vt 0.081579 0.736842
vt 0.128947 0.815789
vt 0.128947 0.842105
vt 0.128947 0.842105
vt 0.128947 0.842105
vt 0.128947 0.815789
vt 0.128947 0.815789
vt 0.128947 0.842105
vt 0.128947 0.815789
vt 0.128947 0.842105
vt 0.128947 0.815789
vt 0.128947 0.842105
vt 0.128947 0.815789
vt 0.128947 0.815789
vt 0.128947 0.842105
vt 0.128947 0.815789
vt 0.128947 0.842105
vt 0.128947 0.815789
vt 0.128947 0.842105
vt 0.128947 0.815789
vt 0.128947 0.815789
vt 0.128947 0.842105
vt 0.128947 0.842105
vt 0.128947 0.815789
vt 0.092105 0.921053
vt 0.092105 0.921053
vt 0.092105 0.947368
vt 0.092105 0.947368
vt 0.092105 0.947368
vt 0.092105 0.947368
vt 0.092105 0.921053
vt 0.092105 0.921053
vt 0.092105 0.921053
vt 0.092105 0.947368
vt 0.092105 0.947368
vt 0.092105 0.921053
vt 0.092105 0.921053
vt 0.092105 0.947368
vt 0.092105 0.947368
vt 0.092105 0.921053
vt 0.092105 0.921053
vt 0.092105 0.947368
vt 0.092105 0.947368
vt 0.092105 0.921053
vt 0.210526 0.000000
vt 0.210526 0.026316
vt 0.210526 0.026316
vt 0.210526 0.026316
vt 0.210526 0.000000
vt 0.210526 0.000000
vt 0.210526 0.026316
vt 0.210526 0.000000
vt 0.210526 0.026316
vt 0.210526 0.000000
vt 0.210526 0.000000
vt 0.210526 0.000000
vt 0.210526 0.000000
vt 0.210526 0.000000
vt 0.210526 0.000000
vt 0.210526 0.000000
vt 0.210526 0.000000
vt 0.210526 0.000000
vt 0.210526 0.000000
vt 0.210526 0.000000
vt 0.210526 0.026316
vt 0.210526 0.026316
vt 0.210526 0.000000
vt 0.210526 0.026316
vt 0.210526 0.000000
vt 0.210526 0.000000
vt 0.210526 0.026316
vt 0.210526 0.026316
vt 0.210526 0.000000
vt 0.157895 0.052632
vt 0.157895 0.026316
vt 0.157895 0.026316
vt 0.157895 0.052632
vt 0.157895 0.078947
vt 0.157895 0.078947
vt 0.171053 0.078947
vt 0.171053 0.105263
vt 0.171053 0.078947
vt 0.171053 0.078947
vt 0.171053 0.105263
vt 0.171053 0.078947
vt 0.171053 0.105263
vt 0.171053 0.078947
vt 0.171053 0.078947
vt 0.171053 0.105263
vt 0.197368 0.105263
vt 0.197368 0.131579
vt 0.197368 0.105263
vt 0.197368 0.105263
vt 0.197368 0.131579
vt 0.197368 0.105263
vt 0.197368 0.131579
vt 0.197368 0.105263
vt 0.197368 0.105263
vt 0.197368 0.131579
vt 0.210526 0.157895
vt 0.210526 0.131579
vt 0.210526 0.131579
vt 0.210526 0.157895
vt 0.210526 0.184211
vt 0.210526 0.184211
vt 0.210526 0.184211
vt 0.210526 0.184211
vt 0.197368 0.210526
vt 0.197368 0.210526
vt 0.197368 0.184211
vt 0.197368 0.210526
vt 0.197368 0.210526
vt 0.197368 0.210526
vt 0.197368 0.210526
vt 0.197368 0.184211
vt 0.184211 0.210526
vt 0.184211 0.236842
vt 0.184211 0.236842
vt 0.184211 0.210526
vt 0.184211 0.210526
vt 0.184211 0.236842
vt 0.184211 0.210526
vt 0.184211 0.236842
vt 0.197368 0.236842
vt 0.197368 0.263158
vt 0.197368 0.236842
vt 0.197368 0.236842
vt 0.197368 0.263158
vt 0.197368 0.236842
vt 0.197368 0.236842
vt 0.197368 0.236842
vt 0.197368 0.236842
vt 0.197368 0.263158
vt 0.197368 0.236842
vt 0.197368 0.263158
vt 0.210526 0.263158
vt 0.210526 0.289474
vt 0.210526 0.263158
vt 0.210526 0.263158
vt 0.210526 0.289474
vt 0.210526 0.263158
vt 0.210526 0.289474
vt 0.210526 0.263158
vt 0.210526 0.263158
vt 0.210526 0.289474
vt 0.223684 0.289474
vt 0.223684 0.289474
vt 0.223684 0.289474
vt 0.223684 0.315789
vt 0.223684 0.289474
vt 0.223684 0.289474
vt 0.223684 0.289474
vt 0.223684 0.315789
vt 0.223684 0.342105
vt 0.223684 0.342105
vt 0.236842 0.368421
vt 0.236842 0.342105
vt 0.236842 0.342105
vt 0.236842 0.368421
vt 0.231908 0.394737
vt 0.231908 0.368421
vt 0.231908 0.368421
vt 0.231908 0.394737
vt 0.268219 0.421053
vt 0.268219 0.421053
vt 0.268219 0.394737
vt 0.268219 0.394737
vt 0.268219 0.421053
vt 0.268219 0.394737
vt 0.268219 0.421053
vt 0.268219 0.421053
vt 0.268219 0.421053
vt 0.268219 0.421053
vt 0.268219 0.421053
vt 0.268219 0.421053
vt 0.268219 0.394737
vt 0.268219 0.394737
vt 0.268219 0.421053
vt 0.268219 0.394737
vt 0.144737 0.421053
vt 0.144737 0.447368
vt 0.144737 0.447368
vt 0.144737 0.421053
vt 0.144737 0.421053
vt 0.144737 0.447368
vt 0.144737 0.421053
vt 0.144737 0.447368
vt 0.144737 0.447368
vt 0.144737 0.421053
vt 0.144737 0.421053
vt 0.144737 0.447368
vt 0.157895 0.447368
vt 0.157895 0.473684
vt 0.157895 0.473684
vt 0.157895 0.473684
vt 0.157895 0.447368
vt 0.157895 0.447368
vt 0.157895 0.473684
vt 0.157895 0.473684
vt 0.157895 0.473684
vt 0.157895 0.447368
vt 0.157895 0.500000
vt 0.157895 0.500000
vt 0.157895 0.526316
vt 0.157895 0.526316
vt 0.157895 0.526316
vt 0.157895 0.526316
vt 0.157895 0.526316
vt 0.157895 0.526316
vt 0.157895 0.526316
vt 0.157895 0.526316
vt 0.157895 0.526316
vt 0.157895 0.526316
vt 0.144737 0.526316
vt 0.144737 0.526316
vt 0.144737 0.552632
vt 0.144737 0.552632
vt 0.144737 0.552632
vt 0.144737 0.526316
vt 0.144737 0.526316
vt 0.144737 0.552632
vt 0.144737 0.526316
vt 0.144737 0.552632
vt 0.144737 0.526316
vt 0.144737 0.552632
vt 0.144737 0.526316
vt 0.144737 0.552632
vt 0.288278 0.552632
vt 0.288278 0.578947
vt 0.288278 0.578947
vt 0.288278 0.578947
vt 0.288278 0.552632
vt 0.288278 0.552632
vt 0.288278 0.578947
vt 0.288278 0.552632
vt 0.288278 0.578947
vt 0.288278 0.552632
vt 0.288278 0.578947
vt 0.288278 0.552632
vt 0.288278 0.578947
vt 0.288278 0.552632
vt 0.288278 0.578947
vt 0.288278 0.552632
vt 0.288278 0.578947
vt 0.288278 0.552632
vt 0.288278 0.578947
vt 0.288278 0.552632
vt 0.288278 0.578947
vt 0.288278 0.578947
vt 0.288278 0.578947
vt 0.288278 0.578947
vt 0.288278 0.578947
vt 0.288278 0.552632
vt 0.288278 0.552632
vt 0.288278 0.578947
vt 0.288278 0.552632
vt 0.288278 0.578947
vt 0.288278 0.552632
vt 0.288278 0.578947
vt 0.288278 0.552632
vt 0.288278 0.578947
vt 0.288278 0.552632
vt 0.288278 0.578947
vt 0.288278 0.552632
vt 0.288278 0.578947
vt 0.288278 0.552632
vt 0.288278 0.552632
vt 0.288278 0.578947
vt 0.288278 0.578947
vt 0.288278 0.552632
vt 0.302632 0.631579
vt 0.302632 0.631579
vt 0.302632 0.605263
vt 0.302632 0.605263
vt 0.302632 0.631579
vt 0.302632 0.605263
vt 0.302632 0.631579
vt 0.302632 0.605263
vt 0.302632 0.631579
vt 0.302632 0.605263
vt 0.302632 0.631579
vt 0.302632 0.605263
vt 0.302632 0.631579
vt 0.302632 0.605263
vt 0.302632 0.631579
vt 0.302632 0.605263
vt 0.302632 0.631579
vt 0.302632 0.605263
vt 0.302632 0.605263
vt 0.302632 0.605263
vt 0.302632 0.605263
vt 0.302632 0.605263
vt 0.302632 0.631579
vt 0.302632 0.631579
vt 0.302632 0.605263
vt 0.302632 0.631579
vt 0.302632 0.605263
vt 0.302632 0.631579
vt 0.302632 0.605263
vt 0.302632 0.631579
vt 0.302632 0.605263
vt 0.302632 0.631579
vt 0.302632 0.605263
vt 0.302632 0.631579
vt 0.302632 0.605263
vt 0.302632 0.631579
vt 0.302632 0.605263
vt 0.302632 0.631579
vt 0.302632 0.605263
vt 0.157895 0.631579
vt 0.157895 0.631579
vt 0.157895 0.657895
vt 0.157895 0.657895
vt 0.157895 0.657895
vt 0.157895 0.631579
vt 0.157895 0.631579
vt 0.157895 0.657895
vt 0.157895 0.631579
vt 0.157895 0.657895
vt 0.157895 0.631579
vt 0.157895 0.657895
vt 0.157895 0.631579
vt 0.157895 0.657895
vt 0.184211 0.657895
vt 0.184211 0.684211
vt 0.184211 0.657895
vt 0.184211 0.657895
vt 0.184211 0.684211
vt 0.184211 0.657895
vt 0.184211 0.657895
vt 0.184211 0.657895
vt 0.184211 0.657895
vt 0.184211 0.657895
vt 0.184211 0.657895
vt 0.184211 0.657895
vt 0.184211 0.657895
vt 0.184211 0.684211
vt 0.184211 0.657895
vt 0.184211 0.684211
vt 0.171053 0.710526
vt 0.171053 0.710526
vt 0.171053 0.684211
vt 0.171053 0.710526
vt 0.171053 0.710526
vt 0.171053 0.710526
vt 0.171053 0.710526
vt 0.171053 0.710526
vt 0.171053 0.710526
vt 0.171053 0.684211
vt 0.092105 0.710526
vt 0.092105 0.736842
vt 0.092105 0.736842
vt 0.092105 0.710526
vt 0.092105 0.736842
vt 0.092105 0.710526
vt 0.092105 0.736842
vt 0.092105 0.736842
vt 0.092105 0.710526
vt 0.092105 0.736842
vt 0.081579 0.736842
vt 0.081579 0.763158
vt 0.081579 0.763158
vt 0.081579 0.736842
vt 0.081579 0.763158
vt 0.081579 0.736842
vt 0.081579 0.763158
vt 0.081579 0.736842
vt 0.081579 0.763158
vt 0.081579 0.736842
vt 0.128947 0.815789
vt 0.128947 0.842105
vt 0.128947 0.842105
vt 0.128947 0.842105
vt 0.128947 0.815789
vt 0.128947 0.815789
vt 0.128947 0.842105
vt 0.128947 0.815789
vt 0.128947 0.842105
vt 0.128947 0.815789
vt 0.128947 0.815789
vt 0.128947 0.815789
vt 0.128947 0.815789
vt 0.128947 0.815789
vt 0.128947 0.842105
vt 0.128947 0.842105
vt 0.128947 0.815789
vt 0.128947 0.842105
vt 0.128947 0.815789
vt 0.128947 0.815789
vt 0.128947 0.842105
vt 0.128947 0.842105
vt 0.128947 0.815789
vt 0.128947 0.868421
vt 0.128947 0.868421
vt 0.128947 0.868421
vt 0.128947 0.868421
vt 0.128947 0.868421
vt 0.128947 0.868421
vt 0.128947 0.868421
vt 0.128947 0.868421
vt 0.128947 0.868421
vt 0.128947 0.868421
vt 0.092105 0.921053
vt 0.092105 0.947368
vt 0.092105 0.947368
vt 0.092105 0.947368
vt 0.092105 0.921053
vt 0.092105 0.921053
vt 0.092105 0.947368
vt 0.092105 0.921053
vt 0.092105 0.947368
vt 0.092105 0.921053
vt 0.092105 0.947368
vt 0.092105 0.921053
vt 0.092105 0.947368
vt 0.092105 0.921053
vt 0.092105 0.921053
vt 0.092105 0.947368
vt 0.092105 0.947368
vt 0.092105 0.921053
vt 0.210526 0.026316
vt 0.210526 0.026316
vt 0.210526 0.000000
vt 0.210526 0.000000
vt 0.210526 0.026316
vt 0.210526 0.000000
vt 0.210526 0.000000
vt 0.210526 0.000000
vt 0.210526 0.000000
vt 0.210526 0.000000
vt 0.210526 0.000000
vt 0.210526 0.000000
vt 0.210526 0.000000
vt 0.210526 0.000000
vt 0.210526 0.000000
vt 0.210526 0.000000
vt 0.210526 0.000000
vt 0.210526 0.000000
vt 0.210526 0.026316
vt 0.210526 0.026316
vt 0.210526 0.000000
vt 0.210526 0.026316
vt 0.210526 0.000000
vt 0.157895 0.026316
vt 0.157895 0.052632
vt 0.157895 0.052632
vt 0.157895 0.026316
vt 0.157895 0.026316
vt 0.157895 0.052632
vt 0.157895 0.026316
vt 0.157895 0.052632
vt 0.157895 0.078947
vt 0.157895 0.078947
vt 0.157895 0.078947
vt 0.157895 0.078947
vt 0.171053 0.105263
vt 0.171053 0.078947
vt 0.171053 0.078947
vt 0.171053 0.105263
vt 0.197368 0.105263
vt 0.197368 0.105263
vt 0.197368 0.131579
vt 0.197368 0.105263
vt 0.197368 0.105263
vt 0.197368 0.131579
vt 0.210526 0.131579
vt 0.210526 0.157895
vt 0.210526 0.131579
vt 0.210526 0.131579
vt 0.210526 0.157895
vt 0.210526 0.131579
vt 0.210526 0.157895
vt 0.210526 0.131579
vt 0.210526 0.131579
vt 0.210526 0.157895
vt 0.210526 0.184211
vt 0.210526 0.184211
vt 0.210526 0.184211
vt 0.210526 0.184211
vt 0.210526 0.184211
vt 0.210526 0.184211
vt 0.197368 0.184211
vt 0.197368 0.210526
vt 0.197368 0.210526
vt 0.197368 0.210526
vt 0.197368 0.184211
vt 0.197368 0.210526
vt 0.197368 0.210526
vt 0.197368 0.210526
vt 0.197368 0.184211
vt 0.197368 0.210526
vt 0.197368 0.210526
vt 0.197368 0.184211
vt 0.184211 0.210526
vt 0.184211 0.236842
vt 0.184211 0.236842
vt 0.184211 0.210526
vt 0.184211 0.210526
vt 0.184211 0.236842
vt 0.184211 0.210526
vt 0.184211 0.236842
vt 0.197368 0.236842
vt 0.197368 0.236842
vt 0.197368 0.263158
vt 0.197368 0.236842
vt 0.197368 0.236842
vt 0.197368 0.263158
vt 0.210526 0.263158
vt 0.210526 0.263158
vt 0.210526 0.289474
vt 0.210526 0.263158
vt 0.210526 0.263158
vt 0.210526 0.289474
vt 0.223684 0.289474
vt 0.223684 0.289474
vt 0.223684 0.315789
vt 0.223684 0.289474
vt 0.223684 0.289474
vt 0.223684 0.315789
vt 0.223684 0.342105
vt 0.223684 0.342105
vt 0.236842 0.342105
vt 0.236842 0.368421
vt 0.236842 0.342105
vt 0.236842 0.342105
vt 0.236842 0.368421
vt 0.236842 0.342105
vt 0.236842 0.368421
vt 0.236842 0.342105
vt 0.236842 0.342105
vt 0.236842 0.368421
vt 0.231908 0.368421
vt 0.231908 0.394737
vt 0.231908 0.394737
vt 0.231908 0.368421
vt 0.231908 0.368421
vt 0.231908 0.394737
vt 0.231908 0.368421
vt 0.231908 0.394737
vt 0.268219 0.421053
vt 0.268219 0.421053
vt 0.268219 0.394737
vt 0.268219 0.394737
vt 0.268219 0.421053
vt 0.268219 0.421053
vt 0.268219 0.421053
vt 0.268219 0.421053
vt 0.268219 0.421053
vt 0.268219 0.421053
vt 0.268219 0.421053
vt 0.268219 0.421053
vt 0.268219 0.421053
vt 0.268219 0.421053
vt 0.268219 0.421053
vt 0.268219 0.421053
vt 0.268219 0.394737
vt 0.268219 0.394737
vt 0.144737 0.447368
vt 0.144737 0.421053
vt 0.144737 0.421053
vt 0.144737 0.447368
vt 0.157895 0.447368
vt 0.157895 0.447368
vt 0.157895 0.447368
vt 0.157895 0.473684
vt 0.157895 0.447368
vt 0.157895 0.447368
vt 0.157895 0.447368
vt 0.157895 0.473684
vt 0.157895 0.500000
vt 0.157895 0.500000
vt 0.157895 0.500000
vt 0.157895 0.500000
vt 0.157895 0.500000
vt 0.157895 0.500000
vt 0.157895 0.526316
vt 0.157895 0.526316
vt 0.157895 0.526316
vt 0.157895 0.526316
vt 0.144737 0.526316
vt 0.144737 0.526316
vt 0.144737 0.552632
vt 0.144737 0.552632
vt 0.144737 0.552632
vt 0.144737 0.526316
vt 0.144737 0.526316
vt 0.144737 0.552632
vt 0.144737 0.526316
vt 0.144737 0.552632
vt 0.144737 0.526316
vt 0.144737 0.552632
vt 0.288278 0.578947
vt 0.288278 0.578947
vt 0.288278 0.552632
vt 0.288278 0.552632
vt 0.288278 0.578947
vt 0.288278 0.552632
vt 0.288278 0.578947
vt 0.288278 0.552632
vt 0.288278 0.578947
vt 0.288278 0.552632
vt 0.288278 0.578947
vt 0.288278 0.552632
vt 0.288278 0.578947
vt 0.288278 0.552632
vt 0.288278 0.578947
vt 0.288278 0.578947
vt 0.288278 0.578947
vt 0.288278 0.578947
vt 0.288278 0.578947
vt 0.288278 0.578947
vt 0.288278 0.578947
vt 0.288278 0.578947
vt 0.288278 0.578947
vt 0.288278 0.552632
vt 0.288278 0.552632
vt 0.288278 0.578947
vt 0.288278 0.552632
vt 0.288278 0.578947
vt 0.288278 0.552632
vt 0.288278 0.578947
vt 0.288278 0.552632
vt 0.288278 0.578947
vt 0.288278 0.552632
vt 0.288278 0.578947
vt 0.288278 0.552632
vt 0.302632 0.605263
vt 0.302632 0.631579
vt 0.302632 0.631579
vt 0.302632 0.631579
vt 0.302632 0.605263
vt 0.302632 0.605263
vt 0.302632 0.631579
vt 0.302632 0.605263
vt 0.302632 0.631579
vt 0.302632 0.605263
vt 0.302632 0.631579
vt 0.302632 0.605263
vt 0.302632 0.631579
vt 0.302632 0.605263
vt 0.302632 0.631579
vt 0.302632 0.605263
vt 0.302632 0.631579
vt 0.302632 0.605263
vt 0.302632 0.605263
vt 0.302632 0.605263
vt 0.302632 0.605263
vt 0.302632 0.605263
vt 0.302632 0.605263
vt 0.302632 0.605263
vt 0.302632 0.605263
vt 0.302632 0.605263
vt 0.302632 0.631579
vt 0.302632 0.631579
vt 0.302632 0.605263
vt 0.302632 0.631579
vt 0.302632 0.605263
vt 0.302632 0.631579
vt 0.302632 0.605263
vt 0.302632 0.631579
vt 0.302632 0.605263
vt 0.302632 0.631579
vt 0.302632 0.605263
vt 0.302632 0.631579
vt 0.302632 0.605263
vt 0.302632 0.605263
vt 0.302632 0.631579
vt 0.302632 0.631579
vt 0.302632 0.605263
vt 0.157895 0.631579
vt 0.157895 0.631579
vt 0.157895 0.657895
vt 0.157895 0.657895
vt 0.157895 0.657895
vt 0.157895 0.631579
vt 0.157895 0.631579
vt 0.157895 0.657895
vt 0.157895 0.631579
vt 0.157895 0.657895
vt 0.157895 0.631579
vt 0.157895 0.657895
vt 0.184211 0.657895
vt 0.184211 0.684211
vt 0.184211 0.684211
vt 0.184211 0.684211
vt 0.184211 0.657895
vt 0.184211 0.657895
vt 0.184211 0.657895
vt 0.184211 0.657895
vt 0.184211 0.657895
vt 0.184211 0.657895
vt 0.184211 0.657895
vt 0.184211 0.657895
vt 0.184211 0.684211
vt 0.184211 0.684211
vt 0.184211 0.684211
vt 0.184211 0.657895
vt 0.171053 0.710526
vt 0.171053 0.710526
vt 0.171053 0.684211
vt 0.171053 0.710526
vt 0.171053 0.710526
vt 0.171053 0.710526
vt 0.171053 0.710526
vt 0.171053 0.710526
vt 0.171053 0.710526
vt 0.171053 0.710526
vt 0.171053 0.710526
vt 0.171053 0.710526
vt 0.171053 0.710526
vt 0.171053 0.684211
vt 0.092105 0.710526
vt 0.092105 0.736842
vt 0.092105 0.736842
vt 0.092105 0.710526
vt 0.092105 0.736842
vt 0.092105 0.736842
vt 0.092105 0.710526
vt 0.092105 0.736842
vt 0.092105 0.736842
vt 0.092105 0.710526
vt 0.092105 0.736842
vt 0.092105 0.736842
vt 0.092105 0.710526
vt 0.128947 0.842105
vt 0.128947 0.842105
vt 0.128947 0.815789
vt 0.128947 0.815789
vt 0.128947 0.815789
vt 0.128947 0.815789
vt 0.128947 0.815789
vt 0.128947 0.815789
vt 0.128947 0.815789
vt 0.128947 0.815789
vt 0.128947 0.815789
vt 0.128947 0.815789
vt 0.128947 0.842105
vt 0.128947 0.842105
vt 0.128947 0.815789
vt 0.128947 0.868421
vt 0.128947 0.868421
vt 0.128947 0.868421
vt 0.128947 0.868421
vt 0.128947 0.868421
vt 0.128947 0.868421
vt 0.128947 0.868421
vt 0.128947 0.868421
vt 0.128947 0.868421
vt 0.128947 0.868421
vt 0.128947 0.868421
vt 0.128947 0.868421
vt 0.128947 0.868421
vt 0.092105 0.947368
vt 0.092105 0.947368
vt 0.092105 0.921053
vt 0.092105 0.921053
vt 0.092105 0.947368
vt 0.092105 0.921053
vt 0.092105 0.947368
vt 0.092105 0.921053
vt 0.092105 0.947368
vt 0.092105 0.921053
vt 0.092105 0.947368
vt 0.092105 0.921053
vt 0.092105 0.947368
vt 0.092105 0.921053
vt 0.210526 0.026316
vt 0.210526 0.026316
vt 0.210526 0.000000
vt 0.210526 0.000000
vt 0.210526 0.026316
vt 0.210526 0.000000
vt 0.210526 0.000000
vt 0.210526 0.000000
vt 0.210526 0.000000
vt 0.210526 0.000000
vt 0.210526 0.000000
vt 0.210526 0.000000
vt 0.210526 0.000000
vt 0.210526 0.000000
vt 0.210526 0.000000
vt 0.210526 0.000000
vt 0.210526 0.000000
vt 0.210526 0.000000
vt 0.210526 0.026316
vt 0.210526 0.026316
vt 0.210526 0.000000
vt 0.210526 0.026316
vt 0.210526 0.000000
vt 0.157895 0.052632
vt 0.157895 0.026316
vt 0.157895 0.026316
vt 0.157895 0.052632
vt 0.157895 0.078947
vt 0.157895 0.078947
vt 0.171053 0.105263
vt 0.171053 0.078947
vt 0.171053 0.078947
vt 0.171053 0.105263
vt 0.197368 0.105263
vt 0.197368 0.105263
vt 0.197368 0.131579
vt 0.197368 0.105263
vt 0.197368 0.105263
vt 0.197368 0.131579
vt 0.210526 0.131579
vt 0.210526 0.131579
vt 0.210526 0.157895
vt 0.210526 0.131579
vt 0.210526 0.131579
vt 0.210526 0.157895
vt 0.210526 0.184211
vt 0.210526 0.184211
vt 0.210526 0.184211
vt 0.210526 0.184211
vt 0.197368 0.210526
vt 0.197368 0.210526
vt 0.197368 0.184211
vt 0.197368 0.210526
vt 0.197368 0.210526
vt 0.197368 0.184211
vt 0.184211 0.210526
vt 0.184211 0.236842
vt 0.184211 0.236842
vt 0.184211 0.210526
vt 0.184211 0.210526
vt 0.184211 0.236842
vt 0.184211 0.210526
vt 0.184211 0.236842
vt 0.197368 0.236842
vt 0.197368 0.263158
vt 0.197368 0.236842
vt 0.197368 0.236842
vt 0.197368 0.263158
vt 0.197368 0.236842
vt 0.197368 0.263158
vt 0.197368 0.236842
vt 0.197368 0.236842
vt 0.197368 0.263158
vt 0.210526 0.263158
vt 0.210526 0.289474
vt 0.210526 0.263158
vt 0.210526 0.263158
vt 0.210526 0.289474
vt 0.210526 0.263158
vt 0.210526 0.289474
vt 0.210526 0.263158
vt 0.210526 0.263158
vt 0.210526 0.289474
vt 0.223684 0.315789
vt 0.223684 0.289474
vt 0.223684 0.289474
vt 0.223684 0.315789
vt 0.223684 0.342105
vt 0.223684 0.342105
vt 0.236842 0.342105
vt 0.236842 0.342105
vt 0.236842 0.368421
vt 0.236842 0.342105
vt 0.236842 0.342105
vt 0.236842 0.368421
vt 0.231908 0.394737
vt 0.231908 0.368421
vt 0.231908 0.368421
vt 0.231908 0.394737
vt 0.268219 0.421053
vt 0.268219 0.421053
vt 0.268219 0.394737
vt 0.268219 0.394737
vt 0.268219 0.421053
vt 0.268219 0.421053
vt 0.268219 0.421053
vt 0.268219 0.421053
vt 0.268219 0.421053
vt 0.268219 0.421053
vt 0.268219 0.421053
vt 0.268219 0.421053
vt 0.268219 0.421053
vt 0.268219 0.421053
vt 0.268219 0.394737
vt 0.268219 0.394737
vt 0.144737 0.447368
vt 0.144737 0.421053
vt 0.144737 0.421053
vt 0.144737 0.447368
vt 0.157895 0.447368
vt 0.157895 0.447368
vt 0.157895 0.473684
vt 0.157895 0.447368
vt 0.157895 0.447368
vt 0.157895 0.473684
vt 0.157895 0.500000
vt 0.157895 0.500000
vt 0.157895 0.526316
vt 0.157895 0.526316
vt 0.157895 0.526316
vt 0.157895 0.526316
vt 0.157895 0.526316
vt 0.157895 0.526316
vt 0.144737 0.526316
vt 0.144737 0.552632
vt 0.144737 0.552632
vt 0.144737 0.526316
vt 0.144737 0.526316
vt 0.144737 0.552632
vt 0.144737 0.526316
vt 0.144737 0.552632
vt 0.288278 0.578947
vt 0.288278 0.578947
vt 0.288278 0.552632
vt 0.288278 0.552632
vt 0.288278 0.578947
vt 0.288278 0.552632
vt 0.288278 0.578947
vt 0.288278 0.552632
vt 0.288278 0.578947
vt 0.288278 0.552632
vt 0.288278 0.578947
vt 0.288278 0.552632
vt 0.288278 0.578947
vt 0.288278 0.578947
vt 0.288278 0.578947
vt 0.288278 0.578947
vt 0.288278 0.578947
vt 0.288278 0.578947
vt 0.288278 0.578947
vt 0.288278 0.578947
vt 0.288278 0.552632
vt 0.288278 0.552632
vt 0.288278 0.578947
vt 0.288278 0.552632
vt 0.288278 0.578947
vt 0.288278 0.552632
vt 0.288278 0.578947
vt 0.288278 0.552632
vt 0.288278 0.578947
vt 0.288278 0.552632
vt 0.131579 0.578947
vt 0.131579 0.578947
vt 0.131579 0.605263
vt 0.131579 0.605263
vt 0.131579 0.605263
vt 0.131579 0.578947
vt 0.131579 0.578947
vt 0.131579 0.605263
vt 0.131579 0.578947
vt 0.131579 0.605263
vt 0.131579 0.578947
vt 0.131579 0.605263
vt 0.131579 0.578947
vt 0.131579 0.605263
vt 0.302632 0.631579
vt 0.302632 0.631579
vt 0.302632 0.605263
vt 0.302632 0.605263
vt 0.302632 0.631579
vt 0.302632 0.605263
vt 0.302632 0.631579
vt 0.302632 0.605263
vt 0.302632 0.631579
vt 0.302632 0.605263
vt 0.302632 0.631579
vt 0.302632 0.605263
vt 0.302632 0.631579
vt 0.302632 0.605263
vt 0.302632 0.605263
vt 0.302632 0.605263
vt 0.302632 0.605263
vt 0.302632 0.605263
vt 0.302632 0.605263
vt 0.302632 0.605263
vt 0.302632 0.605263
vt 0.302632 0.631579
vt 0.302632 0.631579
vt 0.302632 0.605263
vt 0.302632 0.631579
vt 0.302632 0.605263
vt 0.302632 0.631579
vt 0.302632 0.605263
vt 0.302632 0.631579
vt 0.302632 0.605263
vt 0.302632 0.631579
vt 0.302632 0.605263
vt 0.302632 0.631579
vt 0.302632 0.605263
vt 0.157895 0.631579
vt 0.157895 0.657895
vt 0.157895 0.657895
vt 0.157895 0.631579
vt 0.157895 0.631579
vt 0.157895 0.657895
vt 0.157895 0.631579
vt 0.157895 0.657895
vt 0.184211 0.657895
vt 0.184211 0.657895
vt 0.184211 0.684211
vt 0.184211 0.657895
vt 0.184211 0.657895
vt 0.184211 0.657895
vt 0.184211 0.657895
vt 0.184211 0.684211
vt 0.171053 0.684211
vt 0.171053 0.710526
vt 0.171053 0.710526
vt 0.171053 0.684211
vt 0.171053 0.684211
vt 0.171053 0.710526
vt 0.171053 0.710526
vt 0.171053 0.710526
vt 0.171053 0.710526
vt 0.171053 0.710526
vt 0.171053 0.710526
vt 0.171053 0.710526
vt 0.171053 0.710526
vt 0.171053 0.710526
vt 0.171053 0.710526
vt 0.171053 0.710526
vt 0.171053 0.710526
vt 0.171053 0.710526
vt 0.171053 0.710526
vt 0.171053 0.710526
vt 0.171053 0.710526
vt 0.171053 0.684211
vt 0.171053 0.710526
vt 0.171053 0.684211
vt 0.171053 0.684211
vt 0.171053 0.710526
vt 0.128947 0.842105
vt 0.128947 0.842105
vt 0.128947 0.815789
vt 0.128947 0.815789
vt 0.128947 0.815789
vt 0.128947 0.815789
vt 0.128947 0.815789
vt 0.128947 0.815789
vt 0.128947 0.815789
vt 0.128947 0.815789
vt 0.128947 0.815789
vt 0.128947 0.815789
vt 0.128947 0.842105
vt 0.128947 0.842105
vt 0.128947 0.815789
vt 0.128947 0.868421
vt 0.128947 0.868421
vt 0.128947 0.868421
vt 0.128947 0.868421
vt 0.128947 0.868421
vt 0.128947 0.868421
vt 0.128947 0.868421
vt 0.128947 0.868421
vt 0.128947 0.868421
vt 0.092105 0.921053
vt 0.092105 0.947368
vt 0.092105 0.947368
vt 0.092105 0.921053
vt 0.092105 0.921053
vt 0.092105 0.947368
vt 0.092105 0.947368
vt 0.092105 0.921053
vt 0.092105 0.947368
vt 0.092105 0.921053
vt 0.092105 0.947368
vt 0.092105 0.921053
vt 0.092105 0.947368
vt 0.092105 0.921053
vt 0.092105 0.947368
vt 0.092105 0.921053
vt 0.092105 0.947368
vt 0.092105 0.921053
vt 0.092105 0.947368
vt 0.092105 0.921053
vt 0.092105 0.921053
vt 0.092105 0.947368
vt 0.210526 0.026316
vt 0.210526 0.026316
vt 0.210526 0.000000
vt 0.210526 0.000000
vt 0.210526 0.026316
vt 0.210526 0.000000
vt 0.210526 0.000000
vt 0.210526 0.000000
vt 0.210526 0.000000
vt 0.210526 0.000000
vt 0.210526 0.000000
vt 0.210526 0.000000
vt 0.210526 0.000000
vt 0.210526 0.000000
vt 0.210526 0.000000
vt 0.210526 0.000000
vt 0.210526 0.000000
vt 0.210526 0.000000
vt 0.210526 0.026316
vt 0.210526 0.026316
vt 0.210526 0.000000
vt 0.210526 0.026316
vt 0.210526 0.000000
vt 0.157895 0.052632
vt 0.157895 0.026316
vt 0.157895 0.026316
vt 0.157895 0.052632
vt 0.157895 0.078947
vt 0.157895 0.078947
vt 0.171053 0.078947
vt 0.171053 0.105263
vt 0.171053 0.105263
vt 0.171053 0.078947
vt 0.171053 0.078947
vt 0.171053 0.105263
vt 0.171053 0.078947
vt 0.171053 0.105263
vt 0.171053 0.105263
vt 0.171053 0.078947
vt 0.171053 0.078947
vt 0.171053 0.105263
vt 0.197368 0.105263
vt 0.197368 0.131579
vt 0.197368 0.131579
vt 0.197368 0.105263
vt 0.197368 0.105263
vt 0.197368 0.131579
vt 0.197368 0.105263
vt 0.197368 0.131579
vt 0.197368 0.131579
vt 0.197368 0.105263
vt 0.197368 0.105263
vt 0.197368 0.131579
vt 0.210526 0.157895
vt 0.210526 0.131579
vt 0.210526 0.131579
vt 0.210526 0.157895
vt 0.210526 0.184211
vt 0.210526 0.184211
vt 0.210526 0.184211
vt 0.210526 0.184211
vt 0.197368 0.210526
vt 0.197368 0.184211
vt 0.197368 0.184211
vt 0.197368 0.210526
vt 0.184211 0.210526
vt 0.184211 0.236842
vt 0.184211 0.236842
vt 0.184211 0.210526
vt 0.184211 0.210526
vt 0.184211 0.236842
vt 0.184211 0.210526
vt 0.184211 0.236842
vt 0.197368 0.263158
vt 0.197368 0.236842
vt 0.197368 0.236842
vt 0.197368 0.263158
vt 0.210526 0.263158
vt 0.210526 0.263158
vt 0.210526 0.289474
vt 0.210526 0.263158
vt 0.210526 0.263158
vt 0.210526 0.289474
vt 0.223684 0.315789
vt 0.223684 0.289474
vt 0.223684 0.289474
vt 0.223684 0.315789
vt 0.223684 0.315789
vt 0.223684 0.342105
vt 0.223684 0.342105
vt 0.223684 0.315789
vt 0.223684 0.342105
vt 0.223684 0.342105
vt 0.223684 0.342105
vt 0.223684 0.315789
vt 0.223684 0.315789
vt 0.223684 0.342105
vt 0.236842 0.368421
vt 0.236842 0.342105
vt 0.236842 0.342105
vt 0.236842 0.368421
vt 0.231908 0.394737
vt 0.231908 0.368421
vt 0.231908 0.368421
vt 0.231908 0.394737
vt 0.268219 0.421053
vt 0.268219 0.421053
vt 0.268219 0.394737
vt 0.268219 0.394737
vt 0.268219 0.421053
vt 0.268219 0.421053
vt 0.268219 0.421053
vt 0.268219 0.421053
vt 0.268219 0.421053
vt 0.268219 0.421053
vt 0.268219 0.421053
vt 0.268219 0.421053
vt 0.268219 0.421053
vt 0.268219 0.421053
vt 0.268219 0.394737
vt 0.268219 0.394737
vt 0.144737 0.421053
vt 0.144737 0.447368
vt 0.144737 0.447368
vt 0.144737 0.421053
vt 0.144737 0.421053
vt 0.144737 0.447368
vt 0.144737 0.447368
vt 0.144737 0.421053
vt 0.157895 0.447368
vt 0.157895 0.473684
vt 0.157895 0.473684
vt 0.157895 0.447368
vt 0.157895 0.447368
vt 0.157895 0.473684
vt 0.157895 0.473684
vt 0.157895 0.447368
vt 0.157895 0.500000
vt 0.157895 0.500000
vt 0.157895 0.526316
vt 0.157895 0.526316
vt 0.157895 0.526316
vt 0.157895 0.526316
vt 0.144737 0.552632
vt 0.144737 0.526316
vt 0.144737 0.526316
vt 0.144737 0.552632
vt 0.288278 0.552632
vt 0.288278 0.578947
vt 0.288278 0.578947
vt 0.288278 0.578947
vt 0.288278 0.552632
vt 0.288278 0.552632
vt 0.288278 0.578947
vt 0.288278 0.552632
vt 0.288278 0.578947
vt 0.288278 0.552632
vt 0.288278 0.578947
vt 0.288278 0.552632
vt 0.288278 0.578947
vt 0.288278 0.552632
vt 0.288278 0.578947
vt 0.288278 0.552632
vt 0.288278 0.578947
vt 0.288278 0.578947
vt 0.288278 0.578947
vt 0.288278 0.578947
vt 0.288278 0.552632
vt 0.288278 0.552632
vt 0.288278 0.578947
vt 0.288278 0.552632
vt 0.288278 0.578947
vt 0.288278 0.552632
vt 0.288278 0.578947
vt 0.288278 0.552632
vt 0.288278 0.578947
vt 0.288278 0.552632
vt 0.288278 0.552632
vt 0.288278 0.578947
vt 0.288278 0.578947
vt 0.288278 0.552632
vt 0.131579 0.578947
vt 0.131579 0.578947
vt 0.131579 0.605263
vt 0.131579 0.605263
vt 0.131579 0.605263
vt 0.131579 0.578947
vt 0.131579 0.578947
vt 0.131579 0.605263
vt 0.131579 0.578947
vt 0.131579 0.605263
vt 0.131579 0.578947
vt 0.131579 0.605263
vt 0.302632 0.631579
vt 0.302632 0.631579
vt 0.302632 0.605263
vt 0.302632 0.605263
vt 0.302632 0.631579
vt 0.302632 0.605263
vt 0.302632 0.631579
vt 0.302632 0.605263
vt 0.302632 0.631579
vt 0.302632 0.605263
vt 0.302632 0.631579
vt 0.302632 0.605263
vt 0.302632 0.631579
vt 0.302632 0.605263
vt 0.302632 0.605263
vt 0.302632 0.605263
vt 0.302632 0.605263
vt 0.302632 0.631579
vt 0.302632 0.631579
vt 0.302632 0.605263
vt 0.302632 0.631579
vt 0.302632 0.605263
vt 0.302632 0.631579
vt 0.302632 0.605263
vt 0.302632 0.631579
vt 0.302632 0.605263
vt 0.302632 0.631579
vt 0.302632 0.605263
vt 0.302632 0.631579
vt 0.302632 0.605263
vt 0.157895 0.657895
vt 0.157895 0.631579
vt 0.157895 0.631579
vt 0.157895 0.657895
vt 0.184211 0.684211
vt 0.184211 0.684211
vt 0.184211 0.684211
vt 0.184211 0.657895
vt 0.184211 0.657895
vt 0.184211 0.657895
vt 0.184211 0.657895
vt 0.184211 0.657895
vt 0.184211 0.684211
vt 0.184211 0.684211
vt 0.184211 0.684211
vt 0.184211 0.657895
vt 0.171053 0.710526
vt 0.171053 0.710526
vt 0.171053 0.684211
vt 0.171053 0.710526
vt 0.171053 0.710526
vt 0.171053 0.710526
vt 0.171053 0.710526
vt 0.171053 0.710526
vt 0.171053 0.710526
vt 0.171053 0.710526
vt 0.171053 0.710526
vt 0.171053 0.710526
vt 0.171053 0.710526
vt 0.171053 0.710526
vt 0.171053 0.684211
vt 0.128947 0.815789
vt 0.128947 0.842105
vt 0.128947 0.842105
vt 0.128947 0.815789
vt 0.128947 0.815789
vt 0.128947 0.815789
vt 0.128947 0.815789
vt 0.128947 0.815789
vt 0.128947 0.815789
vt 0.128947 0.815789
vt 0.128947 0.815789
vt 0.128947 0.815789
vt 0.128947 0.842105
vt 0.128947 0.842105
vt 0.128947 0.815789
vt 0.128947 0.868421
vt 0.128947 0.868421
vt 0.128947 0.868421
vt 0.128947 0.868421
vt 0.128947 0.868421
vt 0.128947 0.868421
vt 0.128947 0.868421
vt 0.128947 0.868421
vt 0.128947 0.868421
vt 0.128947 0.868421
vt 0.128947 0.868421
vt 0.128947 0.868421
vt 0.128947 0.868421
vt 0.109649 0.894737
vt 0.109649 0.894737
vt 0.109649 0.921053
vt 0.109649 0.921053
vt 0.109649 0.894737
vt 0.109649 0.894737
vt 0.109649 0.921053
vt 0.109649 0.894737
vt 0.109649 0.921053
vt 0.109649 0.894737
vt 0.109649 0.894737
vt 0.109649 0.921053
vt 0.109649 0.894737
vt 0.109649 0.894737
vt 0.109649 0.921053
vt 0.109649 0.894737
vt 0.109649 0.921053
vt 0.092105 0.947368
vt 0.092105 0.947368
vt 0.092105 0.921053
vt 0.092105 0.921053
vt 0.092105 0.947368
vt 0.092105 0.947368
vt 0.092105 0.947368
vt 0.092105 0.947368
vt 0.092105 0.947368
vt 0.092105 0.921053
vt 0.092105 0.921053
vt 0.210526 0.026316
vt 0.210526 0.026316
vt 0.210526 0.000000
vt 0.210526 0.000000
vt 0.210526 0.026316
vt 0.210526 0.000000
vt 0.210526 0.000000
vt 0.210526 0.000000
vt 0.210526 0.000000
vt 0.210526 0.000000
vt 0.210526 0.000000
vt 0.210526 0.000000
vt 0.210526 0.000000
vt 0.210526 0.000000
vt 0.210526 0.000000
vt 0.210526 0.000000
vt 0.210526 0.000000
vt 0.210526 0.000000
vt 0.210526 0.026316
vt 0.210526 0.026316
vt 0.210526 0.000000
vt 0.210526 0.026316
vt 0.210526 0.000000
vt 0.157895 0.026316
vt 0.157895 0.052632
vt 0.157895 0.052632
vt 0.157895 0.026316
vt 0.157895 0.026316
vt 0.157895 0.052632
vt 0.157895 0.052632
vt 0.157895 0.026316
vt 0.157895 0.078947
vt 0.157895 0.078947
vt 0.157895 0.078947
vt 0.157895 0.078947
vt 0.171053 0.105263
vt 0.171053 0.078947
vt 0.171053 0.078947
vt 0.171053 0.105263
vt 0.197368 0.105263
vt 0.197368 0.105263
vt 0.197368 0.105263
vt 0.197368 0.131579
vt 0.197368 0.105263
vt 0.197368 0.105263
vt 0.197368 0.105263
vt 0.197368 0.131579
vt 0.210526 0.131579
vt 0.210526 0.131579
vt 0.210526 0.131579
vt 0.210526 0.157895
vt 0.210526 0.131579
vt 0.210526 0.131579
vt 0.210526 0.131579
vt 0.210526 0.157895
vt 0.210526 0.184211
vt 0.210526 0.184211
vt 0.197368 0.184211
vt 0.197368 0.210526
vt 0.197368 0.210526
vt 0.197368 0.184211
vt 0.197368 0.184211
vt 0.197368 0.210526
vt 0.197368 0.184211
vt 0.197368 0.210526
vt 0.197368 0.210526
vt 0.197368 0.184211
vt 0.197368 0.184211
vt 0.197368 0.210526
vt 0.184211 0.236842
vt 0.184211 0.210526
vt 0.184211 0.210526
vt 0.184211 0.236842
vt 0.197368 0.263158
vt 0.197368 0.236842
vt 0.197368 0.236842
vt 0.197368 0.263158
vt 0.210526 0.263158
vt 0.210526 0.263158
vt 0.210526 0.289474
vt 0.210526 0.263158
vt 0.210526 0.263158
vt 0.210526 0.289474
vt 0.223684 0.289474
vt 0.223684 0.315789
vt 0.223684 0.315789
vt 0.223684 0.289474
vt 0.223684 0.289474
vt 0.223684 0.289474
vt 0.223684 0.315789
vt 0.223684 0.315789
vt 0.223684 0.289474
vt 0.223684 0.289474
vt 0.223684 0.342105
vt 0.223684 0.342105
vt 0.236842 0.342105
vt 0.236842 0.342105
vt 0.236842 0.342105
vt 0.236842 0.368421
vt 0.236842 0.342105
vt 0.236842 0.342105
vt 0.236842 0.342105
vt 0.236842 0.368421
vt 0.231908 0.394737
vt 0.231908 0.368421
vt 0.231908 0.368421
vt 0.231908 0.394737
vt 0.268219 0.394737
vt 0.268219 0.421053
vt 0.268219 0.421053
vt 0.268219 0.394737
vt 0.268219 0.421053
vt 0.268219 0.421053
vt 0.268219 0.421053
vt 0.268219 0.421053
vt 0.268219 0.421053
vt 0.268219 0.421053
vt 0.268219 0.421053
vt 0.268219 0.421053
vt 0.268219 0.421053
vt 0.268219 0.421053
vt 0.268219 0.421053
vt 0.268219 0.421053
vt 0.268219 0.421053
vt 0.268219 0.394737
vt 0.268219 0.421053
vt 0.268219 0.394737
vt 0.144737 0.421053
vt 0.144737 0.447368
vt 0.144737 0.447368
vt 0.144737 0.421053
vt 0.144737 0.447368
vt 0.144737 0.421053
vt 0.144737 0.421053
vt 0.144737 0.447368
vt 0.144737 0.447368
vt 0.144737 0.421053
vt 0.144737 0.447368
vt 0.144737 0.421053
vt 0.157895 0.447368
vt 0.157895 0.447368
vt 0.157895 0.447368
vt 0.157895 0.473684
vt 0.157895 0.447368
vt 0.157895 0.447368
vt 0.157895 0.447368
vt 0.157895 0.473684
vt 0.157895 0.473684
vt 0.157895 0.500000
vt 0.157895 0.500000
vt 0.157895 0.500000
vt 0.157895 0.500000
vt 0.157895 0.473684
vt 0.157895 0.526316
vt 0.157895 0.526316
vt 0.157895 0.526316
vt 0.157895 0.526316
vt 0.144737 0.552632
vt 0.144737 0.526316
vt 0.144737 0.526316
vt 0.144737 0.552632
vt 0.288278 0.578947
vt 0.288278 0.578947
vt 0.288278 0.552632
vt 0.288278 0.552632
vt 0.288278 0.578947
vt 0.288278 0.552632
vt 0.288278 0.578947
vt 0.288278 0.552632
vt 0.288278 0.578947
vt 0.288278 0.552632
vt 0.288278 0.578947
vt 0.288278 0.552632
vt 0.288278 0.578947
vt 0.288278 0.552632
vt 0.288278 0.578947
vt 0.288278 0.578947
vt 0.288278 0.578947
vt 0.288278 0.578947
vt 0.288278 0.552632
vt 0.288278 0.552632
vt 0.288278 0.578947
vt 0.288278 0.552632
vt 0.288278 0.578947
vt 0.288278 0.552632
vt 0.288278 0.578947
vt 0.288278 0.552632
vt 0.288278 0.578947
vt 0.288278 0.552632
vt 0.288278 0.578947
vt 0.288278 0.552632
vt 0.131579 0.605263
vt 0.131579 0.578947
vt 0.131579 0.578947
vt 0.131579 0.605263
vt 0.302632 0.631579
vt 0.302632 0.631579
vt 0.302632 0.605263
vt 0.302632 0.605263
vt 0.302632 0.631579
vt 0.302632 0.605263
vt 0.302632 0.631579
vt 0.302632 0.605263
vt 0.302632 0.631579
vt 0.302632 0.605263
vt 0.302632 0.631579
vt 0.302632 0.605263
vt 0.302632 0.605263
vt 0.302632 0.605263
vt 0.302632 0.605263
vt 0.302632 0.605263
vt 0.302632 0.605263
vt 0.302632 0.631579
vt 0.302632 0.631579
vt 0.302632 0.605263
vt 0.302632 0.631579
vt 0.302632 0.605263
vt 0.302632 0.631579
vt 0.302632 0.605263
vt 0.302632 0.631579
vt 0.302632 0.605263
vt 0.302632 0.631579
vt 0.302632 0.605263
vt 0.157895 0.631579
vt 0.157895 0.657895
vt 0.157895 0.657895
vt 0.157895 0.631579
vt 0.157895 0.631579
vt 0.157895 0.657895
vt 0.157895 0.631579
vt 0.157895 0.657895
vt 0.184211 0.684211
vt 0.184211 0.684211
vt 0.184211 0.657895
vt 0.184211 0.657895
vt 0.184211 0.684211
vt 0.184211 0.684211
vt 0.184211 0.657895
vt 0.184211 0.657895
vt 0.171053 0.710526
vt 0.171053 0.710526
vt 0.171053 0.684211
vt 0.171053 0.710526
vt 0.171053 0.710526
vt 0.171053 0.710526
vt 0.171053 0.710526
vt 0.171053 0.710526
vt 0.171053 0.710526
vt 0.171053 0.710526
vt 0.171053 0.710526
vt 0.171053 0.710526
vt 0.171053 0.710526
vt 0.171053 0.710526
vt 0.171053 0.684211
vt 0.128947 0.815789
vt 0.128947 0.815789
vt 0.128947 0.842105
vt 0.128947 0.815789
vt 0.128947 0.815789
vt 0.128947 0.815789
vt 0.128947 0.815789
vt 0.128947 0.815789
vt 0.128947 0.815789
vt 0.128947 0.815789
vt 0.128947 0.842105
vt 0.128947 0.868421
vt 0.128947 0.868421
vt 0.128947 0.842105
vt 0.128947 0.868421
vt 0.128947 0.868421
vt 0.128947 0.868421
vt 0.128947 0.868421
vt 0.128947 0.868421
vt 0.128947 0.868421
vt 0.128947 0.868421
vt 0.128947 0.868421
vt 0.128947 0.868421
vt 0.128947 0.842105
vt 0.109649 0.894737
vt 0.109649 0.921053
vt 0.109649 0.894737
vt 0.109649 0.894737
vt 0.109649 0.921053
vt 0.109649 0.894737
vt 0.109649 0.894737
vt 0.109649 0.894737
vt 0.109649 0.894737
vt 0.109649 0.894737
vt 0.109649 0.921053
vt 0.109649 0.894737
vt 0.109649 0.921053
vt 0.092105 0.921053
vt 0.092105 0.947368
vt 0.092105 0.947368
vt 0.092105 0.921053
vt 0.092105 0.947368
vt 0.092105 0.947368
vt 0.092105 0.947368
vt 0.092105 0.947368
vt 0.092105 0.921053
vt 0.092105 0.947368
vt 0.092105 0.921053
vt 0.210526 0.000000
vt 0.210526 0.026316
vt 0.210526 0.026316
vt 0.210526 0.000000
vt 0.210526 0.026316
vt 0.210526 0.000000
vt 0.210526 0.026316
vt 0.210526 0.026316
vt 0.210526 0.000000
vt 0.210526 0.000000
vt 0.210526 0.000000
vt 0.210526 0.000000
vt 0.210526 0.000000
vt 0.210526 0.000000
vt 0.210526 0.000000
vt 0.210526 0.000000
vt 0.210526 0.000000
vt 0.210526 0.000000
vt 0.210526 0.000000
vt 0.210526 0.026316
vt 0.210526 0.026316
vt 0.210526 0.026316
vt 0.210526 0.000000
vt 0.210526 0.026316
vt 0.210526 0.000000
vt 0.210526 0.026316
vt 0.210526 0.000000
vt 0.157895 0.052632
vt 0.157895 0.026316
vt 0.157895 0.026316
vt 0.157895 0.052632
vt 0.157895 0.078947
vt 0.157895 0.078947
vt 0.171053 0.078947
vt 0.171053 0.078947
vt 0.171053 0.078947
vt 0.171053 0.105263
vt 0.171053 0.078947
vt 0.171053 0.078947
vt 0.171053 0.078947
vt 0.171053 0.105263
vt 0.197368 0.105263
vt 0.197368 0.105263
vt 0.197368 0.131579
vt 0.197368 0.105263
vt 0.197368 0.105263
vt 0.197368 0.131579
vt 0.210526 0.131579
vt 0.210526 0.131579
vt 0.210526 0.157895
vt 0.210526 0.131579
vt 0.210526 0.131579
vt 0.210526 0.157895
vt 0.210526 0.184211
vt 0.210526 0.184211
vt 0.210526 0.184211
vt 0.210526 0.184211
vt 0.210526 0.184211
vt 0.210526 0.184211
vt 0.197368 0.210526
vt 0.197368 0.184211
vt 0.197368 0.184211
vt 0.197368 0.210526
vt 0.184211 0.236842
vt 0.184211 0.210526
vt 0.184211 0.210526
vt 0.184211 0.236842
vt 0.197368 0.236842
vt 0.197368 0.263158
vt 0.197368 0.263158
vt 0.197368 0.236842
vt 0.197368 0.236842
vt 0.197368 0.263158
vt 0.197368 0.236842
vt 0.197368 0.263158
vt 0.197368 0.263158
vt 0.197368 0.236842
vt 0.197368 0.236842
vt 0.197368 0.263158
vt 0.210526 0.289474
vt 0.210526 0.263158
vt 0.210526 0.263158
vt 0.210526 0.289474
vt 0.223684 0.315789
vt 0.223684 0.289474
vt 0.223684 0.289474
vt 0.223684 0.315789
vt 0.223684 0.342105
vt 0.223684 0.342105
vt 0.236842 0.342105
vt 0.236842 0.342105
vt 0.236842 0.368421
vt 0.236842 0.342105
vt 0.236842 0.342105
vt 0.236842 0.368421
vt 0.231908 0.368421
vt 0.231908 0.394737
vt 0.231908 0.394737
vt 0.231908 0.368421
vt 0.231908 0.368421
vt 0.231908 0.394737
vt 0.231908 0.394737
vt 0.231908 0.368421
vt 0.268219 0.421053
vt 0.268219 0.421053
vt 0.268219 0.394737
vt 0.268219 0.421053
vt 0.268219 0.421053
vt 0.268219 0.421053
vt 0.268219 0.421053
vt 0.268219 0.421053
vt 0.268219 0.421053
vt 0.268219 0.421053
vt 0.268219 0.421053
vt 0.268219 0.421053
vt 0.268219 0.421053
vt 0.268219 0.421053
vt 0.268219 0.421053
vt 0.268219 0.421053
vt 0.268219 0.421053
vt 0.268219 0.421053
vt 0.268219 0.421053
vt 0.268219 0.421053
vt 0.268219 0.421053
vt 0.268219 0.394737
vt 0.144737 0.421053
vt 0.144737 0.447368
vt 0.144737 0.447368
vt 0.144737 0.421053
vt 0.144737 0.447368
vt 0.144737 0.421053
vt 0.144737 0.447368
vt 0.144737 0.421053
vt 0.144737 0.447368
vt 0.144737 0.421053
vt 0.157895 0.447368
vt 0.157895 0.473684
vt 0.157895 0.473684
vt 0.157895 0.447368
vt 0.157895 0.447368
vt 0.157895 0.447368
vt 0.157895 0.447368
vt 0.157895 0.447368
vt 0.157895 0.447368
vt 0.157895 0.447368
vt 0.157895 0.447368
vt 0.157895 0.447368
vt 0.157895 0.447368
vt 0.157895 0.473684
vt 0.157895 0.473684
vt 0.157895 0.447368
vt 0.157895 0.500000
vt 0.157895 0.500000
vt 0.157895 0.500000
vt 0.157895 0.526316
vt 0.157895 0.526316
vt 0.157895 0.526316
vt 0.157895 0.526316
vt 0.157895 0.500000
vt 0.144737 0.526316
vt 0.144737 0.552632
vt 0.144737 0.552632
vt 0.144737 0.526316
vt 0.144737 0.526316
vt 0.144737 0.552632
vt 0.144737 0.526316
vt 0.144737 0.552632
vt 0.144737 0.552632
vt 0.144737 0.526316
vt 0.144737 0.526316
vt 0.144737 0.552632
vt 0.288278 0.578947
vt 0.288278 0.578947
vt 0.288278 0.552632
vt 0.288278 0.552632
vt 0.288278 0.578947
vt 0.288278 0.552632
vt 0.288278 0.578947
vt 0.288278 0.552632
vt 0.288278 0.578947
vt 0.288278 0.552632
vt 0.288278 0.578947
vt 0.288278 0.552632
vt 0.288278 0.578947
vt 0.288278 0.578947
vt 0.288278 0.578947
vt 0.288278 0.578947
vt 0.288278 0.552632
vt 0.288278 0.552632
vt 0.288278 0.578947
vt 0.288278 0.552632
vt 0.288278 0.578947
vt 0.288278 0.552632
vt 0.288278 0.578947
vt 0.288278 0.552632
vt 0.288278 0.578947
vt 0.288278 0.552632
vt 0.131579 0.578947
vt 0.131579 0.605263
vt 0.131579 0.605263
vt 0.131579 0.578947
vt 0.131579 0.578947
vt 0.131579 0.605263
vt 0.131579 0.578947
vt 0.131579 0.605263
vt 0.302632 0.605263
vt 0.302632 0.631579
vt 0.302632 0.631579
vt 0.302632 0.605263
vt 0.302632 0.605263
vt 0.302632 0.631579
vt 0.302632 0.631579
vt 0.302632 0.605263
vt 0.302632 0.631579
vt 0.302632 0.605263
vt 0.302632 0.631579
vt 0.302632 0.605263
vt 0.302632 0.631579
vt 0.302632 0.605263
vt 0.302632 0.631579
vt 0.302632 0.605263
vt 0.302632 0.605263
vt 0.302632 0.605263
vt 0.302632 0.605263
vt 0.302632 0.631579
vt 0.302632 0.631579
vt 0.302632 0.605263
vt 0.302632 0.631579
vt 0.302632 0.605263
vt 0.302632 0.631579
vt 0.302632 0.605263
vt 0.302632 0.631579
vt 0.302632 0.605263
vt 0.302632 0.631579
vt 0.302632 0.605263
vt 0.302632 0.631579
vt 0.302632 0.605263
vt 0.302632 0.605263
vt 0.302632 0.631579
vt 0.157895 0.657895
vt 0.157895 0.631579
vt 0.157895 0.631579
vt 0.157895 0.657895
vt 0.184211 0.684211
vt 0.184211 0.684211
vt 0.184211 0.657895
vt 0.184211 0.657895
vt 0.184211 0.684211
vt 0.184211 0.684211
vt 0.184211 0.657895
vt 0.184211 0.657895
vt 0.171053 0.684211
vt 0.171053 0.710526
vt 0.171053 0.710526
vt 0.171053 0.684211
vt 0.171053 0.710526
vt 0.171053 0.710526
vt 0.171053 0.710526
vt 0.171053 0.710526
vt 0.171053 0.710526
vt 0.171053 0.710526
vt 0.171053 0.710526
vt 0.171053 0.710526
vt 0.171053 0.710526
vt 0.171053 0.710526
vt 0.171053 0.684211
vt 0.171053 0.710526
vt 0.171053 0.684211
vt 0.128947 0.815789
vt 0.128947 0.842105
vt 0.128947 0.842105
vt 0.128947 0.815789
vt 0.128947 0.842105
vt 0.128947 0.815789
vt 0.128947 0.815789
vt 0.128947 0.815789
vt 0.128947 0.815789
vt 0.128947 0.815789
vt 0.128947 0.842105
vt 0.128947 0.842105
vt 0.128947 0.815789
vt 0.128947 0.842105
vt 0.128947 0.815789
vt 0.128947 0.868421
vt 0.128947 0.868421
vt 0.128947 0.842105
vt 0.128947 0.868421
vt 0.128947 0.868421
vt 0.128947 0.868421
vt 0.128947 0.868421
vt 0.128947 0.868421
vt 0.128947 0.868421
vt 0.128947 0.868421
vt 0.128947 0.868421
vt 0.128947 0.868421
vt 0.128947 0.842105
vt 0.109649 0.894737
vt 0.109649 0.921053
vt 0.109649 0.921053
vt 0.109649 0.921053
vt 0.109649 0.894737
vt 0.109649 0.894737
vt 0.109649 0.921053
vt 0.109649 0.921053
vt 0.109649 0.894737
vt 0.109649 0.894737
vt 0.109649 0.894737
vt 0.109649 0.894737
vt 0.109649 0.894737
vt 0.109649 0.921053
vt 0.109649 0.921053
vt 0.109649 0.921053
vt 0.109649 0.894737
vt 0.109649 0.894737
vt 0.109649 0.921053
vt 0.109649 0.921053
vt 0.109649 0.894737
vt 0.092105 0.921053
vt 0.092105 0.947368
vt 0.092105 0.947368
vt 0.092105 0.921053
vt 0.092105 0.947368
vt 0.092105 0.921053
vt 0.092105 0.947368
vt 0.092105 0.921053
vt 0.092105 0.947368
vt 0.092105 0.921053
vt 0.210526 0.026316
vt 0.210526 0.026316
vt 0.210526 0.000000
vt 0.210526 0.000000
vt 0.210526 0.026316
vt 0.210526 0.000000
vt 0.210526 0.000000
vt 0.210526 0.000000
vt 0.210526 0.000000
vt 0.210526 0.000000
vt 0.210526 0.000000
vt 0.210526 0.000000
vt 0.210526 0.000000
vt 0.210526 0.000000
vt 0.210526 0.000000
vt 0.210526 0.000000
vt 0.210526 0.026316
vt 0.210526 0.026316
vt 0.210526 0.000000
vt 0.210526 0.026316
vt 0.210526 0.000000
vt 0.157895 0.026316
vt 0.157895 0.052632
vt 0.157895 0.052632
vt 0.157895 0.026316
vt 0.157895 0.026316
vt 0.157895 0.052632
vt 0.157895 0.052632
vt 0.157895 0.026316
vt 0.157895 0.078947
vt 0.157895 0.078947
vt 0.157895 0.078947
vt 0.157895 0.078947
vt 0.171053 0.078947
vt 0.171053 0.105263
vt 0.171053 0.105263
vt 0.171053 0.078947
vt 0.171053 0.078947
vt 0.171053 0.105263
vt 0.171053 0.105263
vt 0.171053 0.078947
vt 0.197368 0.105263
vt 0.197368 0.131579
vt 0.197368 0.131579
vt 0.197368 0.105263
vt 0.197368 0.105263
vt 0.197368 0.131579
vt 0.197368 0.131579
vt 0.197368 0.105263
vt 0.210526 0.131579
vt 0.210526 0.157895
vt 0.210526 0.157895
vt 0.210526 0.131579
vt 0.210526 0.131579
vt 0.210526 0.157895
vt 0.210526 0.157895
vt 0.210526 0.131579
vt 0.210526 0.184211
vt 0.210526 0.184211
vt 0.210526 0.184211
vt 0.210526 0.184211
vt 0.197368 0.210526
vt 0.197368 0.184211
vt 0.197368 0.184211
vt 0.197368 0.210526
vt 0.184211 0.236842
vt 0.184211 0.210526
vt 0.184211 0.210526
vt 0.184211 0.236842
vt 0.197368 0.263158
vt 0.197368 0.236842
vt 0.197368 0.236842
vt 0.197368 0.263158
vt 0.210526 0.263158
vt 0.210526 0.263158
vt 0.210526 0.263158
vt 0.210526 0.289474
vt 0.210526 0.263158
vt 0.210526 0.263158
vt 0.210526 0.263158
vt 0.210526 0.289474
vt 0.223684 0.315789
vt 0.223684 0.289474
vt 0.223684 0.289474
vt 0.223684 0.315789
vt 0.223684 0.342105
vt 0.223684 0.342105
vt 0.236842 0.342105
vt 0.236842 0.368421
vt 0.236842 0.368421
vt 0.236842 0.342105
vt 0.236842 0.368421
vt 0.236842 0.342105
vt 0.236842 0.368421
vt 0.236842 0.368421
vt 0.236842 0.342105
vt 0.236842 0.368421
vt 0.231908 0.394737
vt 0.231908 0.368421
vt 0.231908 0.368421
vt 0.231908 0.394737
vt 0.268219 0.394737
vt 0.268219 0.421053
vt 0.268219 0.421053
vt 0.268219 0.394737
vt 0.268219 0.394737
vt 0.268219 0.421053
vt 0.268219 0.421053
vt 0.268219 0.421053
vt 0.268219 0.421053
vt 0.268219 0.421053
vt 0.268219 0.421053
vt 0.268219 0.421053
vt 0.268219 0.421053
vt 0.268219 0.421053
vt 0.268219 0.421053
vt 0.268219 0.421053
vt 0.268219 0.421053
vt 0.268219 0.421053
vt 0.268219 0.421053
vt 0.268219 0.421053
vt 0.268219 0.421053
vt 0.268219 0.421053
vt 0.268219 0.421053
vt 0.268219 0.421053
vt 0.268219 0.394737
vt 0.268219 0.421053
vt 0.268219 0.394737
vt 0.268219 0.394737
vt 0.157895 0.447368
vt 0.157895 0.473684
vt 0.157895 0.473684
vt 0.157895 0.447368
vt 0.157895 0.473684
vt 0.157895 0.447368
vt 0.157895 0.447368
vt 0.157895 0.447368
vt 0.157895 0.447368
vt 0.157895 0.447368
vt 0.157895 0.447368
vt 0.157895 0.447368
vt 0.157895 0.447368
vt 0.157895 0.473684
vt 0.157895 0.473684
vt 0.157895 0.447368
vt 0.157895 0.473684
vt 0.157895 0.447368
vt 0.157895 0.473684
vt 0.157895 0.500000
vt 0.157895 0.500000
vt 0.157895 0.500000
vt 0.157895 0.500000
vt 0.157895 0.473684
vt 0.157895 0.526316
vt 0.157895 0.526316
vt 0.144737 0.552632
vt 0.144737 0.526316
vt 0.144737 0.526316
vt 0.144737 0.552632
vt 0.288278 0.578947
vt 0.288278 0.578947
vt 0.288278 0.552632
vt 0.288278 0.552632
vt 0.288278 0.578947
vt 0.288278 0.552632
vt 0.288278 0.578947
vt 0.288278 0.552632
vt 0.288278 0.578947
vt 0.288278 0.552632
vt 0.288278 0.578947
vt 0.288278 0.552632
vt 0.288278 0.578947
vt 0.288278 0.552632
vt 0.288278 0.552632
vt 0.288278 0.578947
vt 0.288278 0.578947
vt 0.288278 0.552632
vt 0.288278 0.552632
vt 0.288278 0.552632
vt 0.288278 0.578947
vt 0.288278 0.552632
vt 0.288278 0.578947
vt 0.288278 0.552632
vt 0.288278 0.578947
vt 0.288278 0.552632
vt 0.288278 0.578947
vt 0.288278 0.552632
vt 0.288278 0.578947
vt 0.288278 0.552632
vt 0.131579 0.605263
vt 0.131579 0.578947
vt 0.131579 0.578947
vt 0.131579 0.605263
vt 0.302632 0.631579
vt 0.302632 0.631579
vt 0.302632 0.605263
vt 0.302632 0.605263
vt 0.302632 0.631579
vt 0.302632 0.605263
vt 0.302632 0.631579
vt 0.302632 0.605263
vt 0.302632 0.631579
vt 0.302632 0.605263
vt 0.302632 0.631579
vt 0.302632 0.605263
vt 0.302632 0.605263
vt 0.302632 0.605263
vt 0.302632 0.605263
vt 0.302632 0.631579
vt 0.302632 0.631579
vt 0.302632 0.605263
vt 0.302632 0.631579
vt 0.302632 0.605263
vt 0.302632 0.631579
vt 0.302632 0.605263
vt 0.302632 0.631579
vt 0.302632 0.605263
vt 0.302632 0.631579
vt 0.302632 0.605263
vt 0.157895 0.657895
vt 0.157895 0.631579
vt 0.157895 0.631579
vt 0.157895 0.657895
vt 0.184211 0.657895
vt 0.184211 0.684211
vt 0.184211 0.684211
vt 0.184211 0.657895
vt 0.184211 0.684211
vt 0.184211 0.684211
vt 0.184211 0.684211
vt 0.184211 0.684211
vt 0.184211 0.684211
vt 0.184211 0.657895
vt 0.184211 0.684211
vt 0.184211 0.657895
vt 0.171053 0.684211
vt 0.171053 0.710526
vt 0.171053 0.710526
vt 0.171053 0.684211
vt 0.171053 0.710526
vt 0.171053 0.710526
vt 0.171053 0.710526
vt 0.171053 0.710526
vt 0.171053 0.710526
vt 0.171053 0.710526
vt 0.171053 0.710526
vt 0.171053 0.710526
vt 0.171053 0.684211
vt 0.171053 0.710526
vt 0.171053 0.684211
vt 0.128947 0.815789
vt 0.128947 0.842105
vt 0.128947 0.842105
vt 0.128947 0.815789
vt 0.128947 0.842105
vt 0.128947 0.815789
vt 0.128947 0.842105
vt 0.128947 0.815789
vt 0.128947 0.842105
vt 0.128947 0.815789
vt 0.128947 0.842105
vt 0.128947 0.868421
vt 0.128947 0.868421
vt 0.128947 0.842105
vt 0.128947 0.868421
vt 0.128947 0.842105
vt 0.128947 0.868421
vt 0.128947 0.868421
vt 0.128947 0.868421
vt 0.128947 0.868421
vt 0.128947 0.868421
vt 0.128947 0.868421
vt 0.128947 0.842105
vt 0.128947 0.868421
vt 0.128947 0.842105
vt 0.128947 0.868421
vt 0.128947 0.842105
vt 0.109649 0.921053
vt 0.109649 0.921053
vt 0.109649 0.894737
vt 0.109649 0.894737
vt 0.109649 0.921053
vt 0.109649 0.894737
vt 0.109649 0.921053
vt 0.109649 0.921053
vt 0.109649 0.894737
vt 0.109649 0.921053
vt 0.109649 0.921053
vt 0.109649 0.894737
vt 0.109649 0.921053
vt 0.109649 0.921053
vt 0.109649 0.894737
vt 0.109649 0.921053
vt 0.109649 0.894737
vt 0.109649 0.921053
vt 0.109649 0.894737
vt 0.109649 0.921053
vt 0.109649 0.894737
vt 0.210526 0.000000
vt 0.210526 0.026316
vt 0.210526 0.026316
vt 0.210526 0.000000
vt 0.210526 0.026316
vt 0.210526 0.000000
vt 0.210526 0.026316
vt 0.210526 0.026316
vt 0.210526 0.000000
vt 0.210526 0.000000
vt 0.210526 0.000000
vt 0.210526 0.000000
vt 0.210526 0.000000
vt 0.210526 0.000000
vt 0.210526 0.000000
vt 0.210526 0.000000
vt 0.210526 0.000000
vt 0.210526 0.026316
vt 0.210526 0.026316
vt 0.210526 0.026316
vt 0.210526 0.000000
vt 0.210526 0.026316
vt 0.210526 0.000000
vt 0.210526 0.026316
vt 0.210526 0.000000
vt 0.157895 0.026316
vt 0.157895 0.052632
vt 0.157895 0.052632
vt 0.157895 0.026316
vt 0.157895 0.052632
vt 0.157895 0.026316
vt 0.157895 0.026316
vt 0.157895 0.052632
vt 0.157895 0.052632
vt 0.157895 0.026316
vt 0.157895 0.052632
vt 0.157895 0.026316
vt 0.157895 0.078947
vt 0.157895 0.078947
vt 0.157895 0.078947
vt 0.157895 0.078947
vt 0.157895 0.078947
vt 0.157895 0.078947
vt 0.171053 0.078947
vt 0.171053 0.105263
vt 0.171053 0.105263
vt 0.171053 0.078947
vt 0.171053 0.078947
vt 0.171053 0.078947
vt 0.171053 0.105263
vt 0.171053 0.105263
vt 0.171053 0.078947
vt 0.171053 0.078947
vt 0.197368 0.105263
vt 0.197368 0.105263
vt 0.197368 0.105263
vt 0.197368 0.131579
vt 0.197368 0.105263
vt 0.197368 0.105263
vt 0.197368 0.105263
vt 0.197368 0.131579
vt 0.210526 0.131579
vt 0.210526 0.131579
vt 0.210526 0.131579
vt 0.210526 0.157895
vt 0.210526 0.131579
vt 0.210526 0.131579
vt 0.210526 0.131579
vt 0.210526 0.157895
vt 0.210526 0.184211
vt 0.210526 0.184211
vt 0.197368 0.184211
vt 0.197368 0.210526
vt 0.197368 0.210526
vt 0.197368 0.184211
vt 0.197368 0.184211
vt 0.197368 0.210526
vt 0.197368 0.210526
vt 0.197368 0.184211
vt 0.184211 0.236842
vt 0.184211 0.210526
vt 0.184211 0.210526
vt 0.184211 0.236842
vt 0.197368 0.263158
vt 0.197368 0.236842
vt 0.197368 0.236842
vt 0.197368 0.263158
vt 0.210526 0.263158
vt 0.210526 0.289474
vt 0.210526 0.289474
vt 0.210526 0.263158
vt 0.210526 0.263158
vt 0.210526 0.289474
vt 0.210526 0.289474
vt 0.210526 0.263158
vt 0.223684 0.315789
vt 0.223684 0.289474
vt 0.223684 0.289474
vt 0.223684 0.315789
vt 0.223684 0.342105
vt 0.223684 0.342105
vt 0.223684 0.315789
vt 0.223684 0.315789
vt 0.223684 0.342105
vt 0.223684 0.342105
vt 0.236842 0.368421
vt 0.236842 0.342105
vt 0.236842 0.342105
vt 0.236842 0.368421
vt 0.231908 0.368421
vt 0.231908 0.394737
vt 0.231908 0.394737
vt 0.231908 0.368421
vt 0.231908 0.368421
vt 0.231908 0.394737
vt 0.231908 0.394737
vt 0.231908 0.368421
vt 0.268219 0.421053
vt 0.268219 0.421053
vt 0.268219 0.394737
vt 0.268219 0.421053
vt 0.268219 0.421053
vt 0.268219 0.421053
vt 0.268219 0.421053
vt 0.268219 0.421053
vt 0.268219 0.421053
vt 0.268219 0.421053
vt 0.268219 0.421053
vt 0.268219 0.421053
vt 0.268219 0.421053
vt 0.268219 0.421053
vt 0.268219 0.421053
vt 0.268219 0.421053
vt 0.268219 0.421053
vt 0.268219 0.421053
vt 0.268219 0.394737
vt 0.157895 0.447368
vt 0.157895 0.473684
vt 0.157895 0.473684
vt 0.157895 0.447368
vt 0.157895 0.473684
vt 0.157895 0.447368
vt 0.157895 0.473684
vt 0.157895 0.447368
vt 0.157895 0.473684
vt 0.157895 0.447368
vt 0.157895 0.473684
vt 0.157895 0.500000
vt 0.157895 0.500000
vt 0.157895 0.473684
vt 0.157895 0.500000
vt 0.157895 0.500000
vt 0.157895 0.500000
vt 0.157895 0.473684
vt 0.157895 0.500000
vt 0.157895 0.473684
vt 0.157895 0.500000
vt 0.157895 0.526316
vt 0.157895 0.526316
vt 0.157895 0.526316
vt 0.157895 0.526316
vt 0.157895 0.500000
vt 0.144737 0.552632
vt 0.144737 0.526316
vt 0.144737 0.526316
vt 0.144737 0.552632
vt 0.288278 0.578947
vt 0.288278 0.578947
vt 0.288278 0.552632
vt 0.288278 0.552632
vt 0.288278 0.578947
vt 0.288278 0.552632
vt 0.288278 0.578947
vt 0.288278 0.552632
vt 0.288278 0.578947
vt 0.288278 0.552632
vt 0.288278 0.578947
vt 0.288278 0.552632
vt 0.288278 0.578947
vt 0.288278 0.552632
vt 0.288278 0.578947
vt 0.288278 0.578947
vt 0.288278 0.552632
vt 0.288278 0.552632
vt 0.288278 0.578947
vt 0.288278 0.552632
vt 0.288278 0.578947
vt 0.288278 0.552632
vt 0.288278 0.578947
vt 0.288278 0.552632
vt 0.288278 0.578947
vt 0.288278 0.552632
vt 0.288278 0.578947
vt 0.288278 0.552632
vt 0.131579 0.605263
vt 0.131579 0.578947
vt 0.131579 0.578947
vt 0.131579 0.605263
vt 0.302632 0.631579
vt 0.302632 0.631579
vt 0.302632 0.605263
vt 0.302632 0.605263
vt 0.302632 0.631579
vt 0.302632 0.605263
vt 0.302632 0.631579
vt 0.302632 0.605263
vt 0.302632 0.631579
vt 0.302632 0.605263
vt 0.302632 0.631579
vt 0.302632 0.605263
vt 0.302632 0.605263
vt 0.302632 0.605263
vt 0.302632 0.605263
vt 0.302632 0.631579
vt 0.302632 0.631579
vt 0.302632 0.605263
vt 0.302632 0.631579
vt 0.302632 0.605263
vt 0.302632 0.631579
vt 0.302632 0.605263
vt 0.302632 0.631579
vt 0.302632 0.605263
vt 0.302632 0.631579
vt 0.302632 0.605263
vt 0.157895 0.631579
vt 0.157895 0.657895
vt 0.157895 0.657895
vt 0.157895 0.631579
vt 0.157895 0.631579
vt 0.157895 0.657895
vt 0.157895 0.657895
vt 0.157895 0.631579
vt 0.184211 0.657895
vt 0.184211 0.684211
vt 0.184211 0.684211
vt 0.184211 0.657895
vt 0.184211 0.684211
vt 0.184211 0.684211
vt 0.184211 0.684211
vt 0.184211 0.684211
vt 0.184211 0.684211
vt 0.184211 0.657895
vt 0.184211 0.684211
vt 0.184211 0.657895
vt 0.171053 0.684211
vt 0.171053 0.710526
vt 0.171053 0.710526
vt 0.171053 0.684211
vt 0.171053 0.710526
vt 0.171053 0.710526
vt 0.171053 0.710526
vt 0.171053 0.710526
vt 0.171053 0.710526
vt 0.171053 0.710526
vt 0.171053 0.684211
vt 0.171053 0.710526
vt 0.171053 0.684211
vt 0.128947 0.842105
vt 0.128947 0.868421
vt 0.128947 0.868421
vt 0.128947 0.842105
vt 0.128947 0.868421
vt 0.128947 0.842105
vt 0.128947 0.868421
vt 0.128947 0.842105
vt 0.128947 0.868421
vt 0.128947 0.842105
vt 0.128947 0.868421
vt 0.128947 0.842105
vt 0.128947 0.868421
vt 0.128947 0.842105
vt 0.128947 0.868421
vt 0.128947 0.842105
vt 0.128947 0.868421
vt 0.128947 0.842105
vt 0.109649 0.921053
vt 0.109649 0.921053
vt 0.109649 0.894737
vt 0.109649 0.894737
vt 0.109649 0.921053
vt 0.109649 0.894737
vt 0.109649 0.921053
vt 0.109649 0.894737
vt 0.109649 0.921053
vt 0.109649 0.894737
vt 0.109649 0.921053
vt 0.109649 0.894737
vt 0.109649 0.921053
vt 0.109649 0.894737
vt 0.109649 0.921053
vt 0.109649 0.894737
vt 0.109649 0.921053
vt 0.109649 0.894737
vt 0.210526 0.000000
vt 0.210526 0.026316
vt 0.210526 0.026316
vt 0.210526 0.000000
vt 0.210526 0.026316
vt 0.210526 0.000000
vt 0.210526 0.026316
vt 0.210526 0.026316
vt 0.210526 0.000000
vt 0.210526 0.026316
vt 0.210526 0.026316
vt 0.210526 0.000000
vt 0.210526 0.000000
vt 0.210526 0.000000
vt 0.210526 0.000000
vt 0.210526 0.000000
vt 0.210526 0.026316
vt 0.210526 0.026316
vt 0.210526 0.026316
vt 0.210526 0.026316
vt 0.210526 0.000000
vt 0.210526 0.026316
vt 0.210526 0.000000
vt 0.210526 0.026316
vt 0.210526 0.000000
vt 0.210526 0.026316
vt 0.210526 0.000000
vt 0.157895 0.026316
vt 0.157895 0.052632
vt 0.157895 0.052632
vt 0.157895 0.026316
vt 0.157895 0.052632
vt 0.157895 0.026316
vt 0.157895 0.052632
vt 0.157895 0.026316
vt 0.157895 0.052632
vt 0.157895 0.026316
vt 0.157895 0.078947
vt 0.157895 0.078947
vt 0.157895 0.078947
vt 0.157895 0.078947
vt 0.157895 0.078947
vt 0.171053 0.078947
vt 0.171053 0.105263
vt 0.171053 0.105263
vt 0.171053 0.078947
vt 0.171053 0.078947
vt 0.171053 0.078947
vt 0.171053 0.078947
vt 0.171053 0.078947
vt 0.171053 0.078947
vt 0.171053 0.078947
vt 0.171053 0.078947
vt 0.171053 0.105263
vt 0.171053 0.105263
vt 0.171053 0.078947
vt 0.197368 0.105263
vt 0.197368 0.131579
vt 0.197368 0.131579
vt 0.197368 0.105263
vt 0.197368 0.105263
vt 0.197368 0.105263
vt 0.197368 0.105263
vt 0.197368 0.105263
vt 0.197368 0.105263
vt 0.197368 0.131579
vt 0.197368 0.131579
vt 0.197368 0.105263
vt 0.210526 0.131579
vt 0.210526 0.157895
vt 0.210526 0.157895
vt 0.210526 0.131579
vt 0.210526 0.131579
vt 0.210526 0.157895
vt 0.210526 0.157895
vt 0.210526 0.131579
vt 0.210526 0.184211
vt 0.210526 0.184211
vt 0.210526 0.184211
vt 0.210526 0.184211
vt 0.210526 0.184211
vt 0.210526 0.184211
vt 0.197368 0.210526
vt 0.197368 0.184211
vt 0.197368 0.184211
vt 0.197368 0.210526
vt 0.184211 0.210526
vt 0.184211 0.236842
vt 0.184211 0.236842
vt 0.184211 0.210526
vt 0.184211 0.210526
vt 0.184211 0.210526
vt 0.184211 0.236842
vt 0.184211 0.236842
vt 0.184211 0.210526
vt 0.184211 0.210526
vt 0.197368 0.236842
vt 0.197368 0.263158
vt 0.197368 0.263158
vt 0.197368 0.236842
vt 0.197368 0.236842
vt 0.197368 0.263158
vt 0.197368 0.263158
vt 0.197368 0.236842
vt 0.210526 0.289474
vt 0.210526 0.263158
vt 0.210526 0.263158
vt 0.210526 0.289474
vt 0.223684 0.289474
vt 0.223684 0.315789
vt 0.223684 0.315789
vt 0.223684 0.289474
vt 0.223684 0.289474
vt 0.223684 0.289474
vt 0.223684 0.315789
vt 0.223684 0.315789
vt 0.223684 0.289474
vt 0.223684 0.289474
vt 0.223684 0.342105
vt 0.223684 0.342105
vt 0.223684 0.315789
vt 0.223684 0.315789
vt 0.223684 0.342105
vt 0.223684 0.342105
vt 0.236842 0.342105
vt 0.236842 0.368421
vt 0.236842 0.368421
vt 0.236842 0.342105
vt 0.236842 0.368421
vt 0.236842 0.342105
vt 0.236842 0.342105
vt 0.236842 0.368421
vt 0.236842 0.368421
vt 0.236842 0.342105
vt 0.236842 0.368421
vt 0.236842 0.342105
vt 0.231908 0.368421
vt 0.231908 0.394737
vt 0.231908 0.394737
vt 0.231908 0.368421
vt 0.231908 0.368421
vt 0.231908 0.394737
vt 0.231908 0.394737
vt 0.231908 0.368421
vt 0.268219 0.394737
vt 0.268219 0.421053
vt 0.268219 0.421053
vt 0.268219 0.394737
vt 0.268219 0.394737
vt 0.268219 0.421053
vt 0.268219 0.421053
vt 0.268219 0.421053
vt 0.268219 0.421053
vt 0.268219 0.421053
vt 0.268219 0.421053
vt 0.268219 0.421053
vt 0.268219 0.421053
vt 0.268219 0.421053
vt 0.268219 0.421053
vt 0.268219 0.421053
vt 0.268219 0.421053
vt 0.268219 0.421053
vt 0.268219 0.421053
vt 0.268219 0.394737
vt 0.268219 0.421053
vt 0.268219 0.394737
vt 0.268219 0.394737
vt 0.157895 0.473684
vt 0.157895 0.500000
vt 0.157895 0.500000
vt 0.157895 0.473684
vt 0.157895 0.500000
vt 0.157895 0.473684
vt 0.157895 0.500000
vt 0.157895 0.473684
vt 0.157895 0.500000
vt 0.157895 0.473684
vt 0.157895 0.500000
vt 0.157895 0.526316
vt 0.157895 0.526316
vt 0.157895 0.500000
vt 0.157895 0.526316
vt 0.157895 0.526316
vt 0.157895 0.526316
vt 0.157895 0.500000
vt 0.157895 0.526316
vt 0.157895 0.500000
vt 0.144737 0.526316
vt 0.144737 0.552632
vt 0.144737 0.552632
vt 0.144737 0.526316
vt 0.144737 0.526316
vt 0.144737 0.526316
vt 0.144737 0.552632
vt 0.144737 0.552632
vt 0.144737 0.526316
vt 0.144737 0.526316
vt 0.288278 0.552632
vt 0.288278 0.578947
vt 0.288278 0.578947
vt 0.288278 0.552632
vt 0.288278 0.578947
vt 0.288278 0.552632
vt 0.288278 0.578947
vt 0.288278 0.552632
vt 0.288278 0.578947
vt 0.288278 0.552632
vt 0.288278 0.578947
vt 0.288278 0.552632
vt 0.288278 0.578947
vt 0.288278 0.552632
vt 0.288278 0.578947
vt 0.288278 0.578947
vt 0.288278 0.552632
vt 0.288278 0.552632
vt 0.288278 0.578947
vt 0.288278 0.552632
vt 0.288278 0.578947
vt 0.288278 0.552632
vt 0.288278 0.578947
vt 0.288278 0.552632
vt 0.288278 0.578947
vt 0.288278 0.552632
vt 0.288278 0.578947
vt 0.288278 0.552632
vt 0.131579 0.578947
vt 0.131579 0.605263
vt 0.131579 0.605263
vt 0.131579 0.578947
vt 0.131579 0.578947
vt 0.131579 0.605263
vt 0.131579 0.605263
vt 0.131579 0.578947
vt 0.302632 0.631579
vt 0.302632 0.631579
vt 0.302632 0.605263
vt 0.302632 0.605263
vt 0.302632 0.631579
vt 0.302632 0.605263
vt 0.302632 0.631579
vt 0.302632 0.605263
vt 0.302632 0.631579
vt 0.302632 0.605263
vt 0.302632 0.631579
vt 0.302632 0.605263
vt 0.302632 0.631579
vt 0.302632 0.631579
vt 0.302632 0.605263
vt 0.302632 0.631579
vt 0.302632 0.631579
vt 0.302632 0.631579
vt 0.302632 0.605263
vt 0.302632 0.605263
vt 0.302632 0.631579
vt 0.302632 0.605263
vt 0.302632 0.631579
vt 0.302632 0.605263
vt 0.302632 0.631579
vt 0.302632 0.605263
vt 0.302632 0.631579
vt 0.302632 0.605263
vt 0.302632 0.631579
vt 0.302632 0.605263
vt 0.157895 0.657895
vt 0.157895 0.631579
vt 0.157895 0.631579
vt 0.157895 0.657895
vt 0.184211 0.657895
vt 0.184211 0.684211
vt 0.184211 0.684211
vt 0.184211 0.657895
vt 0.184211 0.684211
vt 0.184211 0.684211
vt 0.184211 0.684211
vt 0.184211 0.684211
vt 0.184211 0.684211
vt 0.184211 0.657895
vt 0.184211 0.684211
vt 0.184211 0.657895
vt 0.171053 0.684211
vt 0.171053 0.710526
vt 0.171053 0.710526
vt 0.171053 0.684211
vt 0.171053 0.710526
vt 0.171053 0.684211
vt 0.171053 0.710526
vt 0.171053 0.684211
vt 0.171053 0.710526
vt 0.171053 0.684211
vt 0.171053 0.710526
vt 0.171053 0.684211
vt 0.171053 0.710526
vt 0.171053 0.684211
vt 0.128947 0.842105
vt 0.128947 0.868421
vt 0.128947 0.868421
vt 0.128947 0.842105
vt 0.128947 0.868421
vt 0.128947 0.842105
vt 0.128947 0.842105
vt 0.128947 0.842105
vt 0.128947 0.868421
vt 0.128947 0.868421
vt 0.128947 0.842105
vt 0.128947 0.868421
vt 0.128947 0.842105
vt 0.039474 0.868421
vt 0.039474 0.868421
vt 0.039474 0.894737
vt 0.039474 0.894737
vt 0.039474 0.894737
vt 0.039474 0.868421
vt 0.039474 0.868421
vt 0.039474 0.894737
vt 0.039474 0.868421
vt 0.039474 0.894737
vt 0.109649 0.894737
vt 0.109649 0.921053
vt 0.109649 0.921053
vt 0.109649 0.894737
vt 0.109649 0.921053
vt 0.109649 0.894737
vt 0.109649 0.921053
vt 0.109649 0.894737
vt 0.109649 0.921053
vt 0.109649 0.921053
vt 0.109649 0.921053
vt 0.109649 0.894737
vt 0.109649 0.894737
vt 0.109649 0.921053
vt 0.109649 0.894737
vt 0.109649 0.921053
vt 0.109649 0.894737
vt 0.210526 0.000000
vt 0.210526 0.026316
vt 0.210526 0.026316
vt 0.210526 0.000000
vt 0.210526 0.026316
vt 0.210526 0.000000
vt 0.210526 0.026316
vt 0.210526 0.000000
vt 0.210526 0.026316
vt 0.210526 0.026316
vt 0.210526 0.000000
vt 0.210526 0.026316
vt 0.210526 0.026316
vt 0.210526 0.000000
vt 0.210526 0.026316
vt 0.210526 0.026316
vt 0.210526 0.000000
vt 0.210526 0.026316
vt 0.210526 0.000000
vt 0.210526 0.026316
vt 0.210526 0.000000
vt 0.210526 0.026316
vt 0.210526 0.000000
vt 0.210526 0.026316
vt 0.210526 0.000000
vt 0.171053 0.078947
vt 0.171053 0.105263
vt 0.171053 0.105263
vt 0.171053 0.078947
vt 0.171053 0.105263
vt 0.171053 0.078947
vt 0.171053 0.078947
vt 0.171053 0.105263
vt 0.171053 0.078947
vt 0.171053 0.078947
vt 0.171053 0.105263
vt 0.171053 0.078947
vt 0.171053 0.078947
vt 0.171053 0.105263
vt 0.171053 0.078947
vt 0.171053 0.105263
vt 0.171053 0.078947
vt 0.197368 0.105263
vt 0.197368 0.131579
vt 0.197368 0.131579
vt 0.197368 0.105263
vt 0.197368 0.131579
vt 0.197368 0.105263
vt 0.197368 0.105263
vt 0.197368 0.105263
vt 0.197368 0.131579
vt 0.197368 0.131579
vt 0.197368 0.105263
vt 0.197368 0.105263
vt 0.197368 0.131579
vt 0.197368 0.105263
vt 0.210526 0.131579
vt 0.210526 0.157895
vt 0.210526 0.157895
vt 0.210526 0.131579
vt 0.210526 0.131579
vt 0.210526 0.131579
vt 0.210526 0.157895
vt 0.210526 0.157895
vt 0.210526 0.131579
vt 0.210526 0.131579
vt 0.210526 0.184211
vt 0.210526 0.184211
vt 0.210526 0.184211
vt 0.210526 0.184211
vt 0.197368 0.184211
vt 0.197368 0.210526
vt 0.197368 0.210526
vt 0.197368 0.184211
vt 0.197368 0.184211
vt 0.197368 0.210526
vt 0.197368 0.210526
vt 0.197368 0.184211
vt 0.184211 0.210526
vt 0.184211 0.236842
vt 0.184211 0.236842
vt 0.184211 0.210526
vt 0.184211 0.210526
vt 0.184211 0.236842
vt 0.184211 0.236842
vt 0.184211 0.210526
vt 0.197368 0.263158
vt 0.197368 0.236842
vt 0.197368 0.236842
vt 0.197368 0.263158
vt 0.210526 0.263158
vt 0.210526 0.289474
vt 0.210526 0.289474
vt 0.210526 0.263158
vt 0.210526 0.263158
vt 0.210526 0.263158
vt 0.210526 0.289474
vt 0.210526 0.289474
vt 0.210526 0.263158
vt 0.210526 0.263158
vt 0.223684 0.289474
vt 0.223684 0.315789
vt 0.223684 0.315789
vt 0.223684 0.289474
vt 0.223684 0.289474
vt 0.223684 0.315789
vt 0.223684 0.315789
vt 0.223684 0.289474
vt 0.223684 0.342105
vt 0.223684 0.342105
vt 0.223684 0.315789
vt 0.223684 0.315789
vt 0.223684 0.342105
vt 0.223684 0.342105
vt 0.236842 0.342105
vt 0.236842 0.368421
vt 0.236842 0.368421
vt 0.236842 0.342105
vt 0.236842 0.368421
vt 0.236842 0.342105
vt 0.236842 0.342105
vt 0.236842 0.368421
vt 0.236842 0.368421
vt 0.236842 0.342105
vt 0.236842 0.368421
vt 0.236842 0.342105
vt 0.231908 0.368421
vt 0.231908 0.394737
vt 0.231908 0.394737
vt 0.231908 0.368421
vt 0.231908 0.368421
vt 0.231908 0.394737
vt 0.231908 0.394737
vt 0.231908 0.368421
vt 0.268219 0.394737
vt 0.268219 0.421053
vt 0.268219 0.421053
vt 0.268219 0.394737
vt 0.268219 0.394737
vt 0.268219 0.421053
vt 0.268219 0.394737
vt 0.268219 0.421053
vt 0.268219 0.421053
vt 0.268219 0.421053
vt 0.268219 0.421053
vt 0.268219 0.421053
vt 0.268219 0.421053
vt 0.268219 0.421053
vt 0.268219 0.421053
vt 0.268219 0.421053
vt 0.268219 0.421053
vt 0.268219 0.394737
vt 0.268219 0.421053
vt 0.268219 0.394737
vt 0.268219 0.421053
vt 0.268219 0.394737
vt 0.268219 0.394737
vt 0.157895 0.500000
vt 0.157895 0.526316
vt 0.157895 0.526316
vt 0.157895 0.500000
vt 0.157895 0.526316
vt 0.157895 0.500000
vt 0.157895 0.526316
vt 0.157895 0.500000
vt 0.157895 0.526316
vt 0.157895 0.500000
vt 0.144737 0.526316
vt 0.144737 0.552632
vt 0.144737 0.552632
vt 0.144737 0.526316
vt 0.144737 0.526316
vt 0.144737 0.552632
vt 0.144737 0.526316
vt 0.144737 0.526316
vt 0.144737 0.526316
vt 0.144737 0.552632
vt 0.144737 0.552632
vt 0.144737 0.526316
vt 0.144737 0.526316
vt 0.144737 0.526316
vt 0.144737 0.552632
vt 0.144737 0.526316
vt 0.288278 0.578947
vt 0.288278 0.578947
vt 0.288278 0.552632
vt 0.288278 0.552632
vt 0.288278 0.578947
vt 0.288278 0.552632
vt 0.288278 0.578947
vt 0.288278 0.552632
vt 0.288278 0.578947
vt 0.288278 0.552632
vt 0.288278 0.578947
vt 0.288278 0.552632
vt 0.288278 0.578947
vt 0.288278 0.578947
vt 0.288278 0.552632
vt 0.288278 0.552632
vt 0.288278 0.578947
vt 0.288278 0.578947
vt 0.288278 0.578947
vt 0.288278 0.552632
vt 0.288278 0.552632
vt 0.288278 0.552632
vt 0.288278 0.578947
vt 0.288278 0.552632
vt 0.288278 0.578947
vt 0.288278 0.552632
vt 0.288278 0.578947
vt 0.288278 0.552632
vt 0.288278 0.578947
vt 0.288278 0.552632
vt 0.288278 0.578947
vt 0.288278 0.552632
vt 0.131579 0.605263
vt 0.131579 0.578947
vt 0.131579 0.578947
vt 0.131579 0.605263
vt 0.302632 0.605263
vt 0.302632 0.631579
vt 0.302632 0.631579
vt 0.302632 0.605263
vt 0.302632 0.631579
vt 0.302632 0.605263
vt 0.302632 0.631579
vt 0.302632 0.605263
vt 0.302632 0.631579
vt 0.302632 0.605263
vt 0.302632 0.631579
vt 0.302632 0.605263
vt 0.302632 0.631579
vt 0.302632 0.605263
vt 0.302632 0.605263
vt 0.302632 0.605263
vt 0.302632 0.605263
vt 0.302632 0.605263
vt 0.302632 0.605263
vt 0.302632 0.631579
vt 0.302632 0.631579
vt 0.302632 0.605263
vt 0.302632 0.631579
vt 0.302632 0.605263
vt 0.302632 0.631579
vt 0.302632 0.605263
vt 0.302632 0.631579
vt 0.302632 0.605263
vt 0.302632 0.631579
vt 0.302632 0.605263
vt 0.302632 0.631579
vt 0.302632 0.605263
vt 0.157895 0.631579
vt 0.157895 0.657895
vt 0.157895 0.657895
vt 0.157895 0.631579
vt 0.157895 0.657895
vt 0.157895 0.631579
vt 0.157895 0.657895
vt 0.157895 0.657895
vt 0.157895 0.631579
vt 0.157895 0.657895
vt 0.184211 0.657895
vt 0.184211 0.684211
vt 0.184211 0.684211
vt 0.184211 0.657895
vt 0.184211 0.684211
vt 0.184211 0.684211
vt 0.184211 0.684211
vt 0.184211 0.684211
vt 0.184211 0.684211
vt 0.184211 0.684211
vt 0.184211 0.684211
vt 0.184211 0.684211
vt 0.184211 0.684211
vt 0.184211 0.684211
vt 0.184211 0.684211
vt 0.184211 0.657895
vt 0.184211 0.684211
vt 0.184211 0.657895
vt 0.128947 0.842105
vt 0.128947 0.868421
vt 0.128947 0.868421
vt 0.128947 0.842105
vt 0.128947 0.868421
vt 0.128947 0.842105
vt 0.128947 0.868421
vt 0.128947 0.842105
vt 0.128947 0.868421
vt 0.128947 0.842105
vt 0.039474 0.868421
vt 0.039474 0.894737
vt 0.039474 0.894737
vt 0.039474 0.868421
vt 0.039474 0.868421
vt 0.039474 0.894737
vt 0.039474 0.868421
vt 0.039474 0.894737
vt 0.039474 0.894737
vt 0.039474 0.868421
vt 0.039474 0.868421
vt 0.039474 0.894737
vt 0.109649 0.894737
vt 0.109649 0.921053
vt 0.109649 0.921053
vt 0.109649 0.894737
vt 0.109649 0.921053
vt 0.109649 0.921053
vt 0.109649 0.921053
vt 0.109649 0.921053
vt 0.109649 0.894737
vt 0.109649 0.921053
vt 0.109649 0.894737
vt 0.210526 0.000000
vt 0.210526 0.026316
vt 0.210526 0.026316
vt 0.210526 0.000000
vt 0.210526 0.026316
vt 0.210526 0.000000
vt 0.210526 0.026316
vt 0.210526 0.000000
vt 0.210526 0.026316
vt 0.210526 0.000000
vt 0.210526 0.026316
vt 0.210526 0.000000
vt 0.210526 0.026316
vt 0.210526 0.000000
vt 0.197368 0.105263
vt 0.197368 0.131579
vt 0.197368 0.131579
vt 0.197368 0.105263
vt 0.197368 0.105263
vt 0.197368 0.131579
vt 0.197368 0.105263
vt 0.197368 0.105263
vt 0.197368 0.131579
vt 0.197368 0.105263
vt 0.197368 0.105263
vt 0.197368 0.131579
vt 0.197368 0.105263
vt 0.197368 0.105263
vt 0.197368 0.131579
vt 0.197368 0.105263
vt 0.197368 0.105263
vt 0.197368 0.131579
vt 0.197368 0.105263
vt 0.210526 0.131579
vt 0.210526 0.157895
vt 0.210526 0.157895
vt 0.210526 0.131579
vt 0.210526 0.131579
vt 0.210526 0.157895
vt 0.210526 0.131579
vt 0.210526 0.131579
vt 0.210526 0.131579
vt 0.210526 0.157895
vt 0.210526 0.157895
vt 0.210526 0.131579
vt 0.210526 0.131579
vt 0.210526 0.131579
vt 0.210526 0.157895
vt 0.210526 0.131579
vt 0.210526 0.184211
vt 0.210526 0.184211
vt 0.210526 0.184211
vt 0.210526 0.184211
vt 0.210526 0.184211
vt 0.210526 0.184211
vt 0.197368 0.184211
vt 0.197368 0.210526
vt 0.197368 0.210526
vt 0.197368 0.184211
vt 0.197368 0.210526
vt 0.197368 0.184211
vt 0.197368 0.184211
vt 0.197368 0.210526
vt 0.197368 0.210526
vt 0.197368 0.184211
vt 0.197368 0.210526
vt 0.197368 0.184211
vt 0.184211 0.210526
vt 0.184211 0.236842
vt 0.184211 0.236842
vt 0.184211 0.210526
vt 0.184211 0.210526
vt 0.184211 0.236842
vt 0.184211 0.236842
vt 0.184211 0.210526
vt 0.197368 0.236842
vt 0.197368 0.263158
vt 0.197368 0.263158
vt 0.197368 0.236842
vt 0.197368 0.236842
vt 0.197368 0.236842
vt 0.197368 0.263158
vt 0.197368 0.263158
vt 0.197368 0.236842
vt 0.197368 0.236842
vt 0.210526 0.263158
vt 0.210526 0.289474
vt 0.210526 0.289474
vt 0.210526 0.263158
vt 0.210526 0.263158
vt 0.210526 0.289474
vt 0.210526 0.289474
vt 0.210526 0.263158
vt 0.223684 0.289474
vt 0.223684 0.315789
vt 0.223684 0.315789
vt 0.223684 0.289474
vt 0.223684 0.289474
vt 0.223684 0.315789
vt 0.223684 0.315789
vt 0.223684 0.289474
vt 0.223684 0.342105
vt 0.223684 0.342105
vt 0.223684 0.315789
vt 0.223684 0.342105
vt 0.223684 0.315789
vt 0.223684 0.315789
vt 0.223684 0.342105
vt 0.223684 0.342105
vt 0.223684 0.315789
vt 0.223684 0.342105
vt 0.236842 0.342105
vt 0.236842 0.368421
vt 0.236842 0.368421
vt 0.236842 0.342105
vt 0.236842 0.368421
vt 0.236842 0.342105
vt 0.236842 0.342105
vt 0.236842 0.368421
vt 0.236842 0.368421
vt 0.236842 0.342105
vt 0.236842 0.368421
vt 0.236842 0.342105
vt 0.231908 0.368421
vt 0.231908 0.394737
vt 0.231908 0.394737
vt 0.231908 0.368421
vt 0.231908 0.394737
vt 0.231908 0.368421
vt 0.231908 0.368421
vt 0.231908 0.394737
vt 0.231908 0.394737
vt 0.231908 0.368421
vt 0.231908 0.394737
vt 0.231908 0.368421
vt 0.268219 0.394737
vt 0.268219 0.421053
vt 0.268219 0.421053
vt 0.268219 0.394737
vt 0.268219 0.421053
vt 0.268219 0.394737
vt 0.268219 0.421053
vt 0.268219 0.421053
vt 0.268219 0.421053
vt 0.268219 0.421053
vt 0.268219 0.421053
vt 0.268219 0.421053
vt 0.268219 0.394737
vt 0.268219 0.421053
vt 0.268219 0.394737
vt 0.268219 0.421053
vt 0.268219 0.394737
vt 0.144737 0.526316
vt 0.144737 0.552632
vt 0.144737 0.552632
vt 0.144737 0.526316
vt 0.144737 0.526316
vt 0.144737 0.552632
vt 0.144737 0.526316
vt 0.144737 0.526316
vt 0.144737 0.552632
vt 0.144737 0.526316
vt 0.144737 0.526316
vt 0.144737 0.552632
vt 0.144737 0.526316
vt 0.288278 0.552632
vt 0.288278 0.578947
vt 0.288278 0.578947
vt 0.288278 0.552632
vt 0.288278 0.578947
vt 0.288278 0.552632
vt 0.288278 0.578947
vt 0.288278 0.552632
vt 0.288278 0.578947
vt 0.288278 0.552632
vt 0.288278 0.578947
vt 0.288278 0.552632
vt 0.288278 0.578947
vt 0.288278 0.552632
vt 0.288278 0.552632
vt 0.288278 0.552632
vt 0.288278 0.552632
vt 0.288278 0.552632
vt 0.288278 0.552632
vt 0.288278 0.552632
vt 0.288278 0.552632
vt 0.288278 0.552632
vt 0.288278 0.552632
vt 0.288278 0.578947
vt 0.288278 0.578947
vt 0.288278 0.552632
vt 0.288278 0.578947
vt 0.288278 0.552632
vt 0.288278 0.578947
vt 0.288278 0.552632
vt 0.288278 0.578947
vt 0.288278 0.552632
vt 0.288278 0.578947
vt 0.288278 0.552632
vt 0.288278 0.578947
vt 0.288278 0.552632
vt 0.131579 0.578947
vt 0.131579 0.605263
vt 0.131579 0.605263
vt 0.131579 0.578947
vt 0.131579 0.605263
vt 0.131579 0.578947
vt 0.131579 0.578947
vt 0.131579 0.605263
vt 0.131579 0.605263
vt 0.131579 0.578947
vt 0.131579 0.605263
vt 0.131579 0.578947
vt 0.302632 0.631579
vt 0.302632 0.631579
vt 0.302632 0.605263
vt 0.302632 0.605263
vt 0.302632 0.631579
vt 0.302632 0.605263
vt 0.302632 0.631579
vt 0.302632 0.605263
vt 0.302632 0.631579
vt 0.302632 0.605263
vt 0.302632 0.631579
vt 0.302632 0.605263
vt 0.302632 0.631579
vt 0.302632 0.631579
vt 0.302632 0.605263
vt 0.302632 0.631579
vt 0.302632 0.631579
vt 0.302632 0.631579
vt 0.302632 0.605263
vt 0.302632 0.605263
vt 0.302632 0.631579
vt 0.302632 0.605263
vt 0.302632 0.631579
vt 0.302632 0.605263
vt 0.302632 0.631579
vt 0.302632 0.605263
vt 0.302632 0.631579
vt 0.302632 0.605263
vt 0.302632 0.631579
vt 0.302632 0.605263
vt 0.157895 0.631579
vt 0.157895 0.657895
vt 0.157895 0.657895
vt 0.157895 0.631579
vt 0.157895 0.657895
vt 0.157895 0.657895
vt 0.157895 0.631579
vt 0.157895 0.631579
vt 0.157895 0.657895
vt 0.157895 0.657895
vt 0.157895 0.631579
vt 0.157895 0.657895
vt 0.157895 0.631579
vt 0.157895 0.657895
vt 0.184211 0.657895
vt 0.184211 0.684211
vt 0.184211 0.684211
vt 0.184211 0.657895
vt 0.184211 0.684211
vt 0.184211 0.657895
vt 0.184211 0.684211
vt 0.184211 0.657895
vt 0.184211 0.684211
vt 0.184211 0.657895
vt 0.184211 0.684211
vt 0.184211 0.657895
vt 0.184211 0.684211
vt 0.184211 0.657895
vt 0.039474 0.868421
vt 0.039474 0.894737
vt 0.039474 0.894737
vt 0.039474 0.868421
vt 0.039474 0.868421
vt 0.039474 0.894737
vt 0.039474 0.868421
vt 0.109649 0.894737
vt 0.109649 0.921053
vt 0.109649 0.921053
vt 0.109649 0.894737
vt 0.109649 0.894737
vt 0.109649 0.921053
vt 0.109649 0.894737
vt 0.109649 0.921053
vt 0.109649 0.894737
vt 0.109649 0.921053
vt 0.109649 0.894737
vt 0.109649 0.894737
vt 0.210526 0.131579
vt 0.210526 0.157895
vt 0.210526 0.157895
vt 0.210526 0.131579
vt 0.210526 0.131579
vt 0.210526 0.157895
vt 0.210526 0.131579
vt 0.210526 0.131579
vt 0.210526 0.157895
vt 0.210526 0.131579
vt 0.210526 0.131579
vt 0.210526 0.157895
vt 0.210526 0.131579
vt 0.210526 0.131579
vt 0.210526 0.157895
vt 0.210526 0.131579
vt 0.210526 0.131579
vt 0.210526 0.157895
vt 0.210526 0.131579
vt 0.210526 0.184211
vt 0.210526 0.184211
vt 0.210526 0.184211
vt 0.210526 0.184211
vt 0.210526 0.184211
vt 0.210526 0.184211
vt 0.210526 0.184211
vt 0.197368 0.184211
vt 0.197368 0.210526
vt 0.197368 0.210526
vt 0.197368 0.184211
vt 0.197368 0.210526
vt 0.197368 0.184211
vt 0.197368 0.210526
vt 0.197368 0.184211
vt 0.197368 0.210526
vt 0.197368 0.184211
vt 0.197368 0.210526
vt 0.197368 0.184211
vt 0.197368 0.210526
vt 0.197368 0.184211
vt 0.184211 0.210526
vt 0.184211 0.236842
vt 0.184211 0.236842
vt 0.184211 0.210526
vt 0.184211 0.210526
vt 0.184211 0.210526
vt 0.184211 0.236842
vt 0.184211 0.236842
vt 0.184211 0.210526
vt 0.184211 0.210526
vt 0.197368 0.236842
vt 0.197368 0.263158
vt 0.197368 0.263158
vt 0.197368 0.236842
vt 0.197368 0.236842
vt 0.197368 0.263158
vt 0.197368 0.236842
vt 0.197368 0.236842
vt 0.197368 0.263158
vt 0.197368 0.263158
vt 0.197368 0.236842
vt 0.197368 0.263158
vt 0.197368 0.236842
vt 0.197368 0.236842
vt 0.210526 0.263158
vt 0.210526 0.289474
vt 0.210526 0.289474
vt 0.210526 0.263158
vt 0.210526 0.289474
vt 0.210526 0.263158
vt 0.210526 0.263158
vt 0.210526 0.289474
vt 0.210526 0.289474
vt 0.210526 0.263158
vt 0.210526 0.289474
vt 0.210526 0.263158
vt 0.223684 0.289474
vt 0.223684 0.315789
vt 0.223684 0.315789
vt 0.223684 0.289474
vt 0.223684 0.315789
vt 0.223684 0.289474
vt 0.223684 0.289474
vt 0.223684 0.315789
vt 0.223684 0.315789
vt 0.223684 0.289474
vt 0.223684 0.315789
vt 0.223684 0.289474
vt 0.223684 0.342105
vt 0.223684 0.342105
vt 0.223684 0.315789
vt 0.223684 0.342105
vt 0.223684 0.315789
vt 0.223684 0.342105
vt 0.223684 0.315789
vt 0.223684 0.342105
vt 0.223684 0.315789
vt 0.223684 0.342105
vt 0.223684 0.315789
vt 0.223684 0.342105
vt 0.236842 0.342105
vt 0.236842 0.368421
vt 0.236842 0.368421
vt 0.236842 0.342105
vt 0.236842 0.368421
vt 0.236842 0.342105
vt 0.236842 0.368421
vt 0.236842 0.342105
vt 0.236842 0.368421
vt 0.236842 0.342105
vt 0.236842 0.342105
vt 0.236842 0.368421
vt 0.236842 0.368421
vt 0.236842 0.342105
vt 0.236842 0.368421
vt 0.236842 0.368421
vt 0.236842 0.342105
vt 0.236842 0.342105
vt 0.236842 0.368421
vt 0.236842 0.342105
vt 0.231908 0.368421
vt 0.231908 0.394737
vt 0.231908 0.394737
vt 0.231908 0.368421
vt 0.231908 0.394737
vt 0.231908 0.368421
vt 0.231908 0.394737
vt 0.231908 0.368421
vt 0.231908 0.394737
vt 0.231908 0.368421
vt 0.231908 0.394737
vt 0.231908 0.368421
vt 0.231908 0.394737
vt 0.231908 0.368421
vt 0.268219 0.394737
vt 0.268219 0.421053
vt 0.268219 0.421053
vt 0.268219 0.394737
vt 0.268219 0.421053
vt 0.268219 0.394737
vt 0.268219 0.421053
vt 0.268219 0.394737
vt 0.268219 0.421053
vt 0.268219 0.394737
vt 0.268219 0.421053
vt 0.268219 0.394737
vt 0.268219 0.421053
vt 0.268219 0.394737
vt 0.288278 0.578947
vt 0.288278 0.578947
vt 0.288278 0.552632
vt 0.288278 0.552632
vt 0.288278 0.578947
vt 0.288278 0.552632
vt 0.288278 0.578947
vt 0.288278 0.552632
vt 0.288278 0.578947
vt 0.288278 0.552632
vt 0.288278 0.578947
vt 0.288278 0.552632
vt 0.288278 0.578947
vt 0.288278 0.578947
vt 0.288278 0.552632
vt 0.288278 0.578947
vt 0.288278 0.578947
vt 0.288278 0.552632
vt 0.288278 0.552632
vt 0.288278 0.552632
vt 0.288278 0.552632
vt 0.288278 0.552632
vt 0.288278 0.552632
vt 0.288278 0.552632
vt 0.288278 0.552632
vt 0.288278 0.578947
vt 0.288278 0.578947
vt 0.288278 0.578947
vt 0.288278 0.578947
vt 0.288278 0.552632
vt 0.288278 0.578947
vt 0.288278 0.552632
vt 0.288278 0.578947
vt 0.288278 0.552632
vt 0.288278 0.578947
vt 0.288278 0.552632
vt 0.288278 0.578947
vt 0.288278 0.552632
vt 0.288278 0.578947
vt 0.288278 0.552632
vt 0.288278 0.578947
vt 0.288278 0.552632
vt 0.131579 0.578947
vt 0.131579 0.605263
vt 0.131579 0.605263
vt 0.131579 0.578947
vt 0.131579 0.605263
vt 0.131579 0.578947
vt 0.131579 0.605263
vt 0.131579 0.578947
vt 0.131579 0.605263
vt 0.131579 0.578947
vt 0.302632 0.605263
vt 0.302632 0.631579
vt 0.302632 0.631579
vt 0.302632 0.605263
vt 0.302632 0.631579
vt 0.302632 0.605263
vt 0.302632 0.631579
vt 0.302632 0.605263
vt 0.302632 0.631579
vt 0.302632 0.605263
vt 0.302632 0.631579
vt 0.302632 0.605263
vt 0.302632 0.631579
vt 0.302632 0.605263
vt 0.302632 0.631579
vt 0.302632 0.631579
vt 0.302632 0.605263
vt 0.302632 0.605263
vt 0.302632 0.631579
vt 0.302632 0.631579
vt 0.302632 0.605263
vt 0.302632 0.605263
vt 0.302632 0.631579
vt 0.302632 0.631579
vt 0.302632 0.631579
vt 0.302632 0.631579
vt 0.302632 0.605263
vt 0.302632 0.605263
vt 0.302632 0.605263
vt 0.302632 0.605263
vt 0.302632 0.631579
vt 0.302632 0.605263
vt 0.302632 0.631579
vt 0.302632 0.605263
vt 0.302632 0.631579
vt 0.302632 0.605263
vt 0.302632 0.631579
vt 0.302632 0.605263
vt 0.302632 0.631579
vt 0.302632 0.605263
vt 0.302632 0.631579
vt 0.302632 0.605263
vt 0.302632 0.631579
vt 0.302632 0.605263
vt 0.157895 0.631579
vt 0.157895 0.657895
vt 0.157895 0.657895
vt 0.157895 0.631579
vt 0.157895 0.657895
vt 0.157895 0.657895
vt 0.157895 0.631579
vt 0.157895 0.657895
vt 0.157895 0.657895
vt 0.157895 0.631579
vt 0.157895 0.657895
vt 0.157895 0.657895
vt 0.157895 0.631579
vt 0.184211 0.210526
vt 0.184211 0.236842
vt 0.184211 0.236842
vt 0.184211 0.210526
vt 0.184211 0.210526
vt 0.184211 0.236842
vt 0.184211 0.210526
vt 0.184211 0.210526
vt 0.184211 0.236842
vt 0.184211 0.210526
vt 0.184211 0.210526
vt 0.184211 0.236842
vt 0.184211 0.210526
vt 0.184211 0.210526
vt 0.184211 0.236842
vt 0.184211 0.210526
vt 0.184211 0.210526
vt 0.184211 0.236842
vt 0.184211 0.210526
vt 0.197368 0.236842
vt 0.197368 0.263158
vt 0.197368 0.263158
vt 0.197368 0.236842
vt 0.197368 0.263158
vt 0.197368 0.236842
vt 0.197368 0.263158
vt 0.197368 0.236842
vt 0.197368 0.263158
vt 0.197368 0.236842
vt 0.197368 0.263158
vt 0.197368 0.236842
vt 0.197368 0.263158
vt 0.197368 0.236842
vt 0.210526 0.263158
vt 0.210526 0.289474
vt 0.210526 0.289474
vt 0.210526 0.263158
vt 0.210526 0.289474
vt 0.210526 0.263158
vt 0.210526 0.289474
vt 0.210526 0.263158
vt 0.210526 0.289474
vt 0.210526 0.263158
vt 0.210526 0.289474
vt 0.210526 0.263158
vt 0.210526 0.289474
vt 0.210526 0.263158
vt 0.223684 0.289474
vt 0.223684 0.315789
vt 0.223684 0.315789
vt 0.223684 0.289474
vt 0.223684 0.315789
vt 0.223684 0.289474
vt 0.223684 0.315789
vt 0.223684 0.289474
vt 0.223684 0.315789
vt 0.223684 0.289474
vt 0.223684 0.315789
vt 0.223684 0.289474
vt 0.223684 0.315789
vt 0.223684 0.289474
vt 0.236842 0.342105
vt 0.236842 0.368421
vt 0.236842 0.368421
vt 0.236842 0.342105
vt 0.236842 0.368421
vt 0.236842 0.342105
vt 0.236842 0.368421
vt 0.236842 0.342105
vt 0.236842 0.368421
vt 0.236842 0.342105
vt 0.236842 0.368421
vt 0.236842 0.342105
vt 0.236842 0.368421
vt 0.236842 0.342105
vt 0.236842 0.368421
vt 0.236842 0.342105
vt 0.236842 0.368421
vt 0.236842 0.342105
vt 0.236842 0.368421
vt 0.236842 0.342105
vt 0.236842 0.368421
vt 0.236842 0.342105
vt 0.236842 0.368421
vt 0.236842 0.342105
vt 0.288278 0.552632
vt 0.288278 0.578947
vt 0.288278 0.578947
vt 0.288278 0.552632
vt 0.288278 0.578947
vt 0.288278 0.552632
vt 0.288278 0.578947
vt 0.288278 0.552632
vt 0.288278 0.578947
vt 0.288278 0.552632
vt 0.288278 0.578947
vt 0.288278 0.552632
vt 0.288278 0.578947
vt 0.288278 0.552632
vt 0.288278 0.578947
vt 0.288278 0.552632
vt 0.288278 0.578947
vt 0.288278 0.578947
vt 0.288278 0.552632
vt 0.288278 0.578947
vt 0.288278 0.578947
vt 0.288278 0.552632
vt 0.288278 0.578947
vt 0.288278 0.578947
vt 0.288278 0.552632
vt 0.288278 0.578947
vt 0.288278 0.552632
vt 0.288278 0.578947
vt 0.288278 0.552632
vt 0.288278 0.578947
vt 0.288278 0.552632
vt 0.288278 0.578947
vt 0.288278 0.552632
vt 0.288278 0.578947
vt 0.288278 0.552632
vt 0.288278 0.578947
vt 0.288278 0.552632
vt 0.288278 0.578947
vt 0.288278 0.552632
vt 0.288278 0.578947
vt 0.288278 0.552632
vt 0.302632 0.605263
vt 0.302632 0.631579
vt 0.302632 0.631579
vt 0.302632 0.605263
vt 0.302632 0.631579
vt 0.302632 0.605263
vt 0.302632 0.631579
vt 0.302632 0.605263
vt 0.302632 0.631579
vt 0.302632 0.605263
vt 0.302632 0.631579
vt 0.302632 0.605263
vt 0.302632 0.631579
vt 0.302632 0.605263
vt 0.302632 0.631579
vt 0.302632 0.605263
vt 0.302632 0.631579
vt 0.302632 0.631579
vt 0.302632 0.605263
vt 0.302632 0.605263
vt 0.302632 0.631579
vt 0.302632 0.631579
vt 0.302632 0.605263
vt 0.302632 0.605263
vt 0.302632 0.631579
vt 0.302632 0.631579
vt 0.302632 0.605263
vt 0.302632 0.605263
vt 0.302632 0.631579
vt 0.302632 0.605263
vt 0.302632 0.631579
vt 0.302632 0.605263
vt 0.302632 0.631579
vt 0.302632 0.605263
vt 0.302632 0.631579
vt 0.302632 0.605263
vt 0.302632 0.631579
vt 0.302632 0.605263
vt 0.302632 0.631579
vt 0.302632 0.605263
vt 0.302632 0.631579
vt 0.302632 0.605263
vt 0.302632 0.631579
vt 0.302632 0.605263
vt 0.288278 0.552632
vt 0.288278 0.578947
vt 0.288278 0.578947
vt 0.288278 0.552632
vt 0.288278 0.578947
vt 0.288278 0.552632
vt 0.288278 0.578947
vt 0.288278 0.552632
vt 0.288278 0.578947
vt 0.288278 0.552632
vt 0.288278 0.578947
vt 0.288278 0.552632
vt 0.288278 0.578947
vt 0.288278 0.552632
vt 0.288278 0.578947
vt 0.288278 0.552632
vt 0.288278 0.578947
vt 0.288278 0.552632
vt 0.288278 0.578947
vt 0.288278 0.552632
vt 0.288278 0.578947
vt 0.288278 0.552632
vt 0.288278 0.578947
vt 0.288278 0.552632
vt 0.288278 0.578947
vt 0.288278 0.552632
vt 0.288278 0.578947
vt 0.288278 0.552632
vt 0.288278 0.578947
vt 0.288278 0.552632
vt 0.288278 0.578947
vt 0.288278 0.552632
vt 0.288278 0.578947
vt 0.288278 0.552632
vt 0.302632 0.605263
vt 0.302632 0.631579
vt 0.302632 0.631579
vt 0.302632 0.605263
vt 0.302632 0.631579
vt 0.302632 0.605263
vt 0.302632 0.631579
vt 0.302632 0.605263
vt 0.302632 0.631579
vt 0.302632 0.605263
vt 0.302632 0.631579
vt 0.302632 0.605263
vt 0.302632 0.631579
vt 0.302632 0.605263
vt 0.302632 0.631579
vt 0.302632 0.605263
vt 0.302632 0.631579
vt 0.302632 0.605263
vt 0.302632 0.631579
vt 0.302632 0.605263
vt 0.302632 0.631579
vt 0.302632 0.605263
vt 0.302632 0.631579
vt 0.302632 0.605263
vt 0.302632 0.631579
vt 0.302632 0.605263
vt 0.302632 0.631579
vt 0.302632 0.605263
vt 0.302632 0.631579
vt 0.302632 0.605263
vt 0.302632 0.631579
vt 0.302632 0.605263
vt 0.302632 0.631579
vt 0.302632 0.605263
vt 0.288278 0.552632
vt 0.288278 0.578947
vt 0.288278 0.578947
vt 0.288278 0.552632
vt 0.288278 0.578947
vt 0.288278 0.552632
vt 0.288278 0.578947
vt 0.288278 0.552632
vt 0.288278 0.578947
vt 0.288278 0.552632
vt 0.288278 0.578947
vt 0.288278 0.552632
vt 0.288278 0.578947
vt 0.288278 0.552632
vt 0.288278 0.578947
vt 0.288278 0.552632
vt 0.288278 0.578947
vt 0.288278 0.552632
vt 0.288278 0.578947
vt 0.288278 0.552632
vt 0.288278 0.578947
vt 0.288278 0.552632
vt 0.288278 0.578947
vt 0.288278 0.552632
vt 0.288278 0.578947
vt 0.288278 0.552632
vt 0.288278 0.578947
vt 0.288278 0.552632
vt 0.288278 0.578947
vt 0.288278 0.552632
vt 0.302632 0.605263
vt 0.302632 0.631579
vt 0.302632 0.631579
vt 0.302632 0.605263
vt 0.302632 0.631579
vt 0.302632 0.605263
vt 0.302632 0.631579
vt 0.302632 0.605263
vt 0.302632 0.631579
vt 0.302632 0.605263
vt 0.302632 0.631579
vt 0.302632 0.605263
vt 0.302632 0.631579
vt 0.302632 0.605263
vt 0.302632 0.631579
vt 0.302632 0.605263
vt 0.302632 0.631579
vt 0.302632 0.605263
vt 0.302632 0.631579
vt 0.302632 0.605263
vt 0.302632 0.631579
vt 0.302632 0.605263
vt 0.302632 0.631579
vt 0.302632 0.605263
vt 0.302632 0.631579
vt 0.302632 0.605263
vt 0.302632 0.631579
vt 0.302632 0.605263
vt 0.302632 0.631579
vt 0.302632 0.605263
vt 0.288278 0.552632
vt 0.288278 0.578947
vt 0.288278 0.578947
vt 0.288278 0.552632
vt 0.288278 0.578947
vt 0.288278 0.552632
vt 0.288278 0.578947
vt 0.288278 0.552632
vt 0.288278 0.578947
vt 0.288278 0.552632
vt 0.288278 0.578947
vt 0.288278 0.552632
vt 0.288278 0.578947
vt 0.288278 0.552632
vt 0.288278 0.578947
vt 0.288278 0.552632
vt 0.288278 0.578947
vt 0.288278 0.552632
vt 0.288278 0.578947
vt 0.288278 0.552632
vt 0.288278 0.578947
vt 0.288278 0.552632
vt 0.302632 0.605263
vt 0.302632 0.631579
vt 0.302632 0.631579
vt 0.302632 0.605263
vt 0.302632 0.631579
vt 0.302632 0.605263
vt 0.302632 0.631579
vt 0.302632 0.605263
vt 0.302632 0.631579
vt 0.302632 0.605263
vt 0.302632 0.631579
vt 0.302632 0.605263
vt 0.302632 0.631579
vt 0.302632 0.605263
vt 0.302632 0.631579
vt 0.302632 0.605263
vt 0.302632 0.631579
vt 0.302632 0.605263
vt 0.302632 0.631579
vt 0.302632 0.605263
vt 0.302632 0.631579
vt 0.302632 0.605263
vt 0.302632 0.631579
vt 0.302632 0.605263
vt 0.302632 0.631579
vt 0.302632 0.605263
vt 0.288278 0.552632
vt 0.288278 0.578947
vt 0.288278 0.578947
vt 0.288278 0.552632
vt 0.288278 0.578947
vt 0.288278 0.552632
vt 0.288278 0.578947
vt 0.288278 0.552632
vt 0.288278 0.578947
vt 0.288278 0.552632
vt 0.288278 0.578947
vt 0.288278 0.552632
vt 0.288278 0.578947
vt 0.288278 0.552632
vt 0.302632 0.605263
vt 0.302632 0.631579
vt 0.302632 0.631579
vt 0.302632 0.605263
vt 0.302632 0.631579
vt 0.302632 0.605263
vt 0.302632 0.631579
vt 0.302632 0.605263
vt 0.302632 0.631579
vt 0.302632 0.605263
vt 0.302632 0.631579
vt 0.302632 0.605263
vt 0.302632 0.631579
vt 0.302632 0.605263
usemtl torchpart
f 1/1 2/2 3/3
f 1/1 3/3 4/4
f 4/4 3/3 5/5
f 4/4 5/5 6/6
f 1/1 7/7 8/8
f 1/1 8/8 2/2
f 1/1 4/4 6/6
f 1/1 6/6 7/7
f 2/2 9/9 10/10
f 2/2 10/10 3/3
f 3/3 10/10 11/11
f 3/3 11/11 5/5
f 2/2 8/8 12/12
f 2/2 12/12 9/9
f 9/9 13/13 14/14
f 9/9 14/14 10/10
f 10/10 14/14 15/15
f 10/10 15/15 11/11
f 9/9 12/12 16/16
f 9/9 16/16 13/13
f 13/13 17/17 18/18
f 13/13 18/18 14/14
f 14/14 18/18 19/19
f 14/14 19/19 15/15
f 13/13 16/16 20/20
f 13/13 20/20 17/17
f 17/17 21/21 22/22
f 17/17 22/22 18/18
f 18/18 22/22 23/23
f 18/18 23/23 19/19
f 17/17 20/20 24/24
f 17/17 24/24 21/21
f 21/21 25/25 26/26
f 21/21 26/26 22/22
f 22/22 26/26 27/27
f 22/22 27/27 23/23
f 21/21 24/24 28/28
f 21/21 28/28 25/25
f 25/25 29/29 30/30
f 25/25 30/30 26/26
f 26/26 30/30 31/31
f 26/26 31/31 27/27
f 25/25 28/28 32/32
f 25/25 32/32 29/29
f 29/29 33/33 34/34
f 29/29 34/34 30/30
f 30/30 34/34 35/35
f 30/30 35/35 31/31
f 29/29 32/32 36/36
f 29/29 36/36 33/33
f 33/33 36/36 35/35
f 33/33 35/35 34/34
f 37/37 38/38 39/39
f 37/37 39/39 40/40
f 40/40 39/39 41/41
f 40/40 41/41 42/42
f 37/37 43/43 44/44
f 37/37 44/44 38/38
f 37/37 40/40 42/42
f 37/37 42/42 43/43
f 38/38 7/7 6/6
f 38/38 6/6 39/39
f 39/39 6/6 45/45
f 39/39 45/45 41/41
f 38/38 44/44 46/46
f 38/38 46/46 7/7
f 6/6 5/5 47/47
f 6/6 47/47 45/45
f 7/7 46/46 48/48
f 7/7 48/48 8/8
f 5/5 11/11 49/49
f 5/5 49/49 47/47
f 8/8 48/48 50/50
f 8/8 50/50 12/12
f 11/11 15/15 51/51
f 11/11 51/51 49/49
f 12/12 50/50 52/52
f 12/12 52/52 16/16
f 15/15 19/19 53/53
f 15/15 53/53 51/51
f 16/16 52/52 54/54
f 16/16 54/54 20/20
f 19/19 23/23 55/55
f 19/19 55/55 53/53
f 20/20 54/54 56/56
f 20/20 56/56 24/24
f 23/23 27/27 57/57
f 23/23 57/57 55/55
f 24/24 56/56 58/58
f 24/24 58/58 28/28
f 27/27 31/31 59/59
f 27/27 59/59 57/57
f 28/28 58/58 60/60
f 28/28 60/60 32/32
f 31/31 35/35 61/61
f 31/31 61/61 59/59
f 32/32 60/60 62/62
f 32/32 62/62 36/36
f 36/36 63/63 64/64
f 36/36 64/64 35/35
f 35/35 64/64 65/65
f 35/35 65/65 61/61
f 36/36 62/62 66/66
f 36/36 66/66 63/63
f 63/63 67/67 68/68
f 63/63 68/68 64/64
f 64/64 68/68 69/69
f 64/64 69/69 65/65
f 63/63 66/66 70/70
f 63/63 70/70 67/67
f 67/67 70/70 69/69
f 67/67 69/69 68/68
f 71/71 72/72 73/73
f 71/71 73/73 74/74
f 71/71 75/75 76/76
f 71/71 76/76 72/72
f 71/71 74/74 77/77
f 71/71 77/77 75/75
f 72/72 78/78 79/79
f 72/72 79/79 73/73
f 72/72 76/76 80/80
f 72/72 80/80 78/78
f 78/78 80/80 81/81
f 78/78 81/81 79/79
f 82/82 43/43 42/42
f 82/82 42/42 83/83
f 83/83 42/42 84/84
f 83/83 84/84 85/85
f 82/82 86/86 87/87
f 82/82 87/87 43/43
f 82/82 83/83 85/85
f 82/82 85/85 86/86
f 42/42 41/41 88/88
f 42/42 88/88 84/84
f 43/43 87/87 89/89
f 43/43 89/89 44/44
f 41/41 45/45 90/90
f 41/41 90/90 88/88
f 44/44 89/89 91/91
f 44/44 91/91 46/46
f 45/45 47/47 92/92
f 45/45 92/92 90/90
f 46/46 91/91 93/93
f 46/46 93/93 48/48
f 47/47 49/49 94/94
f 47/47 94/94 92/92
f 48/48 93/93 95/95
f 48/48 95/95 50/50
f 49/49 51/51 96/96
f 49/49 96/96 94/94
f 50/50 95/95 97/97
f 50/50 97/97 52/52
f 51/51 53/53 98/98
f 51/51 98/98 96/96
f 53/53 55/55 99/99
f 53/53 99/99 98/98
f 55/55 57/57 100/100
f 55/55 100/100 99/99
f 56/56 101/101 102/102
f 56/56 102/102 58/58
f 57/57 59/59 103/103
f 57/57 103/103 100/100
f 58/58 102/102 104/104
f 58/58 104/104 60/60
f 59/59 61/61 105/105
f 59/59 105/105 103/103
f 60/60 104/104 106/106
f 60/60 106/106 62/62
f 61/61 65/65 107/107
f 61/61 107/107 105/105
f 62/62 106/106 108/108
f 62/62 108/108 66/66
f 65/65 69/69 109/109
f 65/65 109/109 107/107
f 66/66 108/108 110/110
f 66/66 110/110 70/70
f 70/70 111/111 112/112
f 70/70 112/112 69/69
f 69/69 112/112 113/113
f 69/69 113/113 109/109
f 70/70 110/110 114/114
f 70/70 114/114 111/111
f 111/111 114/114 113/113
f 111/111 113/113 112/112
f 115/115 116/116 117/117
f 115/115 117/117 118/118
f 118/118 117/117 119/119
f 118/118 119/119 120/120
f 115/115 121/121 122/122
f 115/115 122/122 116/116
f 115/115 118/118 120/120
f 115/115 120/120 121/121
f 116/116 123/123 124/124
f 116/116 124/124 117/117
f 117/117 124/124 125/125
f 117/117 125/125 119/119
f 116/116 122/122 126/126
f 116/116 126/126 123/123
f 123/123 127/127 128/128
f 123/123 128/128 124/124
f 124/124 128/128 129/129
f 124/124 129/129 125/125
f 123/123 126/126 130/130
f 123/123 130/130 127/127
f 127/127 131/131 132/132
f 127/127 132/132 128/128
f 128/128 132/132 133/133
f 128/128 133/133 129/129
f 127/127 130/130 134/134
f 127/127 134/134 131/131
f 131/131 135/135 136/136
f 131/131 136/136 132/132
f 132/132 136/136 137/137
f 132/132 137/137 133/133
f 131/131 134/134 138/138
f 131/131 138/138 135/135
f 135/135 139/139 140/140
f 135/135 140/140 136/136
f 136/136 140/140 141/141
f 136/136 141/141 137/137
f 135/135 138/138 142/142
f 135/135 142/142 139/139
f 139/139 142/142 141/141
f 139/139 141/141 140/140
f 143/143 144/144 145/145
f 143/143 145/145 146/146
f 146/146 145/145 147/147
f 146/146 147/147 148/148
f 143/143 149/149 150/150
f 143/143 150/150 144/144
f 143/143 146/146 148/148
f 143/143 148/148 149/149
f 144/144 151/151 152/152
f 144/144 152/152 145/145
f 145/145 152/152 153/153
f 145/145 153/153 147/147
f 144/144 150/150 154/154
f 144/144 154/154 151/151
f 151/151 155/155 156/156
f 151/151 156/156 152/152
f 152/152 156/156 157/157
f 152/152 157/157 153/153
f 151/151 154/154 158/158
f 151/151 158/158 155/155
f 155/155 159/159 160/160
f 155/155 160/160 156/156
f 156/156 160/160 161/161
f 156/156 161/161 157/157
f 155/155 158/158 162/162
f 155/155 162/162 159/159
f 159/159 163/163 164/164
f 159/159 164/164 160/160
f 160/160 164/164 165/165
f 160/160 165/165 161/161
f 159/159 162/162 166/166
f 159/159 166/166 163/163
f 163/163 167/167 168/168
f 163/163 168/168 164/164
f 164/164 168/168 169/169
f 164/164 169/169 165/165
f 163/163 166/166 170/170
f 163/163 170/170 167/167
f 167/167 170/170 169/169
f 167/167 169/169 168/168
f 171/171 172/172 173/173
f 171/171 173/173 174/174
f 171/171 175/175 176/176
f 171/171 176/176 172/172
f 171/171 174/174 177/177
f 171/171 177/177 175/175
f 172/172 178/178 179/179
f 172/172 179/179 173/173
f 172/172 176/176 180/180
f 172/172 180/180 178/178
f 178/178 181/181 182/182
f 178/178 182/182 179/179
f 178/178 180/180 183/183
f 178/178 183/183 181/181
f 181/181 184/184 185/185
f 181/181 185/185 182/182
f 181/181 183/183 186/186
f 181/181 186/186 184/184
f 184/184 187/187 188/188
f 184/184 188/188 185/185
f 184/184 186/186 189/189
f 184/184 189/189 187/187
f 187/187 190/190 191/191
f 187/187 191/191 188/188
f 187/187 189/189 192/192
f 187/187 192/192 190/190
f 190/190 192/192 193/193
f 190/190 193/193 191/191
f 194/194 195/195 196/196
f 194/194 196/196 197/197
f 194/194 197/197 198/198
f 194/194 198/198 199/199
f 195/195 200/200 201/201
f 195/195 201/201 196/196
f 200/200 202/202 203/203
f 200/200 203/203 201/201
f 202/202 204/204 205/205
f 202/202 205/205 203/203
f 204/204 206/206 207/207
f 204/204 207/207 205/205
f 206/206 208/208 209/209
f 206/206 209/209 207/207
f 208/208 210/210 211/211
f 208/208 211/211 209/209
f 212/212 213/213 214/214
f 212/212 214/214 215/215
f 212/212 216/216 217/217
f 212/212 217/217 213/213
f 212/212 215/215 218/218
f 212/212 218/218 216/216
f 213/213 219/219 220/220
f 213/213 220/220 214/214
f 219/219 75/75 77/77
f 219/219 77/77 220/220
f 80/80 221/221 222/222
f 80/80 222/222 81/81
f 221/221 223/223 224/224
f 221/221 224/224 222/222
f 223/223 225/225 226/226
f 223/223 226/226 224/224
f 223/223 227/227 228/228
f 223/223 228/228 225/225
f 225/225 228/228 229/229
f 225/225 229/229 226/226
f 230/230 86/86 85/85
f 230/230 85/85 231/231
f 231/231 85/85 232/232
f 231/231 232/232 233/233
f 230/230 234/234 235/235
f 230/230 235/235 86/86
f 230/230 231/231 233/233
f 230/230 233/233 234/234
f 85/85 84/84 236/236
f 85/85 236/236 232/232
f 86/86 235/235 237/237
f 86/86 237/237 87/87
f 84/84 88/88 238/238
f 84/84 238/238 236/236
f 87/87 237/237 239/239
f 87/87 239/239 89/89
f 88/88 90/90 240/240
f 88/88 240/240 238/238
f 89/89 239/239 241/241
f 89/89 241/241 91/91
f 90/90 92/92 242/242
f 90/90 242/242 240/240
f 92/92 94/94 243/243
f 92/92 243/243 242/242
f 100/100 103/103 244/244
f 100/100 244/244 245/245
f 103/103 105/105 246/246
f 103/103 246/246 244/244
f 105/105 107/107 247/247
f 105/105 247/247 246/246
f 106/106 248/248 249/249
f 106/106 249/249 108/108
f 107/107 109/109 250/250
f 107/107 250/250 247/247
f 108/108 249/249 251/251
f 108/108 251/251 110/110
f 109/109 113/113 252/252
f 109/109 252/252 250/250
f 110/110 251/251 253/253
f 110/110 253/253 114/114
f 114/114 254/254 255/255
f 114/114 255/255 113/113
f 113/113 255/255 256/256
f 113/113 256/256 252/252
f 114/114 253/253 257/257
f 114/114 257/257 254/254
f 254/254 257/257 256/256
f 254/254 256/256 255/255
f 258/258 259/259 260/260
f 258/258 260/260 261/261
f 261/261 260/260 262/262
f 261/261 262/262 263/263
f 258/258 261/261 263/263
f 258/258 263/263 264/264
f 259/259 265/265 266/266
f 259/259 266/266 260/260
f 260/260 266/266 267/267
f 260/260 267/267 262/262
f 265/265 268/268 269/269
f 265/265 269/269 266/266
f 266/266 269/269 270/270
f 266/266 270/270 267/267
f 268/268 271/271 272/272
f 268/268 272/272 269/269
f 269/269 272/272 273/273
f 269/269 273/273 270/270
f 271/271 274/274 273/273
f 271/271 273/273 272/272
f 275/275 276/276 277/277
f 275/275 277/277 278/278
f 278/278 277/277 279/279
f 278/278 279/279 280/280
f 275/275 281/281 282/282
f 275/275 282/282 276/276
f 275/275 278/278 280/280
f 275/275 280/280 281/281
f 276/276 283/283 284/284
f 276/276 284/284 277/277
f 277/277 284/284 285/285
f 277/277 285/285 279/279
f 276/276 282/282 286/286
f 276/276 286/286 283/283
f 283/283 287/287 288/288
f 283/283 288/288 284/284
f 284/284 288/288 289/289
f 284/284 289/289 285/285
f 283/283 286/286 290/290
f 283/283 290/290 287/287
f 287/287 291/291 292/292
f 287/287 292/292 288/288
f 288/288 292/292 293/293
f 288/288 293/293 289/289
f 287/287 290/290 294/294
f 287/287 294/294 291/291
f 291/291 295/295 296/296
f 291/291 296/296 292/292
f 292/292 296/296 297/297
f 292/292 297/297 293/293
f 291/291 294/294 298/298
f 291/291 298/298 295/295
f 295/295 299/299 300/300
f 295/295 300/300 296/296
f 296/296 300/300 301/301
f 296/296 301/301 297/297
f 295/295 298/298 302/302
f 295/295 302/302 299/299
f 299/299 302/302 301/301
f 299/299 301/301 300/300
f 303/303 304/304 305/305
f 303/303 305/305 306/306
f 306/306 305/305 307/307
f 306/306 307/307 308/308
f 303/303 309/309 310/310
f 303/303 310/310 304/304
f 303/303 306/306 308/308
f 303/303 308/308 309/309
f 304/304 311/311 312/312
f 304/304 312/312 305/305
f 305/305 312/312 313/313
f 305/305 313/313 307/307
f 304/304 310/310 314/314
f 304/304 314/314 311/311
f 311/311 121/121 120/120
f 311/311 120/120 312/312
f 312/312 120/120 315/315
f 312/312 315/315 313/313
f 311/311 314/314 316/316
f 311/311 316/316 121/121
f 120/120 119/119 317/317
f 120/120 317/317 315/315
f 121/121 316/316 318/318
f 121/121 318/318 122/122
f 119/119 125/125 319/319
f 119/119 319/319 317/317
f 122/122 318/318 320/320
f 122/122 320/320 126/126
f 125/125 129/129 321/321
f 125/125 321/321 319/319
f 126/126 320/320 322/322
f 126/126 322/322 130/130
f 129/129 133/133 323/323
f 129/129 323/323 321/321
f 130/130 322/322 324/324
f 130/130 324/324 134/134
f 133/133 137/137 325/325
f 133/133 325/325 323/323
f 134/134 324/324 326/326
f 134/134 326/326 138/138
f 137/137 141/141 327/327
f 137/137 327/327 325/325
f 138/138 326/326 328/328
f 138/138 328/328 142/142
f 142/142 329/329 330/330
f 142/142 330/330 141/141
f 141/141 330/330 331/331
f 141/141 331/331 327/327
f 142/142 328/328 332/332
f 142/142 332/332 329/329
f 329/329 333/333 334/334
f 329/329 334/334 330/330
f 330/330 334/334 335/335
f 330/330 335/335 331/331
f 329/329 332/332 336/336
f 329/329 336/336 333/333
f 333/333 337/337 338/338
f 333/333 338/338 334/334
f 334/334 338/338 339/339
f 334/334 339/339 335/335
f 333/333 336/336 340/340
f 333/333 340/340 337/337
f 337/337 340/340 339/339
f 337/337 339/339 338/338
f 341/341 342/342 343/343
f 341/341 343/343 344/344
f 341/341 345/345 346/346
f 341/341 346/346 342/342
f 341/341 344/344 347/347
f 341/341 347/347 345/345
f 342/342 348/348 349/349
f 342/342 349/349 343/343
f 342/342 346/346 350/350
f 342/342 350/350 348/348
f 348/348 351/351 352/352
f 348/348 352/352 349/349
f 348/348 350/350 353/353
f 348/348 353/353 351/351
f 351/351 354/354 355/355
f 351/351 355/355 352/352
f 351/351 353/353 356/356
f 351/351 356/356 354/354
f 354/354 356/356 357/357
f 354/354 357/357 355/355
f 358/358 359/359 360/360
f 358/358 360/360 361/361
f 361/361 360/360 362/362
f 361/361 362/362 363/363
f 358/358 361/361 363/363
f 358/358 363/363 364/364
f 359/359 365/365 366/366
f 359/359 366/366 360/360
f 360/360 366/366 367/367
f 360/360 367/367 362/362
f 365/365 368/368 369/369
f 365/365 369/369 366/366
f 366/366 369/369 370/370
f 366/366 370/370 367/367
f 368/368 371/371 372/372
f 368/368 372/372 369/369
f 369/369 372/372 373/373
f 369/369 373/373 370/370
f 371/371 374/374 373/373
f 371/371 373/373 372/372
f 375/375 376/376 377/377
f 375/375 377/377 378/378
f 378/378 377/377 379/379
f 378/378 379/379 380/380
f 375/375 381/381 382/382
f 375/375 382/382 376/376
f 375/375 378/378 380/380
f 375/375 380/380 381/381
f 376/376 149/149 148/148
f 376/376 148/148 377/377
f 377/377 148/148 383/383
f 377/377 383/383 379/379
f 376/376 382/382 384/384
f 376/376 384/384 149/149
f 148/148 147/147 385/385
f 148/148 385/385 383/383
f 149/149 384/384 386/386
f 149/149 386/386 150/150
f 147/147 153/153 387/387
f 147/147 387/387 385/385
f 150/150 386/386 388/388
f 150/150 388/388 154/154
f 153/153 157/157 389/389
f 153/153 389/389 387/387
f 154/154 388/388 390/390
f 154/154 390/390 158/158
f 157/157 161/161 391/391
f 157/157 391/391 389/389
f 158/158 390/390 392/392
f 158/158 392/392 162/162
f 161/161 165/165 393/393
f 161/161 393/393 391/391
f 162/162 392/392 394/394
f 162/162 394/394 166/166
f 165/165 169/169 395/395
f 165/165 395/395 393/393
f 166/166 394/394 396/396
f 166/166 396/396 170/170
f 170/170 397/397 398/398
f 170/170 398/398 169/169
f 169/169 398/398 399/399
f 169/169 399/399 395/395
f 170/170 396/396 400/400
f 170/170 400/400 397/397
f 397/397 401/401 402/402
f 397/397 402/402 398/398
f 398/398 402/402 403/403
f 398/398 403/403 399/399
f 397/397 400/400 404/404
f 397/397 404/404 401/401
f 401/401 404/404 403/403
f 401/401 403/403 402/402
f 405/405 406/406 407/407
f 405/405 407/407 408/408
f 405/405 409/409 410/410
f 405/405 410/410 406/406
f 405/405 408/408 411/411
f 405/405 411/411 409/409
f 406/406 412/412 413/413
f 406/406 413/413 407/407
f 406/406 410/410 414/414
f 406/406 414/414 412/412
f 412/412 415/415 416/416
f 412/412 416/416 413/413
f 412/412 414/414 417/417
f 412/412 417/417 415/415
f 415/415 418/418 419/419
f 415/415 419/419 416/416
f 415/415 417/417 420/420
f 415/415 420/420 418/418
f 418/418 421/421 422/422
f 418/418 422/422 419/419
f 418/418 420/420 423/423
f 418/418 423/423 421/421
f 421/421 424/424 425/425
f 421/421 425/425 422/422
f 421/421 423/423 426/426
f 421/421 426/426 424/424
f 424/424 426/426 427/427
f 424/424 427/427 425/425
f 428/428 429/429 430/430
f 428/428 430/430 431/431
f 428/428 431/431 432/432
f 428/428 432/432 433/433
f 429/429 434/434 435/435
f 429/429 435/435 430/430
f 434/434 436/436 437/437
f 434/434 437/437 435/435
f 436/436 438/438 439/439
f 436/436 439/439 437/437
f 438/438 440/440 441/441
f 438/438 441/441 439/439
f 440/440 442/442 443/443
f 440/440 443/443 441/441
f 442/442 444/444 445/445
f 442/442 445/445 443/443
f 431/431 430/430 446/446
f 431/431 446/446 447/447
f 447/447 446/446 448/448
f 447/447 448/448 449/449
f 431/431 447/447 449/449
f 431/431 449/449 432/432
f 430/430 435/435 450/450
f 430/430 450/450 446/446
f 446/446 450/450 451/451
f 446/446 451/451 448/448
f 435/435 437/437 452/452
f 435/435 452/452 450/450
f 450/450 452/452 453/453
f 450/450 453/453 451/451
f 437/437 439/439 454/454
f 437/437 454/454 452/452
f 452/452 454/454 455/455
f 452/452 455/455 453/453
f 439/439 441/441 456/456
f 439/439 456/456 454/454
f 454/454 456/456 457/457
f 454/454 457/457 455/455
f 441/441 443/443 458/458
f 441/441 458/458 456/456
f 456/456 458/458 459/459
f 456/456 459/459 457/457
f 443/443 445/445 459/459
f 443/443 459/459 458/458
f 460/460 461/461 176/176
f 460/460 176/176 175/175
f 460/460 462/462 463/463
f 460/460 463/463 461/461
f 460/460 175/175 464/464
f 460/460 464/464 462/462
f 461/461 465/465 180/180
f 461/461 180/180 176/176
f 461/461 463/463 466/466
f 461/461 466/466 465/465
f 465/465 467/467 183/183
f 465/465 183/183 180/180
f 465/465 466/466 468/468
f 465/465 468/468 467/467
f 467/467 469/469 186/186
f 467/467 186/186 183/183
f 467/467 468/468 470/470
f 467/467 470/470 469/469
f 469/469 471/471 189/189
f 469/469 189/189 186/186
f 469/469 470/470 472/472
f 469/469 472/472 471/471
f 471/471 473/473 192/192
f 471/471 192/192 189/189
f 471/471 472/472 474/474
f 471/471 474/474 473/473
f 473/473 474/474 475/475
f 473/473 475/475 192/192
f 476/476 477/477 478/478
f 476/476 478/478 479/479
f 476/476 480/480 481/481
f 476/476 481/481 477/477
f 476/476 479/479 482/482
f 476/476 482/482 480/480
f 477/477 175/175 177/177
f 477/477 177/177 478/478
f 477/477 481/481 464/464
f 477/477 464/464 175/175
f 192/192 483/483 484/484
f 192/192 484/484 193/193
f 192/192 475/475 485/485
f 192/192 485/485 483/483
f 483/483 486/486 487/487
f 483/483 487/487 484/484
f 483/483 485/485 488/488
f 483/483 488/488 486/486
f 486/486 488/488 489/489
f 486/486 489/489 487/487
f 490/490 491/491 492/492
f 490/490 492/492 493/493
f 490/490 493/493 494/494
f 490/490 494/494 495/495
f 491/491 199/199 198/198
f 491/491 198/198 492/492
f 210/210 496/496 497/497
f 210/210 497/497 211/211
f 496/496 498/498 499/499
f 496/496 499/499 497/497
f 498/498 500/500 501/501
f 498/498 501/501 499/499
f 502/502 503/503 504/504
f 502/502 504/504 505/505
f 502/502 506/506 507/507
f 502/502 507/507 503/503
f 502/502 505/505 508/508
f 502/502 508/508 506/506
f 503/503 216/216 218/218
f 503/503 218/218 504/504
f 228/228 509/509 510/510
f 228/228 510/510 229/229
f 509/509 511/511 512/512
f 509/509 512/512 510/510
f 509/509 513/513 514/514
f 509/509 514/514 511/511
f 511/511 514/514 515/515
f 511/511 515/515 512/512
f 516/516 234/234 233/233
f 516/516 233/233 517/517
f 517/517 233/233 518/518
f 517/517 518/518 519/519
f 516/516 520/520 521/521
f 516/516 521/521 234/234
f 516/516 517/517 519/519
f 516/516 519/519 520/520
f 233/233 232/232 522/522
f 233/233 522/522 518/518
f 234/234 521/521 523/523
f 234/234 523/523 235/235
f 232/232 236/236 524/524
f 232/232 524/524 522/522
f 235/235 523/523 525/525
f 235/235 525/525 237/237
f 236/236 238/238 526/526
f 236/236 526/526 524/524
f 238/238 240/240 527/527
f 238/238 527/527 526/526
f 246/246 247/247 528/528
f 246/246 528/528 529/529
f 247/247 250/250 530/530
f 247/247 530/530 528/528
f 250/250 252/252 531/531
f 250/250 531/531 530/530
f 251/251 532/532 533/533
f 251/251 533/533 253/253
f 252/252 256/256 534/534
f 252/252 534/534 531/531
f 253/253 533/533 535/535
f 253/253 535/535 257/257
f 257/257 536/536 537/537
f 257/257 537/537 256/256
f 256/256 537/537 538/538
f 256/256 538/538 534/534
f 257/257 535/535 539/539
f 257/257 539/539 536/536
f 536/536 539/539 538/538
f 536/536 538/538 537/537
f 540/540 541/541 542/542
f 540/540 542/542 543/543
f 543/543 542/542 544/544
f 543/543 544/544 545/545
f 540/540 543/543 545/545
f 540/540 545/545 546/546
f 541/541 264/264 263/263
f 541/541 263/263 542/542
f 542/542 263/263 547/547
f 542/542 547/547 544/544
f 274/274 548/548 549/549
f 274/274 549/549 273/273
f 273/273 549/549 550/550
f 273/273 550/550 551/551
f 548/548 552/552 553/553
f 548/548 553/553 549/549
f 549/549 553/553 554/554
f 549/549 554/554 550/550
f 552/552 555/555 554/554
f 552/552 554/554 553/553
f 556/556 557/557 558/558
f 556/556 558/558 559/559
f 559/559 558/558 560/560
f 559/559 560/560 561/561
f 556/556 559/559 561/561
f 556/556 561/561 562/562
f 557/557 563/563 564/564
f 557/557 564/564 558/558
f 558/558 564/564 565/565
f 558/558 565/565 560/560
f 563/563 566/566 567/567
f 563/563 567/567 564/564
f 564/564 567/567 568/568
f 564/564 568/568 565/565
f 566/566 569/569 570/570
f 566/566 570/570 567/567
f 567/567 570/570 571/571
f 567/567 571/571 568/568
f 569/569 572/572 571/571
f 569/569 571/571 570/570
f 573/573 574/574 575/575
f 573/573 575/575 576/576
f 576/576 575/575 577/577
f 576/576 577/577 578/578
f 573/573 579/579 580/580
f 573/573 580/580 574/574
f 573/573 576/576 578/578
f 573/573 578/578 579/579
f 574/574 581/581 582/582
f 574/574 582/582 575/575
f 575/575 582/582 583/583
f 575/575 583/583 577/577
f 574/574 580/580 584/584
f 574/574 584/584 581/581
f 581/581 281/281 280/280
f 581/581 280/280 582/582
f 582/582 280/280 585/585
f 582/582 585/585 583/583
f 581/581 584/584 586/586
f 581/581 586/586 281/281
f 280/280 279/279 587/587
f 280/280 587/587 585/585
f 281/281 586/586 588/588
f 281/281 588/588 282/282
f 279/279 285/285 589/589
f 279/279 589/589 587/587
f 282/282 588/588 590/590
f 282/282 590/590 286/286
f 285/285 289/289 591/591
f 285/285 591/591 589/589
f 286/286 590/590 592/592
f 286/286 592/592 290/290
f 289/289 293/293 593/593
f 289/289 593/593 591/591
f 290/290 592/592 594/594
f 290/290 594/594 294/294
f 293/293 297/297 595/595
f 293/293 595/595 593/593
f 294/294 594/594 596/596
f 294/294 596/596 298/298
f 297/297 301/301 597/597
f 297/297 597/597 595/595
f 298/298 596/596 598/598
f 298/298 598/598 302/302
f 302/302 599/599 600/600
f 302/302 600/600 301/301
f 301/301 600/600 601/601
f 301/301 601/601 597/597
f 302/302 598/598 602/602
f 302/302 602/602 599/599
f 599/599 603/603 604/604
f 599/599 604/604 600/600
f 600/600 604/604 605/605
f 600/600 605/605 601/601
f 599/599 602/602 606/606
f 599/599 606/606 603/603
f 603/603 607/607 608/608
f 603/603 608/608 604/604
f 604/604 608/608 609/609
f 604/604 609/609 605/605
f 603/603 606/606 610/610
f 603/603 610/610 607/607
f 607/607 610/610 609/609
f 607/607 609/609 608/608
f 611/611 309/309 308/308
f 611/611 308/308 612/612
f 612/612 308/308 613/613
f 612/612 613/613 614/614
f 611/611 615/615 616/616
f 611/611 616/616 309/309
f 611/611 612/612 614/614
f 611/611 614/614 615/615
f 308/308 307/307 617/617
f 308/308 617/617 613/613
f 309/309 616/616 618/618
f 309/309 618/618 310/310
f 307/307 313/313 619/619
f 307/307 619/619 617/617
f 310/310 618/618 620/620
f 310/310 620/620 314/314
f 313/313 315/315 621/621
f 313/313 621/621 619/619
f 314/314 620/620 622/622
f 314/314 622/622 316/316
f 315/315 317/317 623/623
f 315/315 623/623 621/621
f 316/316 622/622 624/624
f 316/316 624/624 318/318
f 317/317 319/319 625/625
f 317/317 625/625 623/623
f 318/318 624/624 626/626
f 318/318 626/626 320/320
f 319/319 321/321 627/627
f 319/319 627/627 625/625
f 320/320 626/626 628/628
f 320/320 628/628 322/322
f 321/321 323/323 629/629
f 321/321 629/629 627/627
f 322/322 628/628 630/630
f 322/322 630/630 324/324
f 323/323 325/325 631/631
f 323/323 631/631 629/629
f 324/324 630/630 632/632
f 324/324 632/632 326/326
f 325/325 327/327 633/633
f 325/325 633/633 631/631
f 326/326 632/632 634/634
f 326/326 634/634 328/328
f 327/327 331/331 635/635
f 327/327 635/635 633/633
f 328/328 634/634 636/636
f 328/328 636/636 332/332
f 331/331 335/335 637/637
f 331/331 637/637 635/635
f 332/332 636/636 638/638
f 332/332 638/638 336/336
f 335/335 339/339 639/639
f 335/335 639/639 637/637
f 336/336 638/638 640/640
f 336/336 640/640 340/340
f 340/340 641/641 642/642
f 340/340 642/642 339/339
f 339/339 642/642 643/643
f 339/339 643/643 639/639
f 340/340 640/640 644/644
f 340/340 644/644 641/641
f 641/641 644/644 643/643
f 641/641 643/643 642/642
f 645/645 646/646 647/647
f 645/645 647/647 648/648
f 645/645 649/649 650/650
f 645/645 650/650 646/646
f 645/645 648/648 651/651
f 645/645 651/651 649/649
f 646/646 652/652 653/653
f 646/646 653/653 647/647
f 646/646 650/650 654/654
f 646/646 654/654 652/652
f 652/652 655/655 656/656
f 652/652 656/656 653/653
f 652/652 654/654 657/657
f 652/652 657/657 655/655
f 655/655 658/658 659/659
f 655/655 659/659 656/656
f 655/655 657/657 660/660
f 655/655 660/660 658/658
f 658/658 661/661 662/662
f 658/658 662/662 659/659
f 658/658 660/660 663/663
f 658/658 663/663 661/661
f 661/661 664/664 665/665
f 661/661 665/665 662/662
f 661/661 663/663 666/666
f 661/661 666/666 664/664
f 664/664 666/666 667/667
f 664/664 667/667 665/665
f 668/668 345/345 347/347
f 668/668 347/347 669/669
f 668/668 669/669 670/670
f 668/668 670/670 671/671
f 356/356 672/672 673/673
f 356/356 673/673 357/357
f 672/672 674/674 675/675
f 672/672 675/675 673/673
f 676/676 364/364 363/363
f 676/676 363/363 677/677
f 677/677 363/363 678/678
f 677/677 678/678 679/679
f 676/676 677/677 679/679
f 676/676 679/679 680/680
f 363/363 362/362 681/681
f 363/363 681/681 678/678
f 370/370 373/373 682/682
f 370/370 682/682 683/683
f 374/374 684/684 685/685
f 374/374 685/685 373/373
f 373/373 685/685 686/686
f 373/373 686/686 682/682
f 684/684 687/687 686/686
f 684/684 686/686 685/685
f 688/688 689/689 690/690
f 688/688 690/690 691/691
f 691/691 690/690 692/692
f 691/691 692/692 693/693
f 688/688 691/691 693/693
f 688/688 693/693 694/694
f 689/689 695/695 696/696
f 689/689 696/696 690/690
f 690/690 696/696 697/697
f 690/690 697/697 692/692
f 695/695 698/698 697/697
f 695/695 697/697 696/696
f 699/699 381/381 380/380
f 699/699 380/380 700/700
f 700/700 380/380 701/701
f 700/700 701/701 702/702
f 699/699 703/703 704/704
f 699/699 704/704 381/381
f 699/699 700/700 702/702
f 699/699 702/702 703/703
f 380/380 379/379 705/705
f 380/380 705/705 701/701
f 381/381 704/704 706/706
f 381/381 706/706 382/382
f 379/379 383/383 707/707
f 379/379 707/707 705/705
f 382/382 706/706 708/708
f 382/382 708/708 384/384
f 383/383 385/385 709/709
f 383/383 709/709 707/707
f 384/384 708/708 710/710
f 384/384 710/710 386/386
f 386/386 710/710 711/711
f 386/386 711/711 388/388
f 388/388 711/711 712/712
f 388/388 712/712 390/390
f 390/390 712/712 713/713
f 390/390 713/713 392/392
f 392/392 713/713 714/714
f 392/392 714/714 394/394
f 393/393 395/395 715/715
f 393/393 715/715 716/716
f 394/394 714/714 717/717
f 394/394 717/717 396/396
f 395/395 399/399 718/718
f 395/395 718/718 715/715
f 396/396 717/717 719/719
f 396/396 719/719 400/400
f 399/399 403/403 720/720
f 399/399 720/720 718/718
f 400/400 719/719 721/721
f 400/400 721/721 404/404
f 404/404 722/722 723/723
f 404/404 723/723 403/403
f 403/403 723/723 724/724
f 403/403 724/724 720/720
f 404/404 721/721 725/725
f 404/404 725/725 722/722
f 722/722 725/725 724/724
f 722/722 724/724 723/723
f 726/726 727/727 728/728
f 726/726 728/728 729/729
f 726/726 729/729 730/730
f 726/726 730/730 731/731
f 727/727 732/732 733/733
f 727/727 733/733 728/728
f 732/732 734/734 735/735
f 732/732 735/735 733/733
f 734/734 736/736 737/737
f 734/734 737/737 735/735
f 736/736 738/738 739/739
f 736/736 739/739 737/737
f 729/729 728/728 740/740
f 729/729 740/740 741/741
f 729/729 741/741 742/742
f 729/729 742/742 730/730
f 728/728 733/733 743/743
f 728/728 743/743 740/740
f 733/733 735/735 744/744
f 733/733 744/744 743/743
f 735/735 737/737 745/745
f 735/735 745/745 744/744
f 737/737 739/739 746/746
f 737/737 746/746 745/745
f 747/747 748/748 749/749
f 747/747 749/749 750/750
f 747/747 751/751 752/752
f 747/747 752/752 748/748
f 747/747 750/750 753/753
f 747/747 753/753 751/751
f 748/748 754/754 755/755
f 748/748 755/755 749/749
f 754/754 756/756 757/757
f 754/754 757/757 755/755
f 756/756 758/758 759/759
f 756/756 759/759 757/757
f 758/758 760/760 761/761
f 758/758 761/761 759/759
f 760/760 762/762 763/763
f 760/760 763/763 761/761
f 760/760 764/764 765/765
f 760/760 765/765 762/762
f 762/762 765/765 766/766
f 762/762 766/766 763/763
f 767/767 768/768 769/769
f 767/767 769/769 770/770
f 767/767 771/771 772/772
f 767/767 772/772 768/768
f 767/767 770/770 773/773
f 767/767 773/773 771/771
f 768/768 409/409 411/411
f 768/768 411/411 769/769
f 768/768 772/772 774/774
f 768/768 774/774 409/409
f 426/426 775/775 776/776
f 426/426 776/776 427/427
f 426/426 777/777 778/778
f 426/426 778/778 775/775
f 775/775 779/779 780/780
f 775/775 780/780 776/776
f 775/775 778/778 781/781
f 775/775 781/781 779/779
f 779/779 781/781 782/782
f 779/779 782/782 780/780
f 783/783 784/784 785/785
f 783/783 785/785 786/786
f 783/783 786/786 787/787
f 783/783 787/787 788/788
f 784/784 433/433 432/432
f 784/784 432/432 785/785
f 444/444 789/789 790/790
f 444/444 790/790 445/445
f 789/789 791/791 792/792
f 789/789 792/792 790/790
f 791/791 793/793 794/794
f 791/791 794/794 792/792
f 786/786 785/785 795/795
f 786/786 795/795 796/796
f 796/796 795/795 797/797
f 796/796 797/797 798/798
f 786/786 796/796 798/798
f 786/786 798/798 787/787
f 785/785 432/432 449/449
f 785/785 449/449 795/795
f 795/795 449/449 799/799
f 795/795 799/799 797/797
f 445/445 790/790 800/800
f 445/445 800/800 459/459
f 459/459 800/800 801/801
f 459/459 801/801 802/802
f 790/790 792/792 803/803
f 790/790 803/803 800/800
f 800/800 803/803 804/804
f 800/800 804/804 801/801
f 792/792 794/794 804/804
f 792/792 804/804 803/803
f 805/805 806/806 807/807
f 805/805 807/807 808/808
f 808/808 807/807 809/809
f 808/808 809/809 810/810
f 805/805 808/808 810/810
f 805/805 810/810 811/811
f 806/806 812/812 813/813
f 806/806 813/813 807/807
f 807/807 813/813 814/814
f 807/807 814/814 809/809
f 812/812 815/815 816/816
f 812/812 816/816 813/813
f 813/813 816/816 817/817
f 813/813 817/817 814/814
f 815/815 818/818 819/819
f 815/815 819/819 816/816
f 816/816 819/819 820/820
f 816/816 820/820 817/817
f 818/818 821/821 822/822
f 818/818 822/822 819/819
f 819/819 822/822 823/823
f 819/819 823/823 820/820
f 821/821 824/824 825/825
f 821/821 825/825 822/822
f 822/822 825/825 826/826
f 822/822 826/826 823/823
f 824/824 827/827 826/826
f 824/824 826/826 825/825
f 828/828 829/829 830/830
f 828/828 830/830 831/831
f 828/828 832/832 833/833
f 828/828 833/833 829/829
f 828/828 831/831 834/834
f 828/828 834/834 832/832
f 829/829 835/835 836/836
f 829/829 836/836 830/830
f 829/829 833/833 837/837
f 829/829 837/837 835/835
f 835/835 838/838 839/839
f 835/835 839/839 836/836
f 835/835 837/837 840/840
f 835/835 840/840 838/838
f 838/838 841/841 842/842
f 838/838 842/842 839/839
f 838/838 840/840 843/843
f 838/838 843/843 841/841
f 841/841 844/844 845/845
f 841/841 845/845 842/842
f 841/841 843/843 846/846
f 841/841 846/846 844/844
f 844/844 847/847 848/848
f 844/844 848/848 845/845
f 844/844 846/846 849/849
f 844/844 849/849 847/847
f 847/847 849/849 850/850
f 847/847 850/850 848/848
f 851/851 852/852 481/481
f 851/851 481/481 480/480
f 851/851 853/853 854/854
f 851/851 854/854 852/852
f 851/851 480/480 855/855
f 851/851 855/855 853/853
f 852/852 462/462 464/464
f 852/852 464/464 481/481
f 852/852 854/854 856/856
f 852/852 856/856 462/462
f 474/474 857/857 485/485
f 474/474 485/485 475/475
f 474/474 858/858 859/859
f 474/474 859/859 857/857
f 857/857 860/860 488/488
f 857/857 488/488 485/485
f 857/857 859/859 861/861
f 857/857 861/861 860/860
f 860/860 861/861 862/862
f 860/860 862/862 488/488
f 863/863 480/480 482/482
f 863/863 482/482 864/864
f 863/863 865/865 855/855
f 863/863 855/855 480/480
f 863/863 864/864 866/866
f 863/863 866/866 865/865
f 488/488 867/867 868/868
f 488/488 868/868 489/489
f 488/488 862/862 869/869
f 488/488 869/869 867/867
f 867/867 869/869 870/870
f 867/867 870/870 868/868
f 871/871 495/495 494/494
f 871/871 494/494 872/872
f 871/871 872/872 873/873
f 871/871 873/873 874/874
f 500/500 875/875 876/876
f 500/500 876/876 501/501
f 875/875 877/877 878/878
f 875/875 878/878 876/876
f 879/879 506/506 508/508
f 879/879 508/508 880/880
f 879/879 881/881 882/882
f 879/879 882/882 506/506
f 879/879 880/880 883/883
f 879/879 883/883 881/881
f 514/514 884/884 885/885
f 514/514 885/885 515/515
f 514/514 886/886 887/887
f 514/514 887/887 884/884
f 884/884 887/887 888/888
f 884/884 888/888 885/885
f 519/519 518/518 889/889
f 519/519 889/889 890/890
f 520/520 891/891 892/892
f 520/520 892/892 521/521
f 520/520 519/519 890/890
f 520/520 890/890 891/891
f 518/518 522/522 893/893
f 518/518 893/893 889/889
f 521/521 892/892 894/894
f 521/521 894/894 523/523
f 522/522 524/524 895/895
f 522/522 895/895 893/893
f 524/524 526/526 896/896
f 524/524 896/896 895/895
f 528/528 530/530 897/897
f 528/528 897/897 898/898
f 530/530 531/531 899/899
f 530/530 899/899 897/897
f 531/531 534/534 900/900
f 531/531 900/900 899/899
f 533/533 901/901 902/902
f 533/533 902/902 535/535
f 534/534 538/538 903/903
f 534/534 903/903 900/900
f 535/535 902/902 904/904
f 535/535 904/904 539/539
f 539/539 904/904 903/903
f 539/539 903/903 538/538
f 905/905 546/546 545/545
f 905/905 545/545 906/906
f 906/906 545/545 907/907
f 906/906 907/907 908/908
f 905/905 906/906 908/908
f 905/905 908/908 909/909
f 555/555 910/910 911/911
f 555/555 911/911 554/554
f 554/554 911/911 912/912
f 554/554 912/912 913/913
f 910/910 914/914 912/912
f 910/910 912/912 911/911
f 915/915 916/916 917/917
f 915/915 917/917 918/918
f 918/918 917/917 919/919
f 918/918 919/919 920/920
f 915/915 918/918 920/920
f 915/915 920/920 921/921
f 916/916 562/562 561/561
f 916/916 561/561 917/917
f 917/917 561/561 922/922
f 917/917 922/922 919/919
f 572/572 923/923 924/924
f 572/572 924/924 571/571
f 571/571 924/924 925/925
f 571/571 925/925 926/926
f 923/923 927/927 928/928
f 923/923 928/928 924/924
f 924/924 928/928 929/929
f 924/924 929/929 925/925
f 927/927 930/930 929/929
f 927/927 929/929 928/928
f 561/561 560/560 931/931
f 561/561 931/931 932/932
f 932/932 931/931 933/933
f 932/932 933/933 934/934
f 561/561 932/932 934/934
f 561/561 934/934 922/922
f 560/560 565/565 935/935
f 560/560 935/935 931/931
f 931/931 935/935 936/936
f 931/931 936/936 933/933
f 565/565 568/568 937/937
f 565/565 937/937 935/935
f 935/935 937/937 938/938
f 935/935 938/938 936/936
f 568/568 571/571 939/939
f 568/568 939/939 937/937
f 937/937 939/939 940/940
f 937/937 940/940 938/938
f 571/571 926/926 940/940
f 571/571 940/940 939/939
f 941/941 579/579 578/578
f 941/941 578/578 942/942
f 942/942 578/578 943/943
f 942/942 943/943 944/944
f 941/941 945/945 946/946
f 941/941 946/946 579/579
f 941/941 942/942 944/944
f 941/941 944/944 945/945
f 578/578 577/577 947/947
f 578/578 947/947 943/943
f 579/579 946/946 948/948
f 579/579 948/948 580/580
f 577/577 583/583 949/949
f 577/577 949/949 947/947
f 580/580 948/948 950/950
f 580/580 950/950 584/584
f 583/583 585/585 951/951
f 583/583 951/951 949/949
f 584/584 950/950 952/952
f 584/584 952/952 586/586
f 585/585 587/587 953/953
f 585/585 953/953 951/951
f 586/586 952/952 954/954
f 586/586 954/954 588/588
f 587/587 589/589 955/955
f 587/587 955/955 953/953
f 588/588 954/954 956/956
f 588/588 956/956 590/590
f 589/589 591/591 957/957
f 589/589 957/957 955/955
f 590/590 956/956 958/958
f 590/590 958/958 592/592
f 591/591 593/593 959/959
f 591/591 959/959 957/957
f 592/592 958/958 960/960
f 592/592 960/960 594/594
f 593/593 595/595 961/961
f 593/593 961/961 959/959
f 594/594 960/960 962/962
f 594/594 962/962 596/596
f 595/595 597/597 963/963
f 595/595 963/963 961/961
f 596/596 962/962 964/964
f 596/596 964/964 598/598
f 597/597 601/601 965/965
f 597/597 965/965 963/963
f 598/598 964/964 966/966
f 598/598 966/966 602/602
f 601/601 605/605 967/967
f 601/601 967/967 965/965
f 602/602 966/966 968/968
f 602/602 968/968 606/606
f 605/605 609/609 969/969
f 605/605 969/969 967/967
f 606/606 968/968 970/970
f 606/606 970/970 610/610
f 610/610 971/971 972/972
f 610/610 972/972 609/609
f 609/609 972/972 973/973
f 609/609 973/973 969/969
f 610/610 970/970 974/974
f 610/610 974/974 971/971
f 971/971 974/974 973/973
f 971/971 973/973 972/972
f 975/975 615/615 614/614
f 975/975 614/614 976/976
f 976/976 614/614 977/977
f 976/976 977/977 978/978
f 975/975 979/979 980/980
f 975/975 980/980 615/615
f 975/975 976/976 978/978
f 975/975 978/978 979/979
f 614/614 613/613 981/981
f 614/614 981/981 977/977
f 615/615 980/980 982/982
f 615/615 982/982 616/616
f 613/613 617/617 983/983
f 613/613 983/983 981/981
f 616/616 982/982 984/984
f 616/616 984/984 618/618
f 617/617 619/619 985/985
f 617/617 985/985 983/983
f 618/618 984/984 986/986
f 618/618 986/986 620/620
f 619/619 621/621 987/987
f 619/619 987/987 985/985
f 620/620 986/986 988/988
f 620/620 988/988 622/622
f 621/621 623/623 989/989
f 621/621 989/989 987/987
f 622/622 988/988 990/990
f 622/622 990/990 624/624
f 623/623 625/625 991/991
f 623/623 991/991 989/989
f 624/624 990/990 992/992
f 624/624 992/992 626/626
f 625/625 627/627 993/993
f 625/625 993/993 991/991
f 626/626 992/992 994/994
f 626/626 994/994 628/628
f 627/627 629/629 995/995
f 627/627 995/995 993/993
f 628/628 994/994 996/996
f 628/628 996/996 630/630
f 629/629 631/631 997/997
f 629/629 997/997 995/995
f 630/630 996/996 998/998
f 630/630 998/998 632/632
f 631/631 633/633 999/999
f 631/631 999/999 997/997
f 632/632 998/998 1000/1000
f 632/632 1000/1000 634/634
f 633/633 635/635 1001/1001
f 633/633 1001/1001 999/999
f 634/634 1000/1000 1002/1002
f 634/634 1002/1002 636/636
f 635/635 637/637 1003/1003
f 635/635 1003/1003 1001/1001
f 636/636 1002/1002 1004/1004
f 636/636 1004/1004 638/638
f 637/637 639/639 1005/1005
f 637/637 1005/1005 1003/1003
f 638/638 1004/1004 1006/1006
f 638/638 1006/1006 640/640
f 639/639 643/643 1007/1007
f 639/639 1007/1007 1005/1005
f 640/640 1006/1006 1008/1008
f 640/640 1008/1008 644/644
f 644/644 1009/1009 1010/1010
f 644/644 1010/1010 643/643
f 643/643 1010/1010 1011/1011
f 643/643 1011/1011 1007/1007
f 644/644 1008/1008 1012/1012
f 644/644 1012/1012 1009/1009
f 1009/1009 1012/1012 1011/1011
f 1009/1009 1011/1011 1010/1010
f 1013/1013 1014/1014 1015/1015
f 1013/1013 1015/1015 1016/1016
f 1013/1013 1017/1017 1018/1018
f 1013/1013 1018/1018 1014/1014
f 1013/1013 1016/1016 1019/1019
f 1013/1013 1019/1019 1017/1017
f 1014/1014 1020/1020 1021/1021
f 1014/1014 1021/1021 1015/1015
f 1014/1014 1018/1018 1022/1022
f 1014/1014 1022/1022 1020/1020
f 1020/1020 1023/1023 1024/1024
f 1020/1020 1024/1024 1021/1021
f 1020/1020 1022/1022 1025/1025
f 1020/1020 1025/1025 1023/1023
f 1023/1023 1026/1026 1027/1027
f 1023/1023 1027/1027 1024/1024
f 1023/1023 1025/1025 1028/1028
f 1023/1023 1028/1028 1026/1026
f 1026/1026 1029/1029 1030/1030
f 1026/1026 1030/1030 1027/1027
f 1026/1026 1028/1028 1031/1031
f 1026/1026 1031/1031 1029/1029
f 1029/1029 1032/1032 1033/1033
f 1029/1029 1033/1033 1030/1030
f 1029/1029 1031/1031 1034/1034
f 1029/1029 1034/1034 1032/1032
f 1032/1032 1034/1034 1035/1035
f 1032/1032 1035/1035 1033/1033
f 1036/1036 649/649 651/651
f 1036/1036 651/651 1037/1037
f 1037/1037 651/651 1038/1038
f 1037/1037 1038/1038 1039/1039
f 1036/1036 1040/1040 1041/1041
f 1036/1036 1041/1041 649/649
f 1036/1036 1037/1037 1039/1039
f 1036/1036 1039/1039 1040/1040
f 666/666 1042/1042 1043/1043
f 666/666 1043/1043 667/667
f 667/667 1043/1043 1044/1044
f 667/667 1044/1044 1045/1045
f 666/666 1046/1046 1047/1047
f 666/666 1047/1047 1042/1042
f 1042/1042 1047/1047 1044/1044
f 1042/1042 1044/1044 1043/1043
f 671/671 670/670 1048/1048
f 671/671 1048/1048 1049/1049
f 674/674 1050/1050 1051/1051
f 674/674 1051/1051 675/675
f 679/679 678/678 1052/1052
f 679/679 1052/1052 1053/1053
f 680/680 679/679 1053/1053
f 680/680 1053/1053 1054/1054
f 678/678 681/681 1055/1055
f 678/678 1055/1055 1052/1052
f 683/683 682/682 1056/1056
f 683/683 1056/1056 1057/1057
f 682/682 686/686 1058/1058
f 682/682 1058/1058 1056/1056
f 687/687 1059/1059 1058/1058
f 687/687 1058/1058 686/686
f 1060/1060 1061/1061 1062/1062
f 1060/1060 1062/1062 1063/1063
f 694/694 693/693 1061/1061
f 694/694 1061/1061 1060/1060
f 1063/1063 1062/1062 1064/1064
f 1063/1063 1064/1064 1065/1065
f 698/698 1065/1065 1064/1064
f 698/698 1064/1064 697/697
f 693/693 692/692 1066/1066
f 693/693 1066/1066 1067/1067
f 693/693 1067/1067 1068/1068
f 693/693 1068/1068 1061/1061
f 692/692 697/697 1069/1069
f 692/692 1069/1069 1066/1066
f 697/697 1064/1064 1070/1070
f 697/697 1070/1070 1069/1069
f 1071/1071 1072/1072 1073/1073
f 1071/1071 1073/1073 1074/1074
f 1074/1074 1073/1073 1075/1075
f 1074/1074 1075/1075 1076/1076
f 1071/1071 1077/1077 1078/1078
f 1071/1071 1078/1078 1072/1072
f 1071/1071 1074/1074 1076/1076
f 1071/1071 1076/1076 1077/1077
f 1072/1072 1079/1079 1080/1080
f 1072/1072 1080/1080 1073/1073
f 1073/1073 1080/1080 1081/1081
f 1073/1073 1081/1081 1075/1075
f 1079/1079 1082/1082 1083/1083
f 1079/1079 1083/1083 1080/1080
f 1080/1080 1083/1083 1084/1084
f 1080/1080 1084/1084 1081/1081
f 1082/1082 1085/1085 1086/1086
f 1082/1082 1086/1086 1083/1083
f 1083/1083 1086/1086 1087/1087
f 1083/1083 1087/1087 1084/1084
f 1082/1082 1088/1088 1089/1089
f 1082/1082 1089/1089 1085/1085
f 1085/1085 1089/1089 1087/1087
f 1085/1085 1087/1087 1086/1086
f 1090/1090 703/703 702/702
f 1090/1090 702/702 1091/1091
f 1091/1091 702/702 1092/1092
f 1091/1091 1092/1092 1093/1093
f 1090/1090 1094/1094 1095/1095
f 1090/1090 1095/1095 703/703
f 1090/1090 1091/1091 1093/1093
f 1090/1090 1093/1093 1094/1094
f 702/702 701/701 1096/1096
f 702/702 1096/1096 1092/1092
f 703/703 1095/1095 1097/1097
f 703/703 1097/1097 704/704
f 701/701 705/705 1098/1098
f 701/701 1098/1098 1096/1096
f 704/704 1097/1097 1099/1099
f 704/704 1099/1099 706/706
f 706/706 1099/1099 1100/1100
f 706/706 1100/1100 708/708
f 708/708 1100/1100 1101/1101
f 708/708 1101/1101 710/710
f 710/710 1101/1101 1102/1102
f 710/710 1102/1102 711/711
f 711/711 1102/1102 1103/1103
f 711/711 1103/1103 712/712
f 712/712 1103/1103 1104/1104
f 712/712 1104/1104 713/713
f 713/713 1104/1104 1105/1105
f 713/713 1105/1105 714/714
f 714/714 1105/1105 1106/1106
f 714/714 1106/1106 717/717
f 717/717 1106/1106 1107/1107
f 717/717 1107/1107 719/719
f 718/718 720/720 1108/1108
f 718/718 1108/1108 1109/1109
f 719/719 1107/1107 1110/1110
f 719/719 1110/1110 721/721
f 720/720 724/724 1111/1111
f 720/720 1111/1111 1108/1108
f 721/721 1110/1110 1112/1112
f 721/721 1112/1112 725/725
f 725/725 1113/1113 1114/1114
f 725/725 1114/1114 724/724
f 724/724 1114/1114 1115/1115
f 724/724 1115/1115 1111/1111
f 725/725 1112/1112 1116/1116
f 725/725 1116/1116 1113/1113
f 1113/1113 1116/1116 1115/1115
f 1113/1113 1115/1115 1114/1114
f 1117/1117 1118/1118 1119/1119
f 1117/1117 1119/1119 1120/1120
f 1117/1117 1120/1120 1121/1121
f 1117/1117 1121/1121 1122/1122
f 1118/1118 731/731 730/730
f 1118/1118 730/730 1119/1119
f 738/738 1123/1123 1124/1124
f 738/738 1124/1124 739/739
f 1123/1123 1125/1125 1126/1126
f 1123/1123 1126/1126 1124/1124
f 1125/1125 1127/1127 1128/1128
f 1125/1125 1128/1128 1126/1126
f 1120/1120 1119/1119 1129/1129
f 1120/1120 1129/1129 1130/1130
f 1120/1120 1130/1130 1131/1131
f 1120/1120 1131/1131 1121/1121
f 1119/1119 730/730 742/742
f 1119/1119 742/742 1129/1129
f 739/739 1124/1124 1132/1132
f 739/739 1132/1132 746/746
f 1124/1124 1126/1126 1133/1133
f 1124/1124 1133/1133 1132/1132
f 1126/1126 1128/1128 1134/1134
f 1126/1126 1134/1134 1133/1133
f 1135/1135 751/751 753/753
f 1135/1135 753/753 1136/1136
f 1135/1135 1136/1136 1137/1137
f 1135/1135 1137/1137 1138/1138
f 765/765 1139/1139 1140/1140
f 765/765 1140/1140 766/766
f 1139/1139 1141/1141 1142/1142
f 1139/1139 1142/1142 1140/1140
f 1143/1143 771/771 773/773
f 1143/1143 773/773 1144/1144
f 1143/1143 1145/1145 1146/1146
f 1143/1143 1146/1146 771/771
f 1143/1143 1144/1144 1147/1147
f 1143/1143 1147/1147 1145/1145
f 771/771 1146/1146 1148/1148
f 771/771 1148/1148 772/772
f 778/778 1149/1149 1150/1150
f 778/778 1150/1150 781/781
f 781/781 1151/1151 1152/1152
f 781/781 1152/1152 782/782
f 781/781 1150/1150 1153/1153
f 781/781 1153/1153 1151/1151
f 1151/1151 1153/1153 1154/1154
f 1151/1151 1154/1154 1152/1152
f 1155/1155 788/788 787/787
f 1155/1155 787/787 1156/1156
f 1155/1155 1156/1156 1157/1157
f 1155/1155 1157/1157 1158/1158
f 793/793 1159/1159 1160/1160
f 793/793 1160/1160 794/794
f 1159/1159 1161/1161 1162/1162
f 1159/1159 1162/1162 1160/1160
f 1156/1156 787/787 798/798
f 1156/1156 798/798 1163/1163
f 1163/1163 798/798 1164/1164
f 1163/1163 1164/1164 1165/1165
f 1156/1156 1163/1163 1165/1165
f 1156/1156 1165/1165 1157/1157
f 794/794 1160/1160 1166/1166
f 794/794 1166/1166 804/804
f 804/804 1166/1166 1167/1167
f 804/804 1167/1167 1168/1168
f 1160/1160 1162/1162 1167/1167
f 1160/1160 1167/1167 1166/1166
f 1169/1169 1170/1170 1171/1171
f 1169/1169 1171/1171 1172/1172
f 1172/1172 1171/1171 1173/1173
f 1172/1172 1173/1173 1174/1174
f 1169/1169 1172/1172 1174/1174
f 1169/1169 1174/1174 1175/1175
f 1170/1170 811/811 810/810
f 1170/1170 810/810 1171/1171
f 1171/1171 810/810 1176/1176
f 1171/1171 1176/1176 1173/1173
f 810/810 809/809 1177/1177
f 810/810 1177/1177 1176/1176
f 809/809 814/814 1178/1178
f 809/809 1178/1178 1177/1177
f 814/814 817/817 1179/1179
f 814/814 1179/1179 1178/1178
f 817/817 820/820 1180/1180
f 817/817 1180/1180 1179/1179
f 820/820 823/823 1181/1181
f 820/820 1181/1181 1180/1180
f 823/823 826/826 1182/1182
f 823/823 1182/1182 1181/1181
f 827/827 1183/1183 1184/1184
f 827/827 1184/1184 826/826
f 826/826 1184/1184 1185/1185
f 826/826 1185/1185 1182/1182
f 1183/1183 1186/1186 1187/1187
f 1183/1183 1187/1187 1184/1184
f 1184/1184 1187/1187 1188/1188
f 1184/1184 1188/1188 1185/1185
f 1186/1186 1189/1189 1188/1188
f 1186/1186 1188/1188 1187/1187
f 1190/1190 1191/1191 1192/1192
f 1190/1190 1192/1192 1193/1193
f 1190/1190 1194/1194 1195/1195
f 1190/1190 1195/1195 1191/1191
f 1190/1190 1193/1193 1196/1196
f 1190/1190 1196/1196 1194/1194
f 1191/1191 1197/1197 1198/1198
f 1191/1191 1198/1198 1192/1192
f 1191/1191 1195/1195 1199/1199
f 1191/1191 1199/1199 1197/1197
f 1197/1197 1200/1200 1201/1201
f 1197/1197 1201/1201 1198/1198
f 1197/1197 1199/1199 1202/1202
f 1197/1197 1202/1202 1200/1200
f 1200/1200 1203/1203 1204/1204
f 1200/1200 1204/1204 1201/1201
f 1200/1200 1202/1202 1205/1205
f 1200/1200 1205/1205 1203/1203
f 1203/1203 1206/1206 1207/1207
f 1203/1203 1207/1207 1204/1204
f 1203/1203 1205/1205 1208/1208
f 1203/1203 1208/1208 1206/1206
f 1206/1206 1209/1209 1210/1210
f 1206/1206 1210/1210 1207/1207
f 1206/1206 1208/1208 1211/1211
f 1206/1206 1211/1211 1209/1209
f 1209/1209 1211/1211 1212/1212
f 1209/1209 1212/1212 1210/1210
f 1213/1213 1214/1214 1215/1215
f 1213/1213 1215/1215 1216/1216
f 1213/1213 1217/1217 1218/1218
f 1213/1213 1218/1218 1214/1214
f 1213/1213 1216/1216 1219/1219
f 1213/1213 1219/1219 1217/1217
f 1214/1214 832/832 834/834
f 1214/1214 834/834 1215/1215
f 1214/1214 1218/1218 1220/1220
f 1214/1214 1220/1220 832/832
f 849/849 1221/1221 1222/1222
f 849/849 1222/1222 850/850
f 849/849 1223/1223 1224/1224
f 849/849 1224/1224 1221/1221
f 1221/1221 1225/1225 1226/1226
f 1221/1221 1226/1226 1222/1222
f 1221/1221 1224/1224 1227/1227
f 1221/1221 1227/1227 1225/1225
f 1225/1225 1227/1227 1228/1228
f 1225/1225 1228/1228 1226/1226
f 1229/1229 853/853 855/855
f 1229/1229 855/855 865/865
f 1229/1229 1230/1230 1231/1231
f 1229/1229 1231/1231 853/853
f 1229/1229 865/865 1232/1232
f 1229/1229 1232/1232 1230/1230
f 861/861 1233/1233 869/869
f 861/861 869/869 862/862
f 861/861 1234/1234 1235/1235
f 861/861 1235/1235 1233/1233
f 1233/1233 1235/1235 1236/1236
f 1233/1233 1236/1236 869/869
f 1237/1237 865/865 866/866
f 1237/1237 866/866 1238/1238
f 1237/1237 1239/1239 1232/1232
f 1237/1237 1232/1232 865/865
f 1237/1237 1238/1238 1240/1240
f 1237/1237 1240/1240 1239/1239
f 869/869 1241/1241 1242/1242
f 869/869 1242/1242 870/870
f 869/869 1236/1236 1243/1243
f 869/869 1243/1243 1241/1241
f 1241/1241 1243/1243 1244/1244
f 1241/1241 1244/1244 1242/1242
f 1245/1245 874/874 873/873
f 1245/1245 873/873 1246/1246
f 1245/1245 1246/1246 1247/1247
f 1245/1245 1247/1247 1248/1248
f 877/877 1249/1249 1250/1250
f 877/877 1250/1250 878/878
f 1249/1249 1251/1251 1252/1252
f 1249/1249 1252/1252 1250/1250
f 881/881 883/883 1253/1253
f 881/881 1253/1253 1254/1254
f 887/887 1255/1255 1256/1256
f 887/887 1256/1256 888/888
f 1257/1257 891/891 890/890
f 1257/1257 890/890 1258/1258
f 1258/1258 890/890 1259/1259
f 1258/1258 1259/1259 1260/1260
f 1257/1257 1261/1261 1262/1262
f 1257/1257 1262/1262 891/891
f 1257/1257 1258/1258 1260/1260
f 1257/1257 1260/1260 1261/1261
f 890/890 889/889 1263/1263
f 890/890 1263/1263 1259/1259
f 891/891 1262/1262 1264/1264
f 891/891 1264/1264 892/892
f 889/889 893/893 1265/1265
f 889/889 1265/1265 1263/1263
f 892/892 1264/1264 1266/1266
f 892/892 1266/1266 894/894
f 893/893 895/895 1267/1267
f 893/893 1267/1267 1265/1265
f 895/895 896/896 1268/1268
f 895/895 1268/1268 1267/1267
f 898/898 897/897 1269/1269
f 898/898 1269/1269 1270/1270
f 897/897 899/899 1271/1271
f 897/897 1271/1271 1269/1269
f 899/899 900/900 1272/1272
f 899/899 1272/1272 1271/1271
f 901/901 1273/1273 1274/1274
f 901/901 1274/1274 902/902
f 900/900 903/903 1275/1275
f 900/900 1275/1275 1272/1272
f 902/902 1274/1274 1276/1276
f 902/902 1276/1276 904/904
f 904/904 1277/1277 1278/1278
f 904/904 1278/1278 903/903
f 903/903 1278/1278 1279/1279
f 903/903 1279/1279 1275/1275
f 904/904 1276/1276 1280/1280
f 904/904 1280/1280 1277/1277
f 1277/1277 1280/1280 1279/1279
f 1277/1277 1279/1279 1278/1278
f 909/909 908/908 1281/1281
f 909/909 1281/1281 1282/1282
f 914/914 1283/1283 1284/1284
f 914/914 1284/1284 912/912
f 1285/1285 921/921 920/920
f 1285/1285 920/920 1286/1286
f 1286/1286 920/920 1287/1287
f 1286/1286 1287/1287 1288/1288
f 1285/1285 1286/1286 1288/1288
f 1285/1285 1288/1288 1289/1289
f 930/930 1290/1290 1291/1291
f 930/930 1291/1291 929/929
f 929/929 1291/1291 1292/1292
f 929/929 1292/1292 1293/1293
f 1290/1290 1294/1294 1292/1292
f 1290/1290 1292/1292 1291/1291
f 920/920 919/919 1295/1295
f 920/920 1295/1295 1296/1296
f 1296/1296 1295/1295 1297/1297
f 1296/1296 1297/1297 1298/1298
f 920/920 1296/1296 1298/1298
f 920/920 1298/1298 1287/1287
f 919/919 922/922 934/934
f 919/919 934/934 1295/1295
f 1295/1295 934/934 1299/1299
f 1295/1295 1299/1299 1297/1297
f 926/926 925/925 1300/1300
f 926/926 1300/1300 940/940
f 940/940 1300/1300 1301/1301
f 940/940 1301/1301 1302/1302
f 925/925 929/929 1303/1303
f 925/925 1303/1303 1300/1300
f 1300/1300 1303/1303 1304/1304
f 1300/1300 1304/1304 1301/1301
f 929/929 1293/1293 1304/1304
f 929/929 1304/1304 1303/1303
f 934/934 933/933 1305/1305
f 934/934 1305/1305 1306/1306
f 1306/1306 1305/1305 1307/1307
f 1306/1306 1307/1307 1308/1308
f 934/934 1306/1306 1308/1308
f 934/934 1308/1308 1299/1299
f 933/933 936/936 1309/1309
f 933/933 1309/1309 1305/1305
f 1305/1305 1309/1309 1310/1310
f 1305/1305 1310/1310 1307/1307
f 936/936 938/938 1311/1311
f 936/936 1311/1311 1309/1309
f 1309/1309 1311/1311 1312/1312
f 1309/1309 1312/1312 1310/1310
f 938/938 940/940 1313/1313
f 938/938 1313/1313 1311/1311
f 1311/1311 1313/1313 1314/1314
f 1311/1311 1314/1314 1312/1312
f 940/940 1302/1302 1314/1314
f 940/940 1314/1314 1313/1313
f 1315/1315 945/945 944/944
f 1315/1315 944/944 1316/1316
f 1316/1316 944/944 1317/1317
f 1316/1316 1317/1317 1318/1318
f 1315/1315 1319/1319 1320/1320
f 1315/1315 1320/1320 945/945
f 1315/1315 1316/1316 1318/1318
f 1315/1315 1318/1318 1319/1319
f 944/944 943/943 1321/1321
f 944/944 1321/1321 1317/1317
f 945/945 1320/1320 1322/1322
f 945/945 1322/1322 946/946
f 943/943 947/947 1323/1323
f 943/943 1323/1323 1321/1321
f 946/946 1322/1322 1324/1324
f 946/946 1324/1324 948/948
f 947/947 949/949 1325/1325
f 947/947 1325/1325 1323/1323
f 948/948 1324/1324 1326/1326
f 948/948 1326/1326 950/950
f 949/949 951/951 1327/1327
f 949/949 1327/1327 1325/1325
f 950/950 1326/1326 1328/1328
f 950/950 1328/1328 952/952
f 951/951 953/953 1329/1329
f 951/951 1329/1329 1327/1327
f 952/952 1328/1328 1330/1330
f 952/952 1330/1330 954/954
f 953/953 955/955 1331/1331
f 953/953 1331/1331 1329/1329
f 954/954 1330/1330 1332/1332
f 954/954 1332/1332 956/956
f 955/955 957/957 1333/1333
f 955/955 1333/1333 1331/1331
f 956/956 1332/1332 1334/1334
f 956/956 1334/1334 958/958
f 957/957 959/959 1335/1335
f 957/957 1335/1335 1333/1333
f 958/958 1334/1334 1336/1336
f 958/958 1336/1336 960/960
f 959/959 961/961 1337/1337
f 959/959 1337/1337 1335/1335
f 960/960 1336/1336 1338/1338
f 960/960 1338/1338 962/962
f 961/961 963/963 1339/1339
f 961/961 1339/1339 1337/1337
f 962/962 1338/1338 1340/1340
f 962/962 1340/1340 964/964
f 963/963 965/965 1341/1341
f 963/963 1341/1341 1339/1339
f 964/964 1340/1340 1342/1342
f 964/964 1342/1342 966/966
f 965/965 967/967 1343/1343
f 965/965 1343/1343 1341/1341
f 966/966 1342/1342 1344/1344
f 966/966 1344/1344 968/968
f 967/967 969/969 1345/1345
f 967/967 1345/1345 1343/1343
f 968/968 1344/1344 1346/1346
f 968/968 1346/1346 970/970
f 969/969 973/973 1347/1347
f 969/969 1347/1347 1345/1345
f 970/970 1346/1346 1348/1348
f 970/970 1348/1348 974/974
f 974/974 1349/1349 1350/1350
f 974/974 1350/1350 973/973
f 973/973 1350/1350 1351/1351
f 973/973 1351/1351 1347/1347
f 974/974 1348/1348 1352/1352
f 974/974 1352/1352 1349/1349
f 1349/1349 1352/1352 1351/1351
f 1349/1349 1351/1351 1350/1350
f 1353/1353 979/979 978/978
f 1353/1353 978/978 1354/1354
f 1354/1354 978/978 1355/1355
f 1354/1354 1355/1355 1356/1356
f 1353/1353 1357/1357 1358/1358
f 1353/1353 1358/1358 979/979
f 1353/1353 1354/1354 1356/1356
f 1353/1353 1356/1356 1357/1357
f 978/978 977/977 1359/1359
f 978/978 1359/1359 1355/1355
f 979/979 1358/1358 1360/1360
f 979/979 1360/1360 980/980
f 977/977 981/981 1361/1361
f 977/977 1361/1361 1359/1359
f 980/980 1360/1360 1362/1362
f 980/980 1362/1362 982/982
f 981/981 983/983 1363/1363
f 981/981 1363/1363 1361/1361
f 982/982 1362/1362 1364/1364
f 982/982 1364/1364 984/984
f 983/983 985/985 1365/1365
f 983/983 1365/1365 1363/1363
f 984/984 1364/1364 1366/1366
f 984/984 1366/1366 986/986
f 985/985 987/987 1367/1367
f 985/985 1367/1367 1365/1365
f 986/986 1366/1366 1368/1368
f 986/986 1368/1368 988/988
f 987/987 989/989 1369/1369
f 987/987 1369/1369 1367/1367
f 988/988 1368/1368 1370/1370
f 988/988 1370/1370 990/990
f 989/989 991/991 1371/1371
f 989/989 1371/1371 1369/1369
f 990/990 1370/1370 1372/1372
f 990/990 1372/1372 992/992
f 991/991 993/993 1373/1373
f 991/991 1373/1373 1371/1371
f 992/992 1372/1372 1374/1374
f 992/992 1374/1374 994/994
f 993/993 995/995 1375/1375
f 993/993 1375/1375 1373/1373
f 994/994 1374/1374 1376/1376
f 994/994 1376/1376 996/996
f 995/995 997/997 1377/1377
f 995/995 1377/1377 1375/1375
f 996/996 1376/1376 1378/1378
f 996/996 1378/1378 998/998
f 997/997 999/999 1379/1379
f 997/997 1379/1379 1377/1377
f 998/998 1378/1378 1380/1380
f 998/998 1380/1380 1000/1000
f 999/999 1001/1001 1381/1381
f 999/999 1381/1381 1379/1379
f 1000/1000 1380/1380 1382/1382
f 1000/1000 1382/1382 1002/1002
f 1001/1001 1003/1003 1383/1383
f 1001/1001 1383/1383 1381/1381
f 1002/1002 1382/1382 1384/1384
f 1002/1002 1384/1384 1004/1004
f 1003/1003 1005/1005 1385/1385
f 1003/1003 1385/1385 1383/1383
f 1004/1004 1384/1384 1386/1386
f 1004/1004 1386/1386 1006/1006
f 1005/1005 1007/1007 1387/1387
f 1005/1005 1387/1387 1385/1385
f 1006/1006 1386/1386 1388/1388
f 1006/1006 1388/1388 1008/1008
f 1007/1007 1011/1011 1389/1389
f 1007/1007 1389/1389 1387/1387
f 1008/1008 1388/1388 1390/1390
f 1008/1008 1390/1390 1012/1012
f 1012/1012 1391/1391 1392/1392
f 1012/1012 1392/1392 1011/1011
f 1011/1011 1392/1392 1393/1393
f 1011/1011 1393/1393 1389/1389
f 1012/1012 1390/1390 1394/1394
f 1012/1012 1394/1394 1391/1391
f 1391/1391 1394/1394 1393/1393
f 1391/1391 1393/1393 1392/1392
f 1395/1395 1017/1017 1019/1019
f 1395/1395 1019/1019 1396/1396
f 1395/1395 1397/1397 1398/1398
f 1395/1395 1398/1398 1017/1017
f 1395/1395 1396/1396 1399/1399
f 1395/1395 1399/1399 1397/1397
f 1017/1017 1398/1398 1400/1400
f 1017/1017 1400/1400 1018/1018
f 1018/1018 1400/1400 1401/1401
f 1018/1018 1401/1401 1022/1022
f 1022/1022 1401/1401 1402/1402
f 1022/1022 1402/1402 1025/1025
f 1025/1025 1402/1402 1403/1403
f 1025/1025 1403/1403 1028/1028
f 1028/1028 1403/1403 1404/1404
f 1028/1028 1404/1404 1031/1031
f 1031/1031 1404/1404 1405/1405
f 1031/1031 1405/1405 1034/1034
f 1034/1034 1406/1406 1407/1407
f 1034/1034 1407/1407 1035/1035
f 1034/1034 1405/1405 1408/1408
f 1034/1034 1408/1408 1406/1406
f 1406/1406 1408/1408 1409/1409
f 1406/1406 1409/1409 1407/1407
f 1410/1410 1040/1040 1039/1039
f 1410/1410 1039/1039 1411/1411
f 1411/1411 1039/1039 1412/1412
f 1411/1411 1412/1412 1413/1413
f 1410/1410 1414/1414 1415/1415
f 1410/1410 1415/1415 1040/1040
f 1410/1410 1411/1411 1413/1413
f 1410/1410 1413/1413 1414/1414
f 1047/1047 1416/1416 1417/1417
f 1047/1047 1417/1417 1044/1044
f 1044/1044 1417/1417 1418/1418
f 1044/1044 1418/1418 1419/1419
f 1047/1047 1420/1420 1421/1421
f 1047/1047 1421/1421 1416/1416
f 1416/1416 1421/1421 1418/1418
f 1416/1416 1418/1418 1417/1417
f 1422/1422 1423/1423 1424/1424
f 1422/1422 1424/1424 1425/1425
f 1426/1426 1049/1049 1048/1048
f 1426/1426 1048/1048 1427/1427
f 1427/1427 1048/1048 1424/1424
f 1427/1427 1424/1424 1423/1423
f 1426/1426 1427/1427 1423/1423
f 1426/1426 1423/1423 1422/1422
f 1428/1428 1429/1429 1430/1430
f 1428/1428 1430/1430 1431/1431
f 1050/1050 1432/1432 1433/1433
f 1050/1050 1433/1433 1051/1051
f 1051/1051 1433/1433 1430/1430
f 1051/1051 1430/1430 1429/1429
f 1432/1432 1431/1431 1430/1430
f 1432/1432 1430/1430 1433/1433
f 1053/1053 1052/1052 1434/1434
f 1053/1053 1434/1434 1435/1435
f 1054/1054 1053/1053 1435/1435
f 1054/1054 1435/1435 1436/1436
f 1052/1052 1055/1055 1437/1437
f 1052/1052 1437/1437 1434/1434
f 1055/1055 1438/1438 1439/1439
f 1055/1055 1439/1439 1437/1437
f 1438/1438 1057/1057 1440/1440
f 1438/1438 1440/1440 1439/1439
f 1057/1057 1056/1056 1441/1441
f 1057/1057 1441/1441 1440/1440
f 1056/1056 1058/1058 1442/1442
f 1056/1056 1442/1442 1441/1441
f 1059/1059 1443/1443 1442/1442
f 1059/1059 1442/1442 1058/1058
f 1444/1444 1445/1445 1446/1446
f 1444/1444 1446/1446 1447/1447
f 1061/1061 1444/1444 1447/1447
f 1061/1061 1447/1447 1062/1062
f 1061/1061 1068/1068 1445/1445
f 1061/1061 1445/1445 1444/1444
f 1447/1447 1446/1446 1448/1448
f 1447/1447 1448/1448 1449/1449
f 1062/1062 1447/1447 1449/1449
f 1062/1062 1449/1449 1064/1064
f 1064/1064 1449/1449 1448/1448
f 1064/1064 1448/1448 1070/1070
f 1450/1450 1077/1077 1076/1076
f 1450/1450 1076/1076 1451/1451
f 1451/1451 1076/1076 1452/1452
f 1451/1451 1452/1452 1453/1453
f 1450/1450 1454/1454 1455/1455
f 1450/1450 1455/1455 1077/1077
f 1450/1450 1451/1451 1453/1453
f 1450/1450 1453/1453 1454/1454
f 1076/1076 1075/1075 1456/1456
f 1076/1076 1456/1456 1452/1452
f 1077/1077 1455/1455 1457/1457
f 1077/1077 1457/1457 1078/1078
f 1075/1075 1081/1081 1458/1458
f 1075/1075 1458/1458 1456/1456
f 1081/1081 1084/1084 1459/1459
f 1081/1081 1459/1459 1458/1458
f 1084/1084 1087/1087 1460/1460
f 1084/1084 1460/1460 1459/1459
f 1088/1088 1461/1461 1462/1462
f 1088/1088 1462/1462 1089/1089
f 1089/1089 1463/1463 1464/1464
f 1089/1089 1464/1464 1087/1087
f 1087/1087 1464/1464 1465/1465
f 1087/1087 1465/1465 1460/1460
f 1089/1089 1462/1462 1466/1466
f 1089/1089 1466/1466 1463/1463
f 1463/1463 1466/1466 1465/1465
f 1463/1463 1465/1465 1464/1464
f 1093/1093 1092/1092 1467/1467
f 1093/1093 1467/1467 1468/1468
f 1094/1094 1469/1469 1470/1470
f 1094/1094 1470/1470 1095/1095
f 1094/1094 1093/1093 1468/1468
f 1094/1094 1468/1468 1469/1469
f 1092/1092 1096/1096 1471/1471
f 1092/1092 1471/1471 1467/1467
f 1095/1095 1470/1470 1472/1472
f 1095/1095 1472/1472 1097/1097
f 1097/1097 1472/1472 1473/1473
f 1097/1097 1473/1473 1099/1099
f 1099/1099 1473/1473 1474/1474
f 1099/1099 1474/1474 1100/1100
f 1100/1100 1474/1474 1475/1475
f 1100/1100 1475/1475 1101/1101
f 1101/1101 1475/1475 1476/1476
f 1101/1101 1476/1476 1102/1102
f 1102/1102 1476/1476 1477/1477
f 1102/1102 1477/1477 1103/1103
f 1103/1103 1477/1477 1478/1478
f 1103/1103 1478/1478 1104/1104
f 1104/1104 1478/1478 1479/1479
f 1104/1104 1479/1479 1105/1105
f 1105/1105 1479/1479 1480/1480
f 1105/1105 1480/1480 1106/1106
f 1106/1106 1480/1480 1481/1481
f 1106/1106 1481/1481 1107/1107
f 1107/1107 1481/1481 1482/1482
f 1107/1107 1482/1482 1110/1110
f 1108/1108 1111/1111 1483/1483
f 1108/1108 1483/1483 1484/1484
f 1110/1110 1482/1482 1485/1485
f 1110/1110 1485/1485 1112/1112
f 1111/1111 1115/1115 1486/1486
f 1111/1111 1486/1486 1483/1483
f 1112/1112 1485/1485 1487/1487
f 1112/1112 1487/1487 1116/1116
f 1116/1116 1487/1487 1486/1486
f 1116/1116 1486/1486 1115/1115
f 1488/1488 1122/1122 1121/1121
f 1488/1488 1121/1121 1489/1489
f 1488/1488 1489/1489 1490/1490
f 1488/1488 1490/1490 1491/1491
f 1127/1127 1492/1492 1493/1493
f 1127/1127 1493/1493 1128/1128
f 1492/1492 1494/1494 1495/1495
f 1492/1492 1495/1495 1493/1493
f 1489/1489 1121/1121 1131/1131
f 1489/1489 1131/1131 1496/1496
f 1489/1489 1496/1496 1497/1497
f 1489/1489 1497/1497 1490/1490
f 1128/1128 1493/1493 1498/1498
f 1128/1128 1498/1498 1134/1134
f 1493/1493 1495/1495 1499/1499
f 1493/1493 1499/1499 1498/1498
f 1500/1500 1138/1138 1137/1137
f 1500/1500 1137/1137 1501/1501
f 1500/1500 1501/1501 1502/1502
f 1500/1500 1502/1502 1503/1503
f 1141/1141 1504/1504 1505/1505
f 1141/1141 1505/1505 1142/1142
f 1504/1504 1506/1506 1507/1507
f 1504/1504 1507/1507 1505/1505
f 1145/1145 1508/1508 1509/1509
f 1145/1145 1509/1509 1146/1146
f 1145/1145 1147/1147 1510/1510
f 1145/1145 1510/1510 1508/1508
f 1150/1150 1511/1511 1512/1512
f 1150/1150 1512/1512 1153/1153
f 1153/1153 1512/1512 1513/1513
f 1153/1153 1513/1513 1154/1154
f 1514/1514 1158/1158 1157/1157
f 1514/1514 1157/1157 1515/1515
f 1514/1514 1516/1516 1517/1517
f 1514/1514 1517/1517 1158/1158
f 1514/1514 1515/1515 1518/1518
f 1514/1514 1518/1518 1516/1516
f 1161/1161 1519/1519 1520/1520
f 1161/1161 1520/1520 1162/1162
f 1161/1161 1521/1521 1522/1522
f 1161/1161 1522/1522 1519/1519
f 1519/1519 1522/1522 1523/1523
f 1519/1519 1523/1523 1520/1520
f 1515/1515 1157/1157 1165/1165
f 1515/1515 1165/1165 1524/1524
f 1524/1524 1165/1165 1525/1525
f 1524/1524 1525/1525 1526/1526
f 1515/1515 1524/1524 1526/1526
f 1515/1515 1526/1526 1518/1518
f 1162/1162 1520/1520 1527/1527
f 1162/1162 1527/1527 1167/1167
f 1167/1167 1527/1527 1528/1528
f 1167/1167 1528/1528 1529/1529
f 1520/1520 1523/1523 1528/1528
f 1520/1520 1528/1528 1527/1527
f 1530/1530 1175/1175 1174/1174
f 1530/1530 1174/1174 1531/1531
f 1531/1531 1174/1174 1532/1532
f 1531/1531 1532/1532 1533/1533
f 1530/1530 1531/1531 1533/1533
f 1530/1530 1533/1533 1534/1534
f 1174/1174 1173/1173 1535/1535
f 1174/1174 1535/1535 1532/1532
f 1173/1173 1176/1176 1536/1536
f 1173/1173 1536/1536 1535/1535
f 1182/1182 1185/1185 1537/1537
f 1182/1182 1537/1537 1538/1538
f 1185/1185 1188/1188 1539/1539
f 1185/1185 1539/1539 1537/1537
f 1189/1189 1540/1540 1541/1541
f 1189/1189 1541/1541 1188/1188
f 1188/1188 1541/1541 1542/1542
f 1188/1188 1542/1542 1539/1539
f 1540/1540 1543/1543 1542/1542
f 1540/1540 1542/1542 1541/1541
f 1544/1544 1545/1545 1546/1546
f 1544/1544 1546/1546 1547/1547
f 1544/1544 1547/1547 1548/1548
f 1544/1544 1548/1548 1549/1549
f 1545/1545 1550/1550 1551/1551
f 1545/1545 1551/1551 1546/1546
f 1550/1550 1552/1552 1553/1553
f 1550/1550 1553/1553 1551/1551
f 1552/1552 1554/1554 1555/1555
f 1552/1552 1555/1555 1553/1553
f 1554/1554 1556/1556 1557/1557
f 1554/1554 1557/1557 1555/1555
f 1556/1556 1558/1558 1559/1559
f 1556/1556 1559/1559 1557/1557
f 1558/1558 1560/1560 1561/1561
f 1558/1558 1561/1561 1559/1559
f 1562/1562 1563/1563 1564/1564
f 1562/1562 1564/1564 1565/1565
f 1562/1562 1566/1566 1567/1567
f 1562/1562 1567/1567 1563/1563
f 1562/1562 1565/1565 1568/1568
f 1562/1562 1568/1568 1566/1566
f 1563/1563 1194/1194 1196/1196
f 1563/1563 1196/1196 1564/1564
f 1563/1563 1567/1567 1569/1569
f 1563/1563 1569/1569 1194/1194
f 1211/1211 1570/1570 1571/1571
f 1211/1211 1571/1571 1212/1212
f 1211/1211 1572/1572 1573/1573
f 1211/1211 1573/1573 1570/1570
f 1570/1570 1574/1574 1575/1575
f 1570/1570 1575/1575 1571/1571
f 1570/1570 1573/1573 1576/1576
f 1570/1570 1576/1576 1574/1574
f 1574/1574 1576/1576 1577/1577
f 1574/1574 1577/1577 1575/1575
f 1578/1578 1217/1217 1219/1219
f 1578/1578 1219/1219 1579/1579
f 1578/1578 1580/1580 1581/1581
f 1578/1578 1581/1581 1217/1217
f 1578/1578 1579/1579 1582/1582
f 1578/1578 1582/1582 1580/1580
f 1227/1227 1583/1583 1584/1584
f 1227/1227 1584/1584 1228/1228
f 1227/1227 1585/1585 1586/1586
f 1227/1227 1586/1586 1583/1583
f 1583/1583 1586/1586 1587/1587
f 1583/1583 1587/1587 1584/1584
f 1588/1588 1230/1230 1232/1232
f 1588/1588 1232/1232 1239/1239
f 1588/1588 1589/1589 1590/1590
f 1588/1588 1590/1590 1230/1230
f 1588/1588 1239/1239 1591/1591
f 1588/1588 1591/1591 1589/1589
f 1235/1235 1592/1592 1243/1243
f 1235/1235 1243/1243 1236/1236
f 1235/1235 1593/1593 1594/1594
f 1235/1235 1594/1594 1592/1592
f 1592/1592 1594/1594 1595/1595
f 1592/1592 1595/1595 1243/1243
f 1596/1596 1239/1239 1240/1240
f 1596/1596 1240/1240 1597/1597
f 1596/1596 1598/1598 1591/1591
f 1596/1596 1591/1591 1239/1239
f 1596/1596 1597/1597 1599/1599
f 1596/1596 1599/1599 1598/1598
f 1243/1243 1600/1600 1601/1601
f 1243/1243 1601/1601 1244/1244
f 1243/1243 1595/1595 1602/1602
f 1243/1243 1602/1602 1600/1600
f 1600/1600 1602/1602 1603/1603
f 1600/1600 1603/1603 1601/1601
f 1604/1604 1248/1248 1247/1247
f 1604/1604 1247/1247 1605/1605
f 1604/1604 1605/1605 1606/1606
f 1604/1604 1606/1606 1607/1607
f 1251/1251 1608/1608 1609/1609
f 1251/1251 1609/1609 1252/1252
f 1608/1608 1610/1610 1611/1611
f 1608/1608 1611/1611 1609/1609
f 1612/1612 1254/1254 1253/1253
f 1612/1612 1253/1253 1613/1613
f 1612/1612 1613/1613 1614/1614
f 1612/1612 1614/1614 1615/1615
f 1255/1255 1616/1616 1617/1617
f 1255/1255 1617/1617 1256/1256
f 1616/1616 1618/1618 1619/1619
f 1616/1616 1619/1619 1617/1617
f 1260/1260 1259/1259 1620/1620
f 1260/1260 1620/1620 1621/1621
f 1261/1261 1622/1622 1623/1623
f 1261/1261 1623/1623 1262/1262
f 1261/1261 1260/1260 1621/1621
f 1261/1261 1621/1621 1622/1622
f 1259/1259 1263/1263 1624/1624
f 1259/1259 1624/1624 1620/1620
f 1262/1262 1623/1623 1625/1625
f 1262/1262 1625/1625 1264/1264
f 1263/1263 1265/1265 1626/1626
f 1263/1263 1626/1626 1624/1624
f 1265/1265 1267/1267 1627/1627
f 1265/1265 1627/1627 1626/1626
f 1267/1267 1268/1268 1628/1628
f 1267/1267 1628/1628 1627/1627
f 1270/1270 1269/1269 1629/1629
f 1270/1270 1629/1629 1630/1630
f 1269/1269 1271/1271 1631/1631
f 1269/1269 1631/1631 1629/1629
f 1271/1271 1272/1272 1632/1632
f 1271/1271 1632/1632 1631/1631
f 1272/1272 1275/1275 1633/1633
f 1272/1272 1633/1633 1632/1632
f 1274/1274 1634/1634 1635/1635
f 1274/1274 1635/1635 1276/1276
f 1275/1275 1279/1279 1636/1636
f 1275/1275 1636/1636 1633/1633
f 1276/1276 1635/1635 1637/1637
f 1276/1276 1637/1637 1280/1280
f 1280/1280 1637/1637 1636/1636
f 1280/1280 1636/1636 1279/1279
f 1282/1282 1281/1281 1638/1638
f 1282/1282 1638/1638 1639/1639
f 1283/1283 1640/1640 1641/1641
f 1283/1283 1641/1641 1284/1284
f 1289/1289 1288/1288 1642/1642
f 1289/1289 1642/1642 1643/1643
f 1294/1294 1644/1644 1645/1645
f 1294/1294 1645/1645 1292/1292
f 1288/1288 1287/1287 1298/1298
f 1288/1288 1298/1298 1646/1646
f 1646/1646 1298/1298 1647/1647
f 1646/1646 1647/1647 1648/1648
f 1288/1288 1646/1646 1648/1648
f 1288/1288 1648/1648 1642/1642
f 1293/1293 1292/1292 1649/1649
f 1293/1293 1649/1649 1304/1304
f 1304/1304 1649/1649 1650/1650
f 1304/1304 1650/1650 1651/1651
f 1292/1292 1645/1645 1650/1650
f 1292/1292 1650/1650 1649/1649
f 1298/1298 1297/1297 1652/1652
f 1298/1298 1652/1652 1653/1653
f 1653/1653 1652/1652 1654/1654
f 1653/1653 1654/1654 1655/1655
f 1298/1298 1653/1653 1655/1655
f 1298/1298 1655/1655 1647/1647
f 1297/1297 1299/1299 1308/1308
f 1297/1297 1308/1308 1652/1652
f 1652/1652 1308/1308 1656/1656
f 1652/1652 1656/1656 1654/1654
f 1308/1308 1307/1307 1657/1657
f 1308/1308 1657/1657 1656/1656
f 1307/1307 1310/1310 1658/1658
f 1307/1307 1658/1658 1657/1657
f 1310/1310 1312/1312 1659/1659
f 1310/1310 1659/1659 1658/1658
f 1312/1312 1314/1314 1660/1660
f 1312/1312 1660/1660 1659/1659
f 1302/1302 1301/1301 1661/1661
f 1302/1302 1661/1661 1314/1314
f 1314/1314 1661/1661 1662/1662
f 1314/1314 1662/1662 1660/1660
f 1301/1301 1304/1304 1663/1663
f 1301/1301 1663/1663 1661/1661
f 1661/1661 1663/1663 1664/1664
f 1661/1661 1664/1664 1662/1662
f 1304/1304 1651/1651 1664/1664
f 1304/1304 1664/1664 1663/1663
f 1665/1665 1319/1319 1318/1318
f 1665/1665 1318/1318 1666/1666
f 1666/1666 1318/1318 1667/1667
f 1666/1666 1667/1667 1668/1668
f 1665/1665 1669/1669 1670/1670
f 1665/1665 1670/1670 1319/1319
f 1665/1665 1666/1666 1668/1668
f 1665/1665 1668/1668 1669/1669
f 1318/1318 1317/1317 1671/1671
f 1318/1318 1671/1671 1667/1667
f 1319/1319 1670/1670 1672/1672
f 1319/1319 1672/1672 1320/1320
f 1317/1317 1321/1321 1673/1673
f 1317/1317 1673/1673 1671/1671
f 1320/1320 1672/1672 1674/1674
f 1320/1320 1674/1674 1322/1322
f 1321/1321 1323/1323 1675/1675
f 1321/1321 1675/1675 1673/1673
f 1322/1322 1674/1674 1676/1676
f 1322/1322 1676/1676 1324/1324
f 1323/1323 1325/1325 1677/1677
f 1323/1323 1677/1677 1675/1675
f 1324/1324 1676/1676 1678/1678
f 1324/1324 1678/1678 1326/1326
f 1325/1325 1327/1327 1679/1679
f 1325/1325 1679/1679 1677/1677
f 1326/1326 1678/1678 1680/1680
f 1326/1326 1680/1680 1328/1328
f 1327/1327 1329/1329 1681/1681
f 1327/1327 1681/1681 1679/1679
f 1328/1328 1680/1680 1682/1682
f 1328/1328 1682/1682 1330/1330
f 1329/1329 1331/1331 1683/1683
f 1329/1329 1683/1683 1681/1681
f 1330/1330 1682/1682 1684/1684
f 1330/1330 1684/1684 1332/1332
f 1331/1331 1333/1333 1685/1685
f 1331/1331 1685/1685 1683/1683
f 1332/1332 1684/1684 1686/1686
f 1332/1332 1686/1686 1334/1334
f 1333/1333 1335/1335 1687/1687
f 1333/1333 1687/1687 1685/1685
f 1334/1334 1686/1686 1688/1688
f 1334/1334 1688/1688 1336/1336
f 1335/1335 1337/1337 1689/1689
f 1335/1335 1689/1689 1687/1687
f 1336/1336 1688/1688 1690/1690
f 1336/1336 1690/1690 1338/1338
f 1337/1337 1339/1339 1691/1691
f 1337/1337 1691/1691 1689/1689
f 1338/1338 1690/1690 1692/1692
f 1338/1338 1692/1692 1340/1340
f 1339/1339 1341/1341 1693/1693
f 1339/1339 1693/1693 1691/1691
f 1340/1340 1692/1692 1694/1694
f 1340/1340 1694/1694 1342/1342
f 1341/1341 1343/1343 1695/1695
f 1341/1341 1695/1695 1693/1693
f 1342/1342 1694/1694 1696/1696
f 1342/1342 1696/1696 1344/1344
f 1343/1343 1345/1345 1697/1697
f 1343/1343 1697/1697 1695/1695
f 1344/1344 1696/1696 1698/1698
f 1344/1344 1698/1698 1346/1346
f 1345/1345 1347/1347 1699/1699
f 1345/1345 1699/1699 1697/1697
f 1346/1346 1698/1698 1700/1700
f 1346/1346 1700/1700 1348/1348
f 1347/1347 1351/1351 1701/1701
f 1347/1347 1701/1701 1699/1699
f 1348/1348 1700/1700 1702/1702
f 1348/1348 1702/1702 1352/1352
f 1352/1352 1703/1703 1704/1704
f 1352/1352 1704/1704 1351/1351
f 1351/1351 1704/1704 1705/1705
f 1351/1351 1705/1705 1701/1701
f 1352/1352 1702/1702 1706/1706
f 1352/1352 1706/1706 1703/1703
f 1703/1703 1706/1706 1705/1705
f 1703/1703 1705/1705 1704/1704
f 1707/1707 1357/1357 1356/1356
f 1707/1707 1356/1356 1708/1708
f 1708/1708 1356/1356 1709/1709
f 1708/1708 1709/1709 1710/1710
f 1707/1707 1711/1711 1712/1712
f 1707/1707 1712/1712 1357/1357
f 1707/1707 1708/1708 1710/1710
f 1707/1707 1710/1710 1711/1711
f 1356/1356 1355/1355 1713/1713
f 1356/1356 1713/1713 1709/1709
f 1357/1357 1712/1712 1714/1714
f 1357/1357 1714/1714 1358/1358
f 1355/1355 1359/1359 1715/1715
f 1355/1355 1715/1715 1713/1713
f 1358/1358 1714/1714 1716/1716
f 1358/1358 1716/1716 1360/1360
f 1359/1359 1361/1361 1717/1717
f 1359/1359 1717/1717 1715/1715
f 1360/1360 1716/1716 1718/1718
f 1360/1360 1718/1718 1362/1362
f 1361/1361 1363/1363 1719/1719
f 1361/1361 1719/1719 1717/1717
f 1362/1362 1718/1718 1720/1720
f 1362/1362 1720/1720 1364/1364
f 1363/1363 1365/1365 1721/1721
f 1363/1363 1721/1721 1719/1719
f 1364/1364 1720/1720 1722/1722
f 1364/1364 1722/1722 1366/1366
f 1365/1365 1367/1367 1723/1723
f 1365/1365 1723/1723 1721/1721
f 1366/1366 1722/1722 1724/1724
f 1366/1366 1724/1724 1368/1368
f 1367/1367 1369/1369 1725/1725
f 1367/1367 1725/1725 1723/1723
f 1368/1368 1724/1724 1726/1726
f 1368/1368 1726/1726 1370/1370
f 1369/1369 1371/1371 1727/1727
f 1369/1369 1727/1727 1725/1725
f 1370/1370 1726/1726 1728/1728
f 1370/1370 1728/1728 1372/1372
f 1371/1371 1373/1373 1729/1729
f 1371/1371 1729/1729 1727/1727
f 1372/1372 1728/1728 1730/1730
f 1372/1372 1730/1730 1374/1374
f 1373/1373 1375/1375 1731/1731
f 1373/1373 1731/1731 1729/1729
f 1374/1374 1730/1730 1732/1732
f 1374/1374 1732/1732 1376/1376
f 1375/1375 1377/1377 1733/1733
f 1375/1375 1733/1733 1731/1731
f 1376/1376 1732/1732 1734/1734
f 1376/1376 1734/1734 1378/1378
f 1377/1377 1379/1379 1735/1735
f 1377/1377 1735/1735 1733/1733
f 1378/1378 1734/1734 1736/1736
f 1378/1378 1736/1736 1380/1380
f 1379/1379 1381/1381 1737/1737
f 1379/1379 1737/1737 1735/1735
f 1380/1380 1736/1736 1738/1738
f 1380/1380 1738/1738 1382/1382
f 1381/1381 1383/1383 1739/1739
f 1381/1381 1739/1739 1737/1737
f 1382/1382 1738/1738 1740/1740
f 1382/1382 1740/1740 1384/1384
f 1383/1383 1385/1385 1741/1741
f 1383/1383 1741/1741 1739/1739
f 1384/1384 1740/1740 1742/1742
f 1384/1384 1742/1742 1386/1386
f 1385/1385 1387/1387 1743/1743
f 1385/1385 1743/1743 1741/1741
f 1386/1386 1742/1742 1744/1744
f 1386/1386 1744/1744 1388/1388
f 1387/1387 1389/1389 1745/1745
f 1387/1387 1745/1745 1743/1743
f 1388/1388 1744/1744 1746/1746
f 1388/1388 1746/1746 1390/1390
f 1389/1389 1393/1393 1747/1747
f 1389/1389 1747/1747 1745/1745
f 1390/1390 1746/1746 1748/1748
f 1390/1390 1748/1748 1394/1394
f 1394/1394 1749/1749 1750/1750
f 1394/1394 1750/1750 1393/1393
f 1393/1393 1750/1750 1751/1751
f 1393/1393 1751/1751 1747/1747
f 1394/1394 1748/1748 1752/1752
f 1394/1394 1752/1752 1749/1749
f 1749/1749 1752/1752 1751/1751
f 1749/1749 1751/1751 1750/1750
f 1753/1753 1397/1397 1399/1399
f 1753/1753 1399/1399 1754/1754
f 1753/1753 1755/1755 1756/1756
f 1753/1753 1756/1756 1397/1397
f 1753/1753 1754/1754 1757/1757
f 1753/1753 1757/1757 1755/1755
f 1397/1397 1756/1756 1758/1758
f 1397/1397 1758/1758 1398/1398
f 1398/1398 1758/1758 1759/1759
f 1398/1398 1759/1759 1400/1400
f 1400/1400 1759/1759 1760/1760
f 1400/1400 1760/1760 1401/1401
f 1401/1401 1760/1760 1761/1761
f 1401/1401 1761/1761 1402/1402
f 1402/1402 1761/1761 1762/1762
f 1402/1402 1762/1762 1403/1403
f 1403/1403 1762/1762 1763/1763
f 1403/1403 1763/1763 1404/1404
f 1404/1404 1763/1763 1764/1764
f 1404/1404 1764/1764 1405/1405
f 1405/1405 1764/1764 1765/1765
f 1405/1405 1765/1765 1408/1408
f 1408/1408 1766/1766 1767/1767
f 1408/1408 1767/1767 1409/1409
f 1408/1408 1765/1765 1768/1768
f 1408/1408 1768/1768 1766/1766
f 1766/1766 1768/1768 1769/1769
f 1766/1766 1769/1769 1767/1767
f 1770/1770 1414/1414 1413/1413
f 1770/1770 1413/1413 1771/1771
f 1771/1771 1413/1413 1772/1772
f 1771/1771 1772/1772 1773/1773
f 1770/1770 1774/1774 1775/1775
f 1770/1770 1775/1775 1414/1414
f 1770/1770 1771/1771 1773/1773
f 1770/1770 1773/1773 1774/1774
f 1413/1413 1412/1412 1776/1776
f 1413/1413 1776/1776 1772/1772
f 1412/1412 1777/1777 1778/1778
f 1412/1412 1778/1778 1776/1776
f 1779/1779 1419/1419 1780/1780
f 1779/1779 1780/1780 1781/1781
f 1419/1419 1418/1418 1782/1782
f 1419/1419 1782/1782 1780/1780
f 1421/1421 1783/1783 1784/1784
f 1421/1421 1784/1784 1418/1418
f 1418/1418 1784/1784 1785/1785
f 1418/1418 1785/1785 1782/1782
f 1421/1421 1786/1786 1787/1787
f 1421/1421 1787/1787 1783/1783
f 1783/1783 1787/1787 1785/1785
f 1783/1783 1785/1785 1784/1784
f 1425/1425 1424/1424 1788/1788
f 1425/1425 1788/1788 1789/1789
f 1428/1428 1790/1790 1791/1791
f 1428/1428 1791/1791 1429/1429
f 1792/1792 1793/1793 1794/1794
f 1792/1792 1794/1794 1795/1795
f 1435/1435 1434/1434 1794/1794
f 1435/1435 1794/1794 1793/1793
f 1436/1436 1435/1435 1793/1793
f 1436/1436 1793/1793 1792/1792
f 1434/1434 1437/1437 1796/1796
f 1434/1434 1796/1796 1794/1794
f 1437/1437 1439/1439 1797/1797
f 1437/1437 1797/1797 1796/1796
f 1439/1439 1440/1440 1798/1798
f 1439/1439 1798/1798 1797/1797
f 1440/1440 1441/1441 1799/1799
f 1440/1440 1799/1799 1798/1798
f 1800/1800 1799/1799 1801/1801
f 1800/1800 1801/1801 1802/1802
f 1441/1441 1442/1442 1801/1801
f 1441/1441 1801/1801 1799/1799
f 1443/1443 1802/1802 1801/1801
f 1443/1443 1801/1801 1442/1442
f 1803/1803 1454/1454 1453/1453
f 1803/1803 1453/1453 1804/1804
f 1804/1804 1453/1453 1805/1805
f 1804/1804 1805/1805 1806/1806
f 1803/1803 1807/1807 1808/1808
f 1803/1803 1808/1808 1454/1454
f 1803/1803 1804/1804 1806/1806
f 1803/1803 1806/1806 1807/1807
f 1453/1453 1452/1452 1809/1809
f 1453/1453 1809/1809 1805/1805
f 1454/1454 1808/1808 1810/1810
f 1454/1454 1810/1810 1455/1455
f 1452/1452 1456/1456 1811/1811
f 1452/1452 1811/1811 1809/1809
f 1455/1455 1810/1810 1812/1812
f 1455/1455 1812/1812 1457/1457
f 1456/1456 1458/1458 1813/1813
f 1456/1456 1813/1813 1811/1811
f 1457/1457 1812/1812 1814/1814
f 1457/1457 1814/1814 1815/1815
f 1458/1458 1459/1459 1816/1816
f 1458/1458 1816/1816 1813/1813
f 1815/1815 1814/1814 1817/1817
f 1815/1815 1817/1817 1461/1461
f 1459/1459 1460/1460 1818/1818
f 1459/1459 1818/1818 1816/1816
f 1461/1461 1817/1817 1819/1819
f 1461/1461 1819/1819 1462/1462
f 1460/1460 1465/1465 1820/1820
f 1460/1460 1820/1820 1818/1818
f 1462/1462 1819/1819 1821/1821
f 1462/1462 1821/1821 1466/1466
f 1466/1466 1822/1822 1823/1823
f 1466/1466 1823/1823 1465/1465
f 1465/1465 1823/1823 1824/1824
f 1465/1465 1824/1824 1820/1820
f 1466/1466 1821/1821 1825/1825
f 1466/1466 1825/1825 1822/1822
f 1822/1822 1825/1825 1824/1824
f 1822/1822 1824/1824 1823/1823
f 1826/1826 1827/1827 1828/1828
f 1826/1826 1828/1828 1829/1829
f 1829/1829 1828/1828 1830/1830
f 1829/1829 1830/1830 1831/1831
f 1826/1826 1832/1832 1833/1833
f 1826/1826 1833/1833 1827/1827
f 1826/1826 1829/1829 1831/1831
f 1826/1826 1831/1831 1832/1832
f 1827/1827 1834/1834 1835/1835
f 1827/1827 1835/1835 1828/1828
f 1828/1828 1835/1835 1836/1836
f 1828/1828 1836/1836 1830/1830
f 1827/1827 1833/1833 1837/1837
f 1827/1827 1837/1837 1834/1834
f 1834/1834 1838/1838 1839/1839
f 1834/1834 1839/1839 1835/1835
f 1835/1835 1839/1839 1840/1840
f 1835/1835 1840/1840 1836/1836
f 1834/1834 1837/1837 1841/1841
f 1834/1834 1841/1841 1838/1838
f 1838/1838 1842/1842 1843/1843
f 1838/1838 1843/1843 1839/1839
f 1839/1839 1843/1843 1844/1844
f 1839/1839 1844/1844 1840/1840
f 1838/1838 1841/1841 1845/1845
f 1838/1838 1845/1845 1842/1842
f 1842/1842 1845/1845 1844/1844
f 1842/1842 1844/1844 1843/1843
f 1846/1846 1469/1469 1468/1468
f 1846/1846 1468/1468 1847/1847
f 1847/1847 1468/1468 1848/1848
f 1847/1847 1848/1848 1849/1849
f 1846/1846 1850/1850 1851/1851
f 1846/1846 1851/1851 1469/1469
f 1846/1846 1847/1847 1849/1849
f 1846/1846 1849/1849 1850/1850
f 1468/1468 1467/1467 1852/1852
f 1468/1468 1852/1852 1848/1848
f 1469/1469 1851/1851 1853/1853
f 1469/1469 1853/1853 1470/1470
f 1467/1467 1471/1471 1854/1854
f 1467/1467 1854/1854 1852/1852
f 1470/1470 1853/1853 1855/1855
f 1470/1470 1855/1855 1472/1472
f 1472/1472 1855/1855 1856/1856
f 1472/1472 1856/1856 1473/1473
f 1473/1473 1856/1856 1857/1857
f 1473/1473 1857/1857 1474/1474
f 1474/1474 1857/1857 1858/1858
f 1474/1474 1858/1858 1475/1475
f 1475/1475 1858/1858 1859/1859
f 1475/1475 1859/1859 1476/1476
f 1476/1476 1859/1859 1860/1860
f 1476/1476 1860/1860 1477/1477
f 1477/1477 1860/1860 1861/1861
f 1477/1477 1861/1861 1478/1478
f 1478/1478 1861/1861 1862/1862
f 1478/1478 1862/1862 1479/1479
f 1479/1479 1862/1862 1863/1863
f 1479/1479 1863/1863 1480/1480
f 1480/1480 1863/1863 1864/1864
f 1480/1480 1864/1864 1481/1481
f 1481/1481 1864/1864 1865/1865
f 1481/1481 1865/1865 1482/1482
f 1484/1484 1483/1483 1866/1866
f 1484/1484 1866/1866 1867/1867
f 1482/1482 1865/1865 1868/1868
f 1482/1482 1868/1868 1485/1485
f 1483/1483 1486/1486 1869/1869
f 1483/1483 1869/1869 1866/1866
f 1485/1485 1868/1868 1870/1870
f 1485/1485 1870/1870 1487/1487
f 1487/1487 1871/1871 1872/1872
f 1487/1487 1872/1872 1486/1486
f 1486/1486 1872/1872 1873/1873
f 1486/1486 1873/1873 1869/1869
f 1487/1487 1870/1870 1874/1874
f 1487/1487 1874/1874 1871/1871
f 1871/1871 1874/1874 1873/1873
f 1871/1871 1873/1873 1872/1872
f 1491/1491 1490/1490 1875/1875
f 1491/1491 1875/1875 1876/1876
f 1494/1494 1877/1877 1878/1878
f 1494/1494 1878/1878 1495/1495
f 1490/1490 1497/1497 1879/1879
f 1490/1490 1879/1879 1875/1875
f 1495/1495 1878/1878 1880/1880
f 1495/1495 1880/1880 1499/1499
f 1881/1881 1503/1503 1502/1502
f 1881/1881 1502/1502 1882/1882
f 1881/1881 1883/1883 1884/1884
f 1881/1881 1884/1884 1503/1503
f 1881/1881 1882/1882 1885/1885
f 1881/1881 1885/1885 1883/1883
f 1506/1506 1886/1886 1887/1887
f 1506/1506 1887/1887 1507/1507
f 1506/1506 1888/1888 1889/1889
f 1506/1506 1889/1889 1886/1886
f 1886/1886 1889/1889 1890/1890
f 1886/1886 1890/1890 1887/1887
f 1891/1891 1508/1508 1510/1510
f 1891/1891 1510/1510 1892/1892
f 1891/1891 1893/1893 1894/1894
f 1891/1891 1894/1894 1508/1508
f 1891/1891 1892/1892 1895/1895
f 1891/1891 1895/1895 1893/1893
f 1512/1512 1896/1896 1897/1897
f 1512/1512 1897/1897 1513/1513
f 1512/1512 1898/1898 1899/1899
f 1512/1512 1899/1899 1896/1896
f 1896/1896 1899/1899 1900/1900
f 1896/1896 1900/1900 1897/1897
f 1516/1516 1518/1518 1901/1901
f 1516/1516 1901/1901 1902/1902
f 1522/1522 1903/1903 1904/1904
f 1522/1522 1904/1904 1523/1523
f 1526/1526 1525/1525 1905/1905
f 1526/1526 1905/1905 1906/1906
f 1518/1518 1526/1526 1906/1906
f 1518/1518 1906/1906 1901/1901
f 1529/1529 1528/1528 1907/1907
f 1529/1529 1907/1907 1908/1908
f 1523/1523 1904/1904 1907/1907
f 1523/1523 1907/1907 1528/1528
f 1533/1533 1532/1532 1909/1909
f 1533/1533 1909/1909 1910/1910
f 1534/1534 1533/1533 1910/1910
f 1534/1534 1910/1910 1911/1911
f 1532/1532 1535/1535 1912/1912
f 1532/1532 1912/1912 1909/1909
f 1537/1537 1539/1539 1913/1913
f 1537/1537 1913/1913 1914/1914
f 1539/1539 1542/1542 1915/1915
f 1539/1539 1915/1915 1913/1913
f 1543/1543 1916/1916 1915/1915
f 1543/1543 1915/1915 1542/1542
f 1917/1917 1549/1549 1548/1548
f 1917/1917 1548/1548 1918/1918
f 1917/1917 1918/1918 1919/1919
f 1917/1917 1919/1919 1920/1920
f 1560/1560 1921/1921 1922/1922
f 1560/1560 1922/1922 1561/1561
f 1921/1921 1923/1923 1924/1924
f 1921/1921 1924/1924 1922/1922
f 1925/1925 1566/1566 1568/1568
f 1925/1925 1568/1568 1926/1926
f 1925/1925 1927/1927 1928/1928
f 1925/1925 1928/1928 1566/1566
f 1925/1925 1926/1926 1929/1929
f 1925/1925 1929/1929 1927/1927
f 1566/1566 1928/1928 1930/1930
f 1566/1566 1930/1930 1567/1567
f 1573/1573 1931/1931 1932/1932
f 1573/1573 1932/1932 1576/1576
f 1576/1576 1933/1933 1934/1934
f 1576/1576 1934/1934 1577/1577
f 1576/1576 1932/1932 1935/1935
f 1576/1576 1935/1935 1933/1933
f 1933/1933 1935/1935 1936/1936
f 1933/1933 1936/1936 1934/1934
f 1937/1937 1580/1580 1582/1582
f 1937/1937 1582/1582 1938/1938
f 1937/1937 1939/1939 1940/1940
f 1937/1937 1940/1940 1580/1580
f 1937/1937 1938/1938 1941/1941
f 1937/1937 1941/1941 1939/1939
f 1586/1586 1942/1942 1943/1943
f 1586/1586 1943/1943 1587/1587
f 1586/1586 1944/1944 1945/1945
f 1586/1586 1945/1945 1942/1942
f 1942/1942 1945/1945 1946/1946
f 1942/1942 1946/1946 1943/1943
f 1947/1947 1589/1589 1591/1591
f 1947/1947 1591/1591 1598/1598
f 1947/1947 1948/1948 1949/1949
f 1947/1947 1949/1949 1589/1589
f 1947/1947 1598/1598 1950/1950
f 1947/1947 1950/1950 1948/1948
f 1594/1594 1951/1951 1602/1602
f 1594/1594 1602/1602 1595/1595
f 1594/1594 1952/1952 1953/1953
f 1594/1594 1953/1953 1951/1951
f 1951/1951 1953/1953 1954/1954
f 1951/1951 1954/1954 1602/1602
f 1598/1598 1599/1599 1955/1955
f 1598/1598 1955/1955 1950/1950
f 1602/1602 1954/1954 1956/1956
f 1602/1602 1956/1956 1603/1603
f 1607/1607 1606/1606 1957/1957
f 1607/1607 1957/1957 1958/1958
f 1610/1610 1959/1959 1960/1960
f 1610/1610 1960/1960 1611/1611
f 1615/1615 1614/1614 1961/1961
f 1615/1615 1961/1961 1962/1962
f 1618/1618 1963/1963 1964/1964
f 1618/1618 1964/1964 1619/1619
f 1621/1621 1620/1620 1965/1965
f 1621/1621 1965/1965 1966/1966
f 1622/1622 1967/1967 1968/1968
f 1622/1622 1968/1968 1623/1623
f 1622/1622 1621/1621 1966/1966
f 1622/1622 1966/1966 1967/1967
f 1620/1620 1624/1624 1969/1969
f 1620/1620 1969/1969 1965/1965
f 1623/1623 1968/1968 1970/1970
f 1623/1623 1970/1970 1625/1625
f 1624/1624 1626/1626 1971/1971
f 1624/1624 1971/1971 1969/1969
f 1626/1626 1627/1627 1972/1972
f 1626/1626 1972/1972 1971/1971
f 1629/1629 1631/1631 1973/1973
f 1629/1629 1973/1973 1974/1974
f 1631/1631 1632/1632 1975/1975
f 1631/1631 1975/1975 1973/1973
f 1632/1632 1633/1633 1976/1976
f 1632/1632 1976/1976 1975/1975
f 1634/1634 1977/1977 1978/1978
f 1634/1634 1978/1978 1635/1635
f 1633/1633 1636/1636 1979/1979
f 1633/1633 1979/1979 1976/1976
f 1635/1635 1978/1978 1980/1980
f 1635/1635 1980/1980 1637/1637
f 1637/1637 1980/1980 1979/1979
f 1637/1637 1979/1979 1636/1636
f 1981/1981 1982/1982 1983/1983
f 1981/1981 1983/1983 1984/1984
f 1985/1985 1639/1639 1638/1638
f 1985/1985 1638/1638 1986/1986
f 1985/1985 1986/1986 1982/1982
f 1985/1985 1982/1982 1981/1981
f 1987/1987 1988/1988 1989/1989
f 1987/1987 1989/1989 1990/1990
f 1640/1640 1991/1991 1992/1992
f 1640/1640 1992/1992 1641/1641
f 1991/1991 1990/1990 1989/1989
f 1991/1991 1989/1989 1992/1992
f 1993/1993 1643/1643 1642/1642
f 1993/1993 1642/1642 1994/1994
f 1994/1994 1642/1642 1995/1995
f 1994/1994 1995/1995 1996/1996
f 1993/1993 1994/1994 1996/1996
f 1993/1993 1996/1996 1997/1997
f 1644/1644 1998/1998 1999/1999
f 1644/1644 1999/1999 1645/1645
f 1645/1645 1999/1999 2000/2000
f 1645/1645 2000/2000 2001/2001
f 1998/1998 2002/2002 2000/2000
f 1998/1998 2000/2000 1999/1999
f 1642/1642 1648/1648 2003/2003
f 1642/1642 2003/2003 1995/1995
f 1645/1645 2001/2001 2004/2004
f 1645/1645 2004/2004 1650/1650
f 1648/1648 1647/1647 1655/1655
f 1648/1648 1655/1655 2005/2005
f 2005/2005 1655/1655 2006/2006
f 2005/2005 2006/2006 2007/2007
f 1648/1648 2005/2005 2007/2007
f 1648/1648 2007/2007 2003/2003
f 1655/1655 1654/1654 2008/2008
f 1655/1655 2008/2008 2006/2006
f 1654/1654 1656/1656 2009/2009
f 1654/1654 2009/2009 2008/2008
f 1660/1660 1662/1662 2010/2010
f 1660/1660 2010/2010 2011/2011
f 1662/1662 1664/1664 2012/2012
f 1662/1662 2012/2012 2010/2010
f 1651/1651 1650/1650 2013/2013
f 1651/1651 2013/2013 1664/1664
f 1664/1664 2013/2013 2014/2014
f 1664/1664 2014/2014 2012/2012
f 1650/1650 2004/2004 2014/2014
f 1650/1650 2014/2014 2013/2013
f 2015/2015 2016/2016 2017/2017
f 2015/2015 2017/2017 2018/2018
f 2015/2015 2018/2018 2019/2019
f 2015/2015 2019/2019 2020/2020
f 2016/2016 2021/2021 2022/2022
f 2016/2016 2022/2022 2017/2017
f 2021/2021 2023/2023 2024/2024
f 2021/2021 2024/2024 2022/2022
f 2023/2023 2025/2025 2026/2026
f 2023/2023 2026/2026 2024/2024
f 2025/2025 2027/2027 2028/2028
f 2025/2025 2028/2028 2026/2026
f 2029/2029 1669/1669 1668/1668
f 2029/2029 1668/1668 2030/2030
f 2030/2030 1668/1668 2031/2031
f 2030/2030 2031/2031 2032/2032
f 2029/2029 2033/2033 2034/2034
f 2029/2029 2034/2034 1669/1669
f 2029/2029 2030/2030 2032/2032
f 2029/2029 2032/2032 2033/2033
f 1668/1668 1667/1667 2035/2035
f 1668/1668 2035/2035 2031/2031
f 1669/1669 2034/2034 2036/2036
f 1669/1669 2036/2036 1670/1670
f 1667/1667 1671/1671 2037/2037
f 1667/1667 2037/2037 2035/2035
f 1670/1670 2036/2036 2038/2038
f 1670/1670 2038/2038 1672/1672
f 1671/1671 1673/1673 2039/2039
f 1671/1671 2039/2039 2037/2037
f 1672/1672 2038/2038 2040/2040
f 1672/1672 2040/2040 1674/1674
f 1673/1673 1675/1675 2041/2041
f 1673/1673 2041/2041 2039/2039
f 1674/1674 2040/2040 2042/2042
f 1674/1674 2042/2042 1676/1676
f 1675/1675 1677/1677 2043/2043
f 1675/1675 2043/2043 2041/2041
f 1676/1676 2042/2042 2044/2044
f 1676/1676 2044/2044 1678/1678
f 1677/1677 1679/1679 2045/2045
f 1677/1677 2045/2045 2043/2043
f 1678/1678 2044/2044 2046/2046
f 1678/1678 2046/2046 1680/1680
f 1679/1679 1681/1681 2047/2047
f 1679/1679 2047/2047 2045/2045
f 1680/1680 2046/2046 2048/2048
f 1680/1680 2048/2048 1682/1682
f 1681/1681 1683/1683 2049/2049
f 1681/1681 2049/2049 2047/2047
f 1683/1683 1685/1685 2050/2050
f 1683/1683 2050/2050 2049/2049
f 1685/1685 1687/1687 2051/2051
f 1685/1685 2051/2051 2050/2050
f 1687/1687 1689/1689 2052/2052
f 1687/1687 2052/2052 2051/2051
f 1689/1689 1691/1691 2053/2053
f 1689/1689 2053/2053 2052/2052
f 1690/1690 2054/2054 2055/2055
f 1690/1690 2055/2055 1692/1692
f 1691/1691 1693/1693 2056/2056
f 1691/1691 2056/2056 2053/2053
f 1692/1692 2055/2055 2057/2057
f 1692/1692 2057/2057 1694/1694
f 1693/1693 1695/1695 2058/2058
f 1693/1693 2058/2058 2056/2056
f 1694/1694 2057/2057 2059/2059
f 1694/1694 2059/2059 1696/1696
f 1695/1695 1697/1697 2060/2060
f 1695/1695 2060/2060 2058/2058
f 1696/1696 2059/2059 2061/2061
f 1696/1696 2061/2061 1698/1698
f 1697/1697 1699/1699 2062/2062
f 1697/1697 2062/2062 2060/2060
f 1698/1698 2061/2061 2063/2063
f 1698/1698 2063/2063 1700/1700
f 1699/1699 1701/1701 2064/2064
f 1699/1699 2064/2064 2062/2062
f 1700/1700 2063/2063 2065/2065
f 1700/1700 2065/2065 1702/1702
f 1701/1701 1705/1705 2066/2066
f 1701/1701 2066/2066 2064/2064
f 1702/1702 2065/2065 2067/2067
f 1702/1702 2067/2067 1706/1706
f 1706/1706 2068/2068 2069/2069
f 1706/1706 2069/2069 1705/1705
f 1705/1705 2069/2069 2070/2070
f 1705/1705 2070/2070 2066/2066
f 1706/1706 2067/2067 2071/2071
f 1706/1706 2071/2071 2068/2068
f 2068/2068 2071/2071 2070/2070
f 2068/2068 2070/2070 2069/2069
f 1710/1710 1709/1709 2072/2072
f 1710/1710 2072/2072 2073/2073
f 1711/1711 2074/2074 2075/2075
f 1711/1711 2075/2075 1712/1712
f 1711/1711 1710/1710 2073/2073
f 1711/1711 2073/2073 2074/2074
f 1709/1709 1713/1713 2076/2076
f 1709/1709 2076/2076 2072/2072
f 1712/1712 2075/2075 2077/2077
f 1712/1712 2077/2077 1714/1714
f 1713/1713 1715/1715 2078/2078
f 1713/1713 2078/2078 2076/2076
f 1714/1714 2077/2077 2079/2079
f 1714/1714 2079/2079 1716/1716
f 1715/1715 1717/1717 2080/2080
f 1715/1715 2080/2080 2078/2078
f 1716/1716 2079/2079 2081/2081
f 1716/1716 2081/2081 1718/1718
f 1717/1717 1719/1719 2082/2082
f 1717/1717 2082/2082 2080/2080
f 1718/1718 2081/2081 2083/2083
f 1718/1718 2083/2083 1720/1720
f 1719/1719 1721/1721 2084/2084
f 1719/1719 2084/2084 2082/2082
f 1720/1720 2083/2083 2085/2085
f 1720/1720 2085/2085 1722/1722
f 1721/1721 1723/1723 2086/2086
f 1721/1721 2086/2086 2084/2084
f 1722/1722 2085/2085 2087/2087
f 1722/1722 2087/2087 1724/1724
f 1723/1723 1725/1725 2088/2088
f 1723/1723 2088/2088 2086/2086
f 1724/1724 2087/2087 2089/2089
f 1724/1724 2089/2089 1726/1726
f 1726/1726 2089/2089 2090/2090
f 1726/1726 2090/2090 1728/1728
f 1728/1728 2090/2090 2091/2091
f 1728/1728 2091/2091 1730/1730
f 1730/1730 2091/2091 2092/2092
f 1730/1730 2092/2092 1732/1732
f 1732/1732 2092/2092 2093/2093
f 1732/1732 2093/2093 1734/1734
f 1733/1733 1735/1735 2094/2094
f 1733/1733 2094/2094 2095/2095
f 1734/1734 2093/2093 2096/2096
f 1734/1734 2096/2096 1736/1736
f 1735/1735 1737/1737 2097/2097
f 1735/1735 2097/2097 2094/2094
f 1736/1736 2096/2096 2098/2098
f 1736/1736 2098/2098 1738/1738
f 1737/1737 1739/1739 2099/2099
f 1737/1737 2099/2099 2097/2097
f 1738/1738 2098/2098 2100/2100
f 1738/1738 2100/2100 1740/1740
f 1739/1739 1741/1741 2101/2101
f 1739/1739 2101/2101 2099/2099
f 1740/1740 2100/2100 2102/2102
f 1740/1740 2102/2102 1742/1742
f 1741/1741 1743/1743 2103/2103
f 1741/1741 2103/2103 2101/2101
f 1742/1742 2102/2102 2104/2104
f 1742/1742 2104/2104 1744/1744
f 1743/1743 1745/1745 2105/2105
f 1743/1743 2105/2105 2103/2103
f 1744/1744 2104/2104 2106/2106
f 1744/1744 2106/2106 1746/1746
f 1745/1745 1747/1747 2107/2107
f 1745/1745 2107/2107 2105/2105
f 1746/1746 2106/2106 2108/2108
f 1746/1746 2108/2108 1748/1748
f 1747/1747 1751/1751 2109/2109
f 1747/1747 2109/2109 2107/2107
f 1748/1748 2108/2108 2110/2110
f 1748/1748 2110/2110 1752/1752
f 1752/1752 2110/2110 2109/2109
f 1752/1752 2109/2109 1751/1751
f 2111/2111 2112/2112 2113/2113
f 2111/2111 2113/2113 2114/2114
f 2111/2111 2114/2114 2115/2115
f 2111/2111 2115/2115 2116/2116
f 2112/2112 2117/2117 2118/2118
f 2112/2112 2118/2118 2113/2113
f 2117/2117 2119/2119 2120/2120
f 2117/2117 2120/2120 2118/2118
f 2119/2119 2121/2121 2122/2122
f 2119/2119 2122/2122 2120/2120
f 2121/2121 2123/2123 2124/2124
f 2121/2121 2124/2124 2122/2122
f 2125/2125 1755/1755 1757/1757
f 2125/2125 1757/1757 2126/2126
f 2125/2125 2127/2127 2128/2128
f 2125/2125 2128/2128 1755/1755
f 2125/2125 2126/2126 2129/2129
f 2125/2125 2129/2129 2127/2127
f 1755/1755 2128/2128 2130/2130
f 1755/1755 2130/2130 1756/1756
f 1756/1756 2130/2130 2131/2131
f 1756/1756 2131/2131 1758/1758
f 1758/1758 2131/2131 2132/2132
f 1758/1758 2132/2132 1759/1759
f 1763/1763 2133/2133 2134/2134
f 1763/1763 2134/2134 1764/1764
f 1764/1764 2134/2134 2135/2135
f 1764/1764 2135/2135 1765/1765
f 1765/1765 2135/2135 2136/2136
f 1765/1765 2136/2136 1768/1768
f 1768/1768 2137/2137 2138/2138
f 1768/1768 2138/2138 1769/1769
f 1768/1768 2136/2136 2139/2139
f 1768/1768 2139/2139 2137/2137
f 2137/2137 2139/2139 2140/2140
f 2137/2137 2140/2140 2138/2138
f 1773/1773 1772/1772 2141/2141
f 1773/1773 2141/2141 2142/2142
f 1774/1774 1773/1773 2142/2142
f 1774/1774 2142/2142 2143/2143
f 1772/1772 1776/1776 2144/2144
f 1772/1772 2144/2144 2141/2141
f 1776/1776 1778/1778 2145/2145
f 1776/1776 2145/2145 2144/2144
f 1781/1781 1780/1780 2146/2146
f 1781/1781 2146/2146 2147/2147
f 1780/1780 1782/1782 2148/2148
f 1780/1780 2148/2148 2146/2146
f 1782/1782 1785/1785 2149/2149
f 1782/1782 2149/2149 2148/2148
f 1787/1787 2150/2150 2149/2149
f 1787/1787 2149/2149 1785/1785
f 2151/2151 2152/2152 2153/2153
f 2151/2151 2153/2153 2154/2154
f 1788/1788 2155/2155 2153/2153
f 1788/1788 2153/2153 2152/2152
f 1789/1789 1788/1788 2152/2152
f 1789/1789 2152/2152 2151/2151
f 2156/2156 2157/2157 2158/2158
f 2156/2156 2158/2158 2159/2159
f 2160/2160 1791/1791 2158/2158
f 2160/2160 2158/2158 2157/2157
f 1790/1790 2159/2159 2158/2158
f 1790/1790 2158/2158 1791/1791
f 2161/2161 2162/2162 2163/2163
f 2161/2161 2163/2163 2164/2164
f 1794/1794 1796/1796 2163/2163
f 1794/1794 2163/2163 2162/2162
f 1795/1795 1794/1794 2162/2162
f 1795/1795 2162/2162 2161/2161
f 2164/2164 2163/2163 2165/2165
f 2164/2164 2165/2165 2166/2166
f 1796/1796 1797/1797 2165/2165
f 1796/1796 2165/2165 2163/2163
f 2166/2166 2165/2165 2167/2167
f 2166/2166 2167/2167 2168/2168
f 1797/1797 1798/1798 2167/2167
f 1797/1797 2167/2167 2165/2165
f 2168/2168 2167/2167 2169/2169
f 2168/2168 2169/2169 2170/2170
f 1798/1798 1799/1799 2169/2169
f 1798/1798 2169/2169 2167/2167
f 1800/1800 2170/2170 2169/2169
f 1800/1800 2169/2169 1799/1799
f 2171/2171 1807/1807 1806/1806
f 2171/2171 1806/1806 2172/2172
f 2172/2172 1806/1806 2173/2173
f 2172/2172 2173/2173 2174/2174
f 2171/2171 2175/2175 2176/2176
f 2171/2171 2176/2176 1807/1807
f 2171/2171 2172/2172 2174/2174
f 2171/2171 2174/2174 2175/2175
f 1806/1806 1805/1805 2177/2177
f 1806/1806 2177/2177 2173/2173
f 1807/1807 2176/2176 2178/2178
f 1807/1807 2178/2178 1808/1808
f 1805/1805 1809/1809 2179/2179
f 1805/1805 2179/2179 2177/2177
f 1808/1808 2178/2178 2180/2180
f 1808/1808 2180/2180 1810/1810
f 1810/1810 2180/2180 2181/2181
f 1810/1810 2181/2181 1812/1812
f 1812/1812 2181/2181 2182/2182
f 1812/1812 2182/2182 1814/1814
f 1814/1814 2182/2182 2183/2183
f 1814/1814 2183/2183 1817/1817
f 1817/1817 2183/2183 2184/2184
f 1817/1817 2184/2184 1819/1819
f 1818/1818 1820/1820 2185/2185
f 1818/1818 2185/2185 2186/2186
f 1819/1819 2184/2184 2187/2187
f 1819/1819 2187/2187 1821/1821
f 1820/1820 1824/1824 2188/2188
f 1820/1820 2188/2188 2185/2185
f 1821/1821 2187/2187 2189/2189
f 1821/1821 2189/2189 1825/1825
f 1825/1825 2190/2190 2191/2191
f 1825/1825 2191/2191 1824/1824
f 1824/1824 2191/2191 2192/2192
f 1824/1824 2192/2192 2188/2188
f 1825/1825 2189/2189 2193/2193
f 1825/1825 2193/2193 2190/2190
f 2190/2190 2193/2193 2192/2192
f 2190/2190 2192/2192 2191/2191
f 1809/1809 1811/1811 2194/2194
f 1809/1809 2194/2194 2195/2195
f 2195/2195 2194/2194 2196/2196
f 2195/2195 2196/2196 2197/2197
f 1809/1809 2195/2195 2197/2197
f 1809/1809 2197/2197 2179/2179
f 1811/1811 1813/1813 2198/2198
f 1811/1811 2198/2198 2194/2194
f 2194/2194 2198/2198 2199/2199
f 2194/2194 2199/2199 2196/2196
f 1813/1813 1816/1816 2200/2200
f 1813/1813 2200/2200 2198/2198
f 2198/2198 2200/2200 2201/2201
f 2198/2198 2201/2201 2199/2199
f 1816/1816 1818/1818 2202/2202
f 1816/1816 2202/2202 2200/2200
f 2200/2200 2202/2202 2203/2203
f 2200/2200 2203/2203 2201/2201
f 1818/1818 2186/2186 2203/2203
f 1818/1818 2203/2203 2202/2202
f 2204/2204 1832/1832 1831/1831
f 2204/2204 1831/1831 2205/2205
f 2205/2205 1831/1831 2206/2206
f 2205/2205 2206/2206 2207/2207
f 2204/2204 2208/2208 2209/2209
f 2204/2204 2209/2209 1832/1832
f 2204/2204 2205/2205 2207/2207
f 2204/2204 2207/2207 2208/2208
f 1831/1831 1830/1830 2210/2210
f 1831/1831 2210/2210 2206/2206
f 1832/1832 2209/2209 2211/2211
f 1832/1832 2211/2211 1833/1833
f 1830/1830 1836/1836 2212/2212
f 1830/1830 2212/2212 2210/2210
f 1833/1833 2211/2211 2213/2213
f 1833/1833 2213/2213 1837/1837
f 1836/1836 1840/1840 2214/2214
f 1836/1836 2214/2214 2212/2212
f 1837/1837 2213/2213 2215/2215
f 1837/1837 2215/2215 1841/1841
f 1840/1840 1844/1844 2216/2216
f 1840/1840 2216/2216 2214/2214
f 1841/1841 2215/2215 2217/2217
f 1841/1841 2217/2217 1845/1845
f 1845/1845 2218/2218 2219/2219
f 1845/1845 2219/2219 1844/1844
f 1844/1844 2219/2219 2220/2220
f 1844/1844 2220/2220 2216/2216
f 1845/1845 2217/2217 2221/2221
f 1845/1845 2221/2221 2218/2218
f 2218/2218 2221/2221 2220/2220
f 2218/2218 2220/2220 2219/2219
f 1849/1849 1848/1848 2222/2222
f 1849/1849 2222/2222 2223/2223
f 1850/1850 2224/2224 2225/2225
f 1850/1850 2225/2225 1851/1851
f 1850/1850 1849/1849 2223/2223
f 1850/1850 2223/2223 2224/2224
f 1848/1848 1852/1852 2226/2226
f 1848/1848 2226/2226 2222/2222
f 1851/1851 2225/2225 2227/2227
f 1851/1851 2227/2227 1853/1853
f 1853/1853 2227/2227 2228/2228
f 1853/1853 2228/2228 1855/1855
f 1855/1855 2228/2228 2229/2229
f 1855/1855 2229/2229 1856/1856
f 1856/1856 2229/2229 2230/2230
f 1856/1856 2230/2230 1857/1857
f 1857/1857 2230/2230 2231/2231
f 1857/1857 2231/2231 1858/1858
f 1858/1858 2231/2231 2232/2232
f 1858/1858 2232/2232 1859/1859
f 1859/1859 2232/2232 2233/2233
f 1859/1859 2233/2233 1860/1860
f 1860/1860 2233/2233 2234/2234
f 1860/1860 2234/2234 1861/1861
f 1861/1861 2234/2234 2235/2235
f 1861/1861 2235/2235 1862/1862
f 1862/1862 2235/2235 2236/2236
f 1862/1862 2236/2236 1863/1863
f 1863/1863 2236/2236 2237/2237
f 1863/1863 2237/2237 1864/1864
f 1864/1864 2237/2237 2238/2238
f 1864/1864 2238/2238 1865/1865
f 1865/1865 2238/2238 2239/2239
f 1865/1865 2239/2239 1868/1868
f 1866/1866 1869/1869 2240/2240
f 1866/1866 2240/2240 2241/2241
f 1868/1868 2239/2239 2242/2242
f 1868/1868 2242/2242 1870/1870
f 1869/1869 1873/1873 2243/2243
f 1869/1869 2243/2243 2240/2240
f 1870/1870 2242/2242 2244/2244
f 1870/1870 2244/2244 1874/1874
f 1874/1874 2244/2244 2243/2243
f 1874/1874 2243/2243 1873/1873
f 2245/2245 1876/1876 1875/1875
f 2245/2245 1875/1875 2246/2246
f 2245/2245 2246/2246 2247/2247
f 2245/2245 2247/2247 2248/2248
f 1877/1877 2249/2249 2250/2250
f 1877/1877 2250/2250 1878/1878
f 2249/2249 2251/2251 2252/2252
f 2249/2249 2252/2252 2250/2250
f 2246/2246 1875/1875 1879/1879
f 2246/2246 1879/1879 2253/2253
f 2246/2246 2253/2253 2254/2254
f 2246/2246 2254/2254 2247/2247
f 1878/1878 2250/2250 2255/2255
f 1878/1878 2255/2255 1880/1880
f 2250/2250 2252/2252 2256/2256
f 2250/2250 2256/2256 2255/2255
f 1883/1883 1885/1885 2257/2257
f 1883/1883 2257/2257 2258/2258
f 1889/1889 2259/2259 2260/2260
f 1889/1889 2260/2260 1890/1890
f 1893/1893 2261/2261 2262/2262
f 1893/1893 2262/2262 1894/1894
f 1893/1893 1895/1895 2263/2263
f 1893/1893 2263/2263 2261/2261
f 1898/1898 2264/2264 2265/2265
f 1898/1898 2265/2265 1899/1899
f 1899/1899 2265/2265 2266/2266
f 1899/1899 2266/2266 1900/1900
f 2267/2267 1902/1902 1901/1901
f 2267/2267 1901/1901 2268/2268
f 2267/2267 2269/2269 2270/2270
f 2267/2267 2270/2270 1902/1902
f 2267/2267 2268/2268 2271/2271
f 2267/2267 2271/2271 2269/2269
f 1903/1903 2272/2272 2273/2273
f 1903/1903 2273/2273 1904/1904
f 1903/1903 2274/2274 2275/2275
f 1903/1903 2275/2275 2272/2272
f 2272/2272 2275/2275 2276/2276
f 2272/2272 2276/2276 2273/2273
f 2268/2268 1901/1901 1906/1906
f 2268/2268 1906/1906 2277/2277
f 2277/2277 1906/1906 2278/2278
f 2277/2277 2278/2278 2279/2279
f 2268/2268 2277/2277 2279/2279
f 2268/2268 2279/2279 2271/2271
f 1904/1904 2273/2273 2280/2280
f 1904/1904 2280/2280 1907/1907
f 1907/1907 2280/2280 2281/2281
f 1907/1907 2281/2281 2282/2282
f 2273/2273 2276/2276 2281/2281
f 2273/2273 2281/2281 2280/2280
f 2283/2283 1911/1911 1910/1910
f 2283/2283 1910/1910 2284/2284
f 2284/2284 1910/1910 2285/2285
f 2284/2284 2285/2285 2286/2286
f 2283/2283 2284/2284 2286/2286
f 2283/2283 2286/2286 2287/2287
f 1910/1910 1909/1909 2288/2288
f 1910/1910 2288/2288 2285/2285
f 1913/1913 1915/1915 2289/2289
f 1913/1913 2289/2289 2290/2290
f 1916/1916 2291/2291 2292/2292
f 1916/1916 2292/2292 1915/1915
f 1915/1915 2292/2292 2293/2293
f 1915/1915 2293/2293 2289/2289
f 2291/2291 2294/2294 2293/2293
f 2291/2291 2293/2293 2292/2292
f 2295/2295 1920/1920 1919/1919
f 2295/2295 1919/1919 2296/2296
f 2295/2295 2296/2296 2297/2297
f 2295/2295 2297/2297 2298/2298
f 1923/1923 2299/2299 2300/2300
f 1923/1923 2300/2300 1924/1924
f 2299/2299 2301/2301 2302/2302
f 2299/2299 2302/2302 2300/2300
f 1927/1927 2303/2303 2304/2304
f 1927/1927 2304/2304 1928/1928
f 1927/1927 1929/1929 2305/2305
f 1927/1927 2305/2305 2303/2303
f 1932/1932 2306/2306 2307/2307
f 1932/1932 2307/2307 1935/1935
f 1935/1935 2307/2307 2308/2308
f 1935/1935 2308/2308 1936/1936
f 1939/1939 2309/2309 2310/2310
f 1939/1939 2310/2310 1940/1940
f 1939/1939 1941/1941 2311/2311
f 1939/1939 2311/2311 2309/2309
f 1944/1944 2312/2312 2313/2313
f 1944/1944 2313/2313 1945/1945
f 1945/1945 2313/2313 2314/2314
f 1945/1945 2314/2314 1946/1946
f 1948/1948 2315/2315 2316/2316
f 1948/1948 2316/2316 1949/1949
f 1948/1948 1950/1950 2317/2317
f 1948/1948 2317/2317 2315/2315
f 1952/1952 2318/2318 2319/2319
f 1952/1952 2319/2319 1953/1953
f 1953/1953 2319/2319 2320/2320
f 1953/1953 2320/2320 1954/1954
f 1950/1950 1955/1955 2321/2321
f 1950/1950 2321/2321 2317/2317
f 1954/1954 2320/2320 2322/2322
f 1954/1954 2322/2322 1956/1956
f 2323/2323 1958/1958 1957/1957
f 2323/2323 1957/1957 2324/2324
f 2323/2323 2325/2325 2326/2326
f 2323/2323 2326/2326 1958/1958
f 2323/2323 2324/2324 2327/2327
f 2323/2323 2327/2327 2325/2325
f 1959/1959 2328/2328 2329/2329
f 1959/1959 2329/2329 1960/1960
f 1959/1959 2330/2330 2331/2331
f 1959/1959 2331/2331 2328/2328
f 2328/2328 2331/2331 2332/2332
f 2328/2328 2332/2332 2329/2329
f 2333/2333 1962/1962 1961/1961
f 2333/2333 1961/1961 2334/2334
f 2333/2333 2334/2334 2335/2335
f 2333/2333 2335/2335 2336/2336
f 1963/1963 2337/2337 2338/2338
f 1963/1963 2338/2338 1964/1964
f 2337/2337 2339/2339 2340/2340
f 2337/2337 2340/2340 2338/2338
f 1966/1966 1965/1965 2341/2341
f 1966/1966 2341/2341 2342/2342
f 1967/1967 2343/2343 2344/2344
f 1967/1967 2344/2344 1968/1968
f 1967/1967 1966/1966 2342/2342
f 1967/1967 2342/2342 2343/2343
f 1965/1965 1969/1969 2345/2345
f 1965/1965 2345/2345 2341/2341
f 1969/1969 1971/1971 2346/2346
f 1969/1969 2346/2346 2345/2345
f 1971/1971 1972/1972 2347/2347
f 1971/1971 2347/2347 2346/2346
f 1972/1972 2348/2348 2349/2349
f 1972/1972 2349/2349 2347/2347
f 2350/2350 1974/1974 2351/2351
f 2350/2350 2351/2351 2352/2352
f 1974/1974 1973/1973 2353/2353
f 1974/1974 2353/2353 2351/2351
f 1973/1973 1975/1975 2354/2354
f 1973/1973 2354/2354 2353/2353
f 1975/1975 1976/1976 2355/2355
f 1975/1975 2355/2355 2354/2354
f 1976/1976 1979/1979 2356/2356
f 1976/1976 2356/2356 2355/2355
f 1978/1978 2357/2357 2358/2358
f 1978/1978 2358/2358 1980/1980
f 1980/1980 2358/2358 2356/2356
f 1980/1980 2356/2356 1979/1979
f 1984/1984 1983/1983 2359/2359
f 1984/1984 2359/2359 2360/2360
f 1987/1987 2361/2361 2362/2362
f 1987/1987 2362/2362 1988/1988
f 1997/1997 2363/2363 2364/2364
f 1997/1997 2364/2364 2365/2365
f 1997/1997 1996/1996 2366/2366
f 1997/1997 2366/2366 2363/2363
f 2367/2367 2368/2368 2369/2369
f 2367/2367 2369/2369 2002/2002
f 2002/2002 2369/2369 2370/2370
f 2002/2002 2370/2370 2000/2000
f 1996/1996 1995/1995 2003/2003
f 1996/1996 2003/2003 2371/2371
f 2371/2371 2003/2003 2372/2372
f 2371/2371 2372/2372 2373/2373
f 1996/1996 2371/2371 2373/2373
f 1996/1996 2373/2373 2366/2366
f 2001/2001 2000/2000 2374/2374
f 2001/2001 2374/2374 2004/2004
f 2004/2004 2374/2374 2375/2375
f 2004/2004 2375/2375 2376/2376
f 2000/2000 2370/2370 2375/2375
f 2000/2000 2375/2375 2374/2374
f 2007/2007 2006/2006 2377/2377
f 2007/2007 2377/2377 2378/2378
f 2003/2003 2007/2007 2378/2378
f 2003/2003 2378/2378 2372/2372
f 2012/2012 2014/2014 2379/2379
f 2012/2012 2379/2379 2380/2380
f 2004/2004 2376/2376 2379/2379
f 2004/2004 2379/2379 2014/2014
f 2381/2381 2382/2382 2383/2383
f 2381/2381 2383/2383 2384/2384
f 2381/2381 2384/2384 2385/2385
f 2381/2381 2385/2385 2386/2386
f 2382/2382 2020/2020 2019/2019
f 2382/2382 2019/2019 2383/2383
f 2027/2027 2387/2387 2388/2388
f 2027/2027 2388/2388 2028/2028
f 2387/2387 2389/2389 2390/2390
f 2387/2387 2390/2390 2388/2388
f 2389/2389 2391/2391 2392/2392
f 2389/2389 2392/2392 2390/2390
f 2032/2032 2031/2031 2393/2393
f 2032/2032 2393/2393 2394/2394
f 2033/2033 2395/2395 2396/2396
f 2033/2033 2396/2396 2034/2034
f 2033/2033 2032/2032 2394/2394
f 2033/2033 2394/2394 2395/2395
f 2031/2031 2035/2035 2397/2397
f 2031/2031 2397/2397 2393/2393
f 2034/2034 2396/2396 2398/2398
f 2034/2034 2398/2398 2036/2036
f 2035/2035 2037/2037 2399/2399
f 2035/2035 2399/2399 2397/2397
f 2036/2036 2398/2398 2400/2400
f 2036/2036 2400/2400 2038/2038
f 2037/2037 2039/2039 2401/2401
f 2037/2037 2401/2401 2399/2399
f 2038/2038 2400/2400 2402/2402
f 2038/2038 2402/2402 2040/2040
f 2039/2039 2041/2041 2403/2403
f 2039/2039 2403/2403 2401/2401
f 2040/2040 2402/2402 2404/2404
f 2040/2040 2404/2404 2042/2042
f 2041/2041 2043/2043 2405/2405
f 2041/2041 2405/2405 2403/2403
f 2042/2042 2404/2404 2406/2406
f 2042/2042 2406/2406 2044/2044
f 2043/2043 2045/2045 2407/2407
f 2043/2043 2407/2407 2405/2405
f 2045/2045 2047/2047 2408/2408
f 2045/2045 2408/2408 2407/2407
f 2047/2047 2049/2049 2409/2409
f 2047/2047 2409/2409 2408/2408
f 2049/2049 2050/2050 2410/2410
f 2049/2049 2410/2410 2409/2409
f 2050/2050 2051/2051 2411/2411
f 2050/2050 2411/2411 2410/2410
f 2051/2051 2052/2052 2412/2412
f 2051/2051 2412/2412 2411/2411
f 2052/2052 2053/2053 2413/2413
f 2052/2052 2413/2413 2412/2412
f 2053/2053 2056/2056 2414/2414
f 2053/2053 2414/2414 2413/2413
f 2056/2056 2058/2058 2415/2415
f 2056/2056 2415/2415 2414/2414
f 2057/2057 2416/2416 2417/2417
f 2057/2057 2417/2417 2059/2059
f 2058/2058 2060/2060 2418/2418
f 2058/2058 2418/2418 2415/2415
f 2059/2059 2417/2417 2419/2419
f 2059/2059 2419/2419 2061/2061
f 2060/2060 2062/2062 2420/2420
f 2060/2060 2420/2420 2418/2418
f 2061/2061 2419/2419 2421/2421
f 2061/2061 2421/2421 2063/2063
f 2062/2062 2064/2064 2422/2422
f 2062/2062 2422/2422 2420/2420
f 2063/2063 2421/2421 2423/2423
f 2063/2063 2423/2423 2065/2065
f 2064/2064 2066/2066 2424/2424
f 2064/2064 2424/2424 2422/2422
f 2065/2065 2423/2423 2425/2425
f 2065/2065 2425/2425 2067/2067
f 2066/2066 2070/2070 2426/2426
f 2066/2066 2426/2426 2424/2424
f 2067/2067 2425/2425 2427/2427
f 2067/2067 2427/2427 2071/2071
f 2071/2071 2427/2427 2426/2426
f 2071/2071 2426/2426 2070/2070
f 2428/2428 2074/2074 2073/2073
f 2428/2428 2073/2073 2429/2429
f 2429/2429 2073/2073 2430/2430
f 2429/2429 2430/2430 2431/2431
f 2428/2428 2432/2432 2433/2433
f 2428/2428 2433/2433 2074/2074
f 2428/2428 2429/2429 2431/2431
f 2428/2428 2431/2431 2432/2432
f 2073/2073 2072/2072 2434/2434
f 2073/2073 2434/2434 2430/2430
f 2074/2074 2433/2433 2435/2435
f 2074/2074 2435/2435 2075/2075
f 2072/2072 2076/2076 2436/2436
f 2072/2072 2436/2436 2434/2434
f 2075/2075 2435/2435 2437/2437
f 2075/2075 2437/2437 2077/2077
f 2076/2076 2078/2078 2438/2438
f 2076/2076 2438/2438 2436/2436
f 2077/2077 2437/2437 2439/2439
f 2077/2077 2439/2439 2079/2079
f 2078/2078 2080/2080 2440/2440
f 2078/2078 2440/2440 2438/2438
f 2079/2079 2439/2439 2441/2441
f 2079/2079 2441/2441 2081/2081
f 2080/2080 2082/2082 2442/2442
f 2080/2080 2442/2442 2440/2440
f 2081/2081 2441/2441 2443/2443
f 2081/2081 2443/2443 2083/2083
f 2082/2082 2084/2084 2444/2444
f 2082/2082 2444/2444 2442/2442
f 2083/2083 2443/2443 2445/2445
f 2083/2083 2445/2445 2085/2085
f 2085/2085 2445/2445 2446/2446
f 2085/2085 2446/2446 2087/2087
f 2087/2087 2446/2446 2447/2447
f 2087/2087 2447/2447 2089/2089
f 2089/2089 2447/2447 2448/2448
f 2089/2089 2448/2448 2090/2090
f 2090/2090 2448/2448 2449/2449
f 2090/2090 2449/2449 2091/2091
f 2091/2091 2449/2449 2450/2450
f 2091/2091 2450/2450 2092/2092
f 2092/2092 2450/2450 2451/2451
f 2092/2092 2451/2451 2093/2093
f 2093/2093 2451/2451 2452/2452
f 2093/2093 2452/2452 2096/2096
f 2096/2096 2452/2452 2453/2453
f 2096/2096 2453/2453 2098/2098
f 2097/2097 2099/2099 2454/2454
f 2097/2097 2454/2454 2455/2455
f 2098/2098 2453/2453 2456/2456
f 2098/2098 2456/2456 2100/2100
f 2099/2099 2101/2101 2457/2457
f 2099/2099 2457/2457 2454/2454
f 2100/2100 2456/2456 2458/2458
f 2100/2100 2458/2458 2102/2102
f 2101/2101 2103/2103 2459/2459
f 2101/2101 2459/2459 2457/2457
f 2102/2102 2458/2458 2460/2460
f 2102/2102 2460/2460 2104/2104
f 2103/2103 2105/2105 2461/2461
f 2103/2103 2461/2461 2459/2459
f 2104/2104 2460/2460 2462/2462
f 2104/2104 2462/2462 2106/2106
f 2105/2105 2107/2107 2463/2463
f 2105/2105 2463/2463 2461/2461
f 2106/2106 2462/2462 2464/2464
f 2106/2106 2464/2464 2108/2108
f 2107/2107 2109/2109 2465/2465
f 2107/2107 2465/2465 2463/2463
f 2108/2108 2464/2464 2466/2466
f 2108/2108 2466/2466 2110/2110
f 2110/2110 2467/2467 2468/2468
f 2110/2110 2468/2468 2109/2109
f 2109/2109 2468/2468 2469/2469
f 2109/2109 2469/2469 2465/2465
f 2110/2110 2466/2466 2470/2470
f 2110/2110 2470/2470 2467/2467
f 2467/2467 2470/2470 2469/2469
f 2467/2467 2469/2469 2468/2468
f 2471/2471 2472/2472 2473/2473
f 2471/2471 2473/2473 2474/2474
f 2471/2471 2474/2474 2475/2475
f 2471/2471 2475/2475 2476/2476
f 2472/2472 2116/2116 2115/2115
f 2472/2472 2115/2115 2473/2473
f 2123/2123 2477/2477 2478/2478
f 2123/2123 2478/2478 2124/2124
f 2477/2477 2479/2479 2480/2480
f 2477/2477 2480/2480 2478/2478
f 2479/2479 2481/2481 2482/2482
f 2479/2479 2482/2482 2480/2480
f 2483/2483 2127/2127 2129/2129
f 2483/2483 2129/2129 2484/2484
f 2484/2484 2129/2129 2485/2485
f 2484/2484 2485/2485 2486/2486
f 2483/2483 2487/2487 2488/2488
f 2483/2483 2488/2488 2127/2127
f 2483/2483 2484/2484 2486/2486
f 2483/2483 2486/2486 2487/2487
f 2127/2127 2488/2488 2489/2489
f 2127/2127 2489/2489 2128/2128
f 2128/2128 2489/2489 2490/2490
f 2128/2128 2490/2490 2130/2130
f 2135/2135 2491/2491 2492/2492
f 2135/2135 2492/2492 2136/2136
f 2136/2136 2492/2492 2493/2493
f 2136/2136 2493/2493 2139/2139
f 2139/2139 2494/2494 2495/2495
f 2139/2139 2495/2495 2140/2140
f 2140/2140 2495/2495 2496/2496
f 2140/2140 2496/2496 2497/2497
f 2139/2139 2493/2493 2498/2498
f 2139/2139 2498/2498 2494/2494
f 2494/2494 2498/2498 2496/2496
f 2494/2494 2496/2496 2495/2495
f 2142/2142 2141/2141 2499/2499
f 2142/2142 2499/2499 2500/2500
f 2143/2143 2142/2142 2500/2500
f 2143/2143 2500/2500 2501/2501
f 2141/2141 2144/2144 2502/2502
f 2141/2141 2502/2502 2499/2499
f 2144/2144 2145/2145 2503/2503
f 2144/2144 2503/2503 2502/2502
f 2145/2145 2504/2504 2505/2505
f 2145/2145 2505/2505 2503/2503
f 2506/2506 2147/2147 2507/2507
f 2506/2506 2507/2507 2508/2508
f 2147/2147 2146/2146 2509/2509
f 2147/2147 2509/2509 2507/2507
f 2146/2146 2148/2148 2510/2510
f 2146/2146 2510/2510 2509/2509
f 2148/2148 2149/2149 2511/2511
f 2148/2148 2511/2511 2510/2510
f 2150/2150 2512/2512 2511/2511
f 2150/2150 2511/2511 2149/2149
f 2513/2513 2514/2514 2515/2515
f 2513/2513 2515/2515 2516/2516
f 2153/2153 2517/2517 2515/2515
f 2153/2153 2515/2515 2514/2514
f 2154/2154 2153/2153 2514/2514
f 2154/2154 2514/2514 2513/2513
f 2516/2516 2515/2515 2518/2518
f 2516/2516 2518/2518 2519/2519
f 2517/2517 2520/2520 2518/2518
f 2517/2517 2518/2518 2515/2515
f 2519/2519 2518/2518 2521/2521
f 2519/2519 2521/2521 2522/2522
f 2520/2520 2523/2523 2521/2521
f 2520/2520 2521/2521 2518/2518
f 2522/2522 2521/2521 2524/2524
f 2522/2522 2524/2524 2525/2525
f 2523/2523 2157/2157 2524/2524
f 2523/2523 2524/2524 2521/2521
f 2156/2156 2525/2525 2524/2524
f 2156/2156 2524/2524 2157/2157
f 2174/2174 2173/2173 2526/2526
f 2174/2174 2526/2526 2527/2527
f 2175/2175 2528/2528 2529/2529
f 2175/2175 2529/2529 2176/2176
f 2175/2175 2174/2174 2527/2527
f 2175/2175 2527/2527 2528/2528
f 2176/2176 2529/2529 2530/2530
f 2176/2176 2530/2530 2178/2178
f 2178/2178 2530/2530 2531/2531
f 2178/2178 2531/2531 2180/2180
f 2180/2180 2531/2531 2532/2532
f 2180/2180 2532/2532 2181/2181
f 2181/2181 2532/2532 2533/2533
f 2181/2181 2533/2533 2182/2182
f 2182/2182 2533/2533 2534/2534
f 2182/2182 2534/2534 2183/2183
f 2183/2183 2534/2534 2535/2535
f 2183/2183 2535/2535 2184/2184
f 2184/2184 2535/2535 2536/2536
f 2184/2184 2536/2536 2187/2187
f 2187/2187 2536/2536 2537/2537
f 2187/2187 2537/2537 2189/2189
f 2188/2188 2192/2192 2538/2538
f 2188/2188 2538/2538 2539/2539
f 2189/2189 2537/2537 2540/2540
f 2189/2189 2540/2540 2193/2193
f 2193/2193 2540/2540 2538/2538
f 2193/2193 2538/2538 2192/2192
f 2173/2173 2177/2177 2541/2541
f 2173/2173 2541/2541 2542/2542
f 2542/2542 2541/2541 2543/2543
f 2542/2542 2543/2543 2544/2544
f 2173/2173 2542/2542 2544/2544
f 2173/2173 2544/2544 2526/2526
f 2177/2177 2179/2179 2197/2197
f 2177/2177 2197/2197 2541/2541
f 2541/2541 2197/2197 2545/2545
f 2541/2541 2545/2545 2543/2543
f 2197/2197 2196/2196 2546/2546
f 2197/2197 2546/2546 2545/2545
f 2196/2196 2199/2199 2547/2547
f 2196/2196 2547/2547 2546/2546
f 2199/2199 2201/2201 2548/2548
f 2199/2199 2548/2548 2547/2547
f 2201/2201 2203/2203 2549/2549
f 2201/2201 2549/2549 2548/2548
f 2186/2186 2185/2185 2550/2550
f 2186/2186 2550/2550 2203/2203
f 2203/2203 2550/2550 2551/2551
f 2203/2203 2551/2551 2549/2549
f 2185/2185 2188/2188 2552/2552
f 2185/2185 2552/2552 2550/2550
f 2550/2550 2552/2552 2553/2553
f 2550/2550 2553/2553 2551/2551
f 2188/2188 2539/2539 2553/2553
f 2188/2188 2553/2553 2552/2552
f 2207/2207 2206/2206 2554/2554
f 2207/2207 2554/2554 2555/2555
f 2208/2208 2556/2556 2557/2557
f 2208/2208 2557/2557 2209/2209
f 2208/2208 2207/2207 2555/2555
f 2208/2208 2555/2555 2556/2556
f 2206/2206 2210/2210 2558/2558
f 2206/2206 2558/2558 2554/2554
f 2209/2209 2557/2557 2559/2559
f 2209/2209 2559/2559 2211/2211
f 2210/2210 2212/2212 2560/2560
f 2210/2210 2560/2560 2558/2558
f 2211/2211 2559/2559 2561/2561
f 2211/2211 2561/2561 2213/2213
f 2212/2212 2214/2214 2562/2562
f 2212/2212 2562/2562 2560/2560
f 2213/2213 2561/2561 2563/2563
f 2213/2213 2563/2563 2215/2215
f 2214/2214 2216/2216 2564/2564
f 2214/2214 2564/2564 2562/2562
f 2215/2215 2563/2563 2565/2565
f 2215/2215 2565/2565 2217/2217
f 2216/2216 2220/2220 2566/2566
f 2216/2216 2566/2566 2564/2564
f 2217/2217 2565/2565 2567/2567
f 2217/2217 2567/2567 2221/2221
f 2221/2221 2567/2567 2566/2566
f 2221/2221 2566/2566 2220/2220
f 2223/2223 2222/2222 2568/2568
f 2223/2223 2568/2568 2569/2569
f 2224/2224 2570/2570 2571/2571
f 2224/2224 2571/2571 2225/2225
f 2224/2224 2223/2223 2569/2569
f 2224/2224 2569/2569 2570/2570
f 2222/2222 2226/2226 2572/2572
f 2222/2222 2572/2572 2568/2568
f 2225/2225 2571/2571 2573/2573
f 2225/2225 2573/2573 2227/2227
f 2227/2227 2573/2573 2574/2574
f 2227/2227 2574/2574 2228/2228
f 2228/2228 2574/2574 2575/2575
f 2228/2228 2575/2575 2229/2229
f 2229/2229 2575/2575 2576/2576
f 2229/2229 2576/2576 2230/2230
f 2230/2230 2576/2576 2577/2577
f 2230/2230 2577/2577 2231/2231
f 2231/2231 2577/2577 2578/2578
f 2231/2231 2578/2578 2232/2232
f 2232/2232 2578/2578 2579/2579
f 2232/2232 2579/2579 2233/2233
f 2233/2233 2579/2579 2580/2580
f 2233/2233 2580/2580 2234/2234
f 2234/2234 2580/2580 2581/2581
f 2234/2234 2581/2581 2235/2235
f 2235/2235 2581/2581 2582/2582
f 2235/2235 2582/2582 2236/2236
f 2236/2236 2582/2582 2583/2583
f 2236/2236 2583/2583 2237/2237
f 2237/2237 2583/2583 2584/2584
f 2237/2237 2584/2584 2238/2238
f 2238/2238 2584/2584 2585/2585
f 2238/2238 2585/2585 2239/2239
f 2241/2241 2240/2240 2586/2586
f 2241/2241 2586/2586 2587/2587
f 2239/2239 2585/2585 2588/2588
f 2239/2239 2588/2588 2242/2242
f 2240/2240 2243/2243 2589/2589
f 2240/2240 2589/2589 2586/2586
f 2242/2242 2588/2588 2590/2590
f 2242/2242 2590/2590 2244/2244
f 2244/2244 2590/2590 2589/2589
f 2244/2244 2589/2589 2243/2243
f 2248/2248 2247/2247 2591/2591
f 2248/2248 2591/2591 2592/2592
f 2251/2251 2593/2593 2594/2594
f 2251/2251 2594/2594 2252/2252
f 2247/2247 2254/2254 2595/2595
f 2247/2247 2595/2595 2591/2591
f 2252/2252 2594/2594 2596/2596
f 2252/2252 2596/2596 2256/2256
f 2258/2258 2257/2257 2597/2597
f 2258/2258 2597/2597 2598/2598
f 2259/2259 2599/2599 2600/2600
f 2259/2259 2600/2600 2260/2260
f 2261/2261 2601/2601 2602/2602
f 2261/2261 2602/2602 2262/2262
f 2261/2261 2263/2263 2603/2603
f 2261/2261 2603/2603 2601/2601
f 2264/2264 2604/2604 2605/2605
f 2264/2264 2605/2605 2265/2265
f 2265/2265 2605/2605 2606/2606
f 2265/2265 2606/2606 2266/2266
f 2269/2269 2607/2607 2608/2608
f 2269/2269 2608/2608 2270/2270
f 2269/2269 2271/2271 2609/2609
f 2269/2269 2609/2609 2607/2607
f 2274/2274 2610/2610 2611/2611
f 2274/2274 2611/2611 2275/2275
f 2275/2275 2611/2611 2612/2612
f 2275/2275 2612/2612 2276/2276
f 2279/2279 2278/2278 2613/2613
f 2279/2279 2613/2613 2614/2614
f 2271/2271 2279/2279 2614/2614
f 2271/2271 2614/2614 2609/2609
f 2282/2282 2281/2281 2615/2615
f 2282/2282 2615/2615 2616/2616
f 2276/2276 2612/2612 2615/2615
f 2276/2276 2615/2615 2281/2281
f 2286/2286 2285/2285 2617/2617
f 2286/2286 2617/2617 2618/2618
f 2287/2287 2286/2286 2618/2618
f 2287/2287 2618/2618 2619/2619
f 2289/2289 2293/2293 2620/2620
f 2289/2289 2620/2620 2621/2621
f 2294/2294 2622/2622 2620/2620
f 2294/2294 2620/2620 2293/2293
f 2623/2623 2298/2298 2297/2297
f 2623/2623 2297/2297 2624/2624
f 2623/2623 2624/2624 2625/2625
f 2623/2623 2625/2625 2626/2626
f 2301/2301 2627/2627 2628/2628
f 2301/2301 2628/2628 2302/2302
f 2627/2627 2629/2629 2630/2630
f 2627/2627 2630/2630 2628/2628
f 2631/2631 2303/2303 2305/2305
f 2631/2631 2305/2305 2632/2632
f 2631/2631 2633/2633 2634/2634
f 2631/2631 2634/2634 2303/2303
f 2631/2631 2632/2632 2635/2635
f 2631/2631 2635/2635 2633/2633
f 2307/2307 2636/2636 2637/2637
f 2307/2307 2637/2637 2308/2308
f 2307/2307 2638/2638 2639/2639
f 2307/2307 2639/2639 2636/2636
f 2636/2636 2639/2639 2640/2640
f 2636/2636 2640/2640 2637/2637
f 2641/2641 2309/2309 2311/2311
f 2641/2641 2311/2311 2642/2642
f 2641/2641 2643/2643 2644/2644
f 2641/2641 2644/2644 2309/2309
f 2641/2641 2642/2642 2645/2645
f 2641/2641 2645/2645 2643/2643
f 2313/2313 2646/2646 2647/2647
f 2313/2313 2647/2647 2314/2314
f 2313/2313 2648/2648 2649/2649
f 2313/2313 2649/2649 2646/2646
f 2646/2646 2649/2649 2650/2650
f 2646/2646 2650/2650 2647/2647
f 2315/2315 2317/2317 2651/2651
f 2315/2315 2651/2651 2652/2652
f 2319/2319 2653/2653 2654/2654
f 2319/2319 2654/2654 2320/2320
f 2317/2317 2321/2321 2655/2655
f 2317/2317 2655/2655 2651/2651
f 2320/2320 2654/2654 2656/2656
f 2320/2320 2656/2656 2322/2322
f 2325/2325 2657/2657 2658/2658
f 2325/2325 2658/2658 2326/2326
f 2325/2325 2327/2327 2659/2659
f 2325/2325 2659/2659 2657/2657
f 2330/2330 2660/2660 2661/2661
f 2330/2330 2661/2661 2331/2331
f 2331/2331 2661/2661 2662/2662
f 2331/2331 2662/2662 2332/2332
f 2336/2336 2335/2335 2663/2663
f 2336/2336 2663/2663 2664/2664
f 2339/2339 2665/2665 2666/2666
f 2339/2339 2666/2666 2340/2340
f 2342/2342 2341/2341 2667/2667
f 2342/2342 2667/2667 2668/2668
f 2343/2343 2669/2669 2670/2670
f 2343/2343 2670/2670 2344/2344
f 2343/2343 2342/2342 2668/2668
f 2343/2343 2668/2668 2669/2669
f 2341/2341 2345/2345 2671/2671
f 2341/2341 2671/2671 2667/2667
f 2345/2345 2346/2346 2672/2672
f 2345/2345 2672/2672 2671/2671
f 2346/2346 2347/2347 2673/2673
f 2346/2346 2673/2673 2672/2672
f 2347/2347 2349/2349 2674/2674
f 2347/2347 2674/2674 2673/2673
f 2352/2352 2351/2351 2675/2675
f 2352/2352 2675/2675 2676/2676
f 2351/2351 2353/2353 2677/2677
f 2351/2351 2677/2677 2675/2675
f 2353/2353 2354/2354 2678/2678
f 2353/2353 2678/2678 2677/2677
f 2354/2354 2355/2355 2679/2679
f 2354/2354 2679/2679 2678/2678
f 2355/2355 2356/2356 2680/2680
f 2355/2355 2680/2680 2679/2679
f 2357/2357 2681/2681 2682/2682
f 2357/2357 2682/2682 2358/2358
f 2358/2358 2682/2682 2680/2680
f 2358/2358 2680/2680 2356/2356
f 2360/2360 2359/2359 2683/2683
f 2360/2360 2683/2683 2684/2684
f 2361/2361 2685/2685 2686/2686
f 2361/2361 2686/2686 2362/2362
f 2363/2363 2687/2687 2688/2688
f 2363/2363 2688/2688 2364/2364
f 2363/2363 2366/2366 2689/2689
f 2363/2363 2689/2689 2687/2687
f 2368/2368 2690/2690 2691/2691
f 2368/2368 2691/2691 2369/2369
f 2369/2369 2691/2691 2692/2692
f 2369/2369 2692/2692 2370/2370
f 2366/2366 2373/2373 2693/2693
f 2366/2366 2693/2693 2689/2689
f 2370/2370 2692/2692 2694/2694
f 2370/2370 2694/2694 2375/2375
f 2373/2373 2372/2372 2378/2378
f 2373/2373 2378/2378 2695/2695
f 2695/2695 2378/2378 2696/2696
f 2695/2695 2696/2696 2697/2697
f 2373/2373 2695/2695 2697/2697
f 2373/2373 2697/2697 2693/2693
f 2376/2376 2375/2375 2698/2698
f 2376/2376 2698/2698 2379/2379
f 2379/2379 2698/2698 2699/2699
f 2379/2379 2699/2699 2700/2700
f 2375/2375 2694/2694 2699/2699
f 2375/2375 2699/2699 2698/2698
f 2701/2701 2386/2386 2385/2385
f 2701/2701 2385/2385 2702/2702
f 2701/2701 2702/2702 2703/2703
f 2701/2701 2703/2703 2704/2704
f 2391/2391 2705/2705 2706/2706
f 2391/2391 2706/2706 2392/2392
f 2705/2705 2707/2707 2708/2708
f 2705/2705 2708/2708 2706/2706
f 2394/2394 2393/2393 2709/2709
f 2394/2394 2709/2709 2710/2710
f 2395/2395 2711/2711 2712/2712
f 2395/2395 2712/2712 2396/2396
f 2395/2395 2394/2394 2710/2710
f 2395/2395 2710/2710 2711/2711
f 2393/2393 2397/2397 2713/2713
f 2393/2393 2713/2713 2709/2709
f 2396/2396 2712/2712 2714/2714
f 2396/2396 2714/2714 2398/2398
f 2397/2397 2399/2399 2715/2715
f 2397/2397 2715/2715 2713/2713
f 2398/2398 2714/2714 2716/2716
f 2398/2398 2716/2716 2400/2400
f 2399/2399 2401/2401 2717/2717
f 2399/2399 2717/2717 2715/2715
f 2400/2400 2716/2716 2718/2718
f 2400/2400 2718/2718 2402/2402
f 2401/2401 2403/2403 2719/2719
f 2401/2401 2719/2719 2717/2717
f 2402/2402 2718/2718 2720/2720
f 2402/2402 2720/2720 2404/2404
f 2403/2403 2405/2405 2721/2721
f 2403/2403 2721/2721 2719/2719
f 2405/2405 2407/2407 2722/2722
f 2405/2405 2722/2722 2721/2721
f 2407/2407 2408/2408 2723/2723
f 2407/2407 2723/2723 2722/2722
f 2412/2412 2413/2413 2724/2724
f 2412/2412 2724/2724 2725/2725
f 2413/2413 2414/2414 2726/2726
f 2413/2413 2726/2726 2724/2724
f 2414/2414 2415/2415 2727/2727
f 2414/2414 2727/2727 2726/2726
f 2415/2415 2418/2418 2728/2728
f 2415/2415 2728/2728 2727/2727
f 2417/2417 2729/2729 2730/2730
f 2417/2417 2730/2730 2419/2419
f 2418/2418 2420/2420 2731/2731
f 2418/2418 2731/2731 2728/2728
f 2419/2419 2730/2730 2732/2732
f 2419/2419 2732/2732 2421/2421
f 2420/2420 2422/2422 2733/2733
f 2420/2420 2733/2733 2731/2731
f 2421/2421 2732/2732 2734/2734
f 2421/2421 2734/2734 2423/2423
f 2422/2422 2424/2424 2735/2735
f 2422/2422 2735/2735 2733/2733
f 2423/2423 2734/2734 2736/2736
f 2423/2423 2736/2736 2425/2425
f 2424/2424 2426/2426 2737/2737
f 2424/2424 2737/2737 2735/2735
f 2425/2425 2736/2736 2738/2738
f 2425/2425 2738/2738 2427/2427
f 2427/2427 2738/2738 2737/2737
f 2427/2427 2737/2737 2426/2426
f 2739/2739 2740/2740 2741/2741
f 2739/2739 2741/2741 2742/2742
f 2739/2739 2742/2742 2743/2743
f 2739/2739 2743/2743 2744/2744
f 2740/2740 2745/2745 2746/2746
f 2740/2740 2746/2746 2741/2741
f 2745/2745 2747/2747 2748/2748
f 2745/2745 2748/2748 2746/2746
f 2747/2747 2749/2749 2750/2750
f 2747/2747 2750/2750 2748/2748
f 2749/2749 2751/2751 2752/2752
f 2749/2749 2752/2752 2750/2750
f 2431/2431 2430/2430 2753/2753
f 2431/2431 2753/2753 2754/2754
f 2432/2432 2755/2755 2756/2756
f 2432/2432 2756/2756 2433/2433
f 2432/2432 2431/2431 2754/2754
f 2432/2432 2754/2754 2755/2755
f 2430/2430 2434/2434 2757/2757
f 2430/2430 2757/2757 2753/2753
f 2433/2433 2756/2756 2758/2758
f 2433/2433 2758/2758 2435/2435
f 2434/2434 2436/2436 2759/2759
f 2434/2434 2759/2759 2757/2757
f 2435/2435 2758/2758 2760/2760
f 2435/2435 2760/2760 2437/2437
f 2436/2436 2438/2438 2761/2761
f 2436/2436 2761/2761 2759/2759
f 2437/2437 2760/2760 2762/2762
f 2437/2437 2762/2762 2439/2439
f 2438/2438 2440/2440 2763/2763
f 2438/2438 2763/2763 2761/2761
f 2439/2439 2762/2762 2764/2764
f 2439/2439 2764/2764 2441/2441
f 2440/2440 2442/2442 2765/2765
f 2440/2440 2765/2765 2763/2763
f 2441/2441 2764/2764 2766/2766
f 2441/2441 2766/2766 2443/2443
f 2443/2443 2766/2766 2767/2767
f 2443/2443 2767/2767 2445/2445
f 2445/2445 2767/2767 2768/2768
f 2445/2445 2768/2768 2446/2446
f 2446/2446 2768/2768 2769/2769
f 2446/2446 2769/2769 2447/2447
f 2451/2451 2770/2770 2771/2771
f 2451/2451 2771/2771 2452/2452
f 2452/2452 2771/2771 2772/2772
f 2452/2452 2772/2772 2453/2453
f 2453/2453 2772/2772 2773/2773
f 2453/2453 2773/2773 2456/2456
f 2454/2454 2457/2457 2774/2774
f 2454/2454 2774/2774 2775/2775
f 2456/2456 2773/2773 2776/2776
f 2456/2456 2776/2776 2458/2458
f 2457/2457 2459/2459 2777/2777
f 2457/2457 2777/2777 2774/2774
f 2458/2458 2776/2776 2778/2778
f 2458/2458 2778/2778 2460/2460
f 2459/2459 2461/2461 2779/2779
f 2459/2459 2779/2779 2777/2777
f 2460/2460 2778/2778 2780/2780
f 2460/2460 2780/2780 2462/2462
f 2461/2461 2463/2463 2781/2781
f 2461/2461 2781/2781 2779/2779
f 2462/2462 2780/2780 2782/2782
f 2462/2462 2782/2782 2464/2464
f 2463/2463 2465/2465 2783/2783
f 2463/2463 2783/2783 2781/2781
f 2464/2464 2782/2782 2784/2784
f 2464/2464 2784/2784 2466/2466
f 2465/2465 2469/2469 2785/2785
f 2465/2465 2785/2785 2783/2783
f 2466/2466 2784/2784 2786/2786
f 2466/2466 2786/2786 2470/2470
f 2470/2470 2786/2786 2785/2785
f 2470/2470 2785/2785 2469/2469
f 2787/2787 2476/2476 2475/2475
f 2787/2787 2475/2475 2788/2788
f 2787/2787 2788/2788 2789/2789
f 2787/2787 2789/2789 2790/2790
f 2481/2481 2791/2791 2792/2792
f 2481/2481 2792/2792 2482/2482
f 2791/2791 2793/2793 2794/2794
f 2791/2791 2794/2794 2792/2792
f 2487/2487 2795/2795 2796/2796
f 2487/2487 2796/2796 2488/2488
f 2487/2487 2486/2486 2797/2797
f 2487/2487 2797/2797 2795/2795
f 2488/2488 2796/2796 2798/2798
f 2488/2488 2798/2798 2489/2489
f 2492/2492 2799/2799 2800/2800
f 2492/2492 2800/2800 2493/2493
f 2493/2493 2800/2800 2801/2801
f 2493/2493 2801/2801 2498/2498
f 2498/2498 2801/2801 2802/2802
f 2498/2498 2802/2802 2496/2496
f 2803/2803 2804/2804 2805/2805
f 2803/2803 2805/2805 2806/2806
f 2807/2807 2501/2501 2500/2500
f 2807/2807 2500/2500 2808/2808
f 2808/2808 2500/2500 2805/2805
f 2808/2808 2805/2805 2804/2804
f 2807/2807 2808/2808 2804/2804
f 2807/2807 2804/2804 2803/2803
f 2500/2500 2499/2499 2809/2809
f 2500/2500 2809/2809 2805/2805
f 2499/2499 2502/2502 2810/2810
f 2499/2499 2810/2810 2809/2809
f 2502/2502 2503/2503 2811/2811
f 2502/2502 2811/2811 2810/2810
f 2503/2503 2505/2505 2812/2812
f 2503/2503 2812/2812 2811/2811
f 2505/2505 2813/2813 2814/2814
f 2505/2505 2814/2814 2812/2812
f 2813/2813 2815/2815 2816/2816
f 2813/2813 2816/2816 2814/2814
f 2815/2815 2817/2817 2818/2818
f 2815/2815 2818/2818 2816/2816
f 2817/2817 2508/2508 2819/2819
f 2817/2817 2819/2819 2818/2818
f 2508/2508 2507/2507 2820/2820
f 2508/2508 2820/2820 2819/2819
f 2507/2507 2509/2509 2821/2821
f 2507/2507 2821/2821 2820/2820
f 2509/2509 2510/2510 2822/2822
f 2509/2509 2822/2822 2821/2821
f 2510/2510 2511/2511 2823/2823
f 2510/2510 2823/2823 2822/2822
f 2824/2824 2823/2823 2825/2825
f 2824/2824 2825/2825 2826/2826
f 2512/2512 2827/2827 2828/2828
f 2512/2512 2828/2828 2511/2511
f 2511/2511 2828/2828 2825/2825
f 2511/2511 2825/2825 2823/2823
f 2827/2827 2826/2826 2825/2825
f 2827/2827 2825/2825 2828/2828
f 2527/2527 2526/2526 2829/2829
f 2527/2527 2829/2829 2830/2830
f 2528/2528 2831/2831 2832/2832
f 2528/2528 2832/2832 2529/2529
f 2528/2528 2527/2527 2830/2830
f 2528/2528 2830/2830 2831/2831
f 2529/2529 2832/2832 2833/2833
f 2529/2529 2833/2833 2530/2530
f 2530/2530 2833/2833 2834/2834
f 2530/2530 2834/2834 2531/2531
f 2531/2531 2834/2834 2835/2835
f 2531/2531 2835/2835 2532/2532
f 2532/2532 2835/2835 2836/2836
f 2532/2532 2836/2836 2533/2533
f 2533/2533 2836/2836 2837/2837
f 2533/2533 2837/2837 2534/2534
f 2534/2534 2837/2837 2838/2838
f 2534/2534 2838/2838 2535/2535
f 2535/2535 2838/2838 2839/2839
f 2535/2535 2839/2839 2536/2536
f 2536/2536 2839/2839 2840/2840
f 2536/2536 2840/2840 2537/2537
f 2539/2539 2538/2538 2841/2841
f 2539/2539 2841/2841 2842/2842
f 2537/2537 2840/2840 2843/2843
f 2537/2537 2843/2843 2540/2540
f 2540/2540 2843/2843 2841/2841
f 2540/2540 2841/2841 2538/2538
f 2544/2544 2543/2543 2844/2844
f 2544/2544 2844/2844 2845/2845
f 2526/2526 2544/2544 2845/2845
f 2526/2526 2845/2845 2829/2829
f 2543/2543 2545/2545 2846/2846
f 2543/2543 2846/2846 2844/2844
f 2545/2545 2546/2546 2847/2847
f 2545/2545 2847/2847 2846/2846
f 2546/2546 2547/2547 2848/2848
f 2546/2546 2848/2848 2847/2847
f 2547/2547 2548/2548 2849/2849
f 2547/2547 2849/2849 2848/2848
f 2548/2548 2549/2549 2850/2850
f 2548/2548 2850/2850 2849/2849
f 2549/2549 2551/2551 2851/2851
f 2549/2549 2851/2851 2850/2850
f 2551/2551 2553/2553 2852/2852
f 2551/2551 2852/2852 2851/2851
f 2539/2539 2842/2842 2852/2852
f 2539/2539 2852/2852 2553/2553
f 2853/2853 2854/2854 2855/2855
f 2853/2853 2855/2855 2856/2856
f 2857/2857 2556/2556 2555/2555
f 2857/2857 2555/2555 2858/2858
f 2858/2858 2555/2555 2855/2855
f 2858/2858 2855/2855 2854/2854
f 2857/2857 2853/2853 2856/2856
f 2857/2857 2856/2856 2556/2556
f 2857/2857 2858/2858 2854/2854
f 2857/2857 2854/2854 2853/2853
f 2555/2555 2554/2554 2859/2859
f 2555/2555 2859/2859 2855/2855
f 2556/2556 2856/2856 2860/2860
f 2556/2556 2860/2860 2557/2557
f 2554/2554 2558/2558 2861/2861
f 2554/2554 2861/2861 2859/2859
f 2557/2557 2860/2860 2862/2862
f 2557/2557 2862/2862 2559/2559
f 2558/2558 2560/2560 2863/2863
f 2558/2558 2863/2863 2861/2861
f 2559/2559 2862/2862 2864/2864
f 2559/2559 2864/2864 2561/2561
f 2560/2560 2562/2562 2865/2865
f 2560/2560 2865/2865 2863/2863
f 2561/2561 2864/2864 2866/2866
f 2561/2561 2866/2866 2563/2563
f 2562/2562 2564/2564 2867/2867
f 2562/2562 2867/2867 2865/2865
f 2563/2563 2866/2866 2868/2868
f 2563/2563 2868/2868 2565/2565
f 2564/2564 2566/2566 2869/2869
f 2564/2564 2869/2869 2867/2867
f 2565/2565 2868/2868 2870/2870
f 2565/2565 2870/2870 2567/2567
f 2870/2870 2869/2869 2871/2871
f 2870/2870 2871/2871 2872/2872
f 2567/2567 2873/2873 2874/2874
f 2567/2567 2874/2874 2566/2566
f 2566/2566 2874/2874 2871/2871
f 2566/2566 2871/2871 2869/2869
f 2567/2567 2870/2870 2872/2872
f 2567/2567 2872/2872 2873/2873
f 2873/2873 2872/2872 2871/2871
f 2873/2873 2871/2871 2874/2874
f 2569/2569 2568/2568 2875/2875
f 2569/2569 2875/2875 2876/2876
f 2570/2570 2877/2877 2878/2878
f 2570/2570 2878/2878 2571/2571
f 2570/2570 2569/2569 2876/2876
f 2570/2570 2876/2876 2877/2877
f 2568/2568 2572/2572 2879/2879
f 2568/2568 2879/2879 2875/2875
f 2571/2571 2878/2878 2880/2880
f 2571/2571 2880/2880 2573/2573
f 2573/2573 2880/2880 2881/2881
f 2573/2573 2881/2881 2574/2574
f 2574/2574 2881/2881 2882/2882
f 2574/2574 2882/2882 2575/2575
f 2575/2575 2882/2882 2883/2883
f 2575/2575 2883/2883 2576/2576
f 2576/2576 2883/2883 2884/2884
f 2576/2576 2884/2884 2577/2577
f 2577/2577 2884/2884 2885/2885
f 2577/2577 2885/2885 2578/2578
f 2578/2578 2885/2885 2886/2886
f 2578/2578 2886/2886 2579/2579
f 2579/2579 2886/2886 2887/2887
f 2579/2579 2887/2887 2580/2580
f 2580/2580 2887/2887 2888/2888
f 2580/2580 2888/2888 2581/2581
f 2581/2581 2888/2888 2889/2889
f 2581/2581 2889/2889 2582/2582
f 2582/2582 2889/2889 2890/2890
f 2582/2582 2890/2890 2583/2583
f 2583/2583 2890/2890 2891/2891
f 2583/2583 2891/2891 2584/2584
f 2584/2584 2891/2891 2892/2892
f 2584/2584 2892/2892 2585/2585
f 2587/2587 2586/2586 2893/2893
f 2587/2587 2893/2893 2894/2894
f 2585/2585 2892/2892 2895/2895
f 2585/2585 2895/2895 2588/2588
f 2586/2586 2589/2589 2896/2896
f 2586/2586 2896/2896 2893/2893
f 2588/2588 2895/2895 2897/2897
f 2588/2588 2897/2897 2590/2590
f 2590/2590 2897/2897 2896/2896
f 2590/2590 2896/2896 2589/2589
f 2592/2592 2591/2591 2898/2898
f 2592/2592 2898/2898 2899/2899
f 2593/2593 2900/2900 2901/2901
f 2593/2593 2901/2901 2594/2594
f 2591/2591 2595/2595 2902/2902
f 2591/2591 2902/2902 2898/2898
f 2594/2594 2901/2901 2903/2903
f 2594/2594 2903/2903 2596/2596
f 2904/2904 2905/2905 2906/2906
f 2904/2904 2906/2906 2907/2907
f 2908/2908 2598/2598 2597/2597
f 2908/2908 2597/2597 2909/2909
f 2908/2908 2904/2904 2907/2907
f 2908/2908 2907/2907 2598/2598
f 2908/2908 2909/2909 2905/2905
f 2908/2908 2905/2905 2904/2904
f 2910/2910 2911/2911 2912/2912
f 2910/2910 2912/2912 2913/2913
f 2599/2599 2914/2914 2915/2915
f 2599/2599 2915/2915 2600/2600
f 2599/2599 2910/2910 2913/2913
f 2599/2599 2913/2913 2914/2914
f 2914/2914 2913/2913 2912/2912
f 2914/2914 2912/2912 2915/2915
f 2916/2916 2917/2917 2918/2918
f 2916/2916 2918/2918 2919/2919
f 2920/2920 2601/2601 2603/2603
f 2920/2920 2603/2603 2921/2921
f 2920/2920 2916/2916 2919/2919
f 2920/2920 2919/2919 2601/2601
f 2920/2920 2921/2921 2917/2917
f 2920/2920 2917/2917 2916/2916
f 2922/2922 2923/2923 2924/2924
f 2922/2922 2924/2924 2925/2925
f 2605/2605 2926/2926 2927/2927
f 2605/2605 2927/2927 2606/2606
f 2605/2605 2922/2922 2925/2925
f 2605/2605 2925/2925 2926/2926
f 2926/2926 2925/2925 2924/2924
f 2926/2926 2924/2924 2927/2927
f 2607/2607 2609/2609 2928/2928
f 2607/2607 2928/2928 2929/2929
f 2611/2611 2930/2930 2931/2931
f 2611/2611 2931/2931 2612/2612
f 2614/2614 2613/2613 2932/2932
f 2614/2614 2932/2932 2933/2933
f 2609/2609 2614/2614 2933/2933
f 2609/2609 2933/2933 2928/2928
f 2616/2616 2615/2615 2934/2934
f 2616/2616 2934/2934 2935/2935
f 2612/2612 2931/2931 2934/2934
f 2612/2612 2934/2934 2615/2615
f 2619/2619 2618/2618 2936/2936
f 2619/2619 2936/2936 2937/2937
f 2622/2622 2938/2938 2939/2939
f 2622/2622 2939/2939 2620/2620
f 2940/2940 2626/2626 2625/2625
f 2940/2940 2625/2625 2941/2941
f 2940/2940 2941/2941 2942/2942
f 2940/2940 2942/2942 2943/2943
f 2629/2629 2944/2944 2945/2945
f 2629/2629 2945/2945 2630/2630
f 2944/2944 2946/2946 2947/2947
f 2944/2944 2947/2947 2945/2945
f 2633/2633 2635/2635 2948/2948
f 2633/2633 2948/2948 2949/2949
f 2639/2639 2950/2950 2951/2951
f 2639/2639 2951/2951 2640/2640
f 2643/2643 2952/2952 2953/2953
f 2643/2643 2953/2953 2644/2644
f 2643/2643 2645/2645 2954/2954
f 2643/2643 2954/2954 2952/2952
f 2648/2648 2955/2955 2956/2956
f 2648/2648 2956/2956 2649/2649
f 2649/2649 2956/2956 2957/2957
f 2649/2649 2957/2957 2650/2650
f 2652/2652 2651/2651 2958/2958
f 2652/2652 2958/2958 2959/2959
f 2653/2653 2960/2960 2961/2961
f 2653/2653 2961/2961 2654/2654
f 2962/2962 2963/2963 2964/2964
f 2962/2962 2964/2964 2958/2958
f 2965/2965 2651/2651 2655/2655
f 2965/2965 2655/2655 2966/2966
f 2965/2965 2962/2962 2958/2958
f 2965/2965 2958/2958 2651/2651
f 2965/2965 2966/2966 2963/2963
f 2965/2965 2963/2963 2962/2962
f 2961/2961 2967/2967 2968/2968
f 2961/2961 2968/2968 2969/2969
f 2654/2654 2970/2970 2971/2971
f 2654/2654 2971/2971 2656/2656
f 2654/2654 2961/2961 2969/2969
f 2654/2654 2969/2969 2970/2970
f 2970/2970 2969/2969 2968/2968
f 2970/2970 2968/2968 2971/2971
f 2657/2657 2659/2659 2972/2972
f 2657/2657 2972/2972 2973/2973
f 2661/2661 2974/2974 2975/2975
f 2661/2661 2975/2975 2662/2662
f 2664/2664 2663/2663 2976/2976
f 2664/2664 2976/2976 2977/2977
f 2665/2665 2978/2978 2979/2979
f 2665/2665 2979/2979 2666/2666
f 2668/2668 2667/2667 2980/2980
f 2668/2668 2980/2980 2981/2981
f 2669/2669 2982/2982 2983/2983
f 2669/2669 2983/2983 2670/2670
f 2669/2669 2668/2668 2981/2981
f 2669/2669 2981/2981 2982/2982
f 2667/2667 2671/2671 2984/2984
f 2667/2667 2984/2984 2980/2980
f 2671/2671 2672/2672 2985/2985
f 2671/2671 2985/2985 2984/2984
f 2672/2672 2673/2673 2986/2986
f 2672/2672 2986/2986 2985/2985
f 2673/2673 2674/2674 2987/2987
f 2673/2673 2987/2987 2986/2986
f 2676/2676 2675/2675 2988/2988
f 2676/2676 2988/2988 2989/2989
f 2675/2675 2677/2677 2990/2990
f 2675/2675 2990/2990 2988/2988
f 2677/2677 2678/2678 2991/2991
f 2677/2677 2991/2991 2990/2990
f 2678/2678 2679/2679 2992/2992
f 2678/2678 2992/2992 2991/2991
f 2679/2679 2680/2680 2993/2993
f 2679/2679 2993/2993 2992/2992
f 2681/2681 2994/2994 2995/2995
f 2681/2681 2995/2995 2682/2682
f 2682/2682 2995/2995 2993/2993
f 2682/2682 2993/2993 2680/2680
f 2996/2996 2997/2997 2998/2998
f 2996/2996 2998/2998 2999/2999
f 2684/2684 2683/2683 2997/2997
f 2684/2684 2997/2997 2996/2996
f 3000/3000 3001/3001 3002/3002
f 3000/3000 3002/3002 3003/3003
f 2685/2685 3003/3003 3002/3002
f 2685/2685 3002/3002 2686/2686
f 3004/3004 3005/3005 3006/3006
f 3004/3004 3006/3006 3007/3007
f 2687/2687 3004/3004 3007/3007
f 2687/2687 3007/3007 2688/2688
f 2687/2687 2689/2689 3005/3005
f 2687/2687 3005/3005 3004/3004
f 3008/3008 3009/3009 3010/3010
f 3008/3008 3010/3010 3011/3011
f 2690/2690 3008/3008 3011/3011
f 2690/2690 3011/3011 2691/2691
f 2691/2691 3011/3011 3010/3010
f 2691/2691 3010/3010 2692/2692
f 2689/2689 2693/2693 3012/3012
f 2689/2689 3012/3012 3005/3005
f 2692/2692 3010/3010 3013/3013
f 2692/2692 3013/3013 2694/2694
f 2697/2697 2696/2696 3014/3014
f 2697/2697 3014/3014 3015/3015
f 2693/2693 2697/2697 3015/3015
f 2693/2693 3015/3015 3012/3012
f 2700/2700 2699/2699 3016/3016
f 2700/2700 3016/3016 3017/3017
f 2694/2694 3013/3013 3016/3016
f 2694/2694 3016/3016 2699/2699
f 2704/2704 2703/2703 3018/3018
f 2704/2704 3018/3018 3019/3019
f 2707/2707 3020/3020 3021/3021
f 2707/2707 3021/3021 2708/2708
f 3022/3022 2711/2711 2710/2710
f 3022/3022 2710/2710 3023/3023
f 3023/3023 2710/2710 3024/3024
f 3023/3023 3024/3024 3025/3025
f 3022/3022 3026/3026 3027/3027
f 3022/3022 3027/3027 2711/2711
f 3022/3022 3023/3023 3025/3025
f 3022/3022 3025/3025 3026/3026
f 2710/2710 2709/2709 3028/3028
f 2710/2710 3028/3028 3024/3024
f 2711/2711 3027/3027 3029/3029
f 2711/2711 3029/3029 2712/2712
f 2709/2709 2713/2713 3030/3030
f 2709/2709 3030/3030 3028/3028
f 2712/2712 3029/3029 3031/3031
f 2712/2712 3031/3031 2714/2714
f 2713/2713 2715/2715 3032/3032
f 2713/2713 3032/3032 3030/3030
f 2714/2714 3031/3031 3033/3033
f 2714/2714 3033/3033 2716/2716
f 2715/2715 2717/2717 3034/3034
f 2715/2715 3034/3034 3032/3032
f 2716/2716 3033/3033 3035/3035
f 2716/2716 3035/3035 2718/2718
f 2717/2717 2719/2719 3036/3036
f 2717/2717 3036/3036 3034/3034
f 2718/2718 3035/3035 3037/3037
f 2718/2718 3037/3037 2720/2720
f 2719/2719 2721/2721 3038/3038
f 2719/2719 3038/3038 3036/3036
f 2726/2726 2727/2727 3039/3039
f 2726/2726 3039/3039 3040/3040
f 2727/2727 2728/2728 3041/3041
f 2727/2727 3041/3041 3039/3039
f 2729/2729 3042/3042 3043/3043
f 2729/2729 3043/3043 2730/2730
f 2728/2728 2731/2731 3044/3044
f 2728/2728 3044/3044 3041/3041
f 2730/2730 3043/3043 3045/3045
f 2730/2730 3045/3045 2732/2732
f 2731/2731 2733/2733 3046/3046
f 2731/2731 3046/3046 3044/3044
f 2732/2732 3045/3045 3047/3047
f 2732/2732 3047/3047 2734/2734
f 2733/2733 2735/2735 3048/3048
f 2733/2733 3048/3048 3046/3046
f 2734/2734 3047/3047 3049/3049
f 2734/2734 3049/3049 2736/2736
f 2735/2735 2737/2737 3050/3050
f 2735/2735 3050/3050 3048/3048
f 2736/2736 3049/3049 3051/3051
f 2736/2736 3051/3051 2738/2738
f 2738/2738 3052/3052 3053/3053
f 2738/2738 3053/3053 2737/2737
f 2737/2737 3053/3053 3054/3054
f 2737/2737 3054/3054 3050/3050
f 2738/2738 3051/3051 3055/3055
f 2738/2738 3055/3055 3052/3052
f 3052/3052 3055/3055 3054/3054
f 3052/3052 3054/3054 3053/3053
f 3056/3056 3057/3057 3058/3058
f 3056/3056 3058/3058 3059/3059
f 3056/3056 3059/3059 3060/3060
f 3056/3056 3060/3060 3061/3061
f 3057/3057 2744/2744 2743/2743
f 3057/3057 2743/2743 3058/3058
f 2751/2751 3062/3062 3063/3063
f 2751/2751 3063/3063 2752/2752
f 3062/3062 3064/3064 3065/3065
f 3062/3062 3065/3065 3063/3063
f 3064/3064 3066/3066 3067/3067
f 3064/3064 3067/3067 3065/3065
f 2754/2754 2753/2753 3068/3068
f 2754/2754 3068/3068 3069/3069
f 2755/2755 3070/3070 3071/3071
f 2755/2755 3071/3071 2756/2756
f 2755/2755 2754/2754 3069/3069
f 2755/2755 3069/3069 3070/3070
f 2753/2753 2757/2757 3072/3072
f 2753/2753 3072/3072 3068/3068
f 2756/2756 3071/3071 3073/3073
f 2756/2756 3073/3073 2758/2758
f 2757/2757 2759/2759 3074/3074
f 2757/2757 3074/3074 3072/3072
f 2758/2758 3073/3073 3075/3075
f 2758/2758 3075/3075 2760/2760
f 2759/2759 2761/2761 3076/3076
f 2759/2759 3076/3076 3074/3074
f 2760/2760 3075/3075 3077/3077
f 2760/2760 3077/3077 2762/2762
f 2761/2761 2763/2763 3078/3078
f 2761/2761 3078/3078 3076/3076
f 2762/2762 3077/3077 3079/3079
f 2762/2762 3079/3079 2764/2764
f 2763/2763 2765/2765 3080/3080
f 2763/2763 3080/3080 3078/3078
f 2764/2764 3079/3079 3081/3081
f 2764/2764 3081/3081 2766/2766
f 2766/2766 3081/3081 3082/3082
f 2766/2766 3082/3082 2767/2767
f 2772/2772 3083/3083 3084/3084
f 2772/2772 3084/3084 2773/2773
f 2775/2775 2774/2774 3085/3085
f 2775/2775 3085/3085 3086/3086
f 2773/2773 3084/3084 3087/3087
f 2773/2773 3087/3087 2776/2776
f 2774/2774 2777/2777 3088/3088
f 2774/2774 3088/3088 3085/3085
f 2776/2776 3087/3087 3089/3089
f 2776/2776 3089/3089 2778/2778
f 2777/2777 2779/2779 3090/3090
f 2777/2777 3090/3090 3088/3088
f 2778/2778 3089/3089 3091/3091
f 2778/2778 3091/3091 2780/2780
f 2779/2779 2781/2781 3092/3092
f 2779/2779 3092/3092 3090/3090
f 2780/2780 3091/3091 3093/3093
f 2780/2780 3093/3093 2782/2782
f 2781/2781 2783/2783 3094/3094
f 2781/2781 3094/3094 3092/3092
f 2782/2782 3093/3093 3095/3095
f 2782/2782 3095/3095 2784/2784
f 2783/2783 2785/2785 3096/3096
f 2783/2783 3096/3096 3094/3094
f 2784/2784 3095/3095 3097/3097
f 2784/2784 3097/3097 2786/2786
f 2786/2786 3097/3097 3096/3096
f 2786/2786 3096/3096 2785/2785
f 2790/2790 2789/2789 3098/3098
f 2790/2790 3098/3098 3099/3099
f 2793/2793 3100/3100 3101/3101
f 2793/2793 3101/3101 2794/2794
f 2797/2797 3102/3102 3103/3103
f 2797/2797 3103/3103 3104/3104
f 2795/2795 3105/3105 3106/3106
f 2795/2795 3106/3106 2796/2796
f 2795/2795 2797/2797 3104/3104
f 2795/2795 3104/3104 3105/3105
f 2796/2796 3106/3106 3107/3107
f 2796/2796 3107/3107 2798/2798
f 2799/2799 3108/3108 3109/3109
f 2799/2799 3109/3109 2800/2800
f 3110/3110 2802/2802 3111/3111
f 3110/3110 3111/3111 3112/3112
f 2800/2800 3109/3109 3113/3113
f 2800/2800 3113/3113 2801/2801
f 2801/2801 3113/3113 3111/3111
f 2801/2801 3111/3111 2802/2802
f 2805/2805 2809/2809 3114/3114
f 2805/2805 3114/3114 3115/3115
f 2806/2806 2805/2805 3115/3115
f 2806/2806 3115/3115 3116/3116
f 2809/2809 2810/2810 3117/3117
f 2809/2809 3117/3117 3114/3114
f 2810/2810 2811/2811 3118/3118
f 2810/2810 3118/3118 3117/3117
f 2811/2811 2812/2812 3119/3119
f 2811/2811 3119/3119 3118/3118
f 2812/2812 2814/2814 3120/3120
f 2812/2812 3120/3120 3119/3119
f 2814/2814 2816/2816 3121/3121
f 2814/2814 3121/3121 3120/3120
f 2816/2816 2818/2818 3122/3122
f 2816/2816 3122/3122 3121/3121
f 2818/2818 2819/2819 3123/3123
f 2818/2818 3123/3123 3122/3122
f 2819/2819 2820/2820 3124/3124
f 2819/2819 3124/3124 3123/3123
f 2820/2820 2821/2821 3125/3125
f 2820/2820 3125/3125 3124/3124
f 2821/2821 2822/2822 3126/3126
f 2821/2821 3126/3126 3125/3125
f 2822/2822 2823/2823 3127/3127
f 2822/2822 3127/3127 3126/3126
f 2824/2824 3128/3128 3127/3127
f 2824/2824 3127/3127 2823/2823
f 3129/3129 3130/3130 3131/3131
f 3129/3129 3131/3131 3132/3132
f 2831/2831 3129/3129 3132/3132
f 2831/2831 3132/3132 2832/2832
f 2831/2831 2830/2830 3130/3130
f 2831/2831 3130/3130 3129/3129
f 2832/2832 3132/3132 3133/3133
f 2832/2832 3133/3133 2833/2833
f 2833/2833 3133/3133 3134/3134
f 2833/2833 3134/3134 2834/2834
f 2834/2834 3134/3134 3135/3135
f 2834/2834 3135/3135 2835/2835
f 2835/2835 3135/3135 3136/3136
f 2835/2835 3136/3136 2836/2836
f 2836/2836 3136/3136 3137/3137
f 2836/2836 3137/3137 2837/2837
f 2837/2837 3137/3137 3138/3138
f 2837/2837 3138/3138 2838/2838
f 2838/2838 3138/3138 3139/3139
f 2838/2838 3139/3139 2839/2839
f 2839/2839 3139/3139 3140/3140
f 2839/2839 3140/3140 2840/2840
f 3140/3140 3141/3141 3142/3142
f 3140/3140 3142/3142 3143/3143
f 2840/2840 3140/3140 3143/3143
f 2840/2840 3143/3143 2843/2843
f 2843/2843 3143/3143 3142/3142
f 2843/2843 3142/3142 2841/2841
f 2830/2830 2829/2829 2845/2845
f 2830/2830 2845/2845 3144/3144
f 3144/3144 2845/2845 3145/3145
f 3144/3144 3145/3145 3146/3146
f 2830/2830 3144/3144 3146/3146
f 2830/2830 3146/3146 3130/3130
f 2845/2845 2844/2844 3147/3147
f 2845/2845 3147/3147 3145/3145
f 2844/2844 2846/2846 3148/3148
f 2844/2844 3148/3148 3147/3147
f 2846/2846 2847/2847 3149/3149
f 2846/2846 3149/3149 3148/3148
f 2847/2847 2848/2848 3150/3150
f 2847/2847 3150/3150 3149/3149
f 2848/2848 2849/2849 3151/3151
f 2848/2848 3151/3151 3150/3150
f 2849/2849 2850/2850 3152/3152
f 2849/2849 3152/3152 3151/3151
f 2850/2850 2851/2851 3153/3153
f 2850/2850 3153/3153 3152/3152
f 2851/2851 2852/2852 3154/3154
f 2851/2851 3154/3154 3153/3153
f 2842/2842 2841/2841 3155/3155
f 2842/2842 3155/3155 2852/2852
f 2852/2852 3155/3155 3156/3156
f 2852/2852 3156/3156 3154/3154
f 2841/2841 3142/3142 3156/3156
f 2841/2841 3156/3156 3155/3155
f 3157/3157 3158/3158 3159/3159
f 3157/3157 3159/3159 3160/3160
f 3157/3157 3161/3161 3162/3162
f 3157/3157 3162/3162 3158/3158
f 3157/3157 3160/3160 3163/3163
f 3157/3157 3163/3163 3161/3161
f 3158/3158 3164/3164 3165/3165
f 3158/3158 3165/3165 3159/3159
f 3158/3158 3162/3162 3166/3166
f 3158/3158 3166/3166 3164/3164
f 3164/3164 3167/3167 3168/3168
f 3164/3164 3168/3168 3165/3165
f 3164/3164 3166/3166 3169/3169
f 3164/3164 3169/3169 3167/3167
f 3167/3167 3170/3170 3171/3171
f 3167/3167 3171/3171 3168/3168
f 3167/3167 3169/3169 3172/3172
f 3167/3167 3172/3172 3170/3170
f 3170/3170 3172/3172 3173/3173
f 3170/3170 3173/3173 3171/3171
f 2855/2855 2859/2859 3174/3174
f 2855/2855 3174/3174 3175/3175
f 2856/2856 3176/3176 3177/3177
f 2856/2856 3177/3177 2860/2860
f 2856/2856 2855/2855 3175/3175
f 2856/2856 3175/3175 3176/3176
f 2859/2859 2861/2861 3178/3178
f 2859/2859 3178/3178 3174/3174
f 2861/2861 2863/2863 3179/3179
f 2861/2861 3179/3179 3178/3178
f 2863/2863 2865/2865 3180/3180
f 2863/2863 3180/3180 3179/3179
f 2865/2865 2867/2867 3181/3181
f 2865/2865 3181/3181 3180/3180
f 2867/2867 2869/2869 3182/3182
f 2867/2867 3182/3182 3181/3181
f 2868/2868 3183/3183 3184/3184
f 2868/2868 3184/3184 2870/2870
f 2870/2870 3184/3184 3182/3182
f 2870/2870 3182/3182 2869/2869
f 2876/2876 2875/2875 3185/3185
f 2876/2876 3185/3185 3186/3186
f 2877/2877 3187/3187 3188/3188
f 2877/2877 3188/3188 2878/2878
f 2877/2877 2876/2876 3186/3186
f 2877/2877 3186/3186 3187/3187
f 2875/2875 2879/2879 3189/3189
f 2875/2875 3189/3189 3185/3185
f 2878/2878 3188/3188 3190/3190
f 2878/2878 3190/3190 2880/2880
f 2880/2880 3190/3190 3191/3191
f 2880/2880 3191/3191 2881/2881
f 2881/2881 3191/3191 3192/3192
f 2881/2881 3192/3192 2882/2882
f 2882/2882 3192/3192 3193/3193
f 2882/2882 3193/3193 2883/2883
f 2883/2883 3193/3193 3194/3194
f 2883/2883 3194/3194 2884/2884
f 2884/2884 3194/3194 3195/3195
f 2884/2884 3195/3195 2885/2885
f 2885/2885 3195/3195 3196/3196
f 2885/2885 3196/3196 2886/2886
f 2886/2886 3196/3196 3197/3197
f 2886/2886 3197/3197 2887/2887
f 2887/2887 3197/3197 3198/3198
f 2887/2887 3198/3198 2888/2888
f 2888/2888 3198/3198 3199/3199
f 2888/2888 3199/3199 2889/2889
f 2889/2889 3199/3199 3200/3200
f 2889/2889 3200/3200 2890/2890
f 2890/2890 3200/3200 3201/3201
f 2890/2890 3201/3201 2891/2891
f 2891/2891 3201/3201 3202/3202
f 2891/2891 3202/3202 2892/2892
f 2894/2894 2893/2893 3203/3203
f 2894/2894 3203/3203 3204/3204
f 2892/2892 3202/3202 3205/3205
f 2892/2892 3205/3205 2895/2895
f 2893/2893 2896/2896 3206/3206
f 2893/2893 3206/3206 3203/3203
f 2895/2895 3205/3205 3207/3207
f 2895/2895 3207/3207 2897/2897
f 2897/2897 3207/3207 3206/3206
f 2897/2897 3206/3206 2896/2896
f 3208/3208 3209/3209 3210/3210
f 3208/3208 3210/3210 3211/3211
f 2899/2899 2898/2898 3209/3209
f 2899/2899 3209/3209 3208/3208
f 3212/3212 3213/3213 3214/3214
f 3212/3212 3214/3214 3215/3215
f 2900/2900 3215/3215 3214/3214
f 2900/2900 3214/3214 2901/2901
f 3209/3209 3216/3216 3217/3217
f 3209/3209 3217/3217 3210/3210
f 2898/2898 2902/2902 3216/3216
f 2898/2898 3216/3216 3209/3209
f 3213/3213 3218/3218 3219/3219
f 3213/3213 3219/3219 3214/3214
f 2901/2901 3214/3214 3219/3219
f 2901/2901 3219/3219 2903/2903
f 2907/2907 2906/2906 3220/3220
f 2907/2907 3220/3220 3221/3221
f 2910/2910 3222/3222 3223/3223
f 2910/2910 3223/3223 2911/2911
f 2919/2919 3224/3224 3225/3225
f 2919/2919 3225/3225 3226/3226
f 2919/2919 2918/2918 3227/3227
f 2919/2919 3227/3227 3224/3224
f 3228/3228 3229/3229 3230/3230
f 3228/3228 3230/3230 2922/2922
f 2922/2922 3230/3230 3231/3231
f 2922/2922 3231/3231 2923/2923
f 2929/2929 3232/3232 3233/3233
f 2929/2929 3233/3233 3234/3234
f 2929/2929 2928/2928 3235/3235
f 2929/2929 3235/3235 3232/3232
f 3236/3236 3237/3237 3238/3238
f 3236/3236 3238/3238 2930/2930
f 2930/2930 3238/3238 3239/3239
f 2930/2930 3239/3239 2931/2931
f 2928/2928 2933/2933 3240/3240
f 2928/2928 3240/3240 3235/3235
f 2931/2931 3239/3239 3241/3241
f 2931/2931 3241/3241 2934/2934
f 3242/3242 3243/3243 3244/3244
f 3242/3242 3244/3244 3245/3245
f 3246/3246 2937/2937 2936/2936
f 3246/3246 2936/2936 3247/3247
f 3247/3247 2936/2936 3244/3244
f 3247/3247 3244/3244 3243/3243
f 3246/3246 3247/3247 3243/3243
f 3246/3246 3243/3243 3242/3242
f 3248/3248 3249/3249 3250/3250
f 3248/3248 3250/3250 3251/3251
f 2938/2938 3252/3252 3253/3253
f 2938/2938 3253/3253 2939/2939
f 2939/2939 3253/3253 3250/3250
f 2939/2939 3250/3250 3249/3249
f 3252/3252 3251/3251 3250/3250
f 3252/3252 3250/3250 3253/3253
f 2943/2943 2942/2942 3254/3254
f 2943/2943 3254/3254 3255/3255
f 2946/2946 3256/3256 3257/3257
f 2946/2946 3257/3257 2947/2947
f 2949/2949 2948/2948 3258/3258
f 2949/2949 3258/3258 3259/3259
f 2950/2950 3260/3260 3261/3261
f 2950/2950 3261/3261 2951/2951
f 2952/2952 3262/3262 3263/3263
f 2952/2952 3263/3263 2953/2953
f 2952/2952 2954/2954 3264/3264
f 2952/2952 3264/3264 3262/3262
f 2955/2955 3265/3265 3266/3266
f 2955/2955 3266/3266 2956/2956
f 2956/2956 3266/3266 3267/3267
f 2956/2956 3267/3267 2957/2957
f 3268/3268 3269/3269 3270/3270
f 3268/3268 3270/3270 3271/3271
f 3272/3272 2959/2959 2958/2958
f 3272/3272 2958/2958 2962/2962
f 2962/2962 2958/2958 3270/3270
f 2962/2962 3270/3270 3269/3269
f 3272/3272 3268/3268 3271/3271
f 3272/3272 3271/3271 2959/2959
f 3272/3272 2962/2962 3269/3269
f 3272/3272 3269/3269 3268/3268
f 3273/3273 3274/3274 3275/3275
f 3273/3273 3275/3275 3276/3276
f 2960/2960 3277/3277 2969/2969
f 2960/2960 2969/2969 2961/2961
f 2961/2961 2969/2969 3275/3275
f 2961/2961 3275/3275 3274/3274
f 2960/2960 3273/3273 3276/3276
f 2960/2960 3276/3276 3277/3277
f 3277/3277 3276/3276 3275/3275
f 3277/3277 3275/3275 2969/2969
f 2958/2958 2964/2964 3278/3278
f 2958/2958 3278/3278 3270/3270
f 2961/2961 3274/3274 3279/3279
f 2961/2961 3279/3279 2967/2967
f 2973/2973 3280/3280 3281/3281
f 2973/2973 3281/3281 3282/3282
f 2973/2973 2972/2972 3283/3283
f 2973/2973 3283/3283 3280/3280
f 3284/3284 3285/3285 3286/3286
f 3284/3284 3286/3286 2974/2974
f 2974/2974 3286/3286 3287/3287
f 2974/2974 3287/3287 2975/2975
f 2977/2977 2976/2976 3288/3288
f 2977/2977 3288/3288 3289/3289
f 2978/2978 3290/3290 3291/3291
f 2978/2978 3291/3291 2979/2979
f 3292/3292 3293/3293 3294/3294
f 3292/3292 3294/3294 3295/3295
f 2981/2981 2980/2980 3294/3294
f 2981/2981 3294/3294 3293/3293
f 2982/2982 3292/3292 3295/3295
f 2982/2982 3295/3295 2983/2983
f 2982/2982 2981/2981 3293/3293
f 2982/2982 3293/3293 3292/3292
f 2980/2980 2984/2984 3296/3296
f 2980/2980 3296/3296 3294/3294
f 2984/2984 2985/2985 3297/3297
f 2984/2984 3297/3297 3296/3296
f 2985/2985 2986/2986 3298/3298
f 2985/2985 3298/3298 3297/3297
f 2986/2986 2987/2987 3299/3299
f 2986/2986 3299/3299 3298/3298
f 2987/2987 3300/3300 3301/3301
f 2987/2987 3301/3301 3299/3299
f 3302/3302 2989/2989 3303/3303
f 3302/3302 3303/3303 3304/3304
f 2989/2989 2988/2988 3305/3305
f 2989/2989 3305/3305 3303/3303
f 2988/2988 2990/2990 3306/3306
f 2988/2988 3306/3306 3305/3305
f 2990/2990 2991/2991 3307/3307
f 2990/2990 3307/3307 3306/3306
f 2991/2991 2992/2992 3308/3308
f 2991/2991 3308/3308 3307/3307
f 3309/3309 3308/3308 3310/3310
f 3309/3309 3310/3310 3311/3311
f 2992/2992 2993/2993 3310/3310
f 2992/2992 3310/3310 3308/3308
f 2994/2994 3309/3309 3311/3311
f 2994/2994 3311/3311 2995/2995
f 2995/2995 3311/3311 3310/3310
f 2995/2995 3310/3310 2993/2993
f 3312/3312 3313/3313 3314/3314
f 3312/3312 3314/3314 3315/3315
f 2999/2999 2998/2998 3313/3313
f 2999/2999 3313/3313 3312/3312
f 3315/3315 3314/3314 3316/3316
f 3315/3315 3316/3316 3317/3317
f 3318/3318 3319/3319 3320/3320
f 3318/3318 3320/3320 3321/3321
f 3321/3321 3320/3320 3322/3322
f 3321/3321 3322/3322 3323/3323
f 3000/3000 3323/3323 3322/3322
f 3000/3000 3322/3322 3001/3001
f 3007/3007 3324/3324 3325/3325
f 3007/3007 3325/3325 3326/3326
f 3007/3007 3006/3006 3327/3327
f 3007/3007 3327/3327 3324/3324
f 3328/3328 3329/3329 3330/3330
f 3328/3328 3330/3330 3008/3008
f 3008/3008 3330/3330 3331/3331
f 3008/3008 3331/3331 3009/3009
f 3332/3332 3333/3333 3334/3334
f 3332/3332 3334/3334 3327/3327
f 3005/3005 3332/3332 3327/3327
f 3005/3005 3327/3327 3006/3006
f 3005/3005 3012/3012 3333/3333
f 3005/3005 3333/3333 3332/3332
f 3331/3331 3335/3335 3336/3336
f 3331/3331 3336/3336 3337/3337
f 3009/3009 3331/3331 3337/3337
f 3009/3009 3337/3337 3010/3010
f 3010/3010 3337/3337 3336/3336
f 3010/3010 3336/3336 3013/3013
f 3015/3015 3014/3014 3338/3338
f 3015/3015 3338/3338 3339/3339
f 3012/3012 3015/3015 3339/3339
f 3012/3012 3339/3339 3333/3333
f 3017/3017 3016/3016 3340/3340
f 3017/3017 3340/3340 3341/3341
f 3013/3013 3336/3336 3340/3340
f 3013/3013 3340/3340 3016/3016
f 3019/3019 3018/3018 3342/3342
f 3019/3019 3342/3342 3343/3343
f 3020/3020 3344/3344 3345/3345
f 3020/3020 3345/3345 3021/3021
f 3025/3025 3024/3024 3346/3346
f 3025/3025 3346/3346 3347/3347
f 3026/3026 3348/3348 3349/3349
f 3026/3026 3349/3349 3027/3027
f 3026/3026 3025/3025 3347/3347
f 3026/3026 3347/3347 3348/3348
f 3024/3024 3028/3028 3350/3350
f 3024/3024 3350/3350 3346/3346
f 3027/3027 3349/3349 3351/3351
f 3027/3027 3351/3351 3029/3029
f 3028/3028 3030/3030 3352/3352
f 3028/3028 3352/3352 3350/3350
f 3029/3029 3351/3351 3353/3353
f 3029/3029 3353/3353 3031/3031
f 3030/3030 3032/3032 3354/3354
f 3030/3030 3354/3354 3352/3352
f 3031/3031 3353/3353 3355/3355
f 3031/3031 3355/3355 3033/3033
f 3032/3032 3034/3034 3356/3356
f 3032/3032 3356/3356 3354/3354
f 3033/3033 3355/3355 3357/3357
f 3033/3033 3357/3357 3035/3035
f 3034/3034 3036/3036 3358/3358
f 3034/3034 3358/3358 3356/3356
f 3035/3035 3357/3357 3359/3359
f 3035/3035 3359/3359 3037/3037
f 3036/3036 3038/3038 3360/3360
f 3036/3036 3360/3360 3358/3358
f 3040/3040 3039/3039 3361/3361
f 3040/3040 3361/3361 3362/3362
f 3039/3039 3041/3041 3363/3363
f 3039/3039 3363/3363 3361/3361
f 3042/3042 3364/3364 3365/3365
f 3042/3042 3365/3365 3043/3043
f 3041/3041 3044/3044 3366/3366
f 3041/3041 3366/3366 3363/3363
f 3043/3043 3365/3365 3367/3367
f 3043/3043 3367/3367 3045/3045
f 3044/3044 3046/3046 3368/3368
f 3044/3044 3368/3368 3366/3366
f 3045/3045 3367/3367 3369/3369
f 3045/3045 3369/3369 3047/3047
f 3046/3046 3048/3048 3370/3370
f 3046/3046 3370/3370 3368/3368
f 3047/3047 3369/3369 3371/3371
f 3047/3047 3371/3371 3049/3049
f 3048/3048 3050/3050 3372/3372
f 3048/3048 3372/3372 3370/3370
f 3049/3049 3371/3371 3373/3373
f 3049/3049 3373/3373 3051/3051
f 3050/3050 3054/3054 3374/3374
f 3050/3050 3374/3374 3372/3372
f 3051/3051 3373/3373 3375/3375
f 3051/3051 3375/3375 3055/3055
f 3055/3055 3375/3375 3374/3374
f 3055/3055 3374/3374 3054/3054
f 3061/3061 3060/3060 3376/3376
f 3061/3061 3376/3376 3377/3377
f 3066/3066 3378/3378 3379/3379
f 3066/3066 3379/3379 3067/3067
f 3069/3069 3068/3068 3380/3380
f 3069/3069 3380/3380 3381/3381
f 3070/3070 3382/3382 3383/3383
f 3070/3070 3383/3383 3071/3071
f 3070/3070 3069/3069 3381/3381
f 3070/3070 3381/3381 3382/3382
f 3068/3068 3072/3072 3384/3384
f 3068/3068 3384/3384 3380/3380
f 3071/3071 3383/3383 3385/3385
f 3071/3071 3385/3385 3073/3073
f 3072/3072 3074/3074 3386/3386
f 3072/3072 3386/3386 3384/3384
f 3073/3073 3385/3385 3387/3387
f 3073/3073 3387/3387 3075/3075
f 3074/3074 3076/3076 3388/3388
f 3074/3074 3388/3388 3386/3386
f 3075/3075 3387/3387 3389/3389
f 3075/3075 3389/3389 3077/3077
f 3076/3076 3078/3078 3390/3390
f 3076/3076 3390/3390 3388/3388
f 3077/3077 3389/3389 3391/3391
f 3077/3077 3391/3391 3079/3079
f 3079/3079 3391/3391 3392/3392
f 3079/3079 3392/3392 3081/3081
f 3081/3081 3392/3392 3393/3393
f 3081/3081 3393/3393 3082/3082
f 3083/3083 3394/3394 3395/3395
f 3083/3083 3395/3395 3084/3084
f 3084/3084 3395/3395 3396/3396
f 3084/3084 3396/3396 3087/3087
f 3085/3085 3088/3088 3397/3397
f 3085/3085 3397/3397 3398/3398
f 3087/3087 3396/3396 3399/3399
f 3087/3087 3399/3399 3089/3089
f 3088/3088 3090/3090 3400/3400
f 3088/3088 3400/3400 3397/3397
f 3089/3089 3399/3399 3401/3401
f 3089/3089 3401/3401 3091/3091
f 3090/3090 3092/3092 3402/3402
f 3090/3090 3402/3402 3400/3400
f 3091/3091 3401/3401 3403/3403
f 3091/3091 3403/3403 3093/3093
f 3092/3092 3094/3094 3404/3404
f 3092/3092 3404/3404 3402/3402
f 3093/3093 3403/3403 3405/3405
f 3093/3093 3405/3405 3095/3095
f 3094/3094 3096/3096 3406/3406
f 3094/3094 3406/3406 3404/3404
f 3095/3095 3405/3405 3407/3407
f 3095/3095 3407/3407 3097/3097
f 3097/3097 3407/3407 3406/3406
f 3097/3097 3406/3406 3096/3096
f 3408/3408 3099/3099 3098/3098
f 3408/3408 3098/3098 3409/3409
f 3408/3408 3409/3409 3410/3410
f 3408/3408 3410/3410 3411/3411
f 3100/3100 3412/3412 3413/3413
f 3100/3100 3413/3413 3101/3101
f 3412/3412 3414/3414 3415/3415
f 3412/3412 3415/3415 3413/3413
f 3104/3104 3103/3103 3416/3416
f 3104/3104 3416/3416 3417/3417
f 3105/3105 3418/3418 3419/3419
f 3105/3105 3419/3419 3106/3106
f 3105/3105 3104/3104 3417/3417
f 3105/3105 3417/3417 3418/3418
f 3112/3112 3111/3111 3420/3420
f 3112/3112 3420/3420 3421/3421
f 3109/3109 3422/3422 3423/3423
f 3109/3109 3423/3423 3113/3113
f 3113/3113 3423/3423 3420/3420
f 3113/3113 3420/3420 3111/3111
f 3115/3115 3114/3114 3424/3424
f 3115/3115 3424/3424 3425/3425
f 3116/3116 3115/3115 3425/3425
f 3116/3116 3425/3425 3426/3426
f 3114/3114 3117/3117 3427/3427
f 3114/3114 3427/3427 3424/3424
f 3117/3117 3118/3118 3428/3428
f 3117/3117 3428/3428 3427/3427
f 3118/3118 3119/3119 3429/3429
f 3118/3118 3429/3429 3428/3428
f 3119/3119 3120/3120 3430/3430
f 3119/3119 3430/3430 3429/3429
f 3120/3120 3121/3121 3431/3431
f 3120/3120 3431/3431 3430/3430
f 3121/3121 3122/3122 3432/3432
f 3121/3121 3432/3432 3431/3431
f 3122/3122 3123/3123 3433/3433
f 3122/3122 3433/3433 3432/3432
f 3123/3123 3124/3124 3434/3434
f 3123/3123 3434/3434 3433/3433
f 3124/3124 3125/3125 3435/3435
f 3124/3124 3435/3435 3434/3434
f 3125/3125 3126/3126 3436/3436
f 3125/3125 3436/3436 3435/3435
f 3126/3126 3127/3127 3437/3437
f 3126/3126 3437/3437 3436/3436
f 3128/3128 3438/3438 3437/3437
f 3128/3128 3437/3437 3127/3127
f 3132/3132 3439/3439 3440/3440
f 3132/3132 3440/3440 3133/3133
f 3132/3132 3131/3131 3441/3441
f 3132/3132 3441/3441 3439/3439
f 3133/3133 3440/3440 3442/3442
f 3133/3133 3442/3442 3134/3134
f 3134/3134 3442/3442 3443/3443
f 3134/3134 3443/3443 3135/3135
f 3135/3135 3443/3443 3444/3444
f 3135/3135 3444/3444 3136/3136
f 3136/3136 3444/3444 3445/3445
f 3136/3136 3445/3445 3137/3137
f 3137/3137 3445/3445 3446/3446
f 3137/3137 3446/3446 3138/3138
f 3138/3138 3446/3446 3447/3447
f 3138/3138 3447/3447 3139/3139
f 3139/3139 3447/3447 3448/3448
f 3139/3139 3448/3448 3140/3140
f 3140/3140 3448/3448 3449/3449
f 3140/3140 3449/3449 3141/3141
f 3146/3146 3145/3145 3450/3450
f 3146/3146 3450/3450 3451/3451
f 3130/3130 3452/3452 3441/3441
f 3130/3130 3441/3441 3131/3131
f 3130/3130 3146/3146 3451/3451
f 3130/3130 3451/3451 3452/3452
f 3145/3145 3147/3147 3453/3453
f 3145/3145 3453/3453 3450/3450
f 3147/3147 3148/3148 3454/3454
f 3147/3147 3454/3454 3453/3453
f 3148/3148 3149/3149 3455/3455
f 3148/3148 3455/3455 3454/3454
f 3149/3149 3150/3150 3456/3456
f 3149/3149 3456/3456 3455/3455
f 3150/3150 3151/3151 3457/3457
f 3150/3150 3457/3457 3456/3456
f 3151/3151 3152/3152 3458/3458
f 3151/3151 3458/3458 3457/3457
f 3152/3152 3153/3153 3459/3459
f 3152/3152 3459/3459 3458/3458
f 3153/3153 3154/3154 3460/3460
f 3153/3153 3460/3460 3459/3459
f 3154/3154 3156/3156 3461/3461
f 3154/3154 3461/3461 3460/3460
f 3141/3141 3449/3449 3462/3462
f 3141/3141 3462/3462 3142/3142
f 3142/3142 3462/3462 3461/3461
f 3142/3142 3461/3461 3156/3156
f 3463/3463 3161/3161 3163/3163
f 3463/3463 3163/3163 3464/3464
f 3463/3463 3465/3465 3466/3466
f 3463/3463 3466/3466 3161/3161
f 3463/3463 3464/3464 3467/3467
f 3463/3463 3467/3467 3465/3465
f 3161/3161 3466/3466 3468/3468
f 3161/3161 3468/3468 3162/3162
f 3162/3162 3468/3468 3469/3469
f 3162/3162 3469/3469 3166/3166
f 3166/3166 3469/3469 3470/3470
f 3166/3166 3470/3470 3169/3169
f 3169/3169 3470/3470 3471/3471
f 3169/3169 3471/3471 3172/3172
f 3172/3172 3472/3472 3473/3473
f 3172/3172 3473/3473 3173/3173
f 3172/3172 3471/3471 3474/3474
f 3172/3172 3474/3474 3472/3472
f 3472/3472 3474/3474 3475/3475
f 3472/3472 3475/3475 3473/3473
f 3476/3476 3477/3477 3478/3478
f 3476/3476 3478/3478 3479/3479
f 3175/3175 3174/3174 3478/3478
f 3175/3175 3478/3478 3477/3477
f 3176/3176 3175/3175 3477/3477
f 3176/3176 3477/3477 3476/3476
f 3174/3174 3178/3178 3480/3480
f 3174/3174 3480/3480 3478/3478
f 3178/3178 3179/3179 3481/3481
f 3178/3178 3481/3481 3480/3480
f 3179/3179 3180/3180 3482/3482
f 3179/3179 3482/3482 3481/3481
f 3180/3180 3181/3181 3483/3483
f 3180/3180 3483/3483 3482/3482
f 3484/3484 3483/3483 3485/3485
f 3484/3484 3485/3485 3486/3486
f 3181/3181 3182/3182 3485/3485
f 3181/3181 3485/3485 3483/3483
f 3184/3184 3486/3486 3485/3485
f 3184/3184 3485/3485 3182/3182
f 3487/3487 3488/3488 3489/3489
f 3487/3487 3489/3489 3490/3490
f 3186/3186 3185/3185 3489/3489
f 3186/3186 3489/3489 3488/3488
f 3187/3187 3487/3487 3490/3490
f 3187/3187 3490/3490 3188/3188
f 3187/3187 3186/3186 3488/3488
f 3187/3187 3488/3488 3487/3487
f 3185/3185 3189/3189 3491/3491
f 3185/3185 3491/3491 3489/3489
f 3188/3188 3490/3490 3492/3492
f 3188/3188 3492/3492 3190/3190
f 3189/3189 3493/3493 3494/3494
f 3189/3189 3494/3494 3491/3491
f 3190/3190 3492/3492 3495/3495
f 3190/3190 3495/3495 3191/3191
f 3191/3191 3495/3495 3496/3496
f 3191/3191 3496/3496 3192/3192
f 3192/3192 3496/3496 3497/3497
f 3192/3192 3497/3497 3193/3193
f 3193/3193 3497/3497 3498/3498
f 3193/3193 3498/3498 3194/3194
f 3194/3194 3498/3498 3499/3499
f 3194/3194 3499/3499 3195/3195
f 3195/3195 3499/3499 3500/3500
f 3195/3195 3500/3500 3196/3196
f 3196/3196 3500/3500 3501/3501
f 3196/3196 3501/3501 3197/3197
f 3197/3197 3501/3501 3502/3502
f 3197/3197 3502/3502 3198/3198
f 3198/3198 3502/3502 3503/3503
f 3198/3198 3503/3503 3199/3199
f 3199/3199 3503/3503 3504/3504
f 3199/3199 3504/3504 3200/3200
f 3200/3200 3504/3504 3505/3505
f 3200/3200 3505/3505 3201/3201
f 3506/3506 3204/3204 3507/3507
f 3506/3506 3507/3507 3508/3508
f 3201/3201 3505/3505 3509/3509
f 3201/3201 3509/3509 3202/3202
f 3204/3204 3203/3203 3510/3510
f 3204/3204 3510/3510 3507/3507
f 3202/3202 3509/3509 3511/3511
f 3202/3202 3511/3511 3205/3205
f 3511/3511 3510/3510 3512/3512
f 3511/3511 3512/3512 3513/3513
f 3203/3203 3206/3206 3512/3512
f 3203/3203 3512/3512 3510/3510
f 3205/3205 3511/3511 3513/3513
f 3205/3205 3513/3513 3207/3207
f 3207/3207 3513/3513 3512/3512
f 3207/3207 3512/3512 3206/3206
f 3211/3211 3210/3210 3514/3514
f 3211/3211 3514/3514 3515/3515
f 3212/3212 3516/3516 3517/3517
f 3212/3212 3517/3517 3213/3213
f 3210/3210 3217/3217 3518/3518
f 3210/3210 3518/3518 3514/3514
f 3213/3213 3517/3517 3519/3519
f 3213/3213 3519/3519 3218/3218
f 3221/3221 3520/3520 3521/3521
f 3221/3221 3521/3521 3522/3522
f 3221/3221 3220/3220 3523/3523
f 3221/3221 3523/3523 3520/3520
f 3524/3524 3525/3525 3526/3526
f 3524/3524 3526/3526 3222/3222
f 3222/3222 3526/3526 3527/3527
f 3222/3222 3527/3527 3223/3223
f 3224/3224 3528/3528 3529/3529
f 3224/3224 3529/3529 3225/3225
f 3224/3224 3227/3227 3530/3530
f 3224/3224 3530/3530 3528/3528
f 3229/3229 3531/3531 3532/3532
f 3229/3229 3532/3532 3230/3230
f 3230/3230 3532/3532 3533/3533
f 3230/3230 3533/3533 3231/3231
f 3232/3232 3534/3534 3535/3535
f 3232/3232 3535/3535 3233/3233
f 3232/3232 3235/3235 3536/3536
f 3232/3232 3536/3536 3534/3534
f 3237/3237 3537/3537 3538/3538
f 3237/3237 3538/3538 3238/3238
f 3238/3238 3538/3538 3539/3539
f 3238/3238 3539/3539 3239/3239
f 3240/3240 3540/3540 3541/3541
f 3240/3240 3541/3541 3542/3542
f 3235/3235 3240/3240 3542/3542
f 3235/3235 3542/3542 3536/3536
f 3543/3543 3241/3241 3544/3544
f 3543/3543 3544/3544 3545/3545
f 3239/3239 3539/3539 3544/3544
f 3239/3239 3544/3544 3241/3241
f 3245/3245 3244/3244 3546/3546
f 3245/3245 3546/3546 3547/3547
f 3248/3248 3548/3548 3549/3549
f 3248/3248 3549/3549 3249/3249
f 3255/3255 3254/3254 3550/3550
f 3255/3255 3550/3550 3551/3551
f 3256/3256 3552/3552 3553/3553
f 3256/3256 3553/3553 3257/3257
f 3554/3554 3555/3555 3556/3556
f 3554/3554 3556/3556 3557/3557
f 3558/3558 3259/3259 3258/3258
f 3558/3558 3258/3258 3559/3559
f 3558/3558 3554/3554 3557/3557
f 3558/3558 3557/3557 3259/3259
f 3558/3558 3559/3559 3555/3555
f 3558/3558 3555/3555 3554/3554
f 3560/3560 3561/3561 3562/3562
f 3560/3560 3562/3562 3563/3563
f 3260/3260 3564/3564 3565/3565
f 3260/3260 3565/3565 3261/3261
f 3260/3260 3560/3560 3563/3563
f 3260/3260 3563/3563 3564/3564
f 3564/3564 3563/3563 3562/3562
f 3564/3564 3562/3562 3565/3565
f 3262/3262 3264/3264 3566/3566
f 3262/3262 3566/3566 3567/3567
f 3266/3266 3568/3568 3569/3569
f 3266/3266 3569/3569 3267/3267
f 3271/3271 3270/3270 3570/3570
f 3271/3271 3570/3570 3571/3571
f 3273/3273 3572/3572 3573/3573
f 3273/3273 3573/3573 3274/3274
f 3270/3270 3278/3278 3574/3574
f 3270/3270 3574/3574 3570/3570
f 3274/3274 3573/3573 3575/3575
f 3274/3274 3575/3575 3279/3279
f 3280/3280 3576/3576 3577/3577
f 3280/3280 3577/3577 3281/3281
f 3280/3280 3283/3283 3578/3578
f 3280/3280 3578/3578 3576/3576
f 3285/3285 3579/3579 3580/3580
f 3285/3285 3580/3580 3286/3286
f 3286/3286 3580/3580 3581/3581
f 3286/3286 3581/3581 3287/3287
f 3582/3582 3583/3583 3584/3584
f 3582/3582 3584/3584 3585/3585
f 3289/3289 3288/3288 3583/3583
f 3289/3289 3583/3583 3582/3582
f 3586/3586 3587/3587 3588/3588
f 3586/3586 3588/3588 3589/3589
f 3290/3290 3589/3589 3588/3588
f 3290/3290 3588/3588 3291/3291
f 3294/3294 3296/3296 3590/3590
f 3294/3294 3590/3590 3591/3591
f 3295/3295 3294/3294 3591/3591
f 3295/3295 3591/3591 3592/3592
f 3296/3296 3297/3297 3593/3593
f 3296/3296 3593/3593 3590/3590
f 3297/3297 3298/3298 3594/3594
f 3297/3297 3594/3594 3593/3593
f 3298/3298 3299/3299 3595/3595
f 3298/3298 3595/3595 3594/3594
f 3299/3299 3301/3301 3596/3596
f 3299/3299 3596/3596 3595/3595
f 3301/3301 3597/3597 3598/3598
f 3301/3301 3598/3598 3596/3596
f 3597/3597 3599/3599 3600/3600
f 3597/3597 3600/3600 3598/3598
f 3601/3601 3602/3602 3603/3603
f 3601/3601 3603/3603 3604/3604
f 3602/3602 3304/3304 3605/3605
f 3602/3602 3605/3605 3603/3603
f 3304/3304 3303/3303 3606/3606
f 3304/3304 3606/3606 3605/3605
f 3303/3303 3305/3305 3607/3607
f 3303/3303 3607/3607 3606/3606
f 3305/3305 3306/3306 3608/3608
f 3305/3305 3608/3608 3607/3607
f 3306/3306 3307/3307 3609/3609
f 3306/3306 3609/3609 3608/3608
f 3307/3307 3308/3308 3610/3610
f 3307/3307 3610/3610 3609/3609
f 3309/3309 3611/3611 3610/3610
f 3309/3309 3610/3610 3308/3308
f 3612/3612 3613/3613 3614/3614
f 3612/3612 3614/3614 3615/3615
f 3317/3317 3316/3316 3613/3613
f 3317/3317 3613/3613 3612/3612
f 3615/3615 3614/3614 3616/3616
f 3615/3615 3616/3616 3617/3617
f 3617/3617 3616/3616 3618/3618
f 3617/3617 3618/3618 3619/3619
f 3619/3619 3618/3618 3620/3620
f 3619/3619 3620/3620 3621/3621
f 3318/3318 3621/3621 3620/3620
f 3318/3318 3620/3620 3319/3319
f 3622/3622 3623/3623 3624/3624
f 3622/3622 3624/3624 3625/3625
f 3324/3324 3622/3622 3625/3625
f 3324/3324 3625/3625 3325/3325
f 3324/3324 3327/3327 3623/3623
f 3324/3324 3623/3623 3622/3622
f 3325/3325 3625/3625 3626/3626
f 3325/3325 3626/3626 3627/3627
f 3627/3627 3626/3626 3628/3628
f 3627/3627 3628/3628 3629/3629
f 3630/3630 3631/3631 3632/3632
f 3630/3630 3632/3632 3633/3633
f 3633/3633 3632/3632 3634/3634
f 3633/3633 3634/3634 3329/3329
f 3634/3634 3635/3635 3636/3636
f 3634/3634 3636/3636 3637/3637
f 3329/3329 3634/3634 3637/3637
f 3329/3329 3637/3637 3330/3330
f 3330/3330 3637/3637 3636/3636
f 3330/3330 3636/3636 3331/3331
f 3327/3327 3334/3334 3638/3638
f 3327/3327 3638/3638 3623/3623
f 3331/3331 3636/3636 3639/3639
f 3331/3331 3639/3639 3335/3335
f 3640/3640 3641/3641 3642/3642
f 3640/3640 3642/3642 3638/3638
f 3333/3333 3640/3640 3638/3638
f 3333/3333 3638/3638 3334/3334
f 3333/3333 3339/3339 3641/3641
f 3333/3333 3641/3641 3640/3640
f 3639/3639 3643/3643 3644/3644
f 3639/3639 3644/3644 3645/3645
f 3335/3335 3639/3639 3645/3645
f 3335/3335 3645/3645 3336/3336
f 3336/3336 3645/3645 3644/3644
f 3336/3336 3644/3644 3340/3340
f 3646/3646 3647/3647 3648/3648
f 3646/3646 3648/3648 3649/3649
f 3650/3650 3343/3343 3342/3342
f 3650/3650 3342/3342 3651/3651
f 3650/3650 3651/3651 3647/3647
f 3650/3650 3647/3647 3646/3646
f 3652/3652 3653/3653 3654/3654
f 3652/3652 3654/3654 3655/3655
f 3344/3344 3656/3656 3657/3657
f 3344/3344 3657/3657 3345/3345
f 3656/3656 3655/3655 3654/3654
f 3656/3656 3654/3654 3657/3657
f 3347/3347 3346/3346 3658/3658
f 3347/3347 3658/3658 3659/3659
f 3348/3348 3660/3660 3661/3661
f 3348/3348 3661/3661 3349/3349
f 3348/3348 3347/3347 3659/3659
f 3348/3348 3659/3659 3660/3660
f 3346/3346 3350/3350 3662/3662
f 3346/3346 3662/3662 3658/3658
f 3349/3349 3661/3661 3663/3663
f 3349/3349 3663/3663 3351/3351
f 3350/3350 3352/3352 3664/3664
f 3350/3350 3664/3664 3662/3662
f 3351/3351 3663/3663 3665/3665
f 3351/3351 3665/3665 3353/3353
f 3352/3352 3354/3354 3666/3666
f 3352/3352 3666/3666 3664/3664
f 3353/3353 3665/3665 3667/3667
f 3353/3353 3667/3667 3355/3355
f 3354/3354 3356/3356 3668/3668
f 3354/3354 3668/3668 3666/3666
f 3355/3355 3667/3667 3669/3669
f 3355/3355 3669/3669 3357/3357
f 3356/3356 3358/3358 3670/3670
f 3356/3356 3670/3670 3668/3668
f 3361/3361 3363/3363 3671/3671
f 3361/3361 3671/3671 3672/3672
f 3363/3363 3366/3366 3673/3673
f 3363/3363 3673/3673 3671/3671
f 3365/3365 3674/3674 3675/3675
f 3365/3365 3675/3675 3367/3367
f 3366/3366 3368/3368 3676/3676
f 3366/3366 3676/3676 3673/3673
f 3367/3367 3675/3675 3677/3677
f 3367/3367 3677/3677 3369/3369
f 3368/3368 3370/3370 3678/3678
f 3368/3368 3678/3678 3676/3676
f 3369/3369 3677/3677 3679/3679
f 3369/3369 3679/3679 3371/3371
f 3370/3370 3372/3372 3680/3680
f 3370/3370 3680/3680 3678/3678
f 3371/3371 3679/3679 3681/3681
f 3371/3371 3681/3681 3373/3373
f 3372/3372 3374/3374 3682/3682
f 3372/3372 3682/3682 3680/3680
f 3373/3373 3681/3681 3683/3683
f 3373/3373 3683/3683 3375/3375
f 3375/3375 3683/3683 3682/3682
f 3375/3375 3682/3682 3374/3374
f 3684/3684 3377/3377 3376/3376
f 3684/3684 3376/3376 3685/3685
f 3684/3684 3685/3685 3686/3686
f 3684/3684 3686/3686 3687/3687
f 3378/3378 3688/3688 3689/3689
f 3378/3378 3689/3689 3379/3379
f 3688/3688 3690/3690 3691/3691
f 3688/3688 3691/3691 3689/3689
f 3692/3692 3693/3693 3694/3694
f 3692/3692 3694/3694 3695/3695
f 3696/3696 3382/3382 3381/3381
f 3696/3696 3381/3381 3697/3697
f 3697/3697 3381/3381 3694/3694
f 3697/3697 3694/3694 3693/3693
f 3696/3696 3692/3692 3695/3695
f 3696/3696 3695/3695 3382/3382
f 3696/3696 3697/3697 3693/3693
f 3696/3696 3693/3693 3692/3692
f 3381/3381 3380/3380 3698/3698
f 3381/3381 3698/3698 3694/3694
f 3382/3382 3695/3695 3699/3699
f 3382/3382 3699/3699 3383/3383
f 3380/3380 3384/3384 3700/3700
f 3380/3380 3700/3700 3698/3698
f 3383/3383 3699/3699 3701/3701
f 3383/3383 3701/3701 3385/3385
f 3384/3384 3386/3386 3702/3702
f 3384/3384 3702/3702 3700/3700
f 3385/3385 3701/3701 3703/3703
f 3385/3385 3703/3703 3387/3387
f 3386/3386 3388/3388 3704/3704
f 3386/3386 3704/3704 3702/3702
f 3387/3387 3703/3703 3705/3705
f 3387/3387 3705/3705 3389/3389
f 3388/3388 3390/3390 3706/3706
f 3388/3388 3706/3706 3704/3704
f 3389/3389 3705/3705 3707/3707
f 3389/3389 3707/3707 3391/3391
f 3391/3391 3707/3707 3708/3708
f 3391/3391 3708/3708 3392/3392
f 3395/3395 3709/3709 3710/3710
f 3395/3395 3710/3710 3396/3396
f 3398/3398 3397/3397 3711/3711
f 3398/3398 3711/3711 3712/3712
f 3396/3396 3710/3710 3713/3713
f 3396/3396 3713/3713 3399/3399
f 3397/3397 3400/3400 3714/3714
f 3397/3397 3714/3714 3711/3711
f 3399/3399 3713/3713 3715/3715
f 3399/3399 3715/3715 3401/3401
f 3400/3400 3402/3402 3716/3716
f 3400/3400 3716/3716 3714/3714
f 3401/3401 3715/3715 3717/3717
f 3401/3401 3717/3717 3403/3403
f 3402/3402 3404/3404 3718/3718
f 3402/3402 3718/3718 3716/3716
f 3403/3403 3717/3717 3719/3719
f 3403/3403 3719/3719 3405/3405
f 3404/3404 3406/3406 3720/3720
f 3404/3404 3720/3720 3718/3718
f 3405/3405 3719/3719 3721/3721
f 3405/3405 3721/3721 3407/3407
f 3721/3721 3720/3720 3722/3722
f 3721/3721 3722/3722 3723/3723
f 3407/3407 3724/3724 3725/3725
f 3407/3407 3725/3725 3406/3406
f 3406/3406 3725/3725 3722/3722
f 3406/3406 3722/3722 3720/3720
f 3407/3407 3721/3721 3723/3723
f 3407/3407 3723/3723 3724/3724
f 3724/3724 3723/3723 3722/3722
f 3724/3724 3722/3722 3725/3725
f 3411/3411 3410/3410 3726/3726
f 3411/3411 3726/3726 3727/3727
f 3414/3414 3728/3728 3729/3729
f 3414/3414 3729/3729 3415/3415
f 3417/3417 3416/3416 3730/3730
f 3417/3417 3730/3730 3731/3731
f 3418/3418 3732/3732 3733/3733
f 3418/3418 3733/3733 3419/3419
f 3418/3418 3417/3417 3731/3731
f 3418/3418 3731/3731 3732/3732
f 3421/3421 3420/3420 3734/3734
f 3421/3421 3734/3734 3735/3735
f 3422/3422 3736/3736 3737/3737
f 3422/3422 3737/3737 3423/3423
f 3423/3423 3737/3737 3734/3734
f 3423/3423 3734/3734 3420/3420
f 3738/3738 3739/3739 3740/3740
f 3738/3738 3740/3740 3741/3741
f 3425/3425 3424/3424 3740/3740
f 3425/3425 3740/3740 3739/3739
f 3426/3426 3425/3425 3739/3739
f 3426/3426 3739/3739 3738/3738
f 3424/3424 3427/3427 3742/3742
f 3424/3424 3742/3742 3740/3740
f 3427/3427 3428/3428 3743/3743
f 3427/3427 3743/3743 3742/3742
f 3428/3428 3429/3429 3744/3744
f 3428/3428 3744/3744 3743/3743
f 3429/3429 3430/3430 3745/3745
f 3429/3429 3745/3745 3744/3744
f 3430/3430 3431/3431 3746/3746
f 3430/3430 3746/3746 3745/3745
f 3431/3431 3432/3432 3747/3747
f 3431/3431 3747/3747 3746/3746
f 3432/3432 3433/3433 3748/3748
f 3432/3432 3748/3748 3747/3747
f 3433/3433 3434/3434 3749/3749
f 3433/3433 3749/3749 3748/3748
f 3434/3434 3435/3435 3750/3750
f 3434/3434 3750/3750 3749/3749
f 3435/3435 3436/3436 3751/3751
f 3435/3435 3751/3751 3750/3750
f 3752/3752 3751/3751 3753/3753
f 3752/3752 3753/3753 3754/3754
f 3436/3436 3437/3437 3753/3753
f 3436/3436 3753/3753 3751/3751
f 3438/3438 3754/3754 3753/3753
f 3438/3438 3753/3753 3437/3437
f 3755/3755 3756/3756 3757/3757
f 3755/3755 3757/3757 3758/3758
f 3439/3439 3755/3755 3758/3758
f 3439/3439 3758/3758 3440/3440
f 3439/3439 3441/3441 3756/3756
f 3439/3439 3756/3756 3755/3755
f 3758/3758 3757/3757 3759/3759
f 3758/3758 3759/3759 3760/3760
f 3440/3440 3758/3758 3760/3760
f 3440/3440 3760/3760 3442/3442
f 3442/3442 3760/3760 3761/3761
f 3442/3442 3761/3761 3443/3443
f 3443/3443 3761/3761 3762/3762
f 3443/3443 3762/3762 3444/3444
f 3444/3444 3762/3762 3763/3763
f 3444/3444 3763/3763 3445/3445
f 3445/3445 3763/3763 3764/3764
f 3445/3445 3764/3764 3446/3446
f 3764/3764 3765/3765 3766/3766
f 3764/3764 3766/3766 3767/3767
f 3446/3446 3764/3764 3767/3767
f 3446/3446 3767/3767 3447/3447
f 3767/3767 3766/3766 3768/3768
f 3767/3767 3768/3768 3769/3769
f 3447/3447 3767/3767 3769/3769
f 3447/3447 3769/3769 3448/3448
f 3448/3448 3769/3769 3768/3768
f 3448/3448 3768/3768 3449/3449
f 3451/3451 3450/3450 3770/3770
f 3451/3451 3770/3770 3771/3771
f 3452/3452 3772/3772 3756/3756
f 3452/3452 3756/3756 3441/3441
f 3452/3452 3451/3451 3771/3771
f 3452/3452 3771/3771 3772/3772
f 3450/3450 3453/3453 3773/3773
f 3450/3450 3773/3773 3770/3770
f 3453/3453 3454/3454 3774/3774
f 3453/3453 3774/3774 3773/3773
f 3454/3454 3455/3455 3775/3775
f 3454/3454 3775/3775 3774/3774
f 3455/3455 3456/3456 3776/3776
f 3455/3455 3776/3776 3775/3775
f 3456/3456 3457/3457 3777/3777
f 3456/3456 3777/3777 3776/3776
f 3457/3457 3458/3458 3778/3778
f 3457/3457 3778/3778 3777/3777
f 3458/3458 3459/3459 3779/3779
f 3458/3458 3779/3779 3778/3778
f 3459/3459 3460/3460 3780/3780
f 3459/3459 3780/3780 3779/3779
f 3460/3460 3461/3461 3781/3781
f 3460/3460 3781/3781 3780/3780
f 3449/3449 3768/3768 3782/3782
f 3449/3449 3782/3782 3462/3462
f 3462/3462 3782/3782 3781/3781
f 3462/3462 3781/3781 3461/3461
f 3783/3783 3465/3465 3467/3467
f 3783/3783 3467/3467 3784/3784
f 3784/3784 3467/3467 3785/3785
f 3784/3784 3785/3785 3786/3786
f 3783/3783 3787/3787 3788/3788
f 3783/3783 3788/3788 3465/3465
f 3783/3783 3784/3784 3786/3786
f 3783/3783 3786/3786 3787/3787
f 3467/3467 3789/3789 3790/3790
f 3467/3467 3790/3790 3785/3785
f 3465/3465 3788/3788 3791/3791
f 3465/3465 3791/3791 3466/3466
f 3466/3466 3791/3791 3792/3792
f 3466/3466 3792/3792 3468/3468
f 3468/3468 3792/3792 3793/3793
f 3468/3468 3793/3793 3469/3469
f 3469/3469 3793/3793 3794/3794
f 3469/3469 3794/3794 3470/3470
f 3470/3470 3794/3794 3795/3795
f 3470/3470 3795/3795 3471/3471
f 3796/3796 3475/3475 3797/3797
f 3796/3796 3797/3797 3798/3798
f 3471/3471 3795/3795 3799/3799
f 3471/3471 3799/3799 3474/3474
f 3474/3474 3800/3800 3801/3801
f 3474/3474 3801/3801 3475/3475
f 3475/3475 3801/3801 3802/3802
f 3475/3475 3802/3802 3797/3797
f 3474/3474 3799/3799 3803/3803
f 3474/3474 3803/3803 3800/3800
f 3800/3800 3803/3803 3802/3802
f 3800/3800 3802/3802 3801/3801
f 3804/3804 3805/3805 3806/3806
f 3804/3804 3806/3806 3807/3807
f 3478/3478 3480/3480 3806/3806
f 3478/3478 3806/3806 3805/3805
f 3479/3479 3478/3478 3805/3805
f 3479/3479 3805/3805 3804/3804
f 3807/3807 3806/3806 3808/3808
f 3807/3807 3808/3808 3809/3809
f 3480/3480 3481/3481 3808/3808
f 3480/3480 3808/3808 3806/3806
f 3809/3809 3808/3808 3810/3810
f 3809/3809 3810/3810 3811/3811
f 3481/3481 3482/3482 3810/3810
f 3481/3481 3810/3810 3808/3808
f 3811/3811 3810/3810 3812/3812
f 3811/3811 3812/3812 3813/3813
f 3482/3482 3483/3483 3812/3812
f 3482/3482 3812/3812 3810/3810
f 3484/3484 3813/3813 3812/3812
f 3484/3484 3812/3812 3483/3483
f 3489/3489 3491/3491 3814/3814
f 3489/3489 3814/3814 3815/3815
f 3490/3490 3816/3816 3817/3817
f 3490/3490 3817/3817 3492/3492
f 3490/3490 3489/3489 3815/3815
f 3490/3490 3815/3815 3816/3816
f 3491/3491 3494/3494 3818/3818
f 3491/3491 3818/3818 3814/3814
f 3492/3492 3817/3817 3819/3819
f 3492/3492 3819/3819 3495/3495
f 3495/3495 3819/3819 3820/3820
f 3495/3495 3820/3820 3496/3496
f 3496/3496 3820/3820 3821/3821
f 3496/3496 3821/3821 3497/3497
f 3497/3497 3821/3821 3822/3822
f 3497/3497 3822/3822 3498/3498
f 3498/3498 3822/3822 3823/3823
f 3498/3498 3823/3823 3499/3499
f 3499/3499 3823/3823 3824/3824
f 3499/3499 3824/3824 3500/3500
f 3500/3500 3824/3824 3825/3825
f 3500/3500 3825/3825 3501/3501
f 3501/3501 3825/3825 3826/3826
f 3501/3501 3826/3826 3502/3502
f 3502/3502 3826/3826 3827/3827
f 3502/3502 3827/3827 3503/3503
f 3503/3503 3827/3827 3828/3828
f 3503/3503 3828/3828 3504/3504
f 3504/3504 3828/3828 3829/3829
f 3504/3504 3829/3829 3505/3505
f 3508/3508 3507/3507 3830/3830
f 3508/3508 3830/3830 3831/3831
f 3505/3505 3829/3829 3832/3832
f 3505/3505 3832/3832 3509/3509
f 3507/3507 3510/3510 3833/3833
f 3507/3507 3833/3833 3830/3830
f 3509/3509 3832/3832 3834/3834
f 3509/3509 3834/3834 3511/3511
f 3511/3511 3834/3834 3833/3833
f 3511/3511 3833/3833 3510/3510
f 3835/3835 3836/3836 3837/3837
f 3835/3835 3837/3837 3838/3838
f 3515/3515 3514/3514 3836/3836
f 3515/3515 3836/3836 3835/3835
f 3839/3839 3840/3840 3841/3841
f 3839/3839 3841/3841 3842/3842
f 3516/3516 3842/3842 3841/3841
f 3516/3516 3841/3841 3517/3517
f 3836/3836 3843/3843 3844/3844
f 3836/3836 3844/3844 3837/3837
f 3514/3514 3518/3518 3843/3843
f 3514/3514 3843/3843 3836/3836
f 3840/3840 3845/3845 3846/3846
f 3840/3840 3846/3846 3841/3841
f 3517/3517 3841/3841 3846/3846
f 3517/3517 3846/3846 3519/3519
f 3847/3847 3848/3848 3849/3849
f 3847/3847 3849/3849 3850/3850
f 3520/3520 3847/3847 3850/3850
f 3520/3520 3850/3850 3521/3521
f 3520/3520 3523/3523 3848/3848
f 3520/3520 3848/3848 3847/3847
f 3851/3851 3852/3852 3853/3853
f 3851/3851 3853/3853 3854/3854
f 3525/3525 3851/3851 3854/3854
f 3525/3525 3854/3854 3526/3526
f 3526/3526 3854/3854 3853/3853
f 3526/3526 3853/3853 3527/3527
f 3855/3855 3856/3856 3857/3857
f 3855/3855 3857/3857 3858/3858
f 3528/3528 3855/3855 3858/3858
f 3528/3528 3858/3858 3529/3529
f 3528/3528 3530/3530 3856/3856
f 3528/3528 3856/3856 3855/3855
f 3859/3859 3860/3860 3861/3861
f 3859/3859 3861/3861 3862/3862
f 3531/3531 3859/3859 3862/3862
f 3531/3531 3862/3862 3532/3532
f 3532/3532 3862/3862 3861/3861
f 3532/3532 3861/3861 3533/3533
f 3863/3863 3864/3864 3865/3865
f 3863/3863 3865/3865 3866/3866
f 3534/3534 3863/3863 3866/3866
f 3534/3534 3866/3866 3535/3535
f 3534/3534 3536/3536 3864/3864
f 3534/3534 3864/3864 3863/3863
f 3867/3867 3868/3868 3869/3869
f 3867/3867 3869/3869 3870/3870
f 3537/3537 3867/3867 3870/3870
f 3537/3537 3870/3870 3538/3538
f 3538/3538 3870/3870 3869/3869
f 3538/3538 3869/3869 3539/3539
f 3864/3864 3871/3871 3872/3872
f 3864/3864 3872/3872 3865/3865
f 3542/3542 3541/3541 3872/3872
f 3542/3542 3872/3872 3871/3871
f 3536/3536 3542/3542 3871/3871
f 3536/3536 3871/3871 3864/3864
f 3868/3868 3873/3873 3874/3874
f 3868/3868 3874/3874 3869/3869
f 3545/3545 3544/3544 3874/3874
f 3545/3545 3874/3874 3873/3873
f 3539/3539 3869/3869 3874/3874
f 3539/3539 3874/3874 3544/3544
f 3547/3547 3546/3546 3875/3875
f 3547/3547 3875/3875 3876/3876
f 3548/3548 3877/3877 3878/3878
f 3548/3548 3878/3878 3549/3549
f 3551/3551 3550/3550 3879/3879
f 3551/3551 3879/3879 3880/3880
f 3552/3552 3881/3881 3882/3882
f 3552/3552 3882/3882 3553/3553
f 3557/3557 3556/3556 3883/3883
f 3557/3557 3883/3883 3884/3884
f 3560/3560 3885/3885 3886/3886
f 3560/3560 3886/3886 3561/3561
f 3567/3567 3887/3887 3888/3888
f 3567/3567 3888/3888 3889/3889
f 3567/3567 3566/3566 3890/3890
f 3567/3567 3890/3890 3887/3887
f 3891/3891 3892/3892 3893/3893
f 3891/3891 3893/3893 3568/3568
f 3568/3568 3893/3893 3894/3894
f 3568/3568 3894/3894 3569/3569
f 3571/3571 3570/3570 3895/3895
f 3571/3571 3895/3895 3896/3896
f 3572/3572 3897/3897 3898/3898
f 3572/3572 3898/3898 3573/3573
f 3570/3570 3574/3574 3899/3899
f 3570/3570 3899/3899 3895/3895
f 3573/3573 3898/3898 3900/3900
f 3573/3573 3900/3900 3575/3575
f 3901/3901 3902/3902 3903/3903
f 3901/3901 3903/3903 3904/3904
f 3578/3578 3905/3905 3903/3903
f 3578/3578 3903/3903 3902/3902
f 3576/3576 3901/3901 3904/3904
f 3576/3576 3904/3904 3577/3577
f 3576/3576 3578/3578 3902/3902
f 3576/3576 3902/3902 3901/3901
f 3906/3906 3907/3907 3908/3908
f 3906/3906 3908/3908 3909/3909
f 3910/3910 3581/3581 3908/3908
f 3910/3910 3908/3908 3907/3907
f 3579/3579 3906/3906 3909/3909
f 3579/3579 3909/3909 3580/3580
f 3580/3580 3909/3909 3908/3908
f 3580/3580 3908/3908 3581/3581
f 3585/3585 3584/3584 3911/3911
f 3585/3585 3911/3911 3912/3912
f 3586/3586 3913/3913 3914/3914
f 3586/3586 3914/3914 3587/3587
f 3915/3915 3916/3916 3917/3917
f 3915/3915 3917/3917 3918/3918
f 3591/3591 3590/3590 3917/3917
f 3591/3591 3917/3917 3916/3916
f 3592/3592 3915/3915 3918/3918
f 3592/3592 3918/3918 3919/3919
f 3592/3592 3591/3591 3916/3916
f 3592/3592 3916/3916 3915/3915
f 3590/3590 3593/3593 3920/3920
f 3590/3590 3920/3920 3917/3917
f 3593/3593 3594/3594 3921/3921
f 3593/3593 3921/3921 3920/3920
f 3594/3594 3595/3595 3922/3922
f 3594/3594 3922/3922 3921/3921
f 3595/3595 3596/3596 3923/3923
f 3595/3595 3923/3923 3922/3922
f 3596/3596 3598/3598 3924/3924
f 3596/3596 3924/3924 3923/3923
f 3598/3598 3600/3600 3925/3925
f 3598/3598 3925/3925 3924/3924
f 3600/3600 3926/3926 3927/3927
f 3600/3600 3927/3927 3925/3925
f 3926/3926 3928/3928 3929/3929
f 3926/3926 3929/3929 3927/3927
f 3928/3928 3930/3930 3931/3931
f 3928/3928 3931/3931 3929/3929
f 3930/3930 3604/3604 3932/3932
f 3930/3930 3932/3932 3931/3931
f 3604/3604 3603/3603 3933/3933
f 3604/3604 3933/3933 3932/3932
f 3603/3603 3605/3605 3934/3934
f 3603/3603 3934/3934 3933/3933
f 3605/3605 3606/3606 3935/3935
f 3605/3605 3935/3935 3934/3934
f 3606/3606 3607/3607 3936/3936
f 3606/3606 3936/3936 3935/3935
f 3607/3607 3608/3608 3937/3937
f 3607/3607 3937/3937 3936/3936
f 3608/3608 3609/3609 3938/3938
f 3608/3608 3938/3938 3937/3937
f 3939/3939 3938/3938 3940/3940
f 3939/3939 3940/3940 3941/3941
f 3609/3609 3610/3610 3940/3940
f 3609/3609 3940/3940 3938/3938
f 3942/3942 3939/3939 3941/3941
f 3942/3942 3941/3941 3611/3611
f 3611/3611 3941/3941 3940/3940
f 3611/3611 3940/3940 3610/3610
f 3943/3943 3944/3944 3945/3945
f 3943/3943 3945/3945 3946/3946
f 3625/3625 3943/3943 3946/3946
f 3625/3625 3946/3946 3626/3626
f 3625/3625 3624/3624 3944/3944
f 3625/3625 3944/3944 3943/3943
f 3946/3946 3945/3945 3947/3947
f 3946/3946 3947/3947 3948/3948
f 3626/3626 3946/3946 3948/3948
f 3626/3626 3948/3948 3628/3628
f 3628/3628 3948/3948 3949/3949
f 3628/3628 3949/3949 3950/3950
f 3950/3950 3949/3949 3951/3951
f 3950/3950 3951/3951 3952/3952
f 3952/3952 3951/3951 3953/3953
f 3952/3952 3953/3953 3954/3954
f 3954/3954 3953/3953 3955/3955
f 3954/3954 3955/3955 3631/3631
f 3955/3955 3956/3956 3957/3957
f 3955/3955 3957/3957 3958/3958
f 3631/3631 3955/3955 3958/3958
f 3631/3631 3958/3958 3632/3632
f 3958/3958 3957/3957 3959/3959
f 3958/3958 3959/3959 3960/3960
f 3632/3632 3958/3958 3960/3960
f 3632/3632 3960/3960 3634/3634
f 3634/3634 3960/3960 3959/3959
f 3634/3634 3959/3959 3635/3635
f 3961/3961 3962/3962 3963/3963
f 3961/3961 3963/3963 3944/3944
f 3623/3623 3961/3961 3944/3944
f 3623/3623 3944/3944 3624/3624
f 3623/3623 3638/3638 3962/3962
f 3623/3623 3962/3962 3961/3961
f 3959/3959 3964/3964 3965/3965
f 3959/3959 3965/3965 3966/3966
f 3635/3635 3959/3959 3966/3966
f 3635/3635 3966/3966 3636/3636
f 3636/3636 3966/3966 3965/3965
f 3636/3636 3965/3965 3639/3639
f 3638/3638 3642/3642 3967/3967
f 3638/3638 3967/3967 3962/3962
f 3639/3639 3965/3965 3968/3968
f 3639/3639 3968/3968 3643/3643
f 3649/3649 3648/3648 3969/3969
f 3649/3649 3969/3969 3970/3970
f 3652/3652 3971/3971 3972/3972
f 3652/3652 3972/3972 3653/3653
f 3659/3659 3658/3658 3973/3973
f 3659/3659 3973/3973 3974/3974
f 3660/3660 3975/3975 3976/3976
f 3660/3660 3976/3976 3661/3661
f 3660/3660 3659/3659 3974/3974
f 3660/3660 3974/3974 3975/3975
f 3658/3658 3662/3662 3977/3977
f 3658/3658 3977/3977 3973/3973
f 3661/3661 3976/3976 3978/3978
f 3661/3661 3978/3978 3663/3663
f 3662/3662 3664/3664 3979/3979
f 3662/3662 3979/3979 3977/3977
f 3663/3663 3978/3978 3980/3980
f 3663/3663 3980/3980 3665/3665
f 3664/3664 3666/3666 3981/3981
f 3664/3664 3981/3981 3979/3979
f 3665/3665 3980/3980 3982/3982
f 3665/3665 3982/3982 3667/3667
f 3666/3666 3668/3668 3983/3983
f 3666/3666 3983/3983 3981/3981
f 3667/3667 3982/3982 3984/3984
f 3667/3667 3984/3984 3669/3669
f 3668/3668 3670/3670 3985/3985
f 3668/3668 3985/3985 3983/3983
f 3669/3669 3984/3984 3986/3986
f 3669/3669 3986/3986 3987/3987
f 3672/3672 3671/3671 3988/3988
f 3672/3672 3988/3988 3989/3989
f 3990/3990 3991/3991 3992/3992
f 3990/3990 3992/3992 3674/3674
f 3671/3671 3673/3673 3993/3993
f 3671/3671 3993/3993 3988/3988
f 3674/3674 3992/3992 3994/3994
f 3674/3674 3994/3994 3675/3675
f 3673/3673 3676/3676 3995/3995
f 3673/3673 3995/3995 3993/3993
f 3675/3675 3994/3994 3996/3996
f 3675/3675 3996/3996 3677/3677
f 3676/3676 3678/3678 3997/3997
f 3676/3676 3997/3997 3995/3995
f 3677/3677 3996/3996 3998/3998
f 3677/3677 3998/3998 3679/3679
f 3678/3678 3680/3680 3999/3999
f 3678/3678 3999/3999 3997/3997
f 3679/3679 3998/3998 4000/4000
f 3679/3679 4000/4000 3681/3681
f 3680/3680 3682/3682 4001/4001
f 3680/3680 4001/4001 3999/3999
f 3681/3681 4000/4000 4002/4002
f 3681/3681 4002/4002 3683/3683
f 3683/3683 4002/4002 4001/4001
f 3683/3683 4001/4001 3682/3682
f 3687/3687 3686/3686 4003/4003
f 3687/3687 4003/4003 4004/4004
f 3690/3690 4005/4005 4006/4006
f 3690/3690 4006/4006 3691/3691
f 3694/3694 3698/3698 4007/4007
f 3694/3694 4007/4007 4008/4008
f 3695/3695 4009/4009 4010/4010
f 3695/3695 4010/4010 3699/3699
f 3695/3695 3694/3694 4008/4008
f 3695/3695 4008/4008 4009/4009
f 3698/3698 3700/3700 4011/4011
f 3698/3698 4011/4011 4007/4007
f 3699/3699 4010/4010 4012/4012
f 3699/3699 4012/4012 3701/3701
f 3700/3700 3702/3702 4013/4013
f 3700/3700 4013/4013 4011/4011
f 3701/3701 4012/4012 4014/4014
f 3701/3701 4014/4014 3703/3703
f 3702/3702 3704/3704 4015/4015
f 3702/3702 4015/4015 4013/4013
f 3703/3703 4014/4014 4016/4016
f 3703/3703 4016/4016 3705/3705
f 3704/3704 3706/3706 4017/4017
f 3704/3704 4017/4017 4015/4015
f 3705/3705 4016/4016 4018/4018
f 3705/3705 4018/4018 3707/3707
f 3707/3707 4018/4018 4019/4019
f 3707/3707 4019/4019 3708/3708
f 3709/3709 4020/4020 4021/4021
f 3709/3709 4021/4021 3710/3710
f 3712/3712 3711/3711 4022/4022
f 3712/3712 4022/4022 4023/4023
f 3710/3710 4021/4021 4024/4024
f 3710/3710 4024/4024 3713/3713
f 3711/3711 3714/3714 4025/4025
f 3711/3711 4025/4025 4022/4022
f 3713/3713 4024/4024 4026/4026
f 3713/3713 4026/4026 3715/3715
f 3714/3714 3716/3716 4027/4027
f 3714/3714 4027/4027 4025/4025
f 3715/3715 4026/4026 4028/4028
f 3715/3715 4028/4028 3717/3717
f 3716/3716 3718/3718 4029/4029
f 3716/3716 4029/4029 4027/4027
f 3717/3717 4028/4028 4030/4030
f 3717/3717 4030/4030 3719/3719
f 3718/3718 3720/3720 4031/4031
f 3718/3718 4031/4031 4029/4029
f 3719/3719 4030/4030 4032/4032
f 3719/3719 4032/4032 3721/3721
f 3721/3721 4032/4032 4031/4031
f 3721/3721 4031/4031 3720/3720
f 3727/3727 3726/3726 4033/4033
f 3727/3727 4033/4033 4034/4034
f 3728/3728 4035/4035 4036/4036
f 3728/3728 4036/4036 3729/3729
f 4037/4037 4038/4038 4039/4039
f 4037/4037 4039/4039 4040/4040
f 3731/3731 3730/3730 4039/4039
f 3731/3731 4039/4039 4038/4038
f 3732/3732 4037/4037 4040/4040
f 3732/3732 4040/4040 3733/3733
f 3732/3732 3731/3731 4038/4038
f 3732/3732 4038/4038 4037/4037
f 3730/3730 4041/4041 4042/4042
f 3730/3730 4042/4042 4039/4039
f 4043/4043 3735/3735 4044/4044
f 4043/4043 4044/4044 4045/4045
f 4046/4046 4044/4044 4047/4047
f 4046/4046 4047/4047 4048/4048
f 3735/3735 3734/3734 4047/4047
f 3735/3735 4047/4047 4044/4044
f 3736/3736 4046/4046 4048/4048
f 3736/3736 4048/4048 3737/3737
f 3737/3737 4048/4048 4047/4047
f 3737/3737 4047/4047 3734/3734
f 4049/4049 4050/4050 4051/4051
f 4049/4049 4051/4051 4052/4052
f 3740/3740 3742/3742 4051/4051
f 3740/3740 4051/4051 4050/4050
f 3741/3741 3740/3740 4050/4050
f 3741/3741 4050/4050 4049/4049
f 3742/3742 3743/3743 4053/4053
f 3742/3742 4053/4053 4051/4051
f 3743/3743 3744/3744 4054/4054
f 3743/3743 4054/4054 4053/4053
f 3744/3744 3745/3745 4055/4055
f 3744/3744 4055/4055 4054/4054
f 3745/3745 3746/3746 4056/4056
f 3745/3745 4056/4056 4055/4055
f 3746/3746 3747/3747 4057/4057
f 3746/3746 4057/4057 4056/4056
f 3747/3747 3748/3748 4058/4058
f 3747/3747 4058/4058 4057/4057
f 3748/3748 3749/3749 4059/4059
f 3748/3748 4059/4059 4058/4058
f 3749/3749 3750/3750 4060/4060
f 3749/3749 4060/4060 4059/4059
f 4061/4061 4060/4060 4062/4062
f 4061/4061 4062/4062 4063/4063
f 3750/3750 3751/3751 4062/4062
f 3750/3750 4062/4062 4060/4060
f 3752/3752 4063/4063 4062/4062
f 3752/3752 4062/4062 3751/3751
f 4064/4064 4065/4065 4066/4066
f 4064/4064 4066/4066 4067/4067
f 3760/3760 4064/4064 4067/4067
f 3760/3760 4067/4067 3761/3761
f 3760/3760 3759/3759 4065/4065
f 3760/3760 4065/4065 4064/4064
f 4067/4067 4066/4066 4068/4068
f 4067/4067 4068/4068 4069/4069
f 3761/3761 4067/4067 4069/4069
f 3761/3761 4069/4069 3762/3762
f 4069/4069 4068/4068 4070/4070
f 4069/4069 4070/4070 4071/4071
f 3762/3762 4069/4069 4071/4071
f 3762/3762 4071/4071 3763/3763
f 4071/4071 4070/4070 4072/4072
f 4071/4071 4072/4072 4073/4073
f 3763/3763 4071/4071 4073/4073
f 3763/3763 4073/4073 3764/3764
f 3764/3764 4073/4073 4072/4072
f 3764/3764 4072/4072 3765/3765
f 4074/4074 4075/4075 4076/4076
f 4074/4074 4076/4076 4077/4077
f 3771/3771 3770/3770 4076/4076
f 3771/3771 4076/4076 4075/4075
f 3772/3772 4074/4074 4077/4077
f 3772/3772 4077/4077 3756/3756
f 3772/3772 3771/3771 4075/4075
f 3772/3772 4075/4075 4074/4074
f 3770/3770 3773/3773 4078/4078
f 3770/3770 4078/4078 4076/4076
f 3756/3756 4077/4077 4079/4079
f 3756/3756 4079/4079 3757/3757
f 3773/3773 3774/3774 4080/4080
f 3773/3773 4080/4080 4078/4078
f 3757/3757 4079/4079 4065/4065
f 3757/3757 4065/4065 3759/3759
f 3774/3774 3775/3775 4081/4081
f 3774/3774 4081/4081 4080/4080
f 3775/3775 3776/3776 4082/4082
f 3775/3775 4082/4082 4081/4081
f 3776/3776 3777/3777 4083/4083
f 3776/3776 4083/4083 4082/4082
f 3777/3777 3778/3778 4084/4084
f 3777/3777 4084/4084 4083/4083
f 3778/3778 3779/3779 4085/4085
f 3778/3778 4085/4085 4084/4084
f 3765/3765 4072/4072 4086/4086
f 3765/3765 4086/4086 3766/3766
f 3779/3779 3780/3780 4087/4087
f 3779/3779 4087/4087 4085/4085
f 3766/3766 4086/4086 4088/4088
f 3766/3766 4088/4088 3768/3768
f 4088/4088 4087/4087 4089/4089
f 4088/4088 4089/4089 4090/4090
f 3780/3780 3781/3781 4089/4089
f 3780/3780 4089/4089 4087/4087
f 3768/3768 4088/4088 4090/4090
f 3768/3768 4090/4090 3782/3782
f 3782/3782 4090/4090 4089/4089
f 3782/3782 4089/4089 3781/3781
f 3786/3786 3785/3785 4091/4091
f 3786/3786 4091/4091 4092/4092
f 3787/3787 4093/4093 4094/4094
f 3787/3787 4094/4094 3788/3788
f 3787/3787 3786/3786 4092/4092
f 3787/3787 4092/4092 4093/4093
f 3785/3785 3790/3790 4095/4095
f 3785/3785 4095/4095 4091/4091
f 3788/3788 4094/4094 4096/4096
f 3788/3788 4096/4096 3791/3791
f 3790/3790 4097/4097 4098/4098
f 3790/3790 4098/4098 4095/4095
f 3791/3791 4096/4096 4099/4099
f 3791/3791 4099/4099 3792/3792
f 4097/4097 4100/4100 4101/4101
f 4097/4097 4101/4101 4098/4098
f 3792/3792 4099/4099 4102/4102
f 3792/3792 4102/4102 3793/3793
f 4100/4100 4103/4103 4104/4104
f 4100/4100 4104/4104 4101/4101
f 3793/3793 4102/4102 4105/4105
f 3793/3793 4105/4105 3794/3794
f 4103/4103 3798/3798 4106/4106
f 4103/4103 4106/4106 4104/4104
f 3794/3794 4105/4105 4107/4107
f 3794/3794 4107/4107 3795/3795
f 3798/3798 3797/3797 4108/4108
f 3798/3798 4108/4108 4106/4106
f 3795/3795 4107/4107 4109/4109
f 3795/3795 4109/4109 3799/3799
f 3797/3797 3802/3802 4110/4110
f 3797/3797 4110/4110 4108/4108
f 3799/3799 4109/4109 4111/4111
f 3799/3799 4111/4111 3803/3803
f 3803/3803 4111/4111 4110/4110
f 3803/3803 4110/4110 3802/3802
f 4112/4112 4113/4113 4114/4114
f 4112/4112 4114/4114 4115/4115
f 3815/3815 3814/3814 4114/4114
f 3815/3815 4114/4114 4113/4113
f 3816/3816 4112/4112 4115/4115
f 3816/3816 4115/4115 3817/3817
f 3816/3816 3815/3815 4113/4113
f 3816/3816 4113/4113 4112/4112
f 3814/3814 3818/3818 4116/4116
f 3814/3814 4116/4116 4114/4114
f 3817/3817 4115/4115 4117/4117
f 3817/3817 4117/4117 3819/3819
f 3818/3818 4118/4118 4119/4119
f 3818/3818 4119/4119 4116/4116
f 3819/3819 4117/4117 4120/4120
f 3819/3819 4120/4120 3820/3820
f 3820/3820 4120/4120 4121/4121
f 3820/3820 4121/4121 3821/3821
f 3821/3821 4121/4121 4122/4122
f 3821/3821 4122/4122 3822/3822
f 3822/3822 4122/4122 4123/4123
f 3822/3822 4123/4123 3823/3823
f 3823/3823 4123/4123 4124/4124
f 3823/3823 4124/4124 3824/3824
f 3824/3824 4124/4124 4125/4125
f 3824/3824 4125/4125 3825/3825
f 3825/3825 4125/4125 4126/4126
f 3825/3825 4126/4126 3826/3826
f 3826/3826 4126/4126 4127/4127
f 3826/3826 4127/4127 3827/3827
f 3827/3827 4127/4127 4128/4128
f 3827/3827 4128/4128 3828/3828
f 4129/4129 3831/3831 4130/4130
f 4129/4129 4130/4130 4131/4131
f 3828/3828 4128/4128 4132/4132
f 3828/3828 4132/4132 3829/3829
f 3831/3831 3830/3830 4133/4133
f 3831/3831 4133/4133 4130/4130
f 3829/3829 4132/4132 4134/4134
f 3829/3829 4134/4134 3832/3832
f 4134/4134 4133/4133 4135/4135
f 4134/4134 4135/4135 4136/4136
f 3830/3830 3833/3833 4135/4135
f 3830/3830 4135/4135 4133/4133
f 3832/3832 4134/4134 4136/4136
f 3832/3832 4136/4136 3834/3834
f 3834/3834 4136/4136 4135/4135
f 3834/3834 4135/4135 3833/3833
f 4137/4137 4138/4138 4139/4139
f 4137/4137 4139/4139 4140/4140
f 3838/3838 3837/3837 4138/4138
f 3838/3838 4138/4138 4137/4137
f 4140/4140 4139/4139 4141/4141
f 4140/4140 4141/4141 4142/4142
f 4143/4143 4144/4144 4145/4145
f 4143/4143 4145/4145 4146/4146
f 4146/4146 4145/4145 4147/4147
f 4146/4146 4147/4147 4148/4148
f 3839/3839 4148/4148 4147/4147
f 3839/3839 4147/4147 3840/3840
f 4138/4138 4149/4149 4150/4150
f 4138/4138 4150/4150 4139/4139
f 3837/3837 3844/3844 4149/4149
f 3837/3837 4149/4149 4138/4138
f 4139/4139 4150/4150 4151/4151
f 4139/4139 4151/4151 4141/4141
f 4144/4144 4152/4152 4153/4153
f 4144/4144 4153/4153 4145/4145
f 4145/4145 4153/4153 4154/4154
f 4145/4145 4154/4154 4147/4147
f 3840/3840 4147/4147 4154/4154
f 3840/3840 4154/4154 3845/3845
f 4155/4155 4156/4156 4157/4157
f 4155/4155 4157/4157 4158/4158
f 3850/3850 4155/4155 4158/4158
f 3850/3850 4158/4158 4159/4159
f 3850/3850 3849/3849 4156/4156
f 3850/3850 4156/4156 4155/4155
f 4160/4160 4161/4161 4162/4162
f 4160/4160 4162/4162 4163/4163
f 4164/4164 4160/4160 4163/4163
f 4164/4164 4163/4163 3851/3851
f 3851/3851 4163/4163 4162/4162
f 3851/3851 4162/4162 3852/3852
f 3858/3858 4165/4165 4166/4166
f 3858/3858 4166/4166 4167/4167
f 3858/3858 3857/3857 4168/4168
f 3858/3858 4168/4168 4165/4165
f 4169/4169 4170/4170 4171/4171
f 4169/4169 4171/4171 3859/3859
f 3859/3859 4171/4171 4172/4172
f 3859/3859 4172/4172 3860/3860
f 3866/3866 4173/4173 4174/4174
f 3866/3866 4174/4174 4175/4175
f 3866/3866 3865/3865 4176/4176
f 3866/3866 4176/4176 4173/4173
f 4177/4177 4178/4178 4179/4179
f 4177/4177 4179/4179 3867/3867
f 3867/3867 4179/4179 4180/4180
f 3867/3867 4180/4180 3868/3868
f 3865/3865 3872/3872 4181/4181
f 3865/3865 4181/4181 4176/4176
f 3868/3868 4180/4180 4182/4182
f 3868/3868 4182/4182 3873/3873
f 4183/4183 4184/4184 4185/4185
f 4183/4183 4185/4185 4186/4186
f 3876/3876 3875/3875 4184/4184
f 3876/3876 4184/4184 4183/4183
f 4187/4187 4188/4188 4189/4189
f 4187/4187 4189/4189 4190/4190
f 3877/3877 4190/4190 4189/4189
f 3877/3877 4189/4189 3878/3878
f 3880/3880 3879/3879 4191/4191
f 3880/3880 4191/4191 4192/4192
f 3881/3881 4193/4193 4194/4194
f 3881/3881 4194/4194 3882/3882
f 3884/3884 3883/3883 4195/4195
f 3884/3884 4195/4195 4196/4196
f 3885/3885 4197/4197 4198/4198
f 3885/3885 4198/4198 3886/3886
f 4199/4199 4200/4200 4201/4201
f 4199/4199 4201/4201 4202/4202
f 3887/3887 4199/4199 4202/4202
f 3887/3887 4202/4202 3888/3888
f 3887/3887 3890/3890 4200/4200
f 3887/3887 4200/4200 4199/4199
f 4203/4203 4204/4204 4205/4205
f 4203/4203 4205/4205 4206/4206
f 3892/3892 4203/4203 4206/4206
f 3892/3892 4206/4206 3893/3893
f 3893/3893 4206/4206 4205/4205
f 3893/3893 4205/4205 3894/3894
f 3896/3896 3895/3895 4207/4207
f 3896/3896 4207/4207 4208/4208
f 3897/3897 4209/4209 4210/4210
f 3897/3897 4210/4210 3898/3898
f 4207/4207 4211/4211 4212/4212
f 4207/4207 4212/4212 4213/4213
f 3895/3895 3899/3899 4211/4211
f 3895/3895 4211/4211 4207/4207
f 4214/4214 4215/4215 4216/4216
f 4214/4214 4216/4216 4210/4210
f 3898/3898 4210/4210 4216/4216
f 3898/3898 4216/4216 3900/3900
f 3904/3904 3903/3903 4217/4217
f 3904/3904 4217/4217 4218/4218
f 3906/3906 4219/4219 4220/4220
f 3906/3906 4220/4220 3907/3907
f 4221/4221 4222/4222 4223/4223
f 4221/4221 4223/4223 4224/4224
f 3912/3912 3911/3911 4222/4222
f 3912/3912 4222/4222 4221/4221
f 4225/4225 4226/4226 4227/4227
f 4225/4225 4227/4227 4228/4228
f 3913/3913 4228/4228 4227/4227
f 3913/3913 4227/4227 3914/3914
f 3917/3917 3920/3920 4229/4229
f 3917/3917 4229/4229 4230/4230
f 3918/3918 3917/3917 4230/4230
f 3918/3918 4230/4230 4231/4231
f 3920/3920 3921/3921 4232/4232
f 3920/3920 4232/4232 4229/4229
f 3921/3921 3922/3922 4233/4233
f 3921/3921 4233/4233 4232/4232
f 3922/3922 3923/3923 4234/4234
f 3922/3922 4234/4234 4233/4233
f 3923/3923 3924/3924 4235/4235
f 3923/3923 4235/4235 4234/4234
f 3924/3924 3925/3925 4236/4236
f 3924/3924 4236/4236 4235/4235
f 3925/3925 3927/3927 4237/4237
f 3925/3925 4237/4237 4236/4236
f 3927/3927 3929/3929 4238/4238
f 3927/3927 4238/4238 4237/4237
f 3929/3929 3931/3931 4239/4239
f 3929/3929 4239/4239 4238/4238
f 3931/3931 3932/3932 4240/4240
f 3931/3931 4240/4240 4239/4239
f 3932/3932 3933/3933 4241/4241
f 3932/3932 4241/4241 4240/4240
f 3933/3933 3934/3934 4242/4242
f 3933/3933 4242/4242 4241/4241
f 3934/3934 3935/3935 4243/4243
f 3934/3934 4243/4243 4242/4242
f 3935/3935 3936/3936 4244/4244
f 3935/3935 4244/4244 4243/4243
f 3936/3936 3937/3937 4245/4245
f 3936/3936 4245/4245 4244/4244
f 3937/3937 3938/3938 4246/4246
f 3937/3937 4246/4246 4245/4245
f 3939/3939 4247/4247 4246/4246
f 3939/3939 4246/4246 3938/3938
f 4248/4248 4249/4249 4250/4250
f 4248/4248 4250/4250 4251/4251
f 3948/3948 4248/4248 4251/4251
f 3948/3948 4251/4251 3949/3949
f 3948/3948 3947/3947 4249/4249
f 3948/3948 4249/4249 4248/4248
f 4251/4251 4250/4250 4252/4252
f 4251/4251 4252/4252 4253/4253
f 3949/3949 4251/4251 4253/4253
f 3949/3949 4253/4253 3951/3951
f 4253/4253 4252/4252 4254/4254
f 4253/4253 4254/4254 4255/4255
f 3951/3951 4253/4253 4255/4255
f 3951/3951 4255/4255 3953/3953
f 4255/4255 4254/4254 4256/4256
f 4255/4255 4256/4256 4257/4257
f 3953/3953 4255/4255 4257/4257
f 3953/3953 4257/4257 3955/3955
f 3955/3955 4257/4257 4256/4256
f 3955/3955 4256/4256 3956/3956
f 4258/4258 4259/4259 4260/4260
f 4258/4258 4260/4260 4261/4261
f 3944/3944 4258/4258 4261/4261
f 3944/3944 4261/4261 3945/3945
f 3944/3944 3963/3963 4259/4259
f 3944/3944 4259/4259 4258/4258
f 4261/4261 4260/4260 4262/4262
f 4261/4261 4262/4262 4249/4249
f 3945/3945 4261/4261 4249/4249
f 3945/3945 4249/4249 3947/3947
f 4256/4256 4263/4263 4264/4264
f 4256/4256 4264/4264 4265/4265
f 3956/3956 4256/4256 4265/4265
f 3956/3956 4265/4265 3957/3957
f 4265/4265 4264/4264 4266/4266
f 4265/4265 4266/4266 4267/4267
f 3957/3957 4265/4265 4267/4267
f 3957/3957 4267/4267 3959/3959
f 3959/3959 4267/4267 4266/4266
f 3959/3959 4266/4266 3964/3964
f 4268/4268 4269/4269 4270/4270
f 4268/4268 4270/4270 4259/4259
f 3962/3962 4268/4268 4259/4259
f 3962/3962 4259/4259 3963/3963
f 3962/3962 3967/3967 4269/4269
f 3962/3962 4269/4269 4268/4268
f 4266/4266 4271/4271 4272/4272
f 4266/4266 4272/4272 4273/4273
f 3964/3964 4266/4266 4273/4273
f 3964/3964 4273/4273 3965/3965
f 3965/3965 4273/4273 4272/4272
f 3965/3965 4272/4272 3968/3968
f 3970/3970 3969/3969 4274/4274
f 3970/3970 4274/4274 4275/4275
f 3971/3971 4276/4276 4277/4277
f 3971/3971 4277/4277 3972/3972
f 3974/3974 3973/3973 4278/4278
f 3974/3974 4278/4278 4279/4279
f 3975/3975 4280/4280 4281/4281
f 3975/3975 4281/4281 3976/3976
f 3975/3975 3974/3974 4279/4279
f 3975/3975 4279/4279 4280/4280
f 3973/3973 3977/3977 4282/4282
f 3973/3973 4282/4282 4278/4278
f 3976/3976 4281/4281 4283/4283
f 3976/3976 4283/4283 3978/3978
f 3977/3977 3979/3979 4284/4284
f 3977/3977 4284/4284 4282/4282
f 3978/3978 4283/4283 4285/4285
f 3978/3978 4285/4285 3980/3980
f 3979/3979 3981/3981 4286/4286
f 3979/3979 4286/4286 4284/4284
f 3980/3980 4285/4285 4287/4287
f 3980/3980 4287/4287 3982/3982
f 3981/3981 3983/3983 4288/4288
f 3981/3981 4288/4288 4286/4286
f 3982/3982 4287/4287 4289/4289
f 3982/3982 4289/4289 3984/3984
f 3983/3983 3985/3985 4290/4290
f 3983/3983 4290/4290 4288/4288
f 3984/3984 4289/4289 4291/4291
f 3984/3984 4291/4291 3986/3986
f 3989/3989 3988/3988 4292/4292
f 3989/3989 4292/4292 4293/4293
f 3991/3991 4294/4294 4295/4295
f 3991/3991 4295/4295 3992/3992
f 3988/3988 3993/3993 4296/4296
f 3988/3988 4296/4296 4292/4292
f 3992/3992 4295/4295 4297/4297
f 3992/3992 4297/4297 3994/3994
f 3993/3993 3995/3995 4298/4298
f 3993/3993 4298/4298 4296/4296
f 3994/3994 4297/4297 4299/4299
f 3994/3994 4299/4299 3996/3996
f 3995/3995 3997/3997 4300/4300
f 3995/3995 4300/4300 4298/4298
f 3996/3996 4299/4299 4301/4301
f 3996/3996 4301/4301 3998/3998
f 3997/3997 3999/3999 4302/4302
f 3997/3997 4302/4302 4300/4300
f 3998/3998 4301/4301 4303/4303
f 3998/3998 4303/4303 4000/4000
f 3999/3999 4001/4001 4304/4304
f 3999/3999 4304/4304 4302/4302
f 4000/4000 4303/4303 4305/4305
f 4000/4000 4305/4305 4002/4002
f 4002/4002 4305/4305 4304/4304
f 4002/4002 4304/4304 4001/4001
f 4004/4004 4003/4003 4306/4306
f 4004/4004 4306/4306 4307/4307
f 4005/4005 4308/4308 4309/4309
f 4005/4005 4309/4309 4006/4006
f 4008/4008 4007/4007 4310/4310
f 4008/4008 4310/4310 4311/4311
f 4009/4009 4312/4312 4313/4313
f 4009/4009 4313/4313 4010/4010
f 4009/4009 4008/4008 4311/4311
f 4009/4009 4311/4311 4312/4312
f 4007/4007 4011/4011 4314/4314
f 4007/4007 4314/4314 4310/4310
f 4010/4010 4313/4313 4315/4315
f 4010/4010 4315/4315 4012/4012
f 4011/4011 4013/4013 4316/4316
f 4011/4011 4316/4316 4314/4314
f 4012/4012 4315/4315 4317/4317
f 4012/4012 4317/4317 4014/4014
f 4013/4013 4015/4015 4318/4318
f 4013/4013 4318/4318 4316/4316
f 4014/4014 4317/4317 4319/4319
f 4014/4014 4319/4319 4016/4016
f 4015/4015 4017/4017 4320/4320
f 4015/4015 4320/4320 4318/4318
f 4016/4016 4319/4319 4321/4321
f 4016/4016 4321/4321 4018/4018
f 4018/4018 4321/4321 4322/4322
f 4018/4018 4322/4322 4019/4019
f 4020/4020 4323/4323 4324/4324
f 4020/4020 4324/4324 4021/4021
f 4023/4023 4022/4022 4325/4325
f 4023/4023 4325/4325 4326/4326
f 4021/4021 4324/4324 4327/4327
f 4021/4021 4327/4327 4024/4024
f 4022/4022 4025/4025 4328/4328
f 4022/4022 4328/4328 4325/4325
f 4024/4024 4327/4327 4329/4329
f 4024/4024 4329/4329 4026/4026
f 4025/4025 4027/4027 4330/4330
f 4025/4025 4330/4330 4328/4328
f 4026/4026 4329/4329 4331/4331
f 4026/4026 4331/4331 4028/4028
f 4027/4027 4029/4029 4332/4332
f 4027/4027 4332/4332 4330/4330
f 4028/4028 4331/4331 4333/4333
f 4028/4028 4333/4333 4030/4030
f 4029/4029 4031/4031 4334/4334
f 4029/4029 4334/4334 4332/4332
f 4030/4030 4333/4333 4335/4335
f 4030/4030 4335/4335 4032/4032
f 4032/4032 4335/4335 4334/4334
f 4032/4032 4334/4334 4031/4031
f 4336/4336 4337/4337 4338/4338
f 4336/4336 4338/4338 4339/4339
f 4034/4034 4033/4033 4337/4337
f 4034/4034 4337/4337 4336/4336
f 4340/4340 4341/4341 4342/4342
f 4340/4340 4342/4342 4343/4343
f 4035/4035 4343/4343 4342/4342
f 4035/4035 4342/4342 4036/4036
f 4344/4344 4345/4345 4346/4346
f 4344/4344 4346/4346 4347/4347
f 4039/4039 4042/4042 4346/4346
f 4039/4039 4346/4346 4345/4345
f 4040/4040 4039/4039 4345/4345
f 4040/4040 4345/4345 4344/4344
f 4042/4042 4348/4348 4349/4349
f 4042/4042 4349/4349 4346/4346
f 4350/4350 4045/4045 4351/4351
f 4350/4350 4351/4351 4352/4352
f 4353/4353 4351/4351 4354/4354
f 4353/4353 4354/4354 4355/4355
f 4045/4045 4044/4044 4354/4354
f 4045/4045 4354/4354 4351/4351
f 4046/4046 4355/4355 4354/4354
f 4046/4046 4354/4354 4044/4044
f 4356/4356 4357/4357 4358/4358
f 4356/4356 4358/4358 4359/4359
f 4051/4051 4053/4053 4358/4358
f 4051/4051 4358/4358 4357/4357
f 4052/4052 4051/4051 4357/4357
f 4052/4052 4357/4357 4356/4356
f 4053/4053 4054/4054 4360/4360
f 4053/4053 4360/4360 4358/4358
f 4054/4054 4055/4055 4361/4361
f 4054/4054 4361/4361 4360/4360
f 4055/4055 4056/4056 4362/4362
f 4055/4055 4362/4362 4361/4361
f 4056/4056 4057/4057 4363/4363
f 4056/4056 4363/4363 4362/4362
f 4057/4057 4058/4058 4364/4364
f 4057/4057 4364/4364 4363/4363
f 4058/4058 4059/4059 4365/4365
f 4058/4058 4365/4365 4364/4364
f 4366/4366 4365/4365 4367/4367
f 4366/4366 4367/4367 4368/4368
f 4059/4059 4060/4060 4367/4367
f 4059/4059 4367/4367 4365/4365
f 4061/4061 4368/4368 4367/4367
f 4061/4061 4367/4367 4060/4060
f 4369/4369 4370/4370 4371/4371
f 4369/4369 4371/4371 4372/4372
f 4076/4076 4078/4078 4371/4371
f 4076/4076 4371/4371 4370/4370
f 4077/4077 4369/4369 4372/4372
f 4077/4077 4372/4372 4079/4079
f 4077/4077 4076/4076 4370/4370
f 4077/4077 4370/4370 4369/4369
f 4078/4078 4080/4080 4373/4373
f 4078/4078 4373/4373 4371/4371
f 4079/4079 4372/4372 4374/4374
f 4079/4079 4374/4374 4065/4065
f 4080/4080 4081/4081 4375/4375
f 4080/4080 4375/4375 4373/4373
f 4065/4065 4374/4374 4376/4376
f 4065/4065 4376/4376 4066/4066
f 4081/4081 4082/4082 4377/4377
f 4081/4081 4377/4377 4375/4375
f 4066/4066 4376/4376 4378/4378
f 4066/4066 4378/4378 4068/4068
f 4082/4082 4083/4083 4379/4379
f 4082/4082 4379/4379 4377/4377
f 4068/4068 4378/4378 4380/4380
f 4068/4068 4380/4380 4070/4070
f 4083/4083 4084/4084 4381/4381
f 4083/4083 4381/4381 4379/4379
f 4070/4070 4380/4380 4382/4382
f 4070/4070 4382/4382 4072/4072
f 4084/4084 4085/4085 4383/4383
f 4084/4084 4383/4383 4381/4381
f 4072/4072 4382/4382 4384/4384
f 4072/4072 4384/4384 4086/4086
f 4384/4384 4383/4383 4385/4385
f 4384/4384 4385/4385 4386/4386
f 4085/4085 4087/4087 4385/4385
f 4085/4085 4385/4385 4383/4383
f 4086/4086 4384/4384 4386/4386
f 4086/4086 4386/4386 4088/4088
f 4088/4088 4386/4386 4385/4385
f 4088/4088 4385/4385 4087/4087
f 4092/4092 4091/4091 4387/4387
f 4092/4092 4387/4387 4388/4388
f 4093/4093 4389/4389 4390/4390
f 4093/4093 4390/4390 4094/4094
f 4093/4093 4092/4092 4388/4388
f 4093/4093 4388/4388 4389/4389
f 4091/4091 4095/4095 4391/4391
f 4091/4091 4391/4391 4387/4387
f 4094/4094 4390/4390 4392/4392
f 4094/4094 4392/4392 4096/4096
f 4095/4095 4098/4098 4393/4393
f 4095/4095 4393/4393 4391/4391
f 4096/4096 4392/4392 4394/4394
f 4096/4096 4394/4394 4099/4099
f 4098/4098 4101/4101 4395/4395
f 4098/4098 4395/4395 4393/4393
f 4099/4099 4394/4394 4396/4396
f 4099/4099 4396/4396 4102/4102
f 4101/4101 4104/4104 4397/4397
f 4101/4101 4397/4397 4395/4395
f 4102/4102 4396/4396 4398/4398
f 4102/4102 4398/4398 4105/4105
f 4104/4104 4106/4106 4399/4399
f 4104/4104 4399/4399 4397/4397
f 4105/4105 4398/4398 4400/4400
f 4105/4105 4400/4400 4107/4107
f 4106/4106 4108/4108 4401/4401
f 4106/4106 4401/4401 4399/4399
f 4107/4107 4400/4400 4402/4402
f 4107/4107 4402/4402 4109/4109
f 4108/4108 4110/4110 4403/4403
f 4108/4108 4403/4403 4401/4401
f 4109/4109 4402/4402 4404/4404
f 4109/4109 4404/4404 4111/4111
f 4111/4111 4404/4404 4403/4403
f 4111/4111 4403/4403 4110/4110
f 4405/4405 4406/4406 4407/4407
f 4405/4405 4407/4407 4408/4408
f 4114/4114 4116/4116 4407/4407
f 4114/4114 4407/4407 4406/4406
f 4115/4115 4405/4405 4408/4408
f 4115/4115 4408/4408 4117/4117
f 4115/4115 4114/4114 4406/4406
f 4115/4115 4406/4406 4405/4405
f 4116/4116 4119/4119 4409/4409
f 4116/4116 4409/4409 4407/4407
f 4117/4117 4408/4408 4410/4410
f 4117/4117 4410/4410 4120/4120
f 4119/4119 4411/4411 4412/4412
f 4119/4119 4412/4412 4409/4409
f 4120/4120 4410/4410 4413/4413
f 4120/4120 4413/4413 4121/4121
f 4411/4411 4414/4414 4415/4415
f 4411/4411 4415/4415 4412/4412
f 4121/4121 4413/4413 4416/4416
f 4121/4121 4416/4416 4122/4122
f 4122/4122 4416/4416 4417/4417
f 4122/4122 4417/4417 4123/4123
f 4123/4123 4417/4417 4418/4418
f 4123/4123 4418/4418 4124/4124
f 4124/4124 4418/4418 4419/4419
f 4124/4124 4419/4419 4125/4125
f 4125/4125 4419/4419 4420/4420
f 4125/4125 4420/4420 4126/4126
f 4421/4421 4422/4422 4423/4423
f 4421/4421 4423/4423 4424/4424
f 4126/4126 4420/4420 4425/4425
f 4126/4126 4425/4425 4127/4127
f 4422/4422 4131/4131 4426/4426
f 4422/4422 4426/4426 4423/4423
f 4127/4127 4425/4425 4427/4427
f 4127/4127 4427/4427 4128/4128
f 4131/4131 4130/4130 4428/4428
f 4131/4131 4428/4428 4426/4426
f 4128/4128 4427/4427 4429/4429
f 4128/4128 4429/4429 4132/4132
f 4429/4429 4428/4428 4430/4430
f 4429/4429 4430/4430 4431/4431
f 4130/4130 4133/4133 4430/4430
f 4130/4130 4430/4430 4428/4428
f 4132/4132 4429/4429 4431/4431
f 4132/4132 4431/4431 4134/4134
f 4134/4134 4431/4431 4430/4430
f 4134/4134 4430/4430 4133/4133
f 4432/4432 4433/4433 4434/4434
f 4432/4432 4434/4434 4435/4435
f 4142/4142 4141/4141 4433/4433
f 4142/4142 4433/4433 4432/4432
f 4435/4435 4434/4434 4436/4436
f 4435/4435 4436/4436 4437/4437
f 4437/4437 4436/4436 4438/4438
f 4437/4437 4438/4438 4439/4439
f 4439/4439 4438/4438 4440/4440
f 4439/4439 4440/4440 4441/4441
f 4143/4143 4441/4441 4440/4440
f 4143/4143 4440/4440 4144/4144
f 4433/4433 4442/4442 4443/4443
f 4433/4433 4443/4443 4434/4434
f 4141/4141 4151/4151 4442/4442
f 4141/4141 4442/4442 4433/4433
f 4434/4434 4443/4443 4444/4444
f 4434/4434 4444/4444 4436/4436
f 4436/4436 4444/4444 4445/4445
f 4436/4436 4445/4445 4438/4438
f 4438/4438 4445/4445 4446/4446
f 4438/4438 4446/4446 4440/4440
f 4144/4144 4440/4440 4446/4446
f 4144/4144 4446/4446 4152/4152
f 4447/4447 4448/4448 4449/4449
f 4447/4447 4449/4449 4450/4450
f 4158/4158 4447/4447 4450/4450
f 4158/4158 4450/4450 4451/4451
f 4158/4158 4157/4157 4448/4448
f 4158/4158 4448/4448 4447/4447
f 4451/4451 4450/4450 4452/4452
f 4451/4451 4452/4452 4453/4453
f 4454/4454 4455/4455 4456/4456
f 4454/4454 4456/4456 4457/4457
f 4456/4456 4458/4458 4459/4459
f 4456/4456 4459/4459 4460/4460
f 4457/4457 4456/4456 4460/4460
f 4457/4457 4460/4460 4160/4160
f 4160/4160 4460/4460 4459/4459
f 4160/4160 4459/4459 4161/4161
f 4461/4461 4462/4462 4463/4463
f 4461/4461 4463/4463 4464/4464
f 4165/4165 4461/4461 4464/4464
f 4165/4165 4464/4464 4166/4166
f 4165/4165 4168/4168 4462/4462
f 4165/4165 4462/4462 4461/4461
f 4166/4166 4464/4464 4465/4465
f 4166/4166 4465/4465 4466/4466
f 4467/4467 4468/4468 4469/4469
f 4467/4467 4469/4469 4170/4170
f 4469/4469 4470/4470 4471/4471
f 4469/4469 4471/4471 4472/4472
f 4170/4170 4469/4469 4472/4472
f 4170/4170 4472/4472 4171/4171
f 4171/4171 4472/4472 4471/4471
f 4171/4171 4471/4471 4172/4172
f 4473/4473 4474/4474 4475/4475
f 4473/4473 4475/4475 4476/4476
f 4173/4173 4473/4473 4476/4476
f 4173/4173 4476/4476 4174/4174
f 4173/4173 4176/4176 4474/4474
f 4173/4173 4474/4474 4473/4473
f 4477/4477 4478/4478 4479/4479
f 4477/4477 4479/4479 4480/4480
f 4178/4178 4477/4477 4480/4480
f 4178/4178 4480/4480 4179/4179
f 4179/4179 4480/4480 4479/4479
f 4179/4179 4479/4479 4180/4180
f 4474/4474 4481/4481 4482/4482
f 4474/4474 4482/4482 4475/4475
f 4181/4181 4483/4483 4482/4482
f 4181/4181 4482/4482 4481/4481
f 4176/4176 4181/4181 4481/4481
f 4176/4176 4481/4481 4474/4474
f 4478/4478 4484/4484 4485/4485
f 4478/4478 4485/4485 4479/4479
f 4486/4486 4182/4182 4485/4485
f 4486/4486 4485/4485 4484/4484
f 4180/4180 4479/4479 4485/4485
f 4180/4180 4485/4485 4182/4182
f 4186/4186 4185/4185 4487/4487
f 4186/4186 4487/4487 4488/4488
f 4187/4187 4489/4489 4490/4490
f 4187/4187 4490/4490 4188/4188
f 4491/4491 4492/4492 4493/4493
f 4491/4491 4493/4493 4494/4494
f 4192/4192 4491/4491 4494/4494
f 4192/4192 4494/4494 4495/4495
f 4192/4192 4191/4191 4492/4492
f 4192/4192 4492/4492 4491/4491
f 4496/4496 4497/4497 4498/4498
f 4496/4496 4498/4498 4499/4499
f 4500/4500 4496/4496 4499/4499
f 4500/4500 4499/4499 4193/4193
f 4193/4193 4499/4499 4498/4498
f 4193/4193 4498/4498 4194/4194
f 4501/4501 4502/4502 4503/4503
f 4501/4501 4503/4503 4504/4504
f 4196/4196 4195/4195 4502/4502
f 4196/4196 4502/4502 4501/4501
f 4505/4505 4506/4506 4507/4507
f 4505/4505 4507/4507 4508/4508
f 4197/4197 4508/4508 4507/4507
f 4197/4197 4507/4507 4198/4198
f 4202/4202 4201/4201 4509/4509
f 4202/4202 4509/4509 4510/4510
f 4203/4203 4511/4511 4512/4512
f 4203/4203 4512/4512 4204/4204
f 4513/4513 4514/4514 4515/4515
f 4513/4513 4515/4515 4516/4516
f 4207/4207 4213/4213 4515/4515
f 4207/4207 4515/4515 4514/4514
f 4208/4208 4513/4513 4516/4516
f 4208/4208 4516/4516 4517/4517
f 4208/4208 4207/4207 4514/4514
f 4208/4208 4514/4514 4513/4513
f 4518/4518 4519/4519 4520/4520
f 4518/4518 4520/4520 4521/4521
f 4214/4214 4210/4210 4520/4520
f 4214/4214 4520/4520 4519/4519
f 4522/4522 4518/4518 4521/4521
f 4522/4522 4521/4521 4209/4209
f 4209/4209 4521/4521 4520/4520
f 4209/4209 4520/4520 4210/4210
f 4515/4515 4523/4523 4524/4524
f 4515/4515 4524/4524 4525/4525
f 4213/4213 4212/4212 4523/4523
f 4213/4213 4523/4523 4515/4515
f 4526/4526 4527/4527 4528/4528
f 4526/4526 4528/4528 4519/4519
f 4214/4214 4519/4519 4528/4528
f 4214/4214 4528/4528 4215/4215
f 4529/4529 4530/4530 4531/4531
f 4529/4529 4531/4531 4532/4532
f 4217/4217 4533/4533 4531/4531
f 4217/4217 4531/4531 4530/4530
f 4218/4218 4529/4529 4532/4532
f 4218/4218 4532/4532 4534/4534
f 4218/4218 4217/4217 4530/4530
f 4218/4218 4530/4530 4529/4529
f 4535/4535 4536/4536 4537/4537
f 4535/4535 4537/4537 4538/4538
f 4539/4539 4220/4220 4537/4537
f 4539/4539 4537/4537 4536/4536
f 4540/4540 4535/4535 4538/4538
f 4540/4540 4538/4538 4219/4219
f 4219/4219 4538/4538 4537/4537
f 4219/4219 4537/4537 4220/4220
f 4541/4541 4542/4542 4543/4543
f 4541/4541 4543/4543 4544/4544
f 4224/4224 4223/4223 4542/4542
f 4224/4224 4542/4542 4541/4541
f 4545/4545 4546/4546 4547/4547
f 4545/4545 4547/4547 4548/4548
f 4225/4225 4548/4548 4547/4547
f 4225/4225 4547/4547 4226/4226
f 4549/4549 4550/4550 4551/4551
f 4549/4549 4551/4551 4552/4552
f 4230/4230 4229/4229 4551/4551
f 4230/4230 4551/4551 4550/4550
f 4231/4231 4549/4549 4552/4552
f 4231/4231 4552/4552 4553/4553
f 4231/4231 4230/4230 4550/4550
f 4231/4231 4550/4550 4549/4549
f 4229/4229 4232/4232 4554/4554
f 4229/4229 4554/4554 4551/4551
f 4232/4232 4233/4233 4555/4555
f 4232/4232 4555/4555 4554/4554
f 4233/4233 4234/4234 4556/4556
f 4233/4233 4556/4556 4555/4555
f 4234/4234 4235/4235 4557/4557
f 4234/4234 4557/4557 4556/4556
f 4235/4235 4236/4236 4558/4558
f 4235/4235 4558/4558 4557/4557
f 4236/4236 4237/4237 4559/4559
f 4236/4236 4559/4559 4558/4558
f 4237/4237 4238/4238 4560/4560
f 4237/4237 4560/4560 4559/4559
f 4238/4238 4239/4239 4561/4561
f 4238/4238 4561/4561 4560/4560
f 4239/4239 4240/4240 4562/4562
f 4239/4239 4562/4562 4561/4561
f 4240/4240 4241/4241 4563/4563
f 4240/4240 4563/4563 4562/4562
f 4241/4241 4242/4242 4564/4564
f 4241/4241 4564/4564 4563/4563
f 4242/4242 4243/4243 4565/4565
f 4242/4242 4565/4565 4564/4564
f 4243/4243 4244/4244 4566/4566
f 4243/4243 4566/4566 4565/4565
f 4244/4244 4245/4245 4567/4567
f 4244/4244 4567/4567 4566/4566
f 4568/4568 4567/4567 4569/4569
f 4568/4568 4569/4569 4570/4570
f 4245/4245 4246/4246 4569/4569
f 4245/4245 4569/4569 4567/4567
f 4571/4571 4568/4568 4570/4570
f 4571/4571 4570/4570 4247/4247
f 4247/4247 4570/4570 4569/4569
f 4247/4247 4569/4569 4246/4246
f 4572/4572 4573/4573 4574/4574
f 4572/4572 4574/4574 4575/4575
f 4249/4249 4572/4572 4575/4575
f 4249/4249 4575/4575 4250/4250
f 4249/4249 4262/4262 4573/4573
f 4249/4249 4573/4573 4572/4572
f 4575/4575 4574/4574 4576/4576
f 4575/4575 4576/4576 4577/4577
f 4250/4250 4575/4575 4577/4577
f 4250/4250 4577/4577 4252/4252
f 4577/4577 4576/4576 4578/4578
f 4577/4577 4578/4578 4579/4579
f 4252/4252 4577/4577 4579/4579
f 4252/4252 4579/4579 4254/4254
f 4579/4579 4578/4578 4580/4580
f 4579/4579 4580/4580 4581/4581
f 4254/4254 4579/4579 4581/4581
f 4254/4254 4581/4581 4256/4256
f 4256/4256 4581/4581 4580/4580
f 4256/4256 4580/4580 4263/4263
f 4582/4582 4583/4583 4584/4584
f 4582/4582 4584/4584 4585/4585
f 4259/4259 4582/4582 4585/4585
f 4259/4259 4585/4585 4260/4260
f 4259/4259 4270/4270 4583/4583
f 4259/4259 4583/4583 4582/4582
f 4585/4585 4584/4584 4586/4586
f 4585/4585 4586/4586 4573/4573
f 4260/4260 4585/4585 4573/4573
f 4260/4260 4573/4573 4262/4262
f 4580/4580 4587/4587 4588/4588
f 4580/4580 4588/4588 4589/4589
f 4263/4263 4580/4580 4589/4589
f 4263/4263 4589/4589 4264/4264
f 4589/4589 4588/4588 4590/4590
f 4589/4589 4590/4590 4591/4591
f 4264/4264 4589/4589 4591/4591
f 4264/4264 4591/4591 4266/4266
f 4266/4266 4591/4591 4590/4590
f 4266/4266 4590/4590 4271/4271
f 4592/4592 4593/4593 4594/4594
f 4592/4592 4594/4594 4595/4595
f 4275/4275 4592/4592 4595/4595
f 4275/4275 4595/4595 4596/4596
f 4275/4275 4274/4274 4593/4593
f 4275/4275 4593/4593 4592/4592
f 4597/4597 4598/4598 4599/4599
f 4597/4597 4599/4599 4600/4600
f 4601/4601 4597/4597 4600/4600
f 4601/4601 4600/4600 4276/4276
f 4276/4276 4600/4600 4599/4599
f 4276/4276 4599/4599 4277/4277
f 4602/4602 4603/4603 4604/4604
f 4602/4602 4604/4604 4605/4605
f 4279/4279 4278/4278 4604/4604
f 4279/4279 4604/4604 4603/4603
f 4280/4280 4602/4602 4605/4605
f 4280/4280 4605/4605 4281/4281
f 4280/4280 4279/4279 4603/4603
f 4280/4280 4603/4603 4602/4602
f 4278/4278 4282/4282 4606/4606
f 4278/4278 4606/4606 4604/4604
f 4281/4281 4605/4605 4607/4607
f 4281/4281 4607/4607 4283/4283
f 4282/4282 4284/4284 4608/4608
f 4282/4282 4608/4608 4606/4606
f 4283/4283 4607/4607 4609/4609
f 4283/4283 4609/4609 4285/4285
f 4284/4284 4286/4286 4610/4610
f 4284/4284 4610/4610 4608/4608
f 4285/4285 4609/4609 4611/4611
f 4285/4285 4611/4611 4287/4287
f 4286/4286 4288/4288 4612/4612
f 4286/4286 4612/4612 4610/4610
f 4287/4287 4611/4611 4613/4613
f 4287/4287 4613/4613 4289/4289
f 4288/4288 4290/4290 4614/4614
f 4288/4288 4614/4614 4612/4612
f 4289/4289 4613/4613 4615/4615
f 4289/4289 4615/4615 4291/4291
f 4293/4293 4292/4292 4616/4616
f 4293/4293 4616/4616 4617/4617
f 4294/4294 4618/4618 4619/4619
f 4294/4294 4619/4619 4295/4295
f 4292/4292 4296/4296 4620/4620
f 4292/4292 4620/4620 4616/4616
f 4295/4295 4619/4619 4621/4621
f 4295/4295 4621/4621 4297/4297
f 4296/4296 4298/4298 4622/4622
f 4296/4296 4622/4622 4620/4620
f 4297/4297 4621/4621 4623/4623
f 4297/4297 4623/4623 4299/4299
f 4298/4298 4300/4300 4624/4624
f 4298/4298 4624/4624 4622/4622
f 4299/4299 4623/4623 4625/4625
f 4299/4299 4625/4625 4301/4301
f 4300/4300 4302/4302 4626/4626
f 4300/4300 4626/4626 4624/4624
f 4301/4301 4625/4625 4627/4627
f 4301/4301 4627/4627 4303/4303
f 4627/4627 4626/4626 4628/4628
f 4627/4627 4628/4628 4629/4629
f 4302/4302 4304/4304 4628/4628
f 4302/4302 4628/4628 4626/4626
f 4303/4303 4627/4627 4629/4629
f 4303/4303 4629/4629 4305/4305
f 4305/4305 4629/4629 4628/4628
f 4305/4305 4628/4628 4304/4304
f 4630/4630 4631/4631 4632/4632
f 4630/4630 4632/4632 4633/4633
f 4307/4307 4306/4306 4631/4631
f 4307/4307 4631/4631 4630/4630
f 4634/4634 4635/4635 4636/4636
f 4634/4634 4636/4636 4637/4637
f 4308/4308 4637/4637 4636/4636
f 4308/4308 4636/4636 4309/4309
f 4311/4311 4310/4310 4638/4638
f 4311/4311 4638/4638 4639/4639
f 4312/4312 4640/4640 4641/4641
f 4312/4312 4641/4641 4313/4313
f 4312/4312 4311/4311 4639/4639
f 4312/4312 4639/4639 4640/4640
f 4310/4310 4314/4314 4642/4642
f 4310/4310 4642/4642 4638/4638
f 4313/4313 4641/4641 4643/4643
f 4313/4313 4643/4643 4315/4315
f 4314/4314 4316/4316 4644/4644
f 4314/4314 4644/4644 4642/4642
f 4315/4315 4643/4643 4645/4645
f 4315/4315 4645/4645 4317/4317
f 4316/4316 4318/4318 4646/4646
f 4316/4316 4646/4646 4644/4644
f 4317/4317 4645/4645 4647/4647
f 4317/4317 4647/4647 4319/4319
f 4318/4318 4320/4320 4648/4648
f 4318/4318 4648/4648 4646/4646
f 4319/4319 4647/4647 4649/4649
f 4319/4319 4649/4649 4321/4321
f 4320/4320 4650/4650 4651/4651
f 4320/4320 4651/4651 4648/4648
f 4321/4321 4649/4649 4652/4652
f 4321/4321 4652/4652 4322/4322
f 4653/4653 4326/4326 4654/4654
f 4653/4653 4654/4654 4655/4655
f 4323/4323 4656/4656 4657/4657
f 4323/4323 4657/4657 4324/4324
f 4326/4326 4325/4325 4658/4658
f 4326/4326 4658/4658 4654/4654
f 4324/4324 4657/4657 4659/4659
f 4324/4324 4659/4659 4327/4327
f 4325/4325 4328/4328 4660/4660
f 4325/4325 4660/4660 4658/4658
f 4327/4327 4659/4659 4661/4661
f 4327/4327 4661/4661 4329/4329
f 4328/4328 4330/4330 4662/4662
f 4328/4328 4662/4662 4660/4660
f 4329/4329 4661/4661 4663/4663
f 4329/4329 4663/4663 4331/4331
f 4330/4330 4332/4332 4664/4664
f 4330/4330 4664/4664 4662/4662
f 4331/4331 4663/4663 4665/4665
f 4331/4331 4665/4665 4333/4333
f 4332/4332 4334/4334 4666/4666
f 4332/4332 4666/4666 4664/4664
f 4333/4333 4665/4665 4667/4667
f 4333/4333 4667/4667 4335/4335
f 4335/4335 4667/4667 4666/4666
f 4335/4335 4666/4666 4334/4334
f 4339/4339 4338/4338 4668/4668
f 4339/4339 4668/4668 4669/4669
f 4340/4340 4670/4670 4671/4671
f 4340/4340 4671/4671 4341/4341
f 4672/4672 4673/4673 4674/4674
f 4672/4672 4674/4674 4675/4675
f 4346/4346 4349/4349 4674/4674
f 4346/4346 4674/4674 4673/4673
f 4347/4347 4346/4346 4673/4673
f 4347/4347 4673/4673 4672/4672
f 4349/4349 4676/4676 4677/4677
f 4349/4349 4677/4677 4674/4674
f 4678/4678 4352/4352 4679/4679
f 4678/4678 4679/4679 4680/4680
f 4681/4681 4679/4679 4682/4682
f 4681/4681 4682/4682 4683/4683
f 4352/4352 4351/4351 4682/4682
f 4352/4352 4682/4682 4679/4679
f 4353/4353 4683/4683 4682/4682
f 4353/4353 4682/4682 4351/4351
f 4684/4684 4685/4685 4686/4686
f 4684/4684 4686/4686 4687/4687
f 4358/4358 4360/4360 4686/4686
f 4358/4358 4686/4686 4685/4685
f 4359/4359 4358/4358 4685/4685
f 4359/4359 4685/4685 4684/4684
f 4687/4687 4686/4686 4688/4688
f 4687/4687 4688/4688 4689/4689
f 4360/4360 4361/4361 4688/4688
f 4360/4360 4688/4688 4686/4686
f 4689/4689 4688/4688 4690/4690
f 4689/4689 4690/4690 4691/4691
f 4361/4361 4362/4362 4690/4690
f 4361/4361 4690/4690 4688/4688
f 4691/4691 4690/4690 4692/4692
f 4691/4691 4692/4692 4693/4693
f 4362/4362 4363/4363 4692/4692
f 4362/4362 4692/4692 4690/4690
f 4693/4693 4692/4692 4694/4694
f 4693/4693 4694/4694 4695/4695
f 4363/4363 4364/4364 4694/4694
f 4363/4363 4694/4694 4692/4692
f 4695/4695 4694/4694 4696/4696
f 4695/4695 4696/4696 4697/4697
f 4364/4364 4365/4365 4696/4696
f 4364/4364 4696/4696 4694/4694
f 4366/4366 4697/4697 4696/4696
f 4366/4366 4696/4696 4365/4365
f 4698/4698 4699/4699 4700/4700
f 4698/4698 4700/4700 4701/4701
f 4371/4371 4373/4373 4700/4700
f 4371/4371 4700/4700 4699/4699
f 4372/4372 4698/4698 4701/4701
f 4372/4372 4701/4701 4374/4374
f 4372/4372 4371/4371 4699/4699
f 4372/4372 4699/4699 4698/4698
f 4373/4373 4375/4375 4702/4702
f 4373/4373 4702/4702 4700/4700
f 4374/4374 4701/4701 4703/4703
f 4374/4374 4703/4703 4376/4376
f 4376/4376 4703/4703 4704/4704
f 4376/4376 4704/4704 4378/4378
f 4378/4378 4704/4704 4705/4705
f 4378/4378 4705/4705 4380/4380
f 4379/4379 4381/4381 4706/4706
f 4379/4379 4706/4706 4707/4707
f 4380/4380 4705/4705 4708/4708
f 4380/4380 4708/4708 4382/4382
f 4708/4708 4706/4706 4709/4709
f 4708/4708 4709/4709 4710/4710
f 4381/4381 4383/4383 4709/4709
f 4381/4381 4709/4709 4706/4706
f 4382/4382 4708/4708 4710/4710
f 4382/4382 4710/4710 4384/4384
f 4384/4384 4710/4710 4709/4709
f 4384/4384 4709/4709 4383/4383
f 4711/4711 4712/4712 4713/4713
f 4711/4711 4713/4713 4714/4714
f 4711/4711 4714/4714 4715/4715
f 4711/4711 4715/4715 4716/4716
f 4712/4712 4717/4717 4718/4718
f 4712/4712 4718/4718 4713/4713
f 4717/4717 4719/4719 4720/4720
f 4717/4717 4720/4720 4718/4718
f 4721/4721 4722/4722 4723/4723
f 4721/4721 4723/4723 4724/4724
f 4388/4388 4387/4387 4723/4723
f 4388/4388 4723/4723 4722/4722
f 4389/4389 4721/4721 4724/4724
f 4389/4389 4724/4724 4390/4390
f 4389/4389 4388/4388 4722/4722
f 4389/4389 4722/4722 4721/4721
f 4387/4387 4391/4391 4725/4725
f 4387/4387 4725/4725 4723/4723
f 4390/4390 4724/4724 4726/4726
f 4390/4390 4726/4726 4392/4392
f 4391/4391 4393/4393 4727/4727
f 4391/4391 4727/4727 4725/4725
f 4392/4392 4726/4726 4728/4728
f 4392/4392 4728/4728 4394/4394
f 4393/4393 4395/4395 4729/4729
f 4393/4393 4729/4729 4727/4727
f 4395/4395 4397/4397 4730/4730
f 4395/4395 4730/4730 4729/4729
f 4397/4397 4399/4399 4731/4731
f 4397/4397 4731/4731 4730/4730
f 4398/4398 4732/4732 4733/4733
f 4398/4398 4733/4733 4400/4400
f 4399/4399 4401/4401 4734/4734
f 4399/4399 4734/4734 4731/4731
f 4400/4400 4733/4733 4735/4735
f 4400/4400 4735/4735 4402/4402
f 4735/4735 4734/4734 4736/4736
f 4735/4735 4736/4736 4737/4737
f 4401/4401 4403/4403 4736/4736
f 4401/4401 4736/4736 4734/4734
f 4402/4402 4735/4735 4737/4737
f 4402/4402 4737/4737 4404/4404
f 4404/4404 4737/4737 4736/4736
f 4404/4404 4736/4736 4403/4403
f 4738/4738 4739/4739 4740/4740
f 4738/4738 4740/4740 4741/4741
f 4407/4407 4409/4409 4740/4740
f 4407/4407 4740/4740 4739/4739
f 4408/4408 4738/4738 4741/4741
f 4408/4408 4741/4741 4410/4410
f 4408/4408 4407/4407 4739/4739
f 4408/4408 4739/4739 4738/4738
f 4741/4741 4740/4740 4742/4742
f 4741/4741 4742/4742 4743/4743
f 4409/4409 4412/4412 4742/4742
f 4409/4409 4742/4742 4740/4740
f 4410/4410 4741/4741 4743/4743
f 4410/4410 4743/4743 4413/4413
f 4412/4412 4415/4415 4744/4744
f 4412/4412 4744/4744 4742/4742
f 4413/4413 4743/4743 4745/4745
f 4413/4413 4745/4745 4416/4416
f 4415/4415 4746/4746 4747/4747
f 4415/4415 4747/4747 4744/4744
f 4416/4416 4745/4745 4748/4748
f 4416/4416 4748/4748 4417/4417
f 4746/4746 4749/4749 4750/4750
f 4746/4746 4750/4750 4747/4747
f 4417/4417 4748/4748 4751/4751
f 4417/4417 4751/4751 4418/4418
f 4749/4749 4752/4752 4753/4753
f 4749/4749 4753/4753 4750/4750
f 4418/4418 4751/4751 4754/4754
f 4418/4418 4754/4754 4419/4419
f 4752/4752 4424/4424 4755/4755
f 4752/4752 4755/4755 4753/4753
f 4419/4419 4754/4754 4756/4756
f 4419/4419 4756/4756 4420/4420
f 4424/4424 4423/4423 4757/4757
f 4424/4424 4757/4757 4755/4755
f 4420/4420 4756/4756 4758/4758
f 4420/4420 4758/4758 4425/4425
f 4758/4758 4757/4757 4759/4759
f 4758/4758 4759/4759 4760/4760
f 4423/4423 4426/4426 4759/4759
f 4423/4423 4759/4759 4757/4757
f 4425/4425 4758/4758 4760/4760
f 4425/4425 4760/4760 4427/4427
f 4760/4760 4759/4759 4761/4761
f 4760/4760 4761/4761 4762/4762
f 4426/4426 4428/4428 4761/4761
f 4426/4426 4761/4761 4759/4759
f 4427/4427 4760/4760 4762/4762
f 4427/4427 4762/4762 4429/4429
f 4429/4429 4762/4762 4761/4761
f 4429/4429 4761/4761 4428/4428
f 4763/4763 4764/4764 4765/4765
f 4763/4763 4765/4765 4766/4766
f 4450/4450 4763/4763 4766/4766
f 4450/4450 4766/4766 4452/4452
f 4450/4450 4449/4449 4764/4764
f 4450/4450 4764/4764 4763/4763
f 4766/4766 4765/4765 4767/4767
f 4766/4766 4767/4767 4768/4768
f 4452/4452 4766/4766 4768/4768
f 4452/4452 4768/4768 4769/4769
f 4768/4768 4767/4767 4770/4770
f 4768/4768 4770/4770 4771/4771
f 4769/4769 4768/4768 4771/4771
f 4769/4769 4771/4771 4772/4772
f 4771/4771 4770/4770 4773/4773
f 4771/4771 4773/4773 4774/4774
f 4772/4772 4771/4771 4774/4774
f 4772/4772 4774/4774 4775/4775
f 4774/4774 4773/4773 4776/4776
f 4774/4774 4776/4776 4777/4777
f 4775/4775 4774/4774 4777/4777
f 4775/4775 4777/4777 4455/4455
f 4777/4777 4776/4776 4778/4778
f 4777/4777 4778/4778 4779/4779
f 4455/4455 4777/4777 4779/4779
f 4455/4455 4779/4779 4456/4456
f 4456/4456 4779/4779 4778/4778
f 4456/4456 4778/4778 4458/4458
f 4780/4780 4781/4781 4782/4782
f 4780/4780 4782/4782 4783/4783
f 4464/4464 4780/4780 4783/4783
f 4464/4464 4783/4783 4465/4465
f 4464/4464 4463/4463 4781/4781
f 4464/4464 4781/4781 4780/4780
f 4783/4783 4782/4782 4784/4784
f 4783/4783 4784/4784 4785/4785
f 4465/4465 4783/4783 4785/4785
f 4465/4465 4785/4785 4786/4786
f 4787/4787 4788/4788 4789/4789
f 4787/4787 4789/4789 4790/4790
f 4791/4791 4787/4787 4790/4790
f 4791/4791 4790/4790 4468/4468
f 4790/4790 4789/4789 4792/4792
f 4790/4790 4792/4792 4793/4793
f 4468/4468 4790/4790 4793/4793
f 4468/4468 4793/4793 4469/4469
f 4469/4469 4793/4793 4792/4792
f 4469/4469 4792/4792 4470/4470
f 4794/4794 4795/4795 4796/4796
f 4794/4794 4796/4796 4797/4797
f 4476/4476 4794/4794 4797/4797
f 4476/4476 4797/4797 4798/4798
f 4476/4476 4475/4475 4795/4795
f 4476/4476 4795/4795 4794/4794
f 4799/4799 4800/4800 4801/4801
f 4799/4799 4801/4801 4802/4802
f 4803/4803 4799/4799 4802/4802
f 4803/4803 4802/4802 4477/4477
f 4477/4477 4802/4802 4801/4801
f 4477/4477 4801/4801 4478/4478
f 4795/4795 4804/4804 4805/4805
f 4795/4795 4805/4805 4796/4796
f 4475/4475 4482/4482 4804/4804
f 4475/4475 4804/4804 4795/4795
f 4800/4800 4806/4806 4807/4807
f 4800/4800 4807/4807 4801/4801
f 4478/4478 4801/4801 4807/4807
f 4478/4478 4807/4807 4484/4484
f 4808/4808 4809/4809 4810/4810
f 4808/4808 4810/4810 4811/4811
f 4488/4488 4487/4487 4809/4809
f 4488/4488 4809/4809 4808/4808
f 4812/4812 4813/4813 4814/4814
f 4812/4812 4814/4814 4815/4815
f 4489/4489 4815/4815 4814/4814
f 4489/4489 4814/4814 4490/4490
f 4816/4816 4817/4817 4818/4818
f 4816/4816 4818/4818 4819/4819
f 4494/4494 4493/4493 4817/4817
f 4494/4494 4817/4817 4816/4816
f 4820/4820 4821/4821 4822/4822
f 4820/4820 4822/4822 4823/4823
f 4496/4496 4823/4823 4822/4822
f 4496/4496 4822/4822 4497/4497
f 4504/4504 4503/4503 4824/4824
f 4504/4504 4824/4824 4825/4825
f 4505/4505 4826/4826 4827/4827
f 4505/4505 4827/4827 4506/4506
f 4828/4828 4829/4829 4830/4830
f 4828/4828 4830/4830 4831/4831
f 4510/4510 4828/4828 4831/4831
f 4510/4510 4831/4831 4832/4832
f 4510/4510 4509/4509 4829/4829
f 4510/4510 4829/4829 4828/4828
f 4833/4833 4834/4834 4835/4835
f 4833/4833 4835/4835 4836/4836
f 4837/4837 4833/4833 4836/4836
f 4837/4837 4836/4836 4511/4511
f 4511/4511 4836/4836 4835/4835
f 4511/4511 4835/4835 4512/4512
f 4838/4838 4839/4839 4840/4840
f 4838/4838 4840/4840 4841/4841
f 4515/4515 4525/4525 4840/4840
f 4515/4515 4840/4840 4839/4839
f 4516/4516 4515/4515 4839/4839
f 4516/4516 4839/4839 4838/4838
f 4842/4842 4843/4843 4844/4844
f 4842/4842 4844/4844 4845/4845
f 4526/4526 4519/4519 4844/4844
f 4526/4526 4844/4844 4843/4843
f 4518/4518 4845/4845 4844/4844
f 4518/4518 4844/4844 4519/4519
f 4840/4840 4846/4846 4847/4847
f 4840/4840 4847/4847 4848/4848
f 4525/4525 4524/4524 4846/4846
f 4525/4525 4846/4846 4840/4840
f 4849/4849 4850/4850 4851/4851
f 4849/4849 4851/4851 4843/4843
f 4526/4526 4843/4843 4851/4851
f 4526/4526 4851/4851 4527/4527
f 4852/4852 4853/4853 4854/4854
f 4852/4852 4854/4854 4855/4855
f 4531/4531 4856/4856 4854/4854
f 4531/4531 4854/4854 4853/4853
f 4532/4532 4852/4852 4855/4855
f 4532/4532 4855/4855 4857/4857
f 4532/4532 4531/4531 4853/4853
f 4532/4532 4853/4853 4852/4852
f 4858/4858 4859/4859 4860/4860
f 4858/4858 4860/4860 4861/4861
f 4862/4862 4536/4536 4860/4860
f 4862/4862 4860/4860 4859/4859
f 4863/4863 4858/4858 4861/4861
f 4863/4863 4861/4861 4535/4535
f 4535/4535 4861/4861 4860/4860
f 4535/4535 4860/4860 4536/4536
f 4864/4864 4865/4865 4866/4866
f 4864/4864 4866/4866 4867/4867
f 4544/4544 4543/4543 4865/4865
f 4544/4544 4865/4865 4864/4864
f 4868/4868 4869/4869 4870/4870
f 4868/4868 4870/4870 4871/4871
f 4545/4545 4871/4871 4870/4870
f 4545/4545 4870/4870 4546/4546
f 4872/4872 4873/4873 4874/4874
f 4872/4872 4874/4874 4875/4875
f 4551/4551 4554/4554 4874/4874
f 4551/4551 4874/4874 4873/4873
f 4552/4552 4872/4872 4875/4875
f 4552/4552 4875/4875 4876/4876
f 4552/4552 4551/4551 4873/4873
f 4552/4552 4873/4873 4872/4872
f 4875/4875 4874/4874 4877/4877
f 4875/4875 4877/4877 4878/4878
f 4554/4554 4555/4555 4877/4877
f 4554/4554 4877/4877 4874/4874
f 4555/4555 4556/4556 4879/4879
f 4555/4555 4879/4879 4877/4877
f 4556/4556 4557/4557 4880/4880
f 4556/4556 4880/4880 4879/4879
f 4557/4557 4558/4558 4881/4881
f 4557/4557 4881/4881 4880/4880
f 4558/4558 4559/4559 4882/4882
f 4558/4558 4882/4882 4881/4881
f 4559/4559 4560/4560 4883/4883
f 4559/4559 4883/4883 4882/4882
f 4560/4560 4561/4561 4884/4884
f 4560/4560 4884/4884 4883/4883
f 4561/4561 4562/4562 4885/4885
f 4561/4561 4885/4885 4884/4884
f 4562/4562 4563/4563 4886/4886
f 4562/4562 4886/4886 4885/4885
f 4563/4563 4564/4564 4887/4887
f 4563/4563 4887/4887 4886/4886
f 4564/4564 4565/4565 4888/4888
f 4564/4564 4888/4888 4887/4887
f 4889/4889 4888/4888 4890/4890
f 4889/4889 4890/4890 4891/4891
f 4565/4565 4566/4566 4890/4890
f 4565/4565 4890/4890 4888/4888
f 4891/4891 4890/4890 4892/4892
f 4891/4891 4892/4892 4893/4893
f 4566/4566 4567/4567 4892/4892
f 4566/4566 4892/4892 4890/4890
f 4894/4894 4891/4891 4893/4893
f 4894/4894 4893/4893 4568/4568
f 4568/4568 4893/4893 4892/4892
f 4568/4568 4892/4892 4567/4567
f 4895/4895 4896/4896 4897/4897
f 4895/4895 4897/4897 4898/4898
f 4573/4573 4895/4895 4898/4898
f 4573/4573 4898/4898 4574/4574
f 4573/4573 4586/4586 4896/4896
f 4573/4573 4896/4896 4895/4895
f 4898/4898 4897/4897 4899/4899
f 4898/4898 4899/4899 4900/4900
f 4574/4574 4898/4898 4900/4900
f 4574/4574 4900/4900 4576/4576
f 4900/4900 4899/4899 4901/4901
f 4900/4900 4901/4901 4902/4902
f 4576/4576 4900/4900 4902/4902
f 4576/4576 4902/4902 4578/4578
f 4902/4902 4901/4901 4903/4903
f 4902/4902 4903/4903 4904/4904
f 4578/4578 4902/4902 4904/4904
f 4578/4578 4904/4904 4580/4580
f 4580/4580 4904/4904 4903/4903
f 4580/4580 4903/4903 4587/4587
f 4905/4905 4906/4906 4907/4907
f 4905/4905 4907/4907 4908/4908
f 4595/4595 4905/4905 4908/4908
f 4595/4595 4908/4908 4909/4909
f 4595/4595 4594/4594 4906/4906
f 4595/4595 4906/4906 4905/4905
f 4908/4908 4907/4907 4910/4910
f 4908/4908 4910/4910 4911/4911
f 4909/4909 4908/4908 4911/4911
f 4909/4909 4911/4911 4912/4912
f 4913/4913 4914/4914 4915/4915
f 4913/4913 4915/4915 4916/4916
f 4917/4917 4913/4913 4916/4916
f 4917/4917 4916/4916 4918/4918
f 4916/4916 4915/4915 4919/4919
f 4916/4916 4919/4919 4920/4920
f 4918/4918 4916/4916 4920/4920
f 4918/4918 4920/4920 4597/4597
f 4597/4597 4920/4920 4919/4919
f 4597/4597 4919/4919 4598/4598
f 4604/4604 4606/4606 4921/4921
f 4604/4604 4921/4921 4922/4922
f 4605/4605 4923/4923 4924/4924
f 4605/4605 4924/4924 4607/4607
f 4605/4605 4604/4604 4922/4922
f 4605/4605 4922/4922 4923/4923
f 4606/4606 4608/4608 4925/4925
f 4606/4606 4925/4925 4921/4921
f 4607/4607 4924/4924 4926/4926
f 4607/4607 4926/4926 4609/4609
f 4608/4608 4610/4610 4927/4927
f 4608/4608 4927/4927 4925/4925
f 4609/4609 4926/4926 4928/4928
f 4609/4609 4928/4928 4611/4611
f 4610/4610 4612/4612 4929/4929
f 4610/4610 4929/4929 4927/4927
f 4611/4611 4928/4928 4930/4930
f 4611/4611 4930/4930 4613/4613
f 4612/4612 4614/4614 4931/4931
f 4612/4612 4931/4931 4929/4929
f 4613/4613 4930/4930 4932/4932
f 4613/4613 4932/4932 4615/4615
f 4614/4614 4933/4933 4934/4934
f 4614/4614 4934/4934 4931/4931
f 4615/4615 4932/4932 4935/4935
f 4615/4615 4935/4935 4936/4936
f 4937/4937 4617/4617 4938/4938
f 4937/4937 4938/4938 4939/4939
f 4940/4940 4941/4941 4942/4942
f 4940/4940 4942/4942 4618/4618
f 4617/4617 4616/4616 4943/4943
f 4617/4617 4943/4943 4938/4938
f 4618/4618 4942/4942 4944/4944
f 4618/4618 4944/4944 4619/4619
f 4616/4616 4620/4620 4945/4945
f 4616/4616 4945/4945 4943/4943
f 4619/4619 4944/4944 4946/4946
f 4619/4619 4946/4946 4621/4621
f 4620/4620 4622/4622 4947/4947
f 4620/4620 4947/4947 4945/4945
f 4621/4621 4946/4946 4948/4948
f 4621/4621 4948/4948 4623/4623
f 4622/4622 4624/4624 4949/4949
f 4622/4622 4949/4949 4947/4947
f 4623/4623 4948/4948 4950/4950
f 4623/4623 4950/4950 4625/4625
f 4624/4624 4626/4626 4951/4951
f 4624/4624 4951/4951 4949/4949
f 4625/4625 4950/4950 4952/4952
f 4625/4625 4952/4952 4627/4627
f 4627/4627 4952/4952 4951/4951
f 4627/4627 4951/4951 4626/4626
f 4633/4633 4632/4632 4953/4953
f 4633/4633 4953/4953 4954/4954
f 4634/4634 4955/4955 4956/4956
f 4634/4634 4956/4956 4635/4635
f 4957/4957 4958/4958 4959/4959
f 4957/4957 4959/4959 4960/4960
f 4639/4639 4638/4638 4959/4959
f 4639/4639 4959/4959 4958/4958
f 4640/4640 4957/4957 4960/4960
f 4640/4640 4960/4960 4641/4641
f 4640/4640 4639/4639 4958/4958
f 4640/4640 4958/4958 4957/4957
f 4638/4638 4642/4642 4961/4961
f 4638/4638 4961/4961 4959/4959
f 4641/4641 4960/4960 4962/4962
f 4641/4641 4962/4962 4643/4643
f 4642/4642 4644/4644 4963/4963
f 4642/4642 4963/4963 4961/4961
f 4643/4643 4962/4962 4964/4964
f 4643/4643 4964/4964 4645/4645
f 4644/4644 4646/4646 4965/4965
f 4644/4644 4965/4965 4963/4963
f 4645/4645 4964/4964 4966/4966
f 4645/4645 4966/4966 4647/4647
f 4646/4646 4648/4648 4967/4967
f 4646/4646 4967/4967 4965/4965
f 4647/4647 4966/4966 4968/4968
f 4647/4647 4968/4968 4649/4649
f 4648/4648 4651/4651 4969/4969
f 4648/4648 4969/4969 4967/4967
f 4649/4649 4968/4968 4970/4970
f 4649/4649 4970/4970 4652/4652
f 4652/4652 4970/4970 4971/4971
f 4652/4652 4971/4971 4972/4972
f 4973/4973 4974/4974 4975/4975
f 4973/4973 4975/4975 4656/4656
f 4655/4655 4654/4654 4976/4976
f 4655/4655 4976/4976 4977/4977
f 4656/4656 4975/4975 4978/4978
f 4656/4656 4978/4978 4657/4657
f 4654/4654 4658/4658 4979/4979
f 4654/4654 4979/4979 4976/4976
f 4657/4657 4978/4978 4980/4980
f 4657/4657 4980/4980 4659/4659
f 4658/4658 4660/4660 4981/4981
f 4658/4658 4981/4981 4979/4979
f 4659/4659 4980/4980 4982/4982
f 4659/4659 4982/4982 4661/4661
f 4660/4660 4662/4662 4983/4983
f 4660/4660 4983/4983 4981/4981
f 4661/4661 4982/4982 4984/4984
f 4661/4661 4984/4984 4663/4663
f 4662/4662 4664/4664 4985/4985
f 4662/4662 4985/4985 4983/4983
f 4663/4663 4984/4984 4986/4986
f 4663/4663 4986/4986 4665/4665
f 4986/4986 4985/4985 4987/4987
f 4986/4986 4987/4987 4988/4988
f 4664/4664 4666/4666 4987/4987
f 4664/4664 4987/4987 4985/4985
f 4665/4665 4986/4986 4988/4988
f 4665/4665 4988/4988 4667/4667
f 4667/4667 4988/4988 4987/4987
f 4667/4667 4987/4987 4666/4666
f 4989/4989 4990/4990 4991/4991
f 4989/4989 4991/4991 4992/4992
f 4668/4668 4993/4993 4991/4991
f 4668/4668 4991/4991 4990/4990
f 4669/4669 4668/4668 4990/4990
f 4669/4669 4990/4990 4989/4989
f 4994/4994 4995/4995 4996/4996
f 4994/4994 4996/4996 4997/4997
f 4998/4998 4671/4671 4996/4996
f 4998/4998 4996/4996 4995/4995
f 4670/4670 4997/4997 4996/4996
f 4670/4670 4996/4996 4671/4671
f 4999/4999 5000/5000 5001/5001
f 4999/4999 5001/5001 5002/5002
f 4674/4674 4677/4677 5001/5001
f 4674/4674 5001/5001 5000/5000
f 4675/4675 4674/4674 5000/5000
f 4675/4675 5000/5000 4999/4999
f 4677/4677 5003/5003 5004/5004
f 4677/4677 5004/5004 5001/5001
f 5003/5003 5005/5005 5006/5006
f 5003/5003 5006/5006 5004/5004
f 5005/5005 5007/5007 5008/5008
f 5005/5005 5008/5008 5006/5006
f 5007/5007 5009/5009 5010/5010
f 5007/5007 5010/5010 5008/5008
f 5009/5009 5011/5011 5012/5012
f 5009/5009 5012/5012 5010/5010
f 5011/5011 4680/4680 5013/5013
f 5011/5011 5013/5013 5012/5012
f 5014/5014 5013/5013 5015/5015
f 5014/5014 5015/5015 5016/5016
f 4680/4680 4679/4679 5015/5015
f 4680/4680 5015/5015 5013/5013
f 4681/4681 5016/5016 5015/5015
f 4681/4681 5015/5015 4679/4679
f 5017/5017 5018/5018 5019/5019
f 5017/5017 5019/5019 5020/5020
f 4701/4701 5017/5017 5020/5020
f 4701/4701 5020/5020 4703/4703
f 4701/4701 4700/4700 5018/5018
f 4701/4701 5018/5018 5017/5017
f 5020/5020 5019/5019 5021/5021
f 5020/5020 5021/5021 5022/5022
f 4703/4703 5020/5020 5022/5022
f 4703/4703 5022/5022 4704/4704
f 5022/5022 5021/5021 5023/5023
f 5022/5022 5023/5023 5024/5024
f 4704/4704 5022/5022 5024/5024
f 4704/4704 5024/5024 4705/4705
f 5024/5024 5023/5023 5025/5025
f 5024/5024 5025/5025 5026/5026
f 4705/4705 5024/5024 5026/5026
f 4705/4705 5026/5026 4708/4708
f 4708/4708 5026/5026 5025/5025
f 4708/4708 5025/5025 4706/4706
f 5027/5027 5028/5028 5029/5029
f 5027/5027 5029/5029 5030/5030
f 5031/5031 4716/4716 4715/4715
f 5031/5031 4715/4715 5032/5032
f 5031/5031 5032/5032 5028/5028
f 5031/5031 5028/5028 5027/5027
f 5033/5033 5034/5034 5035/5035
f 5033/5033 5035/5035 5036/5036
f 4719/4719 5037/5037 5038/5038
f 4719/4719 5038/5038 4720/4720
f 5037/5037 5036/5036 5035/5035
f 5037/5037 5035/5035 5038/5038
f 5039/5039 5040/5040 5041/5041
f 5039/5039 5041/5041 5042/5042
f 4723/4723 4725/4725 5041/5041
f 4723/4723 5041/5041 5040/5040
f 4724/4724 5039/5039 5042/5042
f 4724/4724 5042/5042 4726/4726
f 4724/4724 4723/4723 5040/5040
f 4724/4724 5040/5040 5039/5039
f 4725/4725 4727/4727 5043/5043
f 4725/4725 5043/5043 5041/5041
f 4727/4727 4729/4729 5044/5044
f 4727/4727 5044/5044 5043/5043
f 4729/4729 4730/4730 5045/5045
f 4729/4729 5045/5045 5044/5044
f 4730/4730 4731/4731 5046/5046
f 4730/4730 5046/5046 5045/5045
f 5047/5047 5046/5046 5048/5048
f 5047/5047 5048/5048 5049/5049
f 4731/4731 4734/4734 5048/5048
f 4731/4731 5048/5048 5046/5046
f 4733/4733 5047/5047 5049/5049
f 4733/4733 5049/5049 4735/4735
f 4735/4735 5049/5049 5048/5048
f 4735/4735 5048/5048 4734/4734
f 5050/5050 5051/5051 5052/5052
f 5050/5050 5052/5052 5053/5053
f 4742/4742 4744/4744 5052/5052
f 4742/4742 5052/5052 5051/5051
f 4743/4743 5050/5050 5053/5053
f 4743/4743 5053/5053 4745/4745
f 4743/4743 4742/4742 5051/5051
f 4743/4743 5051/5051 5050/5050
f 5053/5053 5052/5052 5054/5054
f 5053/5053 5054/5054 5055/5055
f 4744/4744 4747/4747 5054/5054
f 4744/4744 5054/5054 5052/5052
f 4745/4745 5053/5053 5055/5055
f 4745/4745 5055/5055 4748/4748
f 5055/5055 5054/5054 5056/5056
f 5055/5055 5056/5056 5057/5057
f 4747/4747 4750/4750 5056/5056
f 4747/4747 5056/5056 5054/5054
f 4748/4748 5055/5055 5057/5057
f 4748/4748 5057/5057 4751/4751
f 5057/5057 5056/5056 5058/5058
f 5057/5057 5058/5058 5059/5059
f 4750/4750 4753/4753 5058/5058
f 4750/4750 5058/5058 5056/5056
f 4751/4751 5057/5057 5059/5059
f 4751/4751 5059/5059 4754/4754
f 5059/5059 5058/5058 5060/5060
f 5059/5059 5060/5060 5061/5061
f 4753/4753 4755/4755 5060/5060
f 4753/4753 5060/5060 5058/5058
f 4754/4754 5059/5059 5061/5061
f 4754/4754 5061/5061 4756/4756
f 5061/5061 5060/5060 5062/5062
f 5061/5061 5062/5062 5063/5063
f 4755/4755 4757/4757 5062/5062
f 4755/4755 5062/5062 5060/5060
f 4756/4756 5061/5061 5063/5063
f 4756/4756 5063/5063 4758/4758
f 4758/4758 5063/5063 5062/5062
f 4758/4758 5062/5062 4757/4757
f 5064/5064 5065/5065 5066/5066
f 5064/5064 5066/5066 5067/5067
f 4785/4785 5064/5064 5067/5067
f 4785/4785 5067/5067 5068/5068
f 4785/4785 4784/4784 5065/5065
f 4785/4785 5065/5065 5064/5064
f 5067/5067 5066/5066 5069/5069
f 5067/5067 5069/5069 5070/5070
f 5068/5068 5067/5067 5070/5070
f 5068/5068 5070/5070 5071/5071
f 5070/5070 5069/5069 5072/5072
f 5070/5070 5072/5072 5073/5073
f 5071/5071 5070/5070 5073/5073
f 5071/5071 5073/5073 5074/5074
f 5073/5073 5072/5072 5075/5075
f 5073/5073 5075/5075 5076/5076
f 5074/5074 5073/5073 5076/5076
f 5074/5074 5076/5076 5077/5077
f 5076/5076 5075/5075 5078/5078
f 5076/5076 5078/5078 5079/5079
f 5077/5077 5076/5076 5079/5079
f 5077/5077 5079/5079 5080/5080
f 5079/5079 5078/5078 5081/5081
f 5079/5079 5081/5081 5082/5082
f 5080/5080 5079/5079 5082/5082
f 5080/5080 5082/5082 4787/4787
f 4787/4787 5082/5082 5081/5081
f 4787/4787 5081/5081 4788/4788
f 5083/5083 5084/5084 5085/5085
f 5083/5083 5085/5085 5086/5086
f 4797/4797 5083/5083 5086/5086
f 4797/4797 5086/5086 5087/5087
f 4797/4797 4796/4796 5084/5084
f 4797/4797 5084/5084 5083/5083
f 5086/5086 5085/5085 5088/5088
f 5086/5086 5088/5088 5089/5089
f 5087/5087 5086/5086 5089/5089
f 5087/5087 5089/5089 5090/5090
f 5091/5091 5092/5092 5093/5093
f 5091/5091 5093/5093 5094/5094
f 5095/5095 5091/5091 5094/5094
f 5095/5095 5094/5094 5096/5096
f 5094/5094 5093/5093 5097/5097
f 5094/5094 5097/5097 5098/5098
f 5096/5096 5094/5094 5098/5098
f 5096/5096 5098/5098 4799/4799
f 4799/4799 5098/5098 5097/5097
f 4799/4799 5097/5097 4800/4800
f 5084/5084 5099/5099 5100/5100
f 5084/5084 5100/5100 5085/5085
f 4796/4796 4805/4805 5099/5099
f 4796/4796 5099/5099 5084/5084
f 5085/5085 5100/5100 5101/5101
f 5085/5085 5101/5101 5088/5088
f 5092/5092 5102/5102 5103/5103
f 5092/5092 5103/5103 5093/5093
f 5093/5093 5103/5103 5104/5104
f 5093/5093 5104/5104 5097/5097
f 4800/4800 5097/5097 5104/5104
f 4800/4800 5104/5104 4806/4806
f 5105/5105 5106/5106 5107/5107
f 5105/5105 5107/5107 5108/5108
f 4811/4811 4810/4810 5106/5106
f 4811/4811 5106/5106 5105/5105
f 5108/5108 5107/5107 5109/5109
f 5108/5108 5109/5109 5110/5110
f 5111/5111 5112/5112 5113/5113
f 5111/5111 5113/5113 5114/5114
f 5114/5114 5113/5113 5115/5115
f 5114/5114 5115/5115 5116/5116
f 4812/4812 5116/5116 5115/5115
f 4812/4812 5115/5115 4813/4813
f 5117/5117 5118/5118 5119/5119
f 5117/5117 5119/5119 5120/5120
f 4819/4819 4818/4818 5118/5118
f 4819/4819 5118/5118 5117/5117
f 5121/5121 5122/5122 5123/5123
f 5121/5121 5123/5123 5124/5124
f 4820/4820 5124/5124 5123/5123
f 4820/4820 5123/5123 4821/4821
f 5125/5125 5126/5126 5127/5127
f 5125/5125 5127/5127 5128/5128
f 4825/4825 5125/5125 5128/5128
f 4825/4825 5128/5128 5129/5129
f 4825/4825 4824/4824 5126/5126
f 4825/4825 5126/5126 5125/5125
f 5130/5130 5131/5131 5132/5132
f 5130/5130 5132/5132 5133/5133
f 5134/5134 5130/5130 5133/5133
f 5134/5134 5133/5133 4826/4826
f 4826/4826 5133/5133 5132/5132
f 4826/4826 5132/5132 4827/4827
f 5135/5135 5136/5136 5137/5137
f 5135/5135 5137/5137 5138/5138
f 4831/4831 4830/4830 5136/5136
f 4831/4831 5136/5136 5135/5135
f 5139/5139 5140/5140 5141/5141
f 5139/5139 5141/5141 5142/5142
f 4833/4833 5142/5142 5141/5141
f 4833/4833 5141/5141 4834/4834
f 5143/5143 5144/5144 5145/5145
f 5143/5143 5145/5145 5146/5146
f 4840/4840 4848/4848 5145/5145
f 4840/4840 5145/5145 5144/5144
f 4841/4841 4840/4840 5144/5144
f 4841/4841 5144/5144 5143/5143
f 5147/5147 5148/5148 5149/5149
f 5147/5147 5149/5149 5150/5150
f 4849/4849 4843/4843 5149/5149
f 4849/4849 5149/5149 5148/5148
f 4842/4842 5150/5150 5149/5149
f 4842/4842 5149/5149 4843/4843
f 5145/5145 5151/5151 5152/5152
f 5145/5145 5152/5152 5153/5153
f 4848/4848 4847/4847 5151/5151
f 4848/4848 5151/5151 5145/5145
f 5153/5153 5152/5152 5154/5154
f 5153/5153 5154/5154 5155/5155
f 5156/5156 5157/5157 5158/5158
f 5156/5156 5158/5158 5159/5159
f 5159/5159 5158/5158 5160/5160
f 5159/5159 5160/5160 5148/5148
f 4849/4849 5148/5148 5160/5160
f 4849/4849 5160/5160 4850/4850
f 5161/5161 5162/5162 5163/5163
f 5161/5161 5163/5163 5164/5164
f 4854/4854 5165/5165 5163/5163
f 4854/4854 5163/5163 5162/5162
f 4855/4855 5161/5161 5164/5164
f 4855/4855 5164/5164 5166/5166
f 4855/4855 4854/4854 5162/5162
f 4855/4855 5162/5162 5161/5161
f 5167/5167 5168/5168 5169/5169
f 5167/5167 5169/5169 5170/5170
f 5171/5171 4859/4859 5169/5169
f 5171/5171 5169/5169 5168/5168
f 5172/5172 5167/5167 5170/5170
f 5172/5172 5170/5170 4858/4858
f 4858/4858 5170/5170 5169/5169
f 4858/4858 5169/5169 4859/4859
f 5173/5173 5174/5174 5175/5175
f 5173/5173 5175/5175 5176/5176
f 4867/4867 4866/4866 5174/5174
f 4867/4867 5174/5174 5173/5173
f 5176/5176 5175/5175 5177/5177
f 5176/5176 5177/5177 5178/5178
f 5179/5179 5180/5180 5181/5181
f 5179/5179 5181/5181 5182/5182
f 5182/5182 5181/5181 5183/5183
f 5182/5182 5183/5183 5184/5184
f 4868/4868 5184/5184 5183/5183
f 4868/4868 5183/5183 4869/4869
f 5185/5185 5186/5186 5187/5187
f 5185/5185 5187/5187 5188/5188
f 4877/4877 4879/4879 5187/5187
f 4877/4877 5187/5187 5186/5186
f 4878/4878 4877/4877 5186/5186
f 4878/4878 5186/5186 5185/5185
f 5188/5188 5187/5187 5189/5189
f 5188/5188 5189/5189 5190/5190
f 4879/4879 4880/4880 5189/5189
f 4879/4879 5189/5189 5187/5187
f 4880/4880 4881/4881 5191/5191
f 4880/4880 5191/5191 5189/5189
f 4881/4881 4882/4882 5192/5192
f 4881/4881 5192/5192 5191/5191
f 4882/4882 4883/4883 5193/5193
f 4882/4882 5193/5193 5192/5192
f 4883/4883 4884/4884 5194/5194
f 4883/4883 5194/5194 5193/5193
f 4884/4884 4885/4885 5195/5195
f 4884/4884 5195/5195 5194/5194
f 4885/4885 4886/4886 5196/5196
f 4885/4885 5196/5196 5195/5195
f 5197/5197 5196/5196 5198/5198
f 5197/5197 5198/5198 5199/5199
f 4886/4886 4887/4887 5198/5198
f 4886/4886 5198/5198 5196/5196
f 5199/5199 5198/5198 5200/5200
f 5199/5199 5200/5200 5201/5201
f 4887/4887 4888/4888 5200/5200
f 4887/4887 5200/5200 5198/5198
f 4889/4889 5201/5201 5200/5200
f 4889/4889 5200/5200 4888/4888
f 5202/5202 5203/5203 5204/5204
f 5202/5202 5204/5204 5205/5205
f 4911/4911 5202/5202 5205/5205
f 4911/4911 5205/5205 5206/5206
f 4911/4911 4910/4910 5203/5203
f 4911/4911 5203/5203 5202/5202
f 5205/5205 5204/5204 5207/5207
f 5205/5205 5207/5207 5208/5208
f 5206/5206 5205/5205 5208/5208
f 5206/5206 5208/5208 5209/5209
f 5208/5208 5207/5207 5210/5210
f 5208/5208 5210/5210 5211/5211
f 5209/5209 5208/5208 5211/5211
f 5209/5209 5211/5211 5212/5212
f 5211/5211 5210/5210 5213/5213
f 5211/5211 5213/5213 5214/5214
f 5212/5212 5211/5211 5214/5214
f 5212/5212 5214/5214 4913/4913
f 4913/4913 5214/5214 5213/5213
f 4913/4913 5213/5213 4914/4914
f 5215/5215 5216/5216 5217/5217
f 5215/5215 5217/5217 5218/5218
f 4922/4922 4921/4921 5217/5217
f 4922/4922 5217/5217 5216/5216
f 4923/4923 5215/5215 5218/5218
f 4923/4923 5218/5218 4924/4924
f 4923/4923 4922/4922 5216/5216
f 4923/4923 5216/5216 5215/5215
f 4921/4921 4925/4925 5219/5219
f 4921/4921 5219/5219 5217/5217
f 4924/4924 5218/5218 5220/5220
f 4924/4924 5220/5220 4926/4926
f 4925/4925 4927/4927 5221/5221
f 4925/4925 5221/5221 5219/5219
f 4926/4926 5220/5220 5222/5222
f 4926/4926 5222/5222 4928/4928
f 4927/4927 4929/4929 5223/5223
f 4927/4927 5223/5223 5221/5221
f 4928/4928 5222/5222 5224/5224
f 4928/4928 5224/5224 4930/4930
f 4929/4929 4931/4931 5225/5225
f 4929/4929 5225/5225 5223/5223
f 4930/4930 5224/5224 5226/5226
f 4930/4930 5226/5226 4932/4932
f 4931/4931 4934/4934 5227/5227
f 4931/4931 5227/5227 5225/5225
f 4932/4932 5226/5226 5228/5228
f 4932/4932 5228/5228 4935/4935
f 4935/4935 5228/5228 5229/5229
f 4935/4935 5229/5229 5230/5230
f 5230/5230 5229/5229 5231/5231
f 5230/5230 5231/5231 5232/5232
f 5233/5233 5234/5234 5235/5235
f 5233/5233 5235/5235 5236/5236
f 5236/5236 5235/5235 5237/5237
f 5236/5236 5237/5237 4941/4941
f 4939/4939 4938/4938 5238/5238
f 4939/4939 5238/5238 5239/5239
f 4941/4941 5237/5237 5240/5240
f 4941/4941 5240/5240 4942/4942
f 4938/4938 4943/4943 5241/5241
f 4938/4938 5241/5241 5238/5238
f 4942/4942 5240/5240 5242/5242
f 4942/4942 5242/5242 4944/4944
f 4943/4943 4945/4945 5243/5243
f 4943/4943 5243/5243 5241/5241
f 4944/4944 5242/5242 5244/5244
f 4944/4944 5244/5244 4946/4946
f 4945/4945 4947/4947 5245/5245
f 4945/4945 5245/5245 5243/5243
f 4946/4946 5244/5244 5246/5246
f 4946/4946 5246/5246 4948/4948
f 4947/4947 4949/4949 5247/5247
f 4947/4947 5247/5247 5245/5245
f 4948/4948 5246/5246 5248/5248
f 4948/4948 5248/5248 4950/4950
f 5248/5248 5247/5247 5249/5249
f 5248/5248 5249/5249 5250/5250
f 4949/4949 4951/4951 5249/5249
f 4949/4949 5249/5249 5247/5247
f 4950/4950 5248/5248 5250/5250
f 4950/4950 5250/5250 4952/4952
f 4952/4952 5250/5250 5249/5249
f 4952/4952 5249/5249 4951/4951
f 5251/5251 5252/5252 5253/5253
f 5251/5251 5253/5253 5254/5254
f 4954/4954 4953/4953 5252/5252
f 4954/4954 5252/5252 5251/5251
f 5254/5254 5253/5253 5255/5255
f 5254/5254 5255/5255 5256/5256
f 5257/5257 5258/5258 5259/5259
f 5257/5257 5259/5259 5260/5260
f 5260/5260 5259/5259 5261/5261
f 5260/5260 5261/5261 5262/5262
f 4955/4955 5262/5262 5261/5261
f 4955/4955 5261/5261 4956/4956
f 4959/4959 4961/4961 5263/5263
f 4959/4959 5263/5263 5264/5264
f 4960/4960 5265/5265 5266/5266
f 4960/4960 5266/5266 4962/4962
f 4960/4960 4959/4959 5264/5264
f 4960/4960 5264/5264 5265/5265
f 4961/4961 4963/4963 5267/5267
f 4961/4961 5267/5267 5263/5263
f 4962/4962 5266/5266 5268/5268
f 4962/4962 5268/5268 4964/4964
f 4963/4963 4965/4965 5269/5269
f 4963/4963 5269/5269 5267/5267
f 4964/4964 5268/5268 5270/5270
f 4964/4964 5270/5270 4966/4966
f 4965/4965 4967/4967 5271/5271
f 4965/4965 5271/5271 5269/5269
f 4966/4966 5270/5270 5272/5272
f 4966/4966 5272/5272 4968/4968
f 4967/4967 4969/4969 5273/5273
f 4967/4967 5273/5273 5271/5271
f 4968/4968 5272/5272 5274/5274
f 4968/4968 5274/5274 4970/4970
f 4969/4969 5275/5275 5276/5276
f 4969/4969 5276/5276 5273/5273
f 4970/4970 5274/5274 5277/5277
f 4970/4970 5277/5277 4971/4971
f 5278/5278 4977/4977 5279/5279
f 5278/5278 5279/5279 5280/5280
f 4974/4974 5281/5281 5282/5282
f 4974/4974 5282/5282 4975/4975
f 4977/4977 4976/4976 5283/5283
f 4977/4977 5283/5283 5279/5279
f 4975/4975 5282/5282 5284/5284
f 4975/4975 5284/5284 4978/4978
f 4976/4976 4979/4979 5285/5285
f 4976/4976 5285/5285 5283/5283
f 4978/4978 5284/5284 5286/5286
f 4978/4978 5286/5286 4980/4980
f 4979/4979 4981/4981 5287/5287
f 4979/4979 5287/5287 5285/5285
f 4980/4980 5286/5286 5288/5288
f 4980/4980 5288/5288 4982/4982
f 4981/4981 4983/4983 5289/5289
f 4981/4981 5289/5289 5287/5287
f 4982/4982 5288/5288 5290/5290
f 4982/4982 5290/5290 4984/4984
f 4983/4983 4985/4985 5291/5291
f 4983/4983 5291/5291 5289/5289
f 4984/4984 5290/5290 5292/5292
f 4984/4984 5292/5292 4986/4986
f 4986/4986 5292/5292 5291/5291
f 4986/4986 5291/5291 4985/4985
f 5293/5293 5294/5294 5295/5295
f 5293/5293 5295/5295 5296/5296
f 4991/4991 5297/5297 5295/5295
f 4991/4991 5295/5295 5294/5294
f 4992/4992 4991/4991 5294/5294
f 4992/4992 5294/5294 5293/5293
f 5296/5296 5295/5295 5298/5298
f 5296/5296 5298/5298 5299/5299
f 5300/5300 5301/5301 5302/5302
f 5300/5300 5302/5302 5303/5303
f 5303/5303 5302/5302 5304/5304
f 5303/5303 5304/5304 5305/5305
f 5306/5306 4995/4995 5304/5304
f 5306/5306 5304/5304 5302/5302
f 4994/4994 5305/5305 5304/5304
f 4994/4994 5304/5304 4995/4995
f 5307/5307 5308/5308 5309/5309
f 5307/5307 5309/5309 5310/5310
f 5001/5001 5004/5004 5309/5309
f 5001/5001 5309/5309 5308/5308
f 5002/5002 5001/5001 5308/5308
f 5002/5002 5308/5308 5307/5307
f 5310/5310 5309/5309 5311/5311
f 5310/5310 5311/5311 5312/5312
f 5004/5004 5006/5006 5311/5311
f 5004/5004 5311/5311 5309/5309
f 5312/5312 5311/5311 5313/5313
f 5312/5312 5313/5313 5314/5314
f 5006/5006 5008/5008 5313/5313
f 5006/5006 5313/5313 5311/5311
f 5314/5314 5313/5313 5315/5315
f 5314/5314 5315/5315 5316/5316
f 5008/5008 5010/5010 5315/5315
f 5008/5008 5315/5315 5313/5313
f 5316/5316 5315/5315 5317/5317
f 5316/5316 5317/5317 5318/5318
f 5010/5010 5012/5012 5317/5317
f 5010/5010 5317/5317 5315/5315
f 5318/5318 5317/5317 5319/5319
f 5318/5318 5319/5319 5320/5320
f 5012/5012 5013/5013 5319/5319
f 5012/5012 5319/5319 5317/5317
f 5014/5014 5320/5320 5319/5319
f 5014/5014 5319/5319 5013/5013
f 5321/5321 5322/5322 5323/5323
f 5321/5321 5323/5323 5324/5324
f 5030/5030 5321/5321 5324/5324
f 5030/5030 5324/5324 5325/5325
f 5030/5030 5029/5029 5322/5322
f 5030/5030 5322/5322 5321/5321
f 5324/5324 5323/5323 5326/5326
f 5324/5324 5326/5326 5327/5327
f 5325/5325 5324/5324 5327/5327
f 5325/5325 5327/5327 5033/5033
f 5033/5033 5327/5327 5326/5326
f 5033/5033 5326/5326 5034/5034
f 5328/5328 5329/5329 5330/5330
f 5328/5328 5330/5330 5331/5331
f 5041/5041 5043/5043 5330/5330
f 5041/5041 5330/5330 5329/5329
f 5042/5042 5328/5328 5331/5331
f 5042/5042 5331/5331 5332/5332
f 5042/5042 5041/5041 5329/5329
f 5042/5042 5329/5329 5328/5328
f 5331/5331 5330/5330 5333/5333
f 5331/5331 5333/5333 5334/5334
f 5043/5043 5044/5044 5333/5333
f 5043/5043 5333/5333 5330/5330
f 5334/5334 5333/5333 5335/5335
f 5334/5334 5335/5335 5336/5336
f 5044/5044 5045/5045 5335/5335
f 5044/5044 5335/5335 5333/5333
f 5336/5336 5335/5335 5337/5337
f 5336/5336 5337/5337 5338/5338
f 5045/5045 5046/5046 5337/5337
f 5045/5045 5337/5337 5335/5335
f 5339/5339 5336/5336 5338/5338
f 5339/5339 5338/5338 5047/5047
f 5047/5047 5338/5338 5337/5337
f 5047/5047 5337/5337 5046/5046
f 5340/5340 5341/5341 5342/5342
f 5340/5340 5342/5342 5343/5343
f 5089/5089 5340/5340 5343/5343
f 5089/5089 5343/5343 5344/5344
f 5089/5089 5088/5088 5341/5341
f 5089/5089 5341/5341 5340/5340
f 5343/5343 5342/5342 5345/5345
f 5343/5343 5345/5345 5346/5346
f 5344/5344 5343/5343 5346/5346
f 5344/5344 5346/5346 5347/5347
f 5346/5346 5345/5345 5348/5348
f 5346/5346 5348/5348 5349/5349
f 5347/5347 5346/5346 5349/5349
f 5347/5347 5349/5349 5350/5350
f 5349/5349 5348/5348 5351/5351
f 5349/5349 5351/5351 5352/5352
f 5350/5350 5349/5349 5352/5352
f 5350/5350 5352/5352 5353/5353
f 5352/5352 5351/5351 5354/5354
f 5352/5352 5354/5354 5355/5355
f 5353/5353 5352/5352 5355/5355
f 5353/5353 5355/5355 5356/5356
f 5355/5355 5354/5354 5357/5357
f 5355/5355 5357/5357 5358/5358
f 5356/5356 5355/5355 5358/5358
f 5356/5356 5358/5358 5091/5091
f 5091/5091 5358/5358 5357/5357
f 5091/5091 5357/5357 5092/5092
f 5341/5341 5359/5359 5360/5360
f 5341/5341 5360/5360 5342/5342
f 5088/5088 5101/5101 5359/5359
f 5088/5088 5359/5359 5341/5341
f 5342/5342 5360/5360 5361/5361
f 5342/5342 5361/5361 5345/5345
f 5345/5345 5361/5361 5362/5362
f 5345/5345 5362/5362 5348/5348
f 5348/5348 5362/5362 5363/5363
f 5348/5348 5363/5363 5351/5351
f 5351/5351 5363/5363 5364/5364
f 5351/5351 5364/5364 5354/5354
f 5354/5354 5364/5364 5365/5365
f 5354/5354 5365/5365 5357/5357
f 5092/5092 5357/5357 5365/5365
f 5092/5092 5365/5365 5102/5102
f 5366/5366 5367/5367 5368/5368
f 5366/5366 5368/5368 5369/5369
f 5110/5110 5109/5109 5367/5367
f 5110/5110 5367/5367 5366/5366
f 5369/5369 5368/5368 5370/5370
f 5369/5369 5370/5370 5371/5371
f 5371/5371 5370/5370 5372/5372
f 5371/5371 5372/5372 5373/5373
f 5373/5373 5372/5372 5374/5374
f 5373/5373 5374/5374 5375/5375
f 5375/5375 5374/5374 5376/5376
f 5375/5375 5376/5376 5377/5377
f 5377/5377 5376/5376 5378/5378
f 5377/5377 5378/5378 5379/5379
f 5111/5111 5379/5379 5378/5378
f 5111/5111 5378/5378 5112/5112
f 5380/5380 5381/5381 5382/5382
f 5380/5380 5382/5382 5383/5383
f 5120/5120 5380/5380 5383/5383
f 5120/5120 5383/5383 5384/5384
f 5120/5120 5119/5119 5381/5381
f 5120/5120 5381/5381 5380/5380
f 5385/5385 5386/5386 5387/5387
f 5385/5385 5387/5387 5388/5388
f 5389/5389 5385/5385 5388/5388
f 5389/5389 5388/5388 5121/5121
f 5121/5121 5388/5388 5387/5387
f 5121/5121 5387/5387 5122/5122
f 5390/5390 5391/5391 5392/5392
f 5390/5390 5392/5392 5393/5393
f 5128/5128 5390/5390 5393/5393
f 5128/5128 5393/5393 5394/5394
f 5128/5128 5127/5127 5391/5391
f 5128/5128 5391/5391 5390/5390
f 5393/5393 5392/5392 5395/5395
f 5393/5393 5395/5395 5396/5396
f 5397/5397 5398/5398 5399/5399
f 5397/5397 5399/5399 5400/5400
f 5400/5400 5399/5399 5401/5401
f 5400/5400 5401/5401 5402/5402
f 5403/5403 5400/5400 5402/5402
f 5403/5403 5402/5402 5130/5130
f 5130/5130 5402/5402 5401/5401
f 5130/5130 5401/5401 5131/5131
f 5404/5404 5405/5405 5406/5406
f 5404/5404 5406/5406 5407/5407
f 5138/5138 5137/5137 5405/5405
f 5138/5138 5405/5405 5404/5404
f 5407/5407 5406/5406 5408/5408
f 5407/5407 5408/5408 5409/5409
f 5410/5410 5411/5411 5412/5412
f 5410/5410 5412/5412 5413/5413
f 5413/5413 5412/5412 5414/5414
f 5413/5413 5414/5414 5415/5415
f 5139/5139 5415/5415 5414/5414
f 5139/5139 5414/5414 5140/5140
f 5416/5416 5417/5417 5418/5418
f 5416/5416 5418/5418 5419/5419
f 5145/5145 5153/5153 5418/5418
f 5145/5145 5418/5418 5417/5417
f 5146/5146 5145/5145 5417/5417
f 5146/5146 5417/5417 5416/5416
f 5419/5419 5418/5418 5420/5420
f 5419/5419 5420/5420 5421/5421
f 5153/5153 5155/5155 5420/5420
f 5153/5153 5420/5420 5418/5418
f 5422/5422 5423/5423 5424/5424
f 5422/5422 5424/5424 5425/5425
f 5156/5156 5159/5159 5424/5424
f 5156/5156 5424/5424 5423/5423
f 5425/5425 5424/5424 5426/5426
f 5425/5425 5426/5426 5427/5427
f 5159/5159 5148/5148 5426/5426
f 5159/5159 5426/5426 5424/5424
f 5147/5147 5427/5427 5426/5426
f 5147/5147 5426/5426 5148/5148
f 5420/5420 5428/5428 5429/5429
f 5420/5420 5429/5429 5430/5430
f 5155/5155 5154/5154 5428/5428
f 5155/5155 5428/5428 5420/5420
f 5430/5430 5429/5429 5431/5431
f 5430/5430 5431/5431 5432/5432
f 5432/5432 5431/5431 5433/5433
f 5432/5432 5433/5433 5434/5434
f 5434/5434 5433/5433 5435/5435
f 5434/5434 5435/5435 5436/5436
f 5436/5436 5435/5435 5437/5437
f 5436/5436 5437/5437 5438/5438
f 5438/5438 5437/5437 5439/5439
f 5438/5438 5439/5439 5423/5423
f 5156/5156 5423/5423 5439/5439
f 5156/5156 5439/5439 5157/5157
f 5440/5440 5441/5441 5442/5442
f 5440/5440 5442/5442 5443/5443
f 5163/5163 5444/5444 5442/5442
f 5163/5163 5442/5442 5441/5441
f 5164/5164 5440/5440 5443/5443
f 5164/5164 5443/5443 5445/5445
f 5164/5164 5163/5163 5441/5441
f 5164/5164 5441/5441 5440/5440
f 5443/5443 5442/5442 5446/5446
f 5443/5443 5446/5446 5447/5447
f 5444/5444 5448/5448 5446/5446
f 5444/5444 5446/5446 5442/5442
f 5445/5445 5443/5443 5447/5447
f 5445/5445 5447/5447 5449/5449
f 5450/5450 5451/5451 5452/5452
f 5450/5450 5452/5452 5453/5453
f 5454/5454 5455/5455 5452/5452
f 5454/5454 5452/5452 5451/5451
f 5456/5456 5450/5450 5453/5453
f 5456/5456 5453/5453 5457/5457
f 5453/5453 5452/5452 5458/5458
f 5453/5453 5458/5458 5459/5459
f 5455/5455 5168/5168 5458/5458
f 5455/5455 5458/5458 5452/5452
f 5457/5457 5453/5453 5459/5459
f 5457/5457 5459/5459 5167/5167
f 5167/5167 5459/5459 5458/5458
f 5167/5167 5458/5458 5168/5168
f 5460/5460 5461/5461 5462/5462
f 5460/5460 5462/5462 5463/5463
f 5178/5178 5177/5177 5461/5461
f 5178/5178 5461/5461 5460/5460
f 5463/5463 5462/5462 5464/5464
f 5463/5463 5464/5464 5465/5465
f 5465/5465 5464/5464 5466/5466
f 5465/5465 5466/5466 5467/5467
f 5467/5467 5466/5466 5468/5468
f 5467/5467 5468/5468 5469/5469
f 5469/5469 5468/5468 5470/5470
f 5469/5469 5470/5470 5471/5471
f 5471/5471 5470/5470 5472/5472
f 5471/5471 5472/5472 5473/5473
f 5179/5179 5473/5473 5472/5472
f 5179/5179 5472/5472 5180/5180
f 5474/5474 5475/5475 5476/5476
f 5474/5474 5476/5476 5477/5477
f 5189/5189 5191/5191 5476/5476
f 5189/5189 5476/5476 5475/5475
f 5190/5190 5189/5189 5475/5475
f 5190/5190 5475/5475 5474/5474
f 5477/5477 5476/5476 5478/5478
f 5477/5477 5478/5478 5479/5479
f 5191/5191 5192/5192 5478/5478
f 5191/5191 5478/5478 5476/5476
f 5479/5479 5478/5478 5480/5480
f 5479/5479 5480/5480 5481/5481
f 5192/5192 5193/5193 5480/5480
f 5192/5192 5480/5480 5478/5478
f 5481/5481 5480/5480 5482/5482
f 5481/5481 5482/5482 5483/5483
f 5193/5193 5194/5194 5482/5482
f 5193/5193 5482/5482 5480/5480
f 5483/5483 5482/5482 5484/5484
f 5483/5483 5484/5484 5485/5485
f 5194/5194 5195/5195 5484/5484
f 5194/5194 5484/5484 5482/5482
f 5485/5485 5484/5484 5486/5486
f 5485/5485 5486/5486 5487/5487
f 5195/5195 5196/5196 5486/5486
f 5195/5195 5486/5486 5484/5484
f 5197/5197 5487/5487 5486/5486
f 5197/5197 5486/5486 5196/5196
f 5217/5217 5219/5219 5488/5488
f 5217/5217 5488/5488 5489/5489
f 5218/5218 5490/5490 5491/5491
f 5218/5218 5491/5491 5220/5220
f 5218/5218 5217/5217 5489/5489
f 5218/5218 5489/5489 5490/5490
f 5219/5219 5221/5221 5492/5492
f 5219/5219 5492/5492 5488/5488
f 5220/5220 5491/5491 5493/5493
f 5220/5220 5493/5493 5222/5222
f 5221/5221 5223/5223 5494/5494
f 5221/5221 5494/5494 5492/5492
f 5222/5222 5493/5493 5495/5495
f 5222/5222 5495/5495 5224/5224
f 5223/5223 5225/5225 5496/5496
f 5223/5223 5496/5496 5494/5494
f 5224/5224 5495/5495 5497/5497
f 5224/5224 5497/5497 5226/5226
f 5225/5225 5227/5227 5498/5498
f 5225/5225 5498/5498 5496/5496
f 5226/5226 5497/5497 5499/5499
f 5226/5226 5499/5499 5228/5228
f 5227/5227 5500/5500 5501/5501
f 5227/5227 5501/5501 5498/5498
f 5228/5228 5499/5499 5502/5502
f 5228/5228 5502/5502 5229/5229
f 5500/5500 5503/5503 5504/5504
f 5500/5500 5504/5504 5501/5501
f 5229/5229 5502/5502 5505/5505
f 5229/5229 5505/5505 5231/5231
f 5231/5231 5505/5505 5506/5506
f 5231/5231 5506/5506 5507/5507
f 5507/5507 5506/5506 5508/5508
f 5507/5507 5508/5508 5509/5509
f 5509/5509 5508/5508 5510/5510
f 5509/5509 5510/5510 5511/5511
f 5511/5511 5510/5510 5512/5512
f 5511/5511 5512/5512 5234/5234
f 5513/5513 5514/5514 5515/5515
f 5513/5513 5515/5515 5516/5516
f 5234/5234 5512/5512 5517/5517
f 5234/5234 5517/5517 5235/5235
f 5514/5514 5239/5239 5518/5518
f 5514/5514 5518/5518 5515/5515
f 5235/5235 5517/5517 5519/5519
f 5235/5235 5519/5519 5237/5237
f 5239/5239 5238/5238 5520/5520
f 5239/5239 5520/5520 5518/5518
f 5237/5237 5519/5519 5521/5521
f 5237/5237 5521/5521 5240/5240
f 5238/5238 5241/5241 5522/5522
f 5238/5238 5522/5522 5520/5520
f 5240/5240 5521/5521 5523/5523
f 5240/5240 5523/5523 5242/5242
f 5241/5241 5243/5243 5524/5524
f 5241/5241 5524/5524 5522/5522
f 5242/5242 5523/5523 5525/5525
f 5242/5242 5525/5525 5244/5244
f 5243/5243 5245/5245 5526/5526
f 5243/5243 5526/5526 5524/5524
f 5244/5244 5525/5525 5527/5527
f 5244/5244 5527/5527 5246/5246
f 5245/5245 5247/5247 5528/5528
f 5245/5245 5528/5528 5526/5526
f 5246/5246 5527/5527 5529/5529
f 5246/5246 5529/5529 5248/5248
f 5248/5248 5529/5529 5528/5528
f 5248/5248 5528/5528 5247/5247
f 5530/5530 5531/5531 5532/5532
f 5530/5530 5532/5532 5533/5533
f 5256/5256 5255/5255 5531/5531
f 5256/5256 5531/5531 5530/5530
f 5533/5533 5532/5532 5534/5534
f 5533/5533 5534/5534 5535/5535
f 5535/5535 5534/5534 5536/5536
f 5535/5535 5536/5536 5537/5537
f 5537/5537 5536/5536 5538/5538
f 5537/5537 5538/5538 5539/5539
f 5257/5257 5539/5539 5538/5538
f 5257/5257 5538/5538 5258/5258
f 5540/5540 5541/5541 5542/5542
f 5540/5540 5542/5542 5543/5543
f 5264/5264 5263/5263 5542/5542
f 5264/5264 5542/5542 5541/5541
f 5265/5265 5540/5540 5543/5543
f 5265/5265 5543/5543 5266/5266
f 5265/5265 5264/5264 5541/5541
f 5265/5265 5541/5541 5540/5540
f 5263/5263 5267/5267 5544/5544
f 5263/5263 5544/5544 5542/5542
f 5266/5266 5543/5543 5545/5545
f 5266/5266 5545/5545 5268/5268
f 5267/5267 5269/5269 5546/5546
f 5267/5267 5546/5546 5544/5544
f 5268/5268 5545/5545 5547/5547
f 5268/5268 5547/5547 5270/5270
f 5269/5269 5271/5271 5548/5548
f 5269/5269 5548/5548 5546/5546
f 5270/5270 5547/5547 5549/5549
f 5270/5270 5549/5549 5272/5272
f 5271/5271 5273/5273 5550/5550
f 5271/5271 5550/5550 5548/5548
f 5272/5272 5549/5549 5551/5551
f 5272/5272 5551/5551 5274/5274
f 5273/5273 5276/5276 5552/5552
f 5273/5273 5552/5552 5550/5550
f 5274/5274 5551/5551 5553/5553
f 5274/5274 5553/5553 5277/5277
f 5276/5276 5554/5554 5555/5555
f 5276/5276 5555/5555 5552/5552
f 5277/5277 5553/5553 5556/5556
f 5277/5277 5556/5556 5557/5557
f 5554/5554 5558/5558 5559/5559
f 5554/5554 5559/5559 5555/5555
f 5557/5557 5556/5556 5560/5560
f 5557/5557 5560/5560 5561/5561
f 5562/5562 5563/5563 5564/5564
f 5562/5562 5564/5564 5565/5565
f 5566/5566 5567/5567 5568/5568
f 5566/5566 5568/5568 5569/5569
f 5563/5563 5280/5280 5570/5570
f 5563/5563 5570/5570 5564/5564
f 5569/5569 5568/5568 5571/5571
f 5569/5569 5571/5571 5281/5281
f 5280/5280 5279/5279 5572/5572
f 5280/5280 5572/5572 5570/5570
f 5281/5281 5571/5571 5573/5573
f 5281/5281 5573/5573 5282/5282
f 5279/5279 5283/5283 5574/5574
f 5279/5279 5574/5574 5572/5572
f 5282/5282 5573/5573 5575/5575
f 5282/5282 5575/5575 5284/5284
f 5283/5283 5285/5285 5576/5576
f 5283/5283 5576/5576 5574/5574
f 5284/5284 5575/5575 5577/5577
f 5284/5284 5577/5577 5286/5286
f 5285/5285 5287/5287 5578/5578
f 5285/5285 5578/5578 5576/5576
f 5286/5286 5577/5577 5579/5579
f 5286/5286 5579/5579 5288/5288
f 5287/5287 5289/5289 5580/5580
f 5287/5287 5580/5580 5578/5578
f 5288/5288 5579/5579 5581/5581
f 5288/5288 5581/5581 5290/5290
f 5581/5581 5580/5580 5582/5582
f 5581/5581 5582/5582 5583/5583
f 5289/5289 5291/5291 5582/5582
f 5289/5289 5582/5582 5580/5580
f 5290/5290 5581/5581 5583/5583
f 5290/5290 5583/5583 5292/5292
f 5292/5292 5583/5583 5582/5582
f 5292/5292 5582/5582 5291/5291
f 5584/5584 5585/5585 5586/5586
f 5584/5584 5586/5586 5587/5587
f 5298/5298 5588/5588 5586/5586
f 5298/5298 5586/5586 5585/5585
f 5299/5299 5298/5298 5585/5585
f 5299/5299 5585/5585 5584/5584
f 5587/5587 5586/5586 5589/5589
f 5587/5587 5589/5589 5590/5590
f 5588/5588 5591/5591 5589/5589
f 5588/5588 5589/5589 5586/5586
f 5590/5590 5589/5589 5592/5592
f 5590/5590 5592/5592 5593/5593
f 5591/5591 5594/5594 5592/5592
f 5591/5591 5592/5592 5589/5589
f 5593/5593 5592/5592 5595/5595
f 5593/5593 5595/5595 5596/5596
f 5594/5594 5301/5301 5595/5595
f 5594/5594 5595/5595 5592/5592
f 5300/5300 5596/5596 5595/5595
f 5300/5300 5595/5595 5301/5301
f 5597/5597 5598/5598 5599/5599
f 5597/5597 5599/5599 5600/5600
f 5383/5383 5597/5597 5600/5600
f 5383/5383 5600/5600 5601/5601
f 5383/5383 5382/5382 5598/5598
f 5383/5383 5598/5598 5597/5597
f 5600/5600 5599/5599 5602/5602
f 5600/5600 5602/5602 5603/5603
f 5601/5601 5600/5600 5603/5603
f 5601/5601 5603/5603 5604/5604
f 5603/5603 5602/5602 5605/5605
f 5603/5603 5605/5605 5606/5606
f 5604/5604 5603/5603 5606/5606
f 5604/5604 5606/5606 5607/5607
f 5606/5606 5605/5605 5608/5608
f 5606/5606 5608/5608 5609/5609
f 5607/5607 5606/5606 5609/5609
f 5607/5607 5609/5609 5610/5610
f 5609/5609 5608/5608 5611/5611
f 5609/5609 5611/5611 5612/5612
f 5610/5610 5609/5609 5612/5612
f 5610/5610 5612/5612 5613/5613
f 5612/5612 5611/5611 5614/5614
f 5612/5612 5614/5614 5615/5615
f 5613/5613 5612/5612 5615/5615
f 5613/5613 5615/5615 5385/5385
f 5385/5385 5615/5615 5614/5614
f 5385/5385 5614/5614 5386/5386
f 5616/5616 5617/5617 5618/5618
f 5616/5616 5618/5618 5619/5619
f 5396/5396 5395/5395 5617/5617
f 5396/5396 5617/5617 5616/5616
f 5619/5619 5618/5618 5620/5620
f 5619/5619 5620/5620 5621/5621
f 5621/5621 5620/5620 5622/5622
f 5621/5621 5622/5622 5623/5623
f 5623/5623 5622/5622 5624/5624
f 5623/5623 5624/5624 5625/5625
f 5625/5625 5624/5624 5626/5626
f 5625/5625 5626/5626 5627/5627
f 5627/5627 5626/5626 5628/5628
f 5627/5627 5628/5628 5629/5629
f 5397/5397 5629/5629 5628/5628
f 5397/5397 5628/5628 5398/5398
f 5630/5630 5631/5631 5632/5632
f 5630/5630 5632/5632 5633/5633
f 5409/5409 5408/5408 5631/5631
f 5409/5409 5631/5631 5630/5630
f 5633/5633 5632/5632 5634/5634
f 5633/5633 5634/5634 5635/5635
f 5635/5635 5634/5634 5636/5636
f 5635/5635 5636/5636 5637/5637
f 5637/5637 5636/5636 5638/5638
f 5637/5637 5638/5638 5639/5639
f 5639/5639 5638/5638 5640/5640
f 5639/5639 5640/5640 5641/5641
f 5641/5641 5640/5640 5642/5642
f 5641/5641 5642/5642 5643/5643
f 5410/5410 5643/5643 5642/5642
f 5410/5410 5642/5642 5411/5411
f 5644/5644 5645/5645 5646/5646
f 5644/5644 5646/5646 5647/5647
f 5420/5420 5430/5430 5646/5646
f 5420/5420 5646/5646 5645/5645
f 5421/5421 5420/5420 5645/5645
f 5421/5421 5645/5645 5644/5644
f 5647/5647 5646/5646 5648/5648
f 5647/5647 5648/5648 5649/5649
f 5430/5430 5432/5432 5648/5648
f 5430/5430 5648/5648 5646/5646
f 5649/5649 5648/5648 5650/5650
f 5649/5649 5650/5650 5651/5651
f 5432/5432 5434/5434 5650/5650
f 5432/5432 5650/5650 5648/5648
f 5651/5651 5650/5650 5652/5652
f 5651/5651 5652/5652 5653/5653
f 5434/5434 5436/5436 5652/5652
f 5434/5434 5652/5652 5650/5650
f 5653/5653 5652/5652 5654/5654
f 5653/5653 5654/5654 5655/5655
f 5436/5436 5438/5438 5654/5654
f 5436/5436 5654/5654 5652/5652
f 5655/5655 5654/5654 5656/5656
f 5655/5655 5656/5656 5657/5657
f 5438/5438 5423/5423 5656/5656
f 5438/5438 5656/5656 5654/5654
f 5422/5422 5657/5657 5656/5656
f 5422/5422 5656/5656 5423/5423
f 5658/5658 5659/5659 5660/5660
f 5658/5658 5660/5660 5661/5661
f 5446/5446 5662/5662 5660/5660
f 5446/5446 5660/5660 5659/5659
f 5447/5447 5658/5658 5661/5661
f 5447/5447 5661/5661 5663/5663
f 5447/5447 5446/5446 5659/5659
f 5447/5447 5659/5659 5658/5658
f 5661/5661 5660/5660 5664/5664
f 5661/5661 5664/5664 5665/5665
f 5662/5662 5666/5666 5664/5664
f 5662/5662 5664/5664 5660/5660
f 5663/5663 5661/5661 5665/5665
f 5663/5663 5665/5665 5667/5667
f 5665/5665 5664/5664 5668/5668
f 5665/5665 5668/5668 5669/5669
f 5666/5666 5670/5670 5668/5668
f 5666/5666 5668/5668 5664/5664
f 5667/5667 5665/5665 5669/5669
f 5667/5667 5669/5669 5671/5671
f 5669/5669 5668/5668 5672/5672
f 5669/5669 5672/5672 5673/5673
f 5670/5670 5674/5674 5672/5672
f 5670/5670 5672/5672 5668/5668
f 5671/5671 5669/5669 5673/5673
f 5671/5671 5673/5673 5675/5675
f 5673/5673 5672/5672 5676/5676
f 5673/5673 5676/5676 5677/5677
f 5674/5674 5678/5678 5676/5676
f 5674/5674 5676/5676 5672/5672
f 5675/5675 5673/5673 5677/5677
f 5675/5675 5677/5677 5679/5679
f 5677/5677 5676/5676 5680/5680
f 5677/5677 5680/5680 5681/5681
f 5678/5678 5451/5451 5680/5680
f 5678/5678 5680/5680 5676/5676
f 5679/5679 5677/5677 5681/5681
f 5679/5679 5681/5681 5450/5450
f 5450/5450 5681/5681 5680/5680
f 5450/5450 5680/5680 5451/5451
f 5682/5682 5683/5683 5684/5684
f 5682/5682 5684/5684 5685/5685
f 5489/5489 5488/5488 5684/5684
f 5489/5489 5684/5684 5683/5683
f 5490/5490 5682/5682 5685/5685
f 5490/5490 5685/5685 5491/5491
f 5490/5490 5489/5489 5683/5683
f 5490/5490 5683/5683 5682/5682
f 5488/5488 5492/5492 5686/5686
f 5488/5488 5686/5686 5684/5684
f 5491/5491 5685/5685 5687/5687
f 5491/5491 5687/5687 5493/5493
f 5492/5492 5494/5494 5688/5688
f 5492/5492 5688/5688 5686/5686
f 5493/5493 5687/5687 5689/5689
f 5493/5493 5689/5689 5495/5495
f 5494/5494 5496/5496 5690/5690
f 5494/5494 5690/5690 5688/5688
f 5495/5495 5689/5689 5691/5691
f 5495/5495 5691/5691 5497/5497
f 5496/5496 5498/5498 5692/5692
f 5496/5496 5692/5692 5690/5690
f 5497/5497 5691/5691 5693/5693
f 5497/5497 5693/5693 5499/5499
f 5498/5498 5501/5501 5694/5694
f 5498/5498 5694/5694 5692/5692
f 5499/5499 5693/5693 5695/5695
f 5499/5499 5695/5695 5502/5502
f 5501/5501 5504/5504 5696/5696
f 5501/5501 5696/5696 5694/5694
f 5502/5502 5695/5695 5697/5697
f 5502/5502 5697/5697 5505/5505
f 5504/5504 5698/5698 5699/5699
f 5504/5504 5699/5699 5696/5696
f 5505/5505 5697/5697 5700/5700
f 5505/5505 5700/5700 5506/5506
f 5698/5698 5701/5701 5702/5702
f 5698/5698 5702/5702 5699/5699
f 5506/5506 5700/5700 5703/5703
f 5506/5506 5703/5703 5508/5508
f 5701/5701 5704/5704 5705/5705
f 5701/5701 5705/5705 5702/5702
f 5508/5508 5703/5703 5706/5706
f 5508/5508 5706/5706 5510/5510
f 5704/5704 5516/5516 5707/5707
f 5704/5704 5707/5707 5705/5705
f 5510/5510 5706/5706 5708/5708
f 5510/5510 5708/5708 5512/5512
f 5516/5516 5515/5515 5709/5709
f 5516/5516 5709/5709 5707/5707
f 5512/5512 5708/5708 5710/5710
f 5512/5512 5710/5710 5517/5517
f 5515/5515 5518/5518 5711/5711
f 5515/5515 5711/5711 5709/5709
f 5517/5517 5710/5710 5712/5712
f 5517/5517 5712/5712 5519/5519
f 5518/5518 5520/5520 5713/5713
f 5518/5518 5713/5713 5711/5711
f 5519/5519 5712/5712 5714/5714
f 5519/5519 5714/5714 5521/5521
f 5520/5520 5522/5522 5715/5715
f 5520/5520 5715/5715 5713/5713
f 5521/5521 5714/5714 5716/5716
f 5521/5521 5716/5716 5523/5523
f 5522/5522 5524/5524 5717/5717
f 5522/5522 5717/5717 5715/5715
f 5523/5523 5716/5716 5718/5718
f 5523/5523 5718/5718 5525/5525
f 5524/5524 5526/5526 5719/5719
f 5524/5524 5719/5719 5717/5717
f 5525/5525 5718/5718 5720/5720
f 5525/5525 5720/5720 5527/5527
f 5720/5720 5719/5719 5721/5721
f 5720/5720 5721/5721 5722/5722
f 5526/5526 5528/5528 5721/5721
f 5526/5526 5721/5721 5719/5719
f 5527/5527 5720/5720 5722/5722
f 5527/5527 5722/5722 5529/5529
f 5529/5529 5722/5722 5721/5721
f 5529/5529 5721/5721 5528/5528
f 5723/5723 5724/5724 5725/5725
f 5723/5723 5725/5725 5726/5726
f 5542/5542 5544/5544 5725/5725
f 5542/5542 5725/5725 5724/5724
f 5543/5543 5723/5723 5726/5726
f 5543/5543 5726/5726 5545/5545
f 5543/5543 5542/5542 5724/5724
f 5543/5543 5724/5724 5723/5723
f 5544/5544 5546/5546 5727/5727
f 5544/5544 5727/5727 5725/5725
f 5545/5545 5726/5726 5728/5728
f 5545/5545 5728/5728 5547/5547
f 5546/5546 5548/5548 5729/5729
f 5546/5546 5729/5729 5727/5727
f 5547/5547 5728/5728 5730/5730
f 5547/5547 5730/5730 5549/5549
f 5548/5548 5550/5550 5731/5731
f 5548/5548 5731/5731 5729/5729
f 5549/5549 5730/5730 5732/5732
f 5549/5549 5732/5732 5551/5551
f 5550/5550 5552/5552 5733/5733
f 5550/5550 5733/5733 5731/5731
f 5551/5551 5732/5732 5734/5734
f 5551/5551 5734/5734 5553/5553
f 5552/5552 5555/5555 5735/5735
f 5552/5552 5735/5735 5733/5733
f 5553/5553 5734/5734 5736/5736
f 5553/5553 5736/5736 5556/5556
f 5555/5555 5559/5559 5737/5737
f 5555/5555 5737/5737 5735/5735
f 5556/5556 5736/5736 5738/5738
f 5556/5556 5738/5738 5560/5560
f 5559/5559 5739/5739 5740/5740
f 5559/5559 5740/5740 5737/5737
f 5560/5560 5738/5738 5741/5741
f 5560/5560 5741/5741 5742/5742
f 5739/5739 5743/5743 5744/5744
f 5739/5739 5744/5744 5740/5740
f 5742/5742 5741/5741 5745/5745
f 5742/5742 5745/5745 5746/5746
f 5743/5743 5747/5747 5748/5748
f 5743/5743 5748/5748 5744/5744
f 5746/5746 5745/5745 5749/5749
f 5746/5746 5749/5749 5750/5750
f 5747/5747 5565/5565 5751/5751
f 5747/5747 5751/5751 5748/5748
f 5750/5750 5749/5749 5752/5752
f 5750/5750 5752/5752 5567/5567
f 5565/5565 5564/5564 5753/5753
f 5565/5565 5753/5753 5751/5751
f 5567/5567 5752/5752 5754/5754
f 5567/5567 5754/5754 5568/5568
f 5564/5564 5570/5570 5755/5755
f 5564/5564 5755/5755 5753/5753
f 5568/5568 5754/5754 5756/5756
f 5568/5568 5756/5756 5571/5571
f 5570/5570 5572/5572 5757/5757
f 5570/5570 5757/5757 5755/5755
f 5571/5571 5756/5756 5758/5758
f 5571/5571 5758/5758 5573/5573
f 5572/5572 5574/5574 5759/5759
f 5572/5572 5759/5759 5757/5757
f 5573/5573 5758/5758 5760/5760
f 5573/5573 5760/5760 5575/5575
f 5574/5574 5576/5576 5761/5761
f 5574/5574 5761/5761 5759/5759
f 5575/5575 5760/5760 5762/5762
f 5575/5575 5762/5762 5577/5577
f 5576/5576 5578/5578 5763/5763
f 5576/5576 5763/5763 5761/5761
f 5577/5577 5762/5762 5764/5764
f 5577/5577 5764/5764 5579/5579
f 5764/5764 5763/5763 5765/5765
f 5764/5764 5765/5765 5766/5766
f 5578/5578 5580/5580 5765/5765
f 5578/5578 5765/5765 5763/5763
f 5579/5579 5764/5764 5766/5766
f 5579/5579 5766/5766 5581/5581
f 5581/5581 5766/5766 5765/5765
f 5581/5581 5765/5765 5580/5580
f 5767/5767 5768/5768 5769/5769
f 5767/5767 5769/5769 5770/5770
f 5684/5684 5686/5686 5769/5769
f 5684/5684 5769/5769 5768/5768
f 5685/5685 5767/5767 5770/5770
f 5685/5685 5770/5770 5687/5687
f 5685/5685 5684/5684 5768/5768
f 5685/5685 5768/5768 5767/5767
f 5686/5686 5688/5688 5771/5771
f 5686/5686 5771/5771 5769/5769
f 5687/5687 5770/5770 5772/5772
f 5687/5687 5772/5772 5689/5689
f 5688/5688 5690/5690 5773/5773
f 5688/5688 5773/5773 5771/5771
f 5689/5689 5772/5772 5774/5774
f 5689/5689 5774/5774 5691/5691
f 5690/5690 5692/5692 5775/5775
f 5690/5690 5775/5775 5773/5773
f 5691/5691 5774/5774 5776/5776
f 5691/5691 5776/5776 5693/5693
f 5692/5692 5694/5694 5777/5777
f 5692/5692 5777/5777 5775/5775
f 5693/5693 5776/5776 5778/5778
f 5693/5693 5778/5778 5695/5695
f 5694/5694 5696/5696 5779/5779
f 5694/5694 5779/5779 5777/5777
f 5695/5695 5778/5778 5780/5780
f 5695/5695 5780/5780 5697/5697
f 5696/5696 5699/5699 5781/5781
f 5696/5696 5781/5781 5779/5779
f 5697/5697 5780/5780 5782/5782
f 5697/5697 5782/5782 5700/5700
f 5699/5699 5702/5702 5783/5783
f 5699/5699 5783/5783 5781/5781
f 5700/5700 5782/5782 5784/5784
f 5700/5700 5784/5784 5703/5703
f 5702/5702 5705/5705 5785/5785
f 5702/5702 5785/5785 5783/5783
f 5703/5703 5784/5784 5786/5786
f 5703/5703 5786/5786 5706/5706
f 5705/5705 5707/5707 5787/5787
f 5705/5705 5787/5787 5785/5785
f 5706/5706 5786/5786 5788/5788
f 5706/5706 5788/5788 5708/5708
f 5707/5707 5709/5709 5789/5789
f 5707/5707 5789/5789 5787/5787
f 5708/5708 5788/5788 5790/5790
f 5708/5708 5790/5790 5710/5710
f 5709/5709 5711/5711 5791/5791
f 5709/5709 5791/5791 5789/5789
f 5710/5710 5790/5790 5792/5792
f 5710/5710 5792/5792 5712/5712
f 5711/5711 5713/5713 5793/5793
f 5711/5711 5793/5793 5791/5791
f 5712/5712 5792/5792 5794/5794
f 5712/5712 5794/5794 5714/5714
f 5713/5713 5715/5715 5795/5795
f 5713/5713 5795/5795 5793/5793
f 5714/5714 5794/5794 5796/5796
f 5714/5714 5796/5796 5716/5716
f 5715/5715 5717/5717 5797/5797
f 5715/5715 5797/5797 5795/5795
f 5716/5716 5796/5796 5798/5798
f 5716/5716 5798/5798 5718/5718
f 5798/5798 5797/5797 5799/5799
f 5798/5798 5799/5799 5800/5800
f 5717/5717 5719/5719 5799/5799
f 5717/5717 5799/5799 5797/5797
f 5718/5718 5798/5798 5800/5800
f 5718/5718 5800/5800 5720/5720
f 5720/5720 5800/5800 5799/5799
f 5720/5720 5799/5799 5719/5719
f 5801/5801 5802/5802 5803/5803
f 5801/5801 5803/5803 5804/5804
f 5725/5725 5727/5727 5803/5803
f 5725/5725 5803/5803 5802/5802
f 5726/5726 5801/5801 5804/5804
f 5726/5726 5804/5804 5728/5728
f 5726/5726 5725/5725 5802/5802
f 5726/5726 5802/5802 5801/5801
f 5727/5727 5729/5729 5805/5805
f 5727/5727 5805/5805 5803/5803
f 5728/5728 5804/5804 5806/5806
f 5728/5728 5806/5806 5730/5730
f 5729/5729 5731/5731 5807/5807
f 5729/5729 5807/5807 5805/5805
f 5730/5730 5806/5806 5808/5808
f 5730/5730 5808/5808 5732/5732
f 5731/5731 5733/5733 5809/5809
f 5731/5731 5809/5809 5807/5807
f 5732/5732 5808/5808 5810/5810
f 5732/5732 5810/5810 5734/5734
f 5733/5733 5735/5735 5811/5811
f 5733/5733 5811/5811 5809/5809
f 5734/5734 5810/5810 5812/5812
f 5734/5734 5812/5812 5736/5736
f 5735/5735 5737/5737 5813/5813
f 5735/5735 5813/5813 5811/5811
f 5736/5736 5812/5812 5814/5814
f 5736/5736 5814/5814 5738/5738
f 5737/5737 5740/5740 5815/5815
f 5737/5737 5815/5815 5813/5813
f 5738/5738 5814/5814 5816/5816
f 5738/5738 5816/5816 5741/5741
f 5740/5740 5744/5744 5817/5817
f 5740/5740 5817/5817 5815/5815
f 5741/5741 5816/5816 5818/5818
f 5741/5741 5818/5818 5745/5745
f 5744/5744 5748/5748 5819/5819
f 5744/5744 5819/5819 5817/5817
f 5745/5745 5818/5818 5820/5820
f 5745/5745 5820/5820 5749/5749
f 5748/5748 5751/5751 5821/5821
f 5748/5748 5821/5821 5819/5819
f 5749/5749 5820/5820 5822/5822
f 5749/5749 5822/5822 5752/5752
f 5751/5751 5753/5753 5823/5823
f 5751/5751 5823/5823 5821/5821
f 5752/5752 5822/5822 5824/5824
f 5752/5752 5824/5824 5754/5754
f 5753/5753 5755/5755 5825/5825
f 5753/5753 5825/5825 5823/5823
f 5754/5754 5824/5824 5826/5826
f 5754/5754 5826/5826 5756/5756
f 5755/5755 5757/5757 5827/5827
f 5755/5755 5827/5827 5825/5825
f 5756/5756 5826/5826 5828/5828
f 5756/5756 5828/5828 5758/5758
f 5757/5757 5759/5759 5829/5829
f 5757/5757 5829/5829 5827/5827
f 5758/5758 5828/5828 5830/5830
f 5758/5758 5830/5830 5760/5760
f 5759/5759 5761/5761 5831/5831
f 5759/5759 5831/5831 5829/5829
f 5760/5760 5830/5830 5832/5832
f 5760/5760 5832/5832 5762/5762
f 5832/5832 5831/5831 5833/5833
f 5832/5832 5833/5833 5834/5834
f 5761/5761 5763/5763 5833/5833
f 5761/5761 5833/5833 5831/5831
f 5762/5762 5832/5832 5834/5834
f 5762/5762 5834/5834 5764/5764
f 5764/5764 5834/5834 5833/5833
f 5764/5764 5833/5833 5763/5763
f 5835/5835 5836/5836 5837/5837
f 5835/5835 5837/5837 5838/5838
f 5769/5769 5771/5771 5837/5837
f 5769/5769 5837/5837 5836/5836
f 5770/5770 5835/5835 5838/5838
f 5770/5770 5838/5838 5772/5772
f 5770/5770 5769/5769 5836/5836
f 5770/5770 5836/5836 5835/5835
f 5838/5838 5837/5837 5839/5839
f 5838/5838 5839/5839 5840/5840
f 5771/5771 5773/5773 5839/5839
f 5771/5771 5839/5839 5837/5837
f 5772/5772 5838/5838 5840/5840
f 5772/5772 5840/5840 5774/5774
f 5773/5773 5775/5775 5841/5841
f 5773/5773 5841/5841 5839/5839
f 5774/5774 5840/5840 5842/5842
f 5774/5774 5842/5842 5776/5776
f 5775/5775 5777/5777 5843/5843
f 5775/5775 5843/5843 5841/5841
f 5776/5776 5842/5842 5844/5844
f 5776/5776 5844/5844 5778/5778
f 5777/5777 5779/5779 5845/5845
f 5777/5777 5845/5845 5843/5843
f 5778/5778 5844/5844 5846/5846
f 5778/5778 5846/5846 5780/5780
f 5779/5779 5781/5781 5847/5847
f 5779/5779 5847/5847 5845/5845
f 5780/5780 5846/5846 5848/5848
f 5780/5780 5848/5848 5782/5782
f 5781/5781 5783/5783 5849/5849
f 5781/5781 5849/5849 5847/5847
f 5782/5782 5848/5848 5850/5850
f 5782/5782 5850/5850 5784/5784
f 5783/5783 5785/5785 5851/5851
f 5783/5783 5851/5851 5849/5849
f 5784/5784 5850/5850 5852/5852
f 5784/5784 5852/5852 5786/5786
f 5785/5785 5787/5787 5853/5853
f 5785/5785 5853/5853 5851/5851
f 5786/5786 5852/5852 5854/5854
f 5786/5786 5854/5854 5788/5788
f 5787/5787 5789/5789 5855/5855
f 5787/5787 5855/5855 5853/5853
f 5788/5788 5854/5854 5856/5856
f 5788/5788 5856/5856 5790/5790
f 5789/5789 5791/5791 5857/5857
f 5789/5789 5857/5857 5855/5855
f 5790/5790 5856/5856 5858/5858
f 5790/5790 5858/5858 5792/5792
f 5791/5791 5793/5793 5859/5859
f 5791/5791 5859/5859 5857/5857
f 5792/5792 5858/5858 5860/5860
f 5792/5792 5860/5860 5794/5794
f 5860/5860 5859/5859 5861/5861
f 5860/5860 5861/5861 5862/5862
f 5793/5793 5795/5795 5861/5861
f 5793/5793 5861/5861 5859/5859
f 5794/5794 5860/5860 5862/5862
f 5794/5794 5862/5862 5796/5796
f 5862/5862 5861/5861 5863/5863
f 5862/5862 5863/5863 5864/5864
f 5795/5795 5797/5797 5863/5863
f 5795/5795 5863/5863 5861/5861
f 5796/5796 5862/5862 5864/5864
f 5796/5796 5864/5864 5798/5798
f 5798/5798 5864/5864 5863/5863
f 5798/5798 5863/5863 5797/5797
f 5865/5865 5866/5866 5867/5867
f 5865/5865 5867/5867 5868/5868
f 5803/5803 5805/5805 5867/5867
f 5803/5803 5867/5867 5866/5866
f 5804/5804 5865/5865 5868/5868
f 5804/5804 5868/5868 5806/5806
f 5804/5804 5803/5803 5866/5866
f 5804/5804 5866/5866 5865/5865
f 5805/5805 5807/5807 5869/5869
f 5805/5805 5869/5869 5867/5867
f 5806/5806 5868/5868 5870/5870
f 5806/5806 5870/5870 5808/5808
f 5807/5807 5809/5809 5871/5871
f 5807/5807 5871/5871 5869/5869
f 5808/5808 5870/5870 5872/5872
f 5808/5808 5872/5872 5810/5810
f 5809/5809 5811/5811 5873/5873
f 5809/5809 5873/5873 5871/5871
f 5810/5810 5872/5872 5874/5874
f 5810/5810 5874/5874 5812/5812
f 5811/5811 5813/5813 5875/5875
f 5811/5811 5875/5875 5873/5873
f 5812/5812 5874/5874 5876/5876
f 5812/5812 5876/5876 5814/5814
f 5813/5813 5815/5815 5877/5877
f 5813/5813 5877/5877 5875/5875
f 5814/5814 5876/5876 5878/5878
f 5814/5814 5878/5878 5816/5816
f 5815/5815 5817/5817 5879/5879
f 5815/5815 5879/5879 5877/5877
f 5816/5816 5878/5878 5880/5880
f 5816/5816 5880/5880 5818/5818
f 5817/5817 5819/5819 5881/5881
f 5817/5817 5881/5881 5879/5879
f 5818/5818 5880/5880 5882/5882
f 5818/5818 5882/5882 5820/5820
f 5819/5819 5821/5821 5883/5883
f 5819/5819 5883/5883 5881/5881
f 5820/5820 5882/5882 5884/5884
f 5820/5820 5884/5884 5822/5822
f 5821/5821 5823/5823 5885/5885
f 5821/5821 5885/5885 5883/5883
f 5822/5822 5884/5884 5886/5886
f 5822/5822 5886/5886 5824/5824
f 5823/5823 5825/5825 5887/5887
f 5823/5823 5887/5887 5885/5885
f 5824/5824 5886/5886 5888/5888
f 5824/5824 5888/5888 5826/5826
f 5825/5825 5827/5827 5889/5889
f 5825/5825 5889/5889 5887/5887
f 5826/5826 5888/5888 5890/5890
f 5826/5826 5890/5890 5828/5828
f 5827/5827 5829/5829 5891/5891
f 5827/5827 5891/5891 5889/5889
f 5828/5828 5890/5890 5892/5892
f 5828/5828 5892/5892 5830/5830
f 5892/5892 5891/5891 5893/5893
f 5892/5892 5893/5893 5894/5894
f 5829/5829 5831/5831 5893/5893
f 5829/5829 5893/5893 5891/5891
f 5830/5830 5892/5892 5894/5894
f 5830/5830 5894/5894 5832/5832
f 5832/5832 5894/5894 5893/5893
f 5832/5832 5893/5893 5831/5831
f 5895/5895 5896/5896 5897/5897
f 5895/5895 5897/5897 5898/5898
f 5839/5839 5841/5841 5897/5897
f 5839/5839 5897/5897 5896/5896
f 5840/5840 5895/5895 5898/5898
f 5840/5840 5898/5898 5842/5842
f 5840/5840 5839/5839 5896/5896
f 5840/5840 5896/5896 5895/5895
f 5898/5898 5897/5897 5899/5899
f 5898/5898 5899/5899 5900/5900
f 5841/5841 5843/5843 5899/5899
f 5841/5841 5899/5899 5897/5897
f 5842/5842 5898/5898 5900/5900
f 5842/5842 5900/5900 5844/5844
f 5843/5843 5845/5845 5901/5901
f 5843/5843 5901/5901 5899/5899
f 5844/5844 5900/5900 5902/5902
f 5844/5844 5902/5902 5846/5846
f 5845/5845 5847/5847 5903/5903
f 5845/5845 5903/5903 5901/5901
f 5846/5846 5902/5902 5904/5904
f 5846/5846 5904/5904 5848/5848
f 5847/5847 5849/5849 5905/5905
f 5847/5847 5905/5905 5903/5903
f 5848/5848 5904/5904 5906/5906
f 5848/5848 5906/5906 5850/5850
f 5849/5849 5851/5851 5907/5907
f 5849/5849 5907/5907 5905/5905
f 5850/5850 5906/5906 5908/5908
f 5850/5850 5908/5908 5852/5852
f 5851/5851 5853/5853 5909/5909
f 5851/5851 5909/5909 5907/5907
f 5852/5852 5908/5908 5910/5910
f 5852/5852 5910/5910 5854/5854
f 5853/5853 5855/5855 5911/5911
f 5853/5853 5911/5911 5909/5909
f 5854/5854 5910/5910 5912/5912
f 5854/5854 5912/5912 5856/5856
f 5912/5912 5911/5911 5913/5913
f 5912/5912 5913/5913 5914/5914
f 5855/5855 5857/5857 5913/5913
f 5855/5855 5913/5913 5911/5911
f 5856/5856 5912/5912 5914/5914
f 5856/5856 5914/5914 5858/5858
f 5914/5914 5913/5913 5915/5915
f 5914/5914 5915/5915 5916/5916
f 5857/5857 5859/5859 5915/5915
f 5857/5857 5915/5915 5913/5913
f 5858/5858 5914/5914 5916/5916
f 5858/5858 5916/5916 5860/5860
f 5860/5860 5916/5916 5915/5915
f 5860/5860 5915/5915 5859/5859
f 5917/5917 5918/5918 5919/5919
f 5917/5917 5919/5919 5920/5920
f 5867/5867 5869/5869 5919/5919
f 5867/5867 5919/5919 5918/5918
f 5868/5868 5917/5917 5920/5920
f 5868/5868 5920/5920 5870/5870
f 5868/5868 5867/5867 5918/5918
f 5868/5868 5918/5918 5917/5917
f 5920/5920 5919/5919 5921/5921
f 5920/5920 5921/5921 5922/5922
f 5869/5869 5871/5871 5921/5921
f 5869/5869 5921/5921 5919/5919
f 5870/5870 5920/5920 5922/5922
f 5870/5870 5922/5922 5872/5872
f 5922/5922 5921/5921 5923/5923
f 5922/5922 5923/5923 5924/5924
f 5871/5871 5873/5873 5923/5923
f 5871/5871 5923/5923 5921/5921
f 5872/5872 5922/5922 5924/5924
f 5872/5872 5924/5924 5874/5874
f 5873/5873 5875/5875 5925/5925
f 5873/5873 5925/5925 5923/5923
f 5874/5874 5924/5924 5926/5926
f 5874/5874 5926/5926 5876/5876
f 5875/5875 5877/5877 5927/5927
f 5875/5875 5927/5927 5925/5925
f 5876/5876 5926/5926 5928/5928
f 5876/5876 5928/5928 5878/5878
f 5877/5877 5879/5879 5929/5929
f 5877/5877 5929/5929 5927/5927
f 5878/5878 5928/5928 5930/5930
f 5878/5878 5930/5930 5880/5880
f 5879/5879 5881/5881 5931/5931
f 5879/5879 5931/5931 5929/5929
f 5880/5880 5930/5930 5932/5932
f 5880/5880 5932/5932 5882/5882
f 5881/5881 5883/5883 5933/5933
f 5881/5881 5933/5933 5931/5931
f 5882/5882 5932/5932 5934/5934
f 5882/5882 5934/5934 5884/5884
f 5883/5883 5885/5885 5935/5935
f 5883/5883 5935/5935 5933/5933
f 5884/5884 5934/5934 5936/5936
f 5884/5884 5936/5936 5886/5886
f 5936/5936 5935/5935 5937/5937
f 5936/5936 5937/5937 5938/5938
f 5885/5885 5887/5887 5937/5937
f 5885/5885 5937/5937 5935/5935
f 5886/5886 5936/5936 5938/5938
f 5886/5886 5938/5938 5888/5888
f 5938/5938 5937/5937 5939/5939
f 5938/5938 5939/5939 5940/5940
f 5887/5887 5889/5889 5939/5939
f 5887/5887 5939/5939 5937/5937
f 5888/5888 5938/5938 5940/5940
f 5888/5888 5940/5940 5890/5890
f 5940/5940 5939/5939 5941/5941
f 5940/5940 5941/5941 5942/5942
f 5889/5889 5891/5891 5941/5941
f 5889/5889 5941/5941 5939/5939
f 5890/5890 5940/5940 5942/5942
f 5890/5890 5942/5942 5892/5892
f 5892/5892 5942/5942 5941/5941
f 5892/5892 5941/5941 5891/5891
f 5943/5943 5944/5944 5945/5945
f 5943/5943 5945/5945 5946/5946
f 5899/5899 5901/5901 5945/5945
f 5899/5899 5945/5945 5944/5944
f 5900/5900 5943/5943 5946/5946
f 5900/5900 5946/5946 5902/5902
f 5900/5900 5899/5899 5944/5944
f 5900/5900 5944/5944 5943/5943
f 5946/5946 5945/5945 5947/5947
f 5946/5946 5947/5947 5948/5948
f 5901/5901 5903/5903 5947/5947
f 5901/5901 5947/5947 5945/5945
f 5902/5902 5946/5946 5948/5948
f 5902/5902 5948/5948 5904/5904
f 5948/5948 5947/5947 5949/5949
f 5948/5948 5949/5949 5950/5950
f 5903/5903 5905/5905 5949/5949
f 5903/5903 5949/5949 5947/5947
f 5904/5904 5948/5948 5950/5950
f 5904/5904 5950/5950 5906/5906
f 5950/5950 5949/5949 5951/5951
f 5950/5950 5951/5951 5952/5952
f 5905/5905 5907/5907 5951/5951
f 5905/5905 5951/5951 5949/5949
f 5906/5906 5950/5950 5952/5952
f 5906/5906 5952/5952 5908/5908
f 5952/5952 5951/5951 5953/5953
f 5952/5952 5953/5953 5954/5954
f 5907/5907 5909/5909 5953/5953
f 5907/5907 5953/5953 5951/5951
f 5908/5908 5952/5952 5954/5954
f 5908/5908 5954/5954 5910/5910
f 5954/5954 5953/5953 5955/5955
f 5954/5954 5955/5955 5956/5956
f 5909/5909 5911/5911 5955/5955
f 5909/5909 5955/5955 5953/5953
f 5910/5910 5954/5954 5956/5956
f 5910/5910 5956/5956 5912/5912
f 5912/5912 5956/5956 5955/5955
f 5912/5912 5955/5955 5911/5911
f 5957/5957 5958/5958 5959/5959
f 5957/5957 5959/5959 5960/5960
f 5923/5923 5925/5925 5959/5959
f 5923/5923 5959/5959 5958/5958
f 5924/5924 5957/5957 5960/5960
f 5924/5924 5960/5960 5926/5926
f 5924/5924 5923/5923 5958/5958
f 5924/5924 5958/5958 5957/5957
f 5960/5960 5959/5959 5961/5961
f 5960/5960 5961/5961 5962/5962
f 5925/5925 5927/5927 5961/5961
f 5925/5925 5961/5961 5959/5959
f 5926/5926 5960/5960 5962/5962
f 5926/5926 5962/5962 5928/5928
f 5962/5962 5961/5961 5963/5963
f 5962/5962 5963/5963 5964/5964
f 5927/5927 5929/5929 5963/5963
f 5927/5927 5963/5963 5961/5961
f 5928/5928 5962/5962 5964/5964
f 5928/5928 5964/5964 5930/5930
f 5964/5964 5963/5963 5965/5965
f 5964/5964 5965/5965 5966/5966
f 5929/5929 5931/5931 5965/5965
f 5929/5929 5965/5965 5963/5963
f 5930/5930 5964/5964 5966/5966
f 5930/5930 5966/5966 5932/5932
f 5966/5966 5965/5965 5967/5967
f 5966/5966 5967/5967 5968/5968
f 5931/5931 5933/5933 5967/5967
f 5931/5931 5967/5967 5965/5965
f 5932/5932 5966/5966 5968/5968
f 5932/5932 5968/5968 5934/5934
f 5968/5968 5967/5967 5969/5969
f 5968/5968 5969/5969 5970/5970
f 5933/5933 5935/5935 5969/5969
f 5933/5933 5969/5969 5967/5967
f 5934/5934 5968/5968 5970/5970
f 5934/5934 5970/5970 5936/5936
f 5936/5936 5970/5970 5969/5969
f 5936/5936 5969/5969 5935/5935
