mtllib SMRT_stand.mtl
o TorchFlame
v -0.357143 0.035714 -0.107143
v -0.357143 0.035714 -0.071429
v -0.357143 0.071429 -0.071429
v -0.357143 0.071429 -0.107143
v -0.321429 0.035714 -0.107143
v -0.321429 0.035714 -0.071429
v -0.321429 0.071429 -0.107143
v -0.357143 0.035714 -0.035714
v -0.357143 0.071429 -0.035714
v -0.321429 0.035714 -0.035714
v -0.357143 0.035714 0.000000
v -0.357143 0.071429 0.000000
v -0.321429 0.035714 0.000000
v -0.357143 0.035714 0.035714
v -0.357143 0.071429 0.035714
v -0.321429 0.035714 0.035714
v -0.357143 0.035714 0.071429
v -0.357143 0.071429 0.071429
v -0.321429 0.035714 0.071429
v -0.357143 0.035714 0.107143
v -0.357143 0.071429 0.107143
v -0.321429 0.035714 0.107143
v -0.321429 0.071429 0.107143
v -0.357143 0.107143 -0.071429
v -0.357143 0.107143 -0.107143
v -0.321429 0.107143 -0.071429
v -0.321429 0.107143 -0.107143
v -0.357143 0.107143 -0.035714
v -0.321429 0.107143 -0.035714
v -0.357143 0.107143 0.000000
v -0.321429 0.107143 0.000000
v -0.357143 0.107143 0.035714
v -0.321429 0.107143 0.035714
v -0.357143 0.107143 0.071429
v -0.321429 0.107143 0.071429
v -0.357143 0.107143 0.107143
v -0.321429 0.107143 0.107143
v -0.357143 0.892857 -0.107143
v -0.357143 0.892857 -0.071429
v -0.357143 0.928571 -0.071429
v -0.357143 0.928571 -0.107143
v -0.321429 0.892857 -0.107143
v -0.321429 0.892857 -0.071429
v -0.321429 0.928571 -0.107143
v -0.357143 0.892857 -0.035714
v -0.357143 0.928571 -0.035714
v -0.321429 0.892857 -0.035714
v -0.357143 0.892857 0.000000
v -0.357143 0.928571 0.000000
v -0.321429 0.892857 0.000000
v -0.357143 0.892857 0.035714
v -0.357143 0.928571 0.035714
v -0.321429 0.892857 0.035714
v -0.357143 0.892857 0.071429
v -0.357143 0.928571 0.071429
v -0.321429 0.892857 0.071429
v -0.357143 0.892857 0.107143
v -0.357143 0.928571 0.107143
v -0.321429 0.892857 0.107143
v -0.321429 0.928571 0.107143
v -0.357143 0.964286 -0.071429
v -0.357143 0.964286 -0.107143
v -0.321429 0.964286 -0.071429
v -0.321429 0.964286 -0.107143
v -0.357143 0.964286 -0.035714
v -0.321429 0.964286 -0.035714
v -0.357143 0.964286 0.000000
v -0.321429 0.964286 0.000000
v -0.357143 0.964286 0.035714
v -0.321429 0.964286 0.035714
v -0.357143 0.964286 0.071429
v -0.321429 0.964286 0.071429
v -0.357143 0.964286 0.107143
v -0.321429 0.964286 0.107143
v -0.321429 0.000000 -0.107143
v -0.321429 0.000000 -0.071429
v -0.321429 0.035714 -0.071429
v -0.321429 0.035714 -0.107143
v -0.285714 0.000000 -0.107143
v -0.285714 0.000000 -0.071429
v -0.285714 0.035714 -0.107143
v -0.321429 0.000000 -0.035714
v -0.321429 0.035714 -0.035714
v -0.285714 0.000000 -0.035714
v -0.321429 0.000000 0.000000
v -0.321429 0.035714 0.000000
v -0.285714 0.000000 0.000000
v -0.321429 0.000000 0.035714
v -0.321429 0.035714 0.035714
v -0.285714 0.000000 0.035714
v -0.321429 0.000000 0.071429
v -0.321429 0.035714 0.071429
v -0.285714 0.000000 0.071429
v -0.321429 0.000000 0.107143
v -0.321429 0.035714 0.107143
v -0.285714 0.000000 0.107143
v -0.285714 0.035714 0.107143
v -0.321429 0.035714 -0.178571
v -0.321429 0.035714 -0.142857
v -0.321429 0.071429 -0.142857
v -0.321429 0.071429 -0.178571
v -0.285714 0.035714 -0.178571
v -0.285714 0.035714 -0.142857
v -0.285714 0.071429 -0.178571
v -0.285714 0.035714 -0.107143
v -0.321429 0.035714 0.142857
v -0.321429 0.071429 0.142857
v -0.285714 0.035714 0.107143
v -0.285714 0.035714 0.142857
v -0.321429 0.035714 0.178571
v -0.321429 0.071429 0.178571
v -0.285714 0.035714 0.178571
v -0.285714 0.071429 0.178571
v -0.321429 0.107143 -0.142857
v -0.321429 0.107143 -0.178571
v -0.285714 0.107143 -0.142857
v -0.285714 0.107143 -0.178571
v -0.285714 0.107143 -0.107143
v -0.321429 0.107143 0.142857
v -0.285714 0.107143 0.142857
v -0.285714 0.107143 0.107143
v -0.321429 0.107143 0.178571
v -0.285714 0.107143 0.178571
v -0.321429 0.107143 -0.107143
v -0.321429 0.107143 -0.071429
v -0.321429 0.142857 -0.071429
v -0.321429 0.142857 -0.107143
v -0.285714 0.142857 -0.071429
v -0.285714 0.142857 -0.107143
v -0.285714 0.107143 -0.107143
v -0.321429 0.107143 -0.035714
v -0.321429 0.142857 -0.035714
v -0.285714 0.142857 -0.035714
v -0.321429 0.107143 0.000000
v -0.321429 0.142857 0.000000
v -0.285714 0.142857 0.000000
v -0.321429 0.107143 0.035714
v -0.321429 0.142857 0.035714
v -0.285714 0.142857 0.035714
v -0.321429 0.107143 0.071429
v -0.321429 0.142857 0.071429
v -0.285714 0.142857 0.071429
v -0.321429 0.107143 0.107143
v -0.321429 0.142857 0.107143
v -0.285714 0.142857 0.107143
v -0.285714 0.107143 0.107143
v -0.321429 0.785714 -0.107143
v -0.321429 0.785714 -0.071429
v -0.321429 0.821429 -0.071429
v -0.321429 0.821429 -0.107143
v -0.285714 0.785714 -0.107143
v -0.285714 0.785714 -0.071429
v -0.285714 0.821429 -0.107143
v -0.321429 0.785714 -0.035714
v -0.321429 0.821429 -0.035714
v -0.285714 0.785714 -0.035714
v -0.321429 0.785714 0.000000
v -0.321429 0.821429 0.000000
v -0.285714 0.785714 0.000000
v -0.321429 0.785714 0.035714
v -0.321429 0.821429 0.035714
v -0.285714 0.785714 0.035714
v -0.321429 0.785714 0.071429
v -0.321429 0.821429 0.071429
v -0.285714 0.785714 0.071429
v -0.321429 0.785714 0.107143
v -0.321429 0.821429 0.107143
v -0.285714 0.785714 0.107143
v -0.285714 0.821429 0.107143
v -0.321429 0.857143 -0.071429
v -0.321429 0.857143 -0.107143
v -0.285714 0.857143 -0.107143
v -0.321429 0.857143 -0.035714
v -0.321429 0.857143 0.000000
v -0.321429 0.857143 0.035714
v -0.321429 0.857143 0.071429
v -0.321429 0.857143 0.107143
v -0.285714 0.857143 0.107143
v -0.321429 0.892857 -0.071429
v -0.321429 0.892857 -0.107143
v -0.285714 0.892857 -0.107143
v -0.321429 0.892857 -0.035714
v -0.321429 0.892857 0.000000
v -0.321429 0.892857 0.035714
v -0.321429 0.892857 0.071429
v -0.321429 0.892857 0.107143
v -0.285714 0.892857 0.107143
v -0.321429 0.892857 -0.178571
v -0.321429 0.892857 -0.142857
v -0.321429 0.928571 -0.142857
v -0.321429 0.928571 -0.178571
v -0.285714 0.892857 -0.178571
v -0.285714 0.892857 -0.142857
v -0.285714 0.928571 -0.178571
v -0.285714 0.892857 -0.107143
v -0.321429 0.892857 0.142857
v -0.321429 0.928571 0.142857
v -0.285714 0.892857 0.107143
v -0.285714 0.892857 0.142857
v -0.321429 0.892857 0.178571
v -0.321429 0.928571 0.178571
v -0.285714 0.892857 0.178571
v -0.285714 0.928571 0.178571
v -0.321429 0.964286 -0.142857
v -0.321429 0.964286 -0.178571
v -0.285714 0.964286 -0.142857
v -0.285714 0.964286 -0.178571
v -0.285714 0.964286 -0.107143
v -0.321429 0.964286 0.142857
v -0.285714 0.964286 0.142857
v -0.285714 0.964286 0.107143
v -0.321429 0.964286 0.178571
v -0.285714 0.964286 0.178571
v -0.321429 0.964286 -0.107143
v -0.321429 0.964286 -0.071429
v -0.321429 1.000000 -0.071429
v -0.321429 1.000000 -0.107143
v -0.285714 1.000000 -0.071429
v -0.285714 1.000000 -0.107143
v -0.285714 0.964286 -0.107143
v -0.321429 0.964286 -0.035714
v -0.321429 1.000000 -0.035714
v -0.285714 1.000000 -0.035714
v -0.321429 0.964286 0.000000
v -0.321429 1.000000 0.000000
v -0.285714 1.000000 0.000000
v -0.321429 0.964286 0.035714
v -0.321429 1.000000 0.035714
v -0.285714 1.000000 0.035714
v -0.321429 0.964286 0.071429
v -0.321429 1.000000 0.071429
v -0.285714 1.000000 0.071429
v -0.321429 0.964286 0.107143
v -0.321429 1.000000 0.107143
v -0.285714 1.000000 0.107143
v -0.285714 0.964286 0.107143
v -0.285714 0.000000 -0.178571
v -0.285714 0.000000 -0.142857
v -0.285714 0.035714 -0.142857
v -0.285714 0.035714 -0.178571
v -0.250000 0.000000 -0.178571
v -0.250000 0.000000 -0.142857
v -0.250000 0.035714 -0.178571
v -0.250000 0.000000 -0.107143
v -0.250000 0.000000 -0.071429
v -0.250000 0.000000 -0.035714
v -0.250000 0.000000 0.000000
v -0.250000 0.000000 0.035714
v -0.250000 0.000000 0.071429
v -0.250000 0.000000 0.107143
v -0.285714 0.000000 0.142857
v -0.285714 0.035714 0.142857
v -0.250000 0.000000 0.142857
v -0.285714 0.000000 0.178571
v -0.285714 0.035714 0.178571
v -0.250000 0.000000 0.178571
v -0.250000 0.035714 0.178571
v -0.285714 0.035714 -0.250000
v -0.285714 0.035714 -0.214286
v -0.285714 0.071429 -0.214286
v -0.285714 0.071429 -0.250000
v -0.250000 0.035714 -0.250000
v -0.250000 0.035714 -0.214286
v -0.250000 0.071429 -0.250000
v -0.250000 0.035714 -0.178571
v -0.285714 0.035714 0.214286
v -0.285714 0.071429 0.214286
v -0.250000 0.035714 0.178571
v -0.250000 0.035714 0.214286
v -0.285714 0.035714 0.250000
v -0.285714 0.071429 0.250000
v -0.250000 0.035714 0.250000
v -0.250000 0.071429 0.250000
v -0.285714 0.107143 -0.214286
v -0.285714 0.107143 -0.250000
v -0.250000 0.107143 -0.214286
v -0.250000 0.107143 -0.250000
v -0.250000 0.107143 -0.178571
v -0.285714 0.107143 0.214286
v -0.250000 0.107143 0.214286
v -0.250000 0.107143 0.178571
v -0.285714 0.107143 0.250000
v -0.250000 0.107143 0.250000
v -0.285714 0.107143 -0.178571
v -0.285714 0.107143 -0.142857
v -0.285714 0.142857 -0.142857
v -0.285714 0.142857 -0.178571
v -0.250000 0.142857 -0.142857
v -0.250000 0.142857 -0.178571
v -0.250000 0.107143 -0.178571
v -0.250000 0.142857 -0.107143
v -0.250000 0.142857 -0.071429
v -0.250000 0.142857 -0.035714
v -0.250000 0.142857 0.000000
v -0.250000 0.142857 0.035714
v -0.250000 0.142857 0.071429
v -0.250000 0.142857 0.107143
v -0.285714 0.107143 0.142857
v -0.285714 0.142857 0.142857
v -0.250000 0.142857 0.142857
v -0.285714 0.107143 0.178571
v -0.285714 0.142857 0.178571
v -0.250000 0.142857 0.178571
v -0.250000 0.107143 0.178571
v -0.285714 0.785714 -0.178571
v -0.285714 0.785714 -0.142857
v -0.285714 0.821429 -0.142857
v -0.285714 0.821429 -0.178571
v -0.250000 0.785714 -0.178571
v -0.250000 0.785714 -0.142857
v -0.250000 0.821429 -0.178571
v -0.250000 0.785714 -0.107143
v -0.250000 0.785714 -0.071429
v -0.250000 0.785714 -0.035714
v -0.250000 0.785714 0.000000
v -0.250000 0.785714 0.035714
v -0.250000 0.785714 0.071429
v -0.250000 0.785714 0.107143
v -0.285714 0.785714 0.142857
v -0.285714 0.821429 0.142857
v -0.250000 0.785714 0.142857
v -0.285714 0.785714 0.178571
v -0.285714 0.821429 0.178571
v -0.250000 0.785714 0.178571
v -0.250000 0.821429 0.178571
v -0.285714 0.857143 -0.142857
v -0.285714 0.857143 -0.178571
v -0.250000 0.857143 -0.178571
v -0.285714 0.857143 0.142857
v -0.285714 0.857143 0.178571
v -0.250000 0.857143 0.178571
v -0.285714 0.892857 -0.142857
v -0.285714 0.892857 -0.178571
v -0.250000 0.892857 -0.178571
v -0.285714 0.892857 0.142857
v -0.285714 0.892857 0.178571
v -0.250000 0.892857 0.178571
v -0.285714 0.892857 -0.250000
v -0.285714 0.892857 -0.214286
v -0.285714 0.928571 -0.214286
v -0.285714 0.928571 -0.250000
v -0.250000 0.892857 -0.250000
v -0.250000 0.892857 -0.214286
v -0.250000 0.928571 -0.250000
v -0.250000 0.892857 -0.178571
v -0.285714 0.892857 0.214286
v -0.285714 0.928571 0.214286
v -0.250000 0.892857 0.178571
v -0.250000 0.892857 0.214286
v -0.285714 0.892857 0.250000
v -0.285714 0.928571 0.250000
v -0.250000 0.892857 0.250000
v -0.250000 0.928571 0.250000
v -0.285714 0.964286 -0.214286
v -0.285714 0.964286 -0.250000
v -0.250000 0.964286 -0.214286
v -0.250000 0.964286 -0.250000
v -0.250000 0.964286 -0.178571
v -0.285714 0.964286 0.214286
v -0.250000 0.964286 0.214286
v -0.250000 0.964286 0.178571
v -0.285714 0.964286 0.250000
v -0.250000 0.964286 0.250000
v -0.285714 0.964286 -0.178571
v -0.285714 0.964286 -0.142857
v -0.285714 1.000000 -0.142857
v -0.285714 1.000000 -0.178571
v -0.250000 1.000000 -0.142857
v -0.250000 1.000000 -0.178571
v -0.250000 0.964286 -0.178571
v -0.250000 1.000000 -0.107143
v -0.250000 1.000000 -0.071429
v -0.250000 1.000000 -0.035714
v -0.250000 1.000000 0.000000
v -0.250000 1.000000 0.035714
v -0.250000 1.000000 0.071429
v -0.250000 1.000000 0.107143
v -0.285714 0.964286 0.142857
v -0.285714 1.000000 0.142857
v -0.250000 1.000000 0.142857
v -0.285714 0.964286 0.178571
v -0.285714 1.000000 0.178571
v -0.250000 1.000000 0.178571
v -0.250000 0.964286 0.178571
v -0.250000 0.000000 -0.214286
v -0.250000 0.035714 -0.214286
v -0.214286 0.000000 -0.214286
v -0.214286 0.000000 -0.178571
v -0.214286 0.035714 -0.214286
v -0.214286 0.000000 -0.142857
v -0.214286 0.000000 -0.107143
v -0.214286 0.000000 -0.071429
v -0.214286 0.000000 -0.035714
v -0.214286 0.000000 0.000000
v -0.214286 0.000000 0.035714
v -0.214286 0.000000 0.071429
v -0.214286 0.000000 0.107143
v -0.214286 0.000000 0.142857
v -0.214286 0.000000 0.178571
v -0.250000 0.000000 0.214286
v -0.250000 0.035714 0.214286
v -0.214286 0.000000 0.214286
v -0.214286 0.035714 0.214286
v -0.250000 0.035714 -0.285714
v -0.250000 0.071429 -0.285714
v -0.214286 0.035714 -0.285714
v -0.214286 0.035714 -0.250000
v -0.214286 0.071429 -0.285714
v -0.214286 0.035714 -0.214286
v -0.214286 0.035714 0.214286
v -0.214286 0.035714 0.250000
v -0.250000 0.035714 0.285714
v -0.250000 0.071429 0.285714
v -0.214286 0.035714 0.285714
v -0.214286 0.071429 0.285714
v -0.250000 0.107143 -0.285714
v -0.214286 0.107143 -0.250000
v -0.214286 0.107143 -0.285714
v -0.214286 0.107143 -0.214286
v -0.214286 0.107143 0.250000
v -0.214286 0.107143 0.214286
v -0.250000 0.107143 0.285714
v -0.214286 0.107143 0.285714
v -0.250000 0.107143 -0.214286
v -0.250000 0.142857 -0.214286
v -0.214286 0.142857 -0.178571
v -0.214286 0.142857 -0.214286
v -0.214286 0.107143 -0.214286
v -0.214286 0.142857 -0.142857
v -0.214286 0.142857 -0.107143
v -0.214286 0.142857 -0.071429
v -0.214286 0.142857 -0.035714
v -0.214286 0.142857 0.000000
v -0.214286 0.142857 0.035714
v -0.214286 0.142857 0.071429
v -0.214286 0.142857 0.107143
v -0.214286 0.142857 0.142857
v -0.214286 0.142857 0.178571
v -0.250000 0.107143 0.214286
v -0.250000 0.142857 0.214286
v -0.214286 0.142857 0.214286
v -0.214286 0.107143 0.214286
v -0.250000 0.750000 -0.107143
v -0.250000 0.750000 -0.071429
v -0.250000 0.785714 -0.071429
v -0.250000 0.785714 -0.107143
v -0.214286 0.750000 -0.107143
v -0.214286 0.750000 -0.071429
v -0.214286 0.785714 -0.107143
v -0.250000 0.750000 -0.035714
v -0.250000 0.785714 -0.035714
v -0.214286 0.750000 -0.035714
v -0.250000 0.750000 0.000000
v -0.250000 0.785714 0.000000
v -0.214286 0.750000 0.000000
v -0.250000 0.750000 0.035714
v -0.250000 0.785714 0.035714
v -0.214286 0.750000 0.035714
v -0.250000 0.750000 0.071429
v -0.250000 0.785714 0.071429
v -0.214286 0.750000 0.071429
v -0.250000 0.750000 0.107143
v -0.250000 0.785714 0.107143
v -0.214286 0.750000 0.107143
v -0.214286 0.785714 0.107143
v -0.250000 0.785714 -0.214286
v -0.250000 0.821429 -0.214286
v -0.214286 0.785714 -0.214286
v -0.214286 0.785714 -0.178571
v -0.214286 0.821429 -0.214286
v -0.214286 0.785714 -0.142857
v -0.214286 0.785714 -0.107143
v -0.214286 0.785714 0.107143
v -0.214286 0.785714 0.142857
v -0.214286 0.785714 0.178571
v -0.250000 0.785714 0.214286
v -0.250000 0.821429 0.214286
v -0.214286 0.785714 0.214286
v -0.214286 0.821429 0.214286
v -0.250000 0.857143 -0.214286
v -0.214286 0.857143 -0.214286
v -0.250000 0.857143 0.214286
v -0.214286 0.857143 0.214286
v -0.250000 0.892857 -0.214286
v -0.214286 0.892857 -0.214286
v -0.250000 0.892857 0.214286
v -0.214286 0.892857 0.214286
v -0.250000 0.892857 -0.285714
v -0.250000 0.928571 -0.285714
v -0.214286 0.892857 -0.285714
v -0.214286 0.892857 -0.250000
v -0.214286 0.928571 -0.285714
v -0.214286 0.892857 -0.214286
v -0.214286 0.892857 0.214286
v -0.214286 0.892857 0.250000
v -0.250000 0.892857 0.285714
v -0.250000 0.928571 0.285714
v -0.214286 0.892857 0.285714
v -0.214286 0.928571 0.285714
v -0.250000 0.964286 -0.285714
v -0.214286 0.964286 -0.250000
v -0.214286 0.964286 -0.285714
v -0.214286 0.964286 -0.214286
v -0.214286 0.964286 0.250000
v -0.214286 0.964286 0.214286
v -0.250000 0.964286 0.285714
v -0.214286 0.964286 0.285714
v -0.250000 0.964286 -0.214286
v -0.250000 1.000000 -0.214286
v -0.214286 1.000000 -0.178571
v -0.214286 1.000000 -0.214286
v -0.214286 0.964286 -0.214286
v -0.214286 1.000000 -0.142857
v -0.214286 1.000000 -0.107143
v -0.214286 1.000000 -0.071429
v -0.214286 1.000000 -0.035714
v -0.214286 1.000000 0.000000
v -0.214286 1.000000 0.035714
v -0.214286 1.000000 0.071429
v -0.214286 1.000000 0.107143
v -0.214286 1.000000 0.142857
v -0.214286 1.000000 0.178571
v -0.250000 0.964286 0.214286
v -0.250000 1.000000 0.214286
v -0.214286 1.000000 0.214286
v -0.214286 0.964286 0.214286
v -0.214286 0.000000 -0.250000
v -0.214286 0.035714 -0.250000
v -0.178571 0.000000 -0.250000
v -0.178571 0.000000 -0.214286
v -0.178571 0.035714 -0.250000
v -0.178571 0.000000 -0.178571
v -0.178571 0.000000 -0.142857
v -0.178571 0.000000 -0.107143
v -0.178571 0.000000 -0.071429
v -0.178571 0.000000 -0.035714
v -0.178571 0.000000 0.000000
v -0.178571 0.000000 0.035714
v -0.178571 0.000000 0.071429
v -0.178571 0.000000 0.107143
v -0.178571 0.000000 0.142857
v -0.178571 0.000000 0.178571
v -0.178571 0.000000 0.214286
v -0.214286 0.000000 0.250000
v -0.214286 0.035714 0.250000
v -0.178571 0.000000 0.250000
v -0.178571 0.035714 0.250000
v -0.178571 0.035714 -0.285714
v -0.178571 0.035714 -0.250000
v -0.178571 0.071429 -0.285714
v -0.178571 0.035714 0.250000
v -0.178571 0.035714 0.285714
v -0.178571 0.071429 0.285714
v -0.178571 0.107143 -0.250000
v -0.178571 0.107143 -0.285714
v -0.178571 0.107143 0.285714
v -0.178571 0.107143 0.250000
v -0.214286 0.107143 -0.250000
v -0.214286 0.142857 -0.250000
v -0.178571 0.142857 -0.214286
v -0.178571 0.142857 -0.250000
v -0.178571 0.107143 -0.250000
v -0.178571 0.142857 -0.178571
v -0.178571 0.142857 -0.142857
v -0.178571 0.142857 -0.107143
v -0.178571 0.142857 -0.071429
v -0.178571 0.142857 -0.035714
v -0.178571 0.142857 0.000000
v -0.178571 0.142857 0.035714
v -0.178571 0.142857 0.071429
v -0.178571 0.142857 0.107143
v -0.178571 0.142857 0.142857
v -0.178571 0.142857 0.178571
v -0.178571 0.142857 0.214286
v -0.214286 0.107143 0.250000
v -0.214286 0.142857 0.250000
v -0.178571 0.142857 0.250000
v -0.178571 0.107143 0.250000
v -0.214286 0.750000 -0.142857
v -0.214286 0.785714 -0.142857
v -0.178571 0.750000 -0.142857
v -0.178571 0.750000 -0.107143
v -0.178571 0.785714 -0.142857
v -0.178571 0.750000 -0.071429
v -0.178571 0.750000 -0.035714
v -0.178571 0.750000 0.000000
v -0.178571 0.750000 0.035714
v -0.178571 0.750000 0.071429
v -0.178571 0.750000 0.107143
v -0.214286 0.750000 0.142857
v -0.214286 0.785714 0.142857
v -0.178571 0.750000 0.142857
v -0.178571 0.785714 0.142857
v -0.214286 0.785714 -0.250000
v -0.214286 0.821429 -0.250000
v -0.178571 0.785714 -0.250000
v -0.178571 0.785714 -0.214286
v -0.178571 0.821429 -0.250000
v -0.178571 0.785714 -0.178571
v -0.178571 0.785714 -0.142857
v -0.178571 0.785714 0.142857
v -0.178571 0.785714 0.178571
v -0.178571 0.785714 0.214286
v -0.214286 0.785714 0.250000
v -0.214286 0.821429 0.250000
v -0.178571 0.785714 0.250000
v -0.178571 0.821429 0.250000
v -0.214286 0.857143 -0.250000
v -0.178571 0.857143 -0.250000
v -0.214286 0.857143 0.250000
v -0.178571 0.857143 0.250000
v -0.214286 0.892857 -0.250000
v -0.178571 0.892857 -0.250000
v -0.214286 0.892857 0.250000
v -0.178571 0.892857 0.250000
v -0.178571 0.892857 -0.285714
v -0.178571 0.892857 -0.250000
v -0.178571 0.928571 -0.285714
v -0.178571 0.892857 0.250000
v -0.178571 0.892857 0.285714
v -0.178571 0.928571 0.285714
v -0.178571 0.964286 -0.250000
v -0.178571 0.964286 -0.285714
v -0.178571 0.964286 0.285714
v -0.178571 0.964286 0.250000
v -0.214286 0.964286 -0.250000
v -0.214286 1.000000 -0.250000
v -0.178571 1.000000 -0.214286
v -0.178571 1.000000 -0.250000
v -0.178571 0.964286 -0.250000
v -0.178571 1.000000 -0.178571
v -0.178571 1.000000 -0.142857
v -0.178571 1.000000 -0.107143
v -0.178571 1.000000 -0.071429
v -0.178571 1.000000 -0.035714
v -0.178571 1.000000 0.000000
v -0.178571 1.000000 0.035714
v -0.178571 1.000000 0.071429
v -0.178571 1.000000 0.107143
v -0.178571 1.000000 0.142857
v -0.178571 1.000000 0.178571
v -0.178571 1.000000 0.214286
v -0.214286 0.964286 0.250000
v -0.214286 1.000000 0.250000
v -0.178571 1.000000 0.250000
v -0.178571 0.964286 0.250000
v -0.178571 0.000000 -0.285714
v -0.178571 0.035714 -0.285714
v -0.142857 0.000000 -0.285714
v -0.142857 0.000000 -0.250000
v -0.142857 0.035714 -0.285714
v -0.142857 0.000000 -0.214286
v -0.142857 0.000000 -0.178571
v -0.142857 0.000000 -0.142857
v -0.142857 0.000000 -0.107143
v -0.142857 0.000000 -0.071429
v -0.142857 0.000000 -0.035714
v -0.142857 0.000000 0.000000
v -0.142857 0.000000 0.035714
v -0.142857 0.000000 0.071429
v -0.142857 0.000000 0.107143
v -0.142857 0.000000 0.142857
v -0.142857 0.000000 0.178571
v -0.142857 0.000000 0.214286
v -0.142857 0.000000 0.250000
v -0.178571 0.000000 0.285714
v -0.178571 0.035714 0.285714
v -0.142857 0.000000 0.285714
v -0.142857 0.035714 0.285714
v -0.178571 0.035714 -0.321429
v -0.178571 0.071429 -0.321429
v -0.142857 0.035714 -0.321429
v -0.142857 0.035714 -0.285714
v -0.142857 0.071429 -0.321429
v -0.178571 0.035714 0.321429
v -0.178571 0.071429 0.321429
v -0.142857 0.035714 0.285714
v -0.142857 0.035714 0.321429
v -0.142857 0.071429 0.321429
v -0.178571 0.107143 -0.321429
v -0.142857 0.107143 -0.285714
v -0.142857 0.107143 -0.321429
v -0.178571 0.107143 0.321429
v -0.142857 0.107143 0.321429
v -0.142857 0.107143 0.285714
v -0.178571 0.107143 -0.285714
v -0.178571 0.142857 -0.285714
v -0.142857 0.142857 -0.250000
v -0.142857 0.142857 -0.285714
v -0.142857 0.107143 -0.285714
v -0.142857 0.142857 -0.214286
v -0.142857 0.142857 -0.178571
v -0.142857 0.142857 -0.142857
v -0.142857 0.142857 -0.107143
v -0.142857 0.142857 -0.071429
v -0.142857 0.142857 0.107143
v -0.142857 0.142857 0.071429
v -0.142857 0.142857 0.142857
v -0.142857 0.142857 0.178571
v -0.142857 0.142857 0.214286
v -0.142857 0.142857 0.250000
v -0.178571 0.107143 0.285714
v -0.178571 0.142857 0.285714
v -0.142857 0.142857 0.285714
v -0.142857 0.107143 0.285714
v -0.178571 0.142857 -0.071429
v -0.178571 0.142857 -0.035714
v -0.178571 0.178571 -0.035714
v -0.178571 0.178571 -0.071429
v -0.142857 0.178571 -0.071429
v -0.142857 0.142857 -0.071429
v -0.178571 0.142857 0.000000
v -0.178571 0.178571 0.000000
v -0.178571 0.142857 0.035714
v -0.178571 0.178571 0.035714
v -0.178571 0.142857 0.071429
v -0.178571 0.178571 0.071429
v -0.142857 0.142857 0.071429
v -0.142857 0.178571 0.071429
v -0.178571 0.214286 -0.035714
v -0.178571 0.214286 -0.071429
v -0.142857 0.214286 -0.035714
v -0.142857 0.214286 -0.071429
v -0.178571 0.214286 0.000000
v -0.142857 0.214286 0.000000
v -0.178571 0.214286 0.035714
v -0.142857 0.214286 0.035714
v -0.178571 0.214286 0.071429
v -0.142857 0.214286 0.071429
v -0.178571 0.714286 -0.071429
v -0.178571 0.714286 -0.035714
v -0.178571 0.750000 -0.035714
v -0.178571 0.750000 -0.071429
v -0.142857 0.714286 -0.071429
v -0.142857 0.714286 -0.035714
v -0.142857 0.750000 -0.071429
v -0.178571 0.714286 0.000000
v -0.178571 0.750000 0.000000
v -0.142857 0.714286 0.000000
v -0.178571 0.714286 0.035714
v -0.178571 0.750000 0.035714
v -0.142857 0.714286 0.035714
v -0.178571 0.714286 0.071429
v -0.178571 0.750000 0.071429
v -0.142857 0.714286 0.071429
v -0.142857 0.750000 0.071429
v -0.178571 0.750000 -0.178571
v -0.178571 0.785714 -0.178571
v -0.142857 0.750000 -0.178571
v -0.142857 0.750000 -0.142857
v -0.142857 0.785714 -0.178571
v -0.142857 0.750000 -0.107143
v -0.142857 0.750000 -0.071429
v -0.142857 0.750000 0.071429
v -0.142857 0.750000 0.107143
v -0.142857 0.750000 0.142857
v -0.178571 0.750000 0.178571
v -0.178571 0.785714 0.178571
v -0.142857 0.750000 0.178571
v -0.142857 0.785714 0.178571
v -0.178571 0.785714 -0.285714
v -0.178571 0.821429 -0.285714
v -0.142857 0.785714 -0.285714
v -0.142857 0.785714 -0.250000
v -0.142857 0.821429 -0.285714
v -0.142857 0.785714 -0.214286
v -0.142857 0.785714 -0.178571
v -0.142857 0.785714 0.178571
v -0.142857 0.785714 0.214286
v -0.142857 0.785714 0.250000
v -0.178571 0.785714 0.285714
v -0.178571 0.821429 0.285714
v -0.142857 0.785714 0.285714
v -0.142857 0.821429 0.285714
v -0.178571 0.857143 -0.285714
v -0.142857 0.857143 -0.285714
v -0.178571 0.857143 0.285714
v -0.142857 0.857143 0.285714
v -0.178571 0.892857 -0.285714
v -0.142857 0.892857 -0.285714
v -0.178571 0.892857 0.285714
v -0.142857 0.892857 0.285714
v -0.178571 0.892857 -0.321429
v -0.178571 0.928571 -0.321429
v -0.142857 0.892857 -0.321429
v -0.142857 0.892857 -0.285714
v -0.142857 0.928571 -0.321429
v -0.178571 0.892857 0.321429
v -0.178571 0.928571 0.321429
v -0.142857 0.892857 0.285714
v -0.142857 0.892857 0.321429
v -0.142857 0.928571 0.321429
v -0.178571 0.964286 -0.321429
v -0.142857 0.964286 -0.285714
v -0.142857 0.964286 -0.321429
v -0.178571 0.964286 0.321429
v -0.142857 0.964286 0.321429
v -0.142857 0.964286 0.285714
v -0.178571 0.964286 -0.285714
v -0.178571 1.000000 -0.285714
v -0.142857 1.000000 -0.250000
v -0.142857 1.000000 -0.285714
v -0.142857 0.964286 -0.285714
v -0.142857 1.000000 -0.214286
v -0.142857 1.000000 -0.178571
v -0.142857 1.000000 -0.142857
v -0.142857 1.000000 -0.107143
v -0.142857 1.000000 -0.071429
v -0.142857 1.000000 -0.035714
v -0.142857 1.000000 0.000000
v -0.142857 1.000000 0.035714
v -0.142857 1.000000 0.071429
v -0.142857 1.000000 0.107143
v -0.142857 1.000000 0.142857
v -0.142857 1.000000 0.178571
v -0.142857 1.000000 0.214286
v -0.142857 1.000000 0.250000
v -0.178571 0.964286 0.285714
v -0.178571 1.000000 0.285714
v -0.142857 1.000000 0.285714
v -0.142857 0.964286 0.285714
v -0.107143 0.000000 -0.285714
v -0.107143 0.000000 -0.250000
v -0.107143 0.035714 -0.285714
v -0.107143 0.000000 -0.214286
v -0.107143 0.000000 -0.178571
v -0.107143 0.000000 -0.142857
v -0.107143 0.000000 -0.107143
v -0.107143 0.000000 -0.071429
v -0.107143 0.000000 -0.035714
v -0.107143 0.000000 0.000000
v -0.107143 0.000000 0.035714
v -0.107143 0.000000 0.071429
v -0.107143 0.000000 0.107143
v -0.107143 0.000000 0.142857
v -0.107143 0.000000 0.178571
v -0.107143 0.000000 0.214286
v -0.107143 0.000000 0.250000
v -0.107143 0.000000 0.285714
v -0.107143 0.035714 0.285714
v -0.107143 0.035714 -0.321429
v -0.107143 0.035714 -0.285714
v -0.107143 0.071429 -0.321429
v -0.107143 0.035714 0.285714
v -0.107143 0.035714 0.321429
v -0.107143 0.071429 0.321429
v -0.107143 0.107143 -0.285714
v -0.107143 0.107143 -0.321429
v -0.107143 0.107143 0.321429
v -0.107143 0.107143 0.285714
v -0.107143 0.142857 -0.250000
v -0.107143 0.142857 -0.285714
v -0.107143 0.107143 -0.285714
v -0.107143 0.142857 -0.214286
v -0.107143 0.142857 -0.178571
v -0.107143 0.142857 -0.142857
v -0.107143 0.142857 0.178571
v -0.107143 0.142857 0.142857
v -0.107143 0.142857 0.214286
v -0.107143 0.142857 0.250000
v -0.107143 0.142857 0.285714
v -0.107143 0.107143 0.285714
v -0.142857 0.142857 -0.142857
v -0.142857 0.142857 -0.107143
v -0.142857 0.178571 -0.107143
v -0.142857 0.178571 -0.142857
v -0.107143 0.178571 -0.142857
v -0.107143 0.142857 -0.142857
v -0.142857 0.142857 0.107143
v -0.142857 0.178571 0.107143
v -0.142857 0.142857 0.142857
v -0.142857 0.178571 0.142857
v -0.107143 0.142857 0.142857
v -0.107143 0.178571 0.142857
v -0.142857 0.214286 -0.107143
v -0.142857 0.214286 -0.142857
v -0.107143 0.214286 -0.107143
v -0.107143 0.214286 -0.142857
v -0.107143 0.214286 -0.071429
v -0.142857 0.214286 0.107143
v -0.107143 0.214286 0.107143
v -0.107143 0.214286 0.071429
v -0.142857 0.214286 0.142857
v -0.107143 0.214286 0.142857
v -0.142857 0.214286 -0.071429
v -0.142857 0.214286 -0.035714
v -0.142857 0.250000 -0.035714
v -0.142857 0.250000 -0.071429
v -0.107143 0.250000 -0.035714
v -0.107143 0.250000 -0.071429
v -0.107143 0.214286 -0.071429
v -0.142857 0.214286 0.000000
v -0.142857 0.250000 0.000000
v -0.107143 0.250000 0.000000
v -0.142857 0.214286 0.035714
v -0.142857 0.250000 0.035714
v -0.107143 0.250000 0.035714
v -0.142857 0.214286 0.071429
v -0.142857 0.250000 0.071429
v -0.107143 0.250000 0.071429
v -0.107143 0.214286 0.071429
v -0.142857 0.321429 -0.071429
v -0.142857 0.321429 -0.035714
v -0.142857 0.357143 -0.035714
v -0.142857 0.357143 -0.071429
v -0.107143 0.357143 -0.035714
v -0.107143 0.357143 -0.071429
v -0.107143 0.321429 -0.071429
v -0.107143 0.321429 -0.035714
v -0.142857 0.321429 0.000000
v -0.142857 0.357143 0.000000
v -0.107143 0.357143 0.000000
v -0.107143 0.321429 0.000000
v -0.142857 0.321429 0.035714
v -0.142857 0.357143 0.035714
v -0.107143 0.357143 0.035714
v -0.107143 0.321429 0.035714
v -0.142857 0.321429 0.071429
v -0.142857 0.357143 0.071429
v -0.107143 0.357143 0.071429
v -0.107143 0.321429 0.071429
v -0.142857 0.464286 -0.071429
v -0.142857 0.464286 -0.035714
v -0.142857 0.500000 -0.035714
v -0.142857 0.500000 -0.071429
v -0.107143 0.500000 -0.035714
v -0.107143 0.500000 -0.071429
v -0.107143 0.464286 -0.071429
v -0.107143 0.464286 -0.035714
v -0.142857 0.464286 0.000000
v -0.142857 0.500000 0.000000
v -0.107143 0.500000 0.000000
v -0.107143 0.464286 0.000000
v -0.142857 0.464286 0.035714
v -0.142857 0.500000 0.035714
v -0.107143 0.500000 0.035714
v -0.107143 0.464286 0.035714
v -0.142857 0.464286 0.071429
v -0.142857 0.500000 0.071429
v -0.107143 0.500000 0.071429
v -0.107143 0.464286 0.071429
v -0.142857 0.607143 -0.071429
v -0.142857 0.607143 -0.035714
v -0.142857 0.642857 -0.035714
v -0.142857 0.642857 -0.071429
v -0.107143 0.642857 -0.035714
v -0.107143 0.642857 -0.071429
v -0.107143 0.607143 -0.071429
v -0.107143 0.607143 -0.035714
v -0.142857 0.607143 0.000000
v -0.142857 0.642857 0.000000
v -0.107143 0.642857 0.000000
v -0.107143 0.607143 0.000000
v -0.142857 0.607143 0.035714
v -0.142857 0.642857 0.035714
v -0.107143 0.642857 0.035714
v -0.107143 0.607143 0.035714
v -0.142857 0.607143 0.071429
v -0.142857 0.642857 0.071429
v -0.107143 0.642857 0.071429
v -0.107143 0.607143 0.071429
v -0.142857 0.714286 -0.142857
v -0.142857 0.714286 -0.107143
v -0.142857 0.750000 -0.107143
v -0.142857 0.750000 -0.142857
v -0.107143 0.714286 -0.142857
v -0.107143 0.714286 -0.107143
v -0.107143 0.750000 -0.142857
v -0.107143 0.714286 -0.071429
v -0.107143 0.714286 -0.035714
v -0.107143 0.714286 0.000000
v -0.107143 0.714286 0.035714
v -0.107143 0.714286 0.071429
v -0.142857 0.714286 0.107143
v -0.142857 0.750000 0.107143
v -0.107143 0.714286 0.107143
v -0.142857 0.714286 0.142857
v -0.142857 0.750000 0.142857
v -0.107143 0.714286 0.142857
v -0.107143 0.750000 0.142857
v -0.142857 0.750000 -0.214286
v -0.142857 0.785714 -0.214286
v -0.107143 0.750000 -0.214286
v -0.107143 0.750000 -0.178571
v -0.107143 0.785714 -0.214286
v -0.107143 0.750000 -0.142857
v -0.107143 0.750000 0.142857
v -0.107143 0.750000 0.178571
v -0.142857 0.750000 0.214286
v -0.142857 0.785714 0.214286
v -0.107143 0.750000 0.214286
v -0.107143 0.785714 0.214286
v -0.107143 0.785714 -0.285714
v -0.107143 0.785714 -0.250000
v -0.107143 0.821429 -0.285714
v -0.107143 0.785714 -0.214286
v -0.107143 0.785714 0.214286
v -0.107143 0.785714 0.250000
v -0.107143 0.785714 0.285714
v -0.107143 0.821429 0.285714
v -0.107143 0.857143 -0.285714
v -0.107143 0.857143 0.285714
v -0.107143 0.892857 -0.285714
v -0.107143 0.892857 0.285714
v -0.107143 0.892857 -0.321429
v -0.107143 0.892857 -0.285714
v -0.107143 0.928571 -0.321429
v -0.107143 0.892857 0.285714
v -0.107143 0.892857 0.321429
v -0.107143 0.928571 0.321429
v -0.107143 0.964286 -0.285714
v -0.107143 0.964286 -0.321429
v -0.107143 0.964286 0.321429
v -0.107143 0.964286 0.285714
v -0.107143 1.000000 -0.250000
v -0.107143 1.000000 -0.285714
v -0.107143 0.964286 -0.285714
v -0.107143 1.000000 -0.214286
v -0.107143 1.000000 -0.178571
v -0.107143 1.000000 -0.142857
v -0.107143 1.000000 -0.107143
v -0.107143 1.000000 -0.071429
v -0.107143 1.000000 -0.035714
v -0.107143 1.000000 0.000000
v -0.107143 1.000000 0.035714
v -0.107143 1.000000 0.071429
v -0.107143 1.000000 0.107143
v -0.107143 1.000000 0.142857
v -0.107143 1.000000 0.178571
v -0.107143 1.000000 0.214286
v -0.107143 1.000000 0.250000
v -0.107143 1.000000 0.285714
v -0.107143 0.964286 0.285714
v -0.107143 0.000000 -0.321429
v -0.107143 0.035714 -0.321429
v -0.071429 0.000000 -0.321429
v -0.071429 0.000000 -0.285714
v -0.071429 0.035714 -0.321429
v -0.071429 0.000000 -0.250000
v -0.071429 0.000000 -0.214286
v -0.071429 0.000000 -0.178571
v -0.071429 0.000000 -0.142857
v -0.071429 0.000000 -0.107143
v -0.071429 0.000000 -0.071429
v -0.071429 0.000000 -0.035714
v -0.071429 0.000000 0.000000
v -0.071429 0.000000 0.035714
v -0.071429 0.000000 0.071429
v -0.071429 0.000000 0.107143
v -0.071429 0.000000 0.142857
v -0.071429 0.000000 0.178571
v -0.071429 0.000000 0.214286
v -0.071429 0.000000 0.250000
v -0.071429 0.000000 0.285714
v -0.107143 0.000000 0.321429
v -0.107143 0.035714 0.321429
v -0.071429 0.000000 0.321429
v -0.071429 0.035714 0.321429
v -0.107143 0.035714 -0.357143
v -0.107143 0.071429 -0.357143
v -0.071429 0.035714 -0.357143
v -0.071429 0.035714 -0.321429
v -0.071429 0.071429 -0.357143
v -0.107143 0.035714 0.357143
v -0.107143 0.071429 0.357143
v -0.071429 0.035714 0.321429
v -0.071429 0.035714 0.357143
v -0.071429 0.071429 0.357143
v -0.107143 0.107143 -0.357143
v -0.071429 0.107143 -0.321429
v -0.071429 0.107143 -0.357143
v -0.107143 0.107143 0.357143
v -0.071429 0.107143 0.357143
v -0.071429 0.107143 0.321429
v -0.107143 0.107143 -0.321429
v -0.107143 0.142857 -0.321429
v -0.071429 0.142857 -0.285714
v -0.071429 0.142857 -0.321429
v -0.071429 0.107143 -0.321429
v -0.071429 0.142857 -0.250000
v -0.071429 0.142857 -0.214286
v -0.071429 0.142857 -0.178571
v -0.071429 0.142857 -0.142857
v -0.071429 0.142857 0.178571
v -0.071429 0.142857 0.142857
v -0.071429 0.142857 0.214286
v -0.071429 0.142857 0.250000
v -0.071429 0.142857 0.285714
v -0.107143 0.107143 0.321429
v -0.107143 0.142857 0.321429
v -0.071429 0.142857 0.321429
v -0.071429 0.107143 0.321429
v -0.071429 0.178571 -0.142857
v -0.071429 0.142857 -0.142857
v -0.071429 0.142857 0.142857
v -0.071429 0.178571 0.142857
v -0.071429 0.214286 -0.107143
v -0.071429 0.214286 -0.142857
v -0.071429 0.214286 0.142857
v -0.071429 0.214286 0.107143
v -0.107143 0.214286 -0.107143
v -0.107143 0.250000 -0.107143
v -0.071429 0.250000 -0.071429
v -0.071429 0.250000 -0.107143
v -0.071429 0.214286 -0.107143
v -0.071429 0.250000 -0.035714
v -0.071429 0.250000 0.000000
v -0.071429 0.250000 0.035714
v -0.071429 0.250000 0.071429
v -0.107143 0.214286 0.107143
v -0.107143 0.250000 0.107143
v -0.071429 0.250000 0.107143
v -0.071429 0.214286 0.107143
v -0.107143 0.285714 -0.071429
v -0.107143 0.285714 -0.035714
v -0.107143 0.321429 -0.035714
v -0.107143 0.321429 -0.071429
v -0.071429 0.285714 -0.071429
v -0.071429 0.285714 -0.035714
v -0.071429 0.321429 -0.071429
v -0.107143 0.285714 0.000000
v -0.107143 0.321429 0.000000
v -0.071429 0.285714 0.000000
v -0.107143 0.285714 0.035714
v -0.107143 0.321429 0.035714
v -0.071429 0.285714 0.035714
v -0.107143 0.285714 0.071429
v -0.107143 0.321429 0.071429
v -0.071429 0.285714 0.071429
v -0.071429 0.321429 0.071429
v -0.107143 0.321429 -0.107143
v -0.107143 0.357143 -0.107143
v -0.071429 0.357143 -0.071429
v -0.071429 0.357143 -0.107143
v -0.071429 0.321429 -0.107143
v -0.071429 0.321429 -0.071429
v -0.107143 0.321429 0.107143
v -0.107143 0.357143 0.107143
v -0.071429 0.357143 0.107143
v -0.071429 0.357143 0.071429
v -0.071429 0.321429 0.071429
v -0.071429 0.321429 0.107143
v -0.107143 0.357143 -0.071429
v -0.107143 0.357143 -0.035714
v -0.107143 0.392857 -0.035714
v -0.107143 0.392857 -0.071429
v -0.071429 0.392857 -0.035714
v -0.071429 0.392857 -0.071429
v -0.071429 0.357143 -0.071429
v -0.107143 0.357143 0.000000
v -0.107143 0.392857 0.000000
v -0.071429 0.392857 0.000000
v -0.107143 0.357143 0.035714
v -0.107143 0.392857 0.035714
v -0.071429 0.392857 0.035714
v -0.107143 0.357143 0.071429
v -0.107143 0.392857 0.071429
v -0.071429 0.392857 0.071429
v -0.071429 0.357143 0.071429
v -0.107143 0.428571 -0.071429
v -0.107143 0.428571 -0.035714
v -0.107143 0.464286 -0.035714
v -0.107143 0.464286 -0.071429
v -0.071429 0.428571 -0.071429
v -0.071429 0.428571 -0.035714
v -0.071429 0.464286 -0.071429
v -0.107143 0.428571 0.000000
v -0.107143 0.464286 0.000000
v -0.071429 0.428571 0.000000
v -0.107143 0.428571 0.035714
v -0.107143 0.464286 0.035714
v -0.071429 0.428571 0.035714
v -0.107143 0.428571 0.071429
v -0.107143 0.464286 0.071429
v -0.071429 0.428571 0.071429
v -0.071429 0.464286 0.071429
v -0.107143 0.464286 -0.107143
v -0.107143 0.500000 -0.107143
v -0.071429 0.500000 -0.071429
v -0.071429 0.500000 -0.107143
v -0.071429 0.464286 -0.107143
v -0.071429 0.464286 -0.071429
v -0.107143 0.464286 0.107143
v -0.107143 0.500000 0.107143
v -0.071429 0.500000 0.107143
v -0.071429 0.500000 0.071429
v -0.071429 0.464286 0.071429
v -0.071429 0.464286 0.107143
v -0.107143 0.500000 -0.071429
v -0.107143 0.500000 -0.035714
v -0.107143 0.535714 -0.035714
v -0.107143 0.535714 -0.071429
v -0.071429 0.535714 -0.035714
v -0.071429 0.535714 -0.071429
v -0.071429 0.500000 -0.071429
v -0.107143 0.500000 0.000000
v -0.107143 0.535714 0.000000
v -0.071429 0.535714 0.000000
v -0.107143 0.500000 0.035714
v -0.107143 0.535714 0.035714
v -0.071429 0.535714 0.035714
v -0.107143 0.500000 0.071429
v -0.107143 0.535714 0.071429
v -0.071429 0.535714 0.071429
v -0.071429 0.500000 0.071429
v -0.107143 0.571429 -0.071429
v -0.107143 0.571429 -0.035714
v -0.107143 0.607143 -0.035714
v -0.107143 0.607143 -0.071429
v -0.071429 0.571429 -0.071429
v -0.071429 0.571429 -0.035714
v -0.071429 0.607143 -0.071429
v -0.107143 0.571429 0.000000
v -0.107143 0.607143 0.000000
v -0.071429 0.571429 0.000000
v -0.107143 0.571429 0.035714
v -0.107143 0.607143 0.035714
v -0.071429 0.571429 0.035714
v -0.107143 0.571429 0.071429
v -0.107143 0.607143 0.071429
v -0.071429 0.571429 0.071429
v -0.071429 0.607143 0.071429
v -0.107143 0.607143 -0.107143
v -0.107143 0.642857 -0.107143
v -0.071429 0.642857 -0.071429
v -0.071429 0.642857 -0.107143
v -0.071429 0.607143 -0.107143
v -0.071429 0.607143 -0.071429
v -0.107143 0.607143 0.107143
v -0.107143 0.642857 0.107143
v -0.071429 0.642857 0.107143
v -0.071429 0.642857 0.071429
v -0.071429 0.607143 0.071429
v -0.071429 0.607143 0.107143
v -0.107143 0.642857 -0.071429
v -0.107143 0.642857 -0.035714
v -0.107143 0.678571 -0.035714
v -0.107143 0.678571 -0.071429
v -0.071429 0.678571 -0.071429
v -0.071429 0.642857 -0.071429
v -0.107143 0.642857 0.000000
v -0.107143 0.678571 0.000000
v -0.107143 0.642857 0.035714
v -0.107143 0.678571 0.035714
v -0.107143 0.642857 0.071429
v -0.107143 0.678571 0.071429
v -0.071429 0.642857 0.071429
v -0.071429 0.678571 0.071429
v -0.107143 0.714286 -0.035714
v -0.107143 0.714286 -0.071429
v -0.071429 0.714286 -0.071429
v -0.107143 0.714286 0.000000
v -0.107143 0.714286 0.035714
v -0.107143 0.714286 0.071429
v -0.071429 0.714286 0.071429
v -0.071429 0.714286 -0.142857
v -0.071429 0.714286 -0.107143
v -0.071429 0.750000 -0.142857
v -0.071429 0.714286 -0.071429
v -0.071429 0.714286 0.071429
v -0.071429 0.714286 0.107143
v -0.071429 0.714286 0.142857
v -0.071429 0.750000 0.142857
v -0.107143 0.750000 -0.250000
v -0.107143 0.785714 -0.250000
v -0.071429 0.750000 -0.250000
v -0.071429 0.750000 -0.214286
v -0.071429 0.785714 -0.250000
v -0.071429 0.750000 -0.178571
v -0.071429 0.750000 -0.142857
v -0.071429 0.750000 0.142857
v -0.071429 0.750000 0.178571
v -0.071429 0.750000 0.214286
v -0.107143 0.750000 0.250000
v -0.107143 0.785714 0.250000
v -0.071429 0.750000 0.250000
v -0.071429 0.785714 0.250000
v -0.107143 0.785714 -0.321429
v -0.107143 0.821429 -0.321429
v -0.071429 0.785714 -0.321429
v -0.071429 0.785714 -0.285714
v -0.071429 0.821429 -0.321429
v -0.071429 0.785714 -0.250000
v -0.071429 0.785714 0.250000
v -0.071429 0.785714 0.285714
v -0.107143 0.785714 0.321429
v -0.107143 0.821429 0.321429
v -0.071429 0.785714 0.321429
v -0.071429 0.821429 0.321429
v -0.107143 0.857143 -0.321429
v -0.071429 0.857143 -0.321429
v -0.107143 0.857143 0.321429
v -0.071429 0.857143 0.321429
v -0.107143 0.892857 -0.321429
v -0.071429 0.892857 -0.321429
v -0.107143 0.892857 0.321429
v -0.071429 0.892857 0.321429
v -0.107143 0.892857 -0.357143
v -0.107143 0.928571 -0.357143
v -0.071429 0.892857 -0.357143
v -0.071429 0.892857 -0.321429
v -0.071429 0.928571 -0.357143
v -0.107143 0.892857 0.357143
v -0.107143 0.928571 0.357143
v -0.071429 0.892857 0.321429
v -0.071429 0.892857 0.357143
v -0.071429 0.928571 0.357143
v -0.107143 0.964286 -0.357143
v -0.071429 0.964286 -0.321429
v -0.071429 0.964286 -0.357143
v -0.107143 0.964286 0.357143
v -0.071429 0.964286 0.357143
v -0.071429 0.964286 0.321429
v -0.107143 0.964286 -0.321429
v -0.107143 1.000000 -0.321429
v -0.071429 1.000000 -0.285714
v -0.071429 1.000000 -0.321429
v -0.071429 0.964286 -0.321429
v -0.071429 1.000000 -0.250000
v -0.071429 1.000000 -0.214286
v -0.071429 1.000000 -0.178571
v -0.071429 1.000000 -0.142857
v -0.071429 1.000000 -0.107143
v -0.071429 1.000000 -0.071429
v -0.071429 1.000000 -0.035714
v -0.071429 1.000000 0.000000
v -0.071429 1.000000 0.035714
v -0.071429 1.000000 0.071429
v -0.071429 1.000000 0.107143
v -0.071429 1.000000 0.142857
v -0.071429 1.000000 0.178571
v -0.071429 1.000000 0.214286
v -0.071429 1.000000 0.250000
v -0.071429 1.000000 0.285714
v -0.107143 0.964286 0.321429
v -0.107143 1.000000 0.321429
v -0.071429 1.000000 0.321429
v -0.071429 0.964286 0.321429
v -0.035714 0.000000 -0.321429
v -0.035714 0.000000 -0.285714
v -0.035714 0.035714 -0.321429
v -0.035714 0.000000 -0.250000
v -0.035714 0.000000 -0.214286
v -0.035714 0.000000 -0.178571
v -0.035714 0.000000 -0.142857
v -0.035714 0.000000 -0.107143
v -0.035714 0.000000 -0.071429
v -0.035714 0.000000 -0.035714
v -0.035714 0.000000 0.000000
v -0.035714 0.000000 0.035714
v -0.035714 0.000000 0.071429
v -0.035714 0.000000 0.107143
v -0.035714 0.000000 0.142857
v -0.035714 0.000000 0.178571
v -0.035714 0.000000 0.214286
v -0.035714 0.000000 0.250000
v -0.035714 0.000000 0.285714
v -0.035714 0.000000 0.321429
v -0.035714 0.035714 0.321429
v -0.035714 0.035714 -0.357143
v -0.035714 0.035714 -0.321429
v -0.035714 0.071429 -0.357143
v -0.035714 0.035714 0.321429
v -0.035714 0.035714 0.357143
v -0.035714 0.071429 0.357143
v -0.035714 0.107143 -0.321429
v -0.035714 0.107143 -0.357143
v -0.035714 0.107143 0.357143
v -0.035714 0.107143 0.321429
v -0.035714 0.142857 -0.285714
v -0.035714 0.142857 -0.321429
v -0.035714 0.107143 -0.321429
v -0.035714 0.142857 -0.250000
v -0.035714 0.142857 -0.214286
v -0.035714 0.142857 -0.178571
v -0.035714 0.142857 0.214286
v -0.035714 0.142857 0.178571
v -0.035714 0.142857 0.250000
v -0.035714 0.142857 0.285714
v -0.035714 0.142857 0.321429
v -0.035714 0.107143 0.321429
v -0.071429 0.142857 -0.178571
v -0.071429 0.178571 -0.178571
v -0.035714 0.178571 -0.178571
v -0.035714 0.142857 -0.178571
v -0.071429 0.142857 0.178571
v -0.071429 0.178571 0.178571
v -0.035714 0.142857 0.178571
v -0.035714 0.178571 0.178571
v -0.071429 0.214286 -0.178571
v -0.035714 0.214286 -0.142857
v -0.035714 0.214286 -0.178571
v -0.071429 0.214286 0.178571
v -0.035714 0.214286 0.178571
v -0.035714 0.214286 0.142857
v -0.071429 0.214286 -0.142857
v -0.071429 0.250000 -0.142857
v -0.035714 0.250000 -0.107143
v -0.035714 0.250000 -0.142857
v -0.035714 0.214286 -0.142857
v -0.035714 0.250000 -0.071429
v -0.035714 0.250000 -0.035714
v -0.035714 0.250000 0.071429
v -0.035714 0.250000 0.035714
v -0.035714 0.250000 0.107143
v -0.071429 0.214286 0.142857
v -0.071429 0.250000 0.142857
v -0.035714 0.250000 0.142857
v -0.035714 0.214286 0.142857
v -0.071429 0.250000 -0.035714
v -0.071429 0.250000 0.000000
v -0.071429 0.285714 0.000000
v -0.071429 0.285714 -0.035714
v -0.035714 0.285714 -0.035714
v -0.035714 0.250000 -0.035714
v -0.071429 0.250000 0.035714
v -0.071429 0.285714 0.035714
v -0.035714 0.250000 0.035714
v -0.035714 0.285714 0.035714
v -0.071429 0.285714 -0.107143
v -0.071429 0.321429 -0.107143
v -0.035714 0.285714 -0.107143
v -0.035714 0.285714 -0.071429
v -0.035714 0.321429 -0.107143
v -0.035714 0.285714 -0.035714
v -0.035714 0.285714 0.035714
v -0.035714 0.285714 0.071429
v -0.071429 0.285714 0.107143
v -0.071429 0.321429 0.107143
v -0.035714 0.285714 0.107143
v -0.035714 0.321429 0.107143
v -0.071429 0.321429 -0.142857
v -0.071429 0.357143 -0.142857
v -0.035714 0.357143 -0.107143
v -0.035714 0.357143 -0.142857
v -0.035714 0.321429 -0.142857
v -0.035714 0.321429 -0.107143
v -0.071429 0.321429 0.142857
v -0.071429 0.357143 0.142857
v -0.035714 0.357143 0.142857
v -0.035714 0.357143 0.107143
v -0.035714 0.321429 0.107143
v -0.035714 0.321429 0.142857
v -0.071429 0.357143 -0.107143
v -0.071429 0.392857 -0.107143
v -0.035714 0.392857 -0.071429
v -0.035714 0.392857 -0.107143
v -0.035714 0.357143 -0.107143
v -0.035714 0.392857 -0.035714
v -0.035714 0.392857 0.071429
v -0.035714 0.392857 0.035714
v -0.071429 0.357143 0.107143
v -0.071429 0.392857 0.107143
v -0.035714 0.392857 0.107143
v -0.035714 0.357143 0.107143
v -0.071429 0.392857 -0.035714
v -0.071429 0.392857 0.000000
v -0.071429 0.428571 0.000000
v -0.071429 0.428571 -0.035714
v -0.035714 0.428571 -0.035714
v -0.035714 0.392857 -0.035714
v -0.071429 0.392857 0.035714
v -0.071429 0.428571 0.035714
v -0.035714 0.392857 0.035714
v -0.035714 0.428571 0.035714
v -0.071429 0.428571 -0.107143
v -0.071429 0.464286 -0.107143
v -0.035714 0.428571 -0.107143
v -0.035714 0.428571 -0.071429
v -0.035714 0.464286 -0.107143
v -0.035714 0.428571 -0.035714
v -0.035714 0.428571 0.035714
v -0.035714 0.428571 0.071429
v -0.071429 0.428571 0.107143
v -0.071429 0.464286 0.107143
v -0.035714 0.428571 0.107143
v -0.035714 0.464286 0.107143
v -0.071429 0.464286 -0.142857
v -0.071429 0.500000 -0.142857
v -0.035714 0.500000 -0.107143
v -0.035714 0.500000 -0.142857
v -0.035714 0.464286 -0.142857
v -0.035714 0.464286 -0.107143
v -0.071429 0.464286 0.142857
v -0.071429 0.500000 0.142857
v -0.035714 0.500000 0.142857
v -0.035714 0.500000 0.107143
v -0.035714 0.464286 0.107143
v -0.035714 0.464286 0.142857
v -0.071429 0.500000 -0.107143
v -0.071429 0.535714 -0.107143
v -0.035714 0.535714 -0.071429
v -0.035714 0.535714 -0.107143
v -0.035714 0.500000 -0.107143
v -0.035714 0.535714 -0.035714
v -0.035714 0.535714 0.071429
v -0.035714 0.535714 0.035714
v -0.071429 0.500000 0.107143
v -0.071429 0.535714 0.107143
v -0.035714 0.535714 0.107143
v -0.035714 0.500000 0.107143
v -0.071429 0.535714 -0.035714
v -0.071429 0.535714 0.000000
v -0.071429 0.571429 0.000000
v -0.071429 0.571429 -0.035714
v -0.035714 0.571429 -0.035714
v -0.035714 0.535714 -0.035714
v -0.071429 0.535714 0.035714
v -0.071429 0.571429 0.035714
v -0.035714 0.535714 0.035714
v -0.035714 0.571429 0.035714
v -0.071429 0.571429 -0.107143
v -0.071429 0.607143 -0.107143
v -0.035714 0.571429 -0.107143
v -0.035714 0.571429 -0.071429
v -0.035714 0.607143 -0.107143
v -0.035714 0.571429 -0.035714
v -0.035714 0.571429 0.035714
v -0.035714 0.571429 0.071429
v -0.071429 0.571429 0.107143
v -0.071429 0.607143 0.107143
v -0.035714 0.571429 0.107143
v -0.035714 0.607143 0.107143
v -0.071429 0.607143 -0.142857
v -0.071429 0.642857 -0.142857
v -0.035714 0.642857 -0.107143
v -0.035714 0.642857 -0.142857
v -0.035714 0.607143 -0.142857
v -0.035714 0.607143 -0.107143
v -0.071429 0.607143 0.142857
v -0.071429 0.642857 0.142857
v -0.035714 0.642857 0.142857
v -0.035714 0.642857 0.107143
v -0.035714 0.607143 0.107143
v -0.035714 0.607143 0.142857
v -0.071429 0.642857 -0.107143
v -0.071429 0.678571 -0.107143
v -0.035714 0.678571 -0.107143
v -0.035714 0.642857 -0.107143
v -0.071429 0.642857 0.107143
v -0.071429 0.678571 0.107143
v -0.035714 0.642857 0.107143
v -0.035714 0.678571 0.107143
v -0.071429 0.714286 -0.107143
v -0.035714 0.714286 -0.107143
v -0.071429 0.714286 0.107143
v -0.035714 0.714286 0.107143
v -0.071429 0.714286 -0.178571
v -0.071429 0.750000 -0.178571
v -0.035714 0.714286 -0.178571
v -0.035714 0.714286 -0.142857
v -0.035714 0.750000 -0.178571
v -0.035714 0.714286 -0.107143
v -0.035714 0.714286 0.107143
v -0.035714 0.714286 0.142857
v -0.071429 0.714286 0.178571
v -0.071429 0.750000 0.178571
v -0.035714 0.714286 0.178571
v -0.035714 0.750000 0.178571
v -0.035714 0.750000 -0.250000
v -0.035714 0.750000 -0.214286
v -0.035714 0.785714 -0.250000
v -0.035714 0.750000 -0.178571
v -0.035714 0.750000 0.178571
v -0.035714 0.750000 0.214286
v -0.035714 0.750000 0.250000
v -0.035714 0.785714 0.250000
v -0.035714 0.785714 -0.321429
v -0.035714 0.785714 -0.285714
v -0.035714 0.821429 -0.321429
v -0.035714 0.785714 -0.250000
v -0.035714 0.785714 0.250000
v -0.035714 0.785714 0.285714
v -0.035714 0.785714 0.321429
v -0.035714 0.821429 0.321429
v -0.035714 0.857143 -0.321429
v -0.035714 0.857143 0.321429
v -0.035714 0.892857 -0.321429
v -0.035714 0.892857 0.321429
v -0.035714 0.892857 -0.357143
v -0.035714 0.892857 -0.321429
v -0.035714 0.928571 -0.357143
v -0.035714 0.892857 0.321429
v -0.035714 0.892857 0.357143
v -0.035714 0.928571 0.357143
v -0.035714 0.964286 -0.321429
v -0.035714 0.964286 -0.357143
v -0.035714 0.964286 0.357143
v -0.035714 0.964286 0.321429
v -0.035714 1.000000 -0.285714
v -0.035714 1.000000 -0.321429
v -0.035714 0.964286 -0.321429
v -0.035714 1.000000 -0.250000
v -0.035714 1.000000 -0.214286
v -0.035714 1.000000 -0.178571
v -0.035714 1.000000 -0.142857
v -0.035714 1.000000 -0.107143
v -0.035714 1.000000 -0.071429
v -0.035714 1.000000 -0.035714
v -0.035714 1.000000 0.000000
v -0.035714 1.000000 0.035714
v -0.035714 1.000000 0.071429
v -0.035714 1.000000 0.107143
v -0.035714 1.000000 0.142857
v -0.035714 1.000000 0.178571
v -0.035714 1.000000 0.214286
v -0.035714 1.000000 0.250000
v -0.035714 1.000000 0.285714
v -0.035714 1.000000 0.321429
v -0.035714 0.964286 0.321429
v 0.000000 0.000000 -0.321429
v 0.000000 0.000000 -0.285714
v 0.000000 0.035714 -0.321429
v 0.000000 0.000000 -0.250000
v 0.000000 0.000000 -0.214286
v 0.000000 0.000000 -0.178571
v 0.000000 0.000000 -0.142857
v 0.000000 0.000000 -0.107143
v 0.000000 0.000000 -0.071429
v 0.000000 0.000000 -0.035714
v 0.000000 0.000000 0.000000
v 0.000000 0.000000 0.035714
v 0.000000 0.000000 0.071429
v 0.000000 0.000000 0.107143
v 0.000000 0.000000 0.142857
v 0.000000 0.000000 0.178571
v 0.000000 0.000000 0.214286
v 0.000000 0.000000 0.250000
v 0.000000 0.000000 0.285714
v 0.000000 0.000000 0.321429
v 0.000000 0.035714 0.321429
v 0.000000 0.035714 -0.357143
v 0.000000 0.035714 -0.321429
v 0.000000 0.071429 -0.357143
v 0.000000 0.035714 0.321429
v 0.000000 0.035714 0.357143
v 0.000000 0.071429 0.357143
v 0.000000 0.107143 -0.321429
v 0.000000 0.107143 -0.357143
v 0.000000 0.107143 0.357143
v 0.000000 0.107143 0.321429
v 0.000000 0.142857 -0.285714
v 0.000000 0.142857 -0.321429
v 0.000000 0.107143 -0.321429
v 0.000000 0.142857 -0.250000
v 0.000000 0.142857 -0.214286
v 0.000000 0.142857 -0.178571
v 0.000000 0.142857 0.214286
v 0.000000 0.142857 0.178571
v 0.000000 0.142857 0.250000
v 0.000000 0.142857 0.285714
v 0.000000 0.142857 0.321429
v 0.000000 0.107143 0.321429
v 0.000000 0.178571 -0.178571
v 0.000000 0.142857 -0.178571
v 0.000000 0.142857 0.178571
v 0.000000 0.178571 0.178571
v 0.000000 0.214286 -0.142857
v 0.000000 0.214286 -0.178571
v 0.000000 0.214286 0.178571
v 0.000000 0.214286 0.142857
v 0.000000 0.250000 -0.107143
v 0.000000 0.250000 -0.142857
v 0.000000 0.214286 -0.142857
v 0.000000 0.250000 -0.071429
v 0.000000 0.250000 0.107143
v 0.000000 0.250000 0.071429
v 0.000000 0.250000 0.142857
v 0.000000 0.214286 0.142857
v -0.035714 0.250000 -0.071429
v -0.035714 0.285714 -0.071429
v 0.000000 0.285714 -0.071429
v 0.000000 0.250000 -0.071429
v -0.035714 0.250000 0.071429
v -0.035714 0.285714 0.071429
v 0.000000 0.250000 0.071429
v 0.000000 0.285714 0.071429
v 0.000000 0.285714 -0.107143
v 0.000000 0.285714 -0.071429
v 0.000000 0.321429 -0.107143
v 0.000000 0.285714 0.071429
v 0.000000 0.285714 0.107143
v 0.000000 0.321429 0.107143
v 0.000000 0.357143 -0.107143
v 0.000000 0.357143 -0.142857
v 0.000000 0.321429 -0.142857
v 0.000000 0.321429 -0.107143
v 0.000000 0.357143 0.142857
v 0.000000 0.357143 0.107143
v 0.000000 0.321429 0.107143
v 0.000000 0.321429 0.142857
v 0.000000 0.392857 -0.071429
v 0.000000 0.392857 -0.107143
v 0.000000 0.357143 -0.107143
v 0.000000 0.392857 0.107143
v 0.000000 0.392857 0.071429
v 0.000000 0.357143 0.107143
v -0.035714 0.392857 -0.071429
v -0.035714 0.428571 -0.071429
v 0.000000 0.428571 -0.071429
v 0.000000 0.392857 -0.071429
v -0.035714 0.392857 0.071429
v -0.035714 0.428571 0.071429
v 0.000000 0.392857 0.071429
v 0.000000 0.428571 0.071429
v 0.000000 0.428571 -0.107143
v 0.000000 0.428571 -0.071429
v 0.000000 0.464286 -0.107143
v 0.000000 0.428571 0.071429
v 0.000000 0.428571 0.107143
v 0.000000 0.464286 0.107143
v 0.000000 0.500000 -0.107143
v 0.000000 0.500000 -0.142857
v 0.000000 0.464286 -0.142857
v 0.000000 0.464286 -0.107143
v 0.000000 0.500000 0.142857
v 0.000000 0.500000 0.107143
v 0.000000 0.464286 0.107143
v 0.000000 0.464286 0.142857
v 0.000000 0.535714 -0.071429
v 0.000000 0.535714 -0.107143
v 0.000000 0.500000 -0.107143
v 0.000000 0.535714 0.107143
v 0.000000 0.535714 0.071429
v 0.000000 0.500000 0.107143
v -0.035714 0.535714 -0.071429
v -0.035714 0.571429 -0.071429
v 0.000000 0.571429 -0.071429
v 0.000000 0.535714 -0.071429
v -0.035714 0.535714 0.071429
v -0.035714 0.571429 0.071429
v 0.000000 0.535714 0.071429
v 0.000000 0.571429 0.071429
v 0.000000 0.571429 -0.107143
v 0.000000 0.571429 -0.071429
v 0.000000 0.607143 -0.107143
v 0.000000 0.571429 0.071429
v 0.000000 0.571429 0.107143
v 0.000000 0.607143 0.107143
v 0.000000 0.642857 -0.107143
v 0.000000 0.642857 -0.142857
v 0.000000 0.607143 -0.142857
v 0.000000 0.607143 -0.107143
v 0.000000 0.642857 0.142857
v 0.000000 0.642857 0.107143
v 0.000000 0.607143 0.107143
v 0.000000 0.607143 0.142857
v 0.000000 0.678571 -0.107143
v 0.000000 0.642857 -0.107143
v 0.000000 0.642857 0.107143
v 0.000000 0.678571 0.107143
v 0.000000 0.714286 -0.107143
v 0.000000 0.714286 0.107143
v 0.000000 0.714286 -0.178571
v 0.000000 0.714286 -0.142857
v 0.000000 0.750000 -0.178571
v 0.000000 0.714286 -0.107143
v 0.000000 0.714286 0.107143
v 0.000000 0.714286 0.142857
v 0.000000 0.714286 0.178571
v 0.000000 0.750000 0.178571
v 0.000000 0.750000 -0.250000
v 0.000000 0.750000 -0.214286
v 0.000000 0.785714 -0.250000
v 0.000000 0.750000 -0.178571
v 0.000000 0.750000 0.178571
v 0.000000 0.750000 0.214286
v 0.000000 0.750000 0.250000
v 0.000000 0.785714 0.250000
v 0.000000 0.785714 -0.321429
v 0.000000 0.785714 -0.285714
v 0.000000 0.821429 -0.321429
v 0.000000 0.785714 -0.250000
v 0.000000 0.785714 0.250000
v 0.000000 0.785714 0.285714
v 0.000000 0.785714 0.321429
v 0.000000 0.821429 0.321429
v 0.000000 0.857143 -0.321429
v 0.000000 0.857143 0.321429
v 0.000000 0.892857 -0.321429
v 0.000000 0.892857 0.321429
v 0.000000 0.892857 -0.357143
v 0.000000 0.892857 -0.321429
v 0.000000 0.928571 -0.357143
v 0.000000 0.892857 0.321429
v 0.000000 0.892857 0.357143
v 0.000000 0.928571 0.357143
v 0.000000 0.964286 -0.321429
v 0.000000 0.964286 -0.357143
v 0.000000 0.964286 0.357143
v 0.000000 0.964286 0.321429
v 0.000000 1.000000 -0.285714
v 0.000000 1.000000 -0.321429
v 0.000000 0.964286 -0.321429
v 0.000000 1.000000 -0.250000
v 0.000000 1.000000 -0.214286
v 0.000000 1.000000 -0.178571
v 0.000000 1.000000 -0.142857
v 0.000000 1.000000 -0.107143
v 0.000000 1.000000 -0.071429
v 0.000000 1.000000 -0.035714
v 0.000000 1.000000 0.000000
v 0.000000 1.000000 0.035714
v 0.000000 1.000000 0.071429
v 0.000000 1.000000 0.107143
v 0.000000 1.000000 0.142857
v 0.000000 1.000000 0.178571
v 0.000000 1.000000 0.214286
v 0.000000 1.000000 0.250000
v 0.000000 1.000000 0.285714
v 0.000000 1.000000 0.321429
v 0.000000 0.964286 0.321429
v 0.035714 0.000000 -0.321429
v 0.035714 0.000000 -0.285714
v 0.035714 0.035714 -0.321429
v 0.035714 0.000000 -0.250000
v 0.035714 0.000000 -0.214286
v 0.035714 0.000000 -0.178571
v 0.035714 0.000000 -0.142857
v 0.035714 0.000000 -0.107143
v 0.035714 0.000000 -0.071429
v 0.035714 0.000000 -0.035714
v 0.035714 0.000000 0.000000
v 0.035714 0.000000 0.035714
v 0.035714 0.000000 0.071429
v 0.035714 0.000000 0.107143
v 0.035714 0.000000 0.142857
v 0.035714 0.000000 0.178571
v 0.035714 0.000000 0.214286
v 0.035714 0.000000 0.250000
v 0.035714 0.000000 0.285714
v 0.035714 0.000000 0.321429
v 0.035714 0.035714 0.321429
v 0.035714 0.035714 -0.357143
v 0.035714 0.035714 -0.321429
v 0.035714 0.071429 -0.357143
v 0.035714 0.035714 0.321429
v 0.035714 0.035714 0.357143
v 0.035714 0.071429 0.357143
v 0.035714 0.107143 -0.321429
v 0.035714 0.107143 -0.357143
v 0.035714 0.107143 0.357143
v 0.035714 0.107143 0.321429
v 0.035714 0.142857 -0.285714
v 0.035714 0.142857 -0.321429
v 0.035714 0.107143 -0.321429
v 0.035714 0.142857 -0.250000
v 0.035714 0.142857 -0.214286
v 0.035714 0.142857 -0.178571
v 0.035714 0.142857 0.214286
v 0.035714 0.142857 0.178571
v 0.035714 0.142857 0.250000
v 0.035714 0.142857 0.285714
v 0.035714 0.142857 0.321429
v 0.035714 0.107143 0.321429
v 0.035714 0.178571 -0.178571
v 0.035714 0.142857 -0.178571
v 0.035714 0.142857 0.178571
v 0.035714 0.178571 0.178571
v 0.035714 0.214286 -0.142857
v 0.035714 0.214286 -0.178571
v 0.035714 0.214286 0.178571
v 0.035714 0.214286 0.142857
v 0.035714 0.250000 -0.107143
v 0.035714 0.250000 -0.142857
v 0.035714 0.214286 -0.142857
v 0.035714 0.250000 -0.071429
v 0.035714 0.250000 0.107143
v 0.035714 0.250000 0.071429
v 0.035714 0.250000 0.142857
v 0.035714 0.214286 0.142857
v 0.035714 0.250000 -0.071429
v 0.035714 0.285714 -0.071429
v 0.035714 0.285714 -0.035714
v 0.035714 0.250000 -0.035714
v 0.035714 0.250000 0.035714
v 0.035714 0.285714 0.035714
v 0.035714 0.285714 0.071429
v 0.035714 0.250000 0.071429
v 0.035714 0.285714 -0.107143
v 0.035714 0.285714 -0.071429
v 0.035714 0.321429 -0.107143
v 0.035714 0.285714 0.071429
v 0.035714 0.285714 0.107143
v 0.035714 0.321429 0.107143
v 0.035714 0.357143 -0.107143
v 0.035714 0.357143 -0.142857
v 0.035714 0.321429 -0.142857
v 0.035714 0.321429 -0.107143
v 0.035714 0.357143 0.142857
v 0.035714 0.357143 0.107143
v 0.035714 0.321429 0.107143
v 0.035714 0.321429 0.142857
v 0.035714 0.392857 -0.071429
v 0.035714 0.392857 -0.107143
v 0.035714 0.357143 -0.107143
v 0.035714 0.392857 0.107143
v 0.035714 0.392857 0.071429
v 0.035714 0.357143 0.107143
v 0.035714 0.392857 -0.071429
v 0.035714 0.428571 -0.071429
v 0.035714 0.428571 -0.035714
v 0.035714 0.392857 -0.035714
v 0.035714 0.392857 0.035714
v 0.035714 0.428571 0.035714
v 0.035714 0.428571 0.071429
v 0.035714 0.392857 0.071429
v 0.035714 0.428571 -0.107143
v 0.035714 0.428571 -0.071429
v 0.035714 0.464286 -0.107143
v 0.035714 0.428571 0.071429
v 0.035714 0.428571 0.107143
v 0.035714 0.464286 0.107143
v 0.035714 0.500000 -0.107143
v 0.035714 0.500000 -0.142857
v 0.035714 0.464286 -0.142857
v 0.035714 0.464286 -0.107143
v 0.035714 0.500000 0.142857
v 0.035714 0.500000 0.107143
v 0.035714 0.464286 0.107143
v 0.035714 0.464286 0.142857
v 0.035714 0.535714 -0.071429
v 0.035714 0.535714 -0.107143
v 0.035714 0.500000 -0.107143
v 0.035714 0.535714 0.107143
v 0.035714 0.535714 0.071429
v 0.035714 0.500000 0.107143
v 0.035714 0.535714 -0.071429
v 0.035714 0.571429 -0.071429
v 0.035714 0.571429 -0.035714
v 0.035714 0.535714 -0.035714
v 0.035714 0.535714 0.035714
v 0.035714 0.571429 0.035714
v 0.035714 0.571429 0.071429
v 0.035714 0.535714 0.071429
v 0.035714 0.571429 -0.107143
v 0.035714 0.571429 -0.071429
v 0.035714 0.607143 -0.107143
v 0.035714 0.571429 0.071429
v 0.035714 0.571429 0.107143
v 0.035714 0.607143 0.107143
v 0.035714 0.642857 -0.107143
v 0.035714 0.642857 -0.142857
v 0.035714 0.607143 -0.142857
v 0.035714 0.607143 -0.107143
v 0.035714 0.642857 0.142857
v 0.035714 0.642857 0.107143
v 0.035714 0.607143 0.107143
v 0.035714 0.607143 0.142857
v 0.035714 0.678571 -0.107143
v 0.035714 0.642857 -0.107143
v 0.035714 0.642857 0.107143
v 0.035714 0.678571 0.107143
v 0.035714 0.714286 -0.107143
v 0.035714 0.714286 0.107143
v 0.035714 0.714286 -0.178571
v 0.035714 0.714286 -0.142857
v 0.035714 0.750000 -0.178571
v 0.035714 0.714286 -0.107143
v 0.035714 0.714286 0.107143
v 0.035714 0.714286 0.142857
v 0.035714 0.714286 0.178571
v 0.035714 0.750000 0.178571
v 0.035714 0.750000 -0.250000
v 0.035714 0.750000 -0.214286
v 0.035714 0.785714 -0.250000
v 0.035714 0.750000 -0.178571
v 0.035714 0.750000 0.178571
v 0.035714 0.750000 0.214286
v 0.035714 0.750000 0.250000
v 0.035714 0.785714 0.250000
v 0.035714 0.785714 -0.321429
v 0.035714 0.785714 -0.285714
v 0.035714 0.821429 -0.321429
v 0.035714 0.785714 -0.250000
v 0.035714 0.785714 0.250000
v 0.035714 0.785714 0.285714
v 0.035714 0.785714 0.321429
v 0.035714 0.821429 0.321429
v 0.035714 0.857143 -0.321429
v 0.035714 0.857143 0.321429
v 0.035714 0.892857 -0.321429
v 0.035714 0.892857 0.321429
v 0.035714 0.892857 -0.357143
v 0.035714 0.892857 -0.321429
v 0.035714 0.928571 -0.357143
v 0.035714 0.892857 0.321429
v 0.035714 0.892857 0.357143
v 0.035714 0.928571 0.357143
v 0.035714 0.964286 -0.321429
v 0.035714 0.964286 -0.357143
v 0.035714 0.964286 0.357143
v 0.035714 0.964286 0.321429
v 0.035714 1.000000 -0.285714
v 0.035714 1.000000 -0.321429
v 0.035714 0.964286 -0.321429
v 0.035714 1.000000 -0.250000
v 0.035714 1.000000 -0.214286
v 0.035714 1.000000 -0.178571
v 0.035714 1.000000 -0.142857
v 0.035714 1.000000 -0.107143
v 0.035714 1.000000 -0.071429
v 0.035714 1.000000 -0.035714
v 0.035714 1.000000 0.000000
v 0.035714 1.000000 0.035714
v 0.035714 1.000000 0.071429
v 0.035714 1.000000 0.107143
v 0.035714 1.000000 0.142857
v 0.035714 1.000000 0.178571
v 0.035714 1.000000 0.214286
v 0.035714 1.000000 0.250000
v 0.035714 1.000000 0.285714
v 0.035714 1.000000 0.321429
v 0.035714 0.964286 0.321429
v 0.071429 0.000000 -0.321429
v 0.071429 0.000000 -0.285714
v 0.071429 0.035714 -0.321429
v 0.071429 0.000000 -0.250000
v 0.071429 0.000000 -0.214286
v 0.071429 0.000000 -0.178571
v 0.071429 0.000000 -0.142857
v 0.071429 0.000000 -0.107143
v 0.071429 0.000000 -0.071429
v 0.071429 0.000000 -0.035714
v 0.071429 0.000000 0.000000
v 0.071429 0.000000 0.035714
v 0.071429 0.000000 0.071429
v 0.071429 0.000000 0.107143
v 0.071429 0.000000 0.142857
v 0.071429 0.000000 0.178571
v 0.071429 0.000000 0.214286
v 0.071429 0.000000 0.250000
v 0.071429 0.000000 0.285714
v 0.071429 0.000000 0.321429
v 0.071429 0.035714 0.321429
v 0.071429 0.035714 -0.357143
v 0.071429 0.035714 -0.321429
v 0.071429 0.071429 -0.357143
v 0.071429 0.035714 0.321429
v 0.071429 0.035714 0.357143
v 0.071429 0.071429 0.357143
v 0.071429 0.107143 -0.321429
v 0.071429 0.107143 -0.357143
v 0.071429 0.107143 0.357143
v 0.071429 0.107143 0.321429
v 0.071429 0.142857 -0.285714
v 0.071429 0.142857 -0.321429
v 0.071429 0.107143 -0.321429
v 0.071429 0.142857 -0.250000
v 0.071429 0.142857 -0.214286
v 0.071429 0.142857 -0.178571
v 0.071429 0.142857 0.214286
v 0.071429 0.142857 0.178571
v 0.071429 0.142857 0.250000
v 0.071429 0.142857 0.285714
v 0.071429 0.142857 0.321429
v 0.071429 0.107143 0.321429
v 0.071429 0.142857 -0.178571
v 0.071429 0.178571 -0.178571
v 0.071429 0.178571 -0.142857
v 0.071429 0.142857 -0.142857
v 0.071429 0.142857 0.142857
v 0.071429 0.178571 0.142857
v 0.071429 0.178571 0.178571
v 0.071429 0.142857 0.178571
v 0.071429 0.214286 -0.178571
v 0.071429 0.214286 -0.142857
v 0.071429 0.214286 0.142857
v 0.071429 0.214286 0.178571
v 0.071429 0.214286 -0.142857
v 0.071429 0.250000 -0.142857
v 0.071429 0.250000 -0.107143
v 0.071429 0.214286 -0.107143
v 0.071429 0.250000 -0.071429
v 0.035714 0.250000 -0.035714
v 0.071429 0.250000 -0.035714
v 0.035714 0.250000 0.035714
v 0.071429 0.250000 0.071429
v 0.071429 0.250000 0.035714
v 0.071429 0.250000 0.107143
v 0.071429 0.214286 0.107143
v 0.071429 0.250000 0.142857
v 0.071429 0.214286 0.142857
v 0.071429 0.250000 -0.035714
v 0.071429 0.285714 -0.035714
v 0.071429 0.285714 0.000000
v 0.071429 0.250000 0.000000
v 0.071429 0.285714 0.035714
v 0.071429 0.250000 0.035714
v 0.071429 0.285714 -0.107143
v 0.071429 0.321429 -0.107143
v 0.071429 0.321429 -0.071429
v 0.071429 0.285714 -0.071429
v 0.071429 0.285714 -0.035714
v 0.035714 0.285714 -0.035714
v 0.035714 0.285714 0.035714
v 0.071429 0.285714 0.035714
v 0.071429 0.285714 0.071429
v 0.071429 0.321429 0.071429
v 0.071429 0.321429 0.107143
v 0.071429 0.285714 0.107143
v 0.071429 0.321429 -0.142857
v 0.071429 0.357143 -0.142857
v 0.071429 0.357143 -0.107143
v 0.071429 0.321429 -0.107143
v 0.071429 0.321429 0.107143
v 0.071429 0.357143 0.107143
v 0.071429 0.357143 0.142857
v 0.071429 0.321429 0.142857
v 0.071429 0.357143 -0.107143
v 0.071429 0.392857 -0.107143
v 0.071429 0.392857 -0.071429
v 0.071429 0.357143 -0.071429
v 0.035714 0.392857 -0.035714
v 0.071429 0.392857 -0.035714
v 0.035714 0.392857 0.035714
v 0.071429 0.392857 0.071429
v 0.071429 0.392857 0.035714
v 0.071429 0.357143 0.071429
v 0.071429 0.392857 0.107143
v 0.071429 0.357143 0.107143
v 0.071429 0.392857 -0.035714
v 0.071429 0.428571 -0.035714
v 0.071429 0.428571 0.000000
v 0.071429 0.392857 0.000000
v 0.071429 0.428571 0.035714
v 0.071429 0.392857 0.035714
v 0.071429 0.428571 -0.107143
v 0.071429 0.464286 -0.107143
v 0.071429 0.464286 -0.071429
v 0.071429 0.428571 -0.071429
v 0.071429 0.428571 -0.035714
v 0.035714 0.428571 -0.035714
v 0.035714 0.428571 0.035714
v 0.071429 0.428571 0.035714
v 0.071429 0.428571 0.071429
v 0.071429 0.464286 0.071429
v 0.071429 0.464286 0.107143
v 0.071429 0.428571 0.107143
v 0.071429 0.464286 -0.142857
v 0.071429 0.500000 -0.142857
v 0.071429 0.500000 -0.107143
v 0.071429 0.464286 -0.107143
v 0.071429 0.464286 0.107143
v 0.071429 0.500000 0.107143
v 0.071429 0.500000 0.142857
v 0.071429 0.464286 0.142857
v 0.071429 0.500000 -0.107143
v 0.071429 0.535714 -0.107143
v 0.071429 0.535714 -0.071429
v 0.071429 0.500000 -0.071429
v 0.035714 0.535714 -0.035714
v 0.071429 0.535714 -0.035714
v 0.035714 0.535714 0.035714
v 0.071429 0.535714 0.071429
v 0.071429 0.535714 0.035714
v 0.071429 0.500000 0.071429
v 0.071429 0.535714 0.107143
v 0.071429 0.500000 0.107143
v 0.071429 0.535714 -0.035714
v 0.071429 0.571429 -0.035714
v 0.071429 0.571429 0.000000
v 0.071429 0.535714 0.000000
v 0.071429 0.571429 0.035714
v 0.071429 0.535714 0.035714
v 0.071429 0.571429 -0.107143
v 0.071429 0.607143 -0.107143
v 0.071429 0.607143 -0.071429
v 0.071429 0.571429 -0.071429
v 0.071429 0.571429 -0.035714
v 0.035714 0.571429 -0.035714
v 0.035714 0.571429 0.035714
v 0.071429 0.571429 0.035714
v 0.071429 0.571429 0.071429
v 0.071429 0.607143 0.071429
v 0.071429 0.607143 0.107143
v 0.071429 0.571429 0.107143
v 0.071429 0.607143 -0.142857
v 0.071429 0.642857 -0.142857
v 0.071429 0.642857 -0.107143
v 0.071429 0.607143 -0.107143
v 0.071429 0.607143 0.107143
v 0.071429 0.642857 0.107143
v 0.071429 0.642857 0.142857
v 0.071429 0.607143 0.142857
v 0.071429 0.642857 -0.107143
v 0.071429 0.678571 -0.107143
v 0.071429 0.678571 -0.071429
v 0.071429 0.642857 -0.071429
v 0.071429 0.642857 0.071429
v 0.071429 0.678571 0.071429
v 0.071429 0.678571 0.107143
v 0.071429 0.642857 0.107143
v 0.071429 0.714286 -0.107143
v 0.071429 0.714286 -0.071429
v 0.071429 0.714286 0.071429
v 0.071429 0.714286 0.107143
v 0.071429 0.714286 -0.178571
v 0.071429 0.750000 -0.178571
v 0.071429 0.750000 -0.142857
v 0.071429 0.714286 -0.142857
v 0.071429 0.714286 -0.107143
v 0.071429 0.714286 0.107143
v 0.071429 0.714286 0.142857
v 0.071429 0.750000 0.142857
v 0.071429 0.750000 0.178571
v 0.071429 0.714286 0.178571
v 0.071429 0.750000 -0.250000
v 0.071429 0.750000 -0.214286
v 0.071429 0.785714 -0.250000
v 0.071429 0.750000 -0.178571
v 0.071429 0.750000 0.178571
v 0.071429 0.750000 0.214286
v 0.071429 0.750000 0.250000
v 0.071429 0.785714 0.250000
v 0.071429 0.785714 -0.321429
v 0.071429 0.785714 -0.285714
v 0.071429 0.821429 -0.321429
v 0.071429 0.785714 -0.250000
v 0.071429 0.785714 0.250000
v 0.071429 0.785714 0.285714
v 0.071429 0.785714 0.321429
v 0.071429 0.821429 0.321429
v 0.071429 0.857143 -0.321429
v 0.071429 0.857143 0.321429
v 0.071429 0.892857 -0.321429
v 0.071429 0.892857 0.321429
v 0.071429 0.892857 -0.357143
v 0.071429 0.892857 -0.321429
v 0.071429 0.928571 -0.357143
v 0.071429 0.892857 0.321429
v 0.071429 0.892857 0.357143
v 0.071429 0.928571 0.357143
v 0.071429 0.964286 -0.321429
v 0.071429 0.964286 -0.357143
v 0.071429 0.964286 0.357143
v 0.071429 0.964286 0.321429
v 0.071429 1.000000 -0.285714
v 0.071429 1.000000 -0.321429
v 0.071429 0.964286 -0.321429
v 0.071429 1.000000 -0.250000
v 0.071429 1.000000 -0.214286
v 0.071429 1.000000 -0.178571
v 0.071429 1.000000 -0.142857
v 0.071429 1.000000 -0.107143
v 0.071429 1.000000 -0.071429
v 0.071429 1.000000 -0.035714
v 0.071429 1.000000 0.000000
v 0.071429 1.000000 0.035714
v 0.071429 1.000000 0.071429
v 0.071429 1.000000 0.107143
v 0.071429 1.000000 0.142857
v 0.071429 1.000000 0.178571
v 0.071429 1.000000 0.214286
v 0.071429 1.000000 0.250000
v 0.071429 1.000000 0.285714
v 0.071429 1.000000 0.321429
v 0.071429 0.964286 0.321429
v 0.107143 0.000000 -0.321429
v 0.107143 0.035714 -0.321429
v 0.107143 0.035714 -0.285714
v 0.107143 0.000000 -0.285714
v 0.107143 0.000000 -0.250000
v 0.107143 0.000000 -0.214286
v 0.107143 0.000000 -0.178571
v 0.107143 0.000000 -0.142857
v 0.107143 0.000000 -0.107143
v 0.107143 0.000000 -0.071429
v 0.107143 0.000000 -0.035714
v 0.107143 0.000000 0.000000
v 0.107143 0.000000 0.035714
v 0.107143 0.000000 0.071429
v 0.107143 0.000000 0.107143
v 0.107143 0.000000 0.142857
v 0.107143 0.000000 0.178571
v 0.107143 0.000000 0.214286
v 0.107143 0.000000 0.250000
v 0.107143 0.000000 0.285714
v 0.107143 0.035714 0.285714
v 0.107143 0.035714 0.321429
v 0.107143 0.000000 0.321429
v 0.107143 0.035714 -0.357143
v 0.107143 0.071429 -0.357143
v 0.107143 0.071429 -0.321429
v 0.107143 0.035714 -0.321429
v 0.107143 0.035714 0.321429
v 0.107143 0.071429 0.321429
v 0.107143 0.071429 0.357143
v 0.107143 0.035714 0.357143
v 0.107143 0.107143 -0.357143
v 0.107143 0.107143 -0.321429
v 0.107143 0.107143 0.321429
v 0.107143 0.107143 0.357143
v 0.107143 0.107143 -0.321429
v 0.107143 0.142857 -0.321429
v 0.107143 0.142857 -0.285714
v 0.107143 0.107143 -0.285714
v 0.107143 0.142857 -0.250000
v 0.107143 0.142857 -0.214286
v 0.107143 0.142857 -0.178571
v 0.071429 0.142857 -0.142857
v 0.107143 0.142857 -0.142857
v 0.071429 0.142857 0.142857
v 0.107143 0.142857 0.178571
v 0.107143 0.142857 0.142857
v 0.107143 0.142857 0.214286
v 0.107143 0.142857 0.250000
v 0.107143 0.142857 0.285714
v 0.107143 0.107143 0.285714
v 0.107143 0.142857 0.321429
v 0.107143 0.107143 0.321429
v 0.107143 0.178571 -0.142857
v 0.107143 0.142857 -0.142857
v 0.107143 0.142857 0.142857
v 0.107143 0.178571 0.142857
v 0.071429 0.214286 -0.107143
v 0.107143 0.214286 -0.107143
v 0.107143 0.214286 -0.142857
v 0.071429 0.214286 0.107143
v 0.107143 0.214286 0.142857
v 0.107143 0.214286 0.107143
v 0.107143 0.214286 -0.107143
v 0.107143 0.250000 -0.107143
v 0.107143 0.250000 -0.071429
v 0.107143 0.214286 -0.071429
v 0.107143 0.250000 -0.035714
v 0.071429 0.250000 0.000000
v 0.107143 0.250000 0.000000
v 0.107143 0.250000 0.035714
v 0.107143 0.250000 0.071429
v 0.107143 0.214286 0.071429
v 0.107143 0.250000 0.107143
v 0.107143 0.214286 0.107143
v 0.107143 0.285714 -0.071429
v 0.107143 0.321429 -0.071429
v 0.107143 0.321429 -0.035714
v 0.107143 0.285714 -0.035714
v 0.107143 0.321429 0.000000
v 0.107143 0.285714 0.000000
v 0.071429 0.285714 0.000000
v 0.107143 0.321429 0.035714
v 0.107143 0.285714 0.035714
v 0.107143 0.321429 0.071429
v 0.107143 0.285714 0.071429
v 0.107143 0.321429 -0.107143
v 0.107143 0.357143 -0.107143
v 0.107143 0.357143 -0.071429
v 0.107143 0.321429 -0.071429
v 0.071429 0.357143 -0.071429
v 0.071429 0.321429 -0.071429
v 0.107143 0.321429 0.071429
v 0.107143 0.357143 0.071429
v 0.107143 0.357143 0.107143
v 0.107143 0.321429 0.107143
v 0.071429 0.357143 0.071429
v 0.071429 0.321429 0.071429
v 0.107143 0.357143 -0.071429
v 0.107143 0.392857 -0.071429
v 0.107143 0.392857 -0.035714
v 0.107143 0.357143 -0.035714
v 0.107143 0.392857 0.000000
v 0.107143 0.357143 0.000000
v 0.071429 0.392857 0.000000
v 0.107143 0.392857 0.035714
v 0.107143 0.357143 0.035714
v 0.107143 0.392857 0.071429
v 0.107143 0.357143 0.071429
v 0.107143 0.428571 -0.071429
v 0.107143 0.464286 -0.071429
v 0.107143 0.464286 -0.035714
v 0.107143 0.428571 -0.035714
v 0.107143 0.464286 0.000000
v 0.107143 0.428571 0.000000
v 0.071429 0.428571 0.000000
v 0.107143 0.464286 0.035714
v 0.107143 0.428571 0.035714
v 0.107143 0.464286 0.071429
v 0.107143 0.428571 0.071429
v 0.107143 0.464286 -0.107143
v 0.107143 0.500000 -0.107143
v 0.107143 0.500000 -0.071429
v 0.107143 0.464286 -0.071429
v 0.071429 0.500000 -0.071429
v 0.071429 0.464286 -0.071429
v 0.107143 0.464286 0.071429
v 0.107143 0.500000 0.071429
v 0.107143 0.500000 0.107143
v 0.107143 0.464286 0.107143
v 0.071429 0.500000 0.071429
v 0.071429 0.464286 0.071429
v 0.107143 0.500000 -0.071429
v 0.107143 0.535714 -0.071429
v 0.107143 0.535714 -0.035714
v 0.107143 0.500000 -0.035714
v 0.107143 0.535714 0.000000
v 0.107143 0.500000 0.000000
v 0.071429 0.535714 0.000000
v 0.107143 0.535714 0.035714
v 0.107143 0.500000 0.035714
v 0.107143 0.535714 0.071429
v 0.107143 0.500000 0.071429
v 0.107143 0.571429 -0.071429
v 0.107143 0.607143 -0.071429
v 0.107143 0.607143 -0.035714
v 0.107143 0.571429 -0.035714
v 0.107143 0.607143 0.000000
v 0.107143 0.571429 0.000000
v 0.071429 0.571429 0.000000
v 0.107143 0.607143 0.035714
v 0.107143 0.571429 0.035714
v 0.107143 0.607143 0.071429
v 0.107143 0.571429 0.071429
v 0.107143 0.607143 -0.107143
v 0.107143 0.642857 -0.107143
v 0.107143 0.642857 -0.071429
v 0.107143 0.607143 -0.071429
v 0.071429 0.642857 -0.071429
v 0.071429 0.607143 -0.071429
v 0.107143 0.607143 0.071429
v 0.107143 0.642857 0.071429
v 0.107143 0.642857 0.107143
v 0.107143 0.607143 0.107143
v 0.071429 0.642857 0.071429
v 0.071429 0.607143 0.071429
v 0.107143 0.642857 -0.071429
v 0.107143 0.678571 -0.071429
v 0.107143 0.678571 -0.035714
v 0.107143 0.642857 -0.035714
v 0.107143 0.678571 0.000000
v 0.107143 0.642857 0.000000
v 0.107143 0.678571 0.035714
v 0.107143 0.642857 0.035714
v 0.107143 0.678571 0.071429
v 0.107143 0.642857 0.071429
v 0.107143 0.714286 -0.071429
v 0.107143 0.714286 -0.035714
v 0.107143 0.714286 0.000000
v 0.107143 0.714286 0.035714
v 0.107143 0.714286 0.071429
v 0.107143 0.714286 -0.142857
v 0.107143 0.714286 -0.107143
v 0.107143 0.750000 -0.142857
v 0.107143 0.714286 -0.071429
v 0.071429 0.714286 -0.071429
v 0.071429 0.714286 0.071429
v 0.107143 0.714286 0.071429
v 0.107143 0.714286 0.107143
v 0.107143 0.714286 0.142857
v 0.107143 0.750000 0.142857
v 0.107143 0.750000 -0.250000
v 0.107143 0.785714 -0.250000
v 0.107143 0.785714 -0.214286
v 0.107143 0.750000 -0.214286
v 0.107143 0.750000 -0.178571
v 0.107143 0.750000 -0.142857
v 0.071429 0.750000 -0.142857
v 0.071429 0.750000 0.142857
v 0.107143 0.750000 0.142857
v 0.107143 0.750000 0.178571
v 0.107143 0.750000 0.214286
v 0.107143 0.785714 0.214286
v 0.107143 0.785714 0.250000
v 0.107143 0.750000 0.250000
v 0.107143 0.785714 -0.321429
v 0.107143 0.821429 -0.321429
v 0.107143 0.821429 -0.285714
v 0.107143 0.785714 -0.285714
v 0.107143 0.785714 -0.250000
v 0.107143 0.785714 0.250000
v 0.107143 0.785714 0.285714
v 0.107143 0.821429 0.285714
v 0.107143 0.821429 0.321429
v 0.107143 0.785714 0.321429
v 0.107143 0.857143 -0.321429
v 0.107143 0.857143 -0.285714
v 0.107143 0.857143 0.285714
v 0.107143 0.857143 0.321429
v 0.107143 0.892857 -0.321429
v 0.107143 0.892857 -0.285714
v 0.107143 0.892857 0.285714
v 0.107143 0.892857 0.321429
v 0.107143 0.892857 -0.357143
v 0.107143 0.928571 -0.357143
v 0.107143 0.928571 -0.321429
v 0.107143 0.892857 -0.321429
v 0.107143 0.892857 0.321429
v 0.107143 0.928571 0.321429
v 0.107143 0.928571 0.357143
v 0.107143 0.892857 0.357143
v 0.107143 0.964286 -0.357143
v 0.107143 0.964286 -0.321429
v 0.107143 0.964286 0.321429
v 0.107143 0.964286 0.357143
v 0.107143 0.964286 -0.321429
v 0.107143 1.000000 -0.321429
v 0.107143 1.000000 -0.285714
v 0.107143 0.964286 -0.285714
v 0.107143 1.000000 -0.250000
v 0.107143 1.000000 -0.214286
v 0.107143 1.000000 -0.178571
v 0.107143 1.000000 -0.142857
v 0.107143 1.000000 -0.107143
v 0.107143 1.000000 -0.071429
v 0.107143 1.000000 -0.035714
v 0.107143 1.000000 0.000000
v 0.107143 1.000000 0.035714
v 0.107143 1.000000 0.071429
v 0.107143 1.000000 0.107143
v 0.107143 1.000000 0.142857
v 0.107143 1.000000 0.178571
v 0.107143 1.000000 0.214286
v 0.107143 1.000000 0.250000
v 0.107143 1.000000 0.285714
v 0.107143 0.964286 0.285714
v 0.107143 1.000000 0.321429
v 0.107143 0.964286 0.321429
v 0.142857 0.000000 -0.285714
v 0.142857 0.000000 -0.250000
v 0.142857 0.035714 -0.285714
v 0.142857 0.000000 -0.214286
v 0.142857 0.000000 -0.178571
v 0.142857 0.000000 -0.142857
v 0.142857 0.000000 -0.107143
v 0.142857 0.000000 -0.071429
v 0.142857 0.000000 -0.035714
v 0.142857 0.000000 0.000000
v 0.142857 0.000000 0.035714
v 0.142857 0.000000 0.071429
v 0.142857 0.000000 0.107143
v 0.142857 0.000000 0.142857
v 0.142857 0.000000 0.178571
v 0.142857 0.000000 0.214286
v 0.142857 0.000000 0.250000
v 0.142857 0.000000 0.285714
v 0.142857 0.035714 0.285714
v 0.142857 0.035714 -0.321429
v 0.142857 0.035714 -0.285714
v 0.107143 0.035714 -0.285714
v 0.142857 0.071429 -0.321429
v 0.107143 0.035714 0.285714
v 0.142857 0.035714 0.285714
v 0.142857 0.035714 0.321429
v 0.142857 0.071429 0.321429
v 0.107143 0.107143 -0.285714
v 0.142857 0.107143 -0.285714
v 0.142857 0.107143 -0.321429
v 0.107143 0.107143 0.285714
v 0.142857 0.107143 0.321429
v 0.142857 0.107143 0.285714
v 0.142857 0.142857 -0.250000
v 0.142857 0.142857 -0.285714
v 0.142857 0.107143 -0.285714
v 0.142857 0.142857 -0.214286
v 0.142857 0.142857 -0.178571
v 0.142857 0.142857 -0.142857
v 0.142857 0.142857 0.178571
v 0.142857 0.142857 0.142857
v 0.142857 0.142857 0.214286
v 0.142857 0.142857 0.250000
v 0.142857 0.142857 0.285714
v 0.142857 0.107143 0.285714
v 0.142857 0.142857 -0.142857
v 0.142857 0.178571 -0.142857
v 0.142857 0.178571 -0.107143
v 0.142857 0.142857 -0.107143
v 0.142857 0.178571 -0.071429
v 0.142857 0.142857 -0.071429
v 0.142857 0.142857 0.071429
v 0.142857 0.178571 0.071429
v 0.142857 0.178571 0.107143
v 0.142857 0.142857 0.107143
v 0.142857 0.178571 0.142857
v 0.142857 0.142857 0.142857
v 0.142857 0.214286 -0.142857
v 0.142857 0.214286 -0.107143
v 0.142857 0.214286 -0.071429
v 0.107143 0.214286 -0.071429
v 0.142857 0.214286 0.071429
v 0.142857 0.214286 0.107143
v 0.107143 0.214286 0.071429
v 0.142857 0.214286 0.142857
v 0.142857 0.214286 -0.071429
v 0.142857 0.250000 -0.071429
v 0.142857 0.250000 -0.035714
v 0.142857 0.214286 -0.035714
v 0.142857 0.250000 0.000000
v 0.142857 0.214286 0.000000
v 0.142857 0.250000 0.035714
v 0.142857 0.214286 0.035714
v 0.142857 0.250000 0.071429
v 0.142857 0.214286 0.071429
v 0.142857 0.321429 -0.071429
v 0.142857 0.357143 -0.071429
v 0.142857 0.357143 -0.035714
v 0.142857 0.321429 -0.035714
v 0.107143 0.357143 -0.035714
v 0.107143 0.321429 -0.035714
v 0.142857 0.357143 0.000000
v 0.142857 0.321429 0.000000
v 0.107143 0.357143 0.000000
v 0.107143 0.321429 0.000000
v 0.142857 0.357143 0.035714
v 0.142857 0.321429 0.035714
v 0.107143 0.357143 0.035714
v 0.107143 0.321429 0.035714
v 0.142857 0.357143 0.071429
v 0.142857 0.321429 0.071429
v 0.142857 0.464286 -0.071429
v 0.142857 0.500000 -0.071429
v 0.142857 0.500000 -0.035714
v 0.142857 0.464286 -0.035714
v 0.107143 0.500000 -0.035714
v 0.107143 0.464286 -0.035714
v 0.142857 0.500000 0.000000
v 0.142857 0.464286 0.000000
v 0.107143 0.500000 0.000000
v 0.107143 0.464286 0.000000
v 0.142857 0.500000 0.035714
v 0.142857 0.464286 0.035714
v 0.107143 0.500000 0.035714
v 0.107143 0.464286 0.035714
v 0.142857 0.500000 0.071429
v 0.142857 0.464286 0.071429
v 0.142857 0.607143 -0.071429
v 0.142857 0.642857 -0.071429
v 0.142857 0.642857 -0.035714
v 0.142857 0.607143 -0.035714
v 0.107143 0.642857 -0.035714
v 0.107143 0.607143 -0.035714
v 0.142857 0.642857 0.000000
v 0.142857 0.607143 0.000000
v 0.107143 0.642857 0.000000
v 0.107143 0.607143 0.000000
v 0.142857 0.642857 0.035714
v 0.142857 0.607143 0.035714
v 0.107143 0.642857 0.035714
v 0.107143 0.607143 0.035714
v 0.142857 0.642857 0.071429
v 0.142857 0.607143 0.071429
v 0.142857 0.714286 -0.142857
v 0.142857 0.750000 -0.142857
v 0.142857 0.750000 -0.107143
v 0.142857 0.714286 -0.107143
v 0.142857 0.750000 -0.071429
v 0.142857 0.714286 -0.071429
v 0.142857 0.714286 -0.035714
v 0.107143 0.714286 -0.035714
v 0.142857 0.714286 0.000000
v 0.107143 0.714286 0.000000
v 0.142857 0.714286 0.035714
v 0.107143 0.714286 0.035714
v 0.142857 0.714286 0.071429
v 0.142857 0.750000 0.071429
v 0.142857 0.750000 0.107143
v 0.142857 0.714286 0.107143
v 0.142857 0.750000 0.142857
v 0.142857 0.714286 0.142857
v 0.142857 0.750000 -0.214286
v 0.142857 0.785714 -0.214286
v 0.142857 0.785714 -0.178571
v 0.142857 0.750000 -0.178571
v 0.142857 0.750000 -0.142857
v 0.142857 0.750000 0.142857
v 0.142857 0.750000 0.178571
v 0.142857 0.785714 0.178571
v 0.142857 0.785714 0.214286
v 0.142857 0.750000 0.214286
v 0.142857 0.785714 -0.285714
v 0.142857 0.785714 -0.250000
v 0.142857 0.821429 -0.285714
v 0.142857 0.785714 -0.214286
v 0.107143 0.785714 -0.214286
v 0.107143 0.785714 0.214286
v 0.142857 0.785714 0.214286
v 0.142857 0.785714 0.250000
v 0.142857 0.785714 0.285714
v 0.142857 0.821429 0.285714
v 0.142857 0.857143 -0.285714
v 0.142857 0.857143 0.285714
v 0.142857 0.892857 -0.285714
v 0.142857 0.892857 0.285714
v 0.142857 0.892857 -0.321429
v 0.142857 0.892857 -0.285714
v 0.107143 0.892857 -0.285714
v 0.142857 0.928571 -0.321429
v 0.107143 0.892857 0.285714
v 0.142857 0.892857 0.285714
v 0.142857 0.892857 0.321429
v 0.142857 0.928571 0.321429
v 0.107143 0.964286 -0.285714
v 0.142857 0.964286 -0.285714
v 0.142857 0.964286 -0.321429
v 0.107143 0.964286 0.285714
v 0.142857 0.964286 0.321429
v 0.142857 0.964286 0.285714
v 0.142857 1.000000 -0.250000
v 0.142857 1.000000 -0.285714
v 0.142857 0.964286 -0.285714
v 0.142857 1.000000 -0.214286
v 0.142857 1.000000 -0.178571
v 0.142857 1.000000 -0.142857
v 0.142857 1.000000 -0.107143
v 0.142857 1.000000 -0.071429
v 0.142857 1.000000 -0.035714
v 0.142857 1.000000 0.000000
v 0.142857 1.000000 0.035714
v 0.142857 1.000000 0.071429
v 0.142857 1.000000 0.107143
v 0.142857 1.000000 0.142857
v 0.142857 1.000000 0.178571
v 0.142857 1.000000 0.214286
v 0.142857 1.000000 0.250000
v 0.142857 1.000000 0.285714
v 0.142857 0.964286 0.285714
v 0.178571 0.000000 -0.285714
v 0.178571 0.035714 -0.285714
v 0.178571 0.035714 -0.250000
v 0.178571 0.000000 -0.250000
v 0.178571 0.000000 -0.214286
v 0.178571 0.000000 -0.178571
v 0.178571 0.000000 -0.142857
v 0.178571 0.000000 -0.107143
v 0.178571 0.000000 -0.071429
v 0.178571 0.000000 -0.035714
v 0.178571 0.000000 0.000000
v 0.178571 0.000000 0.035714
v 0.178571 0.000000 0.071429
v 0.178571 0.000000 0.107143
v 0.178571 0.000000 0.142857
v 0.178571 0.000000 0.178571
v 0.178571 0.000000 0.214286
v 0.178571 0.000000 0.250000
v 0.178571 0.035714 0.250000
v 0.178571 0.035714 0.285714
v 0.178571 0.000000 0.285714
v 0.178571 0.035714 -0.321429
v 0.178571 0.071429 -0.321429
v 0.178571 0.071429 -0.285714
v 0.178571 0.035714 -0.285714
v 0.178571 0.035714 0.285714
v 0.178571 0.071429 0.285714
v 0.178571 0.071429 0.321429
v 0.178571 0.035714 0.321429
v 0.178571 0.107143 -0.321429
v 0.178571 0.107143 -0.285714
v 0.178571 0.107143 0.285714
v 0.178571 0.107143 0.321429
v 0.178571 0.107143 -0.285714
v 0.178571 0.142857 -0.285714
v 0.178571 0.142857 -0.250000
v 0.178571 0.107143 -0.250000
v 0.178571 0.142857 -0.214286
v 0.178571 0.142857 -0.178571
v 0.178571 0.142857 -0.142857
v 0.142857 0.142857 -0.107143
v 0.178571 0.142857 -0.107143
v 0.142857 0.142857 -0.071429
v 0.178571 0.142857 -0.071429
v 0.142857 0.142857 0.071429
v 0.142857 0.142857 0.107143
v 0.178571 0.142857 0.107143
v 0.178571 0.142857 0.071429
v 0.178571 0.142857 0.142857
v 0.178571 0.142857 0.178571
v 0.178571 0.142857 0.214286
v 0.178571 0.142857 0.250000
v 0.178571 0.107143 0.250000
v 0.178571 0.142857 0.285714
v 0.178571 0.107143 0.285714
v 0.178571 0.142857 -0.071429
v 0.178571 0.178571 -0.071429
v 0.178571 0.178571 -0.035714
v 0.178571 0.142857 -0.035714
v 0.178571 0.178571 0.000000
v 0.178571 0.142857 0.000000
v 0.178571 0.178571 0.035714
v 0.178571 0.142857 0.035714
v 0.178571 0.178571 0.071429
v 0.178571 0.142857 0.071429
v 0.178571 0.214286 -0.071429
v 0.178571 0.214286 -0.035714
v 0.142857 0.214286 -0.035714
v 0.178571 0.214286 0.000000
v 0.142857 0.214286 0.000000
v 0.178571 0.214286 0.035714
v 0.142857 0.214286 0.035714
v 0.178571 0.214286 0.071429
v 0.178571 0.714286 -0.071429
v 0.178571 0.750000 -0.071429
v 0.178571 0.750000 -0.035714
v 0.178571 0.714286 -0.035714
v 0.178571 0.750000 0.000000
v 0.178571 0.714286 0.000000
v 0.178571 0.750000 0.035714
v 0.178571 0.714286 0.035714
v 0.178571 0.750000 0.071429
v 0.178571 0.714286 0.071429
v 0.178571 0.750000 -0.178571
v 0.178571 0.785714 -0.178571
v 0.178571 0.785714 -0.142857
v 0.178571 0.750000 -0.142857
v 0.178571 0.750000 -0.107143
v 0.142857 0.750000 -0.107143
v 0.178571 0.750000 -0.071429
v 0.142857 0.750000 -0.071429
v 0.142857 0.750000 0.071429
v 0.178571 0.750000 0.071429
v 0.178571 0.750000 0.107143
v 0.142857 0.750000 0.107143
v 0.178571 0.750000 0.142857
v 0.178571 0.785714 0.142857
v 0.178571 0.785714 0.178571
v 0.178571 0.750000 0.178571
v 0.178571 0.785714 -0.285714
v 0.178571 0.821429 -0.285714
v 0.178571 0.821429 -0.250000
v 0.178571 0.785714 -0.250000
v 0.178571 0.785714 -0.214286
v 0.178571 0.785714 -0.178571
v 0.142857 0.785714 -0.178571
v 0.142857 0.785714 0.178571
v 0.178571 0.785714 0.178571
v 0.178571 0.785714 0.214286
v 0.178571 0.785714 0.250000
v 0.178571 0.821429 0.250000
v 0.178571 0.821429 0.285714
v 0.178571 0.785714 0.285714
v 0.178571 0.857143 -0.285714
v 0.178571 0.857143 -0.250000
v 0.178571 0.857143 0.250000
v 0.178571 0.857143 0.285714
v 0.178571 0.892857 -0.285714
v 0.178571 0.892857 -0.250000
v 0.178571 0.892857 0.250000
v 0.178571 0.892857 0.285714
v 0.178571 0.892857 -0.321429
v 0.178571 0.928571 -0.321429
v 0.178571 0.928571 -0.285714
v 0.178571 0.892857 -0.285714
v 0.178571 0.892857 0.285714
v 0.178571 0.928571 0.285714
v 0.178571 0.928571 0.321429
v 0.178571 0.892857 0.321429
v 0.178571 0.964286 -0.321429
v 0.178571 0.964286 -0.285714
v 0.178571 0.964286 0.285714
v 0.178571 0.964286 0.321429
v 0.178571 0.964286 -0.285714
v 0.178571 1.000000 -0.285714
v 0.178571 1.000000 -0.250000
v 0.178571 0.964286 -0.250000
v 0.178571 1.000000 -0.214286
v 0.178571 1.000000 -0.178571
v 0.178571 1.000000 -0.142857
v 0.178571 1.000000 -0.107143
v 0.178571 1.000000 -0.071429
v 0.178571 1.000000 -0.035714
v 0.178571 1.000000 0.000000
v 0.178571 1.000000 0.035714
v 0.178571 1.000000 0.071429
v 0.178571 1.000000 0.107143
v 0.178571 1.000000 0.142857
v 0.178571 1.000000 0.178571
v 0.178571 1.000000 0.214286
v 0.178571 1.000000 0.250000
v 0.178571 0.964286 0.250000
v 0.178571 1.000000 0.285714
v 0.178571 0.964286 0.285714
v 0.214286 0.000000 -0.250000
v 0.214286 0.035714 -0.250000
v 0.214286 0.035714 -0.214286
v 0.214286 0.000000 -0.214286
v 0.214286 0.000000 -0.178571
v 0.214286 0.000000 -0.142857
v 0.214286 0.000000 -0.107143
v 0.214286 0.000000 -0.071429
v 0.214286 0.000000 -0.035714
v 0.214286 0.000000 0.000000
v 0.214286 0.000000 0.035714
v 0.214286 0.000000 0.071429
v 0.214286 0.000000 0.107143
v 0.214286 0.000000 0.142857
v 0.214286 0.000000 0.178571
v 0.214286 0.000000 0.214286
v 0.214286 0.035714 0.214286
v 0.214286 0.035714 0.250000
v 0.214286 0.000000 0.250000
v 0.214286 0.035714 -0.285714
v 0.214286 0.035714 -0.250000
v 0.178571 0.035714 -0.250000
v 0.214286 0.071429 -0.285714
v 0.178571 0.035714 0.250000
v 0.214286 0.035714 0.250000
v 0.214286 0.035714 0.285714
v 0.214286 0.071429 0.285714
v 0.178571 0.107143 -0.250000
v 0.214286 0.107143 -0.250000
v 0.214286 0.107143 -0.285714
v 0.178571 0.107143 0.250000
v 0.214286 0.107143 0.285714
v 0.214286 0.107143 0.250000
v 0.214286 0.107143 -0.250000
v 0.214286 0.142857 -0.250000
v 0.214286 0.142857 -0.214286
v 0.214286 0.107143 -0.214286
v 0.214286 0.142857 -0.178571
v 0.214286 0.142857 -0.142857
v 0.214286 0.142857 -0.107143
v 0.214286 0.142857 -0.071429
v 0.178571 0.142857 -0.035714
v 0.214286 0.142857 -0.035714
v 0.178571 0.142857 0.000000
v 0.214286 0.142857 0.000000
v 0.178571 0.142857 0.035714
v 0.214286 0.142857 0.035714
v 0.214286 0.142857 0.071429
v 0.214286 0.142857 0.107143
v 0.214286 0.142857 0.142857
v 0.214286 0.142857 0.178571
v 0.214286 0.142857 0.214286
v 0.214286 0.107143 0.214286
v 0.214286 0.142857 0.250000
v 0.214286 0.107143 0.250000
v 0.214286 0.750000 -0.142857
v 0.214286 0.785714 -0.142857
v 0.214286 0.785714 -0.107143
v 0.214286 0.750000 -0.107143
v 0.214286 0.750000 -0.071429
v 0.214286 0.750000 -0.035714
v 0.178571 0.750000 -0.035714
v 0.214286 0.750000 0.000000
v 0.178571 0.750000 0.000000
v 0.214286 0.750000 0.035714
v 0.178571 0.750000 0.035714
v 0.214286 0.750000 0.071429
v 0.214286 0.750000 0.107143
v 0.214286 0.785714 0.107143
v 0.214286 0.785714 0.142857
v 0.214286 0.750000 0.142857
v 0.214286 0.785714 -0.250000
v 0.214286 0.821429 -0.250000
v 0.214286 0.821429 -0.214286
v 0.214286 0.785714 -0.214286
v 0.214286 0.785714 -0.178571
v 0.214286 0.785714 -0.142857
v 0.178571 0.785714 -0.142857
v 0.178571 0.785714 0.142857
v 0.214286 0.785714 0.142857
v 0.214286 0.785714 0.178571
v 0.214286 0.785714 0.214286
v 0.214286 0.821429 0.214286
v 0.214286 0.821429 0.250000
v 0.214286 0.785714 0.250000
v 0.214286 0.857143 -0.250000
v 0.214286 0.857143 -0.214286
v 0.214286 0.857143 0.214286
v 0.214286 0.857143 0.250000
v 0.214286 0.892857 -0.250000
v 0.214286 0.892857 -0.214286
v 0.214286 0.892857 0.214286
v 0.214286 0.892857 0.250000
v 0.214286 0.892857 -0.285714
v 0.214286 0.892857 -0.250000
v 0.178571 0.892857 -0.250000
v 0.214286 0.928571 -0.285714
v 0.178571 0.892857 0.250000
v 0.214286 0.892857 0.250000
v 0.214286 0.892857 0.285714
v 0.214286 0.928571 0.285714
v 0.178571 0.964286 -0.250000
v 0.214286 0.964286 -0.250000
v 0.214286 0.964286 -0.285714
v 0.178571 0.964286 0.250000
v 0.214286 0.964286 0.285714
v 0.214286 0.964286 0.250000
v 0.214286 0.964286 -0.250000
v 0.214286 1.000000 -0.250000
v 0.214286 1.000000 -0.214286
v 0.214286 0.964286 -0.214286
v 0.214286 1.000000 -0.178571
v 0.214286 1.000000 -0.142857
v 0.214286 1.000000 -0.107143
v 0.214286 1.000000 -0.071429
v 0.214286 1.000000 -0.035714
v 0.214286 1.000000 0.000000
v 0.214286 1.000000 0.035714
v 0.214286 1.000000 0.071429
v 0.214286 1.000000 0.107143
v 0.214286 1.000000 0.142857
v 0.214286 1.000000 0.178571
v 0.214286 1.000000 0.214286
v 0.214286 0.964286 0.214286
v 0.214286 1.000000 0.250000
v 0.214286 0.964286 0.250000
v 0.250000 0.000000 -0.214286
v 0.250000 0.035714 -0.214286
v 0.250000 0.035714 -0.178571
v 0.250000 0.000000 -0.178571
v 0.250000 0.000000 -0.142857
v 0.250000 0.000000 -0.107143
v 0.250000 0.000000 -0.071429
v 0.250000 0.000000 -0.035714
v 0.250000 0.000000 0.000000
v 0.250000 0.000000 0.035714
v 0.250000 0.000000 0.071429
v 0.250000 0.000000 0.107143
v 0.250000 0.000000 0.142857
v 0.250000 0.000000 0.178571
v 0.250000 0.035714 0.178571
v 0.250000 0.035714 0.214286
v 0.250000 0.000000 0.214286
v 0.250000 0.035714 -0.285714
v 0.250000 0.071429 -0.285714
v 0.250000 0.071429 -0.250000
v 0.250000 0.035714 -0.250000
v 0.250000 0.035714 -0.214286
v 0.214286 0.035714 -0.214286
v 0.214286 0.035714 0.214286
v 0.250000 0.035714 0.214286
v 0.250000 0.035714 0.250000
v 0.250000 0.071429 0.250000
v 0.250000 0.071429 0.285714
v 0.250000 0.035714 0.285714
v 0.250000 0.107143 -0.285714
v 0.250000 0.107143 -0.250000
v 0.214286 0.107143 -0.214286
v 0.250000 0.107143 -0.214286
v 0.214286 0.107143 0.214286
v 0.250000 0.107143 0.250000
v 0.250000 0.107143 0.214286
v 0.250000 0.107143 0.285714
v 0.250000 0.107143 -0.214286
v 0.250000 0.142857 -0.214286
v 0.250000 0.142857 -0.178571
v 0.250000 0.107143 -0.178571
v 0.250000 0.142857 -0.142857
v 0.250000 0.142857 -0.107143
v 0.250000 0.142857 -0.071429
v 0.250000 0.142857 -0.035714
v 0.250000 0.142857 0.000000
v 0.250000 0.142857 0.035714
v 0.250000 0.142857 0.071429
v 0.250000 0.142857 0.107143
v 0.250000 0.142857 0.142857
v 0.250000 0.142857 0.178571
v 0.250000 0.107143 0.178571
v 0.250000 0.142857 0.214286
v 0.250000 0.107143 0.214286
v 0.250000 0.750000 -0.107143
v 0.250000 0.785714 -0.107143
v 0.250000 0.785714 -0.071429
v 0.250000 0.750000 -0.071429
v 0.250000 0.785714 -0.035714
v 0.250000 0.750000 -0.035714
v 0.250000 0.785714 0.000000
v 0.250000 0.750000 0.000000
v 0.250000 0.785714 0.035714
v 0.250000 0.750000 0.035714
v 0.250000 0.785714 0.071429
v 0.250000 0.750000 0.071429
v 0.250000 0.785714 0.107143
v 0.250000 0.750000 0.107143
v 0.250000 0.785714 -0.214286
v 0.250000 0.821429 -0.214286
v 0.250000 0.821429 -0.178571
v 0.250000 0.785714 -0.178571
v 0.250000 0.785714 -0.142857
v 0.250000 0.785714 -0.107143
v 0.214286 0.785714 -0.107143
v 0.214286 0.785714 0.107143
v 0.250000 0.785714 0.107143
v 0.250000 0.785714 0.142857
v 0.250000 0.785714 0.178571
v 0.250000 0.821429 0.178571
v 0.250000 0.821429 0.214286
v 0.250000 0.785714 0.214286
v 0.250000 0.857143 -0.214286
v 0.250000 0.857143 -0.178571
v 0.250000 0.857143 0.178571
v 0.250000 0.857143 0.214286
v 0.250000 0.892857 -0.214286
v 0.250000 0.892857 -0.178571
v 0.250000 0.892857 0.178571
v 0.250000 0.892857 0.214286
v 0.250000 0.892857 -0.285714
v 0.250000 0.928571 -0.285714
v 0.250000 0.928571 -0.250000
v 0.250000 0.892857 -0.250000
v 0.250000 0.892857 -0.214286
v 0.214286 0.892857 -0.214286
v 0.214286 0.892857 0.214286
v 0.250000 0.892857 0.214286
v 0.250000 0.892857 0.250000
v 0.250000 0.928571 0.250000
v 0.250000 0.928571 0.285714
v 0.250000 0.892857 0.285714
v 0.250000 0.964286 -0.285714
v 0.250000 0.964286 -0.250000
v 0.214286 0.964286 -0.214286
v 0.250000 0.964286 -0.214286
v 0.214286 0.964286 0.214286
v 0.250000 0.964286 0.250000
v 0.250000 0.964286 0.214286
v 0.250000 0.964286 0.285714
v 0.250000 0.964286 -0.214286
v 0.250000 1.000000 -0.214286
v 0.250000 1.000000 -0.178571
v 0.250000 0.964286 -0.178571
v 0.250000 1.000000 -0.142857
v 0.250000 1.000000 -0.107143
v 0.250000 1.000000 -0.071429
v 0.250000 1.000000 -0.035714
v 0.250000 1.000000 0.000000
v 0.250000 1.000000 0.035714
v 0.250000 1.000000 0.071429
v 0.250000 1.000000 0.107143
v 0.250000 1.000000 0.142857
v 0.250000 1.000000 0.178571
v 0.250000 0.964286 0.178571
v 0.250000 1.000000 0.214286
v 0.250000 0.964286 0.214286
v 0.285714 0.000000 -0.178571
v 0.285714 0.035714 -0.178571
v 0.285714 0.035714 -0.142857
v 0.285714 0.000000 -0.142857
v 0.285714 0.035714 -0.107143
v 0.285714 0.000000 -0.107143
v 0.285714 0.000000 -0.071429
v 0.285714 0.000000 -0.035714
v 0.285714 0.000000 0.000000
v 0.285714 0.000000 0.035714
v 0.285714 0.000000 0.071429
v 0.285714 0.000000 0.107143
v 0.285714 0.035714 0.107143
v 0.285714 0.035714 0.142857
v 0.285714 0.000000 0.142857
v 0.285714 0.035714 0.178571
v 0.285714 0.000000 0.178571
v 0.285714 0.035714 -0.250000
v 0.285714 0.071429 -0.250000
v 0.285714 0.071429 -0.214286
v 0.285714 0.035714 -0.214286
v 0.285714 0.071429 -0.178571
v 0.285714 0.035714 -0.178571
v 0.250000 0.035714 -0.178571
v 0.285714 0.035714 0.178571
v 0.285714 0.071429 0.178571
v 0.285714 0.071429 0.214286
v 0.285714 0.035714 0.214286
v 0.250000 0.035714 0.178571
v 0.285714 0.071429 0.250000
v 0.285714 0.035714 0.250000
v 0.285714 0.107143 -0.250000
v 0.285714 0.107143 -0.214286
v 0.285714 0.107143 -0.178571
v 0.250000 0.107143 -0.178571
v 0.285714 0.107143 0.178571
v 0.285714 0.107143 0.214286
v 0.250000 0.107143 0.178571
v 0.285714 0.107143 0.250000
v 0.285714 0.107143 -0.178571
v 0.285714 0.142857 -0.178571
v 0.285714 0.142857 -0.142857
v 0.285714 0.107143 -0.142857
v 0.285714 0.142857 -0.107143
v 0.285714 0.107143 -0.107143
v 0.285714 0.142857 -0.071429
v 0.285714 0.142857 -0.035714
v 0.285714 0.142857 0.000000
v 0.285714 0.142857 0.035714
v 0.285714 0.142857 0.071429
v 0.285714 0.142857 0.107143
v 0.285714 0.107143 0.107143
v 0.285714 0.142857 0.142857
v 0.285714 0.107143 0.142857
v 0.285714 0.142857 0.178571
v 0.285714 0.107143 0.178571
v 0.285714 0.785714 -0.178571
v 0.285714 0.821429 -0.178571
v 0.285714 0.821429 -0.142857
v 0.285714 0.785714 -0.142857
v 0.285714 0.821429 -0.107143
v 0.285714 0.785714 -0.107143
v 0.285714 0.785714 -0.071429
v 0.250000 0.785714 -0.071429
v 0.285714 0.785714 -0.035714
v 0.250000 0.785714 -0.035714
v 0.285714 0.785714 0.000000
v 0.250000 0.785714 0.000000
v 0.285714 0.785714 0.035714
v 0.250000 0.785714 0.035714
v 0.285714 0.785714 0.071429
v 0.250000 0.785714 0.071429
v 0.285714 0.785714 0.107143
v 0.285714 0.821429 0.107143
v 0.285714 0.821429 0.142857
v 0.285714 0.785714 0.142857
v 0.285714 0.821429 0.178571
v 0.285714 0.785714 0.178571
v 0.285714 0.857143 -0.178571
v 0.285714 0.857143 -0.142857
v 0.285714 0.857143 -0.107143
v 0.285714 0.857143 0.107143
v 0.285714 0.857143 0.142857
v 0.285714 0.857143 0.178571
v 0.285714 0.892857 -0.178571
v 0.285714 0.892857 -0.142857
v 0.285714 0.892857 -0.107143
v 0.285714 0.892857 0.107143
v 0.285714 0.892857 0.142857
v 0.285714 0.892857 0.178571
v 0.285714 0.892857 -0.250000
v 0.285714 0.928571 -0.250000
v 0.285714 0.928571 -0.214286
v 0.285714 0.892857 -0.214286
v 0.285714 0.928571 -0.178571
v 0.285714 0.892857 -0.178571
v 0.250000 0.892857 -0.178571
v 0.285714 0.892857 0.178571
v 0.285714 0.928571 0.178571
v 0.285714 0.928571 0.214286
v 0.285714 0.892857 0.214286
v 0.250000 0.892857 0.178571
v 0.285714 0.928571 0.250000
v 0.285714 0.892857 0.250000
v 0.285714 0.964286 -0.250000
v 0.285714 0.964286 -0.214286
v 0.285714 0.964286 -0.178571
v 0.250000 0.964286 -0.178571
v 0.285714 0.964286 0.178571
v 0.285714 0.964286 0.214286
v 0.250000 0.964286 0.178571
v 0.285714 0.964286 0.250000
v 0.285714 0.964286 -0.178571
v 0.285714 1.000000 -0.178571
v 0.285714 1.000000 -0.142857
v 0.285714 0.964286 -0.142857
v 0.285714 1.000000 -0.107143
v 0.285714 0.964286 -0.107143
v 0.285714 1.000000 -0.071429
v 0.285714 1.000000 -0.035714
v 0.285714 1.000000 0.000000
v 0.285714 1.000000 0.035714
v 0.285714 1.000000 0.071429
v 0.285714 1.000000 0.107143
v 0.285714 0.964286 0.107143
v 0.285714 1.000000 0.142857
v 0.285714 0.964286 0.142857
v 0.285714 1.000000 0.178571
v 0.285714 0.964286 0.178571
v 0.321429 0.000000 -0.107143
v 0.321429 0.035714 -0.107143
v 0.321429 0.035714 -0.071429
v 0.321429 0.000000 -0.071429
v 0.321429 0.035714 -0.035714
v 0.321429 0.000000 -0.035714
v 0.321429 0.035714 0.000000
v 0.321429 0.000000 0.000000
v 0.321429 0.035714 0.035714
v 0.321429 0.000000 0.035714
v 0.321429 0.035714 0.071429
v 0.321429 0.000000 0.071429
v 0.321429 0.035714 0.107143
v 0.321429 0.000000 0.107143
v 0.321429 0.035714 -0.178571
v 0.321429 0.071429 -0.178571
v 0.321429 0.071429 -0.142857
v 0.321429 0.035714 -0.142857
v 0.285714 0.035714 -0.142857
v 0.321429 0.071429 -0.107143
v 0.321429 0.035714 -0.107143
v 0.285714 0.035714 -0.107143
v 0.321429 0.035714 0.107143
v 0.321429 0.071429 0.107143
v 0.321429 0.071429 0.142857
v 0.321429 0.035714 0.142857
v 0.285714 0.035714 0.107143
v 0.285714 0.035714 0.142857
v 0.321429 0.071429 0.178571
v 0.321429 0.035714 0.178571
v 0.321429 0.107143 -0.178571
v 0.321429 0.107143 -0.142857
v 0.285714 0.107143 -0.142857
v 0.321429 0.107143 -0.107143
v 0.285714 0.107143 -0.107143
v 0.321429 0.107143 0.107143
v 0.321429 0.107143 0.142857
v 0.285714 0.107143 0.107143
v 0.285714 0.107143 0.142857
v 0.321429 0.107143 0.178571
v 0.321429 0.107143 -0.107143
v 0.321429 0.142857 -0.107143
v 0.321429 0.142857 -0.071429
v 0.321429 0.107143 -0.071429
v 0.321429 0.142857 -0.035714
v 0.321429 0.107143 -0.035714
v 0.321429 0.142857 0.000000
v 0.321429 0.107143 0.000000
v 0.321429 0.142857 0.035714
v 0.321429 0.107143 0.035714
v 0.321429 0.142857 0.071429
v 0.321429 0.107143 0.071429
v 0.321429 0.142857 0.107143
v 0.321429 0.107143 0.107143
v 0.321429 0.785714 -0.107143
v 0.321429 0.821429 -0.107143
v 0.321429 0.821429 -0.071429
v 0.321429 0.785714 -0.071429
v 0.321429 0.821429 -0.035714
v 0.321429 0.785714 -0.035714
v 0.321429 0.821429 0.000000
v 0.321429 0.785714 0.000000
v 0.321429 0.821429 0.035714
v 0.321429 0.785714 0.035714
v 0.321429 0.821429 0.071429
v 0.321429 0.785714 0.071429
v 0.321429 0.821429 0.107143
v 0.321429 0.785714 0.107143
v 0.321429 0.857143 -0.107143
v 0.321429 0.857143 -0.071429
v 0.321429 0.857143 -0.035714
v 0.321429 0.857143 0.000000
v 0.321429 0.857143 0.035714
v 0.321429 0.857143 0.071429
v 0.321429 0.857143 0.107143
v 0.321429 0.892857 -0.107143
v 0.321429 0.892857 -0.071429
v 0.321429 0.892857 -0.035714
v 0.321429 0.892857 0.000000
v 0.321429 0.892857 0.035714
v 0.321429 0.892857 0.071429
v 0.321429 0.892857 0.107143
v 0.321429 0.892857 -0.178571
v 0.321429 0.928571 -0.178571
v 0.321429 0.928571 -0.142857
v 0.321429 0.892857 -0.142857
v 0.285714 0.892857 -0.142857
v 0.321429 0.928571 -0.107143
v 0.321429 0.892857 -0.107143
v 0.285714 0.892857 -0.107143
v 0.321429 0.892857 0.107143
v 0.321429 0.928571 0.107143
v 0.321429 0.928571 0.142857
v 0.321429 0.892857 0.142857
v 0.285714 0.892857 0.107143
v 0.285714 0.892857 0.142857
v 0.321429 0.928571 0.178571
v 0.321429 0.892857 0.178571
v 0.321429 0.964286 -0.178571
v 0.321429 0.964286 -0.142857
v 0.285714 0.964286 -0.142857
v 0.321429 0.964286 -0.107143
v 0.285714 0.964286 -0.107143
v 0.321429 0.964286 0.107143
v 0.321429 0.964286 0.142857
v 0.285714 0.964286 0.107143
v 0.285714 0.964286 0.142857
v 0.321429 0.964286 0.178571
v 0.321429 0.964286 -0.107143
v 0.321429 1.000000 -0.107143
v 0.321429 1.000000 -0.071429
v 0.321429 0.964286 -0.071429
v 0.321429 1.000000 -0.035714
v 0.321429 0.964286 -0.035714
v 0.321429 1.000000 0.000000
v 0.321429 0.964286 0.000000
v 0.321429 1.000000 0.035714
v 0.321429 0.964286 0.035714
v 0.321429 1.000000 0.071429
v 0.321429 0.964286 0.071429
v 0.321429 1.000000 0.107143
v 0.321429 0.964286 0.107143
v 0.357143 0.035714 -0.107143
v 0.357143 0.071429 -0.107143
v 0.357143 0.071429 -0.071429
v 0.357143 0.035714 -0.071429
v 0.321429 0.035714 -0.071429
v 0.357143 0.071429 -0.035714
v 0.357143 0.035714 -0.035714
v 0.321429 0.035714 -0.035714
v 0.357143 0.071429 0.000000
v 0.357143 0.035714 0.000000
v 0.321429 0.035714 0.000000
v 0.357143 0.071429 0.035714
v 0.357143 0.035714 0.035714
v 0.321429 0.035714 0.035714
v 0.357143 0.071429 0.071429
v 0.357143 0.035714 0.071429
v 0.321429 0.035714 0.071429
v 0.357143 0.071429 0.107143
v 0.357143 0.035714 0.107143
v 0.357143 0.107143 -0.107143
v 0.357143 0.107143 -0.071429
v 0.321429 0.107143 -0.071429
v 0.357143 0.107143 -0.035714
v 0.321429 0.107143 -0.035714
v 0.357143 0.107143 0.000000
v 0.321429 0.107143 0.000000
v 0.357143 0.107143 0.035714
v 0.321429 0.107143 0.035714
v 0.357143 0.107143 0.071429
v 0.321429 0.107143 0.071429
v 0.357143 0.107143 0.107143
v 0.357143 0.892857 -0.107143
v 0.357143 0.928571 -0.107143
v 0.357143 0.928571 -0.071429
v 0.357143 0.892857 -0.071429
v 0.321429 0.892857 -0.071429
v 0.357143 0.928571 -0.035714
v 0.357143 0.892857 -0.035714
v 0.321429 0.892857 -0.035714
v 0.357143 0.928571 0.000000
v 0.357143 0.892857 0.000000
v 0.321429 0.892857 0.000000
v 0.357143 0.928571 0.035714
v 0.357143 0.892857 0.035714
v 0.321429 0.892857 0.035714
v 0.357143 0.928571 0.071429
v 0.357143 0.892857 0.071429
v 0.321429 0.892857 0.071429
v 0.357143 0.928571 0.107143
v 0.357143 0.892857 0.107143
v 0.357143 0.964286 -0.107143
v 0.357143 0.964286 -0.071429
v 0.321429 0.964286 -0.071429
v 0.357143 0.964286 -0.035714
v 0.321429 0.964286 -0.035714
v 0.357143 0.964286 0.000000
v 0.321429 0.964286 0.000000
v 0.357143 0.964286 0.035714
v 0.321429 0.964286 0.035714
v 0.357143 0.964286 0.071429
v 0.321429 0.964286 0.071429
v 0.357143 0.964286 0.107143
vt 0.357143 0.035714
vt 0.357143 0.035714
vt 0.357143 0.071429
vt 0.357143 0.071429
vt 0.357143 0.035714
vt 0.357143 0.035714
vt 0.357143 0.071429
vt 0.357143 0.035714
vt 0.357143 0.071429
vt 0.357143 0.035714
vt 0.357143 0.035714
vt 0.357143 0.071429
vt 0.357143 0.035714
vt 0.357143 0.035714
vt 0.357143 0.071429
vt 0.357143 0.035714
vt 0.357143 0.035714
vt 0.357143 0.071429
vt 0.357143 0.035714
vt 0.357143 0.035714
vt 0.357143 0.071429
vt 0.357143 0.035714
vt 0.357143 0.071429
vt 0.357143 0.107143
vt 0.357143 0.107143
vt 0.357143 0.107143
vt 0.357143 0.107143
vt 0.357143 0.107143
vt 0.357143 0.107143
vt 0.357143 0.107143
vt 0.357143 0.107143
vt 0.357143 0.107143
vt 0.357143 0.107143
vt 0.357143 0.107143
vt 0.357143 0.107143
vt 0.357143 0.107143
vt 0.357143 0.107143
vt 0.357143 0.892857
vt 0.357143 0.892857
vt 0.357143 0.928571
vt 0.357143 0.928571
vt 0.357143 0.892857
vt 0.357143 0.892857
vt 0.357143 0.928571
vt 0.357143 0.892857
vt 0.357143 0.928571
vt 0.357143 0.892857
vt 0.357143 0.892857
vt 0.357143 0.928571
vt 0.357143 0.892857
vt 0.357143 0.892857
vt 0.357143 0.928571
vt 0.357143 0.892857
vt 0.357143 0.892857
vt 0.357143 0.928571
vt 0.357143 0.892857
vt 0.357143 0.892857
vt 0.357143 0.928571
vt 0.357143 0.892857
vt 0.357143 0.928571
vt 0.357143 0.964286
vt 0.357143 0.964286
vt 0.357143 0.964286
vt 0.357143 0.964286
vt 0.357143 0.964286
vt 0.357143 0.964286
vt 0.357143 0.964286
vt 0.357143 0.964286
vt 0.357143 0.964286
vt 0.357143 0.964286
vt 0.357143 0.964286
vt 0.357143 0.964286
vt 0.357143 0.964286
vt 0.357143 0.964286
vt 0.321429 0.000000
vt 0.321429 0.000000
vt 0.321429 0.035714
vt 0.321429 0.035714
vt 0.321429 0.000000
vt 0.321429 0.000000
vt 0.321429 0.035714
vt 0.321429 0.000000
vt 0.321429 0.035714
vt 0.321429 0.000000
vt 0.321429 0.000000
vt 0.321429 0.035714
vt 0.321429 0.000000
vt 0.321429 0.000000
vt 0.321429 0.035714
vt 0.321429 0.000000
vt 0.321429 0.000000
vt 0.321429 0.035714
vt 0.321429 0.000000
vt 0.321429 0.000000
vt 0.321429 0.035714
vt 0.321429 0.000000
vt 0.321429 0.035714
vt 0.357143 0.035714
vt 0.357143 0.035714
vt 0.357143 0.071429
vt 0.357143 0.071429
vt 0.357143 0.035714
vt 0.357143 0.035714
vt 0.357143 0.071429
vt 0.357143 0.035714
vt 0.357143 0.035714
vt 0.357143 0.071429
vt 0.357143 0.035714
vt 0.357143 0.035714
vt 0.357143 0.035714
vt 0.357143 0.071429
vt 0.357143 0.035714
vt 0.357143 0.071429
vt 0.357143 0.107143
vt 0.357143 0.107143
vt 0.357143 0.107143
vt 0.357143 0.107143
vt 0.357143 0.107143
vt 0.357143 0.107143
vt 0.357143 0.107143
vt 0.357143 0.107143
vt 0.357143 0.107143
vt 0.357143 0.107143
vt 0.321429 0.107143
vt 0.321429 0.107143
vt 0.321429 0.142857
vt 0.321429 0.142857
vt 0.321429 0.142857
vt 0.321429 0.142857
vt 0.321429 0.107143
vt 0.321429 0.107143
vt 0.321429 0.142857
vt 0.321429 0.142857
vt 0.321429 0.107143
vt 0.321429 0.142857
vt 0.321429 0.142857
vt 0.321429 0.107143
vt 0.321429 0.142857
vt 0.321429 0.142857
vt 0.321429 0.107143
vt 0.321429 0.142857
vt 0.321429 0.142857
vt 0.321429 0.107143
vt 0.321429 0.142857
vt 0.321429 0.142857
vt 0.321429 0.107143
vt 0.321429 0.785714
vt 0.321429 0.785714
vt 0.321429 0.821429
vt 0.321429 0.821429
vt 0.321429 0.785714
vt 0.321429 0.785714
vt 0.321429 0.821429
vt 0.321429 0.785714
vt 0.321429 0.821429
vt 0.321429 0.785714
vt 0.321429 0.785714
vt 0.321429 0.821429
vt 0.321429 0.785714
vt 0.321429 0.785714
vt 0.321429 0.821429
vt 0.321429 0.785714
vt 0.321429 0.785714
vt 0.321429 0.821429
vt 0.321429 0.785714
vt 0.321429 0.785714
vt 0.321429 0.821429
vt 0.321429 0.785714
vt 0.321429 0.821429
vt 0.321429 0.857143
vt 0.321429 0.857143
vt 0.321429 0.857143
vt 0.321429 0.857143
vt 0.321429 0.857143
vt 0.321429 0.857143
vt 0.321429 0.857143
vt 0.321429 0.857143
vt 0.321429 0.857143
vt 0.321429 0.892857
vt 0.321429 0.892857
vt 0.321429 0.892857
vt 0.321429 0.892857
vt 0.321429 0.892857
vt 0.321429 0.892857
vt 0.321429 0.892857
vt 0.321429 0.892857
vt 0.321429 0.892857
vt 0.357143 0.892857
vt 0.357143 0.892857
vt 0.357143 0.928571
vt 0.357143 0.928571
vt 0.357143 0.892857
vt 0.357143 0.892857
vt 0.357143 0.928571
vt 0.357143 0.892857
vt 0.357143 0.892857
vt 0.357143 0.928571
vt 0.357143 0.892857
vt 0.357143 0.892857
vt 0.357143 0.892857
vt 0.357143 0.928571
vt 0.357143 0.892857
vt 0.357143 0.928571
vt 0.357143 0.964286
vt 0.357143 0.964286
vt 0.357143 0.964286
vt 0.357143 0.964286
vt 0.357143 0.964286
vt 0.357143 0.964286
vt 0.357143 0.964286
vt 0.357143 0.964286
vt 0.357143 0.964286
vt 0.357143 0.964286
vt 0.321429 0.964286
vt 0.321429 0.964286
vt 0.321429 1.000000
vt 0.321429 1.000000
vt 0.321429 1.000000
vt 0.321429 1.000000
vt 0.321429 0.964286
vt 0.321429 0.964286
vt 0.321429 1.000000
vt 0.321429 1.000000
vt 0.321429 0.964286
vt 0.321429 1.000000
vt 0.321429 1.000000
vt 0.321429 0.964286
vt 0.321429 1.000000
vt 0.321429 1.000000
vt 0.321429 0.964286
vt 0.321429 1.000000
vt 0.321429 1.000000
vt 0.321429 0.964286
vt 0.321429 1.000000
vt 0.321429 1.000000
vt 0.321429 0.964286
vt 0.321429 0.000000
vt 0.321429 0.000000
vt 0.321429 0.035714
vt 0.321429 0.035714
vt 0.321429 0.000000
vt 0.321429 0.000000
vt 0.321429 0.035714
vt 0.321429 0.000000
vt 0.321429 0.000000
vt 0.321429 0.000000
vt 0.321429 0.000000
vt 0.321429 0.000000
vt 0.321429 0.000000
vt 0.321429 0.000000
vt 0.321429 0.000000
vt 0.321429 0.035714
vt 0.321429 0.000000
vt 0.321429 0.000000
vt 0.321429 0.035714
vt 0.321429 0.000000
vt 0.321429 0.035714
vt 0.357143 0.035714
vt 0.357143 0.035714
vt 0.357143 0.071429
vt 0.357143 0.071429
vt 0.357143 0.035714
vt 0.357143 0.035714
vt 0.357143 0.071429
vt 0.357143 0.035714
vt 0.357143 0.035714
vt 0.357143 0.071429
vt 0.357143 0.035714
vt 0.357143 0.035714
vt 0.357143 0.035714
vt 0.357143 0.071429
vt 0.357143 0.035714
vt 0.357143 0.071429
vt 0.357143 0.107143
vt 0.357143 0.107143
vt 0.357143 0.107143
vt 0.357143 0.107143
vt 0.357143 0.107143
vt 0.357143 0.107143
vt 0.357143 0.107143
vt 0.357143 0.107143
vt 0.357143 0.107143
vt 0.357143 0.107143
vt 0.321429 0.107143
vt 0.321429 0.107143
vt 0.321429 0.142857
vt 0.321429 0.142857
vt 0.321429 0.142857
vt 0.321429 0.142857
vt 0.321429 0.107143
vt 0.321429 0.142857
vt 0.321429 0.142857
vt 0.321429 0.142857
vt 0.321429 0.142857
vt 0.321429 0.142857
vt 0.321429 0.142857
vt 0.321429 0.142857
vt 0.321429 0.107143
vt 0.321429 0.142857
vt 0.321429 0.142857
vt 0.321429 0.107143
vt 0.321429 0.142857
vt 0.321429 0.142857
vt 0.321429 0.107143
vt 0.321429 0.785714
vt 0.321429 0.785714
vt 0.321429 0.821429
vt 0.321429 0.821429
vt 0.321429 0.785714
vt 0.321429 0.785714
vt 0.321429 0.821429
vt 0.321429 0.785714
vt 0.321429 0.785714
vt 0.321429 0.785714
vt 0.321429 0.785714
vt 0.321429 0.785714
vt 0.321429 0.785714
vt 0.321429 0.785714
vt 0.321429 0.785714
vt 0.321429 0.821429
vt 0.321429 0.785714
vt 0.321429 0.785714
vt 0.321429 0.821429
vt 0.321429 0.785714
vt 0.321429 0.821429
vt 0.321429 0.857143
vt 0.321429 0.857143
vt 0.321429 0.857143
vt 0.321429 0.857143
vt 0.321429 0.857143
vt 0.321429 0.857143
vt 0.321429 0.892857
vt 0.321429 0.892857
vt 0.321429 0.892857
vt 0.321429 0.892857
vt 0.321429 0.892857
vt 0.321429 0.892857
vt 0.357143 0.892857
vt 0.357143 0.892857
vt 0.357143 0.928571
vt 0.357143 0.928571
vt 0.357143 0.892857
vt 0.357143 0.892857
vt 0.357143 0.928571
vt 0.357143 0.892857
vt 0.357143 0.892857
vt 0.357143 0.928571
vt 0.357143 0.892857
vt 0.357143 0.892857
vt 0.357143 0.892857
vt 0.357143 0.928571
vt 0.357143 0.892857
vt 0.357143 0.928571
vt 0.357143 0.964286
vt 0.357143 0.964286
vt 0.357143 0.964286
vt 0.357143 0.964286
vt 0.357143 0.964286
vt 0.357143 0.964286
vt 0.357143 0.964286
vt 0.357143 0.964286
vt 0.357143 0.964286
vt 0.357143 0.964286
vt 0.321429 0.964286
vt 0.321429 0.964286
vt 0.321429 1.000000
vt 0.321429 1.000000
vt 0.321429 1.000000
vt 0.321429 1.000000
vt 0.321429 0.964286
vt 0.321429 1.000000
vt 0.321429 1.000000
vt 0.321429 1.000000
vt 0.321429 1.000000
vt 0.321429 1.000000
vt 0.321429 1.000000
vt 0.321429 1.000000
vt 0.321429 0.964286
vt 0.321429 1.000000
vt 0.321429 1.000000
vt 0.321429 0.964286
vt 0.321429 1.000000
vt 0.321429 1.000000
vt 0.321429 0.964286
vt 0.321429 0.000000
vt 0.321429 0.035714
vt 0.321429 0.000000
vt 0.321429 0.000000
vt 0.321429 0.035714
vt 0.321429 0.000000
vt 0.321429 0.000000
vt 0.321429 0.000000
vt 0.321429 0.000000
vt 0.321429 0.000000
vt 0.321429 0.000000
vt 0.321429 0.000000
vt 0.321429 0.000000
vt 0.321429 0.000000
vt 0.321429 0.000000
vt 0.321429 0.000000
vt 0.321429 0.035714
vt 0.321429 0.000000
vt 0.321429 0.035714
vt 0.357143 0.035714
vt 0.357143 0.071429
vt 0.357143 0.035714
vt 0.357143 0.035714
vt 0.357143 0.071429
vt 0.357143 0.035714
vt 0.357143 0.035714
vt 0.357143 0.035714
vt 0.357143 0.035714
vt 0.357143 0.071429
vt 0.357143 0.035714
vt 0.357143 0.071429
vt 0.357143 0.107143
vt 0.357143 0.107143
vt 0.357143 0.107143
vt 0.357143 0.107143
vt 0.357143 0.107143
vt 0.357143 0.107143
vt 0.357143 0.107143
vt 0.357143 0.107143
vt 0.321429 0.107143
vt 0.321429 0.142857
vt 0.321429 0.142857
vt 0.321429 0.142857
vt 0.321429 0.107143
vt 0.321429 0.142857
vt 0.321429 0.142857
vt 0.321429 0.142857
vt 0.321429 0.142857
vt 0.321429 0.142857
vt 0.321429 0.142857
vt 0.321429 0.142857
vt 0.321429 0.142857
vt 0.321429 0.142857
vt 0.321429 0.142857
vt 0.321429 0.107143
vt 0.321429 0.142857
vt 0.321429 0.142857
vt 0.321429 0.107143
vt 0.250000 0.750000
vt 0.250000 0.750000
vt 0.250000 0.785714
vt 0.250000 0.785714
vt 0.250000 0.750000
vt 0.250000 0.750000
vt 0.250000 0.785714
vt 0.250000 0.750000
vt 0.250000 0.785714
vt 0.250000 0.750000
vt 0.250000 0.750000
vt 0.250000 0.785714
vt 0.250000 0.750000
vt 0.250000 0.750000
vt 0.250000 0.785714
vt 0.250000 0.750000
vt 0.250000 0.750000
vt 0.250000 0.785714
vt 0.250000 0.750000
vt 0.250000 0.750000
vt 0.250000 0.785714
vt 0.250000 0.750000
vt 0.250000 0.785714
vt 0.321429 0.785714
vt 0.321429 0.821429
vt 0.321429 0.785714
vt 0.321429 0.785714
vt 0.321429 0.821429
vt 0.321429 0.785714
vt 0.321429 0.785714
vt 0.321429 0.785714
vt 0.321429 0.785714
vt 0.321429 0.785714
vt 0.321429 0.785714
vt 0.321429 0.821429
vt 0.321429 0.785714
vt 0.321429 0.821429
vt 0.321429 0.857143
vt 0.321429 0.857143
vt 0.321429 0.857143
vt 0.321429 0.857143
vt 0.321429 0.892857
vt 0.321429 0.892857
vt 0.321429 0.892857
vt 0.321429 0.892857
vt 0.357143 0.892857
vt 0.357143 0.928571
vt 0.357143 0.892857
vt 0.357143 0.892857
vt 0.357143 0.928571
vt 0.357143 0.892857
vt 0.357143 0.892857
vt 0.357143 0.892857
vt 0.357143 0.892857
vt 0.357143 0.928571
vt 0.357143 0.892857
vt 0.357143 0.928571
vt 0.357143 0.964286
vt 0.357143 0.964286
vt 0.357143 0.964286
vt 0.357143 0.964286
vt 0.357143 0.964286
vt 0.357143 0.964286
vt 0.357143 0.964286
vt 0.357143 0.964286
vt 0.321429 0.964286
vt 0.321429 1.000000
vt 0.321429 1.000000
vt 0.321429 1.000000
vt 0.321429 0.964286
vt 0.321429 1.000000
vt 0.321429 1.000000
vt 0.321429 1.000000
vt 0.321429 1.000000
vt 0.321429 1.000000
vt 0.321429 1.000000
vt 0.321429 1.000000
vt 0.321429 1.000000
vt 0.321429 1.000000
vt 0.321429 1.000000
vt 0.321429 0.964286
vt 0.321429 1.000000
vt 0.321429 1.000000
vt 0.321429 0.964286
vt 0.321429 0.000000
vt 0.321429 0.035714
vt 0.321429 0.000000
vt 0.321429 0.000000
vt 0.321429 0.035714
vt 0.321429 0.000000
vt 0.321429 0.000000
vt 0.321429 0.000000
vt 0.321429 0.000000
vt 0.321429 0.000000
vt 0.321429 0.000000
vt 0.321429 0.000000
vt 0.321429 0.000000
vt 0.321429 0.000000
vt 0.321429 0.000000
vt 0.321429 0.000000
vt 0.321429 0.000000
vt 0.321429 0.000000
vt 0.321429 0.035714
vt 0.321429 0.000000
vt 0.321429 0.035714
vt 0.357143 0.035714
vt 0.357143 0.035714
vt 0.357143 0.071429
vt 0.357143 0.035714
vt 0.357143 0.035714
vt 0.357143 0.071429
vt 0.357143 0.107143
vt 0.357143 0.107143
vt 0.357143 0.107143
vt 0.357143 0.107143
vt 0.321429 0.107143
vt 0.321429 0.142857
vt 0.321429 0.142857
vt 0.321429 0.142857
vt 0.321429 0.107143
vt 0.321429 0.142857
vt 0.321429 0.142857
vt 0.321429 0.142857
vt 0.321429 0.142857
vt 0.321429 0.142857
vt 0.321429 0.142857
vt 0.321429 0.142857
vt 0.321429 0.142857
vt 0.321429 0.142857
vt 0.321429 0.142857
vt 0.321429 0.142857
vt 0.321429 0.142857
vt 0.321429 0.107143
vt 0.321429 0.142857
vt 0.321429 0.142857
vt 0.321429 0.107143
vt 0.250000 0.750000
vt 0.250000 0.785714
vt 0.250000 0.750000
vt 0.250000 0.750000
vt 0.250000 0.785714
vt 0.250000 0.750000
vt 0.250000 0.750000
vt 0.250000 0.750000
vt 0.250000 0.750000
vt 0.250000 0.750000
vt 0.250000 0.750000
vt 0.250000 0.750000
vt 0.250000 0.785714
vt 0.250000 0.750000
vt 0.250000 0.785714
vt 0.321429 0.785714
vt 0.321429 0.821429
vt 0.321429 0.785714
vt 0.321429 0.785714
vt 0.321429 0.821429
vt 0.321429 0.785714
vt 0.321429 0.785714
vt 0.321429 0.785714
vt 0.321429 0.785714
vt 0.321429 0.785714
vt 0.321429 0.785714
vt 0.321429 0.821429
vt 0.321429 0.785714
vt 0.321429 0.821429
vt 0.321429 0.857143
vt 0.321429 0.857143
vt 0.321429 0.857143
vt 0.321429 0.857143
vt 0.321429 0.892857
vt 0.321429 0.892857
vt 0.321429 0.892857
vt 0.321429 0.892857
vt 0.357143 0.892857
vt 0.357143 0.892857
vt 0.357143 0.928571
vt 0.357143 0.892857
vt 0.357143 0.892857
vt 0.357143 0.928571
vt 0.357143 0.964286
vt 0.357143 0.964286
vt 0.357143 0.964286
vt 0.357143 0.964286
vt 0.321429 0.964286
vt 0.321429 1.000000
vt 0.321429 1.000000
vt 0.321429 1.000000
vt 0.321429 0.964286
vt 0.321429 1.000000
vt 0.321429 1.000000
vt 0.321429 1.000000
vt 0.321429 1.000000
vt 0.321429 1.000000
vt 0.321429 1.000000
vt 0.321429 1.000000
vt 0.321429 1.000000
vt 0.321429 1.000000
vt 0.321429 1.000000
vt 0.321429 1.000000
vt 0.321429 1.000000
vt 0.321429 0.964286
vt 0.321429 1.000000
vt 0.321429 1.000000
vt 0.321429 0.964286
vt 0.321429 0.000000
vt 0.321429 0.035714
vt 0.321429 0.000000
vt 0.321429 0.000000
vt 0.321429 0.035714
vt 0.321429 0.000000
vt 0.321429 0.000000
vt 0.321429 0.000000
vt 0.321429 0.000000
vt 0.321429 0.000000
vt 0.321429 0.000000
vt 0.321429 0.000000
vt 0.321429 0.000000
vt 0.321429 0.000000
vt 0.321429 0.000000
vt 0.321429 0.000000
vt 0.321429 0.000000
vt 0.321429 0.000000
vt 0.321429 0.000000
vt 0.321429 0.000000
vt 0.321429 0.035714
vt 0.321429 0.000000
vt 0.321429 0.035714
vt 0.357143 0.035714
vt 0.357143 0.071429
vt 0.357143 0.035714
vt 0.357143 0.035714
vt 0.357143 0.071429
vt 0.357143 0.035714
vt 0.357143 0.071429
vt 0.357143 0.035714
vt 0.357143 0.035714
vt 0.357143 0.071429
vt 0.357143 0.107143
vt 0.357143 0.107143
vt 0.357143 0.107143
vt 0.357143 0.107143
vt 0.357143 0.107143
vt 0.357143 0.107143
vt 0.321429 0.107143
vt 0.321429 0.142857
vt 0.321429 0.142857
vt 0.321429 0.142857
vt 0.321429 0.107143
vt 0.321429 0.142857
vt 0.321429 0.142857
vt 0.321429 0.142857
vt 0.321429 0.142857
vt 0.321429 0.142857
vt 0.321429 0.142857
vt 0.321429 0.142857
vt 0.321429 0.142857
vt 0.321429 0.142857
vt 0.321429 0.142857
vt 0.321429 0.142857
vt 0.321429 0.107143
vt 0.321429 0.142857
vt 0.321429 0.142857
vt 0.321429 0.107143
vt 0.178571 0.142857
vt 0.178571 0.142857
vt 0.178571 0.178571
vt 0.178571 0.178571
vt 0.178571 0.178571
vt 0.178571 0.142857
vt 0.178571 0.142857
vt 0.178571 0.178571
vt 0.178571 0.142857
vt 0.178571 0.178571
vt 0.178571 0.142857
vt 0.178571 0.178571
vt 0.178571 0.142857
vt 0.178571 0.178571
vt 0.178571 0.214286
vt 0.178571 0.214286
vt 0.178571 0.214286
vt 0.178571 0.214286
vt 0.178571 0.214286
vt 0.178571 0.214286
vt 0.178571 0.214286
vt 0.178571 0.214286
vt 0.178571 0.214286
vt 0.178571 0.214286
vt 0.178571 0.714286
vt 0.178571 0.714286
vt 0.178571 0.750000
vt 0.178571 0.750000
vt 0.178571 0.714286
vt 0.178571 0.714286
vt 0.178571 0.750000
vt 0.178571 0.714286
vt 0.178571 0.750000
vt 0.178571 0.714286
vt 0.178571 0.714286
vt 0.178571 0.750000
vt 0.178571 0.714286
vt 0.178571 0.714286
vt 0.178571 0.750000
vt 0.178571 0.714286
vt 0.178571 0.750000
vt 0.250000 0.750000
vt 0.250000 0.785714
vt 0.250000 0.750000
vt 0.250000 0.750000
vt 0.250000 0.785714
vt 0.250000 0.750000
vt 0.250000 0.750000
vt 0.250000 0.750000
vt 0.250000 0.750000
vt 0.250000 0.750000
vt 0.250000 0.750000
vt 0.250000 0.785714
vt 0.250000 0.750000
vt 0.250000 0.785714
vt 0.321429 0.785714
vt 0.321429 0.821429
vt 0.321429 0.785714
vt 0.321429 0.785714
vt 0.321429 0.821429
vt 0.321429 0.785714
vt 0.321429 0.785714
vt 0.321429 0.785714
vt 0.321429 0.785714
vt 0.321429 0.785714
vt 0.321429 0.785714
vt 0.321429 0.821429
vt 0.321429 0.785714
vt 0.321429 0.821429
vt 0.321429 0.857143
vt 0.321429 0.857143
vt 0.321429 0.857143
vt 0.321429 0.857143
vt 0.321429 0.892857
vt 0.321429 0.892857
vt 0.321429 0.892857
vt 0.321429 0.892857
vt 0.357143 0.892857
vt 0.357143 0.928571
vt 0.357143 0.892857
vt 0.357143 0.892857
vt 0.357143 0.928571
vt 0.357143 0.892857
vt 0.357143 0.928571
vt 0.357143 0.892857
vt 0.357143 0.892857
vt 0.357143 0.928571
vt 0.357143 0.964286
vt 0.357143 0.964286
vt 0.357143 0.964286
vt 0.357143 0.964286
vt 0.357143 0.964286
vt 0.357143 0.964286
vt 0.321429 0.964286
vt 0.321429 1.000000
vt 0.321429 1.000000
vt 0.321429 1.000000
vt 0.321429 0.964286
vt 0.321429 1.000000
vt 0.321429 1.000000
vt 0.321429 1.000000
vt 0.321429 1.000000
vt 0.321429 1.000000
vt 0.321429 1.000000
vt 0.321429 1.000000
vt 0.321429 1.000000
vt 0.321429 1.000000
vt 0.321429 1.000000
vt 0.321429 1.000000
vt 0.321429 1.000000
vt 0.321429 1.000000
vt 0.321429 1.000000
vt 0.321429 0.964286
vt 0.321429 1.000000
vt 0.321429 1.000000
vt 0.321429 0.964286
vt 0.321429 0.000000
vt 0.321429 0.000000
vt 0.321429 0.035714
vt 0.321429 0.000000
vt 0.321429 0.000000
vt 0.321429 0.000000
vt 0.321429 0.000000
vt 0.321429 0.000000
vt 0.321429 0.000000
vt 0.321429 0.000000
vt 0.321429 0.000000
vt 0.321429 0.000000
vt 0.321429 0.000000
vt 0.321429 0.000000
vt 0.321429 0.000000
vt 0.321429 0.000000
vt 0.321429 0.000000
vt 0.321429 0.000000
vt 0.321429 0.035714
vt 0.357143 0.035714
vt 0.357143 0.035714
vt 0.357143 0.071429
vt 0.357143 0.035714
vt 0.357143 0.035714
vt 0.357143 0.071429
vt 0.357143 0.107143
vt 0.357143 0.107143
vt 0.357143 0.107143
vt 0.357143 0.107143
vt 0.321429 0.142857
vt 0.321429 0.142857
vt 0.321429 0.107143
vt 0.321429 0.142857
vt 0.321429 0.142857
vt 0.321429 0.142857
vt 0.321429 0.142857
vt 0.321429 0.142857
vt 0.321429 0.142857
vt 0.321429 0.142857
vt 0.321429 0.142857
vt 0.321429 0.107143
vt 0.178571 0.142857
vt 0.178571 0.142857
vt 0.178571 0.178571
vt 0.178571 0.178571
vt 0.178571 0.178571
vt 0.178571 0.142857
vt 0.178571 0.142857
vt 0.178571 0.178571
vt 0.178571 0.142857
vt 0.178571 0.178571
vt 0.178571 0.142857
vt 0.178571 0.178571
vt 0.178571 0.214286
vt 0.178571 0.214286
vt 0.178571 0.214286
vt 0.178571 0.214286
vt 0.178571 0.214286
vt 0.178571 0.214286
vt 0.178571 0.214286
vt 0.178571 0.214286
vt 0.178571 0.214286
vt 0.178571 0.214286
vt 0.142857 0.214286
vt 0.142857 0.214286
vt 0.142857 0.250000
vt 0.142857 0.250000
vt 0.142857 0.250000
vt 0.142857 0.250000
vt 0.142857 0.214286
vt 0.142857 0.214286
vt 0.142857 0.250000
vt 0.142857 0.250000
vt 0.142857 0.214286
vt 0.142857 0.250000
vt 0.142857 0.250000
vt 0.142857 0.214286
vt 0.142857 0.250000
vt 0.142857 0.250000
vt 0.142857 0.214286
vt 0.142857 0.321429
vt 0.142857 0.321429
vt 0.142857 0.357143
vt 0.142857 0.357143
vt 0.142857 0.357143
vt 0.142857 0.357143
vt 0.142857 0.321429
vt 0.142857 0.321429
vt 0.142857 0.321429
vt 0.142857 0.357143
vt 0.142857 0.357143
vt 0.142857 0.321429
vt 0.142857 0.321429
vt 0.142857 0.357143
vt 0.142857 0.357143
vt 0.142857 0.321429
vt 0.142857 0.321429
vt 0.142857 0.357143
vt 0.142857 0.357143
vt 0.142857 0.321429
vt 0.142857 0.464286
vt 0.142857 0.464286
vt 0.142857 0.500000
vt 0.142857 0.500000
vt 0.142857 0.500000
vt 0.142857 0.500000
vt 0.142857 0.464286
vt 0.142857 0.464286
vt 0.142857 0.464286
vt 0.142857 0.500000
vt 0.142857 0.500000
vt 0.142857 0.464286
vt 0.142857 0.464286
vt 0.142857 0.500000
vt 0.142857 0.500000
vt 0.142857 0.464286
vt 0.142857 0.464286
vt 0.142857 0.500000
vt 0.142857 0.500000
vt 0.142857 0.464286
vt 0.142857 0.607143
vt 0.142857 0.607143
vt 0.142857 0.642857
vt 0.142857 0.642857
vt 0.142857 0.642857
vt 0.142857 0.642857
vt 0.142857 0.607143
vt 0.142857 0.607143
vt 0.142857 0.607143
vt 0.142857 0.642857
vt 0.142857 0.642857
vt 0.142857 0.607143
vt 0.142857 0.607143
vt 0.142857 0.642857
vt 0.142857 0.642857
vt 0.142857 0.607143
vt 0.142857 0.607143
vt 0.142857 0.642857
vt 0.142857 0.642857
vt 0.142857 0.607143
vt 0.178571 0.714286
vt 0.178571 0.714286
vt 0.178571 0.750000
vt 0.178571 0.750000
vt 0.178571 0.714286
vt 0.178571 0.714286
vt 0.178571 0.750000
vt 0.178571 0.714286
vt 0.178571 0.714286
vt 0.178571 0.714286
vt 0.178571 0.714286
vt 0.178571 0.714286
vt 0.178571 0.714286
vt 0.178571 0.750000
vt 0.178571 0.714286
vt 0.178571 0.714286
vt 0.178571 0.750000
vt 0.178571 0.714286
vt 0.178571 0.750000
vt 0.250000 0.750000
vt 0.250000 0.785714
vt 0.250000 0.750000
vt 0.250000 0.750000
vt 0.250000 0.785714
vt 0.250000 0.750000
vt 0.250000 0.750000
vt 0.250000 0.750000
vt 0.250000 0.750000
vt 0.250000 0.785714
vt 0.250000 0.750000
vt 0.250000 0.785714
vt 0.321429 0.785714
vt 0.321429 0.785714
vt 0.321429 0.821429
vt 0.321429 0.785714
vt 0.321429 0.785714
vt 0.321429 0.785714
vt 0.321429 0.785714
vt 0.321429 0.821429
vt 0.321429 0.857143
vt 0.321429 0.857143
vt 0.321429 0.892857
vt 0.321429 0.892857
vt 0.357143 0.892857
vt 0.357143 0.892857
vt 0.357143 0.928571
vt 0.357143 0.892857
vt 0.357143 0.892857
vt 0.357143 0.928571
vt 0.357143 0.964286
vt 0.357143 0.964286
vt 0.357143 0.964286
vt 0.357143 0.964286
vt 0.321429 1.000000
vt 0.321429 1.000000
vt 0.321429 0.964286
vt 0.321429 1.000000
vt 0.321429 1.000000
vt 0.321429 1.000000
vt 0.321429 1.000000
vt 0.321429 1.000000
vt 0.321429 1.000000
vt 0.321429 1.000000
vt 0.321429 1.000000
vt 0.321429 1.000000
vt 0.321429 1.000000
vt 0.321429 1.000000
vt 0.321429 1.000000
vt 0.321429 1.000000
vt 0.321429 1.000000
vt 0.321429 1.000000
vt 0.321429 0.964286
vt 0.321429 0.000000
vt 0.321429 0.035714
vt 0.321429 0.000000
vt 0.321429 0.000000
vt 0.321429 0.035714
vt 0.321429 0.000000
vt 0.321429 0.000000
vt 0.321429 0.000000
vt 0.321429 0.000000
vt 0.321429 0.000000
vt 0.321429 0.000000
vt 0.321429 0.000000
vt 0.321429 0.000000
vt 0.321429 0.000000
vt 0.321429 0.000000
vt 0.321429 0.000000
vt 0.321429 0.000000
vt 0.321429 0.000000
vt 0.321429 0.000000
vt 0.321429 0.000000
vt 0.321429 0.000000
vt 0.321429 0.000000
vt 0.321429 0.035714
vt 0.321429 0.000000
vt 0.321429 0.035714
vt 0.357143 0.035714
vt 0.357143 0.071429
vt 0.357143 0.035714
vt 0.357143 0.035714
vt 0.357143 0.071429
vt 0.357143 0.035714
vt 0.357143 0.071429
vt 0.357143 0.035714
vt 0.357143 0.035714
vt 0.357143 0.071429
vt 0.357143 0.107143
vt 0.357143 0.107143
vt 0.357143 0.107143
vt 0.357143 0.107143
vt 0.357143 0.107143
vt 0.357143 0.107143
vt 0.321429 0.107143
vt 0.321429 0.142857
vt 0.321429 0.142857
vt 0.321429 0.142857
vt 0.321429 0.107143
vt 0.321429 0.142857
vt 0.321429 0.142857
vt 0.321429 0.142857
vt 0.321429 0.142857
vt 0.321429 0.142857
vt 0.321429 0.142857
vt 0.321429 0.142857
vt 0.321429 0.142857
vt 0.321429 0.142857
vt 0.321429 0.107143
vt 0.321429 0.142857
vt 0.321429 0.142857
vt 0.321429 0.107143
vt 0.178571 0.178571
vt 0.178571 0.142857
vt 0.178571 0.142857
vt 0.178571 0.178571
vt 0.178571 0.214286
vt 0.178571 0.214286
vt 0.178571 0.214286
vt 0.178571 0.214286
vt 0.142857 0.214286
vt 0.142857 0.250000
vt 0.142857 0.250000
vt 0.142857 0.250000
vt 0.142857 0.214286
vt 0.142857 0.250000
vt 0.142857 0.250000
vt 0.142857 0.250000
vt 0.142857 0.250000
vt 0.142857 0.214286
vt 0.142857 0.250000
vt 0.142857 0.250000
vt 0.142857 0.214286
vt 0.107143 0.285714
vt 0.107143 0.285714
vt 0.107143 0.321429
vt 0.107143 0.321429
vt 0.107143 0.285714
vt 0.107143 0.285714
vt 0.107143 0.321429
vt 0.107143 0.285714
vt 0.107143 0.321429
vt 0.107143 0.285714
vt 0.107143 0.285714
vt 0.107143 0.321429
vt 0.107143 0.285714
vt 0.107143 0.285714
vt 0.107143 0.321429
vt 0.107143 0.285714
vt 0.107143 0.321429
vt 0.142857 0.321429
vt 0.142857 0.357143
vt 0.142857 0.357143
vt 0.142857 0.357143
vt 0.142857 0.321429
vt 0.142857 0.321429
vt 0.142857 0.321429
vt 0.142857 0.357143
vt 0.142857 0.357143
vt 0.142857 0.357143
vt 0.142857 0.321429
vt 0.142857 0.321429
vt 0.107143 0.357143
vt 0.107143 0.357143
vt 0.107143 0.392857
vt 0.107143 0.392857
vt 0.107143 0.392857
vt 0.107143 0.392857
vt 0.107143 0.357143
vt 0.107143 0.357143
vt 0.107143 0.392857
vt 0.107143 0.392857
vt 0.107143 0.357143
vt 0.107143 0.392857
vt 0.107143 0.392857
vt 0.107143 0.357143
vt 0.107143 0.392857
vt 0.107143 0.392857
vt 0.107143 0.357143
vt 0.107143 0.428571
vt 0.107143 0.428571
vt 0.107143 0.464286
vt 0.107143 0.464286
vt 0.107143 0.428571
vt 0.107143 0.428571
vt 0.107143 0.464286
vt 0.107143 0.428571
vt 0.107143 0.464286
vt 0.107143 0.428571
vt 0.107143 0.428571
vt 0.107143 0.464286
vt 0.107143 0.428571
vt 0.107143 0.428571
vt 0.107143 0.464286
vt 0.107143 0.428571
vt 0.107143 0.464286
vt 0.142857 0.464286
vt 0.142857 0.500000
vt 0.142857 0.500000
vt 0.142857 0.500000
vt 0.142857 0.464286
vt 0.142857 0.464286
vt 0.142857 0.464286
vt 0.142857 0.500000
vt 0.142857 0.500000
vt 0.142857 0.500000
vt 0.142857 0.464286
vt 0.142857 0.464286
vt 0.107143 0.500000
vt 0.107143 0.500000
vt 0.107143 0.535714
vt 0.107143 0.535714
vt 0.107143 0.535714
vt 0.107143 0.535714
vt 0.107143 0.500000
vt 0.107143 0.500000
vt 0.107143 0.535714
vt 0.107143 0.535714
vt 0.107143 0.500000
vt 0.107143 0.535714
vt 0.107143 0.535714
vt 0.107143 0.500000
vt 0.107143 0.535714
vt 0.107143 0.535714
vt 0.107143 0.500000
vt 0.107143 0.571429
vt 0.107143 0.571429
vt 0.107143 0.607143
vt 0.107143 0.607143
vt 0.107143 0.571429
vt 0.107143 0.571429
vt 0.107143 0.607143
vt 0.107143 0.571429
vt 0.107143 0.607143
vt 0.107143 0.571429
vt 0.107143 0.571429
vt 0.107143 0.607143
vt 0.107143 0.571429
vt 0.107143 0.571429
vt 0.107143 0.607143
vt 0.107143 0.571429
vt 0.107143 0.607143
vt 0.142857 0.607143
vt 0.142857 0.642857
vt 0.142857 0.642857
vt 0.142857 0.642857
vt 0.142857 0.607143
vt 0.142857 0.607143
vt 0.142857 0.607143
vt 0.142857 0.642857
vt 0.142857 0.642857
vt 0.142857 0.642857
vt 0.142857 0.607143
vt 0.142857 0.607143
vt 0.107143 0.642857
vt 0.107143 0.642857
vt 0.107143 0.678571
vt 0.107143 0.678571
vt 0.107143 0.678571
vt 0.107143 0.642857
vt 0.107143 0.642857
vt 0.107143 0.678571
vt 0.107143 0.642857
vt 0.107143 0.678571
vt 0.107143 0.642857
vt 0.107143 0.678571
vt 0.107143 0.642857
vt 0.107143 0.678571
vt 0.107143 0.714286
vt 0.107143 0.714286
vt 0.107143 0.714286
vt 0.107143 0.714286
vt 0.107143 0.714286
vt 0.107143 0.714286
vt 0.107143 0.714286
vt 0.178571 0.714286
vt 0.178571 0.714286
vt 0.178571 0.750000
vt 0.178571 0.714286
vt 0.178571 0.714286
vt 0.178571 0.714286
vt 0.178571 0.714286
vt 0.178571 0.750000
vt 0.250000 0.750000
vt 0.250000 0.785714
vt 0.250000 0.750000
vt 0.250000 0.750000
vt 0.250000 0.785714
vt 0.250000 0.750000
vt 0.250000 0.750000
vt 0.250000 0.750000
vt 0.250000 0.750000
vt 0.250000 0.750000
vt 0.250000 0.750000
vt 0.250000 0.785714
vt 0.250000 0.750000
vt 0.250000 0.785714
vt 0.321429 0.785714
vt 0.321429 0.821429
vt 0.321429 0.785714
vt 0.321429 0.785714
vt 0.321429 0.821429
vt 0.321429 0.785714
vt 0.321429 0.785714
vt 0.321429 0.785714
vt 0.321429 0.785714
vt 0.321429 0.821429
vt 0.321429 0.785714
vt 0.321429 0.821429
vt 0.321429 0.857143
vt 0.321429 0.857143
vt 0.321429 0.857143
vt 0.321429 0.857143
vt 0.321429 0.892857
vt 0.321429 0.892857
vt 0.321429 0.892857
vt 0.321429 0.892857
vt 0.357143 0.892857
vt 0.357143 0.928571
vt 0.357143 0.892857
vt 0.357143 0.892857
vt 0.357143 0.928571
vt 0.357143 0.892857
vt 0.357143 0.928571
vt 0.357143 0.892857
vt 0.357143 0.892857
vt 0.357143 0.928571
vt 0.357143 0.964286
vt 0.357143 0.964286
vt 0.357143 0.964286
vt 0.357143 0.964286
vt 0.357143 0.964286
vt 0.357143 0.964286
vt 0.321429 0.964286
vt 0.321429 1.000000
vt 0.321429 1.000000
vt 0.321429 1.000000
vt 0.321429 0.964286
vt 0.321429 1.000000
vt 0.321429 1.000000
vt 0.321429 1.000000
vt 0.321429 1.000000
vt 0.321429 1.000000
vt 0.321429 1.000000
vt 0.321429 1.000000
vt 0.321429 1.000000
vt 0.321429 1.000000
vt 0.321429 1.000000
vt 0.321429 1.000000
vt 0.321429 1.000000
vt 0.321429 1.000000
vt 0.321429 1.000000
vt 0.321429 1.000000
vt 0.321429 1.000000
vt 0.321429 0.964286
vt 0.321429 1.000000
vt 0.321429 1.000000
vt 0.321429 0.964286
vt 0.321429 0.000000
vt 0.321429 0.000000
vt 0.321429 0.035714
vt 0.321429 0.000000
vt 0.321429 0.000000
vt 0.321429 0.000000
vt 0.321429 0.000000
vt 0.321429 0.000000
vt 0.321429 0.000000
vt 0.321429 0.000000
vt 0.321429 0.000000
vt 0.321429 0.000000
vt 0.321429 0.000000
vt 0.321429 0.000000
vt 0.321429 0.000000
vt 0.321429 0.000000
vt 0.321429 0.000000
vt 0.321429 0.000000
vt 0.321429 0.000000
vt 0.321429 0.000000
vt 0.321429 0.035714
vt 0.357143 0.035714
vt 0.357143 0.035714
vt 0.357143 0.071429
vt 0.357143 0.035714
vt 0.357143 0.035714
vt 0.357143 0.071429
vt 0.357143 0.107143
vt 0.357143 0.107143
vt 0.357143 0.107143
vt 0.357143 0.107143
vt 0.321429 0.142857
vt 0.321429 0.142857
vt 0.321429 0.107143
vt 0.321429 0.142857
vt 0.321429 0.142857
vt 0.321429 0.142857
vt 0.321429 0.142857
vt 0.321429 0.142857
vt 0.321429 0.142857
vt 0.321429 0.142857
vt 0.321429 0.142857
vt 0.321429 0.107143
vt 0.178571 0.142857
vt 0.178571 0.178571
vt 0.178571 0.178571
vt 0.178571 0.142857
vt 0.178571 0.142857
vt 0.178571 0.178571
vt 0.178571 0.142857
vt 0.178571 0.178571
vt 0.178571 0.214286
vt 0.178571 0.214286
vt 0.178571 0.214286
vt 0.178571 0.214286
vt 0.178571 0.214286
vt 0.178571 0.214286
vt 0.142857 0.214286
vt 0.142857 0.250000
vt 0.142857 0.250000
vt 0.142857 0.250000
vt 0.142857 0.214286
vt 0.142857 0.250000
vt 0.142857 0.250000
vt 0.142857 0.250000
vt 0.142857 0.250000
vt 0.142857 0.250000
vt 0.142857 0.214286
vt 0.142857 0.250000
vt 0.142857 0.250000
vt 0.142857 0.214286
vt 0.071429 0.250000
vt 0.071429 0.250000
vt 0.071429 0.285714
vt 0.071429 0.285714
vt 0.071429 0.285714
vt 0.071429 0.250000
vt 0.071429 0.250000
vt 0.071429 0.285714
vt 0.071429 0.250000
vt 0.071429 0.285714
vt 0.107143 0.285714
vt 0.107143 0.321429
vt 0.107143 0.285714
vt 0.107143 0.285714
vt 0.107143 0.321429
vt 0.107143 0.285714
vt 0.107143 0.285714
vt 0.107143 0.285714
vt 0.107143 0.285714
vt 0.107143 0.321429
vt 0.107143 0.285714
vt 0.107143 0.321429
vt 0.142857 0.321429
vt 0.142857 0.357143
vt 0.142857 0.357143
vt 0.142857 0.357143
vt 0.142857 0.321429
vt 0.142857 0.321429
vt 0.142857 0.321429
vt 0.142857 0.357143
vt 0.142857 0.357143
vt 0.142857 0.357143
vt 0.142857 0.321429
vt 0.142857 0.321429
vt 0.107143 0.357143
vt 0.107143 0.392857
vt 0.107143 0.392857
vt 0.107143 0.392857
vt 0.107143 0.357143
vt 0.107143 0.392857
vt 0.107143 0.392857
vt 0.107143 0.392857
vt 0.107143 0.357143
vt 0.107143 0.392857
vt 0.107143 0.392857
vt 0.107143 0.357143
vt 0.071429 0.392857
vt 0.071429 0.392857
vt 0.071429 0.428571
vt 0.071429 0.428571
vt 0.071429 0.428571
vt 0.071429 0.392857
vt 0.071429 0.392857
vt 0.071429 0.428571
vt 0.071429 0.392857
vt 0.071429 0.428571
vt 0.107143 0.428571
vt 0.107143 0.464286
vt 0.107143 0.428571
vt 0.107143 0.428571
vt 0.107143 0.464286
vt 0.107143 0.428571
vt 0.107143 0.428571
vt 0.107143 0.428571
vt 0.107143 0.428571
vt 0.107143 0.464286
vt 0.107143 0.428571
vt 0.107143 0.464286
vt 0.142857 0.464286
vt 0.142857 0.500000
vt 0.142857 0.500000
vt 0.142857 0.500000
vt 0.142857 0.464286
vt 0.142857 0.464286
vt 0.142857 0.464286
vt 0.142857 0.500000
vt 0.142857 0.500000
vt 0.142857 0.500000
vt 0.142857 0.464286
vt 0.142857 0.464286
vt 0.107143 0.500000
vt 0.107143 0.535714
vt 0.107143 0.535714
vt 0.107143 0.535714
vt 0.107143 0.500000
vt 0.107143 0.535714
vt 0.107143 0.535714
vt 0.107143 0.535714
vt 0.107143 0.500000
vt 0.107143 0.535714
vt 0.107143 0.535714
vt 0.107143 0.500000
vt 0.071429 0.535714
vt 0.071429 0.535714
vt 0.071429 0.571429
vt 0.071429 0.571429
vt 0.071429 0.571429
vt 0.071429 0.535714
vt 0.071429 0.535714
vt 0.071429 0.571429
vt 0.071429 0.535714
vt 0.071429 0.571429
vt 0.107143 0.571429
vt 0.107143 0.607143
vt 0.107143 0.571429
vt 0.107143 0.571429
vt 0.107143 0.607143
vt 0.107143 0.571429
vt 0.107143 0.571429
vt 0.107143 0.571429
vt 0.107143 0.571429
vt 0.107143 0.607143
vt 0.107143 0.571429
vt 0.107143 0.607143
vt 0.142857 0.607143
vt 0.142857 0.642857
vt 0.142857 0.642857
vt 0.142857 0.642857
vt 0.142857 0.607143
vt 0.142857 0.607143
vt 0.142857 0.607143
vt 0.142857 0.642857
vt 0.142857 0.642857
vt 0.142857 0.642857
vt 0.142857 0.607143
vt 0.142857 0.607143
vt 0.107143 0.642857
vt 0.107143 0.678571
vt 0.107143 0.678571
vt 0.107143 0.642857
vt 0.107143 0.642857
vt 0.107143 0.678571
vt 0.107143 0.642857
vt 0.107143 0.678571
vt 0.107143 0.714286
vt 0.107143 0.714286
vt 0.107143 0.714286
vt 0.107143 0.714286
vt 0.178571 0.714286
vt 0.178571 0.750000
vt 0.178571 0.714286
vt 0.178571 0.714286
vt 0.178571 0.750000
vt 0.178571 0.714286
vt 0.178571 0.714286
vt 0.178571 0.714286
vt 0.178571 0.714286
vt 0.178571 0.750000
vt 0.178571 0.714286
vt 0.178571 0.750000
vt 0.250000 0.750000
vt 0.250000 0.750000
vt 0.250000 0.785714
vt 0.250000 0.750000
vt 0.250000 0.750000
vt 0.250000 0.750000
vt 0.250000 0.750000
vt 0.250000 0.785714
vt 0.321429 0.785714
vt 0.321429 0.785714
vt 0.321429 0.821429
vt 0.321429 0.785714
vt 0.321429 0.785714
vt 0.321429 0.785714
vt 0.321429 0.785714
vt 0.321429 0.821429
vt 0.321429 0.857143
vt 0.321429 0.857143
vt 0.321429 0.892857
vt 0.321429 0.892857
vt 0.357143 0.892857
vt 0.357143 0.892857
vt 0.357143 0.928571
vt 0.357143 0.892857
vt 0.357143 0.892857
vt 0.357143 0.928571
vt 0.357143 0.964286
vt 0.357143 0.964286
vt 0.357143 0.964286
vt 0.357143 0.964286
vt 0.321429 1.000000
vt 0.321429 1.000000
vt 0.321429 0.964286
vt 0.321429 1.000000
vt 0.321429 1.000000
vt 0.321429 1.000000
vt 0.321429 1.000000
vt 0.321429 1.000000
vt 0.321429 1.000000
vt 0.321429 1.000000
vt 0.321429 1.000000
vt 0.321429 1.000000
vt 0.321429 1.000000
vt 0.321429 1.000000
vt 0.321429 1.000000
vt 0.321429 1.000000
vt 0.321429 1.000000
vt 0.321429 1.000000
vt 0.321429 1.000000
vt 0.321429 1.000000
vt 0.321429 0.964286
vt 0.321429 0.000000
vt 0.321429 0.000000
vt 0.321429 0.035714
vt 0.321429 0.000000
vt 0.321429 0.000000
vt 0.321429 0.000000
vt 0.321429 0.000000
vt 0.321429 0.000000
vt 0.321429 0.000000
vt 0.321429 0.000000
vt 0.321429 0.000000
vt 0.321429 0.000000
vt 0.321429 0.000000
vt 0.321429 0.000000
vt 0.321429 0.000000
vt 0.321429 0.000000
vt 0.321429 0.000000
vt 0.321429 0.000000
vt 0.321429 0.000000
vt 0.321429 0.000000
vt 0.321429 0.035714
vt 0.357143 0.035714
vt 0.357143 0.035714
vt 0.357143 0.071429
vt 0.357143 0.035714
vt 0.357143 0.035714
vt 0.357143 0.071429
vt 0.357143 0.107143
vt 0.357143 0.107143
vt 0.357143 0.107143
vt 0.357143 0.107143
vt 0.321429 0.142857
vt 0.321429 0.142857
vt 0.321429 0.107143
vt 0.321429 0.142857
vt 0.321429 0.142857
vt 0.321429 0.142857
vt 0.321429 0.142857
vt 0.321429 0.142857
vt 0.321429 0.142857
vt 0.321429 0.142857
vt 0.321429 0.142857
vt 0.321429 0.107143
vt 0.178571 0.178571
vt 0.178571 0.142857
vt 0.178571 0.142857
vt 0.178571 0.178571
vt 0.178571 0.214286
vt 0.178571 0.214286
vt 0.178571 0.214286
vt 0.178571 0.214286
vt 0.142857 0.250000
vt 0.142857 0.250000
vt 0.142857 0.214286
vt 0.142857 0.250000
vt 0.142857 0.250000
vt 0.142857 0.250000
vt 0.142857 0.250000
vt 0.142857 0.214286
vt 0.071429 0.250000
vt 0.071429 0.285714
vt 0.071429 0.285714
vt 0.071429 0.250000
vt 0.071429 0.250000
vt 0.071429 0.285714
vt 0.071429 0.250000
vt 0.071429 0.285714
vt 0.107143 0.285714
vt 0.107143 0.285714
vt 0.107143 0.321429
vt 0.107143 0.285714
vt 0.107143 0.285714
vt 0.107143 0.321429
vt 0.142857 0.357143
vt 0.142857 0.357143
vt 0.142857 0.321429
vt 0.142857 0.321429
vt 0.142857 0.357143
vt 0.142857 0.357143
vt 0.142857 0.321429
vt 0.142857 0.321429
vt 0.107143 0.392857
vt 0.107143 0.392857
vt 0.107143 0.357143
vt 0.107143 0.392857
vt 0.107143 0.392857
vt 0.107143 0.357143
vt 0.071429 0.392857
vt 0.071429 0.428571
vt 0.071429 0.428571
vt 0.071429 0.392857
vt 0.071429 0.392857
vt 0.071429 0.428571
vt 0.071429 0.392857
vt 0.071429 0.428571
vt 0.107143 0.428571
vt 0.107143 0.428571
vt 0.107143 0.464286
vt 0.107143 0.428571
vt 0.107143 0.428571
vt 0.107143 0.464286
vt 0.142857 0.500000
vt 0.142857 0.500000
vt 0.142857 0.464286
vt 0.142857 0.464286
vt 0.142857 0.500000
vt 0.142857 0.500000
vt 0.142857 0.464286
vt 0.142857 0.464286
vt 0.107143 0.535714
vt 0.107143 0.535714
vt 0.107143 0.500000
vt 0.107143 0.535714
vt 0.107143 0.535714
vt 0.107143 0.500000
vt 0.071429 0.535714
vt 0.071429 0.571429
vt 0.071429 0.571429
vt 0.071429 0.535714
vt 0.071429 0.535714
vt 0.071429 0.571429
vt 0.071429 0.535714
vt 0.071429 0.571429
vt 0.107143 0.571429
vt 0.107143 0.571429
vt 0.107143 0.607143
vt 0.107143 0.571429
vt 0.107143 0.571429
vt 0.107143 0.607143
vt 0.142857 0.642857
vt 0.142857 0.642857
vt 0.142857 0.607143
vt 0.142857 0.607143
vt 0.142857 0.642857
vt 0.142857 0.642857
vt 0.142857 0.607143
vt 0.142857 0.607143
vt 0.107143 0.678571
vt 0.107143 0.642857
vt 0.107143 0.642857
vt 0.107143 0.678571
vt 0.107143 0.714286
vt 0.107143 0.714286
vt 0.178571 0.714286
vt 0.178571 0.714286
vt 0.178571 0.750000
vt 0.178571 0.714286
vt 0.178571 0.714286
vt 0.178571 0.714286
vt 0.178571 0.714286
vt 0.178571 0.750000
vt 0.250000 0.750000
vt 0.250000 0.750000
vt 0.250000 0.785714
vt 0.250000 0.750000
vt 0.250000 0.750000
vt 0.250000 0.750000
vt 0.250000 0.750000
vt 0.250000 0.785714
vt 0.321429 0.785714
vt 0.321429 0.785714
vt 0.321429 0.821429
vt 0.321429 0.785714
vt 0.321429 0.785714
vt 0.321429 0.785714
vt 0.321429 0.785714
vt 0.321429 0.821429
vt 0.321429 0.857143
vt 0.321429 0.857143
vt 0.321429 0.892857
vt 0.321429 0.892857
vt 0.357143 0.892857
vt 0.357143 0.892857
vt 0.357143 0.928571
vt 0.357143 0.892857
vt 0.357143 0.892857
vt 0.357143 0.928571
vt 0.357143 0.964286
vt 0.357143 0.964286
vt 0.357143 0.964286
vt 0.357143 0.964286
vt 0.321429 1.000000
vt 0.321429 1.000000
vt 0.321429 0.964286
vt 0.321429 1.000000
vt 0.321429 1.000000
vt 0.321429 1.000000
vt 0.321429 1.000000
vt 0.321429 1.000000
vt 0.321429 1.000000
vt 0.321429 1.000000
vt 0.321429 1.000000
vt 0.321429 1.000000
vt 0.321429 1.000000
vt 0.321429 1.000000
vt 0.321429 1.000000
vt 0.321429 1.000000
vt 0.321429 1.000000
vt 0.321429 1.000000
vt 0.321429 1.000000
vt 0.321429 1.000000
vt 0.321429 0.964286
vt 0.321429 0.000000
vt 0.321429 0.000000
vt 0.321429 0.035714
vt 0.321429 0.000000
vt 0.321429 0.000000
vt 0.321429 0.000000
vt 0.321429 0.000000
vt 0.321429 0.000000
vt 0.321429 0.000000
vt 0.321429 0.000000
vt 0.321429 0.000000
vt 0.321429 0.000000
vt 0.321429 0.000000
vt 0.321429 0.000000
vt 0.321429 0.000000
vt 0.321429 0.000000
vt 0.321429 0.000000
vt 0.321429 0.000000
vt 0.321429 0.000000
vt 0.321429 0.000000
vt 0.321429 0.035714
vt 0.357143 0.035714
vt 0.357143 0.035714
vt 0.357143 0.071429
vt 0.357143 0.035714
vt 0.357143 0.035714
vt 0.357143 0.071429
vt 0.357143 0.107143
vt 0.357143 0.107143
vt 0.357143 0.107143
vt 0.357143 0.107143
vt 0.321429 0.142857
vt 0.321429 0.142857
vt 0.321429 0.107143
vt 0.321429 0.142857
vt 0.321429 0.142857
vt 0.321429 0.142857
vt 0.321429 0.142857
vt 0.321429 0.142857
vt 0.321429 0.142857
vt 0.321429 0.142857
vt 0.321429 0.142857
vt 0.321429 0.107143
vt 0.178571 0.178571
vt 0.178571 0.142857
vt 0.178571 0.142857
vt 0.178571 0.178571
vt 0.178571 0.214286
vt 0.178571 0.214286
vt 0.178571 0.214286
vt 0.178571 0.214286
vt 0.142857 0.250000
vt 0.142857 0.250000
vt 0.142857 0.214286
vt 0.142857 0.250000
vt 0.142857 0.250000
vt 0.142857 0.250000
vt 0.142857 0.250000
vt 0.142857 0.214286
vt 0.071429 0.250000
vt 0.071429 0.285714
vt 0.071429 0.285714
vt 0.071429 0.250000
vt 0.071429 0.250000
vt 0.071429 0.285714
vt 0.071429 0.285714
vt 0.071429 0.250000
vt 0.107143 0.285714
vt 0.107143 0.285714
vt 0.107143 0.321429
vt 0.107143 0.285714
vt 0.107143 0.285714
vt 0.107143 0.321429
vt 0.142857 0.357143
vt 0.142857 0.357143
vt 0.142857 0.321429
vt 0.142857 0.321429
vt 0.142857 0.357143
vt 0.142857 0.357143
vt 0.142857 0.321429
vt 0.142857 0.321429
vt 0.107143 0.392857
vt 0.107143 0.392857
vt 0.107143 0.357143
vt 0.107143 0.392857
vt 0.107143 0.392857
vt 0.107143 0.357143
vt 0.071429 0.392857
vt 0.071429 0.428571
vt 0.071429 0.428571
vt 0.071429 0.392857
vt 0.071429 0.392857
vt 0.071429 0.428571
vt 0.071429 0.428571
vt 0.071429 0.392857
vt 0.107143 0.428571
vt 0.107143 0.428571
vt 0.107143 0.464286
vt 0.107143 0.428571
vt 0.107143 0.428571
vt 0.107143 0.464286
vt 0.142857 0.500000
vt 0.142857 0.500000
vt 0.142857 0.464286
vt 0.142857 0.464286
vt 0.142857 0.500000
vt 0.142857 0.500000
vt 0.142857 0.464286
vt 0.142857 0.464286
vt 0.107143 0.535714
vt 0.107143 0.535714
vt 0.107143 0.500000
vt 0.107143 0.535714
vt 0.107143 0.535714
vt 0.107143 0.500000
vt 0.071429 0.535714
vt 0.071429 0.571429
vt 0.071429 0.571429
vt 0.071429 0.535714
vt 0.071429 0.535714
vt 0.071429 0.571429
vt 0.071429 0.571429
vt 0.071429 0.535714
vt 0.107143 0.571429
vt 0.107143 0.571429
vt 0.107143 0.607143
vt 0.107143 0.571429
vt 0.107143 0.571429
vt 0.107143 0.607143
vt 0.142857 0.642857
vt 0.142857 0.642857
vt 0.142857 0.607143
vt 0.142857 0.607143
vt 0.142857 0.642857
vt 0.142857 0.642857
vt 0.142857 0.607143
vt 0.142857 0.607143
vt 0.107143 0.678571
vt 0.107143 0.642857
vt 0.107143 0.642857
vt 0.107143 0.678571
vt 0.107143 0.714286
vt 0.107143 0.714286
vt 0.178571 0.714286
vt 0.178571 0.714286
vt 0.178571 0.750000
vt 0.178571 0.714286
vt 0.178571 0.714286
vt 0.178571 0.714286
vt 0.178571 0.714286
vt 0.178571 0.750000
vt 0.250000 0.750000
vt 0.250000 0.750000
vt 0.250000 0.785714
vt 0.250000 0.750000
vt 0.250000 0.750000
vt 0.250000 0.750000
vt 0.250000 0.750000
vt 0.250000 0.785714
vt 0.321429 0.785714
vt 0.321429 0.785714
vt 0.321429 0.821429
vt 0.321429 0.785714
vt 0.321429 0.785714
vt 0.321429 0.785714
vt 0.321429 0.785714
vt 0.321429 0.821429
vt 0.321429 0.857143
vt 0.321429 0.857143
vt 0.321429 0.892857
vt 0.321429 0.892857
vt 0.357143 0.892857
vt 0.357143 0.892857
vt 0.357143 0.928571
vt 0.357143 0.892857
vt 0.357143 0.892857
vt 0.357143 0.928571
vt 0.357143 0.964286
vt 0.357143 0.964286
vt 0.357143 0.964286
vt 0.357143 0.964286
vt 0.321429 1.000000
vt 0.321429 1.000000
vt 0.321429 0.964286
vt 0.321429 1.000000
vt 0.321429 1.000000
vt 0.321429 1.000000
vt 0.321429 1.000000
vt 0.321429 1.000000
vt 0.321429 1.000000
vt 0.321429 1.000000
vt 0.321429 1.000000
vt 0.321429 1.000000
vt 0.321429 1.000000
vt 0.321429 1.000000
vt 0.321429 1.000000
vt 0.321429 1.000000
vt 0.321429 1.000000
vt 0.321429 1.000000
vt 0.321429 1.000000
vt 0.321429 1.000000
vt 0.321429 0.964286
vt 0.321429 0.000000
vt 0.321429 0.000000
vt 0.321429 0.035714
vt 0.321429 0.000000
vt 0.321429 0.000000
vt 0.321429 0.000000
vt 0.321429 0.000000
vt 0.321429 0.000000
vt 0.321429 0.000000
vt 0.321429 0.000000
vt 0.321429 0.000000
vt 0.321429 0.000000
vt 0.321429 0.000000
vt 0.321429 0.000000
vt 0.321429 0.000000
vt 0.321429 0.000000
vt 0.321429 0.000000
vt 0.321429 0.000000
vt 0.321429 0.000000
vt 0.321429 0.000000
vt 0.321429 0.035714
vt 0.357143 0.035714
vt 0.357143 0.035714
vt 0.357143 0.071429
vt 0.357143 0.035714
vt 0.357143 0.035714
vt 0.357143 0.071429
vt 0.357143 0.107143
vt 0.357143 0.107143
vt 0.357143 0.107143
vt 0.357143 0.107143
vt 0.321429 0.142857
vt 0.321429 0.142857
vt 0.321429 0.107143
vt 0.321429 0.142857
vt 0.321429 0.142857
vt 0.321429 0.142857
vt 0.321429 0.142857
vt 0.321429 0.142857
vt 0.321429 0.142857
vt 0.321429 0.142857
vt 0.321429 0.142857
vt 0.321429 0.107143
vt 0.178571 0.142857
vt 0.178571 0.178571
vt 0.178571 0.178571
vt 0.178571 0.142857
vt 0.178571 0.142857
vt 0.178571 0.178571
vt 0.178571 0.178571
vt 0.178571 0.142857
vt 0.178571 0.214286
vt 0.178571 0.214286
vt 0.178571 0.214286
vt 0.178571 0.214286
vt 0.142857 0.214286
vt 0.142857 0.250000
vt 0.142857 0.250000
vt 0.142857 0.214286
vt 0.142857 0.250000
vt 0.142857 0.250000
vt 0.142857 0.250000
vt 0.142857 0.250000
vt 0.142857 0.250000
vt 0.142857 0.250000
vt 0.142857 0.250000
vt 0.142857 0.214286
vt 0.142857 0.250000
vt 0.142857 0.214286
vt 0.071429 0.250000
vt 0.071429 0.285714
vt 0.071429 0.285714
vt 0.071429 0.250000
vt 0.071429 0.285714
vt 0.071429 0.250000
vt 0.107143 0.285714
vt 0.107143 0.321429
vt 0.107143 0.321429
vt 0.107143 0.285714
vt 0.107143 0.285714
vt 0.107143 0.285714
vt 0.107143 0.285714
vt 0.107143 0.285714
vt 0.107143 0.285714
vt 0.107143 0.321429
vt 0.107143 0.321429
vt 0.107143 0.285714
vt 0.142857 0.321429
vt 0.142857 0.357143
vt 0.142857 0.357143
vt 0.142857 0.321429
vt 0.142857 0.321429
vt 0.142857 0.357143
vt 0.142857 0.357143
vt 0.142857 0.321429
vt 0.107143 0.357143
vt 0.107143 0.392857
vt 0.107143 0.392857
vt 0.107143 0.357143
vt 0.107143 0.392857
vt 0.107143 0.392857
vt 0.107143 0.392857
vt 0.107143 0.392857
vt 0.107143 0.392857
vt 0.107143 0.357143
vt 0.107143 0.392857
vt 0.107143 0.357143
vt 0.071429 0.392857
vt 0.071429 0.428571
vt 0.071429 0.428571
vt 0.071429 0.392857
vt 0.071429 0.428571
vt 0.071429 0.392857
vt 0.107143 0.428571
vt 0.107143 0.464286
vt 0.107143 0.464286
vt 0.107143 0.428571
vt 0.107143 0.428571
vt 0.107143 0.428571
vt 0.107143 0.428571
vt 0.107143 0.428571
vt 0.107143 0.428571
vt 0.107143 0.464286
vt 0.107143 0.464286
vt 0.107143 0.428571
vt 0.142857 0.464286
vt 0.142857 0.500000
vt 0.142857 0.500000
vt 0.142857 0.464286
vt 0.142857 0.464286
vt 0.142857 0.500000
vt 0.142857 0.500000
vt 0.142857 0.464286
vt 0.107143 0.500000
vt 0.107143 0.535714
vt 0.107143 0.535714
vt 0.107143 0.500000
vt 0.107143 0.535714
vt 0.107143 0.535714
vt 0.107143 0.535714
vt 0.107143 0.535714
vt 0.107143 0.535714
vt 0.107143 0.500000
vt 0.107143 0.535714
vt 0.107143 0.500000
vt 0.071429 0.535714
vt 0.071429 0.571429
vt 0.071429 0.571429
vt 0.071429 0.535714
vt 0.071429 0.571429
vt 0.071429 0.535714
vt 0.107143 0.571429
vt 0.107143 0.607143
vt 0.107143 0.607143
vt 0.107143 0.571429
vt 0.107143 0.571429
vt 0.107143 0.571429
vt 0.107143 0.571429
vt 0.107143 0.571429
vt 0.107143 0.571429
vt 0.107143 0.607143
vt 0.107143 0.607143
vt 0.107143 0.571429
vt 0.142857 0.607143
vt 0.142857 0.642857
vt 0.142857 0.642857
vt 0.142857 0.607143
vt 0.142857 0.607143
vt 0.142857 0.642857
vt 0.142857 0.642857
vt 0.142857 0.607143
vt 0.107143 0.642857
vt 0.107143 0.678571
vt 0.107143 0.678571
vt 0.107143 0.642857
vt 0.107143 0.642857
vt 0.107143 0.678571
vt 0.107143 0.678571
vt 0.107143 0.642857
vt 0.107143 0.714286
vt 0.107143 0.714286
vt 0.107143 0.714286
vt 0.107143 0.714286
vt 0.178571 0.714286
vt 0.178571 0.750000
vt 0.178571 0.750000
vt 0.178571 0.714286
vt 0.178571 0.714286
vt 0.178571 0.714286
vt 0.178571 0.714286
vt 0.178571 0.750000
vt 0.178571 0.750000
vt 0.178571 0.714286
vt 0.250000 0.750000
vt 0.250000 0.750000
vt 0.250000 0.785714
vt 0.250000 0.750000
vt 0.250000 0.750000
vt 0.250000 0.750000
vt 0.250000 0.750000
vt 0.250000 0.785714
vt 0.321429 0.785714
vt 0.321429 0.785714
vt 0.321429 0.821429
vt 0.321429 0.785714
vt 0.321429 0.785714
vt 0.321429 0.785714
vt 0.321429 0.785714
vt 0.321429 0.821429
vt 0.321429 0.857143
vt 0.321429 0.857143
vt 0.321429 0.892857
vt 0.321429 0.892857
vt 0.357143 0.892857
vt 0.357143 0.892857
vt 0.357143 0.928571
vt 0.357143 0.892857
vt 0.357143 0.892857
vt 0.357143 0.928571
vt 0.357143 0.964286
vt 0.357143 0.964286
vt 0.357143 0.964286
vt 0.357143 0.964286
vt 0.321429 1.000000
vt 0.321429 1.000000
vt 0.321429 0.964286
vt 0.321429 1.000000
vt 0.321429 1.000000
vt 0.321429 1.000000
vt 0.321429 1.000000
vt 0.321429 1.000000
vt 0.321429 1.000000
vt 0.321429 1.000000
vt 0.321429 1.000000
vt 0.321429 1.000000
vt 0.321429 1.000000
vt 0.321429 1.000000
vt 0.321429 1.000000
vt 0.321429 1.000000
vt 0.321429 1.000000
vt 0.321429 1.000000
vt 0.321429 1.000000
vt 0.321429 1.000000
vt 0.321429 0.964286
vt 0.321429 0.000000
vt 0.321429 0.035714
vt 0.321429 0.035714
vt 0.321429 0.000000
vt 0.321429 0.000000
vt 0.321429 0.000000
vt 0.321429 0.000000
vt 0.321429 0.000000
vt 0.321429 0.000000
vt 0.321429 0.000000
vt 0.321429 0.000000
vt 0.321429 0.000000
vt 0.321429 0.000000
vt 0.321429 0.000000
vt 0.321429 0.000000
vt 0.321429 0.000000
vt 0.321429 0.000000
vt 0.321429 0.000000
vt 0.321429 0.000000
vt 0.321429 0.000000
vt 0.321429 0.035714
vt 0.321429 0.035714
vt 0.321429 0.000000
vt 0.357143 0.035714
vt 0.357143 0.071429
vt 0.357143 0.071429
vt 0.357143 0.035714
vt 0.357143 0.035714
vt 0.357143 0.071429
vt 0.357143 0.071429
vt 0.357143 0.035714
vt 0.357143 0.107143
vt 0.357143 0.107143
vt 0.357143 0.107143
vt 0.357143 0.107143
vt 0.321429 0.107143
vt 0.321429 0.142857
vt 0.321429 0.142857
vt 0.321429 0.107143
vt 0.321429 0.142857
vt 0.321429 0.142857
vt 0.321429 0.142857
vt 0.321429 0.142857
vt 0.321429 0.142857
vt 0.321429 0.142857
vt 0.321429 0.142857
vt 0.321429 0.142857
vt 0.321429 0.142857
vt 0.321429 0.142857
vt 0.321429 0.142857
vt 0.321429 0.107143
vt 0.321429 0.142857
vt 0.321429 0.107143
vt 0.178571 0.178571
vt 0.178571 0.142857
vt 0.178571 0.142857
vt 0.178571 0.178571
vt 0.178571 0.214286
vt 0.178571 0.214286
vt 0.178571 0.214286
vt 0.178571 0.214286
vt 0.178571 0.214286
vt 0.178571 0.214286
vt 0.142857 0.214286
vt 0.142857 0.250000
vt 0.142857 0.250000
vt 0.142857 0.214286
vt 0.142857 0.250000
vt 0.142857 0.250000
vt 0.142857 0.250000
vt 0.142857 0.250000
vt 0.142857 0.250000
vt 0.142857 0.214286
vt 0.142857 0.250000
vt 0.142857 0.214286
vt 0.107143 0.285714
vt 0.107143 0.321429
vt 0.107143 0.321429
vt 0.107143 0.285714
vt 0.107143 0.321429
vt 0.107143 0.285714
vt 0.107143 0.285714
vt 0.107143 0.321429
vt 0.107143 0.285714
vt 0.107143 0.321429
vt 0.107143 0.285714
vt 0.142857 0.321429
vt 0.142857 0.357143
vt 0.142857 0.357143
vt 0.142857 0.321429
vt 0.142857 0.357143
vt 0.142857 0.321429
vt 0.142857 0.321429
vt 0.142857 0.357143
vt 0.142857 0.357143
vt 0.142857 0.321429
vt 0.142857 0.357143
vt 0.142857 0.321429
vt 0.107143 0.357143
vt 0.107143 0.392857
vt 0.107143 0.392857
vt 0.107143 0.357143
vt 0.107143 0.392857
vt 0.107143 0.357143
vt 0.107143 0.392857
vt 0.107143 0.392857
vt 0.107143 0.357143
vt 0.107143 0.392857
vt 0.107143 0.357143
vt 0.107143 0.428571
vt 0.107143 0.464286
vt 0.107143 0.464286
vt 0.107143 0.428571
vt 0.107143 0.464286
vt 0.107143 0.428571
vt 0.107143 0.428571
vt 0.107143 0.464286
vt 0.107143 0.428571
vt 0.107143 0.464286
vt 0.107143 0.428571
vt 0.142857 0.464286
vt 0.142857 0.500000
vt 0.142857 0.500000
vt 0.142857 0.464286
vt 0.142857 0.500000
vt 0.142857 0.464286
vt 0.142857 0.464286
vt 0.142857 0.500000
vt 0.142857 0.500000
vt 0.142857 0.464286
vt 0.142857 0.500000
vt 0.142857 0.464286
vt 0.107143 0.500000
vt 0.107143 0.535714
vt 0.107143 0.535714
vt 0.107143 0.500000
vt 0.107143 0.535714
vt 0.107143 0.500000
vt 0.107143 0.535714
vt 0.107143 0.535714
vt 0.107143 0.500000
vt 0.107143 0.535714
vt 0.107143 0.500000
vt 0.107143 0.571429
vt 0.107143 0.607143
vt 0.107143 0.607143
vt 0.107143 0.571429
vt 0.107143 0.607143
vt 0.107143 0.571429
vt 0.107143 0.571429
vt 0.107143 0.607143
vt 0.107143 0.571429
vt 0.107143 0.607143
vt 0.107143 0.571429
vt 0.142857 0.607143
vt 0.142857 0.642857
vt 0.142857 0.642857
vt 0.142857 0.607143
vt 0.142857 0.642857
vt 0.142857 0.607143
vt 0.142857 0.607143
vt 0.142857 0.642857
vt 0.142857 0.642857
vt 0.142857 0.607143
vt 0.142857 0.642857
vt 0.142857 0.607143
vt 0.107143 0.642857
vt 0.107143 0.678571
vt 0.107143 0.678571
vt 0.107143 0.642857
vt 0.107143 0.678571
vt 0.107143 0.642857
vt 0.107143 0.678571
vt 0.107143 0.642857
vt 0.107143 0.678571
vt 0.107143 0.642857
vt 0.107143 0.714286
vt 0.107143 0.714286
vt 0.107143 0.714286
vt 0.107143 0.714286
vt 0.107143 0.714286
vt 0.178571 0.714286
vt 0.178571 0.714286
vt 0.178571 0.750000
vt 0.178571 0.714286
vt 0.178571 0.714286
vt 0.178571 0.714286
vt 0.178571 0.714286
vt 0.178571 0.714286
vt 0.178571 0.714286
vt 0.178571 0.750000
vt 0.250000 0.750000
vt 0.250000 0.785714
vt 0.250000 0.785714
vt 0.250000 0.750000
vt 0.250000 0.750000
vt 0.250000 0.750000
vt 0.250000 0.750000
vt 0.250000 0.750000
vt 0.250000 0.750000
vt 0.250000 0.750000
vt 0.250000 0.750000
vt 0.250000 0.785714
vt 0.250000 0.785714
vt 0.250000 0.750000
vt 0.321429 0.785714
vt 0.321429 0.821429
vt 0.321429 0.821429
vt 0.321429 0.785714
vt 0.321429 0.785714
vt 0.321429 0.785714
vt 0.321429 0.785714
vt 0.321429 0.821429
vt 0.321429 0.821429
vt 0.321429 0.785714
vt 0.321429 0.857143
vt 0.321429 0.857143
vt 0.321429 0.857143
vt 0.321429 0.857143
vt 0.321429 0.892857
vt 0.321429 0.892857
vt 0.321429 0.892857
vt 0.321429 0.892857
vt 0.357143 0.892857
vt 0.357143 0.928571
vt 0.357143 0.928571
vt 0.357143 0.892857
vt 0.357143 0.892857
vt 0.357143 0.928571
vt 0.357143 0.928571
vt 0.357143 0.892857
vt 0.357143 0.964286
vt 0.357143 0.964286
vt 0.357143 0.964286
vt 0.357143 0.964286
vt 0.321429 0.964286
vt 0.321429 1.000000
vt 0.321429 1.000000
vt 0.321429 0.964286
vt 0.321429 1.000000
vt 0.321429 1.000000
vt 0.321429 1.000000
vt 0.321429 1.000000
vt 0.321429 1.000000
vt 0.321429 1.000000
vt 0.321429 1.000000
vt 0.321429 1.000000
vt 0.321429 1.000000
vt 0.321429 1.000000
vt 0.321429 1.000000
vt 0.321429 1.000000
vt 0.321429 1.000000
vt 0.321429 1.000000
vt 0.321429 1.000000
vt 0.321429 1.000000
vt 0.321429 0.964286
vt 0.321429 1.000000
vt 0.321429 0.964286
vt 0.321429 0.000000
vt 0.321429 0.000000
vt 0.321429 0.035714
vt 0.321429 0.000000
vt 0.321429 0.000000
vt 0.321429 0.000000
vt 0.321429 0.000000
vt 0.321429 0.000000
vt 0.321429 0.000000
vt 0.321429 0.000000
vt 0.321429 0.000000
vt 0.321429 0.000000
vt 0.321429 0.000000
vt 0.321429 0.000000
vt 0.321429 0.000000
vt 0.321429 0.000000
vt 0.321429 0.000000
vt 0.321429 0.000000
vt 0.321429 0.035714
vt 0.357143 0.035714
vt 0.357143 0.035714
vt 0.357143 0.035714
vt 0.357143 0.071429
vt 0.357143 0.035714
vt 0.357143 0.035714
vt 0.357143 0.035714
vt 0.357143 0.071429
vt 0.357143 0.107143
vt 0.357143 0.107143
vt 0.357143 0.107143
vt 0.357143 0.107143
vt 0.357143 0.107143
vt 0.357143 0.107143
vt 0.321429 0.142857
vt 0.321429 0.142857
vt 0.321429 0.107143
vt 0.321429 0.142857
vt 0.321429 0.142857
vt 0.321429 0.142857
vt 0.321429 0.142857
vt 0.321429 0.142857
vt 0.321429 0.142857
vt 0.321429 0.142857
vt 0.321429 0.142857
vt 0.321429 0.107143
vt 0.178571 0.142857
vt 0.178571 0.178571
vt 0.178571 0.178571
vt 0.178571 0.142857
vt 0.178571 0.178571
vt 0.178571 0.142857
vt 0.178571 0.142857
vt 0.178571 0.178571
vt 0.178571 0.178571
vt 0.178571 0.142857
vt 0.178571 0.178571
vt 0.178571 0.142857
vt 0.178571 0.214286
vt 0.178571 0.214286
vt 0.178571 0.214286
vt 0.178571 0.214286
vt 0.178571 0.214286
vt 0.178571 0.214286
vt 0.178571 0.214286
vt 0.178571 0.214286
vt 0.142857 0.214286
vt 0.142857 0.250000
vt 0.142857 0.250000
vt 0.142857 0.214286
vt 0.142857 0.250000
vt 0.142857 0.214286
vt 0.142857 0.250000
vt 0.142857 0.214286
vt 0.142857 0.250000
vt 0.142857 0.214286
vt 0.142857 0.321429
vt 0.142857 0.357143
vt 0.142857 0.357143
vt 0.142857 0.321429
vt 0.142857 0.357143
vt 0.142857 0.321429
vt 0.142857 0.357143
vt 0.142857 0.321429
vt 0.142857 0.357143
vt 0.142857 0.321429
vt 0.142857 0.357143
vt 0.142857 0.321429
vt 0.142857 0.357143
vt 0.142857 0.321429
vt 0.142857 0.357143
vt 0.142857 0.321429
vt 0.142857 0.464286
vt 0.142857 0.500000
vt 0.142857 0.500000
vt 0.142857 0.464286
vt 0.142857 0.500000
vt 0.142857 0.464286
vt 0.142857 0.500000
vt 0.142857 0.464286
vt 0.142857 0.500000
vt 0.142857 0.464286
vt 0.142857 0.500000
vt 0.142857 0.464286
vt 0.142857 0.500000
vt 0.142857 0.464286
vt 0.142857 0.500000
vt 0.142857 0.464286
vt 0.142857 0.607143
vt 0.142857 0.642857
vt 0.142857 0.642857
vt 0.142857 0.607143
vt 0.142857 0.642857
vt 0.142857 0.607143
vt 0.142857 0.642857
vt 0.142857 0.607143
vt 0.142857 0.642857
vt 0.142857 0.607143
vt 0.142857 0.642857
vt 0.142857 0.607143
vt 0.142857 0.642857
vt 0.142857 0.607143
vt 0.142857 0.642857
vt 0.142857 0.607143
vt 0.178571 0.714286
vt 0.178571 0.750000
vt 0.178571 0.750000
vt 0.178571 0.714286
vt 0.178571 0.750000
vt 0.178571 0.714286
vt 0.178571 0.714286
vt 0.178571 0.714286
vt 0.178571 0.714286
vt 0.178571 0.714286
vt 0.178571 0.714286
vt 0.178571 0.714286
vt 0.178571 0.714286
vt 0.178571 0.750000
vt 0.178571 0.750000
vt 0.178571 0.714286
vt 0.178571 0.750000
vt 0.178571 0.714286
vt 0.250000 0.750000
vt 0.250000 0.785714
vt 0.250000 0.785714
vt 0.250000 0.750000
vt 0.250000 0.750000
vt 0.250000 0.750000
vt 0.250000 0.750000
vt 0.250000 0.785714
vt 0.250000 0.785714
vt 0.250000 0.750000
vt 0.321429 0.785714
vt 0.321429 0.785714
vt 0.321429 0.821429
vt 0.321429 0.785714
vt 0.321429 0.785714
vt 0.321429 0.785714
vt 0.321429 0.785714
vt 0.321429 0.785714
vt 0.321429 0.785714
vt 0.321429 0.821429
vt 0.321429 0.857143
vt 0.321429 0.857143
vt 0.321429 0.892857
vt 0.321429 0.892857
vt 0.357143 0.892857
vt 0.357143 0.892857
vt 0.357143 0.892857
vt 0.357143 0.928571
vt 0.357143 0.892857
vt 0.357143 0.892857
vt 0.357143 0.892857
vt 0.357143 0.928571
vt 0.357143 0.964286
vt 0.357143 0.964286
vt 0.357143 0.964286
vt 0.357143 0.964286
vt 0.357143 0.964286
vt 0.357143 0.964286
vt 0.321429 1.000000
vt 0.321429 1.000000
vt 0.321429 0.964286
vt 0.321429 1.000000
vt 0.321429 1.000000
vt 0.321429 1.000000
vt 0.321429 1.000000
vt 0.321429 1.000000
vt 0.321429 1.000000
vt 0.321429 1.000000
vt 0.321429 1.000000
vt 0.321429 1.000000
vt 0.321429 1.000000
vt 0.321429 1.000000
vt 0.321429 1.000000
vt 0.321429 1.000000
vt 0.321429 1.000000
vt 0.321429 1.000000
vt 0.321429 0.964286
vt 0.321429 0.000000
vt 0.321429 0.035714
vt 0.321429 0.035714
vt 0.321429 0.000000
vt 0.321429 0.000000
vt 0.321429 0.000000
vt 0.321429 0.000000
vt 0.321429 0.000000
vt 0.321429 0.000000
vt 0.321429 0.000000
vt 0.321429 0.000000
vt 0.321429 0.000000
vt 0.321429 0.000000
vt 0.321429 0.000000
vt 0.321429 0.000000
vt 0.321429 0.000000
vt 0.321429 0.000000
vt 0.321429 0.000000
vt 0.321429 0.035714
vt 0.321429 0.035714
vt 0.321429 0.000000
vt 0.357143 0.035714
vt 0.357143 0.071429
vt 0.357143 0.071429
vt 0.357143 0.035714
vt 0.357143 0.035714
vt 0.357143 0.071429
vt 0.357143 0.071429
vt 0.357143 0.035714
vt 0.357143 0.107143
vt 0.357143 0.107143
vt 0.357143 0.107143
vt 0.357143 0.107143
vt 0.321429 0.107143
vt 0.321429 0.142857
vt 0.321429 0.142857
vt 0.321429 0.107143
vt 0.321429 0.142857
vt 0.321429 0.142857
vt 0.321429 0.142857
vt 0.321429 0.142857
vt 0.321429 0.142857
vt 0.321429 0.142857
vt 0.321429 0.142857
vt 0.321429 0.142857
vt 0.321429 0.142857
vt 0.321429 0.142857
vt 0.321429 0.142857
vt 0.321429 0.142857
vt 0.321429 0.142857
vt 0.321429 0.142857
vt 0.321429 0.142857
vt 0.321429 0.107143
vt 0.321429 0.142857
vt 0.321429 0.107143
vt 0.178571 0.142857
vt 0.178571 0.178571
vt 0.178571 0.178571
vt 0.178571 0.142857
vt 0.178571 0.178571
vt 0.178571 0.142857
vt 0.178571 0.178571
vt 0.178571 0.142857
vt 0.178571 0.178571
vt 0.178571 0.142857
vt 0.178571 0.214286
vt 0.178571 0.214286
vt 0.178571 0.214286
vt 0.178571 0.214286
vt 0.178571 0.214286
vt 0.178571 0.214286
vt 0.178571 0.214286
vt 0.178571 0.214286
vt 0.178571 0.714286
vt 0.178571 0.750000
vt 0.178571 0.750000
vt 0.178571 0.714286
vt 0.178571 0.750000
vt 0.178571 0.714286
vt 0.178571 0.750000
vt 0.178571 0.714286
vt 0.178571 0.750000
vt 0.178571 0.714286
vt 0.250000 0.750000
vt 0.250000 0.785714
vt 0.250000 0.785714
vt 0.250000 0.750000
vt 0.250000 0.750000
vt 0.250000 0.750000
vt 0.250000 0.750000
vt 0.250000 0.750000
vt 0.250000 0.750000
vt 0.250000 0.750000
vt 0.250000 0.750000
vt 0.250000 0.750000
vt 0.250000 0.750000
vt 0.250000 0.785714
vt 0.250000 0.785714
vt 0.250000 0.750000
vt 0.321429 0.785714
vt 0.321429 0.821429
vt 0.321429 0.821429
vt 0.321429 0.785714
vt 0.321429 0.785714
vt 0.321429 0.785714
vt 0.321429 0.785714
vt 0.321429 0.785714
vt 0.321429 0.785714
vt 0.321429 0.785714
vt 0.321429 0.785714
vt 0.321429 0.821429
vt 0.321429 0.821429
vt 0.321429 0.785714
vt 0.321429 0.857143
vt 0.321429 0.857143
vt 0.321429 0.857143
vt 0.321429 0.857143
vt 0.321429 0.892857
vt 0.321429 0.892857
vt 0.321429 0.892857
vt 0.321429 0.892857
vt 0.357143 0.892857
vt 0.357143 0.928571
vt 0.357143 0.928571
vt 0.357143 0.892857
vt 0.357143 0.892857
vt 0.357143 0.928571
vt 0.357143 0.928571
vt 0.357143 0.892857
vt 0.357143 0.964286
vt 0.357143 0.964286
vt 0.357143 0.964286
vt 0.357143 0.964286
vt 0.321429 0.964286
vt 0.321429 1.000000
vt 0.321429 1.000000
vt 0.321429 0.964286
vt 0.321429 1.000000
vt 0.321429 1.000000
vt 0.321429 1.000000
vt 0.321429 1.000000
vt 0.321429 1.000000
vt 0.321429 1.000000
vt 0.321429 1.000000
vt 0.321429 1.000000
vt 0.321429 1.000000
vt 0.321429 1.000000
vt 0.321429 1.000000
vt 0.321429 1.000000
vt 0.321429 1.000000
vt 0.321429 1.000000
vt 0.321429 0.964286
vt 0.321429 1.000000
vt 0.321429 0.964286
vt 0.321429 0.000000
vt 0.321429 0.035714
vt 0.321429 0.035714
vt 0.321429 0.000000
vt 0.321429 0.000000
vt 0.321429 0.000000
vt 0.321429 0.000000
vt 0.321429 0.000000
vt 0.321429 0.000000
vt 0.321429 0.000000
vt 0.321429 0.000000
vt 0.321429 0.000000
vt 0.321429 0.000000
vt 0.321429 0.000000
vt 0.321429 0.000000
vt 0.321429 0.000000
vt 0.321429 0.035714
vt 0.321429 0.035714
vt 0.321429 0.000000
vt 0.357143 0.035714
vt 0.357143 0.035714
vt 0.357143 0.035714
vt 0.357143 0.071429
vt 0.357143 0.035714
vt 0.357143 0.035714
vt 0.357143 0.035714
vt 0.357143 0.071429
vt 0.357143 0.107143
vt 0.357143 0.107143
vt 0.357143 0.107143
vt 0.357143 0.107143
vt 0.357143 0.107143
vt 0.357143 0.107143
vt 0.321429 0.107143
vt 0.321429 0.142857
vt 0.321429 0.142857
vt 0.321429 0.107143
vt 0.321429 0.142857
vt 0.321429 0.142857
vt 0.321429 0.142857
vt 0.321429 0.142857
vt 0.321429 0.142857
vt 0.321429 0.142857
vt 0.321429 0.142857
vt 0.321429 0.142857
vt 0.321429 0.142857
vt 0.321429 0.142857
vt 0.321429 0.142857
vt 0.321429 0.142857
vt 0.321429 0.142857
vt 0.321429 0.142857
vt 0.321429 0.142857
vt 0.321429 0.107143
vt 0.321429 0.142857
vt 0.321429 0.107143
vt 0.250000 0.750000
vt 0.250000 0.785714
vt 0.250000 0.785714
vt 0.250000 0.750000
vt 0.250000 0.750000
vt 0.250000 0.750000
vt 0.250000 0.750000
vt 0.250000 0.750000
vt 0.250000 0.750000
vt 0.250000 0.750000
vt 0.250000 0.750000
vt 0.250000 0.750000
vt 0.250000 0.750000
vt 0.250000 0.785714
vt 0.250000 0.785714
vt 0.250000 0.750000
vt 0.321429 0.785714
vt 0.321429 0.821429
vt 0.321429 0.821429
vt 0.321429 0.785714
vt 0.321429 0.785714
vt 0.321429 0.785714
vt 0.321429 0.785714
vt 0.321429 0.785714
vt 0.321429 0.785714
vt 0.321429 0.785714
vt 0.321429 0.785714
vt 0.321429 0.821429
vt 0.321429 0.821429
vt 0.321429 0.785714
vt 0.321429 0.857143
vt 0.321429 0.857143
vt 0.321429 0.857143
vt 0.321429 0.857143
vt 0.321429 0.892857
vt 0.321429 0.892857
vt 0.321429 0.892857
vt 0.321429 0.892857
vt 0.357143 0.892857
vt 0.357143 0.892857
vt 0.357143 0.892857
vt 0.357143 0.928571
vt 0.357143 0.892857
vt 0.357143 0.892857
vt 0.357143 0.892857
vt 0.357143 0.928571
vt 0.357143 0.964286
vt 0.357143 0.964286
vt 0.357143 0.964286
vt 0.357143 0.964286
vt 0.357143 0.964286
vt 0.357143 0.964286
vt 0.321429 0.964286
vt 0.321429 1.000000
vt 0.321429 1.000000
vt 0.321429 0.964286
vt 0.321429 1.000000
vt 0.321429 1.000000
vt 0.321429 1.000000
vt 0.321429 1.000000
vt 0.321429 1.000000
vt 0.321429 1.000000
vt 0.321429 1.000000
vt 0.321429 1.000000
vt 0.321429 1.000000
vt 0.321429 1.000000
vt 0.321429 1.000000
vt 0.321429 1.000000
vt 0.321429 0.964286
vt 0.321429 1.000000
vt 0.321429 0.964286
vt 0.321429 0.000000
vt 0.321429 0.035714
vt 0.321429 0.035714
vt 0.321429 0.000000
vt 0.321429 0.000000
vt 0.321429 0.000000
vt 0.321429 0.000000
vt 0.321429 0.000000
vt 0.321429 0.000000
vt 0.321429 0.000000
vt 0.321429 0.000000
vt 0.321429 0.000000
vt 0.321429 0.000000
vt 0.321429 0.000000
vt 0.321429 0.035714
vt 0.321429 0.035714
vt 0.321429 0.000000
vt 0.357143 0.035714
vt 0.357143 0.071429
vt 0.357143 0.071429
vt 0.357143 0.035714
vt 0.357143 0.035714
vt 0.357143 0.035714
vt 0.357143 0.035714
vt 0.357143 0.035714
vt 0.357143 0.035714
vt 0.357143 0.071429
vt 0.357143 0.071429
vt 0.357143 0.035714
vt 0.357143 0.107143
vt 0.357143 0.107143
vt 0.357143 0.107143
vt 0.357143 0.107143
vt 0.357143 0.107143
vt 0.357143 0.107143
vt 0.357143 0.107143
vt 0.357143 0.107143
vt 0.321429 0.107143
vt 0.321429 0.142857
vt 0.321429 0.142857
vt 0.321429 0.107143
vt 0.321429 0.142857
vt 0.321429 0.142857
vt 0.321429 0.142857
vt 0.321429 0.142857
vt 0.321429 0.142857
vt 0.321429 0.142857
vt 0.321429 0.142857
vt 0.321429 0.142857
vt 0.321429 0.142857
vt 0.321429 0.142857
vt 0.321429 0.107143
vt 0.321429 0.142857
vt 0.321429 0.107143
vt 0.250000 0.750000
vt 0.250000 0.785714
vt 0.250000 0.785714
vt 0.250000 0.750000
vt 0.250000 0.785714
vt 0.250000 0.750000
vt 0.250000 0.785714
vt 0.250000 0.750000
vt 0.250000 0.785714
vt 0.250000 0.750000
vt 0.250000 0.785714
vt 0.250000 0.750000
vt 0.250000 0.785714
vt 0.250000 0.750000
vt 0.321429 0.785714
vt 0.321429 0.821429
vt 0.321429 0.821429
vt 0.321429 0.785714
vt 0.321429 0.785714
vt 0.321429 0.785714
vt 0.321429 0.785714
vt 0.321429 0.785714
vt 0.321429 0.785714
vt 0.321429 0.785714
vt 0.321429 0.785714
vt 0.321429 0.821429
vt 0.321429 0.821429
vt 0.321429 0.785714
vt 0.321429 0.857143
vt 0.321429 0.857143
vt 0.321429 0.857143
vt 0.321429 0.857143
vt 0.321429 0.892857
vt 0.321429 0.892857
vt 0.321429 0.892857
vt 0.321429 0.892857
vt 0.357143 0.892857
vt 0.357143 0.928571
vt 0.357143 0.928571
vt 0.357143 0.892857
vt 0.357143 0.892857
vt 0.357143 0.892857
vt 0.357143 0.892857
vt 0.357143 0.892857
vt 0.357143 0.892857
vt 0.357143 0.928571
vt 0.357143 0.928571
vt 0.357143 0.892857
vt 0.357143 0.964286
vt 0.357143 0.964286
vt 0.357143 0.964286
vt 0.357143 0.964286
vt 0.357143 0.964286
vt 0.357143 0.964286
vt 0.357143 0.964286
vt 0.357143 0.964286
vt 0.321429 0.964286
vt 0.321429 1.000000
vt 0.321429 1.000000
vt 0.321429 0.964286
vt 0.321429 1.000000
vt 0.321429 1.000000
vt 0.321429 1.000000
vt 0.321429 1.000000
vt 0.321429 1.000000
vt 0.321429 1.000000
vt 0.321429 1.000000
vt 0.321429 1.000000
vt 0.321429 1.000000
vt 0.321429 1.000000
vt 0.321429 0.964286
vt 0.321429 1.000000
vt 0.321429 0.964286
vt 0.321429 0.000000
vt 0.321429 0.035714
vt 0.321429 0.035714
vt 0.321429 0.000000
vt 0.321429 0.035714
vt 0.321429 0.000000
vt 0.321429 0.000000
vt 0.321429 0.000000
vt 0.321429 0.000000
vt 0.321429 0.000000
vt 0.321429 0.000000
vt 0.321429 0.000000
vt 0.321429 0.035714
vt 0.321429 0.035714
vt 0.321429 0.000000
vt 0.321429 0.035714
vt 0.321429 0.000000
vt 0.357143 0.035714
vt 0.357143 0.071429
vt 0.357143 0.071429
vt 0.357143 0.035714
vt 0.357143 0.071429
vt 0.357143 0.035714
vt 0.357143 0.035714
vt 0.357143 0.035714
vt 0.357143 0.071429
vt 0.357143 0.071429
vt 0.357143 0.035714
vt 0.357143 0.035714
vt 0.357143 0.071429
vt 0.357143 0.035714
vt 0.357143 0.107143
vt 0.357143 0.107143
vt 0.357143 0.107143
vt 0.357143 0.107143
vt 0.357143 0.107143
vt 0.357143 0.107143
vt 0.357143 0.107143
vt 0.357143 0.107143
vt 0.321429 0.107143
vt 0.321429 0.142857
vt 0.321429 0.142857
vt 0.321429 0.107143
vt 0.321429 0.142857
vt 0.321429 0.107143
vt 0.321429 0.142857
vt 0.321429 0.142857
vt 0.321429 0.142857
vt 0.321429 0.142857
vt 0.321429 0.142857
vt 0.321429 0.142857
vt 0.321429 0.107143
vt 0.321429 0.142857
vt 0.321429 0.107143
vt 0.321429 0.142857
vt 0.321429 0.107143
vt 0.321429 0.785714
vt 0.321429 0.821429
vt 0.321429 0.821429
vt 0.321429 0.785714
vt 0.321429 0.821429
vt 0.321429 0.785714
vt 0.321429 0.785714
vt 0.321429 0.785714
vt 0.321429 0.785714
vt 0.321429 0.785714
vt 0.321429 0.785714
vt 0.321429 0.785714
vt 0.321429 0.785714
vt 0.321429 0.785714
vt 0.321429 0.785714
vt 0.321429 0.785714
vt 0.321429 0.785714
vt 0.321429 0.821429
vt 0.321429 0.821429
vt 0.321429 0.785714
vt 0.321429 0.821429
vt 0.321429 0.785714
vt 0.321429 0.857143
vt 0.321429 0.857143
vt 0.321429 0.857143
vt 0.321429 0.857143
vt 0.321429 0.857143
vt 0.321429 0.857143
vt 0.321429 0.892857
vt 0.321429 0.892857
vt 0.321429 0.892857
vt 0.321429 0.892857
vt 0.321429 0.892857
vt 0.321429 0.892857
vt 0.357143 0.892857
vt 0.357143 0.928571
vt 0.357143 0.928571
vt 0.357143 0.892857
vt 0.357143 0.928571
vt 0.357143 0.892857
vt 0.357143 0.892857
vt 0.357143 0.892857
vt 0.357143 0.928571
vt 0.357143 0.928571
vt 0.357143 0.892857
vt 0.357143 0.892857
vt 0.357143 0.928571
vt 0.357143 0.892857
vt 0.357143 0.964286
vt 0.357143 0.964286
vt 0.357143 0.964286
vt 0.357143 0.964286
vt 0.357143 0.964286
vt 0.357143 0.964286
vt 0.357143 0.964286
vt 0.357143 0.964286
vt 0.321429 0.964286
vt 0.321429 1.000000
vt 0.321429 1.000000
vt 0.321429 0.964286
vt 0.321429 1.000000
vt 0.321429 0.964286
vt 0.321429 1.000000
vt 0.321429 1.000000
vt 0.321429 1.000000
vt 0.321429 1.000000
vt 0.321429 1.000000
vt 0.321429 1.000000
vt 0.321429 0.964286
vt 0.321429 1.000000
vt 0.321429 0.964286
vt 0.321429 1.000000
vt 0.321429 0.964286
vt 0.321429 0.000000
vt 0.321429 0.035714
vt 0.321429 0.035714
vt 0.321429 0.000000
vt 0.321429 0.035714
vt 0.321429 0.000000
vt 0.321429 0.035714
vt 0.321429 0.000000
vt 0.321429 0.035714
vt 0.321429 0.000000
vt 0.321429 0.035714
vt 0.321429 0.000000
vt 0.321429 0.035714
vt 0.321429 0.000000
vt 0.357143 0.035714
vt 0.357143 0.071429
vt 0.357143 0.071429
vt 0.357143 0.035714
vt 0.357143 0.035714
vt 0.357143 0.071429
vt 0.357143 0.035714
vt 0.357143 0.035714
vt 0.357143 0.035714
vt 0.357143 0.071429
vt 0.357143 0.071429
vt 0.357143 0.035714
vt 0.357143 0.035714
vt 0.357143 0.035714
vt 0.357143 0.071429
vt 0.357143 0.035714
vt 0.357143 0.107143
vt 0.357143 0.107143
vt 0.357143 0.107143
vt 0.357143 0.107143
vt 0.357143 0.107143
vt 0.357143 0.107143
vt 0.357143 0.107143
vt 0.357143 0.107143
vt 0.357143 0.107143
vt 0.357143 0.107143
vt 0.321429 0.107143
vt 0.321429 0.142857
vt 0.321429 0.142857
vt 0.321429 0.107143
vt 0.321429 0.142857
vt 0.321429 0.107143
vt 0.321429 0.142857
vt 0.321429 0.107143
vt 0.321429 0.142857
vt 0.321429 0.107143
vt 0.321429 0.142857
vt 0.321429 0.107143
vt 0.321429 0.142857
vt 0.321429 0.107143
vt 0.321429 0.785714
vt 0.321429 0.821429
vt 0.321429 0.821429
vt 0.321429 0.785714
vt 0.321429 0.821429
vt 0.321429 0.785714
vt 0.321429 0.821429
vt 0.321429 0.785714
vt 0.321429 0.821429
vt 0.321429 0.785714
vt 0.321429 0.821429
vt 0.321429 0.785714
vt 0.321429 0.821429
vt 0.321429 0.785714
vt 0.321429 0.857143
vt 0.321429 0.857143
vt 0.321429 0.857143
vt 0.321429 0.857143
vt 0.321429 0.857143
vt 0.321429 0.857143
vt 0.321429 0.857143
vt 0.321429 0.892857
vt 0.321429 0.892857
vt 0.321429 0.892857
vt 0.321429 0.892857
vt 0.321429 0.892857
vt 0.321429 0.892857
vt 0.321429 0.892857
vt 0.357143 0.892857
vt 0.357143 0.928571
vt 0.357143 0.928571
vt 0.357143 0.892857
vt 0.357143 0.892857
vt 0.357143 0.928571
vt 0.357143 0.892857
vt 0.357143 0.892857
vt 0.357143 0.892857
vt 0.357143 0.928571
vt 0.357143 0.928571
vt 0.357143 0.892857
vt 0.357143 0.892857
vt 0.357143 0.892857
vt 0.357143 0.928571
vt 0.357143 0.892857
vt 0.357143 0.964286
vt 0.357143 0.964286
vt 0.357143 0.964286
vt 0.357143 0.964286
vt 0.357143 0.964286
vt 0.357143 0.964286
vt 0.357143 0.964286
vt 0.357143 0.964286
vt 0.357143 0.964286
vt 0.357143 0.964286
vt 0.321429 0.964286
vt 0.321429 1.000000
vt 0.321429 1.000000
vt 0.321429 0.964286
vt 0.321429 1.000000
vt 0.321429 0.964286
vt 0.321429 1.000000
vt 0.321429 0.964286
vt 0.321429 1.000000
vt 0.321429 0.964286
vt 0.321429 1.000000
vt 0.321429 0.964286
vt 0.321429 1.000000
vt 0.321429 0.964286
vt 0.357143 0.035714
vt 0.357143 0.071429
vt 0.357143 0.071429
vt 0.357143 0.035714
vt 0.357143 0.035714
vt 0.357143 0.071429
vt 0.357143 0.035714
vt 0.357143 0.035714
vt 0.357143 0.071429
vt 0.357143 0.035714
vt 0.357143 0.035714
vt 0.357143 0.071429
vt 0.357143 0.035714
vt 0.357143 0.035714
vt 0.357143 0.071429
vt 0.357143 0.035714
vt 0.357143 0.035714
vt 0.357143 0.071429
vt 0.357143 0.035714
vt 0.357143 0.107143
vt 0.357143 0.107143
vt 0.357143 0.107143
vt 0.357143 0.107143
vt 0.357143 0.107143
vt 0.357143 0.107143
vt 0.357143 0.107143
vt 0.357143 0.107143
vt 0.357143 0.107143
vt 0.357143 0.107143
vt 0.357143 0.107143
vt 0.357143 0.107143
vt 0.357143 0.892857
vt 0.357143 0.928571
vt 0.357143 0.928571
vt 0.357143 0.892857
vt 0.357143 0.892857
vt 0.357143 0.928571
vt 0.357143 0.892857
vt 0.357143 0.892857
vt 0.357143 0.928571
vt 0.357143 0.892857
vt 0.357143 0.892857
vt 0.357143 0.928571
vt 0.357143 0.892857
vt 0.357143 0.892857
vt 0.357143 0.928571
vt 0.357143 0.892857
vt 0.357143 0.892857
vt 0.357143 0.928571
vt 0.357143 0.892857
vt 0.357143 0.964286
vt 0.357143 0.964286
vt 0.357143 0.964286
vt 0.357143 0.964286
vt 0.357143 0.964286
vt 0.357143 0.964286
vt 0.357143 0.964286
vt 0.357143 0.964286
vt 0.357143 0.964286
vt 0.357143 0.964286
vt 0.357143 0.964286
vt 0.357143 0.964286
usemtl torchpart
f 1/1 2/2 3/3
f 1/1 3/3 4/4
f 1/1 5/5 6/6
f 1/1 6/6 2/2
f 1/1 4/4 7/7
f 1/1 7/7 5/5
f 2/2 8/8 9/9
f 2/2 9/9 3/3
f 2/2 6/6 10/10
f 2/2 10/10 8/8
f 8/8 11/11 12/12
f 8/8 12/12 9/9
f 8/8 10/10 13/13
f 8/8 13/13 11/11
f 11/11 14/14 15/15
f 11/11 15/15 12/12
f 11/11 13/13 16/16
f 11/11 16/16 14/14
f 14/14 17/17 18/18
f 14/14 18/18 15/15
f 14/14 16/16 19/19
f 14/14 19/19 17/17
f 17/17 20/20 21/21
f 17/17 21/21 18/18
f 17/17 19/19 22/22
f 17/17 22/22 20/20
f 20/20 22/22 23/23
f 20/20 23/23 21/21
f 4/4 3/3 24/24
f 4/4 24/24 25/25
f 25/25 24/24 26/26
f 25/25 26/26 27/27
f 4/4 25/25 27/27
f 4/4 27/27 7/7
f 3/3 9/9 28/28
f 3/3 28/28 24/24
f 24/24 28/28 29/29
f 24/24 29/29 26/26
f 9/9 12/12 30/30
f 9/9 30/30 28/28
f 28/28 30/30 31/31
f 28/28 31/31 29/29
f 12/12 15/15 32/32
f 12/12 32/32 30/30
f 30/30 32/32 33/33
f 30/30 33/33 31/31
f 15/15 18/18 34/34
f 15/15 34/34 32/32
f 32/32 34/34 35/35
f 32/32 35/35 33/33
f 18/18 21/21 36/36
f 18/18 36/36 34/34
f 34/34 36/36 37/37
f 34/34 37/37 35/35
f 21/21 23/23 37/37
f 21/21 37/37 36/36
f 38/38 39/39 40/40
f 38/38 40/40 41/41
f 38/38 42/42 43/43
f 38/38 43/43 39/39
f 38/38 41/41 44/44
f 38/38 44/44 42/42
f 39/39 45/45 46/46
f 39/39 46/46 40/40
f 39/39 43/43 47/47
f 39/39 47/47 45/45
f 45/45 48/48 49/49
f 45/45 49/49 46/46
f 45/45 47/47 50/50
f 45/45 50/50 48/48
f 48/48 51/51 52/52
f 48/48 52/52 49/49
f 48/48 50/50 53/53
f 48/48 53/53 51/51
f 51/51 54/54 55/55
f 51/51 55/55 52/52
f 51/51 53/53 56/56
f 51/51 56/56 54/54
f 54/54 57/57 58/58
f 54/54 58/58 55/55
f 54/54 56/56 59/59
f 54/54 59/59 57/57
f 57/57 59/59 60/60
f 57/57 60/60 58/58
f 41/41 40/40 61/61
f 41/41 61/61 62/62
f 62/62 61/61 63/63
f 62/62 63/63 64/64
f 41/41 62/62 64/64
f 41/41 64/64 44/44
f 40/40 46/46 65/65
f 40/40 65/65 61/61
f 61/61 65/65 66/66
f 61/61 66/66 63/63
f 46/46 49/49 67/67
f 46/46 67/67 65/65
f 65/65 67/67 68/68
f 65/65 68/68 66/66
f 49/49 52/52 69/69
f 49/49 69/69 67/67
f 67/67 69/69 70/70
f 67/67 70/70 68/68
f 52/52 55/55 71/71
f 52/52 71/71 69/69
f 69/69 71/71 72/72
f 69/69 72/72 70/70
f 55/55 58/58 73/73
f 55/55 73/73 71/71
f 71/71 73/73 74/74
f 71/71 74/74 72/72
f 58/58 60/60 74/74
f 58/58 74/74 73/73
f 75/75 76/76 77/77
f 75/75 77/77 78/78
f 75/75 79/79 80/80
f 75/75 80/80 76/76
f 75/75 78/78 81/81
f 75/75 81/81 79/79
f 76/76 82/82 83/83
f 76/76 83/83 77/77
f 76/76 80/80 84/84
f 76/76 84/84 82/82
f 82/82 85/85 86/86
f 82/82 86/86 83/83
f 82/82 84/84 87/87
f 82/82 87/87 85/85
f 85/85 88/88 89/89
f 85/85 89/89 86/86
f 85/85 87/87 90/90
f 85/85 90/90 88/88
f 88/88 91/91 92/92
f 88/88 92/92 89/89
f 88/88 90/90 93/93
f 88/88 93/93 91/91
f 91/91 94/94 95/95
f 91/91 95/95 92/92
f 91/91 93/93 96/96
f 91/91 96/96 94/94
f 94/94 96/96 97/97
f 94/94 97/97 95/95
f 98/98 99/99 100/100
f 98/98 100/100 101/101
f 98/98 102/102 103/103
f 98/98 103/103 99/99
f 98/98 101/101 104/104
f 98/98 104/104 102/102
f 99/99 5/5 7/7
f 99/99 7/7 100/100
f 99/99 103/103 105/105
f 99/99 105/105 5/5
f 22/22 106/106 107/107
f 22/22 107/107 23/23
f 22/22 108/108 109/109
f 22/22 109/109 106/106
f 106/106 110/110 111/111
f 106/106 111/111 107/107
f 106/106 109/109 112/112
f 106/106 112/112 110/110
f 110/110 112/112 113/113
f 110/110 113/113 111/111
f 101/101 100/100 114/114
f 101/101 114/114 115/115
f 115/115 114/114 116/116
f 115/115 116/116 117/117
f 101/101 115/115 117/117
f 101/101 117/117 104/104
f 100/100 7/7 27/27
f 100/100 27/27 114/114
f 114/114 27/27 118/118
f 114/114 118/118 116/116
f 23/23 107/107 119/119
f 23/23 119/119 37/37
f 37/37 119/119 120/120
f 37/37 120/120 121/121
f 107/107 111/111 122/122
f 107/107 122/122 119/119
f 119/119 122/122 123/123
f 119/119 123/123 120/120
f 111/111 113/113 123/123
f 111/111 123/123 122/122
f 124/124 125/125 126/126
f 124/124 126/126 127/127
f 127/127 126/126 128/128
f 127/127 128/128 129/129
f 124/124 127/127 129/129
f 124/124 129/129 130/130
f 125/125 131/131 132/132
f 125/125 132/132 126/126
f 126/126 132/132 133/133
f 126/126 133/133 128/128
f 131/131 134/134 135/135
f 131/131 135/135 132/132
f 132/132 135/135 136/136
f 132/132 136/136 133/133
f 134/134 137/137 138/138
f 134/134 138/138 135/135
f 135/135 138/138 139/139
f 135/135 139/139 136/136
f 137/137 140/140 141/141
f 137/137 141/141 138/138
f 138/138 141/141 142/142
f 138/138 142/142 139/139
f 140/140 143/143 144/144
f 140/140 144/144 141/141
f 141/141 144/144 145/145
f 141/141 145/145 142/142
f 143/143 146/146 145/145
f 143/143 145/145 144/144
f 147/147 148/148 149/149
f 147/147 149/149 150/150
f 147/147 151/151 152/152
f 147/147 152/152 148/148
f 147/147 150/150 153/153
f 147/147 153/153 151/151
f 148/148 154/154 155/155
f 148/148 155/155 149/149
f 148/148 152/152 156/156
f 148/148 156/156 154/154
f 154/154 157/157 158/158
f 154/154 158/158 155/155
f 154/154 156/156 159/159
f 154/154 159/159 157/157
f 157/157 160/160 161/161
f 157/157 161/161 158/158
f 157/157 159/159 162/162
f 157/157 162/162 160/160
f 160/160 163/163 164/164
f 160/160 164/164 161/161
f 160/160 162/162 165/165
f 160/160 165/165 163/163
f 163/163 166/166 167/167
f 163/163 167/167 164/164
f 163/163 165/165 168/168
f 163/163 168/168 166/166
f 166/166 168/168 169/169
f 166/166 169/169 167/167
f 150/150 149/149 170/170
f 150/150 170/170 171/171
f 150/150 171/171 172/172
f 150/150 172/172 153/153
f 149/149 155/155 173/173
f 149/149 173/173 170/170
f 155/155 158/158 174/174
f 155/155 174/174 173/173
f 158/158 161/161 175/175
f 158/158 175/175 174/174
f 161/161 164/164 176/176
f 161/161 176/176 175/175
f 164/164 167/167 177/177
f 164/164 177/177 176/176
f 167/167 169/169 178/178
f 167/167 178/178 177/177
f 171/171 170/170 179/179
f 171/171 179/179 180/180
f 171/171 180/180 181/181
f 171/171 181/181 172/172
f 170/170 173/173 182/182
f 170/170 182/182 179/179
f 173/173 174/174 183/183
f 173/173 183/183 182/182
f 174/174 175/175 184/184
f 174/174 184/184 183/183
f 175/175 176/176 185/185
f 175/175 185/185 184/184
f 176/176 177/177 186/186
f 176/176 186/186 185/185
f 177/177 178/178 187/187
f 177/177 187/187 186/186
f 188/188 189/189 190/190
f 188/188 190/190 191/191
f 188/188 192/192 193/193
f 188/188 193/193 189/189
f 188/188 191/191 194/194
f 188/188 194/194 192/192
f 189/189 42/42 44/44
f 189/189 44/44 190/190
f 189/189 193/193 195/195
f 189/189 195/195 42/42
f 59/59 196/196 197/197
f 59/59 197/197 60/60
f 59/59 198/198 199/199
f 59/59 199/199 196/196
f 196/196 200/200 201/201
f 196/196 201/201 197/197
f 196/196 199/199 202/202
f 196/196 202/202 200/200
f 200/200 202/202 203/203
f 200/200 203/203 201/201
f 191/191 190/190 204/204
f 191/191 204/204 205/205
f 205/205 204/204 206/206
f 205/205 206/206 207/207
f 191/191 205/205 207/207
f 191/191 207/207 194/194
f 190/190 44/44 64/64
f 190/190 64/64 204/204
f 204/204 64/64 208/208
f 204/204 208/208 206/206
f 60/60 197/197 209/209
f 60/60 209/209 74/74
f 74/74 209/209 210/210
f 74/74 210/210 211/211
f 197/197 201/201 212/212
f 197/197 212/212 209/209
f 209/209 212/212 213/213
f 209/209 213/213 210/210
f 201/201 203/203 213/213
f 201/201 213/213 212/212
f 214/214 215/215 216/216
f 214/214 216/216 217/217
f 217/217 216/216 218/218
f 217/217 218/218 219/219
f 214/214 217/217 219/219
f 214/214 219/219 220/220
f 215/215 221/221 222/222
f 215/215 222/222 216/216
f 216/216 222/222 223/223
f 216/216 223/223 218/218
f 221/221 224/224 225/225
f 221/221 225/225 222/222
f 222/222 225/225 226/226
f 222/222 226/226 223/223
f 224/224 227/227 228/228
f 224/224 228/228 225/225
f 225/225 228/228 229/229
f 225/225 229/229 226/226
f 227/227 230/230 231/231
f 227/227 231/231 228/228
f 228/228 231/231 232/232
f 228/228 232/232 229/229
f 230/230 233/233 234/234
f 230/230 234/234 231/231
f 231/231 234/234 235/235
f 231/231 235/235 232/232
f 233/233 236/236 235/235
f 233/233 235/235 234/234
f 237/237 238/238 239/239
f 237/237 239/239 240/240
f 237/237 241/241 242/242
f 237/237 242/242 238/238
f 237/237 240/240 243/243
f 237/237 243/243 241/241
f 238/238 79/79 81/81
f 238/238 81/81 239/239
f 238/238 242/242 244/244
f 238/238 244/244 79/79
f 79/79 244/244 245/245
f 79/79 245/245 80/80
f 80/80 245/245 246/246
f 80/80 246/246 84/84
f 84/84 246/246 247/247
f 84/84 247/247 87/87
f 87/87 247/247 248/248
f 87/87 248/248 90/90
f 90/90 248/248 249/249
f 90/90 249/249 93/93
f 93/93 249/249 250/250
f 93/93 250/250 96/96
f 96/96 251/251 252/252
f 96/96 252/252 97/97
f 96/96 250/250 253/253
f 96/96 253/253 251/251
f 251/251 254/254 255/255
f 251/251 255/255 252/252
f 251/251 253/253 256/256
f 251/251 256/256 254/254
f 254/254 256/256 257/257
f 254/254 257/257 255/255
f 258/258 259/259 260/260
f 258/258 260/260 261/261
f 258/258 262/262 263/263
f 258/258 263/263 259/259
f 258/258 261/261 264/264
f 258/258 264/264 262/262
f 259/259 102/102 104/104
f 259/259 104/104 260/260
f 259/259 263/263 265/265
f 259/259 265/265 102/102
f 112/112 266/266 267/267
f 112/112 267/267 113/113
f 112/112 268/268 269/269
f 112/112 269/269 266/266
f 266/266 270/270 271/271
f 266/266 271/271 267/267
f 266/266 269/269 272/272
f 266/266 272/272 270/270
f 270/270 272/272 273/273
f 270/270 273/273 271/271
f 261/261 260/260 274/274
f 261/261 274/274 275/275
f 275/275 274/274 276/276
f 275/275 276/276 277/277
f 261/261 275/275 277/277
f 261/261 277/277 264/264
f 260/260 104/104 117/117
f 260/260 117/117 274/274
f 274/274 117/117 278/278
f 274/274 278/278 276/276
f 113/113 267/267 279/279
f 113/113 279/279 123/123
f 123/123 279/279 280/280
f 123/123 280/280 281/281
f 267/267 271/271 282/282
f 267/267 282/282 279/279
f 279/279 282/282 283/283
f 279/279 283/283 280/280
f 271/271 273/273 283/283
f 271/271 283/283 282/282
f 284/284 285/285 286/286
f 284/284 286/286 287/287
f 287/287 286/286 288/288
f 287/287 288/288 289/289
f 284/284 287/287 289/289
f 284/284 289/289 290/290
f 285/285 130/130 129/129
f 285/285 129/129 286/286
f 286/286 129/129 291/291
f 286/286 291/291 288/288
f 129/129 128/128 292/292
f 129/129 292/292 291/291
f 128/128 133/133 293/293
f 128/128 293/293 292/292
f 133/133 136/136 294/294
f 133/133 294/294 293/293
f 136/136 139/139 295/295
f 136/136 295/295 294/294
f 139/139 142/142 296/296
f 139/139 296/296 295/295
f 142/142 145/145 297/297
f 142/142 297/297 296/296
f 146/146 298/298 299/299
f 146/146 299/299 145/145
f 145/145 299/299 300/300
f 145/145 300/300 297/297
f 298/298 301/301 302/302
f 298/298 302/302 299/299
f 299/299 302/302 303/303
f 299/299 303/303 300/300
f 301/301 304/304 303/303
f 301/301 303/303 302/302
f 305/305 306/306 307/307
f 305/305 307/307 308/308
f 305/305 309/309 310/310
f 305/305 310/310 306/306
f 305/305 308/308 311/311
f 305/305 311/311 309/309
f 306/306 151/151 153/153
f 306/306 153/153 307/307
f 306/306 310/310 312/312
f 306/306 312/312 151/151
f 151/151 312/312 313/313
f 151/151 313/313 152/152
f 152/152 313/313 314/314
f 152/152 314/314 156/156
f 156/156 314/314 315/315
f 156/156 315/315 159/159
f 159/159 315/315 316/316
f 159/159 316/316 162/162
f 162/162 316/316 317/317
f 162/162 317/317 165/165
f 165/165 317/317 318/318
f 165/165 318/318 168/168
f 168/168 319/319 320/320
f 168/168 320/320 169/169
f 168/168 318/318 321/321
f 168/168 321/321 319/319
f 319/319 322/322 323/323
f 319/319 323/323 320/320
f 319/319 321/321 324/324
f 319/319 324/324 322/322
f 322/322 324/324 325/325
f 322/322 325/325 323/323
f 308/308 307/307 326/326
f 308/308 326/326 327/327
f 308/308 327/327 328/328
f 308/308 328/328 311/311
f 307/307 153/153 172/172
f 307/307 172/172 326/326
f 169/169 320/320 329/329
f 169/169 329/329 178/178
f 320/320 323/323 330/330
f 320/320 330/330 329/329
f 323/323 325/325 331/331
f 323/323 331/331 330/330
f 327/327 326/326 332/332
f 327/327 332/332 333/333
f 327/327 333/333 334/334
f 327/327 334/334 328/328
f 326/326 172/172 181/181
f 326/326 181/181 332/332
f 178/178 329/329 335/335
f 178/178 335/335 187/187
f 329/329 330/330 336/336
f 329/329 336/336 335/335
f 330/330 331/331 337/337
f 330/330 337/337 336/336
f 338/338 339/339 340/340
f 338/338 340/340 341/341
f 338/338 342/342 343/343
f 338/338 343/343 339/339
f 338/338 341/341 344/344
f 338/338 344/344 342/342
f 339/339 192/192 194/194
f 339/339 194/194 340/340
f 339/339 343/343 345/345
f 339/339 345/345 192/192
f 202/202 346/346 347/347
f 202/202 347/347 203/203
f 202/202 348/348 349/349
f 202/202 349/349 346/346
f 346/346 350/350 351/351
f 346/346 351/351 347/347
f 346/346 349/349 352/352
f 346/346 352/352 350/350
f 350/350 352/352 353/353
f 350/350 353/353 351/351
f 341/341 340/340 354/354
f 341/341 354/354 355/355
f 355/355 354/354 356/356
f 355/355 356/356 357/357
f 341/341 355/355 357/357
f 341/341 357/357 344/344
f 340/340 194/194 207/207
f 340/340 207/207 354/354
f 354/354 207/207 358/358
f 354/354 358/358 356/356
f 203/203 347/347 359/359
f 203/203 359/359 213/213
f 213/213 359/359 360/360
f 213/213 360/360 361/361
f 347/347 351/351 362/362
f 347/347 362/362 359/359
f 359/359 362/362 363/363
f 359/359 363/363 360/360
f 351/351 353/353 363/363
f 351/351 363/363 362/362
f 364/364 365/365 366/366
f 364/364 366/366 367/367
f 367/367 366/366 368/368
f 367/367 368/368 369/369
f 364/364 367/367 369/369
f 364/364 369/369 370/370
f 365/365 220/220 219/219
f 365/365 219/219 366/366
f 366/366 219/219 371/371
f 366/366 371/371 368/368
f 219/219 218/218 372/372
f 219/219 372/372 371/371
f 218/218 223/223 373/373
f 218/218 373/373 372/372
f 223/223 226/226 374/374
f 223/223 374/374 373/373
f 226/226 229/229 375/375
f 226/226 375/375 374/374
f 229/229 232/232 376/376
f 229/229 376/376 375/375
f 232/232 235/235 377/377
f 232/232 377/377 376/376
f 236/236 378/378 379/379
f 236/236 379/379 235/235
f 235/235 379/379 380/380
f 235/235 380/380 377/377
f 378/378 381/381 382/382
f 378/378 382/382 379/379
f 379/379 382/382 383/383
f 379/379 383/383 380/380
f 381/381 384/384 383/383
f 381/381 383/383 382/382
f 385/385 241/241 243/243
f 385/385 243/243 386/386
f 385/385 387/387 388/388
f 385/385 388/388 241/241
f 385/385 386/386 389/389
f 385/385 389/389 387/387
f 241/241 388/388 390/390
f 241/241 390/390 242/242
f 242/242 390/390 391/391
f 242/242 391/391 244/244
f 244/244 391/391 392/392
f 244/244 392/392 245/245
f 245/245 392/392 393/393
f 245/245 393/393 246/246
f 246/246 393/393 394/394
f 246/246 394/394 247/247
f 247/247 394/394 395/395
f 247/247 395/395 248/248
f 248/248 395/395 396/396
f 248/248 396/396 249/249
f 249/249 396/396 397/397
f 249/249 397/397 250/250
f 250/250 397/397 398/398
f 250/250 398/398 253/253
f 253/253 398/398 399/399
f 253/253 399/399 256/256
f 256/256 400/400 401/401
f 256/256 401/401 257/257
f 256/256 399/399 402/402
f 256/256 402/402 400/400
f 400/400 402/402 403/403
f 400/400 403/403 401/401
f 404/404 262/262 264/264
f 404/404 264/264 405/405
f 404/404 406/406 407/407
f 404/404 407/407 262/262
f 404/404 405/405 408/408
f 404/404 408/408 406/406
f 262/262 407/407 409/409
f 262/262 409/409 263/263
f 269/269 410/410 411/411
f 269/269 411/411 272/272
f 272/272 412/412 413/413
f 272/272 413/413 273/273
f 272/272 411/411 414/414
f 272/272 414/414 412/412
f 412/412 414/414 415/415
f 412/412 415/415 413/413
f 405/405 264/264 277/277
f 405/405 277/277 416/416
f 416/416 277/277 417/417
f 416/416 417/417 418/418
f 405/405 416/416 418/418
f 405/405 418/418 408/408
f 277/277 276/276 419/419
f 277/277 419/419 417/417
f 280/280 283/283 420/420
f 280/280 420/420 421/421
f 273/273 413/413 422/422
f 273/273 422/422 283/283
f 283/283 422/422 423/423
f 283/283 423/423 420/420
f 413/413 415/415 423/423
f 413/413 423/423 422/422
f 424/424 290/290 289/289
f 424/424 289/289 425/425
f 425/425 289/289 426/426
f 425/425 426/426 427/427
f 424/424 425/425 427/427
f 424/424 427/427 428/428
f 289/289 288/288 429/429
f 289/289 429/429 426/426
f 288/288 291/291 430/430
f 288/288 430/430 429/429
f 291/291 292/292 431/431
f 291/291 431/431 430/430
f 292/292 293/293 432/432
f 292/292 432/432 431/431
f 293/293 294/294 433/433
f 293/293 433/433 432/432
f 294/294 295/295 434/434
f 294/294 434/434 433/433
f 295/295 296/296 435/435
f 295/295 435/435 434/434
f 296/296 297/297 436/436
f 296/296 436/436 435/435
f 297/297 300/300 437/437
f 297/297 437/437 436/436
f 300/300 303/303 438/438
f 300/300 438/438 437/437
f 304/304 439/439 440/440
f 304/304 440/440 303/303
f 303/303 440/440 441/441
f 303/303 441/441 438/438
f 439/439 442/442 441/441
f 439/439 441/441 440/440
f 443/443 444/444 445/445
f 443/443 445/445 446/446
f 443/443 447/447 448/448
f 443/443 448/448 444/444
f 443/443 446/446 449/449
f 443/443 449/449 447/447
f 444/444 450/450 451/451
f 444/444 451/451 445/445
f 444/444 448/448 452/452
f 444/444 452/452 450/450
f 450/450 453/453 454/454
f 450/450 454/454 451/451
f 450/450 452/452 455/455
f 450/450 455/455 453/453
f 453/453 456/456 457/457
f 453/453 457/457 454/454
f 453/453 455/455 458/458
f 453/453 458/458 456/456
f 456/456 459/459 460/460
f 456/456 460/460 457/457
f 456/456 458/458 461/461
f 456/456 461/461 459/459
f 459/459 462/462 463/463
f 459/459 463/463 460/460
f 459/459 461/461 464/464
f 459/459 464/464 462/462
f 462/462 464/464 465/465
f 462/462 465/465 463/463
f 466/466 309/309 311/311
f 466/466 311/311 467/467
f 466/466 468/468 469/469
f 466/466 469/469 309/309
f 466/466 467/467 470/470
f 466/466 470/470 468/468
f 309/309 469/469 471/471
f 309/309 471/471 310/310
f 310/310 471/471 472/472
f 310/310 472/472 312/312
f 318/318 473/473 474/474
f 318/318 474/474 321/321
f 321/321 474/474 475/475
f 321/321 475/475 324/324
f 324/324 476/476 477/477
f 324/324 477/477 325/325
f 324/324 475/475 478/478
f 324/324 478/478 476/476
f 476/476 478/478 479/479
f 476/476 479/479 477/477
f 467/467 311/311 328/328
f 467/467 328/328 480/480
f 467/467 480/480 481/481
f 467/467 481/481 470/470
f 325/325 477/477 482/482
f 325/325 482/482 331/331
f 477/477 479/479 483/483
f 477/477 483/483 482/482
f 480/480 328/328 334/334
f 480/480 334/334 484/484
f 480/480 484/484 485/485
f 480/480 485/485 481/481
f 331/331 482/482 486/486
f 331/331 486/486 337/337
f 482/482 483/483 487/487
f 482/482 487/487 486/486
f 488/488 342/342 344/344
f 488/488 344/344 489/489
f 488/488 490/490 491/491
f 488/488 491/491 342/342
f 488/488 489/489 492/492
f 488/488 492/492 490/490
f 342/342 491/491 493/493
f 342/342 493/493 343/343
f 349/349 494/494 495/495
f 349/349 495/495 352/352
f 352/352 496/496 497/497
f 352/352 497/497 353/353
f 352/352 495/495 498/498
f 352/352 498/498 496/496
f 496/496 498/498 499/499
f 496/496 499/499 497/497
f 489/489 344/344 357/357
f 489/489 357/357 500/500
f 500/500 357/357 501/501
f 500/500 501/501 502/502
f 489/489 500/500 502/502
f 489/489 502/502 492/492
f 357/357 356/356 503/503
f 357/357 503/503 501/501
f 360/360 363/363 504/504
f 360/360 504/504 505/505
f 353/353 497/497 506/506
f 353/353 506/506 363/363
f 363/363 506/506 507/507
f 363/363 507/507 504/504
f 497/497 499/499 507/507
f 497/497 507/507 506/506
f 508/508 370/370 369/369
f 508/508 369/369 509/509
f 509/509 369/369 510/510
f 509/509 510/510 511/511
f 508/508 509/509 511/511
f 508/508 511/511 512/512
f 369/369 368/368 513/513
f 369/369 513/513 510/510
f 368/368 371/371 514/514
f 368/368 514/514 513/513
f 371/371 372/372 515/515
f 371/371 515/515 514/514
f 372/372 373/373 516/516
f 372/372 516/516 515/515
f 373/373 374/374 517/517
f 373/373 517/517 516/516
f 374/374 375/375 518/518
f 374/374 518/518 517/517
f 375/375 376/376 519/519
f 375/375 519/519 518/518
f 376/376 377/377 520/520
f 376/376 520/520 519/519
f 377/377 380/380 521/521
f 377/377 521/521 520/520
f 380/380 383/383 522/522
f 380/380 522/522 521/521
f 384/384 523/523 524/524
f 384/384 524/524 383/383
f 383/383 524/524 525/525
f 383/383 525/525 522/522
f 523/523 526/526 525/525
f 523/523 525/525 524/524
f 527/527 387/387 389/389
f 527/527 389/389 528/528
f 527/527 529/529 530/530
f 527/527 530/530 387/387
f 527/527 528/528 531/531
f 527/527 531/531 529/529
f 387/387 530/530 532/532
f 387/387 532/532 388/388
f 388/388 532/532 533/533
f 388/388 533/533 390/390
f 390/390 533/533 534/534
f 390/390 534/534 391/391
f 391/391 534/534 535/535
f 391/391 535/535 392/392
f 392/392 535/535 536/536
f 392/392 536/536 393/393
f 393/393 536/536 537/537
f 393/393 537/537 394/394
f 394/394 537/537 538/538
f 394/394 538/538 395/395
f 395/395 538/538 539/539
f 395/395 539/539 396/396
f 396/396 539/539 540/540
f 396/396 540/540 397/397
f 397/397 540/540 541/541
f 397/397 541/541 398/398
f 398/398 541/541 542/542
f 398/398 542/542 399/399
f 399/399 542/542 543/543
f 399/399 543/543 402/402
f 402/402 544/544 545/545
f 402/402 545/545 403/403
f 402/402 543/543 546/546
f 402/402 546/546 544/544
f 544/544 546/546 547/547
f 544/544 547/547 545/545
f 406/406 548/548 549/549
f 406/406 549/549 407/407
f 406/406 408/408 550/550
f 406/406 550/550 548/548
f 411/411 551/551 552/552
f 411/411 552/552 414/414
f 414/414 552/552 553/553
f 414/414 553/553 415/415
f 418/418 417/417 554/554
f 418/418 554/554 555/555
f 408/408 418/418 555/555
f 408/408 555/555 550/550
f 420/420 423/423 556/556
f 420/420 556/556 557/557
f 415/415 553/553 556/556
f 415/415 556/556 423/423
f 558/558 428/428 427/427
f 558/558 427/427 559/559
f 559/559 427/427 560/560
f 559/559 560/560 561/561
f 558/558 559/559 561/561
f 558/558 561/561 562/562
f 427/427 426/426 563/563
f 427/427 563/563 560/560
f 426/426 429/429 564/564
f 426/426 564/564 563/563
f 429/429 430/430 565/565
f 429/429 565/565 564/564
f 430/430 431/431 566/566
f 430/430 566/566 565/565
f 431/431 432/432 567/567
f 431/431 567/567 566/566
f 432/432 433/433 568/568
f 432/432 568/568 567/567
f 433/433 434/434 569/569
f 433/433 569/569 568/568
f 434/434 435/435 570/570
f 434/434 570/570 569/569
f 435/435 436/436 571/571
f 435/435 571/571 570/570
f 436/436 437/437 572/572
f 436/436 572/572 571/571
f 437/437 438/438 573/573
f 437/437 573/573 572/572
f 438/438 441/441 574/574
f 438/438 574/574 573/573
f 442/442 575/575 576/576
f 442/442 576/576 441/441
f 441/441 576/576 577/577
f 441/441 577/577 574/574
f 575/575 578/578 577/577
f 575/575 577/577 576/576
f 579/579 447/447 449/449
f 579/579 449/449 580/580
f 579/579 581/581 582/582
f 579/579 582/582 447/447
f 579/579 580/580 583/583
f 579/579 583/583 581/581
f 447/447 582/582 584/584
f 447/447 584/584 448/448
f 448/448 584/584 585/585
f 448/448 585/585 452/452
f 452/452 585/585 586/586
f 452/452 586/586 455/455
f 455/455 586/586 587/587
f 455/455 587/587 458/458
f 458/458 587/587 588/588
f 458/458 588/588 461/461
f 461/461 588/588 589/589
f 461/461 589/589 464/464
f 464/464 590/590 591/591
f 464/464 591/591 465/465
f 464/464 589/589 592/592
f 464/464 592/592 590/590
f 590/590 592/592 593/593
f 590/590 593/593 591/591
f 594/594 468/468 470/470
f 594/594 470/470 595/595
f 594/594 596/596 597/597
f 594/594 597/597 468/468
f 594/594 595/595 598/598
f 594/594 598/598 596/596
f 468/468 597/597 599/599
f 468/468 599/599 469/469
f 469/469 599/599 600/600
f 469/469 600/600 471/471
f 474/474 601/601 602/602
f 474/474 602/602 475/475
f 475/475 602/602 603/603
f 475/475 603/603 478/478
f 478/478 604/604 605/605
f 478/478 605/605 479/479
f 478/478 603/603 606/606
f 478/478 606/606 604/604
f 604/604 606/606 607/607
f 604/604 607/607 605/605
f 595/595 470/470 481/481
f 595/595 481/481 608/608
f 595/595 608/608 609/609
f 595/595 609/609 598/598
f 479/479 605/605 610/610
f 479/479 610/610 483/483
f 605/605 607/607 611/611
f 605/605 611/611 610/610
f 608/608 481/481 485/485
f 608/608 485/485 612/612
f 608/608 612/612 613/613
f 608/608 613/613 609/609
f 483/483 610/610 614/614
f 483/483 614/614 487/487
f 610/610 611/611 615/615
f 610/610 615/615 614/614
f 490/490 616/616 617/617
f 490/490 617/617 491/491
f 490/490 492/492 618/618
f 490/490 618/618 616/616
f 495/495 619/619 620/620
f 495/495 620/620 498/498
f 498/498 620/620 621/621
f 498/498 621/621 499/499
f 502/502 501/501 622/622
f 502/502 622/622 623/623
f 492/492 502/502 623/623
f 492/492 623/623 618/618
f 504/504 507/507 624/624
f 504/504 624/624 625/625
f 499/499 621/621 624/624
f 499/499 624/624 507/507
f 626/626 512/512 511/511
f 626/626 511/511 627/627
f 627/627 511/511 628/628
f 627/627 628/628 629/629
f 626/626 627/627 629/629
f 626/626 629/629 630/630
f 511/511 510/510 631/631
f 511/511 631/631 628/628
f 510/510 513/513 632/632
f 510/510 632/632 631/631
f 513/513 514/514 633/633
f 513/513 633/633 632/632
f 514/514 515/515 634/634
f 514/514 634/634 633/633
f 515/515 516/516 635/635
f 515/515 635/635 634/634
f 516/516 517/517 636/636
f 516/516 636/636 635/635
f 517/517 518/518 637/637
f 517/517 637/637 636/636
f 518/518 519/519 638/638
f 518/518 638/638 637/637
f 519/519 520/520 639/639
f 519/519 639/639 638/638
f 520/520 521/521 640/640
f 520/520 640/640 639/639
f 521/521 522/522 641/641
f 521/521 641/641 640/640
f 522/522 525/525 642/642
f 522/522 642/642 641/641
f 526/526 643/643 644/644
f 526/526 644/644 525/525
f 525/525 644/644 645/645
f 525/525 645/645 642/642
f 643/643 646/646 645/645
f 643/643 645/645 644/644
f 647/647 529/529 531/531
f 647/647 531/531 648/648
f 647/647 649/649 650/650
f 647/647 650/650 529/529
f 647/647 648/648 651/651
f 647/647 651/651 649/649
f 529/529 650/650 652/652
f 529/529 652/652 530/530
f 530/530 652/652 653/653
f 530/530 653/653 532/532
f 532/532 653/653 654/654
f 532/532 654/654 533/533
f 533/533 654/654 655/655
f 533/533 655/655 534/534
f 534/534 655/655 656/656
f 534/534 656/656 535/535
f 535/535 656/656 657/657
f 535/535 657/657 536/536
f 536/536 657/657 658/658
f 536/536 658/658 537/537
f 537/537 658/658 659/659
f 537/537 659/659 538/538
f 538/538 659/659 660/660
f 538/538 660/660 539/539
f 539/539 660/660 661/661
f 539/539 661/661 540/540
f 540/540 661/661 662/662
f 540/540 662/662 541/541
f 541/541 662/662 663/663
f 541/541 663/663 542/542
f 542/542 663/663 664/664
f 542/542 664/664 543/543
f 543/543 664/664 665/665
f 543/543 665/665 546/546
f 546/546 666/666 667/667
f 546/546 667/667 547/547
f 546/546 665/665 668/668
f 546/546 668/668 666/666
f 666/666 668/668 669/669
f 666/666 669/669 667/667
f 670/670 548/548 550/550
f 670/670 550/550 671/671
f 670/670 672/672 673/673
f 670/670 673/673 548/548
f 670/670 671/671 674/674
f 670/670 674/674 672/672
f 552/552 675/675 676/676
f 552/552 676/676 553/553
f 552/552 677/677 678/678
f 552/552 678/678 675/675
f 675/675 678/678 679/679
f 675/675 679/679 676/676
f 671/671 550/550 555/555
f 671/671 555/555 680/680
f 680/680 555/555 681/681
f 680/680 681/681 682/682
f 671/671 680/680 682/682
f 671/671 682/682 674/674
f 553/553 676/676 683/683
f 553/553 683/683 556/556
f 556/556 683/683 684/684
f 556/556 684/684 685/685
f 676/676 679/679 684/684
f 676/676 684/684 683/683
f 686/686 562/562 561/561
f 686/686 561/561 687/687
f 687/687 561/561 688/688
f 687/687 688/688 689/689
f 686/686 687/687 689/689
f 686/686 689/689 690/690
f 561/561 560/560 691/691
f 561/561 691/691 688/688
f 560/560 563/563 692/692
f 560/560 692/692 691/691
f 563/563 564/564 693/693
f 563/563 693/693 692/692
f 564/564 565/565 694/694
f 564/564 694/694 693/693
f 565/565 566/566 695/695
f 565/565 695/695 694/694
f 570/570 571/571 696/696
f 570/570 696/696 697/697
f 571/571 572/572 698/698
f 571/571 698/698 696/696
f 572/572 573/573 699/699
f 572/572 699/699 698/698
f 573/573 574/574 700/700
f 573/573 700/700 699/699
f 574/574 577/577 701/701
f 574/574 701/701 700/700
f 578/578 702/702 703/703
f 578/578 703/703 577/577
f 577/577 703/703 704/704
f 577/577 704/704 701/701
f 702/702 705/705 704/704
f 702/702 704/704 703/703
f 706/706 707/707 708/708
f 706/706 708/708 709/709
f 706/706 709/709 710/710
f 706/706 710/710 711/711
f 707/707 712/712 713/713
f 707/707 713/713 708/708
f 712/712 714/714 715/715
f 712/712 715/715 713/713
f 714/714 716/716 717/717
f 714/714 717/717 715/715
f 716/716 718/718 719/719
f 716/716 719/719 717/717
f 709/709 708/708 720/720
f 709/709 720/720 721/721
f 721/721 720/720 722/722
f 721/721 722/722 723/723
f 709/709 721/721 723/723
f 709/709 723/723 710/710
f 708/708 713/713 724/724
f 708/708 724/724 720/720
f 720/720 724/724 725/725
f 720/720 725/725 722/722
f 713/713 715/715 726/726
f 713/713 726/726 724/724
f 724/724 726/726 727/727
f 724/724 727/727 725/725
f 715/715 717/717 728/728
f 715/715 728/728 726/726
f 726/726 728/728 729/729
f 726/726 729/729 727/727
f 717/717 719/719 729/729
f 717/717 729/729 728/728
f 730/730 731/731 732/732
f 730/730 732/732 733/733
f 730/730 734/734 735/735
f 730/730 735/735 731/731
f 730/730 733/733 736/736
f 730/730 736/736 734/734
f 731/731 737/737 738/738
f 731/731 738/738 732/732
f 731/731 735/735 739/739
f 731/731 739/739 737/737
f 737/737 740/740 741/741
f 737/737 741/741 738/738
f 737/737 739/739 742/742
f 737/737 742/742 740/740
f 740/740 743/743 744/744
f 740/740 744/744 741/741
f 740/740 742/742 745/745
f 740/740 745/745 743/743
f 743/743 745/745 746/746
f 743/743 746/746 744/744
f 747/747 581/581 583/583
f 747/747 583/583 748/748
f 747/747 749/749 750/750
f 747/747 750/750 581/581
f 747/747 748/748 751/751
f 747/747 751/751 749/749
f 581/581 750/750 752/752
f 581/581 752/752 582/582
f 582/582 752/752 753/753
f 582/582 753/753 584/584
f 588/588 754/754 755/755
f 588/588 755/755 589/589
f 589/589 755/755 756/756
f 589/589 756/756 592/592
f 592/592 757/757 758/758
f 592/592 758/758 593/593
f 592/592 756/756 759/759
f 592/592 759/759 757/757
f 757/757 759/759 760/760
f 757/757 760/760 758/758
f 761/761 596/596 598/598
f 761/761 598/598 762/762
f 761/761 763/763 764/764
f 761/761 764/764 596/596
f 761/761 762/762 765/765
f 761/761 765/765 763/763
f 596/596 764/764 766/766
f 596/596 766/766 597/597
f 597/597 766/766 767/767
f 597/597 767/767 599/599
f 602/602 768/768 769/769
f 602/602 769/769 603/603
f 603/603 769/769 770/770
f 603/603 770/770 606/606
f 606/606 771/771 772/772
f 606/606 772/772 607/607
f 606/606 770/770 773/773
f 606/606 773/773 771/771
f 771/771 773/773 774/774
f 771/771 774/774 772/772
f 762/762 598/598 609/609
f 762/762 609/609 775/775
f 762/762 775/775 776/776
f 762/762 776/776 765/765
f 607/607 772/772 777/777
f 607/607 777/777 611/611
f 772/772 774/774 778/778
f 772/772 778/778 777/777
f 775/775 609/609 613/613
f 775/775 613/613 779/779
f 775/775 779/779 780/780
f 775/775 780/780 776/776
f 611/611 777/777 781/781
f 611/611 781/781 615/615
f 777/777 778/778 782/782
f 777/777 782/782 781/781
f 783/783 616/616 618/618
f 783/783 618/618 784/784
f 783/783 785/785 786/786
f 783/783 786/786 616/616
f 783/783 784/784 787/787
f 783/783 787/787 785/785
f 620/620 788/788 789/789
f 620/620 789/789 621/621
f 620/620 790/790 791/791
f 620/620 791/791 788/788
f 788/788 791/791 792/792
f 788/788 792/792 789/789
f 784/784 618/618 623/623
f 784/784 623/623 793/793
f 793/793 623/623 794/794
f 793/793 794/794 795/795
f 784/784 793/793 795/795
f 784/784 795/795 787/787
f 621/621 789/789 796/796
f 621/621 796/796 624/624
f 624/624 796/796 797/797
f 624/624 797/797 798/798
f 789/789 792/792 797/797
f 789/789 797/797 796/796
f 799/799 630/630 629/629
f 799/799 629/629 800/800
f 800/800 629/629 801/801
f 800/800 801/801 802/802
f 799/799 800/800 802/802
f 799/799 802/802 803/803
f 629/629 628/628 804/804
f 629/629 804/804 801/801
f 628/628 631/631 805/805
f 628/628 805/805 804/804
f 631/631 632/632 806/806
f 631/631 806/806 805/805
f 632/632 633/633 807/807
f 632/632 807/807 806/806
f 633/633 634/634 808/808
f 633/633 808/808 807/807
f 634/634 635/635 809/809
f 634/634 809/809 808/808
f 635/635 636/636 810/810
f 635/635 810/810 809/809
f 636/636 637/637 811/811
f 636/636 811/811 810/810
f 637/637 638/638 812/812
f 637/637 812/812 811/811
f 638/638 639/639 813/813
f 638/638 813/813 812/812
f 639/639 640/640 814/814
f 639/639 814/814 813/813
f 640/640 641/641 815/815
f 640/640 815/815 814/814
f 641/641 642/642 816/816
f 641/641 816/816 815/815
f 642/642 645/645 817/817
f 642/642 817/817 816/816
f 646/646 818/818 819/819
f 646/646 819/819 645/645
f 645/645 819/819 820/820
f 645/645 820/820 817/817
f 818/818 821/821 820/820
f 818/818 820/820 819/819
f 649/649 822/822 823/823
f 649/649 823/823 650/650
f 649/649 651/651 824/824
f 649/649 824/824 822/822
f 650/650 823/823 825/825
f 650/650 825/825 652/652
f 652/652 825/825 826/826
f 652/652 826/826 653/653
f 653/653 826/826 827/827
f 653/653 827/827 654/654
f 654/654 827/827 828/828
f 654/654 828/828 655/655
f 655/655 828/828 829/829
f 655/655 829/829 656/656
f 656/656 829/829 830/830
f 656/656 830/830 657/657
f 657/657 830/830 831/831
f 657/657 831/831 658/658
f 658/658 831/831 832/832
f 658/658 832/832 659/659
f 659/659 832/832 833/833
f 659/659 833/833 660/660
f 660/660 833/833 834/834
f 660/660 834/834 661/661
f 661/661 834/834 835/835
f 661/661 835/835 662/662
f 662/662 835/835 836/836
f 662/662 836/836 663/663
f 663/663 836/836 837/837
f 663/663 837/837 664/664
f 664/664 837/837 838/838
f 664/664 838/838 665/665
f 665/665 838/838 839/839
f 665/665 839/839 668/668
f 668/668 839/839 840/840
f 668/668 840/840 669/669
f 672/672 841/841 842/842
f 672/672 842/842 673/673
f 672/672 674/674 843/843
f 672/672 843/843 841/841
f 677/677 844/844 845/845
f 677/677 845/845 678/678
f 678/678 845/845 846/846
f 678/678 846/846 679/679
f 682/682 681/681 847/847
f 682/682 847/847 848/848
f 674/674 682/682 848/848
f 674/674 848/848 843/843
f 685/685 684/684 849/849
f 685/685 849/849 850/850
f 679/679 846/846 849/849
f 679/679 849/849 684/684
f 689/689 688/688 851/851
f 689/689 851/851 852/852
f 690/690 689/689 852/852
f 690/690 852/852 853/853
f 688/688 691/691 854/854
f 688/688 854/854 851/851
f 691/691 692/692 855/855
f 691/691 855/855 854/854
f 692/692 693/693 856/856
f 692/692 856/856 855/855
f 698/698 699/699 857/857
f 698/698 857/857 858/858
f 699/699 700/700 859/859
f 699/699 859/859 857/857
f 700/700 701/701 860/860
f 700/700 860/860 859/859
f 701/701 704/704 861/861
f 701/701 861/861 860/860
f 705/705 862/862 861/861
f 705/705 861/861 704/704
f 863/863 864/864 865/865
f 863/863 865/865 866/866
f 863/863 866/866 867/867
f 863/863 867/867 868/868
f 864/864 711/711 710/710
f 864/864 710/710 865/865
f 718/718 869/869 870/870
f 718/718 870/870 719/719
f 869/869 871/871 872/872
f 869/869 872/872 870/870
f 871/871 873/873 874/874
f 871/871 874/874 872/872
f 866/866 865/865 875/875
f 866/866 875/875 876/876
f 876/876 875/875 877/877
f 876/876 877/877 878/878
f 866/866 876/876 878/878
f 866/866 878/878 867/867
f 865/865 710/710 723/723
f 865/865 723/723 875/875
f 875/875 723/723 879/879
f 875/875 879/879 877/877
f 719/719 870/870 880/880
f 719/719 880/880 729/729
f 729/729 880/880 881/881
f 729/729 881/881 882/882
f 870/870 872/872 883/883
f 870/870 883/883 880/880
f 880/880 883/883 884/884
f 880/880 884/884 881/881
f 872/872 874/874 884/884
f 872/872 884/884 883/883
f 885/885 886/886 887/887
f 885/885 887/887 888/888
f 888/888 887/887 889/889
f 888/888 889/889 890/890
f 885/885 888/888 890/890
f 885/885 890/890 891/891
f 886/886 892/892 893/893
f 886/886 893/893 887/887
f 887/887 893/893 894/894
f 887/887 894/894 889/889
f 892/892 895/895 896/896
f 892/892 896/896 893/893
f 893/893 896/896 897/897
f 893/893 897/897 894/894
f 895/895 898/898 899/899
f 895/895 899/899 896/896
f 896/896 899/899 900/900
f 896/896 900/900 897/897
f 898/898 901/901 900/900
f 898/898 900/900 899/899
f 902/902 903/903 904/904
f 902/902 904/904 905/905
f 905/905 904/904 906/906
f 905/905 906/906 907/907
f 902/902 908/908 909/909
f 902/902 909/909 903/903
f 902/902 905/905 907/907
f 902/902 907/907 908/908
f 903/903 910/910 911/911
f 903/903 911/911 904/904
f 904/904 911/911 912/912
f 904/904 912/912 906/906
f 903/903 909/909 913/913
f 903/903 913/913 910/910
f 910/910 914/914 915/915
f 910/910 915/915 911/911
f 911/911 915/915 916/916
f 911/911 916/916 912/912
f 910/910 913/913 917/917
f 910/910 917/917 914/914
f 914/914 918/918 919/919
f 914/914 919/919 915/915
f 915/915 919/919 920/920
f 915/915 920/920 916/916
f 914/914 917/917 921/921
f 914/914 921/921 918/918
f 918/918 921/921 920/920
f 918/918 920/920 919/919
f 922/922 923/923 924/924
f 922/922 924/924 925/925
f 925/925 924/924 926/926
f 925/925 926/926 927/927
f 922/922 928/928 929/929
f 922/922 929/929 923/923
f 922/922 925/925 927/927
f 922/922 927/927 928/928
f 923/923 930/930 931/931
f 923/923 931/931 924/924
f 924/924 931/931 932/932
f 924/924 932/932 926/926
f 923/923 929/929 933/933
f 923/923 933/933 930/930
f 930/930 934/934 935/935
f 930/930 935/935 931/931
f 931/931 935/935 936/936
f 931/931 936/936 932/932
f 930/930 933/933 937/937
f 930/930 937/937 934/934
f 934/934 938/938 939/939
f 934/934 939/939 935/935
f 935/935 939/939 940/940
f 935/935 940/940 936/936
f 934/934 937/937 941/941
f 934/934 941/941 938/938
f 938/938 941/941 940/940
f 938/938 940/940 939/939
f 942/942 943/943 944/944
f 942/942 944/944 945/945
f 945/945 944/944 946/946
f 945/945 946/946 947/947
f 942/942 948/948 949/949
f 942/942 949/949 943/943
f 942/942 945/945 947/947
f 942/942 947/947 948/948
f 943/943 950/950 951/951
f 943/943 951/951 944/944
f 944/944 951/951 952/952
f 944/944 952/952 946/946
f 943/943 949/949 953/953
f 943/943 953/953 950/950
f 950/950 954/954 955/955
f 950/950 955/955 951/951
f 951/951 955/955 956/956
f 951/951 956/956 952/952
f 950/950 953/953 957/957
f 950/950 957/957 954/954
f 954/954 958/958 959/959
f 954/954 959/959 955/955
f 955/955 959/959 960/960
f 955/955 960/960 956/956
f 954/954 957/957 961/961
f 954/954 961/961 958/958
f 958/958 961/961 960/960
f 958/958 960/960 959/959
f 962/962 963/963 964/964
f 962/962 964/964 965/965
f 962/962 966/966 967/967
f 962/962 967/967 963/963
f 962/962 965/965 968/968
f 962/962 968/968 966/966
f 963/963 734/734 736/736
f 963/963 736/736 964/964
f 963/963 967/967 969/969
f 963/963 969/969 734/734
f 734/734 969/969 970/970
f 734/734 970/970 735/735
f 735/735 970/970 971/971
f 735/735 971/971 739/739
f 739/739 971/971 972/972
f 739/739 972/972 742/742
f 742/742 972/972 973/973
f 742/742 973/973 745/745
f 745/745 974/974 975/975
f 745/745 975/975 746/746
f 745/745 973/973 976/976
f 745/745 976/976 974/974
f 974/974 977/977 978/978
f 974/974 978/978 975/975
f 974/974 976/976 979/979
f 974/974 979/979 977/977
f 977/977 979/979 980/980
f 977/977 980/980 978/978
f 981/981 749/749 751/751
f 981/981 751/751 982/982
f 981/981 983/983 984/984
f 981/981 984/984 749/749
f 981/981 982/982 985/985
f 981/981 985/985 983/983
f 749/749 984/984 986/986
f 749/749 986/986 750/750
f 756/756 987/987 988/988
f 756/756 988/988 759/759
f 759/759 989/989 990/990
f 759/759 990/990 760/760
f 759/759 988/988 991/991
f 759/759 991/991 989/989
f 989/989 991/991 992/992
f 989/989 992/992 990/990
f 763/763 993/993 994/994
f 763/763 994/994 764/764
f 763/763 765/765 995/995
f 763/763 995/995 993/993
f 764/764 994/994 996/996
f 764/764 996/996 766/766
f 769/769 997/997 998/998
f 769/769 998/998 770/770
f 770/770 998/998 999/999
f 770/770 999/999 773/773
f 773/773 999/999 1000/1000
f 773/773 1000/1000 774/774
f 765/765 776/776 1001/1001
f 765/765 1001/1001 995/995
f 774/774 1000/1000 1002/1002
f 774/774 1002/1002 778/778
f 776/776 780/780 1003/1003
f 776/776 1003/1003 1001/1001
f 778/778 1002/1002 1004/1004
f 778/778 1004/1004 782/782
f 785/785 1005/1005 1006/1006
f 785/785 1006/1006 786/786
f 785/785 787/787 1007/1007
f 785/785 1007/1007 1005/1005
f 790/790 1008/1008 1009/1009
f 790/790 1009/1009 791/791
f 791/791 1009/1009 1010/1010
f 791/791 1010/1010 792/792
f 795/795 794/794 1011/1011
f 795/795 1011/1011 1012/1012
f 787/787 795/795 1012/1012
f 787/787 1012/1012 1007/1007
f 798/798 797/797 1013/1013
f 798/798 1013/1013 1014/1014
f 792/792 1010/1010 1013/1013
f 792/792 1013/1013 797/797
f 802/802 801/801 1015/1015
f 802/802 1015/1015 1016/1016
f 803/803 802/802 1016/1016
f 803/803 1016/1016 1017/1017
f 801/801 804/804 1018/1018
f 801/801 1018/1018 1015/1015
f 804/804 805/805 1019/1019
f 804/804 1019/1019 1018/1018
f 805/805 806/806 1020/1020
f 805/805 1020/1020 1019/1019
f 806/806 807/807 1021/1021
f 806/806 1021/1021 1020/1020
f 807/807 808/808 1022/1022
f 807/807 1022/1022 1021/1021
f 808/808 809/809 1023/1023
f 808/808 1023/1023 1022/1022
f 809/809 810/810 1024/1024
f 809/809 1024/1024 1023/1023
f 810/810 811/811 1025/1025
f 810/810 1025/1025 1024/1024
f 811/811 812/812 1026/1026
f 811/811 1026/1026 1025/1025
f 812/812 813/813 1027/1027
f 812/812 1027/1027 1026/1026
f 813/813 814/814 1028/1028
f 813/813 1028/1028 1027/1027
f 814/814 815/815 1029/1029
f 814/814 1029/1029 1028/1028
f 815/815 816/816 1030/1030
f 815/815 1030/1030 1029/1029
f 816/816 817/817 1031/1031
f 816/816 1031/1031 1030/1030
f 817/817 820/820 1032/1032
f 817/817 1032/1032 1031/1031
f 821/821 1033/1033 1032/1032
f 821/821 1032/1032 820/820
f 1034/1034 822/822 824/824
f 1034/1034 824/824 1035/1035
f 1034/1034 1036/1036 1037/1037
f 1034/1034 1037/1037 822/822
f 1034/1034 1035/1035 1038/1038
f 1034/1034 1038/1038 1036/1036
f 822/822 1037/1037 1039/1039
f 822/822 1039/1039 823/823
f 823/823 1039/1039 1040/1040
f 823/823 1040/1040 825/825
f 825/825 1040/1040 1041/1041
f 825/825 1041/1041 826/826
f 826/826 1041/1041 1042/1042
f 826/826 1042/1042 827/827
f 827/827 1042/1042 1043/1043
f 827/827 1043/1043 828/828
f 828/828 1043/1043 1044/1044
f 828/828 1044/1044 829/829
f 829/829 1044/1044 1045/1045
f 829/829 1045/1045 830/830
f 830/830 1045/1045 1046/1046
f 830/830 1046/1046 831/831
f 831/831 1046/1046 1047/1047
f 831/831 1047/1047 832/832
f 832/832 1047/1047 1048/1048
f 832/832 1048/1048 833/833
f 833/833 1048/1048 1049/1049
f 833/833 1049/1049 834/834
f 834/834 1049/1049 1050/1050
f 834/834 1050/1050 835/835
f 835/835 1050/1050 1051/1051
f 835/835 1051/1051 836/836
f 836/836 1051/1051 1052/1052
f 836/836 1052/1052 837/837
f 837/837 1052/1052 1053/1053
f 837/837 1053/1053 838/838
f 838/838 1053/1053 1054/1054
f 838/838 1054/1054 839/839
f 839/839 1055/1055 1056/1056
f 839/839 1056/1056 840/840
f 839/839 1054/1054 1057/1057
f 839/839 1057/1057 1055/1055
f 1055/1055 1057/1057 1058/1058
f 1055/1055 1058/1058 1056/1056
f 1059/1059 841/841 843/843
f 1059/1059 843/843 1060/1060
f 1059/1059 1061/1061 1062/1062
f 1059/1059 1062/1062 841/841
f 1059/1059 1060/1060 1063/1063
f 1059/1059 1063/1063 1061/1061
f 845/845 1064/1064 1065/1065
f 845/845 1065/1065 846/846
f 845/845 1066/1066 1067/1067
f 845/845 1067/1067 1064/1064
f 1064/1064 1067/1067 1068/1068
f 1064/1064 1068/1068 1065/1065
f 1060/1060 843/843 848/848
f 1060/1060 848/848 1069/1069
f 1069/1069 848/848 1070/1070
f 1069/1069 1070/1070 1071/1071
f 1060/1060 1069/1069 1071/1071
f 1060/1060 1071/1071 1063/1063
f 846/846 1065/1065 1072/1072
f 846/846 1072/1072 849/849
f 849/849 1072/1072 1073/1073
f 849/849 1073/1073 1074/1074
f 1065/1065 1068/1068 1073/1073
f 1065/1065 1073/1073 1072/1072
f 1075/1075 853/853 852/852
f 1075/1075 852/852 1076/1076
f 1076/1076 852/852 1077/1077
f 1076/1076 1077/1077 1078/1078
f 1075/1075 1076/1076 1078/1078
f 1075/1075 1078/1078 1079/1079
f 852/852 851/851 1080/1080
f 852/852 1080/1080 1077/1077
f 851/851 854/854 1081/1081
f 851/851 1081/1081 1080/1080
f 854/854 855/855 1082/1082
f 854/854 1082/1082 1081/1081
f 855/855 856/856 1083/1083
f 855/855 1083/1083 1082/1082
f 858/858 857/857 1084/1084
f 858/858 1084/1084 1085/1085
f 857/857 859/859 1086/1086
f 857/857 1086/1086 1084/1084
f 859/859 860/860 1087/1087
f 859/859 1087/1087 1086/1086
f 860/860 861/861 1088/1088
f 860/860 1088/1088 1087/1087
f 862/862 1089/1089 1090/1090
f 862/862 1090/1090 861/861
f 861/861 1090/1090 1091/1091
f 861/861 1091/1091 1088/1088
f 1089/1089 1092/1092 1091/1091
f 1089/1089 1091/1091 1090/1090
f 868/868 867/867 1093/1093
f 868/868 1093/1093 1094/1094
f 873/873 1095/1095 1096/1096
f 873/873 1096/1096 874/874
f 878/878 877/877 1097/1097
f 878/878 1097/1097 1098/1098
f 867/867 878/878 1098/1098
f 867/867 1098/1098 1093/1093
f 881/881 884/884 1099/1099
f 881/881 1099/1099 1100/1100
f 874/874 1096/1096 1099/1099
f 874/874 1099/1099 884/884
f 1101/1101 891/891 890/890
f 1101/1101 890/890 1102/1102
f 1102/1102 890/890 1103/1103
f 1102/1102 1103/1103 1104/1104
f 1101/1101 1102/1102 1104/1104
f 1101/1101 1104/1104 1105/1105
f 890/890 889/889 1106/1106
f 890/890 1106/1106 1103/1103
f 889/889 894/894 1107/1107
f 889/889 1107/1107 1106/1106
f 894/894 897/897 1108/1108
f 894/894 1108/1108 1107/1107
f 897/897 900/900 1109/1109
f 897/897 1109/1109 1108/1108
f 901/901 1110/1110 1111/1111
f 901/901 1111/1111 900/900
f 900/900 1111/1111 1112/1112
f 900/900 1112/1112 1109/1109
f 1110/1110 1113/1113 1112/1112
f 1110/1110 1112/1112 1111/1111
f 1114/1114 1115/1115 1116/1116
f 1114/1114 1116/1116 1117/1117
f 1114/1114 1118/1118 1119/1119
f 1114/1114 1119/1119 1115/1115
f 1114/1114 1117/1117 1120/1120
f 1114/1114 1120/1120 1118/1118
f 1115/1115 1121/1121 1122/1122
f 1115/1115 1122/1122 1116/1116
f 1115/1115 1119/1119 1123/1123
f 1115/1115 1123/1123 1121/1121
f 1121/1121 1124/1124 1125/1125
f 1121/1121 1125/1125 1122/1122
f 1121/1121 1123/1123 1126/1126
f 1121/1121 1126/1126 1124/1124
f 1124/1124 1127/1127 1128/1128
f 1124/1124 1128/1128 1125/1125
f 1124/1124 1126/1126 1129/1129
f 1124/1124 1129/1129 1127/1127
f 1127/1127 1129/1129 1130/1130
f 1127/1127 1130/1130 1128/1128
f 1131/1131 908/908 907/907
f 1131/1131 907/907 1132/1132
f 1132/1132 907/907 1133/1133
f 1132/1132 1133/1133 1134/1134
f 1131/1131 1135/1135 1136/1136
f 1131/1131 1136/1136 908/908
f 1131/1131 1132/1132 1134/1134
f 1131/1131 1134/1134 1135/1135
f 921/921 1137/1137 1138/1138
f 921/921 1138/1138 920/920
f 920/920 1138/1138 1139/1139
f 920/920 1139/1139 1140/1140
f 921/921 1141/1141 1142/1142
f 921/921 1142/1142 1137/1137
f 1137/1137 1142/1142 1139/1139
f 1137/1137 1139/1139 1138/1138
f 1143/1143 1144/1144 1145/1145
f 1143/1143 1145/1145 1146/1146
f 1146/1146 1145/1145 1147/1147
f 1146/1146 1147/1147 1148/1148
f 1143/1143 1146/1146 1148/1148
f 1143/1143 1148/1148 1149/1149
f 1144/1144 1150/1150 1151/1151
f 1144/1144 1151/1151 1145/1145
f 1145/1145 1151/1151 1152/1152
f 1145/1145 1152/1152 1147/1147
f 1150/1150 1153/1153 1154/1154
f 1150/1150 1154/1154 1151/1151
f 1151/1151 1154/1154 1155/1155
f 1151/1151 1155/1155 1152/1152
f 1153/1153 1156/1156 1157/1157
f 1153/1153 1157/1157 1154/1154
f 1154/1154 1157/1157 1158/1158
f 1154/1154 1158/1158 1155/1155
f 1156/1156 1159/1159 1158/1158
f 1156/1156 1158/1158 1157/1157
f 1160/1160 1161/1161 1162/1162
f 1160/1160 1162/1162 1163/1163
f 1160/1160 1164/1164 1165/1165
f 1160/1160 1165/1165 1161/1161
f 1160/1160 1163/1163 1166/1166
f 1160/1160 1166/1166 1164/1164
f 1161/1161 1167/1167 1168/1168
f 1161/1161 1168/1168 1162/1162
f 1161/1161 1165/1165 1169/1169
f 1161/1161 1169/1169 1167/1167
f 1167/1167 1170/1170 1171/1171
f 1167/1167 1171/1171 1168/1168
f 1167/1167 1169/1169 1172/1172
f 1167/1167 1172/1172 1170/1170
f 1170/1170 1173/1173 1174/1174
f 1170/1170 1174/1174 1171/1171
f 1170/1170 1172/1172 1175/1175
f 1170/1170 1175/1175 1173/1173
f 1173/1173 1175/1175 1176/1176
f 1173/1173 1176/1176 1174/1174
f 1177/1177 928/928 927/927
f 1177/1177 927/927 1178/1178
f 1178/1178 927/927 1179/1179
f 1178/1178 1179/1179 1180/1180
f 1177/1177 1181/1181 1182/1182
f 1177/1177 1182/1182 928/928
f 1177/1177 1178/1178 1180/1180
f 1177/1177 1180/1180 1181/1181
f 941/941 1183/1183 1184/1184
f 941/941 1184/1184 940/940
f 940/940 1184/1184 1185/1185
f 940/940 1185/1185 1186/1186
f 941/941 1187/1187 1188/1188
f 941/941 1188/1188 1183/1183
f 1183/1183 1188/1188 1185/1185
f 1183/1183 1185/1185 1184/1184
f 1189/1189 1190/1190 1191/1191
f 1189/1189 1191/1191 1192/1192
f 1192/1192 1191/1191 1193/1193
f 1192/1192 1193/1193 1194/1194
f 1189/1189 1192/1192 1194/1194
f 1189/1189 1194/1194 1195/1195
f 1190/1190 1196/1196 1197/1197
f 1190/1190 1197/1197 1191/1191
f 1191/1191 1197/1197 1198/1198
f 1191/1191 1198/1198 1193/1193
f 1196/1196 1199/1199 1200/1200
f 1196/1196 1200/1200 1197/1197
f 1197/1197 1200/1200 1201/1201
f 1197/1197 1201/1201 1198/1198
f 1199/1199 1202/1202 1203/1203
f 1199/1199 1203/1203 1200/1200
f 1200/1200 1203/1203 1204/1204
f 1200/1200 1204/1204 1201/1201
f 1202/1202 1205/1205 1204/1204
f 1202/1202 1204/1204 1203/1203
f 1206/1206 1207/1207 1208/1208
f 1206/1206 1208/1208 1209/1209
f 1206/1206 1210/1210 1211/1211
f 1206/1206 1211/1211 1207/1207
f 1206/1206 1209/1209 1212/1212
f 1206/1206 1212/1212 1210/1210
f 1207/1207 1213/1213 1214/1214
f 1207/1207 1214/1214 1208/1208
f 1207/1207 1211/1211 1215/1215
f 1207/1207 1215/1215 1213/1213
f 1213/1213 1216/1216 1217/1217
f 1213/1213 1217/1217 1214/1214
f 1213/1213 1215/1215 1218/1218
f 1213/1213 1218/1218 1216/1216
f 1216/1216 1219/1219 1220/1220
f 1216/1216 1220/1220 1217/1217
f 1216/1216 1218/1218 1221/1221
f 1216/1216 1221/1221 1219/1219
f 1219/1219 1221/1221 1222/1222
f 1219/1219 1222/1222 1220/1220
f 1223/1223 948/948 947/947
f 1223/1223 947/947 1224/1224
f 1224/1224 947/947 1225/1225
f 1224/1224 1225/1225 1226/1226
f 1223/1223 1227/1227 1228/1228
f 1223/1223 1228/1228 948/948
f 1223/1223 1224/1224 1226/1226
f 1223/1223 1226/1226 1227/1227
f 961/961 1229/1229 1230/1230
f 961/961 1230/1230 960/960
f 960/960 1230/1230 1231/1231
f 960/960 1231/1231 1232/1232
f 961/961 1233/1233 1234/1234
f 961/961 1234/1234 1229/1229
f 1229/1229 1234/1234 1231/1231
f 1229/1229 1231/1231 1230/1230
f 1235/1235 1236/1236 1237/1237
f 1235/1235 1237/1237 1238/1238
f 1235/1235 1238/1238 1239/1239
f 1235/1235 1239/1239 1240/1240
f 1236/1236 1241/1241 1242/1242
f 1236/1236 1242/1242 1237/1237
f 1241/1241 1243/1243 1244/1244
f 1241/1241 1244/1244 1242/1242
f 1243/1243 1245/1245 1246/1246
f 1243/1243 1246/1246 1244/1244
f 1245/1245 1247/1247 1248/1248
f 1245/1245 1248/1248 1246/1246
f 1238/1238 1237/1237 1249/1249
f 1238/1238 1249/1249 1250/1250
f 1238/1238 1250/1250 1251/1251
f 1238/1238 1251/1251 1239/1239
f 1237/1237 1242/1242 1252/1252
f 1237/1237 1252/1252 1249/1249
f 1242/1242 1244/1244 1253/1253
f 1242/1242 1253/1253 1252/1252
f 1244/1244 1246/1246 1254/1254
f 1244/1244 1254/1254 1253/1253
f 1246/1246 1248/1248 1255/1255
f 1246/1246 1255/1255 1254/1254
f 966/966 1256/1256 1257/1257
f 966/966 1257/1257 967/967
f 966/966 968/968 1258/1258
f 966/966 1258/1258 1256/1256
f 967/967 1257/1257 1259/1259
f 967/967 1259/1259 969/969
f 973/973 1260/1260 1261/1261
f 973/973 1261/1261 976/976
f 976/976 1261/1261 1262/1262
f 976/976 1262/1262 979/979
f 979/979 1262/1262 1263/1263
f 979/979 1263/1263 980/980
f 1264/1264 983/983 985/985
f 1264/1264 985/985 1265/1265
f 1264/1264 1266/1266 1267/1267
f 1264/1264 1267/1267 983/983
f 1264/1264 1265/1265 1268/1268
f 1264/1264 1268/1268 1266/1266
f 983/983 1267/1267 1269/1269
f 983/983 1269/1269 984/984
f 984/984 1269/1269 1270/1270
f 984/984 1270/1270 986/986
f 987/987 1271/1271 1272/1272
f 987/987 1272/1272 988/988
f 988/988 1272/1272 1273/1273
f 988/988 1273/1273 991/991
f 991/991 1274/1274 1275/1275
f 991/991 1275/1275 992/992
f 991/991 1273/1273 1276/1276
f 991/991 1276/1276 1274/1274
f 1274/1274 1276/1276 1277/1277
f 1274/1274 1277/1277 1275/1275
f 1278/1278 993/993 995/995
f 1278/1278 995/995 1279/1279
f 1278/1278 1280/1280 1281/1281
f 1278/1278 1281/1281 993/993
f 1278/1278 1279/1279 1282/1282
f 1278/1278 1282/1282 1280/1280
f 993/993 1281/1281 1283/1283
f 993/993 1283/1283 994/994
f 998/998 1284/1284 1285/1285
f 998/998 1285/1285 999/999
f 999/999 1286/1286 1287/1287
f 999/999 1287/1287 1000/1000
f 999/999 1285/1285 1288/1288
f 999/999 1288/1288 1286/1286
f 1286/1286 1288/1288 1289/1289
f 1286/1286 1289/1289 1287/1287
f 1279/1279 995/995 1001/1001
f 1279/1279 1001/1001 1290/1290
f 1279/1279 1290/1290 1291/1291
f 1279/1279 1291/1291 1282/1282
f 1000/1000 1287/1287 1292/1292
f 1000/1000 1292/1292 1002/1002
f 1287/1287 1289/1289 1293/1293
f 1287/1287 1293/1293 1292/1292
f 1290/1290 1001/1001 1003/1003
f 1290/1290 1003/1003 1294/1294
f 1290/1290 1294/1294 1295/1295
f 1290/1290 1295/1295 1291/1291
f 1002/1002 1292/1292 1296/1296
f 1002/1002 1296/1296 1004/1004
f 1292/1292 1293/1293 1297/1297
f 1292/1292 1297/1297 1296/1296
f 1298/1298 1005/1005 1007/1007
f 1298/1298 1007/1007 1299/1299
f 1298/1298 1300/1300 1301/1301
f 1298/1298 1301/1301 1005/1005
f 1298/1298 1299/1299 1302/1302
f 1298/1298 1302/1302 1300/1300
f 1009/1009 1303/1303 1304/1304
f 1009/1009 1304/1304 1010/1010
f 1009/1009 1305/1305 1306/1306
f 1009/1009 1306/1306 1303/1303
f 1303/1303 1306/1306 1307/1307
f 1303/1303 1307/1307 1304/1304
f 1299/1299 1007/1007 1012/1012
f 1299/1299 1012/1012 1308/1308
f 1308/1308 1012/1012 1309/1309
f 1308/1308 1309/1309 1310/1310
f 1299/1299 1308/1308 1310/1310
f 1299/1299 1310/1310 1302/1302
f 1010/1010 1304/1304 1311/1311
f 1010/1010 1311/1311 1013/1013
f 1013/1013 1311/1311 1312/1312
f 1013/1013 1312/1312 1313/1313
f 1304/1304 1307/1307 1312/1312
f 1304/1304 1312/1312 1311/1311
f 1314/1314 1017/1017 1016/1016
f 1314/1314 1016/1016 1315/1315
f 1315/1315 1016/1016 1316/1316
f 1315/1315 1316/1316 1317/1317
f 1314/1314 1315/1315 1317/1317
f 1314/1314 1317/1317 1318/1318
f 1016/1016 1015/1015 1319/1319
f 1016/1016 1319/1319 1316/1316
f 1015/1015 1018/1018 1320/1320
f 1015/1015 1320/1320 1319/1319
f 1018/1018 1019/1019 1321/1321
f 1018/1018 1321/1321 1320/1320
f 1019/1019 1020/1020 1322/1322
f 1019/1019 1322/1322 1321/1321
f 1020/1020 1021/1021 1323/1323
f 1020/1020 1323/1323 1322/1322
f 1021/1021 1022/1022 1324/1324
f 1021/1021 1324/1324 1323/1323
f 1022/1022 1023/1023 1325/1325
f 1022/1022 1325/1325 1324/1324
f 1023/1023 1024/1024 1326/1326
f 1023/1023 1326/1326 1325/1325
f 1024/1024 1025/1025 1327/1327
f 1024/1024 1327/1327 1326/1326
f 1025/1025 1026/1026 1328/1328
f 1025/1025 1328/1328 1327/1327
f 1026/1026 1027/1027 1329/1329
f 1026/1026 1329/1329 1328/1328
f 1027/1027 1028/1028 1330/1330
f 1027/1027 1330/1330 1329/1329
f 1028/1028 1029/1029 1331/1331
f 1028/1028 1331/1331 1330/1330
f 1029/1029 1030/1030 1332/1332
f 1029/1029 1332/1332 1331/1331
f 1030/1030 1031/1031 1333/1333
f 1030/1030 1333/1333 1332/1332
f 1031/1031 1032/1032 1334/1334
f 1031/1031 1334/1334 1333/1333
f 1033/1033 1335/1335 1336/1336
f 1033/1033 1336/1336 1032/1032
f 1032/1032 1336/1336 1337/1337
f 1032/1032 1337/1337 1334/1334
f 1335/1335 1338/1338 1337/1337
f 1335/1335 1337/1337 1336/1336
f 1036/1036 1339/1339 1340/1340
f 1036/1036 1340/1340 1037/1037
f 1036/1036 1038/1038 1341/1341
f 1036/1036 1341/1341 1339/1339
f 1037/1037 1340/1340 1342/1342
f 1037/1037 1342/1342 1039/1039
f 1039/1039 1342/1342 1343/1343
f 1039/1039 1343/1343 1040/1040
f 1040/1040 1343/1343 1344/1344
f 1040/1040 1344/1344 1041/1041
f 1041/1041 1344/1344 1345/1345
f 1041/1041 1345/1345 1042/1042
f 1042/1042 1345/1345 1346/1346
f 1042/1042 1346/1346 1043/1043
f 1043/1043 1346/1346 1347/1347
f 1043/1043 1347/1347 1044/1044
f 1044/1044 1347/1347 1348/1348
f 1044/1044 1348/1348 1045/1045
f 1045/1045 1348/1348 1349/1349
f 1045/1045 1349/1349 1046/1046
f 1046/1046 1349/1349 1350/1350
f 1046/1046 1350/1350 1047/1047
f 1047/1047 1350/1350 1351/1351
f 1047/1047 1351/1351 1048/1048
f 1048/1048 1351/1351 1352/1352
f 1048/1048 1352/1352 1049/1049
f 1049/1049 1352/1352 1353/1353
f 1049/1049 1353/1353 1050/1050
f 1050/1050 1353/1353 1354/1354
f 1050/1050 1354/1354 1051/1051
f 1051/1051 1354/1354 1355/1355
f 1051/1051 1355/1355 1052/1052
f 1052/1052 1355/1355 1356/1356
f 1052/1052 1356/1356 1053/1053
f 1053/1053 1356/1356 1357/1357
f 1053/1053 1357/1357 1054/1054
f 1054/1054 1357/1357 1358/1358
f 1054/1054 1358/1358 1057/1057
f 1057/1057 1358/1358 1359/1359
f 1057/1057 1359/1359 1058/1058
f 1061/1061 1360/1360 1361/1361
f 1061/1061 1361/1361 1062/1062
f 1061/1061 1063/1063 1362/1362
f 1061/1061 1362/1362 1360/1360
f 1066/1066 1363/1363 1364/1364
f 1066/1066 1364/1364 1067/1067
f 1067/1067 1364/1364 1365/1365
f 1067/1067 1365/1365 1068/1068
f 1071/1071 1070/1070 1366/1366
f 1071/1071 1366/1366 1367/1367
f 1063/1063 1071/1071 1367/1367
f 1063/1063 1367/1367 1362/1362
f 1074/1074 1073/1073 1368/1368
f 1074/1074 1368/1368 1369/1369
f 1068/1068 1365/1365 1368/1368
f 1068/1068 1368/1368 1073/1073
f 1078/1078 1077/1077 1370/1370
f 1078/1078 1370/1370 1371/1371
f 1079/1079 1078/1078 1371/1371
f 1079/1079 1371/1371 1372/1372
f 1077/1077 1080/1080 1373/1373
f 1077/1077 1373/1373 1370/1370
f 1080/1080 1081/1081 1374/1374
f 1080/1080 1374/1374 1373/1373
f 1081/1081 1082/1082 1375/1375
f 1081/1081 1375/1375 1374/1374
f 1084/1084 1086/1086 1376/1376
f 1084/1084 1376/1376 1377/1377
f 1086/1086 1087/1087 1378/1378
f 1086/1086 1378/1378 1376/1376
f 1087/1087 1088/1088 1379/1379
f 1087/1087 1379/1379 1378/1378
f 1088/1088 1091/1091 1380/1380
f 1088/1088 1380/1380 1379/1379
f 1092/1092 1381/1381 1380/1380
f 1092/1092 1380/1380 1091/1091
f 1382/1382 1094/1094 1093/1093
f 1382/1382 1093/1093 1383/1383
f 1382/1382 1383/1383 1384/1384
f 1382/1382 1384/1384 1385/1385
f 1095/1095 1386/1386 1387/1387
f 1095/1095 1387/1387 1096/1096
f 1386/1386 1388/1388 1389/1389
f 1386/1386 1389/1389 1387/1387
f 1383/1383 1093/1093 1098/1098
f 1383/1383 1098/1098 1390/1390
f 1390/1390 1098/1098 1391/1391
f 1390/1390 1391/1391 1392/1392
f 1383/1383 1390/1390 1392/1392
f 1383/1383 1392/1392 1384/1384
f 1096/1096 1387/1387 1393/1393
f 1096/1096 1393/1393 1099/1099
f 1099/1099 1393/1393 1394/1394
f 1099/1099 1394/1394 1395/1395
f 1387/1387 1389/1389 1394/1394
f 1387/1387 1394/1394 1393/1393
f 1396/1396 1105/1105 1104/1104
f 1396/1396 1104/1104 1397/1397
f 1397/1397 1104/1104 1398/1398
f 1397/1397 1398/1398 1399/1399
f 1396/1396 1397/1397 1399/1399
f 1396/1396 1399/1399 1400/1400
f 1104/1104 1103/1103 1401/1401
f 1104/1104 1401/1401 1398/1398
f 1103/1103 1106/1106 1402/1402
f 1103/1103 1402/1402 1401/1401
f 1108/1108 1109/1109 1403/1403
f 1108/1108 1403/1403 1404/1404
f 1109/1109 1112/1112 1405/1405
f 1109/1109 1405/1405 1403/1403
f 1113/1113 1406/1406 1407/1407
f 1113/1113 1407/1407 1112/1112
f 1112/1112 1407/1407 1408/1408
f 1112/1112 1408/1408 1405/1405
f 1406/1406 1409/1409 1408/1408
f 1406/1406 1408/1408 1407/1407
f 1410/1410 1411/1411 1412/1412
f 1410/1410 1412/1412 1413/1413
f 1410/1410 1413/1413 1414/1414
f 1410/1410 1414/1414 1415/1415
f 1411/1411 1416/1416 1417/1417
f 1411/1411 1417/1417 1412/1412
f 1416/1416 1418/1418 1419/1419
f 1416/1416 1419/1419 1417/1417
f 1420/1420 1118/1118 1120/1120
f 1420/1420 1120/1120 1421/1421
f 1420/1420 1422/1422 1423/1423
f 1420/1420 1423/1423 1118/1118
f 1420/1420 1421/1421 1424/1424
f 1420/1420 1424/1424 1422/1422
f 1118/1118 1423/1423 1425/1425
f 1118/1118 1425/1425 1119/1119
f 1126/1126 1426/1426 1427/1427
f 1126/1126 1427/1427 1129/1129
f 1129/1129 1428/1428 1429/1429
f 1129/1129 1429/1429 1130/1130
f 1129/1129 1427/1427 1430/1430
f 1129/1129 1430/1430 1428/1428
f 1428/1428 1430/1430 1431/1431
f 1428/1428 1431/1431 1429/1429
f 1432/1432 1135/1135 1134/1134
f 1432/1432 1134/1134 1433/1433
f 1433/1433 1134/1134 1434/1434
f 1433/1433 1434/1434 1435/1435
f 1432/1432 1436/1436 1437/1437
f 1432/1432 1437/1437 1135/1135
f 1432/1432 1433/1433 1435/1435
f 1432/1432 1435/1435 1436/1436
f 1142/1142 1438/1438 1439/1439
f 1142/1142 1439/1439 1139/1139
f 1139/1139 1439/1439 1440/1440
f 1139/1139 1440/1440 1441/1441
f 1142/1142 1442/1442 1443/1443
f 1142/1142 1443/1443 1438/1438
f 1438/1438 1443/1443 1440/1440
f 1438/1438 1440/1440 1439/1439
f 1444/1444 1149/1149 1148/1148
f 1444/1444 1148/1148 1445/1445
f 1445/1445 1148/1148 1446/1446
f 1445/1445 1446/1446 1447/1447
f 1444/1444 1445/1445 1447/1447
f 1444/1444 1447/1447 1448/1448
f 1148/1148 1147/1147 1449/1449
f 1148/1148 1449/1449 1446/1446
f 1155/1155 1158/1158 1450/1450
f 1155/1155 1450/1450 1451/1451
f 1159/1159 1452/1452 1453/1453
f 1159/1159 1453/1453 1158/1158
f 1158/1158 1453/1453 1454/1454
f 1158/1158 1454/1454 1450/1450
f 1452/1452 1455/1455 1454/1454
f 1452/1452 1454/1454 1453/1453
f 1456/1456 1457/1457 1458/1458
f 1456/1456 1458/1458 1459/1459
f 1456/1456 1459/1459 1460/1460
f 1456/1456 1460/1460 1461/1461
f 1457/1457 1462/1462 1463/1463
f 1457/1457 1463/1463 1458/1458
f 1462/1462 1464/1464 1465/1465
f 1462/1462 1465/1465 1463/1463
f 1466/1466 1164/1164 1166/1166
f 1466/1466 1166/1166 1467/1467
f 1466/1466 1468/1468 1469/1469
f 1466/1466 1469/1469 1164/1164
f 1466/1466 1467/1467 1470/1470
f 1466/1466 1470/1470 1468/1468
f 1164/1164 1469/1469 1471/1471
f 1164/1164 1471/1471 1165/1165
f 1172/1172 1472/1472 1473/1473
f 1172/1172 1473/1473 1175/1175
f 1175/1175 1474/1474 1475/1475
f 1175/1175 1475/1475 1176/1176
f 1175/1175 1473/1473 1476/1476
f 1175/1175 1476/1476 1474/1474
f 1474/1474 1476/1476 1477/1477
f 1474/1474 1477/1477 1475/1475
f 1478/1478 1181/1181 1180/1180
f 1478/1478 1180/1180 1479/1479
f 1479/1479 1180/1180 1480/1480
f 1479/1479 1480/1480 1481/1481
f 1478/1478 1482/1482 1483/1483
f 1478/1478 1483/1483 1181/1181
f 1478/1478 1479/1479 1481/1481
f 1478/1478 1481/1481 1482/1482
f 1188/1188 1484/1484 1485/1485
f 1188/1188 1485/1485 1185/1185
f 1185/1185 1485/1485 1486/1486
f 1185/1185 1486/1486 1487/1487
f 1188/1188 1488/1488 1489/1489
f 1188/1188 1489/1489 1484/1484
f 1484/1484 1489/1489 1486/1486
f 1484/1484 1486/1486 1485/1485
f 1490/1490 1195/1195 1194/1194
f 1490/1490 1194/1194 1491/1491
f 1491/1491 1194/1194 1492/1492
f 1491/1491 1492/1492 1493/1493
f 1490/1490 1491/1491 1493/1493
f 1490/1490 1493/1493 1494/1494
f 1194/1194 1193/1193 1495/1495
f 1194/1194 1495/1495 1492/1492
f 1201/1201 1204/1204 1496/1496
f 1201/1201 1496/1496 1497/1497
f 1205/1205 1498/1498 1499/1499
f 1205/1205 1499/1499 1204/1204
f 1204/1204 1499/1499 1500/1500
f 1204/1204 1500/1500 1496/1496
f 1498/1498 1501/1501 1500/1500
f 1498/1498 1500/1500 1499/1499
f 1502/1502 1503/1503 1504/1504
f 1502/1502 1504/1504 1505/1505
f 1502/1502 1505/1505 1506/1506
f 1502/1502 1506/1506 1507/1507
f 1503/1503 1508/1508 1509/1509
f 1503/1503 1509/1509 1504/1504
f 1508/1508 1510/1510 1511/1511
f 1508/1508 1511/1511 1509/1509
f 1512/1512 1210/1210 1212/1212
f 1512/1512 1212/1212 1513/1513
f 1512/1512 1514/1514 1515/1515
f 1512/1512 1515/1515 1210/1210
f 1512/1512 1513/1513 1516/1516
f 1512/1512 1516/1516 1514/1514
f 1210/1210 1515/1515 1517/1517
f 1210/1210 1517/1517 1211/1211
f 1218/1218 1518/1518 1519/1519
f 1218/1218 1519/1519 1221/1221
f 1221/1221 1520/1520 1521/1521
f 1221/1221 1521/1521 1222/1222
f 1221/1221 1519/1519 1522/1522
f 1221/1221 1522/1522 1520/1520
f 1520/1520 1522/1522 1523/1523
f 1520/1520 1523/1523 1521/1521
f 1524/1524 1227/1227 1226/1226
f 1524/1524 1226/1226 1525/1525
f 1525/1525 1226/1226 1526/1526
f 1525/1525 1526/1526 1527/1527
f 1524/1524 1528/1528 1529/1529
f 1524/1524 1529/1529 1227/1227
f 1524/1524 1525/1525 1527/1527
f 1524/1524 1527/1527 1528/1528
f 1234/1234 1530/1530 1531/1531
f 1234/1234 1531/1531 1231/1231
f 1231/1231 1531/1531 1532/1532
f 1231/1231 1532/1532 1533/1533
f 1234/1234 1534/1534 1535/1535
f 1234/1234 1535/1535 1530/1530
f 1530/1530 1535/1535 1532/1532
f 1530/1530 1532/1532 1531/1531
f 1536/1536 1240/1240 1239/1239
f 1536/1536 1239/1239 1537/1537
f 1536/1536 1537/1537 1538/1538
f 1536/1536 1538/1538 1539/1539
f 1247/1247 1540/1540 1541/1541
f 1247/1247 1541/1541 1248/1248
f 1540/1540 1542/1542 1543/1543
f 1540/1540 1543/1543 1541/1541
f 1537/1537 1239/1239 1251/1251
f 1537/1537 1251/1251 1544/1544
f 1537/1537 1544/1544 1545/1545
f 1537/1537 1545/1545 1538/1538
f 1248/1248 1541/1541 1546/1546
f 1248/1248 1546/1546 1255/1255
f 1541/1541 1543/1543 1547/1547
f 1541/1541 1547/1547 1546/1546
f 1548/1548 1256/1256 1258/1258
f 1548/1548 1258/1258 1549/1549
f 1548/1548 1550/1550 1551/1551
f 1548/1548 1551/1551 1256/1256
f 1548/1548 1549/1549 1552/1552
f 1548/1548 1552/1552 1550/1550
f 1256/1256 1551/1551 1553/1553
f 1256/1256 1553/1553 1257/1257
f 1261/1261 1554/1554 1555/1555
f 1261/1261 1555/1555 1262/1262
f 1262/1262 1556/1556 1557/1557
f 1262/1262 1557/1557 1263/1263
f 1262/1262 1555/1555 1558/1558
f 1262/1262 1558/1558 1556/1556
f 1556/1556 1558/1558 1559/1559
f 1556/1556 1559/1559 1557/1557
f 1266/1266 1560/1560 1561/1561
f 1266/1266 1561/1561 1267/1267
f 1266/1266 1268/1268 1562/1562
f 1266/1266 1562/1562 1560/1560
f 1267/1267 1561/1561 1563/1563
f 1267/1267 1563/1563 1269/1269
f 1272/1272 1564/1564 1565/1565
f 1272/1272 1565/1565 1273/1273
f 1273/1273 1565/1565 1566/1566
f 1273/1273 1566/1566 1276/1276
f 1276/1276 1566/1566 1567/1567
f 1276/1276 1567/1567 1277/1277
f 1280/1280 1568/1568 1569/1569
f 1280/1280 1569/1569 1281/1281
f 1280/1280 1282/1282 1570/1570
f 1280/1280 1570/1570 1568/1568
f 1281/1281 1569/1569 1571/1571
f 1281/1281 1571/1571 1283/1283
f 1284/1284 1572/1572 1573/1573
f 1284/1284 1573/1573 1285/1285
f 1285/1285 1573/1573 1574/1574
f 1285/1285 1574/1574 1288/1288
f 1288/1288 1574/1574 1575/1575
f 1288/1288 1575/1575 1289/1289
f 1282/1282 1291/1291 1576/1576
f 1282/1282 1576/1576 1570/1570
f 1289/1289 1575/1575 1577/1577
f 1289/1289 1577/1577 1293/1293
f 1291/1291 1295/1295 1578/1578
f 1291/1291 1578/1578 1576/1576
f 1293/1293 1577/1577 1579/1579
f 1293/1293 1579/1579 1297/1297
f 1300/1300 1580/1580 1581/1581
f 1300/1300 1581/1581 1301/1301
f 1300/1300 1302/1302 1582/1582
f 1300/1300 1582/1582 1580/1580
f 1305/1305 1583/1583 1584/1584
f 1305/1305 1584/1584 1306/1306
f 1306/1306 1584/1584 1585/1585
f 1306/1306 1585/1585 1307/1307
f 1310/1310 1309/1309 1586/1586
f 1310/1310 1586/1586 1587/1587
f 1302/1302 1310/1310 1587/1587
f 1302/1302 1587/1587 1582/1582
f 1313/1313 1312/1312 1588/1588
f 1313/1313 1588/1588 1589/1589
f 1307/1307 1585/1585 1588/1588
f 1307/1307 1588/1588 1312/1312
f 1317/1317 1316/1316 1590/1590
f 1317/1317 1590/1590 1591/1591
f 1318/1318 1317/1317 1591/1591
f 1318/1318 1591/1591 1592/1592
f 1316/1316 1319/1319 1593/1593
f 1316/1316 1593/1593 1590/1590
f 1319/1319 1320/1320 1594/1594
f 1319/1319 1594/1594 1593/1593
f 1320/1320 1321/1321 1595/1595
f 1320/1320 1595/1595 1594/1594
f 1321/1321 1322/1322 1596/1596
f 1321/1321 1596/1596 1595/1595
f 1322/1322 1323/1323 1597/1597
f 1322/1322 1597/1597 1596/1596
f 1323/1323 1324/1324 1598/1598
f 1323/1323 1598/1598 1597/1597
f 1324/1324 1325/1325 1599/1599
f 1324/1324 1599/1599 1598/1598
f 1325/1325 1326/1326 1600/1600
f 1325/1325 1600/1600 1599/1599
f 1326/1326 1327/1327 1601/1601
f 1326/1326 1601/1601 1600/1600
f 1327/1327 1328/1328 1602/1602
f 1327/1327 1602/1602 1601/1601
f 1328/1328 1329/1329 1603/1603
f 1328/1328 1603/1603 1602/1602
f 1329/1329 1330/1330 1604/1604
f 1329/1329 1604/1604 1603/1603
f 1330/1330 1331/1331 1605/1605
f 1330/1330 1605/1605 1604/1604
f 1331/1331 1332/1332 1606/1606
f 1331/1331 1606/1606 1605/1605
f 1332/1332 1333/1333 1607/1607
f 1332/1332 1607/1607 1606/1606
f 1333/1333 1334/1334 1608/1608
f 1333/1333 1608/1608 1607/1607
f 1334/1334 1337/1337 1609/1609
f 1334/1334 1609/1609 1608/1608
f 1338/1338 1610/1610 1609/1609
f 1338/1338 1609/1609 1337/1337
f 1339/1339 1611/1611 1612/1612
f 1339/1339 1612/1612 1340/1340
f 1339/1339 1341/1341 1613/1613
f 1339/1339 1613/1613 1611/1611
f 1340/1340 1612/1612 1614/1614
f 1340/1340 1614/1614 1342/1342
f 1342/1342 1614/1614 1615/1615
f 1342/1342 1615/1615 1343/1343
f 1343/1343 1615/1615 1616/1616
f 1343/1343 1616/1616 1344/1344
f 1344/1344 1616/1616 1617/1617
f 1344/1344 1617/1617 1345/1345
f 1345/1345 1617/1617 1618/1618
f 1345/1345 1618/1618 1346/1346
f 1346/1346 1618/1618 1619/1619
f 1346/1346 1619/1619 1347/1347
f 1347/1347 1619/1619 1620/1620
f 1347/1347 1620/1620 1348/1348
f 1348/1348 1620/1620 1621/1621
f 1348/1348 1621/1621 1349/1349
f 1349/1349 1621/1621 1622/1622
f 1349/1349 1622/1622 1350/1350
f 1350/1350 1622/1622 1623/1623
f 1350/1350 1623/1623 1351/1351
f 1351/1351 1623/1623 1624/1624
f 1351/1351 1624/1624 1352/1352
f 1352/1352 1624/1624 1625/1625
f 1352/1352 1625/1625 1353/1353
f 1353/1353 1625/1625 1626/1626
f 1353/1353 1626/1626 1354/1354
f 1354/1354 1626/1626 1627/1627
f 1354/1354 1627/1627 1355/1355
f 1355/1355 1627/1627 1628/1628
f 1355/1355 1628/1628 1356/1356
f 1356/1356 1628/1628 1629/1629
f 1356/1356 1629/1629 1357/1357
f 1357/1357 1629/1629 1630/1630
f 1357/1357 1630/1630 1358/1358
f 1358/1358 1630/1630 1631/1631
f 1358/1358 1631/1631 1359/1359
f 1360/1360 1632/1632 1633/1633
f 1360/1360 1633/1633 1361/1361
f 1360/1360 1362/1362 1634/1634
f 1360/1360 1634/1634 1632/1632
f 1363/1363 1635/1635 1636/1636
f 1363/1363 1636/1636 1364/1364
f 1364/1364 1636/1636 1637/1637
f 1364/1364 1637/1637 1365/1365
f 1367/1367 1366/1366 1638/1638
f 1367/1367 1638/1638 1639/1639
f 1362/1362 1367/1367 1639/1639
f 1362/1362 1639/1639 1634/1634
f 1369/1369 1368/1368 1640/1640
f 1369/1369 1640/1640 1641/1641
f 1365/1365 1637/1637 1640/1640
f 1365/1365 1640/1640 1368/1368
f 1371/1371 1370/1370 1642/1642
f 1371/1371 1642/1642 1643/1643
f 1372/1372 1371/1371 1643/1643
f 1372/1372 1643/1643 1644/1644
f 1370/1370 1373/1373 1645/1645
f 1370/1370 1645/1645 1642/1642
f 1373/1373 1374/1374 1646/1646
f 1373/1373 1646/1646 1645/1645
f 1374/1374 1375/1375 1647/1647
f 1374/1374 1647/1647 1646/1646
f 1377/1377 1376/1376 1648/1648
f 1377/1377 1648/1648 1649/1649
f 1376/1376 1378/1378 1650/1650
f 1376/1376 1650/1650 1648/1648
f 1378/1378 1379/1379 1651/1651
f 1378/1378 1651/1651 1650/1650
f 1379/1379 1380/1380 1652/1652
f 1379/1379 1652/1652 1651/1651
f 1381/1381 1653/1653 1652/1652
f 1381/1381 1652/1652 1380/1380
f 1385/1385 1384/1384 1654/1654
f 1385/1385 1654/1654 1655/1655
f 1388/1388 1656/1656 1657/1657
f 1388/1388 1657/1657 1389/1389
f 1392/1392 1391/1391 1658/1658
f 1392/1392 1658/1658 1659/1659
f 1384/1384 1392/1392 1659/1659
f 1384/1384 1659/1659 1654/1654
f 1395/1395 1394/1394 1660/1660
f 1395/1395 1660/1660 1661/1661
f 1389/1389 1657/1657 1660/1660
f 1389/1389 1660/1660 1394/1394
f 1399/1399 1398/1398 1662/1662
f 1399/1399 1662/1662 1663/1663
f 1400/1400 1399/1399 1663/1663
f 1400/1400 1663/1663 1664/1664
f 1398/1398 1401/1401 1665/1665
f 1398/1398 1665/1665 1662/1662
f 1403/1403 1405/1405 1666/1666
f 1403/1403 1666/1666 1667/1667
f 1405/1405 1408/1408 1668/1668
f 1405/1405 1668/1668 1666/1666
f 1409/1409 1669/1669 1668/1668
f 1409/1409 1668/1668 1408/1408
f 1670/1670 1415/1415 1414/1414
f 1670/1670 1414/1414 1671/1671
f 1670/1670 1671/1671 1672/1672
f 1670/1670 1672/1672 1673/1673
f 1418/1418 1674/1674 1675/1675
f 1418/1418 1675/1675 1419/1419
f 1674/1674 1676/1676 1677/1677
f 1674/1674 1677/1677 1675/1675
f 1422/1422 1678/1678 1679/1679
f 1422/1422 1679/1679 1423/1423
f 1422/1422 1424/1424 1680/1680
f 1422/1422 1680/1680 1678/1678
f 1427/1427 1681/1681 1682/1682
f 1427/1427 1682/1682 1430/1430
f 1430/1430 1682/1682 1683/1683
f 1430/1430 1683/1683 1431/1431
f 1435/1435 1434/1434 1684/1684
f 1435/1435 1684/1684 1685/1685
f 1436/1436 1686/1686 1687/1687
f 1436/1436 1687/1687 1437/1437
f 1436/1436 1435/1435 1685/1685
f 1436/1436 1685/1685 1686/1686
f 1441/1441 1440/1440 1688/1688
f 1441/1441 1688/1688 1689/1689
f 1442/1442 1690/1690 1691/1691
f 1442/1442 1691/1691 1443/1443
f 1443/1443 1691/1691 1688/1688
f 1443/1443 1688/1688 1440/1440
f 1447/1447 1446/1446 1692/1692
f 1447/1447 1692/1692 1693/1693
f 1448/1448 1447/1447 1693/1693
f 1448/1448 1693/1693 1694/1694
f 1450/1450 1454/1454 1695/1695
f 1450/1450 1695/1695 1696/1696
f 1455/1455 1697/1697 1695/1695
f 1455/1455 1695/1695 1454/1454
f 1698/1698 1461/1461 1460/1460
f 1698/1698 1460/1460 1699/1699
f 1698/1698 1699/1699 1700/1700
f 1698/1698 1700/1700 1701/1701
f 1464/1464 1702/1702 1703/1703
f 1464/1464 1703/1703 1465/1465
f 1702/1702 1704/1704 1705/1705
f 1702/1702 1705/1705 1703/1703
f 1468/1468 1706/1706 1707/1707
f 1468/1468 1707/1707 1469/1469
f 1468/1468 1470/1470 1708/1708
f 1468/1468 1708/1708 1706/1706
f 1473/1473 1709/1709 1710/1710
f 1473/1473 1710/1710 1476/1476
f 1476/1476 1710/1710 1711/1711
f 1476/1476 1711/1711 1477/1477
f 1481/1481 1480/1480 1712/1712
f 1481/1481 1712/1712 1713/1713
f 1482/1482 1714/1714 1715/1715
f 1482/1482 1715/1715 1483/1483
f 1482/1482 1481/1481 1713/1713
f 1482/1482 1713/1713 1714/1714
f 1487/1487 1486/1486 1716/1716
f 1487/1487 1716/1716 1717/1717
f 1488/1488 1718/1718 1719/1719
f 1488/1488 1719/1719 1489/1489
f 1489/1489 1719/1719 1716/1716
f 1489/1489 1716/1716 1486/1486
f 1493/1493 1492/1492 1720/1720
f 1493/1493 1720/1720 1721/1721
f 1494/1494 1493/1493 1721/1721
f 1494/1494 1721/1721 1722/1722
f 1496/1496 1500/1500 1723/1723
f 1496/1496 1723/1723 1724/1724
f 1501/1501 1725/1725 1723/1723
f 1501/1501 1723/1723 1500/1500
f 1726/1726 1507/1507 1506/1506
f 1726/1726 1506/1506 1727/1727
f 1726/1726 1727/1727 1728/1728
f 1726/1726 1728/1728 1729/1729
f 1510/1510 1730/1730 1731/1731
f 1510/1510 1731/1731 1511/1511
f 1730/1730 1732/1732 1733/1733
f 1730/1730 1733/1733 1731/1731
f 1514/1514 1734/1734 1735/1735
f 1514/1514 1735/1735 1515/1515
f 1514/1514 1516/1516 1736/1736
f 1514/1514 1736/1736 1734/1734
f 1519/1519 1737/1737 1738/1738
f 1519/1519 1738/1738 1522/1522
f 1522/1522 1738/1738 1739/1739
f 1522/1522 1739/1739 1523/1523
f 1527/1527 1526/1526 1740/1740
f 1527/1527 1740/1740 1741/1741
f 1528/1528 1742/1742 1743/1743
f 1528/1528 1743/1743 1529/1529
f 1528/1528 1527/1527 1741/1741
f 1528/1528 1741/1741 1742/1742
f 1533/1533 1532/1532 1744/1744
f 1533/1533 1744/1744 1745/1745
f 1534/1534 1746/1746 1747/1747
f 1534/1534 1747/1747 1535/1535
f 1535/1535 1747/1747 1744/1744
f 1535/1535 1744/1744 1532/1532
f 1539/1539 1538/1538 1748/1748
f 1539/1539 1748/1748 1749/1749
f 1542/1542 1750/1750 1751/1751
f 1542/1542 1751/1751 1543/1543
f 1538/1538 1545/1545 1752/1752
f 1538/1538 1752/1752 1748/1748
f 1543/1543 1751/1751 1753/1753
f 1543/1543 1753/1753 1547/1547
f 1550/1550 1754/1754 1755/1755
f 1550/1550 1755/1755 1551/1551
f 1550/1550 1552/1552 1756/1756
f 1550/1550 1756/1756 1754/1754
f 1551/1551 1755/1755 1757/1757
f 1551/1551 1757/1757 1553/1553
f 1554/1554 1758/1758 1759/1759
f 1554/1554 1759/1759 1555/1555
f 1555/1555 1759/1759 1760/1760
f 1555/1555 1760/1760 1558/1558
f 1558/1558 1760/1760 1761/1761
f 1558/1558 1761/1761 1559/1559
f 1560/1560 1762/1762 1763/1763
f 1560/1560 1763/1763 1561/1561
f 1560/1560 1562/1562 1764/1764
f 1560/1560 1764/1764 1762/1762
f 1561/1561 1763/1763 1765/1765
f 1561/1561 1765/1765 1563/1563
f 1564/1564 1766/1766 1767/1767
f 1564/1564 1767/1767 1565/1565
f 1565/1565 1767/1767 1768/1768
f 1565/1565 1768/1768 1566/1566
f 1566/1566 1768/1768 1769/1769
f 1566/1566 1769/1769 1567/1567
f 1568/1568 1770/1770 1771/1771
f 1568/1568 1771/1771 1569/1569
f 1568/1568 1570/1570 1772/1772
f 1568/1568 1772/1772 1770/1770
f 1569/1569 1771/1771 1773/1773
f 1569/1569 1773/1773 1571/1571
f 1572/1572 1774/1774 1775/1775
f 1572/1572 1775/1775 1573/1573
f 1573/1573 1775/1775 1776/1776
f 1573/1573 1776/1776 1574/1574
f 1574/1574 1776/1776 1777/1777
f 1574/1574 1777/1777 1575/1575
f 1570/1570 1576/1576 1778/1778
f 1570/1570 1778/1778 1772/1772
f 1575/1575 1777/1777 1779/1779
f 1575/1575 1779/1779 1577/1577
f 1576/1576 1578/1578 1780/1780
f 1576/1576 1780/1780 1778/1778
f 1577/1577 1779/1779 1781/1781
f 1577/1577 1781/1781 1579/1579
f 1580/1580 1782/1782 1783/1783
f 1580/1580 1783/1783 1581/1581
f 1580/1580 1582/1582 1784/1784
f 1580/1580 1784/1784 1782/1782
f 1583/1583 1785/1785 1786/1786
f 1583/1583 1786/1786 1584/1584
f 1584/1584 1786/1786 1787/1787
f 1584/1584 1787/1787 1585/1585
f 1587/1587 1586/1586 1788/1788
f 1587/1587 1788/1788 1789/1789
f 1582/1582 1587/1587 1789/1789
f 1582/1582 1789/1789 1784/1784
f 1589/1589 1588/1588 1790/1790
f 1589/1589 1790/1790 1791/1791
f 1585/1585 1787/1787 1790/1790
f 1585/1585 1790/1790 1588/1588
f 1591/1591 1590/1590 1792/1792
f 1591/1591 1792/1792 1793/1793
f 1592/1592 1591/1591 1793/1793
f 1592/1592 1793/1793 1794/1794
f 1590/1590 1593/1593 1795/1795
f 1590/1590 1795/1795 1792/1792
f 1593/1593 1594/1594 1796/1796
f 1593/1593 1796/1796 1795/1795
f 1594/1594 1595/1595 1797/1797
f 1594/1594 1797/1797 1796/1796
f 1595/1595 1596/1596 1798/1798
f 1595/1595 1798/1798 1797/1797
f 1596/1596 1597/1597 1799/1799
f 1596/1596 1799/1799 1798/1798
f 1597/1597 1598/1598 1800/1800
f 1597/1597 1800/1800 1799/1799
f 1598/1598 1599/1599 1801/1801
f 1598/1598 1801/1801 1800/1800
f 1599/1599 1600/1600 1802/1802
f 1599/1599 1802/1802 1801/1801
f 1600/1600 1601/1601 1803/1803
f 1600/1600 1803/1803 1802/1802
f 1601/1601 1602/1602 1804/1804
f 1601/1601 1804/1804 1803/1803
f 1602/1602 1603/1603 1805/1805
f 1602/1602 1805/1805 1804/1804
f 1603/1603 1604/1604 1806/1806
f 1603/1603 1806/1806 1805/1805
f 1604/1604 1605/1605 1807/1807
f 1604/1604 1807/1807 1806/1806
f 1605/1605 1606/1606 1808/1808
f 1605/1605 1808/1808 1807/1807
f 1606/1606 1607/1607 1809/1809
f 1606/1606 1809/1809 1808/1808
f 1607/1607 1608/1608 1810/1810
f 1607/1607 1810/1810 1809/1809
f 1608/1608 1609/1609 1811/1811
f 1608/1608 1811/1811 1810/1810
f 1610/1610 1812/1812 1811/1811
f 1610/1610 1811/1811 1609/1609
f 1611/1611 1813/1813 1814/1814
f 1611/1611 1814/1814 1612/1612
f 1611/1611 1613/1613 1815/1815
f 1611/1611 1815/1815 1813/1813
f 1612/1612 1814/1814 1816/1816
f 1612/1612 1816/1816 1614/1614
f 1614/1614 1816/1816 1817/1817
f 1614/1614 1817/1817 1615/1615
f 1615/1615 1817/1817 1818/1818
f 1615/1615 1818/1818 1616/1616
f 1616/1616 1818/1818 1819/1819
f 1616/1616 1819/1819 1617/1617
f 1617/1617 1819/1819 1820/1820
f 1617/1617 1820/1820 1618/1618
f 1618/1618 1820/1820 1821/1821
f 1618/1618 1821/1821 1619/1619
f 1619/1619 1821/1821 1822/1822
f 1619/1619 1822/1822 1620/1620
f 1620/1620 1822/1822 1823/1823
f 1620/1620 1823/1823 1621/1621
f 1621/1621 1823/1823 1824/1824
f 1621/1621 1824/1824 1622/1622
f 1622/1622 1824/1824 1825/1825
f 1622/1622 1825/1825 1623/1623
f 1623/1623 1825/1825 1826/1826
f 1623/1623 1826/1826 1624/1624
f 1624/1624 1826/1826 1827/1827
f 1624/1624 1827/1827 1625/1625
f 1625/1625 1827/1827 1828/1828
f 1625/1625 1828/1828 1626/1626
f 1626/1626 1828/1828 1829/1829
f 1626/1626 1829/1829 1627/1627
f 1627/1627 1829/1829 1830/1830
f 1627/1627 1830/1830 1628/1628
f 1628/1628 1830/1830 1831/1831
f 1628/1628 1831/1831 1629/1629
f 1629/1629 1831/1831 1832/1832
f 1629/1629 1832/1832 1630/1630
f 1630/1630 1832/1832 1833/1833
f 1630/1630 1833/1833 1631/1631
f 1632/1632 1834/1834 1835/1835
f 1632/1632 1835/1835 1633/1633
f 1632/1632 1634/1634 1836/1836
f 1632/1632 1836/1836 1834/1834
f 1635/1635 1837/1837 1838/1838
f 1635/1635 1838/1838 1636/1636
f 1636/1636 1838/1838 1839/1839
f 1636/1636 1839/1839 1637/1637
f 1639/1639 1638/1638 1840/1840
f 1639/1639 1840/1840 1841/1841
f 1634/1634 1639/1639 1841/1841
f 1634/1634 1841/1841 1836/1836
f 1641/1641 1640/1640 1842/1842
f 1641/1641 1842/1842 1843/1843
f 1637/1637 1839/1839 1842/1842
f 1637/1637 1842/1842 1640/1640
f 1643/1643 1642/1642 1844/1844
f 1643/1643 1844/1844 1845/1845
f 1644/1644 1643/1643 1845/1845
f 1644/1644 1845/1845 1846/1846
f 1642/1642 1645/1645 1847/1847
f 1642/1642 1847/1847 1844/1844
f 1645/1645 1646/1646 1848/1848
f 1645/1645 1848/1848 1847/1847
f 1646/1646 1647/1647 1849/1849
f 1646/1646 1849/1849 1848/1848
f 1649/1649 1648/1648 1850/1850
f 1649/1649 1850/1850 1851/1851
f 1648/1648 1650/1650 1852/1852
f 1648/1648 1852/1852 1850/1850
f 1650/1650 1651/1651 1853/1853
f 1650/1650 1853/1853 1852/1852
f 1651/1651 1652/1652 1854/1854
f 1651/1651 1854/1854 1853/1853
f 1653/1653 1855/1855 1854/1854
f 1653/1653 1854/1854 1652/1652
f 1655/1655 1654/1654 1856/1856
f 1655/1655 1856/1856 1857/1857
f 1656/1656 1858/1858 1859/1859
f 1656/1656 1859/1859 1657/1657
f 1659/1659 1658/1658 1860/1860
f 1659/1659 1860/1860 1861/1861
f 1654/1654 1659/1659 1861/1861
f 1654/1654 1861/1861 1856/1856
f 1661/1661 1660/1660 1862/1862
f 1661/1661 1862/1862 1863/1863
f 1657/1657 1859/1859 1862/1862
f 1657/1657 1862/1862 1660/1660
f 1663/1663 1662/1662 1864/1864
f 1663/1663 1864/1864 1865/1865
f 1664/1664 1663/1663 1865/1865
f 1664/1664 1865/1865 1866/1866
f 1662/1662 1665/1665 1867/1867
f 1662/1662 1867/1867 1864/1864
f 1667/1667 1666/1666 1868/1868
f 1667/1667 1868/1868 1869/1869
f 1666/1666 1668/1668 1870/1870
f 1666/1666 1870/1870 1868/1868
f 1669/1669 1871/1871 1870/1870
f 1669/1669 1870/1870 1668/1668
f 1872/1872 1873/1873 1874/1874
f 1872/1872 1874/1874 1875/1875
f 1673/1673 1672/1672 1873/1873
f 1673/1673 1873/1873 1872/1872
f 1876/1876 1877/1877 1878/1878
f 1876/1876 1878/1878 1879/1879
f 1676/1676 1879/1879 1878/1878
f 1676/1676 1878/1878 1677/1677
f 1678/1678 1880/1880 1881/1881
f 1678/1678 1881/1881 1679/1679
f 1678/1678 1680/1680 1882/1882
f 1678/1678 1882/1882 1880/1880
f 1681/1681 1883/1883 1884/1884
f 1681/1681 1884/1884 1682/1682
f 1682/1682 1884/1884 1885/1885
f 1682/1682 1885/1885 1683/1683
f 1685/1685 1684/1684 1886/1886
f 1685/1685 1886/1886 1887/1887
f 1686/1686 1888/1888 1889/1889
f 1686/1686 1889/1889 1687/1687
f 1686/1686 1685/1685 1887/1887
f 1686/1686 1887/1887 1888/1888
f 1689/1689 1688/1688 1890/1890
f 1689/1689 1890/1890 1891/1891
f 1690/1690 1892/1892 1893/1893
f 1690/1690 1893/1893 1691/1691
f 1691/1691 1893/1893 1890/1890
f 1691/1691 1890/1890 1688/1688
f 1693/1693 1692/1692 1894/1894
f 1693/1693 1894/1894 1895/1895
f 1694/1694 1693/1693 1895/1895
f 1694/1694 1895/1895 1896/1896
f 1696/1696 1695/1695 1897/1897
f 1696/1696 1897/1897 1898/1898
f 1697/1697 1899/1899 1897/1897
f 1697/1697 1897/1897 1695/1695
f 1900/1900 1901/1901 1902/1902
f 1900/1900 1902/1902 1903/1903
f 1701/1701 1700/1700 1901/1901
f 1701/1701 1901/1901 1900/1900
f 1904/1904 1905/1905 1906/1906
f 1904/1904 1906/1906 1907/1907
f 1704/1704 1907/1907 1906/1906
f 1704/1704 1906/1906 1705/1705
f 1706/1706 1908/1908 1909/1909
f 1706/1706 1909/1909 1707/1707
f 1706/1706 1708/1708 1910/1910
f 1706/1706 1910/1910 1908/1908
f 1709/1709 1911/1911 1912/1912
f 1709/1709 1912/1912 1710/1710
f 1710/1710 1912/1912 1913/1913
f 1710/1710 1913/1913 1711/1711
f 1713/1713 1712/1712 1914/1914
f 1713/1713 1914/1914 1915/1915
f 1714/1714 1916/1916 1917/1917
f 1714/1714 1917/1917 1715/1715
f 1714/1714 1713/1713 1915/1915
f 1714/1714 1915/1915 1916/1916
f 1717/1717 1716/1716 1918/1918
f 1717/1717 1918/1918 1919/1919
f 1718/1718 1920/1920 1921/1921
f 1718/1718 1921/1921 1719/1719
f 1719/1719 1921/1921 1918/1918
f 1719/1719 1918/1918 1716/1716
f 1721/1721 1720/1720 1922/1922
f 1721/1721 1922/1922 1923/1923
f 1722/1722 1721/1721 1923/1923
f 1722/1722 1923/1923 1924/1924
f 1724/1724 1723/1723 1925/1925
f 1724/1724 1925/1925 1926/1926
f 1725/1725 1927/1927 1925/1925
f 1725/1725 1925/1925 1723/1723
f 1928/1928 1929/1929 1930/1930
f 1928/1928 1930/1930 1931/1931
f 1729/1729 1728/1728 1929/1929
f 1729/1729 1929/1929 1928/1928
f 1932/1932 1933/1933 1934/1934
f 1932/1932 1934/1934 1935/1935
f 1732/1732 1935/1935 1934/1934
f 1732/1732 1934/1934 1733/1733
f 1734/1734 1936/1936 1937/1937
f 1734/1734 1937/1937 1735/1735
f 1734/1734 1736/1736 1938/1938
f 1734/1734 1938/1938 1936/1936
f 1737/1737 1939/1939 1940/1940
f 1737/1737 1940/1940 1738/1738
f 1738/1738 1940/1940 1941/1941
f 1738/1738 1941/1941 1739/1739
f 1741/1741 1740/1740 1942/1942
f 1741/1741 1942/1942 1943/1943
f 1742/1742 1944/1944 1945/1945
f 1742/1742 1945/1945 1743/1743
f 1742/1742 1741/1741 1943/1943
f 1742/1742 1943/1943 1944/1944
f 1745/1745 1744/1744 1946/1946
f 1745/1745 1946/1946 1947/1947
f 1746/1746 1948/1948 1949/1949
f 1746/1746 1949/1949 1747/1747
f 1747/1747 1949/1949 1946/1946
f 1747/1747 1946/1946 1744/1744
f 1749/1749 1748/1748 1950/1950
f 1749/1749 1950/1950 1951/1951
f 1750/1750 1952/1952 1953/1953
f 1750/1750 1953/1953 1751/1751
f 1748/1748 1752/1752 1954/1954
f 1748/1748 1954/1954 1950/1950
f 1751/1751 1953/1953 1955/1955
f 1751/1751 1955/1955 1753/1753
f 1754/1754 1956/1956 1957/1957
f 1754/1754 1957/1957 1755/1755
f 1754/1754 1756/1756 1958/1958
f 1754/1754 1958/1958 1956/1956
f 1755/1755 1957/1957 1959/1959
f 1755/1755 1959/1959 1757/1757
f 1758/1758 1960/1960 1961/1961
f 1758/1758 1961/1961 1759/1759
f 1759/1759 1961/1961 1962/1962
f 1759/1759 1962/1962 1760/1760
f 1760/1760 1962/1962 1963/1963
f 1760/1760 1963/1963 1761/1761
f 1762/1762 1964/1964 1965/1965
f 1762/1762 1965/1965 1763/1763
f 1762/1762 1764/1764 1966/1966
f 1762/1762 1966/1966 1964/1964
f 1763/1763 1965/1965 1967/1967
f 1763/1763 1967/1967 1765/1765
f 1766/1766 1968/1968 1969/1969
f 1766/1766 1969/1969 1767/1767
f 1767/1767 1969/1969 1970/1970
f 1767/1767 1970/1970 1768/1768
f 1768/1768 1970/1970 1971/1971
f 1768/1768 1971/1971 1769/1769
f 1770/1770 1972/1972 1973/1973
f 1770/1770 1973/1973 1771/1771
f 1770/1770 1772/1772 1974/1974
f 1770/1770 1974/1974 1972/1972
f 1771/1771 1973/1973 1975/1975
f 1771/1771 1975/1975 1773/1773
f 1774/1774 1976/1976 1977/1977
f 1774/1774 1977/1977 1775/1775
f 1775/1775 1977/1977 1978/1978
f 1775/1775 1978/1978 1776/1776
f 1776/1776 1978/1978 1979/1979
f 1776/1776 1979/1979 1777/1777
f 1772/1772 1778/1778 1980/1980
f 1772/1772 1980/1980 1974/1974
f 1777/1777 1979/1979 1981/1981
f 1777/1777 1981/1981 1779/1779
f 1778/1778 1780/1780 1982/1982
f 1778/1778 1982/1982 1980/1980
f 1779/1779 1981/1981 1983/1983
f 1779/1779 1983/1983 1781/1781
f 1782/1782 1984/1984 1985/1985
f 1782/1782 1985/1985 1783/1783
f 1782/1782 1784/1784 1986/1986
f 1782/1782 1986/1986 1984/1984
f 1785/1785 1987/1987 1988/1988
f 1785/1785 1988/1988 1786/1786
f 1786/1786 1988/1988 1989/1989
f 1786/1786 1989/1989 1787/1787
f 1789/1789 1788/1788 1990/1990
f 1789/1789 1990/1990 1991/1991
f 1784/1784 1789/1789 1991/1991
f 1784/1784 1991/1991 1986/1986
f 1791/1791 1790/1790 1992/1992
f 1791/1791 1992/1992 1993/1993
f 1787/1787 1989/1989 1992/1992
f 1787/1787 1992/1992 1790/1790
f 1793/1793 1792/1792 1994/1994
f 1793/1793 1994/1994 1995/1995
f 1794/1794 1793/1793 1995/1995
f 1794/1794 1995/1995 1996/1996
f 1792/1792 1795/1795 1997/1997
f 1792/1792 1997/1997 1994/1994
f 1795/1795 1796/1796 1998/1998
f 1795/1795 1998/1998 1997/1997
f 1796/1796 1797/1797 1999/1999
f 1796/1796 1999/1999 1998/1998
f 1797/1797 1798/1798 2000/2000
f 1797/1797 2000/2000 1999/1999
f 1798/1798 1799/1799 2001/2001
f 1798/1798 2001/2001 2000/2000
f 1799/1799 1800/1800 2002/2002
f 1799/1799 2002/2002 2001/2001
f 1800/1800 1801/1801 2003/2003
f 1800/1800 2003/2003 2002/2002
f 1801/1801 1802/1802 2004/2004
f 1801/1801 2004/2004 2003/2003
f 1802/1802 1803/1803 2005/2005
f 1802/1802 2005/2005 2004/2004
f 1803/1803 1804/1804 2006/2006
f 1803/1803 2006/2006 2005/2005
f 1804/1804 1805/1805 2007/2007
f 1804/1804 2007/2007 2006/2006
f 1805/1805 1806/1806 2008/2008
f 1805/1805 2008/2008 2007/2007
f 1806/1806 1807/1807 2009/2009
f 1806/1806 2009/2009 2008/2008
f 1807/1807 1808/1808 2010/2010
f 1807/1807 2010/2010 2009/2009
f 1808/1808 1809/1809 2011/2011
f 1808/1808 2011/2011 2010/2010
f 1809/1809 1810/1810 2012/2012
f 1809/1809 2012/2012 2011/2011
f 1810/1810 1811/1811 2013/2013
f 1810/1810 2013/2013 2012/2012
f 1812/1812 2014/2014 2013/2013
f 1812/1812 2013/2013 1811/1811
f 1813/1813 2015/2015 2016/2016
f 1813/1813 2016/2016 1814/1814
f 1813/1813 1815/1815 2017/2017
f 1813/1813 2017/2017 2015/2015
f 1814/1814 2016/2016 2018/2018
f 1814/1814 2018/2018 1816/1816
f 1816/1816 2018/2018 2019/2019
f 1816/1816 2019/2019 1817/1817
f 1817/1817 2019/2019 2020/2020
f 1817/1817 2020/2020 1818/1818
f 1818/1818 2020/2020 2021/2021
f 1818/1818 2021/2021 1819/1819
f 1819/1819 2021/2021 2022/2022
f 1819/1819 2022/2022 1820/1820
f 1820/1820 2022/2022 2023/2023
f 1820/1820 2023/2023 1821/1821
f 1821/1821 2023/2023 2024/2024
f 1821/1821 2024/2024 1822/1822
f 1822/1822 2024/2024 2025/2025
f 1822/1822 2025/2025 1823/1823
f 1823/1823 2025/2025 2026/2026
f 1823/1823 2026/2026 1824/1824
f 1824/1824 2026/2026 2027/2027
f 1824/1824 2027/2027 1825/1825
f 1825/1825 2027/2027 2028/2028
f 1825/1825 2028/2028 1826/1826
f 1826/1826 2028/2028 2029/2029
f 1826/1826 2029/2029 1827/1827
f 1827/1827 2029/2029 2030/2030
f 1827/1827 2030/2030 1828/1828
f 1828/1828 2030/2030 2031/2031
f 1828/1828 2031/2031 1829/1829
f 1829/1829 2031/2031 2032/2032
f 1829/1829 2032/2032 1830/1830
f 1830/1830 2032/2032 2033/2033
f 1830/1830 2033/2033 1831/1831
f 1831/1831 2033/2033 2034/2034
f 1831/1831 2034/2034 1832/1832
f 1832/1832 2034/2034 2035/2035
f 1832/1832 2035/2035 1833/1833
f 1834/1834 2036/2036 2037/2037
f 1834/1834 2037/2037 1835/1835
f 1834/1834 1836/1836 2038/2038
f 1834/1834 2038/2038 2036/2036
f 1837/1837 2039/2039 2040/2040
f 1837/1837 2040/2040 1838/1838
f 1838/1838 2040/2040 2041/2041
f 1838/1838 2041/2041 1839/1839
f 1841/1841 1840/1840 2042/2042
f 1841/1841 2042/2042 2043/2043
f 1836/1836 1841/1841 2043/2043
f 1836/1836 2043/2043 2038/2038
f 1843/1843 1842/1842 2044/2044
f 1843/1843 2044/2044 2045/2045
f 1839/1839 2041/2041 2044/2044
f 1839/1839 2044/2044 1842/1842
f 1845/1845 1844/1844 2046/2046
f 1845/1845 2046/2046 2047/2047
f 1846/1846 1845/1845 2047/2047
f 1846/1846 2047/2047 2048/2048
f 1844/1844 1847/1847 2049/2049
f 1844/1844 2049/2049 2046/2046
f 1847/1847 1848/1848 2050/2050
f 1847/1847 2050/2050 2049/2049
f 1848/1848 1849/1849 2051/2051
f 1848/1848 2051/2051 2050/2050
f 1851/1851 1850/1850 2052/2052
f 1851/1851 2052/2052 2053/2053
f 1850/1850 1852/1852 2054/2054
f 1850/1850 2054/2054 2052/2052
f 1852/1852 1853/1853 2055/2055
f 1852/1852 2055/2055 2054/2054
f 1853/1853 1854/1854 2056/2056
f 1853/1853 2056/2056 2055/2055
f 1855/1855 2057/2057 2056/2056
f 1855/1855 2056/2056 1854/1854
f 2058/2058 2059/2059 2060/2060
f 2058/2058 2060/2060 2061/2061
f 1857/1857 1856/1856 2059/2059
f 1857/1857 2059/2059 2058/2058
f 2062/2062 2063/2063 2064/2064
f 2062/2062 2064/2064 2065/2065
f 1858/1858 2065/2065 2064/2064
f 1858/1858 2064/2064 1859/1859
f 2059/2059 2066/2066 2067/2067
f 2059/2059 2067/2067 2060/2060
f 1861/1861 1860/1860 2067/2067
f 1861/1861 2067/2067 2066/2066
f 1856/1856 1861/1861 2066/2066
f 1856/1856 2066/2066 2059/2059
f 2063/2063 2068/2068 2069/2069
f 2063/2063 2069/2069 2064/2064
f 1863/1863 1862/1862 2069/2069
f 1863/1863 2069/2069 2068/2068
f 1859/1859 2064/2064 2069/2069
f 1859/1859 2069/2069 1862/1862
f 2070/2070 2071/2071 2072/2072
f 2070/2070 2072/2072 2073/2073
f 1865/1865 1864/1864 2072/2072
f 1865/1865 2072/2072 2071/2071
f 1866/1866 1865/1865 2071/2071
f 1866/1866 2071/2071 2070/2070
f 1864/1864 1867/1867 2074/2074
f 1864/1864 2074/2074 2072/2072
f 1867/1867 2075/2075 2076/2076
f 1867/1867 2076/2076 2074/2074
f 2077/2077 1869/1869 2078/2078
f 2077/2077 2078/2078 2079/2079
f 1869/1869 1868/1868 2080/2080
f 1869/1869 2080/2080 2078/2078
f 2081/2081 2080/2080 2082/2082
f 2081/2081 2082/2082 2083/2083
f 1868/1868 1870/1870 2082/2082
f 1868/1868 2082/2082 2080/2080
f 1871/1871 2083/2083 2082/2082
f 1871/1871 2082/2082 1870/1870
f 2084/2084 2085/2085 2086/2086
f 2084/2084 2086/2086 2087/2087
f 1875/1875 1874/1874 2085/2085
f 1875/1875 2085/2085 2084/2084
f 2087/2087 2086/2086 2088/2088
f 2087/2087 2088/2088 2089/2089
f 1876/1876 2089/2089 2088/2088
f 1876/1876 2088/2088 1877/1877
f 2090/2090 2091/2091 2092/2092
f 2090/2090 2092/2092 2093/2093
f 1880/1880 2090/2090 2093/2093
f 1880/1880 2093/2093 1881/1881
f 1880/1880 1882/1882 2091/2091
f 1880/1880 2091/2091 2090/2090
f 1881/1881 2093/2093 2094/2094
f 1881/1881 2094/2094 2095/2095
f 2096/2096 2097/2097 2098/2098
f 2096/2096 2098/2098 1883/1883
f 2098/2098 2099/2099 2100/2100
f 2098/2098 2100/2100 2101/2101
f 1883/1883 2098/2098 2101/2101
f 1883/1883 2101/2101 1884/1884
f 1884/1884 2101/2101 2100/2100
f 1884/1884 2100/2100 1885/1885
f 2102/2102 2103/2103 2104/2104
f 2102/2102 2104/2104 2105/2105
f 1887/1887 1886/1886 2104/2104
f 1887/1887 2104/2104 2103/2103
f 1888/1888 2102/2102 2105/2105
f 1888/1888 2105/2105 1889/1889
f 1888/1888 1887/1887 2103/2103
f 1888/1888 2103/2103 2102/2102
f 2106/2106 2107/2107 2108/2108
f 2106/2106 2108/2108 2109/2109
f 1891/1891 1890/1890 2108/2108
f 1891/1891 2108/2108 2107/2107
f 1892/1892 2106/2106 2109/2109
f 1892/1892 2109/2109 1893/1893
f 1893/1893 2109/2109 2108/2108
f 1893/1893 2108/2108 1890/1890
f 2110/2110 2111/2111 2112/2112
f 2110/2110 2112/2112 2113/2113
f 1895/1895 1894/1894 2112/2112
f 1895/1895 2112/2112 2111/2111
f 1896/1896 1895/1895 2111/2111
f 1896/1896 2111/2111 2110/2110
f 1894/1894 2114/2114 2115/2115
f 1894/1894 2115/2115 2112/2112
f 2116/2116 1898/1898 2117/2117
f 2116/2116 2117/2117 2118/2118
f 2119/2119 2117/2117 2120/2120
f 2119/2119 2120/2120 2121/2121
f 1898/1898 1897/1897 2120/2120
f 1898/1898 2120/2120 2117/2117
f 1899/1899 2121/2121 2120/2120
f 1899/1899 2120/2120 1897/1897
f 2122/2122 2123/2123 2124/2124
f 2122/2122 2124/2124 2125/2125
f 1903/1903 1902/1902 2123/2123
f 1903/1903 2123/2123 2122/2122
f 2125/2125 2124/2124 2126/2126
f 2125/2125 2126/2126 2127/2127
f 1904/1904 2127/2127 2126/2126
f 1904/1904 2126/2126 1905/1905
f 2128/2128 2129/2129 2130/2130
f 2128/2128 2130/2130 2131/2131
f 1908/1908 2128/2128 2131/2131
f 1908/1908 2131/2131 1909/1909
f 1908/1908 1910/1910 2129/2129
f 1908/1908 2129/2129 2128/2128
f 1909/1909 2131/2131 2132/2132
f 1909/1909 2132/2132 2133/2133
f 2134/2134 2135/2135 2136/2136
f 2134/2134 2136/2136 1911/1911
f 2136/2136 2137/2137 2138/2138
f 2136/2136 2138/2138 2139/2139
f 1911/1911 2136/2136 2139/2139
f 1911/1911 2139/2139 1912/1912
f 1912/1912 2139/2139 2138/2138
f 1912/1912 2138/2138 1913/1913
f 2140/2140 2141/2141 2142/2142
f 2140/2140 2142/2142 2143/2143
f 1915/1915 1914/1914 2142/2142
f 1915/1915 2142/2142 2141/2141
f 1916/1916 2140/2140 2143/2143
f 1916/1916 2143/2143 1917/1917
f 1916/1916 1915/1915 2141/2141
f 1916/1916 2141/2141 2140/2140
f 2144/2144 2145/2145 2146/2146
f 2144/2144 2146/2146 2147/2147
f 1919/1919 1918/1918 2146/2146
f 1919/1919 2146/2146 2145/2145
f 1920/1920 2144/2144 2147/2147
f 1920/1920 2147/2147 1921/1921
f 1921/1921 2147/2147 2146/2146
f 1921/1921 2146/2146 1918/1918
f 2148/2148 2149/2149 2150/2150
f 2148/2148 2150/2150 2151/2151
f 1923/1923 1922/1922 2150/2150
f 1923/1923 2150/2150 2149/2149
f 1924/1924 1923/1923 2149/2149
f 1924/1924 2149/2149 2148/2148
f 1922/1922 2152/2152 2153/2153
f 1922/1922 2153/2153 2150/2150
f 2154/2154 1926/1926 2155/2155
f 2154/2154 2155/2155 2156/2156
f 2157/2157 2155/2155 2158/2158
f 2157/2157 2158/2158 2159/2159
f 1926/1926 1925/1925 2158/2158
f 1926/1926 2158/2158 2155/2155
f 1927/1927 2159/2159 2158/2158
f 1927/1927 2158/2158 1925/1925
f 2160/2160 2161/2161 2162/2162
f 2160/2160 2162/2162 2163/2163
f 1931/1931 1930/1930 2161/2161
f 1931/1931 2161/2161 2160/2160
f 2163/2163 2162/2162 2164/2164
f 2163/2163 2164/2164 2165/2165
f 1932/1932 2165/2165 2164/2164
f 1932/1932 2164/2164 1933/1933
f 2166/2166 2167/2167 2168/2168
f 2166/2166 2168/2168 2169/2169
f 1936/1936 2166/2166 2169/2169
f 1936/1936 2169/2169 1937/1937
f 1936/1936 1938/1938 2167/2167
f 1936/1936 2167/2167 2166/2166
f 1937/1937 2169/2169 2170/2170
f 1937/1937 2170/2170 2171/2171
f 2172/2172 2173/2173 2174/2174
f 2172/2172 2174/2174 1939/1939
f 2174/2174 2175/2175 2176/2176
f 2174/2174 2176/2176 2177/2177
f 1939/1939 2174/2174 2177/2177
f 1939/1939 2177/2177 1940/1940
f 1940/1940 2177/2177 2176/2176
f 1940/1940 2176/2176 1941/1941
f 2178/2178 2179/2179 2180/2180
f 2178/2178 2180/2180 2181/2181
f 1943/1943 1942/1942 2180/2180
f 1943/1943 2180/2180 2179/2179
f 1944/1944 2178/2178 2181/2181
f 1944/1944 2181/2181 1945/1945
f 1944/1944 1943/1943 2179/2179
f 1944/1944 2179/2179 2178/2178
f 2182/2182 2183/2183 2184/2184
f 2182/2182 2184/2184 2185/2185
f 1947/1947 1946/1946 2184/2184
f 1947/1947 2184/2184 2183/2183
f 1948/1948 2182/2182 2185/2185
f 1948/1948 2185/2185 1949/1949
f 1949/1949 2185/2185 2184/2184
f 1949/1949 2184/2184 1946/1946
f 2186/2186 2187/2187 2188/2188
f 2186/2186 2188/2188 2189/2189
f 1951/1951 1950/1950 2187/2187
f 1951/1951 2187/2187 2186/2186
f 2190/2190 2191/2191 2192/2192
f 2190/2190 2192/2192 2193/2193
f 1952/1952 2193/2193 2192/2192
f 1952/1952 2192/2192 1953/1953
f 2187/2187 2194/2194 2195/2195
f 2187/2187 2195/2195 2188/2188
f 1950/1950 1954/1954 2194/2194
f 1950/1950 2194/2194 2187/2187
f 2191/2191 2196/2196 2197/2197
f 2191/2191 2197/2197 2192/2192
f 1953/1953 2192/2192 2197/2197
f 1953/1953 2197/2197 1955/1955
f 2198/2198 2199/2199 2200/2200
f 2198/2198 2200/2200 2201/2201
f 1956/1956 2198/2198 2201/2201
f 1956/1956 2201/2201 1957/1957
f 1956/1956 1958/1958 2199/2199
f 1956/1956 2199/2199 2198/2198
f 1957/1957 2201/2201 2202/2202
f 1957/1957 2202/2202 1959/1959
f 1960/1960 2203/2203 2204/2204
f 1960/1960 2204/2204 1961/1961
f 2204/2204 2205/2205 2206/2206
f 2204/2204 2206/2206 2207/2207
f 1961/1961 2204/2204 2207/2207
f 1961/1961 2207/2207 1962/1962
f 1962/1962 2207/2207 2206/2206
f 1962/1962 2206/2206 1963/1963
f 1964/1964 2208/2208 2209/2209
f 1964/1964 2209/2209 1965/1965
f 1964/1964 1966/1966 2210/2210
f 1964/1964 2210/2210 2208/2208
f 1965/1965 2209/2209 2211/2211
f 1965/1965 2211/2211 1967/1967
f 1968/1968 2212/2212 2213/2213
f 1968/1968 2213/2213 1969/1969
f 1969/1969 2213/2213 2214/2214
f 1969/1969 2214/2214 1970/1970
f 1970/1970 2214/2214 2215/2215
f 1970/1970 2215/2215 1971/1971
f 1972/1972 2216/2216 2217/2217
f 1972/1972 2217/2217 1973/1973
f 1972/1972 1974/1974 2218/2218
f 1972/1972 2218/2218 2216/2216
f 1973/1973 2217/2217 2219/2219
f 1973/1973 2219/2219 1975/1975
f 1976/1976 2220/2220 2221/2221
f 1976/1976 2221/2221 1977/1977
f 1977/1977 2221/2221 2222/2222
f 1977/1977 2222/2222 1978/1978
f 1978/1978 2222/2222 2223/2223
f 1978/1978 2223/2223 1979/1979
f 1974/1974 1980/1980 2224/2224
f 1974/1974 2224/2224 2218/2218
f 1979/1979 2223/2223 2225/2225
f 1979/1979 2225/2225 1981/1981
f 1980/1980 1982/1982 2226/2226
f 1980/1980 2226/2226 2224/2224
f 1981/1981 2225/2225 2227/2227
f 1981/1981 2227/2227 1983/1983
f 1984/1984 2228/2228 2229/2229
f 1984/1984 2229/2229 1985/1985
f 1984/1984 1986/1986 2230/2230
f 1984/1984 2230/2230 2228/2228
f 1987/1987 2231/2231 2232/2232
f 1987/1987 2232/2232 1988/1988
f 1988/1988 2232/2232 2233/2233
f 1988/1988 2233/2233 1989/1989
f 1991/1991 1990/1990 2234/2234
f 1991/1991 2234/2234 2235/2235
f 1986/1986 1991/1991 2235/2235
f 1986/1986 2235/2235 2230/2230
f 1993/1993 1992/1992 2236/2236
f 1993/1993 2236/2236 2237/2237
f 1989/1989 2233/2233 2236/2236
f 1989/1989 2236/2236 1992/1992
f 1995/1995 1994/1994 2238/2238
f 1995/1995 2238/2238 2239/2239
f 1996/1996 1995/1995 2239/2239
f 1996/1996 2239/2239 2240/2240
f 1994/1994 1997/1997 2241/2241
f 1994/1994 2241/2241 2238/2238
f 1997/1997 1998/1998 2242/2242
f 1997/1997 2242/2242 2241/2241
f 1998/1998 1999/1999 2243/2243
f 1998/1998 2243/2243 2242/2242
f 1999/1999 2000/2000 2244/2244
f 1999/1999 2244/2244 2243/2243
f 2000/2000 2001/2001 2245/2245
f 2000/2000 2245/2245 2244/2244
f 2001/2001 2002/2002 2246/2246
f 2001/2001 2246/2246 2245/2245
f 2002/2002 2003/2003 2247/2247
f 2002/2002 2247/2247 2246/2246
f 2003/2003 2004/2004 2248/2248
f 2003/2003 2248/2248 2247/2247
f 2004/2004 2005/2005 2249/2249
f 2004/2004 2249/2249 2248/2248
f 2005/2005 2006/2006 2250/2250
f 2005/2005 2250/2250 2249/2249
f 2006/2006 2007/2007 2251/2251
f 2006/2006 2251/2251 2250/2250
f 2007/2007 2008/2008 2252/2252
f 2007/2007 2252/2252 2251/2251
f 2008/2008 2009/2009 2253/2253
f 2008/2008 2253/2253 2252/2252
f 2009/2009 2010/2010 2254/2254
f 2009/2009 2254/2254 2253/2253
f 2010/2010 2011/2011 2255/2255
f 2010/2010 2255/2255 2254/2254
f 2011/2011 2012/2012 2256/2256
f 2011/2011 2256/2256 2255/2255
f 2012/2012 2013/2013 2257/2257
f 2012/2012 2257/2257 2256/2256
f 2014/2014 2258/2258 2257/2257
f 2014/2014 2257/2257 2013/2013
f 2259/2259 2260/2260 2261/2261
f 2259/2259 2261/2261 2262/2262
f 2015/2015 2259/2259 2262/2262
f 2015/2015 2262/2262 2016/2016
f 2015/2015 2017/2017 2260/2260
f 2015/2015 2260/2260 2259/2259
f 2016/2016 2262/2262 2263/2263
f 2016/2016 2263/2263 2018/2018
f 2018/2018 2263/2263 2264/2264
f 2018/2018 2264/2264 2019/2019
f 2019/2019 2264/2264 2265/2265
f 2019/2019 2265/2265 2020/2020
f 2020/2020 2265/2265 2266/2266
f 2020/2020 2266/2266 2021/2021
f 2021/2021 2266/2266 2267/2267
f 2021/2021 2267/2267 2022/2022
f 2022/2022 2267/2267 2268/2268
f 2022/2022 2268/2268 2023/2023
f 2023/2023 2268/2268 2269/2269
f 2023/2023 2269/2269 2024/2024
f 2024/2024 2269/2269 2270/2270
f 2024/2024 2270/2270 2025/2025
f 2025/2025 2270/2270 2271/2271
f 2025/2025 2271/2271 2026/2026
f 2026/2026 2271/2271 2272/2272
f 2026/2026 2272/2272 2027/2027
f 2027/2027 2272/2272 2273/2273
f 2027/2027 2273/2273 2028/2028
f 2028/2028 2273/2273 2274/2274
f 2028/2028 2274/2274 2029/2029
f 2029/2029 2274/2274 2275/2275
f 2029/2029 2275/2275 2030/2030
f 2030/2030 2275/2275 2276/2276
f 2030/2030 2276/2276 2031/2031
f 2031/2031 2276/2276 2277/2277
f 2031/2031 2277/2277 2032/2032
f 2032/2032 2277/2277 2278/2278
f 2032/2032 2278/2278 2033/2033
f 2278/2278 2279/2279 2280/2280
f 2278/2278 2280/2280 2281/2281
f 2033/2033 2278/2278 2281/2281
f 2033/2033 2281/2281 2034/2034
f 2034/2034 2281/2281 2280/2280
f 2034/2034 2280/2280 2035/2035
f 2282/2282 2283/2283 2284/2284
f 2282/2282 2284/2284 2285/2285
f 2036/2036 2282/2282 2285/2285
f 2036/2036 2285/2285 2037/2037
f 2036/2036 2038/2038 2283/2283
f 2036/2036 2283/2283 2282/2282
f 2286/2286 2287/2287 2288/2288
f 2286/2286 2288/2288 2289/2289
f 2039/2039 2286/2286 2289/2289
f 2039/2039 2289/2289 2040/2040
f 2040/2040 2289/2289 2288/2288
f 2040/2040 2288/2288 2041/2041
f 2283/2283 2290/2290 2291/2291
f 2283/2283 2291/2291 2284/2284
f 2043/2043 2042/2042 2291/2291
f 2043/2043 2291/2291 2290/2290
f 2038/2038 2043/2043 2290/2290
f 2038/2038 2290/2290 2283/2283
f 2287/2287 2292/2292 2293/2293
f 2287/2287 2293/2293 2288/2288
f 2045/2045 2044/2044 2293/2293
f 2045/2045 2293/2293 2292/2292
f 2041/2041 2288/2288 2293/2293
f 2041/2041 2293/2293 2044/2044
f 2294/2294 2295/2295 2296/2296
f 2294/2294 2296/2296 2297/2297
f 2047/2047 2046/2046 2296/2296
f 2047/2047 2296/2296 2295/2295
f 2048/2048 2047/2047 2295/2295
f 2048/2048 2295/2295 2294/2294
f 2046/2046 2049/2049 2298/2298
f 2046/2046 2298/2298 2296/2296
f 2049/2049 2050/2050 2299/2299
f 2049/2049 2299/2299 2298/2298
f 2050/2050 2051/2051 2300/2300
f 2050/2050 2300/2300 2299/2299
f 2051/2051 2301/2301 2302/2302
f 2051/2051 2302/2302 2300/2300
f 2303/2303 2053/2053 2304/2304
f 2303/2303 2304/2304 2305/2305
f 2053/2053 2052/2052 2306/2306
f 2053/2053 2306/2306 2304/2304
f 2052/2052 2054/2054 2307/2307
f 2052/2052 2307/2307 2306/2306
f 2054/2054 2055/2055 2308/2308
f 2054/2054 2308/2308 2307/2307
f 2309/2309 2308/2308 2310/2310
f 2309/2309 2310/2310 2311/2311
f 2055/2055 2056/2056 2310/2310
f 2055/2055 2310/2310 2308/2308
f 2057/2057 2311/2311 2310/2310
f 2057/2057 2310/2310 2056/2056
f 2061/2061 2060/2060 2312/2312
f 2061/2061 2312/2312 2313/2313
f 2062/2062 2314/2314 2315/2315
f 2062/2062 2315/2315 2063/2063
f 2067/2067 2316/2316 2317/2317
f 2067/2067 2317/2317 2318/2318
f 2060/2060 2067/2067 2318/2318
f 2060/2060 2318/2318 2312/2312
f 2319/2319 2068/2068 2320/2320
f 2319/2319 2320/2320 2321/2321
f 2063/2063 2315/2315 2320/2320
f 2063/2063 2320/2320 2068/2068
f 2322/2322 2323/2323 2324/2324
f 2322/2322 2324/2324 2325/2325
f 2072/2072 2074/2074 2324/2324
f 2072/2072 2324/2324 2323/2323
f 2073/2073 2072/2072 2323/2323
f 2073/2073 2323/2323 2322/2322
f 2074/2074 2076/2076 2326/2326
f 2074/2074 2326/2326 2324/2324
f 2076/2076 2327/2327 2328/2328
f 2076/2076 2328/2328 2326/2326
f 2327/2327 2079/2079 2329/2329
f 2327/2327 2329/2329 2328/2328
f 2079/2079 2078/2078 2330/2330
f 2079/2079 2330/2330 2329/2329
f 2331/2331 2330/2330 2332/2332
f 2331/2331 2332/2332 2333/2333
f 2078/2078 2080/2080 2332/2332
f 2078/2078 2332/2332 2330/2330
f 2081/2081 2333/2333 2332/2332
f 2081/2081 2332/2332 2080/2080
f 2334/2334 2335/2335 2336/2336
f 2334/2334 2336/2336 2337/2337
f 2093/2093 2334/2334 2337/2337
f 2093/2093 2337/2337 2094/2094
f 2093/2093 2092/2092 2335/2335
f 2093/2093 2335/2335 2334/2334
f 2337/2337 2336/2336 2338/2338
f 2337/2337 2338/2338 2339/2339
f 2094/2094 2337/2337 2339/2339
f 2094/2094 2339/2339 2340/2340
f 2339/2339 2338/2338 2341/2341
f 2339/2339 2341/2341 2342/2342
f 2340/2340 2339/2339 2342/2342
f 2340/2340 2342/2342 2097/2097
f 2342/2342 2341/2341 2343/2343
f 2342/2342 2343/2343 2344/2344
f 2097/2097 2342/2342 2344/2344
f 2097/2097 2344/2344 2098/2098
f 2098/2098 2344/2344 2343/2343
f 2098/2098 2343/2343 2099/2099
f 2345/2345 2346/2346 2347/2347
f 2345/2345 2347/2347 2348/2348
f 2104/2104 2349/2349 2347/2347
f 2104/2104 2347/2347 2346/2346
f 2105/2105 2345/2345 2348/2348
f 2105/2105 2348/2348 2350/2350
f 2105/2105 2104/2104 2346/2346
f 2105/2105 2346/2346 2345/2345
f 2351/2351 2352/2352 2353/2353
f 2351/2351 2353/2353 2354/2354
f 2355/2355 2107/2107 2353/2353
f 2355/2355 2353/2353 2352/2352
f 2356/2356 2351/2351 2354/2354
f 2356/2356 2354/2354 2106/2106
f 2106/2106 2354/2354 2353/2353
f 2106/2106 2353/2353 2107/2107
f 2357/2357 2358/2358 2359/2359
f 2357/2357 2359/2359 2360/2360
f 2112/2112 2115/2115 2359/2359
f 2112/2112 2359/2359 2358/2358
f 2113/2113 2112/2112 2358/2358
f 2113/2113 2358/2358 2357/2357
f 2360/2360 2359/2359 2361/2361
f 2360/2360 2361/2361 2362/2362
f 2115/2115 2363/2363 2361/2361
f 2115/2115 2361/2361 2359/2359
f 2362/2362 2361/2361 2364/2364
f 2362/2362 2364/2364 2365/2365
f 2363/2363 2118/2118 2364/2364
f 2363/2363 2364/2364 2361/2361
f 2365/2365 2364/2364 2366/2366
f 2365/2365 2366/2366 2367/2367
f 2118/2118 2117/2117 2366/2366
f 2118/2118 2366/2366 2364/2364
f 2119/2119 2367/2367 2366/2366
f 2119/2119 2366/2366 2117/2117
f 2368/2368 2369/2369 2370/2370
f 2368/2368 2370/2370 2371/2371
f 2131/2131 2368/2368 2371/2371
f 2131/2131 2371/2371 2132/2132
f 2131/2131 2130/2130 2369/2369
f 2131/2131 2369/2369 2368/2368
f 2371/2371 2370/2370 2372/2372
f 2371/2371 2372/2372 2373/2373
f 2132/2132 2371/2371 2373/2373
f 2132/2132 2373/2373 2374/2374
f 2373/2373 2372/2372 2375/2375
f 2373/2373 2375/2375 2376/2376
f 2374/2374 2373/2373 2376/2376
f 2374/2374 2376/2376 2135/2135
f 2376/2376 2375/2375 2377/2377
f 2376/2376 2377/2377 2378/2378
f 2135/2135 2376/2376 2378/2378
f 2135/2135 2378/2378 2136/2136
f 2136/2136 2378/2378 2377/2377
f 2136/2136 2377/2377 2137/2137
f 2379/2379 2380/2380 2381/2381
f 2379/2379 2381/2381 2382/2382
f 2142/2142 2383/2383 2381/2381
f 2142/2142 2381/2381 2380/2380
f 2143/2143 2379/2379 2382/2382
f 2143/2143 2382/2382 2384/2384
f 2143/2143 2142/2142 2380/2380
f 2143/2143 2380/2380 2379/2379
f 2385/2385 2386/2386 2387/2387
f 2385/2385 2387/2387 2388/2388
f 2389/2389 2145/2145 2387/2387
f 2389/2389 2387/2387 2386/2386
f 2390/2390 2385/2385 2388/2388
f 2390/2390 2388/2388 2144/2144
f 2144/2144 2388/2388 2387/2387
f 2144/2144 2387/2387 2145/2145
f 2391/2391 2392/2392 2393/2393
f 2391/2391 2393/2393 2394/2394
f 2150/2150 2153/2153 2393/2393
f 2150/2150 2393/2393 2392/2392
f 2151/2151 2150/2150 2392/2392
f 2151/2151 2392/2392 2391/2391
f 2394/2394 2393/2393 2395/2395
f 2394/2394 2395/2395 2396/2396
f 2153/2153 2397/2397 2395/2395
f 2153/2153 2395/2395 2393/2393
f 2396/2396 2395/2395 2398/2398
f 2396/2396 2398/2398 2399/2399
f 2397/2397 2156/2156 2398/2398
f 2397/2397 2398/2398 2395/2395
f 2399/2399 2398/2398 2400/2400
f 2399/2399 2400/2400 2401/2401
f 2156/2156 2155/2155 2400/2400
f 2156/2156 2400/2400 2398/2398
f 2157/2157 2401/2401 2400/2400
f 2157/2157 2400/2400 2155/2155
f 2402/2402 2403/2403 2404/2404
f 2402/2402 2404/2404 2405/2405
f 2169/2169 2402/2402 2405/2405
f 2169/2169 2405/2405 2170/2170
f 2169/2169 2168/2168 2403/2403
f 2169/2169 2403/2403 2402/2402
f 2405/2405 2404/2404 2406/2406
f 2405/2405 2406/2406 2407/2407
f 2170/2170 2405/2405 2407/2407
f 2170/2170 2407/2407 2408/2408
f 2407/2407 2406/2406 2409/2409
f 2407/2407 2409/2409 2410/2410
f 2408/2408 2407/2407 2410/2410
f 2408/2408 2410/2410 2173/2173
f 2410/2410 2409/2409 2411/2411
f 2410/2410 2411/2411 2412/2412
f 2173/2173 2410/2410 2412/2412
f 2173/2173 2412/2412 2174/2174
f 2174/2174 2412/2412 2411/2411
f 2174/2174 2411/2411 2175/2175
f 2413/2413 2414/2414 2415/2415
f 2413/2413 2415/2415 2416/2416
f 2180/2180 2417/2417 2415/2415
f 2180/2180 2415/2415 2414/2414
f 2181/2181 2413/2413 2416/2416
f 2181/2181 2416/2416 2418/2418
f 2181/2181 2180/2180 2414/2414
f 2181/2181 2414/2414 2413/2413
f 2419/2419 2420/2420 2421/2421
f 2419/2419 2421/2421 2422/2422
f 2423/2423 2183/2183 2421/2421
f 2423/2423 2421/2421 2420/2420
f 2424/2424 2419/2419 2422/2422
f 2424/2424 2422/2422 2182/2182
f 2182/2182 2422/2422 2421/2421
f 2182/2182 2421/2421 2183/2183
f 2425/2425 2426/2426 2427/2427
f 2425/2425 2427/2427 2428/2428
f 2189/2189 2188/2188 2426/2426
f 2189/2189 2426/2426 2425/2425
f 2428/2428 2427/2427 2429/2429
f 2428/2428 2429/2429 2430/2430
f 2430/2430 2429/2429 2431/2431
f 2430/2430 2431/2431 2432/2432
f 2432/2432 2431/2431 2433/2433
f 2432/2432 2433/2433 2434/2434
f 2190/2190 2434/2434 2433/2433
f 2190/2190 2433/2433 2191/2191
f 2426/2426 2435/2435 2436/2436
f 2426/2426 2436/2436 2427/2427
f 2188/2188 2195/2195 2435/2435
f 2188/2188 2435/2435 2426/2426
f 2427/2427 2436/2436 2437/2437
f 2427/2427 2437/2437 2429/2429
f 2429/2429 2437/2437 2438/2438
f 2429/2429 2438/2438 2431/2431
f 2431/2431 2438/2438 2439/2439
f 2431/2431 2439/2439 2433/2433
f 2191/2191 2433/2433 2439/2439
f 2191/2191 2439/2439 2196/2196
f 2201/2201 2440/2440 2441/2441
f 2201/2201 2441/2441 2202/2202
f 2201/2201 2200/2200 2442/2442
f 2201/2201 2442/2442 2440/2440
f 2202/2202 2441/2441 2443/2443
f 2202/2202 2443/2443 2444/2444
f 2445/2445 2446/2446 2447/2447
f 2445/2445 2447/2447 2203/2203
f 2203/2203 2447/2447 2448/2448
f 2203/2203 2448/2448 2204/2204
f 2204/2204 2448/2448 2449/2449
f 2204/2204 2449/2449 2205/2205
f 2450/2450 2451/2451 2452/2452
f 2450/2450 2452/2452 2453/2453
f 2208/2208 2450/2450 2453/2453
f 2208/2208 2453/2453 2209/2209
f 2208/2208 2210/2210 2451/2451
f 2208/2208 2451/2451 2450/2450
f 2209/2209 2453/2453 2454/2454
f 2209/2209 2454/2454 2211/2211
f 2211/2211 2454/2454 2455/2455
f 2211/2211 2455/2455 2456/2456
f 2457/2457 2458/2458 2459/2459
f 2457/2457 2459/2459 2212/2212
f 2212/2212 2459/2459 2460/2460
f 2212/2212 2460/2460 2213/2213
f 2460/2460 2461/2461 2462/2462
f 2460/2460 2462/2462 2463/2463
f 2213/2213 2460/2460 2463/2463
f 2213/2213 2463/2463 2214/2214
f 2214/2214 2463/2463 2462/2462
f 2214/2214 2462/2462 2215/2215
f 2464/2464 2465/2465 2466/2466
f 2464/2464 2466/2466 2467/2467
f 2216/2216 2464/2464 2467/2467
f 2216/2216 2467/2467 2217/2217
f 2216/2216 2218/2218 2465/2465
f 2216/2216 2465/2465 2464/2464
f 2217/2217 2467/2467 2468/2468
f 2217/2217 2468/2468 2219/2219
f 2220/2220 2469/2469 2470/2470
f 2220/2220 2470/2470 2221/2221
f 2470/2470 2471/2471 2472/2472
f 2470/2470 2472/2472 2473/2473
f 2221/2221 2470/2470 2473/2473
f 2221/2221 2473/2473 2222/2222
f 2222/2222 2473/2473 2472/2472
f 2222/2222 2472/2472 2223/2223
f 2465/2465 2474/2474 2475/2475
f 2465/2465 2475/2475 2466/2466
f 2218/2218 2224/2224 2474/2474
f 2218/2218 2474/2474 2465/2465
f 2471/2471 2476/2476 2477/2477
f 2471/2471 2477/2477 2472/2472
f 2223/2223 2472/2472 2477/2477
f 2223/2223 2477/2477 2225/2225
f 2474/2474 2478/2478 2479/2479
f 2474/2474 2479/2479 2475/2475
f 2224/2224 2226/2226 2478/2478
f 2224/2224 2478/2478 2474/2474
f 2476/2476 2480/2480 2481/2481
f 2476/2476 2481/2481 2477/2477
f 2225/2225 2477/2477 2481/2481
f 2225/2225 2481/2481 2227/2227
f 2482/2482 2483/2483 2484/2484
f 2482/2482 2484/2484 2485/2485
f 2228/2228 2482/2482 2485/2485
f 2228/2228 2485/2485 2229/2229
f 2228/2228 2230/2230 2483/2483
f 2228/2228 2483/2483 2482/2482
f 2486/2486 2487/2487 2488/2488
f 2486/2486 2488/2488 2489/2489
f 2231/2231 2486/2486 2489/2489
f 2231/2231 2489/2489 2232/2232
f 2232/2232 2489/2489 2488/2488
f 2232/2232 2488/2488 2233/2233
f 2483/2483 2490/2490 2491/2491
f 2483/2483 2491/2491 2484/2484
f 2235/2235 2234/2234 2491/2491
f 2235/2235 2491/2491 2490/2490
f 2230/2230 2235/2235 2490/2490
f 2230/2230 2490/2490 2483/2483
f 2487/2487 2492/2492 2493/2493
f 2487/2487 2493/2493 2488/2488
f 2237/2237 2236/2236 2493/2493
f 2237/2237 2493/2493 2492/2492
f 2233/2233 2488/2488 2493/2493
f 2233/2233 2493/2493 2236/2236
f 2494/2494 2495/2495 2496/2496
f 2494/2494 2496/2496 2497/2497
f 2239/2239 2238/2238 2496/2496
f 2239/2239 2496/2496 2495/2495
f 2240/2240 2239/2239 2495/2495
f 2240/2240 2495/2495 2494/2494
f 2238/2238 2241/2241 2498/2498
f 2238/2238 2498/2498 2496/2496
f 2241/2241 2242/2242 2499/2499
f 2241/2241 2499/2499 2498/2498
f 2242/2242 2243/2243 2500/2500
f 2242/2242 2500/2500 2499/2499
f 2243/2243 2244/2244 2501/2501
f 2243/2243 2501/2501 2500/2500
f 2244/2244 2245/2245 2502/2502
f 2244/2244 2502/2502 2501/2501
f 2245/2245 2246/2246 2503/2503
f 2245/2245 2503/2503 2502/2502
f 2246/2246 2247/2247 2504/2504
f 2246/2246 2504/2504 2503/2503
f 2247/2247 2248/2248 2505/2505
f 2247/2247 2505/2505 2504/2504
f 2248/2248 2249/2249 2506/2506
f 2248/2248 2506/2506 2505/2505
f 2249/2249 2250/2250 2507/2507
f 2249/2249 2507/2507 2506/2506
f 2250/2250 2251/2251 2508/2508
f 2250/2250 2508/2508 2507/2507
f 2251/2251 2252/2252 2509/2509
f 2251/2251 2509/2509 2508/2508
f 2252/2252 2253/2253 2510/2510
f 2252/2252 2510/2510 2509/2509
f 2253/2253 2254/2254 2511/2511
f 2253/2253 2511/2511 2510/2510
f 2254/2254 2255/2255 2512/2512
f 2254/2254 2512/2512 2511/2511
f 2255/2255 2256/2256 2513/2513
f 2255/2255 2513/2513 2512/2512
f 2514/2514 2513/2513 2515/2515
f 2514/2514 2515/2515 2516/2516
f 2256/2256 2257/2257 2515/2515
f 2256/2256 2515/2515 2513/2513
f 2258/2258 2516/2516 2515/2515
f 2258/2258 2515/2515 2257/2257
f 2262/2262 2517/2517 2518/2518
f 2262/2262 2518/2518 2263/2263
f 2262/2262 2261/2261 2519/2519
f 2262/2262 2519/2519 2517/2517
f 2263/2263 2518/2518 2520/2520
f 2263/2263 2520/2520 2264/2264
f 2264/2264 2520/2520 2521/2521
f 2264/2264 2521/2521 2265/2265
f 2265/2265 2521/2521 2522/2522
f 2265/2265 2522/2522 2266/2266
f 2266/2266 2522/2522 2523/2523
f 2266/2266 2523/2523 2267/2267
f 2267/2267 2523/2523 2524/2524
f 2267/2267 2524/2524 2268/2268
f 2268/2268 2524/2524 2525/2525
f 2268/2268 2525/2525 2269/2269
f 2269/2269 2525/2525 2526/2526
f 2269/2269 2526/2526 2270/2270
f 2270/2270 2526/2526 2527/2527
f 2270/2270 2527/2527 2271/2271
f 2271/2271 2527/2527 2528/2528
f 2271/2271 2528/2528 2272/2272
f 2272/2272 2528/2528 2529/2529
f 2272/2272 2529/2529 2273/2273
f 2273/2273 2529/2529 2530/2530
f 2273/2273 2530/2530 2274/2274
f 2274/2274 2530/2530 2531/2531
f 2274/2274 2531/2531 2275/2275
f 2275/2275 2531/2531 2532/2532
f 2275/2275 2532/2532 2276/2276
f 2276/2276 2532/2532 2533/2533
f 2276/2276 2533/2533 2277/2277
f 2277/2277 2533/2533 2534/2534
f 2277/2277 2534/2534 2278/2278
f 2278/2278 2534/2534 2535/2535
f 2278/2278 2535/2535 2279/2279
f 2285/2285 2536/2536 2537/2537
f 2285/2285 2537/2537 2538/2538
f 2285/2285 2284/2284 2539/2539
f 2285/2285 2539/2539 2536/2536
f 2540/2540 2541/2541 2542/2542
f 2540/2540 2542/2542 2286/2286
f 2286/2286 2542/2542 2543/2543
f 2286/2286 2543/2543 2287/2287
f 2291/2291 2544/2544 2545/2545
f 2291/2291 2545/2545 2546/2546
f 2284/2284 2291/2291 2546/2546
f 2284/2284 2546/2546 2539/2539
f 2547/2547 2292/2292 2548/2548
f 2547/2547 2548/2548 2549/2549
f 2287/2287 2543/2543 2548/2548
f 2287/2287 2548/2548 2292/2292
f 2296/2296 2298/2298 2550/2550
f 2296/2296 2550/2550 2551/2551
f 2297/2297 2296/2296 2551/2551
f 2297/2297 2551/2551 2552/2552
f 2298/2298 2299/2299 2553/2553
f 2298/2298 2553/2553 2550/2550
f 2299/2299 2300/2300 2554/2554
f 2299/2299 2554/2554 2553/2553
f 2300/2300 2302/2302 2555/2555
f 2300/2300 2555/2555 2554/2554
f 2305/2305 2304/2304 2556/2556
f 2305/2305 2556/2556 2557/2557
f 2304/2304 2306/2306 2558/2558
f 2304/2304 2558/2558 2556/2556
f 2306/2306 2307/2307 2559/2559
f 2306/2306 2559/2559 2558/2558
f 2307/2307 2308/2308 2560/2560
f 2307/2307 2560/2560 2559/2559
f 2309/2309 2561/2561 2560/2560
f 2309/2309 2560/2560 2308/2308
f 2562/2562 2563/2563 2564/2564
f 2562/2562 2564/2564 2565/2565
f 2313/2313 2312/2312 2563/2563
f 2313/2313 2563/2563 2562/2562
f 2565/2565 2564/2564 2566/2566
f 2565/2565 2566/2566 2567/2567
f 2568/2568 2569/2569 2570/2570
f 2568/2568 2570/2570 2571/2571
f 2571/2571 2570/2570 2572/2572
f 2571/2571 2572/2572 2573/2573
f 2314/2314 2573/2573 2572/2572
f 2314/2314 2572/2572 2315/2315
f 2563/2563 2574/2574 2575/2575
f 2563/2563 2575/2575 2564/2564
f 2318/2318 2317/2317 2575/2575
f 2318/2318 2575/2575 2574/2574
f 2312/2312 2318/2318 2574/2574
f 2312/2312 2574/2574 2563/2563
f 2564/2564 2575/2575 2576/2576
f 2564/2564 2576/2576 2566/2566
f 2317/2317 2577/2577 2576/2576
f 2317/2317 2576/2576 2575/2575
f 2569/2569 2578/2578 2579/2579
f 2569/2569 2579/2579 2570/2570
f 2580/2580 2321/2321 2579/2579
f 2580/2580 2579/2579 2578/2578
f 2570/2570 2579/2579 2581/2581
f 2570/2570 2581/2581 2572/2572
f 2321/2321 2320/2320 2581/2581
f 2321/2321 2581/2581 2579/2579
f 2315/2315 2572/2572 2581/2581
f 2315/2315 2581/2581 2320/2320
f 2582/2582 2583/2583 2584/2584
f 2582/2582 2584/2584 2585/2585
f 2324/2324 2326/2326 2584/2584
f 2324/2324 2584/2584 2583/2583
f 2325/2325 2324/2324 2583/2583
f 2325/2325 2583/2583 2582/2582
f 2585/2585 2584/2584 2586/2586
f 2585/2585 2586/2586 2587/2587
f 2326/2326 2328/2328 2586/2586
f 2326/2326 2586/2586 2584/2584
f 2587/2587 2586/2586 2588/2588
f 2587/2587 2588/2588 2589/2589
f 2328/2328 2329/2329 2588/2588
f 2328/2328 2588/2588 2586/2586
f 2589/2589 2588/2588 2590/2590
f 2589/2589 2590/2590 2591/2591
f 2329/2329 2330/2330 2590/2590
f 2329/2329 2590/2590 2588/2588
f 2331/2331 2591/2591 2590/2590
f 2331/2331 2590/2590 2330/2330
f 2592/2592 2593/2593 2594/2594
f 2592/2592 2594/2594 2595/2595
f 2347/2347 2596/2596 2594/2594
f 2347/2347 2594/2594 2593/2593
f 2348/2348 2592/2592 2595/2595
f 2348/2348 2595/2595 2597/2597
f 2348/2348 2347/2347 2593/2593
f 2348/2348 2593/2593 2592/2592
f 2595/2595 2594/2594 2598/2598
f 2595/2595 2598/2598 2599/2599
f 2596/2596 2600/2600 2598/2598
f 2596/2596 2598/2598 2594/2594
f 2597/2597 2595/2595 2599/2599
f 2597/2597 2599/2599 2601/2601
f 2599/2599 2598/2598 2602/2602
f 2599/2599 2602/2602 2603/2603
f 2600/2600 2604/2604 2602/2602
f 2600/2600 2602/2602 2598/2598
f 2601/2601 2599/2599 2603/2603
f 2601/2601 2603/2603 2605/2605
f 2603/2603 2602/2602 2606/2606
f 2603/2603 2606/2606 2607/2607
f 2604/2604 2352/2352 2606/2606
f 2604/2604 2606/2606 2602/2602
f 2605/2605 2603/2603 2607/2607
f 2605/2605 2607/2607 2351/2351
f 2351/2351 2607/2607 2606/2606
f 2351/2351 2606/2606 2352/2352
f 2608/2608 2609/2609 2610/2610
f 2608/2608 2610/2610 2611/2611
f 2381/2381 2612/2612 2610/2610
f 2381/2381 2610/2610 2609/2609
f 2382/2382 2608/2608 2611/2611
f 2382/2382 2611/2611 2613/2613
f 2382/2382 2381/2381 2609/2609
f 2382/2382 2609/2609 2608/2608
f 2611/2611 2610/2610 2614/2614
f 2611/2611 2614/2614 2615/2615
f 2612/2612 2616/2616 2614/2614
f 2612/2612 2614/2614 2610/2610
f 2613/2613 2611/2611 2615/2615
f 2613/2613 2615/2615 2617/2617
f 2615/2615 2614/2614 2618/2618
f 2615/2615 2618/2618 2619/2619
f 2616/2616 2620/2620 2618/2618
f 2616/2616 2618/2618 2614/2614
f 2617/2617 2615/2615 2619/2619
f 2617/2617 2619/2619 2621/2621
f 2619/2619 2618/2618 2622/2622
f 2619/2619 2622/2622 2623/2623
f 2620/2620 2386/2386 2622/2622
f 2620/2620 2622/2622 2618/2618
f 2621/2621 2619/2619 2623/2623
f 2621/2621 2623/2623 2385/2385
f 2385/2385 2623/2623 2622/2622
f 2385/2385 2622/2622 2386/2386
f 2624/2624 2625/2625 2626/2626
f 2624/2624 2626/2626 2627/2627
f 2415/2415 2628/2628 2626/2626
f 2415/2415 2626/2626 2625/2625
f 2416/2416 2624/2624 2627/2627
f 2416/2416 2627/2627 2629/2629
f 2416/2416 2415/2415 2625/2625
f 2416/2416 2625/2625 2624/2624
f 2627/2627 2626/2626 2630/2630
f 2627/2627 2630/2630 2631/2631
f 2628/2628 2632/2632 2630/2630
f 2628/2628 2630/2630 2626/2626
f 2629/2629 2627/2627 2631/2631
f 2629/2629 2631/2631 2633/2633
f 2631/2631 2630/2630 2634/2634
f 2631/2631 2634/2634 2635/2635
f 2632/2632 2636/2636 2634/2634
f 2632/2632 2634/2634 2630/2630
f 2633/2633 2631/2631 2635/2635
f 2633/2633 2635/2635 2637/2637
f 2635/2635 2634/2634 2638/2638
f 2635/2635 2638/2638 2639/2639
f 2636/2636 2420/2420 2638/2638
f 2636/2636 2638/2638 2634/2634
f 2637/2637 2635/2635 2639/2639
f 2637/2637 2639/2639 2419/2419
f 2419/2419 2639/2639 2638/2638
f 2419/2419 2638/2638 2420/2420
f 2640/2640 2641/2641 2642/2642
f 2640/2640 2642/2642 2643/2643
f 2440/2440 2640/2640 2643/2643
f 2440/2440 2643/2643 2441/2441
f 2440/2440 2442/2442 2641/2641
f 2440/2440 2641/2641 2640/2640
f 2643/2643 2642/2642 2644/2644
f 2643/2643 2644/2644 2645/2645
f 2441/2441 2643/2643 2645/2645
f 2441/2441 2645/2645 2443/2443
f 2443/2443 2645/2645 2646/2646
f 2443/2443 2646/2646 2647/2647
f 2647/2647 2646/2646 2648/2648
f 2647/2647 2648/2648 2649/2649
f 2649/2649 2648/2648 2650/2650
f 2649/2649 2650/2650 2651/2651
f 2651/2651 2650/2650 2652/2652
f 2651/2651 2652/2652 2446/2446
f 2652/2652 2653/2653 2654/2654
f 2652/2652 2654/2654 2655/2655
f 2446/2446 2652/2652 2655/2655
f 2446/2446 2655/2655 2447/2447
f 2655/2655 2654/2654 2656/2656
f 2655/2655 2656/2656 2657/2657
f 2447/2447 2655/2655 2657/2657
f 2447/2447 2657/2657 2448/2448
f 2448/2448 2657/2657 2656/2656
f 2448/2448 2656/2656 2449/2449
f 2658/2658 2659/2659 2660/2660
f 2658/2658 2660/2660 2661/2661
f 2453/2453 2658/2658 2661/2661
f 2453/2453 2661/2661 2454/2454
f 2453/2453 2452/2452 2659/2659
f 2453/2453 2659/2659 2658/2658
f 2454/2454 2661/2661 2662/2662
f 2454/2454 2662/2662 2455/2455
f 2458/2458 2663/2663 2664/2664
f 2458/2458 2664/2664 2459/2459
f 2664/2664 2665/2665 2666/2666
f 2664/2664 2666/2666 2667/2667
f 2459/2459 2664/2664 2667/2667
f 2459/2459 2667/2667 2460/2460
f 2460/2460 2667/2667 2666/2666
f 2460/2460 2666/2666 2461/2461
f 2467/2467 2668/2668 2669/2669
f 2467/2467 2669/2669 2468/2468
f 2467/2467 2466/2466 2670/2670
f 2467/2467 2670/2670 2668/2668
f 2468/2468 2669/2669 2671/2671
f 2468/2468 2671/2671 2672/2672
f 2673/2673 2674/2674 2675/2675
f 2673/2673 2675/2675 2469/2469
f 2469/2469 2675/2675 2676/2676
f 2469/2469 2676/2676 2470/2470
f 2470/2470 2676/2676 2677/2677
f 2470/2470 2677/2677 2471/2471
f 2466/2466 2475/2475 2678/2678
f 2466/2466 2678/2678 2670/2670
f 2471/2471 2677/2677 2679/2679
f 2471/2471 2679/2679 2476/2476
f 2475/2475 2479/2479 2680/2680
f 2475/2475 2680/2680 2678/2678
f 2476/2476 2679/2679 2681/2681
f 2476/2476 2681/2681 2480/2480
f 2485/2485 2682/2682 2683/2683
f 2485/2485 2683/2683 2684/2684
f 2485/2485 2484/2484 2685/2685
f 2485/2485 2685/2685 2682/2682
f 2686/2686 2687/2687 2688/2688
f 2686/2686 2688/2688 2486/2486
f 2486/2486 2688/2688 2689/2689
f 2486/2486 2689/2689 2487/2487
f 2491/2491 2690/2690 2691/2691
f 2491/2491 2691/2691 2692/2692
f 2484/2484 2491/2491 2692/2692
f 2484/2484 2692/2692 2685/2685
f 2693/2693 2492/2492 2694/2694
f 2693/2693 2694/2694 2695/2695
f 2487/2487 2689/2689 2694/2694
f 2487/2487 2694/2694 2492/2492
f 2496/2496 2498/2498 2696/2696
f 2496/2496 2696/2696 2697/2697
f 2497/2497 2496/2496 2697/2697
f 2497/2497 2697/2697 2698/2698
f 2498/2498 2499/2499 2699/2699
f 2498/2498 2699/2699 2696/2696
f 2499/2499 2500/2500 2700/2700
f 2499/2499 2700/2700 2699/2699
f 2500/2500 2501/2501 2701/2701
f 2500/2500 2701/2701 2700/2700
f 2501/2501 2502/2502 2702/2702
f 2501/2501 2702/2702 2701/2701
f 2502/2502 2503/2503 2703/2703
f 2502/2502 2703/2703 2702/2702
f 2503/2503 2504/2504 2704/2704
f 2503/2503 2704/2704 2703/2703
f 2504/2504 2505/2505 2705/2705
f 2504/2504 2705/2705 2704/2704
f 2505/2505 2506/2506 2706/2706
f 2505/2505 2706/2706 2705/2705
f 2506/2506 2507/2507 2707/2707
f 2506/2506 2707/2707 2706/2706
f 2507/2507 2508/2508 2708/2708
f 2507/2507 2708/2708 2707/2707
f 2508/2508 2509/2509 2709/2709
f 2508/2508 2709/2709 2708/2708
f 2509/2509 2510/2510 2710/2710
f 2509/2509 2710/2710 2709/2709
f 2510/2510 2511/2511 2711/2711
f 2510/2510 2711/2711 2710/2710
f 2511/2511 2512/2512 2712/2712
f 2511/2511 2712/2712 2711/2711
f 2512/2512 2513/2513 2713/2713
f 2512/2512 2713/2713 2712/2712
f 2514/2514 2714/2714 2713/2713
f 2514/2514 2713/2713 2513/2513
f 2715/2715 2716/2716 2717/2717
f 2715/2715 2717/2717 2718/2718
f 2517/2517 2715/2715 2718/2718
f 2517/2517 2718/2718 2518/2518
f 2517/2517 2519/2519 2716/2716
f 2517/2517 2716/2716 2715/2715
f 2518/2518 2718/2718 2719/2719
f 2518/2518 2719/2719 2520/2520
f 2520/2520 2719/2719 2720/2720
f 2520/2520 2720/2720 2521/2521
f 2521/2521 2720/2720 2721/2721
f 2521/2521 2721/2721 2522/2522
f 2522/2522 2721/2721 2722/2722
f 2522/2522 2722/2722 2523/2523
f 2523/2523 2722/2722 2723/2723
f 2523/2523 2723/2723 2524/2524
f 2524/2524 2723/2723 2724/2724
f 2524/2524 2724/2724 2525/2525
f 2525/2525 2724/2724 2725/2725
f 2525/2525 2725/2725 2526/2526
f 2526/2526 2725/2725 2726/2726
f 2526/2526 2726/2726 2527/2527
f 2527/2527 2726/2726 2727/2727
f 2527/2527 2727/2727 2528/2528
f 2528/2528 2727/2727 2728/2728
f 2528/2528 2728/2728 2529/2529
f 2529/2529 2728/2728 2729/2729
f 2529/2529 2729/2729 2530/2530
f 2530/2530 2729/2729 2730/2730
f 2530/2530 2730/2730 2531/2531
f 2531/2531 2730/2730 2731/2731
f 2531/2531 2731/2731 2532/2532
f 2532/2532 2731/2731 2732/2732
f 2532/2532 2732/2732 2533/2533
f 2732/2732 2733/2733 2734/2734
f 2732/2732 2734/2734 2735/2735
f 2533/2533 2732/2732 2735/2735
f 2533/2533 2735/2735 2534/2534
f 2534/2534 2735/2735 2734/2734
f 2534/2534 2734/2734 2535/2535
f 2736/2736 2737/2737 2738/2738
f 2736/2736 2738/2738 2739/2739
f 2536/2536 2736/2736 2739/2739
f 2536/2536 2739/2739 2537/2537
f 2536/2536 2539/2539 2737/2737
f 2536/2536 2737/2737 2736/2736
f 2740/2740 2741/2741 2742/2742
f 2740/2740 2742/2742 2743/2743
f 2541/2541 2740/2740 2743/2743
f 2541/2541 2743/2743 2542/2542
f 2542/2542 2743/2743 2742/2742
f 2542/2542 2742/2742 2543/2543
f 2737/2737 2744/2744 2745/2745
f 2737/2737 2745/2745 2738/2738
f 2546/2546 2545/2545 2745/2745
f 2546/2546 2745/2745 2744/2744
f 2539/2539 2546/2546 2744/2744
f 2539/2539 2744/2744 2737/2737
f 2741/2741 2746/2746 2747/2747
f 2741/2741 2747/2747 2742/2742
f 2549/2549 2548/2548 2747/2747
f 2549/2549 2747/2747 2746/2746
f 2543/2543 2742/2742 2747/2747
f 2543/2543 2747/2747 2548/2548
f 2748/2748 2749/2749 2750/2750
f 2748/2748 2750/2750 2751/2751
f 2551/2551 2550/2550 2750/2750
f 2551/2551 2750/2750 2749/2749
f 2552/2552 2551/2551 2749/2749
f 2552/2552 2749/2749 2748/2748
f 2550/2550 2553/2553 2752/2752
f 2550/2550 2752/2752 2750/2750
f 2553/2553 2554/2554 2753/2753
f 2553/2553 2753/2753 2752/2752
f 2554/2554 2555/2555 2754/2754
f 2554/2554 2754/2754 2753/2753
f 2555/2555 2755/2755 2756/2756
f 2555/2555 2756/2756 2754/2754
f 2755/2755 2757/2757 2758/2758
f 2755/2755 2758/2758 2756/2756
f 2759/2759 2760/2760 2761/2761
f 2759/2759 2761/2761 2762/2762
f 2760/2760 2557/2557 2763/2763
f 2760/2760 2763/2763 2761/2761
f 2557/2557 2556/2556 2764/2764
f 2557/2557 2764/2764 2763/2763
f 2556/2556 2558/2558 2765/2765
f 2556/2556 2765/2765 2764/2764
f 2558/2558 2559/2559 2766/2766
f 2558/2558 2766/2766 2765/2765
f 2767/2767 2766/2766 2768/2768
f 2767/2767 2768/2768 2769/2769
f 2559/2559 2560/2560 2768/2768
f 2559/2559 2768/2768 2766/2766
f 2561/2561 2769/2769 2768/2768
f 2561/2561 2768/2768 2560/2560
f 2770/2770 2771/2771 2772/2772
f 2770/2770 2772/2772 2773/2773
f 2567/2567 2566/2566 2771/2771
f 2567/2567 2771/2771 2770/2770
f 2773/2773 2772/2772 2774/2774
f 2773/2773 2774/2774 2775/2775
f 2775/2775 2774/2774 2776/2776
f 2775/2775 2776/2776 2777/2777
f 2777/2777 2776/2776 2778/2778
f 2777/2777 2778/2778 2779/2779
f 2568/2568 2779/2779 2778/2778
f 2568/2568 2778/2778 2569/2569
f 2771/2771 2780/2780 2781/2781
f 2771/2771 2781/2781 2772/2772
f 2576/2576 2782/2782 2781/2781
f 2576/2576 2781/2781 2780/2780
f 2566/2566 2576/2576 2780/2780
f 2566/2566 2780/2780 2771/2771
f 2772/2772 2781/2781 2783/2783
f 2772/2772 2783/2783 2774/2774
f 2782/2782 2784/2784 2783/2783
f 2782/2782 2783/2783 2781/2781
f 2774/2774 2783/2783 2785/2785
f 2774/2774 2785/2785 2776/2776
f 2784/2784 2786/2786 2785/2785
f 2784/2784 2785/2785 2783/2783
f 2776/2776 2785/2785 2787/2787
f 2776/2776 2787/2787 2778/2778
f 2786/2786 2578/2578 2787/2787
f 2786/2786 2787/2787 2785/2785
f 2569/2569 2778/2778 2787/2787
f 2569/2569 2787/2787 2578/2578
f 2788/2788 2789/2789 2790/2790
f 2788/2788 2790/2790 2791/2791
f 2645/2645 2788/2788 2791/2791
f 2645/2645 2791/2791 2646/2646
f 2645/2645 2644/2644 2789/2789
f 2645/2645 2789/2789 2788/2788
f 2791/2791 2790/2790 2792/2792
f 2791/2791 2792/2792 2793/2793
f 2646/2646 2791/2791 2793/2793
f 2646/2646 2793/2793 2648/2648
f 2793/2793 2792/2792 2794/2794
f 2793/2793 2794/2794 2795/2795
f 2648/2648 2793/2793 2795/2795
f 2648/2648 2795/2795 2650/2650
f 2795/2795 2794/2794 2796/2796
f 2795/2795 2796/2796 2797/2797
f 2650/2650 2795/2795 2797/2797
f 2650/2650 2797/2797 2652/2652
f 2652/2652 2797/2797 2796/2796
f 2652/2652 2796/2796 2653/2653
f 2798/2798 2799/2799 2800/2800
f 2798/2798 2800/2800 2801/2801
f 2661/2661 2798/2798 2801/2801
f 2661/2661 2801/2801 2662/2662
f 2661/2661 2660/2660 2799/2799
f 2661/2661 2799/2799 2798/2798
f 2662/2662 2801/2801 2802/2802
f 2662/2662 2802/2802 2803/2803
f 2803/2803 2802/2802 2804/2804
f 2803/2803 2804/2804 2805/2805
f 2806/2806 2807/2807 2808/2808
f 2806/2806 2808/2808 2809/2809
f 2809/2809 2808/2808 2810/2810
f 2809/2809 2810/2810 2663/2663
f 2810/2810 2811/2811 2812/2812
f 2810/2810 2812/2812 2813/2813
f 2663/2663 2810/2810 2813/2813
f 2663/2663 2813/2813 2664/2664
f 2664/2664 2813/2813 2812/2812
f 2664/2664 2812/2812 2665/2665
f 2814/2814 2815/2815 2816/2816
f 2814/2814 2816/2816 2817/2817
f 2668/2668 2814/2814 2817/2817
f 2668/2668 2817/2817 2669/2669
f 2668/2668 2670/2670 2815/2815
f 2668/2668 2815/2815 2814/2814
f 2669/2669 2817/2817 2818/2818
f 2669/2669 2818/2818 2671/2671
f 2671/2671 2818/2818 2819/2819
f 2671/2671 2819/2819 2820/2820
f 2821/2821 2822/2822 2823/2823
f 2821/2821 2823/2823 2674/2674
f 2674/2674 2823/2823 2824/2824
f 2674/2674 2824/2824 2675/2675
f 2824/2824 2825/2825 2826/2826
f 2824/2824 2826/2826 2827/2827
f 2675/2675 2824/2824 2827/2827
f 2675/2675 2827/2827 2676/2676
f 2676/2676 2827/2827 2826/2826
f 2676/2676 2826/2826 2677/2677
f 2815/2815 2828/2828 2829/2829
f 2815/2815 2829/2829 2816/2816
f 2670/2670 2678/2678 2828/2828
f 2670/2670 2828/2828 2815/2815
f 2825/2825 2830/2830 2831/2831
f 2825/2825 2831/2831 2826/2826
f 2677/2677 2826/2826 2831/2831
f 2677/2677 2831/2831 2679/2679
f 2828/2828 2832/2832 2833/2833
f 2828/2828 2833/2833 2829/2829
f 2678/2678 2680/2680 2832/2832
f 2678/2678 2832/2832 2828/2828
f 2830/2830 2834/2834 2835/2835
f 2830/2830 2835/2835 2831/2831
f 2679/2679 2831/2831 2835/2835
f 2679/2679 2835/2835 2681/2681
f 2836/2836 2837/2837 2838/2838
f 2836/2836 2838/2838 2839/2839
f 2682/2682 2836/2836 2839/2839
f 2682/2682 2839/2839 2683/2683
f 2682/2682 2685/2685 2837/2837
f 2682/2682 2837/2837 2836/2836
f 2840/2840 2841/2841 2842/2842
f 2840/2840 2842/2842 2843/2843
f 2687/2687 2840/2840 2843/2843
f 2687/2687 2843/2843 2688/2688
f 2688/2688 2843/2843 2842/2842
f 2688/2688 2842/2842 2689/2689
f 2837/2837 2844/2844 2845/2845
f 2837/2837 2845/2845 2838/2838
f 2692/2692 2691/2691 2845/2845
f 2692/2692 2845/2845 2844/2844
f 2685/2685 2692/2692 2844/2844
f 2685/2685 2844/2844 2837/2837
f 2841/2841 2846/2846 2847/2847
f 2841/2841 2847/2847 2842/2842
f 2695/2695 2694/2694 2847/2847
f 2695/2695 2847/2847 2846/2846
f 2689/2689 2842/2842 2847/2847
f 2689/2689 2847/2847 2694/2694
f 2848/2848 2849/2849 2850/2850
f 2848/2848 2850/2850 2851/2851
f 2697/2697 2696/2696 2850/2850
f 2697/2697 2850/2850 2849/2849
f 2698/2698 2697/2697 2849/2849
f 2698/2698 2849/2849 2848/2848
f 2696/2696 2699/2699 2852/2852
f 2696/2696 2852/2852 2850/2850
f 2699/2699 2700/2700 2853/2853
f 2699/2699 2853/2853 2852/2852
f 2700/2700 2701/2701 2854/2854
f 2700/2700 2854/2854 2853/2853
f 2701/2701 2702/2702 2855/2855
f 2701/2701 2855/2855 2854/2854
f 2702/2702 2703/2703 2856/2856
f 2702/2702 2856/2856 2855/2855
f 2703/2703 2704/2704 2857/2857
f 2703/2703 2857/2857 2856/2856
f 2704/2704 2705/2705 2858/2858
f 2704/2704 2858/2858 2857/2857
f 2705/2705 2706/2706 2859/2859
f 2705/2705 2859/2859 2858/2858
f 2706/2706 2707/2707 2860/2860
f 2706/2706 2860/2860 2859/2859
f 2707/2707 2708/2708 2861/2861
f 2707/2707 2861/2861 2860/2860
f 2708/2708 2709/2709 2862/2862
f 2708/2708 2862/2862 2861/2861
f 2709/2709 2710/2710 2863/2863
f 2709/2709 2863/2863 2862/2862
f 2710/2710 2711/2711 2864/2864
f 2710/2710 2864/2864 2863/2863
f 2711/2711 2712/2712 2865/2865
f 2711/2711 2865/2865 2864/2864
f 2866/2866 2865/2865 2867/2867
f 2866/2866 2867/2867 2868/2868
f 2712/2712 2713/2713 2867/2867
f 2712/2712 2867/2867 2865/2865
f 2714/2714 2868/2868 2867/2867
f 2714/2714 2867/2867 2713/2713
f 2869/2869 2870/2870 2871/2871
f 2869/2869 2871/2871 2872/2872
f 2718/2718 2869/2869 2872/2872
f 2718/2718 2872/2872 2719/2719
f 2718/2718 2717/2717 2870/2870
f 2718/2718 2870/2870 2869/2869
f 2719/2719 2872/2872 2873/2873
f 2719/2719 2873/2873 2720/2720
f 2720/2720 2873/2873 2874/2874
f 2720/2720 2874/2874 2721/2721
f 2721/2721 2874/2874 2875/2875
f 2721/2721 2875/2875 2722/2722
f 2722/2722 2875/2875 2876/2876
f 2722/2722 2876/2876 2723/2723
f 2723/2723 2876/2876 2877/2877
f 2723/2723 2877/2877 2724/2724
f 2724/2724 2877/2877 2878/2878
f 2724/2724 2878/2878 2725/2725
f 2725/2725 2878/2878 2879/2879
f 2725/2725 2879/2879 2726/2726
f 2726/2726 2879/2879 2880/2880
f 2726/2726 2880/2880 2727/2727
f 2727/2727 2880/2880 2881/2881
f 2727/2727 2881/2881 2728/2728
f 2728/2728 2881/2881 2882/2882
f 2728/2728 2882/2882 2729/2729
f 2729/2729 2882/2882 2883/2883
f 2729/2729 2883/2883 2730/2730
f 2730/2730 2883/2883 2884/2884
f 2730/2730 2884/2884 2731/2731
f 2884/2884 2885/2885 2886/2886
f 2884/2884 2886/2886 2887/2887
f 2731/2731 2884/2884 2887/2887
f 2731/2731 2887/2887 2732/2732
f 2732/2732 2887/2887 2886/2886
f 2732/2732 2886/2886 2733/2733
f 2739/2739 2888/2888 2889/2889
f 2739/2739 2889/2889 2890/2890
f 2739/2739 2738/2738 2891/2891
f 2739/2739 2891/2891 2888/2888
f 2892/2892 2893/2893 2894/2894
f 2892/2892 2894/2894 2740/2740
f 2740/2740 2894/2894 2895/2895
f 2740/2740 2895/2895 2741/2741
f 2745/2745 2896/2896 2897/2897
f 2745/2745 2897/2897 2898/2898
f 2738/2738 2745/2745 2898/2898
f 2738/2738 2898/2898 2891/2891
f 2899/2899 2746/2746 2900/2900
f 2899/2899 2900/2900 2901/2901
f 2741/2741 2895/2895 2900/2900
f 2741/2741 2900/2900 2746/2746
f 2902/2902 2903/2903 2904/2904
f 2902/2902 2904/2904 2905/2905
f 2750/2750 2752/2752 2904/2904
f 2750/2750 2904/2904 2903/2903
f 2751/2751 2750/2750 2903/2903
f 2751/2751 2903/2903 2902/2902
f 2752/2752 2753/2753 2906/2906
f 2752/2752 2906/2906 2904/2904
f 2753/2753 2754/2754 2907/2907
f 2753/2753 2907/2907 2906/2906
f 2754/2754 2756/2756 2908/2908
f 2754/2754 2908/2908 2907/2907
f 2756/2756 2758/2758 2909/2909
f 2756/2756 2909/2909 2908/2908
f 2758/2758 2910/2910 2911/2911
f 2758/2758 2911/2911 2909/2909
f 2910/2910 2912/2912 2913/2913
f 2910/2910 2913/2913 2911/2911
f 2912/2912 2914/2914 2915/2915
f 2912/2912 2915/2915 2913/2913
f 2914/2914 2762/2762 2916/2916
f 2914/2914 2916/2916 2915/2915
f 2762/2762 2761/2761 2917/2917
f 2762/2762 2917/2917 2916/2916
f 2761/2761 2763/2763 2918/2918
f 2761/2761 2918/2918 2917/2917
f 2763/2763 2764/2764 2919/2919
f 2763/2763 2919/2919 2918/2918
f 2764/2764 2765/2765 2920/2920
f 2764/2764 2920/2920 2919/2919
f 2921/2921 2920/2920 2922/2922
f 2921/2921 2922/2922 2923/2923
f 2765/2765 2766/2766 2922/2922
f 2765/2765 2922/2922 2920/2920
f 2767/2767 2923/2923 2922/2922
f 2767/2767 2922/2922 2766/2766
f 2924/2924 2925/2925 2926/2926
f 2924/2924 2926/2926 2927/2927
f 2801/2801 2924/2924 2927/2927
f 2801/2801 2927/2927 2802/2802
f 2801/2801 2800/2800 2925/2925
f 2801/2801 2925/2925 2924/2924
f 2802/2802 2927/2927 2928/2928
f 2802/2802 2928/2928 2804/2804
f 2804/2804 2928/2928 2929/2929
f 2804/2804 2929/2929 2930/2930
f 2930/2930 2929/2929 2931/2931
f 2930/2930 2931/2931 2932/2932
f 2932/2932 2931/2931 2933/2933
f 2932/2932 2933/2933 2934/2934
f 2934/2934 2933/2933 2935/2935
f 2934/2934 2935/2935 2807/2807
f 2807/2807 2935/2935 2936/2936
f 2807/2807 2936/2936 2808/2808
f 2936/2936 2937/2937 2938/2938
f 2936/2936 2938/2938 2939/2939
f 2808/2808 2936/2936 2939/2939
f 2808/2808 2939/2939 2810/2810
f 2810/2810 2939/2939 2938/2938
f 2810/2810 2938/2938 2811/2811
f 2940/2940 2941/2941 2942/2942
f 2940/2940 2942/2942 2943/2943
f 2817/2817 2940/2940 2943/2943
f 2817/2817 2943/2943 2818/2818
f 2817/2817 2816/2816 2941/2941
f 2817/2817 2941/2941 2940/2940
f 2818/2818 2943/2943 2944/2944
f 2818/2818 2944/2944 2819/2819
f 2819/2819 2944/2944 2945/2945
f 2819/2819 2945/2945 2946/2946
f 2947/2947 2948/2948 2949/2949
f 2947/2947 2949/2949 2822/2822
f 2822/2822 2949/2949 2950/2950
f 2822/2822 2950/2950 2823/2823
f 2950/2950 2951/2951 2952/2952
f 2950/2950 2952/2952 2953/2953
f 2823/2823 2950/2950 2953/2953
f 2823/2823 2953/2953 2824/2824
f 2824/2824 2953/2953 2952/2952
f 2824/2824 2952/2952 2825/2825
f 2941/2941 2954/2954 2955/2955
f 2941/2941 2955/2955 2942/2942
f 2816/2816 2829/2829 2954/2954
f 2816/2816 2954/2954 2941/2941
f 2951/2951 2956/2956 2957/2957
f 2951/2951 2957/2957 2952/2952
f 2825/2825 2952/2952 2957/2957
f 2825/2825 2957/2957 2830/2830
f 2954/2954 2958/2958 2959/2959
f 2954/2954 2959/2959 2955/2955
f 2829/2829 2833/2833 2958/2958
f 2829/2829 2958/2958 2954/2954
f 2956/2956 2960/2960 2961/2961
f 2956/2956 2961/2961 2957/2957
f 2830/2830 2957/2957 2961/2961
f 2830/2830 2961/2961 2834/2834
f 2839/2839 2962/2962 2963/2963
f 2839/2839 2963/2963 2964/2964
f 2839/2839 2838/2838 2965/2965
f 2839/2839 2965/2965 2962/2962
f 2966/2966 2967/2967 2968/2968
f 2966/2966 2968/2968 2840/2840
f 2840/2840 2968/2968 2969/2969
f 2840/2840 2969/2969 2841/2841
f 2845/2845 2970/2970 2971/2971
f 2845/2845 2971/2971 2972/2972
f 2838/2838 2845/2845 2972/2972
f 2838/2838 2972/2972 2965/2965
f 2973/2973 2846/2846 2974/2974
f 2973/2973 2974/2974 2975/2975
f 2841/2841 2969/2969 2974/2974
f 2841/2841 2974/2974 2846/2846
f 2976/2976 2977/2977 2978/2978
f 2976/2976 2978/2978 2979/2979
f 2850/2850 2852/2852 2978/2978
f 2850/2850 2978/2978 2977/2977
f 2851/2851 2850/2850 2977/2977
f 2851/2851 2977/2977 2976/2976
f 2852/2852 2853/2853 2980/2980
f 2852/2852 2980/2980 2978/2978
f 2853/2853 2854/2854 2981/2981
f 2853/2853 2981/2981 2980/2980
f 2854/2854 2855/2855 2982/2982
f 2854/2854 2982/2982 2981/2981
f 2855/2855 2856/2856 2983/2983
f 2855/2855 2983/2983 2982/2982
f 2856/2856 2857/2857 2984/2984
f 2856/2856 2984/2984 2983/2983
f 2857/2857 2858/2858 2985/2985
f 2857/2857 2985/2985 2984/2984
f 2858/2858 2859/2859 2986/2986
f 2858/2858 2986/2986 2985/2985
f 2859/2859 2860/2860 2987/2987
f 2859/2859 2987/2987 2986/2986
f 2860/2860 2861/2861 2988/2988
f 2860/2860 2988/2988 2987/2987
f 2861/2861 2862/2862 2989/2989
f 2861/2861 2989/2989 2988/2988
f 2862/2862 2863/2863 2990/2990
f 2862/2862 2990/2990 2989/2989
f 2863/2863 2864/2864 2991/2991
f 2863/2863 2991/2991 2990/2990
f 2992/2992 2991/2991 2993/2993
f 2992/2992 2993/2993 2994/2994
f 2864/2864 2865/2865 2993/2993
f 2864/2864 2993/2993 2991/2991
f 2866/2866 2994/2994 2993/2993
f 2866/2866 2993/2993 2865/2865
f 2995/2995 2996/2996 2997/2997
f 2995/2995 2997/2997 2998/2998
f 2872/2872 2995/2995 2998/2998
f 2872/2872 2998/2998 2873/2873
f 2872/2872 2871/2871 2996/2996
f 2872/2872 2996/2996 2995/2995
f 2873/2873 2998/2998 2999/2999
f 2873/2873 2999/2999 2874/2874
f 2874/2874 2999/2999 3000/3000
f 2874/2874 3000/3000 2875/2875
f 2875/2875 3000/3000 3001/3001
f 2875/2875 3001/3001 2876/2876
f 2876/2876 3001/3001 3002/3002
f 2876/2876 3002/3002 2877/2877
f 2877/2877 3002/3002 3003/3003
f 2877/2877 3003/3003 2878/2878
f 2878/2878 3003/3003 3004/3004
f 2878/2878 3004/3004 2879/2879
f 2879/2879 3004/3004 3005/3005
f 2879/2879 3005/3005 2880/2880
f 2880/2880 3005/3005 3006/3006
f 2880/2880 3006/3006 2881/2881
f 2881/2881 3006/3006 3007/3007
f 2881/2881 3007/3007 2882/2882
f 2882/2882 3007/3007 3008/3008
f 2882/2882 3008/3008 2883/2883
f 3008/3008 3009/3009 3010/3010
f 3008/3008 3010/3010 3011/3011
f 2883/2883 3008/3008 3011/3011
f 2883/2883 3011/3011 2884/2884
f 2884/2884 3011/3011 3010/3010
f 2884/2884 3010/3010 2885/2885
f 3012/3012 3013/3013 3014/3014
f 3012/3012 3014/3014 3015/3015
f 2888/2888 3012/3012 3015/3015
f 2888/2888 3015/3015 2889/2889
f 2888/2888 2891/2891 3013/3013
f 2888/2888 3013/3013 3012/3012
f 2889/2889 3015/3015 3016/3016
f 2889/2889 3016/3016 3017/3017
f 3018/3018 3019/3019 3020/3020
f 3018/3018 3020/3020 2893/2893
f 3020/3020 3021/3021 3022/3022
f 3020/3020 3022/3022 3023/3023
f 2893/2893 3020/3020 3023/3023
f 2893/2893 3023/3023 2894/2894
f 2894/2894 3023/3023 3022/3022
f 2894/2894 3022/3022 2895/2895
f 3013/3013 3024/3024 3025/3025
f 3013/3013 3025/3025 3014/3014
f 2898/2898 2897/2897 3025/3025
f 2898/2898 3025/3025 3024/3024
f 2891/2891 2898/2898 3024/3024
f 2891/2891 3024/3024 3013/3013
f 2897/2897 3026/3026 3027/3027
f 2897/2897 3027/3027 3025/3025
f 3028/3028 2901/2901 3029/3029
f 3028/3028 3029/3029 3030/3030
f 3021/3021 3029/3029 3031/3031
f 3021/3021 3031/3031 3022/3022
f 2901/2901 2900/2900 3031/3031
f 2901/2901 3031/3031 3029/3029
f 2895/2895 3022/3022 3031/3031
f 2895/2895 3031/3031 2900/2900
f 3032/3032 3033/3033 3034/3034
f 3032/3032 3034/3034 3035/3035
f 2904/2904 2906/2906 3034/3034
f 2904/2904 3034/3034 3033/3033
f 2905/2905 2904/2904 3033/3033
f 2905/2905 3033/3033 3032/3032
f 2906/2906 2907/2907 3036/3036
f 2906/2906 3036/3036 3034/3034
f 2907/2907 2908/2908 3037/3037
f 2907/2907 3037/3037 3036/3036
f 2908/2908 2909/2909 3038/3038
f 2908/2908 3038/3038 3037/3037
f 2909/2909 2911/2911 3039/3039
f 2909/2909 3039/3039 3038/3038
f 2911/2911 2913/2913 3040/3040
f 2911/2911 3040/3040 3039/3039
f 2913/2913 2915/2915 3041/3041
f 2913/2913 3041/3041 3040/3040
f 2915/2915 2916/2916 3042/3042
f 2915/2915 3042/3042 3041/3041
f 2916/2916 2917/2917 3043/3043
f 2916/2916 3043/3043 3042/3042
f 2917/2917 2918/2918 3044/3044
f 2917/2917 3044/3044 3043/3043
f 2918/2918 2919/2919 3045/3045
f 2918/2918 3045/3045 3044/3044
f 3046/3046 3045/3045 3047/3047
f 3046/3046 3047/3047 3048/3048
f 2919/2919 2920/2920 3047/3047
f 2919/2919 3047/3047 3045/3045
f 2921/2921 3048/3048 3047/3047
f 2921/2921 3047/3047 2920/2920
f 3049/3049 3050/3050 3051/3051
f 3049/3049 3051/3051 3052/3052
f 2927/2927 3049/3049 3052/3052
f 2927/2927 3052/3052 2928/2928
f 2927/2927 2926/2926 3050/3050
f 2927/2927 3050/3050 3049/3049
f 3052/3052 3051/3051 3053/3053
f 3052/3052 3053/3053 3054/3054
f 2928/2928 3052/3052 3054/3054
f 2928/2928 3054/3054 2929/2929
f 3054/3054 3053/3053 3055/3055
f 3054/3054 3055/3055 3056/3056
f 2929/2929 3054/3054 3056/3056
f 2929/2929 3056/3056 2931/2931
f 3056/3056 3055/3055 3057/3057
f 3056/3056 3057/3057 3058/3058
f 2931/2931 3056/3056 3058/3058
f 2931/2931 3058/3058 2933/2933
f 3058/3058 3057/3057 3059/3059
f 3058/3058 3059/3059 3060/3060
f 2933/2933 3058/3058 3060/3060
f 2933/2933 3060/3060 2935/2935
f 3060/3060 3059/3059 3061/3061
f 3060/3060 3061/3061 3062/3062
f 2935/2935 3060/3060 3062/3062
f 2935/2935 3062/3062 2936/2936
f 2936/2936 3062/3062 3061/3061
f 2936/2936 3061/3061 2937/2937
f 3063/3063 3064/3064 3065/3065
f 3063/3063 3065/3065 3066/3066
f 2943/2943 3063/3063 3066/3066
f 2943/2943 3066/3066 2944/2944
f 2943/2943 2942/2942 3064/3064
f 2943/2943 3064/3064 3063/3063
f 2944/2944 3066/3066 3067/3067
f 2944/2944 3067/3067 2945/2945
f 2945/2945 3067/3067 3068/3068
f 2945/2945 3068/3068 3069/3069
f 3070/3070 3071/3071 3072/3072
f 3070/3070 3072/3072 2948/2948
f 2948/2948 3072/3072 3073/3073
f 2948/2948 3073/3073 2949/2949
f 3073/3073 3074/3074 3075/3075
f 3073/3073 3075/3075 3076/3076
f 2949/2949 3073/3073 3076/3076
f 2949/2949 3076/3076 2950/2950
f 2950/2950 3076/3076 3075/3075
f 2950/2950 3075/3075 2951/2951
f 3064/3064 3077/3077 3078/3078
f 3064/3064 3078/3078 3065/3065
f 2942/2942 2955/2955 3077/3077
f 2942/2942 3077/3077 3064/3064
f 3074/3074 3079/3079 3080/3080
f 3074/3074 3080/3080 3075/3075
f 2951/2951 3075/3075 3080/3080
f 2951/2951 3080/3080 2956/2956
f 3077/3077 3081/3081 3082/3082
f 3077/3077 3082/3082 3078/3078
f 2955/2955 2959/2959 3081/3081
f 2955/2955 3081/3081 3077/3077
f 3079/3079 3083/3083 3084/3084
f 3079/3079 3084/3084 3080/3080
f 2956/2956 3080/3080 3084/3084
f 2956/2956 3084/3084 2960/2960
f 3085/3085 3086/3086 3087/3087
f 3085/3085 3087/3087 3088/3088
f 2962/2962 3085/3085 3088/3088
f 2962/2962 3088/3088 2963/2963
f 2962/2962 2965/2965 3086/3086
f 2962/2962 3086/3086 3085/3085
f 2963/2963 3088/3088 3089/3089
f 2963/2963 3089/3089 3090/3090
f 3091/3091 3092/3092 3093/3093
f 3091/3091 3093/3093 2967/2967
f 3093/3093 3094/3094 3095/3095
f 3093/3093 3095/3095 3096/3096
f 2967/2967 3093/3093 3096/3096
f 2967/2967 3096/3096 2968/2968
f 2968/2968 3096/3096 3095/3095
f 2968/2968 3095/3095 2969/2969
f 3086/3086 3097/3097 3098/3098
f 3086/3086 3098/3098 3087/3087
f 2972/2972 2971/2971 3098/3098
f 2972/2972 3098/3098 3097/3097
f 2965/2965 2972/2972 3097/3097
f 2965/2965 3097/3097 3086/3086
f 2971/2971 3099/3099 3100/3100
f 2971/2971 3100/3100 3098/3098
f 3101/3101 2975/2975 3102/3102
f 3101/3101 3102/3102 3103/3103
f 3094/3094 3102/3102 3104/3104
f 3094/3094 3104/3104 3095/3095
f 2975/2975 2974/2974 3104/3104
f 2975/2975 3104/3104 3102/3102
f 2969/2969 3095/3095 3104/3104
f 2969/2969 3104/3104 2974/2974
f 3105/3105 3106/3106 3107/3107
f 3105/3105 3107/3107 3108/3108
f 2978/2978 2980/2980 3107/3107
f 2978/2978 3107/3107 3106/3106
f 2979/2979 2978/2978 3106/3106
f 2979/2979 3106/3106 3105/3105
f 2980/2980 2981/2981 3109/3109
f 2980/2980 3109/3109 3107/3107
f 2981/2981 2982/2982 3110/3110
f 2981/2981 3110/3110 3109/3109
f 2982/2982 2983/2983 3111/3111
f 2982/2982 3111/3111 3110/3110
f 2983/2983 2984/2984 3112/3112
f 2983/2983 3112/3112 3111/3111
f 2984/2984 2985/2985 3113/3113
f 2984/2984 3113/3113 3112/3112
f 2985/2985 2986/2986 3114/3114
f 2985/2985 3114/3114 3113/3113
f 2986/2986 2987/2987 3115/3115
f 2986/2986 3115/3115 3114/3114
f 2987/2987 2988/2988 3116/3116
f 2987/2987 3116/3116 3115/3115
f 2988/2988 2989/2989 3117/3117
f 2988/2988 3117/3117 3116/3116
f 2989/2989 2990/2990 3118/3118
f 2989/2989 3118/3118 3117/3117
f 3119/3119 3118/3118 3120/3120
f 3119/3119 3120/3120 3121/3121
f 2990/2990 2991/2991 3120/3120
f 2990/2990 3120/3120 3118/3118
f 2992/2992 3121/3121 3120/3120
f 2992/2992 3120/3120 2991/2991
f 3122/3122 3123/3123 3124/3124
f 3122/3122 3124/3124 3125/3125
f 2998/2998 3122/3122 3125/3125
f 2998/2998 3125/3125 2999/2999
f 2998/2998 2997/2997 3123/3123
f 2998/2998 3123/3123 3122/3122
f 3125/3125 3124/3124 3126/3126
f 3125/3125 3126/3126 3127/3127
f 2999/2999 3125/3125 3127/3127
f 2999/2999 3127/3127 3000/3000
f 3000/3000 3127/3127 3128/3128
f 3000/3000 3128/3128 3001/3001
f 3001/3001 3128/3128 3129/3129
f 3001/3001 3129/3129 3002/3002
f 3002/3002 3129/3129 3130/3130
f 3002/3002 3130/3130 3003/3003
f 3003/3003 3130/3130 3131/3131
f 3003/3003 3131/3131 3004/3004
f 3004/3004 3131/3131 3132/3132
f 3004/3004 3132/3132 3005/3005
f 3005/3005 3132/3132 3133/3133
f 3005/3005 3133/3133 3006/3006
f 3133/3133 3134/3134 3135/3135
f 3133/3133 3135/3135 3136/3136
f 3006/3006 3133/3133 3136/3136
f 3006/3006 3136/3136 3007/3007
f 3136/3136 3135/3135 3137/3137
f 3136/3136 3137/3137 3138/3138
f 3007/3007 3136/3136 3138/3138
f 3007/3007 3138/3138 3008/3008
f 3008/3008 3138/3138 3137/3137
f 3008/3008 3137/3137 3009/3009
f 3139/3139 3140/3140 3141/3141
f 3139/3139 3141/3141 3142/3142
f 3015/3015 3139/3139 3142/3142
f 3015/3015 3142/3142 3016/3016
f 3015/3015 3014/3014 3140/3140
f 3015/3015 3140/3140 3139/3139
f 3142/3142 3141/3141 3143/3143
f 3142/3142 3143/3143 3144/3144
f 3016/3016 3142/3142 3144/3144
f 3016/3016 3144/3144 3145/3145
f 3146/3146 3147/3147 3148/3148
f 3146/3146 3148/3148 3149/3149
f 3150/3150 3146/3146 3149/3149
f 3150/3150 3149/3149 3019/3019
f 3149/3149 3148/3148 3151/3151
f 3149/3149 3151/3151 3152/3152
f 3019/3019 3149/3149 3152/3152
f 3019/3019 3152/3152 3020/3020
f 3020/3020 3152/3152 3151/3151
f 3020/3020 3151/3151 3021/3021
f 3140/3140 3153/3153 3154/3154
f 3140/3140 3154/3154 3141/3141
f 3025/3025 3027/3027 3154/3154
f 3025/3025 3154/3154 3153/3153
f 3014/3014 3025/3025 3153/3153
f 3014/3014 3153/3153 3140/3140
f 3141/3141 3154/3154 3155/3155
f 3141/3141 3155/3155 3143/3143
f 3027/3027 3156/3156 3155/3155
f 3027/3027 3155/3155 3154/3154
f 3147/3147 3157/3157 3158/3158
f 3147/3147 3158/3158 3148/3148
f 3159/3159 3030/3030 3158/3158
f 3159/3159 3158/3158 3157/3157
f 3148/3148 3158/3158 3160/3160
f 3148/3148 3160/3160 3151/3151
f 3030/3030 3029/3029 3160/3160
f 3030/3030 3160/3160 3158/3158
f 3021/3021 3151/3151 3160/3160
f 3021/3021 3160/3160 3029/3029
f 3161/3161 3162/3162 3163/3163
f 3161/3161 3163/3163 3164/3164
f 3034/3034 3036/3036 3163/3163
f 3034/3034 3163/3163 3162/3162
f 3035/3035 3034/3034 3162/3162
f 3035/3035 3162/3162 3161/3161
f 3164/3164 3163/3163 3165/3165
f 3164/3164 3165/3165 3166/3166
f 3036/3036 3037/3037 3165/3165
f 3036/3036 3165/3165 3163/3163
f 3037/3037 3038/3038 3167/3167
f 3037/3037 3167/3167 3165/3165
f 3038/3038 3039/3039 3168/3168
f 3038/3038 3168/3168 3167/3167
f 3039/3039 3040/3040 3169/3169
f 3039/3039 3169/3169 3168/3168
f 3040/3040 3041/3041 3170/3170
f 3040/3040 3170/3170 3169/3169
f 3041/3041 3042/3042 3171/3171
f 3041/3041 3171/3171 3170/3170
f 3042/3042 3043/3043 3172/3172
f 3042/3042 3172/3172 3171/3171
f 3173/3173 3172/3172 3174/3174
f 3173/3173 3174/3174 3175/3175
f 3043/3043 3044/3044 3174/3174
f 3043/3043 3174/3174 3172/3172
f 3175/3175 3174/3174 3176/3176
f 3175/3175 3176/3176 3177/3177
f 3044/3044 3045/3045 3176/3176
f 3044/3044 3176/3176 3174/3174
f 3046/3046 3177/3177 3176/3176
f 3046/3046 3176/3176 3045/3045
f 3178/3178 3179/3179 3180/3180
f 3178/3178 3180/3180 3181/3181
f 3066/3066 3178/3178 3181/3181
f 3066/3066 3181/3181 3067/3067
f 3066/3066 3065/3065 3179/3179
f 3066/3066 3179/3179 3178/3178
f 3181/3181 3180/3180 3182/3182
f 3181/3181 3182/3182 3183/3183
f 3067/3067 3181/3181 3183/3183
f 3067/3067 3183/3183 3068/3068
f 3068/3068 3183/3183 3184/3184
f 3068/3068 3184/3184 3185/3185
f 3185/3185 3184/3184 3186/3186
f 3185/3185 3186/3186 3187/3187
f 3187/3187 3186/3186 3188/3188
f 3187/3187 3188/3188 3189/3189
f 3189/3189 3188/3188 3190/3190
f 3189/3189 3190/3190 3191/3191
f 3191/3191 3190/3190 3192/3192
f 3191/3191 3192/3192 3193/3193
f 3193/3193 3192/3192 3194/3194
f 3193/3193 3194/3194 3071/3071
f 3194/3194 3195/3195 3196/3196
f 3194/3194 3196/3196 3197/3197
f 3071/3071 3194/3194 3197/3197
f 3071/3071 3197/3197 3072/3072
f 3197/3197 3196/3196 3198/3198
f 3197/3197 3198/3198 3199/3199
f 3072/3072 3197/3197 3199/3199
f 3072/3072 3199/3199 3073/3073
f 3073/3073 3199/3199 3198/3198
f 3073/3073 3198/3198 3074/3074
f 3179/3179 3200/3200 3201/3201
f 3179/3179 3201/3201 3180/3180
f 3065/3065 3078/3078 3200/3200
f 3065/3065 3200/3200 3179/3179
f 3180/3180 3201/3201 3202/3202
f 3180/3180 3202/3202 3182/3182
f 3195/3195 3203/3203 3204/3204
f 3195/3195 3204/3204 3196/3196
f 3196/3196 3204/3204 3205/3205
f 3196/3196 3205/3205 3198/3198
f 3074/3074 3198/3198 3205/3205
f 3074/3074 3205/3205 3079/3079
f 3200/3200 3206/3206 3207/3207
f 3200/3200 3207/3207 3201/3201
f 3078/3078 3082/3082 3206/3206
f 3078/3078 3206/3206 3200/3200
f 3201/3201 3207/3207 3208/3208
f 3201/3201 3208/3208 3202/3202
f 3203/3203 3209/3209 3210/3210
f 3203/3203 3210/3210 3204/3204
f 3204/3204 3210/3210 3211/3211
f 3204/3204 3211/3211 3205/3205
f 3079/3079 3205/3205 3211/3211
f 3079/3079 3211/3211 3083/3083
f 3212/3212 3213/3213 3214/3214
f 3212/3212 3214/3214 3215/3215
f 3088/3088 3212/3212 3215/3215
f 3088/3088 3215/3215 3089/3089
f 3088/3088 3087/3087 3213/3213
f 3088/3088 3213/3213 3212/3212
f 3215/3215 3214/3214 3216/3216
f 3215/3215 3216/3216 3217/3217
f 3089/3089 3215/3215 3217/3217
f 3089/3089 3217/3217 3218/3218
f 3219/3219 3220/3220 3221/3221
f 3219/3219 3221/3221 3222/3222
f 3223/3223 3219/3219 3222/3222
f 3223/3223 3222/3222 3092/3092
f 3222/3222 3221/3221 3224/3224
f 3222/3222 3224/3224 3225/3225
f 3092/3092 3222/3222 3225/3225
f 3092/3092 3225/3225 3093/3093
f 3093/3093 3225/3225 3224/3224
f 3093/3093 3224/3224 3094/3094
f 3213/3213 3226/3226 3227/3227
f 3213/3213 3227/3227 3214/3214
f 3098/3098 3100/3100 3227/3227
f 3098/3098 3227/3227 3226/3226
f 3087/3087 3098/3098 3226/3226
f 3087/3087 3226/3226 3213/3213
f 3214/3214 3227/3227 3228/3228
f 3214/3214 3228/3228 3216/3216
f 3100/3100 3229/3229 3228/3228
f 3100/3100 3228/3228 3227/3227
f 3220/3220 3230/3230 3231/3231
f 3220/3220 3231/3231 3221/3221
f 3232/3232 3103/3103 3231/3231
f 3232/3232 3231/3231 3230/3230
f 3221/3221 3231/3231 3233/3233
f 3221/3221 3233/3233 3224/3224
f 3103/3103 3102/3102 3233/3233
f 3103/3103 3233/3233 3231/3231
f 3094/3094 3224/3224 3233/3233
f 3094/3094 3233/3233 3102/3102
f 3234/3234 3235/3235 3236/3236
f 3234/3234 3236/3236 3237/3237
f 3107/3107 3109/3109 3236/3236
f 3107/3107 3236/3236 3235/3235
f 3108/3108 3107/3107 3235/3235
f 3108/3108 3235/3235 3234/3234
f 3237/3237 3236/3236 3238/3238
f 3237/3237 3238/3238 3239/3239
f 3109/3109 3110/3110 3238/3238
f 3109/3109 3238/3238 3236/3236
f 3110/3110 3111/3111 3240/3240
f 3110/3110 3240/3240 3238/3238
f 3111/3111 3112/3112 3241/3241
f 3111/3111 3241/3241 3240/3240
f 3112/3112 3113/3113 3242/3242
f 3112/3112 3242/3242 3241/3241
f 3113/3113 3114/3114 3243/3243
f 3113/3113 3243/3243 3242/3242
f 3114/3114 3115/3115 3244/3244
f 3114/3114 3244/3244 3243/3243
f 3115/3115 3116/3116 3245/3245
f 3115/3115 3245/3245 3244/3244
f 3246/3246 3245/3245 3247/3247
f 3246/3246 3247/3247 3248/3248
f 3116/3116 3117/3117 3247/3247
f 3116/3116 3247/3247 3245/3245
f 3248/3248 3247/3247 3249/3249
f 3248/3248 3249/3249 3250/3250
f 3117/3117 3118/3118 3249/3249
f 3117/3117 3249/3249 3247/3247
f 3119/3119 3250/3250 3249/3249
f 3119/3119 3249/3249 3118/3118
f 3251/3251 3252/3252 3253/3253
f 3251/3251 3253/3253 3254/3254
f 3127/3127 3251/3251 3254/3254
f 3127/3127 3254/3254 3128/3128
f 3127/3127 3126/3126 3252/3252
f 3127/3127 3252/3252 3251/3251
f 3254/3254 3253/3253 3255/3255
f 3254/3254 3255/3255 3256/3256
f 3128/3128 3254/3254 3256/3256
f 3128/3128 3256/3256 3129/3129
f 3256/3256 3255/3255 3257/3257
f 3256/3256 3257/3257 3258/3258
f 3129/3129 3256/3256 3258/3258
f 3129/3129 3258/3258 3130/3130
f 3258/3258 3257/3257 3259/3259
f 3258/3258 3259/3259 3260/3260
f 3130/3130 3258/3258 3260/3260
f 3130/3130 3260/3260 3131/3131
f 3260/3260 3259/3259 3261/3261
f 3260/3260 3261/3261 3262/3262
f 3131/3131 3260/3260 3262/3262
f 3131/3131 3262/3262 3132/3132
f 3262/3262 3261/3261 3263/3263
f 3262/3262 3263/3263 3264/3264
f 3132/3132 3262/3262 3264/3264
f 3132/3132 3264/3264 3133/3133
f 3133/3133 3264/3264 3263/3263
f 3133/3133 3263/3263 3134/3134
f 3265/3265 3266/3266 3267/3267
f 3265/3265 3267/3267 3268/3268
f 3144/3144 3265/3265 3268/3268
f 3144/3144 3268/3268 3269/3269
f 3144/3144 3143/3143 3266/3266
f 3144/3144 3266/3266 3265/3265
f 3268/3268 3267/3267 3270/3270
f 3268/3268 3270/3270 3271/3271
f 3269/3269 3268/3268 3271/3271
f 3269/3269 3271/3271 3272/3272
f 3273/3273 3274/3274 3275/3275
f 3273/3273 3275/3275 3276/3276
f 3277/3277 3273/3273 3276/3276
f 3277/3277 3276/3276 3278/3278
f 3276/3276 3275/3275 3279/3279
f 3276/3276 3279/3279 3280/3280
f 3278/3278 3276/3276 3280/3280
f 3278/3278 3280/3280 3146/3146
f 3146/3146 3280/3280 3279/3279
f 3146/3146 3279/3279 3147/3147
f 3266/3266 3281/3281 3282/3282
f 3266/3266 3282/3282 3267/3267
f 3155/3155 3283/3283 3282/3282
f 3155/3155 3282/3282 3281/3281
f 3143/3143 3155/3155 3281/3281
f 3143/3143 3281/3281 3266/3266
f 3267/3267 3282/3282 3284/3284
f 3267/3267 3284/3284 3270/3270
f 3283/3283 3285/3285 3284/3284
f 3283/3283 3284/3284 3282/3282
f 3274/3274 3286/3286 3287/3287
f 3274/3274 3287/3287 3275/3275
f 3288/3288 3289/3289 3287/3287
f 3288/3288 3287/3287 3286/3286
f 3275/3275 3287/3287 3290/3290
f 3275/3275 3290/3290 3279/3279
f 3289/3289 3157/3157 3290/3290
f 3289/3289 3290/3290 3287/3287
f 3147/3147 3279/3279 3290/3290
f 3147/3147 3290/3290 3157/3157
f 3291/3291 3292/3292 3293/3293
f 3291/3291 3293/3293 3294/3294
f 3165/3165 3167/3167 3293/3293
f 3165/3165 3293/3293 3292/3292
f 3166/3166 3165/3165 3292/3292
f 3166/3166 3292/3292 3291/3291
f 3294/3294 3293/3293 3295/3295
f 3294/3294 3295/3295 3296/3296
f 3167/3167 3168/3168 3295/3295
f 3167/3167 3295/3295 3293/3293
f 3296/3296 3295/3295 3297/3297
f 3296/3296 3297/3297 3298/3298
f 3168/3168 3169/3169 3297/3297
f 3168/3168 3297/3297 3295/3295
f 3298/3298 3297/3297 3299/3299
f 3298/3298 3299/3299 3300/3300
f 3169/3169 3170/3170 3299/3299
f 3169/3169 3299/3299 3297/3297
f 3300/3300 3299/3299 3301/3301
f 3300/3300 3301/3301 3302/3302
f 3170/3170 3171/3171 3301/3301
f 3170/3170 3301/3301 3299/3299
f 3302/3302 3301/3301 3303/3303
f 3302/3302 3303/3303 3304/3304
f 3171/3171 3172/3172 3303/3303
f 3171/3171 3303/3303 3301/3301
f 3173/3173 3304/3304 3303/3303
f 3173/3173 3303/3303 3172/3172
f 3305/3305 3306/3306 3307/3307
f 3305/3305 3307/3307 3308/3308
f 3183/3183 3305/3305 3308/3308
f 3183/3183 3308/3308 3184/3184
f 3183/3183 3182/3182 3306/3306
f 3183/3183 3306/3306 3305/3305
f 3308/3308 3307/3307 3309/3309
f 3308/3308 3309/3309 3310/3310
f 3184/3184 3308/3308 3310/3310
f 3184/3184 3310/3310 3186/3186
f 3310/3310 3309/3309 3311/3311
f 3310/3310 3311/3311 3312/3312
f 3186/3186 3310/3310 3312/3312
f 3186/3186 3312/3312 3188/3188
f 3312/3312 3311/3311 3313/3313
f 3312/3312 3313/3313 3314/3314
f 3188/3188 3312/3312 3314/3314
f 3188/3188 3314/3314 3190/3190
f 3314/3314 3313/3313 3315/3315
f 3314/3314 3315/3315 3316/3316
f 3190/3190 3314/3314 3316/3316
f 3190/3190 3316/3316 3192/3192
f 3316/3316 3315/3315 3317/3317
f 3316/3316 3317/3317 3318/3318
f 3192/3192 3316/3316 3318/3318
f 3192/3192 3318/3318 3194/3194
f 3194/3194 3318/3318 3317/3317
f 3194/3194 3317/3317 3195/3195
f 3306/3306 3319/3319 3320/3320
f 3306/3306 3320/3320 3307/3307
f 3182/3182 3202/3202 3319/3319
f 3182/3182 3319/3319 3306/3306
f 3307/3307 3320/3320 3321/3321
f 3307/3307 3321/3321 3309/3309
f 3309/3309 3321/3321 3322/3322
f 3309/3309 3322/3322 3311/3311
f 3311/3311 3322/3322 3323/3323
f 3311/3311 3323/3323 3313/3313
f 3313/3313 3323/3323 3324/3324
f 3313/3313 3324/3324 3315/3315
f 3315/3315 3324/3324 3325/3325
f 3315/3315 3325/3325 3317/3317
f 3195/3195 3317/3317 3325/3325
f 3195/3195 3325/3325 3203/3203
f 3319/3319 3326/3326 3327/3327
f 3319/3319 3327/3327 3320/3320
f 3202/3202 3208/3208 3326/3326
f 3202/3202 3326/3326 3319/3319
f 3320/3320 3327/3327 3328/3328
f 3320/3320 3328/3328 3321/3321
f 3321/3321 3328/3328 3329/3329
f 3321/3321 3329/3329 3322/3322
f 3322/3322 3329/3329 3330/3330
f 3322/3322 3330/3330 3323/3323
f 3323/3323 3330/3330 3331/3331
f 3323/3323 3331/3331 3324/3324
f 3324/3324 3331/3331 3332/3332
f 3324/3324 3332/3332 3325/3325
f 3203/3203 3325/3325 3332/3332
f 3203/3203 3332/3332 3209/3209
f 3333/3333 3334/3334 3335/3335
f 3333/3333 3335/3335 3336/3336
f 3217/3217 3333/3333 3336/3336
f 3217/3217 3336/3336 3337/3337
f 3217/3217 3216/3216 3334/3334
f 3217/3217 3334/3334 3333/3333
f 3336/3336 3335/3335 3338/3338
f 3336/3336 3338/3338 3339/3339
f 3337/3337 3336/3336 3339/3339
f 3337/3337 3339/3339 3340/3340
f 3341/3341 3342/3342 3343/3343
f 3341/3341 3343/3343 3344/3344
f 3345/3345 3341/3341 3344/3344
f 3345/3345 3344/3344 3346/3346
f 3344/3344 3343/3343 3347/3347
f 3344/3344 3347/3347 3348/3348
f 3346/3346 3344/3344 3348/3348
f 3346/3346 3348/3348 3219/3219
f 3219/3219 3348/3348 3347/3347
f 3219/3219 3347/3347 3220/3220
f 3334/3334 3349/3349 3350/3350
f 3334/3334 3350/3350 3335/3335
f 3228/3228 3351/3351 3350/3350
f 3228/3228 3350/3350 3349/3349
f 3216/3216 3228/3228 3349/3349
f 3216/3216 3349/3349 3334/3334
f 3335/3335 3350/3350 3352/3352
f 3335/3335 3352/3352 3338/3338
f 3351/3351 3353/3353 3352/3352
f 3351/3351 3352/3352 3350/3350
f 3342/3342 3354/3354 3355/3355
f 3342/3342 3355/3355 3343/3343
f 3356/3356 3357/3357 3355/3355
f 3356/3356 3355/3355 3354/3354
f 3343/3343 3355/3355 3358/3358
f 3343/3343 3358/3358 3347/3347
f 3357/3357 3230/3230 3358/3358
f 3357/3357 3358/3358 3355/3355
f 3220/3220 3347/3347 3358/3358
f 3220/3220 3358/3358 3230/3230
f 3359/3359 3360/3360 3361/3361
f 3359/3359 3361/3361 3362/3362
f 3238/3238 3240/3240 3361/3361
f 3238/3238 3361/3361 3360/3360
f 3239/3239 3238/3238 3360/3360
f 3239/3239 3360/3360 3359/3359
f 3362/3362 3361/3361 3363/3363
f 3362/3362 3363/3363 3364/3364
f 3240/3240 3241/3241 3363/3363
f 3240/3240 3363/3363 3361/3361
f 3364/3364 3363/3363 3365/3365
f 3364/3364 3365/3365 3366/3366
f 3241/3241 3242/3242 3365/3365
f 3241/3241 3365/3365 3363/3363
f 3366/3366 3365/3365 3367/3367
f 3366/3366 3367/3367 3368/3368
f 3242/3242 3243/3243 3367/3367
f 3242/3242 3367/3367 3365/3365
f 3368/3368 3367/3367 3369/3369
f 3368/3368 3369/3369 3370/3370
f 3243/3243 3244/3244 3369/3369
f 3243/3243 3369/3369 3367/3367
f 3370/3370 3369/3369 3371/3371
f 3370/3370 3371/3371 3372/3372
f 3244/3244 3245/3245 3371/3371
f 3244/3244 3371/3371 3369/3369
f 3246/3246 3372/3372 3371/3371
f 3246/3246 3371/3371 3245/3245
f 3373/3373 3374/3374 3375/3375
f 3373/3373 3375/3375 3376/3376
f 3271/3271 3373/3373 3376/3376
f 3271/3271 3376/3376 3377/3377
f 3271/3271 3270/3270 3374/3374
f 3271/3271 3374/3374 3373/3373
f 3376/3376 3375/3375 3378/3378
f 3376/3376 3378/3378 3379/3379
f 3377/3377 3376/3376 3379/3379
f 3377/3377 3379/3379 3380/3380
f 3379/3379 3378/3378 3381/3381
f 3379/3379 3381/3381 3382/3382
f 3380/3380 3379/3379 3382/3382
f 3380/3380 3382/3382 3383/3383
f 3382/3382 3381/3381 3384/3384
f 3382/3382 3384/3384 3385/3385
f 3383/3383 3382/3382 3385/3385
f 3383/3383 3385/3385 3386/3386
f 3385/3385 3384/3384 3387/3387
f 3385/3385 3387/3387 3388/3388
f 3386/3386 3385/3385 3388/3388
f 3386/3386 3388/3388 3389/3389
f 3388/3388 3387/3387 3390/3390
f 3388/3388 3390/3390 3391/3391
f 3389/3389 3388/3388 3391/3391
f 3389/3389 3391/3391 3273/3273
f 3273/3273 3391/3391 3390/3390
f 3273/3273 3390/3390 3274/3274
f 3374/3374 3392/3392 3393/3393
f 3374/3374 3393/3393 3375/3375
f 3284/3284 3394/3394 3393/3393
f 3284/3284 3393/3393 3392/3392
f 3270/3270 3284/3284 3392/3392
f 3270/3270 3392/3392 3374/3374
f 3375/3375 3393/3393 3395/3395
f 3375/3375 3395/3395 3378/3378
f 3394/3394 3396/3396 3395/3395
f 3394/3394 3395/3395 3393/3393
f 3378/3378 3395/3395 3397/3397
f 3378/3378 3397/3397 3381/3381
f 3396/3396 3398/3398 3397/3397
f 3396/3396 3397/3397 3395/3395
f 3381/3381 3397/3397 3399/3399
f 3381/3381 3399/3399 3384/3384
f 3398/3398 3400/3400 3399/3399
f 3398/3398 3399/3399 3397/3397
f 3384/3384 3399/3399 3401/3401
f 3384/3384 3401/3401 3387/3387
f 3400/3400 3402/3402 3401/3401
f 3400/3400 3401/3401 3399/3399
f 3387/3387 3401/3401 3403/3403
f 3387/3387 3403/3403 3390/3390
f 3402/3402 3286/3286 3403/3403
f 3402/3402 3403/3403 3401/3401
f 3274/3274 3390/3390 3403/3403
f 3274/3274 3403/3403 3286/3286
f 3404/3404 3405/3405 3406/3406
f 3404/3404 3406/3406 3407/3407
f 3339/3339 3404/3404 3407/3407
f 3339/3339 3407/3407 3408/3408
f 3339/3339 3338/3338 3405/3405
f 3339/3339 3405/3405 3404/3404
f 3407/3407 3406/3406 3409/3409
f 3407/3407 3409/3409 3410/3410
f 3408/3408 3407/3407 3410/3410
f 3408/3408 3410/3410 3411/3411
f 3410/3410 3409/3409 3412/3412
f 3410/3410 3412/3412 3413/3413
f 3411/3411 3410/3410 3413/3413
f 3411/3411 3413/3413 3414/3414
f 3413/3413 3412/3412 3415/3415
f 3413/3413 3415/3415 3416/3416
f 3414/3414 3413/3413 3416/3416
f 3414/3414 3416/3416 3417/3417
f 3416/3416 3415/3415 3418/3418
f 3416/3416 3418/3418 3419/3419
f 3417/3417 3416/3416 3419/3419
f 3417/3417 3419/3419 3420/3420
f 3419/3419 3418/3418 3421/3421
f 3419/3419 3421/3421 3422/3422
f 3420/3420 3419/3419 3422/3422
f 3420/3420 3422/3422 3341/3341
f 3341/3341 3422/3422 3421/3421
f 3341/3341 3421/3421 3342/3342
f 3405/3405 3423/3423 3424/3424
f 3405/3405 3424/3424 3406/3406
f 3352/3352 3425/3425 3424/3424
f 3352/3352 3424/3424 3423/3423
f 3338/3338 3352/3352 3423/3423
f 3338/3338 3423/3423 3405/3405
f 3406/3406 3424/3424 3426/3426
f 3406/3406 3426/3426 3409/3409
f 3425/3425 3427/3427 3426/3426
f 3425/3425 3426/3426 3424/3424
f 3409/3409 3426/3426 3428/3428
f 3409/3409 3428/3428 3412/3412
f 3427/3427 3429/3429 3428/3428
f 3427/3427 3428/3428 3426/3426
f 3412/3412 3428/3428 3430/3430
f 3412/3412 3430/3430 3415/3415
f 3429/3429 3431/3431 3430/3430
f 3429/3429 3430/3430 3428/3428
f 3415/3415 3430/3430 3432/3432
f 3415/3415 3432/3432 3418/3418
f 3431/3431 3433/3433 3432/3432
f 3431/3431 3432/3432 3430/3430
f 3418/3418 3432/3432 3434/3434
f 3418/3418 3434/3434 3421/3421
f 3433/3433 3354/3354 3434/3434
f 3433/3433 3434/3434 3432/3432
f 3342/3342 3421/3421 3434/3434
f 3342/3342 3434/3434 3354/3354
