mtllib TREDA0_flame.mtl
o TorchFlame
v -0.368421 0.657895 -0.105263
v -0.368421 0.657895 -0.078947
v -0.368421 0.684211 -0.078947
v -0.368421 0.684211 -0.105263
v -0.342105 0.684211 -0.078947
v -0.342105 0.684211 -0.105263
v -0.342105 0.657895 -0.105263
v -0.342105 0.657895 -0.078947
v -0.368421 0.657895 -0.052632
v -0.368421 0.684211 -0.052632
v -0.342105 0.684211 -0.052632
v -0.342105 0.657895 -0.052632
v -0.368421 0.657895 -0.026316
v -0.368421 0.684211 -0.026316
v -0.342105 0.684211 -0.026316
v -0.342105 0.657895 -0.026316
v -0.368421 0.657895 0.000000
v -0.368421 0.684211 0.000000
v -0.342105 0.684211 0.000000
v -0.342105 0.657895 0.000000
v -0.368421 0.657895 0.026316
v -0.368421 0.684211 0.026316
v -0.342105 0.684211 0.026316
v -0.342105 0.657895 0.026316
v -0.368421 0.657895 0.052632
v -0.368421 0.684211 0.052632
v -0.342105 0.684211 0.052632
v -0.342105 0.657895 0.052632
v -0.368421 0.657895 0.078947
v -0.368421 0.684211 0.078947
v -0.342105 0.684211 0.078947
v -0.342105 0.657895 0.078947
v -0.368421 0.657895 0.105263
v -0.368421 0.684211 0.105263
v -0.342105 0.684211 0.105263
v -0.342105 0.657895 0.105263
v -0.342105 0.657895 -0.157895
v -0.342105 0.657895 -0.131579
v -0.342105 0.684211 -0.131579
v -0.342105 0.684211 -0.157895
v -0.315789 0.684211 -0.131579
v -0.315789 0.684211 -0.157895
v -0.315789 0.657895 -0.157895
v -0.315789 0.657895 -0.131579
v -0.315789 0.684211 -0.105263
v -0.315789 0.657895 -0.105263
v -0.315789 0.684211 -0.078947
v -0.315789 0.657895 -0.078947
v -0.315789 0.684211 -0.052632
v -0.315789 0.657895 -0.052632
v -0.315789 0.684211 -0.026316
v -0.315789 0.657895 -0.026316
v -0.315789 0.684211 0.000000
v -0.315789 0.657895 0.000000
v -0.315789 0.684211 0.026316
v -0.315789 0.657895 0.026316
v -0.315789 0.684211 0.052632
v -0.315789 0.657895 0.052632
v -0.315789 0.684211 0.078947
v -0.315789 0.657895 0.078947
v -0.315789 0.684211 0.105263
v -0.315789 0.657895 0.105263
v -0.342105 0.657895 0.131579
v -0.342105 0.684211 0.131579
v -0.315789 0.684211 0.131579
v -0.315789 0.657895 0.131579
v -0.342105 0.657895 0.157895
v -0.342105 0.684211 0.157895
v -0.315789 0.684211 0.157895
v -0.315789 0.657895 0.157895
v -0.315789 0.657895 -0.184211
v -0.315789 0.684211 -0.184211
v -0.289474 0.684211 -0.157895
v -0.289474 0.684211 -0.184211
v -0.289474 0.657895 -0.184211
v -0.289474 0.657895 -0.157895
v -0.289474 0.684211 -0.131579
v -0.289474 0.657895 -0.131579
v -0.289474 0.684211 -0.105263
v -0.289474 0.657895 -0.105263
v -0.289474 0.684211 -0.078947
v -0.289474 0.657895 -0.078947
v -0.289474 0.684211 -0.052632
v -0.289474 0.657895 -0.052632
v -0.289474 0.684211 -0.026316
v -0.289474 0.657895 -0.026316
v -0.289474 0.684211 0.000000
v -0.289474 0.657895 0.000000
v -0.289474 0.684211 0.026316
v -0.289474 0.657895 0.026316
v -0.289474 0.684211 0.052632
v -0.289474 0.657895 0.052632
v -0.289474 0.684211 0.078947
v -0.289474 0.657895 0.078947
v -0.289474 0.684211 0.105263
v -0.289474 0.657895 0.105263
v -0.289474 0.684211 0.131579
v -0.289474 0.657895 0.131579
v -0.289474 0.684211 0.157895
v -0.289474 0.657895 0.157895
v -0.315789 0.657895 0.184211
v -0.315789 0.684211 0.184211
v -0.289474 0.684211 0.184211
v -0.289474 0.657895 0.184211
v -0.289474 0.473684 -0.078947
v -0.289474 0.473684 -0.052632
v -0.289474 0.500000 -0.052632
v -0.289474 0.500000 -0.078947
v -0.263158 0.500000 -0.052632
v -0.263158 0.500000 -0.078947
v -0.263158 0.473684 -0.078947
v -0.263158 0.473684 -0.052632
v -0.289474 0.473684 -0.026316
v -0.289474 0.500000 -0.026316
v -0.263158 0.500000 -0.026316
v -0.263158 0.473684 -0.026316
v -0.289474 0.473684 0.000000
v -0.289474 0.500000 0.000000
v -0.263158 0.500000 0.000000
v -0.263158 0.473684 0.000000
v -0.289474 0.473684 0.026316
v -0.289474 0.500000 0.026316
v -0.263158 0.500000 0.026316
v -0.263158 0.473684 0.026316
v -0.289474 0.473684 0.052632
v -0.289474 0.500000 0.052632
v -0.263158 0.500000 0.052632
v -0.263158 0.473684 0.052632
v -0.289474 0.473684 0.078947
v -0.289474 0.500000 0.078947
v -0.263158 0.500000 0.078947
v -0.263158 0.473684 0.078947
v -0.289474 0.657895 -0.210526
v -0.289474 0.684211 -0.210526
v -0.263158 0.684211 -0.184211
v -0.263158 0.684211 -0.210526
v -0.263158 0.657895 -0.210526
v -0.263158 0.657895 -0.184211
v -0.263158 0.684211 -0.157895
v -0.263158 0.657895 -0.157895
v -0.263158 0.684211 -0.131579
v -0.263158 0.657895 -0.131579
v -0.263158 0.684211 -0.105263
v -0.263158 0.657895 -0.105263
v -0.263158 0.684211 -0.078947
v -0.263158 0.657895 -0.078947
v -0.263158 0.684211 -0.052632
v -0.263158 0.657895 -0.052632
v -0.263158 0.684211 -0.026316
v -0.263158 0.657895 -0.026316
v -0.263158 0.684211 0.000000
v -0.263158 0.657895 0.000000
v -0.263158 0.684211 0.026316
v -0.263158 0.657895 0.026316
v -0.263158 0.684211 0.052632
v -0.263158 0.657895 0.052632
v -0.263158 0.684211 0.078947
v -0.263158 0.657895 0.078947
v -0.263158 0.684211 0.105263
v -0.263158 0.657895 0.105263
v -0.263158 0.684211 0.131579
v -0.263158 0.657895 0.131579
v -0.263158 0.684211 0.157895
v -0.263158 0.657895 0.157895
v -0.263158 0.684211 0.184211
v -0.263158 0.657895 0.184211
v -0.289474 0.657895 0.210526
v -0.289474 0.684211 0.210526
v -0.263158 0.684211 0.210526
v -0.263158 0.657895 0.210526
v -0.263158 0.184211 -0.078947
v -0.263158 0.184211 -0.052632
v -0.263158 0.210526 -0.052632
v -0.263158 0.210526 -0.078947
v -0.236842 0.184211 -0.078947
v -0.236842 0.184211 -0.052632
v -0.236842 0.210526 -0.078947
v -0.263158 0.184211 -0.026316
v -0.263158 0.210526 -0.026316
v -0.236842 0.184211 -0.026316
v -0.263158 0.184211 0.000000
v -0.263158 0.210526 0.000000
v -0.236842 0.184211 0.000000
v -0.263158 0.184211 0.026316
v -0.263158 0.210526 0.026316
v -0.236842 0.184211 0.026316
v -0.263158 0.184211 0.052632
v -0.263158 0.210526 0.052632
v -0.236842 0.184211 0.052632
v -0.263158 0.184211 0.078947
v -0.263158 0.210526 0.078947
v -0.236842 0.184211 0.078947
v -0.236842 0.210526 0.078947
v -0.263158 0.236842 -0.052632
v -0.263158 0.236842 -0.078947
v -0.236842 0.236842 -0.078947
v -0.263158 0.236842 -0.026316
v -0.263158 0.236842 0.000000
v -0.263158 0.236842 0.026316
v -0.263158 0.236842 0.052632
v -0.263158 0.236842 0.078947
v -0.236842 0.236842 0.078947
v -0.263158 0.236842 -0.078947
v -0.263158 0.236842 -0.052632
v -0.263158 0.263158 -0.052632
v -0.263158 0.263158 -0.078947
v -0.236842 0.263158 -0.052632
v -0.236842 0.263158 -0.078947
v -0.236842 0.236842 -0.078947
v -0.263158 0.236842 -0.026316
v -0.263158 0.263158 -0.026316
v -0.236842 0.263158 -0.026316
v -0.263158 0.236842 0.000000
v -0.263158 0.263158 0.000000
v -0.236842 0.263158 0.000000
v -0.263158 0.236842 0.026316
v -0.263158 0.263158 0.026316
v -0.236842 0.263158 0.026316
v -0.263158 0.236842 0.052632
v -0.263158 0.263158 0.052632
v -0.236842 0.263158 0.052632
v -0.263158 0.236842 0.078947
v -0.263158 0.263158 0.078947
v -0.236842 0.263158 0.078947
v -0.236842 0.236842 0.078947
v -0.263158 0.421053 -0.078947
v -0.263158 0.421053 -0.052632
v -0.263158 0.447368 -0.052632
v -0.263158 0.447368 -0.078947
v -0.236842 0.447368 -0.052632
v -0.236842 0.447368 -0.078947
v -0.236842 0.421053 -0.078947
v -0.236842 0.421053 -0.052632
v -0.263158 0.421053 -0.026316
v -0.263158 0.447368 -0.026316
v -0.236842 0.447368 -0.026316
v -0.236842 0.421053 -0.026316
v -0.263158 0.421053 0.000000
v -0.263158 0.447368 0.000000
v -0.236842 0.447368 0.000000
v -0.236842 0.421053 0.000000
v -0.263158 0.421053 0.026316
v -0.263158 0.447368 0.026316
v -0.236842 0.447368 0.026316
v -0.236842 0.421053 0.026316
v -0.263158 0.421053 0.052632
v -0.263158 0.447368 0.052632
v -0.236842 0.447368 0.052632
v -0.236842 0.421053 0.052632
v -0.263158 0.421053 0.078947
v -0.263158 0.447368 0.078947
v -0.236842 0.447368 0.078947
v -0.236842 0.421053 0.078947
v -0.263158 0.473684 -0.157895
v -0.263158 0.473684 -0.131579
v -0.263158 0.500000 -0.131579
v -0.263158 0.500000 -0.157895
v -0.236842 0.500000 -0.131579
v -0.236842 0.500000 -0.157895
v -0.236842 0.473684 -0.157895
v -0.236842 0.473684 -0.131579
v -0.263158 0.473684 -0.105263
v -0.263158 0.500000 -0.105263
v -0.236842 0.500000 -0.105263
v -0.236842 0.473684 -0.105263
v -0.236842 0.500000 -0.078947
v -0.236842 0.473684 -0.078947
v -0.236842 0.500000 -0.052632
v -0.236842 0.473684 -0.052632
v -0.236842 0.500000 -0.026316
v -0.236842 0.473684 -0.026316
v -0.236842 0.500000 0.000000
v -0.236842 0.473684 0.000000
v -0.236842 0.500000 0.026316
v -0.236842 0.473684 0.026316
v -0.236842 0.500000 0.052632
v -0.236842 0.473684 0.052632
v -0.236842 0.500000 0.078947
v -0.236842 0.473684 0.078947
v -0.263158 0.473684 0.105263
v -0.263158 0.500000 0.105263
v -0.236842 0.500000 0.105263
v -0.236842 0.473684 0.105263
v -0.263158 0.473684 0.131579
v -0.263158 0.500000 0.131579
v -0.236842 0.500000 0.131579
v -0.236842 0.473684 0.131579
v -0.263158 0.473684 0.157895
v -0.263158 0.500000 0.157895
v -0.236842 0.500000 0.157895
v -0.236842 0.473684 0.157895
v -0.263158 0.657895 -0.236842
v -0.263158 0.684211 -0.236842
v -0.236842 0.684211 -0.210526
v -0.236842 0.684211 -0.236842
v -0.236842 0.657895 -0.236842
v -0.236842 0.657895 -0.210526
v -0.236842 0.684211 -0.184211
v -0.236842 0.657895 -0.184211
v -0.236842 0.684211 -0.157895
v -0.236842 0.657895 -0.157895
v -0.236842 0.684211 -0.131579
v -0.236842 0.657895 -0.131579
v -0.236842 0.684211 -0.105263
v -0.236842 0.657895 -0.105263
v -0.236842 0.684211 -0.078947
v -0.236842 0.657895 -0.078947
v -0.236842 0.684211 -0.052632
v -0.236842 0.657895 -0.052632
v -0.236842 0.684211 -0.026316
v -0.236842 0.657895 -0.026316
v -0.236842 0.684211 0.000000
v -0.236842 0.657895 0.000000
v -0.236842 0.684211 0.026316
v -0.236842 0.657895 0.026316
v -0.236842 0.684211 0.052632
v -0.236842 0.657895 0.052632
v -0.236842 0.684211 0.078947
v -0.236842 0.657895 0.078947
v -0.236842 0.684211 0.105263
v -0.236842 0.657895 0.105263
v -0.236842 0.684211 0.131579
v -0.236842 0.657895 0.131579
v -0.236842 0.684211 0.157895
v -0.236842 0.657895 0.157895
v -0.236842 0.684211 0.184211
v -0.236842 0.657895 0.184211
v -0.236842 0.684211 0.210526
v -0.236842 0.657895 0.210526
v -0.263158 0.657895 0.236842
v -0.263158 0.684211 0.236842
v -0.236842 0.684211 0.236842
v -0.236842 0.657895 0.236842
v -0.236842 0.131579 -0.078947
v -0.236842 0.131579 -0.052632
v -0.236842 0.157895 -0.052632
v -0.236842 0.157895 -0.078947
v -0.210526 0.131579 -0.078947
v -0.210526 0.131579 -0.052632
v -0.210526 0.157895 -0.078947
v -0.236842 0.131579 -0.026316
v -0.236842 0.157895 -0.026316
v -0.210526 0.131579 -0.026316
v -0.236842 0.131579 0.000000
v -0.236842 0.157895 0.000000
v -0.210526 0.131579 0.000000
v -0.236842 0.131579 0.026316
v -0.236842 0.157895 0.026316
v -0.210526 0.131579 0.026316
v -0.236842 0.131579 0.052632
v -0.236842 0.157895 0.052632
v -0.210526 0.131579 0.052632
v -0.236842 0.131579 0.078947
v -0.236842 0.157895 0.078947
v -0.210526 0.131579 0.078947
v -0.210526 0.157895 0.078947
v -0.236842 0.184211 -0.052632
v -0.236842 0.184211 -0.078947
v -0.210526 0.184211 -0.078947
v -0.236842 0.184211 -0.026316
v -0.236842 0.184211 0.000000
v -0.236842 0.184211 0.026316
v -0.236842 0.184211 0.052632
v -0.236842 0.184211 0.078947
v -0.210526 0.184211 0.078947
v -0.236842 0.184211 -0.131579
v -0.236842 0.184211 -0.105263
v -0.236842 0.210526 -0.105263
v -0.236842 0.210526 -0.131579
v -0.210526 0.184211 -0.131579
v -0.210526 0.184211 -0.105263
v -0.210526 0.210526 -0.131579
v -0.210526 0.184211 -0.078947
v -0.236842 0.184211 0.105263
v -0.236842 0.210526 0.105263
v -0.210526 0.184211 0.078947
v -0.210526 0.184211 0.105263
v -0.236842 0.184211 0.131579
v -0.236842 0.210526 0.131579
v -0.210526 0.184211 0.131579
v -0.210526 0.210526 0.131579
v -0.236842 0.236842 -0.105263
v -0.236842 0.236842 -0.131579
v -0.210526 0.236842 -0.131579
v -0.236842 0.236842 0.105263
v -0.236842 0.236842 0.131579
v -0.210526 0.236842 0.131579
v -0.236842 0.236842 -0.131579
v -0.236842 0.236842 -0.105263
v -0.236842 0.263158 -0.105263
v -0.236842 0.263158 -0.131579
v -0.210526 0.263158 -0.105263
v -0.210526 0.263158 -0.131579
v -0.210526 0.236842 -0.131579
v -0.210526 0.263158 -0.078947
v -0.236842 0.236842 0.105263
v -0.236842 0.263158 0.105263
v -0.210526 0.263158 0.105263
v -0.210526 0.263158 0.078947
v -0.236842 0.236842 0.131579
v -0.236842 0.263158 0.131579
v -0.210526 0.263158 0.131579
v -0.210526 0.236842 0.131579
v -0.236842 0.263158 -0.078947
v -0.236842 0.263158 -0.052632
v -0.236842 0.289474 -0.052632
v -0.236842 0.289474 -0.078947
v -0.210526 0.289474 -0.078947
v -0.210526 0.263158 -0.078947
v -0.236842 0.263158 -0.026316
v -0.236842 0.289474 -0.026316
v -0.236842 0.263158 0.000000
v -0.236842 0.289474 0.000000
v -0.236842 0.263158 0.026316
v -0.236842 0.289474 0.026316
v -0.236842 0.263158 0.052632
v -0.236842 0.289474 0.052632
v -0.236842 0.263158 0.078947
v -0.236842 0.289474 0.078947
v -0.210526 0.263158 0.078947
v -0.210526 0.289474 0.078947
v -0.236842 0.289474 -0.078947
v -0.236842 0.289474 -0.052632
v -0.236842 0.315789 -0.052632
v -0.236842 0.315789 -0.078947
v -0.210526 0.315789 -0.078947
v -0.210526 0.289474 -0.078947
v -0.236842 0.289474 -0.026316
v -0.236842 0.315789 -0.026316
v -0.236842 0.289474 0.000000
v -0.236842 0.315789 0.000000
v -0.236842 0.289474 0.026316
v -0.236842 0.315789 0.026316
v -0.236842 0.289474 0.052632
v -0.236842 0.315789 0.052632
v -0.236842 0.289474 0.078947
v -0.236842 0.315789 0.078947
v -0.210526 0.289474 0.078947
v -0.210526 0.315789 0.078947
v -0.236842 0.315789 -0.078947
v -0.236842 0.315789 -0.052632
v -0.236842 0.342105 -0.052632
v -0.236842 0.342105 -0.078947
v -0.210526 0.342105 -0.052632
v -0.210526 0.342105 -0.078947
v -0.210526 0.315789 -0.078947
v -0.236842 0.315789 -0.026316
v -0.236842 0.342105 -0.026316
v -0.210526 0.342105 -0.026316
v -0.236842 0.315789 0.000000
v -0.236842 0.342105 0.000000
v -0.210526 0.342105 0.000000
v -0.236842 0.315789 0.026316
v -0.236842 0.342105 0.026316
v -0.210526 0.342105 0.026316
v -0.236842 0.315789 0.052632
v -0.236842 0.342105 0.052632
v -0.210526 0.342105 0.052632
v -0.236842 0.315789 0.078947
v -0.236842 0.342105 0.078947
v -0.210526 0.342105 0.078947
v -0.210526 0.315789 0.078947
v -0.236842 0.421053 -0.131579
v -0.236842 0.421053 -0.105263
v -0.236842 0.447368 -0.105263
v -0.236842 0.447368 -0.131579
v -0.210526 0.447368 -0.105263
v -0.210526 0.447368 -0.131579
v -0.210526 0.421053 -0.131579
v -0.210526 0.421053 -0.105263
v -0.210526 0.447368 -0.078947
v -0.210526 0.421053 -0.078947
v -0.210526 0.447368 -0.052632
v -0.210526 0.421053 -0.052632
v -0.210526 0.447368 -0.026316
v -0.210526 0.421053 -0.026316
v -0.210526 0.447368 0.000000
v -0.210526 0.421053 0.000000
v -0.210526 0.447368 0.026316
v -0.210526 0.421053 0.026316
v -0.210526 0.447368 0.052632
v -0.210526 0.421053 0.052632
v -0.210526 0.447368 0.078947
v -0.210526 0.421053 0.078947
v -0.236842 0.421053 0.105263
v -0.236842 0.447368 0.105263
v -0.210526 0.447368 0.105263
v -0.210526 0.421053 0.105263
v -0.236842 0.421053 0.131579
v -0.236842 0.447368 0.131579
v -0.210526 0.447368 0.131579
v -0.210526 0.421053 0.131579
v -0.236842 0.473684 -0.184211
v -0.236842 0.500000 -0.184211
v -0.210526 0.500000 -0.157895
v -0.210526 0.500000 -0.184211
v -0.210526 0.473684 -0.184211
v -0.210526 0.473684 -0.157895
v -0.210526 0.500000 -0.131579
v -0.210526 0.473684 -0.131579
v -0.210526 0.500000 -0.105263
v -0.210526 0.473684 -0.105263
v -0.210526 0.500000 -0.078947
v -0.210526 0.473684 -0.078947
v -0.210526 0.500000 -0.052632
v -0.210526 0.473684 -0.052632
v -0.210526 0.500000 -0.026316
v -0.210526 0.473684 -0.026316
v -0.210526 0.500000 0.000000
v -0.210526 0.473684 0.000000
v -0.210526 0.500000 0.026316
v -0.210526 0.473684 0.026316
v -0.210526 0.500000 0.052632
v -0.210526 0.473684 0.052632
v -0.210526 0.500000 0.078947
v -0.210526 0.473684 0.078947
v -0.210526 0.500000 0.105263
v -0.210526 0.473684 0.105263
v -0.210526 0.500000 0.131579
v -0.210526 0.473684 0.131579
v -0.210526 0.500000 0.157895
v -0.210526 0.473684 0.157895
v -0.236842 0.473684 0.184211
v -0.236842 0.500000 0.184211
v -0.210526 0.500000 0.184211
v -0.210526 0.473684 0.184211
v -0.236842 0.631579 -0.052632
v -0.236842 0.631579 -0.026316
v -0.236842 0.657895 -0.026316
v -0.236842 0.657895 -0.052632
v -0.210526 0.631579 -0.052632
v -0.210526 0.631579 -0.026316
v -0.210526 0.657895 -0.052632
v -0.236842 0.631579 0.000000
v -0.236842 0.657895 0.000000
v -0.210526 0.631579 0.000000
v -0.236842 0.631579 0.026316
v -0.236842 0.657895 0.026316
v -0.210526 0.631579 0.026316
v -0.236842 0.631579 0.052632
v -0.236842 0.657895 0.052632
v -0.210526 0.631579 0.052632
v -0.210526 0.657895 0.052632
v -0.210526 0.684211 -0.210526
v -0.210526 0.684211 -0.236842
v -0.210526 0.657895 -0.236842
v -0.210526 0.657895 -0.210526
v -0.210526 0.684211 -0.184211
v -0.210526 0.657895 -0.184211
v -0.210526 0.684211 -0.157895
v -0.210526 0.657895 -0.157895
v -0.210526 0.684211 -0.131579
v -0.210526 0.657895 -0.131579
v -0.210526 0.684211 -0.105263
v -0.210526 0.657895 -0.105263
v -0.210526 0.684211 -0.078947
v -0.210526 0.657895 -0.078947
v -0.210526 0.684211 -0.052632
v -0.210526 0.657895 -0.052632
v -0.210526 0.684211 0.078947
v -0.210526 0.684211 0.052632
v -0.210526 0.657895 0.052632
v -0.210526 0.657895 0.078947
v -0.210526 0.684211 0.105263
v -0.210526 0.657895 0.105263
v -0.210526 0.684211 0.131579
v -0.210526 0.657895 0.131579
v -0.210526 0.684211 0.157895
v -0.210526 0.657895 0.157895
v -0.210526 0.684211 0.184211
v -0.210526 0.657895 0.184211
v -0.210526 0.684211 0.210526
v -0.210526 0.657895 0.210526
v -0.210526 0.684211 0.236842
v -0.210526 0.657895 0.236842
v -0.236842 0.684211 -0.052632
v -0.236842 0.684211 -0.026316
v -0.236842 0.710526 -0.026316
v -0.236842 0.710526 -0.052632
v -0.210526 0.710526 -0.052632
v -0.210526 0.684211 -0.052632
v -0.236842 0.684211 0.000000
v -0.236842 0.710526 0.000000
v -0.236842 0.684211 0.026316
v -0.236842 0.710526 0.026316
v -0.236842 0.684211 0.052632
v -0.236842 0.710526 0.052632
v -0.210526 0.684211 0.052632
v -0.210526 0.710526 0.052632
v -0.236842 0.710526 -0.052632
v -0.236842 0.710526 -0.026316
v -0.236842 0.736842 -0.026316
v -0.236842 0.736842 -0.052632
v -0.210526 0.736842 -0.026316
v -0.210526 0.736842 -0.052632
v -0.210526 0.710526 -0.052632
v -0.236842 0.710526 0.000000
v -0.236842 0.736842 0.000000
v -0.210526 0.736842 0.000000
v -0.236842 0.710526 0.026316
v -0.236842 0.736842 0.026316
v -0.210526 0.736842 0.026316
v -0.236842 0.710526 0.052632
v -0.236842 0.736842 0.052632
v -0.210526 0.736842 0.052632
v -0.210526 0.710526 0.052632
v -0.210526 0.000000 -0.078947
v -0.210526 0.000000 -0.052632
v -0.210526 0.026316 -0.052632
v -0.210526 0.026316 -0.078947
v -0.184211 0.026316 -0.052632
v -0.184211 0.026316 -0.078947
v -0.184211 0.000000 -0.078947
v -0.184211 0.000000 -0.052632
v -0.210526 0.000000 -0.026316
v -0.210526 0.026316 -0.026316
v -0.184211 0.026316 -0.026316
v -0.184211 0.000000 -0.026316
v -0.210526 0.000000 0.000000
v -0.210526 0.026316 0.000000
v -0.184211 0.026316 0.000000
v -0.184211 0.000000 0.000000
v -0.210526 0.000000 0.026316
v -0.210526 0.026316 0.026316
v -0.184211 0.026316 0.026316
v -0.184211 0.000000 0.026316
v -0.210526 0.000000 0.052632
v -0.210526 0.026316 0.052632
v -0.184211 0.026316 0.052632
v -0.184211 0.000000 0.052632
v -0.210526 0.000000 0.078947
v -0.210526 0.026316 0.078947
v -0.184211 0.026316 0.078947
v -0.184211 0.000000 0.078947
v -0.210526 0.105263 -0.078947
v -0.210526 0.105263 -0.052632
v -0.210526 0.131579 -0.052632
v -0.210526 0.131579 -0.078947
v -0.184211 0.105263 -0.078947
v -0.184211 0.105263 -0.052632
v -0.184211 0.131579 -0.078947
v -0.210526 0.105263 -0.026316
v -0.210526 0.131579 -0.026316
v -0.184211 0.105263 -0.026316
v -0.210526 0.105263 0.000000
v -0.210526 0.131579 0.000000
v -0.184211 0.105263 0.000000
v -0.210526 0.105263 0.026316
v -0.210526 0.131579 0.026316
v -0.184211 0.105263 0.026316
v -0.210526 0.105263 0.052632
v -0.210526 0.131579 0.052632
v -0.184211 0.105263 0.052632
v -0.210526 0.105263 0.078947
v -0.210526 0.131579 0.078947
v -0.184211 0.105263 0.078947
v -0.184211 0.131579 0.078947
v -0.210526 0.131579 -0.131579
v -0.210526 0.131579 -0.105263
v -0.210526 0.157895 -0.105263
v -0.210526 0.157895 -0.131579
v -0.184211 0.131579 -0.131579
v -0.184211 0.131579 -0.105263
v -0.184211 0.157895 -0.131579
v -0.184211 0.131579 -0.078947
v -0.210526 0.131579 0.105263
v -0.210526 0.157895 0.105263
v -0.184211 0.131579 0.078947
v -0.184211 0.131579 0.105263
v -0.210526 0.131579 0.131579
v -0.210526 0.157895 0.131579
v -0.184211 0.131579 0.131579
v -0.184211 0.157895 0.131579
v -0.210526 0.184211 -0.105263
v -0.210526 0.184211 -0.131579
v -0.184211 0.184211 -0.131579
v -0.210526 0.184211 0.105263
v -0.210526 0.184211 0.131579
v -0.184211 0.184211 0.131579
v -0.210526 0.184211 -0.157895
v -0.210526 0.210526 -0.157895
v -0.184211 0.184211 -0.157895
v -0.184211 0.184211 -0.131579
v -0.184211 0.210526 -0.157895
v -0.210526 0.184211 0.157895
v -0.210526 0.210526 0.157895
v -0.184211 0.184211 0.131579
v -0.184211 0.184211 0.157895
v -0.184211 0.210526 0.157895
v -0.210526 0.236842 -0.157895
v -0.184211 0.236842 -0.157895
v -0.210526 0.236842 0.157895
v -0.184211 0.236842 0.157895
v -0.210526 0.236842 -0.157895
v -0.210526 0.263158 -0.157895
v -0.184211 0.263158 -0.131579
v -0.184211 0.263158 -0.157895
v -0.184211 0.236842 -0.157895
v -0.210526 0.236842 0.157895
v -0.210526 0.263158 0.157895
v -0.184211 0.263158 0.157895
v -0.184211 0.263158 0.131579
v -0.184211 0.236842 0.157895
v -0.210526 0.263158 -0.131579
v -0.210526 0.263158 -0.105263
v -0.210526 0.289474 -0.105263
v -0.210526 0.289474 -0.131579
v -0.184211 0.289474 -0.131579
v -0.184211 0.263158 -0.131579
v -0.210526 0.263158 0.105263
v -0.210526 0.289474 0.105263
v -0.210526 0.263158 0.131579
v -0.210526 0.289474 0.131579
v -0.184211 0.263158 0.131579
v -0.184211 0.289474 0.131579
v -0.210526 0.289474 -0.131579
v -0.210526 0.289474 -0.105263
v -0.210526 0.315789 -0.105263
v -0.210526 0.315789 -0.131579
v -0.184211 0.315789 -0.105263
v -0.184211 0.315789 -0.131579
v -0.184211 0.289474 -0.131579
v -0.210526 0.289474 0.105263
v -0.210526 0.315789 0.105263
v -0.210526 0.289474 0.131579
v -0.210526 0.315789 0.131579
v -0.184211 0.315789 0.131579
v -0.184211 0.315789 0.105263
v -0.184211 0.289474 0.131579
v -0.210526 0.315789 -0.105263
v -0.210526 0.342105 -0.105263
v -0.184211 0.342105 -0.078947
v -0.184211 0.342105 -0.105263
v -0.184211 0.315789 -0.105263
v -0.184211 0.342105 -0.052632
v -0.184211 0.342105 0.078947
v -0.184211 0.342105 0.052632
v -0.210526 0.315789 0.105263
v -0.210526 0.342105 0.105263
v -0.184211 0.342105 0.105263
v -0.184211 0.315789 0.105263
v -0.210526 0.342105 -0.052632
v -0.210526 0.342105 -0.026316
v -0.210526 0.368421 -0.026316
v -0.210526 0.368421 -0.052632
v -0.184211 0.368421 -0.052632
v -0.184211 0.342105 -0.052632
v -0.210526 0.342105 0.000000
v -0.210526 0.368421 0.000000
v -0.210526 0.342105 0.026316
v -0.210526 0.368421 0.026316
v -0.210526 0.342105 0.052632
v -0.210526 0.368421 0.052632
v -0.184211 0.342105 0.052632
v -0.184211 0.368421 0.052632
v -0.210526 0.394737 -0.026316
v -0.210526 0.394737 -0.052632
v -0.184211 0.394737 -0.026316
v -0.184211 0.394737 -0.052632
v -0.210526 0.394737 0.000000
v -0.184211 0.394737 0.000000
v -0.210526 0.394737 0.026316
v -0.184211 0.394737 0.026316
v -0.210526 0.394737 0.052632
v -0.184211 0.394737 0.052632
v -0.210526 0.421053 -0.157895
v -0.210526 0.447368 -0.157895
v -0.184211 0.447368 -0.131579
v -0.184211 0.447368 -0.157895
v -0.184211 0.421053 -0.157895
v -0.184211 0.421053 -0.131579
v -0.184211 0.447368 -0.105263
v -0.184211 0.421053 -0.105263
v -0.184211 0.447368 -0.078947
v -0.184211 0.421053 -0.078947
v -0.184211 0.447368 -0.052632
v -0.184211 0.421053 -0.052632
v -0.184211 0.447368 -0.026316
v -0.184211 0.421053 -0.026316
v -0.184211 0.447368 0.000000
v -0.184211 0.421053 0.000000
v -0.184211 0.447368 0.026316
v -0.184211 0.421053 0.026316
v -0.184211 0.447368 0.052632
v -0.184211 0.421053 0.052632
v -0.184211 0.447368 0.078947
v -0.184211 0.421053 0.078947
v -0.184211 0.447368 0.105263
v -0.184211 0.421053 0.105263
v -0.184211 0.447368 0.131579
v -0.184211 0.421053 0.131579
v -0.210526 0.421053 0.157895
v -0.210526 0.447368 0.157895
v -0.184211 0.447368 0.157895
v -0.184211 0.421053 0.157895
v -0.210526 0.473684 -0.210526
v -0.210526 0.500000 -0.210526
v -0.184211 0.500000 -0.184211
v -0.184211 0.500000 -0.210526
v -0.184211 0.473684 -0.210526
v -0.184211 0.473684 -0.184211
v -0.184211 0.500000 -0.157895
v -0.184211 0.473684 -0.157895
v -0.184211 0.500000 -0.131579
v -0.184211 0.473684 -0.131579
v -0.184211 0.500000 -0.105263
v -0.184211 0.473684 -0.105263
v -0.184211 0.500000 -0.078947
v -0.184211 0.473684 -0.078947
v -0.184211 0.500000 -0.052632
v -0.184211 0.473684 -0.052632
v -0.184211 0.500000 -0.026316
v -0.184211 0.473684 -0.026316
v -0.184211 0.500000 0.000000
v -0.184211 0.473684 0.000000
v -0.184211 0.500000 0.026316
v -0.184211 0.473684 0.026316
v -0.184211 0.500000 0.052632
v -0.184211 0.473684 0.052632
v -0.184211 0.500000 0.078947
v -0.184211 0.473684 0.078947
v -0.184211 0.500000 0.105263
v -0.184211 0.473684 0.105263
v -0.184211 0.500000 0.131579
v -0.184211 0.473684 0.131579
v -0.184211 0.500000 0.157895
v -0.184211 0.473684 0.157895
v -0.184211 0.500000 0.184211
v -0.184211 0.473684 0.184211
v -0.210526 0.473684 0.210526
v -0.210526 0.500000 0.210526
v -0.184211 0.500000 0.210526
v -0.184211 0.473684 0.210526
v -0.210526 0.605263 -0.052632
v -0.210526 0.605263 -0.026316
v -0.210526 0.631579 -0.026316
v -0.210526 0.631579 -0.052632
v -0.184211 0.605263 -0.052632
v -0.184211 0.605263 -0.026316
v -0.184211 0.631579 -0.052632
v -0.210526 0.605263 0.000000
v -0.210526 0.631579 0.000000
v -0.184211 0.605263 0.000000
v -0.210526 0.605263 0.026316
v -0.210526 0.631579 0.026316
v -0.184211 0.605263 0.026316
v -0.210526 0.605263 0.052632
v -0.210526 0.631579 0.052632
v -0.184211 0.605263 0.052632
v -0.184211 0.631579 0.052632
v -0.210526 0.631579 -0.105263
v -0.210526 0.631579 -0.078947
v -0.210526 0.657895 -0.078947
v -0.210526 0.657895 -0.105263
v -0.184211 0.631579 -0.105263
v -0.184211 0.631579 -0.078947
v -0.184211 0.657895 -0.105263
v -0.184211 0.631579 -0.052632
v -0.210526 0.631579 0.078947
v -0.210526 0.657895 0.078947
v -0.184211 0.631579 0.052632
v -0.184211 0.631579 0.078947
v -0.210526 0.631579 0.105263
v -0.210526 0.657895 0.105263
v -0.184211 0.631579 0.105263
v -0.184211 0.657895 0.105263
v -0.210526 0.657895 -0.263158
v -0.210526 0.684211 -0.263158
v -0.184211 0.684211 -0.236842
v -0.184211 0.684211 -0.263158
v -0.184211 0.657895 -0.263158
v -0.184211 0.657895 -0.236842
v -0.184211 0.684211 -0.210526
v -0.184211 0.657895 -0.210526
v -0.184211 0.684211 -0.184211
v -0.184211 0.657895 -0.184211
v -0.184211 0.684211 -0.157895
v -0.184211 0.657895 -0.157895
v -0.184211 0.684211 -0.131579
v -0.184211 0.657895 -0.131579
v -0.184211 0.684211 -0.105263
v -0.184211 0.657895 -0.105263
v -0.184211 0.684211 -0.078947
v -0.184211 0.684211 0.105263
v -0.184211 0.684211 0.078947
v -0.184211 0.684211 0.131579
v -0.184211 0.657895 0.105263
v -0.184211 0.657895 0.131579
v -0.184211 0.684211 0.157895
v -0.184211 0.657895 0.157895
v -0.184211 0.684211 0.184211
v -0.184211 0.657895 0.184211
v -0.184211 0.684211 0.210526
v -0.184211 0.657895 0.210526
v -0.184211 0.684211 0.236842
v -0.184211 0.657895 0.236842
v -0.210526 0.657895 0.263158
v -0.210526 0.684211 0.263158
v -0.184211 0.684211 0.263158
v -0.184211 0.657895 0.263158
v -0.210526 0.684211 -0.078947
v -0.210526 0.710526 -0.078947
v -0.184211 0.710526 -0.078947
v -0.184211 0.684211 -0.078947
v -0.210526 0.684211 0.078947
v -0.210526 0.710526 0.078947
v -0.184211 0.684211 0.078947
v -0.184211 0.710526 0.078947
v -0.210526 0.710526 -0.078947
v -0.210526 0.736842 -0.078947
v -0.184211 0.736842 -0.052632
v -0.184211 0.736842 -0.078947
v -0.184211 0.710526 -0.078947
v -0.210526 0.710526 0.078947
v -0.210526 0.736842 0.078947
v -0.184211 0.736842 0.078947
v -0.184211 0.736842 0.052632
v -0.184211 0.710526 0.078947
v -0.210526 0.736842 -0.052632
v -0.210526 0.736842 -0.026316
v -0.210526 0.763158 -0.026316
v -0.210526 0.763158 -0.052632
v -0.184211 0.763158 -0.026316
v -0.184211 0.763158 -0.052632
v -0.184211 0.736842 -0.052632
v -0.210526 0.736842 0.000000
v -0.210526 0.763158 0.000000
v -0.184211 0.763158 0.000000
v -0.210526 0.736842 0.026316
v -0.210526 0.763158 0.026316
v -0.184211 0.763158 0.026316
v -0.210526 0.736842 0.052632
v -0.210526 0.763158 0.052632
v -0.184211 0.763158 0.052632
v -0.184211 0.736842 0.052632
v -0.184211 0.000000 -0.131579
v -0.184211 0.000000 -0.105263
v -0.184211 0.026316 -0.105263
v -0.184211 0.026316 -0.131579
v -0.157895 0.026316 -0.105263
v -0.157895 0.026316 -0.131579
v -0.157895 0.000000 -0.131579
v -0.157895 0.000000 -0.105263
v -0.157895 0.026316 -0.078947
v -0.157895 0.000000 -0.078947
v -0.157895 0.026316 -0.052632
v -0.157895 0.000000 -0.052632
v -0.157895 0.026316 -0.026316
v -0.157895 0.000000 -0.026316
v -0.157895 0.026316 0.000000
v -0.157895 0.000000 0.000000
v -0.157895 0.026316 0.026316
v -0.157895 0.000000 0.026316
v -0.157895 0.026316 0.052632
v -0.157895 0.000000 0.052632
v -0.157895 0.026316 0.078947
v -0.157895 0.000000 0.078947
v -0.184211 0.000000 0.105263
v -0.184211 0.026316 0.105263
v -0.157895 0.026316 0.105263
v -0.157895 0.000000 0.105263
v -0.184211 0.000000 0.131579
v -0.184211 0.026316 0.131579
v -0.157895 0.026316 0.131579
v -0.157895 0.000000 0.131579
v -0.184211 0.105263 -0.131579
v -0.184211 0.105263 -0.105263
v -0.184211 0.131579 -0.105263
v -0.184211 0.131579 -0.131579
v -0.157895 0.105263 -0.131579
v -0.157895 0.105263 -0.105263
v -0.157895 0.131579 -0.131579
v -0.157895 0.105263 -0.078947
v -0.157895 0.105263 -0.052632
v -0.157895 0.105263 -0.026316
v -0.157895 0.105263 0.000000
v -0.157895 0.105263 0.026316
v -0.157895 0.105263 0.052632
v -0.157895 0.105263 0.078947
v -0.184211 0.105263 0.105263
v -0.184211 0.131579 0.105263
v -0.157895 0.105263 0.105263
v -0.184211 0.105263 0.131579
v -0.184211 0.131579 0.131579
v -0.157895 0.105263 0.131579
v -0.157895 0.131579 0.131579
v -0.184211 0.131579 -0.157895
v -0.184211 0.157895 -0.157895
v -0.157895 0.131579 -0.157895
v -0.157895 0.131579 -0.131579
v -0.157895 0.157895 -0.157895
v -0.184211 0.131579 0.157895
v -0.184211 0.157895 0.157895
v -0.157895 0.131579 0.131579
v -0.157895 0.131579 0.157895
v -0.157895 0.157895 0.157895
v -0.184211 0.184211 -0.157895
v -0.157895 0.184211 -0.157895
v -0.184211 0.184211 0.157895
v -0.157895 0.184211 0.157895
v -0.184211 0.184211 -0.184211
v -0.184211 0.210526 -0.184211
v -0.157895 0.184211 -0.184211
v -0.157895 0.184211 -0.157895
v -0.157895 0.210526 -0.184211
v -0.184211 0.184211 0.184211
v -0.184211 0.210526 0.184211
v -0.157895 0.184211 0.157895
v -0.157895 0.184211 0.184211
v -0.157895 0.210526 0.184211
v -0.184211 0.236842 -0.184211
v -0.157895 0.236842 -0.184211
v -0.184211 0.236842 0.184211
v -0.157895 0.236842 0.184211
v -0.184211 0.236842 -0.184211
v -0.184211 0.263158 -0.184211
v -0.157895 0.263158 -0.157895
v -0.157895 0.263158 -0.184211
v -0.157895 0.236842 -0.184211
v -0.184211 0.236842 0.184211
v -0.184211 0.263158 0.184211
v -0.157895 0.263158 0.184211
v -0.157895 0.263158 0.157895
v -0.157895 0.236842 0.184211
v -0.184211 0.263158 -0.157895
v -0.184211 0.289474 -0.157895
v -0.157895 0.289474 -0.157895
v -0.157895 0.263158 -0.157895
v -0.184211 0.263158 0.157895
v -0.184211 0.289474 0.157895
v -0.157895 0.263158 0.157895
v -0.157895 0.289474 0.157895
v -0.184211 0.289474 -0.157895
v -0.184211 0.315789 -0.157895
v -0.157895 0.315789 -0.131579
v -0.157895 0.315789 -0.157895
v -0.157895 0.289474 -0.157895
v -0.184211 0.289474 0.157895
v -0.184211 0.315789 0.157895
v -0.157895 0.315789 0.157895
v -0.157895 0.315789 0.131579
v -0.157895 0.289474 0.157895
v -0.184211 0.315789 -0.131579
v -0.184211 0.342105 -0.131579
v -0.157895 0.342105 -0.105263
v -0.157895 0.342105 -0.131579
v -0.157895 0.315789 -0.131579
v -0.184211 0.315789 0.131579
v -0.184211 0.342105 0.131579
v -0.157895 0.342105 0.131579
v -0.157895 0.342105 0.105263
v -0.157895 0.315789 0.131579
v -0.184211 0.342105 -0.105263
v -0.184211 0.342105 -0.078947
v -0.184211 0.368421 -0.078947
v -0.184211 0.368421 -0.105263
v -0.157895 0.368421 -0.105263
v -0.157895 0.342105 -0.105263
v -0.184211 0.342105 0.078947
v -0.184211 0.368421 0.078947
v -0.184211 0.342105 0.105263
v -0.184211 0.368421 0.105263
v -0.157895 0.342105 0.105263
v -0.157895 0.368421 0.105263
v -0.184211 0.394737 -0.078947
v -0.184211 0.394737 -0.105263
v -0.157895 0.394737 -0.078947
v -0.157895 0.394737 -0.105263
v -0.157895 0.394737 -0.052632
v -0.184211 0.394737 0.078947
v -0.157895 0.394737 0.078947
v -0.157895 0.394737 0.052632
v -0.184211 0.394737 0.105263
v -0.157895 0.394737 0.105263
v -0.184211 0.421053 -0.026316
v -0.184211 0.421053 -0.052632
v -0.157895 0.421053 -0.052632
v -0.184211 0.421053 0.000000
v -0.184211 0.421053 0.026316
v -0.184211 0.421053 0.052632
v -0.157895 0.421053 0.052632
v -0.184211 0.421053 -0.184211
v -0.184211 0.447368 -0.184211
v -0.157895 0.447368 -0.157895
v -0.157895 0.447368 -0.184211
v -0.157895 0.421053 -0.184211
v -0.157895 0.421053 -0.157895
v -0.157895 0.447368 -0.131579
v -0.157895 0.421053 -0.131579
v -0.157895 0.447368 -0.105263
v -0.157895 0.421053 -0.105263
v -0.157895 0.447368 -0.078947
v -0.157895 0.421053 -0.078947
v -0.157895 0.447368 -0.052632
v -0.157895 0.421053 -0.052632
v -0.157895 0.447368 -0.026316
v -0.157895 0.447368 0.000000
v -0.157895 0.447368 0.026316
v -0.157895 0.447368 0.052632
v -0.157895 0.447368 0.078947
v -0.157895 0.421053 0.052632
v -0.157895 0.421053 0.078947
v -0.157895 0.447368 0.105263
v -0.157895 0.421053 0.105263
v -0.157895 0.447368 0.131579
v -0.157895 0.421053 0.131579
v -0.157895 0.447368 0.157895
v -0.157895 0.421053 0.157895
v -0.184211 0.421053 0.184211
v -0.184211 0.447368 0.184211
v -0.157895 0.447368 0.184211
v -0.157895 0.421053 0.184211
v -0.184211 0.473684 -0.236842
v -0.184211 0.500000 -0.236842
v -0.157895 0.500000 -0.210526
v -0.157895 0.500000 -0.236842
v -0.157895 0.473684 -0.236842
v -0.157895 0.473684 -0.210526
v -0.157895 0.500000 -0.184211
v -0.157895 0.473684 -0.184211
v -0.157895 0.500000 -0.157895
v -0.157895 0.473684 -0.157895
v -0.157895 0.500000 -0.131579
v -0.157895 0.473684 -0.131579
v -0.157895 0.500000 -0.105263
v -0.157895 0.473684 -0.105263
v -0.157895 0.500000 -0.078947
v -0.157895 0.473684 -0.078947
v -0.157895 0.500000 -0.052632
v -0.157895 0.473684 -0.052632
v -0.157895 0.500000 -0.026316
v -0.157895 0.473684 -0.026316
v -0.157895 0.500000 0.000000
v -0.157895 0.473684 0.000000
v -0.157895 0.500000 0.026316
v -0.157895 0.473684 0.026316
v -0.157895 0.500000 0.052632
v -0.157895 0.473684 0.052632
v -0.157895 0.500000 0.078947
v -0.157895 0.473684 0.078947
v -0.157895 0.500000 0.105263
v -0.157895 0.473684 0.105263
v -0.157895 0.500000 0.131579
v -0.157895 0.473684 0.131579
v -0.157895 0.500000 0.157895
v -0.157895 0.473684 0.157895
v -0.157895 0.500000 0.184211
v -0.157895 0.473684 0.184211
v -0.157895 0.500000 0.210526
v -0.157895 0.473684 0.210526
v -0.184211 0.473684 0.236842
v -0.184211 0.500000 0.236842
v -0.157895 0.500000 0.236842
v -0.157895 0.473684 0.236842
v -0.184211 0.578947 -0.078947
v -0.184211 0.578947 -0.052632
v -0.184211 0.605263 -0.052632
v -0.184211 0.605263 -0.078947
v -0.157895 0.578947 -0.078947
v -0.157895 0.578947 -0.052632
v -0.157895 0.605263 -0.078947
v -0.184211 0.578947 -0.026316
v -0.184211 0.605263 -0.026316
v -0.157895 0.578947 -0.026316
v -0.184211 0.578947 0.000000
v -0.184211 0.605263 0.000000
v -0.157895 0.578947 0.000000
v -0.184211 0.578947 0.026316
v -0.184211 0.605263 0.026316
v -0.157895 0.578947 0.026316
v -0.184211 0.578947 0.052632
v -0.184211 0.605263 0.052632
v -0.157895 0.578947 0.052632
v -0.184211 0.578947 0.078947
v -0.184211 0.605263 0.078947
v -0.157895 0.578947 0.078947
v -0.157895 0.605263 0.078947
v -0.184211 0.605263 -0.105263
v -0.184211 0.605263 -0.078947
v -0.184211 0.631579 -0.078947
v -0.184211 0.631579 -0.105263
v -0.157895 0.605263 -0.105263
v -0.157895 0.605263 -0.078947
v -0.157895 0.631579 -0.105263
v -0.184211 0.605263 0.078947
v -0.184211 0.631579 0.078947
v -0.184211 0.605263 0.105263
v -0.184211 0.631579 0.105263
v -0.157895 0.605263 0.078947
v -0.157895 0.605263 0.105263
v -0.157895 0.631579 0.105263
v -0.184211 0.631579 -0.131579
v -0.184211 0.657895 -0.131579
v -0.157895 0.631579 -0.131579
v -0.157895 0.631579 -0.105263
v -0.157895 0.657895 -0.131579
v -0.184211 0.631579 0.131579
v -0.184211 0.657895 0.131579
v -0.157895 0.631579 0.105263
v -0.157895 0.631579 0.131579
v -0.157895 0.657895 0.131579
v -0.157895 0.684211 -0.236842
v -0.157895 0.684211 -0.263158
v -0.157895 0.657895 -0.263158
v -0.157895 0.657895 -0.236842
v -0.157895 0.684211 -0.210526
v -0.157895 0.657895 -0.210526
v -0.157895 0.684211 -0.184211
v -0.157895 0.657895 -0.184211
v -0.157895 0.684211 -0.157895
v -0.157895 0.657895 -0.157895
v -0.157895 0.684211 -0.131579
v -0.157895 0.657895 -0.131579
v -0.157895 0.684211 -0.105263
v -0.157895 0.684211 -0.078947
v -0.157895 0.684211 0.105263
v -0.157895 0.684211 0.078947
v -0.157895 0.684211 0.131579
v -0.157895 0.684211 0.157895
v -0.157895 0.657895 0.131579
v -0.157895 0.657895 0.157895
v -0.157895 0.684211 0.184211
v -0.157895 0.657895 0.184211
v -0.157895 0.684211 0.210526
v -0.157895 0.657895 0.210526
v -0.157895 0.684211 0.236842
v -0.157895 0.657895 0.236842
v -0.157895 0.684211 0.263158
v -0.157895 0.657895 0.263158
v -0.157895 0.710526 -0.078947
v -0.157895 0.684211 -0.078947
v -0.157895 0.684211 0.078947
v -0.157895 0.710526 0.078947
v -0.184211 0.710526 -0.105263
v -0.184211 0.736842 -0.105263
v -0.157895 0.736842 -0.078947
v -0.157895 0.736842 -0.105263
v -0.157895 0.710526 -0.105263
v -0.157895 0.710526 -0.078947
v -0.184211 0.710526 0.105263
v -0.184211 0.736842 0.105263
v -0.157895 0.736842 0.105263
v -0.157895 0.736842 0.078947
v -0.157895 0.710526 0.078947
v -0.157895 0.710526 0.105263
v -0.184211 0.736842 -0.078947
v -0.184211 0.763158 -0.078947
v -0.157895 0.763158 -0.052632
v -0.157895 0.763158 -0.078947
v -0.157895 0.736842 -0.078947
v -0.157895 0.763158 -0.026316
v -0.157895 0.763158 0.000000
v -0.157895 0.763158 0.026316
v -0.157895 0.763158 0.052632
v -0.184211 0.736842 0.078947
v -0.184211 0.763158 0.078947
v -0.157895 0.763158 0.078947
v -0.157895 0.736842 0.078947
v -0.184211 0.815789 -0.078947
v -0.184211 0.815789 -0.052632
v -0.184211 0.842105 -0.052632
v -0.184211 0.842105 -0.078947
v -0.157895 0.842105 -0.052632
v -0.157895 0.842105 -0.078947
v -0.157895 0.815789 -0.078947
v -0.157895 0.815789 -0.052632
v -0.184211 0.815789 -0.026316
v -0.184211 0.842105 -0.026316
v -0.157895 0.842105 -0.026316
v -0.157895 0.815789 -0.026316
v -0.184211 0.815789 0.000000
v -0.184211 0.842105 0.000000
v -0.157895 0.842105 0.000000
v -0.157895 0.815789 0.000000
v -0.184211 0.815789 0.026316
v -0.184211 0.842105 0.026316
v -0.157895 0.842105 0.026316
v -0.157895 0.815789 0.026316
v -0.184211 0.815789 0.052632
v -0.184211 0.842105 0.052632
v -0.157895 0.842105 0.052632
v -0.157895 0.815789 0.052632
v -0.184211 0.815789 0.078947
v -0.184211 0.842105 0.078947
v -0.157895 0.842105 0.078947
v -0.157895 0.815789 0.078947
v -0.157895 0.000000 -0.157895
v -0.157895 0.026316 -0.157895
v -0.131579 0.026316 -0.131579
v -0.131579 0.026316 -0.157895
v -0.131579 0.000000 -0.157895
v -0.131579 0.000000 -0.131579
v -0.131579 0.026316 -0.105263
v -0.131579 0.000000 -0.105263
v -0.131579 0.026316 -0.078947
v -0.131579 0.000000 -0.078947
v -0.131579 0.026316 -0.052632
v -0.131579 0.000000 -0.052632
v -0.131579 0.000000 -0.026316
v -0.131579 0.000000 0.000000
v -0.131579 0.000000 0.026316
v -0.131579 0.000000 0.052632
v -0.131579 0.026316 0.078947
v -0.131579 0.026316 0.052632
v -0.131579 0.000000 0.078947
v -0.131579 0.026316 0.105263
v -0.131579 0.000000 0.105263
v -0.131579 0.026316 0.131579
v -0.131579 0.000000 0.131579
v -0.157895 0.000000 0.157895
v -0.157895 0.026316 0.157895
v -0.131579 0.026316 0.157895
v -0.131579 0.000000 0.157895
v -0.157895 0.026316 -0.052632
v -0.157895 0.026316 -0.026316
v -0.157895 0.052632 -0.026316
v -0.157895 0.052632 -0.052632
v -0.131579 0.052632 -0.026316
v -0.131579 0.052632 -0.052632
v -0.131579 0.026316 -0.052632
v -0.157895 0.026316 0.000000
v -0.157895 0.052632 0.000000
v -0.131579 0.052632 0.000000
v -0.157895 0.026316 0.026316
v -0.157895 0.052632 0.026316
v -0.131579 0.052632 0.026316
v -0.157895 0.026316 0.052632
v -0.157895 0.052632 0.052632
v -0.131579 0.052632 0.052632
v -0.131579 0.026316 0.052632
v -0.157895 0.078947 -0.078947
v -0.157895 0.078947 -0.052632
v -0.157895 0.105263 -0.052632
v -0.157895 0.105263 -0.078947
v -0.131579 0.078947 -0.078947
v -0.131579 0.078947 -0.052632
v -0.131579 0.105263 -0.078947
v -0.157895 0.078947 -0.026316
v -0.157895 0.105263 -0.026316
v -0.131579 0.078947 -0.026316
v -0.157895 0.078947 0.000000
v -0.157895 0.105263 0.000000
v -0.131579 0.078947 0.000000
v -0.157895 0.078947 0.026316
v -0.157895 0.105263 0.026316
v -0.131579 0.078947 0.026316
v -0.157895 0.078947 0.052632
v -0.157895 0.105263 0.052632
v -0.131579 0.078947 0.052632
v -0.157895 0.078947 0.078947
v -0.157895 0.105263 0.078947
v -0.131579 0.078947 0.078947
v -0.131579 0.105263 0.078947
v -0.157895 0.105263 -0.157895
v -0.157895 0.131579 -0.157895
v -0.131579 0.105263 -0.157895
v -0.131579 0.105263 -0.131579
v -0.131579 0.131579 -0.157895
v -0.131579 0.105263 -0.105263
v -0.131579 0.105263 -0.078947
v -0.131579 0.105263 0.078947
v -0.131579 0.105263 0.105263
v -0.131579 0.105263 0.131579
v -0.157895 0.105263 0.157895
v -0.157895 0.131579 0.157895
v -0.131579 0.105263 0.157895
v -0.131579 0.131579 0.157895
v -0.157895 0.131579 -0.184211
v -0.157895 0.157895 -0.184211
v -0.131579 0.131579 -0.184211
v -0.131579 0.131579 -0.157895
v -0.131579 0.157895 -0.184211
v -0.157895 0.131579 0.184211
v -0.157895 0.157895 0.184211
v -0.131579 0.131579 0.157895
v -0.131579 0.131579 0.184211
v -0.131579 0.157895 0.184211
v -0.157895 0.184211 -0.184211
v -0.131579 0.184211 -0.184211
v -0.157895 0.184211 0.184211
v -0.131579 0.184211 0.184211
v -0.157895 0.184211 -0.210526
v -0.157895 0.210526 -0.210526
v -0.131579 0.184211 -0.210526
v -0.131579 0.184211 -0.184211
v -0.131579 0.210526 -0.210526
v -0.157895 0.184211 0.210526
v -0.157895 0.210526 0.210526
v -0.131579 0.184211 0.184211
v -0.131579 0.184211 0.210526
v -0.131579 0.210526 0.210526
v -0.157895 0.236842 -0.210526
v -0.131579 0.236842 -0.210526
v -0.157895 0.236842 0.210526
v -0.131579 0.236842 0.210526
v -0.157895 0.236842 -0.210526
v -0.157895 0.263158 -0.210526
v -0.131579 0.263158 -0.184211
v -0.131579 0.263158 -0.210526
v -0.131579 0.236842 -0.210526
v -0.157895 0.236842 0.210526
v -0.157895 0.263158 0.210526
v -0.131579 0.263158 0.210526
v -0.131579 0.263158 0.184211
v -0.131579 0.236842 0.210526
v -0.157895 0.263158 -0.184211
v -0.157895 0.289474 -0.184211
v -0.131579 0.289474 -0.157895
v -0.131579 0.289474 -0.184211
v -0.131579 0.263158 -0.184211
v -0.157895 0.263158 0.184211
v -0.157895 0.289474 0.184211
v -0.131579 0.289474 0.184211
v -0.131579 0.289474 0.157895
v -0.131579 0.263158 0.184211
v -0.131579 0.315789 -0.157895
v -0.131579 0.289474 -0.157895
v -0.131579 0.289474 0.157895
v -0.131579 0.315789 0.157895
v -0.157895 0.315789 -0.157895
v -0.157895 0.342105 -0.157895
v -0.131579 0.342105 -0.131579
v -0.131579 0.342105 -0.157895
v -0.131579 0.315789 -0.157895
v -0.157895 0.315789 0.157895
v -0.157895 0.342105 0.157895
v -0.131579 0.342105 0.157895
v -0.131579 0.342105 0.131579
v -0.131579 0.315789 0.157895
v -0.157895 0.342105 -0.131579
v -0.157895 0.368421 -0.131579
v -0.131579 0.368421 -0.131579
v -0.131579 0.342105 -0.131579
v -0.157895 0.342105 0.131579
v -0.157895 0.368421 0.131579
v -0.131579 0.342105 0.131579
v -0.131579 0.368421 0.131579
v -0.157895 0.394737 -0.131579
v -0.131579 0.394737 -0.105263
v -0.131579 0.394737 -0.131579
v -0.157895 0.394737 0.131579
v -0.131579 0.394737 0.131579
v -0.131579 0.394737 0.105263
v -0.157895 0.421053 -0.078947
v -0.157895 0.421053 -0.105263
v -0.131579 0.421053 -0.105263
v -0.157895 0.421053 0.078947
v -0.157895 0.421053 0.105263
v -0.131579 0.421053 0.105263
v -0.157895 0.421053 -0.210526
v -0.157895 0.447368 -0.210526
v -0.131579 0.447368 -0.184211
v -0.131579 0.447368 -0.210526
v -0.131579 0.421053 -0.210526
v -0.131579 0.421053 -0.184211
v -0.131579 0.447368 -0.157895
v -0.131579 0.421053 -0.157895
v -0.131579 0.447368 -0.131579
v -0.131579 0.421053 -0.131579
v -0.131579 0.447368 -0.105263
v -0.131579 0.421053 -0.105263
v -0.131579 0.447368 -0.078947
v -0.131579 0.447368 0.105263
v -0.131579 0.447368 0.078947
v -0.131579 0.447368 0.131579
v -0.131579 0.421053 0.105263
v -0.131579 0.421053 0.131579
v -0.131579 0.447368 0.157895
v -0.131579 0.421053 0.157895
v -0.131579 0.447368 0.184211
v -0.131579 0.421053 0.184211
v -0.157895 0.421053 0.210526
v -0.157895 0.447368 0.210526
v -0.131579 0.447368 0.210526
v -0.131579 0.421053 0.210526
v -0.157895 0.447368 -0.078947
v -0.157895 0.447368 -0.052632
v -0.157895 0.473684 -0.052632
v -0.157895 0.473684 -0.078947
v -0.131579 0.473684 -0.078947
v -0.131579 0.447368 -0.078947
v -0.157895 0.447368 -0.026316
v -0.157895 0.473684 -0.026316
v -0.157895 0.447368 0.000000
v -0.157895 0.473684 0.000000
v -0.157895 0.447368 0.026316
v -0.157895 0.473684 0.026316
v -0.157895 0.447368 0.052632
v -0.157895 0.473684 0.052632
v -0.157895 0.447368 0.078947
v -0.157895 0.473684 0.078947
v -0.131579 0.447368 0.078947
v -0.131579 0.473684 0.078947
v -0.157895 0.473684 -0.263158
v -0.157895 0.500000 -0.263158
v -0.131579 0.500000 -0.236842
v -0.131579 0.500000 -0.263158
v -0.131579 0.473684 -0.263158
v -0.131579 0.473684 -0.236842
v -0.131579 0.500000 -0.210526
v -0.131579 0.473684 -0.210526
v -0.131579 0.500000 -0.184211
v -0.131579 0.473684 -0.184211
v -0.131579 0.500000 -0.157895
v -0.131579 0.473684 -0.157895
v -0.131579 0.500000 -0.131579
v -0.131579 0.473684 -0.131579
v -0.131579 0.500000 -0.105263
v -0.131579 0.473684 -0.105263
v -0.131579 0.500000 -0.078947
v -0.131579 0.473684 -0.078947
v -0.131579 0.500000 -0.052632
v -0.131579 0.500000 -0.026316
v -0.131579 0.500000 0.000000
v -0.131579 0.500000 0.026316
v -0.131579 0.500000 0.052632
v -0.131579 0.500000 0.078947
v -0.131579 0.500000 0.105263
v -0.131579 0.473684 0.078947
v -0.131579 0.473684 0.105263
v -0.131579 0.500000 0.131579
v -0.131579 0.473684 0.131579
v -0.131579 0.500000 0.157895
v -0.131579 0.473684 0.157895
v -0.131579 0.500000 0.184211
v -0.131579 0.473684 0.184211
v -0.131579 0.500000 0.210526
v -0.131579 0.473684 0.210526
v -0.131579 0.500000 0.236842
v -0.131579 0.473684 0.236842
v -0.157895 0.473684 0.263158
v -0.157895 0.500000 0.263158
v -0.131579 0.500000 0.263158
v -0.131579 0.473684 0.263158
v -0.157895 0.578947 -0.105263
v -0.157895 0.605263 -0.105263
v -0.131579 0.578947 -0.105263
v -0.131579 0.578947 -0.078947
v -0.131579 0.605263 -0.105263
v -0.131579 0.578947 -0.052632
v -0.131579 0.578947 -0.026316
v -0.131579 0.578947 0.000000
v -0.131579 0.578947 0.026316
v -0.131579 0.578947 0.052632
v -0.131579 0.578947 0.078947
v -0.157895 0.578947 0.105263
v -0.157895 0.605263 0.105263
v -0.131579 0.578947 0.105263
v -0.131579 0.605263 0.105263
v -0.157895 0.605263 -0.131579
v -0.157895 0.631579 -0.131579
v -0.131579 0.605263 -0.131579
v -0.131579 0.605263 -0.105263
v -0.131579 0.631579 -0.131579
v -0.157895 0.605263 0.131579
v -0.157895 0.631579 0.131579
v -0.131579 0.605263 0.105263
v -0.131579 0.605263 0.131579
v -0.131579 0.631579 0.131579
v -0.131579 0.657895 -0.131579
v -0.131579 0.631579 -0.131579
v -0.131579 0.631579 0.131579
v -0.131579 0.657895 0.131579
v -0.131579 0.684211 -0.236842
v -0.131579 0.684211 -0.263158
v -0.131579 0.657895 -0.263158
v -0.131579 0.657895 -0.236842
v -0.131579 0.684211 -0.210526
v -0.131579 0.657895 -0.210526
v -0.131579 0.684211 -0.184211
v -0.131579 0.657895 -0.184211
v -0.131579 0.684211 -0.157895
v -0.131579 0.657895 -0.157895
v -0.131579 0.684211 -0.131579
v -0.131579 0.657895 -0.131579
v -0.131579 0.684211 -0.105263
v -0.131579 0.684211 -0.078947
v -0.131579 0.684211 0.105263
v -0.131579 0.684211 0.078947
v -0.131579 0.684211 0.131579
v -0.131579 0.684211 0.157895
v -0.131579 0.657895 0.131579
v -0.131579 0.657895 0.157895
v -0.131579 0.684211 0.184211
v -0.131579 0.657895 0.184211
v -0.131579 0.684211 0.210526
v -0.131579 0.657895 0.210526
v -0.131579 0.684211 0.236842
v -0.131579 0.657895 0.236842
v -0.131579 0.684211 0.263158
v -0.131579 0.657895 0.263158
v -0.131579 0.710526 -0.078947
v -0.131579 0.684211 -0.078947
v -0.131579 0.684211 0.078947
v -0.131579 0.710526 0.078947
v -0.131579 0.710526 -0.105263
v -0.131579 0.710526 -0.078947
v -0.131579 0.736842 -0.105263
v -0.131579 0.710526 0.078947
v -0.131579 0.710526 0.105263
v -0.131579 0.736842 0.105263
v -0.157895 0.736842 -0.105263
v -0.157895 0.763158 -0.105263
v -0.131579 0.763158 -0.078947
v -0.131579 0.763158 -0.105263
v -0.131579 0.736842 -0.105263
v -0.131579 0.763158 -0.052632
v -0.131579 0.763158 -0.026316
v -0.131579 0.763158 0.000000
v -0.131579 0.763158 0.026316
v -0.131579 0.763158 0.052632
v -0.131579 0.763158 0.078947
v -0.157895 0.736842 0.105263
v -0.157895 0.763158 0.105263
v -0.131579 0.763158 0.105263
v -0.131579 0.736842 0.105263
v -0.157895 0.815789 -0.131579
v -0.157895 0.815789 -0.105263
v -0.157895 0.842105 -0.105263
v -0.157895 0.842105 -0.131579
v -0.131579 0.842105 -0.105263
v -0.131579 0.842105 -0.131579
v -0.131579 0.815789 -0.131579
v -0.131579 0.815789 -0.105263
v -0.131579 0.842105 -0.078947
v -0.131579 0.815789 -0.078947
v -0.131579 0.842105 -0.052632
v -0.131579 0.815789 -0.052632
v -0.131579 0.815789 -0.026316
v -0.131579 0.815789 0.000000
v -0.131579 0.815789 0.026316
v -0.131579 0.815789 0.052632
v -0.131579 0.842105 0.078947
v -0.131579 0.842105 0.052632
v -0.131579 0.815789 0.078947
v -0.157895 0.815789 0.105263
v -0.157895 0.842105 0.105263
v -0.131579 0.842105 0.105263
v -0.131579 0.815789 0.105263
v -0.157895 0.815789 0.131579
v -0.157895 0.842105 0.131579
v -0.131579 0.842105 0.131579
v -0.131579 0.815789 0.131579
v -0.157895 0.842105 -0.052632
v -0.157895 0.842105 -0.026316
v -0.157895 0.868421 -0.026316
v -0.157895 0.868421 -0.052632
v -0.131579 0.868421 -0.026316
v -0.131579 0.868421 -0.052632
v -0.131579 0.842105 -0.052632
v -0.157895 0.842105 0.000000
v -0.157895 0.868421 0.000000
v -0.131579 0.868421 0.000000
v -0.157895 0.842105 0.026316
v -0.157895 0.868421 0.026316
v -0.131579 0.868421 0.026316
v -0.157895 0.842105 0.052632
v -0.157895 0.868421 0.052632
v -0.131579 0.868421 0.052632
v -0.131579 0.842105 0.052632
v -0.131579 0.000000 -0.184211
v -0.131579 0.026316 -0.184211
v -0.105263 0.026316 -0.157895
v -0.105263 0.026316 -0.184211
v -0.105263 0.000000 -0.184211
v -0.105263 0.000000 -0.157895
v -0.105263 0.026316 -0.131579
v -0.105263 0.000000 -0.131579
v -0.105263 0.026316 -0.105263
v -0.105263 0.000000 -0.105263
v -0.105263 0.000000 -0.078947
v -0.105263 0.000000 -0.052632
v -0.105263 0.000000 -0.026316
v -0.105263 0.000000 0.000000
v -0.105263 0.000000 0.026316
v -0.105263 0.000000 0.052632
v -0.105263 0.000000 0.078947
v -0.105263 0.000000 0.105263
v -0.105263 0.026316 0.131579
v -0.105263 0.026316 0.105263
v -0.105263 0.000000 0.131579
v -0.105263 0.026316 0.157895
v -0.105263 0.000000 0.157895
v -0.131579 0.000000 0.184211
v -0.131579 0.026316 0.184211
v -0.105263 0.026316 0.184211
v -0.105263 0.000000 0.184211
v -0.131579 0.026316 -0.105263
v -0.131579 0.026316 -0.078947
v -0.131579 0.052632 -0.078947
v -0.131579 0.052632 -0.105263
v -0.105263 0.052632 -0.078947
v -0.105263 0.052632 -0.105263
v -0.105263 0.026316 -0.105263
v -0.105263 0.052632 -0.052632
v -0.131579 0.026316 0.078947
v -0.131579 0.052632 0.078947
v -0.105263 0.052632 0.078947
v -0.105263 0.052632 0.052632
v -0.131579 0.026316 0.105263
v -0.131579 0.052632 0.105263
v -0.105263 0.052632 0.105263
v -0.105263 0.026316 0.105263
v -0.131579 0.052632 -0.052632
v -0.131579 0.052632 -0.026316
v -0.131579 0.078947 -0.026316
v -0.131579 0.078947 -0.052632
v -0.105263 0.078947 -0.052632
v -0.105263 0.052632 -0.052632
v -0.131579 0.052632 0.000000
v -0.131579 0.078947 0.000000
v -0.131579 0.052632 0.026316
v -0.131579 0.078947 0.026316
v -0.131579 0.052632 0.052632
v -0.131579 0.078947 0.052632
v -0.105263 0.052632 0.052632
v -0.105263 0.078947 0.052632
v -0.131579 0.078947 -0.105263
v -0.131579 0.105263 -0.105263
v -0.105263 0.078947 -0.105263
v -0.105263 0.078947 -0.078947
v -0.105263 0.105263 -0.105263
v -0.105263 0.078947 -0.052632
v -0.105263 0.078947 0.052632
v -0.105263 0.078947 0.078947
v -0.131579 0.078947 0.105263
v -0.131579 0.105263 0.105263
v -0.105263 0.078947 0.105263
v -0.105263 0.105263 0.105263
v -0.131579 0.105263 -0.184211
v -0.131579 0.131579 -0.184211
v -0.105263 0.105263 -0.184211
v -0.105263 0.105263 -0.157895
v -0.105263 0.131579 -0.184211
v -0.105263 0.105263 -0.131579
v -0.105263 0.105263 -0.105263
v -0.105263 0.105263 0.105263
v -0.105263 0.105263 0.131579
v -0.105263 0.105263 0.157895
v -0.131579 0.105263 0.184211
v -0.131579 0.131579 0.184211
v -0.105263 0.105263 0.184211
v -0.105263 0.131579 0.184211
v -0.131579 0.131579 -0.210526
v -0.131579 0.157895 -0.210526
v -0.105263 0.131579 -0.210526
v -0.105263 0.131579 -0.184211
v -0.105263 0.157895 -0.210526
v -0.131579 0.131579 0.210526
v -0.131579 0.157895 0.210526
v -0.105263 0.131579 0.184211
v -0.105263 0.131579 0.210526
v -0.105263 0.157895 0.210526
v -0.131579 0.184211 -0.210526
v -0.105263 0.184211 -0.210526
v -0.131579 0.184211 0.210526
v -0.105263 0.184211 0.210526
v -0.131579 0.184211 -0.236842
v -0.131579 0.210526 -0.236842
v -0.105263 0.184211 -0.236842
v -0.105263 0.184211 -0.210526
v -0.105263 0.210526 -0.236842
v -0.131579 0.184211 0.236842
v -0.131579 0.210526 0.236842
v -0.105263 0.184211 0.210526
v -0.105263 0.184211 0.236842
v -0.105263 0.210526 0.236842
v -0.131579 0.236842 -0.236842
v -0.105263 0.236842 -0.210526
v -0.105263 0.236842 -0.236842
v -0.131579 0.236842 0.236842
v -0.105263 0.236842 0.236842
v -0.105263 0.236842 0.210526
v -0.105263 0.263158 -0.184211
v -0.105263 0.263158 -0.210526
v -0.105263 0.236842 -0.210526
v -0.105263 0.263158 0.210526
v -0.105263 0.263158 0.184211
v -0.105263 0.236842 0.210526
v -0.105263 0.289474 -0.184211
v -0.105263 0.263158 -0.184211
v -0.105263 0.263158 0.184211
v -0.105263 0.289474 0.184211
v -0.131579 0.289474 -0.184211
v -0.131579 0.315789 -0.184211
v -0.105263 0.315789 -0.157895
v -0.105263 0.315789 -0.184211
v -0.105263 0.289474 -0.184211
v -0.131579 0.289474 0.184211
v -0.131579 0.315789 0.184211
v -0.105263 0.315789 0.184211
v -0.105263 0.315789 0.157895
v -0.105263 0.289474 0.184211
v -0.105263 0.342105 -0.131579
v -0.105263 0.342105 -0.157895
v -0.105263 0.315789 -0.157895
v -0.105263 0.342105 0.157895
v -0.105263 0.342105 0.131579
v -0.105263 0.315789 0.157895
v -0.105263 0.368421 -0.131579
v -0.105263 0.342105 -0.131579
v -0.105263 0.342105 0.131579
v -0.105263 0.368421 0.131579
v -0.105263 0.394737 -0.131579
v -0.105263 0.394737 0.131579
v -0.131579 0.421053 -0.131579
v -0.105263 0.421053 -0.131579
v -0.131579 0.421053 0.131579
v -0.105263 0.421053 0.131579
v -0.105263 0.447368 -0.184211
v -0.105263 0.447368 -0.210526
v -0.105263 0.421053 -0.210526
v -0.105263 0.421053 -0.184211
v -0.105263 0.447368 -0.157895
v -0.105263 0.421053 -0.157895
v -0.105263 0.447368 -0.131579
v -0.105263 0.421053 -0.131579
v -0.105263 0.447368 -0.105263
v -0.105263 0.447368 0.131579
v -0.105263 0.447368 0.105263
v -0.105263 0.447368 0.157895
v -0.105263 0.421053 0.131579
v -0.105263 0.421053 0.157895
v -0.105263 0.447368 0.184211
v -0.105263 0.421053 0.184211
v -0.105263 0.447368 0.210526
v -0.105263 0.421053 0.210526
v -0.131579 0.447368 -0.105263
v -0.131579 0.473684 -0.105263
v -0.105263 0.473684 -0.105263
v -0.105263 0.447368 -0.105263
v -0.131579 0.447368 0.105263
v -0.131579 0.473684 0.105263
v -0.105263 0.447368 0.105263
v -0.105263 0.473684 0.105263
v -0.131579 0.473684 -0.289474
v -0.131579 0.500000 -0.289474
v -0.105263 0.500000 -0.263158
v -0.105263 0.500000 -0.289474
v -0.105263 0.473684 -0.289474
v -0.105263 0.473684 -0.263158
v -0.105263 0.500000 -0.236842
v -0.105263 0.473684 -0.236842
v -0.105263 0.500000 -0.210526
v -0.105263 0.473684 -0.210526
v -0.105263 0.500000 -0.184211
v -0.105263 0.473684 -0.184211
v -0.105263 0.500000 -0.157895
v -0.105263 0.473684 -0.157895
v -0.105263 0.500000 -0.131579
v -0.105263 0.473684 -0.131579
v -0.105263 0.500000 -0.105263
v -0.105263 0.473684 -0.105263
v -0.105263 0.500000 -0.078947
v -0.105263 0.500000 -0.052632
v -0.105263 0.500000 -0.026316
v -0.105263 0.500000 0.000000
v -0.105263 0.500000 0.026316
v -0.105263 0.500000 0.052632
v -0.105263 0.500000 0.078947
v -0.105263 0.500000 0.105263
v -0.105263 0.500000 0.131579
v -0.105263 0.473684 0.105263
v -0.105263 0.473684 0.131579
v -0.105263 0.500000 0.157895
v -0.105263 0.473684 0.157895
v -0.105263 0.500000 0.184211
v -0.105263 0.473684 0.184211
v -0.105263 0.500000 0.210526
v -0.105263 0.473684 0.210526
v -0.105263 0.500000 0.236842
v -0.105263 0.473684 0.236842
v -0.105263 0.500000 0.263158
v -0.105263 0.473684 0.263158
v -0.131579 0.473684 0.289474
v -0.131579 0.500000 0.289474
v -0.105263 0.500000 0.289474
v -0.105263 0.473684 0.289474
v -0.131579 0.578947 -0.131579
v -0.131579 0.605263 -0.131579
v -0.105263 0.578947 -0.131579
v -0.105263 0.578947 -0.105263
v -0.105263 0.605263 -0.131579
v -0.105263 0.578947 -0.078947
v -0.105263 0.578947 -0.052632
v -0.105263 0.578947 -0.026316
v -0.105263 0.578947 0.000000
v -0.105263 0.578947 0.026316
v -0.105263 0.578947 0.052632
v -0.105263 0.578947 0.078947
v -0.105263 0.578947 0.105263
v -0.131579 0.578947 0.131579
v -0.131579 0.605263 0.131579
v -0.105263 0.578947 0.131579
v -0.105263 0.605263 0.131579
v -0.105263 0.631579 -0.131579
v -0.105263 0.605263 -0.131579
v -0.105263 0.605263 0.131579
v -0.105263 0.631579 0.131579
v -0.105263 0.657895 -0.131579
v -0.105263 0.631579 -0.131579
v -0.105263 0.631579 0.131579
v -0.105263 0.657895 0.131579
v -0.105263 0.684211 -0.236842
v -0.105263 0.684211 -0.263158
v -0.105263 0.657895 -0.263158
v -0.105263 0.657895 -0.236842
v -0.105263 0.684211 -0.210526
v -0.105263 0.657895 -0.210526
v -0.105263 0.684211 -0.184211
v -0.105263 0.657895 -0.184211
v -0.105263 0.684211 -0.157895
v -0.105263 0.657895 -0.157895
v -0.105263 0.684211 -0.131579
v -0.105263 0.657895 -0.131579
v -0.105263 0.684211 -0.105263
v -0.105263 0.684211 -0.078947
v -0.105263 0.684211 0.105263
v -0.105263 0.684211 0.078947
v -0.105263 0.684211 0.131579
v -0.105263 0.684211 0.157895
v -0.105263 0.657895 0.131579
v -0.105263 0.657895 0.157895
v -0.105263 0.684211 0.184211
v -0.105263 0.657895 0.184211
v -0.105263 0.684211 0.210526
v -0.105263 0.657895 0.210526
v -0.105263 0.684211 0.236842
v -0.105263 0.657895 0.236842
v -0.105263 0.684211 0.263158
v -0.105263 0.657895 0.263158
v -0.105263 0.684211 -0.078947
v -0.105263 0.710526 -0.078947
v -0.105263 0.710526 -0.052632
v -0.105263 0.684211 -0.052632
v -0.105263 0.684211 0.052632
v -0.105263 0.710526 0.052632
v -0.105263 0.710526 0.078947
v -0.105263 0.684211 0.078947
v -0.105263 0.710526 -0.105263
v -0.105263 0.710526 -0.078947
v -0.105263 0.736842 -0.105263
v -0.105263 0.710526 0.078947
v -0.105263 0.710526 0.105263
v -0.105263 0.736842 0.105263
v -0.105263 0.763158 -0.078947
v -0.105263 0.763158 -0.105263
v -0.105263 0.736842 -0.105263
v -0.105263 0.763158 -0.052632
v -0.105263 0.763158 0.078947
v -0.105263 0.763158 0.052632
v -0.105263 0.763158 0.105263
v -0.105263 0.736842 0.105263
v -0.131579 0.763158 -0.052632
v -0.131579 0.763158 -0.026316
v -0.131579 0.789474 -0.026316
v -0.131579 0.789474 -0.052632
v -0.105263 0.789474 -0.026316
v -0.105263 0.789474 -0.052632
v -0.105263 0.763158 -0.052632
v -0.131579 0.763158 0.000000
v -0.131579 0.789474 0.000000
v -0.105263 0.789474 0.000000
v -0.131579 0.763158 0.026316
v -0.131579 0.789474 0.026316
v -0.105263 0.789474 0.026316
v -0.131579 0.763158 0.052632
v -0.131579 0.789474 0.052632
v -0.105263 0.789474 0.052632
v -0.105263 0.763158 0.052632
v -0.131579 0.815789 -0.157895
v -0.131579 0.842105 -0.157895
v -0.105263 0.842105 -0.131579
v -0.105263 0.842105 -0.157895
v -0.105263 0.815789 -0.157895
v -0.105263 0.815789 -0.131579
v -0.105263 0.842105 -0.105263
v -0.105263 0.815789 -0.105263
v -0.105263 0.815789 -0.078947
v -0.105263 0.815789 -0.052632
v -0.105263 0.815789 -0.026316
v -0.105263 0.815789 0.000000
v -0.105263 0.815789 0.026316
v -0.105263 0.815789 0.052632
v -0.105263 0.815789 0.078947
v -0.105263 0.815789 0.105263
v -0.105263 0.842105 0.131579
v -0.105263 0.842105 0.105263
v -0.105263 0.815789 0.131579
v -0.131579 0.815789 0.157895
v -0.131579 0.842105 0.157895
v -0.105263 0.842105 0.157895
v -0.105263 0.815789 0.157895
v -0.131579 0.842105 -0.105263
v -0.131579 0.842105 -0.078947
v -0.131579 0.868421 -0.078947
v -0.131579 0.868421 -0.105263
v -0.105263 0.868421 -0.078947
v -0.105263 0.868421 -0.105263
v -0.105263 0.842105 -0.105263
v -0.105263 0.868421 -0.052632
v -0.105263 0.868421 -0.026316
v -0.105263 0.868421 0.000000
v -0.105263 0.868421 0.026316
v -0.105263 0.868421 0.052632
v -0.131579 0.842105 0.078947
v -0.131579 0.868421 0.078947
v -0.105263 0.868421 0.078947
v -0.131579 0.842105 0.105263
v -0.131579 0.868421 0.105263
v -0.105263 0.868421 0.105263
v -0.105263 0.842105 0.105263
v -0.078947 0.026316 -0.157895
v -0.078947 0.026316 -0.184211
v -0.078947 0.000000 -0.184211
v -0.078947 0.000000 -0.157895
v -0.078947 0.026316 -0.131579
v -0.078947 0.000000 -0.131579
v -0.078947 0.000000 -0.105263
v -0.078947 0.000000 -0.078947
v -0.078947 0.000000 -0.052632
v -0.078947 0.000000 -0.026316
v -0.078947 0.000000 0.000000
v -0.078947 0.000000 0.026316
v -0.078947 0.000000 0.052632
v -0.078947 0.000000 0.078947
v -0.078947 0.000000 0.105263
v -0.078947 0.000000 0.131579
v -0.078947 0.026316 0.157895
v -0.078947 0.026316 0.131579
v -0.078947 0.000000 0.157895
v -0.078947 0.026316 0.184211
v -0.078947 0.000000 0.184211
v -0.105263 0.026316 -0.131579
v -0.105263 0.052632 -0.131579
v -0.078947 0.052632 -0.105263
v -0.078947 0.052632 -0.131579
v -0.078947 0.026316 -0.131579
v -0.105263 0.026316 0.131579
v -0.105263 0.052632 0.131579
v -0.078947 0.052632 0.131579
v -0.078947 0.052632 0.105263
v -0.078947 0.026316 0.131579
v -0.105263 0.052632 -0.105263
v -0.105263 0.052632 -0.078947
v -0.105263 0.078947 -0.078947
v -0.105263 0.078947 -0.105263
v -0.078947 0.078947 -0.105263
v -0.078947 0.052632 -0.105263
v -0.105263 0.052632 0.078947
v -0.105263 0.078947 0.078947
v -0.105263 0.052632 0.105263
v -0.105263 0.078947 0.105263
v -0.078947 0.052632 0.105263
v -0.078947 0.078947 0.105263
v -0.105263 0.078947 -0.131579
v -0.105263 0.105263 -0.131579
v -0.078947 0.078947 -0.131579
v -0.078947 0.078947 -0.105263
v -0.078947 0.105263 -0.131579
v -0.105263 0.078947 0.131579
v -0.105263 0.105263 0.131579
v -0.078947 0.078947 0.105263
v -0.078947 0.078947 0.131579
v -0.078947 0.105263 0.131579
v -0.078947 0.105263 -0.184211
v -0.078947 0.105263 -0.157895
v -0.078947 0.131579 -0.184211
v -0.078947 0.105263 -0.131579
v -0.078947 0.105263 0.131579
v -0.078947 0.105263 0.157895
v -0.078947 0.105263 0.184211
v -0.078947 0.131579 0.184211
v -0.078947 0.131579 -0.210526
v -0.078947 0.131579 -0.184211
v -0.078947 0.157895 -0.210526
v -0.078947 0.131579 0.184211
v -0.078947 0.131579 0.210526
v -0.078947 0.157895 0.210526
v -0.078947 0.184211 -0.210526
v -0.078947 0.184211 0.210526
v -0.078947 0.184211 -0.236842
v -0.078947 0.184211 -0.210526
v -0.078947 0.210526 -0.236842
v -0.078947 0.184211 0.210526
v -0.078947 0.184211 0.236842
v -0.078947 0.210526 0.236842
v -0.078947 0.236842 -0.210526
v -0.078947 0.236842 -0.236842
v -0.078947 0.236842 0.236842
v -0.078947 0.236842 0.210526
v -0.078947 0.263158 -0.210526
v -0.078947 0.236842 -0.210526
v -0.078947 0.236842 0.210526
v -0.078947 0.263158 0.210526
v -0.105263 0.263158 -0.210526
v -0.105263 0.289474 -0.210526
v -0.078947 0.289474 -0.184211
v -0.078947 0.289474 -0.210526
v -0.078947 0.263158 -0.210526
v -0.105263 0.263158 0.210526
v -0.105263 0.289474 0.210526
v -0.078947 0.289474 0.210526
v -0.078947 0.289474 0.184211
v -0.078947 0.263158 0.210526
v -0.078947 0.315789 -0.157895
v -0.078947 0.315789 -0.184211
v -0.078947 0.289474 -0.184211
v -0.078947 0.315789 0.184211
v -0.078947 0.315789 0.157895
v -0.078947 0.289474 0.184211
v -0.078947 0.342105 -0.157895
v -0.078947 0.315789 -0.157895
v -0.078947 0.315789 0.157895
v -0.078947 0.342105 0.157895
v -0.105263 0.342105 -0.157895
v -0.105263 0.368421 -0.157895
v -0.078947 0.368421 -0.157895
v -0.078947 0.342105 -0.157895
v -0.105263 0.342105 0.157895
v -0.105263 0.368421 0.157895
v -0.078947 0.342105 0.157895
v -0.078947 0.368421 0.157895
v -0.105263 0.394737 -0.157895
v -0.078947 0.394737 -0.131579
v -0.078947 0.394737 -0.157895
v -0.105263 0.394737 0.157895
v -0.078947 0.394737 0.157895
v -0.078947 0.394737 0.131579
v -0.078947 0.421053 -0.131579
v -0.078947 0.421053 0.131579
v -0.078947 0.447368 -0.184211
v -0.078947 0.447368 -0.210526
v -0.078947 0.421053 -0.210526
v -0.078947 0.421053 -0.184211
v -0.078947 0.447368 -0.157895
v -0.078947 0.421053 -0.157895
v -0.078947 0.447368 -0.131579
v -0.078947 0.421053 -0.131579
v -0.078947 0.447368 0.157895
v -0.078947 0.447368 0.131579
v -0.078947 0.421053 0.131579
v -0.078947 0.421053 0.157895
v -0.078947 0.447368 0.184211
v -0.078947 0.421053 0.184211
v -0.078947 0.447368 0.210526
v -0.078947 0.421053 0.210526
v -0.105263 0.447368 -0.131579
v -0.105263 0.473684 -0.131579
v -0.078947 0.473684 -0.131579
v -0.078947 0.447368 -0.131579
v -0.105263 0.447368 0.131579
v -0.105263 0.473684 0.131579
v -0.078947 0.447368 0.131579
v -0.078947 0.473684 0.131579
v -0.078947 0.500000 -0.263158
v -0.078947 0.500000 -0.289474
v -0.078947 0.473684 -0.289474
v -0.078947 0.473684 -0.263158
v -0.078947 0.500000 -0.236842
v -0.078947 0.473684 -0.236842
v -0.078947 0.500000 -0.210526
v -0.078947 0.473684 -0.210526
v -0.078947 0.500000 -0.184211
v -0.078947 0.473684 -0.184211
v -0.078947 0.500000 -0.157895
v -0.078947 0.473684 -0.157895
v -0.078947 0.500000 -0.131579
v -0.078947 0.473684 -0.131579
v -0.078947 0.500000 -0.105263
v -0.078947 0.500000 -0.078947
v -0.078947 0.500000 -0.052632
v -0.078947 0.500000 -0.026316
v -0.078947 0.500000 0.000000
v -0.078947 0.500000 0.026316
v -0.078947 0.500000 0.052632
v -0.078947 0.500000 0.078947
v -0.078947 0.500000 0.105263
v -0.078947 0.500000 0.131579
v -0.078947 0.500000 0.157895
v -0.078947 0.473684 0.131579
v -0.078947 0.473684 0.157895
v -0.078947 0.500000 0.184211
v -0.078947 0.473684 0.184211
v -0.078947 0.500000 0.210526
v -0.078947 0.473684 0.210526
v -0.078947 0.500000 0.236842
v -0.078947 0.473684 0.236842
v -0.078947 0.500000 0.263158
v -0.078947 0.473684 0.263158
v -0.078947 0.500000 0.289474
v -0.078947 0.473684 0.289474
v -0.105263 0.552632 -0.052632
v -0.105263 0.552632 -0.026316
v -0.105263 0.578947 -0.026316
v -0.105263 0.578947 -0.052632
v -0.078947 0.552632 -0.052632
v -0.078947 0.552632 -0.026316
v -0.078947 0.578947 -0.052632
v -0.105263 0.552632 0.000000
v -0.105263 0.578947 0.000000
v -0.078947 0.552632 0.000000
v -0.105263 0.552632 0.026316
v -0.105263 0.578947 0.026316
v -0.078947 0.552632 0.026316
v -0.105263 0.552632 0.052632
v -0.105263 0.578947 0.052632
v -0.078947 0.552632 0.052632
v -0.078947 0.578947 0.052632
v -0.105263 0.578947 -0.157895
v -0.105263 0.605263 -0.157895
v -0.078947 0.578947 -0.157895
v -0.078947 0.578947 -0.131579
v -0.078947 0.605263 -0.157895
v -0.078947 0.578947 -0.105263
v -0.078947 0.578947 -0.078947
v -0.078947 0.578947 -0.052632
v -0.078947 0.578947 0.052632
v -0.078947 0.578947 0.078947
v -0.078947 0.578947 0.105263
v -0.078947 0.578947 0.131579
v -0.105263 0.578947 0.157895
v -0.105263 0.605263 0.157895
v -0.078947 0.578947 0.157895
v -0.078947 0.605263 0.157895
v -0.105263 0.605263 -0.157895
v -0.105263 0.631579 -0.157895
v -0.078947 0.631579 -0.157895
v -0.078947 0.605263 -0.157895
v -0.105263 0.605263 0.157895
v -0.105263 0.631579 0.157895
v -0.078947 0.605263 0.157895
v -0.078947 0.631579 0.157895
v -0.078947 0.631579 -0.157895
v -0.078947 0.657895 -0.157895
v -0.078947 0.657895 -0.131579
v -0.078947 0.631579 -0.131579
v -0.105263 0.631579 -0.157895
v -0.105263 0.657895 -0.157895
v -0.078947 0.631579 0.131579
v -0.078947 0.657895 0.131579
v -0.078947 0.657895 0.157895
v -0.078947 0.631579 0.157895
v -0.105263 0.631579 0.157895
v -0.105263 0.657895 0.157895
v -0.078947 0.684211 -0.236842
v -0.078947 0.684211 -0.263158
v -0.078947 0.657895 -0.263158
v -0.078947 0.657895 -0.236842
v -0.078947 0.684211 -0.210526
v -0.078947 0.657895 -0.210526
v -0.078947 0.684211 -0.184211
v -0.078947 0.657895 -0.184211
v -0.078947 0.684211 -0.157895
v -0.078947 0.657895 -0.157895
v -0.078947 0.684211 -0.131579
v -0.078947 0.684211 -0.105263
v -0.078947 0.684211 -0.078947
v -0.105263 0.684211 -0.052632
v -0.078947 0.684211 -0.052632
v -0.105263 0.684211 0.052632
v -0.078947 0.684211 0.078947
v -0.078947 0.684211 0.052632
v -0.078947 0.684211 0.105263
v -0.078947 0.684211 0.131579
v -0.078947 0.684211 0.157895
v -0.078947 0.684211 0.184211
v -0.078947 0.657895 0.157895
v -0.078947 0.657895 0.184211
v -0.078947 0.684211 0.210526
v -0.078947 0.657895 0.210526
v -0.078947 0.684211 0.236842
v -0.078947 0.657895 0.236842
v -0.078947 0.684211 0.263158
v -0.078947 0.657895 0.263158
v -0.078947 0.684211 -0.052632
v -0.078947 0.710526 -0.052632
v -0.078947 0.710526 -0.026316
v -0.078947 0.684211 -0.026316
v -0.078947 0.710526 0.000000
v -0.078947 0.684211 0.000000
v -0.078947 0.710526 0.026316
v -0.078947 0.684211 0.026316
v -0.078947 0.710526 0.052632
v -0.078947 0.684211 0.052632
v -0.078947 0.710526 -0.105263
v -0.078947 0.736842 -0.105263
v -0.078947 0.736842 -0.078947
v -0.078947 0.710526 -0.078947
v -0.078947 0.710526 -0.052632
v -0.105263 0.710526 -0.052632
v -0.105263 0.710526 0.052632
v -0.078947 0.710526 0.052632
v -0.078947 0.710526 0.078947
v -0.078947 0.736842 0.078947
v -0.078947 0.736842 0.105263
v -0.078947 0.710526 0.105263
v -0.078947 0.736842 -0.131579
v -0.078947 0.763158 -0.131579
v -0.078947 0.763158 -0.105263
v -0.078947 0.736842 -0.105263
v -0.105263 0.736842 -0.131579
v -0.105263 0.763158 -0.131579
v -0.078947 0.763158 -0.078947
v -0.078947 0.763158 0.105263
v -0.078947 0.763158 0.078947
v -0.078947 0.736842 0.105263
v -0.078947 0.763158 0.131579
v -0.078947 0.736842 0.131579
v -0.105263 0.736842 0.131579
v -0.105263 0.763158 0.131579
v -0.105263 0.763158 -0.078947
v -0.105263 0.789474 -0.078947
v -0.078947 0.789474 -0.052632
v -0.078947 0.789474 -0.078947
v -0.078947 0.763158 -0.078947
v -0.078947 0.789474 -0.026316
v -0.078947 0.789474 0.000000
v -0.078947 0.789474 0.026316
v -0.078947 0.789474 0.052632
v -0.105263 0.763158 0.078947
v -0.105263 0.789474 0.078947
v -0.078947 0.789474 0.078947
v -0.078947 0.763158 0.078947
v -0.078947 0.842105 -0.131579
v -0.078947 0.842105 -0.157895
v -0.078947 0.815789 -0.157895
v -0.078947 0.815789 -0.131579
v -0.078947 0.815789 -0.105263
v -0.078947 0.815789 -0.078947
v -0.078947 0.815789 -0.052632
v -0.078947 0.815789 -0.026316
v -0.078947 0.815789 0.000000
v -0.078947 0.815789 0.026316
v -0.078947 0.815789 0.052632
v -0.078947 0.815789 0.078947
v -0.078947 0.815789 0.105263
v -0.078947 0.815789 0.131579
v -0.078947 0.842105 0.157895
v -0.078947 0.842105 0.131579
v -0.078947 0.815789 0.157895
v -0.105263 0.842105 -0.131579
v -0.105263 0.868421 -0.131579
v -0.078947 0.868421 -0.105263
v -0.078947 0.868421 -0.131579
v -0.078947 0.842105 -0.131579
v -0.078947 0.868421 -0.078947
v -0.078947 0.868421 -0.052632
v -0.078947 0.868421 -0.026316
v -0.078947 0.868421 0.000000
v -0.078947 0.868421 0.026316
v -0.078947 0.868421 0.052632
v -0.078947 0.868421 0.078947
v -0.078947 0.868421 0.105263
v -0.105263 0.842105 0.131579
v -0.105263 0.868421 0.131579
v -0.078947 0.868421 0.131579
v -0.078947 0.842105 0.131579
v -0.078947 0.000000 -0.210526
v -0.078947 0.026316 -0.210526
v -0.052632 0.026316 -0.184211
v -0.052632 0.026316 -0.210526
v -0.052632 0.000000 -0.210526
v -0.052632 0.000000 -0.184211
v -0.052632 0.026316 -0.157895
v -0.052632 0.000000 -0.157895
v -0.052632 0.026316 -0.131579
v -0.052632 0.000000 -0.131579
v -0.052632 0.000000 -0.105263
v -0.052632 0.000000 -0.078947
v -0.052632 0.000000 -0.052632
v -0.052632 0.000000 -0.026316
v -0.052632 0.000000 0.000000
v -0.052632 0.000000 0.026316
v -0.052632 0.000000 0.052632
v -0.052632 0.000000 0.078947
v -0.052632 0.000000 0.105263
v -0.052632 0.000000 0.131579
v -0.052632 0.026316 0.157895
v -0.052632 0.026316 0.131579
v -0.052632 0.000000 0.157895
v -0.052632 0.026316 0.184211
v -0.052632 0.000000 0.184211
v -0.078947 0.000000 0.210526
v -0.078947 0.026316 0.210526
v -0.052632 0.026316 0.210526
v -0.052632 0.000000 0.210526
v -0.052632 0.052632 -0.105263
v -0.052632 0.052632 -0.131579
v -0.052632 0.026316 -0.131579
v -0.052632 0.052632 0.131579
v -0.052632 0.052632 0.105263
v -0.052632 0.026316 0.131579
v -0.052632 0.078947 -0.105263
v -0.052632 0.052632 -0.105263
v -0.052632 0.052632 0.105263
v -0.052632 0.078947 0.105263
v -0.078947 0.078947 -0.157895
v -0.078947 0.105263 -0.157895
v -0.052632 0.078947 -0.157895
v -0.052632 0.078947 -0.131579
v -0.052632 0.105263 -0.157895
v -0.052632 0.078947 -0.105263
v -0.052632 0.078947 0.105263
v -0.052632 0.078947 0.131579
v -0.078947 0.078947 0.157895
v -0.078947 0.105263 0.157895
v -0.052632 0.078947 0.157895
v -0.052632 0.105263 0.157895
v -0.078947 0.105263 -0.210526
v -0.078947 0.131579 -0.210526
v -0.052632 0.105263 -0.210526
v -0.052632 0.105263 -0.184211
v -0.052632 0.131579 -0.210526
v -0.052632 0.105263 -0.157895
v -0.052632 0.105263 0.157895
v -0.052632 0.105263 0.184211
v -0.078947 0.105263 0.210526
v -0.078947 0.131579 0.210526
v -0.052632 0.105263 0.210526
v -0.052632 0.131579 0.210526
v -0.078947 0.131579 -0.236842
v -0.078947 0.157895 -0.236842
v -0.052632 0.131579 -0.236842
v -0.052632 0.131579 -0.210526
v -0.052632 0.157895 -0.236842
v -0.078947 0.131579 0.236842
v -0.078947 0.157895 0.236842
v -0.052632 0.131579 0.210526
v -0.052632 0.131579 0.236842
v -0.052632 0.157895 0.236842
v -0.078947 0.184211 -0.236842
v -0.052632 0.184211 -0.236842
v -0.078947 0.184211 0.236842
v -0.052632 0.184211 0.236842
v -0.052632 0.210526 -0.236842
v -0.052632 0.184211 -0.236842
v -0.052632 0.184211 0.236842
v -0.052632 0.210526 0.236842
v -0.052632 0.236842 -0.210526
v -0.052632 0.236842 -0.236842
v -0.052632 0.236842 0.236842
v -0.052632 0.236842 0.210526
v -0.052632 0.263158 -0.210526
v -0.052632 0.236842 -0.210526
v -0.052632 0.236842 0.210526
v -0.052632 0.263158 0.210526
v -0.052632 0.289474 -0.184211
v -0.052632 0.289474 -0.210526
v -0.052632 0.263158 -0.210526
v -0.052632 0.289474 0.210526
v -0.052632 0.289474 0.184211
v -0.052632 0.263158 0.210526
v -0.052632 0.315789 -0.184211
v -0.052632 0.289474 -0.184211
v -0.052632 0.289474 0.184211
v -0.052632 0.315789 0.184211
v -0.052632 0.315789 -0.184211
v -0.052632 0.342105 -0.184211
v -0.052632 0.342105 -0.157895
v -0.052632 0.315789 -0.157895
v -0.078947 0.315789 -0.184211
v -0.078947 0.342105 -0.184211
v -0.052632 0.315789 0.157895
v -0.052632 0.342105 0.157895
v -0.052632 0.342105 0.184211
v -0.052632 0.315789 0.184211
v -0.078947 0.315789 0.184211
v -0.078947 0.342105 0.184211
v -0.052632 0.368421 -0.157895
v -0.052632 0.342105 -0.157895
v -0.052632 0.342105 0.157895
v -0.052632 0.368421 0.157895
v -0.052632 0.394737 -0.157895
v -0.052632 0.394737 0.157895
v -0.078947 0.421053 -0.157895
v -0.052632 0.421053 -0.157895
v -0.078947 0.421053 0.157895
v -0.052632 0.421053 0.157895
v -0.078947 0.421053 -0.236842
v -0.078947 0.447368 -0.236842
v -0.052632 0.447368 -0.210526
v -0.052632 0.447368 -0.236842
v -0.052632 0.421053 -0.236842
v -0.052632 0.421053 -0.210526
v -0.052632 0.447368 -0.184211
v -0.052632 0.421053 -0.184211
v -0.052632 0.447368 -0.157895
v -0.052632 0.421053 -0.157895
v -0.052632 0.447368 0.184211
v -0.052632 0.447368 0.157895
v -0.052632 0.421053 0.157895
v -0.052632 0.421053 0.184211
v -0.052632 0.447368 0.210526
v -0.052632 0.421053 0.210526
v -0.078947 0.421053 0.236842
v -0.078947 0.447368 0.236842
v -0.052632 0.447368 0.236842
v -0.052632 0.421053 0.236842
v -0.078947 0.447368 -0.157895
v -0.078947 0.473684 -0.157895
v -0.052632 0.473684 -0.157895
v -0.052632 0.447368 -0.157895
v -0.078947 0.447368 0.157895
v -0.078947 0.473684 0.157895
v -0.052632 0.447368 0.157895
v -0.052632 0.473684 0.157895
v -0.078947 0.473684 -0.315789
v -0.078947 0.500000 -0.315789
v -0.052632 0.500000 -0.289474
v -0.052632 0.500000 -0.315789
v -0.052632 0.473684 -0.315789
v -0.052632 0.473684 -0.289474
v -0.052632 0.500000 -0.263158
v -0.052632 0.473684 -0.263158
v -0.052632 0.500000 -0.236842
v -0.052632 0.473684 -0.236842
v -0.052632 0.500000 -0.210526
v -0.052632 0.473684 -0.210526
v -0.052632 0.500000 -0.184211
v -0.052632 0.473684 -0.184211
v -0.052632 0.500000 -0.157895
v -0.052632 0.473684 -0.157895
v -0.052632 0.500000 -0.131579
v -0.052632 0.500000 -0.105263
v -0.052632 0.500000 -0.078947
v -0.052632 0.500000 -0.052632
v -0.052632 0.500000 0.078947
v -0.052632 0.500000 0.052632
v -0.052632 0.500000 0.105263
v -0.052632 0.500000 0.131579
v -0.052632 0.500000 0.157895
v -0.052632 0.500000 0.184211
v -0.052632 0.473684 0.157895
v -0.052632 0.473684 0.184211
v -0.052632 0.500000 0.210526
v -0.052632 0.473684 0.210526
v -0.052632 0.500000 0.236842
v -0.052632 0.473684 0.236842
v -0.052632 0.500000 0.263158
v -0.052632 0.473684 0.263158
v -0.052632 0.500000 0.289474
v -0.052632 0.473684 0.289474
v -0.078947 0.473684 0.315789
v -0.078947 0.500000 0.315789
v -0.052632 0.500000 0.315789
v -0.052632 0.473684 0.315789
v -0.078947 0.500000 -0.052632
v -0.078947 0.500000 -0.026316
v -0.078947 0.526316 -0.026316
v -0.078947 0.526316 -0.052632
v -0.052632 0.526316 -0.052632
v -0.052632 0.500000 -0.052632
v -0.078947 0.500000 0.000000
v -0.078947 0.526316 0.000000
v -0.078947 0.500000 0.026316
v -0.078947 0.526316 0.026316
v -0.078947 0.500000 0.052632
v -0.078947 0.526316 0.052632
v -0.052632 0.500000 0.052632
v -0.052632 0.526316 0.052632
v -0.052632 0.552632 -0.052632
v -0.052632 0.552632 0.052632
v -0.078947 0.552632 -0.105263
v -0.078947 0.552632 -0.078947
v -0.078947 0.578947 -0.078947
v -0.078947 0.578947 -0.105263
v -0.052632 0.552632 -0.105263
v -0.052632 0.552632 -0.078947
v -0.052632 0.578947 -0.105263
v -0.078947 0.552632 0.078947
v -0.078947 0.578947 0.078947
v -0.052632 0.552632 0.078947
v -0.078947 0.552632 0.105263
v -0.078947 0.578947 0.105263
v -0.052632 0.552632 0.105263
v -0.052632 0.578947 0.105263
v -0.052632 0.578947 -0.157895
v -0.052632 0.578947 -0.131579
v -0.052632 0.605263 -0.157895
v -0.052632 0.578947 -0.105263
v -0.052632 0.578947 0.105263
v -0.052632 0.578947 0.131579
v -0.052632 0.578947 0.157895
v -0.052632 0.605263 0.157895
v -0.078947 0.631579 -0.131579
v -0.052632 0.631579 -0.131579
v -0.052632 0.631579 -0.157895
v -0.052632 0.605263 -0.157895
v -0.078947 0.631579 0.131579
v -0.052632 0.631579 0.157895
v -0.052632 0.631579 0.131579
v -0.052632 0.605263 0.157895
v -0.052632 0.657895 -0.131579
v -0.052632 0.631579 -0.131579
v -0.052632 0.631579 0.131579
v -0.052632 0.657895 0.131579
v -0.052632 0.684211 -0.236842
v -0.052632 0.684211 -0.263158
v -0.052632 0.657895 -0.263158
v -0.052632 0.657895 -0.236842
v -0.052632 0.684211 -0.210526
v -0.052632 0.657895 -0.210526
v -0.052632 0.684211 -0.184211
v -0.052632 0.657895 -0.184211
v -0.052632 0.684211 -0.157895
v -0.052632 0.657895 -0.157895
v -0.052632 0.684211 -0.131579
v -0.052632 0.657895 -0.131579
v -0.078947 0.657895 -0.131579
v -0.052632 0.684211 -0.105263
v -0.052632 0.684211 -0.078947
v -0.052632 0.684211 -0.052632
v -0.078947 0.684211 -0.026316
v -0.052632 0.684211 -0.026316
v -0.078947 0.684211 0.000000
v -0.052632 0.684211 0.000000
v -0.078947 0.684211 0.026316
v -0.052632 0.684211 0.026316
v -0.052632 0.684211 0.052632
v -0.052632 0.684211 0.078947
v -0.052632 0.684211 0.105263
v -0.052632 0.684211 0.131579
v -0.052632 0.684211 0.157895
v -0.078947 0.657895 0.131579
v -0.052632 0.657895 0.131579
v -0.052632 0.657895 0.157895
v -0.052632 0.684211 0.184211
v -0.052632 0.657895 0.184211
v -0.052632 0.684211 0.210526
v -0.052632 0.657895 0.210526
v -0.052632 0.684211 0.236842
v -0.052632 0.657895 0.236842
v -0.052632 0.684211 0.263158
v -0.052632 0.657895 0.263158
v -0.052632 0.710526 -0.078947
v -0.052632 0.736842 -0.078947
v -0.052632 0.736842 -0.052632
v -0.052632 0.710526 -0.052632
v -0.052632 0.710526 -0.026316
v -0.078947 0.710526 -0.026316
v -0.052632 0.710526 0.000000
v -0.078947 0.710526 0.000000
v -0.052632 0.710526 0.026316
v -0.078947 0.710526 0.026316
v -0.052632 0.710526 0.052632
v -0.052632 0.736842 0.052632
v -0.052632 0.736842 0.078947
v -0.052632 0.710526 0.078947
v -0.052632 0.763158 -0.078947
v -0.052632 0.763158 -0.105263
v -0.052632 0.736842 -0.105263
v -0.052632 0.736842 -0.078947
v -0.078947 0.736842 -0.078947
v -0.052632 0.763158 0.105263
v -0.052632 0.763158 0.078947
v -0.078947 0.736842 0.078947
v -0.052632 0.736842 0.078947
v -0.052632 0.736842 0.105263
v -0.052632 0.789474 -0.052632
v -0.052632 0.789474 -0.078947
v -0.052632 0.763158 -0.078947
v -0.052632 0.789474 0.078947
v -0.052632 0.789474 0.052632
v -0.052632 0.763158 0.078947
v -0.078947 0.815789 -0.026316
v -0.078947 0.815789 -0.052632
v -0.052632 0.815789 -0.052632
v -0.078947 0.815789 0.000000
v -0.078947 0.815789 0.026316
v -0.078947 0.815789 0.052632
v -0.052632 0.815789 0.052632
v -0.078947 0.815789 -0.184211
v -0.078947 0.842105 -0.184211
v -0.052632 0.842105 -0.157895
v -0.052632 0.842105 -0.184211
v -0.052632 0.815789 -0.184211
v -0.052632 0.815789 -0.157895
v -0.052632 0.842105 -0.131579
v -0.052632 0.815789 -0.131579
v -0.052632 0.815789 -0.105263
v -0.052632 0.815789 -0.078947
v -0.052632 0.815789 -0.052632
v -0.052632 0.815789 0.052632
v -0.052632 0.815789 0.078947
v -0.052632 0.815789 0.105263
v -0.052632 0.815789 0.131579
v -0.052632 0.842105 0.157895
v -0.052632 0.842105 0.131579
v -0.052632 0.815789 0.157895
v -0.078947 0.815789 0.184211
v -0.078947 0.842105 0.184211
v -0.052632 0.842105 0.184211
v -0.052632 0.815789 0.184211
v -0.052632 0.868421 -0.105263
v -0.052632 0.868421 -0.131579
v -0.052632 0.842105 -0.131579
v -0.052632 0.868421 -0.078947
v -0.052632 0.868421 -0.052632
v -0.052632 0.868421 -0.026316
v -0.052632 0.868421 0.000000
v -0.052632 0.868421 0.026316
v -0.052632 0.868421 0.052632
v -0.052632 0.868421 0.078947
v -0.052632 0.868421 0.105263
v -0.052632 0.868421 0.131579
v -0.052632 0.842105 0.131579
v -0.026316 0.026316 -0.184211
v -0.026316 0.026316 -0.210526
v -0.026316 0.000000 -0.210526
v -0.026316 0.000000 -0.184211
v -0.026316 0.026316 -0.157895
v -0.026316 0.000000 -0.157895
v -0.026316 0.000000 -0.131579
v -0.026316 0.000000 -0.105263
v -0.026316 0.000000 -0.078947
v -0.026316 0.000000 -0.052632
v -0.026316 0.000000 -0.026316
v -0.026316 0.000000 0.000000
v -0.026316 0.000000 0.026316
v -0.026316 0.000000 0.052632
v -0.026316 0.000000 0.078947
v -0.026316 0.000000 0.105263
v -0.026316 0.000000 0.131579
v -0.026316 0.000000 0.157895
v -0.026316 0.026316 0.184211
v -0.026316 0.026316 0.157895
v -0.026316 0.000000 0.184211
v -0.026316 0.026316 0.210526
v -0.026316 0.000000 0.210526
v -0.052632 0.026316 -0.157895
v -0.052632 0.052632 -0.157895
v -0.026316 0.052632 -0.131579
v -0.026316 0.052632 -0.157895
v -0.026316 0.026316 -0.157895
v -0.052632 0.026316 0.157895
v -0.052632 0.052632 0.157895
v -0.026316 0.052632 0.157895
v -0.026316 0.052632 0.131579
v -0.026316 0.026316 0.157895
v -0.052632 0.052632 -0.131579
v -0.052632 0.078947 -0.131579
v -0.026316 0.078947 -0.131579
v -0.026316 0.052632 -0.131579
v -0.052632 0.052632 0.131579
v -0.052632 0.078947 0.131579
v -0.026316 0.052632 0.131579
v -0.026316 0.078947 0.131579
v -0.026316 0.078947 -0.157895
v -0.026316 0.078947 -0.131579
v -0.026316 0.105263 -0.157895
v -0.026316 0.078947 0.131579
v -0.026316 0.078947 0.157895
v -0.026316 0.105263 0.157895
v -0.026316 0.105263 -0.210526
v -0.026316 0.105263 -0.184211
v -0.026316 0.131579 -0.210526
v -0.026316 0.105263 -0.157895
v -0.026316 0.105263 0.157895
v -0.026316 0.105263 0.184211
v -0.026316 0.105263 0.210526
v -0.026316 0.131579 0.210526
v -0.026316 0.131579 -0.236842
v -0.026316 0.131579 -0.210526
v -0.026316 0.157895 -0.236842
v -0.026316 0.131579 0.210526
v -0.026316 0.131579 0.236842
v -0.026316 0.157895 0.236842
v -0.026316 0.184211 -0.236842
v -0.026316 0.184211 0.236842
v -0.026316 0.210526 -0.236842
v -0.026316 0.184211 -0.236842
v -0.026316 0.184211 0.236842
v -0.026316 0.210526 0.236842
v -0.026316 0.236842 -0.236842
v -0.026316 0.236842 0.236842
v -0.026316 0.236842 -0.236842
v -0.026316 0.263158 -0.236842
v -0.026316 0.263158 -0.210526
v -0.026316 0.236842 -0.210526
v -0.052632 0.236842 -0.236842
v -0.052632 0.263158 -0.236842
v -0.026316 0.236842 0.210526
v -0.026316 0.263158 0.210526
v -0.026316 0.263158 0.236842
v -0.026316 0.236842 0.236842
v -0.052632 0.236842 0.236842
v -0.052632 0.263158 0.236842
v -0.026316 0.289474 -0.210526
v -0.026316 0.263158 -0.210526
v -0.026316 0.263158 0.210526
v -0.026316 0.289474 0.210526
v -0.026316 0.289474 -0.210526
v -0.026316 0.315789 -0.210526
v -0.026316 0.315789 -0.184211
v -0.026316 0.289474 -0.184211
v -0.052632 0.289474 -0.210526
v -0.052632 0.315789 -0.210526
v -0.052632 0.315789 -0.157895
v -0.026316 0.315789 -0.157895
v -0.052632 0.315789 0.157895
v -0.026316 0.315789 0.184211
v -0.026316 0.315789 0.157895
v -0.026316 0.289474 0.184211
v -0.026316 0.315789 0.210526
v -0.026316 0.289474 0.210526
v -0.052632 0.289474 0.210526
v -0.052632 0.315789 0.210526
v -0.026316 0.342105 -0.157895
v -0.026316 0.315789 -0.157895
v -0.026316 0.315789 0.157895
v -0.026316 0.342105 0.157895
v -0.026316 0.368421 -0.157895
v -0.026316 0.342105 -0.157895
v -0.026316 0.342105 0.157895
v -0.026316 0.368421 0.157895
v -0.026316 0.394737 -0.157895
v -0.026316 0.394737 0.157895
v -0.026316 0.421053 -0.157895
v -0.026316 0.421053 0.157895
v -0.026316 0.447368 -0.210526
v -0.026316 0.447368 -0.236842
v -0.026316 0.421053 -0.236842
v -0.026316 0.421053 -0.210526
v -0.026316 0.447368 -0.184211
v -0.026316 0.421053 -0.184211
v -0.026316 0.421053 -0.157895
v -0.026316 0.421053 0.157895
v -0.026316 0.421053 0.184211
v -0.026316 0.447368 0.210526
v -0.026316 0.447368 0.184211
v -0.026316 0.421053 0.210526
v -0.026316 0.447368 0.236842
v -0.026316 0.421053 0.236842
v -0.052632 0.447368 -0.184211
v -0.052632 0.473684 -0.184211
v -0.026316 0.473684 -0.184211
v -0.026316 0.447368 -0.184211
v -0.052632 0.447368 0.184211
v -0.052632 0.473684 0.184211
v -0.026316 0.447368 0.184211
v -0.026316 0.473684 0.184211
v -0.026316 0.500000 -0.289474
v -0.026316 0.500000 -0.315789
v -0.026316 0.473684 -0.315789
v -0.026316 0.473684 -0.289474
v -0.026316 0.500000 -0.263158
v -0.026316 0.473684 -0.263158
v -0.026316 0.500000 -0.236842
v -0.026316 0.473684 -0.236842
v -0.026316 0.500000 -0.210526
v -0.026316 0.473684 -0.210526
v -0.026316 0.500000 -0.184211
v -0.026316 0.473684 -0.184211
v -0.026316 0.500000 -0.157895
v -0.026316 0.500000 -0.131579
v -0.026316 0.500000 -0.105263
v -0.026316 0.500000 0.131579
v -0.026316 0.500000 0.105263
v -0.026316 0.500000 0.157895
v -0.026316 0.500000 0.184211
v -0.026316 0.500000 0.210526
v -0.026316 0.473684 0.184211
v -0.026316 0.473684 0.210526
v -0.026316 0.500000 0.236842
v -0.026316 0.473684 0.236842
v -0.026316 0.500000 0.263158
v -0.026316 0.473684 0.263158
v -0.026316 0.500000 0.289474
v -0.026316 0.473684 0.289474
v -0.026316 0.500000 0.315789
v -0.026316 0.473684 0.315789
v -0.052632 0.500000 -0.105263
v -0.052632 0.500000 -0.078947
v -0.052632 0.526316 -0.078947
v -0.052632 0.526316 -0.105263
v -0.026316 0.526316 -0.105263
v -0.026316 0.500000 -0.105263
v -0.052632 0.500000 0.078947
v -0.052632 0.526316 0.078947
v -0.052632 0.500000 0.105263
v -0.052632 0.526316 0.105263
v -0.026316 0.500000 0.105263
v -0.026316 0.526316 0.105263
v -0.026316 0.552632 -0.105263
v -0.026316 0.552632 0.105263
v -0.052632 0.552632 -0.131579
v -0.052632 0.578947 -0.131579
v -0.026316 0.552632 -0.131579
v -0.026316 0.578947 -0.131579
v -0.052632 0.552632 0.131579
v -0.052632 0.578947 0.131579
v -0.026316 0.552632 0.131579
v -0.026316 0.578947 0.131579
v -0.026316 0.578947 -0.157895
v -0.026316 0.578947 -0.131579
v -0.026316 0.605263 -0.157895
v -0.026316 0.578947 0.131579
v -0.026316 0.578947 0.157895
v -0.026316 0.605263 0.157895
v -0.026316 0.631579 -0.131579
v -0.026316 0.631579 -0.157895
v -0.026316 0.605263 -0.157895
v -0.026316 0.631579 0.157895
v -0.026316 0.631579 0.131579
v -0.026316 0.605263 0.157895
v -0.026316 0.657895 -0.131579
v -0.026316 0.631579 -0.131579
v -0.026316 0.631579 0.131579
v -0.026316 0.657895 0.131579
v -0.026316 0.657895 -0.263158
v -0.026316 0.684211 -0.263158
v -0.026316 0.684211 -0.236842
v -0.026316 0.657895 -0.236842
v -0.026316 0.684211 -0.210526
v -0.026316 0.657895 -0.210526
v -0.026316 0.684211 -0.184211
v -0.026316 0.657895 -0.184211
v -0.026316 0.684211 -0.157895
v -0.026316 0.657895 -0.157895
v -0.026316 0.684211 -0.131579
v -0.026316 0.657895 -0.131579
v -0.026316 0.684211 -0.105263
v -0.026316 0.684211 -0.078947
v -0.026316 0.684211 -0.052632
v -0.026316 0.684211 -0.026316
v -0.026316 0.684211 0.000000
v -0.026316 0.684211 0.026316
v -0.026316 0.684211 0.052632
v -0.026316 0.684211 0.078947
v -0.026316 0.684211 0.105263
v -0.026316 0.684211 0.131579
v -0.026316 0.684211 0.157895
v -0.026316 0.657895 0.131579
v -0.026316 0.657895 0.157895
v -0.026316 0.684211 0.184211
v -0.026316 0.657895 0.184211
v -0.026316 0.684211 0.210526
v -0.026316 0.657895 0.210526
v -0.026316 0.684211 0.236842
v -0.026316 0.657895 0.236842
v -0.026316 0.684211 0.263158
v -0.026316 0.657895 0.263158
v -0.026316 0.710526 -0.052632
v -0.026316 0.736842 -0.052632
v -0.026316 0.736842 -0.026316
v -0.026316 0.710526 -0.026316
v -0.026316 0.736842 0.000000
v -0.026316 0.710526 0.000000
v -0.026316 0.736842 0.026316
v -0.026316 0.710526 0.026316
v -0.026316 0.736842 0.052632
v -0.026316 0.710526 0.052632
v -0.026316 0.736842 -0.105263
v -0.026316 0.763158 -0.105263
v -0.026316 0.763158 -0.078947
v -0.026316 0.736842 -0.078947
v -0.026316 0.736842 -0.052632
v -0.052632 0.736842 -0.052632
v -0.052632 0.736842 0.052632
v -0.026316 0.736842 0.052632
v -0.026316 0.736842 0.078947
v -0.026316 0.763158 0.078947
v -0.026316 0.763158 0.105263
v -0.026316 0.736842 0.105263
v -0.026316 0.763158 -0.105263
v -0.026316 0.789474 -0.105263
v -0.026316 0.789474 -0.078947
v -0.026316 0.763158 -0.078947
v -0.052632 0.763158 -0.105263
v -0.052632 0.789474 -0.105263
v -0.026316 0.763158 0.078947
v -0.026316 0.789474 0.078947
v -0.026316 0.789474 0.105263
v -0.026316 0.763158 0.105263
v -0.052632 0.763158 0.105263
v -0.052632 0.789474 0.105263
v -0.052632 0.815789 -0.078947
v -0.026316 0.815789 -0.078947
v -0.052632 0.815789 0.078947
v -0.026316 0.815789 0.078947
v -0.026316 0.842105 -0.157895
v -0.026316 0.842105 -0.184211
v -0.026316 0.815789 -0.184211
v -0.026316 0.815789 -0.157895
v -0.026316 0.842105 -0.131579
v -0.026316 0.815789 -0.131579
v -0.026316 0.815789 -0.105263
v -0.026316 0.815789 -0.078947
v -0.026316 0.815789 0.078947
v -0.026316 0.815789 0.105263
v -0.026316 0.815789 0.131579
v -0.026316 0.842105 0.157895
v -0.026316 0.842105 0.131579
v -0.026316 0.815789 0.157895
v -0.026316 0.842105 0.184211
v -0.026316 0.815789 0.184211
v -0.026316 0.868421 -0.105263
v -0.026316 0.868421 -0.131579
v -0.026316 0.842105 -0.131579
v -0.026316 0.868421 -0.078947
v -0.026316 0.868421 -0.052632
v -0.026316 0.868421 -0.026316
v -0.026316 0.868421 0.000000
v -0.026316 0.868421 0.026316
v -0.026316 0.868421 0.052632
v -0.026316 0.868421 0.078947
v -0.026316 0.868421 0.105263
v -0.026316 0.868421 0.131579
v -0.026316 0.842105 0.131579
v -0.052632 0.921053 -0.052632
v -0.052632 0.921053 -0.026316
v -0.052632 0.947368 -0.026316
v -0.052632 0.947368 -0.052632
v -0.026316 0.947368 -0.026316
v -0.026316 0.947368 -0.052632
v -0.026316 0.921053 -0.052632
v -0.026316 0.921053 -0.026316
v -0.052632 0.921053 0.000000
v -0.052632 0.947368 0.000000
v -0.026316 0.947368 0.000000
v -0.026316 0.921053 0.000000
v -0.052632 0.921053 0.026316
v -0.052632 0.947368 0.026316
v -0.026316 0.947368 0.026316
v -0.026316 0.921053 0.026316
v -0.052632 0.921053 0.052632
v -0.052632 0.947368 0.052632
v -0.026316 0.947368 0.052632
v -0.026316 0.921053 0.052632
v 0.000000 0.026316 -0.184211
v 0.000000 0.026316 -0.210526
v 0.000000 0.000000 -0.210526
v 0.000000 0.000000 -0.184211
v 0.000000 0.026316 -0.157895
v 0.000000 0.000000 -0.157895
v 0.000000 0.000000 -0.131579
v 0.000000 0.000000 -0.105263
v 0.000000 0.000000 -0.078947
v 0.000000 0.000000 -0.052632
v 0.000000 0.000000 -0.026316
v 0.000000 0.000000 0.000000
v 0.000000 0.000000 0.026316
v 0.000000 0.000000 0.052632
v 0.000000 0.000000 0.078947
v 0.000000 0.000000 0.105263
v 0.000000 0.000000 0.131579
v 0.000000 0.000000 0.157895
v 0.000000 0.026316 0.184211
v 0.000000 0.026316 0.157895
v 0.000000 0.000000 0.184211
v 0.000000 0.026316 0.210526
v 0.000000 0.000000 0.210526
v 0.000000 0.052632 -0.131579
v 0.000000 0.052632 -0.157895
v 0.000000 0.026316 -0.157895
v 0.000000 0.052632 0.157895
v 0.000000 0.052632 0.131579
v 0.000000 0.026316 0.157895
v 0.000000 0.078947 -0.131579
v 0.000000 0.052632 -0.131579
v 0.000000 0.052632 0.131579
v 0.000000 0.078947 0.131579
v 0.000000 0.078947 -0.157895
v 0.000000 0.078947 -0.131579
v 0.000000 0.105263 -0.157895
v 0.000000 0.078947 0.131579
v 0.000000 0.078947 0.157895
v 0.000000 0.105263 0.157895
v 0.000000 0.105263 -0.210526
v 0.000000 0.105263 -0.184211
v 0.000000 0.131579 -0.210526
v 0.000000 0.105263 -0.157895
v 0.000000 0.105263 0.157895
v 0.000000 0.105263 0.184211
v 0.000000 0.105263 0.210526
v 0.000000 0.131579 0.210526
v 0.000000 0.131579 -0.236842
v 0.000000 0.131579 -0.210526
v 0.000000 0.157895 -0.236842
v 0.000000 0.131579 0.210526
v 0.000000 0.131579 0.236842
v 0.000000 0.157895 0.236842
v 0.000000 0.184211 -0.236842
v 0.000000 0.184211 0.236842
v 0.000000 0.184211 -0.263158
v 0.000000 0.210526 -0.263158
v 0.000000 0.210526 -0.236842
v 0.000000 0.184211 -0.236842
v -0.026316 0.184211 -0.263158
v -0.026316 0.210526 -0.263158
v 0.000000 0.184211 0.236842
v 0.000000 0.210526 0.236842
v 0.000000 0.210526 0.263158
v 0.000000 0.184211 0.263158
v -0.026316 0.184211 0.263158
v -0.026316 0.210526 0.263158
v 0.000000 0.236842 -0.263158
v 0.000000 0.236842 -0.236842
v -0.026316 0.236842 -0.263158
v -0.026316 0.236842 -0.210526
v 0.000000 0.236842 -0.210526
v -0.026316 0.236842 0.210526
v 0.000000 0.236842 0.236842
v 0.000000 0.236842 0.210526
v 0.000000 0.236842 0.263158
v -0.026316 0.236842 0.263158
v 0.000000 0.263158 -0.210526
v 0.000000 0.236842 -0.210526
v 0.000000 0.236842 0.210526
v 0.000000 0.263158 0.210526
v -0.026316 0.289474 -0.184211
v 0.000000 0.289474 -0.184211
v 0.000000 0.289474 -0.210526
v 0.000000 0.263158 -0.210526
v -0.026316 0.289474 0.184211
v 0.000000 0.289474 0.210526
v 0.000000 0.289474 0.184211
v 0.000000 0.263158 0.210526
v 0.000000 0.315789 -0.157895
v 0.000000 0.315789 -0.184211
v 0.000000 0.289474 -0.184211
v 0.000000 0.315789 0.184211
v 0.000000 0.315789 0.157895
v 0.000000 0.289474 0.184211
v 0.000000 0.342105 -0.157895
v 0.000000 0.315789 -0.157895
v 0.000000 0.315789 0.157895
v 0.000000 0.342105 0.157895
v 0.000000 0.342105 -0.157895
v 0.000000 0.368421 -0.157895
v 0.000000 0.368421 -0.131579
v 0.000000 0.342105 -0.131579
v 0.000000 0.342105 0.131579
v 0.000000 0.368421 0.131579
v 0.000000 0.368421 0.157895
v 0.000000 0.342105 0.157895
v 0.000000 0.394737 -0.157895
v 0.000000 0.394737 -0.131579
v 0.000000 0.394737 0.131579
v 0.000000 0.394737 0.157895
v 0.000000 0.421053 -0.157895
v 0.000000 0.421053 0.157895
v 0.000000 0.447368 -0.210526
v 0.000000 0.447368 -0.236842
v 0.000000 0.421053 -0.236842
v 0.000000 0.421053 -0.210526
v 0.000000 0.447368 -0.184211
v 0.000000 0.421053 -0.184211
v 0.000000 0.421053 -0.157895
v 0.000000 0.421053 0.157895
v 0.000000 0.421053 0.184211
v 0.000000 0.447368 0.210526
v 0.000000 0.447368 0.184211
v 0.000000 0.421053 0.210526
v 0.000000 0.447368 0.236842
v 0.000000 0.421053 0.236842
v 0.000000 0.473684 -0.184211
v 0.000000 0.447368 -0.184211
v 0.000000 0.447368 0.184211
v 0.000000 0.473684 0.184211
v 0.000000 0.500000 -0.289474
v 0.000000 0.500000 -0.315789
v 0.000000 0.473684 -0.315789
v 0.000000 0.473684 -0.289474
v 0.000000 0.500000 -0.263158
v 0.000000 0.473684 -0.263158
v 0.000000 0.500000 -0.236842
v 0.000000 0.473684 -0.236842
v 0.000000 0.500000 -0.210526
v 0.000000 0.473684 -0.210526
v 0.000000 0.500000 -0.184211
v 0.000000 0.473684 -0.184211
v 0.000000 0.500000 -0.157895
v 0.000000 0.500000 -0.131579
v 0.000000 0.500000 0.157895
v 0.000000 0.500000 0.131579
v 0.000000 0.500000 0.184211
v 0.000000 0.500000 0.210526
v 0.000000 0.473684 0.184211
v 0.000000 0.473684 0.210526
v 0.000000 0.500000 0.236842
v 0.000000 0.473684 0.236842
v 0.000000 0.500000 0.263158
v 0.000000 0.473684 0.263158
v 0.000000 0.500000 0.289474
v 0.000000 0.473684 0.289474
v 0.000000 0.500000 0.315789
v 0.000000 0.473684 0.315789
v -0.026316 0.500000 -0.131579
v -0.026316 0.526316 -0.131579
v 0.000000 0.526316 -0.131579
v 0.000000 0.500000 -0.131579
v -0.026316 0.500000 0.131579
v -0.026316 0.526316 0.131579
v 0.000000 0.500000 0.131579
v 0.000000 0.526316 0.131579
v 0.000000 0.552632 -0.131579
v 0.000000 0.552632 0.131579
v 0.000000 0.578947 -0.131579
v 0.000000 0.578947 0.131579
v 0.000000 0.578947 -0.184211
v 0.000000 0.605263 -0.184211
v 0.000000 0.605263 -0.157895
v 0.000000 0.578947 -0.157895
v -0.026316 0.578947 -0.184211
v -0.026316 0.605263 -0.184211
v 0.000000 0.578947 -0.131579
v 0.000000 0.578947 0.131579
v 0.000000 0.578947 0.157895
v 0.000000 0.605263 0.157895
v 0.000000 0.605263 0.184211
v 0.000000 0.578947 0.184211
v -0.026316 0.578947 0.184211
v -0.026316 0.605263 0.184211
v 0.000000 0.605263 -0.157895
v 0.000000 0.631579 -0.157895
v 0.000000 0.631579 -0.131579
v 0.000000 0.605263 -0.131579
v 0.000000 0.605263 0.131579
v 0.000000 0.631579 0.131579
v 0.000000 0.631579 0.157895
v 0.000000 0.605263 0.157895
v 0.000000 0.631579 -0.131579
v 0.000000 0.657895 -0.131579
v 0.000000 0.657895 -0.105263
v 0.000000 0.631579 -0.105263
v 0.000000 0.631579 0.105263
v 0.000000 0.657895 0.105263
v 0.000000 0.657895 0.131579
v 0.000000 0.631579 0.131579
v 0.000000 0.684211 -0.210526
v 0.000000 0.684211 -0.236842
v 0.000000 0.657895 -0.236842
v 0.000000 0.657895 -0.210526
v 0.000000 0.684211 -0.184211
v 0.000000 0.657895 -0.184211
v 0.000000 0.684211 -0.157895
v 0.000000 0.657895 -0.157895
v 0.000000 0.684211 -0.131579
v 0.000000 0.657895 -0.131579
v 0.000000 0.684211 -0.105263
v 0.000000 0.684211 -0.078947
v 0.000000 0.684211 -0.052632
v 0.000000 0.684211 -0.026316
v 0.000000 0.684211 0.000000
v 0.000000 0.684211 0.026316
v 0.000000 0.684211 0.052632
v 0.000000 0.684211 0.078947
v 0.000000 0.684211 0.105263
v 0.000000 0.684211 0.131579
v 0.000000 0.684211 0.157895
v 0.000000 0.657895 0.131579
v 0.000000 0.657895 0.157895
v 0.000000 0.684211 0.184211
v 0.000000 0.657895 0.184211
v 0.000000 0.684211 0.210526
v 0.000000 0.657895 0.210526
v 0.000000 0.684211 0.236842
v 0.000000 0.657895 0.236842
v 0.000000 0.736842 -0.078947
v 0.000000 0.763158 -0.078947
v 0.000000 0.763158 -0.052632
v 0.000000 0.736842 -0.052632
v 0.000000 0.736842 -0.026316
v -0.026316 0.736842 -0.026316
v 0.000000 0.736842 0.000000
v -0.026316 0.736842 0.000000
v 0.000000 0.736842 0.026316
v -0.026316 0.736842 0.026316
v 0.000000 0.736842 0.052632
v 0.000000 0.763158 0.052632
v 0.000000 0.763158 0.078947
v 0.000000 0.736842 0.078947
v 0.000000 0.789474 -0.078947
v 0.000000 0.763158 -0.078947
v 0.000000 0.763158 0.078947
v 0.000000 0.789474 0.078947
v 0.000000 0.815789 -0.078947
v 0.000000 0.815789 0.078947
v -0.026316 0.815789 -0.210526
v -0.026316 0.842105 -0.210526
v 0.000000 0.842105 -0.184211
v 0.000000 0.842105 -0.210526
v 0.000000 0.815789 -0.210526
v 0.000000 0.815789 -0.184211
v 0.000000 0.842105 -0.157895
v 0.000000 0.815789 -0.157895
v 0.000000 0.815789 -0.131579
v 0.000000 0.815789 -0.105263
v 0.000000 0.815789 -0.078947
v 0.000000 0.815789 0.078947
v 0.000000 0.815789 0.105263
v 0.000000 0.815789 0.131579
v 0.000000 0.815789 0.157895
v 0.000000 0.842105 0.184211
v 0.000000 0.842105 0.157895
v 0.000000 0.815789 0.184211
v -0.026316 0.815789 0.210526
v -0.026316 0.842105 0.210526
v 0.000000 0.842105 0.210526
v 0.000000 0.815789 0.210526
v 0.000000 0.842105 -0.157895
v 0.000000 0.868421 -0.157895
v 0.000000 0.868421 -0.131579
v 0.000000 0.842105 -0.131579
v -0.026316 0.842105 -0.157895
v -0.026316 0.868421 -0.157895
v 0.000000 0.868421 -0.105263
v 0.000000 0.868421 -0.078947
v 0.000000 0.868421 -0.052632
v 0.000000 0.868421 -0.026316
v 0.000000 0.868421 0.000000
v 0.000000 0.868421 0.026316
v 0.000000 0.868421 0.052632
v 0.000000 0.868421 0.078947
v 0.000000 0.868421 0.105263
v 0.000000 0.868421 0.131579
v 0.000000 0.842105 0.131579
v 0.000000 0.868421 0.157895
v 0.000000 0.842105 0.157895
v -0.026316 0.842105 0.157895
v -0.026316 0.868421 0.157895
v -0.026316 0.921053 -0.078947
v -0.026316 0.947368 -0.078947
v 0.000000 0.947368 -0.052632
v 0.000000 0.947368 -0.078947
v 0.000000 0.921053 -0.078947
v 0.000000 0.921053 -0.052632
v 0.000000 0.947368 -0.026316
v 0.000000 0.921053 -0.026316
v 0.000000 0.947368 0.000000
v 0.000000 0.921053 0.000000
v 0.000000 0.947368 0.026316
v 0.000000 0.921053 0.026316
v 0.000000 0.947368 0.052632
v 0.000000 0.921053 0.052632
v -0.026316 0.921053 0.078947
v -0.026316 0.947368 0.078947
v 0.000000 0.947368 0.078947
v 0.000000 0.921053 0.078947
v 0.026316 0.026316 -0.184211
v 0.026316 0.026316 -0.210526
v 0.026316 0.000000 -0.210526
v 0.026316 0.000000 -0.184211
v 0.026316 0.026316 -0.157895
v 0.026316 0.000000 -0.157895
v 0.026316 0.000000 -0.131579
v 0.026316 0.000000 -0.105263
v 0.026316 0.000000 -0.078947
v 0.026316 0.000000 -0.052632
v 0.026316 0.000000 -0.026316
v 0.026316 0.000000 0.000000
v 0.026316 0.000000 0.026316
v 0.026316 0.000000 0.052632
v 0.026316 0.000000 0.078947
v 0.026316 0.000000 0.105263
v 0.026316 0.000000 0.131579
v 0.026316 0.000000 0.157895
v 0.026316 0.026316 0.184211
v 0.026316 0.026316 0.157895
v 0.026316 0.000000 0.184211
v 0.026316 0.026316 0.210526
v 0.026316 0.000000 0.210526
v 0.026316 0.052632 -0.131579
v 0.026316 0.052632 -0.157895
v 0.026316 0.026316 -0.157895
v 0.026316 0.052632 0.157895
v 0.026316 0.052632 0.131579
v 0.026316 0.026316 0.157895
v 0.026316 0.078947 -0.131579
v 0.026316 0.052632 -0.131579
v 0.026316 0.052632 0.131579
v 0.026316 0.078947 0.131579
v 0.026316 0.078947 -0.184211
v 0.026316 0.105263 -0.184211
v 0.026316 0.105263 -0.157895
v 0.026316 0.078947 -0.157895
v 0.000000 0.078947 -0.184211
v 0.000000 0.105263 -0.184211
v 0.026316 0.078947 -0.131579
v 0.026316 0.078947 0.131579
v 0.026316 0.078947 0.157895
v 0.026316 0.105263 0.157895
v 0.026316 0.105263 0.184211
v 0.026316 0.078947 0.184211
v 0.000000 0.078947 0.184211
v 0.000000 0.105263 0.184211
v 0.026316 0.105263 -0.210526
v 0.026316 0.105263 -0.184211
v 0.026316 0.131579 -0.210526
v 0.026316 0.105263 0.184211
v 0.026316 0.105263 0.210526
v 0.026316 0.131579 0.210526
v 0.026316 0.131579 -0.236842
v 0.026316 0.131579 -0.210526
v 0.026316 0.157895 -0.236842
v 0.026316 0.131579 0.210526
v 0.026316 0.131579 0.236842
v 0.026316 0.157895 0.236842
v 0.026316 0.184211 -0.236842
v 0.026316 0.184211 0.236842
v 0.026316 0.210526 -0.236842
v 0.026316 0.184211 -0.236842
v 0.026316 0.184211 0.236842
v 0.026316 0.210526 0.236842
v 0.026316 0.236842 -0.210526
v 0.026316 0.236842 -0.236842
v 0.026316 0.236842 0.236842
v 0.026316 0.236842 0.210526
v 0.026316 0.263158 -0.210526
v 0.026316 0.236842 -0.210526
v 0.026316 0.236842 0.210526
v 0.026316 0.263158 0.210526
v 0.026316 0.289474 -0.184211
v 0.026316 0.289474 -0.210526
v 0.026316 0.263158 -0.210526
v 0.026316 0.289474 0.210526
v 0.026316 0.289474 0.184211
v 0.026316 0.263158 0.210526
v 0.026316 0.315789 -0.157895
v 0.026316 0.315789 -0.184211
v 0.026316 0.289474 -0.184211
v 0.026316 0.315789 0.184211
v 0.026316 0.315789 0.157895
v 0.026316 0.289474 0.184211
v 0.026316 0.315789 -0.157895
v 0.026316 0.342105 -0.157895
v 0.026316 0.342105 -0.131579
v 0.026316 0.315789 -0.131579
v 0.000000 0.342105 -0.131579
v 0.026316 0.315789 0.131579
v 0.026316 0.342105 0.131579
v 0.026316 0.342105 0.157895
v 0.026316 0.315789 0.157895
v 0.000000 0.342105 0.131579
v 0.026316 0.368421 -0.131579
v 0.026316 0.342105 -0.131579
v 0.026316 0.342105 0.131579
v 0.026316 0.368421 0.131579
v 0.026316 0.394737 -0.131579
v 0.026316 0.394737 0.131579
v 0.026316 0.394737 -0.157895
v 0.026316 0.421053 -0.157895
v 0.026316 0.421053 -0.131579
v 0.026316 0.421053 0.131579
v 0.026316 0.421053 0.157895
v 0.026316 0.394737 0.157895
v 0.026316 0.421053 -0.236842
v 0.026316 0.447368 -0.236842
v 0.026316 0.447368 -0.210526
v 0.026316 0.421053 -0.210526
v 0.026316 0.447368 -0.184211
v 0.026316 0.421053 -0.184211
v 0.026316 0.421053 -0.157895
v 0.026316 0.421053 0.157895
v 0.026316 0.421053 0.184211
v 0.026316 0.447368 0.210526
v 0.026316 0.447368 0.184211
v 0.026316 0.421053 0.210526
v 0.026316 0.447368 0.236842
v 0.026316 0.421053 0.236842
v 0.026316 0.473684 -0.184211
v 0.026316 0.447368 -0.184211
v 0.026316 0.447368 0.184211
v 0.026316 0.473684 0.184211
v 0.026316 0.500000 -0.289474
v 0.026316 0.500000 -0.315789
v 0.026316 0.473684 -0.315789
v 0.026316 0.473684 -0.289474
v 0.026316 0.500000 -0.263158
v 0.026316 0.473684 -0.263158
v 0.026316 0.500000 -0.236842
v 0.026316 0.473684 -0.236842
v 0.026316 0.500000 -0.210526
v 0.026316 0.473684 -0.210526
v 0.026316 0.500000 -0.184211
v 0.026316 0.473684 -0.184211
v 0.026316 0.500000 -0.157895
v 0.026316 0.500000 -0.131579
v 0.026316 0.500000 0.157895
v 0.026316 0.500000 0.131579
v 0.026316 0.500000 0.184211
v 0.026316 0.500000 0.210526
v 0.026316 0.473684 0.184211
v 0.026316 0.473684 0.210526
v 0.026316 0.500000 0.236842
v 0.026316 0.473684 0.236842
v 0.026316 0.500000 0.263158
v 0.026316 0.473684 0.263158
v 0.026316 0.500000 0.289474
v 0.026316 0.473684 0.289474
v 0.026316 0.500000 0.315789
v 0.026316 0.473684 0.315789
v 0.026316 0.526316 -0.131579
v 0.026316 0.500000 -0.131579
v 0.026316 0.500000 0.131579
v 0.026316 0.526316 0.131579
v 0.026316 0.552632 -0.131579
v 0.026316 0.552632 0.131579
v 0.026316 0.578947 -0.131579
v 0.026316 0.578947 0.131579
v 0.000000 0.605263 -0.131579
v 0.026316 0.605263 -0.131579
v 0.026316 0.605263 -0.157895
v 0.026316 0.578947 -0.157895
v 0.026316 0.578947 -0.131579
v 0.000000 0.605263 0.131579
v 0.026316 0.605263 0.157895
v 0.026316 0.605263 0.131579
v 0.026316 0.578947 0.131579
v 0.026316 0.578947 0.157895
v 0.000000 0.631579 -0.105263
v 0.026316 0.631579 -0.105263
v 0.026316 0.631579 -0.131579
v 0.026316 0.605263 -0.131579
v 0.000000 0.631579 0.105263
v 0.026316 0.631579 0.131579
v 0.026316 0.631579 0.105263
v 0.026316 0.605263 0.131579
v 0.026316 0.631579 -0.105263
v 0.026316 0.657895 -0.105263
v 0.026316 0.657895 -0.078947
v 0.026316 0.631579 -0.078947
v 0.026316 0.657895 -0.052632
v 0.026316 0.631579 -0.052632
v 0.026316 0.631579 0.052632
v 0.026316 0.657895 0.052632
v 0.026316 0.657895 0.078947
v 0.026316 0.631579 0.078947
v 0.026316 0.657895 0.105263
v 0.026316 0.631579 0.105263
v 0.026316 0.657895 -0.236842
v 0.026316 0.684211 -0.236842
v 0.026316 0.684211 -0.210526
v 0.026316 0.657895 -0.210526
v 0.026316 0.684211 -0.184211
v 0.026316 0.657895 -0.184211
v 0.026316 0.684211 -0.157895
v 0.026316 0.657895 -0.157895
v 0.026316 0.684211 -0.131579
v 0.026316 0.657895 -0.131579
v 0.026316 0.684211 -0.105263
v 0.026316 0.657895 -0.105263
v 0.000000 0.657895 -0.105263
v 0.026316 0.684211 -0.078947
v 0.026316 0.684211 -0.052632
v 0.026316 0.684211 -0.026316
v 0.026316 0.684211 0.000000
v 0.026316 0.684211 0.026316
v 0.026316 0.684211 0.052632
v 0.026316 0.684211 0.078947
v 0.026316 0.684211 0.105263
v 0.026316 0.684211 0.131579
v 0.000000 0.657895 0.105263
v 0.026316 0.657895 0.105263
v 0.026316 0.657895 0.131579
v 0.026316 0.684211 0.157895
v 0.026316 0.657895 0.157895
v 0.026316 0.684211 0.184211
v 0.026316 0.657895 0.184211
v 0.026316 0.684211 0.210526
v 0.026316 0.657895 0.210526
v 0.026316 0.684211 0.236842
v 0.026316 0.657895 0.236842
v 0.026316 0.736842 -0.052632
v 0.026316 0.763158 -0.052632
v 0.026316 0.763158 -0.026316
v 0.026316 0.736842 -0.026316
v 0.026316 0.763158 0.000000
v 0.026316 0.736842 0.000000
v 0.026316 0.763158 0.026316
v 0.026316 0.736842 0.026316
v 0.026316 0.763158 0.052632
v 0.026316 0.736842 0.052632
v 0.026316 0.763158 -0.078947
v 0.026316 0.789474 -0.078947
v 0.026316 0.789474 -0.052632
v 0.026316 0.763158 -0.052632
v 0.000000 0.763158 -0.052632
v 0.026316 0.763158 0.052632
v 0.026316 0.789474 0.052632
v 0.026316 0.789474 0.078947
v 0.026316 0.763158 0.078947
v 0.000000 0.763158 0.052632
v 0.026316 0.789474 -0.105263
v 0.026316 0.815789 -0.105263
v 0.026316 0.815789 -0.078947
v 0.000000 0.789474 -0.105263
v 0.000000 0.815789 -0.105263
v 0.026316 0.815789 0.078947
v 0.026316 0.815789 0.105263
v 0.026316 0.789474 0.105263
v 0.000000 0.789474 0.105263
v 0.000000 0.815789 0.105263
v 0.026316 0.842105 -0.184211
v 0.026316 0.842105 -0.210526
v 0.026316 0.815789 -0.210526
v 0.026316 0.815789 -0.184211
v 0.026316 0.842105 -0.157895
v 0.026316 0.815789 -0.157895
v 0.000000 0.842105 -0.131579
v 0.026316 0.842105 -0.131579
v 0.026316 0.815789 -0.131579
v 0.026316 0.815789 -0.105263
v 0.026316 0.815789 0.105263
v 0.026316 0.815789 0.131579
v 0.000000 0.842105 0.131579
v 0.026316 0.842105 0.157895
v 0.026316 0.842105 0.131579
v 0.026316 0.815789 0.157895
v 0.026316 0.842105 0.184211
v 0.026316 0.815789 0.184211
v 0.026316 0.842105 0.210526
v 0.026316 0.815789 0.210526
v 0.026316 0.868421 -0.105263
v 0.026316 0.868421 -0.131579
v 0.026316 0.842105 -0.131579
v 0.026316 0.868421 -0.078947
v 0.026316 0.868421 -0.052632
v 0.026316 0.868421 -0.026316
v 0.026316 0.868421 0.000000
v 0.026316 0.868421 0.026316
v 0.026316 0.868421 0.052632
v 0.026316 0.868421 0.078947
v 0.026316 0.868421 0.105263
v 0.026316 0.868421 0.131579
v 0.026316 0.842105 0.131579
v 0.026316 0.947368 -0.052632
v 0.026316 0.947368 -0.078947
v 0.026316 0.921053 -0.078947
v 0.026316 0.921053 -0.052632
v 0.026316 0.947368 -0.026316
v 0.026316 0.921053 -0.026316
v 0.026316 0.947368 0.000000
v 0.026316 0.921053 0.000000
v 0.026316 0.947368 0.026316
v 0.026316 0.921053 0.026316
v 0.026316 0.947368 0.052632
v 0.026316 0.921053 0.052632
v 0.026316 0.947368 0.078947
v 0.026316 0.921053 0.078947
v 0.052632 0.026316 -0.184211
v 0.052632 0.026316 -0.210526
v 0.052632 0.000000 -0.210526
v 0.052632 0.000000 -0.184211
v 0.052632 0.026316 -0.157895
v 0.052632 0.000000 -0.157895
v 0.052632 0.000000 -0.131579
v 0.052632 0.000000 -0.105263
v 0.052632 0.000000 -0.078947
v 0.052632 0.000000 -0.052632
v 0.052632 0.000000 -0.026316
v 0.052632 0.000000 0.000000
v 0.052632 0.000000 0.026316
v 0.052632 0.000000 0.052632
v 0.052632 0.000000 0.078947
v 0.052632 0.000000 0.105263
v 0.052632 0.000000 0.131579
v 0.052632 0.000000 0.157895
v 0.052632 0.026316 0.184211
v 0.052632 0.026316 0.157895
v 0.052632 0.000000 0.184211
v 0.052632 0.026316 0.210526
v 0.052632 0.000000 0.210526
v 0.052632 0.026316 -0.157895
v 0.052632 0.052632 -0.157895
v 0.052632 0.052632 -0.131579
v 0.052632 0.026316 -0.131579
v 0.052632 0.026316 0.131579
v 0.052632 0.052632 0.131579
v 0.052632 0.052632 0.157895
v 0.052632 0.026316 0.157895
v 0.052632 0.052632 -0.131579
v 0.052632 0.078947 -0.131579
v 0.052632 0.078947 -0.105263
v 0.052632 0.052632 -0.105263
v 0.052632 0.052632 0.105263
v 0.052632 0.078947 0.105263
v 0.052632 0.078947 0.131579
v 0.052632 0.052632 0.131579
v 0.052632 0.078947 -0.157895
v 0.052632 0.078947 -0.131579
v 0.052632 0.105263 -0.157895
v 0.052632 0.078947 0.131579
v 0.052632 0.078947 0.157895
v 0.052632 0.105263 0.157895
v 0.052632 0.105263 -0.210526
v 0.052632 0.105263 -0.184211
v 0.052632 0.131579 -0.210526
v 0.052632 0.105263 -0.157895
v 0.026316 0.105263 -0.157895
v 0.026316 0.105263 0.157895
v 0.052632 0.105263 0.157895
v 0.052632 0.105263 0.184211
v 0.052632 0.105263 0.210526
v 0.052632 0.131579 0.210526
v 0.052632 0.131579 -0.236842
v 0.052632 0.131579 -0.210526
v 0.052632 0.157895 -0.236842
v 0.052632 0.131579 0.210526
v 0.052632 0.131579 0.236842
v 0.052632 0.157895 0.236842
v 0.052632 0.184211 -0.236842
v 0.052632 0.184211 0.236842
v 0.052632 0.210526 -0.236842
v 0.052632 0.184211 -0.236842
v 0.052632 0.184211 0.236842
v 0.052632 0.210526 0.236842
v 0.052632 0.236842 -0.210526
v 0.052632 0.236842 -0.236842
v 0.052632 0.236842 0.236842
v 0.052632 0.236842 0.210526
v 0.052632 0.263158 -0.210526
v 0.052632 0.236842 -0.210526
v 0.052632 0.236842 0.210526
v 0.052632 0.263158 0.210526
v 0.052632 0.263158 -0.210526
v 0.052632 0.289474 -0.210526
v 0.052632 0.289474 -0.184211
v 0.052632 0.263158 -0.184211
v 0.052632 0.263158 0.184211
v 0.052632 0.289474 0.184211
v 0.052632 0.289474 0.210526
v 0.052632 0.263158 0.210526
v 0.052632 0.289474 -0.184211
v 0.052632 0.315789 -0.184211
v 0.052632 0.315789 -0.157895
v 0.052632 0.289474 -0.157895
v 0.026316 0.315789 -0.131579
v 0.052632 0.315789 -0.131579
v 0.026316 0.315789 0.131579
v 0.052632 0.315789 0.157895
v 0.052632 0.315789 0.131579
v 0.052632 0.289474 0.157895
v 0.052632 0.315789 0.184211
v 0.052632 0.289474 0.184211
v 0.052632 0.315789 -0.131579
v 0.052632 0.342105 -0.131579
v 0.052632 0.342105 -0.105263
v 0.052632 0.315789 -0.105263
v 0.052632 0.315789 0.105263
v 0.052632 0.342105 0.105263
v 0.052632 0.342105 0.131579
v 0.052632 0.315789 0.131579
v 0.052632 0.342105 -0.131579
v 0.052632 0.368421 -0.131579
v 0.052632 0.368421 -0.105263
v 0.052632 0.342105 -0.105263
v 0.052632 0.342105 0.105263
v 0.052632 0.368421 0.105263
v 0.052632 0.368421 0.131579
v 0.052632 0.342105 0.131579
v 0.052632 0.394737 -0.131579
v 0.052632 0.394737 -0.105263
v 0.052632 0.394737 0.105263
v 0.052632 0.394737 0.131579
v 0.052632 0.421053 -0.131579
v 0.052632 0.421053 0.131579
v 0.052632 0.447368 -0.184211
v 0.052632 0.447368 -0.210526
v 0.052632 0.421053 -0.210526
v 0.052632 0.421053 -0.184211
v 0.052632 0.421053 -0.157895
v 0.052632 0.421053 -0.131579
v 0.026316 0.421053 -0.131579
v 0.026316 0.421053 0.131579
v 0.052632 0.421053 0.131579
v 0.052632 0.421053 0.157895
v 0.052632 0.421053 0.184211
v 0.052632 0.447368 0.210526
v 0.052632 0.447368 0.184211
v 0.052632 0.421053 0.210526
v 0.052632 0.473684 -0.184211
v 0.052632 0.447368 -0.184211
v 0.052632 0.447368 0.184211
v 0.052632 0.473684 0.184211
v 0.052632 0.500000 -0.289474
v 0.052632 0.500000 -0.315789
v 0.052632 0.473684 -0.315789
v 0.052632 0.473684 -0.289474
v 0.052632 0.500000 -0.263158
v 0.052632 0.473684 -0.263158
v 0.052632 0.500000 -0.236842
v 0.052632 0.473684 -0.236842
v 0.052632 0.500000 -0.210526
v 0.052632 0.473684 -0.210526
v 0.052632 0.500000 -0.184211
v 0.052632 0.473684 -0.184211
v 0.052632 0.500000 -0.157895
v 0.052632 0.500000 -0.131579
v 0.052632 0.500000 0.157895
v 0.052632 0.500000 0.131579
v 0.052632 0.500000 0.184211
v 0.052632 0.500000 0.210526
v 0.052632 0.473684 0.184211
v 0.052632 0.473684 0.210526
v 0.052632 0.500000 0.236842
v 0.052632 0.473684 0.236842
v 0.052632 0.500000 0.263158
v 0.052632 0.473684 0.263158
v 0.052632 0.500000 0.289474
v 0.052632 0.473684 0.289474
v 0.052632 0.500000 0.315789
v 0.052632 0.473684 0.315789
v 0.052632 0.526316 -0.131579
v 0.052632 0.500000 -0.131579
v 0.052632 0.500000 0.131579
v 0.052632 0.526316 0.131579
v 0.052632 0.552632 -0.131579
v 0.052632 0.552632 0.131579
v 0.052632 0.552632 -0.157895
v 0.052632 0.578947 -0.157895
v 0.052632 0.578947 -0.131579
v 0.026316 0.552632 -0.157895
v 0.026316 0.578947 -0.157895
v 0.052632 0.578947 0.131579
v 0.052632 0.578947 0.157895
v 0.052632 0.552632 0.157895
v 0.026316 0.552632 0.157895
v 0.026316 0.578947 0.157895
v 0.052632 0.605263 -0.131579
v 0.052632 0.605263 -0.157895
v 0.052632 0.578947 -0.157895
v 0.052632 0.605263 0.157895
v 0.052632 0.605263 0.131579
v 0.052632 0.578947 0.157895
v 0.052632 0.605263 -0.131579
v 0.052632 0.631579 -0.131579
v 0.052632 0.631579 -0.105263
v 0.052632 0.605263 -0.105263
v 0.026316 0.631579 -0.078947
v 0.052632 0.631579 -0.078947
v 0.026316 0.631579 -0.052632
v 0.052632 0.631579 -0.052632
v 0.026316 0.631579 0.052632
v 0.026316 0.631579 0.078947
v 0.052632 0.631579 0.078947
v 0.052632 0.631579 0.052632
v 0.052632 0.631579 0.105263
v 0.052632 0.605263 0.105263
v 0.052632 0.631579 0.131579
v 0.052632 0.605263 0.131579
v 0.052632 0.631579 -0.052632
v 0.052632 0.657895 -0.052632
v 0.052632 0.657895 -0.026316
v 0.052632 0.631579 -0.026316
v 0.052632 0.657895 0.000000
v 0.052632 0.631579 0.000000
v 0.052632 0.657895 0.026316
v 0.052632 0.631579 0.026316
v 0.052632 0.657895 0.052632
v 0.052632 0.631579 0.052632
v 0.052632 0.684211 -0.184211
v 0.052632 0.684211 -0.210526
v 0.052632 0.657895 -0.210526
v 0.052632 0.657895 -0.184211
v 0.052632 0.684211 -0.157895
v 0.052632 0.657895 -0.157895
v 0.052632 0.684211 -0.131579
v 0.052632 0.657895 -0.131579
v 0.052632 0.684211 -0.105263
v 0.052632 0.657895 -0.105263
v 0.052632 0.684211 -0.078947
v 0.052632 0.657895 -0.078947
v 0.026316 0.657895 -0.078947
v 0.052632 0.684211 -0.052632
v 0.052632 0.657895 -0.052632
v 0.026316 0.657895 -0.052632
v 0.052632 0.684211 -0.026316
v 0.052632 0.684211 0.000000
v 0.052632 0.684211 0.026316
v 0.052632 0.684211 0.052632
v 0.052632 0.684211 0.078947
v 0.026316 0.657895 0.052632
v 0.052632 0.657895 0.052632
v 0.052632 0.657895 0.078947
v 0.026316 0.657895 0.078947
v 0.052632 0.684211 0.105263
v 0.052632 0.657895 0.105263
v 0.052632 0.684211 0.131579
v 0.052632 0.657895 0.131579
v 0.052632 0.684211 0.157895
v 0.052632 0.657895 0.157895
v 0.052632 0.684211 0.184211
v 0.052632 0.657895 0.184211
v 0.052632 0.684211 0.210526
v 0.052632 0.657895 0.210526
v 0.052632 0.763158 -0.052632
v 0.052632 0.789474 -0.052632
v 0.052632 0.789474 -0.026316
v 0.052632 0.763158 -0.026316
v 0.026316 0.763158 -0.026316
v 0.052632 0.789474 0.000000
v 0.052632 0.763158 0.000000
v 0.026316 0.763158 0.000000
v 0.052632 0.789474 0.026316
v 0.052632 0.763158 0.026316
v 0.026316 0.763158 0.026316
v 0.052632 0.789474 0.052632
v 0.052632 0.763158 0.052632
v 0.052632 0.789474 -0.078947
v 0.052632 0.815789 -0.078947
v 0.052632 0.789474 0.078947
v 0.052632 0.815789 0.078947
v 0.052632 0.815789 -0.210526
v 0.052632 0.842105 -0.210526
v 0.052632 0.842105 -0.184211
v 0.052632 0.815789 -0.184211
v 0.052632 0.842105 -0.157895
v 0.052632 0.815789 -0.157895
v 0.052632 0.842105 -0.131579
v 0.052632 0.815789 -0.131579
v 0.052632 0.815789 -0.105263
v 0.052632 0.815789 -0.078947
v 0.026316 0.815789 -0.078947
v 0.026316 0.815789 0.078947
v 0.052632 0.815789 0.078947
v 0.052632 0.815789 0.105263
v 0.052632 0.815789 0.131579
v 0.052632 0.842105 0.157895
v 0.052632 0.842105 0.131579
v 0.052632 0.815789 0.157895
v 0.052632 0.842105 0.184211
v 0.052632 0.815789 0.184211
v 0.052632 0.842105 0.210526
v 0.052632 0.815789 0.210526
v 0.052632 0.868421 -0.105263
v 0.052632 0.868421 -0.131579
v 0.052632 0.842105 -0.131579
v 0.052632 0.868421 -0.078947
v 0.052632 0.868421 -0.052632
v 0.052632 0.868421 -0.026316
v 0.052632 0.868421 0.000000
v 0.052632 0.868421 0.026316
v 0.052632 0.868421 0.052632
v 0.052632 0.868421 0.078947
v 0.052632 0.868421 0.105263
v 0.052632 0.868421 0.131579
v 0.052632 0.842105 0.131579
v 0.026316 0.894737 -0.052632
v 0.026316 0.894737 -0.026316
v 0.026316 0.921053 -0.026316
v 0.026316 0.921053 -0.052632
v 0.052632 0.894737 -0.052632
v 0.052632 0.894737 -0.026316
v 0.052632 0.921053 -0.052632
v 0.026316 0.894737 0.000000
v 0.026316 0.921053 0.000000
v 0.052632 0.894737 0.000000
v 0.026316 0.894737 0.026316
v 0.026316 0.921053 0.026316
v 0.052632 0.894737 0.026316
v 0.026316 0.894737 0.052632
v 0.026316 0.921053 0.052632
v 0.052632 0.894737 0.052632
v 0.052632 0.921053 0.052632
v 0.052632 0.921053 -0.105263
v 0.052632 0.947368 -0.105263
v 0.052632 0.947368 -0.078947
v 0.052632 0.921053 -0.078947
v 0.026316 0.921053 -0.105263
v 0.026316 0.947368 -0.105263
v 0.052632 0.947368 -0.052632
v 0.052632 0.921053 -0.052632
v 0.052632 0.947368 -0.026316
v 0.052632 0.947368 0.000000
v 0.052632 0.947368 0.026316
v 0.052632 0.947368 0.052632
v 0.052632 0.947368 0.078947
v 0.052632 0.921053 0.052632
v 0.052632 0.921053 0.078947
v 0.052632 0.947368 0.105263
v 0.052632 0.921053 0.105263
v 0.026316 0.921053 0.105263
v 0.026316 0.947368 0.105263
v 0.078947 0.000000 -0.210526
v 0.078947 0.026316 -0.210526
v 0.078947 0.026316 -0.184211
v 0.078947 0.000000 -0.184211
v 0.078947 0.026316 -0.157895
v 0.078947 0.000000 -0.157895
v 0.052632 0.026316 -0.131579
v 0.078947 0.026316 -0.131579
v 0.078947 0.000000 -0.131579
v 0.078947 0.000000 -0.105263
v 0.078947 0.000000 -0.078947
v 0.078947 0.000000 -0.052632
v 0.078947 0.000000 -0.026316
v 0.078947 0.000000 0.000000
v 0.078947 0.000000 0.026316
v 0.078947 0.000000 0.052632
v 0.078947 0.000000 0.078947
v 0.078947 0.000000 0.105263
v 0.078947 0.000000 0.131579
v 0.052632 0.026316 0.131579
v 0.078947 0.026316 0.157895
v 0.078947 0.026316 0.131579
v 0.078947 0.000000 0.157895
v 0.078947 0.026316 0.184211
v 0.078947 0.000000 0.184211
v 0.078947 0.026316 0.210526
v 0.078947 0.000000 0.210526
v 0.052632 0.052632 -0.105263
v 0.078947 0.052632 -0.105263
v 0.078947 0.052632 -0.131579
v 0.078947 0.026316 -0.131579
v 0.052632 0.052632 0.105263
v 0.078947 0.052632 0.131579
v 0.078947 0.052632 0.105263
v 0.078947 0.026316 0.131579
v 0.078947 0.078947 -0.105263
v 0.078947 0.052632 -0.105263
v 0.078947 0.052632 0.105263
v 0.078947 0.078947 0.105263
v 0.078947 0.078947 -0.157895
v 0.078947 0.078947 -0.131579
v 0.078947 0.105263 -0.157895
v 0.078947 0.078947 -0.105263
v 0.052632 0.078947 -0.105263
v 0.052632 0.078947 0.105263
v 0.078947 0.078947 0.105263
v 0.078947 0.078947 0.131579
v 0.078947 0.078947 0.157895
v 0.078947 0.105263 0.157895
v 0.078947 0.105263 -0.210526
v 0.078947 0.131579 -0.210526
v 0.078947 0.131579 -0.184211
v 0.078947 0.105263 -0.184211
v 0.078947 0.105263 -0.157895
v 0.078947 0.105263 0.157895
v 0.078947 0.105263 0.184211
v 0.078947 0.131579 0.184211
v 0.078947 0.131579 0.210526
v 0.078947 0.105263 0.210526
v 0.078947 0.131579 -0.236842
v 0.078947 0.157895 -0.236842
v 0.078947 0.157895 -0.210526
v 0.078947 0.131579 -0.210526
v 0.078947 0.131579 0.210526
v 0.078947 0.157895 0.210526
v 0.078947 0.157895 0.236842
v 0.078947 0.131579 0.236842
v 0.078947 0.184211 -0.236842
v 0.078947 0.184211 -0.210526
v 0.078947 0.184211 0.210526
v 0.078947 0.184211 0.236842
v 0.078947 0.210526 -0.236842
v 0.078947 0.184211 -0.236842
v 0.078947 0.184211 0.236842
v 0.078947 0.210526 0.236842
v 0.078947 0.236842 -0.210526
v 0.078947 0.236842 -0.236842
v 0.078947 0.236842 0.236842
v 0.078947 0.236842 0.210526
v 0.078947 0.236842 -0.210526
v 0.078947 0.263158 -0.210526
v 0.078947 0.263158 -0.184211
v 0.078947 0.236842 -0.184211
v 0.052632 0.263158 -0.184211
v 0.078947 0.236842 0.184211
v 0.078947 0.263158 0.184211
v 0.078947 0.263158 0.210526
v 0.078947 0.236842 0.210526
v 0.052632 0.263158 0.184211
v 0.052632 0.289474 -0.157895
v 0.078947 0.289474 -0.157895
v 0.078947 0.289474 -0.184211
v 0.078947 0.263158 -0.184211
v 0.052632 0.289474 0.157895
v 0.078947 0.289474 0.184211
v 0.078947 0.289474 0.157895
v 0.078947 0.263158 0.184211
v 0.078947 0.315789 -0.131579
v 0.078947 0.315789 -0.157895
v 0.078947 0.289474 -0.157895
v 0.052632 0.315789 -0.105263
v 0.078947 0.315789 -0.105263
v 0.052632 0.315789 0.105263
v 0.078947 0.315789 0.131579
v 0.078947 0.315789 0.105263
v 0.078947 0.315789 0.157895
v 0.078947 0.289474 0.157895
v 0.078947 0.315789 -0.105263
v 0.078947 0.342105 -0.105263
v 0.078947 0.342105 -0.078947
v 0.078947 0.315789 -0.078947
v 0.078947 0.315789 0.078947
v 0.078947 0.342105 0.078947
v 0.078947 0.342105 0.105263
v 0.078947 0.315789 0.105263
v 0.078947 0.342105 -0.105263
v 0.078947 0.368421 -0.105263
v 0.078947 0.368421 -0.078947
v 0.078947 0.342105 -0.078947
v 0.078947 0.368421 -0.052632
v 0.078947 0.342105 -0.052632
v 0.078947 0.342105 0.052632
v 0.078947 0.368421 0.052632
v 0.078947 0.368421 0.078947
v 0.078947 0.342105 0.078947
v 0.078947 0.368421 0.105263
v 0.078947 0.342105 0.105263
v 0.078947 0.394737 -0.105263
v 0.078947 0.394737 -0.078947
v 0.078947 0.394737 -0.052632
v 0.078947 0.394737 0.052632
v 0.078947 0.394737 0.078947
v 0.078947 0.394737 0.105263
v 0.078947 0.394737 -0.131579
v 0.078947 0.421053 -0.131579
v 0.078947 0.421053 -0.105263
v 0.078947 0.421053 0.105263
v 0.078947 0.421053 0.131579
v 0.078947 0.394737 0.131579
v 0.078947 0.421053 -0.210526
v 0.078947 0.447368 -0.210526
v 0.078947 0.447368 -0.184211
v 0.078947 0.421053 -0.184211
v 0.078947 0.421053 -0.157895
v 0.078947 0.421053 -0.131579
v 0.078947 0.421053 0.131579
v 0.078947 0.421053 0.157895
v 0.078947 0.421053 0.184211
v 0.078947 0.447368 0.184211
v 0.078947 0.447368 0.210526
v 0.078947 0.421053 0.210526
v 0.078947 0.473684 -0.184211
v 0.078947 0.447368 -0.184211
v 0.078947 0.447368 0.184211
v 0.078947 0.473684 0.184211
v 0.078947 0.500000 -0.289474
v 0.078947 0.500000 -0.315789
v 0.078947 0.473684 -0.315789
v 0.078947 0.473684 -0.289474
v 0.078947 0.500000 -0.263158
v 0.078947 0.473684 -0.263158
v 0.078947 0.500000 -0.236842
v 0.078947 0.473684 -0.236842
v 0.078947 0.500000 -0.210526
v 0.078947 0.473684 -0.210526
v 0.078947 0.500000 -0.184211
v 0.078947 0.473684 -0.184211
v 0.078947 0.500000 -0.157895
v 0.078947 0.500000 0.184211
v 0.078947 0.500000 0.157895
v 0.078947 0.500000 0.210526
v 0.078947 0.473684 0.184211
v 0.078947 0.473684 0.210526
v 0.078947 0.500000 0.236842
v 0.078947 0.473684 0.236842
v 0.078947 0.500000 0.263158
v 0.078947 0.473684 0.263158
v 0.078947 0.500000 0.289474
v 0.078947 0.473684 0.289474
v 0.078947 0.500000 0.315789
v 0.078947 0.473684 0.315789
v 0.078947 0.500000 -0.157895
v 0.078947 0.526316 -0.157895
v 0.078947 0.526316 -0.131579
v 0.078947 0.500000 -0.131579
v 0.052632 0.500000 -0.157895
v 0.052632 0.526316 -0.157895
v 0.078947 0.500000 0.131579
v 0.078947 0.526316 0.131579
v 0.078947 0.526316 0.157895
v 0.078947 0.500000 0.157895
v 0.052632 0.500000 0.157895
v 0.052632 0.526316 0.157895
v 0.078947 0.552632 -0.157895
v 0.078947 0.552632 -0.131579
v 0.078947 0.552632 0.131579
v 0.078947 0.552632 0.157895
v 0.078947 0.578947 -0.131579
v 0.078947 0.578947 0.131579
v 0.078947 0.578947 -0.157895
v 0.078947 0.605263 -0.157895
v 0.078947 0.605263 -0.131579
v 0.078947 0.578947 -0.131579
v 0.052632 0.578947 -0.131579
v 0.052632 0.605263 -0.105263
v 0.078947 0.605263 -0.105263
v 0.052632 0.605263 0.105263
v 0.078947 0.605263 0.131579
v 0.078947 0.605263 0.105263
v 0.078947 0.578947 0.131579
v 0.078947 0.605263 0.157895
v 0.078947 0.578947 0.157895
v 0.052632 0.578947 0.131579
v 0.078947 0.605263 -0.105263
v 0.078947 0.631579 -0.105263
v 0.078947 0.631579 -0.078947
v 0.078947 0.605263 -0.078947
v 0.078947 0.631579 -0.052632
v 0.078947 0.605263 -0.052632
v 0.052632 0.631579 -0.026316
v 0.078947 0.631579 -0.026316
v 0.052632 0.631579 0.000000
v 0.078947 0.631579 0.000000
v 0.052632 0.631579 0.026316
v 0.078947 0.631579 0.026316
v 0.078947 0.631579 0.052632
v 0.078947 0.605263 0.052632
v 0.078947 0.631579 0.078947
v 0.078947 0.605263 0.078947
v 0.078947 0.631579 0.105263
v 0.078947 0.605263 0.105263
v 0.078947 0.657895 -0.210526
v 0.078947 0.684211 -0.210526
v 0.078947 0.684211 -0.184211
v 0.078947 0.657895 -0.184211
v 0.078947 0.684211 -0.157895
v 0.078947 0.657895 -0.157895
v 0.078947 0.684211 -0.131579
v 0.078947 0.657895 -0.131579
v 0.078947 0.684211 -0.105263
v 0.078947 0.657895 -0.105263
v 0.078947 0.684211 -0.078947
v 0.078947 0.657895 -0.078947
v 0.078947 0.684211 -0.052632
v 0.078947 0.657895 -0.052632
v 0.078947 0.684211 -0.026316
v 0.078947 0.657895 -0.026316
v 0.052632 0.657895 -0.026316
v 0.078947 0.684211 0.000000
v 0.078947 0.657895 0.000000
v 0.052632 0.657895 0.000000
v 0.078947 0.684211 0.026316
v 0.078947 0.657895 0.026316
v 0.052632 0.657895 0.026316
v 0.078947 0.684211 0.052632
v 0.078947 0.657895 0.052632
v 0.078947 0.684211 0.078947
v 0.078947 0.657895 0.078947
v 0.078947 0.684211 0.105263
v 0.078947 0.657895 0.105263
v 0.078947 0.684211 0.131579
v 0.078947 0.657895 0.131579
v 0.078947 0.684211 0.157895
v 0.078947 0.657895 0.157895
v 0.078947 0.684211 0.184211
v 0.078947 0.657895 0.184211
v 0.078947 0.684211 0.210526
v 0.078947 0.657895 0.210526
v 0.078947 0.789474 -0.078947
v 0.078947 0.815789 -0.078947
v 0.078947 0.815789 -0.052632
v 0.078947 0.789474 -0.052632
v 0.078947 0.789474 -0.026316
v 0.078947 0.789474 0.000000
v 0.078947 0.789474 0.026316
v 0.078947 0.789474 0.052632
v 0.078947 0.815789 0.052632
v 0.078947 0.815789 0.078947
v 0.078947 0.789474 0.078947
v 0.078947 0.842105 -0.157895
v 0.078947 0.842105 -0.184211
v 0.078947 0.815789 -0.184211
v 0.078947 0.815789 -0.157895
v 0.078947 0.842105 -0.131579
v 0.078947 0.815789 -0.131579
v 0.078947 0.815789 -0.105263
v 0.078947 0.815789 -0.078947
v 0.078947 0.815789 0.078947
v 0.078947 0.815789 0.105263
v 0.078947 0.815789 0.131579
v 0.078947 0.842105 0.157895
v 0.078947 0.842105 0.131579
v 0.078947 0.815789 0.157895
v 0.078947 0.842105 0.184211
v 0.078947 0.815789 0.184211
v 0.078947 0.842105 -0.131579
v 0.078947 0.868421 -0.131579
v 0.078947 0.868421 -0.105263
v 0.078947 0.842105 -0.105263
v 0.078947 0.868421 -0.078947
v 0.078947 0.868421 -0.052632
v 0.078947 0.868421 -0.026316
v 0.078947 0.868421 0.000000
v 0.078947 0.868421 0.026316
v 0.078947 0.868421 0.052632
v 0.078947 0.868421 0.078947
v 0.078947 0.868421 0.105263
v 0.078947 0.842105 0.105263
v 0.078947 0.868421 0.131579
v 0.078947 0.842105 0.131579
v 0.078947 0.894737 -0.052632
v 0.078947 0.894737 -0.026316
v 0.078947 0.921053 -0.052632
v 0.078947 0.894737 0.000000
v 0.078947 0.894737 0.026316
v 0.078947 0.894737 0.052632
v 0.078947 0.921053 0.052632
v 0.078947 0.947368 -0.052632
v 0.078947 0.947368 -0.078947
v 0.078947 0.921053 -0.078947
v 0.078947 0.921053 -0.052632
v 0.078947 0.947368 -0.026316
v 0.078947 0.947368 0.000000
v 0.078947 0.947368 0.026316
v 0.078947 0.947368 0.052632
v 0.078947 0.947368 0.078947
v 0.078947 0.921053 0.052632
v 0.078947 0.921053 0.078947
v 0.105263 0.026316 -0.157895
v 0.105263 0.026316 -0.184211
v 0.105263 0.000000 -0.184211
v 0.105263 0.000000 -0.157895
v 0.105263 0.026316 -0.131579
v 0.105263 0.000000 -0.131579
v 0.105263 0.000000 -0.105263
v 0.105263 0.000000 -0.078947
v 0.105263 0.000000 -0.052632
v 0.105263 0.000000 -0.026316
v 0.105263 0.000000 0.000000
v 0.105263 0.000000 0.026316
v 0.105263 0.000000 0.052632
v 0.105263 0.000000 0.078947
v 0.105263 0.000000 0.105263
v 0.105263 0.000000 0.131579
v 0.105263 0.026316 0.157895
v 0.105263 0.026316 0.131579
v 0.105263 0.000000 0.157895
v 0.105263 0.026316 0.184211
v 0.105263 0.000000 0.184211
v 0.105263 0.026316 -0.131579
v 0.105263 0.052632 -0.131579
v 0.105263 0.052632 -0.105263
v 0.105263 0.026316 -0.105263
v 0.105263 0.026316 0.105263
v 0.105263 0.052632 0.105263
v 0.105263 0.052632 0.131579
v 0.105263 0.026316 0.131579
v 0.105263 0.052632 -0.105263
v 0.105263 0.078947 -0.105263
v 0.105263 0.078947 -0.078947
v 0.105263 0.052632 -0.078947
v 0.105263 0.078947 -0.052632
v 0.105263 0.052632 -0.052632
v 0.105263 0.052632 0.052632
v 0.105263 0.078947 0.052632
v 0.105263 0.078947 0.078947
v 0.105263 0.052632 0.078947
v 0.105263 0.078947 0.105263
v 0.105263 0.052632 0.105263
v 0.105263 0.078947 -0.157895
v 0.105263 0.105263 -0.157895
v 0.105263 0.105263 -0.131579
v 0.105263 0.078947 -0.131579
v 0.105263 0.078947 -0.105263
v 0.105263 0.078947 0.105263
v 0.105263 0.078947 0.131579
v 0.105263 0.105263 0.131579
v 0.105263 0.105263 0.157895
v 0.105263 0.078947 0.157895
v 0.105263 0.105263 -0.184211
v 0.105263 0.105263 -0.157895
v 0.105263 0.131579 -0.184211
v 0.105263 0.105263 0.157895
v 0.105263 0.105263 0.184211
v 0.105263 0.131579 0.184211
v 0.105263 0.131579 -0.210526
v 0.105263 0.131579 -0.184211
v 0.078947 0.131579 -0.184211
v 0.105263 0.157895 -0.210526
v 0.078947 0.131579 0.184211
v 0.105263 0.131579 0.184211
v 0.105263 0.131579 0.210526
v 0.105263 0.157895 0.210526
v 0.105263 0.184211 -0.210526
v 0.105263 0.184211 0.210526
v 0.105263 0.184211 -0.236842
v 0.105263 0.210526 -0.236842
v 0.105263 0.210526 -0.210526
v 0.105263 0.184211 -0.210526
v 0.078947 0.184211 -0.210526
v 0.105263 0.184211 0.210526
v 0.105263 0.210526 0.210526
v 0.105263 0.210526 0.236842
v 0.105263 0.184211 0.236842
v 0.078947 0.184211 0.210526
v 0.105263 0.236842 -0.236842
v 0.105263 0.236842 -0.210526
v 0.078947 0.236842 -0.184211
v 0.105263 0.236842 -0.184211
v 0.078947 0.236842 0.184211
v 0.105263 0.236842 0.210526
v 0.105263 0.236842 0.184211
v 0.105263 0.236842 0.236842
v 0.105263 0.236842 -0.184211
v 0.105263 0.263158 -0.184211
v 0.105263 0.263158 -0.157895
v 0.105263 0.236842 -0.157895
v 0.105263 0.236842 0.157895
v 0.105263 0.263158 0.157895
v 0.105263 0.263158 0.184211
v 0.105263 0.236842 0.184211
v 0.105263 0.263158 -0.184211
v 0.105263 0.289474 -0.184211
v 0.105263 0.289474 -0.157895
v 0.105263 0.263158 -0.157895
v 0.105263 0.263158 0.157895
v 0.105263 0.289474 0.157895
v 0.105263 0.289474 0.184211
v 0.105263 0.263158 0.184211
v 0.105263 0.289474 -0.157895
v 0.105263 0.315789 -0.157895
v 0.105263 0.315789 -0.131579
v 0.105263 0.289474 -0.131579
v 0.105263 0.315789 -0.105263
v 0.078947 0.315789 -0.078947
v 0.105263 0.315789 -0.078947
v 0.078947 0.315789 0.078947
v 0.105263 0.315789 0.105263
v 0.105263 0.315789 0.078947
v 0.105263 0.315789 0.131579
v 0.105263 0.289474 0.131579
v 0.105263 0.315789 0.157895
v 0.105263 0.289474 0.157895
v 0.105263 0.315789 -0.078947
v 0.105263 0.342105 -0.078947
v 0.105263 0.342105 -0.052632
v 0.105263 0.315789 -0.052632
v 0.078947 0.342105 -0.052632
v 0.105263 0.342105 -0.026316
v 0.105263 0.315789 -0.026316
v 0.105263 0.342105 0.000000
v 0.105263 0.315789 0.000000
v 0.105263 0.342105 0.026316
v 0.105263 0.315789 0.026316
v 0.105263 0.342105 0.052632
v 0.105263 0.315789 0.052632
v 0.105263 0.342105 0.078947
v 0.105263 0.315789 0.078947
v 0.078947 0.342105 0.052632
v 0.105263 0.342105 -0.052632
v 0.105263 0.368421 -0.052632
v 0.105263 0.368421 -0.026316
v 0.105263 0.342105 -0.026316
v 0.105263 0.368421 0.000000
v 0.105263 0.342105 0.000000
v 0.105263 0.368421 0.026316
v 0.105263 0.342105 0.026316
v 0.105263 0.368421 0.052632
v 0.105263 0.342105 0.052632
v 0.105263 0.394737 -0.052632
v 0.105263 0.394737 -0.026316
v 0.105263 0.394737 0.000000
v 0.105263 0.394737 0.026316
v 0.105263 0.394737 0.052632
v 0.105263 0.394737 -0.105263
v 0.105263 0.421053 -0.105263
v 0.105263 0.421053 -0.078947
v 0.105263 0.394737 -0.078947
v 0.105263 0.421053 -0.052632
v 0.105263 0.421053 0.052632
v 0.105263 0.421053 0.078947
v 0.105263 0.394737 0.078947
v 0.105263 0.421053 0.105263
v 0.105263 0.394737 0.105263
v 0.105263 0.421053 -0.184211
v 0.105263 0.421053 -0.157895
v 0.105263 0.447368 -0.184211
v 0.105263 0.421053 -0.131579
v 0.105263 0.421053 -0.105263
v 0.078947 0.421053 -0.105263
v 0.078947 0.421053 0.105263
v 0.105263 0.421053 0.105263
v 0.105263 0.421053 0.131579
v 0.105263 0.421053 0.157895
v 0.105263 0.421053 0.184211
v 0.105263 0.447368 0.184211
v 0.105263 0.447368 -0.184211
v 0.105263 0.473684 -0.184211
v 0.105263 0.473684 -0.157895
v 0.105263 0.447368 -0.157895
v 0.105263 0.447368 0.157895
v 0.105263 0.473684 0.157895
v 0.105263 0.473684 0.184211
v 0.105263 0.447368 0.184211
v 0.105263 0.500000 -0.289474
v 0.105263 0.500000 -0.315789
v 0.105263 0.473684 -0.315789
v 0.105263 0.473684 -0.289474
v 0.105263 0.500000 -0.263158
v 0.105263 0.473684 -0.263158
v 0.105263 0.500000 -0.236842
v 0.105263 0.473684 -0.236842
v 0.105263 0.500000 -0.210526
v 0.105263 0.473684 -0.210526
v 0.105263 0.500000 -0.184211
v 0.105263 0.473684 -0.184211
v 0.105263 0.500000 -0.157895
v 0.078947 0.500000 -0.131579
v 0.105263 0.500000 -0.131579
v 0.078947 0.500000 0.131579
v 0.105263 0.500000 0.157895
v 0.105263 0.500000 0.131579
v 0.105263 0.500000 0.184211
v 0.105263 0.500000 0.210526
v 0.105263 0.473684 0.184211
v 0.105263 0.473684 0.210526
v 0.105263 0.500000 0.236842
v 0.105263 0.473684 0.236842
v 0.105263 0.500000 0.263158
v 0.105263 0.473684 0.263158
v 0.105263 0.500000 0.289474
v 0.105263 0.473684 0.289474
v 0.105263 0.500000 0.315789
v 0.105263 0.473684 0.315789
v 0.105263 0.526316 -0.131579
v 0.105263 0.500000 -0.131579
v 0.105263 0.500000 0.131579
v 0.105263 0.526316 0.131579
v 0.105263 0.552632 -0.131579
v 0.105263 0.552632 0.131579
v 0.105263 0.578947 -0.131579
v 0.105263 0.578947 0.131579
v 0.105263 0.578947 -0.131579
v 0.105263 0.605263 -0.131579
v 0.105263 0.605263 -0.105263
v 0.105263 0.578947 -0.105263
v 0.078947 0.605263 -0.078947
v 0.105263 0.605263 -0.078947
v 0.078947 0.605263 -0.052632
v 0.105263 0.605263 -0.052632
v 0.078947 0.605263 0.052632
v 0.078947 0.605263 0.078947
v 0.105263 0.605263 0.078947
v 0.105263 0.605263 0.052632
v 0.105263 0.605263 0.105263
v 0.105263 0.578947 0.105263
v 0.105263 0.605263 0.131579
v 0.105263 0.578947 0.131579
v 0.105263 0.605263 -0.052632
v 0.105263 0.631579 -0.052632
v 0.105263 0.631579 -0.026316
v 0.105263 0.605263 -0.026316
v 0.105263 0.631579 0.000000
v 0.105263 0.605263 0.000000
v 0.105263 0.631579 0.026316
v 0.105263 0.605263 0.026316
v 0.105263 0.631579 0.052632
v 0.105263 0.605263 0.052632
v 0.105263 0.657895 -0.184211
v 0.105263 0.684211 -0.184211
v 0.105263 0.684211 -0.157895
v 0.105263 0.657895 -0.157895
v 0.105263 0.684211 -0.131579
v 0.105263 0.657895 -0.131579
v 0.105263 0.684211 -0.105263
v 0.105263 0.657895 -0.105263
v 0.105263 0.684211 -0.078947
v 0.105263 0.657895 -0.078947
v 0.105263 0.684211 -0.052632
v 0.105263 0.657895 -0.052632
v 0.105263 0.684211 -0.026316
v 0.105263 0.657895 -0.026316
v 0.105263 0.684211 0.000000
v 0.105263 0.657895 0.000000
v 0.105263 0.684211 0.026316
v 0.105263 0.657895 0.026316
v 0.105263 0.684211 0.052632
v 0.105263 0.657895 0.052632
v 0.105263 0.684211 0.078947
v 0.105263 0.657895 0.078947
v 0.105263 0.684211 0.105263
v 0.105263 0.657895 0.105263
v 0.105263 0.684211 0.131579
v 0.105263 0.657895 0.131579
v 0.105263 0.684211 0.157895
v 0.105263 0.657895 0.157895
v 0.105263 0.684211 0.184211
v 0.105263 0.657895 0.184211
v 0.105263 0.789474 -0.052632
v 0.105263 0.815789 -0.052632
v 0.105263 0.815789 -0.026316
v 0.105263 0.789474 -0.026316
v 0.105263 0.815789 0.000000
v 0.105263 0.789474 0.000000
v 0.105263 0.815789 0.026316
v 0.105263 0.789474 0.026316
v 0.105263 0.815789 0.052632
v 0.105263 0.789474 0.052632
v 0.105263 0.842105 -0.157895
v 0.105263 0.842105 -0.184211
v 0.105263 0.815789 -0.184211
v 0.105263 0.815789 -0.157895
v 0.105263 0.842105 -0.131579
v 0.105263 0.815789 -0.131579
v 0.078947 0.842105 -0.105263
v 0.105263 0.842105 -0.105263
v 0.105263 0.815789 -0.105263
v 0.105263 0.815789 -0.078947
v 0.105263 0.815789 -0.052632
v 0.078947 0.815789 -0.052632
v 0.078947 0.815789 0.052632
v 0.105263 0.815789 0.052632
v 0.105263 0.815789 0.078947
v 0.105263 0.815789 0.105263
v 0.078947 0.842105 0.105263
v 0.105263 0.842105 0.131579
v 0.105263 0.842105 0.105263
v 0.105263 0.815789 0.131579
v 0.105263 0.842105 0.157895
v 0.105263 0.815789 0.157895
v 0.105263 0.842105 0.184211
v 0.105263 0.815789 0.184211
v 0.105263 0.842105 -0.105263
v 0.105263 0.868421 -0.105263
v 0.105263 0.868421 -0.078947
v 0.105263 0.842105 -0.078947
v 0.105263 0.868421 -0.052632
v 0.105263 0.842105 -0.052632
v 0.105263 0.868421 -0.026316
v 0.105263 0.868421 0.000000
v 0.105263 0.868421 0.026316
v 0.105263 0.868421 0.052632
v 0.105263 0.842105 0.052632
v 0.105263 0.868421 0.078947
v 0.105263 0.842105 0.078947
v 0.105263 0.868421 0.105263
v 0.105263 0.842105 0.105263
v 0.105263 0.894737 -0.078947
v 0.105263 0.921053 -0.078947
v 0.105263 0.921053 -0.052632
v 0.105263 0.894737 -0.052632
v 0.078947 0.894737 -0.078947
v 0.078947 0.921053 -0.078947
v 0.105263 0.894737 -0.026316
v 0.105263 0.894737 0.000000
v 0.105263 0.894737 0.026316
v 0.105263 0.894737 0.052632
v 0.105263 0.921053 0.052632
v 0.105263 0.921053 0.078947
v 0.105263 0.894737 0.078947
v 0.078947 0.894737 0.078947
v 0.078947 0.921053 0.078947
v 0.105263 0.921053 -0.078947
v 0.105263 0.947368 -0.078947
v 0.105263 0.947368 -0.052632
v 0.105263 0.921053 -0.052632
v 0.105263 0.947368 -0.026316
v 0.105263 0.947368 0.000000
v 0.105263 0.947368 0.026316
v 0.105263 0.947368 0.052632
v 0.105263 0.921053 0.052632
v 0.105263 0.947368 0.078947
v 0.105263 0.921053 0.078947
v 0.131579 0.000000 -0.184211
v 0.131579 0.026316 -0.184211
v 0.131579 0.026316 -0.157895
v 0.131579 0.000000 -0.157895
v 0.131579 0.026316 -0.131579
v 0.131579 0.000000 -0.131579
v 0.105263 0.026316 -0.105263
v 0.131579 0.026316 -0.105263
v 0.131579 0.000000 -0.105263
v 0.131579 0.000000 -0.078947
v 0.131579 0.000000 -0.052632
v 0.131579 0.000000 -0.026316
v 0.131579 0.000000 0.000000
v 0.131579 0.000000 0.026316
v 0.131579 0.000000 0.052632
v 0.131579 0.000000 0.078947
v 0.131579 0.000000 0.105263
v 0.105263 0.026316 0.105263
v 0.131579 0.026316 0.131579
v 0.131579 0.026316 0.105263
v 0.131579 0.000000 0.131579
v 0.131579 0.026316 0.157895
v 0.131579 0.000000 0.157895
v 0.131579 0.026316 0.184211
v 0.131579 0.000000 0.184211
v 0.131579 0.026316 -0.105263
v 0.131579 0.052632 -0.105263
v 0.131579 0.052632 -0.078947
v 0.131579 0.026316 -0.078947
v 0.105263 0.052632 -0.078947
v 0.131579 0.052632 -0.052632
v 0.131579 0.026316 -0.052632
v 0.105263 0.052632 -0.052632
v 0.131579 0.026316 0.052632
v 0.131579 0.052632 0.052632
v 0.131579 0.052632 0.078947
v 0.131579 0.026316 0.078947
v 0.105263 0.052632 0.052632
v 0.105263 0.052632 0.078947
v 0.131579 0.052632 0.105263
v 0.131579 0.026316 0.105263
v 0.131579 0.052632 -0.052632
v 0.131579 0.078947 -0.052632
v 0.131579 0.078947 -0.026316
v 0.131579 0.052632 -0.026316
v 0.131579 0.078947 0.000000
v 0.131579 0.052632 0.000000
v 0.131579 0.078947 0.026316
v 0.131579 0.052632 0.026316
v 0.131579 0.078947 0.052632
v 0.131579 0.052632 0.052632
v 0.131579 0.078947 -0.131579
v 0.131579 0.105263 -0.131579
v 0.131579 0.105263 -0.105263
v 0.131579 0.078947 -0.105263
v 0.131579 0.078947 -0.078947
v 0.105263 0.078947 -0.078947
v 0.131579 0.078947 -0.052632
v 0.105263 0.078947 -0.052632
v 0.105263 0.078947 0.052632
v 0.131579 0.078947 0.052632
v 0.131579 0.078947 0.078947
v 0.105263 0.078947 0.078947
v 0.131579 0.078947 0.105263
v 0.131579 0.105263 0.105263
v 0.131579 0.105263 0.131579
v 0.131579 0.078947 0.131579
v 0.131579 0.105263 -0.184211
v 0.131579 0.131579 -0.184211
v 0.131579 0.131579 -0.157895
v 0.131579 0.105263 -0.157895
v 0.131579 0.105263 -0.131579
v 0.105263 0.105263 -0.131579
v 0.105263 0.105263 0.131579
v 0.131579 0.105263 0.131579
v 0.131579 0.105263 0.157895
v 0.131579 0.131579 0.157895
v 0.131579 0.131579 0.184211
v 0.131579 0.105263 0.184211
v 0.131579 0.131579 -0.210526
v 0.131579 0.157895 -0.210526
v 0.131579 0.157895 -0.184211
v 0.131579 0.131579 -0.184211
v 0.131579 0.131579 0.184211
v 0.131579 0.157895 0.184211
v 0.131579 0.157895 0.210526
v 0.131579 0.131579 0.210526
v 0.131579 0.184211 -0.210526
v 0.131579 0.184211 -0.184211
v 0.131579 0.184211 0.184211
v 0.131579 0.184211 0.210526
v 0.131579 0.184211 -0.210526
v 0.131579 0.210526 -0.210526
v 0.131579 0.210526 -0.184211
v 0.131579 0.184211 -0.184211
v 0.131579 0.184211 0.184211
v 0.131579 0.210526 0.184211
v 0.131579 0.210526 0.210526
v 0.131579 0.184211 0.210526
v 0.131579 0.236842 -0.210526
v 0.131579 0.236842 -0.184211
v 0.105263 0.236842 -0.157895
v 0.131579 0.236842 -0.157895
v 0.105263 0.236842 0.157895
v 0.131579 0.236842 0.184211
v 0.131579 0.236842 0.157895
v 0.131579 0.236842 0.210526
v 0.131579 0.236842 -0.157895
v 0.131579 0.263158 -0.157895
v 0.131579 0.263158 -0.131579
v 0.131579 0.236842 -0.131579
v 0.131579 0.236842 0.131579
v 0.131579 0.263158 0.131579
v 0.131579 0.263158 0.157895
v 0.131579 0.236842 0.157895
v 0.131579 0.263158 -0.157895
v 0.131579 0.289474 -0.157895
v 0.131579 0.289474 -0.131579
v 0.131579 0.263158 -0.131579
v 0.105263 0.289474 -0.131579
v 0.131579 0.263158 0.131579
v 0.131579 0.289474 0.131579
v 0.131579 0.289474 0.157895
v 0.131579 0.263158 0.157895
v 0.105263 0.289474 0.131579
v 0.131579 0.289474 -0.131579
v 0.131579 0.315789 -0.131579
v 0.131579 0.315789 -0.105263
v 0.131579 0.289474 -0.105263
v 0.131579 0.315789 -0.078947
v 0.131579 0.289474 -0.078947
v 0.105263 0.315789 -0.052632
v 0.131579 0.315789 -0.052632
v 0.105263 0.315789 -0.026316
v 0.131579 0.315789 -0.026316
v 0.105263 0.315789 0.000000
v 0.131579 0.315789 0.000000
v 0.105263 0.315789 0.026316
v 0.131579 0.315789 0.026316
v 0.105263 0.315789 0.052632
v 0.131579 0.315789 0.052632
v 0.131579 0.315789 0.078947
v 0.131579 0.289474 0.078947
v 0.131579 0.315789 0.105263
v 0.131579 0.289474 0.105263
v 0.131579 0.315789 0.131579
v 0.131579 0.289474 0.131579
v 0.131579 0.394737 -0.052632
v 0.131579 0.421053 -0.052632
v 0.131579 0.421053 -0.026316
v 0.131579 0.394737 -0.026316
v 0.131579 0.421053 0.000000
v 0.131579 0.394737 0.000000
v 0.131579 0.421053 0.026316
v 0.131579 0.394737 0.026316
v 0.131579 0.421053 0.052632
v 0.131579 0.394737 0.052632
v 0.131579 0.421053 -0.184211
v 0.131579 0.447368 -0.184211
v 0.131579 0.447368 -0.157895
v 0.131579 0.421053 -0.157895
v 0.105263 0.447368 -0.157895
v 0.131579 0.447368 -0.131579
v 0.131579 0.421053 -0.131579
v 0.131579 0.421053 -0.105263
v 0.131579 0.421053 -0.078947
v 0.105263 0.421053 -0.078947
v 0.131579 0.421053 -0.052632
v 0.105263 0.421053 -0.052632
v 0.105263 0.421053 0.052632
v 0.131579 0.421053 0.052632
v 0.131579 0.421053 0.078947
v 0.105263 0.421053 0.078947
v 0.131579 0.421053 0.105263
v 0.131579 0.421053 0.131579
v 0.131579 0.447368 0.131579
v 0.131579 0.447368 0.157895
v 0.131579 0.421053 0.157895
v 0.131579 0.447368 0.184211
v 0.131579 0.421053 0.184211
v 0.105263 0.447368 0.157895
v 0.131579 0.447368 -0.157895
v 0.131579 0.473684 -0.157895
v 0.131579 0.473684 -0.131579
v 0.131579 0.447368 -0.131579
v 0.131579 0.447368 0.131579
v 0.131579 0.473684 0.131579
v 0.131579 0.473684 0.157895
v 0.131579 0.447368 0.157895
v 0.131579 0.473684 -0.315789
v 0.131579 0.500000 -0.315789
v 0.131579 0.500000 -0.289474
v 0.131579 0.473684 -0.289474
v 0.131579 0.500000 -0.263158
v 0.131579 0.473684 -0.263158
v 0.131579 0.500000 -0.236842
v 0.131579 0.473684 -0.236842
v 0.131579 0.500000 -0.210526
v 0.131579 0.473684 -0.210526
v 0.131579 0.500000 -0.184211
v 0.131579 0.473684 -0.184211
v 0.131579 0.500000 -0.157895
v 0.131579 0.473684 -0.157895
v 0.105263 0.473684 -0.157895
v 0.131579 0.500000 -0.131579
v 0.131579 0.500000 0.157895
v 0.131579 0.500000 0.131579
v 0.131579 0.500000 0.184211
v 0.105263 0.473684 0.157895
v 0.131579 0.473684 0.157895
v 0.131579 0.473684 0.184211
v 0.131579 0.500000 0.210526
v 0.131579 0.473684 0.210526
v 0.131579 0.500000 0.236842
v 0.131579 0.473684 0.236842
v 0.131579 0.500000 0.263158
v 0.131579 0.473684 0.263158
v 0.131579 0.500000 0.289474
v 0.131579 0.473684 0.289474
v 0.131579 0.500000 0.315789
v 0.131579 0.473684 0.315789
v 0.131579 0.526316 -0.131579
v 0.131579 0.500000 -0.131579
v 0.131579 0.500000 0.131579
v 0.131579 0.526316 0.131579
v 0.131579 0.552632 -0.131579
v 0.131579 0.552632 0.131579
v 0.131579 0.578947 -0.131579
v 0.131579 0.578947 -0.105263
v 0.131579 0.552632 -0.105263
v 0.105263 0.578947 -0.105263
v 0.131579 0.552632 0.105263
v 0.131579 0.578947 0.105263
v 0.131579 0.578947 0.131579
v 0.105263 0.578947 0.105263
v 0.131579 0.578947 -0.105263
v 0.131579 0.605263 -0.105263
v 0.131579 0.605263 -0.078947
v 0.131579 0.578947 -0.078947
v 0.131579 0.605263 -0.052632
v 0.105263 0.605263 -0.026316
v 0.131579 0.605263 -0.026316
v 0.105263 0.605263 0.000000
v 0.131579 0.605263 0.000000
v 0.105263 0.605263 0.026316
v 0.131579 0.605263 0.026316
v 0.131579 0.605263 0.052632
v 0.131579 0.605263 0.078947
v 0.131579 0.578947 0.078947
v 0.131579 0.605263 0.105263
v 0.131579 0.578947 0.105263
v 0.131579 0.657895 -0.131579
v 0.131579 0.684211 -0.131579
v 0.131579 0.684211 -0.105263
v 0.131579 0.657895 -0.105263
v 0.131579 0.684211 -0.078947
v 0.131579 0.657895 -0.078947
v 0.131579 0.684211 -0.052632
v 0.131579 0.657895 -0.052632
v 0.131579 0.684211 -0.026316
v 0.131579 0.657895 -0.026316
v 0.131579 0.684211 0.000000
v 0.131579 0.657895 0.000000
v 0.131579 0.684211 0.026316
v 0.131579 0.657895 0.026316
v 0.131579 0.684211 0.052632
v 0.131579 0.657895 0.052632
v 0.131579 0.684211 0.078947
v 0.131579 0.657895 0.078947
v 0.131579 0.684211 0.105263
v 0.131579 0.657895 0.105263
v 0.131579 0.684211 0.131579
v 0.131579 0.657895 0.131579
v 0.131579 0.815789 -0.184211
v 0.131579 0.842105 -0.184211
v 0.131579 0.842105 -0.157895
v 0.131579 0.815789 -0.157895
v 0.131579 0.842105 -0.131579
v 0.131579 0.815789 -0.131579
v 0.131579 0.842105 -0.105263
v 0.131579 0.815789 -0.105263
v 0.105263 0.842105 -0.078947
v 0.131579 0.842105 -0.078947
v 0.131579 0.815789 -0.078947
v 0.105263 0.842105 -0.052632
v 0.131579 0.842105 -0.052632
v 0.131579 0.815789 -0.052632
v 0.131579 0.815789 -0.026316
v 0.105263 0.815789 -0.026316
v 0.131579 0.815789 0.000000
v 0.105263 0.815789 0.000000
v 0.131579 0.815789 0.026316
v 0.105263 0.815789 0.026316
v 0.131579 0.815789 0.052632
v 0.105263 0.842105 0.052632
v 0.105263 0.842105 0.078947
v 0.131579 0.842105 0.078947
v 0.131579 0.842105 0.052632
v 0.131579 0.815789 0.078947
v 0.131579 0.842105 0.105263
v 0.131579 0.815789 0.105263
v 0.131579 0.842105 0.131579
v 0.131579 0.815789 0.131579
v 0.131579 0.842105 0.157895
v 0.131579 0.815789 0.157895
v 0.131579 0.842105 0.184211
v 0.131579 0.815789 0.184211
v 0.131579 0.842105 -0.052632
v 0.131579 0.868421 -0.052632
v 0.131579 0.868421 -0.026316
v 0.131579 0.842105 -0.026316
v 0.131579 0.868421 0.000000
v 0.131579 0.842105 0.000000
v 0.131579 0.868421 0.026316
v 0.131579 0.842105 0.026316
v 0.131579 0.868421 0.052632
v 0.131579 0.842105 0.052632
v 0.131579 0.894737 -0.052632
v 0.131579 0.894737 -0.026316
v 0.131579 0.921053 -0.052632
v 0.131579 0.894737 0.000000
v 0.131579 0.894737 0.026316
v 0.131579 0.894737 0.052632
v 0.131579 0.921053 0.052632
v 0.131579 0.921053 -0.052632
v 0.131579 0.947368 -0.052632
v 0.131579 0.947368 -0.026316
v 0.131579 0.921053 -0.026316
v 0.131579 0.947368 0.000000
v 0.131579 0.921053 0.000000
v 0.131579 0.947368 0.026316
v 0.131579 0.921053 0.026316
v 0.131579 0.947368 0.052632
v 0.131579 0.921053 0.052632
v 0.157895 0.000000 -0.157895
v 0.157895 0.026316 -0.157895
v 0.157895 0.026316 -0.131579
v 0.157895 0.000000 -0.131579
v 0.157895 0.026316 -0.105263
v 0.157895 0.000000 -0.105263
v 0.131579 0.026316 -0.078947
v 0.157895 0.026316 -0.078947
v 0.157895 0.000000 -0.078947
v 0.131579 0.026316 -0.052632
v 0.157895 0.026316 -0.052632
v 0.157895 0.000000 -0.052632
v 0.157895 0.000000 -0.026316
v 0.157895 0.000000 0.000000
v 0.157895 0.000000 0.026316
v 0.157895 0.000000 0.052632
v 0.131579 0.026316 0.052632
v 0.131579 0.026316 0.078947
v 0.157895 0.026316 0.078947
v 0.157895 0.026316 0.052632
v 0.157895 0.000000 0.078947
v 0.157895 0.026316 0.105263
v 0.157895 0.000000 0.105263
v 0.157895 0.026316 0.131579
v 0.157895 0.000000 0.131579
v 0.157895 0.026316 0.157895
v 0.157895 0.000000 0.157895
v 0.157895 0.026316 -0.052632
v 0.157895 0.052632 -0.052632
v 0.157895 0.052632 -0.026316
v 0.157895 0.026316 -0.026316
v 0.131579 0.052632 -0.026316
v 0.157895 0.052632 0.000000
v 0.157895 0.026316 0.000000
v 0.131579 0.052632 0.000000
v 0.157895 0.052632 0.026316
v 0.157895 0.026316 0.026316
v 0.131579 0.052632 0.026316
v 0.157895 0.052632 0.052632
v 0.157895 0.026316 0.052632
v 0.157895 0.078947 -0.105263
v 0.157895 0.105263 -0.105263
v 0.157895 0.105263 -0.078947
v 0.157895 0.078947 -0.078947
v 0.157895 0.078947 -0.052632
v 0.157895 0.078947 -0.026316
v 0.131579 0.078947 -0.026316
v 0.157895 0.078947 0.000000
v 0.131579 0.078947 0.000000
v 0.157895 0.078947 0.026316
v 0.131579 0.078947 0.026316
v 0.157895 0.078947 0.052632
v 0.157895 0.078947 0.078947
v 0.157895 0.105263 0.078947
v 0.157895 0.105263 0.105263
v 0.157895 0.078947 0.105263
v 0.157895 0.105263 -0.157895
v 0.157895 0.131579 -0.157895
v 0.157895 0.131579 -0.131579
v 0.157895 0.105263 -0.131579
v 0.157895 0.105263 -0.105263
v 0.131579 0.105263 -0.105263
v 0.131579 0.105263 0.105263
v 0.157895 0.105263 0.105263
v 0.157895 0.105263 0.131579
v 0.157895 0.131579 0.131579
v 0.157895 0.131579 0.157895
v 0.157895 0.105263 0.157895
v 0.157895 0.131579 -0.184211
v 0.157895 0.157895 -0.184211
v 0.157895 0.157895 -0.157895
v 0.157895 0.131579 -0.157895
v 0.131579 0.131579 -0.157895
v 0.157895 0.131579 0.157895
v 0.157895 0.157895 0.157895
v 0.157895 0.157895 0.184211
v 0.157895 0.131579 0.184211
v 0.131579 0.131579 0.157895
v 0.157895 0.184211 -0.184211
v 0.157895 0.184211 -0.157895
v 0.157895 0.184211 0.157895
v 0.157895 0.184211 0.184211
v 0.157895 0.184211 -0.184211
v 0.157895 0.210526 -0.184211
v 0.157895 0.210526 -0.157895
v 0.157895 0.184211 -0.157895
v 0.157895 0.184211 0.157895
v 0.157895 0.210526 0.157895
v 0.157895 0.210526 0.184211
v 0.157895 0.184211 0.184211
v 0.157895 0.236842 -0.184211
v 0.157895 0.236842 -0.157895
v 0.131579 0.236842 -0.131579
v 0.157895 0.236842 -0.131579
v 0.131579 0.236842 0.131579
v 0.157895 0.236842 0.157895
v 0.157895 0.236842 0.131579
v 0.157895 0.236842 0.184211
v 0.157895 0.236842 -0.131579
v 0.157895 0.263158 -0.131579
v 0.157895 0.263158 -0.105263
v 0.157895 0.236842 -0.105263
v 0.157895 0.263158 -0.078947
v 0.157895 0.236842 -0.078947
v 0.157895 0.236842 0.078947
v 0.157895 0.263158 0.078947
v 0.157895 0.263158 0.105263
v 0.157895 0.236842 0.105263
v 0.157895 0.263158 0.131579
v 0.157895 0.236842 0.131579
v 0.157895 0.263158 -0.131579
v 0.157895 0.289474 -0.131579
v 0.157895 0.289474 -0.105263
v 0.157895 0.263158 -0.105263
v 0.131579 0.289474 -0.105263
v 0.157895 0.289474 -0.078947
v 0.157895 0.263158 -0.078947
v 0.131579 0.289474 -0.078947
v 0.157895 0.263158 0.078947
v 0.157895 0.289474 0.078947
v 0.157895 0.289474 0.105263
v 0.157895 0.263158 0.105263
v 0.131579 0.289474 0.078947
v 0.131579 0.289474 0.105263
v 0.157895 0.289474 0.131579
v 0.157895 0.263158 0.131579
v 0.157895 0.289474 -0.078947
v 0.157895 0.315789 -0.078947
v 0.157895 0.315789 -0.052632
v 0.157895 0.289474 -0.052632
v 0.157895 0.315789 -0.026316
v 0.157895 0.289474 -0.026316
v 0.157895 0.315789 0.000000
v 0.157895 0.289474 0.000000
v 0.157895 0.315789 0.026316
v 0.157895 0.289474 0.026316
v 0.157895 0.315789 0.052632
v 0.157895 0.289474 0.052632
v 0.157895 0.315789 0.078947
v 0.157895 0.289474 0.078947
v 0.157895 0.421053 -0.131579
v 0.157895 0.447368 -0.131579
v 0.157895 0.447368 -0.105263
v 0.157895 0.421053 -0.105263
v 0.157895 0.421053 -0.078947
v 0.157895 0.421053 -0.052632
v 0.157895 0.421053 -0.026316
v 0.131579 0.421053 -0.026316
v 0.157895 0.421053 0.000000
v 0.131579 0.421053 0.000000
v 0.157895 0.421053 0.026316
v 0.131579 0.421053 0.026316
v 0.157895 0.421053 0.052632
v 0.157895 0.421053 0.078947
v 0.157895 0.421053 0.105263
v 0.157895 0.447368 0.105263
v 0.157895 0.447368 0.131579
v 0.157895 0.421053 0.131579
v 0.157895 0.447368 -0.131579
v 0.157895 0.473684 -0.131579
v 0.157895 0.473684 -0.105263
v 0.157895 0.447368 -0.105263
v 0.157895 0.447368 0.105263
v 0.157895 0.473684 0.105263
v 0.157895 0.473684 0.131579
v 0.157895 0.447368 0.131579
v 0.157895 0.500000 -0.263158
v 0.157895 0.500000 -0.289474
v 0.157895 0.473684 -0.289474
v 0.157895 0.473684 -0.263158
v 0.157895 0.500000 -0.236842
v 0.157895 0.473684 -0.236842
v 0.157895 0.500000 -0.210526
v 0.157895 0.473684 -0.210526
v 0.157895 0.500000 -0.184211
v 0.157895 0.473684 -0.184211
v 0.157895 0.500000 -0.157895
v 0.157895 0.473684 -0.157895
v 0.157895 0.500000 -0.131579
v 0.157895 0.473684 -0.131579
v 0.131579 0.473684 -0.131579
v 0.157895 0.500000 0.157895
v 0.157895 0.500000 0.131579
v 0.131579 0.473684 0.131579
v 0.157895 0.473684 0.131579
v 0.157895 0.473684 0.157895
v 0.157895 0.500000 0.184211
v 0.157895 0.473684 0.184211
v 0.157895 0.500000 0.210526
v 0.157895 0.473684 0.210526
v 0.157895 0.500000 0.236842
v 0.157895 0.473684 0.236842
v 0.157895 0.500000 0.263158
v 0.157895 0.473684 0.263158
v 0.157895 0.500000 0.289474
v 0.157895 0.473684 0.289474
v 0.157895 0.500000 -0.131579
v 0.157895 0.526316 -0.131579
v 0.157895 0.526316 -0.105263
v 0.157895 0.500000 -0.105263
v 0.157895 0.500000 0.105263
v 0.157895 0.526316 0.105263
v 0.157895 0.526316 0.131579
v 0.157895 0.500000 0.131579
v 0.157895 0.552632 -0.131579
v 0.157895 0.552632 -0.105263
v 0.157895 0.552632 0.105263
v 0.157895 0.552632 0.131579
v 0.157895 0.578947 -0.105263
v 0.157895 0.578947 -0.078947
v 0.157895 0.552632 -0.078947
v 0.131579 0.578947 -0.078947
v 0.157895 0.578947 -0.052632
v 0.157895 0.552632 -0.052632
v 0.157895 0.552632 0.052632
v 0.157895 0.578947 0.052632
v 0.157895 0.578947 0.078947
v 0.157895 0.552632 0.078947
v 0.157895 0.578947 0.105263
v 0.131579 0.578947 0.078947
v 0.157895 0.578947 -0.078947
v 0.157895 0.605263 -0.078947
v 0.157895 0.605263 -0.052632
v 0.157895 0.578947 -0.052632
v 0.157895 0.605263 -0.026316
v 0.157895 0.578947 -0.026316
v 0.157895 0.605263 0.000000
v 0.157895 0.578947 0.000000
v 0.157895 0.605263 0.026316
v 0.157895 0.578947 0.026316
v 0.157895 0.605263 0.052632
v 0.157895 0.578947 0.052632
v 0.157895 0.605263 0.078947
v 0.157895 0.578947 0.078947
v 0.157895 0.657895 -0.078947
v 0.157895 0.684211 -0.078947
v 0.157895 0.684211 -0.052632
v 0.157895 0.657895 -0.052632
v 0.157895 0.684211 -0.026316
v 0.157895 0.657895 -0.026316
v 0.157895 0.684211 0.000000
v 0.157895 0.657895 0.000000
v 0.157895 0.684211 0.026316
v 0.157895 0.657895 0.026316
v 0.157895 0.684211 0.052632
v 0.157895 0.657895 0.052632
v 0.157895 0.684211 0.078947
v 0.157895 0.657895 0.078947
v 0.157895 0.815789 -0.157895
v 0.157895 0.842105 -0.157895
v 0.157895 0.842105 -0.131579
v 0.157895 0.815789 -0.131579
v 0.157895 0.842105 -0.105263
v 0.157895 0.815789 -0.105263
v 0.157895 0.842105 -0.078947
v 0.157895 0.815789 -0.078947
v 0.157895 0.842105 -0.052632
v 0.157895 0.815789 -0.052632
v 0.131579 0.842105 -0.026316
v 0.157895 0.842105 -0.026316
v 0.157895 0.815789 -0.026316
v 0.131579 0.842105 0.000000
v 0.157895 0.842105 0.000000
v 0.157895 0.815789 0.000000
v 0.131579 0.842105 0.026316
v 0.157895 0.842105 0.026316
v 0.157895 0.815789 0.026316
v 0.157895 0.842105 0.052632
v 0.157895 0.815789 0.052632
v 0.157895 0.842105 0.078947
v 0.157895 0.815789 0.078947
v 0.157895 0.842105 0.105263
v 0.157895 0.815789 0.105263
v 0.157895 0.842105 0.131579
v 0.157895 0.815789 0.131579
v 0.157895 0.842105 0.157895
v 0.157895 0.815789 0.157895
v 0.131579 0.868421 -0.026316
v 0.131579 0.868421 0.000000
v 0.131579 0.894737 0.000000
v 0.131579 0.894737 -0.026316
v 0.157895 0.868421 -0.026316
v 0.157895 0.868421 0.000000
v 0.157895 0.894737 -0.026316
v 0.131579 0.868421 0.026316
v 0.131579 0.894737 0.026316
v 0.157895 0.868421 0.026316
v 0.157895 0.894737 0.026316
v 0.157895 0.894737 -0.052632
v 0.157895 0.921053 -0.052632
v 0.157895 0.921053 -0.026316
v 0.157895 0.894737 -0.026316
v 0.131579 0.921053 -0.026316
v 0.157895 0.921053 0.000000
v 0.157895 0.894737 0.000000
v 0.131579 0.921053 0.000000
v 0.157895 0.921053 0.026316
v 0.157895 0.894737 0.026316
v 0.131579 0.921053 0.026316
v 0.157895 0.921053 0.052632
v 0.157895 0.894737 0.052632
v 0.184211 0.000000 -0.131579
v 0.184211 0.026316 -0.131579
v 0.184211 0.026316 -0.105263
v 0.184211 0.000000 -0.105263
v 0.184211 0.026316 -0.078947
v 0.184211 0.000000 -0.078947
v 0.184211 0.026316 -0.052632
v 0.184211 0.000000 -0.052632
v 0.157895 0.026316 -0.026316
v 0.184211 0.026316 -0.026316
v 0.184211 0.000000 -0.026316
v 0.157895 0.026316 0.000000
v 0.184211 0.026316 0.000000
v 0.184211 0.000000 0.000000
v 0.157895 0.026316 0.026316
v 0.184211 0.026316 0.026316
v 0.184211 0.000000 0.026316
v 0.184211 0.026316 0.052632
v 0.184211 0.000000 0.052632
v 0.184211 0.026316 0.078947
v 0.184211 0.000000 0.078947
v 0.184211 0.026316 0.105263
v 0.184211 0.000000 0.105263
v 0.184211 0.026316 0.131579
v 0.184211 0.000000 0.131579
v 0.184211 0.078947 -0.078947
v 0.184211 0.105263 -0.078947
v 0.184211 0.105263 -0.052632
v 0.184211 0.078947 -0.052632
v 0.184211 0.105263 -0.026316
v 0.184211 0.078947 -0.026316
v 0.184211 0.105263 0.000000
v 0.184211 0.078947 0.000000
v 0.184211 0.105263 0.026316
v 0.184211 0.078947 0.026316
v 0.184211 0.105263 0.052632
v 0.184211 0.078947 0.052632
v 0.184211 0.105263 0.078947
v 0.184211 0.078947 0.078947
v 0.184211 0.105263 -0.131579
v 0.184211 0.131579 -0.131579
v 0.184211 0.131579 -0.105263
v 0.184211 0.105263 -0.105263
v 0.184211 0.131579 -0.078947
v 0.184211 0.105263 -0.078947
v 0.157895 0.105263 -0.078947
v 0.184211 0.105263 0.078947
v 0.184211 0.131579 0.078947
v 0.184211 0.131579 0.105263
v 0.184211 0.105263 0.105263
v 0.157895 0.105263 0.078947
v 0.184211 0.131579 0.131579
v 0.184211 0.105263 0.131579
v 0.184211 0.131579 -0.157895
v 0.184211 0.157895 -0.157895
v 0.184211 0.157895 -0.131579
v 0.184211 0.131579 -0.131579
v 0.157895 0.131579 -0.131579
v 0.184211 0.131579 0.131579
v 0.184211 0.157895 0.131579
v 0.184211 0.157895 0.157895
v 0.184211 0.131579 0.157895
v 0.157895 0.131579 0.131579
v 0.184211 0.184211 -0.157895
v 0.184211 0.184211 -0.131579
v 0.184211 0.184211 0.131579
v 0.184211 0.184211 0.157895
v 0.184211 0.184211 -0.157895
v 0.184211 0.210526 -0.157895
v 0.184211 0.210526 -0.131579
v 0.184211 0.184211 -0.131579
v 0.184211 0.184211 0.131579
v 0.184211 0.210526 0.131579
v 0.184211 0.210526 0.157895
v 0.184211 0.184211 0.157895
v 0.184211 0.236842 -0.157895
v 0.184211 0.236842 -0.131579
v 0.157895 0.236842 -0.105263
v 0.184211 0.236842 -0.105263
v 0.157895 0.236842 -0.078947
v 0.184211 0.236842 -0.078947
v 0.157895 0.236842 0.078947
v 0.157895 0.236842 0.105263
v 0.184211 0.236842 0.105263
v 0.184211 0.236842 0.078947
v 0.184211 0.236842 0.131579
v 0.184211 0.236842 0.157895
v 0.184211 0.236842 -0.078947
v 0.184211 0.263158 -0.078947
v 0.184211 0.263158 -0.052632
v 0.184211 0.236842 -0.052632
v 0.184211 0.263158 -0.026316
v 0.184211 0.236842 -0.026316
v 0.184211 0.263158 0.000000
v 0.184211 0.236842 0.000000
v 0.184211 0.263158 0.026316
v 0.184211 0.236842 0.026316
v 0.184211 0.263158 0.052632
v 0.184211 0.236842 0.052632
v 0.184211 0.263158 0.078947
v 0.184211 0.236842 0.078947
v 0.184211 0.263158 -0.078947
v 0.184211 0.289474 -0.078947
v 0.184211 0.289474 -0.052632
v 0.184211 0.263158 -0.052632
v 0.157895 0.289474 -0.052632
v 0.184211 0.289474 -0.026316
v 0.184211 0.263158 -0.026316
v 0.157895 0.289474 -0.026316
v 0.184211 0.289474 0.000000
v 0.184211 0.263158 0.000000
v 0.157895 0.289474 0.000000
v 0.184211 0.289474 0.026316
v 0.184211 0.263158 0.026316
v 0.157895 0.289474 0.026316
v 0.184211 0.289474 0.052632
v 0.184211 0.263158 0.052632
v 0.157895 0.289474 0.052632
v 0.184211 0.289474 0.078947
v 0.184211 0.263158 0.078947
v 0.184211 0.421053 -0.105263
v 0.184211 0.447368 -0.105263
v 0.184211 0.447368 -0.078947
v 0.184211 0.421053 -0.078947
v 0.184211 0.447368 -0.052632
v 0.184211 0.421053 -0.052632
v 0.184211 0.447368 -0.026316
v 0.184211 0.421053 -0.026316
v 0.184211 0.447368 0.000000
v 0.184211 0.421053 0.000000
v 0.184211 0.447368 0.026316
v 0.184211 0.421053 0.026316
v 0.184211 0.447368 0.052632
v 0.184211 0.421053 0.052632
v 0.184211 0.447368 0.078947
v 0.184211 0.421053 0.078947
v 0.184211 0.447368 0.105263
v 0.184211 0.421053 0.105263
v 0.184211 0.447368 -0.105263
v 0.184211 0.473684 -0.105263
v 0.184211 0.473684 -0.078947
v 0.184211 0.447368 -0.078947
v 0.184211 0.447368 0.078947
v 0.184211 0.473684 0.078947
v 0.184211 0.473684 0.105263
v 0.184211 0.447368 0.105263
v 0.184211 0.473684 -0.289474
v 0.184211 0.500000 -0.289474
v 0.184211 0.500000 -0.263158
v 0.184211 0.473684 -0.263158
v 0.184211 0.500000 -0.236842
v 0.184211 0.473684 -0.236842
v 0.184211 0.500000 -0.210526
v 0.184211 0.473684 -0.210526
v 0.184211 0.500000 -0.184211
v 0.184211 0.473684 -0.184211
v 0.184211 0.500000 -0.157895
v 0.184211 0.473684 -0.157895
v 0.184211 0.500000 -0.131579
v 0.184211 0.473684 -0.131579
v 0.157895 0.500000 -0.105263
v 0.184211 0.500000 -0.105263
v 0.184211 0.473684 -0.105263
v 0.157895 0.473684 -0.105263
v 0.157895 0.500000 0.105263
v 0.184211 0.500000 0.131579
v 0.184211 0.500000 0.105263
v 0.157895 0.473684 0.105263
v 0.184211 0.473684 0.105263
v 0.184211 0.473684 0.131579
v 0.184211 0.500000 0.157895
v 0.184211 0.473684 0.157895
v 0.184211 0.500000 0.184211
v 0.184211 0.473684 0.184211
v 0.184211 0.500000 0.210526
v 0.184211 0.473684 0.210526
v 0.184211 0.500000 0.236842
v 0.184211 0.473684 0.236842
v 0.184211 0.500000 0.263158
v 0.184211 0.473684 0.263158
v 0.184211 0.500000 0.289474
v 0.184211 0.473684 0.289474
v 0.184211 0.500000 -0.105263
v 0.184211 0.526316 -0.105263
v 0.184211 0.526316 -0.078947
v 0.184211 0.500000 -0.078947
v 0.184211 0.526316 -0.052632
v 0.184211 0.500000 -0.052632
v 0.184211 0.500000 0.052632
v 0.184211 0.526316 0.052632
v 0.184211 0.526316 0.078947
v 0.184211 0.500000 0.078947
v 0.184211 0.526316 0.105263
v 0.184211 0.500000 0.105263
v 0.184211 0.552632 -0.105263
v 0.184211 0.552632 -0.078947
v 0.184211 0.552632 -0.052632
v 0.184211 0.552632 0.052632
v 0.184211 0.552632 0.078947
v 0.184211 0.552632 0.105263
v 0.184211 0.578947 -0.052632
v 0.184211 0.578947 -0.026316
v 0.184211 0.552632 -0.026316
v 0.157895 0.578947 -0.026316
v 0.184211 0.578947 0.000000
v 0.184211 0.552632 0.000000
v 0.157895 0.578947 0.000000
v 0.184211 0.578947 0.026316
v 0.184211 0.552632 0.026316
v 0.157895 0.578947 0.026316
v 0.184211 0.578947 0.052632
v 0.184211 0.815789 -0.131579
v 0.184211 0.842105 -0.131579
v 0.184211 0.842105 -0.105263
v 0.184211 0.815789 -0.105263
v 0.184211 0.842105 -0.078947
v 0.184211 0.815789 -0.078947
v 0.184211 0.842105 -0.052632
v 0.184211 0.815789 -0.052632
v 0.184211 0.842105 -0.026316
v 0.184211 0.815789 -0.026316
v 0.184211 0.842105 0.000000
v 0.184211 0.815789 0.000000
v 0.184211 0.842105 0.026316
v 0.184211 0.815789 0.026316
v 0.184211 0.842105 0.052632
v 0.184211 0.815789 0.052632
v 0.184211 0.842105 0.078947
v 0.184211 0.815789 0.078947
v 0.184211 0.842105 0.105263
v 0.184211 0.815789 0.105263
v 0.184211 0.842105 0.131579
v 0.184211 0.815789 0.131579
v 0.184211 0.868421 -0.026316
v 0.184211 0.894737 -0.026316
v 0.184211 0.894737 0.000000
v 0.184211 0.868421 0.000000
v 0.157895 0.894737 0.000000
v 0.184211 0.894737 0.026316
v 0.184211 0.868421 0.026316
v 0.210526 0.000000 -0.078947
v 0.210526 0.026316 -0.078947
v 0.210526 0.026316 -0.052632
v 0.210526 0.000000 -0.052632
v 0.210526 0.026316 -0.026316
v 0.210526 0.000000 -0.026316
v 0.210526 0.026316 0.000000
v 0.210526 0.000000 0.000000
v 0.210526 0.026316 0.026316
v 0.210526 0.000000 0.026316
v 0.210526 0.026316 0.052632
v 0.210526 0.000000 0.052632
v 0.210526 0.026316 0.078947
v 0.210526 0.000000 0.078947
v 0.210526 0.105263 -0.078947
v 0.210526 0.131579 -0.078947
v 0.210526 0.131579 -0.052632
v 0.210526 0.105263 -0.052632
v 0.184211 0.105263 -0.052632
v 0.210526 0.131579 -0.026316
v 0.210526 0.105263 -0.026316
v 0.184211 0.105263 -0.026316
v 0.210526 0.131579 0.000000
v 0.210526 0.105263 0.000000
v 0.184211 0.105263 0.000000
v 0.210526 0.131579 0.026316
v 0.210526 0.105263 0.026316
v 0.184211 0.105263 0.026316
v 0.210526 0.131579 0.052632
v 0.210526 0.105263 0.052632
v 0.184211 0.105263 0.052632
v 0.210526 0.131579 0.078947
v 0.210526 0.105263 0.078947
v 0.210526 0.131579 -0.131579
v 0.210526 0.157895 -0.131579
v 0.210526 0.157895 -0.105263
v 0.210526 0.131579 -0.105263
v 0.184211 0.131579 -0.105263
v 0.210526 0.157895 -0.078947
v 0.210526 0.131579 -0.078947
v 0.184211 0.131579 -0.078947
v 0.210526 0.131579 0.078947
v 0.210526 0.157895 0.078947
v 0.210526 0.157895 0.105263
v 0.210526 0.131579 0.105263
v 0.184211 0.131579 0.078947
v 0.184211 0.131579 0.105263
v 0.210526 0.157895 0.131579
v 0.210526 0.131579 0.131579
v 0.210526 0.184211 -0.131579
v 0.210526 0.184211 -0.105263
v 0.210526 0.184211 -0.078947
v 0.210526 0.184211 0.078947
v 0.210526 0.184211 0.105263
v 0.210526 0.184211 0.131579
v 0.210526 0.184211 -0.131579
v 0.210526 0.210526 -0.131579
v 0.210526 0.210526 -0.105263
v 0.210526 0.184211 -0.105263
v 0.210526 0.210526 -0.078947
v 0.210526 0.184211 -0.078947
v 0.210526 0.184211 0.078947
v 0.210526 0.210526 0.078947
v 0.210526 0.210526 0.105263
v 0.210526 0.184211 0.105263
v 0.210526 0.210526 0.131579
v 0.210526 0.184211 0.131579
v 0.210526 0.236842 -0.131579
v 0.210526 0.236842 -0.105263
v 0.210526 0.236842 -0.078947
v 0.184211 0.236842 -0.052632
v 0.210526 0.236842 -0.052632
v 0.184211 0.236842 -0.026316
v 0.210526 0.236842 -0.026316
v 0.184211 0.236842 0.000000
v 0.210526 0.236842 0.000000
v 0.184211 0.236842 0.026316
v 0.210526 0.236842 0.026316
v 0.184211 0.236842 0.052632
v 0.210526 0.236842 0.052632
v 0.210526 0.236842 0.078947
v 0.210526 0.236842 0.105263
v 0.210526 0.236842 0.131579
v 0.210526 0.447368 -0.078947
v 0.210526 0.473684 -0.078947
v 0.210526 0.473684 -0.052632
v 0.210526 0.447368 -0.052632
v 0.184211 0.447368 -0.052632
v 0.210526 0.473684 -0.026316
v 0.210526 0.447368 -0.026316
v 0.184211 0.447368 -0.026316
v 0.210526 0.473684 0.000000
v 0.210526 0.447368 0.000000
v 0.184211 0.447368 0.000000
v 0.210526 0.473684 0.026316
v 0.210526 0.447368 0.026316
v 0.184211 0.447368 0.026316
v 0.210526 0.473684 0.052632
v 0.210526 0.447368 0.052632
v 0.184211 0.447368 0.052632
v 0.210526 0.473684 0.078947
v 0.210526 0.447368 0.078947
v 0.210526 0.473684 -0.263158
v 0.210526 0.500000 -0.263158
v 0.210526 0.500000 -0.236842
v 0.210526 0.473684 -0.236842
v 0.210526 0.500000 -0.210526
v 0.210526 0.473684 -0.210526
v 0.210526 0.500000 -0.184211
v 0.210526 0.473684 -0.184211
v 0.210526 0.500000 -0.157895
v 0.210526 0.473684 -0.157895
v 0.210526 0.500000 -0.131579
v 0.210526 0.473684 -0.131579
v 0.210526 0.500000 -0.105263
v 0.210526 0.473684 -0.105263
v 0.184211 0.500000 -0.078947
v 0.210526 0.500000 -0.078947
v 0.210526 0.473684 -0.078947
v 0.184211 0.473684 -0.078947
v 0.184211 0.500000 -0.052632
v 0.210526 0.500000 -0.052632
v 0.184211 0.500000 0.052632
v 0.184211 0.500000 0.078947
v 0.210526 0.500000 0.078947
v 0.210526 0.500000 0.052632
v 0.210526 0.500000 0.105263
v 0.184211 0.473684 0.078947
v 0.210526 0.473684 0.078947
v 0.210526 0.473684 0.105263
v 0.210526 0.500000 0.131579
v 0.210526 0.473684 0.131579
v 0.210526 0.500000 0.157895
v 0.210526 0.473684 0.157895
v 0.210526 0.500000 0.184211
v 0.210526 0.473684 0.184211
v 0.210526 0.500000 0.210526
v 0.210526 0.473684 0.210526
v 0.210526 0.500000 0.236842
v 0.210526 0.473684 0.236842
v 0.210526 0.500000 0.263158
v 0.210526 0.473684 0.263158
v 0.210526 0.500000 -0.052632
v 0.210526 0.526316 -0.052632
v 0.210526 0.526316 -0.026316
v 0.210526 0.500000 -0.026316
v 0.210526 0.526316 0.000000
v 0.210526 0.500000 0.000000
v 0.210526 0.526316 0.026316
v 0.210526 0.500000 0.026316
v 0.210526 0.526316 0.052632
v 0.210526 0.500000 0.052632
v 0.210526 0.552632 -0.052632
v 0.210526 0.552632 -0.026316
v 0.210526 0.552632 0.000000
v 0.210526 0.552632 0.026316
v 0.210526 0.552632 0.052632
v 0.210526 0.815789 -0.105263
v 0.210526 0.842105 -0.105263
v 0.210526 0.842105 -0.078947
v 0.210526 0.815789 -0.078947
v 0.210526 0.842105 -0.052632
v 0.210526 0.815789 -0.052632
v 0.210526 0.842105 -0.026316
v 0.210526 0.815789 -0.026316
v 0.210526 0.842105 0.000000
v 0.210526 0.815789 0.000000
v 0.210526 0.842105 0.026316
v 0.210526 0.815789 0.026316
v 0.210526 0.842105 0.052632
v 0.210526 0.815789 0.052632
v 0.210526 0.842105 0.078947
v 0.210526 0.815789 0.078947
v 0.210526 0.842105 0.105263
v 0.210526 0.815789 0.105263
v 0.236842 0.131579 -0.078947
v 0.236842 0.157895 -0.078947
v 0.236842 0.157895 -0.052632
v 0.236842 0.131579 -0.052632
v 0.210526 0.131579 -0.052632
v 0.236842 0.157895 -0.026316
v 0.236842 0.131579 -0.026316
v 0.210526 0.131579 -0.026316
v 0.236842 0.157895 0.000000
v 0.236842 0.131579 0.000000
v 0.210526 0.131579 0.000000
v 0.236842 0.157895 0.026316
v 0.236842 0.131579 0.026316
v 0.210526 0.131579 0.026316
v 0.236842 0.157895 0.052632
v 0.236842 0.131579 0.052632
v 0.210526 0.131579 0.052632
v 0.236842 0.157895 0.078947
v 0.236842 0.131579 0.078947
v 0.236842 0.184211 -0.078947
v 0.236842 0.184211 -0.052632
v 0.236842 0.184211 -0.026316
v 0.236842 0.184211 0.000000
v 0.236842 0.184211 0.026316
v 0.236842 0.184211 0.052632
v 0.236842 0.184211 0.078947
v 0.236842 0.184211 -0.078947
v 0.236842 0.210526 -0.078947
v 0.236842 0.210526 -0.052632
v 0.236842 0.184211 -0.052632
v 0.236842 0.210526 -0.026316
v 0.236842 0.184211 -0.026316
v 0.236842 0.210526 0.000000
v 0.236842 0.184211 0.000000
v 0.236842 0.210526 0.026316
v 0.236842 0.184211 0.026316
v 0.236842 0.210526 0.052632
v 0.236842 0.184211 0.052632
v 0.236842 0.210526 0.078947
v 0.236842 0.184211 0.078947
v 0.236842 0.236842 -0.078947
v 0.236842 0.236842 -0.052632
v 0.236842 0.236842 -0.026316
v 0.236842 0.236842 0.000000
v 0.236842 0.236842 0.026316
v 0.236842 0.236842 0.052632
v 0.236842 0.236842 0.078947
v 0.236842 0.500000 -0.210526
v 0.236842 0.500000 -0.236842
v 0.236842 0.473684 -0.236842
v 0.236842 0.473684 -0.210526
v 0.236842 0.500000 -0.184211
v 0.236842 0.473684 -0.184211
v 0.236842 0.500000 -0.157895
v 0.236842 0.473684 -0.157895
v 0.236842 0.500000 -0.131579
v 0.236842 0.473684 -0.131579
v 0.236842 0.500000 -0.105263
v 0.236842 0.473684 -0.105263
v 0.236842 0.500000 -0.078947
v 0.236842 0.473684 -0.078947
v 0.236842 0.500000 -0.052632
v 0.236842 0.473684 -0.052632
v 0.210526 0.473684 -0.052632
v 0.210526 0.500000 -0.026316
v 0.236842 0.500000 -0.026316
v 0.236842 0.473684 -0.026316
v 0.210526 0.473684 -0.026316
v 0.210526 0.500000 0.000000
v 0.236842 0.500000 0.000000
v 0.236842 0.473684 0.000000
v 0.210526 0.473684 0.000000
v 0.210526 0.500000 0.026316
v 0.236842 0.500000 0.026316
v 0.236842 0.473684 0.026316
v 0.210526 0.473684 0.026316
v 0.236842 0.500000 0.052632
v 0.236842 0.473684 0.052632
v 0.210526 0.473684 0.052632
v 0.236842 0.500000 0.078947
v 0.236842 0.473684 0.078947
v 0.236842 0.500000 0.105263
v 0.236842 0.473684 0.105263
v 0.236842 0.500000 0.131579
v 0.236842 0.473684 0.131579
v 0.236842 0.500000 0.157895
v 0.236842 0.473684 0.157895
v 0.236842 0.500000 0.184211
v 0.236842 0.473684 0.184211
v 0.236842 0.500000 0.210526
v 0.236842 0.473684 0.210526
v 0.236842 0.500000 0.236842
v 0.236842 0.473684 0.236842
v 0.263158 0.473684 -0.236842
v 0.263158 0.500000 -0.236842
v 0.263158 0.500000 -0.210526
v 0.263158 0.473684 -0.210526
v 0.263158 0.500000 -0.184211
v 0.263158 0.473684 -0.184211
v 0.263158 0.500000 -0.157895
v 0.263158 0.473684 -0.157895
v 0.263158 0.500000 -0.131579
v 0.263158 0.473684 -0.131579
v 0.263158 0.500000 -0.105263
v 0.263158 0.473684 -0.105263
v 0.263158 0.500000 -0.078947
v 0.263158 0.473684 -0.078947
v 0.263158 0.500000 -0.052632
v 0.263158 0.473684 -0.052632
v 0.263158 0.500000 -0.026316
v 0.263158 0.473684 -0.026316
v 0.263158 0.500000 0.000000
v 0.263158 0.473684 0.000000
v 0.263158 0.500000 0.026316
v 0.263158 0.473684 0.026316
v 0.263158 0.500000 0.052632
v 0.263158 0.473684 0.052632
v 0.263158 0.500000 0.078947
v 0.263158 0.473684 0.078947
v 0.263158 0.500000 0.105263
v 0.263158 0.473684 0.105263
v 0.263158 0.500000 0.131579
v 0.263158 0.473684 0.131579
v 0.263158 0.500000 0.157895
v 0.263158 0.473684 0.157895
v 0.263158 0.500000 0.184211
v 0.263158 0.473684 0.184211
v 0.263158 0.500000 0.210526
v 0.263158 0.473684 0.210526
v 0.263158 0.500000 0.236842
v 0.263158 0.473684 0.236842
v 0.289474 0.473684 -0.184211
v 0.289474 0.500000 -0.184211
v 0.289474 0.500000 -0.157895
v 0.289474 0.473684 -0.157895
v 0.289474 0.500000 -0.131579
v 0.289474 0.473684 -0.131579
v 0.289474 0.500000 -0.105263
v 0.289474 0.473684 -0.105263
v 0.289474 0.500000 -0.078947
v 0.289474 0.473684 -0.078947
v 0.289474 0.500000 -0.052632
v 0.289474 0.473684 -0.052632
v 0.289474 0.500000 -0.026316
v 0.289474 0.473684 -0.026316
v 0.289474 0.500000 0.000000
v 0.289474 0.473684 0.000000
v 0.289474 0.500000 0.026316
v 0.289474 0.473684 0.026316
v 0.289474 0.500000 0.052632
v 0.289474 0.473684 0.052632
v 0.289474 0.500000 0.078947
v 0.289474 0.473684 0.078947
v 0.289474 0.500000 0.105263
v 0.289474 0.473684 0.105263
v 0.289474 0.500000 0.131579
v 0.289474 0.473684 0.131579
v 0.289474 0.500000 0.157895
v 0.289474 0.473684 0.157895
v 0.289474 0.500000 0.184211
v 0.289474 0.473684 0.184211
v 0.315789 0.473684 -0.157895
v 0.315789 0.500000 -0.157895
v 0.315789 0.500000 -0.131579
v 0.315789 0.473684 -0.131579
v 0.315789 0.500000 -0.105263
v 0.315789 0.473684 -0.105263
v 0.315789 0.500000 -0.078947
v 0.315789 0.473684 -0.078947
v 0.315789 0.500000 -0.052632
v 0.315789 0.473684 -0.052632
v 0.315789 0.500000 -0.026316
v 0.315789 0.473684 -0.026316
v 0.315789 0.500000 0.000000
v 0.315789 0.473684 0.000000
v 0.315789 0.500000 0.026316
v 0.315789 0.473684 0.026316
v 0.315789 0.500000 0.052632
v 0.315789 0.473684 0.052632
v 0.315789 0.500000 0.078947
v 0.315789 0.473684 0.078947
v 0.315789 0.500000 0.105263
v 0.315789 0.473684 0.105263
v 0.315789 0.500000 0.131579
v 0.315789 0.473684 0.131579
v 0.315789 0.500000 0.157895
v 0.315789 0.473684 0.157895
v 0.342105 0.473684 -0.105263
v 0.342105 0.500000 -0.105263
v 0.342105 0.500000 -0.078947
v 0.342105 0.473684 -0.078947
v 0.342105 0.500000 -0.052632
v 0.342105 0.473684 -0.052632
v 0.342105 0.500000 -0.026316
v 0.342105 0.473684 -0.026316
v 0.342105 0.500000 0.000000
v 0.342105 0.473684 0.000000
v 0.342105 0.500000 0.026316
v 0.342105 0.473684 0.026316
v 0.342105 0.500000 0.052632
v 0.342105 0.473684 0.052632
v 0.342105 0.500000 0.078947
v 0.342105 0.473684 0.078947
v 0.342105 0.500000 0.105263
v 0.342105 0.473684 0.105263
vt 0.266447 0.657895
vt 0.266447 0.657895
vt 0.266447 0.684211
vt 0.266447 0.684211
vt 0.266447 0.684211
vt 0.266447 0.684211
vt 0.266447 0.657895
vt 0.266447 0.657895
vt 0.266447 0.657895
vt 0.266447 0.684211
vt 0.266447 0.684211
vt 0.266447 0.657895
vt 0.266447 0.657895
vt 0.266447 0.684211
vt 0.266447 0.684211
vt 0.266447 0.657895
vt 0.266447 0.657895
vt 0.266447 0.684211
vt 0.266447 0.684211
vt 0.266447 0.657895
vt 0.266447 0.657895
vt 0.266447 0.684211
vt 0.266447 0.684211
vt 0.266447 0.657895
vt 0.266447 0.657895
vt 0.266447 0.684211
vt 0.266447 0.684211
vt 0.266447 0.657895
vt 0.266447 0.657895
vt 0.266447 0.684211
vt 0.266447 0.684211
vt 0.266447 0.657895
vt 0.266447 0.657895
vt 0.266447 0.684211
vt 0.266447 0.684211
vt 0.266447 0.657895
vt 0.266447 0.657895
vt 0.266447 0.657895
vt 0.266447 0.684211
vt 0.266447 0.684211
vt 0.266447 0.684211
vt 0.266447 0.684211
vt 0.266447 0.657895
vt 0.266447 0.657895
vt 0.266447 0.684211
vt 0.266447 0.657895
vt 0.266447 0.684211
vt 0.266447 0.657895
vt 0.266447 0.684211
vt 0.266447 0.657895
vt 0.266447 0.684211
vt 0.266447 0.657895
vt 0.266447 0.684211
vt 0.266447 0.657895
vt 0.266447 0.684211
vt 0.266447 0.657895
vt 0.266447 0.684211
vt 0.266447 0.657895
vt 0.266447 0.684211
vt 0.266447 0.657895
vt 0.266447 0.684211
vt 0.266447 0.657895
vt 0.266447 0.657895
vt 0.266447 0.684211
vt 0.266447 0.684211
vt 0.266447 0.657895
vt 0.266447 0.657895
vt 0.266447 0.684211
vt 0.266447 0.684211
vt 0.266447 0.657895
vt 0.266447 0.657895
vt 0.266447 0.684211
vt 0.266447 0.684211
vt 0.266447 0.684211
vt 0.266447 0.657895
vt 0.266447 0.657895
vt 0.266447 0.684211
vt 0.266447 0.657895
vt 0.266447 0.684211
vt 0.266447 0.657895
vt 0.266447 0.684211
vt 0.266447 0.657895
vt 0.266447 0.684211
vt 0.266447 0.657895
vt 0.266447 0.684211
vt 0.266447 0.657895
vt 0.266447 0.684211
vt 0.266447 0.657895
vt 0.266447 0.684211
vt 0.266447 0.657895
vt 0.266447 0.684211
vt 0.266447 0.657895
vt 0.266447 0.684211
vt 0.266447 0.657895
vt 0.266447 0.684211
vt 0.266447 0.657895
vt 0.266447 0.684211
vt 0.266447 0.657895
vt 0.266447 0.684211
vt 0.266447 0.657895
vt 0.266447 0.657895
vt 0.266447 0.684211
vt 0.266447 0.684211
vt 0.266447 0.657895
vt 0.316802 0.473684
vt 0.316802 0.473684
vt 0.316802 0.500000
vt 0.316802 0.500000
vt 0.316802 0.500000
vt 0.316802 0.500000
vt 0.316802 0.473684
vt 0.316802 0.473684
vt 0.316802 0.473684
vt 0.316802 0.500000
vt 0.316802 0.500000
vt 0.316802 0.473684
vt 0.316802 0.473684
vt 0.316802 0.500000
vt 0.316802 0.500000
vt 0.316802 0.473684
vt 0.316802 0.473684
vt 0.316802 0.500000
vt 0.316802 0.500000
vt 0.316802 0.473684
vt 0.316802 0.473684
vt 0.316802 0.500000
vt 0.316802 0.500000
vt 0.316802 0.473684
vt 0.316802 0.473684
vt 0.316802 0.500000
vt 0.316802 0.500000
vt 0.316802 0.473684
vt 0.266447 0.657895
vt 0.266447 0.684211
vt 0.266447 0.684211
vt 0.266447 0.684211
vt 0.266447 0.657895
vt 0.266447 0.657895
vt 0.266447 0.684211
vt 0.266447 0.657895
vt 0.266447 0.684211
vt 0.266447 0.657895
vt 0.266447 0.684211
vt 0.266447 0.657895
vt 0.266447 0.684211
vt 0.266447 0.657895
vt 0.266447 0.684211
vt 0.266447 0.657895
vt 0.266447 0.684211
vt 0.266447 0.657895
vt 0.266447 0.684211
vt 0.266447 0.657895
vt 0.266447 0.684211
vt 0.266447 0.657895
vt 0.266447 0.684211
vt 0.266447 0.657895
vt 0.266447 0.684211
vt 0.266447 0.657895
vt 0.266447 0.684211
vt 0.266447 0.657895
vt 0.266447 0.684211
vt 0.266447 0.657895
vt 0.266447 0.684211
vt 0.266447 0.657895
vt 0.266447 0.684211
vt 0.266447 0.657895
vt 0.266447 0.657895
vt 0.266447 0.684211
vt 0.266447 0.684211
vt 0.266447 0.657895
vt 0.250000 0.184211
vt 0.250000 0.184211
vt 0.250000 0.210526
vt 0.250000 0.210526
vt 0.250000 0.184211
vt 0.250000 0.184211
vt 0.250000 0.210526
vt 0.250000 0.184211
vt 0.250000 0.210526
vt 0.250000 0.184211
vt 0.250000 0.184211
vt 0.250000 0.210526
vt 0.250000 0.184211
vt 0.250000 0.184211
vt 0.250000 0.210526
vt 0.250000 0.184211
vt 0.250000 0.184211
vt 0.250000 0.210526
vt 0.250000 0.184211
vt 0.250000 0.184211
vt 0.250000 0.210526
vt 0.250000 0.184211
vt 0.250000 0.210526
vt 0.250000 0.236842
vt 0.250000 0.236842
vt 0.250000 0.236842
vt 0.250000 0.236842
vt 0.250000 0.236842
vt 0.250000 0.236842
vt 0.250000 0.236842
vt 0.250000 0.236842
vt 0.250000 0.236842
vt 0.223684 0.236842
vt 0.223684 0.236842
vt 0.223684 0.263158
vt 0.223684 0.263158
vt 0.223684 0.263158
vt 0.223684 0.263158
vt 0.223684 0.236842
vt 0.223684 0.236842
vt 0.223684 0.263158
vt 0.223684 0.263158
vt 0.223684 0.236842
vt 0.223684 0.263158
vt 0.223684 0.263158
vt 0.223684 0.236842
vt 0.223684 0.263158
vt 0.223684 0.263158
vt 0.223684 0.236842
vt 0.223684 0.263158
vt 0.223684 0.263158
vt 0.223684 0.236842
vt 0.223684 0.263158
vt 0.223684 0.263158
vt 0.223684 0.236842
vt 0.229323 0.421053
vt 0.229323 0.421053
vt 0.229323 0.447368
vt 0.229323 0.447368
vt 0.229323 0.447368
vt 0.229323 0.447368
vt 0.229323 0.421053
vt 0.229323 0.421053
vt 0.229323 0.421053
vt 0.229323 0.447368
vt 0.229323 0.447368
vt 0.229323 0.421053
vt 0.229323 0.421053
vt 0.229323 0.447368
vt 0.229323 0.447368
vt 0.229323 0.421053
vt 0.229323 0.421053
vt 0.229323 0.447368
vt 0.229323 0.447368
vt 0.229323 0.421053
vt 0.229323 0.421053
vt 0.229323 0.447368
vt 0.229323 0.447368
vt 0.229323 0.421053
vt 0.229323 0.421053
vt 0.229323 0.447368
vt 0.229323 0.447368
vt 0.229323 0.421053
vt 0.316802 0.473684
vt 0.316802 0.473684
vt 0.316802 0.500000
vt 0.316802 0.500000
vt 0.316802 0.500000
vt 0.316802 0.500000
vt 0.316802 0.473684
vt 0.316802 0.473684
vt 0.316802 0.473684
vt 0.316802 0.500000
vt 0.316802 0.500000
vt 0.316802 0.473684
vt 0.316802 0.500000
vt 0.316802 0.473684
vt 0.316802 0.500000
vt 0.316802 0.473684
vt 0.316802 0.500000
vt 0.316802 0.473684
vt 0.316802 0.500000
vt 0.316802 0.473684
vt 0.316802 0.500000
vt 0.316802 0.473684
vt 0.316802 0.500000
vt 0.316802 0.473684
vt 0.316802 0.500000
vt 0.316802 0.473684
vt 0.316802 0.473684
vt 0.316802 0.500000
vt 0.316802 0.500000
vt 0.316802 0.473684
vt 0.316802 0.473684
vt 0.316802 0.500000
vt 0.316802 0.500000
vt 0.316802 0.473684
vt 0.316802 0.473684
vt 0.316802 0.500000
vt 0.316802 0.500000
vt 0.316802 0.473684
vt 0.266447 0.657895
vt 0.266447 0.684211
vt 0.266447 0.684211
vt 0.266447 0.684211
vt 0.266447 0.657895
vt 0.266447 0.657895
vt 0.266447 0.684211
vt 0.266447 0.657895
vt 0.266447 0.684211
vt 0.266447 0.657895
vt 0.266447 0.684211
vt 0.266447 0.657895
vt 0.266447 0.684211
vt 0.266447 0.657895
vt 0.266447 0.684211
vt 0.266447 0.657895
vt 0.266447 0.684211
vt 0.266447 0.657895
vt 0.266447 0.684211
vt 0.266447 0.657895
vt 0.266447 0.684211
vt 0.266447 0.657895
vt 0.266447 0.684211
vt 0.266447 0.657895
vt 0.266447 0.684211
vt 0.266447 0.657895
vt 0.266447 0.684211
vt 0.266447 0.657895
vt 0.266447 0.684211
vt 0.266447 0.657895
vt 0.266447 0.684211
vt 0.266447 0.657895
vt 0.266447 0.684211
vt 0.266447 0.657895
vt 0.266447 0.684211
vt 0.266447 0.657895
vt 0.266447 0.684211
vt 0.266447 0.657895
vt 0.266447 0.657895
vt 0.266447 0.684211
vt 0.266447 0.684211
vt 0.266447 0.657895
vt 0.236842 0.131579
vt 0.236842 0.131579
vt 0.236842 0.157895
vt 0.236842 0.157895
vt 0.236842 0.131579
vt 0.236842 0.131579
vt 0.236842 0.157895
vt 0.236842 0.131579
vt 0.236842 0.157895
vt 0.236842 0.131579
vt 0.236842 0.131579
vt 0.236842 0.157895
vt 0.236842 0.131579
vt 0.236842 0.131579
vt 0.236842 0.157895
vt 0.236842 0.131579
vt 0.236842 0.131579
vt 0.236842 0.157895
vt 0.236842 0.131579
vt 0.236842 0.131579
vt 0.236842 0.157895
vt 0.236842 0.131579
vt 0.236842 0.157895
vt 0.236842 0.184211
vt 0.236842 0.184211
vt 0.236842 0.184211
vt 0.236842 0.184211
vt 0.236842 0.184211
vt 0.236842 0.184211
vt 0.236842 0.184211
vt 0.236842 0.184211
vt 0.236842 0.184211
vt 0.250000 0.184211
vt 0.250000 0.184211
vt 0.250000 0.210526
vt 0.250000 0.210526
vt 0.250000 0.184211
vt 0.250000 0.184211
vt 0.250000 0.210526
vt 0.250000 0.184211
vt 0.250000 0.184211
vt 0.250000 0.210526
vt 0.250000 0.184211
vt 0.250000 0.184211
vt 0.250000 0.184211
vt 0.250000 0.210526
vt 0.250000 0.184211
vt 0.250000 0.210526
vt 0.250000 0.236842
vt 0.250000 0.236842
vt 0.250000 0.236842
vt 0.250000 0.236842
vt 0.250000 0.236842
vt 0.250000 0.236842
vt 0.223684 0.236842
vt 0.223684 0.236842
vt 0.223684 0.263158
vt 0.223684 0.263158
vt 0.223684 0.263158
vt 0.223684 0.263158
vt 0.223684 0.236842
vt 0.223684 0.263158
vt 0.223684 0.236842
vt 0.223684 0.263158
vt 0.223684 0.263158
vt 0.223684 0.263158
vt 0.223684 0.236842
vt 0.223684 0.263158
vt 0.223684 0.263158
vt 0.223684 0.236842
vt 0.210526 0.263158
vt 0.210526 0.263158
vt 0.210526 0.289474
vt 0.210526 0.289474
vt 0.210526 0.289474
vt 0.210526 0.263158
vt 0.210526 0.263158
vt 0.210526 0.289474
vt 0.210526 0.263158
vt 0.210526 0.289474
vt 0.210526 0.263158
vt 0.210526 0.289474
vt 0.210526 0.263158
vt 0.210526 0.289474
vt 0.210526 0.263158
vt 0.210526 0.289474
vt 0.210526 0.263158
vt 0.210526 0.289474
vt 0.197368 0.289474
vt 0.197368 0.289474
vt 0.197368 0.315789
vt 0.197368 0.315789
vt 0.197368 0.315789
vt 0.197368 0.289474
vt 0.197368 0.289474
vt 0.197368 0.315789
vt 0.197368 0.289474
vt 0.197368 0.315789
vt 0.197368 0.289474
vt 0.197368 0.315789
vt 0.197368 0.289474
vt 0.197368 0.315789
vt 0.197368 0.289474
vt 0.197368 0.315789
vt 0.197368 0.289474
vt 0.197368 0.315789
vt 0.171053 0.315789
vt 0.171053 0.315789
vt 0.171053 0.342105
vt 0.171053 0.342105
vt 0.171053 0.342105
vt 0.171053 0.342105
vt 0.171053 0.315789
vt 0.171053 0.315789
vt 0.171053 0.342105
vt 0.171053 0.342105
vt 0.171053 0.315789
vt 0.171053 0.342105
vt 0.171053 0.342105
vt 0.171053 0.315789
vt 0.171053 0.342105
vt 0.171053 0.342105
vt 0.171053 0.315789
vt 0.171053 0.342105
vt 0.171053 0.342105
vt 0.171053 0.315789
vt 0.171053 0.342105
vt 0.171053 0.342105
vt 0.171053 0.315789
vt 0.229323 0.421053
vt 0.229323 0.421053
vt 0.229323 0.447368
vt 0.229323 0.447368
vt 0.229323 0.447368
vt 0.229323 0.447368
vt 0.229323 0.421053
vt 0.229323 0.421053
vt 0.229323 0.447368
vt 0.229323 0.421053
vt 0.229323 0.447368
vt 0.229323 0.421053
vt 0.229323 0.447368
vt 0.229323 0.421053
vt 0.229323 0.447368
vt 0.229323 0.421053
vt 0.229323 0.447368
vt 0.229323 0.421053
vt 0.229323 0.447368
vt 0.229323 0.421053
vt 0.229323 0.447368
vt 0.229323 0.421053
vt 0.229323 0.421053
vt 0.229323 0.447368
vt 0.229323 0.447368
vt 0.229323 0.421053
vt 0.229323 0.421053
vt 0.229323 0.447368
vt 0.229323 0.447368
vt 0.229323 0.421053
vt 0.316802 0.473684
vt 0.316802 0.500000
vt 0.316802 0.500000
vt 0.316802 0.500000
vt 0.316802 0.473684
vt 0.316802 0.473684
vt 0.316802 0.500000
vt 0.316802 0.473684
vt 0.316802 0.500000
vt 0.316802 0.473684
vt 0.316802 0.500000
vt 0.316802 0.473684
vt 0.316802 0.500000
vt 0.316802 0.473684
vt 0.316802 0.500000
vt 0.316802 0.473684
vt 0.316802 0.500000
vt 0.316802 0.473684
vt 0.316802 0.500000
vt 0.316802 0.473684
vt 0.316802 0.500000
vt 0.316802 0.473684
vt 0.316802 0.500000
vt 0.316802 0.473684
vt 0.316802 0.500000
vt 0.316802 0.473684
vt 0.316802 0.500000
vt 0.316802 0.473684
vt 0.316802 0.500000
vt 0.316802 0.473684
vt 0.316802 0.473684
vt 0.316802 0.500000
vt 0.316802 0.500000
vt 0.316802 0.473684
vt 0.144737 0.631579
vt 0.144737 0.631579
vt 0.144737 0.657895
vt 0.144737 0.657895
vt 0.144737 0.631579
vt 0.144737 0.631579
vt 0.144737 0.657895
vt 0.144737 0.631579
vt 0.144737 0.657895
vt 0.144737 0.631579
vt 0.144737 0.631579
vt 0.144737 0.657895
vt 0.144737 0.631579
vt 0.144737 0.631579
vt 0.144737 0.657895
vt 0.144737 0.631579
vt 0.144737 0.657895
vt 0.266447 0.684211
vt 0.266447 0.684211
vt 0.266447 0.657895
vt 0.266447 0.657895
vt 0.266447 0.684211
vt 0.266447 0.657895
vt 0.266447 0.684211
vt 0.266447 0.657895
vt 0.266447 0.684211
vt 0.266447 0.657895
vt 0.266447 0.684211
vt 0.266447 0.657895
vt 0.266447 0.684211
vt 0.266447 0.657895
vt 0.266447 0.684211
vt 0.266447 0.657895
vt 0.266447 0.684211
vt 0.266447 0.684211
vt 0.266447 0.657895
vt 0.266447 0.657895
vt 0.266447 0.684211
vt 0.266447 0.657895
vt 0.266447 0.684211
vt 0.266447 0.657895
vt 0.266447 0.684211
vt 0.266447 0.657895
vt 0.266447 0.684211
vt 0.266447 0.657895
vt 0.266447 0.684211
vt 0.266447 0.657895
vt 0.266447 0.684211
vt 0.266447 0.657895
vt 0.078947 0.684211
vt 0.078947 0.684211
vt 0.078947 0.710526
vt 0.078947 0.710526
vt 0.078947 0.710526
vt 0.078947 0.684211
vt 0.078947 0.684211
vt 0.078947 0.710526
vt 0.078947 0.684211
vt 0.078947 0.710526
vt 0.078947 0.684211
vt 0.078947 0.710526
vt 0.078947 0.684211
vt 0.078947 0.710526
vt 0.105263 0.710526
vt 0.105263 0.710526
vt 0.105263 0.736842
vt 0.105263 0.736842
vt 0.105263 0.736842
vt 0.105263 0.736842
vt 0.105263 0.710526
vt 0.105263 0.710526
vt 0.105263 0.736842
vt 0.105263 0.736842
vt 0.105263 0.710526
vt 0.105263 0.736842
vt 0.105263 0.736842
vt 0.105263 0.710526
vt 0.105263 0.736842
vt 0.105263 0.736842
vt 0.105263 0.710526
vt 0.210526 0.000000
vt 0.210526 0.000000
vt 0.210526 0.026316
vt 0.210526 0.026316
vt 0.210526 0.026316
vt 0.210526 0.026316
vt 0.210526 0.000000
vt 0.210526 0.000000
vt 0.210526 0.000000
vt 0.210526 0.026316
vt 0.210526 0.026316
vt 0.210526 0.000000
vt 0.210526 0.000000
vt 0.210526 0.026316
vt 0.210526 0.026316
vt 0.210526 0.000000
vt 0.210526 0.000000
vt 0.210526 0.026316
vt 0.210526 0.026316
vt 0.210526 0.000000
vt 0.210526 0.000000
vt 0.210526 0.026316
vt 0.210526 0.026316
vt 0.210526 0.000000
vt 0.210526 0.000000
vt 0.210526 0.026316
vt 0.210526 0.026316
vt 0.210526 0.000000
vt 0.210526 0.105263
vt 0.210526 0.105263
vt 0.210526 0.131579
vt 0.210526 0.131579
vt 0.210526 0.105263
vt 0.210526 0.105263
vt 0.210526 0.131579
vt 0.210526 0.105263
vt 0.210526 0.131579
vt 0.210526 0.105263
vt 0.210526 0.105263
vt 0.210526 0.131579
vt 0.210526 0.105263
vt 0.210526 0.105263
vt 0.210526 0.131579
vt 0.210526 0.105263
vt 0.210526 0.105263
vt 0.210526 0.131579
vt 0.210526 0.105263
vt 0.210526 0.105263
vt 0.210526 0.131579
vt 0.210526 0.105263
vt 0.210526 0.131579
vt 0.236842 0.131579
vt 0.236842 0.131579
vt 0.236842 0.157895
vt 0.236842 0.157895
vt 0.236842 0.131579
vt 0.236842 0.131579
vt 0.236842 0.157895
vt 0.236842 0.131579
vt 0.236842 0.131579
vt 0.236842 0.157895
vt 0.236842 0.131579
vt 0.236842 0.131579
vt 0.236842 0.131579
vt 0.236842 0.157895
vt 0.236842 0.131579
vt 0.236842 0.157895
vt 0.236842 0.184211
vt 0.236842 0.184211
vt 0.236842 0.184211
vt 0.236842 0.184211
vt 0.236842 0.184211
vt 0.236842 0.184211
vt 0.250000 0.184211
vt 0.250000 0.210526
vt 0.250000 0.184211
vt 0.250000 0.184211
vt 0.250000 0.210526
vt 0.250000 0.184211
vt 0.250000 0.210526
vt 0.250000 0.184211
vt 0.250000 0.184211
vt 0.250000 0.210526
vt 0.250000 0.236842
vt 0.250000 0.236842
vt 0.250000 0.236842
vt 0.250000 0.236842
vt 0.223684 0.236842
vt 0.223684 0.263158
vt 0.223684 0.263158
vt 0.223684 0.263158
vt 0.223684 0.236842
vt 0.223684 0.236842
vt 0.223684 0.263158
vt 0.223684 0.263158
vt 0.223684 0.263158
vt 0.223684 0.236842
vt 0.210526 0.263158
vt 0.210526 0.263158
vt 0.210526 0.289474
vt 0.210526 0.289474
vt 0.210526 0.289474
vt 0.210526 0.263158
vt 0.210526 0.263158
vt 0.210526 0.289474
vt 0.210526 0.263158
vt 0.210526 0.289474
vt 0.210526 0.263158
vt 0.210526 0.289474
vt 0.197368 0.289474
vt 0.197368 0.289474
vt 0.197368 0.315789
vt 0.197368 0.315789
vt 0.197368 0.315789
vt 0.197368 0.315789
vt 0.197368 0.289474
vt 0.197368 0.289474
vt 0.197368 0.315789
vt 0.197368 0.289474
vt 0.197368 0.315789
vt 0.197368 0.315789
vt 0.197368 0.315789
vt 0.197368 0.289474
vt 0.171053 0.315789
vt 0.171053 0.342105
vt 0.171053 0.342105
vt 0.171053 0.342105
vt 0.171053 0.315789
vt 0.171053 0.342105
vt 0.171053 0.342105
vt 0.171053 0.342105
vt 0.171053 0.315789
vt 0.171053 0.342105
vt 0.171053 0.342105
vt 0.171053 0.315789
vt 0.157895 0.342105
vt 0.157895 0.342105
vt 0.157895 0.368421
vt 0.157895 0.368421
vt 0.157895 0.368421
vt 0.157895 0.342105
vt 0.157895 0.342105
vt 0.157895 0.368421
vt 0.157895 0.342105
vt 0.157895 0.368421
vt 0.157895 0.342105
vt 0.157895 0.368421
vt 0.157895 0.342105
vt 0.157895 0.368421
vt 0.157895 0.394737
vt 0.157895 0.394737
vt 0.157895 0.394737
vt 0.157895 0.394737
vt 0.157895 0.394737
vt 0.157895 0.394737
vt 0.157895 0.394737
vt 0.157895 0.394737
vt 0.157895 0.394737
vt 0.157895 0.394737
vt 0.229323 0.421053
vt 0.229323 0.447368
vt 0.229323 0.447368
vt 0.229323 0.447368
vt 0.229323 0.421053
vt 0.229323 0.421053
vt 0.229323 0.447368
vt 0.229323 0.421053
vt 0.229323 0.447368
vt 0.229323 0.421053
vt 0.229323 0.447368
vt 0.229323 0.421053
vt 0.229323 0.447368
vt 0.229323 0.421053
vt 0.229323 0.447368
vt 0.229323 0.421053
vt 0.229323 0.447368
vt 0.229323 0.421053
vt 0.229323 0.447368
vt 0.229323 0.421053
vt 0.229323 0.447368
vt 0.229323 0.421053
vt 0.229323 0.447368
vt 0.229323 0.421053
vt 0.229323 0.447368
vt 0.229323 0.421053
vt 0.229323 0.421053
vt 0.229323 0.447368
vt 0.229323 0.447368
vt 0.229323 0.421053
vt 0.316802 0.473684
vt 0.316802 0.500000
vt 0.316802 0.500000
vt 0.316802 0.500000
vt 0.316802 0.473684
vt 0.316802 0.473684
vt 0.316802 0.500000
vt 0.316802 0.473684
vt 0.316802 0.500000
vt 0.316802 0.473684
vt 0.316802 0.500000
vt 0.316802 0.473684
vt 0.316802 0.500000
vt 0.316802 0.473684
vt 0.316802 0.500000
vt 0.316802 0.473684
vt 0.316802 0.500000
vt 0.316802 0.473684
vt 0.316802 0.500000
vt 0.316802 0.473684
vt 0.316802 0.500000
vt 0.316802 0.473684
vt 0.316802 0.500000
vt 0.316802 0.473684
vt 0.316802 0.500000
vt 0.316802 0.473684
vt 0.316802 0.500000
vt 0.316802 0.473684
vt 0.316802 0.500000
vt 0.316802 0.473684
vt 0.316802 0.500000
vt 0.316802 0.473684
vt 0.316802 0.500000
vt 0.316802 0.473684
vt 0.316802 0.473684
vt 0.316802 0.500000
vt 0.316802 0.500000
vt 0.316802 0.473684
vt 0.157895 0.605263
vt 0.157895 0.605263
vt 0.157895 0.631579
vt 0.157895 0.631579
vt 0.157895 0.605263
vt 0.157895 0.605263
vt 0.157895 0.631579
vt 0.157895 0.605263
vt 0.157895 0.631579
vt 0.157895 0.605263
vt 0.157895 0.605263
vt 0.157895 0.631579
vt 0.157895 0.605263
vt 0.157895 0.605263
vt 0.157895 0.631579
vt 0.157895 0.605263
vt 0.157895 0.631579
vt 0.144737 0.631579
vt 0.144737 0.631579
vt 0.144737 0.657895
vt 0.144737 0.657895
vt 0.144737 0.631579
vt 0.144737 0.631579
vt 0.144737 0.657895
vt 0.144737 0.631579
vt 0.144737 0.631579
vt 0.144737 0.657895
vt 0.144737 0.631579
vt 0.144737 0.631579
vt 0.144737 0.631579
vt 0.144737 0.657895
vt 0.144737 0.631579
vt 0.144737 0.657895
vt 0.266447 0.657895
vt 0.266447 0.684211
vt 0.266447 0.684211
vt 0.266447 0.684211
vt 0.266447 0.657895
vt 0.266447 0.657895
vt 0.266447 0.684211
vt 0.266447 0.657895
vt 0.266447 0.684211
vt 0.266447 0.657895
vt 0.266447 0.684211
vt 0.266447 0.657895
vt 0.266447 0.684211
vt 0.266447 0.657895
vt 0.266447 0.684211
vt 0.266447 0.657895
vt 0.266447 0.684211
vt 0.266447 0.684211
vt 0.266447 0.684211
vt 0.266447 0.684211
vt 0.266447 0.657895
vt 0.266447 0.657895
vt 0.266447 0.684211
vt 0.266447 0.657895
vt 0.266447 0.684211
vt 0.266447 0.657895
vt 0.266447 0.684211
vt 0.266447 0.657895
vt 0.266447 0.684211
vt 0.266447 0.657895
vt 0.266447 0.657895
vt 0.266447 0.684211
vt 0.266447 0.684211
vt 0.266447 0.657895
vt 0.078947 0.684211
vt 0.078947 0.710526
vt 0.078947 0.710526
vt 0.078947 0.684211
vt 0.078947 0.684211
vt 0.078947 0.710526
vt 0.078947 0.684211
vt 0.078947 0.710526
vt 0.105263 0.710526
vt 0.105263 0.736842
vt 0.105263 0.736842
vt 0.105263 0.736842
vt 0.105263 0.710526
vt 0.105263 0.710526
vt 0.105263 0.736842
vt 0.105263 0.736842
vt 0.105263 0.736842
vt 0.105263 0.710526
vt 0.118421 0.736842
vt 0.118421 0.736842
vt 0.118421 0.763158
vt 0.118421 0.763158
vt 0.118421 0.763158
vt 0.118421 0.763158
vt 0.118421 0.736842
vt 0.118421 0.736842
vt 0.118421 0.763158
vt 0.118421 0.763158
vt 0.118421 0.736842
vt 0.118421 0.763158
vt 0.118421 0.763158
vt 0.118421 0.736842
vt 0.118421 0.763158
vt 0.118421 0.763158
vt 0.118421 0.736842
vt 0.210526 0.000000
vt 0.210526 0.000000
vt 0.210526 0.026316
vt 0.210526 0.026316
vt 0.210526 0.026316
vt 0.210526 0.026316
vt 0.210526 0.000000
vt 0.210526 0.000000
vt 0.210526 0.026316
vt 0.210526 0.000000
vt 0.210526 0.026316
vt 0.210526 0.000000
vt 0.210526 0.026316
vt 0.210526 0.000000
vt 0.210526 0.026316
vt 0.210526 0.000000
vt 0.210526 0.026316
vt 0.210526 0.000000
vt 0.210526 0.026316
vt 0.210526 0.000000
vt 0.210526 0.026316
vt 0.210526 0.000000
vt 0.210526 0.000000
vt 0.210526 0.026316
vt 0.210526 0.026316
vt 0.210526 0.000000
vt 0.210526 0.000000
vt 0.210526 0.026316
vt 0.210526 0.026316
vt 0.210526 0.000000
vt 0.210526 0.105263
vt 0.210526 0.105263
vt 0.210526 0.131579
vt 0.210526 0.131579
vt 0.210526 0.105263
vt 0.210526 0.105263
vt 0.210526 0.131579
vt 0.210526 0.105263
vt 0.210526 0.105263
vt 0.210526 0.105263
vt 0.210526 0.105263
vt 0.210526 0.105263
vt 0.210526 0.105263
vt 0.210526 0.105263
vt 0.210526 0.105263
vt 0.210526 0.131579
vt 0.210526 0.105263
vt 0.210526 0.105263
vt 0.210526 0.131579
vt 0.210526 0.105263
vt 0.210526 0.131579
vt 0.236842 0.131579
vt 0.236842 0.157895
vt 0.236842 0.131579
vt 0.236842 0.131579
vt 0.236842 0.157895
vt 0.236842 0.131579
vt 0.236842 0.157895
vt 0.236842 0.131579
vt 0.236842 0.131579
vt 0.236842 0.157895
vt 0.236842 0.184211
vt 0.236842 0.184211
vt 0.236842 0.184211
vt 0.236842 0.184211
vt 0.250000 0.184211
vt 0.250000 0.210526
vt 0.250000 0.184211
vt 0.250000 0.184211
vt 0.250000 0.210526
vt 0.250000 0.184211
vt 0.250000 0.210526
vt 0.250000 0.184211
vt 0.250000 0.184211
vt 0.250000 0.210526
vt 0.250000 0.236842
vt 0.250000 0.236842
vt 0.250000 0.236842
vt 0.250000 0.236842
vt 0.223684 0.236842
vt 0.223684 0.263158
vt 0.223684 0.263158
vt 0.223684 0.263158
vt 0.223684 0.236842
vt 0.223684 0.236842
vt 0.223684 0.263158
vt 0.223684 0.263158
vt 0.223684 0.263158
vt 0.223684 0.236842
vt 0.210526 0.263158
vt 0.210526 0.289474
vt 0.210526 0.289474
vt 0.210526 0.263158
vt 0.210526 0.263158
vt 0.210526 0.289474
vt 0.210526 0.263158
vt 0.210526 0.289474
vt 0.197368 0.289474
vt 0.197368 0.315789
vt 0.197368 0.315789
vt 0.197368 0.315789
vt 0.197368 0.289474
vt 0.197368 0.289474
vt 0.197368 0.315789
vt 0.197368 0.315789
vt 0.197368 0.315789
vt 0.197368 0.289474
vt 0.171053 0.315789
vt 0.171053 0.342105
vt 0.171053 0.342105
vt 0.171053 0.342105
vt 0.171053 0.315789
vt 0.171053 0.315789
vt 0.171053 0.342105
vt 0.171053 0.342105
vt 0.171053 0.342105
vt 0.171053 0.315789
vt 0.157895 0.342105
vt 0.157895 0.342105
vt 0.157895 0.368421
vt 0.157895 0.368421
vt 0.157895 0.368421
vt 0.157895 0.342105
vt 0.157895 0.342105
vt 0.157895 0.368421
vt 0.157895 0.342105
vt 0.157895 0.368421
vt 0.157895 0.342105
vt 0.157895 0.368421
vt 0.157895 0.394737
vt 0.157895 0.394737
vt 0.157895 0.394737
vt 0.157895 0.394737
vt 0.157895 0.394737
vt 0.157895 0.394737
vt 0.157895 0.394737
vt 0.157895 0.394737
vt 0.157895 0.394737
vt 0.157895 0.394737
vt 0.157895 0.421053
vt 0.157895 0.421053
vt 0.157895 0.421053
vt 0.157895 0.421053
vt 0.157895 0.421053
vt 0.157895 0.421053
vt 0.157895 0.421053
vt 0.229323 0.421053
vt 0.229323 0.447368
vt 0.229323 0.447368
vt 0.229323 0.447368
vt 0.229323 0.421053
vt 0.229323 0.421053
vt 0.229323 0.447368
vt 0.229323 0.421053
vt 0.229323 0.447368
vt 0.229323 0.421053
vt 0.229323 0.447368
vt 0.229323 0.421053
vt 0.229323 0.447368
vt 0.229323 0.421053
vt 0.229323 0.447368
vt 0.229323 0.447368
vt 0.229323 0.447368
vt 0.229323 0.447368
vt 0.229323 0.447368
vt 0.229323 0.421053
vt 0.229323 0.421053
vt 0.229323 0.447368
vt 0.229323 0.421053
vt 0.229323 0.447368
vt 0.229323 0.421053
vt 0.229323 0.447368
vt 0.229323 0.421053
vt 0.229323 0.421053
vt 0.229323 0.447368
vt 0.229323 0.447368
vt 0.229323 0.421053
vt 0.316802 0.473684
vt 0.316802 0.500000
vt 0.316802 0.500000
vt 0.316802 0.500000
vt 0.316802 0.473684
vt 0.316802 0.473684
vt 0.316802 0.500000
vt 0.316802 0.473684
vt 0.316802 0.500000
vt 0.316802 0.473684
vt 0.316802 0.500000
vt 0.316802 0.473684
vt 0.316802 0.500000
vt 0.316802 0.473684
vt 0.316802 0.500000
vt 0.316802 0.473684
vt 0.316802 0.500000
vt 0.316802 0.473684
vt 0.316802 0.500000
vt 0.316802 0.473684
vt 0.316802 0.500000
vt 0.316802 0.473684
vt 0.316802 0.500000
vt 0.316802 0.473684
vt 0.316802 0.500000
vt 0.316802 0.473684
vt 0.316802 0.500000
vt 0.316802 0.473684
vt 0.316802 0.500000
vt 0.316802 0.473684
vt 0.316802 0.500000
vt 0.316802 0.473684
vt 0.316802 0.500000
vt 0.316802 0.473684
vt 0.316802 0.500000
vt 0.316802 0.473684
vt 0.316802 0.500000
vt 0.316802 0.473684
vt 0.316802 0.473684
vt 0.316802 0.500000
vt 0.316802 0.500000
vt 0.316802 0.473684
vt 0.171053 0.578947
vt 0.171053 0.578947
vt 0.171053 0.605263
vt 0.171053 0.605263
vt 0.171053 0.578947
vt 0.171053 0.578947
vt 0.171053 0.605263
vt 0.171053 0.578947
vt 0.171053 0.605263
vt 0.171053 0.578947
vt 0.171053 0.578947
vt 0.171053 0.605263
vt 0.171053 0.578947
vt 0.171053 0.578947
vt 0.171053 0.605263
vt 0.171053 0.578947
vt 0.171053 0.578947
vt 0.171053 0.605263
vt 0.171053 0.578947
vt 0.171053 0.578947
vt 0.171053 0.605263
vt 0.171053 0.578947
vt 0.171053 0.605263
vt 0.157895 0.605263
vt 0.157895 0.605263
vt 0.157895 0.631579
vt 0.157895 0.631579
vt 0.157895 0.605263
vt 0.157895 0.605263
vt 0.157895 0.631579
vt 0.157895 0.605263
vt 0.157895 0.631579
vt 0.157895 0.605263
vt 0.157895 0.631579
vt 0.157895 0.605263
vt 0.157895 0.605263
vt 0.157895 0.631579
vt 0.144737 0.631579
vt 0.144737 0.657895
vt 0.144737 0.631579
vt 0.144737 0.631579
vt 0.144737 0.657895
vt 0.144737 0.631579
vt 0.144737 0.657895
vt 0.144737 0.631579
vt 0.144737 0.631579
vt 0.144737 0.657895
vt 0.266447 0.684211
vt 0.266447 0.684211
vt 0.266447 0.657895
vt 0.266447 0.657895
vt 0.266447 0.684211
vt 0.266447 0.657895
vt 0.266447 0.684211
vt 0.266447 0.657895
vt 0.266447 0.684211
vt 0.266447 0.657895
vt 0.266447 0.684211
vt 0.266447 0.657895
vt 0.266447 0.684211
vt 0.266447 0.684211
vt 0.266447 0.684211
vt 0.266447 0.684211
vt 0.266447 0.684211
vt 0.266447 0.684211
vt 0.266447 0.657895
vt 0.266447 0.657895
vt 0.266447 0.684211
vt 0.266447 0.657895
vt 0.266447 0.684211
vt 0.266447 0.657895
vt 0.266447 0.684211
vt 0.266447 0.657895
vt 0.266447 0.684211
vt 0.266447 0.657895
vt 0.078947 0.710526
vt 0.078947 0.684211
vt 0.078947 0.684211
vt 0.078947 0.710526
vt 0.105263 0.710526
vt 0.105263 0.736842
vt 0.105263 0.736842
vt 0.105263 0.736842
vt 0.105263 0.710526
vt 0.105263 0.710526
vt 0.105263 0.710526
vt 0.105263 0.736842
vt 0.105263 0.736842
vt 0.105263 0.736842
vt 0.105263 0.710526
vt 0.105263 0.710526
vt 0.118421 0.736842
vt 0.118421 0.763158
vt 0.118421 0.763158
vt 0.118421 0.763158
vt 0.118421 0.736842
vt 0.118421 0.763158
vt 0.118421 0.763158
vt 0.118421 0.763158
vt 0.118421 0.763158
vt 0.118421 0.736842
vt 0.118421 0.763158
vt 0.118421 0.763158
vt 0.118421 0.736842
vt 0.202632 0.815789
vt 0.202632 0.815789
vt 0.202632 0.842105
vt 0.202632 0.842105
vt 0.202632 0.842105
vt 0.202632 0.842105
vt 0.202632 0.815789
vt 0.202632 0.815789
vt 0.202632 0.815789
vt 0.202632 0.842105
vt 0.202632 0.842105
vt 0.202632 0.815789
vt 0.202632 0.815789
vt 0.202632 0.842105
vt 0.202632 0.842105
vt 0.202632 0.815789
vt 0.202632 0.815789
vt 0.202632 0.842105
vt 0.202632 0.842105
vt 0.202632 0.815789
vt 0.202632 0.815789
vt 0.202632 0.842105
vt 0.202632 0.842105
vt 0.202632 0.815789
vt 0.202632 0.815789
vt 0.202632 0.842105
vt 0.202632 0.842105
vt 0.202632 0.815789
vt 0.210526 0.000000
vt 0.210526 0.026316
vt 0.210526 0.026316
vt 0.210526 0.026316
vt 0.210526 0.000000
vt 0.210526 0.000000
vt 0.210526 0.026316
vt 0.210526 0.000000
vt 0.210526 0.026316
vt 0.210526 0.000000
vt 0.210526 0.026316
vt 0.210526 0.000000
vt 0.210526 0.000000
vt 0.210526 0.000000
vt 0.210526 0.000000
vt 0.210526 0.000000
vt 0.210526 0.026316
vt 0.210526 0.026316
vt 0.210526 0.000000
vt 0.210526 0.026316
vt 0.210526 0.000000
vt 0.210526 0.026316
vt 0.210526 0.000000
vt 0.210526 0.000000
vt 0.210526 0.026316
vt 0.210526 0.026316
vt 0.210526 0.000000
vt 0.157895 0.026316
vt 0.157895 0.026316
vt 0.157895 0.052632
vt 0.157895 0.052632
vt 0.157895 0.052632
vt 0.157895 0.052632
vt 0.157895 0.026316
vt 0.157895 0.026316
vt 0.157895 0.052632
vt 0.157895 0.052632
vt 0.157895 0.026316
vt 0.157895 0.052632
vt 0.157895 0.052632
vt 0.157895 0.026316
vt 0.157895 0.052632
vt 0.157895 0.052632
vt 0.157895 0.026316
vt 0.171053 0.078947
vt 0.171053 0.078947
vt 0.171053 0.105263
vt 0.171053 0.105263
vt 0.171053 0.078947
vt 0.171053 0.078947
vt 0.171053 0.105263
vt 0.171053 0.078947
vt 0.171053 0.105263
vt 0.171053 0.078947
vt 0.171053 0.078947
vt 0.171053 0.105263
vt 0.171053 0.078947
vt 0.171053 0.078947
vt 0.171053 0.105263
vt 0.171053 0.078947
vt 0.171053 0.078947
vt 0.171053 0.105263
vt 0.171053 0.078947
vt 0.171053 0.078947
vt 0.171053 0.105263
vt 0.171053 0.078947
vt 0.171053 0.105263
vt 0.210526 0.105263
vt 0.210526 0.131579
vt 0.210526 0.105263
vt 0.210526 0.105263
vt 0.210526 0.131579
vt 0.210526 0.105263
vt 0.210526 0.105263
vt 0.210526 0.105263
vt 0.210526 0.105263
vt 0.210526 0.105263
vt 0.210526 0.105263
vt 0.210526 0.131579
vt 0.210526 0.105263
vt 0.210526 0.131579
vt 0.236842 0.131579
vt 0.236842 0.157895
vt 0.236842 0.131579
vt 0.236842 0.131579
vt 0.236842 0.157895
vt 0.236842 0.131579
vt 0.236842 0.157895
vt 0.236842 0.131579
vt 0.236842 0.131579
vt 0.236842 0.157895
vt 0.236842 0.184211
vt 0.236842 0.184211
vt 0.236842 0.184211
vt 0.236842 0.184211
vt 0.250000 0.184211
vt 0.250000 0.210526
vt 0.250000 0.184211
vt 0.250000 0.184211
vt 0.250000 0.210526
vt 0.250000 0.184211
vt 0.250000 0.210526
vt 0.250000 0.184211
vt 0.250000 0.184211
vt 0.250000 0.210526
vt 0.250000 0.236842
vt 0.250000 0.236842
vt 0.250000 0.236842
vt 0.250000 0.236842
vt 0.223684 0.236842
vt 0.223684 0.263158
vt 0.223684 0.263158
vt 0.223684 0.263158
vt 0.223684 0.236842
vt 0.223684 0.236842
vt 0.223684 0.263158
vt 0.223684 0.263158
vt 0.223684 0.263158
vt 0.223684 0.236842
vt 0.210526 0.263158
vt 0.210526 0.289474
vt 0.210526 0.289474
vt 0.210526 0.289474
vt 0.210526 0.263158
vt 0.210526 0.263158
vt 0.210526 0.289474
vt 0.210526 0.289474
vt 0.210526 0.289474
vt 0.210526 0.263158
vt 0.197368 0.315789
vt 0.197368 0.289474
vt 0.197368 0.289474
vt 0.197368 0.315789
vt 0.171053 0.315789
vt 0.171053 0.342105
vt 0.171053 0.342105
vt 0.171053 0.342105
vt 0.171053 0.315789
vt 0.171053 0.315789
vt 0.171053 0.342105
vt 0.171053 0.342105
vt 0.171053 0.342105
vt 0.171053 0.315789
vt 0.157895 0.342105
vt 0.157895 0.368421
vt 0.157895 0.368421
vt 0.157895 0.342105
vt 0.157895 0.342105
vt 0.157895 0.368421
vt 0.157895 0.342105
vt 0.157895 0.368421
vt 0.157895 0.394737
vt 0.157895 0.394737
vt 0.157895 0.394737
vt 0.157895 0.394737
vt 0.157895 0.394737
vt 0.157895 0.394737
vt 0.157895 0.421053
vt 0.157895 0.421053
vt 0.157895 0.421053
vt 0.157895 0.421053
vt 0.157895 0.421053
vt 0.157895 0.421053
vt 0.229323 0.421053
vt 0.229323 0.447368
vt 0.229323 0.447368
vt 0.229323 0.447368
vt 0.229323 0.421053
vt 0.229323 0.421053
vt 0.229323 0.447368
vt 0.229323 0.421053
vt 0.229323 0.447368
vt 0.229323 0.421053
vt 0.229323 0.447368
vt 0.229323 0.421053
vt 0.229323 0.447368
vt 0.229323 0.447368
vt 0.229323 0.447368
vt 0.229323 0.447368
vt 0.229323 0.421053
vt 0.229323 0.421053
vt 0.229323 0.447368
vt 0.229323 0.421053
vt 0.229323 0.447368
vt 0.229323 0.421053
vt 0.229323 0.421053
vt 0.229323 0.447368
vt 0.229323 0.447368
vt 0.229323 0.421053
vt 0.184211 0.447368
vt 0.184211 0.447368
vt 0.184211 0.473684
vt 0.184211 0.473684
vt 0.184211 0.473684
vt 0.184211 0.447368
vt 0.184211 0.447368
vt 0.184211 0.473684
vt 0.184211 0.447368
vt 0.184211 0.473684
vt 0.184211 0.447368
vt 0.184211 0.473684
vt 0.184211 0.447368
vt 0.184211 0.473684
vt 0.184211 0.447368
vt 0.184211 0.473684
vt 0.184211 0.447368
vt 0.184211 0.473684
vt 0.316802 0.473684
vt 0.316802 0.500000
vt 0.316802 0.500000
vt 0.316802 0.500000
vt 0.316802 0.473684
vt 0.316802 0.473684
vt 0.316802 0.500000
vt 0.316802 0.473684
vt 0.316802 0.500000
vt 0.316802 0.473684
vt 0.316802 0.500000
vt 0.316802 0.473684
vt 0.316802 0.500000
vt 0.316802 0.473684
vt 0.316802 0.500000
vt 0.316802 0.473684
vt 0.316802 0.500000
vt 0.316802 0.473684
vt 0.316802 0.500000
vt 0.316802 0.500000
vt 0.316802 0.500000
vt 0.316802 0.500000
vt 0.316802 0.500000
vt 0.316802 0.500000
vt 0.316802 0.500000
vt 0.316802 0.473684
vt 0.316802 0.473684
vt 0.316802 0.500000
vt 0.316802 0.473684
vt 0.316802 0.500000
vt 0.316802 0.473684
vt 0.316802 0.500000
vt 0.316802 0.473684
vt 0.316802 0.500000
vt 0.316802 0.473684
vt 0.316802 0.500000
vt 0.316802 0.473684
vt 0.316802 0.473684
vt 0.316802 0.500000
vt 0.316802 0.500000
vt 0.316802 0.473684
vt 0.171053 0.578947
vt 0.171053 0.605263
vt 0.171053 0.578947
vt 0.171053 0.578947
vt 0.171053 0.605263
vt 0.171053 0.578947
vt 0.171053 0.578947
vt 0.171053 0.578947
vt 0.171053 0.578947
vt 0.171053 0.578947
vt 0.171053 0.578947
vt 0.171053 0.578947
vt 0.171053 0.605263
vt 0.171053 0.578947
vt 0.171053 0.605263
vt 0.157895 0.605263
vt 0.157895 0.631579
vt 0.157895 0.605263
vt 0.157895 0.605263
vt 0.157895 0.631579
vt 0.157895 0.605263
vt 0.157895 0.631579
vt 0.157895 0.605263
vt 0.157895 0.605263
vt 0.157895 0.631579
vt 0.144737 0.657895
vt 0.144737 0.631579
vt 0.144737 0.631579
vt 0.144737 0.657895
vt 0.266447 0.684211
vt 0.266447 0.684211
vt 0.266447 0.657895
vt 0.266447 0.657895
vt 0.266447 0.684211
vt 0.266447 0.657895
vt 0.266447 0.684211
vt 0.266447 0.657895
vt 0.266447 0.684211
vt 0.266447 0.657895
vt 0.266447 0.684211
vt 0.266447 0.657895
vt 0.266447 0.684211
vt 0.266447 0.684211
vt 0.266447 0.684211
vt 0.266447 0.684211
vt 0.266447 0.684211
vt 0.266447 0.684211
vt 0.266447 0.657895
vt 0.266447 0.657895
vt 0.266447 0.684211
vt 0.266447 0.657895
vt 0.266447 0.684211
vt 0.266447 0.657895
vt 0.266447 0.684211
vt 0.266447 0.657895
vt 0.266447 0.684211
vt 0.266447 0.657895
vt 0.078947 0.710526
vt 0.078947 0.684211
vt 0.078947 0.684211
vt 0.078947 0.710526
vt 0.105263 0.710526
vt 0.105263 0.710526
vt 0.105263 0.736842
vt 0.105263 0.710526
vt 0.105263 0.710526
vt 0.105263 0.736842
vt 0.118421 0.736842
vt 0.118421 0.763158
vt 0.118421 0.763158
vt 0.118421 0.763158
vt 0.118421 0.736842
vt 0.118421 0.763158
vt 0.118421 0.763158
vt 0.118421 0.763158
vt 0.118421 0.763158
vt 0.118421 0.763158
vt 0.118421 0.763158
vt 0.118421 0.736842
vt 0.118421 0.763158
vt 0.118421 0.763158
vt 0.118421 0.736842
vt 0.202632 0.815789
vt 0.202632 0.815789
vt 0.202632 0.842105
vt 0.202632 0.842105
vt 0.202632 0.842105
vt 0.202632 0.842105
vt 0.202632 0.815789
vt 0.202632 0.815789
vt 0.202632 0.842105
vt 0.202632 0.815789
vt 0.202632 0.842105
vt 0.202632 0.815789
vt 0.202632 0.815789
vt 0.202632 0.815789
vt 0.202632 0.815789
vt 0.202632 0.815789
vt 0.202632 0.842105
vt 0.202632 0.842105
vt 0.202632 0.815789
vt 0.202632 0.815789
vt 0.202632 0.842105
vt 0.202632 0.842105
vt 0.202632 0.815789
vt 0.202632 0.815789
vt 0.202632 0.842105
vt 0.202632 0.842105
vt 0.202632 0.815789
vt 0.144737 0.842105
vt 0.144737 0.842105
vt 0.144737 0.868421
vt 0.144737 0.868421
vt 0.144737 0.868421
vt 0.144737 0.868421
vt 0.144737 0.842105
vt 0.144737 0.842105
vt 0.144737 0.868421
vt 0.144737 0.868421
vt 0.144737 0.842105
vt 0.144737 0.868421
vt 0.144737 0.868421
vt 0.144737 0.842105
vt 0.144737 0.868421
vt 0.144737 0.868421
vt 0.144737 0.842105
vt 0.210526 0.000000
vt 0.210526 0.026316
vt 0.210526 0.026316
vt 0.210526 0.026316
vt 0.210526 0.000000
vt 0.210526 0.000000
vt 0.210526 0.026316
vt 0.210526 0.000000
vt 0.210526 0.026316
vt 0.210526 0.000000
vt 0.210526 0.000000
vt 0.210526 0.000000
vt 0.210526 0.000000
vt 0.210526 0.000000
vt 0.210526 0.000000
vt 0.210526 0.000000
vt 0.210526 0.000000
vt 0.210526 0.000000
vt 0.210526 0.026316
vt 0.210526 0.026316
vt 0.210526 0.000000
vt 0.210526 0.026316
vt 0.210526 0.000000
vt 0.210526 0.000000
vt 0.210526 0.026316
vt 0.210526 0.026316
vt 0.210526 0.000000
vt 0.157895 0.026316
vt 0.157895 0.026316
vt 0.157895 0.052632
vt 0.157895 0.052632
vt 0.157895 0.052632
vt 0.157895 0.052632
vt 0.157895 0.026316
vt 0.157895 0.052632
vt 0.157895 0.026316
vt 0.157895 0.052632
vt 0.157895 0.052632
vt 0.157895 0.052632
vt 0.157895 0.026316
vt 0.157895 0.052632
vt 0.157895 0.052632
vt 0.157895 0.026316
vt 0.131579 0.052632
vt 0.131579 0.052632
vt 0.131579 0.078947
vt 0.131579 0.078947
vt 0.131579 0.078947
vt 0.131579 0.052632
vt 0.131579 0.052632
vt 0.131579 0.078947
vt 0.131579 0.052632
vt 0.131579 0.078947
vt 0.131579 0.052632
vt 0.131579 0.078947
vt 0.131579 0.052632
vt 0.131579 0.078947
vt 0.171053 0.078947
vt 0.171053 0.105263
vt 0.171053 0.078947
vt 0.171053 0.078947
vt 0.171053 0.105263
vt 0.171053 0.078947
vt 0.171053 0.078947
vt 0.171053 0.078947
vt 0.171053 0.078947
vt 0.171053 0.105263
vt 0.171053 0.078947
vt 0.171053 0.105263
vt 0.210526 0.105263
vt 0.210526 0.131579
vt 0.210526 0.105263
vt 0.210526 0.105263
vt 0.210526 0.131579
vt 0.210526 0.105263
vt 0.210526 0.105263
vt 0.210526 0.105263
vt 0.210526 0.105263
vt 0.210526 0.105263
vt 0.210526 0.105263
vt 0.210526 0.131579
vt 0.210526 0.105263
vt 0.210526 0.131579
vt 0.236842 0.131579
vt 0.236842 0.157895
vt 0.236842 0.131579
vt 0.236842 0.131579
vt 0.236842 0.157895
vt 0.236842 0.131579
vt 0.236842 0.157895
vt 0.236842 0.131579
vt 0.236842 0.131579
vt 0.236842 0.157895
vt 0.236842 0.184211
vt 0.236842 0.184211
vt 0.236842 0.184211
vt 0.236842 0.184211
vt 0.250000 0.184211
vt 0.250000 0.210526
vt 0.250000 0.184211
vt 0.250000 0.184211
vt 0.250000 0.210526
vt 0.250000 0.184211
vt 0.250000 0.210526
vt 0.250000 0.184211
vt 0.250000 0.184211
vt 0.250000 0.210526
vt 0.250000 0.236842
vt 0.250000 0.236842
vt 0.250000 0.236842
vt 0.250000 0.236842
vt 0.250000 0.236842
vt 0.250000 0.236842
vt 0.223684 0.263158
vt 0.223684 0.263158
vt 0.223684 0.236842
vt 0.223684 0.263158
vt 0.223684 0.263158
vt 0.223684 0.236842
vt 0.210526 0.289474
vt 0.210526 0.263158
vt 0.210526 0.263158
vt 0.210526 0.289474
vt 0.197368 0.289474
vt 0.197368 0.315789
vt 0.197368 0.315789
vt 0.197368 0.315789
vt 0.197368 0.289474
vt 0.197368 0.289474
vt 0.197368 0.315789
vt 0.197368 0.315789
vt 0.197368 0.315789
vt 0.197368 0.289474
vt 0.171053 0.342105
vt 0.171053 0.342105
vt 0.171053 0.315789
vt 0.171053 0.342105
vt 0.171053 0.342105
vt 0.171053 0.315789
vt 0.157895 0.368421
vt 0.157895 0.342105
vt 0.157895 0.342105
vt 0.157895 0.368421
vt 0.157895 0.394737
vt 0.157895 0.394737
vt 0.157895 0.421053
vt 0.157895 0.421053
vt 0.157895 0.421053
vt 0.157895 0.421053
vt 0.229323 0.447368
vt 0.229323 0.447368
vt 0.229323 0.421053
vt 0.229323 0.421053
vt 0.229323 0.447368
vt 0.229323 0.421053
vt 0.229323 0.447368
vt 0.229323 0.421053
vt 0.229323 0.447368
vt 0.229323 0.447368
vt 0.229323 0.447368
vt 0.229323 0.447368
vt 0.229323 0.421053
vt 0.229323 0.421053
vt 0.229323 0.447368
vt 0.229323 0.421053
vt 0.229323 0.447368
vt 0.229323 0.421053
vt 0.184211 0.447368
vt 0.184211 0.473684
vt 0.184211 0.473684
vt 0.184211 0.447368
vt 0.184211 0.447368
vt 0.184211 0.473684
vt 0.184211 0.447368
vt 0.184211 0.473684
vt 0.316802 0.473684
vt 0.316802 0.500000
vt 0.316802 0.500000
vt 0.316802 0.500000
vt 0.316802 0.473684
vt 0.316802 0.473684
vt 0.316802 0.500000
vt 0.316802 0.473684
vt 0.316802 0.500000
vt 0.316802 0.473684
vt 0.316802 0.500000
vt 0.316802 0.473684
vt 0.316802 0.500000
vt 0.316802 0.473684
vt 0.316802 0.500000
vt 0.316802 0.473684
vt 0.316802 0.500000
vt 0.316802 0.473684
vt 0.316802 0.500000
vt 0.316802 0.500000
vt 0.316802 0.500000
vt 0.316802 0.500000
vt 0.316802 0.500000
vt 0.316802 0.500000
vt 0.316802 0.500000
vt 0.316802 0.500000
vt 0.316802 0.500000
vt 0.316802 0.473684
vt 0.316802 0.473684
vt 0.316802 0.500000
vt 0.316802 0.473684
vt 0.316802 0.500000
vt 0.316802 0.473684
vt 0.316802 0.500000
vt 0.316802 0.473684
vt 0.316802 0.500000
vt 0.316802 0.473684
vt 0.316802 0.500000
vt 0.316802 0.473684
vt 0.316802 0.473684
vt 0.316802 0.500000
vt 0.316802 0.500000
vt 0.316802 0.473684
vt 0.171053 0.578947
vt 0.171053 0.605263
vt 0.171053 0.578947
vt 0.171053 0.578947
vt 0.171053 0.605263
vt 0.171053 0.578947
vt 0.171053 0.578947
vt 0.171053 0.578947
vt 0.171053 0.578947
vt 0.171053 0.578947
vt 0.171053 0.578947
vt 0.171053 0.578947
vt 0.171053 0.578947
vt 0.171053 0.578947
vt 0.171053 0.605263
vt 0.171053 0.578947
vt 0.171053 0.605263
vt 0.157895 0.631579
vt 0.157895 0.605263
vt 0.157895 0.605263
vt 0.157895 0.631579
vt 0.144737 0.657895
vt 0.144737 0.631579
vt 0.144737 0.631579
vt 0.144737 0.657895
vt 0.266447 0.684211
vt 0.266447 0.684211
vt 0.266447 0.657895
vt 0.266447 0.657895
vt 0.266447 0.684211
vt 0.266447 0.657895
vt 0.266447 0.684211
vt 0.266447 0.657895
vt 0.266447 0.684211
vt 0.266447 0.657895
vt 0.266447 0.684211
vt 0.266447 0.657895
vt 0.266447 0.684211
vt 0.266447 0.684211
vt 0.266447 0.684211
vt 0.266447 0.684211
vt 0.266447 0.684211
vt 0.266447 0.684211
vt 0.266447 0.657895
vt 0.266447 0.657895
vt 0.266447 0.684211
vt 0.266447 0.657895
vt 0.266447 0.684211
vt 0.266447 0.657895
vt 0.266447 0.684211
vt 0.266447 0.657895
vt 0.266447 0.684211
vt 0.266447 0.657895
vt 0.078947 0.684211
vt 0.078947 0.710526
vt 0.078947 0.710526
vt 0.078947 0.684211
vt 0.078947 0.684211
vt 0.078947 0.710526
vt 0.078947 0.710526
vt 0.078947 0.684211
vt 0.105263 0.710526
vt 0.105263 0.710526
vt 0.105263 0.736842
vt 0.105263 0.710526
vt 0.105263 0.710526
vt 0.105263 0.736842
vt 0.118421 0.763158
vt 0.118421 0.763158
vt 0.118421 0.736842
vt 0.118421 0.763158
vt 0.118421 0.763158
vt 0.118421 0.763158
vt 0.118421 0.763158
vt 0.118421 0.736842
vt 0.092105 0.763158
vt 0.092105 0.763158
vt 0.092105 0.789474
vt 0.092105 0.789474
vt 0.092105 0.789474
vt 0.092105 0.789474
vt 0.092105 0.763158
vt 0.092105 0.763158
vt 0.092105 0.789474
vt 0.092105 0.789474
vt 0.092105 0.763158
vt 0.092105 0.789474
vt 0.092105 0.789474
vt 0.092105 0.763158
vt 0.092105 0.789474
vt 0.092105 0.789474
vt 0.092105 0.763158
vt 0.202632 0.815789
vt 0.202632 0.842105
vt 0.202632 0.842105
vt 0.202632 0.842105
vt 0.202632 0.815789
vt 0.202632 0.815789
vt 0.202632 0.842105
vt 0.202632 0.815789
vt 0.202632 0.815789
vt 0.202632 0.815789
vt 0.202632 0.815789
vt 0.202632 0.815789
vt 0.202632 0.815789
vt 0.202632 0.815789
vt 0.202632 0.815789
vt 0.202632 0.815789
vt 0.202632 0.842105
vt 0.202632 0.842105
vt 0.202632 0.815789
vt 0.202632 0.815789
vt 0.202632 0.842105
vt 0.202632 0.842105
vt 0.202632 0.815789
vt 0.144737 0.842105
vt 0.144737 0.842105
vt 0.144737 0.868421
vt 0.144737 0.868421
vt 0.144737 0.868421
vt 0.144737 0.868421
vt 0.144737 0.842105
vt 0.144737 0.868421
vt 0.144737 0.868421
vt 0.144737 0.868421
vt 0.144737 0.868421
vt 0.144737 0.868421
vt 0.144737 0.842105
vt 0.144737 0.868421
vt 0.144737 0.868421
vt 0.144737 0.842105
vt 0.144737 0.868421
vt 0.144737 0.868421
vt 0.144737 0.842105
vt 0.210526 0.026316
vt 0.210526 0.026316
vt 0.210526 0.000000
vt 0.210526 0.000000
vt 0.210526 0.026316
vt 0.210526 0.000000
vt 0.210526 0.000000
vt 0.210526 0.000000
vt 0.210526 0.000000
vt 0.210526 0.000000
vt 0.210526 0.000000
vt 0.210526 0.000000
vt 0.210526 0.000000
vt 0.210526 0.000000
vt 0.210526 0.000000
vt 0.210526 0.000000
vt 0.210526 0.026316
vt 0.210526 0.026316
vt 0.210526 0.000000
vt 0.210526 0.026316
vt 0.210526 0.000000
vt 0.157895 0.026316
vt 0.157895 0.052632
vt 0.157895 0.052632
vt 0.157895 0.052632
vt 0.157895 0.026316
vt 0.157895 0.026316
vt 0.157895 0.052632
vt 0.157895 0.052632
vt 0.157895 0.052632
vt 0.157895 0.026316
vt 0.131579 0.052632
vt 0.131579 0.052632
vt 0.131579 0.078947
vt 0.131579 0.078947
vt 0.131579 0.078947
vt 0.131579 0.052632
vt 0.131579 0.052632
vt 0.131579 0.078947
vt 0.131579 0.052632
vt 0.131579 0.078947
vt 0.131579 0.052632
vt 0.131579 0.078947
vt 0.171053 0.078947
vt 0.171053 0.105263
vt 0.171053 0.078947
vt 0.171053 0.078947
vt 0.171053 0.105263
vt 0.171053 0.078947
vt 0.171053 0.105263
vt 0.171053 0.078947
vt 0.171053 0.078947
vt 0.171053 0.105263
vt 0.210526 0.105263
vt 0.210526 0.105263
vt 0.210526 0.131579
vt 0.210526 0.105263
vt 0.210526 0.105263
vt 0.210526 0.105263
vt 0.210526 0.105263
vt 0.210526 0.131579
vt 0.236842 0.131579
vt 0.236842 0.131579
vt 0.236842 0.157895
vt 0.236842 0.131579
vt 0.236842 0.131579
vt 0.236842 0.157895
vt 0.236842 0.184211
vt 0.236842 0.184211
vt 0.250000 0.184211
vt 0.250000 0.184211
vt 0.250000 0.210526
vt 0.250000 0.184211
vt 0.250000 0.184211
vt 0.250000 0.210526
vt 0.250000 0.236842
vt 0.250000 0.236842
vt 0.250000 0.236842
vt 0.250000 0.236842
vt 0.223684 0.263158
vt 0.223684 0.236842
vt 0.223684 0.236842
vt 0.223684 0.263158
vt 0.210526 0.263158
vt 0.210526 0.289474
vt 0.210526 0.289474
vt 0.210526 0.289474
vt 0.210526 0.263158
vt 0.210526 0.263158
vt 0.210526 0.289474
vt 0.210526 0.289474
vt 0.210526 0.289474
vt 0.210526 0.263158
vt 0.197368 0.315789
vt 0.197368 0.315789
vt 0.197368 0.289474
vt 0.197368 0.315789
vt 0.197368 0.315789
vt 0.197368 0.289474
vt 0.171053 0.342105
vt 0.171053 0.315789
vt 0.171053 0.315789
vt 0.171053 0.342105
vt 0.157895 0.342105
vt 0.157895 0.368421
vt 0.157895 0.368421
vt 0.157895 0.342105
vt 0.157895 0.342105
vt 0.157895 0.368421
vt 0.157895 0.342105
vt 0.157895 0.368421
vt 0.157895 0.394737
vt 0.157895 0.394737
vt 0.157895 0.394737
vt 0.157895 0.394737
vt 0.157895 0.394737
vt 0.157895 0.394737
vt 0.157895 0.421053
vt 0.157895 0.421053
vt 0.229323 0.447368
vt 0.229323 0.447368
vt 0.229323 0.421053
vt 0.229323 0.421053
vt 0.229323 0.447368
vt 0.229323 0.421053
vt 0.229323 0.447368
vt 0.229323 0.421053
vt 0.229323 0.447368
vt 0.229323 0.447368
vt 0.229323 0.421053
vt 0.229323 0.421053
vt 0.229323 0.447368
vt 0.229323 0.421053
vt 0.229323 0.447368
vt 0.229323 0.421053
vt 0.184211 0.447368
vt 0.184211 0.473684
vt 0.184211 0.473684
vt 0.184211 0.447368
vt 0.184211 0.447368
vt 0.184211 0.473684
vt 0.184211 0.447368
vt 0.184211 0.473684
vt 0.316802 0.500000
vt 0.316802 0.500000
vt 0.316802 0.473684
vt 0.316802 0.473684
vt 0.316802 0.500000
vt 0.316802 0.473684
vt 0.316802 0.500000
vt 0.316802 0.473684
vt 0.316802 0.500000
vt 0.316802 0.473684
vt 0.316802 0.500000
vt 0.316802 0.473684
vt 0.316802 0.500000
vt 0.316802 0.473684
vt 0.316802 0.500000
vt 0.316802 0.500000
vt 0.316802 0.500000
vt 0.316802 0.500000
vt 0.316802 0.500000
vt 0.316802 0.500000
vt 0.316802 0.500000
vt 0.316802 0.500000
vt 0.316802 0.500000
vt 0.316802 0.500000
vt 0.316802 0.500000
vt 0.316802 0.473684
vt 0.316802 0.473684
vt 0.316802 0.500000
vt 0.316802 0.473684
vt 0.316802 0.500000
vt 0.316802 0.473684
vt 0.316802 0.500000
vt 0.316802 0.473684
vt 0.316802 0.500000
vt 0.316802 0.473684
vt 0.316802 0.500000
vt 0.316802 0.473684
vt 0.144737 0.552632
vt 0.144737 0.552632
vt 0.144737 0.578947
vt 0.144737 0.578947
vt 0.144737 0.552632
vt 0.144737 0.552632
vt 0.144737 0.578947
vt 0.144737 0.552632
vt 0.144737 0.578947
vt 0.144737 0.552632
vt 0.144737 0.552632
vt 0.144737 0.578947
vt 0.144737 0.552632
vt 0.144737 0.552632
vt 0.144737 0.578947
vt 0.144737 0.552632
vt 0.144737 0.578947
vt 0.171053 0.578947
vt 0.171053 0.605263
vt 0.171053 0.578947
vt 0.171053 0.578947
vt 0.171053 0.605263
vt 0.171053 0.578947
vt 0.171053 0.578947
vt 0.171053 0.578947
vt 0.171053 0.578947
vt 0.171053 0.578947
vt 0.171053 0.578947
vt 0.171053 0.578947
vt 0.171053 0.578947
vt 0.171053 0.605263
vt 0.171053 0.578947
vt 0.171053 0.605263
vt 0.157895 0.605263
vt 0.157895 0.631579
vt 0.157895 0.631579
vt 0.157895 0.605263
vt 0.157895 0.605263
vt 0.157895 0.631579
vt 0.157895 0.605263
vt 0.157895 0.631579
vt 0.144737 0.631579
vt 0.144737 0.657895
vt 0.144737 0.657895
vt 0.144737 0.631579
vt 0.144737 0.631579
vt 0.144737 0.657895
vt 0.144737 0.631579
vt 0.144737 0.657895
vt 0.144737 0.657895
vt 0.144737 0.631579
vt 0.144737 0.631579
vt 0.144737 0.657895
vt 0.266447 0.684211
vt 0.266447 0.684211
vt 0.266447 0.657895
vt 0.266447 0.657895
vt 0.266447 0.684211
vt 0.266447 0.657895
vt 0.266447 0.684211
vt 0.266447 0.657895
vt 0.266447 0.684211
vt 0.266447 0.657895
vt 0.266447 0.684211
vt 0.266447 0.684211
vt 0.266447 0.684211
vt 0.266447 0.684211
vt 0.266447 0.684211
vt 0.266447 0.684211
vt 0.266447 0.684211
vt 0.266447 0.684211
vt 0.266447 0.684211
vt 0.266447 0.684211
vt 0.266447 0.684211
vt 0.266447 0.684211
vt 0.266447 0.657895
vt 0.266447 0.657895
vt 0.266447 0.684211
vt 0.266447 0.657895
vt 0.266447 0.684211
vt 0.266447 0.657895
vt 0.266447 0.684211
vt 0.266447 0.657895
vt 0.078947 0.684211
vt 0.078947 0.710526
vt 0.078947 0.710526
vt 0.078947 0.684211
vt 0.078947 0.710526
vt 0.078947 0.684211
vt 0.078947 0.710526
vt 0.078947 0.684211
vt 0.078947 0.710526
vt 0.078947 0.684211
vt 0.105263 0.710526
vt 0.105263 0.736842
vt 0.105263 0.736842
vt 0.105263 0.710526
vt 0.105263 0.710526
vt 0.105263 0.710526
vt 0.105263 0.710526
vt 0.105263 0.710526
vt 0.105263 0.710526
vt 0.105263 0.736842
vt 0.105263 0.736842
vt 0.105263 0.710526
vt 0.118421 0.736842
vt 0.118421 0.763158
vt 0.118421 0.763158
vt 0.118421 0.736842
vt 0.118421 0.736842
vt 0.118421 0.763158
vt 0.118421 0.763158
vt 0.118421 0.763158
vt 0.118421 0.763158
vt 0.118421 0.736842
vt 0.118421 0.763158
vt 0.118421 0.736842
vt 0.118421 0.736842
vt 0.118421 0.763158
vt 0.092105 0.763158
vt 0.092105 0.789474
vt 0.092105 0.789474
vt 0.092105 0.789474
vt 0.092105 0.763158
vt 0.092105 0.789474
vt 0.092105 0.789474
vt 0.092105 0.789474
vt 0.092105 0.789474
vt 0.092105 0.763158
vt 0.092105 0.789474
vt 0.092105 0.789474
vt 0.092105 0.763158
vt 0.202632 0.842105
vt 0.202632 0.842105
vt 0.202632 0.815789
vt 0.202632 0.815789
vt 0.202632 0.815789
vt 0.202632 0.815789
vt 0.202632 0.815789
vt 0.202632 0.815789
vt 0.202632 0.815789
vt 0.202632 0.815789
vt 0.202632 0.815789
vt 0.202632 0.815789
vt 0.202632 0.815789
vt 0.202632 0.815789
vt 0.202632 0.842105
vt 0.202632 0.842105
vt 0.202632 0.815789
vt 0.144737 0.842105
vt 0.144737 0.868421
vt 0.144737 0.868421
vt 0.144737 0.868421
vt 0.144737 0.842105
vt 0.144737 0.868421
vt 0.144737 0.868421
vt 0.144737 0.868421
vt 0.144737 0.868421
vt 0.144737 0.868421
vt 0.144737 0.868421
vt 0.144737 0.868421
vt 0.144737 0.868421
vt 0.144737 0.842105
vt 0.144737 0.868421
vt 0.144737 0.868421
vt 0.144737 0.842105
vt 0.210526 0.000000
vt 0.210526 0.026316
vt 0.210526 0.026316
vt 0.210526 0.026316
vt 0.210526 0.000000
vt 0.210526 0.000000
vt 0.210526 0.026316
vt 0.210526 0.000000
vt 0.210526 0.026316
vt 0.210526 0.000000
vt 0.210526 0.000000
vt 0.210526 0.000000
vt 0.210526 0.000000
vt 0.210526 0.000000
vt 0.210526 0.000000
vt 0.210526 0.000000
vt 0.210526 0.000000
vt 0.210526 0.000000
vt 0.210526 0.000000
vt 0.210526 0.000000
vt 0.210526 0.026316
vt 0.210526 0.026316
vt 0.210526 0.000000
vt 0.210526 0.026316
vt 0.210526 0.000000
vt 0.210526 0.000000
vt 0.210526 0.026316
vt 0.210526 0.026316
vt 0.210526 0.000000
vt 0.157895 0.052632
vt 0.157895 0.052632
vt 0.157895 0.026316
vt 0.157895 0.052632
vt 0.157895 0.052632
vt 0.157895 0.026316
vt 0.131579 0.078947
vt 0.131579 0.052632
vt 0.131579 0.052632
vt 0.131579 0.078947
vt 0.171053 0.078947
vt 0.171053 0.105263
vt 0.171053 0.078947
vt 0.171053 0.078947
vt 0.171053 0.105263
vt 0.171053 0.078947
vt 0.171053 0.078947
vt 0.171053 0.078947
vt 0.171053 0.078947
vt 0.171053 0.105263
vt 0.171053 0.078947
vt 0.171053 0.105263
vt 0.210526 0.105263
vt 0.210526 0.131579
vt 0.210526 0.105263
vt 0.210526 0.105263
vt 0.210526 0.131579
vt 0.210526 0.105263
vt 0.210526 0.105263
vt 0.210526 0.105263
vt 0.210526 0.105263
vt 0.210526 0.131579
vt 0.210526 0.105263
vt 0.210526 0.131579
vt 0.236842 0.131579
vt 0.236842 0.157895
vt 0.236842 0.131579
vt 0.236842 0.131579
vt 0.236842 0.157895
vt 0.236842 0.131579
vt 0.236842 0.157895
vt 0.236842 0.131579
vt 0.236842 0.131579
vt 0.236842 0.157895
vt 0.236842 0.184211
vt 0.236842 0.184211
vt 0.236842 0.184211
vt 0.236842 0.184211
vt 0.250000 0.210526
vt 0.250000 0.184211
vt 0.250000 0.184211
vt 0.250000 0.210526
vt 0.250000 0.236842
vt 0.250000 0.236842
vt 0.250000 0.236842
vt 0.250000 0.236842
vt 0.223684 0.263158
vt 0.223684 0.236842
vt 0.223684 0.236842
vt 0.223684 0.263158
vt 0.210526 0.289474
vt 0.210526 0.289474
vt 0.210526 0.263158
vt 0.210526 0.289474
vt 0.210526 0.289474
vt 0.210526 0.263158
vt 0.197368 0.315789
vt 0.197368 0.289474
vt 0.197368 0.289474
vt 0.197368 0.315789
vt 0.171053 0.315789
vt 0.171053 0.342105
vt 0.171053 0.342105
vt 0.171053 0.315789
vt 0.171053 0.315789
vt 0.171053 0.342105
vt 0.171053 0.315789
vt 0.171053 0.342105
vt 0.171053 0.342105
vt 0.171053 0.315789
vt 0.171053 0.315789
vt 0.171053 0.342105
vt 0.157895 0.368421
vt 0.157895 0.342105
vt 0.157895 0.342105
vt 0.157895 0.368421
vt 0.157895 0.394737
vt 0.157895 0.394737
vt 0.157895 0.421053
vt 0.157895 0.421053
vt 0.157895 0.421053
vt 0.157895 0.421053
vt 0.229323 0.421053
vt 0.229323 0.447368
vt 0.229323 0.447368
vt 0.229323 0.447368
vt 0.229323 0.421053
vt 0.229323 0.421053
vt 0.229323 0.447368
vt 0.229323 0.421053
vt 0.229323 0.447368
vt 0.229323 0.421053
vt 0.229323 0.447368
vt 0.229323 0.447368
vt 0.229323 0.421053
vt 0.229323 0.421053
vt 0.229323 0.447368
vt 0.229323 0.421053
vt 0.229323 0.421053
vt 0.229323 0.447368
vt 0.229323 0.447368
vt 0.229323 0.421053
vt 0.184211 0.447368
vt 0.184211 0.473684
vt 0.184211 0.473684
vt 0.184211 0.447368
vt 0.184211 0.447368
vt 0.184211 0.473684
vt 0.184211 0.447368
vt 0.184211 0.473684
vt 0.316802 0.473684
vt 0.316802 0.500000
vt 0.316802 0.500000
vt 0.316802 0.500000
vt 0.316802 0.473684
vt 0.316802 0.473684
vt 0.316802 0.500000
vt 0.316802 0.473684
vt 0.316802 0.500000
vt 0.316802 0.473684
vt 0.316802 0.500000
vt 0.316802 0.473684
vt 0.316802 0.500000
vt 0.316802 0.473684
vt 0.316802 0.500000
vt 0.316802 0.473684
vt 0.316802 0.500000
vt 0.316802 0.500000
vt 0.316802 0.500000
vt 0.316802 0.500000
vt 0.316802 0.500000
vt 0.316802 0.500000
vt 0.316802 0.500000
vt 0.316802 0.500000
vt 0.316802 0.500000
vt 0.316802 0.500000
vt 0.316802 0.473684
vt 0.316802 0.473684
vt 0.316802 0.500000
vt 0.316802 0.473684
vt 0.316802 0.500000
vt 0.316802 0.473684
vt 0.316802 0.500000
vt 0.316802 0.473684
vt 0.316802 0.500000
vt 0.316802 0.473684
vt 0.316802 0.473684
vt 0.316802 0.500000
vt 0.316802 0.500000
vt 0.316802 0.473684
vt 0.144737 0.500000
vt 0.144737 0.500000
vt 0.144737 0.526316
vt 0.144737 0.526316
vt 0.144737 0.526316
vt 0.144737 0.500000
vt 0.144737 0.500000
vt 0.144737 0.526316
vt 0.144737 0.500000
vt 0.144737 0.526316
vt 0.144737 0.500000
vt 0.144737 0.526316
vt 0.144737 0.500000
vt 0.144737 0.526316
vt 0.144737 0.552632
vt 0.144737 0.552632
vt 0.144737 0.552632
vt 0.144737 0.552632
vt 0.144737 0.578947
vt 0.144737 0.578947
vt 0.144737 0.552632
vt 0.144737 0.552632
vt 0.144737 0.578947
vt 0.144737 0.552632
vt 0.144737 0.578947
vt 0.144737 0.552632
vt 0.144737 0.552632
vt 0.144737 0.578947
vt 0.144737 0.552632
vt 0.144737 0.578947
vt 0.171053 0.578947
vt 0.171053 0.578947
vt 0.171053 0.605263
vt 0.171053 0.578947
vt 0.171053 0.578947
vt 0.171053 0.578947
vt 0.171053 0.578947
vt 0.171053 0.605263
vt 0.157895 0.631579
vt 0.157895 0.631579
vt 0.157895 0.631579
vt 0.157895 0.605263
vt 0.157895 0.631579
vt 0.157895 0.631579
vt 0.157895 0.631579
vt 0.157895 0.605263
vt 0.144737 0.657895
vt 0.144737 0.631579
vt 0.144737 0.631579
vt 0.144737 0.657895
vt 0.266447 0.684211
vt 0.266447 0.684211
vt 0.266447 0.657895
vt 0.266447 0.657895
vt 0.266447 0.684211
vt 0.266447 0.657895
vt 0.266447 0.684211
vt 0.266447 0.657895
vt 0.266447 0.684211
vt 0.266447 0.657895
vt 0.266447 0.684211
vt 0.266447 0.657895
vt 0.266447 0.657895
vt 0.266447 0.684211
vt 0.266447 0.684211
vt 0.266447 0.684211
vt 0.266447 0.684211
vt 0.266447 0.684211
vt 0.266447 0.684211
vt 0.266447 0.684211
vt 0.266447 0.684211
vt 0.266447 0.684211
vt 0.266447 0.684211
vt 0.266447 0.684211
vt 0.266447 0.684211
vt 0.266447 0.684211
vt 0.266447 0.684211
vt 0.266447 0.657895
vt 0.266447 0.657895
vt 0.266447 0.657895
vt 0.266447 0.684211
vt 0.266447 0.657895
vt 0.266447 0.684211
vt 0.266447 0.657895
vt 0.266447 0.684211
vt 0.266447 0.657895
vt 0.266447 0.684211
vt 0.266447 0.657895
vt 0.105263 0.710526
vt 0.105263 0.736842
vt 0.105263 0.736842
vt 0.105263 0.710526
vt 0.105263 0.710526
vt 0.105263 0.710526
vt 0.105263 0.710526
vt 0.105263 0.710526
vt 0.105263 0.710526
vt 0.105263 0.710526
vt 0.105263 0.710526
vt 0.105263 0.736842
vt 0.105263 0.736842
vt 0.105263 0.710526
vt 0.118421 0.763158
vt 0.118421 0.763158
vt 0.118421 0.736842
vt 0.118421 0.736842
vt 0.118421 0.736842
vt 0.118421 0.763158
vt 0.118421 0.763158
vt 0.118421 0.736842
vt 0.118421 0.736842
vt 0.118421 0.736842
vt 0.092105 0.789474
vt 0.092105 0.789474
vt 0.092105 0.763158
vt 0.092105 0.789474
vt 0.092105 0.789474
vt 0.092105 0.763158
vt 0.092105 0.815789
vt 0.092105 0.815789
vt 0.092105 0.815789
vt 0.092105 0.815789
vt 0.092105 0.815789
vt 0.092105 0.815789
vt 0.092105 0.815789
vt 0.202632 0.815789
vt 0.202632 0.842105
vt 0.202632 0.842105
vt 0.202632 0.842105
vt 0.202632 0.815789
vt 0.202632 0.815789
vt 0.202632 0.842105
vt 0.202632 0.815789
vt 0.202632 0.815789
vt 0.202632 0.815789
vt 0.202632 0.815789
vt 0.202632 0.815789
vt 0.202632 0.815789
vt 0.202632 0.815789
vt 0.202632 0.815789
vt 0.202632 0.842105
vt 0.202632 0.842105
vt 0.202632 0.815789
vt 0.202632 0.815789
vt 0.202632 0.842105
vt 0.202632 0.842105
vt 0.202632 0.815789
vt 0.144737 0.868421
vt 0.144737 0.868421
vt 0.144737 0.842105
vt 0.144737 0.868421
vt 0.144737 0.868421
vt 0.144737 0.868421
vt 0.144737 0.868421
vt 0.144737 0.868421
vt 0.144737 0.868421
vt 0.144737 0.868421
vt 0.144737 0.868421
vt 0.144737 0.868421
vt 0.144737 0.842105
vt 0.210526 0.026316
vt 0.210526 0.026316
vt 0.210526 0.000000
vt 0.210526 0.000000
vt 0.210526 0.026316
vt 0.210526 0.000000
vt 0.210526 0.000000
vt 0.210526 0.000000
vt 0.210526 0.000000
vt 0.210526 0.000000
vt 0.210526 0.000000
vt 0.210526 0.000000
vt 0.210526 0.000000
vt 0.210526 0.000000
vt 0.210526 0.000000
vt 0.210526 0.000000
vt 0.210526 0.000000
vt 0.210526 0.000000
vt 0.210526 0.026316
vt 0.210526 0.026316
vt 0.210526 0.000000
vt 0.210526 0.026316
vt 0.210526 0.000000
vt 0.157895 0.026316
vt 0.157895 0.052632
vt 0.157895 0.052632
vt 0.157895 0.052632
vt 0.157895 0.026316
vt 0.157895 0.026316
vt 0.157895 0.052632
vt 0.157895 0.052632
vt 0.157895 0.052632
vt 0.157895 0.026316
vt 0.131579 0.052632
vt 0.131579 0.078947
vt 0.131579 0.078947
vt 0.131579 0.052632
vt 0.131579 0.052632
vt 0.131579 0.078947
vt 0.131579 0.052632
vt 0.131579 0.078947
vt 0.171053 0.078947
vt 0.171053 0.078947
vt 0.171053 0.105263
vt 0.171053 0.078947
vt 0.171053 0.078947
vt 0.171053 0.105263
vt 0.210526 0.105263
vt 0.210526 0.105263
vt 0.210526 0.131579
vt 0.210526 0.105263
vt 0.210526 0.105263
vt 0.210526 0.105263
vt 0.210526 0.105263
vt 0.210526 0.131579
vt 0.236842 0.131579
vt 0.236842 0.131579
vt 0.236842 0.157895
vt 0.236842 0.131579
vt 0.236842 0.131579
vt 0.236842 0.157895
vt 0.236842 0.184211
vt 0.236842 0.184211
vt 0.250000 0.210526
vt 0.250000 0.184211
vt 0.250000 0.184211
vt 0.250000 0.210526
vt 0.250000 0.236842
vt 0.250000 0.236842
vt 0.223684 0.236842
vt 0.223684 0.263158
vt 0.223684 0.263158
vt 0.223684 0.236842
vt 0.223684 0.236842
vt 0.223684 0.263158
vt 0.223684 0.236842
vt 0.223684 0.263158
vt 0.223684 0.263158
vt 0.223684 0.236842
vt 0.223684 0.236842
vt 0.223684 0.263158
vt 0.210526 0.289474
vt 0.210526 0.263158
vt 0.210526 0.263158
vt 0.210526 0.289474
vt 0.197368 0.289474
vt 0.197368 0.315789
vt 0.197368 0.315789
vt 0.197368 0.289474
vt 0.197368 0.289474
vt 0.197368 0.315789
vt 0.197368 0.315789
vt 0.197368 0.315789
vt 0.197368 0.315789
vt 0.197368 0.315789
vt 0.197368 0.315789
vt 0.197368 0.289474
vt 0.197368 0.315789
vt 0.197368 0.289474
vt 0.197368 0.289474
vt 0.197368 0.315789
vt 0.171053 0.342105
vt 0.171053 0.315789
vt 0.171053 0.315789
vt 0.171053 0.342105
vt 0.157895 0.368421
vt 0.157895 0.342105
vt 0.157895 0.342105
vt 0.157895 0.368421
vt 0.157895 0.394737
vt 0.157895 0.394737
vt 0.157895 0.421053
vt 0.157895 0.421053
vt 0.229323 0.447368
vt 0.229323 0.447368
vt 0.229323 0.421053
vt 0.229323 0.421053
vt 0.229323 0.447368
vt 0.229323 0.421053
vt 0.229323 0.421053
vt 0.229323 0.421053
vt 0.229323 0.421053
vt 0.229323 0.447368
vt 0.229323 0.447368
vt 0.229323 0.421053
vt 0.229323 0.447368
vt 0.229323 0.421053
vt 0.184211 0.447368
vt 0.184211 0.473684
vt 0.184211 0.473684
vt 0.184211 0.447368
vt 0.184211 0.447368
vt 0.184211 0.473684
vt 0.184211 0.447368
vt 0.184211 0.473684
vt 0.316802 0.500000
vt 0.316802 0.500000
vt 0.316802 0.473684
vt 0.316802 0.473684
vt 0.316802 0.500000
vt 0.316802 0.473684
vt 0.316802 0.500000
vt 0.316802 0.473684
vt 0.316802 0.500000
vt 0.316802 0.473684
vt 0.316802 0.500000
vt 0.316802 0.473684
vt 0.316802 0.500000
vt 0.316802 0.500000
vt 0.316802 0.500000
vt 0.316802 0.500000
vt 0.316802 0.500000
vt 0.316802 0.500000
vt 0.316802 0.500000
vt 0.316802 0.500000
vt 0.316802 0.473684
vt 0.316802 0.473684
vt 0.316802 0.500000
vt 0.316802 0.473684
vt 0.316802 0.500000
vt 0.316802 0.473684
vt 0.316802 0.500000
vt 0.316802 0.473684
vt 0.316802 0.500000
vt 0.316802 0.473684
vt 0.144737 0.500000
vt 0.144737 0.500000
vt 0.144737 0.526316
vt 0.144737 0.526316
vt 0.144737 0.526316
vt 0.144737 0.500000
vt 0.144737 0.500000
vt 0.144737 0.526316
vt 0.144737 0.500000
vt 0.144737 0.526316
vt 0.144737 0.500000
vt 0.144737 0.526316
vt 0.144737 0.552632
vt 0.144737 0.552632
vt 0.144737 0.552632
vt 0.144737 0.578947
vt 0.144737 0.552632
vt 0.144737 0.578947
vt 0.144737 0.552632
vt 0.144737 0.578947
vt 0.144737 0.552632
vt 0.144737 0.578947
vt 0.171053 0.578947
vt 0.171053 0.578947
vt 0.171053 0.605263
vt 0.171053 0.578947
vt 0.171053 0.578947
vt 0.171053 0.605263
vt 0.157895 0.631579
vt 0.157895 0.631579
vt 0.157895 0.605263
vt 0.157895 0.631579
vt 0.157895 0.631579
vt 0.157895 0.605263
vt 0.144737 0.657895
vt 0.144737 0.631579
vt 0.144737 0.631579
vt 0.144737 0.657895
vt 0.266447 0.657895
vt 0.266447 0.684211
vt 0.266447 0.684211
vt 0.266447 0.657895
vt 0.266447 0.684211
vt 0.266447 0.657895
vt 0.266447 0.684211
vt 0.266447 0.657895
vt 0.266447 0.684211
vt 0.266447 0.657895
vt 0.266447 0.684211
vt 0.266447 0.657895
vt 0.266447 0.684211
vt 0.266447 0.684211
vt 0.266447 0.684211
vt 0.266447 0.684211
vt 0.266447 0.684211
vt 0.266447 0.684211
vt 0.266447 0.684211
vt 0.266447 0.684211
vt 0.266447 0.684211
vt 0.266447 0.684211
vt 0.266447 0.684211
vt 0.266447 0.657895
vt 0.266447 0.657895
vt 0.266447 0.684211
vt 0.266447 0.657895
vt 0.266447 0.684211
vt 0.266447 0.657895
vt 0.266447 0.684211
vt 0.266447 0.657895
vt 0.266447 0.684211
vt 0.266447 0.657895
vt 0.105263 0.710526
vt 0.105263 0.736842
vt 0.105263 0.736842
vt 0.105263 0.710526
vt 0.105263 0.736842
vt 0.105263 0.710526
vt 0.105263 0.736842
vt 0.105263 0.710526
vt 0.105263 0.736842
vt 0.105263 0.710526
vt 0.118421 0.736842
vt 0.118421 0.763158
vt 0.118421 0.763158
vt 0.118421 0.736842
vt 0.118421 0.736842
vt 0.118421 0.736842
vt 0.118421 0.736842
vt 0.118421 0.736842
vt 0.118421 0.736842
vt 0.118421 0.763158
vt 0.118421 0.763158
vt 0.118421 0.736842
vt 0.092105 0.763158
vt 0.092105 0.789474
vt 0.092105 0.789474
vt 0.092105 0.763158
vt 0.092105 0.763158
vt 0.092105 0.789474
vt 0.092105 0.763158
vt 0.092105 0.789474
vt 0.092105 0.789474
vt 0.092105 0.763158
vt 0.092105 0.763158
vt 0.092105 0.789474
vt 0.092105 0.815789
vt 0.092105 0.815789
vt 0.092105 0.815789
vt 0.092105 0.815789
vt 0.202632 0.842105
vt 0.202632 0.842105
vt 0.202632 0.815789
vt 0.202632 0.815789
vt 0.202632 0.842105
vt 0.202632 0.815789
vt 0.202632 0.815789
vt 0.202632 0.815789
vt 0.202632 0.815789
vt 0.202632 0.815789
vt 0.202632 0.815789
vt 0.202632 0.842105
vt 0.202632 0.842105
vt 0.202632 0.815789
vt 0.202632 0.842105
vt 0.202632 0.815789
vt 0.144737 0.868421
vt 0.144737 0.868421
vt 0.144737 0.842105
vt 0.144737 0.868421
vt 0.144737 0.868421
vt 0.144737 0.868421
vt 0.144737 0.868421
vt 0.144737 0.868421
vt 0.144737 0.868421
vt 0.144737 0.868421
vt 0.144737 0.868421
vt 0.144737 0.868421
vt 0.144737 0.842105
vt 0.092105 0.921053
vt 0.092105 0.921053
vt 0.092105 0.947368
vt 0.092105 0.947368
vt 0.092105 0.947368
vt 0.092105 0.947368
vt 0.092105 0.921053
vt 0.092105 0.921053
vt 0.092105 0.921053
vt 0.092105 0.947368
vt 0.092105 0.947368
vt 0.092105 0.921053
vt 0.092105 0.921053
vt 0.092105 0.947368
vt 0.092105 0.947368
vt 0.092105 0.921053
vt 0.092105 0.921053
vt 0.092105 0.947368
vt 0.092105 0.947368
vt 0.092105 0.921053
vt 0.210526 0.026316
vt 0.210526 0.026316
vt 0.210526 0.000000
vt 0.210526 0.000000
vt 0.210526 0.026316
vt 0.210526 0.000000
vt 0.210526 0.000000
vt 0.210526 0.000000
vt 0.210526 0.000000
vt 0.210526 0.000000
vt 0.210526 0.000000
vt 0.210526 0.000000
vt 0.210526 0.000000
vt 0.210526 0.000000
vt 0.210526 0.000000
vt 0.210526 0.000000
vt 0.210526 0.000000
vt 0.210526 0.000000
vt 0.210526 0.026316
vt 0.210526 0.026316
vt 0.210526 0.000000
vt 0.210526 0.026316
vt 0.210526 0.000000
vt 0.157895 0.052632
vt 0.157895 0.052632
vt 0.157895 0.026316
vt 0.157895 0.052632
vt 0.157895 0.052632
vt 0.157895 0.026316
vt 0.131579 0.078947
vt 0.131579 0.052632
vt 0.131579 0.052632
vt 0.131579 0.078947
vt 0.171053 0.078947
vt 0.171053 0.078947
vt 0.171053 0.105263
vt 0.171053 0.078947
vt 0.171053 0.078947
vt 0.171053 0.105263
vt 0.210526 0.105263
vt 0.210526 0.105263
vt 0.210526 0.131579
vt 0.210526 0.105263
vt 0.210526 0.105263
vt 0.210526 0.105263
vt 0.210526 0.105263
vt 0.210526 0.131579
vt 0.236842 0.131579
vt 0.236842 0.131579
vt 0.236842 0.157895
vt 0.236842 0.131579
vt 0.236842 0.131579
vt 0.236842 0.157895
vt 0.236842 0.184211
vt 0.236842 0.184211
vt 0.250000 0.184211
vt 0.250000 0.210526
vt 0.250000 0.210526
vt 0.250000 0.184211
vt 0.250000 0.184211
vt 0.250000 0.210526
vt 0.250000 0.184211
vt 0.250000 0.210526
vt 0.250000 0.210526
vt 0.250000 0.184211
vt 0.250000 0.184211
vt 0.250000 0.210526
vt 0.250000 0.236842
vt 0.250000 0.236842
vt 0.250000 0.236842
vt 0.250000 0.236842
vt 0.250000 0.236842
vt 0.250000 0.236842
vt 0.250000 0.236842
vt 0.250000 0.236842
vt 0.250000 0.236842
vt 0.250000 0.236842
vt 0.223684 0.263158
vt 0.223684 0.236842
vt 0.223684 0.236842
vt 0.223684 0.263158
vt 0.210526 0.289474
vt 0.210526 0.289474
vt 0.210526 0.289474
vt 0.210526 0.263158
vt 0.210526 0.289474
vt 0.210526 0.289474
vt 0.210526 0.289474
vt 0.210526 0.263158
vt 0.197368 0.315789
vt 0.197368 0.315789
vt 0.197368 0.289474
vt 0.197368 0.315789
vt 0.197368 0.315789
vt 0.197368 0.289474
vt 0.171053 0.342105
vt 0.171053 0.315789
vt 0.171053 0.315789
vt 0.171053 0.342105
vt 0.157895 0.342105
vt 0.157895 0.368421
vt 0.157895 0.368421
vt 0.157895 0.342105
vt 0.157895 0.342105
vt 0.157895 0.368421
vt 0.157895 0.368421
vt 0.157895 0.342105
vt 0.157895 0.394737
vt 0.157895 0.394737
vt 0.157895 0.394737
vt 0.157895 0.394737
vt 0.157895 0.421053
vt 0.157895 0.421053
vt 0.229323 0.447368
vt 0.229323 0.447368
vt 0.229323 0.421053
vt 0.229323 0.421053
vt 0.229323 0.447368
vt 0.229323 0.421053
vt 0.229323 0.421053
vt 0.229323 0.421053
vt 0.229323 0.421053
vt 0.229323 0.447368
vt 0.229323 0.447368
vt 0.229323 0.421053
vt 0.229323 0.447368
vt 0.229323 0.421053
vt 0.184211 0.473684
vt 0.184211 0.447368
vt 0.184211 0.447368
vt 0.184211 0.473684
vt 0.316802 0.500000
vt 0.316802 0.500000
vt 0.316802 0.473684
vt 0.316802 0.473684
vt 0.316802 0.500000
vt 0.316802 0.473684
vt 0.316802 0.500000
vt 0.316802 0.473684
vt 0.316802 0.500000
vt 0.316802 0.473684
vt 0.316802 0.500000
vt 0.316802 0.473684
vt 0.316802 0.500000
vt 0.316802 0.500000
vt 0.316802 0.500000
vt 0.316802 0.500000
vt 0.316802 0.500000
vt 0.316802 0.500000
vt 0.316802 0.473684
vt 0.316802 0.473684
vt 0.316802 0.500000
vt 0.316802 0.473684
vt 0.316802 0.500000
vt 0.316802 0.473684
vt 0.316802 0.500000
vt 0.316802 0.473684
vt 0.316802 0.500000
vt 0.316802 0.473684
vt 0.144737 0.500000
vt 0.144737 0.526316
vt 0.144737 0.526316
vt 0.144737 0.500000
vt 0.144737 0.500000
vt 0.144737 0.526316
vt 0.144737 0.500000
vt 0.144737 0.526316
vt 0.144737 0.552632
vt 0.144737 0.552632
vt 0.144737 0.578947
vt 0.144737 0.578947
vt 0.171053 0.578947
vt 0.171053 0.605263
vt 0.171053 0.605263
vt 0.171053 0.578947
vt 0.171053 0.578947
vt 0.171053 0.605263
vt 0.171053 0.578947
vt 0.171053 0.578947
vt 0.171053 0.578947
vt 0.171053 0.605263
vt 0.171053 0.605263
vt 0.171053 0.578947
vt 0.171053 0.578947
vt 0.171053 0.605263
vt 0.157895 0.605263
vt 0.157895 0.631579
vt 0.157895 0.631579
vt 0.157895 0.605263
vt 0.157895 0.605263
vt 0.157895 0.631579
vt 0.157895 0.631579
vt 0.157895 0.605263
vt 0.144737 0.631579
vt 0.144737 0.657895
vt 0.144737 0.657895
vt 0.144737 0.631579
vt 0.144737 0.631579
vt 0.144737 0.657895
vt 0.144737 0.657895
vt 0.144737 0.631579
vt 0.266447 0.684211
vt 0.266447 0.684211
vt 0.266447 0.657895
vt 0.266447 0.657895
vt 0.266447 0.684211
vt 0.266447 0.657895
vt 0.266447 0.684211
vt 0.266447 0.657895
vt 0.266447 0.684211
vt 0.266447 0.657895
vt 0.266447 0.684211
vt 0.266447 0.684211
vt 0.266447 0.684211
vt 0.266447 0.684211
vt 0.266447 0.684211
vt 0.266447 0.684211
vt 0.266447 0.684211
vt 0.266447 0.684211
vt 0.266447 0.684211
vt 0.266447 0.684211
vt 0.266447 0.684211
vt 0.266447 0.657895
vt 0.266447 0.657895
vt 0.266447 0.684211
vt 0.266447 0.657895
vt 0.266447 0.684211
vt 0.266447 0.657895
vt 0.266447 0.684211
vt 0.266447 0.657895
vt 0.118421 0.736842
vt 0.118421 0.763158
vt 0.118421 0.763158
vt 0.118421 0.736842
vt 0.118421 0.736842
vt 0.118421 0.736842
vt 0.118421 0.736842
vt 0.118421 0.736842
vt 0.118421 0.736842
vt 0.118421 0.736842
vt 0.118421 0.736842
vt 0.118421 0.763158
vt 0.118421 0.763158
vt 0.118421 0.736842
vt 0.092105 0.789474
vt 0.092105 0.763158
vt 0.092105 0.763158
vt 0.092105 0.789474
vt 0.092105 0.815789
vt 0.092105 0.815789
vt 0.202632 0.815789
vt 0.202632 0.842105
vt 0.202632 0.842105
vt 0.202632 0.842105
vt 0.202632 0.815789
vt 0.202632 0.815789
vt 0.202632 0.842105
vt 0.202632 0.815789
vt 0.202632 0.815789
vt 0.202632 0.815789
vt 0.202632 0.815789
vt 0.202632 0.815789
vt 0.202632 0.815789
vt 0.202632 0.815789
vt 0.202632 0.815789
vt 0.202632 0.842105
vt 0.202632 0.842105
vt 0.202632 0.815789
vt 0.202632 0.815789
vt 0.202632 0.842105
vt 0.202632 0.842105
vt 0.202632 0.815789
vt 0.144737 0.842105
vt 0.144737 0.868421
vt 0.144737 0.868421
vt 0.144737 0.842105
vt 0.144737 0.842105
vt 0.144737 0.868421
vt 0.144737 0.868421
vt 0.144737 0.868421
vt 0.144737 0.868421
vt 0.144737 0.868421
vt 0.144737 0.868421
vt 0.144737 0.868421
vt 0.144737 0.868421
vt 0.144737 0.868421
vt 0.144737 0.868421
vt 0.144737 0.868421
vt 0.144737 0.842105
vt 0.144737 0.868421
vt 0.144737 0.842105
vt 0.144737 0.842105
vt 0.144737 0.868421
vt 0.092105 0.921053
vt 0.092105 0.947368
vt 0.092105 0.947368
vt 0.092105 0.947368
vt 0.092105 0.921053
vt 0.092105 0.921053
vt 0.092105 0.947368
vt 0.092105 0.921053
vt 0.092105 0.947368
vt 0.092105 0.921053
vt 0.092105 0.947368
vt 0.092105 0.921053
vt 0.092105 0.947368
vt 0.092105 0.921053
vt 0.092105 0.921053
vt 0.092105 0.947368
vt 0.092105 0.947368
vt 0.092105 0.921053
vt 0.210526 0.026316
vt 0.210526 0.026316
vt 0.210526 0.000000
vt 0.210526 0.000000
vt 0.210526 0.026316
vt 0.210526 0.000000
vt 0.210526 0.000000
vt 0.210526 0.000000
vt 0.210526 0.000000
vt 0.210526 0.000000
vt 0.210526 0.000000
vt 0.210526 0.000000
vt 0.210526 0.000000
vt 0.210526 0.000000
vt 0.210526 0.000000
vt 0.210526 0.000000
vt 0.210526 0.000000
vt 0.210526 0.000000
vt 0.210526 0.026316
vt 0.210526 0.026316
vt 0.210526 0.000000
vt 0.210526 0.026316
vt 0.210526 0.000000
vt 0.157895 0.052632
vt 0.157895 0.052632
vt 0.157895 0.026316
vt 0.157895 0.052632
vt 0.157895 0.052632
vt 0.157895 0.026316
vt 0.131579 0.078947
vt 0.131579 0.052632
vt 0.131579 0.052632
vt 0.131579 0.078947
vt 0.171053 0.078947
vt 0.171053 0.105263
vt 0.171053 0.105263
vt 0.171053 0.078947
vt 0.171053 0.078947
vt 0.171053 0.105263
vt 0.171053 0.078947
vt 0.171053 0.078947
vt 0.171053 0.078947
vt 0.171053 0.105263
vt 0.171053 0.105263
vt 0.171053 0.078947
vt 0.171053 0.078947
vt 0.171053 0.105263
vt 0.210526 0.105263
vt 0.210526 0.105263
vt 0.210526 0.131579
vt 0.210526 0.105263
vt 0.210526 0.105263
vt 0.210526 0.131579
vt 0.236842 0.131579
vt 0.236842 0.131579
vt 0.236842 0.157895
vt 0.236842 0.131579
vt 0.236842 0.131579
vt 0.236842 0.157895
vt 0.236842 0.184211
vt 0.236842 0.184211
vt 0.250000 0.210526
vt 0.250000 0.184211
vt 0.250000 0.184211
vt 0.250000 0.210526
vt 0.250000 0.236842
vt 0.250000 0.236842
vt 0.250000 0.236842
vt 0.250000 0.236842
vt 0.223684 0.263158
vt 0.223684 0.236842
vt 0.223684 0.236842
vt 0.223684 0.263158
vt 0.210526 0.289474
vt 0.210526 0.289474
vt 0.210526 0.263158
vt 0.210526 0.289474
vt 0.210526 0.289474
vt 0.210526 0.263158
vt 0.197368 0.315789
vt 0.197368 0.315789
vt 0.197368 0.289474
vt 0.197368 0.315789
vt 0.197368 0.315789
vt 0.197368 0.289474
vt 0.171053 0.315789
vt 0.171053 0.342105
vt 0.171053 0.342105
vt 0.171053 0.315789
vt 0.171053 0.342105
vt 0.171053 0.315789
vt 0.171053 0.342105
vt 0.171053 0.342105
vt 0.171053 0.315789
vt 0.171053 0.342105
vt 0.157895 0.368421
vt 0.157895 0.342105
vt 0.157895 0.342105
vt 0.157895 0.368421
vt 0.157895 0.394737
vt 0.157895 0.394737
vt 0.157895 0.394737
vt 0.157895 0.421053
vt 0.157895 0.421053
vt 0.157895 0.421053
vt 0.157895 0.421053
vt 0.157895 0.394737
vt 0.229323 0.421053
vt 0.229323 0.447368
vt 0.229323 0.447368
vt 0.229323 0.421053
vt 0.229323 0.447368
vt 0.229323 0.421053
vt 0.229323 0.421053
vt 0.229323 0.421053
vt 0.229323 0.421053
vt 0.229323 0.447368
vt 0.229323 0.447368
vt 0.229323 0.421053
vt 0.229323 0.447368
vt 0.229323 0.421053
vt 0.184211 0.473684
vt 0.184211 0.447368
vt 0.184211 0.447368
vt 0.184211 0.473684
vt 0.316802 0.500000
vt 0.316802 0.500000
vt 0.316802 0.473684
vt 0.316802 0.473684
vt 0.316802 0.500000
vt 0.316802 0.473684
vt 0.316802 0.500000
vt 0.316802 0.473684
vt 0.316802 0.500000
vt 0.316802 0.473684
vt 0.316802 0.500000
vt 0.316802 0.473684
vt 0.316802 0.500000
vt 0.316802 0.500000
vt 0.316802 0.500000
vt 0.316802 0.500000
vt 0.316802 0.500000
vt 0.316802 0.500000
vt 0.316802 0.473684
vt 0.316802 0.473684
vt 0.316802 0.500000
vt 0.316802 0.473684
vt 0.316802 0.500000
vt 0.316802 0.473684
vt 0.316802 0.500000
vt 0.316802 0.473684
vt 0.316802 0.500000
vt 0.316802 0.473684
vt 0.144737 0.526316
vt 0.144737 0.500000
vt 0.144737 0.500000
vt 0.144737 0.526316
vt 0.144737 0.552632
vt 0.144737 0.552632
vt 0.144737 0.578947
vt 0.144737 0.578947
vt 0.171053 0.605263
vt 0.171053 0.605263
vt 0.171053 0.605263
vt 0.171053 0.578947
vt 0.171053 0.578947
vt 0.171053 0.605263
vt 0.171053 0.605263
vt 0.171053 0.605263
vt 0.171053 0.578947
vt 0.171053 0.578947
vt 0.157895 0.631579
vt 0.157895 0.631579
vt 0.157895 0.631579
vt 0.157895 0.605263
vt 0.157895 0.631579
vt 0.157895 0.631579
vt 0.157895 0.631579
vt 0.157895 0.605263
vt 0.144737 0.631579
vt 0.144737 0.657895
vt 0.144737 0.657895
vt 0.144737 0.631579
vt 0.144737 0.657895
vt 0.144737 0.631579
vt 0.144737 0.631579
vt 0.144737 0.657895
vt 0.144737 0.657895
vt 0.144737 0.631579
vt 0.144737 0.657895
vt 0.144737 0.631579
vt 0.266447 0.657895
vt 0.266447 0.684211
vt 0.266447 0.684211
vt 0.266447 0.657895
vt 0.266447 0.684211
vt 0.266447 0.657895
vt 0.266447 0.684211
vt 0.266447 0.657895
vt 0.266447 0.684211
vt 0.266447 0.657895
vt 0.266447 0.684211
vt 0.266447 0.657895
vt 0.266447 0.657895
vt 0.266447 0.684211
vt 0.266447 0.684211
vt 0.266447 0.684211
vt 0.266447 0.684211
vt 0.266447 0.684211
vt 0.266447 0.684211
vt 0.266447 0.684211
vt 0.266447 0.684211
vt 0.266447 0.684211
vt 0.266447 0.657895
vt 0.266447 0.657895
vt 0.266447 0.657895
vt 0.266447 0.684211
vt 0.266447 0.657895
vt 0.266447 0.684211
vt 0.266447 0.657895
vt 0.266447 0.684211
vt 0.266447 0.657895
vt 0.266447 0.684211
vt 0.266447 0.657895
vt 0.118421 0.736842
vt 0.118421 0.763158
vt 0.118421 0.763158
vt 0.118421 0.736842
vt 0.118421 0.763158
vt 0.118421 0.736842
vt 0.118421 0.763158
vt 0.118421 0.736842
vt 0.118421 0.763158
vt 0.118421 0.736842
vt 0.092105 0.763158
vt 0.092105 0.789474
vt 0.092105 0.789474
vt 0.092105 0.763158
vt 0.092105 0.763158
vt 0.092105 0.763158
vt 0.092105 0.789474
vt 0.092105 0.789474
vt 0.092105 0.763158
vt 0.092105 0.763158
vt 0.092105 0.789474
vt 0.092105 0.815789
vt 0.092105 0.815789
vt 0.092105 0.789474
vt 0.092105 0.815789
vt 0.092105 0.815789
vt 0.092105 0.815789
vt 0.092105 0.789474
vt 0.092105 0.789474
vt 0.092105 0.815789
vt 0.202632 0.842105
vt 0.202632 0.842105
vt 0.202632 0.815789
vt 0.202632 0.815789
vt 0.202632 0.842105
vt 0.202632 0.815789
vt 0.202632 0.842105
vt 0.202632 0.842105
vt 0.202632 0.815789
vt 0.202632 0.815789
vt 0.202632 0.815789
vt 0.202632 0.815789
vt 0.202632 0.842105
vt 0.202632 0.842105
vt 0.202632 0.842105
vt 0.202632 0.815789
vt 0.202632 0.842105
vt 0.202632 0.815789
vt 0.202632 0.842105
vt 0.202632 0.815789
vt 0.144737 0.868421
vt 0.144737 0.868421
vt 0.144737 0.842105
vt 0.144737 0.868421
vt 0.144737 0.868421
vt 0.144737 0.868421
vt 0.144737 0.868421
vt 0.144737 0.868421
vt 0.144737 0.868421
vt 0.144737 0.868421
vt 0.144737 0.868421
vt 0.144737 0.868421
vt 0.144737 0.842105
vt 0.092105 0.947368
vt 0.092105 0.947368
vt 0.092105 0.921053
vt 0.092105 0.921053
vt 0.092105 0.947368
vt 0.092105 0.921053
vt 0.092105 0.947368
vt 0.092105 0.921053
vt 0.092105 0.947368
vt 0.092105 0.921053
vt 0.092105 0.947368
vt 0.092105 0.921053
vt 0.092105 0.947368
vt 0.092105 0.921053
vt 0.210526 0.026316
vt 0.210526 0.026316
vt 0.210526 0.000000
vt 0.210526 0.000000
vt 0.210526 0.026316
vt 0.210526 0.000000
vt 0.210526 0.000000
vt 0.210526 0.000000
vt 0.210526 0.000000
vt 0.210526 0.000000
vt 0.210526 0.000000
vt 0.210526 0.000000
vt 0.210526 0.000000
vt 0.210526 0.000000
vt 0.210526 0.000000
vt 0.210526 0.000000
vt 0.210526 0.000000
vt 0.210526 0.000000
vt 0.210526 0.026316
vt 0.210526 0.026316
vt 0.210526 0.000000
vt 0.210526 0.026316
vt 0.210526 0.000000
vt 0.157895 0.026316
vt 0.157895 0.052632
vt 0.157895 0.052632
vt 0.157895 0.026316
vt 0.157895 0.026316
vt 0.157895 0.052632
vt 0.157895 0.052632
vt 0.157895 0.026316
vt 0.131579 0.052632
vt 0.131579 0.078947
vt 0.131579 0.078947
vt 0.131579 0.052632
vt 0.131579 0.052632
vt 0.131579 0.078947
vt 0.131579 0.078947
vt 0.131579 0.052632
vt 0.171053 0.078947
vt 0.171053 0.078947
vt 0.171053 0.105263
vt 0.171053 0.078947
vt 0.171053 0.078947
vt 0.171053 0.105263
vt 0.210526 0.105263
vt 0.210526 0.105263
vt 0.210526 0.131579
vt 0.210526 0.105263
vt 0.210526 0.105263
vt 0.210526 0.105263
vt 0.210526 0.105263
vt 0.210526 0.105263
vt 0.210526 0.105263
vt 0.210526 0.131579
vt 0.236842 0.131579
vt 0.236842 0.131579
vt 0.236842 0.157895
vt 0.236842 0.131579
vt 0.236842 0.131579
vt 0.236842 0.157895
vt 0.236842 0.184211
vt 0.236842 0.184211
vt 0.250000 0.210526
vt 0.250000 0.184211
vt 0.250000 0.184211
vt 0.250000 0.210526
vt 0.250000 0.236842
vt 0.250000 0.236842
vt 0.250000 0.236842
vt 0.250000 0.236842
vt 0.223684 0.263158
vt 0.223684 0.236842
vt 0.223684 0.236842
vt 0.223684 0.263158
vt 0.210526 0.263158
vt 0.210526 0.289474
vt 0.210526 0.289474
vt 0.210526 0.263158
vt 0.210526 0.263158
vt 0.210526 0.289474
vt 0.210526 0.289474
vt 0.210526 0.263158
vt 0.197368 0.289474
vt 0.197368 0.315789
vt 0.197368 0.315789
vt 0.197368 0.289474
vt 0.197368 0.315789
vt 0.197368 0.315789
vt 0.197368 0.315789
vt 0.197368 0.315789
vt 0.197368 0.315789
vt 0.197368 0.289474
vt 0.197368 0.315789
vt 0.197368 0.289474
vt 0.171053 0.315789
vt 0.171053 0.342105
vt 0.171053 0.342105
vt 0.171053 0.315789
vt 0.171053 0.315789
vt 0.171053 0.342105
vt 0.171053 0.342105
vt 0.171053 0.315789
vt 0.157895 0.342105
vt 0.157895 0.368421
vt 0.157895 0.368421
vt 0.157895 0.342105
vt 0.157895 0.342105
vt 0.157895 0.368421
vt 0.157895 0.368421
vt 0.157895 0.342105
vt 0.157895 0.394737
vt 0.157895 0.394737
vt 0.157895 0.394737
vt 0.157895 0.394737
vt 0.157895 0.421053
vt 0.157895 0.421053
vt 0.229323 0.447368
vt 0.229323 0.447368
vt 0.229323 0.421053
vt 0.229323 0.421053
vt 0.229323 0.421053
vt 0.229323 0.421053
vt 0.229323 0.421053
vt 0.229323 0.421053
vt 0.229323 0.421053
vt 0.229323 0.421053
vt 0.229323 0.421053
vt 0.229323 0.447368
vt 0.229323 0.447368
vt 0.229323 0.421053
vt 0.184211 0.473684
vt 0.184211 0.447368
vt 0.184211 0.447368
vt 0.184211 0.473684
vt 0.316802 0.500000
vt 0.316802 0.500000
vt 0.316802 0.473684
vt 0.316802 0.473684
vt 0.316802 0.500000
vt 0.316802 0.473684
vt 0.316802 0.500000
vt 0.316802 0.473684
vt 0.316802 0.500000
vt 0.316802 0.473684
vt 0.316802 0.500000
vt 0.316802 0.473684
vt 0.316802 0.500000
vt 0.316802 0.500000
vt 0.316802 0.500000
vt 0.316802 0.500000
vt 0.316802 0.500000
vt 0.316802 0.500000
vt 0.316802 0.473684
vt 0.316802 0.473684
vt 0.316802 0.500000
vt 0.316802 0.473684
vt 0.316802 0.500000
vt 0.316802 0.473684
vt 0.316802 0.500000
vt 0.316802 0.473684
vt 0.316802 0.500000
vt 0.316802 0.473684
vt 0.144737 0.526316
vt 0.144737 0.500000
vt 0.144737 0.500000
vt 0.144737 0.526316
vt 0.144737 0.552632
vt 0.144737 0.552632
vt 0.144737 0.552632
vt 0.144737 0.578947
vt 0.144737 0.578947
vt 0.144737 0.552632
vt 0.144737 0.578947
vt 0.144737 0.578947
vt 0.144737 0.578947
vt 0.144737 0.552632
vt 0.144737 0.552632
vt 0.144737 0.578947
vt 0.171053 0.605263
vt 0.171053 0.605263
vt 0.171053 0.578947
vt 0.171053 0.605263
vt 0.171053 0.605263
vt 0.171053 0.578947
vt 0.157895 0.605263
vt 0.157895 0.631579
vt 0.157895 0.631579
vt 0.157895 0.605263
vt 0.157895 0.631579
vt 0.157895 0.631579
vt 0.157895 0.631579
vt 0.157895 0.631579
vt 0.157895 0.631579
vt 0.157895 0.631579
vt 0.157895 0.631579
vt 0.157895 0.631579
vt 0.157895 0.631579
vt 0.157895 0.605263
vt 0.157895 0.631579
vt 0.157895 0.605263
vt 0.144737 0.631579
vt 0.144737 0.657895
vt 0.144737 0.657895
vt 0.144737 0.631579
vt 0.144737 0.657895
vt 0.144737 0.631579
vt 0.144737 0.657895
vt 0.144737 0.631579
vt 0.144737 0.657895
vt 0.144737 0.631579
vt 0.266447 0.684211
vt 0.266447 0.684211
vt 0.266447 0.657895
vt 0.266447 0.657895
vt 0.266447 0.684211
vt 0.266447 0.657895
vt 0.266447 0.684211
vt 0.266447 0.657895
vt 0.266447 0.684211
vt 0.266447 0.657895
vt 0.266447 0.684211
vt 0.266447 0.657895
vt 0.266447 0.657895
vt 0.266447 0.684211
vt 0.266447 0.657895
vt 0.266447 0.657895
vt 0.266447 0.684211
vt 0.266447 0.684211
vt 0.266447 0.684211
vt 0.266447 0.684211
vt 0.266447 0.684211
vt 0.266447 0.657895
vt 0.266447 0.657895
vt 0.266447 0.657895
vt 0.266447 0.657895
vt 0.266447 0.684211
vt 0.266447 0.657895
vt 0.266447 0.684211
vt 0.266447 0.657895
vt 0.266447 0.684211
vt 0.266447 0.657895
vt 0.266447 0.684211
vt 0.266447 0.657895
vt 0.266447 0.684211
vt 0.266447 0.657895
vt 0.092105 0.763158
vt 0.092105 0.789474
vt 0.092105 0.789474
vt 0.092105 0.763158
vt 0.092105 0.763158
vt 0.092105 0.789474
vt 0.092105 0.763158
vt 0.092105 0.763158
vt 0.092105 0.789474
vt 0.092105 0.763158
vt 0.092105 0.763158
vt 0.092105 0.789474
vt 0.092105 0.763158
vt 0.092105 0.789474
vt 0.092105 0.815789
vt 0.092105 0.789474
vt 0.092105 0.815789
vt 0.202632 0.815789
vt 0.202632 0.842105
vt 0.202632 0.842105
vt 0.202632 0.815789
vt 0.202632 0.842105
vt 0.202632 0.815789
vt 0.202632 0.842105
vt 0.202632 0.815789
vt 0.202632 0.815789
vt 0.202632 0.815789
vt 0.202632 0.815789
vt 0.202632 0.815789
vt 0.202632 0.815789
vt 0.202632 0.815789
vt 0.202632 0.815789
vt 0.202632 0.842105
vt 0.202632 0.842105
vt 0.202632 0.815789
vt 0.202632 0.842105
vt 0.202632 0.815789
vt 0.202632 0.842105
vt 0.202632 0.815789
vt 0.144737 0.868421
vt 0.144737 0.868421
vt 0.144737 0.842105
vt 0.144737 0.868421
vt 0.144737 0.868421
vt 0.144737 0.868421
vt 0.144737 0.868421
vt 0.144737 0.868421
vt 0.144737 0.868421
vt 0.144737 0.868421
vt 0.144737 0.868421
vt 0.144737 0.868421
vt 0.144737 0.842105
vt 0.065789 0.894737
vt 0.065789 0.894737
vt 0.065789 0.921053
vt 0.065789 0.921053
vt 0.065789 0.894737
vt 0.065789 0.894737
vt 0.065789 0.921053
vt 0.065789 0.894737
vt 0.065789 0.921053
vt 0.065789 0.894737
vt 0.065789 0.894737
vt 0.065789 0.921053
vt 0.065789 0.894737
vt 0.065789 0.894737
vt 0.065789 0.921053
vt 0.065789 0.894737
vt 0.065789 0.921053
vt 0.092105 0.921053
vt 0.092105 0.947368
vt 0.092105 0.947368
vt 0.092105 0.921053
vt 0.092105 0.921053
vt 0.092105 0.947368
vt 0.092105 0.947368
vt 0.092105 0.921053
vt 0.092105 0.947368
vt 0.092105 0.947368
vt 0.092105 0.947368
vt 0.092105 0.947368
vt 0.092105 0.947368
vt 0.092105 0.921053
vt 0.092105 0.921053
vt 0.092105 0.947368
vt 0.092105 0.921053
vt 0.092105 0.921053
vt 0.092105 0.947368
vt 0.210526 0.000000
vt 0.210526 0.026316
vt 0.210526 0.026316
vt 0.210526 0.000000
vt 0.210526 0.026316
vt 0.210526 0.000000
vt 0.210526 0.026316
vt 0.210526 0.026316
vt 0.210526 0.000000
vt 0.210526 0.000000
vt 0.210526 0.000000
vt 0.210526 0.000000
vt 0.210526 0.000000
vt 0.210526 0.000000
vt 0.210526 0.000000
vt 0.210526 0.000000
vt 0.210526 0.000000
vt 0.210526 0.000000
vt 0.210526 0.000000
vt 0.210526 0.026316
vt 0.210526 0.026316
vt 0.210526 0.026316
vt 0.210526 0.000000
vt 0.210526 0.026316
vt 0.210526 0.000000
vt 0.210526 0.026316
vt 0.210526 0.000000
vt 0.157895 0.052632
vt 0.157895 0.052632
vt 0.157895 0.052632
vt 0.157895 0.026316
vt 0.157895 0.052632
vt 0.157895 0.052632
vt 0.157895 0.052632
vt 0.157895 0.026316
vt 0.131579 0.078947
vt 0.131579 0.052632
vt 0.131579 0.052632
vt 0.131579 0.078947
vt 0.171053 0.078947
vt 0.171053 0.078947
vt 0.171053 0.105263
vt 0.171053 0.078947
vt 0.171053 0.078947
vt 0.171053 0.078947
vt 0.171053 0.078947
vt 0.171053 0.078947
vt 0.171053 0.078947
vt 0.171053 0.105263
vt 0.210526 0.105263
vt 0.210526 0.131579
vt 0.210526 0.131579
vt 0.210526 0.105263
vt 0.210526 0.105263
vt 0.210526 0.105263
vt 0.210526 0.105263
vt 0.210526 0.131579
vt 0.210526 0.131579
vt 0.210526 0.105263
vt 0.236842 0.131579
vt 0.236842 0.157895
vt 0.236842 0.157895
vt 0.236842 0.131579
vt 0.236842 0.131579
vt 0.236842 0.157895
vt 0.236842 0.157895
vt 0.236842 0.131579
vt 0.236842 0.184211
vt 0.236842 0.184211
vt 0.236842 0.184211
vt 0.236842 0.184211
vt 0.250000 0.210526
vt 0.250000 0.184211
vt 0.250000 0.184211
vt 0.250000 0.210526
vt 0.250000 0.236842
vt 0.250000 0.236842
vt 0.250000 0.236842
vt 0.250000 0.236842
vt 0.223684 0.236842
vt 0.223684 0.263158
vt 0.223684 0.263158
vt 0.223684 0.236842
vt 0.223684 0.263158
vt 0.223684 0.236842
vt 0.223684 0.263158
vt 0.223684 0.263158
vt 0.223684 0.236842
vt 0.223684 0.263158
vt 0.210526 0.289474
vt 0.210526 0.289474
vt 0.210526 0.289474
vt 0.210526 0.263158
vt 0.210526 0.289474
vt 0.210526 0.289474
vt 0.210526 0.289474
vt 0.210526 0.263158
vt 0.197368 0.315789
vt 0.197368 0.315789
vt 0.197368 0.289474
vt 0.197368 0.315789
vt 0.197368 0.315789
vt 0.197368 0.315789
vt 0.197368 0.315789
vt 0.197368 0.315789
vt 0.197368 0.315789
vt 0.197368 0.289474
vt 0.171053 0.315789
vt 0.171053 0.342105
vt 0.171053 0.342105
vt 0.171053 0.315789
vt 0.171053 0.315789
vt 0.171053 0.342105
vt 0.171053 0.342105
vt 0.171053 0.315789
vt 0.157895 0.342105
vt 0.157895 0.368421
vt 0.157895 0.368421
vt 0.157895 0.342105
vt 0.157895 0.368421
vt 0.157895 0.342105
vt 0.157895 0.342105
vt 0.157895 0.368421
vt 0.157895 0.368421
vt 0.157895 0.342105
vt 0.157895 0.368421
vt 0.157895 0.342105
vt 0.157895 0.394737
vt 0.157895 0.394737
vt 0.157895 0.394737
vt 0.157895 0.394737
vt 0.157895 0.394737
vt 0.157895 0.394737
vt 0.157895 0.394737
vt 0.157895 0.421053
vt 0.157895 0.421053
vt 0.157895 0.421053
vt 0.157895 0.421053
vt 0.157895 0.394737
vt 0.229323 0.421053
vt 0.229323 0.447368
vt 0.229323 0.447368
vt 0.229323 0.421053
vt 0.229323 0.421053
vt 0.229323 0.421053
vt 0.229323 0.421053
vt 0.229323 0.421053
vt 0.229323 0.421053
vt 0.229323 0.447368
vt 0.229323 0.447368
vt 0.229323 0.421053
vt 0.184211 0.473684
vt 0.184211 0.447368
vt 0.184211 0.447368
vt 0.184211 0.473684
vt 0.316802 0.500000
vt 0.316802 0.500000
vt 0.316802 0.473684
vt 0.316802 0.473684
vt 0.316802 0.500000
vt 0.316802 0.473684
vt 0.316802 0.500000
vt 0.316802 0.473684
vt 0.316802 0.500000
vt 0.316802 0.473684
vt 0.316802 0.500000
vt 0.316802 0.473684
vt 0.316802 0.500000
vt 0.316802 0.500000
vt 0.316802 0.500000
vt 0.316802 0.500000
vt 0.316802 0.473684
vt 0.316802 0.473684
vt 0.316802 0.500000
vt 0.316802 0.473684
vt 0.316802 0.500000
vt 0.316802 0.473684
vt 0.316802 0.500000
vt 0.316802 0.473684
vt 0.316802 0.500000
vt 0.316802 0.473684
vt 0.144737 0.500000
vt 0.144737 0.526316
vt 0.144737 0.526316
vt 0.144737 0.500000
vt 0.144737 0.500000
vt 0.144737 0.526316
vt 0.144737 0.500000
vt 0.144737 0.526316
vt 0.144737 0.526316
vt 0.144737 0.500000
vt 0.144737 0.500000
vt 0.144737 0.526316
vt 0.144737 0.552632
vt 0.144737 0.552632
vt 0.144737 0.552632
vt 0.144737 0.552632
vt 0.144737 0.578947
vt 0.144737 0.578947
vt 0.171053 0.578947
vt 0.171053 0.605263
vt 0.171053 0.605263
vt 0.171053 0.578947
vt 0.171053 0.578947
vt 0.171053 0.605263
vt 0.171053 0.605263
vt 0.171053 0.605263
vt 0.171053 0.605263
vt 0.171053 0.605263
vt 0.171053 0.578947
vt 0.171053 0.605263
vt 0.171053 0.578947
vt 0.171053 0.578947
vt 0.157895 0.605263
vt 0.157895 0.631579
vt 0.157895 0.631579
vt 0.157895 0.605263
vt 0.157895 0.631579
vt 0.157895 0.605263
vt 0.157895 0.631579
vt 0.157895 0.631579
vt 0.157895 0.631579
vt 0.157895 0.631579
vt 0.157895 0.631579
vt 0.157895 0.631579
vt 0.157895 0.631579
vt 0.157895 0.605263
vt 0.157895 0.631579
vt 0.157895 0.605263
vt 0.157895 0.631579
vt 0.157895 0.605263
vt 0.266447 0.657895
vt 0.266447 0.684211
vt 0.266447 0.684211
vt 0.266447 0.657895
vt 0.266447 0.684211
vt 0.266447 0.657895
vt 0.266447 0.684211
vt 0.266447 0.657895
vt 0.266447 0.684211
vt 0.266447 0.657895
vt 0.266447 0.684211
vt 0.266447 0.657895
vt 0.266447 0.684211
vt 0.266447 0.657895
vt 0.266447 0.684211
vt 0.266447 0.657895
vt 0.266447 0.657895
vt 0.266447 0.684211
vt 0.266447 0.657895
vt 0.266447 0.657895
vt 0.266447 0.684211
vt 0.266447 0.657895
vt 0.266447 0.657895
vt 0.266447 0.684211
vt 0.266447 0.657895
vt 0.266447 0.684211
vt 0.266447 0.657895
vt 0.266447 0.684211
vt 0.266447 0.657895
vt 0.266447 0.684211
vt 0.266447 0.657895
vt 0.266447 0.684211
vt 0.266447 0.657895
vt 0.266447 0.684211
vt 0.266447 0.657895
vt 0.266447 0.684211
vt 0.266447 0.657895
vt 0.092105 0.789474
vt 0.092105 0.815789
vt 0.092105 0.815789
vt 0.092105 0.789474
vt 0.092105 0.789474
vt 0.092105 0.789474
vt 0.092105 0.789474
vt 0.092105 0.789474
vt 0.092105 0.815789
vt 0.092105 0.815789
vt 0.092105 0.789474
vt 0.202632 0.842105
vt 0.202632 0.842105
vt 0.202632 0.815789
vt 0.202632 0.815789
vt 0.202632 0.842105
vt 0.202632 0.815789
vt 0.202632 0.815789
vt 0.202632 0.815789
vt 0.202632 0.815789
vt 0.202632 0.815789
vt 0.202632 0.815789
vt 0.202632 0.842105
vt 0.202632 0.842105
vt 0.202632 0.815789
vt 0.202632 0.842105
vt 0.202632 0.815789
vt 0.144737 0.842105
vt 0.144737 0.868421
vt 0.144737 0.868421
vt 0.144737 0.842105
vt 0.144737 0.868421
vt 0.144737 0.868421
vt 0.144737 0.868421
vt 0.144737 0.868421
vt 0.144737 0.868421
vt 0.144737 0.868421
vt 0.144737 0.868421
vt 0.144737 0.868421
vt 0.144737 0.842105
vt 0.144737 0.868421
vt 0.144737 0.842105
vt 0.065789 0.894737
vt 0.065789 0.894737
vt 0.065789 0.921053
vt 0.065789 0.894737
vt 0.065789 0.894737
vt 0.065789 0.894737
vt 0.065789 0.921053
vt 0.092105 0.947368
vt 0.092105 0.947368
vt 0.092105 0.921053
vt 0.092105 0.921053
vt 0.092105 0.947368
vt 0.092105 0.947368
vt 0.092105 0.947368
vt 0.092105 0.947368
vt 0.092105 0.947368
vt 0.092105 0.921053
vt 0.092105 0.921053
vt 0.210526 0.026316
vt 0.210526 0.026316
vt 0.210526 0.000000
vt 0.210526 0.000000
vt 0.210526 0.026316
vt 0.210526 0.000000
vt 0.210526 0.000000
vt 0.210526 0.000000
vt 0.210526 0.000000
vt 0.210526 0.000000
vt 0.210526 0.000000
vt 0.210526 0.000000
vt 0.210526 0.000000
vt 0.210526 0.000000
vt 0.210526 0.000000
vt 0.210526 0.000000
vt 0.210526 0.026316
vt 0.210526 0.026316
vt 0.210526 0.000000
vt 0.210526 0.026316
vt 0.210526 0.000000
vt 0.157895 0.026316
vt 0.157895 0.052632
vt 0.157895 0.052632
vt 0.157895 0.026316
vt 0.157895 0.026316
vt 0.157895 0.052632
vt 0.157895 0.052632
vt 0.157895 0.026316
vt 0.131579 0.052632
vt 0.131579 0.078947
vt 0.131579 0.078947
vt 0.131579 0.052632
vt 0.131579 0.078947
vt 0.131579 0.052632
vt 0.131579 0.052632
vt 0.131579 0.078947
vt 0.131579 0.078947
vt 0.131579 0.052632
vt 0.131579 0.078947
vt 0.131579 0.052632
vt 0.171053 0.078947
vt 0.171053 0.105263
vt 0.171053 0.105263
vt 0.171053 0.078947
vt 0.171053 0.078947
vt 0.171053 0.078947
vt 0.171053 0.078947
vt 0.171053 0.105263
vt 0.171053 0.105263
vt 0.171053 0.078947
vt 0.210526 0.105263
vt 0.210526 0.105263
vt 0.210526 0.131579
vt 0.210526 0.105263
vt 0.210526 0.105263
vt 0.210526 0.131579
vt 0.236842 0.131579
vt 0.236842 0.131579
vt 0.236842 0.131579
vt 0.236842 0.157895
vt 0.236842 0.131579
vt 0.236842 0.131579
vt 0.236842 0.131579
vt 0.236842 0.157895
vt 0.236842 0.184211
vt 0.236842 0.184211
vt 0.250000 0.184211
vt 0.250000 0.210526
vt 0.250000 0.210526
vt 0.250000 0.184211
vt 0.250000 0.184211
vt 0.250000 0.184211
vt 0.250000 0.210526
vt 0.250000 0.210526
vt 0.250000 0.184211
vt 0.250000 0.184211
vt 0.250000 0.236842
vt 0.250000 0.236842
vt 0.250000 0.236842
vt 0.250000 0.236842
vt 0.250000 0.236842
vt 0.250000 0.236842
vt 0.250000 0.236842
vt 0.250000 0.236842
vt 0.223684 0.236842
vt 0.223684 0.263158
vt 0.223684 0.263158
vt 0.223684 0.236842
vt 0.223684 0.236842
vt 0.223684 0.263158
vt 0.223684 0.263158
vt 0.223684 0.236842
vt 0.210526 0.263158
vt 0.210526 0.289474
vt 0.210526 0.289474
vt 0.210526 0.263158
vt 0.210526 0.263158
vt 0.210526 0.289474
vt 0.210526 0.289474
vt 0.210526 0.263158
vt 0.197368 0.289474
vt 0.197368 0.315789
vt 0.197368 0.315789
vt 0.197368 0.289474
vt 0.197368 0.315789
vt 0.197368 0.315789
vt 0.197368 0.315789
vt 0.197368 0.315789
vt 0.197368 0.315789
vt 0.197368 0.315789
vt 0.197368 0.315789
vt 0.197368 0.289474
vt 0.197368 0.315789
vt 0.197368 0.289474
vt 0.171053 0.315789
vt 0.171053 0.342105
vt 0.171053 0.342105
vt 0.171053 0.315789
vt 0.171053 0.342105
vt 0.171053 0.342105
vt 0.171053 0.315789
vt 0.171053 0.342105
vt 0.171053 0.315789
vt 0.171053 0.342105
vt 0.171053 0.315789
vt 0.171053 0.342105
vt 0.171053 0.315789
vt 0.171053 0.342105
vt 0.171053 0.315789
vt 0.171053 0.342105
vt 0.157895 0.342105
vt 0.157895 0.368421
vt 0.157895 0.368421
vt 0.157895 0.342105
vt 0.157895 0.368421
vt 0.157895 0.342105
vt 0.157895 0.368421
vt 0.157895 0.342105
vt 0.157895 0.368421
vt 0.157895 0.342105
vt 0.157895 0.394737
vt 0.157895 0.394737
vt 0.157895 0.394737
vt 0.157895 0.394737
vt 0.157895 0.394737
vt 0.157895 0.394737
vt 0.157895 0.421053
vt 0.157895 0.421053
vt 0.157895 0.394737
vt 0.157895 0.421053
vt 0.157895 0.421053
vt 0.157895 0.421053
vt 0.157895 0.394737
vt 0.157895 0.421053
vt 0.157895 0.394737
vt 0.229323 0.421053
vt 0.229323 0.421053
vt 0.229323 0.447368
vt 0.229323 0.421053
vt 0.229323 0.421053
vt 0.229323 0.421053
vt 0.229323 0.421053
vt 0.229323 0.421053
vt 0.229323 0.421053
vt 0.229323 0.421053
vt 0.229323 0.421053
vt 0.229323 0.447368
vt 0.184211 0.447368
vt 0.184211 0.473684
vt 0.184211 0.473684
vt 0.184211 0.447368
vt 0.184211 0.447368
vt 0.184211 0.473684
vt 0.184211 0.473684
vt 0.184211 0.447368
vt 0.316802 0.500000
vt 0.316802 0.500000
vt 0.316802 0.473684
vt 0.316802 0.473684
vt 0.316802 0.500000
vt 0.316802 0.473684
vt 0.316802 0.500000
vt 0.316802 0.473684
vt 0.316802 0.500000
vt 0.316802 0.473684
vt 0.316802 0.500000
vt 0.316802 0.473684
vt 0.316802 0.500000
vt 0.316802 0.500000
vt 0.316802 0.500000
vt 0.316802 0.500000
vt 0.316802 0.500000
vt 0.316802 0.500000
vt 0.316802 0.500000
vt 0.316802 0.500000
vt 0.316802 0.473684
vt 0.316802 0.473684
vt 0.316802 0.500000
vt 0.316802 0.473684
vt 0.316802 0.500000
vt 0.316802 0.473684
vt 0.316802 0.500000
vt 0.316802 0.473684
vt 0.316802 0.500000
vt 0.316802 0.473684
vt 0.144737 0.526316
vt 0.144737 0.500000
vt 0.144737 0.500000
vt 0.144737 0.526316
vt 0.144737 0.552632
vt 0.144737 0.552632
vt 0.144737 0.578947
vt 0.144737 0.578947
vt 0.171053 0.578947
vt 0.171053 0.605263
vt 0.171053 0.605263
vt 0.171053 0.578947
vt 0.171053 0.605263
vt 0.171053 0.605263
vt 0.171053 0.605263
vt 0.171053 0.605263
vt 0.171053 0.605263
vt 0.171053 0.605263
vt 0.171053 0.605263
vt 0.171053 0.605263
vt 0.171053 0.605263
vt 0.171053 0.578947
vt 0.171053 0.605263
vt 0.171053 0.578947
vt 0.157895 0.605263
vt 0.157895 0.631579
vt 0.157895 0.631579
vt 0.157895 0.605263
vt 0.157895 0.631579
vt 0.157895 0.605263
vt 0.157895 0.631579
vt 0.157895 0.605263
vt 0.157895 0.631579
vt 0.157895 0.605263
vt 0.266447 0.657895
vt 0.266447 0.684211
vt 0.266447 0.684211
vt 0.266447 0.657895
vt 0.266447 0.684211
vt 0.266447 0.657895
vt 0.266447 0.684211
vt 0.266447 0.657895
vt 0.266447 0.684211
vt 0.266447 0.657895
vt 0.266447 0.684211
vt 0.266447 0.657895
vt 0.266447 0.684211
vt 0.266447 0.657895
vt 0.266447 0.684211
vt 0.266447 0.657895
vt 0.266447 0.684211
vt 0.266447 0.657895
vt 0.266447 0.684211
vt 0.266447 0.657895
vt 0.266447 0.684211
vt 0.266447 0.657895
vt 0.266447 0.684211
vt 0.266447 0.657895
vt 0.266447 0.684211
vt 0.266447 0.657895
vt 0.266447 0.684211
vt 0.266447 0.657895
vt 0.266447 0.684211
vt 0.266447 0.657895
vt 0.092105 0.789474
vt 0.092105 0.815789
vt 0.092105 0.815789
vt 0.092105 0.789474
vt 0.092105 0.815789
vt 0.092105 0.789474
vt 0.092105 0.815789
vt 0.092105 0.789474
vt 0.092105 0.815789
vt 0.092105 0.789474
vt 0.202632 0.842105
vt 0.202632 0.842105
vt 0.202632 0.815789
vt 0.202632 0.815789
vt 0.202632 0.842105
vt 0.202632 0.815789
vt 0.202632 0.842105
vt 0.202632 0.842105
vt 0.202632 0.815789
vt 0.202632 0.815789
vt 0.202632 0.815789
vt 0.202632 0.815789
vt 0.202632 0.815789
vt 0.202632 0.815789
vt 0.202632 0.815789
vt 0.202632 0.815789
vt 0.202632 0.842105
vt 0.202632 0.842105
vt 0.202632 0.842105
vt 0.202632 0.815789
vt 0.202632 0.842105
vt 0.202632 0.815789
vt 0.202632 0.842105
vt 0.202632 0.815789
vt 0.144737 0.842105
vt 0.144737 0.868421
vt 0.144737 0.868421
vt 0.144737 0.842105
vt 0.144737 0.868421
vt 0.144737 0.842105
vt 0.144737 0.868421
vt 0.144737 0.868421
vt 0.144737 0.868421
vt 0.144737 0.868421
vt 0.144737 0.842105
vt 0.144737 0.868421
vt 0.144737 0.842105
vt 0.144737 0.868421
vt 0.144737 0.842105
vt 0.065789 0.894737
vt 0.065789 0.921053
vt 0.065789 0.921053
vt 0.065789 0.894737
vt 0.065789 0.894737
vt 0.065789 0.921053
vt 0.065789 0.894737
vt 0.065789 0.894737
vt 0.065789 0.894737
vt 0.065789 0.894737
vt 0.065789 0.921053
vt 0.065789 0.921053
vt 0.065789 0.894737
vt 0.065789 0.894737
vt 0.065789 0.921053
vt 0.092105 0.921053
vt 0.092105 0.947368
vt 0.092105 0.947368
vt 0.092105 0.921053
vt 0.092105 0.947368
vt 0.092105 0.947368
vt 0.092105 0.947368
vt 0.092105 0.947368
vt 0.092105 0.921053
vt 0.092105 0.947368
vt 0.092105 0.921053
vt 0.210526 0.000000
vt 0.210526 0.026316
vt 0.210526 0.026316
vt 0.210526 0.000000
vt 0.210526 0.026316
vt 0.210526 0.000000
vt 0.210526 0.026316
vt 0.210526 0.026316
vt 0.210526 0.000000
vt 0.210526 0.000000
vt 0.210526 0.000000
vt 0.210526 0.000000
vt 0.210526 0.000000
vt 0.210526 0.000000
vt 0.210526 0.000000
vt 0.210526 0.000000
vt 0.210526 0.000000
vt 0.210526 0.026316
vt 0.210526 0.026316
vt 0.210526 0.026316
vt 0.210526 0.000000
vt 0.210526 0.026316
vt 0.210526 0.000000
vt 0.210526 0.026316
vt 0.210526 0.000000
vt 0.157895 0.026316
vt 0.157895 0.052632
vt 0.157895 0.052632
vt 0.157895 0.026316
vt 0.157895 0.052632
vt 0.157895 0.052632
vt 0.157895 0.026316
vt 0.157895 0.052632
vt 0.157895 0.026316
vt 0.157895 0.052632
vt 0.157895 0.052632
vt 0.157895 0.026316
vt 0.157895 0.052632
vt 0.157895 0.052632
vt 0.157895 0.052632
vt 0.157895 0.026316
vt 0.131579 0.052632
vt 0.131579 0.078947
vt 0.131579 0.078947
vt 0.131579 0.052632
vt 0.131579 0.078947
vt 0.131579 0.052632
vt 0.131579 0.078947
vt 0.131579 0.052632
vt 0.131579 0.078947
vt 0.131579 0.052632
vt 0.171053 0.078947
vt 0.171053 0.105263
vt 0.171053 0.105263
vt 0.171053 0.078947
vt 0.171053 0.078947
vt 0.171053 0.078947
vt 0.171053 0.078947
vt 0.171053 0.078947
vt 0.171053 0.078947
vt 0.171053 0.078947
vt 0.171053 0.078947
vt 0.171053 0.078947
vt 0.171053 0.078947
vt 0.171053 0.105263
vt 0.171053 0.105263
vt 0.171053 0.078947
vt 0.210526 0.105263
vt 0.210526 0.131579
vt 0.210526 0.131579
vt 0.210526 0.105263
vt 0.210526 0.105263
vt 0.210526 0.105263
vt 0.210526 0.105263
vt 0.210526 0.105263
vt 0.210526 0.105263
vt 0.210526 0.131579
vt 0.210526 0.131579
vt 0.210526 0.105263
vt 0.236842 0.131579
vt 0.236842 0.157895
vt 0.236842 0.157895
vt 0.236842 0.131579
vt 0.236842 0.131579
vt 0.236842 0.157895
vt 0.236842 0.157895
vt 0.236842 0.131579
vt 0.236842 0.184211
vt 0.236842 0.184211
vt 0.236842 0.184211
vt 0.236842 0.184211
vt 0.250000 0.184211
vt 0.250000 0.210526
vt 0.250000 0.210526
vt 0.250000 0.184211
vt 0.250000 0.184211
vt 0.250000 0.210526
vt 0.250000 0.210526
vt 0.250000 0.184211
vt 0.250000 0.236842
vt 0.250000 0.236842
vt 0.250000 0.236842
vt 0.250000 0.236842
vt 0.250000 0.236842
vt 0.250000 0.236842
vt 0.250000 0.236842
vt 0.250000 0.236842
vt 0.223684 0.236842
vt 0.223684 0.263158
vt 0.223684 0.263158
vt 0.223684 0.236842
vt 0.223684 0.236842
vt 0.223684 0.263158
vt 0.223684 0.263158
vt 0.223684 0.236842
vt 0.210526 0.263158
vt 0.210526 0.289474
vt 0.210526 0.289474
vt 0.210526 0.263158
vt 0.210526 0.289474
vt 0.210526 0.263158
vt 0.210526 0.289474
vt 0.210526 0.289474
vt 0.210526 0.263158
vt 0.210526 0.289474
vt 0.197368 0.289474
vt 0.197368 0.315789
vt 0.197368 0.315789
vt 0.197368 0.289474
vt 0.197368 0.315789
vt 0.197368 0.289474
vt 0.197368 0.315789
vt 0.197368 0.315789
vt 0.197368 0.315789
vt 0.197368 0.315789
vt 0.197368 0.315789
vt 0.197368 0.315789
vt 0.197368 0.315789
vt 0.197368 0.315789
vt 0.197368 0.315789
vt 0.197368 0.315789
vt 0.197368 0.315789
vt 0.197368 0.289474
vt 0.197368 0.315789
vt 0.197368 0.289474
vt 0.197368 0.315789
vt 0.197368 0.289474
vt 0.157895 0.394737
vt 0.157895 0.421053
vt 0.157895 0.421053
vt 0.157895 0.394737
vt 0.157895 0.421053
vt 0.157895 0.394737
vt 0.157895 0.421053
vt 0.157895 0.394737
vt 0.157895 0.421053
vt 0.157895 0.394737
vt 0.229323 0.421053
vt 0.229323 0.447368
vt 0.229323 0.447368
vt 0.229323 0.421053
vt 0.229323 0.447368
vt 0.229323 0.447368
vt 0.229323 0.421053
vt 0.229323 0.421053
vt 0.229323 0.421053
vt 0.229323 0.421053
vt 0.229323 0.421053
vt 0.229323 0.421053
vt 0.229323 0.421053
vt 0.229323 0.421053
vt 0.229323 0.421053
vt 0.229323 0.421053
vt 0.229323 0.421053
vt 0.229323 0.421053
vt 0.229323 0.447368
vt 0.229323 0.447368
vt 0.229323 0.421053
vt 0.229323 0.447368
vt 0.229323 0.421053
vt 0.229323 0.447368
vt 0.184211 0.447368
vt 0.184211 0.473684
vt 0.184211 0.473684
vt 0.184211 0.447368
vt 0.184211 0.447368
vt 0.184211 0.473684
vt 0.184211 0.473684
vt 0.184211 0.447368
vt 0.316802 0.473684
vt 0.316802 0.500000
vt 0.316802 0.500000
vt 0.316802 0.473684
vt 0.316802 0.500000
vt 0.316802 0.473684
vt 0.316802 0.500000
vt 0.316802 0.473684
vt 0.316802 0.500000
vt 0.316802 0.473684
vt 0.316802 0.500000
vt 0.316802 0.473684
vt 0.316802 0.500000
vt 0.316802 0.473684
vt 0.316802 0.473684
vt 0.316802 0.500000
vt 0.316802 0.500000
vt 0.316802 0.500000
vt 0.316802 0.500000
vt 0.316802 0.473684
vt 0.316802 0.473684
vt 0.316802 0.473684
vt 0.316802 0.500000
vt 0.316802 0.473684
vt 0.316802 0.500000
vt 0.316802 0.473684
vt 0.316802 0.500000
vt 0.316802 0.473684
vt 0.316802 0.500000
vt 0.316802 0.473684
vt 0.316802 0.500000
vt 0.316802 0.473684
vt 0.144737 0.526316
vt 0.144737 0.500000
vt 0.144737 0.500000
vt 0.144737 0.526316
vt 0.144737 0.552632
vt 0.144737 0.552632
vt 0.144737 0.578947
vt 0.144737 0.578947
vt 0.144737 0.552632
vt 0.144737 0.578947
vt 0.144737 0.552632
vt 0.144737 0.578947
vt 0.144737 0.578947
vt 0.144737 0.578947
vt 0.171053 0.578947
vt 0.171053 0.605263
vt 0.171053 0.605263
vt 0.171053 0.578947
vt 0.171053 0.605263
vt 0.171053 0.605263
vt 0.171053 0.605263
vt 0.171053 0.605263
vt 0.171053 0.605263
vt 0.171053 0.605263
vt 0.171053 0.605263
vt 0.171053 0.605263
vt 0.171053 0.605263
vt 0.171053 0.578947
vt 0.171053 0.605263
vt 0.171053 0.578947
vt 0.266447 0.657895
vt 0.266447 0.684211
vt 0.266447 0.684211
vt 0.266447 0.657895
vt 0.266447 0.684211
vt 0.266447 0.657895
vt 0.266447 0.684211
vt 0.266447 0.657895
vt 0.266447 0.684211
vt 0.266447 0.657895
vt 0.266447 0.684211
vt 0.266447 0.657895
vt 0.266447 0.684211
vt 0.266447 0.657895
vt 0.266447 0.684211
vt 0.266447 0.657895
vt 0.266447 0.684211
vt 0.266447 0.657895
vt 0.266447 0.684211
vt 0.266447 0.657895
vt 0.266447 0.684211
vt 0.266447 0.657895
vt 0.202632 0.815789
vt 0.202632 0.842105
vt 0.202632 0.842105
vt 0.202632 0.815789
vt 0.202632 0.842105
vt 0.202632 0.815789
vt 0.202632 0.842105
vt 0.202632 0.815789
vt 0.202632 0.842105
vt 0.202632 0.842105
vt 0.202632 0.815789
vt 0.202632 0.842105
vt 0.202632 0.842105
vt 0.202632 0.815789
vt 0.202632 0.815789
vt 0.202632 0.815789
vt 0.202632 0.815789
vt 0.202632 0.815789
vt 0.202632 0.815789
vt 0.202632 0.815789
vt 0.202632 0.815789
vt 0.202632 0.842105
vt 0.202632 0.842105
vt 0.202632 0.842105
vt 0.202632 0.842105
vt 0.202632 0.815789
vt 0.202632 0.842105
vt 0.202632 0.815789
vt 0.202632 0.842105
vt 0.202632 0.815789
vt 0.202632 0.842105
vt 0.202632 0.815789
vt 0.202632 0.842105
vt 0.202632 0.815789
vt 0.144737 0.842105
vt 0.144737 0.868421
vt 0.144737 0.868421
vt 0.144737 0.842105
vt 0.144737 0.868421
vt 0.144737 0.842105
vt 0.144737 0.868421
vt 0.144737 0.842105
vt 0.144737 0.868421
vt 0.144737 0.842105
vt 0.065789 0.894737
vt 0.065789 0.894737
vt 0.065789 0.921053
vt 0.065789 0.894737
vt 0.065789 0.894737
vt 0.065789 0.894737
vt 0.065789 0.921053
vt 0.092105 0.921053
vt 0.092105 0.947368
vt 0.092105 0.947368
vt 0.092105 0.921053
vt 0.092105 0.947368
vt 0.092105 0.921053
vt 0.092105 0.947368
vt 0.092105 0.921053
vt 0.092105 0.947368
vt 0.092105 0.921053
vt 0.210526 0.000000
vt 0.210526 0.026316
vt 0.210526 0.026316
vt 0.210526 0.000000
vt 0.210526 0.026316
vt 0.210526 0.000000
vt 0.210526 0.026316
vt 0.210526 0.026316
vt 0.210526 0.000000
vt 0.210526 0.026316
vt 0.210526 0.026316
vt 0.210526 0.000000
vt 0.210526 0.000000
vt 0.210526 0.000000
vt 0.210526 0.000000
vt 0.210526 0.000000
vt 0.210526 0.026316
vt 0.210526 0.026316
vt 0.210526 0.026316
vt 0.210526 0.026316
vt 0.210526 0.000000
vt 0.210526 0.026316
vt 0.210526 0.000000
vt 0.210526 0.026316
vt 0.210526 0.000000
vt 0.210526 0.026316
vt 0.210526 0.000000
vt 0.157895 0.026316
vt 0.157895 0.052632
vt 0.157895 0.052632
vt 0.157895 0.026316
vt 0.157895 0.052632
vt 0.157895 0.052632
vt 0.157895 0.026316
vt 0.157895 0.052632
vt 0.157895 0.052632
vt 0.157895 0.026316
vt 0.157895 0.052632
vt 0.157895 0.052632
vt 0.157895 0.026316
vt 0.171053 0.078947
vt 0.171053 0.105263
vt 0.171053 0.105263
vt 0.171053 0.078947
vt 0.171053 0.078947
vt 0.171053 0.078947
vt 0.171053 0.078947
vt 0.171053 0.078947
vt 0.171053 0.078947
vt 0.171053 0.078947
vt 0.171053 0.078947
vt 0.171053 0.078947
vt 0.171053 0.078947
vt 0.171053 0.105263
vt 0.171053 0.105263
vt 0.171053 0.078947
vt 0.210526 0.105263
vt 0.210526 0.131579
vt 0.210526 0.131579
vt 0.210526 0.105263
vt 0.210526 0.105263
vt 0.210526 0.105263
vt 0.210526 0.105263
vt 0.210526 0.105263
vt 0.210526 0.105263
vt 0.210526 0.131579
vt 0.210526 0.131579
vt 0.210526 0.105263
vt 0.236842 0.131579
vt 0.236842 0.157895
vt 0.236842 0.157895
vt 0.236842 0.131579
vt 0.236842 0.131579
vt 0.236842 0.131579
vt 0.236842 0.157895
vt 0.236842 0.157895
vt 0.236842 0.131579
vt 0.236842 0.131579
vt 0.236842 0.184211
vt 0.236842 0.184211
vt 0.236842 0.184211
vt 0.236842 0.184211
vt 0.250000 0.184211
vt 0.250000 0.210526
vt 0.250000 0.210526
vt 0.250000 0.184211
vt 0.250000 0.184211
vt 0.250000 0.210526
vt 0.250000 0.210526
vt 0.250000 0.184211
vt 0.250000 0.236842
vt 0.250000 0.236842
vt 0.250000 0.236842
vt 0.250000 0.236842
vt 0.250000 0.236842
vt 0.250000 0.236842
vt 0.250000 0.236842
vt 0.250000 0.236842
vt 0.223684 0.236842
vt 0.223684 0.263158
vt 0.223684 0.263158
vt 0.223684 0.236842
vt 0.223684 0.263158
vt 0.223684 0.236842
vt 0.223684 0.236842
vt 0.223684 0.263158
vt 0.223684 0.263158
vt 0.223684 0.236842
vt 0.223684 0.263158
vt 0.223684 0.236842
vt 0.210526 0.263158
vt 0.210526 0.289474
vt 0.210526 0.289474
vt 0.210526 0.263158
vt 0.210526 0.289474
vt 0.210526 0.289474
vt 0.210526 0.263158
vt 0.210526 0.289474
vt 0.210526 0.263158
vt 0.210526 0.289474
vt 0.210526 0.289474
vt 0.210526 0.263158
vt 0.210526 0.289474
vt 0.210526 0.289474
vt 0.210526 0.289474
vt 0.210526 0.263158
vt 0.197368 0.289474
vt 0.197368 0.315789
vt 0.197368 0.315789
vt 0.197368 0.289474
vt 0.197368 0.315789
vt 0.197368 0.289474
vt 0.197368 0.315789
vt 0.197368 0.289474
vt 0.197368 0.315789
vt 0.197368 0.289474
vt 0.197368 0.315789
vt 0.197368 0.289474
vt 0.197368 0.315789
vt 0.197368 0.289474
vt 0.229323 0.421053
vt 0.229323 0.447368
vt 0.229323 0.447368
vt 0.229323 0.421053
vt 0.229323 0.421053
vt 0.229323 0.421053
vt 0.229323 0.421053
vt 0.229323 0.421053
vt 0.229323 0.421053
vt 0.229323 0.421053
vt 0.229323 0.421053
vt 0.229323 0.421053
vt 0.229323 0.421053
vt 0.229323 0.421053
vt 0.229323 0.421053
vt 0.229323 0.447368
vt 0.229323 0.447368
vt 0.229323 0.421053
vt 0.184211 0.447368
vt 0.184211 0.473684
vt 0.184211 0.473684
vt 0.184211 0.447368
vt 0.184211 0.447368
vt 0.184211 0.473684
vt 0.184211 0.473684
vt 0.184211 0.447368
vt 0.316802 0.500000
vt 0.316802 0.500000
vt 0.316802 0.473684
vt 0.316802 0.473684
vt 0.316802 0.500000
vt 0.316802 0.473684
vt 0.316802 0.500000
vt 0.316802 0.473684
vt 0.316802 0.500000
vt 0.316802 0.473684
vt 0.316802 0.500000
vt 0.316802 0.473684
vt 0.316802 0.500000
vt 0.316802 0.473684
vt 0.316802 0.473684
vt 0.316802 0.500000
vt 0.316802 0.500000
vt 0.316802 0.473684
vt 0.316802 0.473684
vt 0.316802 0.473684
vt 0.316802 0.500000
vt 0.316802 0.473684
vt 0.316802 0.500000
vt 0.316802 0.473684
vt 0.316802 0.500000
vt 0.316802 0.473684
vt 0.316802 0.500000
vt 0.316802 0.473684
vt 0.316802 0.500000
vt 0.316802 0.473684
vt 0.144737 0.500000
vt 0.144737 0.526316
vt 0.144737 0.526316
vt 0.144737 0.500000
vt 0.144737 0.500000
vt 0.144737 0.526316
vt 0.144737 0.526316
vt 0.144737 0.500000
vt 0.144737 0.552632
vt 0.144737 0.552632
vt 0.144737 0.552632
vt 0.144737 0.552632
vt 0.144737 0.578947
vt 0.144737 0.578947
vt 0.144737 0.552632
vt 0.144737 0.578947
vt 0.144737 0.578947
vt 0.144737 0.552632
vt 0.144737 0.552632
vt 0.144737 0.578947
vt 0.144737 0.578947
vt 0.144737 0.552632
vt 0.144737 0.578947
vt 0.144737 0.578947
vt 0.171053 0.578947
vt 0.171053 0.605263
vt 0.171053 0.605263
vt 0.171053 0.578947
vt 0.171053 0.605263
vt 0.171053 0.578947
vt 0.171053 0.605263
vt 0.171053 0.578947
vt 0.171053 0.605263
vt 0.171053 0.578947
vt 0.171053 0.605263
vt 0.171053 0.578947
vt 0.171053 0.605263
vt 0.171053 0.578947
vt 0.266447 0.657895
vt 0.266447 0.684211
vt 0.266447 0.684211
vt 0.266447 0.657895
vt 0.266447 0.684211
vt 0.266447 0.657895
vt 0.266447 0.684211
vt 0.266447 0.657895
vt 0.266447 0.684211
vt 0.266447 0.657895
vt 0.266447 0.684211
vt 0.266447 0.657895
vt 0.266447 0.684211
vt 0.266447 0.657895
vt 0.202632 0.815789
vt 0.202632 0.842105
vt 0.202632 0.842105
vt 0.202632 0.815789
vt 0.202632 0.842105
vt 0.202632 0.815789
vt 0.202632 0.842105
vt 0.202632 0.815789
vt 0.202632 0.842105
vt 0.202632 0.815789
vt 0.202632 0.842105
vt 0.202632 0.842105
vt 0.202632 0.815789
vt 0.202632 0.842105
vt 0.202632 0.842105
vt 0.202632 0.815789
vt 0.202632 0.842105
vt 0.202632 0.842105
vt 0.202632 0.815789
vt 0.202632 0.842105
vt 0.202632 0.815789
vt 0.202632 0.842105
vt 0.202632 0.815789
vt 0.202632 0.842105
vt 0.202632 0.815789
vt 0.202632 0.842105
vt 0.202632 0.815789
vt 0.202632 0.842105
vt 0.202632 0.815789
vt 0.026316 0.868421
vt 0.026316 0.868421
vt 0.026316 0.894737
vt 0.026316 0.894737
vt 0.026316 0.868421
vt 0.026316 0.868421
vt 0.026316 0.894737
vt 0.026316 0.868421
vt 0.026316 0.894737
vt 0.026316 0.868421
vt 0.026316 0.894737
vt 0.065789 0.894737
vt 0.065789 0.921053
vt 0.065789 0.921053
vt 0.065789 0.894737
vt 0.065789 0.921053
vt 0.065789 0.921053
vt 0.065789 0.894737
vt 0.065789 0.921053
vt 0.065789 0.921053
vt 0.065789 0.894737
vt 0.065789 0.921053
vt 0.065789 0.921053
vt 0.065789 0.894737
vt 0.210526 0.000000
vt 0.210526 0.026316
vt 0.210526 0.026316
vt 0.210526 0.000000
vt 0.210526 0.026316
vt 0.210526 0.000000
vt 0.210526 0.026316
vt 0.210526 0.000000
vt 0.210526 0.026316
vt 0.210526 0.026316
vt 0.210526 0.000000
vt 0.210526 0.026316
vt 0.210526 0.026316
vt 0.210526 0.000000
vt 0.210526 0.026316
vt 0.210526 0.026316
vt 0.210526 0.000000
vt 0.210526 0.026316
vt 0.210526 0.000000
vt 0.210526 0.026316
vt 0.210526 0.000000
vt 0.210526 0.026316
vt 0.210526 0.000000
vt 0.210526 0.026316
vt 0.210526 0.000000
vt 0.171053 0.078947
vt 0.171053 0.105263
vt 0.171053 0.105263
vt 0.171053 0.078947
vt 0.171053 0.105263
vt 0.171053 0.078947
vt 0.171053 0.105263
vt 0.171053 0.078947
vt 0.171053 0.105263
vt 0.171053 0.078947
vt 0.171053 0.105263
vt 0.171053 0.078947
vt 0.171053 0.105263
vt 0.171053 0.078947
vt 0.210526 0.105263
vt 0.210526 0.131579
vt 0.210526 0.131579
vt 0.210526 0.105263
vt 0.210526 0.131579
vt 0.210526 0.105263
vt 0.210526 0.105263
vt 0.210526 0.105263
vt 0.210526 0.131579
vt 0.210526 0.131579
vt 0.210526 0.105263
vt 0.210526 0.105263
vt 0.210526 0.131579
vt 0.210526 0.105263
vt 0.236842 0.131579
vt 0.236842 0.157895
vt 0.236842 0.157895
vt 0.236842 0.131579
vt 0.236842 0.131579
vt 0.236842 0.131579
vt 0.236842 0.157895
vt 0.236842 0.157895
vt 0.236842 0.131579
vt 0.236842 0.131579
vt 0.236842 0.184211
vt 0.236842 0.184211
vt 0.236842 0.184211
vt 0.236842 0.184211
vt 0.250000 0.184211
vt 0.250000 0.210526
vt 0.250000 0.210526
vt 0.250000 0.184211
vt 0.250000 0.184211
vt 0.250000 0.210526
vt 0.250000 0.210526
vt 0.250000 0.184211
vt 0.250000 0.236842
vt 0.250000 0.236842
vt 0.250000 0.236842
vt 0.250000 0.236842
vt 0.250000 0.236842
vt 0.250000 0.236842
vt 0.250000 0.236842
vt 0.250000 0.236842
vt 0.250000 0.236842
vt 0.250000 0.236842
vt 0.250000 0.236842
vt 0.250000 0.236842
vt 0.223684 0.236842
vt 0.223684 0.263158
vt 0.223684 0.263158
vt 0.223684 0.236842
vt 0.223684 0.263158
vt 0.223684 0.236842
vt 0.223684 0.263158
vt 0.223684 0.236842
vt 0.223684 0.263158
vt 0.223684 0.236842
vt 0.223684 0.263158
vt 0.223684 0.236842
vt 0.223684 0.263158
vt 0.223684 0.236842
vt 0.210526 0.263158
vt 0.210526 0.289474
vt 0.210526 0.289474
vt 0.210526 0.263158
vt 0.210526 0.289474
vt 0.210526 0.289474
vt 0.210526 0.263158
vt 0.210526 0.289474
vt 0.210526 0.289474
vt 0.210526 0.263158
vt 0.210526 0.289474
vt 0.210526 0.289474
vt 0.210526 0.263158
vt 0.210526 0.289474
vt 0.210526 0.289474
vt 0.210526 0.263158
vt 0.210526 0.289474
vt 0.210526 0.289474
vt 0.210526 0.263158
vt 0.229323 0.421053
vt 0.229323 0.447368
vt 0.229323 0.447368
vt 0.229323 0.421053
vt 0.229323 0.447368
vt 0.229323 0.421053
vt 0.229323 0.447368
vt 0.229323 0.421053
vt 0.229323 0.447368
vt 0.229323 0.421053
vt 0.229323 0.447368
vt 0.229323 0.421053
vt 0.229323 0.447368
vt 0.229323 0.421053
vt 0.229323 0.447368
vt 0.229323 0.421053
vt 0.229323 0.447368
vt 0.229323 0.421053
vt 0.184211 0.447368
vt 0.184211 0.473684
vt 0.184211 0.473684
vt 0.184211 0.447368
vt 0.184211 0.447368
vt 0.184211 0.473684
vt 0.184211 0.473684
vt 0.184211 0.447368
vt 0.316802 0.473684
vt 0.316802 0.500000
vt 0.316802 0.500000
vt 0.316802 0.473684
vt 0.316802 0.500000
vt 0.316802 0.473684
vt 0.316802 0.500000
vt 0.316802 0.473684
vt 0.316802 0.500000
vt 0.316802 0.473684
vt 0.316802 0.500000
vt 0.316802 0.473684
vt 0.316802 0.500000
vt 0.316802 0.473684
vt 0.316802 0.500000
vt 0.316802 0.500000
vt 0.316802 0.473684
vt 0.316802 0.473684
vt 0.316802 0.500000
vt 0.316802 0.500000
vt 0.316802 0.500000
vt 0.316802 0.473684
vt 0.316802 0.473684
vt 0.316802 0.473684
vt 0.316802 0.500000
vt 0.316802 0.473684
vt 0.316802 0.500000
vt 0.316802 0.473684
vt 0.316802 0.500000
vt 0.316802 0.473684
vt 0.316802 0.500000
vt 0.316802 0.473684
vt 0.316802 0.500000
vt 0.316802 0.473684
vt 0.316802 0.500000
vt 0.316802 0.473684
vt 0.144737 0.500000
vt 0.144737 0.526316
vt 0.144737 0.526316
vt 0.144737 0.500000
vt 0.144737 0.526316
vt 0.144737 0.500000
vt 0.144737 0.500000
vt 0.144737 0.526316
vt 0.144737 0.526316
vt 0.144737 0.500000
vt 0.144737 0.526316
vt 0.144737 0.500000
vt 0.144737 0.552632
vt 0.144737 0.552632
vt 0.144737 0.552632
vt 0.144737 0.552632
vt 0.144737 0.552632
vt 0.144737 0.552632
vt 0.144737 0.578947
vt 0.144737 0.578947
vt 0.144737 0.552632
vt 0.144737 0.578947
vt 0.144737 0.578947
vt 0.144737 0.552632
vt 0.144737 0.578947
vt 0.144737 0.578947
vt 0.144737 0.552632
vt 0.144737 0.578947
vt 0.144737 0.578947
vt 0.202632 0.815789
vt 0.202632 0.842105
vt 0.202632 0.842105
vt 0.202632 0.815789
vt 0.202632 0.842105
vt 0.202632 0.815789
vt 0.202632 0.842105
vt 0.202632 0.815789
vt 0.202632 0.842105
vt 0.202632 0.815789
vt 0.202632 0.842105
vt 0.202632 0.815789
vt 0.202632 0.842105
vt 0.202632 0.815789
vt 0.202632 0.842105
vt 0.202632 0.815789
vt 0.202632 0.842105
vt 0.202632 0.815789
vt 0.202632 0.842105
vt 0.202632 0.815789
vt 0.202632 0.842105
vt 0.202632 0.815789
vt 0.026316 0.868421
vt 0.026316 0.894737
vt 0.026316 0.894737
vt 0.026316 0.868421
vt 0.026316 0.894737
vt 0.026316 0.894737
vt 0.026316 0.868421
vt 0.210526 0.000000
vt 0.210526 0.026316
vt 0.210526 0.026316
vt 0.210526 0.000000
vt 0.210526 0.026316
vt 0.210526 0.000000
vt 0.210526 0.026316
vt 0.210526 0.000000
vt 0.210526 0.026316
vt 0.210526 0.000000
vt 0.210526 0.026316
vt 0.210526 0.000000
vt 0.210526 0.026316
vt 0.210526 0.000000
vt 0.210526 0.105263
vt 0.210526 0.131579
vt 0.210526 0.131579
vt 0.210526 0.105263
vt 0.210526 0.105263
vt 0.210526 0.131579
vt 0.210526 0.105263
vt 0.210526 0.105263
vt 0.210526 0.131579
vt 0.210526 0.105263
vt 0.210526 0.105263
vt 0.210526 0.131579
vt 0.210526 0.105263
vt 0.210526 0.105263
vt 0.210526 0.131579
vt 0.210526 0.105263
vt 0.210526 0.105263
vt 0.210526 0.131579
vt 0.210526 0.105263
vt 0.236842 0.131579
vt 0.236842 0.157895
vt 0.236842 0.157895
vt 0.236842 0.131579
vt 0.236842 0.131579
vt 0.236842 0.157895
vt 0.236842 0.131579
vt 0.236842 0.131579
vt 0.236842 0.131579
vt 0.236842 0.157895
vt 0.236842 0.157895
vt 0.236842 0.131579
vt 0.236842 0.131579
vt 0.236842 0.131579
vt 0.236842 0.157895
vt 0.236842 0.131579
vt 0.236842 0.184211
vt 0.236842 0.184211
vt 0.236842 0.184211
vt 0.236842 0.184211
vt 0.236842 0.184211
vt 0.236842 0.184211
vt 0.250000 0.184211
vt 0.250000 0.210526
vt 0.250000 0.210526
vt 0.250000 0.184211
vt 0.250000 0.210526
vt 0.250000 0.184211
vt 0.250000 0.184211
vt 0.250000 0.210526
vt 0.250000 0.210526
vt 0.250000 0.184211
vt 0.250000 0.210526
vt 0.250000 0.184211
vt 0.250000 0.236842
vt 0.250000 0.236842
vt 0.250000 0.236842
vt 0.250000 0.236842
vt 0.250000 0.236842
vt 0.250000 0.236842
vt 0.250000 0.236842
vt 0.250000 0.236842
vt 0.250000 0.236842
vt 0.250000 0.236842
vt 0.250000 0.236842
vt 0.250000 0.236842
vt 0.250000 0.236842
vt 0.250000 0.236842
vt 0.250000 0.236842
vt 0.250000 0.236842
vt 0.184211 0.447368
vt 0.184211 0.473684
vt 0.184211 0.473684
vt 0.184211 0.447368
vt 0.184211 0.447368
vt 0.184211 0.473684
vt 0.184211 0.447368
vt 0.184211 0.447368
vt 0.184211 0.473684
vt 0.184211 0.447368
vt 0.184211 0.447368
vt 0.184211 0.473684
vt 0.184211 0.447368
vt 0.184211 0.447368
vt 0.184211 0.473684
vt 0.184211 0.447368
vt 0.184211 0.447368
vt 0.184211 0.473684
vt 0.184211 0.447368
vt 0.316802 0.473684
vt 0.316802 0.500000
vt 0.316802 0.500000
vt 0.316802 0.473684
vt 0.316802 0.500000
vt 0.316802 0.473684
vt 0.316802 0.500000
vt 0.316802 0.473684
vt 0.316802 0.500000
vt 0.316802 0.473684
vt 0.316802 0.500000
vt 0.316802 0.473684
vt 0.316802 0.500000
vt 0.316802 0.473684
vt 0.316802 0.500000
vt 0.316802 0.500000
vt 0.316802 0.473684
vt 0.316802 0.473684
vt 0.316802 0.500000
vt 0.316802 0.500000
vt 0.316802 0.500000
vt 0.316802 0.500000
vt 0.316802 0.500000
vt 0.316802 0.500000
vt 0.316802 0.500000
vt 0.316802 0.473684
vt 0.316802 0.473684
vt 0.316802 0.473684
vt 0.316802 0.500000
vt 0.316802 0.473684
vt 0.316802 0.500000
vt 0.316802 0.473684
vt 0.316802 0.500000
vt 0.316802 0.473684
vt 0.316802 0.500000
vt 0.316802 0.473684
vt 0.316802 0.500000
vt 0.316802 0.473684
vt 0.316802 0.500000
vt 0.316802 0.473684
vt 0.144737 0.500000
vt 0.144737 0.526316
vt 0.144737 0.526316
vt 0.144737 0.500000
vt 0.144737 0.526316
vt 0.144737 0.500000
vt 0.144737 0.526316
vt 0.144737 0.500000
vt 0.144737 0.526316
vt 0.144737 0.500000
vt 0.144737 0.552632
vt 0.144737 0.552632
vt 0.144737 0.552632
vt 0.144737 0.552632
vt 0.144737 0.552632
vt 0.202632 0.815789
vt 0.202632 0.842105
vt 0.202632 0.842105
vt 0.202632 0.815789
vt 0.202632 0.842105
vt 0.202632 0.815789
vt 0.202632 0.842105
vt 0.202632 0.815789
vt 0.202632 0.842105
vt 0.202632 0.815789
vt 0.202632 0.842105
vt 0.202632 0.815789
vt 0.202632 0.842105
vt 0.202632 0.815789
vt 0.202632 0.842105
vt 0.202632 0.815789
vt 0.202632 0.842105
vt 0.202632 0.815789
vt 0.236842 0.131579
vt 0.236842 0.157895
vt 0.236842 0.157895
vt 0.236842 0.131579
vt 0.236842 0.131579
vt 0.236842 0.157895
vt 0.236842 0.131579
vt 0.236842 0.131579
vt 0.236842 0.157895
vt 0.236842 0.131579
vt 0.236842 0.131579
vt 0.236842 0.157895
vt 0.236842 0.131579
vt 0.236842 0.131579
vt 0.236842 0.157895
vt 0.236842 0.131579
vt 0.236842 0.131579
vt 0.236842 0.157895
vt 0.236842 0.131579
vt 0.236842 0.184211
vt 0.236842 0.184211
vt 0.236842 0.184211
vt 0.236842 0.184211
vt 0.236842 0.184211
vt 0.236842 0.184211
vt 0.236842 0.184211
vt 0.250000 0.184211
vt 0.250000 0.210526
vt 0.250000 0.210526
vt 0.250000 0.184211
vt 0.250000 0.210526
vt 0.250000 0.184211
vt 0.250000 0.210526
vt 0.250000 0.184211
vt 0.250000 0.210526
vt 0.250000 0.184211
vt 0.250000 0.210526
vt 0.250000 0.184211
vt 0.250000 0.210526
vt 0.250000 0.184211
vt 0.250000 0.236842
vt 0.250000 0.236842
vt 0.250000 0.236842
vt 0.250000 0.236842
vt 0.250000 0.236842
vt 0.250000 0.236842
vt 0.250000 0.236842
vt 0.316802 0.500000
vt 0.316802 0.500000
vt 0.316802 0.473684
vt 0.316802 0.473684
vt 0.316802 0.500000
vt 0.316802 0.473684
vt 0.316802 0.500000
vt 0.316802 0.473684
vt 0.316802 0.500000
vt 0.316802 0.473684
vt 0.316802 0.500000
vt 0.316802 0.473684
vt 0.316802 0.500000
vt 0.316802 0.473684
vt 0.316802 0.500000
vt 0.316802 0.473684
vt 0.316802 0.473684
vt 0.316802 0.500000
vt 0.316802 0.500000
vt 0.316802 0.473684
vt 0.316802 0.473684
vt 0.316802 0.500000
vt 0.316802 0.500000
vt 0.316802 0.473684
vt 0.316802 0.473684
vt 0.316802 0.500000
vt 0.316802 0.500000
vt 0.316802 0.473684
vt 0.316802 0.473684
vt 0.316802 0.500000
vt 0.316802 0.473684
vt 0.316802 0.473684
vt 0.316802 0.500000
vt 0.316802 0.473684
vt 0.316802 0.500000
vt 0.316802 0.473684
vt 0.316802 0.500000
vt 0.316802 0.473684
vt 0.316802 0.500000
vt 0.316802 0.473684
vt 0.316802 0.500000
vt 0.316802 0.473684
vt 0.316802 0.500000
vt 0.316802 0.473684
vt 0.316802 0.500000
vt 0.316802 0.473684
vt 0.316802 0.473684
vt 0.316802 0.500000
vt 0.316802 0.500000
vt 0.316802 0.473684
vt 0.316802 0.500000
vt 0.316802 0.473684
vt 0.316802 0.500000
vt 0.316802 0.473684
vt 0.316802 0.500000
vt 0.316802 0.473684
vt 0.316802 0.500000
vt 0.316802 0.473684
vt 0.316802 0.500000
vt 0.316802 0.473684
vt 0.316802 0.500000
vt 0.316802 0.473684
vt 0.316802 0.500000
vt 0.316802 0.473684
vt 0.316802 0.500000
vt 0.316802 0.473684
vt 0.316802 0.500000
vt 0.316802 0.473684
vt 0.316802 0.500000
vt 0.316802 0.473684
vt 0.316802 0.500000
vt 0.316802 0.473684
vt 0.316802 0.500000
vt 0.316802 0.473684
vt 0.316802 0.500000
vt 0.316802 0.473684
vt 0.316802 0.500000
vt 0.316802 0.473684
vt 0.316802 0.500000
vt 0.316802 0.473684
vt 0.316802 0.500000
vt 0.316802 0.473684
vt 0.316802 0.500000
vt 0.316802 0.473684
vt 0.316802 0.473684
vt 0.316802 0.500000
vt 0.316802 0.500000
vt 0.316802 0.473684
vt 0.316802 0.500000
vt 0.316802 0.473684
vt 0.316802 0.500000
vt 0.316802 0.473684
vt 0.316802 0.500000
vt 0.316802 0.473684
vt 0.316802 0.500000
vt 0.316802 0.473684
vt 0.316802 0.500000
vt 0.316802 0.473684
vt 0.316802 0.500000
vt 0.316802 0.473684
vt 0.316802 0.500000
vt 0.316802 0.473684
vt 0.316802 0.500000
vt 0.316802 0.473684
vt 0.316802 0.500000
vt 0.316802 0.473684
vt 0.316802 0.500000
vt 0.316802 0.473684
vt 0.316802 0.500000
vt 0.316802 0.473684
vt 0.316802 0.500000
vt 0.316802 0.473684
vt 0.316802 0.500000
vt 0.316802 0.473684
vt 0.316802 0.473684
vt 0.316802 0.500000
vt 0.316802 0.500000
vt 0.316802 0.473684
vt 0.316802 0.500000
vt 0.316802 0.473684
vt 0.316802 0.500000
vt 0.316802 0.473684
vt 0.316802 0.500000
vt 0.316802 0.473684
vt 0.316802 0.500000
vt 0.316802 0.473684
vt 0.316802 0.500000
vt 0.316802 0.473684
vt 0.316802 0.500000
vt 0.316802 0.473684
vt 0.316802 0.500000
vt 0.316802 0.473684
vt 0.316802 0.500000
vt 0.316802 0.473684
vt 0.316802 0.500000
vt 0.316802 0.473684
vt 0.316802 0.500000
vt 0.316802 0.473684
vt 0.316802 0.500000
vt 0.316802 0.473684
vt 0.316802 0.473684
vt 0.316802 0.500000
vt 0.316802 0.500000
vt 0.316802 0.473684
vt 0.316802 0.500000
vt 0.316802 0.473684
vt 0.316802 0.500000
vt 0.316802 0.473684
vt 0.316802 0.500000
vt 0.316802 0.473684
vt 0.316802 0.500000
vt 0.316802 0.473684
vt 0.316802 0.500000
vt 0.316802 0.473684
vt 0.316802 0.500000
vt 0.316802 0.473684
vt 0.316802 0.500000
vt 0.316802 0.473684
usemtl torchpart
f 1/1 2/2 3/3
f 1/1 3/3 4/4
f 4/4 3/3 5/5
f 4/4 5/5 6/6
f 1/1 7/7 8/8
f 1/1 8/8 2/2
f 1/1 4/4 6/6
f 1/1 6/6 7/7
f 2/2 9/9 10/10
f 2/2 10/10 3/3
f 3/3 10/10 11/11
f 3/3 11/11 5/5
f 2/2 8/8 12/12
f 2/2 12/12 9/9
f 9/9 13/13 14/14
f 9/9 14/14 10/10
f 10/10 14/14 15/15
f 10/10 15/15 11/11
f 9/9 12/12 16/16
f 9/9 16/16 13/13
f 13/13 17/17 18/18
f 13/13 18/18 14/14
f 14/14 18/18 19/19
f 14/14 19/19 15/15
f 13/13 16/16 20/20
f 13/13 20/20 17/17
f 17/17 21/21 22/22
f 17/17 22/22 18/18
f 18/18 22/22 23/23
f 18/18 23/23 19/19
f 17/17 20/20 24/24
f 17/17 24/24 21/21
f 21/21 25/25 26/26
f 21/21 26/26 22/22
f 22/22 26/26 27/27
f 22/22 27/27 23/23
f 21/21 24/24 28/28
f 21/21 28/28 25/25
f 25/25 29/29 30/30
f 25/25 30/30 26/26
f 26/26 30/30 31/31
f 26/26 31/31 27/27
f 25/25 28/28 32/32
f 25/25 32/32 29/29
f 29/29 33/33 34/34
f 29/29 34/34 30/30
f 30/30 34/34 35/35
f 30/30 35/35 31/31
f 29/29 32/32 36/36
f 29/29 36/36 33/33
f 33/33 36/36 35/35
f 33/33 35/35 34/34
f 37/37 38/38 39/39
f 37/37 39/39 40/40
f 40/40 39/39 41/41
f 40/40 41/41 42/42
f 37/37 43/43 44/44
f 37/37 44/44 38/38
f 37/37 40/40 42/42
f 37/37 42/42 43/43
f 38/38 7/7 6/6
f 38/38 6/6 39/39
f 39/39 6/6 45/45
f 39/39 45/45 41/41
f 38/38 44/44 46/46
f 38/38 46/46 7/7
f 6/6 5/5 47/47
f 6/6 47/47 45/45
f 7/7 46/46 48/48
f 7/7 48/48 8/8
f 5/5 11/11 49/49
f 5/5 49/49 47/47
f 8/8 48/48 50/50
f 8/8 50/50 12/12
f 11/11 15/15 51/51
f 11/11 51/51 49/49
f 12/12 50/50 52/52
f 12/12 52/52 16/16
f 15/15 19/19 53/53
f 15/15 53/53 51/51
f 16/16 52/52 54/54
f 16/16 54/54 20/20
f 19/19 23/23 55/55
f 19/19 55/55 53/53
f 20/20 54/54 56/56
f 20/20 56/56 24/24
f 23/23 27/27 57/57
f 23/23 57/57 55/55
f 24/24 56/56 58/58
f 24/24 58/58 28/28
f 27/27 31/31 59/59
f 27/27 59/59 57/57
f 28/28 58/58 60/60
f 28/28 60/60 32/32
f 31/31 35/35 61/61
f 31/31 61/61 59/59
f 32/32 60/60 62/62
f 32/32 62/62 36/36
f 36/36 63/63 64/64
f 36/36 64/64 35/35
f 35/35 64/64 65/65
f 35/35 65/65 61/61
f 36/36 62/62 66/66
f 36/36 66/66 63/63
f 63/63 67/67 68/68
f 63/63 68/68 64/64
f 64/64 68/68 69/69
f 64/64 69/69 65/65
f 63/63 66/66 70/70
f 63/63 70/70 67/67
f 67/67 70/70 69/69
f 67/67 69/69 68/68
f 71/71 43/43 42/42
f 71/71 42/42 72/72
f 72/72 42/42 73/73
f 72/72 73/73 74/74
f 71/71 75/75 76/76
f 71/71 76/76 43/43
f 71/71 72/72 74/74
f 71/71 74/74 75/75
f 42/42 41/41 77/77
f 42/42 77/77 73/73
f 43/43 76/76 78/78
f 43/43 78/78 44/44
f 41/41 45/45 79/79
f 41/41 79/79 77/77
f 44/44 78/78 80/80
f 44/44 80/80 46/46
f 45/45 47/47 81/81
f 45/45 81/81 79/79
f 46/46 80/80 82/82
f 46/46 82/82 48/48
f 47/47 49/49 83/83
f 47/47 83/83 81/81
f 48/48 82/82 84/84
f 48/48 84/84 50/50
f 49/49 51/51 85/85
f 49/49 85/85 83/83
f 50/50 84/84 86/86
f 50/50 86/86 52/52
f 51/51 53/53 87/87
f 51/51 87/87 85/85
f 52/52 86/86 88/88
f 52/52 88/88 54/54
f 53/53 55/55 89/89
f 53/53 89/89 87/87
f 54/54 88/88 90/90
f 54/54 90/90 56/56
f 55/55 57/57 91/91
f 55/55 91/91 89/89
f 56/56 90/90 92/92
f 56/56 92/92 58/58
f 57/57 59/59 93/93
f 57/57 93/93 91/91
f 58/58 92/92 94/94
f 58/58 94/94 60/60
f 59/59 61/61 95/95
f 59/59 95/95 93/93
f 60/60 94/94 96/96
f 60/60 96/96 62/62
f 61/61 65/65 97/97
f 61/61 97/97 95/95
f 62/62 96/96 98/98
f 62/62 98/98 66/66
f 65/65 69/69 99/99
f 65/65 99/99 97/97
f 66/66 98/98 100/100
f 66/66 100/100 70/70
f 70/70 101/101 102/102
f 70/70 102/102 69/69
f 69/69 102/102 103/103
f 69/69 103/103 99/99
f 70/70 100/100 104/104
f 70/70 104/104 101/101
f 101/101 104/104 103/103
f 101/101 103/103 102/102
f 105/105 106/106 107/107
f 105/105 107/107 108/108
f 108/108 107/107 109/109
f 108/108 109/109 110/110
f 105/105 111/111 112/112
f 105/105 112/112 106/106
f 105/105 108/108 110/110
f 105/105 110/110 111/111
f 106/106 113/113 114/114
f 106/106 114/114 107/107
f 107/107 114/114 115/115
f 107/107 115/115 109/109
f 106/106 112/112 116/116
f 106/106 116/116 113/113
f 113/113 117/117 118/118
f 113/113 118/118 114/114
f 114/114 118/118 119/119
f 114/114 119/119 115/115
f 113/113 116/116 120/120
f 113/113 120/120 117/117
f 117/117 121/121 122/122
f 117/117 122/122 118/118
f 118/118 122/122 123/123
f 118/118 123/123 119/119
f 117/117 120/120 124/124
f 117/117 124/124 121/121
f 121/121 125/125 126/126
f 121/121 126/126 122/122
f 122/122 126/126 127/127
f 122/122 127/127 123/123
f 121/121 124/124 128/128
f 121/121 128/128 125/125
f 125/125 129/129 130/130
f 125/125 130/130 126/126
f 126/126 130/130 131/131
f 126/126 131/131 127/127
f 125/125 128/128 132/132
f 125/125 132/132 129/129
f 129/129 132/132 131/131
f 129/129 131/131 130/130
f 133/133 75/75 74/74
f 133/133 74/74 134/134
f 134/134 74/74 135/135
f 134/134 135/135 136/136
f 133/133 137/137 138/138
f 133/133 138/138 75/75
f 133/133 134/134 136/136
f 133/133 136/136 137/137
f 74/74 73/73 139/139
f 74/74 139/139 135/135
f 75/75 138/138 140/140
f 75/75 140/140 76/76
f 73/73 77/77 141/141
f 73/73 141/141 139/139
f 76/76 140/140 142/142
f 76/76 142/142 78/78
f 77/77 79/79 143/143
f 77/77 143/143 141/141
f 78/78 142/142 144/144
f 78/78 144/144 80/80
f 79/79 81/81 145/145
f 79/79 145/145 143/143
f 80/80 144/144 146/146
f 80/80 146/146 82/82
f 81/81 83/83 147/147
f 81/81 147/147 145/145
f 82/82 146/146 148/148
f 82/82 148/148 84/84
f 83/83 85/85 149/149
f 83/83 149/149 147/147
f 84/84 148/148 150/150
f 84/84 150/150 86/86
f 85/85 87/87 151/151
f 85/85 151/151 149/149
f 86/86 150/150 152/152
f 86/86 152/152 88/88
f 87/87 89/89 153/153
f 87/87 153/153 151/151
f 88/88 152/152 154/154
f 88/88 154/154 90/90
f 89/89 91/91 155/155
f 89/89 155/155 153/153
f 90/90 154/154 156/156
f 90/90 156/156 92/92
f 91/91 93/93 157/157
f 91/91 157/157 155/155
f 92/92 156/156 158/158
f 92/92 158/158 94/94
f 93/93 95/95 159/159
f 93/93 159/159 157/157
f 94/94 158/158 160/160
f 94/94 160/160 96/96
f 95/95 97/97 161/161
f 95/95 161/161 159/159
f 96/96 160/160 162/162
f 96/96 162/162 98/98
f 97/97 99/99 163/163
f 97/97 163/163 161/161
f 98/98 162/162 164/164
f 98/98 164/164 100/100
f 99/99 103/103 165/165
f 99/99 165/165 163/163
f 100/100 164/164 166/166
f 100/100 166/166 104/104
f 104/104 167/167 168/168
f 104/104 168/168 103/103
f 103/103 168/168 169/169
f 103/103 169/169 165/165
f 104/104 166/166 170/170
f 104/104 170/170 167/167
f 167/167 170/170 169/169
f 167/167 169/169 168/168
f 171/171 172/172 173/173
f 171/171 173/173 174/174
f 171/171 175/175 176/176
f 171/171 176/176 172/172
f 171/171 174/174 177/177
f 171/171 177/177 175/175
f 172/172 178/178 179/179
f 172/172 179/179 173/173
f 172/172 176/176 180/180
f 172/172 180/180 178/178
f 178/178 181/181 182/182
f 178/178 182/182 179/179
f 178/178 180/180 183/183
f 178/178 183/183 181/181
f 181/181 184/184 185/185
f 181/181 185/185 182/182
f 181/181 183/183 186/186
f 181/181 186/186 184/184
f 184/184 187/187 188/188
f 184/184 188/188 185/185
f 184/184 186/186 189/189
f 184/184 189/189 187/187
f 187/187 190/190 191/191
f 187/187 191/191 188/188
f 187/187 189/189 192/192
f 187/187 192/192 190/190
f 190/190 192/192 193/193
f 190/190 193/193 191/191
f 174/174 173/173 194/194
f 174/174 194/194 195/195
f 174/174 195/195 196/196
f 174/174 196/196 177/177
f 173/173 179/179 197/197
f 173/173 197/197 194/194
f 179/179 182/182 198/198
f 179/179 198/198 197/197
f 182/182 185/185 199/199
f 182/182 199/199 198/198
f 185/185 188/188 200/200
f 185/185 200/200 199/199
f 188/188 191/191 201/201
f 188/188 201/201 200/200
f 191/191 193/193 202/202
f 191/191 202/202 201/201
f 203/203 204/204 205/205
f 203/203 205/205 206/206
f 206/206 205/205 207/207
f 206/206 207/207 208/208
f 203/203 206/206 208/208
f 203/203 208/208 209/209
f 204/204 210/210 211/211
f 204/204 211/211 205/205
f 205/205 211/211 212/212
f 205/205 212/212 207/207
f 210/210 213/213 214/214
f 210/210 214/214 211/211
f 211/211 214/214 215/215
f 211/211 215/215 212/212
f 213/213 216/216 217/217
f 213/213 217/217 214/214
f 214/214 217/217 218/218
f 214/214 218/218 215/215
f 216/216 219/219 220/220
f 216/216 220/220 217/217
f 217/217 220/220 221/221
f 217/217 221/221 218/218
f 219/219 222/222 223/223
f 219/219 223/223 220/220
f 220/220 223/223 224/224
f 220/220 224/224 221/221
f 222/222 225/225 224/224
f 222/222 224/224 223/223
f 226/226 227/227 228/228
f 226/226 228/228 229/229
f 229/229 228/228 230/230
f 229/229 230/230 231/231
f 226/226 232/232 233/233
f 226/226 233/233 227/227
f 226/226 229/229 231/231
f 226/226 231/231 232/232
f 227/227 234/234 235/235
f 227/227 235/235 228/228
f 228/228 235/235 236/236
f 228/228 236/236 230/230
f 227/227 233/233 237/237
f 227/227 237/237 234/234
f 234/234 238/238 239/239
f 234/234 239/239 235/235
f 235/235 239/239 240/240
f 235/235 240/240 236/236
f 234/234 237/237 241/241
f 234/234 241/241 238/238
f 238/238 242/242 243/243
f 238/238 243/243 239/239
f 239/239 243/243 244/244
f 239/239 244/244 240/240
f 238/238 241/241 245/245
f 238/238 245/245 242/242
f 242/242 246/246 247/247
f 242/242 247/247 243/243
f 243/243 247/247 248/248
f 243/243 248/248 244/244
f 242/242 245/245 249/249
f 242/242 249/249 246/246
f 246/246 250/250 251/251
f 246/246 251/251 247/247
f 247/247 251/251 252/252
f 247/247 252/252 248/248
f 246/246 249/249 253/253
f 246/246 253/253 250/250
f 250/250 253/253 252/252
f 250/250 252/252 251/251
f 254/254 255/255 256/256
f 254/254 256/256 257/257
f 257/257 256/256 258/258
f 257/257 258/258 259/259
f 254/254 260/260 261/261
f 254/254 261/261 255/255
f 254/254 257/257 259/259
f 254/254 259/259 260/260
f 255/255 262/262 263/263
f 255/255 263/263 256/256
f 256/256 263/263 264/264
f 256/256 264/264 258/258
f 255/255 261/261 265/265
f 255/255 265/265 262/262
f 262/262 111/111 110/110
f 262/262 110/110 263/263
f 263/263 110/110 266/266
f 263/263 266/266 264/264
f 262/262 265/265 267/267
f 262/262 267/267 111/111
f 110/110 109/109 268/268
f 110/110 268/268 266/266
f 111/111 267/267 269/269
f 111/111 269/269 112/112
f 109/109 115/115 270/270
f 109/109 270/270 268/268
f 112/112 269/269 271/271
f 112/112 271/271 116/116
f 115/115 119/119 272/272
f 115/115 272/272 270/270
f 116/116 271/271 273/273
f 116/116 273/273 120/120
f 119/119 123/123 274/274
f 119/119 274/274 272/272
f 120/120 273/273 275/275
f 120/120 275/275 124/124
f 123/123 127/127 276/276
f 123/123 276/276 274/274
f 124/124 275/275 277/277
f 124/124 277/277 128/128
f 127/127 131/131 278/278
f 127/127 278/278 276/276
f 128/128 277/277 279/279
f 128/128 279/279 132/132
f 132/132 280/280 281/281
f 132/132 281/281 131/131
f 131/131 281/281 282/282
f 131/131 282/282 278/278
f 132/132 279/279 283/283
f 132/132 283/283 280/280
f 280/280 284/284 285/285
f 280/280 285/285 281/281
f 281/281 285/285 286/286
f 281/281 286/286 282/282
f 280/280 283/283 287/287
f 280/280 287/287 284/284
f 284/284 288/288 289/289
f 284/284 289/289 285/285
f 285/285 289/289 290/290
f 285/285 290/290 286/286
f 284/284 287/287 291/291
f 284/284 291/291 288/288
f 288/288 291/291 290/290
f 288/288 290/290 289/289
f 292/292 137/137 136/136
f 292/292 136/136 293/293
f 293/293 136/136 294/294
f 293/293 294/294 295/295
f 292/292 296/296 297/297
f 292/292 297/297 137/137
f 292/292 293/293 295/295
f 292/292 295/295 296/296
f 136/136 135/135 298/298
f 136/136 298/298 294/294
f 137/137 297/297 299/299
f 137/137 299/299 138/138
f 135/135 139/139 300/300
f 135/135 300/300 298/298
f 138/138 299/299 301/301
f 138/138 301/301 140/140
f 139/139 141/141 302/302
f 139/139 302/302 300/300
f 140/140 301/301 303/303
f 140/140 303/303 142/142
f 141/141 143/143 304/304
f 141/141 304/304 302/302
f 142/142 303/303 305/305
f 142/142 305/305 144/144
f 143/143 145/145 306/306
f 143/143 306/306 304/304
f 144/144 305/305 307/307
f 144/144 307/307 146/146
f 145/145 147/147 308/308
f 145/145 308/308 306/306
f 146/146 307/307 309/309
f 146/146 309/309 148/148
f 147/147 149/149 310/310
f 147/147 310/310 308/308
f 148/148 309/309 311/311
f 148/148 311/311 150/150
f 149/149 151/151 312/312
f 149/149 312/312 310/310
f 150/150 311/311 313/313
f 150/150 313/313 152/152
f 151/151 153/153 314/314
f 151/151 314/314 312/312
f 152/152 313/313 315/315
f 152/152 315/315 154/154
f 153/153 155/155 316/316
f 153/153 316/316 314/314
f 154/154 315/315 317/317
f 154/154 317/317 156/156
f 155/155 157/157 318/318
f 155/155 318/318 316/316
f 156/156 317/317 319/319
f 156/156 319/319 158/158
f 157/157 159/159 320/320
f 157/157 320/320 318/318
f 158/158 319/319 321/321
f 158/158 321/321 160/160
f 159/159 161/161 322/322
f 159/159 322/322 320/320
f 160/160 321/321 323/323
f 160/160 323/323 162/162
f 161/161 163/163 324/324
f 161/161 324/324 322/322
f 162/162 323/323 325/325
f 162/162 325/325 164/164
f 163/163 165/165 326/326
f 163/163 326/326 324/324
f 164/164 325/325 327/327
f 164/164 327/327 166/166
f 165/165 169/169 328/328
f 165/165 328/328 326/326
f 166/166 327/327 329/329
f 166/166 329/329 170/170
f 170/170 330/330 331/331
f 170/170 331/331 169/169
f 169/169 331/331 332/332
f 169/169 332/332 328/328
f 170/170 329/329 333/333
f 170/170 333/333 330/330
f 330/330 333/333 332/332
f 330/330 332/332 331/331
f 334/334 335/335 336/336
f 334/334 336/336 337/337
f 334/334 338/338 339/339
f 334/334 339/339 335/335
f 334/334 337/337 340/340
f 334/334 340/340 338/338
f 335/335 341/341 342/342
f 335/335 342/342 336/336
f 335/335 339/339 343/343
f 335/335 343/343 341/341
f 341/341 344/344 345/345
f 341/341 345/345 342/342
f 341/341 343/343 346/346
f 341/341 346/346 344/344
f 344/344 347/347 348/348
f 344/344 348/348 345/345
f 344/344 346/346 349/349
f 344/344 349/349 347/347
f 347/347 350/350 351/351
f 347/347 351/351 348/348
f 347/347 349/349 352/352
f 347/347 352/352 350/350
f 350/350 353/353 354/354
f 350/350 354/354 351/351
f 350/350 352/352 355/355
f 350/350 355/355 353/353
f 353/353 355/355 356/356
f 353/353 356/356 354/354
f 337/337 336/336 357/357
f 337/337 357/357 358/358
f 337/337 358/358 359/359
f 337/337 359/359 340/340
f 336/336 342/342 360/360
f 336/336 360/360 357/357
f 342/342 345/345 361/361
f 342/342 361/361 360/360
f 345/345 348/348 362/362
f 345/345 362/362 361/361
f 348/348 351/351 363/363
f 348/348 363/363 362/362
f 351/351 354/354 364/364
f 351/351 364/364 363/363
f 354/354 356/356 365/365
f 354/354 365/365 364/364
f 366/366 367/367 368/368
f 366/366 368/368 369/369
f 366/366 370/370 371/371
f 366/366 371/371 367/367
f 366/366 369/369 372/372
f 366/366 372/372 370/370
f 367/367 175/175 177/177
f 367/367 177/177 368/368
f 367/367 371/371 373/373
f 367/367 373/373 175/175
f 192/192 374/374 375/375
f 192/192 375/375 193/193
f 192/192 376/376 377/377
f 192/192 377/377 374/374
f 374/374 378/378 379/379
f 374/374 379/379 375/375
f 374/374 377/377 380/380
f 374/374 380/380 378/378
f 378/378 380/380 381/381
f 378/378 381/381 379/379
f 369/369 368/368 382/382
f 369/369 382/382 383/383
f 369/369 383/383 384/384
f 369/369 384/384 372/372
f 368/368 177/177 196/196
f 368/368 196/196 382/382
f 193/193 375/375 385/385
f 193/193 385/385 202/202
f 375/375 379/379 386/386
f 375/375 386/386 385/385
f 379/379 381/381 387/387
f 379/379 387/387 386/386
f 388/388 389/389 390/390
f 388/388 390/390 391/391
f 391/391 390/390 392/392
f 391/391 392/392 393/393
f 388/388 391/391 393/393
f 388/388 393/393 394/394
f 389/389 209/209 208/208
f 389/389 208/208 390/390
f 390/390 208/208 395/395
f 390/390 395/395 392/392
f 225/225 396/396 397/397
f 225/225 397/397 224/224
f 224/224 397/397 398/398
f 224/224 398/398 399/399
f 396/396 400/400 401/401
f 396/396 401/401 397/397
f 397/397 401/401 402/402
f 397/397 402/402 398/398
f 400/400 403/403 402/402
f 400/400 402/402 401/401
f 404/404 405/405 406/406
f 404/404 406/406 407/407
f 404/404 407/407 408/408
f 404/404 408/408 409/409
f 405/405 410/410 411/411
f 405/405 411/411 406/406
f 410/410 412/412 413/413
f 410/410 413/413 411/411
f 412/412 414/414 415/415
f 412/412 415/415 413/413
f 414/414 416/416 417/417
f 414/414 417/417 415/415
f 416/416 418/418 419/419
f 416/416 419/419 417/417
f 418/418 420/420 421/421
f 418/418 421/421 419/419
f 422/422 423/423 424/424
f 422/422 424/424 425/425
f 422/422 425/425 426/426
f 422/422 426/426 427/427
f 423/423 428/428 429/429
f 423/423 429/429 424/424
f 428/428 430/430 431/431
f 428/428 431/431 429/429
f 430/430 432/432 433/433
f 430/430 433/433 431/431
f 432/432 434/434 435/435
f 432/432 435/435 433/433
f 434/434 436/436 437/437
f 434/434 437/437 435/435
f 436/436 438/438 439/439
f 436/436 439/439 437/437
f 440/440 441/441 442/442
f 440/440 442/442 443/443
f 443/443 442/442 444/444
f 443/443 444/444 445/445
f 440/440 443/443 445/445
f 440/440 445/445 446/446
f 441/441 447/447 448/448
f 441/441 448/448 442/442
f 442/442 448/448 449/449
f 442/442 449/449 444/444
f 447/447 450/450 451/451
f 447/447 451/451 448/448
f 448/448 451/451 452/452
f 448/448 452/452 449/449
f 450/450 453/453 454/454
f 450/450 454/454 451/451
f 451/451 454/454 455/455
f 451/451 455/455 452/452
f 453/453 456/456 457/457
f 453/453 457/457 454/454
f 454/454 457/457 458/458
f 454/454 458/458 455/455
f 456/456 459/459 460/460
f 456/456 460/460 457/457
f 457/457 460/460 461/461
f 457/457 461/461 458/458
f 459/459 462/462 461/461
f 459/459 461/461 460/460
f 463/463 464/464 465/465
f 463/463 465/465 466/466
f 466/466 465/465 467/467
f 466/466 467/467 468/468
f 463/463 469/469 470/470
f 463/463 470/470 464/464
f 463/463 466/466 468/468
f 463/463 468/468 469/469
f 464/464 232/232 231/231
f 464/464 231/231 465/465
f 465/465 231/231 471/471
f 465/465 471/471 467/467
f 464/464 470/470 472/472
f 464/464 472/472 232/232
f 231/231 230/230 473/473
f 231/231 473/473 471/471
f 232/232 472/472 474/474
f 232/232 474/474 233/233
f 230/230 236/236 475/475
f 230/230 475/475 473/473
f 233/233 474/474 476/476
f 233/233 476/476 237/237
f 236/236 240/240 477/477
f 236/236 477/477 475/475
f 237/237 476/476 478/478
f 237/237 478/478 241/241
f 240/240 244/244 479/479
f 240/240 479/479 477/477
f 241/241 478/478 480/480
f 241/241 480/480 245/245
f 244/244 248/248 481/481
f 244/244 481/481 479/479
f 245/245 480/480 482/482
f 245/245 482/482 249/249
f 248/248 252/252 483/483
f 248/248 483/483 481/481
f 249/249 482/482 484/484
f 249/249 484/484 253/253
f 253/253 485/485 486/486
f 253/253 486/486 252/252
f 252/252 486/486 487/487
f 252/252 487/487 483/483
f 253/253 484/484 488/488
f 253/253 488/488 485/485
f 485/485 489/489 490/490
f 485/485 490/490 486/486
f 486/486 490/490 491/491
f 486/486 491/491 487/487
f 485/485 488/488 492/492
f 485/485 492/492 489/489
f 489/489 492/492 491/491
f 489/489 491/491 490/490
f 493/493 260/260 259/259
f 493/493 259/259 494/494
f 494/494 259/259 495/495
f 494/494 495/495 496/496
f 493/493 497/497 498/498
f 493/493 498/498 260/260
f 493/493 494/494 496/496
f 493/493 496/496 497/497
f 259/259 258/258 499/499
f 259/259 499/499 495/495
f 260/260 498/498 500/500
f 260/260 500/500 261/261
f 258/258 264/264 501/501
f 258/258 501/501 499/499
f 261/261 500/500 502/502
f 261/261 502/502 265/265
f 264/264 266/266 503/503
f 264/264 503/503 501/501
f 265/265 502/502 504/504
f 265/265 504/504 267/267
f 266/266 268/268 505/505
f 266/266 505/505 503/503
f 267/267 504/504 506/506
f 267/267 506/506 269/269
f 268/268 270/270 507/507
f 268/268 507/507 505/505
f 269/269 506/506 508/508
f 269/269 508/508 271/271
f 270/270 272/272 509/509
f 270/270 509/509 507/507
f 271/271 508/508 510/510
f 271/271 510/510 273/273
f 272/272 274/274 511/511
f 272/272 511/511 509/509
f 273/273 510/510 512/512
f 273/273 512/512 275/275
f 274/274 276/276 513/513
f 274/274 513/513 511/511
f 275/275 512/512 514/514
f 275/275 514/514 277/277
f 276/276 278/278 515/515
f 276/276 515/515 513/513
f 277/277 514/514 516/516
f 277/277 516/516 279/279
f 278/278 282/282 517/517
f 278/278 517/517 515/515
f 279/279 516/516 518/518
f 279/279 518/518 283/283
f 282/282 286/286 519/519
f 282/282 519/519 517/517
f 283/283 518/518 520/520
f 283/283 520/520 287/287
f 286/286 290/290 521/521
f 286/286 521/521 519/519
f 287/287 520/520 522/522
f 287/287 522/522 291/291
f 291/291 523/523 524/524
f 291/291 524/524 290/290
f 290/290 524/524 525/525
f 290/290 525/525 521/521
f 291/291 522/522 526/526
f 291/291 526/526 523/523
f 523/523 526/526 525/525
f 523/523 525/525 524/524
f 527/527 528/528 529/529
f 527/527 529/529 530/530
f 527/527 531/531 532/532
f 527/527 532/532 528/528
f 527/527 530/530 533/533
f 527/527 533/533 531/531
f 528/528 534/534 535/535
f 528/528 535/535 529/529
f 528/528 532/532 536/536
f 528/528 536/536 534/534
f 534/534 537/537 538/538
f 534/534 538/538 535/535
f 534/534 536/536 539/539
f 534/534 539/539 537/537
f 537/537 540/540 541/541
f 537/537 541/541 538/538
f 537/537 539/539 542/542
f 537/537 542/542 540/540
f 540/540 542/542 543/543
f 540/540 543/543 541/541
f 295/295 294/294 544/544
f 295/295 544/544 545/545
f 296/296 546/546 547/547
f 296/296 547/547 297/297
f 296/296 295/295 545/545
f 296/296 545/545 546/546
f 294/294 298/298 548/548
f 294/294 548/548 544/544
f 297/297 547/547 549/549
f 297/297 549/549 299/299
f 298/298 300/300 550/550
f 298/298 550/550 548/548
f 299/299 549/549 551/551
f 299/299 551/551 301/301
f 300/300 302/302 552/552
f 300/300 552/552 550/550
f 301/301 551/551 553/553
f 301/301 553/553 303/303
f 302/302 304/304 554/554
f 302/302 554/554 552/552
f 303/303 553/553 555/555
f 303/303 555/555 305/305
f 304/304 306/306 556/556
f 304/304 556/556 554/554
f 305/305 555/555 557/557
f 305/305 557/557 307/307
f 306/306 308/308 558/558
f 306/306 558/558 556/556
f 307/307 557/557 559/559
f 307/307 559/559 309/309
f 316/316 318/318 560/560
f 316/316 560/560 561/561
f 317/317 562/562 563/563
f 317/317 563/563 319/319
f 318/318 320/320 564/564
f 318/318 564/564 560/560
f 319/319 563/563 565/565
f 319/319 565/565 321/321
f 320/320 322/322 566/566
f 320/320 566/566 564/564
f 321/321 565/565 567/567
f 321/321 567/567 323/323
f 322/322 324/324 568/568
f 322/322 568/568 566/566
f 323/323 567/567 569/569
f 323/323 569/569 325/325
f 324/324 326/326 570/570
f 324/324 570/570 568/568
f 325/325 569/569 571/571
f 325/325 571/571 327/327
f 326/326 328/328 572/572
f 326/326 572/572 570/570
f 327/327 571/571 573/573
f 327/327 573/573 329/329
f 328/328 332/332 574/574
f 328/328 574/574 572/572
f 329/329 573/573 575/575
f 329/329 575/575 333/333
f 333/333 575/575 574/574
f 333/333 574/574 332/332
f 576/576 577/577 578/578
f 576/576 578/578 579/579
f 576/576 579/579 580/580
f 576/576 580/580 581/581
f 577/577 582/582 583/583
f 577/577 583/583 578/578
f 582/582 584/584 585/585
f 582/582 585/585 583/583
f 584/584 586/586 587/587
f 584/584 587/587 585/585
f 586/586 588/588 589/589
f 586/586 589/589 587/587
f 590/590 591/591 592/592
f 590/590 592/592 593/593
f 593/593 592/592 594/594
f 593/593 594/594 595/595
f 590/590 593/593 595/595
f 590/590 595/595 596/596
f 591/591 597/597 598/598
f 591/591 598/598 592/592
f 592/592 598/598 599/599
f 592/592 599/599 594/594
f 597/597 600/600 601/601
f 597/597 601/601 598/598
f 598/598 601/601 602/602
f 598/598 602/602 599/599
f 600/600 603/603 604/604
f 600/600 604/604 601/601
f 601/601 604/604 605/605
f 601/601 605/605 602/602
f 603/603 606/606 605/605
f 603/603 605/605 604/604
f 607/607 608/608 609/609
f 607/607 609/609 610/610
f 610/610 609/609 611/611
f 610/610 611/611 612/612
f 607/607 613/613 614/614
f 607/607 614/614 608/608
f 607/607 610/610 612/612
f 607/607 612/612 613/613
f 608/608 615/615 616/616
f 608/608 616/616 609/609
f 609/609 616/616 617/617
f 609/609 617/617 611/611
f 608/608 614/614 618/618
f 608/608 618/618 615/615
f 615/615 619/619 620/620
f 615/615 620/620 616/616
f 616/616 620/620 621/621
f 616/616 621/621 617/617
f 615/615 618/618 622/622
f 615/615 622/622 619/619
f 619/619 623/623 624/624
f 619/619 624/624 620/620
f 620/620 624/624 625/625
f 620/620 625/625 621/621
f 619/619 622/622 626/626
f 619/619 626/626 623/623
f 623/623 627/627 628/628
f 623/623 628/628 624/624
f 624/624 628/628 629/629
f 624/624 629/629 625/625
f 623/623 626/626 630/630
f 623/623 630/630 627/627
f 627/627 631/631 632/632
f 627/627 632/632 628/628
f 628/628 632/632 633/633
f 628/628 633/633 629/629
f 627/627 630/630 634/634
f 627/627 634/634 631/631
f 631/631 634/634 633/633
f 631/631 633/633 632/632
f 635/635 636/636 637/637
f 635/635 637/637 638/638
f 635/635 639/639 640/640
f 635/635 640/640 636/636
f 635/635 638/638 641/641
f 635/635 641/641 639/639
f 636/636 642/642 643/643
f 636/636 643/643 637/637
f 636/636 640/640 644/644
f 636/636 644/644 642/642
f 642/642 645/645 646/646
f 642/642 646/646 643/643
f 642/642 644/644 647/647
f 642/642 647/647 645/645
f 645/645 648/648 649/649
f 645/645 649/649 646/646
f 645/645 647/647 650/650
f 645/645 650/650 648/648
f 648/648 651/651 652/652
f 648/648 652/652 649/649
f 648/648 650/650 653/653
f 648/648 653/653 651/651
f 651/651 654/654 655/655
f 651/651 655/655 652/652
f 651/651 653/653 656/656
f 651/651 656/656 654/654
f 654/654 656/656 657/657
f 654/654 657/657 655/655
f 658/658 659/659 660/660
f 658/658 660/660 661/661
f 658/658 662/662 663/663
f 658/658 663/663 659/659
f 658/658 661/661 664/664
f 658/658 664/664 662/662
f 659/659 338/338 340/340
f 659/659 340/340 660/660
f 659/659 663/663 665/665
f 659/659 665/665 338/338
f 355/355 666/666 667/667
f 355/355 667/667 356/356
f 355/355 668/668 669/669
f 355/355 669/669 666/666
f 666/666 670/670 671/671
f 666/666 671/671 667/667
f 666/666 669/669 672/672
f 666/666 672/672 670/670
f 670/670 672/672 673/673
f 670/670 673/673 671/671
f 661/661 660/660 674/674
f 661/661 674/674 675/675
f 661/661 675/675 676/676
f 661/661 676/676 664/664
f 660/660 340/340 359/359
f 660/660 359/359 674/674
f 356/356 667/667 677/677
f 356/356 677/677 365/365
f 667/667 671/671 678/678
f 667/667 678/678 677/677
f 671/671 673/673 679/679
f 671/671 679/679 678/678
f 680/680 370/370 372/372
f 680/680 372/372 681/681
f 680/680 682/682 683/683
f 680/680 683/683 370/370
f 680/680 681/681 684/684
f 680/680 684/684 682/682
f 380/380 685/685 686/686
f 380/380 686/686 381/381
f 380/380 687/687 688/688
f 380/380 688/688 685/685
f 685/685 688/688 689/689
f 685/685 689/689 686/686
f 681/681 372/372 384/384
f 681/681 384/384 690/690
f 681/681 690/690 691/691
f 681/681 691/691 684/684
f 381/381 686/686 692/692
f 381/381 692/692 387/387
f 686/686 689/689 693/693
f 686/686 693/693 692/692
f 694/694 394/394 393/393
f 694/694 393/393 695/695
f 695/695 393/393 696/696
f 695/695 696/696 697/697
f 694/694 695/695 697/697
f 694/694 697/697 698/698
f 403/403 699/699 700/700
f 403/403 700/700 402/402
f 402/402 700/700 701/701
f 402/402 701/701 702/702
f 699/699 703/703 701/701
f 699/699 701/701 700/700
f 704/704 705/705 706/706
f 704/704 706/706 707/707
f 704/704 707/707 708/708
f 704/704 708/708 709/709
f 705/705 409/409 408/408
f 705/705 408/408 706/706
f 420/420 710/710 711/711
f 420/420 711/711 421/421
f 710/710 712/712 713/713
f 710/710 713/713 711/711
f 712/712 714/714 715/715
f 712/712 715/715 713/713
f 716/716 717/717 718/718
f 716/716 718/718 719/719
f 719/719 718/718 720/720
f 719/719 720/720 721/721
f 716/716 719/719 721/721
f 716/716 721/721 722/722
f 717/717 427/427 426/426
f 717/717 426/426 718/718
f 438/438 723/723 724/724
f 438/438 724/724 439/439
f 723/723 725/725 726/726
f 723/723 726/726 724/724
f 724/724 726/726 727/727
f 724/724 727/727 728/728
f 725/725 729/729 727/727
f 725/725 727/727 726/726
f 730/730 446/446 445/445
f 730/730 445/445 731/731
f 731/731 445/445 732/732
f 731/731 732/732 733/733
f 730/730 731/731 733/733
f 730/730 733/733 734/734
f 445/445 444/444 735/735
f 445/445 735/735 732/732
f 458/458 461/461 736/736
f 458/458 736/736 737/737
f 462/462 738/738 739/739
f 462/462 739/739 461/461
f 461/461 739/739 740/740
f 461/461 740/740 736/736
f 738/738 741/741 740/740
f 738/738 740/740 739/739
f 742/742 743/743 744/744
f 742/742 744/744 745/745
f 742/742 745/745 746/746
f 742/742 746/746 747/747
f 743/743 748/748 749/749
f 743/743 749/749 744/744
f 748/748 750/750 751/751
f 748/748 751/751 749/749
f 750/750 752/752 753/753
f 750/750 753/753 751/751
f 752/752 754/754 755/755
f 752/752 755/755 753/753
f 745/745 744/744 756/756
f 745/745 756/756 757/757
f 757/757 756/756 758/758
f 757/757 758/758 759/759
f 745/745 757/757 759/759
f 745/745 759/759 746/746
f 744/744 749/749 760/760
f 744/744 760/760 756/756
f 756/756 760/760 761/761
f 756/756 761/761 758/758
f 749/749 751/751 762/762
f 749/749 762/762 760/760
f 760/760 762/762 763/763
f 760/760 763/763 761/761
f 751/751 753/753 764/764
f 751/751 764/764 762/762
f 762/762 764/764 765/765
f 762/762 765/765 763/763
f 753/753 755/755 765/765
f 753/753 765/765 764/764
f 766/766 469/469 468/468
f 766/766 468/468 767/767
f 767/767 468/468 768/768
f 767/767 768/768 769/769
f 766/766 770/770 771/771
f 766/766 771/771 469/469
f 766/766 767/767 769/769
f 766/766 769/769 770/770
f 468/468 467/467 772/772
f 468/468 772/772 768/768
f 469/469 771/771 773/773
f 469/469 773/773 470/470
f 467/467 471/471 774/774
f 467/467 774/774 772/772
f 470/470 773/773 775/775
f 470/470 775/775 472/472
f 471/471 473/473 776/776
f 471/471 776/776 774/774
f 472/472 775/775 777/777
f 472/472 777/777 474/474
f 473/473 475/475 778/778
f 473/473 778/778 776/776
f 474/474 777/777 779/779
f 474/474 779/779 476/476
f 475/475 477/477 780/780
f 475/475 780/780 778/778
f 476/476 779/779 781/781
f 476/476 781/781 478/478
f 477/477 479/479 782/782
f 477/477 782/782 780/780
f 478/478 781/781 783/783
f 478/478 783/783 480/480
f 479/479 481/481 784/784
f 479/479 784/784 782/782
f 480/480 783/783 785/785
f 480/480 785/785 482/482
f 481/481 483/483 786/786
f 481/481 786/786 784/784
f 482/482 785/785 787/787
f 482/482 787/787 484/484
f 483/483 487/487 788/788
f 483/483 788/788 786/786
f 484/484 787/787 789/789
f 484/484 789/789 488/488
f 487/487 491/491 790/790
f 487/487 790/790 788/788
f 488/488 789/789 791/791
f 488/488 791/791 492/492
f 492/492 792/792 793/793
f 492/492 793/793 491/491
f 491/491 793/793 794/794
f 491/491 794/794 790/790
f 492/492 791/791 795/795
f 492/492 795/795 792/792
f 792/792 795/795 794/794
f 792/792 794/794 793/793
f 796/796 497/497 496/496
f 796/796 496/496 797/797
f 797/797 496/496 798/798
f 797/797 798/798 799/799
f 796/796 800/800 801/801
f 796/796 801/801 497/497
f 796/796 797/797 799/799
f 796/796 799/799 800/800
f 496/496 495/495 802/802
f 496/496 802/802 798/798
f 497/497 801/801 803/803
f 497/497 803/803 498/498
f 495/495 499/499 804/804
f 495/495 804/804 802/802
f 498/498 803/803 805/805
f 498/498 805/805 500/500
f 499/499 501/501 806/806
f 499/499 806/806 804/804
f 500/500 805/805 807/807
f 500/500 807/807 502/502
f 501/501 503/503 808/808
f 501/501 808/808 806/806
f 502/502 807/807 809/809
f 502/502 809/809 504/504
f 503/503 505/505 810/810
f 503/503 810/810 808/808
f 504/504 809/809 811/811
f 504/504 811/811 506/506
f 505/505 507/507 812/812
f 505/505 812/812 810/810
f 506/506 811/811 813/813
f 506/506 813/813 508/508
f 507/507 509/509 814/814
f 507/507 814/814 812/812
f 508/508 813/813 815/815
f 508/508 815/815 510/510
f 509/509 511/511 816/816
f 509/509 816/816 814/814
f 510/510 815/815 817/817
f 510/510 817/817 512/512
f 511/511 513/513 818/818
f 511/511 818/818 816/816
f 512/512 817/817 819/819
f 512/512 819/819 514/514
f 513/513 515/515 820/820
f 513/513 820/820 818/818
f 514/514 819/819 821/821
f 514/514 821/821 516/516
f 515/515 517/517 822/822
f 515/515 822/822 820/820
f 516/516 821/821 823/823
f 516/516 823/823 518/518
f 517/517 519/519 824/824
f 517/517 824/824 822/822
f 518/518 823/823 825/825
f 518/518 825/825 520/520
f 519/519 521/521 826/826
f 519/519 826/826 824/824
f 520/520 825/825 827/827
f 520/520 827/827 522/522
f 521/521 525/525 828/828
f 521/521 828/828 826/826
f 522/522 827/827 829/829
f 522/522 829/829 526/526
f 526/526 830/830 831/831
f 526/526 831/831 525/525
f 525/525 831/831 832/832
f 525/525 832/832 828/828
f 526/526 829/829 833/833
f 526/526 833/833 830/830
f 830/830 833/833 832/832
f 830/830 832/832 831/831
f 834/834 835/835 836/836
f 834/834 836/836 837/837
f 834/834 838/838 839/839
f 834/834 839/839 835/835
f 834/834 837/837 840/840
f 834/834 840/840 838/838
f 835/835 841/841 842/842
f 835/835 842/842 836/836
f 835/835 839/839 843/843
f 835/835 843/843 841/841
f 841/841 844/844 845/845
f 841/841 845/845 842/842
f 841/841 843/843 846/846
f 841/841 846/846 844/844
f 844/844 847/847 848/848
f 844/844 848/848 845/845
f 844/844 846/846 849/849
f 844/844 849/849 847/847
f 847/847 849/849 850/850
f 847/847 850/850 848/848
f 851/851 852/852 853/853
f 851/851 853/853 854/854
f 851/851 855/855 856/856
f 851/851 856/856 852/852
f 851/851 854/854 857/857
f 851/851 857/857 855/855
f 852/852 531/531 533/533
f 852/852 533/533 853/853
f 852/852 856/856 858/858
f 852/852 858/858 531/531
f 542/542 859/859 860/860
f 542/542 860/860 543/543
f 542/542 861/861 862/862
f 542/542 862/862 859/859
f 859/859 863/863 864/864
f 859/859 864/864 860/860
f 859/859 862/862 865/865
f 859/859 865/865 863/863
f 863/863 865/865 866/866
f 863/863 866/866 864/864
f 867/867 546/546 545/545
f 867/867 545/545 868/868
f 868/868 545/545 869/869
f 868/868 869/869 870/870
f 867/867 871/871 872/872
f 867/867 872/872 546/546
f 867/867 868/868 870/870
f 867/867 870/870 871/871
f 545/545 544/544 873/873
f 545/545 873/873 869/869
f 546/546 872/872 874/874
f 546/546 874/874 547/547
f 544/544 548/548 875/875
f 544/544 875/875 873/873
f 547/547 874/874 876/876
f 547/547 876/876 549/549
f 548/548 550/550 877/877
f 548/548 877/877 875/875
f 549/549 876/876 878/878
f 549/549 878/878 551/551
f 550/550 552/552 879/879
f 550/550 879/879 877/877
f 551/551 878/878 880/880
f 551/551 880/880 553/553
f 552/552 554/554 881/881
f 552/552 881/881 879/879
f 553/553 880/880 882/882
f 553/553 882/882 555/555
f 554/554 556/556 883/883
f 554/554 883/883 881/881
f 560/560 564/564 884/884
f 560/560 884/884 885/885
f 564/564 566/566 886/886
f 564/564 886/886 884/884
f 565/565 887/887 888/888
f 565/565 888/888 567/567
f 566/566 568/568 889/889
f 566/566 889/889 886/886
f 567/567 888/888 890/890
f 567/567 890/890 569/569
f 568/568 570/570 891/891
f 568/568 891/891 889/889
f 569/569 890/890 892/892
f 569/569 892/892 571/571
f 570/570 572/572 893/893
f 570/570 893/893 891/891
f 571/571 892/892 894/894
f 571/571 894/894 573/573
f 572/572 574/574 895/895
f 572/572 895/895 893/893
f 573/573 894/894 896/896
f 573/573 896/896 575/575
f 575/575 897/897 898/898
f 575/575 898/898 574/574
f 574/574 898/898 899/899
f 574/574 899/899 895/895
f 575/575 896/896 900/900
f 575/575 900/900 897/897
f 897/897 900/900 899/899
f 897/897 899/899 898/898
f 901/901 581/581 580/580
f 901/901 580/580 902/902
f 901/901 902/902 903/903
f 901/901 903/903 904/904
f 588/588 905/905 906/906
f 588/588 906/906 589/589
f 905/905 907/907 908/908
f 905/905 908/908 906/906
f 909/909 596/596 595/595
f 909/909 595/595 910/910
f 910/910 595/595 911/911
f 910/910 911/911 912/912
f 909/909 910/910 912/912
f 909/909 912/912 913/913
f 606/606 914/914 915/915
f 606/606 915/915 605/605
f 605/605 915/915 916/916
f 605/605 916/916 917/917
f 914/914 918/918 916/916
f 914/914 916/916 915/915
f 919/919 920/920 921/921
f 919/919 921/921 922/922
f 922/922 921/921 923/923
f 922/922 923/923 924/924
f 919/919 922/922 924/924
f 919/919 924/924 925/925
f 920/920 926/926 927/927
f 920/920 927/927 921/921
f 921/921 927/927 928/928
f 921/921 928/928 923/923
f 926/926 929/929 930/930
f 926/926 930/930 927/927
f 927/927 930/930 931/931
f 927/927 931/931 928/928
f 929/929 932/932 933/933
f 929/929 933/933 930/930
f 930/930 933/933 934/934
f 930/930 934/934 931/931
f 932/932 935/935 934/934
f 932/932 934/934 933/933
f 936/936 937/937 938/938
f 936/936 938/938 939/939
f 939/939 938/938 940/940
f 939/939 940/940 941/941
f 936/936 942/942 943/943
f 936/936 943/943 937/937
f 936/936 939/939 941/941
f 936/936 941/941 942/942
f 937/937 613/613 612/612
f 937/937 612/612 938/938
f 938/938 612/612 944/944
f 938/938 944/944 940/940
f 937/937 943/943 945/945
f 937/937 945/945 613/613
f 612/612 611/611 946/946
f 612/612 946/946 944/944
f 613/613 945/945 947/947
f 613/613 947/947 614/614
f 611/611 617/617 948/948
f 611/611 948/948 946/946
f 614/614 947/947 949/949
f 614/614 949/949 618/618
f 617/617 621/621 950/950
f 617/617 950/950 948/948
f 618/618 949/949 951/951
f 618/618 951/951 622/622
f 621/621 625/625 952/952
f 621/621 952/952 950/950
f 622/622 951/951 953/953
f 622/622 953/953 626/626
f 625/625 629/629 954/954
f 625/625 954/954 952/952
f 626/626 953/953 955/955
f 626/626 955/955 630/630
f 629/629 633/633 956/956
f 629/629 956/956 954/954
f 630/630 955/955 957/957
f 630/630 957/957 634/634
f 634/634 958/958 959/959
f 634/634 959/959 633/633
f 633/633 959/959 960/960
f 633/633 960/960 956/956
f 634/634 957/957 961/961
f 634/634 961/961 958/958
f 958/958 962/962 963/963
f 958/958 963/963 959/959
f 959/959 963/963 964/964
f 959/959 964/964 960/960
f 958/958 961/961 965/965
f 958/958 965/965 962/962
f 962/962 965/965 964/964
f 962/962 964/964 963/963
f 966/966 967/967 968/968
f 966/966 968/968 969/969
f 966/966 970/970 971/971
f 966/966 971/971 967/967
f 966/966 969/969 972/972
f 966/966 972/972 970/970
f 967/967 639/639 641/641
f 967/967 641/641 968/968
f 967/967 971/971 973/973
f 967/967 973/973 639/639
f 639/639 973/973 974/974
f 639/639 974/974 640/640
f 640/640 974/974 975/975
f 640/640 975/975 644/644
f 644/644 975/975 976/976
f 644/644 976/976 647/647
f 647/647 976/976 977/977
f 647/647 977/977 650/650
f 650/650 977/977 978/978
f 650/650 978/978 653/653
f 653/653 978/978 979/979
f 653/653 979/979 656/656
f 656/656 980/980 981/981
f 656/656 981/981 657/657
f 656/656 979/979 982/982
f 656/656 982/982 980/980
f 980/980 983/983 984/984
f 980/980 984/984 981/981
f 980/980 982/982 985/985
f 980/980 985/985 983/983
f 983/983 985/985 986/986
f 983/983 986/986 984/984
f 987/987 662/662 664/664
f 987/987 664/664 988/988
f 987/987 989/989 990/990
f 987/987 990/990 662/662
f 987/987 988/988 991/991
f 987/987 991/991 989/989
f 672/672 992/992 993/993
f 672/672 993/993 673/673
f 672/672 994/994 995/995
f 672/672 995/995 992/992
f 992/992 995/995 996/996
f 992/992 996/996 993/993
f 988/988 664/664 676/676
f 988/988 676/676 997/997
f 988/988 997/997 998/998
f 988/988 998/998 991/991
f 673/673 993/993 999/999
f 673/673 999/999 679/679
f 993/993 996/996 1000/1000
f 993/993 1000/1000 999/999
f 1001/1001 682/682 684/684
f 1001/1001 684/684 1002/1002
f 1001/1001 1003/1003 1004/1004
f 1001/1001 1004/1004 682/682
f 1001/1001 1002/1002 1005/1005
f 1001/1001 1005/1005 1003/1003
f 688/688 1006/1006 1007/1007
f 688/688 1007/1007 689/689
f 688/688 1008/1008 1009/1009
f 688/688 1009/1009 1006/1006
f 1006/1006 1009/1009 1010/1010
f 1006/1006 1010/1010 1007/1007
f 1002/1002 684/684 691/691
f 1002/1002 691/691 1011/1011
f 1002/1002 1011/1011 1012/1012
f 1002/1002 1012/1012 1005/1005
f 689/689 1007/1007 1013/1013
f 689/689 1013/1013 693/693
f 1007/1007 1010/1010 1014/1014
f 1007/1007 1014/1014 1013/1013
f 1015/1015 698/698 697/697
f 1015/1015 697/697 1016/1016
f 1016/1016 697/697 1017/1017
f 1016/1016 1017/1017 1018/1018
f 1015/1015 1016/1016 1018/1018
f 1015/1015 1018/1018 1019/1019
f 703/703 1020/1020 1021/1021
f 703/703 1021/1021 701/701
f 701/701 1021/1021 1022/1022
f 701/701 1022/1022 1023/1023
f 1020/1020 1024/1024 1022/1022
f 1020/1020 1022/1022 1021/1021
f 1025/1025 709/709 708/708
f 1025/1025 708/708 1026/1026
f 1025/1025 1026/1026 1027/1027
f 1025/1025 1027/1027 1028/1028
f 714/714 1029/1029 1030/1030
f 714/714 1030/1030 715/715
f 1029/1029 1031/1031 1032/1032
f 1029/1029 1032/1032 1030/1030
f 1033/1033 722/722 721/721
f 1033/1033 721/721 1034/1034
f 1034/1034 721/721 1035/1035
f 1034/1034 1035/1035 1036/1036
f 1033/1033 1034/1034 1036/1036
f 1033/1033 1036/1036 1037/1037
f 729/729 1038/1038 1039/1039
f 729/729 1039/1039 727/727
f 727/727 1039/1039 1040/1040
f 727/727 1040/1040 1041/1041
f 1038/1038 1042/1042 1040/1040
f 1038/1038 1040/1040 1039/1039
f 1043/1043 734/734 733/733
f 1043/1043 733/733 1044/1044
f 1044/1044 733/733 1045/1045
f 1044/1044 1045/1045 1046/1046
f 1043/1043 1044/1044 1046/1046
f 1043/1043 1046/1046 1047/1047
f 741/741 1048/1048 1049/1049
f 741/741 1049/1049 740/740
f 740/740 1049/1049 1050/1050
f 740/740 1050/1050 1051/1051
f 1048/1048 1052/1052 1050/1050
f 1048/1048 1050/1050 1049/1049
f 1053/1053 1054/1054 1055/1055
f 1053/1053 1055/1055 1056/1056
f 1053/1053 1056/1056 1057/1057
f 1053/1053 1057/1057 1058/1058
f 1054/1054 747/747 746/746
f 1054/1054 746/746 1055/1055
f 754/754 1059/1059 1060/1060
f 754/754 1060/1060 755/755
f 1059/1059 1061/1061 1062/1062
f 1059/1059 1062/1062 1060/1060
f 1061/1061 1063/1063 1064/1064
f 1061/1061 1064/1064 1062/1062
f 1056/1056 1055/1055 1065/1065
f 1056/1056 1065/1065 1066/1066
f 1066/1066 1065/1065 1067/1067
f 1066/1066 1067/1067 1068/1068
f 1056/1056 1066/1066 1068/1068
f 1056/1056 1068/1068 1057/1057
f 1055/1055 746/746 759/759
f 1055/1055 759/759 1065/1065
f 1065/1065 759/759 1069/1069
f 1065/1065 1069/1069 1067/1067
f 755/755 1060/1060 1070/1070
f 755/755 1070/1070 765/765
f 765/765 1070/1070 1071/1071
f 765/765 1071/1071 1072/1072
f 1060/1060 1062/1062 1073/1073
f 1060/1060 1073/1073 1070/1070
f 1070/1070 1073/1073 1074/1074
f 1070/1070 1074/1074 1071/1071
f 1062/1062 1064/1064 1074/1074
f 1062/1062 1074/1074 1073/1073
f 759/759 758/758 1075/1075
f 759/759 1075/1075 1076/1076
f 759/759 1076/1076 1077/1077
f 759/759 1077/1077 1069/1069
f 758/758 761/761 1078/1078
f 758/758 1078/1078 1075/1075
f 761/761 763/763 1079/1079
f 761/761 1079/1079 1078/1078
f 763/763 765/765 1080/1080
f 763/763 1080/1080 1079/1079
f 765/765 1072/1072 1081/1081
f 765/765 1081/1081 1080/1080
f 1082/1082 770/770 769/769
f 1082/1082 769/769 1083/1083
f 1083/1083 769/769 1084/1084
f 1083/1083 1084/1084 1085/1085
f 1082/1082 1086/1086 1087/1087
f 1082/1082 1087/1087 770/770
f 1082/1082 1083/1083 1085/1085
f 1082/1082 1085/1085 1086/1086
f 769/769 768/768 1088/1088
f 769/769 1088/1088 1084/1084
f 770/770 1087/1087 1089/1089
f 770/770 1089/1089 771/771
f 768/768 772/772 1090/1090
f 768/768 1090/1090 1088/1088
f 771/771 1089/1089 1091/1091
f 771/771 1091/1091 773/773
f 772/772 774/774 1092/1092
f 772/772 1092/1092 1090/1090
f 773/773 1091/1091 1093/1093
f 773/773 1093/1093 775/775
f 774/774 776/776 1094/1094
f 774/774 1094/1094 1092/1092
f 775/775 1093/1093 1095/1095
f 775/775 1095/1095 777/777
f 776/776 778/778 1096/1096
f 776/776 1096/1096 1094/1094
f 778/778 780/780 1097/1097
f 778/778 1097/1097 1096/1096
f 780/780 782/782 1098/1098
f 780/780 1098/1098 1097/1097
f 782/782 784/784 1099/1099
f 782/782 1099/1099 1098/1098
f 784/784 786/786 1100/1100
f 784/784 1100/1100 1099/1099
f 785/785 1101/1101 1102/1102
f 785/785 1102/1102 787/787
f 786/786 788/788 1103/1103
f 786/786 1103/1103 1100/1100
f 787/787 1102/1102 1104/1104
f 787/787 1104/1104 789/789
f 788/788 790/790 1105/1105
f 788/788 1105/1105 1103/1103
f 789/789 1104/1104 1106/1106
f 789/789 1106/1106 791/791
f 790/790 794/794 1107/1107
f 790/790 1107/1107 1105/1105
f 791/791 1106/1106 1108/1108
f 791/791 1108/1108 795/795
f 795/795 1109/1109 1110/1110
f 795/795 1110/1110 794/794
f 794/794 1110/1110 1111/1111
f 794/794 1111/1111 1107/1107
f 795/795 1108/1108 1112/1112
f 795/795 1112/1112 1109/1109
f 1109/1109 1112/1112 1111/1111
f 1109/1109 1111/1111 1110/1110
f 1113/1113 800/800 799/799
f 1113/1113 799/799 1114/1114
f 1114/1114 799/799 1115/1115
f 1114/1114 1115/1115 1116/1116
f 1113/1113 1117/1117 1118/1118
f 1113/1113 1118/1118 800/800
f 1113/1113 1114/1114 1116/1116
f 1113/1113 1116/1116 1117/1117
f 799/799 798/798 1119/1119
f 799/799 1119/1119 1115/1115
f 800/800 1118/1118 1120/1120
f 800/800 1120/1120 801/801
f 798/798 802/802 1121/1121
f 798/798 1121/1121 1119/1119
f 801/801 1120/1120 1122/1122
f 801/801 1122/1122 803/803
f 802/802 804/804 1123/1123
f 802/802 1123/1123 1121/1121
f 803/803 1122/1122 1124/1124
f 803/803 1124/1124 805/805
f 804/804 806/806 1125/1125
f 804/804 1125/1125 1123/1123
f 805/805 1124/1124 1126/1126
f 805/805 1126/1126 807/807
f 806/806 808/808 1127/1127
f 806/806 1127/1127 1125/1125
f 807/807 1126/1126 1128/1128
f 807/807 1128/1128 809/809
f 808/808 810/810 1129/1129
f 808/808 1129/1129 1127/1127
f 809/809 1128/1128 1130/1130
f 809/809 1130/1130 811/811
f 810/810 812/812 1131/1131
f 810/810 1131/1131 1129/1129
f 811/811 1130/1130 1132/1132
f 811/811 1132/1132 813/813
f 812/812 814/814 1133/1133
f 812/812 1133/1133 1131/1131
f 813/813 1132/1132 1134/1134
f 813/813 1134/1134 815/815
f 814/814 816/816 1135/1135
f 814/814 1135/1135 1133/1133
f 815/815 1134/1134 1136/1136
f 815/815 1136/1136 817/817
f 816/816 818/818 1137/1137
f 816/816 1137/1137 1135/1135
f 817/817 1136/1136 1138/1138
f 817/817 1138/1138 819/819
f 818/818 820/820 1139/1139
f 818/818 1139/1139 1137/1137
f 819/819 1138/1138 1140/1140
f 819/819 1140/1140 821/821
f 820/820 822/822 1141/1141
f 820/820 1141/1141 1139/1139
f 821/821 1140/1140 1142/1142
f 821/821 1142/1142 823/823
f 822/822 824/824 1143/1143
f 822/822 1143/1143 1141/1141
f 823/823 1142/1142 1144/1144
f 823/823 1144/1144 825/825
f 824/824 826/826 1145/1145
f 824/824 1145/1145 1143/1143
f 825/825 1144/1144 1146/1146
f 825/825 1146/1146 827/827
f 826/826 828/828 1147/1147
f 826/826 1147/1147 1145/1145
f 827/827 1146/1146 1148/1148
f 827/827 1148/1148 829/829
f 828/828 832/832 1149/1149
f 828/828 1149/1149 1147/1147
f 829/829 1148/1148 1150/1150
f 829/829 1150/1150 833/833
f 833/833 1151/1151 1152/1152
f 833/833 1152/1152 832/832
f 832/832 1152/1152 1153/1153
f 832/832 1153/1153 1149/1149
f 833/833 1150/1150 1154/1154
f 833/833 1154/1154 1151/1151
f 1151/1151 1154/1154 1153/1153
f 1151/1151 1153/1153 1152/1152
f 1155/1155 1156/1156 1157/1157
f 1155/1155 1157/1157 1158/1158
f 1155/1155 1159/1159 1160/1160
f 1155/1155 1160/1160 1156/1156
f 1155/1155 1158/1158 1161/1161
f 1155/1155 1161/1161 1159/1159
f 1156/1156 1162/1162 1163/1163
f 1156/1156 1163/1163 1157/1157
f 1156/1156 1160/1160 1164/1164
f 1156/1156 1164/1164 1162/1162
f 1162/1162 1165/1165 1166/1166
f 1162/1162 1166/1166 1163/1163
f 1162/1162 1164/1164 1167/1167
f 1162/1162 1167/1167 1165/1165
f 1165/1165 1168/1168 1169/1169
f 1165/1165 1169/1169 1166/1166
f 1165/1165 1167/1167 1170/1170
f 1165/1165 1170/1170 1168/1168
f 1168/1168 1171/1171 1172/1172
f 1168/1168 1172/1172 1169/1169
f 1168/1168 1170/1170 1173/1173
f 1168/1168 1173/1173 1171/1171
f 1171/1171 1174/1174 1175/1175
f 1171/1171 1175/1175 1172/1172
f 1171/1171 1173/1173 1176/1176
f 1171/1171 1176/1176 1174/1174
f 1174/1174 1176/1176 1177/1177
f 1174/1174 1177/1177 1175/1175
f 1178/1178 1179/1179 1180/1180
f 1178/1178 1180/1180 1181/1181
f 1178/1178 1182/1182 1183/1183
f 1178/1178 1183/1183 1179/1179
f 1178/1178 1181/1181 1184/1184
f 1178/1178 1184/1184 1182/1182
f 1179/1179 838/838 840/840
f 1179/1179 840/840 1180/1180
f 849/849 1185/1185 1186/1186
f 849/849 1186/1186 850/850
f 1185/1185 1187/1187 1188/1188
f 1185/1185 1188/1188 1186/1186
f 1185/1185 1189/1189 1190/1190
f 1185/1185 1190/1190 1187/1187
f 1187/1187 1190/1190 1191/1191
f 1187/1187 1191/1191 1188/1188
f 1192/1192 855/855 857/857
f 1192/1192 857/857 1193/1193
f 1192/1192 1194/1194 1195/1195
f 1192/1192 1195/1195 855/855
f 1192/1192 1193/1193 1196/1196
f 1192/1192 1196/1196 1194/1194
f 865/865 1197/1197 1198/1198
f 865/865 1198/1198 866/866
f 865/865 1199/1199 1200/1200
f 865/865 1200/1200 1197/1197
f 1197/1197 1200/1200 1201/1201
f 1197/1197 1201/1201 1198/1198
f 870/870 869/869 1202/1202
f 870/870 1202/1202 1203/1203
f 871/871 1204/1204 1205/1205
f 871/871 1205/1205 872/872
f 871/871 870/870 1203/1203
f 871/871 1203/1203 1204/1204
f 869/869 873/873 1206/1206
f 869/869 1206/1206 1202/1202
f 872/872 1205/1205 1207/1207
f 872/872 1207/1207 874/874
f 873/873 875/875 1208/1208
f 873/873 1208/1208 1206/1206
f 874/874 1207/1207 1209/1209
f 874/874 1209/1209 876/876
f 875/875 877/877 1210/1210
f 875/875 1210/1210 1208/1208
f 876/876 1209/1209 1211/1211
f 876/876 1211/1211 878/878
f 877/877 879/879 1212/1212
f 877/877 1212/1212 1210/1210
f 878/878 1211/1211 1213/1213
f 878/878 1213/1213 880/880
f 879/879 881/881 1214/1214
f 879/879 1214/1214 1212/1212
f 881/881 883/883 1215/1215
f 881/881 1215/1215 1214/1214
f 885/885 884/884 1216/1216
f 885/885 1216/1216 1217/1217
f 884/884 886/886 1218/1218
f 884/884 1218/1218 1216/1216
f 886/886 889/889 1219/1219
f 886/886 1219/1219 1218/1218
f 888/888 1220/1220 1221/1221
f 888/888 1221/1221 890/890
f 889/889 891/891 1222/1222
f 889/889 1222/1222 1219/1219
f 890/890 1221/1221 1223/1223
f 890/890 1223/1223 892/892
f 891/891 893/893 1224/1224
f 891/891 1224/1224 1222/1222
f 892/892 1223/1223 1225/1225
f 892/892 1225/1225 894/894
f 893/893 895/895 1226/1226
f 893/893 1226/1226 1224/1224
f 894/894 1225/1225 1227/1227
f 894/894 1227/1227 896/896
f 895/895 899/899 1228/1228
f 895/895 1228/1228 1226/1226
f 896/896 1227/1227 1229/1229
f 896/896 1229/1229 900/900
f 900/900 1229/1229 1228/1228
f 900/900 1228/1228 899/899
f 904/904 903/903 1230/1230
f 904/904 1230/1230 1231/1231
f 907/907 1232/1232 1233/1233
f 907/907 1233/1233 908/908
f 1234/1234 913/913 912/912
f 1234/1234 912/912 1235/1235
f 1235/1235 912/912 1236/1236
f 1235/1235 1236/1236 1237/1237
f 1234/1234 1238/1238 1239/1239
f 1234/1234 1239/1239 913/913
f 1234/1234 1235/1235 1237/1237
f 1234/1234 1237/1237 1238/1238
f 918/918 1240/1240 1241/1241
f 918/918 1241/1241 916/916
f 916/916 1241/1241 1242/1242
f 916/916 1242/1242 1243/1243
f 918/918 1244/1244 1245/1245
f 918/918 1245/1245 1240/1240
f 1240/1240 1245/1245 1242/1242
f 1240/1240 1242/1242 1241/1241
f 1246/1246 925/925 924/924
f 1246/1246 924/924 1247/1247
f 1247/1247 924/924 1248/1248
f 1247/1247 1248/1248 1249/1249
f 1246/1246 1247/1247 1249/1249
f 1246/1246 1249/1249 1250/1250
f 924/924 923/923 1251/1251
f 924/924 1251/1251 1248/1248
f 923/923 928/928 1252/1252
f 923/923 1252/1252 1251/1251
f 928/928 931/931 1253/1253
f 928/928 1253/1253 1252/1252
f 931/931 934/934 1254/1254
f 931/931 1254/1254 1253/1253
f 935/935 1255/1255 1256/1256
f 935/935 1256/1256 934/934
f 934/934 1256/1256 1257/1257
f 934/934 1257/1257 1254/1254
f 1255/1255 1258/1258 1257/1257
f 1255/1255 1257/1257 1256/1256
f 1259/1259 1260/1260 1261/1261
f 1259/1259 1261/1261 1262/1262
f 1262/1262 1261/1261 1263/1263
f 1262/1262 1263/1263 1264/1264
f 1259/1259 1265/1265 1266/1266
f 1259/1259 1266/1266 1260/1260
f 1259/1259 1262/1262 1264/1264
f 1259/1259 1264/1264 1265/1265
f 1260/1260 1267/1267 1268/1268
f 1260/1260 1268/1268 1261/1261
f 1261/1261 1268/1268 1269/1269
f 1261/1261 1269/1269 1263/1263
f 1260/1260 1266/1266 1270/1270
f 1260/1260 1270/1270 1267/1267
f 1267/1267 1271/1271 1272/1272
f 1267/1267 1272/1272 1268/1268
f 1268/1268 1272/1272 1273/1273
f 1268/1268 1273/1273 1269/1269
f 1267/1267 1270/1270 1274/1274
f 1267/1267 1274/1274 1271/1271
f 1271/1271 1275/1275 1276/1276
f 1271/1271 1276/1276 1272/1272
f 1272/1272 1276/1276 1277/1277
f 1272/1272 1277/1277 1273/1273
f 1271/1271 1274/1274 1278/1278
f 1271/1271 1278/1278 1275/1275
f 1275/1275 1279/1279 1280/1280
f 1275/1275 1280/1280 1276/1276
f 1276/1276 1280/1280 1281/1281
f 1276/1276 1281/1281 1277/1277
f 1275/1275 1278/1278 1282/1282
f 1275/1275 1282/1282 1279/1279
f 1279/1279 1283/1283 1284/1284
f 1279/1279 1284/1284 1280/1280
f 1280/1280 1284/1284 1285/1285
f 1280/1280 1285/1285 1281/1281
f 1279/1279 1282/1282 1286/1286
f 1279/1279 1286/1286 1283/1283
f 1283/1283 1286/1286 1285/1285
f 1283/1283 1285/1285 1284/1284
f 1287/1287 942/942 941/941
f 1287/1287 941/941 1288/1288
f 1288/1288 941/941 1289/1289
f 1288/1288 1289/1289 1290/1290
f 1287/1287 1291/1291 1292/1292
f 1287/1287 1292/1292 942/942
f 1287/1287 1288/1288 1290/1290
f 1287/1287 1290/1290 1291/1291
f 941/941 940/940 1293/1293
f 941/941 1293/1293 1289/1289
f 942/942 1292/1292 1294/1294
f 942/942 1294/1294 943/943
f 940/940 944/944 1295/1295
f 940/940 1295/1295 1293/1293
f 943/943 1294/1294 1296/1296
f 943/943 1296/1296 945/945
f 944/944 946/946 1297/1297
f 944/944 1297/1297 1295/1295
f 945/945 1296/1296 1298/1298
f 945/945 1298/1298 947/947
f 947/947 1298/1298 1299/1299
f 947/947 1299/1299 949/949
f 949/949 1299/1299 1300/1300
f 949/949 1300/1300 951/951
f 951/951 1300/1300 1301/1301
f 951/951 1301/1301 953/953
f 953/953 1301/1301 1302/1302
f 953/953 1302/1302 955/955
f 954/954 956/956 1303/1303
f 954/954 1303/1303 1304/1304
f 955/955 1302/1302 1305/1305
f 955/955 1305/1305 957/957
f 956/956 960/960 1306/1306
f 956/956 1306/1306 1303/1303
f 957/957 1305/1305 1307/1307
f 957/957 1307/1307 961/961
f 960/960 964/964 1308/1308
f 960/960 1308/1308 1306/1306
f 961/961 1307/1307 1309/1309
f 961/961 1309/1309 965/965
f 965/965 1310/1310 1311/1311
f 965/965 1311/1311 964/964
f 964/964 1311/1311 1312/1312
f 964/964 1312/1312 1308/1308
f 965/965 1309/1309 1313/1313
f 965/965 1313/1313 1310/1310
f 1310/1310 1313/1313 1312/1312
f 1310/1310 1312/1312 1311/1311
f 1314/1314 1315/1315 1316/1316
f 1314/1314 1316/1316 1317/1317
f 1317/1317 1316/1316 1318/1318
f 1317/1317 1318/1318 1319/1319
f 1314/1314 1317/1317 1319/1319
f 1314/1314 1319/1319 1320/1320
f 1315/1315 1321/1321 1322/1322
f 1315/1315 1322/1322 1316/1316
f 1316/1316 1322/1322 1323/1323
f 1316/1316 1323/1323 1318/1318
f 1321/1321 1324/1324 1325/1325
f 1321/1321 1325/1325 1322/1322
f 1322/1322 1325/1325 1326/1326
f 1322/1322 1326/1326 1323/1323
f 1324/1324 1327/1327 1328/1328
f 1324/1324 1328/1328 1325/1325
f 1325/1325 1328/1328 1329/1329
f 1325/1325 1329/1329 1326/1326
f 1327/1327 1330/1330 1329/1329
f 1327/1327 1329/1329 1328/1328
f 1331/1331 1332/1332 1333/1333
f 1331/1331 1333/1333 1334/1334
f 1331/1331 1335/1335 1336/1336
f 1331/1331 1336/1336 1332/1332
f 1331/1331 1334/1334 1337/1337
f 1331/1331 1337/1337 1335/1335
f 1332/1332 1338/1338 1339/1339
f 1332/1332 1339/1339 1333/1333
f 1332/1332 1336/1336 1340/1340
f 1332/1332 1340/1340 1338/1338
f 1338/1338 1341/1341 1342/1342
f 1338/1338 1342/1342 1339/1339
f 1338/1338 1340/1340 1343/1343
f 1338/1338 1343/1343 1341/1341
f 1341/1341 1344/1344 1345/1345
f 1341/1341 1345/1345 1342/1342
f 1341/1341 1343/1343 1346/1346
f 1341/1341 1346/1346 1344/1344
f 1344/1344 1347/1347 1348/1348
f 1344/1344 1348/1348 1345/1345
f 1344/1344 1346/1346 1349/1349
f 1344/1344 1349/1349 1347/1347
f 1347/1347 1350/1350 1351/1351
f 1347/1347 1351/1351 1348/1348
f 1347/1347 1349/1349 1352/1352
f 1347/1347 1352/1352 1350/1350
f 1350/1350 1352/1352 1353/1353
f 1350/1350 1353/1353 1351/1351
f 1354/1354 970/970 972/972
f 1354/1354 972/972 1355/1355
f 1354/1354 1356/1356 1357/1357
f 1354/1354 1357/1357 970/970
f 1354/1354 1355/1355 1358/1358
f 1354/1354 1358/1358 1356/1356
f 970/970 1357/1357 1359/1359
f 970/970 1359/1359 971/971
f 971/971 1359/1359 1360/1360
f 971/971 1360/1360 973/973
f 979/979 1361/1361 1362/1362
f 979/979 1362/1362 982/982
f 982/982 1362/1362 1363/1363
f 982/982 1363/1363 985/985
f 985/985 1364/1364 1365/1365
f 985/985 1365/1365 986/986
f 985/985 1363/1363 1366/1366
f 985/985 1366/1366 1364/1364
f 1364/1364 1366/1366 1367/1367
f 1364/1364 1367/1367 1365/1365
f 1368/1368 989/989 991/991
f 1368/1368 991/991 1369/1369
f 1368/1368 1370/1370 1371/1371
f 1368/1368 1371/1371 989/989
f 1368/1368 1369/1369 1372/1372
f 1368/1368 1372/1372 1370/1370
f 995/995 1373/1373 1374/1374
f 995/995 1374/1374 996/996
f 995/995 1375/1375 1376/1376
f 995/995 1376/1376 1373/1373
f 1373/1373 1376/1376 1377/1377
f 1373/1373 1377/1377 1374/1374
f 1369/1369 991/991 998/998
f 1369/1369 998/998 1378/1378
f 1369/1369 1378/1378 1379/1379
f 1369/1369 1379/1379 1372/1372
f 996/996 1374/1374 1380/1380
f 996/996 1380/1380 1000/1000
f 1374/1374 1377/1377 1381/1381
f 1374/1374 1381/1381 1380/1380
f 1382/1382 1003/1003 1005/1005
f 1382/1382 1005/1005 1383/1383
f 1382/1382 1384/1384 1385/1385
f 1382/1382 1385/1385 1003/1003
f 1382/1382 1383/1383 1386/1386
f 1382/1382 1386/1386 1384/1384
f 1009/1009 1387/1387 1388/1388
f 1009/1009 1388/1388 1010/1010
f 1009/1009 1389/1389 1390/1390
f 1009/1009 1390/1390 1387/1387
f 1387/1387 1390/1390 1391/1391
f 1387/1387 1391/1391 1388/1388
f 1383/1383 1005/1005 1012/1012
f 1383/1383 1012/1012 1392/1392
f 1383/1383 1392/1392 1393/1393
f 1383/1383 1393/1393 1386/1386
f 1010/1010 1388/1388 1394/1394
f 1010/1010 1394/1394 1014/1014
f 1388/1388 1391/1391 1395/1395
f 1388/1388 1395/1395 1394/1394
f 1396/1396 1019/1019 1018/1018
f 1396/1396 1018/1018 1397/1397
f 1397/1397 1018/1018 1398/1398
f 1397/1397 1398/1398 1399/1399
f 1396/1396 1397/1397 1399/1399
f 1396/1396 1399/1399 1400/1400
f 1024/1024 1401/1401 1402/1402
f 1024/1024 1402/1402 1022/1022
f 1022/1022 1402/1402 1403/1403
f 1022/1022 1403/1403 1404/1404
f 1401/1401 1405/1405 1403/1403
f 1401/1401 1403/1403 1402/1402
f 1406/1406 1028/1028 1027/1027
f 1406/1406 1027/1027 1407/1407
f 1407/1407 1027/1027 1408/1408
f 1407/1407 1408/1408 1409/1409
f 1406/1406 1407/1407 1409/1409
f 1406/1406 1409/1409 1410/1410
f 1031/1031 1411/1411 1412/1412
f 1031/1031 1412/1412 1032/1032
f 1032/1032 1412/1412 1413/1413
f 1032/1032 1413/1413 1414/1414
f 1411/1411 1415/1415 1413/1413
f 1411/1411 1413/1413 1412/1412
f 1037/1037 1036/1036 1416/1416
f 1037/1037 1416/1416 1417/1417
f 1042/1042 1418/1418 1419/1419
f 1042/1042 1419/1419 1040/1040
f 1420/1420 1047/1047 1046/1046
f 1420/1420 1046/1046 1421/1421
f 1421/1421 1046/1046 1422/1422
f 1421/1421 1422/1422 1423/1423
f 1420/1420 1421/1421 1423/1423
f 1420/1420 1423/1423 1424/1424
f 1052/1052 1425/1425 1426/1426
f 1052/1052 1426/1426 1050/1050
f 1050/1050 1426/1426 1427/1427
f 1050/1050 1427/1427 1428/1428
f 1425/1425 1429/1429 1427/1427
f 1425/1425 1427/1427 1426/1426
f 1430/1430 1058/1058 1057/1057
f 1430/1430 1057/1057 1431/1431
f 1430/1430 1431/1431 1432/1432
f 1430/1430 1432/1432 1433/1433
f 1063/1063 1434/1434 1435/1435
f 1063/1063 1435/1435 1064/1064
f 1434/1434 1436/1436 1437/1437
f 1434/1434 1437/1437 1435/1435
f 1431/1431 1057/1057 1068/1068
f 1431/1431 1068/1068 1438/1438
f 1438/1438 1068/1068 1439/1439
f 1438/1438 1439/1439 1440/1440
f 1431/1431 1438/1438 1440/1440
f 1431/1431 1440/1440 1432/1432
f 1064/1064 1435/1435 1441/1441
f 1064/1064 1441/1441 1074/1074
f 1074/1074 1441/1441 1442/1442
f 1074/1074 1442/1442 1443/1443
f 1435/1435 1437/1437 1442/1442
f 1435/1435 1442/1442 1441/1441
f 1068/1068 1067/1067 1444/1444
f 1068/1068 1444/1444 1445/1445
f 1068/1068 1445/1445 1446/1446
f 1068/1068 1446/1446 1439/1439
f 1067/1067 1069/1069 1077/1077
f 1067/1067 1077/1077 1444/1444
f 1072/1072 1071/1071 1447/1447
f 1072/1072 1447/1447 1081/1081
f 1071/1071 1074/1074 1448/1448
f 1071/1071 1448/1448 1447/1447
f 1074/1074 1443/1443 1449/1449
f 1074/1074 1449/1449 1448/1448
f 1450/1450 1086/1086 1085/1085
f 1450/1450 1085/1085 1451/1451
f 1451/1451 1085/1085 1452/1452
f 1451/1451 1452/1452 1453/1453
f 1450/1450 1454/1454 1455/1455
f 1450/1450 1455/1455 1086/1086
f 1450/1450 1451/1451 1453/1453
f 1450/1450 1453/1453 1454/1454
f 1085/1085 1084/1084 1456/1456
f 1085/1085 1456/1456 1452/1452
f 1086/1086 1455/1455 1457/1457
f 1086/1086 1457/1457 1087/1087
f 1084/1084 1088/1088 1458/1458
f 1084/1084 1458/1458 1456/1456
f 1087/1087 1457/1457 1459/1459
f 1087/1087 1459/1459 1089/1089
f 1088/1088 1090/1090 1460/1460
f 1088/1088 1460/1460 1458/1458
f 1089/1089 1459/1459 1461/1461
f 1089/1089 1461/1461 1091/1091
f 1090/1090 1092/1092 1462/1462
f 1090/1090 1462/1462 1460/1460
f 1100/1100 1103/1103 1463/1463
f 1100/1100 1463/1463 1464/1464
f 1103/1103 1105/1105 1465/1465
f 1103/1103 1465/1465 1463/1463
f 1104/1104 1466/1466 1467/1467
f 1104/1104 1467/1467 1106/1106
f 1105/1105 1107/1107 1468/1468
f 1105/1105 1468/1468 1465/1465
f 1106/1106 1467/1467 1469/1469
f 1106/1106 1469/1469 1108/1108
f 1107/1107 1111/1111 1470/1470
f 1107/1107 1470/1470 1468/1468
f 1108/1108 1469/1469 1471/1471
f 1108/1108 1471/1471 1112/1112
f 1112/1112 1472/1472 1473/1473
f 1112/1112 1473/1473 1111/1111
f 1111/1111 1473/1473 1474/1474
f 1111/1111 1474/1474 1470/1470
f 1112/1112 1471/1471 1475/1475
f 1112/1112 1475/1475 1472/1472
f 1472/1472 1475/1475 1474/1474
f 1472/1472 1474/1474 1473/1473
f 1476/1476 1477/1477 1478/1478
f 1476/1476 1478/1478 1479/1479
f 1476/1476 1479/1479 1480/1480
f 1476/1476 1480/1480 1481/1481
f 1477/1477 1482/1482 1483/1483
f 1477/1477 1483/1483 1478/1478
f 1482/1482 1484/1484 1485/1485
f 1482/1482 1485/1485 1483/1483
f 1484/1484 1486/1486 1487/1487
f 1484/1484 1487/1487 1485/1485
f 1486/1486 1488/1488 1489/1489
f 1486/1486 1489/1489 1487/1487
f 1488/1488 1490/1490 1491/1491
f 1488/1488 1491/1491 1489/1489
f 1490/1490 1492/1492 1493/1493
f 1490/1490 1493/1493 1491/1491
f 1494/1494 1117/1117 1116/1116
f 1494/1494 1116/1116 1495/1495
f 1495/1495 1116/1116 1496/1496
f 1495/1495 1496/1496 1497/1497
f 1494/1494 1498/1498 1499/1499
f 1494/1494 1499/1499 1117/1117
f 1494/1494 1495/1495 1497/1497
f 1494/1494 1497/1497 1498/1498
f 1116/1116 1115/1115 1500/1500
f 1116/1116 1500/1500 1496/1496
f 1117/1117 1499/1499 1501/1501
f 1117/1117 1501/1501 1118/1118
f 1115/1115 1119/1119 1502/1502
f 1115/1115 1502/1502 1500/1500
f 1118/1118 1501/1501 1503/1503
f 1118/1118 1503/1503 1120/1120
f 1119/1119 1121/1121 1504/1504
f 1119/1119 1504/1504 1502/1502
f 1120/1120 1503/1503 1505/1505
f 1120/1120 1505/1505 1122/1122
f 1121/1121 1123/1123 1506/1506
f 1121/1121 1506/1506 1504/1504
f 1122/1122 1505/1505 1507/1507
f 1122/1122 1507/1507 1124/1124
f 1123/1123 1125/1125 1508/1508
f 1123/1123 1508/1508 1506/1506
f 1124/1124 1507/1507 1509/1509
f 1124/1124 1509/1509 1126/1126
f 1125/1125 1127/1127 1510/1510
f 1125/1125 1510/1510 1508/1508
f 1126/1126 1509/1509 1511/1511
f 1126/1126 1511/1511 1128/1128
f 1127/1127 1129/1129 1512/1512
f 1127/1127 1512/1512 1510/1510
f 1129/1129 1131/1131 1513/1513
f 1129/1129 1513/1513 1512/1512
f 1131/1131 1133/1133 1514/1514
f 1131/1131 1514/1514 1513/1513
f 1133/1133 1135/1135 1515/1515
f 1133/1133 1515/1515 1514/1514
f 1135/1135 1137/1137 1516/1516
f 1135/1135 1516/1516 1515/1515
f 1137/1137 1139/1139 1517/1517
f 1137/1137 1517/1517 1516/1516
f 1139/1139 1141/1141 1518/1518
f 1139/1139 1518/1518 1517/1517
f 1140/1140 1519/1519 1520/1520
f 1140/1140 1520/1520 1142/1142
f 1141/1141 1143/1143 1521/1521
f 1141/1141 1521/1521 1518/1518
f 1142/1142 1520/1520 1522/1522
f 1142/1142 1522/1522 1144/1144
f 1143/1143 1145/1145 1523/1523
f 1143/1143 1523/1523 1521/1521
f 1144/1144 1522/1522 1524/1524
f 1144/1144 1524/1524 1146/1146
f 1145/1145 1147/1147 1525/1525
f 1145/1145 1525/1525 1523/1523
f 1146/1146 1524/1524 1526/1526
f 1146/1146 1526/1526 1148/1148
f 1147/1147 1149/1149 1527/1527
f 1147/1147 1527/1527 1525/1525
f 1148/1148 1526/1526 1528/1528
f 1148/1148 1528/1528 1150/1150
f 1149/1149 1153/1153 1529/1529
f 1149/1149 1529/1529 1527/1527
f 1150/1150 1528/1528 1530/1530
f 1150/1150 1530/1530 1154/1154
f 1154/1154 1531/1531 1532/1532
f 1154/1154 1532/1532 1153/1153
f 1153/1153 1532/1532 1533/1533
f 1153/1153 1533/1533 1529/1529
f 1154/1154 1530/1530 1534/1534
f 1154/1154 1534/1534 1531/1531
f 1531/1531 1534/1534 1533/1533
f 1531/1531 1533/1533 1532/1532
f 1535/1535 1159/1159 1161/1161
f 1535/1535 1161/1161 1536/1536
f 1535/1535 1537/1537 1538/1538
f 1535/1535 1538/1538 1159/1159
f 1535/1535 1536/1536 1539/1539
f 1535/1535 1539/1539 1537/1537
f 1159/1159 1538/1538 1540/1540
f 1159/1159 1540/1540 1160/1160
f 1160/1160 1540/1540 1541/1541
f 1160/1160 1541/1541 1164/1164
f 1164/1164 1541/1541 1542/1542
f 1164/1164 1542/1542 1167/1167
f 1167/1167 1542/1542 1543/1543
f 1167/1167 1543/1543 1170/1170
f 1170/1170 1543/1543 1544/1544
f 1170/1170 1544/1544 1173/1173
f 1173/1173 1544/1544 1545/1545
f 1173/1173 1545/1545 1176/1176
f 1176/1176 1546/1546 1547/1547
f 1176/1176 1547/1547 1177/1177
f 1176/1176 1545/1545 1548/1548
f 1176/1176 1548/1548 1546/1546
f 1546/1546 1548/1548 1549/1549
f 1546/1546 1549/1549 1547/1547
f 1550/1550 1182/1182 1184/1184
f 1550/1550 1184/1184 1551/1551
f 1550/1550 1552/1552 1553/1553
f 1550/1550 1553/1553 1182/1182
f 1550/1550 1551/1551 1554/1554
f 1550/1550 1554/1554 1552/1552
f 1190/1190 1555/1555 1556/1556
f 1190/1190 1556/1556 1191/1191
f 1190/1190 1557/1557 1558/1558
f 1190/1190 1558/1558 1555/1555
f 1555/1555 1558/1558 1559/1559
f 1555/1555 1559/1559 1556/1556
f 1194/1194 1196/1196 1560/1560
f 1194/1194 1560/1560 1561/1561
f 1200/1200 1562/1562 1563/1563
f 1200/1200 1563/1563 1201/1201
f 1203/1203 1202/1202 1564/1564
f 1203/1203 1564/1564 1565/1565
f 1204/1204 1566/1566 1567/1567
f 1204/1204 1567/1567 1205/1205
f 1204/1204 1203/1203 1565/1565
f 1204/1204 1565/1565 1566/1566
f 1202/1202 1206/1206 1568/1568
f 1202/1202 1568/1568 1564/1564
f 1205/1205 1567/1567 1569/1569
f 1205/1205 1569/1569 1207/1207
f 1206/1206 1208/1208 1570/1570
f 1206/1206 1570/1570 1568/1568
f 1207/1207 1569/1569 1571/1571
f 1207/1207 1571/1571 1209/1209
f 1208/1208 1210/1210 1572/1572
f 1208/1208 1572/1572 1570/1570
f 1209/1209 1571/1571 1573/1573
f 1209/1209 1573/1573 1211/1211
f 1210/1210 1212/1212 1574/1574
f 1210/1210 1574/1574 1572/1572
f 1211/1211 1573/1573 1575/1575
f 1211/1211 1575/1575 1213/1213
f 1212/1212 1214/1214 1576/1576
f 1212/1212 1576/1576 1574/1574
f 1214/1214 1215/1215 1577/1577
f 1214/1214 1577/1577 1576/1576
f 1217/1217 1216/1216 1578/1578
f 1217/1217 1578/1578 1579/1579
f 1216/1216 1218/1218 1580/1580
f 1216/1216 1580/1580 1578/1578
f 1218/1218 1219/1219 1581/1581
f 1218/1218 1581/1581 1580/1580
f 1220/1220 1582/1582 1583/1583
f 1220/1220 1583/1583 1221/1221
f 1219/1219 1222/1222 1584/1584
f 1219/1219 1584/1584 1581/1581
f 1221/1221 1583/1583 1585/1585
f 1221/1221 1585/1585 1223/1223
f 1222/1222 1224/1224 1586/1586
f 1222/1222 1586/1586 1584/1584
f 1223/1223 1585/1585 1587/1587
f 1223/1223 1587/1587 1225/1225
f 1224/1224 1226/1226 1588/1588
f 1224/1224 1588/1588 1586/1586
f 1225/1225 1587/1587 1589/1589
f 1225/1225 1589/1589 1227/1227
f 1226/1226 1228/1228 1590/1590
f 1226/1226 1590/1590 1588/1588
f 1227/1227 1589/1589 1591/1591
f 1227/1227 1591/1591 1229/1229
f 1229/1229 1591/1591 1590/1590
f 1229/1229 1590/1590 1228/1228
f 1231/1231 1230/1230 1592/1592
f 1231/1231 1592/1592 1593/1593
f 1232/1232 1594/1594 1595/1595
f 1232/1232 1595/1595 1233/1233
f 1238/1238 1596/1596 1597/1597
f 1238/1238 1597/1597 1239/1239
f 1238/1238 1237/1237 1598/1598
f 1238/1238 1598/1598 1596/1596
f 1244/1244 1599/1599 1600/1600
f 1244/1244 1600/1600 1245/1245
f 1245/1245 1600/1600 1601/1601
f 1245/1245 1601/1601 1242/1242
f 1602/1602 1250/1250 1249/1249
f 1602/1602 1249/1249 1603/1603
f 1603/1603 1249/1249 1604/1604
f 1603/1603 1604/1604 1605/1605
f 1602/1602 1603/1603 1605/1605
f 1602/1602 1605/1605 1606/1606
f 1249/1249 1248/1248 1607/1607
f 1249/1249 1607/1607 1604/1604
f 1248/1248 1251/1251 1608/1608
f 1248/1248 1608/1608 1607/1607
f 1251/1251 1252/1252 1609/1609
f 1251/1251 1609/1609 1608/1608
f 1252/1252 1253/1253 1610/1610
f 1252/1252 1610/1610 1609/1609
f 1253/1253 1254/1254 1611/1611
f 1253/1253 1611/1611 1610/1610
f 1254/1254 1257/1257 1612/1612
f 1254/1254 1612/1612 1611/1611
f 1258/1258 1613/1613 1614/1614
f 1258/1258 1614/1614 1257/1257
f 1257/1257 1614/1614 1615/1615
f 1257/1257 1615/1615 1612/1612
f 1613/1613 1616/1616 1615/1615
f 1613/1613 1615/1615 1614/1614
f 1617/1617 1618/1618 1619/1619
f 1617/1617 1619/1619 1620/1620
f 1620/1620 1619/1619 1621/1621
f 1620/1620 1621/1621 1622/1622
f 1617/1617 1623/1623 1624/1624
f 1617/1617 1624/1624 1618/1618
f 1617/1617 1620/1620 1622/1622
f 1617/1617 1622/1622 1623/1623
f 1618/1618 1265/1265 1264/1264
f 1618/1618 1264/1264 1619/1619
f 1619/1619 1264/1264 1625/1625
f 1619/1619 1625/1625 1621/1621
f 1618/1618 1624/1624 1626/1626
f 1618/1618 1626/1626 1265/1265
f 1264/1264 1263/1263 1627/1627
f 1264/1264 1627/1627 1625/1625
f 1265/1265 1626/1626 1628/1628
f 1265/1265 1628/1628 1266/1266
f 1266/1266 1628/1628 1629/1629
f 1266/1266 1629/1629 1270/1270
f 1270/1270 1629/1629 1630/1630
f 1270/1270 1630/1630 1274/1274
f 1274/1274 1630/1630 1631/1631
f 1274/1274 1631/1631 1278/1278
f 1278/1278 1631/1631 1632/1632
f 1278/1278 1632/1632 1282/1282
f 1281/1281 1285/1285 1633/1633
f 1281/1281 1633/1633 1634/1634
f 1282/1282 1632/1632 1635/1635
f 1282/1282 1635/1635 1286/1286
f 1286/1286 1636/1636 1637/1637
f 1286/1286 1637/1637 1285/1285
f 1285/1285 1637/1637 1638/1638
f 1285/1285 1638/1638 1633/1633
f 1286/1286 1635/1635 1639/1639
f 1286/1286 1639/1639 1636/1636
f 1636/1636 1640/1640 1641/1641
f 1636/1636 1641/1641 1637/1637
f 1637/1637 1641/1641 1642/1642
f 1637/1637 1642/1642 1638/1638
f 1636/1636 1639/1639 1643/1643
f 1636/1636 1643/1643 1640/1640
f 1640/1640 1643/1643 1642/1642
f 1640/1640 1642/1642 1641/1641
f 1644/1644 1645/1645 1646/1646
f 1644/1644 1646/1646 1647/1647
f 1647/1647 1646/1646 1648/1648
f 1647/1647 1648/1648 1649/1649
f 1644/1644 1647/1647 1649/1649
f 1644/1644 1649/1649 1650/1650
f 1645/1645 1651/1651 1652/1652
f 1645/1645 1652/1652 1646/1646
f 1646/1646 1652/1652 1653/1653
f 1646/1646 1653/1653 1648/1648
f 1651/1651 1654/1654 1655/1655
f 1651/1651 1655/1655 1652/1652
f 1652/1652 1655/1655 1656/1656
f 1652/1652 1656/1656 1653/1653
f 1654/1654 1657/1657 1658/1658
f 1654/1654 1658/1658 1655/1655
f 1655/1655 1658/1658 1659/1659
f 1655/1655 1659/1659 1656/1656
f 1657/1657 1660/1660 1659/1659
f 1657/1657 1659/1659 1658/1658
f 1661/1661 1291/1291 1290/1290
f 1661/1661 1290/1290 1662/1662
f 1662/1662 1290/1290 1663/1663
f 1662/1662 1663/1663 1664/1664
f 1661/1661 1665/1665 1666/1666
f 1661/1661 1666/1666 1291/1291
f 1661/1661 1662/1662 1664/1664
f 1661/1661 1664/1664 1665/1665
f 1290/1290 1289/1289 1667/1667
f 1290/1290 1667/1667 1663/1663
f 1291/1291 1666/1666 1668/1668
f 1291/1291 1668/1668 1292/1292
f 1289/1289 1293/1293 1669/1669
f 1289/1289 1669/1669 1667/1667
f 1292/1292 1668/1668 1670/1670
f 1292/1292 1670/1670 1294/1294
f 1294/1294 1670/1670 1671/1671
f 1294/1294 1671/1671 1296/1296
f 1296/1296 1671/1671 1672/1672
f 1296/1296 1672/1672 1298/1298
f 1298/1298 1672/1672 1673/1673
f 1298/1298 1673/1673 1299/1299
f 1299/1299 1673/1673 1674/1674
f 1299/1299 1674/1674 1300/1300
f 1300/1300 1674/1674 1675/1675
f 1300/1300 1675/1675 1301/1301
f 1301/1301 1675/1675 1676/1676
f 1301/1301 1676/1676 1302/1302
f 1302/1302 1676/1676 1677/1677
f 1302/1302 1677/1677 1305/1305
f 1305/1305 1677/1677 1678/1678
f 1305/1305 1678/1678 1307/1307
f 1306/1306 1308/1308 1679/1679
f 1306/1306 1679/1679 1680/1680
f 1307/1307 1678/1678 1681/1681
f 1307/1307 1681/1681 1309/1309
f 1308/1308 1312/1312 1682/1682
f 1308/1308 1682/1682 1679/1679
f 1309/1309 1681/1681 1683/1683
f 1309/1309 1683/1683 1313/1313
f 1313/1313 1684/1684 1685/1685
f 1313/1313 1685/1685 1312/1312
f 1312/1312 1685/1685 1686/1686
f 1312/1312 1686/1686 1682/1682
f 1313/1313 1683/1683 1687/1687
f 1313/1313 1687/1687 1684/1684
f 1684/1684 1687/1687 1686/1686
f 1684/1684 1686/1686 1685/1685
f 1688/1688 1689/1689 1690/1690
f 1688/1688 1690/1690 1691/1691
f 1691/1691 1690/1690 1692/1692
f 1691/1691 1692/1692 1693/1693
f 1688/1688 1691/1691 1693/1693
f 1688/1688 1693/1693 1694/1694
f 1689/1689 1320/1320 1319/1319
f 1689/1689 1319/1319 1690/1690
f 1690/1690 1319/1319 1695/1695
f 1690/1690 1695/1695 1692/1692
f 1330/1330 1696/1696 1697/1697
f 1330/1330 1697/1697 1329/1329
f 1329/1329 1697/1697 1698/1698
f 1329/1329 1698/1698 1699/1699
f 1696/1696 1700/1700 1701/1701
f 1696/1696 1701/1701 1697/1697
f 1697/1697 1701/1701 1702/1702
f 1697/1697 1702/1702 1698/1698
f 1700/1700 1703/1703 1702/1702
f 1700/1700 1702/1702 1701/1701
f 1704/1704 1705/1705 1706/1706
f 1704/1704 1706/1706 1707/1707
f 1704/1704 1707/1707 1708/1708
f 1704/1704 1708/1708 1709/1709
f 1705/1705 1710/1710 1711/1711
f 1705/1705 1711/1711 1706/1706
f 1710/1710 1712/1712 1713/1713
f 1710/1710 1713/1713 1711/1711
f 1712/1712 1714/1714 1715/1715
f 1712/1712 1715/1715 1713/1713
f 1714/1714 1716/1716 1717/1717
f 1714/1714 1717/1717 1715/1715
f 1718/1718 1335/1335 1337/1337
f 1718/1718 1337/1337 1719/1719
f 1718/1718 1720/1720 1721/1721
f 1718/1718 1721/1721 1335/1335
f 1718/1718 1719/1719 1722/1722
f 1718/1718 1722/1722 1720/1720
f 1335/1335 1721/1721 1723/1723
f 1335/1335 1723/1723 1336/1336
f 1349/1349 1724/1724 1725/1725
f 1349/1349 1725/1725 1352/1352
f 1352/1352 1726/1726 1727/1727
f 1352/1352 1727/1727 1353/1353
f 1352/1352 1725/1725 1728/1728
f 1352/1352 1728/1728 1726/1726
f 1726/1726 1728/1728 1729/1729
f 1726/1726 1729/1729 1727/1727
f 1730/1730 1356/1356 1358/1358
f 1730/1730 1358/1358 1731/1731
f 1730/1730 1732/1732 1733/1733
f 1730/1730 1733/1733 1356/1356
f 1730/1730 1731/1731 1734/1734
f 1730/1730 1734/1734 1732/1732
f 1356/1356 1733/1733 1735/1735
f 1356/1356 1735/1735 1357/1357
f 1357/1357 1735/1735 1736/1736
f 1357/1357 1736/1736 1359/1359
f 1362/1362 1737/1737 1738/1738
f 1362/1362 1738/1738 1363/1363
f 1363/1363 1738/1738 1739/1739
f 1363/1363 1739/1739 1366/1366
f 1366/1366 1740/1740 1741/1741
f 1366/1366 1741/1741 1367/1367
f 1366/1366 1739/1739 1742/1742
f 1366/1366 1742/1742 1740/1740
f 1740/1740 1742/1742 1743/1743
f 1740/1740 1743/1743 1741/1741
f 1744/1744 1370/1370 1372/1372
f 1744/1744 1372/1372 1745/1745
f 1744/1744 1746/1746 1747/1747
f 1744/1744 1747/1747 1370/1370
f 1744/1744 1745/1745 1748/1748
f 1744/1744 1748/1748 1746/1746
f 1376/1376 1749/1749 1750/1750
f 1376/1376 1750/1750 1377/1377
f 1376/1376 1751/1751 1752/1752
f 1376/1376 1752/1752 1749/1749
f 1749/1749 1752/1752 1753/1753
f 1749/1749 1753/1753 1750/1750
f 1745/1745 1372/1372 1379/1379
f 1745/1745 1379/1379 1754/1754
f 1745/1745 1754/1754 1755/1755
f 1745/1745 1755/1755 1748/1748
f 1377/1377 1750/1750 1756/1756
f 1377/1377 1756/1756 1381/1381
f 1750/1750 1753/1753 1757/1757
f 1750/1750 1757/1757 1756/1756
f 1758/1758 1384/1384 1386/1386
f 1758/1758 1386/1386 1759/1759
f 1758/1758 1760/1760 1761/1761
f 1758/1758 1761/1761 1384/1384
f 1758/1758 1759/1759 1762/1762
f 1758/1758 1762/1762 1760/1760
f 1390/1390 1763/1763 1764/1764
f 1390/1390 1764/1764 1391/1391
f 1390/1390 1765/1765 1766/1766
f 1390/1390 1766/1766 1763/1763
f 1763/1763 1766/1766 1767/1767
f 1763/1763 1767/1767 1764/1764
f 1759/1759 1386/1386 1393/1393
f 1759/1759 1393/1393 1768/1768
f 1768/1768 1393/1393 1769/1769
f 1768/1768 1769/1769 1770/1770
f 1759/1759 1768/1768 1770/1770
f 1759/1759 1770/1770 1762/1762
f 1391/1391 1764/1764 1771/1771
f 1391/1391 1771/1771 1395/1395
f 1395/1395 1771/1771 1772/1772
f 1395/1395 1772/1772 1773/1773
f 1764/1764 1767/1767 1772/1772
f 1764/1764 1772/1772 1771/1771
f 1399/1399 1398/1398 1774/1774
f 1399/1399 1774/1774 1775/1775
f 1400/1400 1399/1399 1775/1775
f 1400/1400 1775/1775 1776/1776
f 1404/1404 1403/1403 1777/1777
f 1404/1404 1777/1777 1778/1778
f 1405/1405 1779/1779 1777/1777
f 1405/1405 1777/1777 1403/1403
f 1410/1410 1409/1409 1780/1780
f 1410/1410 1780/1780 1781/1781
f 1415/1415 1782/1782 1783/1783
f 1415/1415 1783/1783 1413/1413
f 1784/1784 1417/1417 1416/1416
f 1784/1784 1416/1416 1785/1785
f 1785/1785 1416/1416 1786/1786
f 1785/1785 1786/1786 1787/1787
f 1784/1784 1785/1785 1787/1787
f 1784/1784 1787/1787 1788/1788
f 1418/1418 1789/1789 1790/1790
f 1418/1418 1790/1790 1419/1419
f 1419/1419 1790/1790 1791/1791
f 1419/1419 1791/1791 1792/1792
f 1789/1789 1793/1793 1791/1791
f 1789/1789 1791/1791 1790/1790
f 1423/1423 1422/1422 1794/1794
f 1423/1423 1794/1794 1795/1795
f 1424/1424 1423/1423 1795/1795
f 1424/1424 1795/1795 1796/1796
f 1428/1428 1427/1427 1797/1797
f 1428/1428 1797/1797 1798/1798
f 1429/1429 1799/1799 1797/1797
f 1429/1429 1797/1797 1427/1427
f 1433/1433 1432/1432 1800/1800
f 1433/1433 1800/1800 1801/1801
f 1436/1436 1802/1802 1803/1803
f 1436/1436 1803/1803 1437/1437
f 1432/1432 1440/1440 1804/1804
f 1432/1432 1804/1804 1800/1800
f 1437/1437 1803/1803 1805/1805
f 1437/1437 1805/1805 1442/1442
f 1440/1440 1439/1439 1446/1446
f 1440/1440 1446/1446 1806/1806
f 1440/1440 1806/1806 1807/1807
f 1440/1440 1807/1807 1804/1804
f 1443/1443 1442/1442 1808/1808
f 1443/1443 1808/1808 1449/1449
f 1442/1442 1805/1805 1809/1809
f 1442/1442 1809/1809 1808/1808
f 1453/1453 1452/1452 1810/1810
f 1453/1453 1810/1810 1811/1811
f 1454/1454 1812/1812 1813/1813
f 1454/1454 1813/1813 1455/1455
f 1454/1454 1453/1453 1811/1811
f 1454/1454 1811/1811 1812/1812
f 1452/1452 1456/1456 1814/1814
f 1452/1452 1814/1814 1810/1810
f 1455/1455 1813/1813 1815/1815
f 1455/1455 1815/1815 1457/1457
f 1456/1456 1458/1458 1816/1816
f 1456/1456 1816/1816 1814/1814
f 1457/1457 1815/1815 1817/1817
f 1457/1457 1817/1817 1459/1459
f 1458/1458 1460/1460 1818/1818
f 1458/1458 1818/1818 1816/1816
f 1463/1463 1465/1465 1819/1819
f 1463/1463 1819/1819 1820/1820
f 1465/1465 1468/1468 1821/1821
f 1465/1465 1821/1821 1819/1819
f 1467/1467 1822/1822 1823/1823
f 1467/1467 1823/1823 1469/1469
f 1468/1468 1470/1470 1824/1824
f 1468/1468 1824/1824 1821/1821
f 1469/1469 1823/1823 1825/1825
f 1469/1469 1825/1825 1471/1471
f 1470/1470 1474/1474 1826/1826
f 1470/1470 1826/1826 1824/1824
f 1471/1471 1825/1825 1827/1827
f 1471/1471 1827/1827 1475/1475
f 1475/1475 1827/1827 1826/1826
f 1475/1475 1826/1826 1474/1474
f 1828/1828 1481/1481 1480/1480
f 1828/1828 1480/1480 1829/1829
f 1828/1828 1829/1829 1830/1830
f 1828/1828 1830/1830 1831/1831
f 1492/1492 1832/1832 1833/1833
f 1492/1492 1833/1833 1493/1493
f 1832/1832 1834/1834 1835/1835
f 1832/1832 1835/1835 1833/1833
f 1836/1836 1498/1498 1497/1497
f 1836/1836 1497/1497 1837/1837
f 1837/1837 1497/1497 1838/1838
f 1837/1837 1838/1838 1839/1839
f 1836/1836 1840/1840 1841/1841
f 1836/1836 1841/1841 1498/1498
f 1836/1836 1837/1837 1839/1839
f 1836/1836 1839/1839 1840/1840
f 1497/1497 1496/1496 1842/1842
f 1497/1497 1842/1842 1838/1838
f 1498/1498 1841/1841 1843/1843
f 1498/1498 1843/1843 1499/1499
f 1496/1496 1500/1500 1844/1844
f 1496/1496 1844/1844 1842/1842
f 1499/1499 1843/1843 1845/1845
f 1499/1499 1845/1845 1501/1501
f 1500/1500 1502/1502 1846/1846
f 1500/1500 1846/1846 1844/1844
f 1501/1501 1845/1845 1847/1847
f 1501/1501 1847/1847 1503/1503
f 1502/1502 1504/1504 1848/1848
f 1502/1502 1848/1848 1846/1846
f 1503/1503 1847/1847 1849/1849
f 1503/1503 1849/1849 1505/1505
f 1504/1504 1506/1506 1850/1850
f 1504/1504 1850/1850 1848/1848
f 1505/1505 1849/1849 1851/1851
f 1505/1505 1851/1851 1507/1507
f 1506/1506 1508/1508 1852/1852
f 1506/1506 1852/1852 1850/1850
f 1507/1507 1851/1851 1853/1853
f 1507/1507 1853/1853 1509/1509
f 1508/1508 1510/1510 1854/1854
f 1508/1508 1854/1854 1852/1852
f 1510/1510 1512/1512 1855/1855
f 1510/1510 1855/1855 1854/1854
f 1512/1512 1513/1513 1856/1856
f 1512/1512 1856/1856 1855/1855
f 1513/1513 1514/1514 1857/1857
f 1513/1513 1857/1857 1856/1856
f 1514/1514 1515/1515 1858/1858
f 1514/1514 1858/1858 1857/1857
f 1515/1515 1516/1516 1859/1859
f 1515/1515 1859/1859 1858/1858
f 1516/1516 1517/1517 1860/1860
f 1516/1516 1860/1860 1859/1859
f 1517/1517 1518/1518 1861/1861
f 1517/1517 1861/1861 1860/1860
f 1518/1518 1521/1521 1862/1862
f 1518/1518 1862/1862 1861/1861
f 1520/1520 1863/1863 1864/1864
f 1520/1520 1864/1864 1522/1522
f 1521/1521 1523/1523 1865/1865
f 1521/1521 1865/1865 1862/1862
f 1522/1522 1864/1864 1866/1866
f 1522/1522 1866/1866 1524/1524
f 1523/1523 1525/1525 1867/1867
f 1523/1523 1867/1867 1865/1865
f 1524/1524 1866/1866 1868/1868
f 1524/1524 1868/1868 1526/1526
f 1525/1525 1527/1527 1869/1869
f 1525/1525 1869/1869 1867/1867
f 1526/1526 1868/1868 1870/1870
f 1526/1526 1870/1870 1528/1528
f 1527/1527 1529/1529 1871/1871
f 1527/1527 1871/1871 1869/1869
f 1528/1528 1870/1870 1872/1872
f 1528/1528 1872/1872 1530/1530
f 1529/1529 1533/1533 1873/1873
f 1529/1529 1873/1873 1871/1871
f 1530/1530 1872/1872 1874/1874
f 1530/1530 1874/1874 1534/1534
f 1534/1534 1875/1875 1876/1876
f 1534/1534 1876/1876 1533/1533
f 1533/1533 1876/1876 1877/1877
f 1533/1533 1877/1877 1873/1873
f 1534/1534 1874/1874 1878/1878
f 1534/1534 1878/1878 1875/1875
f 1875/1875 1878/1878 1877/1877
f 1875/1875 1877/1877 1876/1876
f 1879/1879 1537/1537 1539/1539
f 1879/1879 1539/1539 1880/1880
f 1879/1879 1881/1881 1882/1882
f 1879/1879 1882/1882 1537/1537
f 1879/1879 1880/1880 1883/1883
f 1879/1879 1883/1883 1881/1881
f 1537/1537 1882/1882 1884/1884
f 1537/1537 1884/1884 1538/1538
f 1538/1538 1884/1884 1885/1885
f 1538/1538 1885/1885 1540/1540
f 1540/1540 1885/1885 1886/1886
f 1540/1540 1886/1886 1541/1541
f 1541/1541 1886/1886 1887/1887
f 1541/1541 1887/1887 1542/1542
f 1542/1542 1887/1887 1888/1888
f 1542/1542 1888/1888 1543/1543
f 1543/1543 1888/1888 1889/1889
f 1543/1543 1889/1889 1544/1544
f 1544/1544 1889/1889 1890/1890
f 1544/1544 1890/1890 1545/1545
f 1545/1545 1890/1890 1891/1891
f 1545/1545 1891/1891 1548/1548
f 1548/1548 1892/1892 1893/1893
f 1548/1548 1893/1893 1549/1549
f 1548/1548 1891/1891 1894/1894
f 1548/1548 1894/1894 1892/1892
f 1892/1892 1894/1894 1895/1895
f 1892/1892 1895/1895 1893/1893
f 1552/1552 1554/1554 1896/1896
f 1552/1552 1896/1896 1897/1897
f 1558/1558 1898/1898 1899/1899
f 1558/1558 1899/1899 1559/1559
f 1561/1561 1560/1560 1900/1900
f 1561/1561 1900/1900 1901/1901
f 1562/1562 1902/1902 1903/1903
f 1562/1562 1903/1903 1563/1563
f 1565/1565 1564/1564 1904/1904
f 1565/1565 1904/1904 1905/1905
f 1566/1566 1906/1906 1907/1907
f 1566/1566 1907/1907 1567/1567
f 1566/1566 1565/1565 1905/1905
f 1566/1566 1905/1905 1906/1906
f 1564/1564 1568/1568 1908/1908
f 1564/1564 1908/1908 1904/1904
f 1567/1567 1907/1907 1909/1909
f 1567/1567 1909/1909 1569/1569
f 1568/1568 1570/1570 1910/1910
f 1568/1568 1910/1910 1908/1908
f 1569/1569 1909/1909 1911/1911
f 1569/1569 1911/1911 1571/1571
f 1570/1570 1572/1572 1912/1912
f 1570/1570 1912/1912 1910/1910
f 1571/1571 1911/1911 1913/1913
f 1571/1571 1913/1913 1573/1573
f 1572/1572 1574/1574 1914/1914
f 1572/1572 1914/1914 1912/1912
f 1573/1573 1913/1913 1915/1915
f 1573/1573 1915/1915 1575/1575
f 1574/1574 1576/1576 1916/1916
f 1574/1574 1916/1916 1914/1914
f 1576/1576 1577/1577 1917/1917
f 1576/1576 1917/1917 1916/1916
f 1579/1579 1578/1578 1918/1918
f 1579/1579 1918/1918 1919/1919
f 1578/1578 1580/1580 1920/1920
f 1578/1578 1920/1920 1918/1918
f 1580/1580 1581/1581 1921/1921
f 1580/1580 1921/1921 1920/1920
f 1582/1582 1922/1922 1923/1923
f 1582/1582 1923/1923 1583/1583
f 1581/1581 1584/1584 1924/1924
f 1581/1581 1924/1924 1921/1921
f 1583/1583 1923/1923 1925/1925
f 1583/1583 1925/1925 1585/1585
f 1584/1584 1586/1586 1926/1926
f 1584/1584 1926/1926 1924/1924
f 1585/1585 1925/1925 1927/1927
f 1585/1585 1927/1927 1587/1587
f 1586/1586 1588/1588 1928/1928
f 1586/1586 1928/1928 1926/1926
f 1587/1587 1927/1927 1929/1929
f 1587/1587 1929/1929 1589/1589
f 1588/1588 1590/1590 1930/1930
f 1588/1588 1930/1930 1928/1928
f 1589/1589 1929/1929 1931/1931
f 1589/1589 1931/1931 1591/1591
f 1591/1591 1931/1931 1930/1930
f 1591/1591 1930/1930 1590/1590
f 1932/1932 1933/1933 1934/1934
f 1932/1932 1934/1934 1935/1935
f 1593/1593 1592/1592 1933/1933
f 1593/1593 1933/1933 1932/1932
f 1936/1936 1937/1937 1938/1938
f 1936/1936 1938/1938 1939/1939
f 1594/1594 1939/1939 1938/1938
f 1594/1594 1938/1938 1595/1595
f 1596/1596 1940/1940 1941/1941
f 1596/1596 1941/1941 1597/1597
f 1596/1596 1598/1598 1942/1942
f 1596/1596 1942/1942 1940/1940
f 1599/1599 1943/1943 1944/1944
f 1599/1599 1944/1944 1600/1600
f 1600/1600 1944/1944 1945/1945
f 1600/1600 1945/1945 1601/1601
f 1605/1605 1604/1604 1946/1946
f 1605/1605 1946/1946 1947/1947
f 1606/1606 1605/1605 1947/1947
f 1606/1606 1947/1947 1948/1948
f 1604/1604 1607/1607 1949/1949
f 1604/1604 1949/1949 1946/1946
f 1611/1611 1612/1612 1950/1950
f 1611/1611 1950/1950 1951/1951
f 1612/1612 1615/1615 1952/1952
f 1612/1612 1952/1952 1950/1950
f 1616/1616 1953/1953 1952/1952
f 1616/1616 1952/1952 1615/1615
f 1954/1954 1955/1955 1956/1956
f 1954/1954 1956/1956 1957/1957
f 1957/1957 1956/1956 1958/1958
f 1957/1957 1958/1958 1959/1959
f 1954/1954 1957/1957 1959/1959
f 1954/1954 1959/1959 1960/1960
f 1955/1955 1961/1961 1962/1962
f 1955/1955 1962/1962 1956/1956
f 1956/1956 1962/1962 1963/1963
f 1956/1956 1963/1963 1958/1958
f 1961/1961 1964/1964 1965/1965
f 1961/1961 1965/1965 1962/1962
f 1962/1962 1965/1965 1966/1966
f 1962/1962 1966/1966 1963/1963
f 1964/1964 1967/1967 1968/1968
f 1964/1964 1968/1968 1965/1965
f 1965/1965 1968/1968 1969/1969
f 1965/1965 1969/1969 1966/1966
f 1967/1967 1970/1970 1969/1969
f 1967/1967 1969/1969 1968/1968
f 1971/1971 1623/1623 1622/1622
f 1971/1971 1622/1622 1972/1972
f 1972/1972 1622/1622 1973/1973
f 1972/1972 1973/1973 1974/1974
f 1971/1971 1975/1975 1976/1976
f 1971/1971 1976/1976 1623/1623
f 1971/1971 1972/1972 1974/1974
f 1971/1971 1974/1974 1975/1975
f 1622/1622 1621/1621 1977/1977
f 1622/1622 1977/1977 1973/1973
f 1623/1623 1976/1976 1978/1978
f 1623/1623 1978/1978 1624/1624
f 1624/1624 1978/1978 1979/1979
f 1624/1624 1979/1979 1626/1626
f 1626/1626 1979/1979 1980/1980
f 1626/1626 1980/1980 1628/1628
f 1628/1628 1980/1980 1981/1981
f 1628/1628 1981/1981 1629/1629
f 1629/1629 1981/1981 1982/1982
f 1629/1629 1982/1982 1630/1630
f 1630/1630 1982/1982 1983/1983
f 1630/1630 1983/1983 1631/1631
f 1631/1631 1983/1983 1984/1984
f 1631/1631 1984/1984 1632/1632
f 1632/1632 1984/1984 1985/1985
f 1632/1632 1985/1985 1635/1635
f 1635/1635 1985/1985 1986/1986
f 1635/1635 1986/1986 1639/1639
f 1638/1638 1642/1642 1987/1987
f 1638/1638 1987/1987 1988/1988
f 1639/1639 1986/1986 1989/1989
f 1639/1639 1989/1989 1643/1643
f 1643/1643 1990/1990 1991/1991
f 1643/1643 1991/1991 1642/1642
f 1642/1642 1991/1991 1992/1992
f 1642/1642 1992/1992 1987/1987
f 1643/1643 1989/1989 1993/1993
f 1643/1643 1993/1993 1990/1990
f 1990/1990 1993/1993 1992/1992
f 1990/1990 1992/1992 1991/1991
f 1994/1994 1995/1995 1996/1996
f 1994/1994 1996/1996 1997/1997
f 1997/1997 1996/1996 1998/1998
f 1997/1997 1998/1998 1999/1999
f 1994/1994 1997/1997 1999/1999
f 1994/1994 1999/1999 2000/2000
f 1995/1995 1650/1650 1649/1649
f 1995/1995 1649/1649 1996/1996
f 1996/1996 1649/1649 2001/2001
f 1996/1996 2001/2001 1998/1998
f 1649/1649 1648/1648 2002/2002
f 1649/1649 2002/2002 2001/2001
f 1648/1648 1653/1653 2003/2003
f 1648/1648 2003/2003 2002/2002
f 1653/1653 1656/1656 2004/2004
f 1653/1653 2004/2004 2003/2003
f 1656/1656 1659/1659 2005/2005
f 1656/1656 2005/2005 2004/2004
f 1660/1660 2006/2006 2007/2007
f 1660/1660 2007/2007 1659/1659
f 1659/1659 2007/2007 2008/2008
f 1659/1659 2008/2008 2005/2005
f 2006/2006 2009/2009 2010/2010
f 2006/2006 2010/2010 2007/2007
f 2007/2007 2010/2010 2011/2011
f 2007/2007 2011/2011 2008/2008
f 2009/2009 2012/2012 2011/2011
f 2009/2009 2011/2011 2010/2010
f 1664/1664 1663/1663 2013/2013
f 1664/1664 2013/2013 2014/2014
f 1665/1665 2015/2015 2016/2016
f 1665/1665 2016/2016 1666/1666
f 1665/1665 1664/1664 2014/2014
f 1665/1665 2014/2014 2015/2015
f 1663/1663 1667/1667 2017/2017
f 1663/1663 2017/2017 2013/2013
f 1666/1666 2016/2016 2018/2018
f 1666/1666 2018/2018 1668/1668
f 1668/1668 2018/2018 2019/2019
f 1668/1668 2019/2019 1670/1670
f 1670/1670 2019/2019 2020/2020
f 1670/1670 2020/2020 1671/1671
f 1671/1671 2020/2020 2021/2021
f 1671/1671 2021/2021 1672/1672
f 1672/1672 2021/2021 2022/2022
f 1672/1672 2022/2022 1673/1673
f 1673/1673 2022/2022 2023/2023
f 1673/1673 2023/2023 1674/1674
f 1674/1674 2023/2023 2024/2024
f 1674/1674 2024/2024 1675/1675
f 1675/1675 2024/2024 2025/2025
f 1675/1675 2025/2025 1676/1676
f 1676/1676 2025/2025 2026/2026
f 1676/1676 2026/2026 1677/1677
f 1677/1677 2026/2026 2027/2027
f 1677/1677 2027/2027 1678/1678
f 1678/1678 2027/2027 2028/2028
f 1678/1678 2028/2028 1681/1681
f 1679/1679 1682/1682 2029/2029
f 1679/1679 2029/2029 2030/2030
f 1681/1681 2028/2028 2031/2031
f 1681/1681 2031/2031 1683/1683
f 1682/1682 1686/1686 2032/2032
f 1682/1682 2032/2032 2029/2029
f 1683/1683 2031/2031 2033/2033
f 1683/1683 2033/2033 1687/1687
f 1687/1687 2033/2033 2032/2032
f 1687/1687 2032/2032 1686/1686
f 2034/2034 1694/1694 1693/1693
f 2034/2034 1693/1693 2035/2035
f 2035/2035 1693/1693 2036/2036
f 2035/2035 2036/2036 2037/2037
f 2034/2034 2035/2035 2037/2037
f 2034/2034 2037/2037 2038/2038
f 1703/1703 2039/2039 2040/2040
f 1703/1703 2040/2040 1702/1702
f 1702/1702 2040/2040 2041/2041
f 1702/1702 2041/2041 2042/2042
f 2039/2039 2043/2043 2041/2041
f 2039/2039 2041/2041 2040/2040
f 2044/2044 2045/2045 2046/2046
f 2044/2044 2046/2046 2047/2047
f 2044/2044 2047/2047 2048/2048
f 2044/2044 2048/2048 2049/2049
f 2045/2045 1709/1709 1708/1708
f 2045/2045 1708/1708 2046/2046
f 1716/1716 2050/2050 2051/2051
f 1716/1716 2051/2051 1717/1717
f 2050/2050 2052/2052 2053/2053
f 2050/2050 2053/2053 2051/2051
f 2052/2052 2054/2054 2055/2055
f 2052/2052 2055/2055 2053/2053
f 2056/2056 1720/1720 1722/1722
f 2056/2056 1722/1722 2057/2057
f 2056/2056 2058/2058 2059/2059
f 2056/2056 2059/2059 1720/1720
f 2056/2056 2057/2057 2060/2060
f 2056/2056 2060/2060 2058/2058
f 1728/1728 2061/2061 2062/2062
f 1728/1728 2062/2062 1729/1729
f 1728/1728 2063/2063 2064/2064
f 1728/1728 2064/2064 2061/2061
f 2061/2061 2064/2064 2065/2065
f 2061/2061 2065/2065 2062/2062
f 1732/1732 2066/2066 2067/2067
f 1732/1732 2067/2067 1733/1733
f 1732/1732 1734/1734 2068/2068
f 1732/1732 2068/2068 2066/2066
f 1733/1733 2067/2067 2069/2069
f 1733/1733 2069/2069 1735/1735
f 1738/1738 2070/2070 2071/2071
f 1738/1738 2071/2071 1739/1739
f 1739/1739 2071/2071 2072/2072
f 1739/1739 2072/2072 1742/1742
f 1742/1742 2072/2072 2073/2073
f 1742/1742 2073/2073 1743/1743
f 1746/1746 2074/2074 2075/2075
f 1746/1746 2075/2075 1747/1747
f 1746/1746 1748/1748 2076/2076
f 1746/1746 2076/2076 2074/2074
f 1751/1751 2077/2077 2078/2078
f 1751/1751 2078/2078 1752/1752
f 1752/1752 2078/2078 2079/2079
f 1752/1752 2079/2079 1753/1753
f 1748/1748 1755/1755 2080/2080
f 1748/1748 2080/2080 2076/2076
f 1753/1753 2079/2079 2081/2081
f 1753/1753 2081/2081 1757/1757
f 1760/1760 2082/2082 2083/2083
f 1760/1760 2083/2083 1761/1761
f 1760/1760 1762/1762 2084/2084
f 1760/1760 2084/2084 2082/2082
f 1765/1765 2085/2085 2086/2086
f 1765/1765 2086/2086 1766/1766
f 1766/1766 2086/2086 2087/2087
f 1766/1766 2087/2087 1767/1767
f 1770/1770 1769/1769 2088/2088
f 1770/1770 2088/2088 2089/2089
f 1762/1762 1770/1770 2089/2089
f 1762/1762 2089/2089 2084/2084
f 1773/1773 1772/1772 2090/2090
f 1773/1773 2090/2090 2091/2091
f 1767/1767 2087/2087 2090/2090
f 1767/1767 2090/2090 1772/1772
f 1776/1776 1775/1775 2092/2092
f 1776/1776 2092/2092 2093/2093
f 1779/1779 2094/2094 2095/2095
f 1779/1779 2095/2095 1777/1777
f 2096/2096 1781/1781 1780/1780
f 2096/2096 1780/1780 2097/2097
f 2097/2097 1780/1780 2098/2098
f 2097/2097 2098/2098 2099/2099
f 2096/2096 2097/2097 2099/2099
f 2096/2096 2099/2099 2100/2100
f 1782/1782 2101/2101 2102/2102
f 1782/1782 2102/2102 1783/1783
f 1783/1783 2102/2102 2103/2103
f 1783/1783 2103/2103 2104/2104
f 2101/2101 2105/2105 2103/2103
f 2101/2101 2103/2103 2102/2102
f 1787/1787 1786/1786 2106/2106
f 1787/1787 2106/2106 2107/2107
f 1788/1788 1787/1787 2107/2107
f 1788/1788 2107/2107 2108/2108
f 1792/1792 1791/1791 2109/2109
f 1792/1792 2109/2109 2110/2110
f 1793/1793 2111/2111 2109/2109
f 1793/1793 2109/2109 1791/1791
f 1796/1796 1795/1795 2112/2112
f 1796/1796 2112/2112 2113/2113
f 1799/1799 2114/2114 2115/2115
f 1799/1799 2115/2115 1797/1797
f 2116/2116 1801/1801 1800/1800
f 2116/2116 1800/1800 2117/2117
f 2116/2116 2117/2117 2118/2118
f 2116/2116 2118/2118 2119/2119
f 1802/1802 2120/2120 2121/2121
f 1802/1802 2121/2121 1803/1803
f 2120/2120 2122/2122 2123/2123
f 2120/2120 2123/2123 2121/2121
f 2117/2117 1800/1800 1804/1804
f 2117/2117 1804/1804 2124/2124
f 2124/2124 1804/1804 2125/2125
f 2124/2124 2125/2125 2126/2126
f 2117/2117 2124/2124 2126/2126
f 2117/2117 2126/2126 2118/2118
f 1803/1803 2121/2121 2127/2127
f 1803/1803 2127/2127 1805/1805
f 1805/1805 2127/2127 2128/2128
f 1805/1805 2128/2128 2129/2129
f 2121/2121 2123/2123 2128/2128
f 2121/2121 2128/2128 2127/2127
f 1804/1804 1807/1807 2130/2130
f 1804/1804 2130/2130 2125/2125
f 1805/1805 2129/2129 2131/2131
f 1805/1805 2131/2131 1809/1809
f 1811/1811 1810/1810 2132/2132
f 1811/1811 2132/2132 2133/2133
f 1812/1812 2134/2134 2135/2135
f 1812/1812 2135/2135 1813/1813
f 1812/1812 1811/1811 2133/2133
f 1812/1812 2133/2133 2134/2134
f 1810/1810 1814/1814 2136/2136
f 1810/1810 2136/2136 2132/2132
f 1813/1813 2135/2135 2137/2137
f 1813/1813 2137/2137 1815/1815
f 1814/1814 1816/1816 2138/2138
f 1814/1814 2138/2138 2136/2136
f 1815/1815 2137/2137 2139/2139
f 1815/1815 2139/2139 1817/1817
f 1819/1819 1821/1821 2140/2140
f 1819/1819 2140/2140 2141/2141
f 1822/1822 2142/2142 2143/2143
f 1822/1822 2143/2143 1823/1823
f 1821/1821 1824/1824 2144/2144
f 1821/1821 2144/2144 2140/2140
f 1823/1823 2143/2143 2145/2145
f 1823/1823 2145/2145 1825/1825
f 1824/1824 1826/1826 2146/2146
f 1824/1824 2146/2146 2144/2144
f 1825/1825 2145/2145 2147/2147
f 1825/1825 2147/2147 1827/1827
f 1827/1827 2147/2147 2146/2146
f 1827/1827 2146/2146 1826/1826
f 2148/2148 1831/1831 1830/1830
f 2148/2148 1830/1830 2149/2149
f 2148/2148 2149/2149 2150/2150
f 2148/2148 2150/2150 2151/2151
f 1834/1834 2152/2152 2153/2153
f 1834/1834 2153/2153 1835/1835
f 2152/2152 2154/2154 2155/2155
f 2152/2152 2155/2155 2153/2153
f 1839/1839 1838/1838 2156/2156
f 1839/1839 2156/2156 2157/2157
f 1840/1840 2158/2158 2159/2159
f 1840/1840 2159/2159 1841/1841
f 1840/1840 1839/1839 2157/2157
f 1840/1840 2157/2157 2158/2158
f 1838/1838 1842/1842 2160/2160
f 1838/1838 2160/2160 2156/2156
f 1841/1841 2159/2159 2161/2161
f 1841/1841 2161/2161 1843/1843
f 1842/1842 1844/1844 2162/2162
f 1842/1842 2162/2162 2160/2160
f 1843/1843 2161/2161 2163/2163
f 1843/1843 2163/2163 1845/1845
f 1844/1844 1846/1846 2164/2164
f 1844/1844 2164/2164 2162/2162
f 1845/1845 2163/2163 2165/2165
f 1845/1845 2165/2165 1847/1847
f 1846/1846 1848/1848 2166/2166
f 1846/1846 2166/2166 2164/2164
f 1847/1847 2165/2165 2167/2167
f 1847/1847 2167/2167 1849/1849
f 1848/1848 1850/1850 2168/2168
f 1848/1848 2168/2168 2166/2166
f 1849/1849 2167/2167 2169/2169
f 1849/1849 2169/2169 1851/1851
f 1850/1850 1852/1852 2170/2170
f 1850/1850 2170/2170 2168/2168
f 1852/1852 1854/1854 2171/2171
f 1852/1852 2171/2171 2170/2170
f 1854/1854 1855/1855 2172/2172
f 1854/1854 2172/2172 2171/2171
f 1855/1855 1856/1856 2173/2173
f 1855/1855 2173/2173 2172/2172
f 1856/1856 1857/1857 2174/2174
f 1856/1856 2174/2174 2173/2173
f 1857/1857 1858/1858 2175/2175
f 1857/1857 2175/2175 2174/2174
f 1858/1858 1859/1859 2176/2176
f 1858/1858 2176/2176 2175/2175
f 1859/1859 1860/1860 2177/2177
f 1859/1859 2177/2177 2176/2176
f 1860/1860 1861/1861 2178/2178
f 1860/1860 2178/2178 2177/2177
f 1861/1861 1862/1862 2179/2179
f 1861/1861 2179/2179 2178/2178
f 1862/1862 1865/1865 2180/2180
f 1862/1862 2180/2180 2179/2179
f 1864/1864 2181/2181 2182/2182
f 1864/1864 2182/2182 1866/1866
f 1865/1865 1867/1867 2183/2183
f 1865/1865 2183/2183 2180/2180
f 1866/1866 2182/2182 2184/2184
f 1866/1866 2184/2184 1868/1868
f 1867/1867 1869/1869 2185/2185
f 1867/1867 2185/2185 2183/2183
f 1868/1868 2184/2184 2186/2186
f 1868/1868 2186/2186 1870/1870
f 1869/1869 1871/1871 2187/2187
f 1869/1869 2187/2187 2185/2185
f 1870/1870 2186/2186 2188/2188
f 1870/1870 2188/2188 1872/1872
f 1871/1871 1873/1873 2189/2189
f 1871/1871 2189/2189 2187/2187
f 1872/1872 2188/2188 2190/2190
f 1872/1872 2190/2190 1874/1874
f 1873/1873 1877/1877 2191/2191
f 1873/1873 2191/2191 2189/2189
f 1874/1874 2190/2190 2192/2192
f 1874/1874 2192/2192 1878/1878
f 1878/1878 2192/2192 2191/2191
f 1878/1878 2191/2191 1877/1877
f 2193/2193 2194/2194 2195/2195
f 2193/2193 2195/2195 2196/2196
f 2193/2193 2197/2197 2198/2198
f 2193/2193 2198/2198 2194/2194
f 2193/2193 2196/2196 2199/2199
f 2193/2193 2199/2199 2197/2197
f 2194/2194 2200/2200 2201/2201
f 2194/2194 2201/2201 2195/2195
f 2194/2194 2198/2198 2202/2202
f 2194/2194 2202/2202 2200/2200
f 2200/2200 2203/2203 2204/2204
f 2200/2200 2204/2204 2201/2201
f 2200/2200 2202/2202 2205/2205
f 2200/2200 2205/2205 2203/2203
f 2203/2203 2206/2206 2207/2207
f 2203/2203 2207/2207 2204/2204
f 2203/2203 2205/2205 2208/2208
f 2203/2203 2208/2208 2206/2206
f 2206/2206 2208/2208 2209/2209
f 2206/2206 2209/2209 2207/2207
f 2210/2210 1881/1881 1883/1883
f 2210/2210 1883/1883 2211/2211
f 2210/2210 2212/2212 2213/2213
f 2210/2210 2213/2213 1881/1881
f 2210/2210 2211/2211 2214/2214
f 2210/2210 2214/2214 2212/2212
f 1881/1881 2213/2213 2215/2215
f 1881/1881 2215/2215 1882/1882
f 1882/1882 2215/2215 2216/2216
f 1882/1882 2216/2216 1884/1884
f 1884/1884 2216/2216 2217/2217
f 1884/1884 2217/2217 1885/1885
f 1889/1889 2218/2218 2219/2219
f 1889/1889 2219/2219 1890/1890
f 1890/1890 2219/2219 2220/2220
f 1890/1890 2220/2220 1891/1891
f 1891/1891 2220/2220 2221/2221
f 1891/1891 2221/2221 1894/1894
f 1894/1894 2222/2222 2223/2223
f 1894/1894 2223/2223 1895/1895
f 1894/1894 2221/2221 2224/2224
f 1894/1894 2224/2224 2222/2222
f 2222/2222 2224/2224 2225/2225
f 2222/2222 2225/2225 2223/2223
f 2226/2226 1897/1897 1896/1896
f 2226/2226 1896/1896 2227/2227
f 2226/2226 2227/2227 2228/2228
f 2226/2226 2228/2228 2229/2229
f 1898/1898 2230/2230 2231/2231
f 1898/1898 2231/2231 1899/1899
f 2230/2230 2232/2232 2233/2233
f 2230/2230 2233/2233 2231/2231
f 2234/2234 2235/2235 2236/2236
f 2234/2234 2236/2236 2237/2237
f 2238/2238 1901/1901 1900/1900
f 2238/2238 1900/1900 2239/2239
f 2238/2238 2239/2239 2235/2235
f 2238/2238 2235/2235 2234/2234
f 2240/2240 2241/2241 2242/2242
f 2240/2240 2242/2242 2243/2243
f 1902/1902 2244/2244 2245/2245
f 1902/1902 2245/2245 1903/1903
f 2244/2244 2243/2243 2242/2242
f 2244/2244 2242/2242 2245/2245
f 1905/1905 1904/1904 2246/2246
f 1905/1905 2246/2246 2247/2247
f 1906/1906 2248/2248 2249/2249
f 1906/1906 2249/2249 1907/1907
f 1906/1906 1905/1905 2247/2247
f 1906/1906 2247/2247 2248/2248
f 1904/1904 1908/1908 2250/2250
f 1904/1904 2250/2250 2246/2246
f 1907/1907 2249/2249 2251/2251
f 1907/1907 2251/2251 1909/1909
f 1908/1908 1910/1910 2252/2252
f 1908/1908 2252/2252 2250/2250
f 1909/1909 2251/2251 2253/2253
f 1909/1909 2253/2253 1911/1911
f 1910/1910 1912/1912 2254/2254
f 1910/1910 2254/2254 2252/2252
f 1911/1911 2253/2253 2255/2255
f 1911/1911 2255/2255 1913/1913
f 1912/1912 1914/1914 2256/2256
f 1912/1912 2256/2256 2254/2254
f 1914/1914 1916/1916 2257/2257
f 1914/1914 2257/2257 2256/2256
f 1916/1916 1917/1917 2258/2258
f 1916/1916 2258/2258 2257/2257
f 1917/1917 2259/2259 2260/2260
f 1917/1917 2260/2260 2258/2258
f 2261/2261 1919/1919 2262/2262
f 2261/2261 2262/2262 2263/2263
f 1919/1919 1918/1918 2264/2264
f 1919/1919 2264/2264 2262/2262
f 1918/1918 1920/1920 2265/2265
f 1918/1918 2265/2265 2264/2264
f 1920/1920 1921/1921 2266/2266
f 1920/1920 2266/2266 2265/2265
f 1921/1921 1924/1924 2267/2267
f 1921/1921 2267/2267 2266/2266
f 1923/1923 2268/2268 2269/2269
f 1923/1923 2269/2269 1925/1925
f 1924/1924 1926/1926 2270/2270
f 1924/1924 2270/2270 2267/2267
f 1925/1925 2269/2269 2271/2271
f 1925/1925 2271/2271 1927/1927
f 1926/1926 1928/1928 2272/2272
f 1926/1926 2272/2272 2270/2270
f 1927/1927 2271/2271 2273/2273
f 1927/1927 2273/2273 1929/1929
f 1928/1928 1930/1930 2274/2274
f 1928/1928 2274/2274 2272/2272
f 1929/1929 2273/2273 2275/2275
f 1929/1929 2275/2275 1931/1931
f 1931/1931 2275/2275 2274/2274
f 1931/1931 2274/2274 1930/1930
f 2276/2276 2277/2277 2278/2278
f 2276/2276 2278/2278 2279/2279
f 1935/1935 1934/1934 2277/2277
f 1935/1935 2277/2277 2276/2276
f 2279/2279 2278/2278 2280/2280
f 2279/2279 2280/2280 2281/2281
f 2281/2281 2280/2280 2282/2282
f 2281/2281 2282/2282 2283/2283
f 2283/2283 2282/2282 2284/2284
f 2283/2283 2284/2284 2285/2285
f 1936/1936 2285/2285 2284/2284
f 1936/1936 2284/2284 1937/1937
f 2286/2286 2287/2287 2288/2288
f 2286/2286 2288/2288 2289/2289
f 1940/1940 2286/2286 2289/2289
f 1940/1940 2289/2289 1941/1941
f 1940/1940 1942/1942 2287/2287
f 1940/1940 2287/2287 2286/2286
f 1941/1941 2289/2289 2290/2290
f 1941/1941 2290/2290 2291/2291
f 2292/2292 2293/2293 2294/2294
f 2292/2292 2294/2294 1943/1943
f 2294/2294 2295/2295 2296/2296
f 2294/2294 2296/2296 2297/2297
f 1943/1943 2294/2294 2297/2297
f 1943/1943 2297/2297 1944/1944
f 1944/1944 2297/2297 2296/2296
f 1944/1944 2296/2296 1945/1945
f 2298/2298 2299/2299 2300/2300
f 2298/2298 2300/2300 2301/2301
f 2302/2302 1948/1948 1947/1947
f 2302/2302 1947/1947 2303/2303
f 2303/2303 1947/1947 2300/2300
f 2303/2303 2300/2300 2299/2299
f 2302/2302 2298/2298 2301/2301
f 2302/2302 2301/2301 1948/1948
f 2302/2302 2303/2303 2299/2299
f 2302/2302 2299/2299 2298/2298
f 1947/1947 1946/1946 2304/2304
f 1947/1947 2304/2304 2300/2300
f 1950/1950 1952/1952 2305/2305
f 1950/1950 2305/2305 2306/2306
f 2307/2307 2305/2305 2308/2308
f 2307/2307 2308/2308 2309/2309
f 1953/1953 2310/2310 2311/2311
f 1953/1953 2311/2311 1952/1952
f 1952/1952 2311/2311 2308/2308
f 1952/1952 2308/2308 2305/2305
f 1953/1953 2307/2307 2309/2309
f 1953/1953 2309/2309 2310/2310
f 2310/2310 2309/2309 2308/2308
f 2310/2310 2308/2308 2311/2311
f 2312/2312 1960/1960 1959/1959
f 2312/2312 1959/1959 2313/2313
f 2313/2313 1959/1959 2314/2314
f 2313/2313 2314/2314 2315/2315
f 2312/2312 2313/2313 2315/2315
f 2312/2312 2315/2315 2316/2316
f 1959/1959 1958/1958 2317/2317
f 1959/1959 2317/2317 2314/2314
f 1958/1958 1963/1963 2318/2318
f 1958/1958 2318/2318 2317/2317
f 1963/1963 1966/1966 2319/2319
f 1963/1963 2319/2319 2318/2318
f 1966/1966 1969/1969 2320/2320
f 1966/1966 2320/2320 2319/2319
f 1970/1970 2321/2321 2322/2322
f 1970/1970 2322/2322 1969/1969
f 1969/1969 2322/2322 2323/2323
f 1969/1969 2323/2323 2320/2320
f 2321/2321 2324/2324 2323/2323
f 2321/2321 2323/2323 2322/2322
f 1974/1974 1973/1973 2325/2325
f 1974/1974 2325/2325 2326/2326
f 1975/1975 2327/2327 2328/2328
f 1975/1975 2328/2328 1976/1976
f 1975/1975 1974/1974 2326/2326
f 1975/1975 2326/2326 2327/2327
f 1976/1976 2328/2328 2329/2329
f 1976/1976 2329/2329 1978/1978
f 1978/1978 2329/2329 2330/2330
f 1978/1978 2330/2330 1979/1979
f 1979/1979 2330/2330 2331/2331
f 1979/1979 2331/2331 1980/1980
f 1980/1980 2331/2331 2332/2332
f 1980/1980 2332/2332 1981/1981
f 1981/1981 2332/2332 2333/2333
f 1981/1981 2333/2333 1982/1982
f 1982/1982 2333/2333 2334/2334
f 1982/1982 2334/2334 1983/1983
f 1983/1983 2334/2334 2335/2335
f 1983/1983 2335/2335 1984/1984
f 1984/1984 2335/2335 2336/2336
f 1984/1984 2336/2336 1985/1985
f 1985/1985 2336/2336 2337/2337
f 1985/1985 2337/2337 1986/1986
f 1986/1986 2337/2337 2338/2338
f 1986/1986 2338/2338 1989/1989
f 1987/1987 1992/1992 2339/2339
f 1987/1987 2339/2339 2340/2340
f 1989/1989 2338/2338 2341/2341
f 1989/1989 2341/2341 1993/1993
f 1993/1993 2341/2341 2339/2339
f 1993/1993 2339/2339 1992/1992
f 2342/2342 2000/2000 1999/1999
f 2342/2342 1999/1999 2343/2343
f 2343/2343 1999/1999 2344/2344
f 2343/2343 2344/2344 2345/2345
f 2342/2342 2343/2343 2345/2345
f 2342/2342 2345/2345 2346/2346
f 1999/1999 1998/1998 2347/2347
f 1999/1999 2347/2347 2344/2344
f 1998/1998 2001/2001 2348/2348
f 1998/1998 2348/2348 2347/2347
f 2001/2001 2002/2002 2349/2349
f 2001/2001 2349/2349 2348/2348
f 2002/2002 2003/2003 2350/2350
f 2002/2002 2350/2350 2349/2349
f 2003/2003 2004/2004 2351/2351
f 2003/2003 2351/2351 2350/2350
f 2004/2004 2005/2005 2352/2352
f 2004/2004 2352/2352 2351/2351
f 2005/2005 2008/2008 2353/2353
f 2005/2005 2353/2353 2352/2352
f 2008/2008 2011/2011 2354/2354
f 2008/2008 2354/2354 2353/2353
f 2012/2012 2355/2355 2356/2356
f 2012/2012 2356/2356 2011/2011
f 2011/2011 2356/2356 2357/2357
f 2011/2011 2357/2357 2354/2354
f 2355/2355 2358/2358 2357/2357
f 2355/2355 2357/2357 2356/2356
f 2359/2359 2015/2015 2014/2014
f 2359/2359 2014/2014 2360/2360
f 2360/2360 2014/2014 2361/2361
f 2360/2360 2361/2361 2362/2362
f 2359/2359 2363/2363 2364/2364
f 2359/2359 2364/2364 2015/2015
f 2359/2359 2360/2360 2362/2362
f 2359/2359 2362/2362 2363/2363
f 2014/2014 2013/2013 2365/2365
f 2014/2014 2365/2365 2361/2361
f 2015/2015 2364/2364 2366/2366
f 2015/2015 2366/2366 2016/2016
f 2013/2013 2017/2017 2367/2367
f 2013/2013 2367/2367 2365/2365
f 2016/2016 2366/2366 2368/2368
f 2016/2016 2368/2368 2018/2018
f 2018/2018 2368/2368 2369/2369
f 2018/2018 2369/2369 2019/2019
f 2019/2019 2369/2369 2370/2370
f 2019/2019 2370/2370 2020/2020
f 2020/2020 2370/2370 2371/2371
f 2020/2020 2371/2371 2021/2021
f 2021/2021 2371/2371 2372/2372
f 2021/2021 2372/2372 2022/2022
f 2022/2022 2372/2372 2373/2373
f 2022/2022 2373/2373 2023/2023
f 2023/2023 2373/2373 2374/2374
f 2023/2023 2374/2374 2024/2024
f 2024/2024 2374/2374 2375/2375
f 2024/2024 2375/2375 2025/2025
f 2025/2025 2375/2375 2376/2376
f 2025/2025 2376/2376 2026/2026
f 2026/2026 2376/2376 2377/2377
f 2026/2026 2377/2377 2027/2027
f 2027/2027 2377/2377 2378/2378
f 2027/2027 2378/2378 2028/2028
f 2030/2030 2029/2029 2379/2379
f 2030/2030 2379/2379 2380/2380
f 2028/2028 2378/2378 2381/2381
f 2028/2028 2381/2381 2031/2031
f 2029/2029 2032/2032 2382/2382
f 2029/2029 2382/2382 2379/2379
f 2031/2031 2381/2381 2383/2383
f 2031/2031 2383/2383 2033/2033
f 2033/2033 2384/2384 2385/2385
f 2033/2033 2385/2385 2032/2032
f 2032/2032 2385/2385 2386/2386
f 2032/2032 2386/2386 2382/2382
f 2033/2033 2383/2383 2387/2387
f 2033/2033 2387/2387 2384/2384
f 2384/2384 2387/2387 2386/2386
f 2384/2384 2386/2386 2385/2385
f 2037/2037 2036/2036 2388/2388
f 2037/2037 2388/2388 2389/2389
f 2038/2038 2037/2037 2389/2389
f 2038/2038 2389/2389 2390/2390
f 2042/2042 2041/2041 2391/2391
f 2042/2042 2391/2391 2392/2392
f 2043/2043 2393/2393 2391/2391
f 2043/2043 2391/2391 2041/2041
f 2049/2049 2048/2048 2394/2394
f 2049/2049 2394/2394 2395/2395
f 2054/2054 2396/2396 2397/2397
f 2054/2054 2397/2397 2055/2055
f 2398/2398 2058/2058 2060/2060
f 2398/2398 2060/2060 2399/2399
f 2398/2398 2400/2400 2401/2401
f 2398/2398 2401/2401 2058/2058
f 2398/2398 2399/2399 2402/2402
f 2398/2398 2402/2402 2400/2400
f 2058/2058 2401/2401 2403/2403
f 2058/2058 2403/2403 2059/2059
f 2063/2063 2404/2404 2405/2405
f 2063/2063 2405/2405 2064/2064
f 2064/2064 2406/2406 2407/2407
f 2064/2064 2407/2407 2065/2065
f 2064/2064 2405/2405 2408/2408
f 2064/2064 2408/2408 2406/2406
f 2406/2406 2408/2408 2409/2409
f 2406/2406 2409/2409 2407/2407
f 2410/2410 2066/2066 2068/2068
f 2410/2410 2068/2068 2411/2411
f 2410/2410 2412/2412 2413/2413
f 2410/2410 2413/2413 2066/2066
f 2410/2410 2411/2411 2414/2414
f 2410/2410 2414/2414 2412/2412
f 2066/2066 2413/2413 2415/2415
f 2066/2066 2415/2415 2067/2067
f 2071/2071 2416/2416 2417/2417
f 2071/2071 2417/2417 2072/2072
f 2072/2072 2418/2418 2419/2419
f 2072/2072 2419/2419 2073/2073
f 2072/2072 2417/2417 2420/2420
f 2072/2072 2420/2420 2418/2418
f 2418/2418 2420/2420 2421/2421
f 2418/2418 2421/2421 2419/2419
f 2422/2422 2074/2074 2076/2076
f 2422/2422 2076/2076 2423/2423
f 2422/2422 2424/2424 2425/2425
f 2422/2422 2425/2425 2074/2074
f 2422/2422 2423/2423 2426/2426
f 2422/2422 2426/2426 2424/2424
f 2078/2078 2427/2427 2428/2428
f 2078/2078 2428/2428 2079/2079
f 2078/2078 2429/2429 2430/2430
f 2078/2078 2430/2430 2427/2427
f 2427/2427 2430/2430 2431/2431
f 2427/2427 2431/2431 2428/2428
f 2423/2423 2076/2076 2080/2080
f 2423/2423 2080/2080 2432/2432
f 2423/2423 2432/2432 2433/2433
f 2423/2423 2433/2433 2426/2426
f 2079/2079 2428/2428 2434/2434
f 2079/2079 2434/2434 2081/2081
f 2428/2428 2431/2431 2435/2435
f 2428/2428 2435/2435 2434/2434
f 2082/2082 2084/2084 2436/2436
f 2082/2082 2436/2436 2437/2437
f 2086/2086 2438/2438 2439/2439
f 2086/2086 2439/2439 2087/2087
f 2089/2089 2088/2088 2440/2440
f 2089/2089 2440/2440 2441/2441
f 2084/2084 2089/2089 2441/2441
f 2084/2084 2441/2441 2436/2436
f 2091/2091 2090/2090 2442/2442
f 2091/2091 2442/2442 2443/2443
f 2087/2087 2439/2439 2442/2442
f 2087/2087 2442/2442 2090/2090
f 2093/2093 2092/2092 2444/2444
f 2093/2093 2444/2444 2445/2445
f 2094/2094 2446/2446 2447/2447
f 2094/2094 2447/2447 2095/2095
f 2099/2099 2098/2098 2448/2448
f 2099/2099 2448/2448 2449/2449
f 2100/2100 2099/2099 2449/2449
f 2100/2100 2449/2449 2450/2450
f 2104/2104 2103/2103 2451/2451
f 2104/2104 2451/2451 2452/2452
f 2105/2105 2453/2453 2451/2451
f 2105/2105 2451/2451 2103/2103
f 2108/2108 2107/2107 2454/2454
f 2108/2108 2454/2454 2455/2455
f 2111/2111 2456/2456 2457/2457
f 2111/2111 2457/2457 2109/2109
f 2458/2458 2459/2459 2460/2460
f 2458/2458 2460/2460 2461/2461
f 2462/2462 2113/2113 2112/2112
f 2462/2462 2112/2112 2463/2463
f 2463/2463 2112/2112 2460/2460
f 2463/2463 2460/2460 2459/2459
f 2462/2462 2463/2463 2459/2459
f 2462/2462 2459/2459 2458/2458
f 2464/2464 2465/2465 2466/2466
f 2464/2464 2466/2466 2467/2467
f 2114/2114 2468/2468 2469/2469
f 2114/2114 2469/2469 2115/2115
f 2115/2115 2469/2469 2466/2466
f 2115/2115 2466/2466 2465/2465
f 2468/2468 2467/2467 2466/2466
f 2468/2468 2466/2466 2469/2469
f 2119/2119 2118/2118 2470/2470
f 2119/2119 2470/2470 2471/2471
f 2122/2122 2472/2472 2473/2473
f 2122/2122 2473/2473 2123/2123
f 2118/2118 2126/2126 2474/2474
f 2118/2118 2474/2474 2470/2470
f 2123/2123 2473/2473 2475/2475
f 2123/2123 2475/2475 2128/2128
f 2126/2126 2125/2125 2130/2130
f 2126/2126 2130/2130 2476/2476
f 2126/2126 2476/2476 2477/2477
f 2126/2126 2477/2477 2474/2474
f 2129/2129 2128/2128 2478/2478
f 2129/2129 2478/2478 2131/2131
f 2128/2128 2475/2475 2479/2479
f 2128/2128 2479/2479 2478/2478
f 2480/2480 2134/2134 2133/2133
f 2480/2480 2133/2133 2481/2481
f 2481/2481 2133/2133 2482/2482
f 2481/2481 2482/2482 2483/2483
f 2480/2480 2484/2484 2485/2485
f 2480/2480 2485/2485 2134/2134
f 2480/2480 2481/2481 2483/2483
f 2480/2480 2483/2483 2484/2484
f 2133/2133 2132/2132 2486/2486
f 2133/2133 2486/2486 2482/2482
f 2134/2134 2485/2485 2487/2487
f 2134/2134 2487/2487 2135/2135
f 2132/2132 2136/2136 2488/2488
f 2132/2132 2488/2488 2486/2486
f 2135/2135 2487/2487 2489/2489
f 2135/2135 2489/2489 2137/2137
f 2140/2140 2144/2144 2490/2490
f 2140/2140 2490/2490 2491/2491
f 2143/2143 2492/2492 2493/2493
f 2143/2143 2493/2493 2145/2145
f 2144/2144 2146/2146 2494/2494
f 2144/2144 2494/2494 2490/2490
f 2145/2145 2493/2493 2495/2495
f 2145/2145 2495/2495 2147/2147
f 2147/2147 2496/2496 2497/2497
f 2147/2147 2497/2497 2146/2146
f 2146/2146 2497/2497 2498/2498
f 2146/2146 2498/2498 2494/2494
f 2147/2147 2495/2495 2499/2499
f 2147/2147 2499/2499 2496/2496
f 2496/2496 2499/2499 2498/2498
f 2496/2496 2498/2498 2497/2497
f 2500/2500 2151/2151 2150/2150
f 2500/2500 2150/2150 2501/2501
f 2500/2500 2501/2501 2502/2502
f 2500/2500 2502/2502 2503/2503
f 2154/2154 2504/2504 2505/2505
f 2154/2154 2505/2505 2155/2155
f 2504/2504 2506/2506 2507/2507
f 2504/2504 2507/2507 2505/2505
f 2508/2508 2158/2158 2157/2157
f 2508/2508 2157/2157 2509/2509
f 2509/2509 2157/2157 2510/2510
f 2509/2509 2510/2510 2511/2511
f 2508/2508 2512/2512 2513/2513
f 2508/2508 2513/2513 2158/2158
f 2508/2508 2509/2509 2511/2511
f 2508/2508 2511/2511 2512/2512
f 2157/2157 2156/2156 2514/2514
f 2157/2157 2514/2514 2510/2510
f 2158/2158 2513/2513 2515/2515
f 2158/2158 2515/2515 2159/2159
f 2156/2156 2160/2160 2516/2516
f 2156/2156 2516/2516 2514/2514
f 2159/2159 2515/2515 2517/2517
f 2159/2159 2517/2517 2161/2161
f 2160/2160 2162/2162 2518/2518
f 2160/2160 2518/2518 2516/2516
f 2161/2161 2517/2517 2519/2519
f 2161/2161 2519/2519 2163/2163
f 2162/2162 2164/2164 2520/2520
f 2162/2162 2520/2520 2518/2518
f 2163/2163 2519/2519 2521/2521
f 2163/2163 2521/2521 2165/2165
f 2164/2164 2166/2166 2522/2522
f 2164/2164 2522/2522 2520/2520
f 2165/2165 2521/2521 2523/2523
f 2165/2165 2523/2523 2167/2167
f 2166/2166 2168/2168 2524/2524
f 2166/2166 2524/2524 2522/2522
f 2168/2168 2170/2170 2525/2525
f 2168/2168 2525/2525 2524/2524
f 2170/2170 2171/2171 2526/2526
f 2170/2170 2526/2526 2525/2525
f 2171/2171 2172/2172 2527/2527
f 2171/2171 2527/2527 2526/2526
f 2176/2176 2177/2177 2528/2528
f 2176/2176 2528/2528 2529/2529
f 2177/2177 2178/2178 2530/2530
f 2177/2177 2530/2530 2528/2528
f 2178/2178 2179/2179 2531/2531
f 2178/2178 2531/2531 2530/2530
f 2179/2179 2180/2180 2532/2532
f 2179/2179 2532/2532 2531/2531
f 2180/2180 2183/2183 2533/2533
f 2180/2180 2533/2533 2532/2532
f 2182/2182 2534/2534 2535/2535
f 2182/2182 2535/2535 2184/2184
f 2183/2183 2185/2185 2536/2536
f 2183/2183 2536/2536 2533/2533
f 2184/2184 2535/2535 2537/2537
f 2184/2184 2537/2537 2186/2186
f 2185/2185 2187/2187 2538/2538
f 2185/2185 2538/2538 2536/2536
f 2186/2186 2537/2537 2539/2539
f 2186/2186 2539/2539 2188/2188
f 2187/2187 2189/2189 2540/2540
f 2187/2187 2540/2540 2538/2538
f 2188/2188 2539/2539 2541/2541
f 2188/2188 2541/2541 2190/2190
f 2189/2189 2191/2191 2542/2542
f 2189/2189 2542/2542 2540/2540
f 2190/2190 2541/2541 2543/2543
f 2190/2190 2543/2543 2192/2192
f 2192/2192 2544/2544 2545/2545
f 2192/2192 2545/2545 2191/2191
f 2191/2191 2545/2545 2546/2546
f 2191/2191 2546/2546 2542/2542
f 2192/2192 2543/2543 2547/2547
f 2192/2192 2547/2547 2544/2544
f 2544/2544 2547/2547 2546/2546
f 2544/2544 2546/2546 2545/2545
f 2548/2548 2549/2549 2550/2550
f 2548/2548 2550/2550 2551/2551
f 2548/2548 2551/2551 2552/2552
f 2548/2548 2552/2552 2553/2553
f 2549/2549 2554/2554 2555/2555
f 2549/2549 2555/2555 2550/2550
f 2554/2554 2556/2556 2557/2557
f 2554/2554 2557/2557 2555/2555
f 2556/2556 2558/2558 2559/2559
f 2556/2556 2559/2559 2557/2557
f 2558/2558 2560/2560 2561/2561
f 2558/2558 2561/2561 2559/2559
f 2551/2551 2550/2550 2198/2198
f 2551/2551 2198/2198 2197/2197
f 2551/2551 2197/2197 2562/2562
f 2551/2551 2562/2562 2552/2552
f 2550/2550 2555/2555 2202/2202
f 2550/2550 2202/2202 2198/2198
f 2555/2555 2557/2557 2205/2205
f 2555/2555 2205/2205 2202/2202
f 2557/2557 2559/2559 2208/2208
f 2557/2557 2208/2208 2205/2205
f 2559/2559 2561/2561 2563/2563
f 2559/2559 2563/2563 2208/2208
f 2564/2564 2565/2565 2566/2566
f 2564/2564 2566/2566 2567/2567
f 2564/2564 2568/2568 2569/2569
f 2564/2564 2569/2569 2565/2565
f 2564/2564 2567/2567 2570/2570
f 2564/2564 2570/2570 2568/2568
f 2565/2565 2197/2197 2199/2199
f 2565/2565 2199/2199 2566/2566
f 2565/2565 2569/2569 2562/2562
f 2565/2565 2562/2562 2197/2197
f 2208/2208 2571/2571 2572/2572
f 2208/2208 2572/2572 2209/2209
f 2208/2208 2563/2563 2573/2573
f 2208/2208 2573/2573 2571/2571
f 2571/2571 2574/2574 2575/2575
f 2571/2571 2575/2575 2572/2572
f 2571/2571 2573/2573 2576/2576
f 2571/2571 2576/2576 2574/2574
f 2574/2574 2576/2576 2577/2577
f 2574/2574 2577/2577 2575/2575
f 2212/2212 2578/2578 2579/2579
f 2212/2212 2579/2579 2213/2213
f 2212/2212 2214/2214 2580/2580
f 2212/2212 2580/2580 2578/2578
f 2213/2213 2579/2579 2581/2581
f 2213/2213 2581/2581 2215/2215
f 2220/2220 2582/2582 2583/2583
f 2220/2220 2583/2583 2221/2221
f 2221/2221 2583/2583 2584/2584
f 2221/2221 2584/2584 2224/2224
f 2224/2224 2584/2584 2585/2585
f 2224/2224 2585/2585 2225/2225
f 2228/2228 2586/2586 2587/2587
f 2228/2228 2587/2587 2588/2588
f 2229/2229 2228/2228 2588/2588
f 2229/2229 2588/2588 2589/2589
f 2590/2590 2233/2233 2591/2591
f 2590/2590 2591/2591 2592/2592
f 2232/2232 2593/2593 2591/2591
f 2232/2232 2591/2591 2233/2233
f 2237/2237 2236/2236 2594/2594
f 2237/2237 2594/2594 2595/2595
f 2240/2240 2596/2596 2597/2597
f 2240/2240 2597/2597 2241/2241
f 2247/2247 2246/2246 2598/2598
f 2247/2247 2598/2598 2599/2599
f 2248/2248 2600/2600 2601/2601
f 2248/2248 2601/2601 2249/2249
f 2248/2248 2247/2247 2599/2599
f 2248/2248 2599/2599 2600/2600
f 2246/2246 2250/2250 2602/2602
f 2246/2246 2602/2602 2598/2598
f 2249/2249 2601/2601 2603/2603
f 2249/2249 2603/2603 2251/2251
f 2250/2250 2252/2252 2604/2604
f 2250/2250 2604/2604 2602/2602
f 2251/2251 2603/2603 2605/2605
f 2251/2251 2605/2605 2253/2253
f 2252/2252 2254/2254 2606/2606
f 2252/2252 2606/2606 2604/2604
f 2253/2253 2605/2605 2607/2607
f 2253/2253 2607/2607 2255/2255
f 2254/2254 2256/2256 2608/2608
f 2254/2254 2608/2608 2606/2606
f 2255/2255 2607/2607 2609/2609
f 2255/2255 2609/2609 2610/2610
f 2256/2256 2257/2257 2611/2611
f 2256/2256 2611/2611 2608/2608
f 2257/2257 2258/2258 2612/2612
f 2257/2257 2612/2612 2611/2611
f 2258/2258 2260/2260 2613/2613
f 2258/2258 2613/2613 2612/2612
f 2260/2260 2614/2614 2615/2615
f 2260/2260 2615/2615 2613/2613
f 2614/2614 2616/2616 2617/2617
f 2614/2614 2617/2617 2615/2615
f 2616/2616 2618/2618 2619/2619
f 2616/2616 2619/2619 2617/2617
f 2618/2618 2263/2263 2620/2620
f 2618/2618 2620/2620 2619/2619
f 2263/2263 2262/2262 2621/2621
f 2263/2263 2621/2621 2620/2620
f 2262/2262 2264/2264 2622/2622
f 2262/2262 2622/2622 2621/2621
f 2264/2264 2265/2265 2623/2623
f 2264/2264 2623/2623 2622/2622
f 2265/2265 2266/2266 2624/2624
f 2265/2265 2624/2624 2623/2623
f 2625/2625 2626/2626 2627/2627
f 2625/2625 2627/2627 2268/2268
f 2266/2266 2267/2267 2628/2628
f 2266/2266 2628/2628 2624/2624
f 2268/2268 2627/2627 2629/2629
f 2268/2268 2629/2629 2269/2269
f 2267/2267 2270/2270 2630/2630
f 2267/2267 2630/2630 2628/2628
f 2269/2269 2629/2629 2631/2631
f 2269/2269 2631/2631 2271/2271
f 2270/2270 2272/2272 2632/2632
f 2270/2270 2632/2632 2630/2630
f 2271/2271 2631/2631 2633/2633
f 2271/2271 2633/2633 2273/2273
f 2272/2272 2274/2274 2634/2634
f 2272/2272 2634/2634 2632/2632
f 2273/2273 2633/2633 2635/2635
f 2273/2273 2635/2635 2275/2275
f 2275/2275 2635/2635 2634/2634
f 2275/2275 2634/2634 2274/2274
f 2636/2636 2637/2637 2638/2638
f 2636/2636 2638/2638 2639/2639
f 2289/2289 2636/2636 2639/2639
f 2289/2289 2639/2639 2290/2290
f 2289/2289 2288/2288 2637/2637
f 2289/2289 2637/2637 2636/2636
f 2290/2290 2639/2639 2640/2640
f 2290/2290 2640/2640 2641/2641
f 2641/2641 2640/2640 2642/2642
f 2641/2641 2642/2642 2643/2643
f 2643/2643 2642/2642 2644/2644
f 2643/2643 2644/2644 2645/2645
f 2645/2645 2644/2644 2646/2646
f 2645/2645 2646/2646 2293/2293
f 2646/2646 2647/2647 2648/2648
f 2646/2646 2648/2648 2649/2649
f 2293/2293 2646/2646 2649/2649
f 2293/2293 2649/2649 2294/2294
f 2294/2294 2649/2649 2648/2648
f 2294/2294 2648/2648 2295/2295
f 2300/2300 2304/2304 2650/2650
f 2300/2300 2650/2650 2651/2651
f 2301/2301 2652/2652 2653/2653
f 2301/2301 2653/2653 2654/2654
f 2301/2301 2300/2300 2651/2651
f 2301/2301 2651/2651 2652/2652
f 2306/2306 2305/2305 2655/2655
f 2306/2306 2655/2655 2656/2656
f 2657/2657 2658/2658 2659/2659
f 2657/2657 2659/2659 2307/2307
f 2307/2307 2659/2659 2655/2655
f 2307/2307 2655/2655 2305/2305
f 2315/2315 2314/2314 2660/2660
f 2315/2315 2660/2660 2661/2661
f 2316/2316 2315/2315 2661/2661
f 2316/2316 2661/2661 2662/2662
f 2320/2320 2323/2323 2663/2663
f 2320/2320 2663/2663 2664/2664
f 2324/2324 2665/2665 2663/2663
f 2324/2324 2663/2663 2323/2323
f 2314/2314 2317/2317 2666/2666
f 2314/2314 2666/2666 2667/2667
f 2314/2314 2667/2667 2668/2668
f 2314/2314 2668/2668 2660/2660
f 2317/2317 2318/2318 2669/2669
f 2317/2317 2669/2669 2666/2666
f 2318/2318 2319/2319 2670/2670
f 2318/2318 2670/2670 2669/2669
f 2319/2319 2320/2320 2671/2671
f 2319/2319 2671/2671 2670/2670
f 2320/2320 2664/2664 2672/2672
f 2320/2320 2672/2672 2671/2671
f 2673/2673 2327/2327 2326/2326
f 2673/2673 2326/2326 2674/2674
f 2674/2674 2326/2326 2675/2675
f 2674/2674 2675/2675 2676/2676
f 2673/2673 2677/2677 2678/2678
f 2673/2673 2678/2678 2327/2327
f 2673/2673 2674/2674 2676/2676
f 2673/2673 2676/2676 2677/2677
f 2326/2326 2325/2325 2679/2679
f 2326/2326 2679/2679 2675/2675
f 2327/2327 2678/2678 2680/2680
f 2327/2327 2680/2680 2328/2328
f 2328/2328 2680/2680 2681/2681
f 2328/2328 2681/2681 2329/2329
f 2329/2329 2681/2681 2682/2682
f 2329/2329 2682/2682 2330/2330
f 2330/2330 2682/2682 2683/2683
f 2330/2330 2683/2683 2331/2331
f 2335/2335 2684/2684 2685/2685
f 2335/2335 2685/2685 2336/2336
f 2336/2336 2685/2685 2686/2686
f 2336/2336 2686/2686 2337/2337
f 2337/2337 2686/2686 2687/2687
f 2337/2337 2687/2687 2338/2338
f 2340/2340 2339/2339 2688/2688
f 2340/2340 2688/2688 2689/2689
f 2338/2338 2687/2687 2690/2690
f 2338/2338 2690/2690 2341/2341
f 2341/2341 2691/2691 2692/2692
f 2341/2341 2692/2692 2339/2339
f 2339/2339 2692/2692 2693/2693
f 2339/2339 2693/2693 2688/2688
f 2341/2341 2690/2690 2694/2694
f 2341/2341 2694/2694 2691/2691
f 2691/2691 2694/2694 2693/2693
f 2691/2691 2693/2693 2692/2692
f 2345/2345 2344/2344 2695/2695
f 2345/2345 2695/2695 2696/2696
f 2346/2346 2345/2345 2696/2696
f 2346/2346 2696/2696 2697/2697
f 2344/2344 2347/2347 2698/2698
f 2344/2344 2698/2698 2695/2695
f 2347/2347 2348/2348 2699/2699
f 2347/2347 2699/2699 2698/2698
f 2348/2348 2349/2349 2700/2700
f 2348/2348 2700/2700 2699/2699
f 2349/2349 2350/2350 2701/2701
f 2349/2349 2701/2701 2700/2700
f 2350/2350 2351/2351 2702/2702
f 2350/2350 2702/2702 2701/2701
f 2351/2351 2352/2352 2703/2703
f 2351/2351 2703/2703 2702/2702
f 2352/2352 2353/2353 2704/2704
f 2352/2352 2704/2704 2703/2703
f 2353/2353 2354/2354 2705/2705
f 2353/2353 2705/2705 2704/2704
f 2354/2354 2357/2357 2706/2706
f 2354/2354 2706/2706 2705/2705
f 2358/2358 2707/2707 2706/2706
f 2358/2358 2706/2706 2357/2357
f 2362/2362 2361/2361 2708/2708
f 2362/2362 2708/2708 2709/2709
f 2363/2363 2710/2710 2711/2711
f 2363/2363 2711/2711 2364/2364
f 2363/2363 2362/2362 2709/2709
f 2363/2363 2709/2709 2710/2710
f 2361/2361 2365/2365 2712/2712
f 2361/2361 2712/2712 2708/2708
f 2364/2364 2711/2711 2713/2713
f 2364/2364 2713/2713 2366/2366
f 2366/2366 2713/2713 2714/2714
f 2366/2366 2714/2714 2368/2368
f 2368/2368 2714/2714 2715/2715
f 2368/2368 2715/2715 2369/2369
f 2369/2369 2715/2715 2716/2716
f 2369/2369 2716/2716 2370/2370
f 2370/2370 2716/2716 2717/2717
f 2370/2370 2717/2717 2371/2371
f 2371/2371 2717/2717 2718/2718
f 2371/2371 2718/2718 2372/2372
f 2372/2372 2718/2718 2719/2719
f 2372/2372 2719/2719 2373/2373
f 2373/2373 2719/2719 2720/2720
f 2373/2373 2720/2720 2374/2374
f 2374/2374 2720/2720 2721/2721
f 2374/2374 2721/2721 2375/2375
f 2375/2375 2721/2721 2722/2722
f 2375/2375 2722/2722 2376/2376
f 2376/2376 2722/2722 2723/2723
f 2376/2376 2723/2723 2377/2377
f 2377/2377 2723/2723 2724/2724
f 2377/2377 2724/2724 2378/2378
f 2378/2378 2724/2724 2725/2725
f 2378/2378 2725/2725 2381/2381
f 2379/2379 2382/2382 2726/2726
f 2379/2379 2726/2726 2727/2727
f 2381/2381 2725/2725 2728/2728
f 2381/2381 2728/2728 2383/2383
f 2382/2382 2386/2386 2729/2729
f 2382/2382 2729/2729 2726/2726
f 2383/2383 2728/2728 2730/2730
f 2383/2383 2730/2730 2387/2387
f 2387/2387 2730/2730 2729/2729
f 2387/2387 2729/2729 2386/2386
f 2731/2731 2390/2390 2389/2389
f 2731/2731 2389/2389 2732/2732
f 2732/2732 2389/2389 2733/2733
f 2732/2732 2733/2733 2734/2734
f 2731/2731 2732/2732 2734/2734
f 2731/2731 2734/2734 2735/2735
f 2393/2393 2736/2736 2737/2737
f 2393/2393 2737/2737 2391/2391
f 2391/2391 2737/2737 2738/2738
f 2391/2391 2738/2738 2739/2739
f 2736/2736 2740/2740 2738/2738
f 2736/2736 2738/2738 2737/2737
f 2741/2741 2395/2395 2394/2394
f 2741/2741 2394/2394 2742/2742
f 2741/2741 2742/2742 2743/2743
f 2741/2741 2743/2743 2744/2744
f 2396/2396 2745/2745 2746/2746
f 2396/2396 2746/2746 2397/2397
f 2745/2745 2747/2747 2748/2748
f 2745/2745 2748/2748 2746/2746
f 2400/2400 2749/2749 2750/2750
f 2400/2400 2750/2750 2401/2401
f 2400/2400 2402/2402 2751/2751
f 2400/2400 2751/2751 2749/2749
f 2405/2405 2752/2752 2753/2753
f 2405/2405 2753/2753 2408/2408
f 2408/2408 2753/2753 2754/2754
f 2408/2408 2754/2754 2409/2409
f 2412/2412 2755/2755 2756/2756
f 2412/2412 2756/2756 2413/2413
f 2412/2412 2414/2414 2757/2757
f 2412/2412 2757/2757 2755/2755
f 2413/2413 2756/2756 2758/2758
f 2413/2413 2758/2758 2415/2415
f 2416/2416 2759/2759 2760/2760
f 2416/2416 2760/2760 2417/2417
f 2417/2417 2760/2760 2761/2761
f 2417/2417 2761/2761 2420/2420
f 2420/2420 2761/2761 2762/2762
f 2420/2420 2762/2762 2421/2421
f 2424/2424 2763/2763 2764/2764
f 2424/2424 2764/2764 2425/2425
f 2424/2424 2426/2426 2765/2765
f 2424/2424 2765/2765 2763/2763
f 2429/2429 2766/2766 2767/2767
f 2429/2429 2767/2767 2430/2430
f 2430/2430 2767/2767 2768/2768
f 2430/2430 2768/2768 2431/2431
f 2426/2426 2433/2433 2769/2769
f 2426/2426 2769/2769 2765/2765
f 2431/2431 2768/2768 2770/2770
f 2431/2431 2770/2770 2435/2435
f 2437/2437 2436/2436 2771/2771
f 2437/2437 2771/2771 2772/2772
f 2438/2438 2773/2773 2774/2774
f 2438/2438 2774/2774 2439/2439
f 2436/2436 2441/2441 2775/2775
f 2436/2436 2775/2775 2771/2771
f 2439/2439 2774/2774 2776/2776
f 2439/2439 2776/2776 2442/2442
f 2777/2777 2778/2778 2779/2779
f 2777/2777 2779/2779 2780/2780
f 2781/2781 2445/2445 2444/2444
f 2781/2781 2444/2444 2782/2782
f 2782/2782 2444/2444 2779/2779
f 2782/2782 2779/2779 2778/2778
f 2781/2781 2782/2782 2778/2778
f 2781/2781 2778/2778 2777/2777
f 2783/2783 2784/2784 2785/2785
f 2783/2783 2785/2785 2786/2786
f 2446/2446 2787/2787 2788/2788
f 2446/2446 2788/2788 2447/2447
f 2447/2447 2788/2788 2785/2785
f 2447/2447 2785/2785 2784/2784
f 2787/2787 2786/2786 2785/2785
f 2787/2787 2785/2785 2788/2788
f 2450/2450 2449/2449 2789/2789
f 2450/2450 2789/2789 2790/2790
f 2453/2453 2791/2791 2792/2792
f 2453/2453 2792/2792 2451/2451
f 2793/2793 2794/2794 2795/2795
f 2793/2793 2795/2795 2796/2796
f 2797/2797 2455/2455 2454/2454
f 2797/2797 2454/2454 2798/2798
f 2798/2798 2454/2454 2795/2795
f 2798/2798 2795/2795 2794/2794
f 2797/2797 2798/2798 2794/2794
f 2797/2797 2794/2794 2793/2793
f 2454/2454 2799/2799 2800/2800
f 2454/2454 2800/2800 2795/2795
f 2801/2801 2457/2457 2802/2802
f 2801/2801 2802/2802 2803/2803
f 2804/2804 2802/2802 2805/2805
f 2804/2804 2805/2805 2806/2806
f 2456/2456 2807/2807 2808/2808
f 2456/2456 2808/2808 2457/2457
f 2457/2457 2808/2808 2805/2805
f 2457/2457 2805/2805 2802/2802
f 2807/2807 2806/2806 2805/2805
f 2807/2807 2805/2805 2808/2808
f 2461/2461 2460/2460 2809/2809
f 2461/2461 2809/2809 2810/2810
f 2464/2464 2811/2811 2812/2812
f 2464/2464 2812/2812 2465/2465
f 2471/2471 2470/2470 2813/2813
f 2471/2471 2813/2813 2814/2814
f 2472/2472 2815/2815 2816/2816
f 2472/2472 2816/2816 2473/2473
f 2470/2470 2474/2474 2817/2817
f 2470/2470 2817/2817 2813/2813
f 2473/2473 2816/2816 2818/2818
f 2473/2473 2818/2818 2475/2475
f 2474/2474 2477/2477 2819/2819
f 2474/2474 2819/2819 2817/2817
f 2475/2475 2818/2818 2820/2820
f 2475/2475 2820/2820 2479/2479
f 2483/2483 2482/2482 2821/2821
f 2483/2483 2821/2821 2822/2822
f 2484/2484 2823/2823 2824/2824
f 2484/2484 2824/2824 2485/2485
f 2484/2484 2483/2483 2822/2822
f 2484/2484 2822/2822 2823/2823
f 2482/2482 2486/2486 2825/2825
f 2482/2482 2825/2825 2821/2821
f 2485/2485 2824/2824 2826/2826
f 2485/2485 2826/2826 2487/2487
f 2487/2487 2826/2826 2827/2827
f 2487/2487 2827/2827 2489/2489
f 2492/2492 2828/2828 2829/2829
f 2492/2492 2829/2829 2493/2493
f 2490/2490 2494/2494 2830/2830
f 2490/2490 2830/2830 2831/2831
f 2493/2493 2829/2829 2832/2832
f 2493/2493 2832/2832 2495/2495
f 2494/2494 2498/2498 2833/2833
f 2494/2494 2833/2833 2830/2830
f 2495/2495 2832/2832 2834/2834
f 2495/2495 2834/2834 2499/2499
f 2499/2499 2834/2834 2833/2833
f 2499/2499 2833/2833 2498/2498
f 2835/2835 2503/2503 2502/2502
f 2835/2835 2502/2502 2836/2836
f 2835/2835 2836/2836 2837/2837
f 2835/2835 2837/2837 2838/2838
f 2506/2506 2839/2839 2840/2840
f 2506/2506 2840/2840 2507/2507
f 2839/2839 2841/2841 2842/2842
f 2839/2839 2842/2842 2840/2840
f 2511/2511 2510/2510 2843/2843
f 2511/2511 2843/2843 2844/2844
f 2512/2512 2845/2845 2846/2846
f 2512/2512 2846/2846 2513/2513
f 2512/2512 2511/2511 2844/2844
f 2512/2512 2844/2844 2845/2845
f 2510/2510 2514/2514 2847/2847
f 2510/2510 2847/2847 2843/2843
f 2513/2513 2846/2846 2848/2848
f 2513/2513 2848/2848 2515/2515
f 2514/2514 2516/2516 2849/2849
f 2514/2514 2849/2849 2847/2847
f 2515/2515 2848/2848 2850/2850
f 2515/2515 2850/2850 2517/2517
f 2516/2516 2518/2518 2851/2851
f 2516/2516 2851/2851 2849/2849
f 2517/2517 2850/2850 2852/2852
f 2517/2517 2852/2852 2519/2519
f 2518/2518 2520/2520 2853/2853
f 2518/2518 2853/2853 2851/2851
f 2519/2519 2852/2852 2854/2854
f 2519/2519 2854/2854 2521/2521
f 2520/2520 2522/2522 2855/2855
f 2520/2520 2855/2855 2853/2853
f 2522/2522 2524/2524 2856/2856
f 2522/2522 2856/2856 2855/2855
f 2524/2524 2525/2525 2857/2857
f 2524/2524 2857/2857 2856/2856
f 2530/2530 2531/2531 2858/2858
f 2530/2530 2858/2858 2859/2859
f 2531/2531 2532/2532 2860/2860
f 2531/2531 2860/2860 2858/2858
f 2532/2532 2533/2533 2861/2861
f 2532/2532 2861/2861 2860/2860
f 2533/2533 2536/2536 2862/2862
f 2533/2533 2862/2862 2861/2861
f 2535/2535 2863/2863 2864/2864
f 2535/2535 2864/2864 2537/2537
f 2536/2536 2538/2538 2865/2865
f 2536/2536 2865/2865 2862/2862
f 2537/2537 2864/2864 2866/2866
f 2537/2537 2866/2866 2539/2539
f 2538/2538 2540/2540 2867/2867
f 2538/2538 2867/2867 2865/2865
f 2539/2539 2866/2866 2868/2868
f 2539/2539 2868/2868 2541/2541
f 2540/2540 2542/2542 2869/2869
f 2540/2540 2869/2869 2867/2867
f 2541/2541 2868/2868 2870/2870
f 2541/2541 2870/2870 2543/2543
f 2542/2542 2546/2546 2871/2871
f 2542/2542 2871/2871 2869/2869
f 2543/2543 2870/2870 2872/2872
f 2543/2543 2872/2872 2547/2547
f 2547/2547 2872/2872 2871/2871
f 2547/2547 2871/2871 2546/2546
f 2873/2873 2874/2874 2875/2875
f 2873/2873 2875/2875 2876/2876
f 2873/2873 2876/2876 2877/2877
f 2873/2873 2877/2877 2878/2878
f 2874/2874 2553/2553 2552/2552
f 2874/2874 2552/2552 2875/2875
f 2560/2560 2879/2879 2880/2880
f 2560/2560 2880/2880 2561/2561
f 2879/2879 2881/2881 2882/2882
f 2879/2879 2882/2882 2880/2880
f 2881/2881 2883/2883 2884/2884
f 2881/2881 2884/2884 2882/2882
f 2876/2876 2875/2875 2569/2569
f 2876/2876 2569/2569 2568/2568
f 2876/2876 2568/2568 2885/2885
f 2876/2876 2885/2885 2877/2877
f 2875/2875 2552/2552 2562/2562
f 2875/2875 2562/2562 2569/2569
f 2561/2561 2880/2880 2573/2573
f 2561/2561 2573/2573 2563/2563
f 2880/2880 2882/2882 2576/2576
f 2880/2880 2576/2576 2573/2573
f 2882/2882 2884/2884 2886/2886
f 2882/2882 2886/2886 2576/2576
f 2887/2887 2568/2568 2570/2570
f 2887/2887 2570/2570 2888/2888
f 2887/2887 2889/2889 2885/2885
f 2887/2887 2885/2885 2568/2568
f 2887/2887 2888/2888 2890/2890
f 2887/2887 2890/2890 2889/2889
f 2576/2576 2891/2891 2892/2892
f 2576/2576 2892/2892 2577/2577
f 2576/2576 2886/2886 2893/2893
f 2576/2576 2893/2893 2891/2891
f 2891/2891 2893/2893 2894/2894
f 2891/2891 2894/2894 2892/2892
f 2578/2578 2895/2895 2896/2896
f 2578/2578 2896/2896 2579/2579
f 2578/2578 2580/2580 2897/2897
f 2578/2578 2897/2897 2895/2895
f 2583/2583 2898/2898 2899/2899
f 2583/2583 2899/2899 2584/2584
f 2584/2584 2899/2899 2900/2900
f 2584/2584 2900/2900 2585/2585
f 2588/2588 2587/2587 2901/2901
f 2588/2588 2901/2901 2902/2902
f 2589/2589 2588/2588 2902/2902
f 2589/2589 2902/2902 2903/2903
f 2592/2592 2591/2591 2904/2904
f 2592/2592 2904/2904 2905/2905
f 2593/2593 2906/2906 2904/2904
f 2593/2593 2904/2904 2591/2591
f 2595/2595 2594/2594 2907/2907
f 2595/2595 2907/2907 2908/2908
f 2596/2596 2909/2909 2910/2910
f 2596/2596 2910/2910 2597/2597
f 2911/2911 2912/2912 2913/2913
f 2911/2911 2913/2913 2914/2914
f 2599/2599 2598/2598 2913/2913
f 2599/2599 2913/2913 2912/2912
f 2600/2600 2911/2911 2914/2914
f 2600/2600 2914/2914 2601/2601
f 2600/2600 2599/2599 2912/2912
f 2600/2600 2912/2912 2911/2911
f 2598/2598 2602/2602 2915/2915
f 2598/2598 2915/2915 2913/2913
f 2601/2601 2914/2914 2916/2916
f 2601/2601 2916/2916 2603/2603
f 2602/2602 2604/2604 2917/2917
f 2602/2602 2917/2917 2915/2915
f 2603/2603 2916/2916 2918/2918
f 2603/2603 2918/2918 2605/2605
f 2604/2604 2606/2606 2919/2919
f 2604/2604 2919/2919 2917/2917
f 2605/2605 2918/2918 2920/2920
f 2605/2605 2920/2920 2607/2607
f 2606/2606 2608/2608 2921/2921
f 2606/2606 2921/2921 2919/2919
f 2607/2607 2920/2920 2922/2922
f 2607/2607 2922/2922 2609/2609
f 2608/2608 2611/2611 2923/2923
f 2608/2608 2923/2923 2921/2921
f 2611/2611 2612/2612 2924/2924
f 2611/2611 2924/2924 2923/2923
f 2612/2612 2613/2613 2925/2925
f 2612/2612 2925/2925 2924/2924
f 2613/2613 2615/2615 2926/2926
f 2613/2613 2926/2926 2925/2925
f 2615/2615 2617/2617 2927/2927
f 2615/2615 2927/2927 2926/2926
f 2617/2617 2619/2619 2928/2928
f 2617/2617 2928/2928 2927/2927
f 2619/2619 2620/2620 2929/2929
f 2619/2619 2929/2929 2928/2928
f 2620/2620 2621/2621 2930/2930
f 2620/2620 2930/2930 2929/2929
f 2621/2621 2622/2622 2931/2931
f 2621/2621 2931/2931 2930/2930
f 2622/2622 2623/2623 2932/2932
f 2622/2622 2932/2932 2931/2931
f 2623/2623 2624/2624 2933/2933
f 2623/2623 2933/2933 2932/2932
f 2626/2626 2934/2934 2935/2935
f 2626/2626 2935/2935 2627/2627
f 2624/2624 2628/2628 2936/2936
f 2624/2624 2936/2936 2933/2933
f 2627/2627 2935/2935 2937/2937
f 2627/2627 2937/2937 2629/2629
f 2628/2628 2630/2630 2938/2938
f 2628/2628 2938/2938 2936/2936
f 2629/2629 2937/2937 2939/2939
f 2629/2629 2939/2939 2631/2631
f 2630/2630 2632/2632 2940/2940
f 2630/2630 2940/2940 2938/2938
f 2631/2631 2939/2939 2941/2941
f 2631/2631 2941/2941 2633/2633
f 2941/2941 2940/2940 2942/2942
f 2941/2941 2942/2942 2943/2943
f 2632/2632 2634/2634 2942/2942
f 2632/2632 2942/2942 2940/2940
f 2633/2633 2941/2941 2943/2943
f 2633/2633 2943/2943 2635/2635
f 2635/2635 2943/2943 2942/2942
f 2635/2635 2942/2942 2634/2634
f 2944/2944 2945/2945 2946/2946
f 2944/2944 2946/2946 2947/2947
f 2639/2639 2944/2944 2947/2947
f 2639/2639 2947/2947 2640/2640
f 2639/2639 2638/2638 2945/2945
f 2639/2639 2945/2945 2944/2944
f 2947/2947 2946/2946 2948/2948
f 2947/2947 2948/2948 2949/2949
f 2640/2640 2947/2947 2949/2949
f 2640/2640 2949/2949 2642/2642
f 2949/2949 2948/2948 2950/2950
f 2949/2949 2950/2950 2951/2951
f 2642/2642 2949/2949 2951/2951
f 2642/2642 2951/2951 2644/2644
f 2951/2951 2950/2950 2952/2952
f 2951/2951 2952/2952 2953/2953
f 2644/2644 2951/2951 2953/2953
f 2644/2644 2953/2953 2646/2646
f 2646/2646 2953/2953 2952/2952
f 2646/2646 2952/2952 2647/2647
f 2954/2954 2955/2955 2956/2956
f 2954/2954 2956/2956 2957/2957
f 2652/2652 2954/2954 2957/2957
f 2652/2652 2957/2957 2653/2653
f 2652/2652 2651/2651 2955/2955
f 2652/2652 2955/2955 2954/2954
f 2653/2653 2957/2957 2958/2958
f 2653/2653 2958/2958 2959/2959
f 2960/2960 2961/2961 2962/2962
f 2960/2960 2962/2962 2658/2658
f 2962/2962 2963/2963 2964/2964
f 2962/2962 2964/2964 2965/2965
f 2658/2658 2962/2962 2965/2965
f 2658/2658 2965/2965 2659/2659
f 2659/2659 2965/2965 2964/2964
f 2659/2659 2964/2964 2655/2655
f 2966/2966 2967/2967 2968/2968
f 2966/2966 2968/2968 2969/2969
f 2970/2970 2662/2662 2661/2661
f 2970/2970 2661/2661 2971/2971
f 2971/2971 2661/2661 2968/2968
f 2971/2971 2968/2968 2967/2967
f 2970/2970 2971/2971 2967/2967
f 2970/2970 2967/2967 2966/2966
f 2972/2972 2973/2973 2974/2974
f 2972/2972 2974/2974 2975/2975
f 2665/2665 2976/2976 2977/2977
f 2665/2665 2977/2977 2663/2663
f 2663/2663 2977/2977 2974/2974
f 2663/2663 2974/2974 2973/2973
f 2976/2976 2975/2975 2974/2974
f 2976/2976 2974/2974 2977/2977
f 2661/2661 2660/2660 2668/2668
f 2661/2661 2668/2668 2978/2978
f 2661/2661 2978/2978 2979/2979
f 2661/2661 2979/2979 2968/2968
f 2664/2664 2663/2663 2980/2980
f 2664/2664 2980/2980 2672/2672
f 2663/2663 2973/2973 2981/2981
f 2663/2663 2981/2981 2980/2980
f 2676/2676 2675/2675 2982/2982
f 2676/2676 2982/2982 2983/2983
f 2677/2677 2984/2984 2985/2985
f 2677/2677 2985/2985 2678/2678
f 2677/2677 2676/2676 2983/2983
f 2677/2677 2983/2983 2984/2984
f 2675/2675 2679/2679 2986/2986
f 2675/2675 2986/2986 2982/2982
f 2678/2678 2985/2985 2987/2987
f 2678/2678 2987/2987 2680/2680
f 2680/2680 2987/2987 2988/2988
f 2680/2680 2988/2988 2681/2681
f 2681/2681 2988/2988 2989/2989
f 2681/2681 2989/2989 2682/2682
f 2685/2685 2990/2990 2991/2991
f 2685/2685 2991/2991 2686/2686
f 2686/2686 2991/2991 2992/2992
f 2686/2686 2992/2992 2687/2687
f 2689/2689 2688/2688 2993/2993
f 2689/2689 2993/2993 2994/2994
f 2687/2687 2992/2992 2995/2995
f 2687/2687 2995/2995 2690/2690
f 2688/2688 2693/2693 2996/2996
f 2688/2688 2996/2996 2993/2993
f 2690/2690 2995/2995 2997/2997
f 2690/2690 2997/2997 2694/2694
f 2694/2694 2997/2997 2996/2996
f 2694/2694 2996/2996 2693/2693
f 2696/2696 2695/2695 2998/2998
f 2696/2696 2998/2998 2999/2999
f 2697/2697 2696/2696 2999/2999
f 2697/2697 2999/2999 3000/3000
f 2695/2695 2698/2698 3001/3001
f 2695/2695 3001/3001 2998/2998
f 2698/2698 2699/2699 3002/3002
f 2698/2698 3002/3002 3001/3001
f 2699/2699 2700/2700 3003/3003
f 2699/2699 3003/3003 3002/3002
f 2700/2700 2701/2701 3004/3004
f 2700/2700 3004/3004 3003/3003
f 2701/2701 2702/2702 3005/3005
f 2701/2701 3005/3005 3004/3004
f 2702/2702 2703/2703 3006/3006
f 2702/2702 3006/3006 3005/3005
f 2703/2703 2704/2704 3007/3007
f 2703/2703 3007/3007 3006/3006
f 2704/2704 2705/2705 3008/3008
f 2704/2704 3008/3008 3007/3007
f 2705/2705 2706/2706 3009/3009
f 2705/2705 3009/3009 3008/3008
f 2707/2707 3010/3010 3009/3009
f 2707/2707 3009/3009 2706/2706
f 3011/3011 3012/3012 3013/3013
f 3011/3011 3013/3013 3014/3014
f 3014/3014 3013/3013 3015/3015
f 3014/3014 3015/3015 3016/3016
f 3011/3011 3017/3017 3018/3018
f 3011/3011 3018/3018 3012/3012
f 3011/3011 3014/3014 3016/3016
f 3011/3011 3016/3016 3017/3017
f 3012/3012 3019/3019 3020/3020
f 3012/3012 3020/3020 3013/3013
f 3013/3013 3020/3020 3021/3021
f 3013/3013 3021/3021 3015/3015
f 3012/3012 3018/3018 3022/3022
f 3012/3012 3022/3022 3019/3019
f 3019/3019 3023/3023 3024/3024
f 3019/3019 3024/3024 3020/3020
f 3020/3020 3024/3024 3025/3025
f 3020/3020 3025/3025 3021/3021
f 3019/3019 3022/3022 3026/3026
f 3019/3019 3026/3026 3023/3023
f 3023/3023 3027/3027 3028/3028
f 3023/3023 3028/3028 3024/3024
f 3024/3024 3028/3028 3029/3029
f 3024/3024 3029/3029 3025/3025
f 3023/3023 3026/3026 3030/3030
f 3023/3023 3030/3030 3027/3027
f 3027/3027 3030/3030 3029/3029
f 3027/3027 3029/3029 3028/3028
f 2709/2709 2708/2708 3031/3031
f 2709/2709 3031/3031 3032/3032
f 2710/2710 3033/3033 3034/3034
f 2710/2710 3034/3034 2711/2711
f 2710/2710 2709/2709 3032/3032
f 2710/2710 3032/3032 3033/3033
f 2708/2708 2712/2712 3035/3035
f 2708/2708 3035/3035 3031/3031
f 2711/2711 3034/3034 3036/3036
f 2711/2711 3036/3036 2713/2713
f 2713/2713 3036/3036 3037/3037
f 2713/2713 3037/3037 2714/2714
f 2714/2714 3037/3037 3038/3038
f 2714/2714 3038/3038 2715/2715
f 2715/2715 3038/3038 3039/3039
f 2715/2715 3039/3039 2716/2716
f 2716/2716 3039/3039 3040/3040
f 2716/2716 3040/3040 2717/2717
f 2717/2717 3040/3040 3041/3041
f 2717/2717 3041/3041 2718/2718
f 2718/2718 3041/3041 3042/3042
f 2718/2718 3042/3042 2719/2719
f 2719/2719 3042/3042 3043/3043
f 2719/2719 3043/3043 2720/2720
f 2720/2720 3043/3043 3044/3044
f 2720/2720 3044/3044 2721/2721
f 2721/2721 3044/3044 3045/3045
f 2721/2721 3045/3045 2722/2722
f 2722/2722 3045/3045 3046/3046
f 2722/2722 3046/3046 2723/2723
f 2723/2723 3046/3046 3047/3047
f 2723/2723 3047/3047 2724/2724
f 2724/2724 3047/3047 3048/3048
f 2724/2724 3048/3048 2725/2725
f 2727/2727 2726/2726 3049/3049
f 2727/2727 3049/3049 3050/3050
f 2725/2725 3048/3048 3051/3051
f 2725/2725 3051/3051 2728/2728
f 2726/2726 2729/2729 3052/3052
f 2726/2726 3052/3052 3049/3049
f 2728/2728 3051/3051 3053/3053
f 2728/2728 3053/3053 2730/2730
f 2730/2730 3053/3053 3052/3052
f 2730/2730 3052/3052 2729/2729
f 2734/2734 2733/2733 3054/3054
f 2734/2734 3054/3054 3055/3055
f 2735/2735 2734/2734 3055/3055
f 2735/2735 3055/3055 3056/3056
f 2739/2739 2738/2738 3057/3057
f 2739/2739 3057/3057 3058/3058
f 2740/2740 3059/3059 3057/3057
f 2740/2740 3057/3057 2738/2738
f 2744/2744 2743/2743 3060/3060
f 2744/2744 3060/3060 3061/3061
f 2747/2747 3062/3062 3063/3063
f 2747/2747 3063/3063 2748/2748
f 2749/2749 3064/3064 3065/3065
f 2749/2749 3065/3065 2750/2750
f 2749/2749 2751/2751 3066/3066
f 2749/2749 3066/3066 3064/3064
f 2752/2752 3067/3067 3068/3068
f 2752/2752 3068/3068 2753/2753
f 2753/2753 3068/3068 3069/3069
f 2753/2753 3069/3069 2754/2754
f 2755/2755 3070/3070 3071/3071
f 2755/2755 3071/3071 2756/2756
f 2755/2755 2757/2757 3072/3072
f 2755/2755 3072/3072 3070/3070
f 2756/2756 3071/3071 3073/3073
f 2756/2756 3073/3073 2758/2758
f 2759/2759 3074/3074 3075/3075
f 2759/2759 3075/3075 2760/2760
f 2760/2760 3075/3075 3076/3076
f 2760/2760 3076/3076 2761/2761
f 2761/2761 3076/3076 3077/3077
f 2761/2761 3077/3077 2762/2762
f 2763/2763 3078/3078 3079/3079
f 2763/2763 3079/3079 2764/2764
f 2763/2763 2765/2765 3080/3080
f 2763/2763 3080/3080 3078/3078
f 2766/2766 3081/3081 3082/3082
f 2766/2766 3082/3082 2767/2767
f 2767/2767 3082/3082 3083/3083
f 2767/2767 3083/3083 2768/2768
f 2765/2765 2769/2769 3084/3084
f 2765/2765 3084/3084 3080/3080
f 2768/2768 3083/3083 3085/3085
f 2768/2768 3085/3085 2770/2770
f 3086/3086 3087/3087 3088/3088
f 3086/3086 3088/3088 3089/3089
f 3090/3090 2772/2772 2771/2771
f 3090/3090 2771/2771 3091/3091
f 3090/3090 3086/3086 3089/3089
f 3090/3090 3089/3089 2772/2772
f 3090/3090 3091/3091 3087/3087
f 3090/3090 3087/3087 3086/3086
f 3092/3092 3093/3093 3094/3094
f 3092/3092 3094/3094 3095/3095
f 2773/2773 3096/3096 3097/3097
f 2773/2773 3097/3097 2774/2774
f 2773/2773 3092/3092 3095/3095
f 2773/2773 3095/3095 3096/3096
f 3096/3096 3095/3095 3094/3094
f 3096/3096 3094/3094 3097/3097
f 3087/3087 3098/3098 3099/3099
f 3087/3087 3099/3099 3088/3088
f 3091/3091 2771/2771 2775/2775
f 3091/3091 2775/2775 3100/3100
f 3100/3100 2775/2775 3099/3099
f 3100/3100 3099/3099 3098/3098
f 3091/3091 3100/3100 3098/3098
f 3091/3091 3098/3098 3087/3087
f 2775/2775 3101/3101 3102/3102
f 2775/2775 3102/3102 3099/3099
f 3103/3103 2776/2776 3104/3104
f 3103/3103 3104/3104 3105/3105
f 3093/3093 3104/3104 3106/3106
f 3093/3093 3106/3106 3094/3094
f 2774/2774 3097/3097 3107/3107
f 2774/2774 3107/3107 2776/2776
f 2776/2776 3107/3107 3106/3106
f 2776/2776 3106/3106 3104/3104
f 3097/3097 3094/3094 3106/3106
f 3097/3097 3106/3106 3107/3107
f 2780/2780 2779/2779 3108/3108
f 2780/2780 3108/3108 3109/3109
f 2783/2783 3110/3110 3111/3111
f 2783/2783 3111/3111 2784/2784
f 2789/2789 3112/3112 3113/3113
f 2789/2789 3113/3113 3114/3114
f 2790/2790 2789/2789 3114/3114
f 2790/2790 3114/3114 3115/3115
f 3116/3116 2792/2792 3117/3117
f 3116/3116 3117/3117 3118/3118
f 2791/2791 3119/3119 3117/3117
f 2791/2791 3117/3117 2792/2792
f 2795/2795 2800/2800 3120/3120
f 2795/2795 3120/3120 3121/3121
f 2796/2796 2795/2795 3121/3121
f 2796/2796 3121/3121 3122/3122
f 2803/2803 2802/2802 3123/3123
f 2803/2803 3123/3123 3124/3124
f 2804/2804 3125/3125 3123/3123
f 2804/2804 3123/3123 2802/2802
f 2810/2810 2809/2809 3126/3126
f 2810/2810 3126/3126 3127/3127
f 2811/2811 3128/3128 3129/3129
f 2811/2811 3129/3129 2812/2812
f 3130/3130 3131/3131 3132/3132
f 3130/3130 3132/3132 3133/3133
f 2814/2814 2813/2813 3131/3131
f 2814/2814 3131/3131 3130/3130
f 3134/3134 3135/3135 3136/3136
f 3134/3134 3136/3136 3137/3137
f 2815/2815 3137/3137 3136/3136
f 2815/2815 3136/3136 2816/2816
f 3131/3131 3138/3138 3139/3139
f 3131/3131 3139/3139 3132/3132
f 2813/2813 2817/2817 3138/3138
f 2813/2813 3138/3138 3131/3131
f 3135/3135 3140/3140 3141/3141
f 3135/3135 3141/3141 3136/3136
f 2816/2816 3136/3136 3141/3141
f 2816/2816 3141/3141 2818/2818
f 2817/2817 2819/2819 3142/3142
f 2817/2817 3142/3142 3138/3138
f 2818/2818 3141/3141 3143/3143
f 2818/2818 3143/3143 2820/2820
f 2822/2822 2821/2821 3144/3144
f 2822/2822 3144/3144 3145/3145
f 2823/2823 3146/3146 3147/3147
f 2823/2823 3147/3147 2824/2824
f 2823/2823 2822/2822 3145/3145
f 2823/2823 3145/3145 3146/3146
f 2821/2821 2825/2825 3148/3148
f 2821/2821 3148/3148 3144/3144
f 2824/2824 3147/3147 3149/3149
f 2824/2824 3149/3149 2826/2826
f 2826/2826 3149/3149 3150/3150
f 2826/2826 3150/3150 2827/2827
f 2828/2828 3151/3151 3152/3152
f 2828/2828 3152/3152 2829/2829
f 2831/2831 2830/2830 3153/3153
f 2831/2831 3153/3153 3154/3154
f 2829/2829 3152/3152 3155/3155
f 2829/2829 3155/3155 2832/2832
f 2830/2830 2833/2833 3156/3156
f 2830/2830 3156/3156 3153/3153
f 2832/2832 3155/3155 3157/3157
f 2832/2832 3157/3157 2834/2834
f 2834/2834 3157/3157 3156/3156
f 2834/2834 3156/3156 2833/2833
f 2838/2838 2837/2837 3158/3158
f 2838/2838 3158/3158 3159/3159
f 2841/2841 3160/3160 3161/3161
f 2841/2841 3161/3161 2842/2842
f 2844/2844 2843/2843 3162/3162
f 2844/2844 3162/3162 3163/3163
f 2845/2845 3164/3164 3165/3165
f 2845/2845 3165/3165 2846/2846
f 2845/2845 2844/2844 3163/3163
f 2845/2845 3163/3163 3164/3164
f 2843/2843 2847/2847 3166/3166
f 2843/2843 3166/3166 3162/3162
f 2846/2846 3165/3165 3167/3167
f 2846/2846 3167/3167 2848/2848
f 2847/2847 2849/2849 3168/3168
f 2847/2847 3168/3168 3166/3166
f 2848/2848 3167/3167 3169/3169
f 2848/2848 3169/3169 2850/2850
f 2849/2849 2851/2851 3170/3170
f 2849/2849 3170/3170 3168/3168
f 2850/2850 3169/3169 3171/3171
f 2850/2850 3171/3171 2852/2852
f 2851/2851 2853/2853 3172/3172
f 2851/2851 3172/3172 3170/3170
f 2852/2852 3171/3171 3173/3173
f 2852/2852 3173/3173 2854/2854
f 2853/2853 2855/2855 3174/3174
f 2853/2853 3174/3174 3172/3172
f 2855/2855 2856/2856 3175/3175
f 2855/2855 3175/3175 3174/3174
f 2858/2858 2860/2860 3176/3176
f 2858/2858 3176/3176 3177/3177
f 2860/2860 2861/2861 3178/3178
f 2860/2860 3178/3178 3176/3176
f 2861/2861 2862/2862 3179/3179
f 2861/2861 3179/3179 3178/3178
f 2863/2863 3180/3180 3181/3181
f 2863/2863 3181/3181 2864/2864
f 2862/2862 2865/2865 3182/3182
f 2862/2862 3182/3182 3179/3179
f 2864/2864 3181/3181 3183/3183
f 2864/2864 3183/3183 2866/2866
f 2865/2865 2867/2867 3184/3184
f 2865/2865 3184/3184 3182/3182
f 2866/2866 3183/3183 3185/3185
f 2866/2866 3185/3185 2868/2868
f 2867/2867 2869/2869 3186/3186
f 2867/2867 3186/3186 3184/3184
f 2868/2868 3185/3185 3187/3187
f 2868/2868 3187/3187 2870/2870
f 2869/2869 2871/2871 3188/3188
f 2869/2869 3188/3188 3186/3186
f 2870/2870 3187/3187 3189/3189
f 2870/2870 3189/3189 2872/2872
f 2872/2872 3189/3189 3188/3188
f 2872/2872 3188/3188 2871/2871
f 3190/3190 2878/2878 2877/2877
f 3190/3190 2877/2877 3191/3191
f 3190/3190 3191/3191 3192/3192
f 3190/3190 3192/3192 3193/3193
f 2883/2883 3194/3194 3195/3195
f 2883/2883 3195/3195 2884/2884
f 3194/3194 3196/3196 3197/3197
f 3194/3194 3197/3197 3195/3195
f 3191/3191 2877/2877 2885/2885
f 3191/3191 2885/2885 2889/2889
f 3191/3191 2889/2889 3198/3198
f 3191/3191 3198/3198 3192/3192
f 2884/2884 3195/3195 2893/2893
f 2884/2884 2893/2893 2886/2886
f 3195/3195 3197/3197 3199/3199
f 3195/3195 3199/3199 2893/2893
f 2889/2889 2890/2890 3200/3200
f 2889/2889 3200/3200 3198/3198
f 2893/2893 3199/3199 3201/3201
f 2893/2893 3201/3201 2894/2894
f 3202/3202 3203/3203 3204/3204
f 3202/3202 3204/3204 3205/3205
f 3206/3206 2895/2895 2897/2897
f 3206/3206 2897/2897 3207/3207
f 3207/3207 2897/2897 3204/3204
f 3207/3207 3204/3204 3203/3203
f 3206/3206 3202/3202 3205/3205
f 3206/3206 3205/3205 2895/2895
f 3206/3206 3207/3207 3203/3203
f 3206/3206 3203/3203 3202/3202
f 2895/2895 3205/3205 3208/3208
f 2895/2895 3208/3208 2896/2896
f 2898/2898 3209/3209 3210/3210
f 2898/2898 3210/3210 2899/2899
f 3210/3210 3211/3211 3212/3212
f 3210/3210 3212/3212 3213/3213
f 2899/2899 3214/3214 3215/3215
f 2899/2899 3215/3215 2900/2900
f 2900/2900 3215/3215 3212/3212
f 2900/2900 3212/3212 3211/3211
f 2899/2899 3210/3210 3213/3213
f 2899/2899 3213/3213 3214/3214
f 3214/3214 3213/3213 3212/3212
f 3214/3214 3212/3212 3215/3215
f 3216/3216 3217/3217 3218/3218
f 3216/3216 3218/3218 3219/3219
f 2902/2902 2901/2901 3218/3218
f 2902/2902 3218/3218 3217/3217
f 2903/2903 2902/2902 3217/3217
f 2903/2903 3217/3217 3216/3216
f 3220/3220 3221/3221 3222/3222
f 3220/3220 3222/3222 3223/3223
f 2905/2905 2904/2904 3222/3222
f 2905/2905 3222/3222 3221/3221
f 2906/2906 3223/3223 3222/3222
f 2906/2906 3222/3222 2904/2904
f 3224/3224 3225/3225 3226/3226
f 3224/3224 3226/3226 3227/3227
f 2908/2908 2907/2907 3225/3225
f 2908/2908 3225/3225 3224/3224
f 3228/3228 3229/3229 3230/3230
f 3228/3228 3230/3230 3231/3231
f 2909/2909 3231/3231 3230/3230
f 2909/2909 3230/3230 2910/2910
f 2913/2913 2915/2915 3232/3232
f 2913/2913 3232/3232 3233/3233
f 2914/2914 3234/3234 3235/3235
f 2914/2914 3235/3235 2916/2916
f 2914/2914 2913/2913 3233/3233
f 2914/2914 3233/3233 3234/3234
f 2915/2915 2917/2917 3236/3236
f 2915/2915 3236/3236 3232/3232
f 2916/2916 3235/3235 3237/3237
f 2916/2916 3237/3237 2918/2918
f 2917/2917 2919/2919 3238/3238
f 2917/2917 3238/3238 3236/3236
f 2918/2918 3237/3237 3239/3239
f 2918/2918 3239/3239 2920/2920
f 2919/2919 2921/2921 3240/3240
f 2919/2919 3240/3240 3238/3238
f 2920/2920 3239/3239 3241/3241
f 2920/2920 3241/3241 2922/2922
f 2921/2921 2923/2923 3242/3242
f 2921/2921 3242/3242 3240/3240
f 2923/2923 2924/2924 3243/3243
f 2923/2923 3243/3243 3242/3242
f 2924/2924 2925/2925 3244/3244
f 2924/2924 3244/3244 3243/3243
f 2925/2925 2926/2926 3245/3245
f 2925/2925 3245/3245 3244/3244
f 2926/2926 2927/2927 3246/3246
f 2926/2926 3246/3246 3245/3245
f 2927/2927 2928/2928 3247/3247
f 2927/2927 3247/3247 3246/3246
f 2928/2928 2929/2929 3248/3248
f 2928/2928 3248/3248 3247/3247
f 2929/2929 2930/2930 3249/3249
f 2929/2929 3249/3249 3248/3248
f 2930/2930 2931/2931 3250/3250
f 2930/2930 3250/3250 3249/3249
f 2931/2931 2932/2932 3251/3251
f 2931/2931 3251/3251 3250/3250
f 2932/2932 2933/2933 3252/3252
f 2932/2932 3252/3252 3251/3251
f 2934/2934 3253/3253 3254/3254
f 2934/2934 3254/3254 2935/2935
f 2933/2933 2936/2936 3255/3255
f 2933/2933 3255/3255 3252/3252
f 2935/2935 3254/3254 3256/3256
f 2935/2935 3256/3256 2937/2937
f 2936/2936 2938/2938 3257/3257
f 2936/2936 3257/3257 3255/3255
f 2937/2937 3256/3256 3258/3258
f 2937/2937 3258/3258 2939/2939
f 2938/2938 2940/2940 3259/3259
f 2938/2938 3259/3259 3257/3257
f 2939/2939 3258/3258 3260/3260
f 2939/2939 3260/3260 2941/2941
f 2941/2941 3260/3260 3259/3259
f 2941/2941 3259/3259 2940/2940
f 3261/3261 3262/3262 3263/3263
f 3261/3261 3263/3263 3264/3264
f 2957/2957 3261/3261 3264/3264
f 2957/2957 3264/3264 2958/2958
f 2957/2957 2956/2956 3262/3262
f 2957/2957 3262/3262 3261/3261
f 2958/2958 3264/3264 3265/3265
f 2958/2958 3265/3265 3266/3266
f 3266/3266 3265/3265 3267/3267
f 3266/3266 3267/3267 3268/3268
f 3268/3268 3267/3267 3269/3269
f 3268/3268 3269/3269 3270/3270
f 3270/3270 3269/3269 3271/3271
f 3270/3270 3271/3271 2961/2961
f 3271/3271 3272/3272 3273/3273
f 3271/3271 3273/3273 3274/3274
f 2961/2961 3271/3271 3274/3274
f 2961/2961 3274/3274 2962/2962
f 2962/2962 3274/3274 3273/3273
f 2962/2962 3273/3273 2963/2963
f 2969/2969 2968/2968 3275/3275
f 2969/2969 3275/3275 3276/3276
f 2972/2972 3277/3277 3278/3278
f 2972/2972 3278/3278 2973/2973
f 2968/2968 2979/2979 3279/3279
f 2968/2968 3279/3279 3275/3275
f 2973/2973 3278/3278 3280/3280
f 2973/2973 3280/3280 2981/2981
f 3281/3281 2984/2984 2983/2983
f 3281/3281 2983/2983 3282/3282
f 3282/3282 2983/2983 3283/3283
f 3282/3282 3283/3283 3284/3284
f 3281/3281 3285/3285 3286/3286
f 3281/3281 3286/3286 2984/2984
f 3281/3281 3282/3282 3284/3284
f 3281/3281 3284/3284 3285/3285
f 2983/2983 2982/2982 3287/3287
f 2983/2983 3287/3287 3283/3283
f 2984/2984 3286/3286 3288/3288
f 2984/2984 3288/3288 2985/2985
f 2985/2985 3288/3288 3289/3289
f 2985/2985 3289/3289 2987/2987
f 2987/2987 3289/3289 3290/3290
f 2987/2987 3290/3290 2988/2988
f 2988/2988 3290/3290 3291/3291
f 2988/2988 3291/3291 2989/2989
f 2990/2990 3292/3292 3293/3293
f 2990/2990 3293/3293 2991/2991
f 2991/2991 3293/3293 3294/3294
f 2991/2991 3294/3294 2992/2992
f 2992/2992 3294/3294 3295/3295
f 2992/2992 3295/3295 2995/2995
f 2993/2993 2996/2996 3296/3296
f 2993/2993 3296/3296 3297/3297
f 2995/2995 3295/3295 3298/3298
f 2995/2995 3298/3298 2997/2997
f 2997/2997 3299/3299 3300/3300
f 2997/2997 3300/3300 2996/2996
f 2996/2996 3300/3300 3301/3301
f 2996/2996 3301/3301 3296/3296
f 2997/2997 3298/3298 3302/3302
f 2997/2997 3302/3302 3299/3299
f 3299/3299 3302/3302 3301/3301
f 3299/3299 3301/3301 3300/3300
f 3303/3303 3304/3304 3305/3305
f 3303/3303 3305/3305 3306/3306
f 3307/3307 3000/3000 2999/2999
f 3307/3307 2999/2999 3308/3308
f 3308/3308 2999/2999 3305/3305
f 3308/3308 3305/3305 3304/3304
f 3307/3307 3308/3308 3304/3304
f 3307/3307 3304/3304 3303/3303
f 2999/2999 2998/2998 3309/3309
f 2999/2999 3309/3309 3305/3305
f 2998/2998 3001/3001 3310/3310
f 2998/2998 3310/3310 3309/3309
f 3001/3001 3002/3002 3311/3311
f 3001/3001 3311/3311 3310/3310
f 3002/3002 3003/3003 3312/3312
f 3002/3002 3312/3312 3311/3311
f 3003/3003 3004/3004 3313/3313
f 3003/3003 3313/3313 3312/3312
f 3004/3004 3005/3005 3314/3314
f 3004/3004 3314/3314 3313/3313
f 3005/3005 3006/3006 3315/3315
f 3005/3005 3315/3315 3314/3314
f 3006/3006 3007/3007 3316/3316
f 3006/3006 3316/3316 3315/3315
f 3007/3007 3008/3008 3317/3317
f 3007/3007 3317/3317 3316/3316
f 3008/3008 3009/3009 3318/3318
f 3008/3008 3318/3318 3317/3317
f 3319/3319 3318/3318 3320/3320
f 3319/3319 3320/3320 3321/3321
f 3010/3010 3322/3322 3323/3323
f 3010/3010 3323/3323 3009/3009
f 3009/3009 3323/3323 3320/3320
f 3009/3009 3320/3320 3318/3318
f 3322/3322 3321/3321 3320/3320
f 3322/3322 3320/3320 3323/3323
f 3324/3324 3017/3017 3016/3016
f 3324/3324 3016/3016 3325/3325
f 3325/3325 3016/3016 3326/3326
f 3325/3325 3326/3326 3327/3327
f 3324/3324 3328/3328 3329/3329
f 3324/3324 3329/3329 3017/3017
f 3324/3324 3325/3325 3327/3327
f 3324/3324 3327/3327 3328/3328
f 3016/3016 3015/3015 3330/3330
f 3016/3016 3330/3330 3326/3326
f 3017/3017 3329/3329 3331/3331
f 3017/3017 3331/3331 3018/3018
f 3015/3015 3021/3021 3332/3332
f 3015/3015 3332/3332 3330/3330
f 3018/3018 3331/3331 3333/3333
f 3018/3018 3333/3333 3022/3022
f 3021/3021 3025/3025 3334/3334
f 3021/3021 3334/3334 3332/3332
f 3022/3022 3333/3333 3335/3335
f 3022/3022 3335/3335 3026/3026
f 3025/3025 3029/3029 3336/3336
f 3025/3025 3336/3336 3334/3334
f 3026/3026 3335/3335 3337/3337
f 3026/3026 3337/3337 3030/3030
f 3030/3030 3338/3338 3339/3339
f 3030/3030 3339/3339 3029/3029
f 3029/3029 3339/3339 3340/3340
f 3029/3029 3340/3340 3336/3336
f 3030/3030 3337/3337 3341/3341
f 3030/3030 3341/3341 3338/3338
f 3338/3338 3341/3341 3340/3340
f 3338/3338 3340/3340 3339/3339
f 3032/3032 3031/3031 3342/3342
f 3032/3032 3342/3342 3343/3343
f 3033/3033 3344/3344 3345/3345
f 3033/3033 3345/3345 3034/3034
f 3033/3033 3032/3032 3343/3343
f 3033/3033 3343/3343 3344/3344
f 3031/3031 3035/3035 3346/3346
f 3031/3031 3346/3346 3342/3342
f 3034/3034 3345/3345 3347/3347
f 3034/3034 3347/3347 3036/3036
f 3036/3036 3347/3347 3348/3348
f 3036/3036 3348/3348 3037/3037
f 3037/3037 3348/3348 3349/3349
f 3037/3037 3349/3349 3038/3038
f 3038/3038 3349/3349 3350/3350
f 3038/3038 3350/3350 3039/3039
f 3039/3039 3350/3350 3351/3351
f 3039/3039 3351/3351 3040/3040
f 3040/3040 3351/3351 3352/3352
f 3040/3040 3352/3352 3041/3041
f 3041/3041 3352/3352 3353/3353
f 3041/3041 3353/3353 3042/3042
f 3042/3042 3353/3353 3354/3354
f 3042/3042 3354/3354 3043/3043
f 3043/3043 3354/3354 3355/3355
f 3043/3043 3355/3355 3044/3044
f 3044/3044 3355/3355 3356/3356
f 3044/3044 3356/3356 3045/3045
f 3045/3045 3356/3356 3357/3357
f 3045/3045 3357/3357 3046/3046
f 3046/3046 3357/3357 3358/3358
f 3046/3046 3358/3358 3047/3047
f 3047/3047 3358/3358 3359/3359
f 3047/3047 3359/3359 3048/3048
f 3050/3050 3049/3049 3360/3360
f 3050/3050 3360/3360 3361/3361
f 3048/3048 3359/3359 3362/3362
f 3048/3048 3362/3362 3051/3051
f 3049/3049 3052/3052 3363/3363
f 3049/3049 3363/3363 3360/3360
f 3051/3051 3362/3362 3364/3364
f 3051/3051 3364/3364 3053/3053
f 3053/3053 3364/3364 3363/3363
f 3053/3053 3363/3363 3052/3052
f 3055/3055 3054/3054 3365/3365
f 3055/3055 3365/3365 3366/3366
f 3056/3056 3055/3055 3366/3366
f 3056/3056 3366/3366 3367/3367
f 3058/3058 3057/3057 3368/3368
f 3058/3058 3368/3368 3369/3369
f 3059/3059 3370/3370 3368/3368
f 3059/3059 3368/3368 3057/3057
f 3061/3061 3060/3060 3371/3371
f 3061/3061 3371/3371 3372/3372
f 3062/3062 3373/3373 3374/3374
f 3062/3062 3374/3374 3063/3063
f 3375/3375 3376/3376 3377/3377
f 3375/3375 3377/3377 3378/3378
f 3379/3379 3064/3064 3066/3066
f 3379/3379 3066/3066 3380/3380
f 3379/3379 3375/3375 3378/3378
f 3379/3379 3378/3378 3064/3064
f 3379/3379 3380/3380 3376/3376
f 3379/3379 3376/3376 3375/3375
f 3064/3064 3378/3378 3381/3381
f 3064/3064 3381/3381 3065/3065
f 3067/3067 3382/3382 3383/3383
f 3067/3067 3383/3383 3068/3068
f 3383/3383 3384/3384 3385/3385
f 3383/3383 3385/3385 3386/3386
f 3068/3068 3387/3387 3388/3388
f 3068/3068 3388/3388 3069/3069
f 3068/3068 3383/3383 3386/3386
f 3068/3068 3386/3386 3387/3387
f 3387/3387 3386/3386 3385/3385
f 3387/3387 3385/3385 3388/3388
f 3070/3070 3389/3389 3390/3390
f 3070/3070 3390/3390 3071/3071
f 3070/3070 3072/3072 3391/3391
f 3070/3070 3391/3391 3389/3389
f 3075/3075 3392/3392 3393/3393
f 3075/3075 3393/3393 3076/3076
f 3076/3076 3393/3393 3394/3394
f 3076/3076 3394/3394 3077/3077
f 3078/3078 3395/3395 3396/3396
f 3078/3078 3396/3396 3079/3079
f 3078/3078 3080/3080 3397/3397
f 3078/3078 3397/3397 3395/3395
f 3081/3081 3398/3398 3399/3399
f 3081/3081 3399/3399 3082/3082
f 3082/3082 3399/3399 3400/3400
f 3082/3082 3400/3400 3083/3083
f 3080/3080 3084/3084 3401/3401
f 3080/3080 3401/3401 3397/3397
f 3083/3083 3400/3400 3402/3402
f 3083/3083 3402/3402 3085/3085
f 3089/3089 3088/3088 3403/3403
f 3089/3089 3403/3403 3404/3404
f 3092/3092 3405/3405 3406/3406
f 3092/3092 3406/3406 3093/3093
f 3099/3099 3102/3102 3407/3407
f 3099/3099 3407/3407 3408/3408
f 3088/3088 3099/3099 3408/3408
f 3088/3088 3408/3408 3403/3403
f 3105/3105 3104/3104 3409/3409
f 3105/3105 3409/3409 3410/3410
f 3093/3093 3406/3406 3409/3409
f 3093/3093 3409/3409 3104/3104
f 3109/3109 3108/3108 3411/3411
f 3109/3109 3411/3411 3412/3412
f 3110/3110 3413/3413 3414/3414
f 3110/3110 3414/3414 3111/3111
f 3114/3114 3113/3113 3415/3415
f 3114/3114 3415/3415 3416/3416
f 3115/3115 3114/3114 3416/3416
f 3115/3115 3416/3416 3417/3417
f 3118/3118 3117/3117 3418/3418
f 3118/3118 3418/3418 3419/3419
f 3119/3119 3420/3420 3418/3418
f 3119/3119 3418/3418 3117/3117
f 3121/3121 3120/3120 3421/3421
f 3121/3121 3421/3421 3422/3422
f 3122/3122 3121/3121 3422/3422
f 3122/3122 3422/3422 3423/3423
f 3124/3124 3123/3123 3424/3424
f 3124/3124 3424/3424 3425/3425
f 3125/3125 3426/3426 3424/3424
f 3125/3125 3424/3424 3123/3123
f 3427/3427 3428/3428 3429/3429
f 3427/3427 3429/3429 3430/3430
f 3126/3126 3431/3431 3429/3429
f 3126/3126 3429/3429 3428/3428
f 3127/3127 3126/3126 3428/3428
f 3127/3127 3428/3428 3427/3427
f 3432/3432 3433/3433 3434/3434
f 3432/3432 3434/3434 3435/3435
f 3436/3436 3129/3129 3434/3434
f 3436/3436 3434/3434 3433/3433
f 3128/3128 3435/3435 3434/3434
f 3128/3128 3434/3434 3129/3129
f 3133/3133 3132/3132 3437/3437
f 3133/3133 3437/3437 3438/3438
f 3134/3134 3439/3439 3440/3440
f 3134/3134 3440/3440 3135/3135
f 3132/3132 3139/3139 3441/3441
f 3132/3132 3441/3441 3437/3437
f 3135/3135 3440/3440 3442/3442
f 3135/3135 3442/3442 3140/3140
f 3443/3443 3444/3444 3445/3445
f 3443/3443 3445/3445 3441/3441
f 3138/3138 3443/3443 3441/3441
f 3138/3138 3441/3441 3139/3139
f 3138/3138 3142/3142 3444/3444
f 3138/3138 3444/3444 3443/3443
f 3442/3442 3446/3446 3447/3447
f 3442/3442 3447/3447 3448/3448
f 3140/3140 3442/3442 3448/3448
f 3140/3140 3448/3448 3141/3141
f 3141/3141 3448/3448 3447/3447
f 3141/3141 3447/3447 3143/3143
f 3449/3449 3450/3450 3451/3451
f 3449/3449 3451/3451 3452/3452
f 3145/3145 3144/3144 3451/3451
f 3145/3145 3451/3451 3450/3450
f 3146/3146 3449/3449 3452/3452
f 3146/3146 3452/3452 3147/3147
f 3146/3146 3145/3145 3450/3450
f 3146/3146 3450/3450 3449/3449
f 3144/3144 3148/3148 3453/3453
f 3144/3144 3453/3453 3451/3451
f 3147/3147 3452/3452 3454/3454
f 3147/3147 3454/3454 3149/3149
f 3149/3149 3454/3454 3455/3455
f 3149/3149 3455/3455 3150/3150
f 3151/3151 3456/3456 3457/3457
f 3151/3151 3457/3457 3152/3152
f 3154/3154 3153/3153 3458/3458
f 3154/3154 3458/3458 3459/3459
f 3152/3152 3457/3457 3460/3460
f 3152/3152 3460/3460 3155/3155
f 3460/3460 3458/3458 3461/3461
f 3460/3460 3461/3461 3462/3462
f 3153/3153 3156/3156 3461/3461
f 3153/3153 3461/3461 3458/3458
f 3155/3155 3460/3460 3462/3462
f 3155/3155 3462/3462 3157/3157
f 3157/3157 3462/3462 3461/3461
f 3157/3157 3461/3461 3156/3156
f 3159/3159 3158/3158 3463/3463
f 3159/3159 3463/3463 3464/3464
f 3160/3160 3465/3465 3466/3466
f 3160/3160 3466/3466 3161/3161
f 3163/3163 3162/3162 3467/3467
f 3163/3163 3467/3467 3468/3468
f 3164/3164 3469/3469 3470/3470
f 3164/3164 3470/3470 3165/3165
f 3164/3164 3163/3163 3468/3468
f 3164/3164 3468/3468 3469/3469
f 3162/3162 3166/3166 3471/3471
f 3162/3162 3471/3471 3467/3467
f 3165/3165 3470/3470 3472/3472
f 3165/3165 3472/3472 3167/3167
f 3166/3166 3168/3168 3473/3473
f 3166/3166 3473/3473 3471/3471
f 3167/3167 3472/3472 3474/3474
f 3167/3167 3474/3474 3169/3169
f 3168/3168 3170/3170 3475/3475
f 3168/3168 3475/3475 3473/3473
f 3169/3169 3474/3474 3476/3476
f 3169/3169 3476/3476 3171/3171
f 3170/3170 3172/3172 3477/3477
f 3170/3170 3477/3477 3475/3475
f 3171/3171 3476/3476 3478/3478
f 3171/3171 3478/3478 3173/3173
f 3172/3172 3174/3174 3479/3479
f 3172/3172 3479/3479 3477/3477
f 3174/3174 3175/3175 3480/3480
f 3174/3174 3480/3480 3479/3479
f 3177/3177 3176/3176 3481/3481
f 3177/3177 3481/3481 3482/3482
f 3176/3176 3178/3178 3483/3483
f 3176/3176 3483/3483 3481/3481
f 3178/3178 3179/3179 3484/3484
f 3178/3178 3484/3484 3483/3483
f 3180/3180 3485/3485 3486/3486
f 3180/3180 3486/3486 3181/3181
f 3179/3179 3182/3182 3487/3487
f 3179/3179 3487/3487 3484/3484
f 3181/3181 3486/3486 3488/3488
f 3181/3181 3488/3488 3183/3183
f 3182/3182 3184/3184 3489/3489
f 3182/3182 3489/3489 3487/3487
f 3183/3183 3488/3488 3490/3490
f 3183/3183 3490/3490 3185/3185
f 3184/3184 3186/3186 3491/3491
f 3184/3184 3491/3491 3489/3489
f 3185/3185 3490/3490 3492/3492
f 3185/3185 3492/3492 3187/3187
f 3186/3186 3188/3188 3493/3493
f 3186/3186 3493/3493 3491/3491
f 3187/3187 3492/3492 3494/3494
f 3187/3187 3494/3494 3189/3189
f 3189/3189 3494/3494 3493/3493
f 3189/3189 3493/3493 3188/3188
f 3193/3193 3192/3192 3495/3495
f 3193/3193 3495/3495 3496/3496
f 3196/3196 3497/3497 3498/3498
f 3196/3196 3498/3498 3197/3197
f 3192/3192 3198/3198 3499/3499
f 3192/3192 3499/3499 3495/3495
f 3197/3197 3498/3498 3500/3500
f 3197/3197 3500/3500 3199/3199
f 3198/3198 3200/3200 3501/3501
f 3198/3198 3501/3501 3499/3499
f 3199/3199 3500/3500 3502/3502
f 3199/3199 3502/3502 3201/3201
f 3204/3204 3503/3503 3504/3504
f 3204/3204 3504/3504 3505/3505
f 3205/3205 3506/3506 3507/3507
f 3205/3205 3507/3507 3208/3208
f 3205/3205 3204/3204 3505/3505
f 3205/3205 3505/3505 3506/3506
f 3508/3508 3211/3211 3509/3509
f 3508/3508 3509/3509 3510/3510
f 3209/3209 3511/3511 3512/3512
f 3209/3209 3512/3512 3210/3210
f 3210/3210 3512/3512 3509/3509
f 3210/3210 3509/3509 3211/3211
f 3218/3218 3513/3513 3514/3514
f 3218/3218 3514/3514 3515/3515
f 3219/3219 3218/3218 3515/3515
f 3219/3219 3515/3515 3516/3516
f 3517/3517 3221/3221 3518/3518
f 3517/3517 3518/3518 3519/3519
f 3220/3220 3520/3520 3518/3518
f 3220/3220 3518/3518 3221/3221
f 3521/3521 3522/3522 3523/3523
f 3521/3521 3523/3523 3524/3524
f 3227/3227 3226/3226 3522/3522
f 3227/3227 3522/3522 3521/3521
f 3524/3524 3523/3523 3525/3525
f 3524/3524 3525/3525 3526/3526
f 3527/3527 3528/3528 3529/3529
f 3527/3527 3529/3529 3530/3530
f 3530/3530 3529/3529 3531/3531
f 3530/3530 3531/3531 3532/3532
f 3228/3228 3532/3532 3531/3531
f 3228/3228 3531/3531 3229/3229
f 3533/3533 3534/3534 3535/3535
f 3533/3533 3535/3535 3536/3536
f 3233/3233 3232/3232 3535/3535
f 3233/3233 3535/3535 3534/3534
f 3234/3234 3533/3533 3536/3536
f 3234/3234 3536/3536 3235/3235
f 3234/3234 3233/3233 3534/3534
f 3234/3234 3534/3534 3533/3533
f 3232/3232 3236/3236 3537/3537
f 3232/3232 3537/3537 3535/3535
f 3235/3235 3536/3536 3538/3538
f 3235/3235 3538/3538 3237/3237
f 3236/3236 3238/3238 3539/3539
f 3236/3236 3539/3539 3537/3537
f 3237/3237 3538/3538 3540/3540
f 3237/3237 3540/3540 3239/3239
f 3238/3238 3240/3240 3541/3541
f 3238/3238 3541/3541 3539/3539
f 3239/3239 3540/3540 3542/3542
f 3239/3239 3542/3542 3241/3241
f 3240/3240 3242/3242 3543/3543
f 3240/3240 3543/3543 3541/3541
f 3241/3241 3542/3542 3544/3544
f 3241/3241 3544/3544 3545/3545
f 3242/3242 3243/3243 3546/3546
f 3242/3242 3546/3546 3543/3543
f 3243/3243 3244/3244 3547/3547
f 3243/3243 3547/3547 3546/3546
f 3244/3244 3245/3245 3548/3548
f 3244/3244 3548/3548 3547/3547
f 3245/3245 3246/3246 3549/3549
f 3245/3245 3549/3549 3548/3548
f 3246/3246 3247/3247 3550/3550
f 3246/3246 3550/3550 3549/3549
f 3247/3247 3248/3248 3551/3551
f 3247/3247 3551/3551 3550/3550
f 3248/3248 3249/3249 3552/3552
f 3248/3248 3552/3552 3551/3551
f 3249/3249 3250/3250 3553/3553
f 3249/3249 3553/3553 3552/3552
f 3250/3250 3251/3251 3554/3554
f 3250/3250 3554/3554 3553/3553
f 3555/3555 3556/3556 3557/3557
f 3555/3555 3557/3557 3253/3253
f 3251/3251 3252/3252 3558/3558
f 3251/3251 3558/3558 3554/3554
f 3253/3253 3557/3557 3559/3559
f 3253/3253 3559/3559 3254/3254
f 3252/3252 3255/3255 3560/3560
f 3252/3252 3560/3560 3558/3558
f 3254/3254 3559/3559 3561/3561
f 3254/3254 3561/3561 3256/3256
f 3255/3255 3257/3257 3562/3562
f 3255/3255 3562/3562 3560/3560
f 3256/3256 3561/3561 3563/3563
f 3256/3256 3563/3563 3258/3258
f 3563/3563 3562/3562 3564/3564
f 3563/3563 3564/3564 3565/3565
f 3257/3257 3259/3259 3564/3564
f 3257/3257 3564/3564 3562/3562
f 3258/3258 3563/3563 3565/3565
f 3258/3258 3565/3565 3260/3260
f 3260/3260 3565/3565 3564/3564
f 3260/3260 3564/3564 3259/3259
f 3566/3566 3567/3567 3568/3568
f 3566/3566 3568/3568 3569/3569
f 3264/3264 3566/3566 3569/3569
f 3264/3264 3569/3569 3265/3265
f 3264/3264 3263/3263 3567/3567
f 3264/3264 3567/3567 3566/3566
f 3569/3569 3568/3568 3570/3570
f 3569/3569 3570/3570 3571/3571
f 3265/3265 3569/3569 3571/3571
f 3265/3265 3571/3571 3267/3267
f 3571/3571 3570/3570 3572/3572
f 3571/3571 3572/3572 3573/3573
f 3267/3267 3571/3571 3573/3573
f 3267/3267 3573/3573 3269/3269
f 3573/3573 3572/3572 3574/3574
f 3573/3573 3574/3574 3575/3575
f 3269/3269 3573/3573 3575/3575
f 3269/3269 3575/3575 3271/3271
f 3271/3271 3575/3575 3574/3574
f 3271/3271 3574/3574 3272/3272
f 3576/3576 3577/3577 3578/3578
f 3576/3576 3578/3578 3579/3579
f 3276/3276 3576/3576 3579/3579
f 3276/3276 3579/3579 3580/3580
f 3276/3276 3275/3275 3577/3577
f 3276/3276 3577/3577 3576/3576
f 3581/3581 3582/3582 3583/3583
f 3581/3581 3583/3583 3584/3584
f 3585/3585 3581/3581 3584/3584
f 3585/3585 3584/3584 3277/3277
f 3277/3277 3584/3584 3583/3583
f 3277/3277 3583/3583 3278/3278
f 3586/3586 3587/3587 3588/3588
f 3586/3586 3588/3588 3577/3577
f 3589/3589 3275/3275 3279/3279
f 3589/3589 3279/3279 3590/3590
f 3589/3589 3586/3586 3577/3577
f 3589/3589 3577/3577 3275/3275
f 3589/3589 3590/3590 3587/3587
f 3589/3589 3587/3587 3586/3586
f 3583/3583 3591/3591 3592/3592
f 3583/3583 3592/3592 3593/3593
f 3278/3278 3594/3594 3595/3595
f 3278/3278 3595/3595 3280/3280
f 3278/3278 3583/3583 3593/3593
f 3278/3278 3593/3593 3594/3594
f 3594/3594 3593/3593 3592/3592
f 3594/3594 3592/3592 3595/3595
f 3284/3284 3283/3283 3596/3596
f 3284/3284 3596/3596 3597/3597
f 3285/3285 3598/3598 3599/3599
f 3285/3285 3599/3599 3286/3286
f 3285/3285 3284/3284 3597/3597
f 3285/3285 3597/3597 3598/3598
f 3283/3283 3287/3287 3600/3600
f 3283/3283 3600/3600 3596/3596
f 3286/3286 3599/3599 3601/3601
f 3286/3286 3601/3601 3288/3288
f 3287/3287 3602/3602 3603/3603
f 3287/3287 3603/3603 3600/3600
f 3288/3288 3601/3601 3604/3604
f 3288/3288 3604/3604 3289/3289
f 3289/3289 3604/3604 3605/3605
f 3289/3289 3605/3605 3290/3290
f 3293/3293 3606/3606 3607/3607
f 3293/3293 3607/3607 3294/3294
f 3608/3608 3297/3297 3609/3609
f 3608/3608 3609/3609 3610/3610
f 3294/3294 3607/3607 3611/3611
f 3294/3294 3611/3611 3295/3295
f 3297/3297 3296/3296 3612/3612
f 3297/3297 3612/3612 3609/3609
f 3295/3295 3611/3611 3613/3613
f 3295/3295 3613/3613 3298/3298
f 3296/3296 3301/3301 3614/3614
f 3296/3296 3614/3614 3612/3612
f 3298/3298 3613/3613 3615/3615
f 3298/3298 3615/3615 3302/3302
f 3302/3302 3615/3615 3614/3614
f 3302/3302 3614/3614 3301/3301
f 3305/3305 3309/3309 3616/3616
f 3305/3305 3616/3616 3617/3617
f 3306/3306 3305/3305 3617/3617
f 3306/3306 3617/3617 3618/3618
f 3309/3309 3310/3310 3619/3619
f 3309/3309 3619/3619 3616/3616
f 3310/3310 3311/3311 3620/3620
f 3310/3310 3620/3620 3619/3619
f 3311/3311 3312/3312 3621/3621
f 3311/3311 3621/3621 3620/3620
f 3312/3312 3313/3313 3622/3622
f 3312/3312 3622/3622 3621/3621
f 3313/3313 3314/3314 3623/3623
f 3313/3313 3623/3623 3622/3622
f 3314/3314 3315/3315 3624/3624
f 3314/3314 3624/3624 3623/3623
f 3315/3315 3316/3316 3625/3625
f 3315/3315 3625/3625 3624/3624
f 3316/3316 3317/3317 3626/3626
f 3316/3316 3626/3626 3625/3625
f 3317/3317 3318/3318 3627/3627
f 3317/3317 3627/3627 3626/3626
f 3319/3319 3628/3628 3627/3627
f 3319/3319 3627/3627 3318/3318
f 3327/3327 3326/3326 3629/3629
f 3327/3327 3629/3629 3630/3630
f 3328/3328 3631/3631 3632/3632
f 3328/3328 3632/3632 3329/3329
f 3328/3328 3327/3327 3630/3630
f 3328/3328 3630/3630 3631/3631
f 3326/3326 3330/3330 3633/3633
f 3326/3326 3633/3633 3629/3629
f 3329/3329 3632/3632 3634/3634
f 3329/3329 3634/3634 3331/3331
f 3330/3330 3332/3332 3635/3635
f 3330/3330 3635/3635 3633/3633
f 3331/3331 3634/3634 3636/3636
f 3331/3331 3636/3636 3333/3333
f 3332/3332 3334/3334 3637/3637
f 3332/3332 3637/3637 3635/3635
f 3333/3333 3636/3636 3638/3638
f 3333/3333 3638/3638 3335/3335
f 3334/3334 3336/3336 3639/3639
f 3334/3334 3639/3639 3637/3637
f 3335/3335 3638/3638 3640/3640
f 3335/3335 3640/3640 3337/3337
f 3336/3336 3340/3340 3641/3641
f 3336/3336 3641/3641 3639/3639
f 3337/3337 3640/3640 3642/3642
f 3337/3337 3642/3642 3341/3341
f 3341/3341 3642/3642 3641/3641
f 3341/3341 3641/3641 3340/3340
f 3343/3343 3342/3342 3643/3643
f 3343/3343 3643/3643 3644/3644
f 3344/3344 3645/3645 3646/3646
f 3344/3344 3646/3646 3345/3345
f 3344/3344 3343/3343 3644/3644
f 3344/3344 3644/3644 3645/3645
f 3342/3342 3346/3346 3647/3647
f 3342/3342 3647/3647 3643/3643
f 3345/3345 3646/3646 3648/3648
f 3345/3345 3648/3648 3347/3347
f 3347/3347 3648/3648 3649/3649
f 3347/3347 3649/3649 3348/3348
f 3348/3348 3649/3649 3650/3650
f 3348/3348 3650/3650 3349/3349
f 3349/3349 3650/3650 3651/3651
f 3349/3349 3651/3651 3350/3350
f 3350/3350 3651/3651 3652/3652
f 3350/3350 3652/3652 3351/3351
f 3351/3351 3652/3652 3653/3653
f 3351/3351 3653/3653 3352/3352
f 3352/3352 3653/3653 3654/3654
f 3352/3352 3654/3654 3353/3353
f 3353/3353 3654/3654 3655/3655
f 3353/3353 3655/3655 3354/3354
f 3354/3354 3655/3655 3656/3656
f 3354/3354 3656/3656 3355/3355
f 3355/3355 3656/3656 3657/3657
f 3355/3355 3657/3657 3356/3356
f 3356/3356 3657/3657 3658/3658
f 3356/3356 3658/3658 3357/3357
f 3357/3357 3658/3658 3659/3659
f 3357/3357 3659/3659 3358/3358
f 3358/3358 3659/3659 3660/3660
f 3358/3358 3660/3660 3359/3359
f 3361/3361 3360/3360 3661/3661
f 3361/3361 3661/3661 3662/3662
f 3359/3359 3660/3660 3663/3663
f 3359/3359 3663/3663 3362/3362
f 3360/3360 3363/3363 3664/3664
f 3360/3360 3664/3664 3661/3661
f 3362/3362 3663/3663 3665/3665
f 3362/3362 3665/3665 3364/3364
f 3364/3364 3665/3665 3664/3664
f 3364/3364 3664/3664 3363/3363
f 3666/3666 3667/3667 3668/3668
f 3666/3666 3668/3668 3669/3669
f 3366/3366 3365/3365 3668/3668
f 3366/3366 3668/3668 3667/3667
f 3367/3367 3366/3366 3667/3667
f 3367/3367 3667/3667 3666/3666
f 3670/3670 3671/3671 3672/3672
f 3670/3670 3672/3672 3673/3673
f 3369/3369 3368/3368 3672/3672
f 3369/3369 3672/3672 3671/3671
f 3370/3370 3673/3673 3672/3672
f 3370/3370 3672/3672 3368/3368
f 3674/3674 3675/3675 3676/3676
f 3674/3674 3676/3676 3677/3677
f 3372/3372 3371/3371 3675/3675
f 3372/3372 3675/3675 3674/3674
f 3678/3678 3679/3679 3680/3680
f 3678/3678 3680/3680 3681/3681
f 3373/3373 3681/3681 3680/3680
f 3373/3373 3680/3680 3374/3374
f 3378/3378 3682/3682 3683/3683
f 3378/3378 3683/3683 3381/3381
f 3378/3378 3377/3377 3684/3684
f 3378/3378 3684/3684 3682/3682
f 3382/3382 3685/3685 3686/3686
f 3382/3382 3686/3686 3383/3383
f 3383/3383 3686/3686 3687/3687
f 3383/3383 3687/3687 3384/3384
f 3389/3389 3688/3688 3689/3689
f 3389/3389 3689/3689 3390/3390
f 3389/3389 3391/3391 3690/3690
f 3389/3389 3690/3690 3688/3688
f 3390/3390 3689/3689 3691/3691
f 3390/3390 3691/3691 3692/3692
f 3693/3693 3694/3694 3695/3695
f 3693/3693 3695/3695 3392/3392
f 3392/3392 3695/3695 3696/3696
f 3392/3392 3696/3696 3393/3393
f 3393/3393 3696/3696 3697/3697
f 3393/3393 3697/3697 3394/3394
f 3395/3395 3698/3698 3699/3699
f 3395/3395 3699/3699 3396/3396
f 3395/3395 3397/3397 3700/3700
f 3395/3395 3700/3700 3698/3698
f 3398/3398 3701/3701 3702/3702
f 3398/3398 3702/3702 3399/3399
f 3399/3399 3702/3702 3703/3703
f 3399/3399 3703/3703 3400/3400
f 3397/3397 3401/3401 3704/3704
f 3397/3397 3704/3704 3700/3700
f 3400/3400 3703/3703 3705/3705
f 3400/3400 3705/3705 3402/3402
f 3404/3404 3403/3403 3706/3706
f 3404/3404 3706/3706 3707/3707
f 3405/3405 3708/3708 3709/3709
f 3405/3405 3709/3709 3406/3406
f 3408/3408 3407/3407 3710/3710
f 3408/3408 3710/3710 3711/3711
f 3403/3403 3408/3408 3711/3711
f 3403/3403 3711/3711 3706/3706
f 3410/3410 3409/3409 3712/3712
f 3410/3410 3712/3712 3713/3713
f 3406/3406 3709/3709 3712/3712
f 3406/3406 3712/3712 3409/3409
f 3412/3412 3411/3411 3714/3714
f 3412/3412 3714/3714 3715/3715
f 3413/3413 3716/3716 3717/3717
f 3413/3413 3717/3717 3414/3414
f 3718/3718 3719/3719 3720/3720
f 3718/3718 3720/3720 3721/3721
f 3416/3416 3415/3415 3720/3720
f 3416/3416 3720/3720 3719/3719
f 3417/3417 3416/3416 3719/3719
f 3417/3417 3719/3719 3718/3718
f 3722/3722 3723/3723 3724/3724
f 3722/3722 3724/3724 3725/3725
f 3419/3419 3418/3418 3724/3724
f 3419/3419 3724/3724 3723/3723
f 3420/3420 3725/3725 3724/3724
f 3420/3420 3724/3724 3418/3418
f 3726/3726 3727/3727 3728/3728
f 3726/3726 3728/3728 3729/3729
f 3422/3422 3421/3421 3728/3728
f 3422/3422 3728/3728 3727/3727
f 3423/3423 3422/3422 3727/3727
f 3423/3423 3727/3727 3726/3726
f 3421/3421 3730/3730 3731/3731
f 3421/3421 3731/3731 3728/3728
f 3732/3732 3425/3425 3733/3733
f 3732/3732 3733/3733 3734/3734
f 3735/3735 3733/3733 3736/3736
f 3735/3735 3736/3736 3737/3737
f 3425/3425 3424/3424 3736/3736
f 3425/3425 3736/3736 3733/3733
f 3426/3426 3737/3737 3736/3736
f 3426/3426 3736/3736 3424/3424
f 3738/3738 3739/3739 3740/3740
f 3738/3738 3740/3740 3741/3741
f 3430/3430 3429/3429 3739/3739
f 3430/3430 3739/3739 3738/3738
f 3742/3742 3743/3743 3744/3744
f 3742/3742 3744/3744 3745/3745
f 3432/3432 3745/3745 3744/3744
f 3432/3432 3744/3744 3433/3433
f 3746/3746 3747/3747 3748/3748
f 3746/3746 3748/3748 3749/3749
f 3438/3438 3437/3437 3747/3747
f 3438/3438 3747/3747 3746/3746
f 3750/3750 3751/3751 3752/3752
f 3750/3750 3752/3752 3753/3753
f 3439/3439 3753/3753 3752/3752
f 3439/3439 3752/3752 3440/3440
f 3747/3747 3754/3754 3755/3755
f 3747/3747 3755/3755 3748/3748
f 3437/3437 3441/3441 3754/3754
f 3437/3437 3754/3754 3747/3747
f 3751/3751 3756/3756 3757/3757
f 3751/3751 3757/3757 3752/3752
f 3440/3440 3752/3752 3757/3757
f 3440/3440 3757/3757 3442/3442
f 3441/3441 3445/3445 3758/3758
f 3441/3441 3758/3758 3754/3754
f 3442/3442 3757/3757 3759/3759
f 3442/3442 3759/3759 3446/3446
f 3451/3451 3453/3453 3760/3760
f 3451/3451 3760/3760 3761/3761
f 3452/3452 3762/3762 3763/3763
f 3452/3452 3763/3763 3454/3454
f 3452/3452 3451/3451 3761/3761
f 3452/3452 3761/3761 3762/3762
f 3454/3454 3763/3763 3764/3764
f 3454/3454 3764/3764 3455/3455
f 3455/3455 3764/3764 3765/3765
f 3455/3455 3765/3765 3766/3766
f 3767/3767 3768/3768 3769/3769
f 3767/3767 3769/3769 3456/3456
f 3456/3456 3769/3769 3770/3770
f 3456/3456 3770/3770 3457/3457
f 3459/3459 3458/3458 3771/3771
f 3459/3459 3771/3771 3772/3772
f 3457/3457 3770/3770 3773/3773
f 3457/3457 3773/3773 3460/3460
f 3460/3460 3773/3773 3771/3771
f 3460/3460 3771/3771 3458/3458
f 3464/3464 3463/3463 3774/3774
f 3464/3464 3774/3774 3775/3775
f 3465/3465 3776/3776 3777/3777
f 3465/3465 3777/3777 3466/3466
f 3468/3468 3467/3467 3778/3778
f 3468/3468 3778/3778 3779/3779
f 3469/3469 3780/3780 3781/3781
f 3469/3469 3781/3781 3470/3470
f 3469/3469 3468/3468 3779/3779
f 3469/3469 3779/3779 3780/3780
f 3467/3467 3471/3471 3782/3782
f 3467/3467 3782/3782 3778/3778
f 3470/3470 3781/3781 3783/3783
f 3470/3470 3783/3783 3472/3472
f 3471/3471 3473/3473 3784/3784
f 3471/3471 3784/3784 3782/3782
f 3472/3472 3783/3783 3785/3785
f 3472/3472 3785/3785 3474/3474
f 3473/3473 3475/3475 3786/3786
f 3473/3473 3786/3786 3784/3784
f 3474/3474 3785/3785 3787/3787
f 3474/3474 3787/3787 3476/3476
f 3475/3475 3477/3477 3788/3788
f 3475/3475 3788/3788 3786/3786
f 3476/3476 3787/3787 3789/3789
f 3476/3476 3789/3789 3478/3478
f 3477/3477 3479/3479 3790/3790
f 3477/3477 3790/3790 3788/3788
f 3479/3479 3480/3480 3791/3791
f 3479/3479 3791/3791 3790/3790
f 3482/3482 3481/3481 3792/3792
f 3482/3482 3792/3792 3793/3793
f 3481/3481 3483/3483 3794/3794
f 3481/3481 3794/3794 3792/3792
f 3483/3483 3484/3484 3795/3795
f 3483/3483 3795/3795 3794/3794
f 3485/3485 3796/3796 3797/3797
f 3485/3485 3797/3797 3486/3486
f 3484/3484 3487/3487 3798/3798
f 3484/3484 3798/3798 3795/3795
f 3486/3486 3797/3797 3799/3799
f 3486/3486 3799/3799 3488/3488
f 3487/3487 3489/3489 3800/3800
f 3487/3487 3800/3800 3798/3798
f 3488/3488 3799/3799 3801/3801
f 3488/3488 3801/3801 3490/3490
f 3489/3489 3491/3491 3802/3802
f 3489/3489 3802/3802 3800/3800
f 3490/3490 3801/3801 3803/3803
f 3490/3490 3803/3803 3492/3492
f 3491/3491 3493/3493 3804/3804
f 3491/3491 3804/3804 3802/3802
f 3492/3492 3803/3803 3805/3805
f 3492/3492 3805/3805 3494/3494
f 3494/3494 3805/3805 3804/3804
f 3494/3494 3804/3804 3493/3493
f 3496/3496 3495/3495 3806/3806
f 3496/3496 3806/3806 3807/3807
f 3497/3497 3808/3808 3809/3809
f 3497/3497 3809/3809 3498/3498
f 3495/3495 3499/3499 3810/3810
f 3495/3495 3810/3810 3806/3806
f 3498/3498 3809/3809 3811/3811
f 3498/3498 3811/3811 3500/3500
f 3812/3812 3813/3813 3814/3814
f 3812/3812 3814/3814 3810/3810
f 3815/3815 3499/3499 3501/3501
f 3815/3815 3501/3501 3816/3816
f 3815/3815 3812/3812 3810/3810
f 3815/3815 3810/3810 3499/3499
f 3815/3815 3816/3816 3813/3813
f 3815/3815 3813/3813 3812/3812
f 3811/3811 3817/3817 3818/3818
f 3811/3811 3818/3818 3819/3819
f 3500/3500 3820/3820 3821/3821
f 3500/3500 3821/3821 3502/3502
f 3500/3500 3811/3811 3819/3819
f 3500/3500 3819/3819 3820/3820
f 3820/3820 3819/3819 3818/3818
f 3820/3820 3818/3818 3821/3821
f 3505/3505 3504/3504 3822/3822
f 3505/3505 3822/3822 3823/3823
f 3506/3506 3505/3505 3823/3823
f 3506/3506 3823/3823 3824/3824
f 3510/3510 3509/3509 3825/3825
f 3510/3510 3825/3825 3826/3826
f 3512/3512 3827/3827 3825/3825
f 3512/3512 3825/3825 3509/3509
f 3828/3828 3829/3829 3830/3830
f 3828/3828 3830/3830 3831/3831
f 3515/3515 3514/3514 3830/3830
f 3515/3515 3830/3830 3829/3829
f 3516/3516 3515/3515 3829/3829
f 3516/3516 3829/3829 3828/3828
f 3514/3514 3832/3832 3833/3833
f 3514/3514 3833/3833 3830/3830
f 3832/3832 3834/3834 3835/3835
f 3832/3832 3835/3835 3833/3833
f 3836/3836 3837/3837 3838/3838
f 3836/3836 3838/3838 3839/3839
f 3837/3837 3519/3519 3840/3840
f 3837/3837 3840/3840 3838/3838
f 3841/3841 3840/3840 3842/3842
f 3841/3841 3842/3842 3843/3843
f 3519/3519 3518/3518 3842/3842
f 3519/3519 3842/3842 3840/3840
f 3520/3520 3843/3843 3842/3842
f 3520/3520 3842/3842 3518/3518
f 3844/3844 3845/3845 3846/3846
f 3844/3844 3846/3846 3847/3847
f 3526/3526 3525/3525 3845/3845
f 3526/3526 3845/3845 3844/3844
f 3847/3847 3846/3846 3848/3848
f 3847/3847 3848/3848 3849/3849
f 3849/3849 3848/3848 3850/3850
f 3849/3849 3850/3850 3851/3851
f 3851/3851 3850/3850 3852/3852
f 3851/3851 3852/3852 3853/3853
f 3527/3527 3853/3853 3852/3852
f 3527/3527 3852/3852 3528/3528
f 3535/3535 3537/3537 3854/3854
f 3535/3535 3854/3854 3855/3855
f 3536/3536 3856/3856 3857/3857
f 3536/3536 3857/3857 3538/3538
f 3536/3536 3535/3535 3855/3855
f 3536/3536 3855/3855 3856/3856
f 3537/3537 3539/3539 3858/3858
f 3537/3537 3858/3858 3854/3854
f 3538/3538 3857/3857 3859/3859
f 3538/3538 3859/3859 3540/3540
f 3539/3539 3541/3541 3860/3860
f 3539/3539 3860/3860 3858/3858
f 3540/3540 3859/3859 3861/3861
f 3540/3540 3861/3861 3542/3542
f 3541/3541 3543/3543 3862/3862
f 3541/3541 3862/3862 3860/3860
f 3542/3542 3861/3861 3863/3863
f 3542/3542 3863/3863 3544/3544
f 3543/3543 3546/3546 3864/3864
f 3543/3543 3864/3864 3862/3862
f 3544/3544 3863/3863 3865/3865
f 3544/3544 3865/3865 3866/3866
f 3546/3546 3547/3547 3867/3867
f 3546/3546 3867/3867 3864/3864
f 3866/3866 3865/3865 3868/3868
f 3866/3866 3868/3868 3869/3869
f 3547/3547 3548/3548 3870/3870
f 3547/3547 3870/3870 3867/3867
f 3548/3548 3549/3549 3871/3871
f 3548/3548 3871/3871 3870/3870
f 3549/3549 3550/3550 3872/3872
f 3549/3549 3872/3872 3871/3871
f 3550/3550 3551/3551 3873/3873
f 3550/3550 3873/3873 3872/3872
f 3551/3551 3552/3552 3874/3874
f 3551/3551 3874/3874 3873/3873
f 3875/3875 3876/3876 3877/3877
f 3875/3875 3877/3877 3878/3878
f 3552/3552 3553/3553 3879/3879
f 3552/3552 3879/3879 3874/3874
f 3878/3878 3877/3877 3880/3880
f 3878/3878 3880/3880 3556/3556
f 3553/3553 3554/3554 3881/3881
f 3553/3553 3881/3881 3879/3879
f 3556/3556 3880/3880 3882/3882
f 3556/3556 3882/3882 3557/3557
f 3554/3554 3558/3558 3883/3883
f 3554/3554 3883/3883 3881/3881
f 3557/3557 3882/3882 3884/3884
f 3557/3557 3884/3884 3559/3559
f 3558/3558 3560/3560 3885/3885
f 3558/3558 3885/3885 3883/3883
f 3559/3559 3884/3884 3886/3886
f 3559/3559 3886/3886 3561/3561
f 3560/3560 3562/3562 3887/3887
f 3560/3560 3887/3887 3885/3885
f 3561/3561 3886/3886 3888/3888
f 3561/3561 3888/3888 3563/3563
f 3563/3563 3888/3888 3887/3887
f 3563/3563 3887/3887 3562/3562
f 3889/3889 3890/3890 3891/3891
f 3889/3889 3891/3891 3892/3892
f 3579/3579 3889/3889 3892/3892
f 3579/3579 3892/3892 3893/3893
f 3579/3579 3578/3578 3890/3890
f 3579/3579 3890/3890 3889/3889
f 3892/3892 3891/3891 3894/3894
f 3892/3892 3894/3894 3895/3895
f 3893/3893 3892/3892 3895/3895
f 3893/3893 3895/3895 3896/3896
f 3895/3895 3894/3894 3897/3897
f 3895/3895 3897/3897 3898/3898
f 3896/3896 3895/3895 3898/3898
f 3896/3896 3898/3898 3899/3899
f 3898/3898 3897/3897 3900/3900
f 3898/3898 3900/3900 3901/3901
f 3899/3899 3898/3898 3901/3901
f 3899/3899 3901/3901 3581/3581
f 3581/3581 3901/3901 3900/3900
f 3581/3581 3900/3900 3582/3582
f 3577/3577 3902/3902 3890/3890
f 3577/3577 3890/3890 3578/3578
f 3577/3577 3588/3588 3903/3903
f 3577/3577 3903/3903 3902/3902
f 3582/3582 3900/3900 3904/3904
f 3582/3582 3904/3904 3583/3583
f 3583/3583 3904/3904 3905/3905
f 3583/3583 3905/3905 3591/3591
f 3906/3906 3907/3907 3908/3908
f 3906/3906 3908/3908 3909/3909
f 3597/3597 3596/3596 3908/3908
f 3597/3597 3908/3908 3907/3907
f 3598/3598 3906/3906 3909/3909
f 3598/3598 3909/3909 3599/3599
f 3598/3598 3597/3597 3907/3907
f 3598/3598 3907/3907 3906/3906
f 3596/3596 3600/3600 3910/3910
f 3596/3596 3910/3910 3908/3908
f 3599/3599 3909/3909 3911/3911
f 3599/3599 3911/3911 3601/3601
f 3600/3600 3603/3603 3912/3912
f 3600/3600 3912/3912 3910/3910
f 3601/3601 3911/3911 3913/3913
f 3601/3601 3913/3913 3604/3604
f 3604/3604 3913/3913 3914/3914
f 3604/3604 3914/3914 3605/3605
f 3605/3605 3914/3914 3915/3915
f 3605/3605 3915/3915 3916/3916
f 3917/3917 3918/3918 3919/3919
f 3917/3917 3919/3919 3606/3606
f 3606/3606 3919/3919 3920/3920
f 3606/3606 3920/3920 3607/3607
f 3610/3610 3609/3609 3921/3921
f 3610/3610 3921/3921 3922/3922
f 3607/3607 3920/3920 3923/3923
f 3607/3607 3923/3923 3611/3611
f 3609/3609 3612/3612 3924/3924
f 3609/3609 3924/3924 3921/3921
f 3611/3611 3923/3923 3925/3925
f 3611/3611 3925/3925 3613/3613
f 3925/3925 3924/3924 3926/3926
f 3925/3925 3926/3926 3927/3927
f 3612/3612 3614/3614 3926/3926
f 3612/3612 3926/3926 3924/3924
f 3613/3613 3925/3925 3927/3927
f 3613/3613 3927/3927 3615/3615
f 3615/3615 3927/3927 3926/3926
f 3615/3615 3926/3926 3614/3614
f 3617/3617 3616/3616 3928/3928
f 3617/3617 3928/3928 3929/3929
f 3618/3618 3617/3617 3929/3929
f 3618/3618 3929/3929 3930/3930
f 3616/3616 3619/3619 3931/3931
f 3616/3616 3931/3931 3928/3928
f 3619/3619 3620/3620 3932/3932
f 3619/3619 3932/3932 3931/3931
f 3620/3620 3621/3621 3933/3933
f 3620/3620 3933/3933 3932/3932
f 3621/3621 3622/3622 3934/3934
f 3621/3621 3934/3934 3933/3933
f 3622/3622 3623/3623 3935/3935
f 3622/3622 3935/3935 3934/3934
f 3623/3623 3624/3624 3936/3936
f 3623/3623 3936/3936 3935/3935
f 3624/3624 3625/3625 3937/3937
f 3624/3624 3937/3937 3936/3936
f 3625/3625 3626/3626 3938/3938
f 3625/3625 3938/3938 3937/3937
f 3626/3626 3627/3627 3939/3939
f 3626/3626 3939/3939 3938/3938
f 3628/3628 3940/3940 3939/3939
f 3628/3628 3939/3939 3627/3627
f 3941/3941 3942/3942 3943/3943
f 3941/3941 3943/3943 3944/3944
f 3941/3941 3945/3945 3946/3946
f 3941/3941 3946/3946 3942/3942
f 3941/3941 3944/3944 3947/3947
f 3941/3941 3947/3947 3945/3945
f 3942/3942 3948/3948 3949/3949
f 3942/3942 3949/3949 3943/3943
f 3942/3942 3946/3946 3950/3950
f 3942/3942 3950/3950 3948/3948
f 3948/3948 3951/3951 3952/3952
f 3948/3948 3952/3952 3949/3949
f 3948/3948 3950/3950 3953/3953
f 3948/3948 3953/3953 3951/3951
f 3951/3951 3954/3954 3955/3955
f 3951/3951 3955/3955 3952/3952
f 3951/3951 3953/3953 3956/3956
f 3951/3951 3956/3956 3954/3954
f 3954/3954 3956/3956 3957/3957
f 3954/3954 3957/3957 3955/3955
f 3958/3958 3959/3959 3960/3960
f 3958/3958 3960/3960 3961/3961
f 3962/3962 3631/3631 3630/3630
f 3962/3962 3630/3630 3963/3963
f 3963/3963 3630/3630 3960/3960
f 3963/3963 3960/3960 3959/3959
f 3962/3962 3958/3958 3961/3961
f 3962/3962 3961/3961 3631/3631
f 3962/3962 3963/3963 3959/3959
f 3962/3962 3959/3959 3958/3958
f 3630/3630 3629/3629 3964/3964
f 3630/3630 3964/3964 3960/3960
f 3631/3631 3961/3961 3965/3965
f 3631/3631 3965/3965 3632/3632
f 3629/3629 3633/3633 3966/3966
f 3629/3629 3966/3966 3964/3964
f 3633/3633 3635/3635 3967/3967
f 3633/3633 3967/3967 3966/3966
f 3635/3635 3637/3637 3968/3968
f 3635/3635 3968/3968 3967/3967
f 3637/3637 3639/3639 3969/3969
f 3637/3637 3969/3969 3968/3968
f 3639/3639 3641/3641 3970/3970
f 3639/3639 3970/3970 3969/3969
f 3640/3640 3971/3971 3972/3972
f 3640/3640 3972/3972 3642/3642
f 3972/3972 3970/3970 3973/3973
f 3972/3972 3973/3973 3974/3974
f 3642/3642 3975/3975 3976/3976
f 3642/3642 3976/3976 3641/3641
f 3641/3641 3976/3976 3973/3973
f 3641/3641 3973/3973 3970/3970
f 3642/3642 3972/3972 3974/3974
f 3642/3642 3974/3974 3975/3975
f 3975/3975 3974/3974 3973/3973
f 3975/3975 3973/3973 3976/3976
f 3977/3977 3978/3978 3979/3979
f 3977/3977 3979/3979 3980/3980
f 3644/3644 3643/3643 3979/3979
f 3644/3644 3979/3979 3978/3978
f 3645/3645 3977/3977 3980/3980
f 3645/3645 3980/3980 3646/3646
f 3645/3645 3644/3644 3978/3978
f 3645/3645 3978/3978 3977/3977
f 3643/3643 3647/3647 3981/3981
f 3643/3643 3981/3981 3979/3979
f 3646/3646 3980/3980 3982/3982
f 3646/3646 3982/3982 3648/3648
f 3647/3647 3983/3983 3984/3984
f 3647/3647 3984/3984 3981/3981
f 3648/3648 3982/3982 3985/3985
f 3648/3648 3985/3985 3649/3649
f 3649/3649 3985/3985 3986/3986
f 3649/3649 3986/3986 3650/3650
f 3650/3650 3986/3986 3987/3987
f 3650/3650 3987/3987 3651/3651
f 3651/3651 3987/3987 3988/3988
f 3651/3651 3988/3988 3652/3652
f 3652/3652 3988/3988 3989/3989
f 3652/3652 3989/3989 3653/3653
f 3653/3653 3989/3989 3990/3990
f 3653/3653 3990/3990 3654/3654
f 3654/3654 3990/3990 3991/3991
f 3654/3654 3991/3991 3655/3655
f 3655/3655 3991/3991 3992/3992
f 3655/3655 3992/3992 3656/3656
f 3656/3656 3992/3992 3993/3993
f 3656/3656 3993/3993 3657/3657
f 3657/3657 3993/3993 3994/3994
f 3657/3657 3994/3994 3658/3658
f 3658/3658 3994/3994 3995/3995
f 3658/3658 3995/3995 3659/3659
f 3996/3996 3662/3662 3997/3997
f 3996/3996 3997/3997 3998/3998
f 3659/3659 3995/3995 3999/3999
f 3659/3659 3999/3999 3660/3660
f 3662/3662 3661/3661 4000/4000
f 3662/3662 4000/4000 3997/3997
f 3660/3660 3999/3999 4001/4001
f 3660/3660 4001/4001 3663/3663
f 4001/4001 4000/4000 4002/4002
f 4001/4001 4002/4002 4003/4003
f 3661/3661 3664/3664 4002/4002
f 3661/3661 4002/4002 4000/4000
f 3663/3663 4001/4001 4003/4003
f 3663/3663 4003/4003 3665/3665
f 3665/3665 4003/4003 4002/4002
f 3665/3665 4002/4002 3664/3664
f 3668/3668 4004/4004 4005/4005
f 3668/3668 4005/4005 4006/4006
f 3669/3669 3668/3668 4006/4006
f 3669/3669 4006/4006 4007/4007
f 4008/4008 3671/3671 4009/4009
f 4008/4008 4009/4009 4010/4010
f 3670/3670 4011/4011 4009/4009
f 3670/3670 4009/4009 3671/3671
f 3677/3677 3676/3676 4012/4012
f 3677/3677 4012/4012 4013/4013
f 3678/3678 4014/4014 4015/4015
f 3678/3678 4015/4015 3679/3679
f 3682/3682 4016/4016 4017/4017
f 3682/3682 4017/4017 3683/3683
f 3682/3682 3684/3684 4018/4018
f 3682/3682 4018/4018 4016/4016
f 3683/3683 4017/4017 4019/4019
f 3683/3683 4019/4019 4020/4020
f 4021/4021 4022/4022 4023/4023
f 4021/4021 4023/4023 3685/3685
f 3685/3685 4023/4023 4024/4024
f 3685/3685 4024/4024 3686/3686
f 3686/3686 4024/4024 4025/4025
f 3686/3686 4025/4025 3687/3687
f 4026/4026 4027/4027 4028/4028
f 4026/4026 4028/4028 4029/4029
f 3688/3688 4026/4026 4029/4029
f 3688/3688 4029/4029 3689/3689
f 3688/3688 3690/3690 4027/4027
f 3688/3688 4027/4027 4026/4026
f 3689/3689 4029/4029 4030/4030
f 3689/3689 4030/4030 3691/3691
f 3694/3694 4031/4031 4032/4032
f 3694/3694 4032/4032 3695/3695
f 4032/4032 4033/4033 4034/4034
f 4032/4032 4034/4034 4035/4035
f 3695/3695 4032/4032 4035/4035
f 3695/3695 4035/4035 3696/3696
f 3696/3696 4035/4035 4034/4034
f 3696/3696 4034/4034 3697/3697
f 4036/4036 4037/4037 4038/4038
f 4036/4036 4038/4038 4039/4039
f 3698/3698 4036/4036 4039/4039
f 3698/3698 4039/4039 3699/3699
f 3698/3698 3700/3700 4037/4037
f 3698/3698 4037/4037 4036/4036
f 4040/4040 4041/4041 4042/4042
f 4040/4040 4042/4042 4043/4043
f 3701/3701 4040/4040 4043/4043
f 3701/3701 4043/4043 3702/3702
f 3702/3702 4043/4043 4042/4042
f 3702/3702 4042/4042 3703/3703
f 4037/4037 4044/4044 4045/4045
f 4037/4037 4045/4045 4038/4038
f 3700/3700 3704/3704 4044/4044
f 3700/3700 4044/4044 4037/4037
f 4041/4041 4046/4046 4047/4047
f 4041/4041 4047/4047 4042/4042
f 3703/3703 4042/4042 4047/4047
f 3703/3703 4047/4047 3705/3705
f 3707/3707 3706/3706 4048/4048
f 3707/3707 4048/4048 4049/4049
f 3708/3708 4050/4050 4051/4051
f 3708/3708 4051/4051 3709/3709
f 3711/3711 3710/3710 4052/4052
f 3711/3711 4052/4052 4053/4053
f 3706/3706 3711/3711 4053/4053
f 3706/3706 4053/4053 4048/4048
f 3713/3713 3712/3712 4054/4054
f 3713/3713 4054/4054 4055/4055
f 3709/3709 4051/4051 4054/4054
f 3709/3709 4054/4054 3712/3712
f 4056/4056 4057/4057 4058/4058
f 4056/4056 4058/4058 4059/4059
f 3714/3714 4060/4060 4058/4058
f 3714/3714 4058/4058 4057/4057
f 3715/3715 3714/3714 4057/4057
f 3715/3715 4057/4057 4056/4056
f 4061/4061 4062/4062 4063/4063
f 4061/4061 4063/4063 4064/4064
f 4065/4065 3717/3717 4063/4063
f 4065/4065 4063/4063 4062/4062
f 3716/3716 4064/4064 4063/4063
f 3716/3716 4063/4063 3717/3717
f 3720/3720 4066/4066 4067/4067
f 3720/3720 4067/4067 4068/4068
f 3721/3721 3720/3720 4068/4068
f 3721/3721 4068/4068 4069/4069
f 4070/4070 3723/3723 4071/4071
f 4070/4070 4071/4071 4072/4072
f 3722/3722 4073/4073 4071/4071
f 3722/3722 4071/4071 3723/3723
f 3728/3728 3731/3731 4074/4074
f 3728/3728 4074/4074 4075/4075
f 3729/3729 3728/3728 4075/4075
f 3729/3729 4075/4075 4076/4076
f 3731/3731 4077/4077 4078/4078
f 3731/3731 4078/4078 4074/4074
f 4079/4079 3734/3734 4080/4080
f 4079/4079 4080/4080 4081/4081
f 3734/3734 3733/3733 4082/4082
f 3734/3734 4082/4082 4080/4080
f 3735/3735 4083/4083 4082/4082
f 3735/3735 4082/4082 3733/3733
f 4084/4084 4085/4085 4086/4086
f 4084/4084 4086/4086 4087/4087
f 3741/3741 3740/3740 4085/4085
f 3741/3741 4085/4085 4084/4084
f 4088/4088 4089/4089 4090/4090
f 4088/4088 4090/4090 4091/4091
f 3742/3742 4091/4091 4090/4090
f 3742/3742 4090/4090 3743/3743
f 4092/4092 4093/4093 4094/4094
f 4092/4092 4094/4094 4095/4095
f 3749/3749 3748/3748 4093/4093
f 3749/3749 4093/4093 4092/4092
f 4095/4095 4094/4094 4096/4096
f 4095/4095 4096/4096 4097/4097
f 4098/4098 4099/4099 4100/4100
f 4098/4098 4100/4100 4101/4101
f 4101/4101 4100/4100 4102/4102
f 4101/4101 4102/4102 4103/4103
f 3750/3750 4103/4103 4102/4102
f 3750/3750 4102/4102 3751/3751
f 4093/4093 4104/4104 4105/4105
f 4093/4093 4105/4105 4094/4094
f 3748/3748 3755/3755 4104/4104
f 3748/3748 4104/4104 4093/4093
f 4094/4094 4105/4105 4106/4106
f 4094/4094 4106/4106 4096/4096
f 4099/4099 4107/4107 4108/4108
f 4099/4099 4108/4108 4100/4100
f 4100/4100 4108/4108 4109/4109
f 4100/4100 4109/4109 4102/4102
f 3751/3751 4102/4102 4109/4109
f 3751/3751 4109/4109 3756/3756
f 4110/4110 4111/4111 4112/4112
f 4110/4110 4112/4112 4104/4104
f 3754/3754 4110/4110 4104/4104
f 3754/3754 4104/4104 3755/3755
f 3754/3754 3758/3758 4111/4111
f 3754/3754 4111/4111 4110/4110
f 4109/4109 4113/4113 4114/4114
f 4109/4109 4114/4114 4115/4115
f 3756/3756 4109/4109 4115/4115
f 3756/3756 4115/4115 3757/3757
f 3757/3757 4115/4115 4114/4114
f 3757/3757 4114/4114 3759/3759
f 4116/4116 4117/4117 4118/4118
f 4116/4116 4118/4118 4119/4119
f 3761/3761 3760/3760 4118/4118
f 3761/3761 4118/4118 4117/4117
f 3762/3762 4116/4116 4119/4119
f 3762/3762 4119/4119 3763/3763
f 3762/3762 3761/3761 4117/4117
f 3762/3762 4117/4117 4116/4116
f 3763/3763 4119/4119 4120/4120
f 3763/3763 4120/4120 3764/3764
f 3764/3764 4120/4120 4121/4121
f 3764/3764 4121/4121 3765/3765
f 3768/3768 4122/4122 4123/4123
f 3768/3768 4123/4123 3769/3769
f 3769/3769 4123/4123 4124/4124
f 3769/3769 4124/4124 3770/3770
f 4124/4124 4125/4125 4126/4126
f 4124/4124 4126/4126 4127/4127
f 3772/3772 3771/3771 4126/4126
f 3772/3772 4126/4126 4125/4125
f 3770/3770 4124/4124 4127/4127
f 3770/3770 4127/4127 3773/3773
f 3773/3773 4127/4127 4126/4126
f 3773/3773 4126/4126 3771/3771
f 3775/3775 3774/3774 4128/4128
f 3775/3775 4128/4128 4129/4129
f 3776/3776 4130/4130 4131/4131
f 3776/3776 4131/4131 3777/3777
f 3779/3779 3778/3778 4132/4132
f 3779/3779 4132/4132 4133/4133
f 3780/3780 4134/4134 4135/4135
f 3780/3780 4135/4135 3781/3781
f 3780/3780 3779/3779 4133/4133
f 3780/3780 4133/4133 4134/4134
f 3778/3778 3782/3782 4136/4136
f 3778/3778 4136/4136 4132/4132
f 3781/3781 4135/4135 4137/4137
f 3781/3781 4137/4137 3783/3783
f 3782/3782 3784/3784 4138/4138
f 3782/3782 4138/4138 4136/4136
f 3783/3783 4137/4137 4139/4139
f 3783/3783 4139/4139 3785/3785
f 3784/3784 3786/3786 4140/4140
f 3784/3784 4140/4140 4138/4138
f 3785/3785 4139/4139 4141/4141
f 3785/3785 4141/4141 3787/3787
f 3786/3786 3788/3788 4142/4142
f 3786/3786 4142/4142 4140/4140
f 3787/3787 4141/4141 4143/4143
f 3787/3787 4143/4143 3789/3789
f 3788/3788 3790/3790 4144/4144
f 3788/3788 4144/4144 4142/4142
f 3792/3792 3794/3794 4145/4145
f 3792/3792 4145/4145 4146/4146
f 3794/3794 3795/3795 4147/4147
f 3794/3794 4147/4147 4145/4145
f 3796/3796 4148/4148 4149/4149
f 3796/3796 4149/4149 3797/3797
f 3795/3795 3798/3798 4150/4150
f 3795/3795 4150/4150 4147/4147
f 3797/3797 4149/4149 4151/4151
f 3797/3797 4151/4151 3799/3799
f 3798/3798 3800/3800 4152/4152
f 3798/3798 4152/4152 4150/4150
f 3799/3799 4151/4151 4153/4153
f 3799/3799 4153/4153 3801/3801
f 3800/3800 3802/3802 4154/4154
f 3800/3800 4154/4154 4152/4152
f 3801/3801 4153/4153 4155/4155
f 3801/3801 4155/4155 3803/3803
f 3802/3802 3804/3804 4156/4156
f 3802/3802 4156/4156 4154/4154
f 3803/3803 4155/4155 4157/4157
f 3803/3803 4157/4157 3805/3805
f 3805/3805 4157/4157 4156/4156
f 3805/3805 4156/4156 3804/3804
f 4158/4158 4159/4159 4160/4160
f 4158/4158 4160/4160 4161/4161
f 4162/4162 3807/3807 3806/3806
f 4162/4162 3806/3806 4163/4163
f 4162/4162 4163/4163 4159/4159
f 4162/4162 4159/4159 4158/4158
f 4164/4164 4165/4165 4166/4166
f 4164/4164 4166/4166 4167/4167
f 3808/3808 4168/4168 4169/4169
f 3808/3808 4169/4169 3809/3809
f 4168/4168 4167/4167 4166/4166
f 4168/4168 4166/4166 4169/4169
f 4159/4159 4170/4170 4171/4171
f 4159/4159 4171/4171 4160/4160
f 4163/4163 3806/3806 3810/3810
f 4163/4163 3810/3810 3812/3812
f 3812/3812 3810/3810 4171/4171
f 3812/3812 4171/4171 4170/4170
f 4163/4163 3812/3812 4170/4170
f 4163/4163 4170/4170 4159/4159
f 4165/4165 4172/4172 4173/4173
f 4165/4165 4173/4173 4166/4166
f 3809/3809 4169/4169 3819/3819
f 3809/3809 3819/3819 3811/3811
f 3811/3811 3819/3819 4173/4173
f 3811/3811 4173/4173 4172/4172
f 4169/4169 4166/4166 4173/4173
f 4169/4169 4173/4173 3819/3819
f 3810/3810 3814/3814 4174/4174
f 3810/3810 4174/4174 4171/4171
f 3811/3811 4172/4172 4175/4175
f 3811/3811 4175/4175 3817/3817
f 4176/4176 4177/4177 4178/4178
f 4176/4176 4178/4178 4179/4179
f 3823/3823 3822/3822 4178/4178
f 3823/3823 4178/4178 4177/4177
f 3824/3824 4176/4176 4179/4179
f 3824/3824 4179/4179 4180/4180
f 3824/3824 3823/3823 4177/4177
f 3824/3824 4177/4177 4176/4176
f 3822/3822 4181/4181 4182/4182
f 3822/3822 4182/4182 4178/4178
f 4183/4183 3826/3826 4184/4184
f 4183/4183 4184/4184 4185/4185
f 4186/4186 4184/4184 4187/4187
f 4186/4186 4187/4187 4188/4188
f 3826/3826 3825/3825 4187/4187
f 3826/3826 4187/4187 4184/4184
f 4189/4189 4186/4186 4188/4188
f 4189/4189 4188/4188 3827/3827
f 3827/3827 4188/4188 4187/4187
f 3827/3827 4187/4187 3825/3825
f 4190/4190 4191/4191 4192/4192
f 4190/4190 4192/4192 4193/4193
f 3830/3830 3833/3833 4192/4192
f 3830/3830 4192/4192 4191/4191
f 3831/3831 3830/3830 4191/4191
f 3831/3831 4191/4191 4190/4190
f 4193/4193 4192/4192 4194/4194
f 4193/4193 4194/4194 4195/4195
f 3833/3833 3835/3835 4194/4194
f 3833/3833 4194/4194 4192/4192
f 3835/3835 4196/4196 4197/4197
f 3835/3835 4197/4197 4194/4194
f 4196/4196 4198/4198 4199/4199
f 4196/4196 4199/4199 4197/4197
f 4198/4198 4200/4200 4201/4201
f 4198/4198 4201/4201 4199/4199
f 4200/4200 3839/3839 4202/4202
f 4200/4200 4202/4202 4201/4201
f 4203/4203 4202/4202 4204/4204
f 4203/4203 4204/4204 4205/4205
f 3839/3839 3838/3838 4204/4204
f 3839/3839 4204/4204 4202/4202
f 4205/4205 4204/4204 4206/4206
f 4205/4205 4206/4206 4207/4207
f 3838/3838 3840/3840 4206/4206
f 3838/3838 4206/4206 4204/4204
f 3841/3841 4207/4207 4206/4206
f 3841/3841 4206/4206 3840/3840
f 4208/4208 4209/4209 4210/4210
f 4208/4208 4210/4210 4211/4211
f 3855/3855 3854/3854 4210/4210
f 3855/3855 4210/4210 4209/4209
f 3856/3856 4208/4208 4211/4211
f 3856/3856 4211/4211 3857/3857
f 3856/3856 3855/3855 4209/4209
f 3856/3856 4209/4209 4208/4208
f 3854/3854 3858/3858 4212/4212
f 3854/3854 4212/4212 4210/4210
f 3857/3857 4211/4211 4213/4213
f 3857/3857 4213/4213 3859/3859
f 3858/3858 3860/3860 4214/4214
f 3858/3858 4214/4214 4212/4212
f 3859/3859 4213/4213 4215/4215
f 3859/3859 4215/4215 3861/3861
f 3860/3860 3862/3862 4216/4216
f 3860/3860 4216/4216 4214/4214
f 3861/3861 4215/4215 4217/4217
f 3861/3861 4217/4217 3863/3863
f 3862/3862 3864/3864 4218/4218
f 3862/3862 4218/4218 4216/4216
f 3863/3863 4217/4217 4219/4219
f 3863/3863 4219/4219 3865/3865
f 3864/3864 3867/3867 4220/4220
f 3864/3864 4220/4220 4218/4218
f 3865/3865 4219/4219 4221/4221
f 3865/3865 4221/4221 3868/3868
f 3867/3867 3870/3870 4222/4222
f 3867/3867 4222/4222 4220/4220
f 3868/3868 4221/4221 4223/4223
f 3868/3868 4223/4223 4224/4224
f 3870/3870 3871/3871 4225/4225
f 3870/3870 4225/4225 4222/4222
f 4224/4224 4223/4223 4226/4226
f 4224/4224 4226/4226 4227/4227
f 3871/3871 3872/3872 4228/4228
f 3871/3871 4228/4228 4225/4225
f 4227/4227 4226/4226 4229/4229
f 4227/4227 4229/4229 4230/4230
f 3872/3872 3873/3873 4231/4231
f 3872/3872 4231/4231 4228/4228
f 4230/4230 4229/4229 4232/4232
f 4230/4230 4232/4232 3876/3876
f 3873/3873 3874/3874 4233/4233
f 3873/3873 4233/4233 4231/4231
f 3876/3876 4232/4232 4234/4234
f 3876/3876 4234/4234 3877/3877
f 3874/3874 3879/3879 4235/4235
f 3874/3874 4235/4235 4233/4233
f 3877/3877 4234/4234 4236/4236
f 3877/3877 4236/4236 3880/3880
f 3879/3879 3881/3881 4237/4237
f 3879/3879 4237/4237 4235/4235
f 3880/3880 4236/4236 4238/4238
f 3880/3880 4238/4238 3882/3882
f 3881/3881 3883/3883 4239/4239
f 3881/3881 4239/4239 4237/4237
f 3882/3882 4238/4238 4240/4240
f 3882/3882 4240/4240 3884/3884
f 3883/3883 3885/3885 4241/4241
f 3883/3883 4241/4241 4239/4239
f 3884/3884 4240/4240 4242/4242
f 3884/3884 4242/4242 3886/3886
f 4242/4242 4241/4241 4243/4243
f 4242/4242 4243/4243 4244/4244
f 3885/3885 3887/3887 4243/4243
f 3885/3885 4243/4243 4241/4241
f 3886/3886 4242/4242 4244/4244
f 3886/3886 4244/4244 3888/3888
f 3888/3888 4244/4244 4243/4243
f 3888/3888 4243/4243 3887/3887
f 4245/4245 4246/4246 4247/4247
f 4245/4245 4247/4247 4248/4248
f 3902/3902 4245/4245 4248/4248
f 3902/3902 4248/4248 3890/3890
f 3902/3902 3903/3903 4246/4246
f 3902/3902 4246/4246 4245/4245
f 3890/3890 4248/4248 4249/4249
f 3890/3890 4249/4249 3891/3891
f 3891/3891 4249/4249 4250/4250
f 3891/3891 4250/4250 3894/3894
f 3894/3894 4250/4250 4251/4251
f 3894/3894 4251/4251 3897/3897
f 3897/3897 4251/4251 4252/4252
f 3897/3897 4252/4252 3900/3900
f 4252/4252 4253/4253 4254/4254
f 4252/4252 4254/4254 4255/4255
f 3900/3900 4252/4252 4255/4255
f 3900/3900 4255/4255 3904/3904
f 3904/3904 4255/4255 4254/4254
f 3904/3904 4254/4254 3905/3905
f 3908/3908 3910/3910 4256/4256
f 3908/3908 4256/4256 4257/4257
f 3909/3909 4258/4258 4259/4259
f 3909/3909 4259/4259 3911/3911
f 3909/3909 3908/3908 4257/4257
f 3909/3909 4257/4257 4258/4258
f 3910/3910 3912/3912 4260/4260
f 3910/3910 4260/4260 4256/4256
f 3911/3911 4259/4259 4261/4261
f 3911/3911 4261/4261 3913/3913
f 3913/3913 4261/4261 4262/4262
f 3913/3913 4262/4262 3914/3914
f 3914/3914 4262/4262 4263/4263
f 3914/3914 4263/4263 3915/3915
f 3918/3918 4264/4264 4265/4265
f 3918/3918 4265/4265 3919/3919
f 3919/3919 4265/4265 4266/4266
f 3919/3919 4266/4266 3920/3920
f 3922/3922 3921/3921 4267/4267
f 3922/3922 4267/4267 4268/4268
f 3920/3920 4266/4266 4269/4269
f 3920/3920 4269/4269 3923/3923
f 3921/3921 3924/3924 4270/4270
f 3921/3921 4270/4270 4267/4267
f 3923/3923 4269/4269 4271/4271
f 3923/3923 4271/4271 3925/3925
f 3925/3925 4271/4271 4270/4270
f 3925/3925 4270/4270 3924/3924
f 4272/4272 4273/4273 4274/4274
f 4272/4272 4274/4274 4275/4275
f 3929/3929 3928/3928 4274/4274
f 3929/3929 4274/4274 4273/4273
f 3930/3930 3929/3929 4273/4273
f 3930/3930 4273/4273 4272/4272
f 3928/3928 3931/3931 4276/4276
f 3928/3928 4276/4276 4274/4274
f 3931/3931 3932/3932 4277/4277
f 3931/3931 4277/4277 4276/4276
f 3932/3932 3933/3933 4278/4278
f 3932/3932 4278/4278 4277/4277
f 3933/3933 3934/3934 4279/4279
f 3933/3933 4279/4279 4278/4278
f 3934/3934 3935/3935 4280/4280
f 3934/3934 4280/4280 4279/4279
f 3935/3935 3936/3936 4281/4281
f 3935/3935 4281/4281 4280/4280
f 3936/3936 3937/3937 4282/4282
f 3936/3936 4282/4282 4281/4281
f 3937/3937 3938/3938 4283/4283
f 3937/3937 4283/4283 4282/4282
f 4284/4284 4283/4283 4285/4285
f 4284/4284 4285/4285 4286/4286
f 3938/3938 3939/3939 4285/4285
f 3938/3938 4285/4285 4283/4283
f 3940/3940 4286/4286 4285/4285
f 3940/3940 4285/4285 3939/3939
f 3945/3945 4287/4287 4288/4288
f 3945/3945 4288/4288 3946/3946
f 3945/3945 3947/3947 4289/4289
f 3945/3945 4289/4289 4287/4287
f 3946/3946 4288/4288 4290/4290
f 3946/3946 4290/4290 3950/3950
f 3950/3950 4290/4290 4291/4291
f 3950/3950 4291/4291 3953/3953
f 3953/3953 4291/4291 4292/4292
f 3953/3953 4292/4292 3956/3956
f 3956/3956 4292/4292 4293/4293
f 3956/3956 4293/4293 3957/3957
f 3960/3960 3964/3964 4294/4294
f 3960/3960 4294/4294 4295/4295
f 3961/3961 4296/4296 4297/4297
f 3961/3961 4297/4297 3965/3965
f 3961/3961 3960/3960 4295/4295
f 3961/3961 4295/4295 4296/4296
f 3964/3964 3966/3966 4298/4298
f 3964/3964 4298/4298 4294/4294
f 3966/3966 3967/3967 4299/4299
f 3966/3966 4299/4299 4298/4298
f 3967/3967 3968/3968 4300/4300
f 3967/3967 4300/4300 4299/4299
f 3968/3968 3969/3969 4301/4301
f 3968/3968 4301/4301 4300/4300
f 3969/3969 3970/3970 4302/4302
f 3969/3969 4302/4302 4301/4301
f 3971/3971 4303/4303 4304/4304
f 3971/3971 4304/4304 3972/3972
f 3972/3972 4304/4304 4302/4302
f 3972/3972 4302/4302 3970/3970
f 3979/3979 3981/3981 4305/4305
f 3979/3979 4305/4305 4306/4306
f 3980/3980 4307/4307 4308/4308
f 3980/3980 4308/4308 3982/3982
f 3980/3980 3979/3979 4306/4306
f 3980/3980 4306/4306 4307/4307
f 3981/3981 3984/3984 4309/4309
f 3981/3981 4309/4309 4305/4305
f 3982/3982 4308/4308 4310/4310
f 3982/3982 4310/4310 3985/3985
f 3985/3985 4310/4310 4311/4311
f 3985/3985 4311/4311 3986/3986
f 3986/3986 4311/4311 4312/4312
f 3986/3986 4312/4312 3987/3987
f 3987/3987 4312/4312 4313/4313
f 3987/3987 4313/4313 3988/3988
f 3988/3988 4313/4313 4314/4314
f 3988/3988 4314/4314 3989/3989
f 3989/3989 4314/4314 4315/4315
f 3989/3989 4315/4315 3990/3990
f 3990/3990 4315/4315 4316/4316
f 3990/3990 4316/4316 3991/3991
f 3991/3991 4316/4316 4317/4317
f 3991/3991 4317/4317 3992/3992
f 3992/3992 4317/4317 4318/4318
f 3992/3992 4318/4318 3993/3993
f 3993/3993 4318/4318 4319/4319
f 3993/3993 4319/4319 3994/3994
f 3994/3994 4319/4319 4320/4320
f 3994/3994 4320/4320 3995/3995
f 3998/3998 3997/3997 4321/4321
f 3998/3998 4321/4321 4322/4322
f 3995/3995 4320/4320 4323/4323
f 3995/3995 4323/4323 3999/3999
f 3997/3997 4000/4000 4324/4324
f 3997/3997 4324/4324 4321/4321
f 3999/3999 4323/4323 4325/4325
f 3999/3999 4325/4325 4001/4001
f 4001/4001 4325/4325 4324/4324
f 4001/4001 4324/4324 4000/4000
f 4326/4326 4327/4327 4328/4328
f 4326/4326 4328/4328 4329/4329
f 4006/4006 4005/4005 4328/4328
f 4006/4006 4328/4328 4327/4327
f 4007/4007 4006/4006 4327/4327
f 4007/4007 4327/4327 4326/4326
f 4330/4330 4331/4331 4332/4332
f 4330/4330 4332/4332 4333/4333
f 4010/4010 4009/4009 4332/4332
f 4010/4010 4332/4332 4331/4331
f 4011/4011 4333/4333 4332/4332
f 4011/4011 4332/4332 4009/4009
f 4334/4334 4335/4335 4336/4336
f 4334/4334 4336/4336 4337/4337
f 4013/4013 4012/4012 4335/4335
f 4013/4013 4335/4335 4334/4334
f 4337/4337 4336/4336 4338/4338
f 4337/4337 4338/4338 4339/4339
f 4340/4340 4341/4341 4342/4342
f 4340/4340 4342/4342 4343/4343
f 4343/4343 4342/4342 4344/4344
f 4343/4343 4344/4344 4345/4345
f 4014/4014 4345/4345 4344/4344
f 4014/4014 4344/4344 4015/4015
f 4346/4346 4347/4347 4348/4348
f 4346/4346 4348/4348 4349/4349
f 4016/4016 4346/4346 4349/4349
f 4016/4016 4349/4349 4017/4017
f 4016/4016 4018/4018 4347/4347
f 4016/4016 4347/4347 4346/4346
f 4017/4017 4349/4349 4350/4350
f 4017/4017 4350/4350 4019/4019
f 4022/4022 4351/4351 4352/4352
f 4022/4022 4352/4352 4023/4023
f 4352/4352 4353/4353 4354/4354
f 4352/4352 4354/4354 4355/4355
f 4023/4023 4352/4352 4355/4355
f 4023/4023 4355/4355 4024/4024
f 4024/4024 4355/4355 4354/4354
f 4024/4024 4354/4354 4025/4025
f 4029/4029 4356/4356 4357/4357
f 4029/4029 4357/4357 4030/4030
f 4029/4029 4028/4028 4358/4358
f 4029/4029 4358/4358 4356/4356
f 4031/4031 4359/4359 4360/4360
f 4031/4031 4360/4360 4032/4032
f 4032/4032 4360/4360 4361/4361
f 4032/4032 4361/4361 4033/4033
f 4039/4039 4362/4362 4363/4363
f 4039/4039 4363/4363 4364/4364
f 4039/4039 4038/4038 4365/4365
f 4039/4039 4365/4365 4362/4362
f 4366/4366 4367/4367 4368/4368
f 4366/4366 4368/4368 4040/4040
f 4040/4040 4368/4368 4369/4369
f 4040/4040 4369/4369 4041/4041
f 4038/4038 4045/4045 4370/4370
f 4038/4038 4370/4370 4365/4365
f 4041/4041 4369/4369 4371/4371
f 4041/4041 4371/4371 4046/4046
f 4372/4372 4373/4373 4374/4374
f 4372/4372 4374/4374 4375/4375
f 4049/4049 4372/4372 4375/4375
f 4049/4049 4375/4375 4376/4376
f 4049/4049 4048/4048 4373/4373
f 4049/4049 4373/4373 4372/4372
f 4377/4377 4378/4378 4379/4379
f 4377/4377 4379/4379 4380/4380
f 4381/4381 4377/4377 4380/4380
f 4381/4381 4380/4380 4050/4050
f 4050/4050 4380/4380 4379/4379
f 4050/4050 4379/4379 4051/4051
f 4373/4373 4382/4382 4383/4383
f 4373/4373 4383/4383 4374/4374
f 4053/4053 4052/4052 4383/4383
f 4053/4053 4383/4383 4382/4382
f 4048/4048 4053/4053 4382/4382
f 4048/4048 4382/4382 4373/4373
f 4052/4052 4384/4384 4385/4385
f 4052/4052 4385/4385 4383/4383
f 4386/4386 4055/4055 4387/4387
f 4386/4386 4387/4387 4388/4388
f 4378/4378 4387/4387 4389/4389
f 4378/4378 4389/4389 4379/4379
f 4055/4055 4054/4054 4389/4389
f 4055/4055 4389/4389 4387/4387
f 4051/4051 4379/4379 4389/4389
f 4051/4051 4389/4389 4054/4054
f 4390/4390 4391/4391 4392/4392
f 4390/4390 4392/4392 4393/4393
f 4059/4059 4058/4058 4391/4391
f 4059/4059 4391/4391 4390/4390
f 4394/4394 4395/4395 4396/4396
f 4394/4394 4396/4396 4397/4397
f 4061/4061 4397/4397 4396/4396
f 4061/4061 4396/4396 4062/4062
f 4398/4398 4399/4399 4400/4400
f 4398/4398 4400/4400 4401/4401
f 4068/4068 4067/4067 4400/4400
f 4068/4068 4400/4400 4399/4399
f 4069/4069 4068/4068 4399/4399
f 4069/4069 4399/4399 4398/4398
f 4402/4402 4403/4403 4404/4404
f 4402/4402 4404/4404 4405/4405
f 4072/4072 4071/4071 4404/4404
f 4072/4072 4404/4404 4403/4403
f 4073/4073 4405/4405 4404/4404
f 4073/4073 4404/4404 4071/4071
f 4406/4406 4407/4407 4408/4408
f 4406/4406 4408/4408 4409/4409
f 4075/4075 4074/4074 4408/4408
f 4075/4075 4408/4408 4407/4407
f 4076/4076 4075/4075 4407/4407
f 4076/4076 4407/4407 4406/4406
f 4074/4074 4078/4078 4410/4410
f 4074/4074 4410/4410 4408/4408
f 4078/4078 4411/4411 4412/4412
f 4078/4078 4412/4412 4410/4410
f 4413/4413 4081/4081 4414/4414
f 4413/4413 4414/4414 4415/4415
f 4081/4081 4080/4080 4416/4416
f 4081/4081 4416/4416 4414/4414
f 4417/4417 4416/4416 4418/4418
f 4417/4417 4418/4418 4419/4419
f 4080/4080 4082/4082 4418/4418
f 4080/4080 4418/4418 4416/4416
f 4083/4083 4419/4419 4418/4418
f 4083/4083 4418/4418 4082/4082
f 4420/4420 4421/4421 4422/4422
f 4420/4420 4422/4422 4423/4423
f 4086/4086 4424/4424 4422/4422
f 4086/4086 4422/4422 4421/4421
f 4087/4087 4086/4086 4421/4421
f 4087/4087 4421/4421 4420/4420
f 4423/4423 4422/4422 4425/4425
f 4423/4423 4425/4425 4426/4426
f 4426/4426 4425/4425 4427/4427
f 4426/4426 4427/4427 4428/4428
f 4428/4428 4427/4427 4429/4429
f 4428/4428 4429/4429 4430/4430
f 4430/4430 4429/4429 4431/4431
f 4430/4430 4431/4431 4432/4432
f 4432/4432 4431/4431 4433/4433
f 4432/4432 4433/4433 4434/4434
f 4435/4435 4089/4089 4433/4433
f 4435/4435 4433/4433 4431/4431
f 4088/4088 4434/4434 4433/4433
f 4088/4088 4433/4433 4089/4089
f 4436/4436 4437/4437 4438/4438
f 4436/4436 4438/4438 4439/4439
f 4097/4097 4096/4096 4437/4437
f 4097/4097 4437/4437 4436/4436
f 4439/4439 4438/4438 4440/4440
f 4439/4439 4440/4440 4441/4441
f 4441/4441 4440/4440 4442/4442
f 4441/4441 4442/4442 4443/4443
f 4443/4443 4442/4442 4444/4444
f 4443/4443 4444/4444 4445/4445
f 4098/4098 4445/4445 4444/4444
f 4098/4098 4444/4444 4099/4099
f 4437/4437 4446/4446 4447/4447
f 4437/4437 4447/4447 4438/4438
f 4096/4096 4106/4106 4446/4446
f 4096/4096 4446/4446 4437/4437
f 4438/4438 4447/4447 4448/4448
f 4438/4438 4448/4448 4440/4440
f 4440/4440 4448/4448 4449/4449
f 4440/4440 4449/4449 4442/4442
f 4442/4442 4449/4449 4450/4450
f 4442/4442 4450/4450 4444/4444
f 4099/4099 4444/4444 4450/4450
f 4099/4099 4450/4450 4107/4107
f 4451/4451 4452/4452 4453/4453
f 4451/4451 4453/4453 4454/4454
f 4104/4104 4451/4451 4454/4454
f 4104/4104 4454/4454 4105/4105
f 4104/4104 4112/4112 4452/4452
f 4104/4104 4452/4452 4451/4451
f 4454/4454 4453/4453 4455/4455
f 4454/4454 4455/4455 4446/4446
f 4105/4105 4454/4454 4446/4446
f 4105/4105 4446/4446 4106/4106
f 4450/4450 4456/4456 4457/4457
f 4450/4450 4457/4457 4458/4458
f 4107/4107 4450/4450 4458/4458
f 4107/4107 4458/4458 4108/4108
f 4458/4458 4457/4457 4459/4459
f 4458/4458 4459/4459 4460/4460
f 4108/4108 4458/4458 4460/4460
f 4108/4108 4460/4460 4109/4109
f 4109/4109 4460/4460 4459/4459
f 4109/4109 4459/4459 4113/4113
f 4119/4119 4461/4461 4462/4462
f 4119/4119 4462/4462 4120/4120
f 4119/4119 4118/4118 4463/4463
f 4119/4119 4463/4463 4461/4461
f 4120/4120 4462/4462 4464/4464
f 4120/4120 4464/4464 4121/4121
f 4121/4121 4464/4464 4465/4465
f 4121/4121 4465/4465 4466/4466
f 4467/4467 4468/4468 4469/4469
f 4467/4467 4469/4469 4122/4122
f 4122/4122 4469/4469 4470/4470
f 4122/4122 4470/4470 4123/4123
f 4123/4123 4470/4470 4471/4471
f 4123/4123 4471/4471 4124/4124
f 4124/4124 4471/4471 4472/4472
f 4124/4124 4472/4472 4125/4125
f 4473/4473 4474/4474 4475/4475
f 4473/4473 4475/4475 4476/4476
f 4129/4129 4128/4128 4474/4474
f 4129/4129 4474/4474 4473/4473
f 4477/4477 4478/4478 4479/4479
f 4477/4477 4479/4479 4480/4480
f 4130/4130 4480/4480 4479/4479
f 4130/4130 4479/4479 4131/4131
f 4133/4133 4132/4132 4481/4481
f 4133/4133 4481/4481 4482/4482
f 4134/4134 4483/4483 4484/4484
f 4134/4134 4484/4484 4135/4135
f 4134/4134 4133/4133 4482/4482
f 4134/4134 4482/4482 4483/4483
f 4132/4132 4136/4136 4485/4485
f 4132/4132 4485/4485 4481/4481
f 4135/4135 4484/4484 4486/4486
f 4135/4135 4486/4486 4137/4137
f 4136/4136 4138/4138 4487/4487
f 4136/4136 4487/4487 4485/4485
f 4137/4137 4486/4486 4488/4488
f 4137/4137 4488/4488 4139/4139
f 4138/4138 4140/4140 4489/4489
f 4138/4138 4489/4489 4487/4487
f 4139/4139 4488/4488 4490/4490
f 4139/4139 4490/4490 4141/4141
f 4140/4140 4142/4142 4491/4491
f 4140/4140 4491/4491 4489/4489
f 4141/4141 4490/4490 4492/4492
f 4141/4141 4492/4492 4143/4143
f 4142/4142 4144/4144 4493/4493
f 4142/4142 4493/4493 4491/4491
f 4144/4144 4494/4494 4495/4495
f 4144/4144 4495/4495 4493/4493
f 4496/4496 4146/4146 4497/4497
f 4496/4496 4497/4497 4498/4498
f 4146/4146 4145/4145 4499/4499
f 4146/4146 4499/4499 4497/4497
f 4145/4145 4147/4147 4500/4500
f 4145/4145 4500/4500 4499/4499
f 4148/4148 4501/4501 4502/4502
f 4148/4148 4502/4502 4149/4149
f 4147/4147 4150/4150 4503/4503
f 4147/4147 4503/4503 4500/4500
f 4149/4149 4502/4502 4504/4504
f 4149/4149 4504/4504 4151/4151
f 4150/4150 4152/4152 4505/4505
f 4150/4150 4505/4505 4503/4503
f 4151/4151 4504/4504 4506/4506
f 4151/4151 4506/4506 4153/4153
f 4152/4152 4154/4154 4507/4507
f 4152/4152 4507/4507 4505/4505
f 4153/4153 4506/4506 4508/4508
f 4153/4153 4508/4508 4155/4155
f 4154/4154 4156/4156 4509/4509
f 4154/4154 4509/4509 4507/4507
f 4155/4155 4508/4508 4510/4510
f 4155/4155 4510/4510 4157/4157
f 4157/4157 4510/4510 4509/4509
f 4157/4157 4509/4509 4156/4156
f 4161/4161 4160/4160 4511/4511
f 4161/4161 4511/4511 4512/4512
f 4164/4164 4513/4513 4514/4514
f 4164/4164 4514/4514 4165/4165
f 4160/4160 4171/4171 4515/4515
f 4160/4160 4515/4515 4511/4511
f 4165/4165 4514/4514 4516/4516
f 4165/4165 4516/4516 4172/4172
f 4171/4171 4174/4174 4517/4517
f 4171/4171 4517/4517 4515/4515
f 4172/4172 4516/4516 4518/4518
f 4172/4172 4518/4518 4175/4175
f 4519/4519 4520/4520 4521/4521
f 4519/4519 4521/4521 4522/4522
f 4178/4178 4182/4182 4521/4521
f 4178/4178 4521/4521 4520/4520
f 4179/4179 4178/4178 4520/4520
f 4179/4179 4520/4520 4519/4519
f 4182/4182 4523/4523 4524/4524
f 4182/4182 4524/4524 4521/4521
f 4523/4523 4525/4525 4526/4526
f 4523/4523 4526/4526 4524/4524
f 4527/4527 4528/4528 4529/4529
f 4527/4527 4529/4529 4530/4530
f 4528/4528 4185/4185 4531/4531
f 4528/4528 4531/4531 4529/4529
f 4532/4532 4531/4531 4533/4533
f 4532/4532 4533/4533 4534/4534
f 4185/4185 4184/4184 4533/4533
f 4185/4185 4533/4533 4531/4531
f 4186/4186 4534/4534 4533/4533
f 4186/4186 4533/4533 4184/4184
f 4535/4535 4536/4536 4537/4537
f 4535/4535 4537/4537 4538/4538
f 4194/4194 4197/4197 4537/4537
f 4194/4194 4537/4537 4536/4536
f 4195/4195 4194/4194 4536/4536
f 4195/4195 4536/4536 4535/4535
f 4538/4538 4537/4537 4539/4539
f 4538/4538 4539/4539 4540/4540
f 4197/4197 4199/4199 4539/4539
f 4197/4197 4539/4539 4537/4537
f 4540/4540 4539/4539 4541/4541
f 4540/4540 4541/4541 4542/4542
f 4199/4199 4201/4201 4541/4541
f 4199/4199 4541/4541 4539/4539
f 4542/4542 4541/4541 4543/4543
f 4542/4542 4543/4543 4544/4544
f 4201/4201 4202/4202 4543/4543
f 4201/4201 4543/4543 4541/4541
f 4203/4203 4544/4544 4543/4543
f 4203/4203 4543/4543 4202/4202
f 4545/4545 4546/4546 4547/4547
f 4545/4545 4547/4547 4548/4548
f 4210/4210 4212/4212 4547/4547
f 4210/4210 4547/4547 4546/4546
f 4211/4211 4545/4545 4548/4548
f 4211/4211 4548/4548 4213/4213
f 4211/4211 4210/4210 4546/4546
f 4211/4211 4546/4546 4545/4545
f 4548/4548 4547/4547 4549/4549
f 4548/4548 4549/4549 4550/4550
f 4212/4212 4214/4214 4549/4549
f 4212/4212 4549/4549 4547/4547
f 4213/4213 4548/4548 4550/4550
f 4213/4213 4550/4550 4215/4215
f 4214/4214 4216/4216 4551/4551
f 4214/4214 4551/4551 4549/4549
f 4215/4215 4550/4550 4552/4552
f 4215/4215 4552/4552 4217/4217
f 4216/4216 4218/4218 4553/4553
f 4216/4216 4553/4553 4551/4551
f 4217/4217 4552/4552 4554/4554
f 4217/4217 4554/4554 4219/4219
f 4218/4218 4220/4220 4555/4555
f 4218/4218 4555/4555 4553/4553
f 4219/4219 4554/4554 4556/4556
f 4219/4219 4556/4556 4221/4221
f 4220/4220 4222/4222 4557/4557
f 4220/4220 4557/4557 4555/4555
f 4221/4221 4556/4556 4558/4558
f 4221/4221 4558/4558 4223/4223
f 4222/4222 4225/4225 4559/4559
f 4222/4222 4559/4559 4557/4557
f 4223/4223 4558/4558 4560/4560
f 4223/4223 4560/4560 4226/4226
f 4225/4225 4228/4228 4561/4561
f 4225/4225 4561/4561 4559/4559
f 4226/4226 4560/4560 4562/4562
f 4226/4226 4562/4562 4229/4229
f 4228/4228 4231/4231 4563/4563
f 4228/4228 4563/4563 4561/4561
f 4229/4229 4562/4562 4564/4564
f 4229/4229 4564/4564 4232/4232
f 4231/4231 4233/4233 4565/4565
f 4231/4231 4565/4565 4563/4563
f 4232/4232 4564/4564 4566/4566
f 4232/4232 4566/4566 4234/4234
f 4233/4233 4235/4235 4567/4567
f 4233/4233 4567/4567 4565/4565
f 4234/4234 4566/4566 4568/4568
f 4234/4234 4568/4568 4236/4236
f 4235/4235 4237/4237 4569/4569
f 4235/4235 4569/4569 4567/4567
f 4236/4236 4568/4568 4570/4570
f 4236/4236 4570/4570 4238/4238
f 4570/4570 4569/4569 4571/4571
f 4570/4570 4571/4571 4572/4572
f 4237/4237 4239/4239 4571/4571
f 4237/4237 4571/4571 4569/4569
f 4238/4238 4570/4570 4572/4572
f 4238/4238 4572/4572 4240/4240
f 4572/4572 4571/4571 4573/4573
f 4572/4572 4573/4573 4574/4574
f 4239/4239 4241/4241 4573/4573
f 4239/4239 4573/4573 4571/4571
f 4240/4240 4572/4572 4574/4574
f 4240/4240 4574/4574 4242/4242
f 4242/4242 4574/4574 4573/4573
f 4242/4242 4573/4573 4241/4241
f 4575/4575 4576/4576 4577/4577
f 4575/4575 4577/4577 4578/4578
f 4248/4248 4575/4575 4578/4578
f 4248/4248 4578/4578 4249/4249
f 4248/4248 4247/4247 4576/4576
f 4248/4248 4576/4576 4575/4575
f 4578/4578 4577/4577 4579/4579
f 4578/4578 4579/4579 4580/4580
f 4249/4249 4578/4578 4580/4580
f 4249/4249 4580/4580 4250/4250
f 4580/4580 4579/4579 4581/4581
f 4580/4580 4581/4581 4582/4582
f 4250/4250 4580/4580 4582/4582
f 4250/4250 4582/4582 4251/4251
f 4582/4582 4581/4581 4583/4583
f 4582/4582 4583/4583 4584/4584
f 4251/4251 4582/4582 4584/4584
f 4251/4251 4584/4584 4252/4252
f 4252/4252 4584/4584 4583/4583
f 4252/4252 4583/4583 4253/4253
f 4257/4257 4256/4256 4585/4585
f 4257/4257 4585/4585 4586/4586
f 4258/4258 4587/4587 4588/4588
f 4258/4258 4588/4588 4259/4259
f 4258/4258 4257/4257 4586/4586
f 4258/4258 4586/4586 4587/4587
f 4256/4256 4260/4260 4589/4589
f 4256/4256 4589/4589 4585/4585
f 4259/4259 4588/4588 4590/4590
f 4259/4259 4590/4590 4261/4261
f 4260/4260 4591/4591 4592/4592
f 4260/4260 4592/4592 4589/4589
f 4261/4261 4590/4590 4593/4593
f 4261/4261 4593/4593 4262/4262
f 4262/4262 4593/4593 4594/4594
f 4262/4262 4594/4594 4263/4263
f 4263/4263 4594/4594 4595/4595
f 4263/4263 4595/4595 4596/4596
f 4597/4597 4598/4598 4599/4599
f 4597/4597 4599/4599 4264/4264
f 4264/4264 4599/4599 4600/4600
f 4264/4264 4600/4600 4265/4265
f 4601/4601 4268/4268 4602/4602
f 4601/4601 4602/4602 4603/4603
f 4265/4265 4600/4600 4604/4604
f 4265/4265 4604/4604 4266/4266
f 4268/4268 4267/4267 4605/4605
f 4268/4268 4605/4605 4602/4602
f 4266/4266 4604/4604 4606/4606
f 4266/4266 4606/4606 4269/4269
f 4267/4267 4270/4270 4607/4607
f 4267/4267 4607/4607 4605/4605
f 4269/4269 4606/4606 4608/4608
f 4269/4269 4608/4608 4271/4271
f 4271/4271 4608/4608 4607/4607
f 4271/4271 4607/4607 4270/4270
f 4609/4609 4610/4610 4611/4611
f 4609/4609 4611/4611 4612/4612
f 4274/4274 4276/4276 4611/4611
f 4274/4274 4611/4611 4610/4610
f 4275/4275 4274/4274 4610/4610
f 4275/4275 4610/4610 4609/4609
f 4612/4612 4611/4611 4613/4613
f 4612/4612 4613/4613 4614/4614
f 4276/4276 4277/4277 4613/4613
f 4276/4276 4613/4613 4611/4611
f 4277/4277 4278/4278 4615/4615
f 4277/4277 4615/4615 4613/4613
f 4278/4278 4279/4279 4616/4616
f 4278/4278 4616/4616 4615/4615
f 4279/4279 4280/4280 4617/4617
f 4279/4279 4617/4617 4616/4616
f 4280/4280 4281/4281 4618/4618
f 4280/4280 4618/4618 4617/4617
f 4619/4619 4618/4618 4620/4620
f 4619/4619 4620/4620 4621/4621
f 4281/4281 4282/4282 4620/4620
f 4281/4281 4620/4620 4618/4618
f 4621/4621 4620/4620 4622/4622
f 4621/4621 4622/4622 4623/4623
f 4282/4282 4283/4283 4622/4622
f 4282/4282 4622/4622 4620/4620
f 4284/4284 4623/4623 4622/4622
f 4284/4284 4622/4622 4283/4283
f 4624/4624 4625/4625 4626/4626
f 4624/4624 4626/4626 4627/4627
f 4628/4628 4287/4287 4289/4289
f 4628/4628 4289/4289 4629/4629
f 4628/4628 4624/4624 4627/4627
f 4628/4628 4627/4627 4287/4287
f 4628/4628 4629/4629 4625/4625
f 4628/4628 4625/4625 4624/4624
f 4287/4287 4627/4627 4630/4630
f 4287/4287 4630/4630 4288/4288
f 4288/4288 4630/4630 4631/4631
f 4288/4288 4631/4631 4290/4290
f 4290/4290 4631/4631 4632/4632
f 4290/4290 4632/4632 4291/4291
f 4291/4291 4632/4632 4633/4633
f 4291/4291 4633/4633 4292/4292
f 4633/4633 4634/4634 4635/4635
f 4633/4633 4635/4635 4636/4636
f 4292/4292 4637/4637 4638/4638
f 4292/4292 4638/4638 4293/4293
f 4292/4292 4633/4633 4636/4636
f 4292/4292 4636/4636 4637/4637
f 4637/4637 4636/4636 4635/4635
f 4637/4637 4635/4635 4638/4638
f 4639/4639 4640/4640 4641/4641
f 4639/4639 4641/4641 4642/4642
f 4295/4295 4294/4294 4641/4641
f 4295/4295 4641/4641 4640/4640
f 4296/4296 4295/4295 4640/4640
f 4296/4296 4640/4640 4639/4639
f 4294/4294 4298/4298 4643/4643
f 4294/4294 4643/4643 4641/4641
f 4298/4298 4299/4299 4644/4644
f 4298/4298 4644/4644 4643/4643
f 4299/4299 4300/4300 4645/4645
f 4299/4299 4645/4645 4644/4644
f 4300/4300 4301/4301 4646/4646
f 4300/4300 4646/4646 4645/4645
f 4647/4647 4646/4646 4648/4648
f 4647/4647 4648/4648 4649/4649
f 4301/4301 4302/4302 4648/4648
f 4301/4301 4648/4648 4646/4646
f 4304/4304 4649/4649 4648/4648
f 4304/4304 4648/4648 4302/4302
f 4650/4650 4651/4651 4652/4652
f 4650/4650 4652/4652 4653/4653
f 4306/4306 4305/4305 4652/4652
f 4306/4306 4652/4652 4651/4651
f 4307/4307 4650/4650 4653/4653
f 4307/4307 4653/4653 4308/4308
f 4307/4307 4306/4306 4651/4651
f 4307/4307 4651/4651 4650/4650
f 4305/4305 4309/4309 4654/4654
f 4305/4305 4654/4654 4652/4652
f 4308/4308 4653/4653 4655/4655
f 4308/4308 4655/4655 4310/4310
f 4309/4309 4656/4656 4657/4657
f 4309/4309 4657/4657 4654/4654
f 4310/4310 4655/4655 4658/4658
f 4310/4310 4658/4658 4311/4311
f 4311/4311 4658/4658 4659/4659
f 4311/4311 4659/4659 4312/4312
f 4312/4312 4659/4659 4660/4660
f 4312/4312 4660/4660 4313/4313
f 4313/4313 4660/4660 4661/4661
f 4313/4313 4661/4661 4314/4314
f 4314/4314 4661/4661 4662/4662
f 4314/4314 4662/4662 4315/4315
f 4315/4315 4662/4662 4663/4663
f 4315/4315 4663/4663 4316/4316
f 4316/4316 4663/4663 4664/4664
f 4316/4316 4664/4664 4317/4317
f 4317/4317 4664/4664 4665/4665
f 4317/4317 4665/4665 4318/4318
f 4318/4318 4665/4665 4666/4666
f 4318/4318 4666/4666 4319/4319
f 4667/4667 4322/4322 4668/4668
f 4667/4667 4668/4668 4669/4669
f 4319/4319 4666/4666 4670/4670
f 4319/4319 4670/4670 4320/4320
f 4322/4322 4321/4321 4671/4671
f 4322/4322 4671/4671 4668/4668
f 4320/4320 4670/4670 4672/4672
f 4320/4320 4672/4672 4323/4323
f 4672/4672 4671/4671 4673/4673
f 4672/4672 4673/4673 4674/4674
f 4321/4321 4324/4324 4673/4673
f 4321/4321 4673/4673 4671/4671
f 4323/4323 4672/4672 4674/4674
f 4323/4323 4674/4674 4325/4325
f 4325/4325 4674/4674 4673/4673
f 4325/4325 4673/4673 4324/4324
f 4675/4675 4676/4676 4677/4677
f 4675/4675 4677/4677 4678/4678
f 4328/4328 4679/4679 4677/4677
f 4328/4328 4677/4677 4676/4676
f 4329/4329 4328/4328 4676/4676
f 4329/4329 4676/4676 4675/4675
f 4678/4678 4677/4677 4680/4680
f 4678/4678 4680/4680 4681/4681
f 4679/4679 4682/4682 4680/4680
f 4679/4679 4680/4680 4677/4677
f 4683/4683 4684/4684 4685/4685
f 4683/4683 4685/4685 4686/4686
f 4687/4687 4688/4688 4685/4685
f 4687/4687 4685/4685 4684/4684
f 4686/4686 4685/4685 4689/4689
f 4686/4686 4689/4689 4690/4690
f 4688/4688 4331/4331 4689/4689
f 4688/4688 4689/4689 4685/4685
f 4330/4330 4690/4690 4689/4689
f 4330/4330 4689/4689 4331/4331
f 4691/4691 4692/4692 4693/4693
f 4691/4691 4693/4693 4694/4694
f 4339/4339 4338/4338 4692/4692
f 4339/4339 4692/4692 4691/4691
f 4694/4694 4693/4693 4695/4695
f 4694/4694 4695/4695 4696/4696
f 4696/4696 4695/4695 4697/4697
f 4696/4696 4697/4697 4698/4698
f 4698/4698 4697/4697 4699/4699
f 4698/4698 4699/4699 4700/4700
f 4340/4340 4700/4700 4699/4699
f 4340/4340 4699/4699 4341/4341
f 4701/4701 4702/4702 4703/4703
f 4701/4701 4703/4703 4704/4704
f 4349/4349 4701/4701 4704/4704
f 4349/4349 4704/4704 4350/4350
f 4349/4349 4348/4348 4702/4702
f 4349/4349 4702/4702 4701/4701
f 4350/4350 4704/4704 4705/4705
f 4350/4350 4705/4705 4706/4706
f 4706/4706 4705/4705 4707/4707
f 4706/4706 4707/4707 4708/4708
f 4709/4709 4710/4710 4711/4711
f 4709/4709 4711/4711 4712/4712
f 4712/4712 4711/4711 4713/4713
f 4712/4712 4713/4713 4351/4351
f 4713/4713 4714/4714 4715/4715
f 4713/4713 4715/4715 4716/4716
f 4351/4351 4713/4713 4716/4716
f 4351/4351 4716/4716 4352/4352
f 4352/4352 4716/4716 4715/4715
f 4352/4352 4715/4715 4353/4353
f 4717/4717 4718/4718 4719/4719
f 4717/4717 4719/4719 4720/4720
f 4356/4356 4717/4717 4720/4720
f 4356/4356 4720/4720 4357/4357
f 4356/4356 4358/4358 4718/4718
f 4356/4356 4718/4718 4717/4717
f 4357/4357 4720/4720 4721/4721
f 4357/4357 4721/4721 4722/4722
f 4723/4723 4724/4724 4725/4725
f 4723/4723 4725/4725 4359/4359
f 4725/4725 4726/4726 4727/4727
f 4725/4725 4727/4727 4728/4728
f 4359/4359 4725/4725 4728/4728
f 4359/4359 4728/4728 4360/4360
f 4360/4360 4728/4728 4727/4727
f 4360/4360 4727/4727 4361/4361
f 4729/4729 4730/4730 4731/4731
f 4729/4729 4731/4731 4732/4732
f 4362/4362 4729/4729 4732/4732
f 4362/4362 4732/4732 4363/4363
f 4362/4362 4365/4365 4730/4730
f 4362/4362 4730/4730 4729/4729
f 4733/4733 4734/4734 4735/4735
f 4733/4733 4735/4735 4736/4736
f 4367/4367 4733/4733 4736/4736
f 4367/4367 4736/4736 4368/4368
f 4368/4368 4736/4736 4735/4735
f 4368/4368 4735/4735 4369/4369
f 4730/4730 4737/4737 4738/4738
f 4730/4730 4738/4738 4731/4731
f 4365/4365 4370/4370 4737/4737
f 4365/4365 4737/4737 4730/4730
f 4734/4734 4739/4739 4740/4740
f 4734/4734 4740/4740 4735/4735
f 4369/4369 4735/4735 4740/4740
f 4369/4369 4740/4740 4371/4371
f 4741/4741 4742/4742 4743/4743
f 4741/4741 4743/4743 4744/4744
f 4375/4375 4374/4374 4742/4742
f 4375/4375 4742/4742 4741/4741
f 4745/4745 4746/4746 4747/4747
f 4745/4745 4747/4747 4748/4748
f 4377/4377 4748/4748 4747/4747
f 4377/4377 4747/4747 4378/4378
f 4742/4742 4749/4749 4750/4750
f 4742/4742 4750/4750 4743/4743
f 4383/4383 4385/4385 4750/4750
f 4383/4383 4750/4750 4749/4749
f 4374/4374 4383/4383 4749/4749
f 4374/4374 4749/4749 4742/4742
f 4385/4385 4751/4751 4752/4752
f 4385/4385 4752/4752 4750/4750
f 4753/4753 4388/4388 4754/4754
f 4753/4753 4754/4754 4755/4755
f 4746/4746 4754/4754 4756/4756
f 4746/4746 4756/4756 4747/4747
f 4388/4388 4387/4387 4756/4756
f 4388/4388 4756/4756 4754/4754
f 4378/4378 4747/4747 4756/4756
f 4378/4378 4756/4756 4387/4387
f 4757/4757 4758/4758 4759/4759
f 4757/4757 4759/4759 4760/4760
f 4393/4393 4392/4392 4758/4758
f 4393/4393 4758/4758 4757/4757
f 4761/4761 4762/4762 4763/4763
f 4761/4761 4763/4763 4764/4764
f 4394/4394 4764/4764 4763/4763
f 4394/4394 4763/4763 4395/4395
f 4765/4765 4766/4766 4767/4767
f 4765/4765 4767/4767 4768/4768
f 4400/4400 4769/4769 4767/4767
f 4400/4400 4767/4767 4766/4766
f 4401/4401 4400/4400 4766/4766
f 4401/4401 4766/4766 4765/4765
f 4770/4770 4771/4771 4772/4772
f 4770/4770 4772/4772 4773/4773
f 4774/4774 4403/4403 4772/4772
f 4774/4774 4772/4772 4771/4771
f 4402/4402 4773/4773 4772/4772
f 4402/4402 4772/4772 4403/4403
f 4775/4775 4776/4776 4777/4777
f 4775/4775 4777/4777 4778/4778
f 4408/4408 4410/4410 4777/4777
f 4408/4408 4777/4777 4776/4776
f 4409/4409 4408/4408 4776/4776
f 4409/4409 4776/4776 4775/4775
f 4778/4778 4777/4777 4779/4779
f 4778/4778 4779/4779 4780/4780
f 4410/4410 4412/4412 4779/4779
f 4410/4410 4779/4779 4777/4777
f 4412/4412 4781/4781 4782/4782
f 4412/4412 4782/4782 4779/4779
f 4781/4781 4783/4783 4784/4784
f 4781/4781 4784/4784 4782/4782
f 4783/4783 4785/4785 4786/4786
f 4783/4783 4786/4786 4784/4784
f 4785/4785 4787/4787 4788/4788
f 4785/4785 4788/4788 4786/4786
f 4787/4787 4789/4789 4790/4790
f 4787/4787 4790/4790 4788/4788
f 4789/4789 4415/4415 4791/4791
f 4789/4789 4791/4791 4790/4790
f 4792/4792 4791/4791 4793/4793
f 4792/4792 4793/4793 4794/4794
f 4415/4415 4414/4414 4793/4793
f 4415/4415 4793/4793 4791/4791
f 4794/4794 4793/4793 4795/4795
f 4794/4794 4795/4795 4796/4796
f 4414/4414 4416/4416 4795/4795
f 4414/4414 4795/4795 4793/4793
f 4417/4417 4796/4796 4795/4795
f 4417/4417 4795/4795 4416/4416
f 4797/4797 4798/4798 4799/4799
f 4797/4797 4799/4799 4800/4800
f 4446/4446 4797/4797 4800/4800
f 4446/4446 4800/4800 4447/4447
f 4446/4446 4455/4455 4798/4798
f 4446/4446 4798/4798 4797/4797
f 4800/4800 4799/4799 4801/4801
f 4800/4800 4801/4801 4802/4802
f 4447/4447 4800/4800 4802/4802
f 4447/4447 4802/4802 4448/4448
f 4802/4802 4801/4801 4803/4803
f 4802/4802 4803/4803 4804/4804
f 4448/4448 4802/4802 4804/4804
f 4448/4448 4804/4804 4449/4449
f 4804/4804 4803/4803 4805/4805
f 4804/4804 4805/4805 4806/4806
f 4449/4449 4804/4804 4806/4806
f 4449/4449 4806/4806 4450/4450
f 4450/4450 4806/4806 4805/4805
f 4450/4450 4805/4805 4456/4456
f 4807/4807 4808/4808 4809/4809
f 4807/4807 4809/4809 4810/4810
f 4463/4463 4811/4811 4809/4809
f 4463/4463 4809/4809 4808/4808
f 4461/4461 4807/4807 4810/4810
f 4461/4461 4810/4810 4462/4462
f 4461/4461 4463/4463 4808/4808
f 4461/4461 4808/4808 4807/4807
f 4810/4810 4809/4809 4812/4812
f 4810/4810 4812/4812 4813/4813
f 4462/4462 4810/4810 4813/4813
f 4462/4462 4813/4813 4464/4464
f 4464/4464 4813/4813 4814/4814
f 4464/4464 4814/4814 4465/4465
f 4465/4465 4814/4814 4815/4815
f 4465/4465 4815/4815 4816/4816
f 4816/4816 4815/4815 4817/4817
f 4816/4816 4817/4817 4818/4818
f 4819/4819 4820/4820 4821/4821
f 4819/4819 4821/4821 4822/4822
f 4822/4822 4821/4821 4823/4823
f 4822/4822 4823/4823 4468/4468
f 4468/4468 4823/4823 4824/4824
f 4468/4468 4824/4824 4469/4469
f 4824/4824 4825/4825 4826/4826
f 4824/4824 4826/4826 4827/4827
f 4469/4469 4824/4824 4827/4827
f 4469/4469 4827/4827 4470/4470
f 4827/4827 4826/4826 4828/4828
f 4827/4827 4828/4828 4829/4829
f 4830/4830 4472/4472 4828/4828
f 4830/4830 4828/4828 4826/4826
f 4470/4470 4827/4827 4829/4829
f 4470/4470 4829/4829 4471/4471
f 4471/4471 4829/4829 4828/4828
f 4471/4471 4828/4828 4472/4472
f 4831/4831 4832/4832 4833/4833
f 4831/4831 4833/4833 4834/4834
f 4476/4476 4475/4475 4832/4832
f 4476/4476 4832/4832 4831/4831
f 4835/4835 4836/4836 4837/4837
f 4835/4835 4837/4837 4838/4838
f 4477/4477 4838/4838 4837/4837
f 4477/4477 4837/4837 4478/4478
f 4839/4839 4840/4840 4841/4841
f 4839/4839 4841/4841 4842/4842
f 4482/4482 4481/4481 4841/4841
f 4482/4482 4841/4841 4840/4840
f 4483/4483 4839/4839 4842/4842
f 4483/4483 4842/4842 4484/4484
f 4483/4483 4482/4482 4840/4840
f 4483/4483 4840/4840 4839/4839
f 4481/4481 4485/4485 4843/4843
f 4481/4481 4843/4843 4841/4841
f 4484/4484 4842/4842 4844/4844
f 4484/4484 4844/4844 4486/4486
f 4485/4485 4487/4487 4845/4845
f 4485/4485 4845/4845 4843/4843
f 4486/4486 4844/4844 4846/4846
f 4486/4486 4846/4846 4488/4488
f 4487/4487 4489/4489 4847/4847
f 4487/4487 4847/4847 4845/4845
f 4488/4488 4846/4846 4848/4848
f 4488/4488 4848/4848 4490/4490
f 4489/4489 4491/4491 4849/4849
f 4489/4489 4849/4849 4847/4847
f 4490/4490 4848/4848 4850/4850
f 4490/4490 4850/4850 4492/4492
f 4491/4491 4493/4493 4851/4851
f 4491/4491 4851/4851 4849/4849
f 4492/4492 4850/4850 4852/4852
f 4492/4492 4852/4852 4853/4853
f 4493/4493 4495/4495 4854/4854
f 4493/4493 4854/4854 4851/4851
f 4498/4498 4497/4497 4855/4855
f 4498/4498 4855/4855 4856/4856
f 4497/4497 4499/4499 4857/4857
f 4497/4497 4857/4857 4855/4855
f 4858/4858 4859/4859 4860/4860
f 4858/4858 4860/4860 4501/4501
f 4499/4499 4500/4500 4861/4861
f 4499/4499 4861/4861 4857/4857
f 4501/4501 4860/4860 4862/4862
f 4501/4501 4862/4862 4502/4502
f 4500/4500 4503/4503 4863/4863
f 4500/4500 4863/4863 4861/4861
f 4502/4502 4862/4862 4864/4864
f 4502/4502 4864/4864 4504/4504
f 4503/4503 4505/4505 4865/4865
f 4503/4503 4865/4865 4863/4863
f 4504/4504 4864/4864 4866/4866
f 4504/4504 4866/4866 4506/4506
f 4505/4505 4507/4507 4867/4867
f 4505/4505 4867/4867 4865/4865
f 4506/4506 4866/4866 4868/4868
f 4506/4506 4868/4868 4508/4508
f 4868/4868 4867/4867 4869/4869
f 4868/4868 4869/4869 4870/4870
f 4507/4507 4509/4509 4869/4869
f 4507/4507 4869/4869 4867/4867
f 4508/4508 4868/4868 4870/4870
f 4508/4508 4870/4870 4510/4510
f 4510/4510 4870/4870 4869/4869
f 4510/4510 4869/4869 4509/4509
f 4512/4512 4511/4511 4871/4871
f 4512/4512 4871/4871 4872/4872
f 4513/4513 4873/4873 4874/4874
f 4513/4513 4874/4874 4514/4514
f 4511/4511 4515/4515 4875/4875
f 4511/4511 4875/4875 4871/4871
f 4514/4514 4874/4874 4876/4876
f 4514/4514 4876/4876 4516/4516
f 4875/4875 4877/4877 4878/4878
f 4875/4875 4878/4878 4879/4879
f 4517/4517 4880/4880 4878/4878
f 4517/4517 4878/4878 4877/4877
f 4515/4515 4517/4517 4877/4877
f 4515/4515 4877/4877 4875/4875
f 4881/4881 4882/4882 4883/4883
f 4881/4881 4883/4883 4876/4876
f 4884/4884 4518/4518 4883/4883
f 4884/4884 4883/4883 4882/4882
f 4516/4516 4876/4876 4883/4883
f 4516/4516 4883/4883 4518/4518
f 4885/4885 4886/4886 4887/4887
f 4885/4885 4887/4887 4888/4888
f 4521/4521 4524/4524 4887/4887
f 4521/4521 4887/4887 4886/4886
f 4522/4522 4521/4521 4886/4886
f 4522/4522 4886/4886 4885/4885
f 4524/4524 4526/4526 4889/4889
f 4524/4524 4889/4889 4887/4887
f 4526/4526 4890/4890 4891/4891
f 4526/4526 4891/4891 4889/4889
f 4890/4890 4892/4892 4893/4893
f 4890/4890 4893/4893 4891/4891
f 4892/4892 4894/4894 4895/4895
f 4892/4892 4895/4895 4893/4893
f 4894/4894 4530/4530 4896/4896
f 4894/4894 4896/4896 4895/4895
f 4530/4530 4529/4529 4897/4897
f 4530/4530 4897/4897 4896/4896
f 4898/4898 4897/4897 4899/4899
f 4898/4898 4899/4899 4900/4900
f 4529/4529 4531/4531 4899/4899
f 4529/4529 4899/4899 4897/4897
f 4532/4532 4900/4900 4899/4899
f 4532/4532 4899/4899 4531/4531
f 4901/4901 4902/4902 4903/4903
f 4901/4901 4903/4903 4904/4904
f 4549/4549 4551/4551 4903/4903
f 4549/4549 4903/4903 4902/4902
f 4550/4550 4901/4901 4904/4904
f 4550/4550 4904/4904 4552/4552
f 4550/4550 4549/4549 4902/4902
f 4550/4550 4902/4902 4901/4901
f 4904/4904 4903/4903 4905/4905
f 4904/4904 4905/4905 4906/4906
f 4551/4551 4553/4553 4905/4905
f 4551/4551 4905/4905 4903/4903
f 4552/4552 4904/4904 4906/4906
f 4552/4552 4906/4906 4554/4554
f 4553/4553 4555/4555 4907/4907
f 4553/4553 4907/4907 4905/4905
f 4554/4554 4906/4906 4908/4908
f 4554/4554 4908/4908 4556/4556
f 4555/4555 4557/4557 4909/4909
f 4555/4555 4909/4909 4907/4907
f 4556/4556 4908/4908 4910/4910
f 4556/4556 4910/4910 4558/4558
f 4557/4557 4559/4559 4911/4911
f 4557/4557 4911/4911 4909/4909
f 4558/4558 4910/4910 4912/4912
f 4558/4558 4912/4912 4560/4560
f 4559/4559 4561/4561 4913/4913
f 4559/4559 4913/4913 4911/4911
f 4560/4560 4912/4912 4914/4914
f 4560/4560 4914/4914 4562/4562
f 4561/4561 4563/4563 4915/4915
f 4561/4561 4915/4915 4913/4913
f 4562/4562 4914/4914 4916/4916
f 4562/4562 4916/4916 4564/4564
f 4563/4563 4565/4565 4917/4917
f 4563/4563 4917/4917 4915/4915
f 4564/4564 4916/4916 4918/4918
f 4564/4564 4918/4918 4566/4566
f 4918/4918 4917/4917 4919/4919
f 4918/4918 4919/4919 4920/4920
f 4565/4565 4567/4567 4919/4919
f 4565/4565 4919/4919 4917/4917
f 4566/4566 4918/4918 4920/4920
f 4566/4566 4920/4920 4568/4568
f 4920/4920 4919/4919 4921/4921
f 4920/4920 4921/4921 4922/4922
f 4567/4567 4569/4569 4921/4921
f 4567/4567 4921/4921 4919/4919
f 4568/4568 4920/4920 4922/4922
f 4568/4568 4922/4922 4570/4570
f 4570/4570 4922/4922 4921/4921
f 4570/4570 4921/4921 4569/4569
f 4923/4923 4924/4924 4925/4925
f 4923/4923 4925/4925 4926/4926
f 4586/4586 4585/4585 4925/4925
f 4586/4586 4925/4925 4924/4924
f 4587/4587 4923/4923 4926/4926
f 4587/4587 4926/4926 4588/4588
f 4587/4587 4586/4586 4924/4924
f 4587/4587 4924/4924 4923/4923
f 4585/4585 4589/4589 4927/4927
f 4585/4585 4927/4927 4925/4925
f 4588/4588 4926/4926 4928/4928
f 4588/4588 4928/4928 4590/4590
f 4589/4589 4592/4592 4929/4929
f 4589/4589 4929/4929 4927/4927
f 4590/4590 4928/4928 4930/4930
f 4590/4590 4930/4930 4593/4593
f 4592/4592 4931/4931 4932/4932
f 4592/4592 4932/4932 4929/4929
f 4593/4593 4930/4930 4933/4933
f 4593/4593 4933/4933 4594/4594
f 4931/4931 4934/4934 4935/4935
f 4931/4931 4935/4935 4932/4932
f 4594/4594 4933/4933 4936/4936
f 4594/4594 4936/4936 4595/4595
f 4595/4595 4936/4936 4937/4937
f 4595/4595 4937/4937 4938/4938
f 4938/4938 4937/4937 4939/4939
f 4938/4938 4939/4939 4940/4940
f 4940/4940 4939/4939 4941/4941
f 4940/4940 4941/4941 4942/4942
f 4942/4942 4941/4941 4943/4943
f 4942/4942 4943/4943 4598/4598
f 4944/4944 4945/4945 4946/4946
f 4944/4944 4946/4946 4947/4947
f 4598/4598 4943/4943 4948/4948
f 4598/4598 4948/4948 4599/4599
f 4945/4945 4603/4603 4949/4949
f 4945/4945 4949/4949 4946/4946
f 4599/4599 4948/4948 4950/4950
f 4599/4599 4950/4950 4600/4600
f 4603/4603 4602/4602 4951/4951
f 4603/4603 4951/4951 4949/4949
f 4600/4600 4950/4950 4952/4952
f 4600/4600 4952/4952 4604/4604
f 4602/4602 4605/4605 4953/4953
f 4602/4602 4953/4953 4951/4951
f 4604/4604 4952/4952 4954/4954
f 4604/4604 4954/4954 4606/4606
f 4954/4954 4953/4953 4955/4955
f 4954/4954 4955/4955 4956/4956
f 4605/4605 4607/4607 4955/4955
f 4605/4605 4955/4955 4953/4953
f 4606/4606 4954/4954 4956/4956
f 4606/4606 4956/4956 4608/4608
f 4608/4608 4956/4956 4955/4955
f 4608/4608 4955/4955 4607/4607
f 4957/4957 4958/4958 4959/4959
f 4957/4957 4959/4959 4960/4960
f 4613/4613 4615/4615 4959/4959
f 4613/4613 4959/4959 4958/4958
f 4614/4614 4613/4613 4958/4958
f 4614/4614 4958/4958 4957/4957
f 4960/4960 4959/4959 4961/4961
f 4960/4960 4961/4961 4962/4962
f 4615/4615 4616/4616 4961/4961
f 4615/4615 4961/4961 4959/4959
f 4962/4962 4961/4961 4963/4963
f 4962/4962 4963/4963 4964/4964
f 4616/4616 4617/4617 4963/4963
f 4616/4616 4963/4963 4961/4961
f 4964/4964 4963/4963 4965/4965
f 4964/4964 4965/4965 4966/4966
f 4617/4617 4618/4618 4965/4965
f 4617/4617 4965/4965 4963/4963
f 4619/4619 4966/4966 4965/4965
f 4619/4619 4965/4965 4618/4618
f 4627/4627 4967/4967 4968/4968
f 4627/4627 4968/4968 4630/4630
f 4627/4627 4626/4626 4969/4969
f 4627/4627 4969/4969 4967/4967
f 4630/4630 4968/4968 4970/4970
f 4630/4630 4970/4970 4631/4631
f 4631/4631 4970/4970 4971/4971
f 4631/4631 4971/4971 4632/4632
f 4632/4632 4971/4971 4972/4972
f 4632/4632 4972/4972 4633/4633
f 4633/4633 4972/4972 4973/4973
f 4633/4633 4973/4973 4634/4634
f 4974/4974 4975/4975 4976/4976
f 4974/4974 4976/4976 4977/4977
f 4641/4641 4643/4643 4976/4976
f 4641/4641 4976/4976 4975/4975
f 4642/4642 4641/4641 4975/4975
f 4642/4642 4975/4975 4974/4974
f 4977/4977 4976/4976 4978/4978
f 4977/4977 4978/4978 4979/4979
f 4643/4643 4644/4644 4978/4978
f 4643/4643 4978/4978 4976/4976
f 4979/4979 4978/4978 4980/4980
f 4979/4979 4980/4980 4981/4981
f 4644/4644 4645/4645 4980/4980
f 4644/4644 4980/4980 4978/4978
f 4981/4981 4980/4980 4982/4982
f 4981/4981 4982/4982 4983/4983
f 4645/4645 4646/4646 4982/4982
f 4645/4645 4982/4982 4980/4980
f 4647/4647 4983/4983 4982/4982
f 4647/4647 4982/4982 4646/4646
f 4984/4984 4985/4985 4986/4986
f 4984/4984 4986/4986 4987/4987
f 4652/4652 4654/4654 4986/4986
f 4652/4652 4986/4986 4985/4985
f 4653/4653 4984/4984 4987/4987
f 4653/4653 4987/4987 4655/4655
f 4653/4653 4652/4652 4985/4985
f 4653/4653 4985/4985 4984/4984
f 4654/4654 4657/4657 4988/4988
f 4654/4654 4988/4988 4986/4986
f 4655/4655 4987/4987 4989/4989
f 4655/4655 4989/4989 4658/4658
f 4657/4657 4990/4990 4991/4991
f 4657/4657 4991/4991 4988/4988
f 4658/4658 4989/4989 4992/4992
f 4658/4658 4992/4992 4659/4659
f 4990/4990 4993/4993 4994/4994
f 4990/4990 4994/4994 4991/4991
f 4659/4659 4992/4992 4995/4995
f 4659/4659 4995/4995 4660/4660
f 4660/4660 4995/4995 4996/4996
f 4660/4660 4996/4996 4661/4661
f 4661/4661 4996/4996 4997/4997
f 4661/4661 4997/4997 4662/4662
f 4662/4662 4997/4997 4998/4998
f 4662/4662 4998/4998 4663/4663
f 4663/4663 4998/4998 4999/4999
f 4663/4663 4999/4999 4664/4664
f 5000/5000 5001/5001 5002/5002
f 5000/5000 5002/5002 5003/5003
f 4664/4664 4999/4999 5004/5004
f 4664/4664 5004/5004 4665/4665
f 5001/5001 4669/4669 5005/5005
f 5001/5001 5005/5005 5002/5002
f 4665/4665 5004/5004 5006/5006
f 4665/4665 5006/5006 4666/4666
f 4669/4669 4668/4668 5007/5007
f 4669/4669 5007/5007 5005/5005
f 4666/4666 5006/5006 5008/5008
f 4666/4666 5008/5008 4670/4670
f 5008/5008 5007/5007 5009/5009
f 5008/5008 5009/5009 5010/5010
f 4668/4668 4671/4671 5009/5009
f 4668/4668 5009/5009 5007/5007
f 4670/4670 5008/5008 5010/5010
f 4670/4670 5010/5010 4672/4672
f 4672/4672 5010/5010 5009/5009
f 4672/4672 5009/5009 4671/4671
f 5011/5011 5012/5012 5013/5013
f 5011/5011 5013/5013 5014/5014
f 4680/4680 5015/5015 5013/5013
f 4680/4680 5013/5013 5012/5012
f 4681/4681 4680/4680 5012/5012
f 4681/4681 5012/5012 5011/5011
f 5014/5014 5013/5013 5016/5016
f 5014/5014 5016/5016 5017/5017
f 5015/5015 5018/5018 5016/5016
f 5015/5015 5016/5016 5013/5013
f 5017/5017 5016/5016 5019/5019
f 5017/5017 5019/5019 5020/5020
f 5018/5018 5021/5021 5019/5019
f 5018/5018 5019/5019 5016/5016
f 5020/5020 5019/5019 5022/5022
f 5020/5020 5022/5022 5023/5023
f 5021/5021 4684/4684 5022/5022
f 5021/5021 5022/5022 5019/5019
f 4683/4683 5023/5023 5022/5022
f 4683/4683 5022/5022 4684/4684
f 5024/5024 5025/5025 5026/5026
f 5024/5024 5026/5026 5027/5027
f 4704/4704 5024/5024 5027/5027
f 4704/4704 5027/5027 4705/4705
f 4704/4704 4703/4703 5025/5025
f 4704/4704 5025/5025 5024/5024
f 4705/4705 5027/5027 5028/5028
f 4705/4705 5028/5028 4707/4707
f 4707/4707 5028/5028 5029/5029
f 4707/4707 5029/5029 5030/5030
f 5030/5030 5029/5029 5031/5031
f 5030/5030 5031/5031 5032/5032
f 5032/5032 5031/5031 5033/5033
f 5032/5032 5033/5033 5034/5034
f 5034/5034 5033/5033 5035/5035
f 5034/5034 5035/5035 4710/4710
f 4710/4710 5035/5035 5036/5036
f 4710/4710 5036/5036 4711/4711
f 5036/5036 5037/5037 5038/5038
f 5036/5036 5038/5038 5039/5039
f 4711/4711 5036/5036 5039/5039
f 4711/4711 5039/5039 4713/4713
f 4713/4713 5039/5039 5038/5038
f 4713/4713 5038/5038 4714/4714
f 5040/5040 5041/5041 5042/5042
f 5040/5040 5042/5042 5043/5043
f 4720/4720 5040/5040 5043/5043
f 4720/4720 5043/5043 4721/4721
f 4720/4720 4719/4719 5041/5041
f 4720/4720 5041/5041 5040/5040
f 4721/4721 5043/5043 5044/5044
f 4721/4721 5044/5044 5045/5045
f 5046/5046 5047/5047 5048/5048
f 5046/5046 5048/5048 4724/4724
f 5048/5048 5049/5049 5050/5050
f 5048/5048 5050/5050 5051/5051
f 4724/4724 5048/5048 5051/5051
f 4724/4724 5051/5051 4725/4725
f 4725/4725 5051/5051 5050/5050
f 4725/4725 5050/5050 4726/4726
f 5052/5052 5053/5053 5054/5054
f 5052/5052 5054/5054 5055/5055
f 4732/4732 5052/5052 5055/5055
f 4732/4732 5055/5055 5056/5056
f 4732/4732 4731/4731 5053/5053
f 4732/4732 5053/5053 5052/5052
f 5057/5057 5058/5058 5059/5059
f 5057/5057 5059/5059 5060/5060
f 5061/5061 5057/5057 5060/5060
f 5061/5061 5060/5060 4733/4733
f 4733/4733 5060/5060 5059/5059
f 4733/4733 5059/5059 4734/4734
f 5053/5053 5062/5062 5063/5063
f 5053/5053 5063/5063 5054/5054
f 4731/4731 4738/4738 5062/5062
f 4731/4731 5062/5062 5053/5053
f 5058/5058 5064/5064 5065/5065
f 5058/5058 5065/5065 5059/5059
f 4734/4734 5059/5059 5065/5065
f 4734/4734 5065/5065 4739/4739
f 5066/5066 5067/5067 5068/5068
f 5066/5066 5068/5068 5069/5069
f 4744/4744 4743/4743 5067/5067
f 4744/4744 5067/5067 5066/5066
f 5070/5070 5071/5071 5072/5072
f 5070/5070 5072/5072 5073/5073
f 4745/4745 5073/5073 5072/5072
f 4745/4745 5072/5072 4746/4746
f 5067/5067 5074/5074 5075/5075
f 5067/5067 5075/5075 5068/5068
f 4750/4750 4752/4752 5075/5075
f 4750/4750 5075/5075 5074/5074
f 4743/4743 4750/4750 5074/5074
f 4743/4743 5074/5074 5067/5067
f 4752/4752 5076/5076 5077/5077
f 4752/4752 5077/5077 5075/5075
f 5078/5078 4755/4755 5079/5079
f 5078/5078 5079/5079 5080/5080
f 5071/5071 5079/5079 5081/5081
f 5071/5071 5081/5081 5072/5072
f 4755/4755 4754/4754 5081/5081
f 4755/4755 5081/5081 5079/5079
f 4746/4746 5072/5072 5081/5081
f 4746/4746 5081/5081 4754/4754
f 5082/5082 5083/5083 5084/5084
f 5082/5082 5084/5084 5085/5085
f 4760/4760 4759/4759 5083/5083
f 4760/4760 5083/5083 5082/5082
f 5085/5085 5084/5084 5086/5086
f 5085/5085 5086/5086 5087/5087
f 5088/5088 5089/5089 5090/5090
f 5088/5088 5090/5090 5091/5091
f 5091/5091 5090/5090 5092/5092
f 5091/5091 5092/5092 5093/5093
f 4761/4761 5093/5093 5092/5092
f 4761/4761 5092/5092 4762/4762
f 5094/5094 5095/5095 5096/5096
f 5094/5094 5096/5096 5097/5097
f 4767/4767 5098/5098 5096/5096
f 4767/4767 5096/5096 5095/5095
f 4768/4768 4767/4767 5095/5095
f 4768/4768 5095/5095 5094/5094
f 5097/5097 5096/5096 5099/5099
f 5097/5097 5099/5099 5100/5100
f 5098/5098 5101/5101 5099/5099
f 5098/5098 5099/5099 5096/5096
f 5102/5102 5103/5103 5104/5104
f 5102/5102 5104/5104 5105/5105
f 5106/5106 5107/5107 5104/5104
f 5106/5106 5104/5104 5103/5103
f 5105/5105 5104/5104 5108/5108
f 5105/5105 5108/5108 5109/5109
f 5107/5107 4771/4771 5108/5108
f 5107/5107 5108/5108 5104/5104
f 4770/4770 5109/5109 5108/5108
f 4770/4770 5108/5108 4771/4771
f 5110/5110 5111/5111 5112/5112
f 5110/5110 5112/5112 5113/5113
f 4779/4779 4782/4782 5112/5112
f 4779/4779 5112/5112 5111/5111
f 4780/4780 4779/4779 5111/5111
f 4780/4780 5111/5111 5110/5110
f 5113/5113 5112/5112 5114/5114
f 5113/5113 5114/5114 5115/5115
f 4782/4782 4784/4784 5114/5114
f 4782/4782 5114/5114 5112/5112
f 5115/5115 5114/5114 5116/5116
f 5115/5115 5116/5116 5117/5117
f 4784/4784 4786/4786 5116/5116
f 4784/4784 5116/5116 5114/5114
f 5117/5117 5116/5116 5118/5118
f 5117/5117 5118/5118 5119/5119
f 4786/4786 4788/4788 5118/5118
f 4786/4786 5118/5118 5116/5116
f 5119/5119 5118/5118 5120/5120
f 5119/5119 5120/5120 5121/5121
f 4788/4788 4790/4790 5120/5120
f 4788/4788 5120/5120 5118/5118
f 5121/5121 5120/5120 5122/5122
f 5121/5121 5122/5122 5123/5123
f 4790/4790 4791/4791 5122/5122
f 4790/4790 5122/5122 5120/5120
f 4792/4792 5123/5123 5122/5122
f 4792/4792 5122/5122 4791/4791
f 5124/5124 5125/5125 5126/5126
f 5124/5124 5126/5126 5127/5127
f 4813/4813 5124/5124 5127/5127
f 4813/4813 5127/5127 4814/4814
f 4813/4813 4812/4812 5125/5125
f 4813/4813 5125/5125 5124/5124
f 4814/4814 5127/5127 5128/5128
f 4814/4814 5128/5128 4815/4815
f 4815/4815 5128/5128 5129/5129
f 4815/4815 5129/5129 4817/4817
f 4817/4817 5129/5129 5130/5130
f 4817/4817 5130/5130 5131/5131
f 5131/5131 5130/5130 5132/5132
f 5131/5131 5132/5132 5133/5133
f 5133/5133 5132/5132 5134/5134
f 5133/5133 5134/5134 5135/5135
f 5135/5135 5134/5134 5136/5136
f 5135/5135 5136/5136 4820/4820
f 4820/4820 5136/5136 5137/5137
f 4820/4820 5137/5137 4821/4821
f 4821/4821 5137/5137 5138/5138
f 4821/4821 5138/5138 4823/4823
f 5138/5138 5139/5139 5140/5140
f 5138/5138 5140/5140 5141/5141
f 4823/4823 5138/5138 5141/5141
f 4823/4823 5141/5141 4824/4824
f 4824/4824 5141/5141 5140/5140
f 4824/4824 5140/5140 4825/4825
f 5142/5142 5143/5143 5144/5144
f 5142/5142 5144/5144 5145/5145
f 4834/4834 4833/4833 5143/5143
f 4834/4834 5143/5143 5142/5142
f 5146/5146 5147/5147 5148/5148
f 5146/5146 5148/5148 5149/5149
f 4835/4835 5149/5149 5148/5148
f 4835/4835 5148/5148 4836/4836
f 4841/4841 4843/4843 5150/5150
f 4841/4841 5150/5150 5151/5151
f 4842/4842 5152/5152 5153/5153
f 4842/4842 5153/5153 4844/4844
f 4842/4842 4841/4841 5151/5151
f 4842/4842 5151/5151 5152/5152
f 4843/4843 4845/4845 5154/5154
f 4843/4843 5154/5154 5150/5150
f 4844/4844 5153/5153 5155/5155
f 4844/4844 5155/5155 4846/4846
f 4845/4845 4847/4847 5156/5156
f 4845/4845 5156/5156 5154/5154
f 4846/4846 5155/5155 5157/5157
f 4846/4846 5157/5157 4848/4848
f 4847/4847 4849/4849 5158/5158
f 4847/4847 5158/5158 5156/5156
f 4848/4848 5157/5157 5159/5159
f 4848/4848 5159/5159 4850/4850
f 4849/4849 4851/4851 5160/5160
f 4849/4849 5160/5160 5158/5158
f 4850/4850 5159/5159 5161/5161
f 4850/4850 5161/5161 4852/4852
f 4851/4851 4854/4854 5162/5162
f 4851/4851 5162/5162 5160/5160
f 4852/4852 5161/5161 5163/5163
f 4852/4852 5163/5163 5164/5164
f 4856/4856 4855/4855 5165/5165
f 4856/4856 5165/5165 5166/5166
f 5167/5167 5168/5168 5169/5169
f 5167/5167 5169/5169 4859/4859
f 4855/4855 4857/4857 5170/5170
f 4855/4855 5170/5170 5165/5165
f 4859/4859 5169/5169 5171/5171
f 4859/4859 5171/5171 4860/4860
f 4857/4857 4861/4861 5172/5172
f 4857/4857 5172/5172 5170/5170
f 4860/4860 5171/5171 5173/5173
f 4860/4860 5173/5173 4862/4862
f 4861/4861 4863/4863 5174/5174
f 4861/4861 5174/5174 5172/5172
f 4862/4862 5173/5173 5175/5175
f 4862/4862 5175/5175 4864/4864
f 4863/4863 4865/4865 5176/5176
f 4863/4863 5176/5176 5174/5174
f 4864/4864 5175/5175 5177/5177
f 4864/4864 5177/5177 4866/4866
f 4865/4865 4867/4867 5178/5178
f 4865/4865 5178/5178 5176/5176
f 4866/4866 5177/5177 5179/5179
f 4866/4866 5179/5179 4868/4868
f 4868/4868 5179/5179 5178/5178
f 4868/4868 5178/5178 4867/4867
f 5180/5180 5181/5181 5182/5182
f 5180/5180 5182/5182 5183/5183
f 4872/4872 4871/4871 5181/5181
f 4872/4872 5181/5181 5180/5180
f 5184/5184 5185/5185 5186/5186
f 5184/5184 5186/5186 5187/5187
f 4873/4873 5187/5187 5186/5186
f 4873/4873 5186/5186 4874/4874
f 5181/5181 5188/5188 5189/5189
f 5181/5181 5189/5189 5182/5182
f 4875/4875 4879/4879 5189/5189
f 4875/4875 5189/5189 5188/5188
f 4871/4871 4875/4875 5188/5188
f 4871/4871 5188/5188 5181/5181
f 5185/5185 5190/5190 5191/5191
f 5185/5185 5191/5191 5186/5186
f 4881/4881 4876/4876 5191/5191
f 4881/4881 5191/5191 5190/5190
f 4874/4874 5186/5186 5191/5191
f 4874/4874 5191/5191 4876/4876
f 5189/5189 5192/5192 5193/5193
f 5189/5189 5193/5193 5194/5194
f 4878/4878 5195/5195 5193/5193
f 4878/4878 5193/5193 5192/5192
f 4879/4879 4878/4878 5192/5192
f 4879/4879 5192/5192 5189/5189
f 5194/5194 5193/5193 5196/5196
f 5194/5194 5196/5196 5197/5197
f 5198/5198 5199/5199 5200/5200
f 5198/5198 5200/5200 5201/5201
f 5201/5201 5200/5200 5202/5202
f 5201/5201 5202/5202 5190/5190
f 5203/5203 4882/4882 5202/5202
f 5203/5203 5202/5202 5200/5200
f 4881/4881 5190/5190 5202/5202
f 4881/4881 5202/5202 4882/4882
f 5204/5204 5205/5205 5206/5206
f 5204/5204 5206/5206 5207/5207
f 4887/4887 4889/4889 5206/5206
f 4887/4887 5206/5206 5205/5205
f 4888/4888 4887/4887 5205/5205
f 4888/4888 5205/5205 5204/5204
f 5207/5207 5206/5206 5208/5208
f 5207/5207 5208/5208 5209/5209
f 4889/4889 4891/4891 5208/5208
f 4889/4889 5208/5208 5206/5206
f 5209/5209 5208/5208 5210/5210
f 5209/5209 5210/5210 5211/5211
f 4891/4891 4893/4893 5210/5210
f 4891/4891 5210/5210 5208/5208
f 5211/5211 5210/5210 5212/5212
f 5211/5211 5212/5212 5213/5213
f 4893/4893 4895/4895 5212/5212
f 4893/4893 5212/5212 5210/5210
f 5213/5213 5212/5212 5214/5214
f 5213/5213 5214/5214 5215/5215
f 4895/4895 4896/4896 5214/5214
f 4895/4895 5214/5214 5212/5212
f 5215/5215 5214/5214 5216/5216
f 5215/5215 5216/5216 5217/5217
f 4896/4896 4897/4897 5216/5216
f 4896/4896 5216/5216 5214/5214
f 4898/4898 5217/5217 5216/5216
f 4898/4898 5216/5216 4897/4897
f 5218/5218 5219/5219 5220/5220
f 5218/5218 5220/5220 5221/5221
f 4905/4905 4907/4907 5220/5220
f 4905/4905 5220/5220 5219/5219
f 4906/4906 5218/5218 5221/5221
f 4906/4906 5221/5221 4908/4908
f 4906/4906 4905/4905 5219/5219
f 4906/4906 5219/5219 5218/5218
f 5221/5221 5220/5220 5222/5222
f 5221/5221 5222/5222 5223/5223
f 4907/4907 4909/4909 5222/5222
f 4907/4907 5222/5222 5220/5220
f 4908/4908 5221/5221 5223/5223
f 4908/4908 5223/5223 4910/4910
f 5223/5223 5222/5222 5224/5224
f 5223/5223 5224/5224 5225/5225
f 4909/4909 4911/4911 5224/5224
f 4909/4909 5224/5224 5222/5222
f 4910/4910 5223/5223 5225/5225
f 4910/4910 5225/5225 4912/4912
f 5225/5225 5224/5224 5226/5226
f 5225/5225 5226/5226 5227/5227
f 4911/4911 4913/4913 5226/5226
f 4911/4911 5226/5226 5224/5224
f 4912/4912 5225/5225 5227/5227
f 4912/4912 5227/5227 4914/4914
f 5227/5227 5226/5226 5228/5228
f 5227/5227 5228/5228 5229/5229
f 4913/4913 4915/4915 5228/5228
f 4913/4913 5228/5228 5226/5226
f 4914/4914 5227/5227 5229/5229
f 4914/4914 5229/5229 4916/4916
f 5229/5229 5228/5228 5230/5230
f 5229/5229 5230/5230 5231/5231
f 4915/4915 4917/4917 5230/5230
f 4915/4915 5230/5230 5228/5228
f 4916/4916 5229/5229 5231/5231
f 4916/4916 5231/5231 4918/4918
f 4918/4918 5231/5231 5230/5230
f 4918/4918 5230/5230 4917/4917
f 5232/5232 5233/5233 5234/5234
f 5232/5232 5234/5234 5235/5235
f 4925/4925 4927/4927 5234/5234
f 4925/4925 5234/5234 5233/5233
f 4926/4926 5232/5232 5235/5235
f 4926/4926 5235/5235 4928/4928
f 4926/4926 4925/4925 5233/5233
f 4926/4926 5233/5233 5232/5232
f 4927/4927 4929/4929 5236/5236
f 4927/4927 5236/5236 5234/5234
f 4928/4928 5235/5235 5237/5237
f 4928/4928 5237/5237 4930/4930
f 4929/4929 4932/4932 5238/5238
f 4929/4929 5238/5238 5236/5236
f 4930/4930 5237/5237 5239/5239
f 4930/4930 5239/5239 4933/4933
f 4932/4932 4935/4935 5240/5240
f 4932/4932 5240/5240 5238/5238
f 4933/4933 5239/5239 5241/5241
f 4933/4933 5241/5241 4936/4936
f 4935/4935 5242/5242 5243/5243
f 4935/4935 5243/5243 5240/5240
f 4936/4936 5241/5241 5244/5244
f 4936/4936 5244/5244 4937/4937
f 5242/5242 5245/5245 5246/5246
f 5242/5242 5246/5246 5243/5243
f 4937/4937 5244/5244 5247/5247
f 4937/4937 5247/5247 4939/4939
f 5245/5245 5248/5248 5249/5249
f 5245/5245 5249/5249 5246/5246
f 4939/4939 5247/5247 5250/5250
f 4939/4939 5250/5250 4941/4941
f 5248/5248 4947/4947 5251/5251
f 5248/5248 5251/5251 5249/5249
f 4941/4941 5250/5250 5252/5252
f 4941/4941 5252/5252 4943/4943
f 4947/4947 4946/4946 5253/5253
f 4947/4947 5253/5253 5251/5251
f 4943/4943 5252/5252 5254/5254
f 4943/4943 5254/5254 4948/4948
f 4946/4946 4949/4949 5255/5255
f 4946/4946 5255/5255 5253/5253
f 4948/4948 5254/5254 5256/5256
f 4948/4948 5256/5256 4950/4950
f 4949/4949 4951/4951 5257/5257
f 4949/4949 5257/5257 5255/5255
f 4950/4950 5256/5256 5258/5258
f 4950/4950 5258/5258 4952/4952
f 5258/5258 5257/5257 5259/5259
f 5258/5258 5259/5259 5260/5260
f 4951/4951 4953/4953 5259/5259
f 4951/4951 5259/5259 5257/5257
f 4952/4952 5258/5258 5260/5260
f 4952/4952 5260/5260 4954/4954
f 4954/4954 5260/5260 5259/5259
f 4954/4954 5259/5259 4953/4953
f 5261/5261 5262/5262 5263/5263
f 5261/5261 5263/5263 5264/5264
f 5261/5261 5265/5265 5266/5266
f 5261/5261 5266/5266 5262/5262
f 5261/5261 5264/5264 5267/5267
f 5261/5261 5267/5267 5265/5265
f 5262/5262 5268/5268 5269/5269
f 5262/5262 5269/5269 5263/5263
f 5262/5262 5266/5266 5270/5270
f 5262/5262 5270/5270 5268/5268
f 5268/5268 5270/5270 5271/5271
f 5268/5268 5271/5271 5269/5269
f 5272/5272 5273/5273 5274/5274
f 5272/5272 5274/5274 5275/5275
f 4969/4969 5276/5276 5274/5274
f 4969/4969 5274/5274 5273/5273
f 4967/4967 5272/5272 5275/5275
f 4967/4967 5275/5275 4968/4968
f 4967/4967 4969/4969 5273/5273
f 4967/4967 5273/5273 5272/5272
f 5275/5275 5274/5274 5277/5277
f 5275/5275 5277/5277 5278/5278
f 5276/5276 5279/5279 5277/5277
f 5276/5276 5277/5277 5274/5274
f 5278/5278 5277/5277 5280/5280
f 5278/5278 5280/5280 5281/5281
f 5279/5279 5282/5282 5280/5280
f 5279/5279 5280/5280 5277/5277
f 5281/5281 5280/5280 5283/5283
f 5281/5281 5283/5283 5284/5284
f 5282/5282 4973/4973 5283/5283
f 5282/5282 5283/5283 5280/5280
f 4971/4971 5281/5281 5284/5284
f 4971/4971 5284/5284 4972/4972
f 4972/4972 5284/5284 5283/5283
f 4972/4972 5283/5283 4973/4973
f 5285/5285 5286/5286 5287/5287
f 5285/5285 5287/5287 5288/5288
f 4986/4986 4988/4988 5287/5287
f 4986/4986 5287/5287 5286/5286
f 4987/4987 5285/5285 5288/5288
f 4987/4987 5288/5288 4989/4989
f 4987/4987 4986/4986 5286/5286
f 4987/4987 5286/5286 5285/5285
f 5288/5288 5287/5287 5289/5289
f 5288/5288 5289/5289 5290/5290
f 4988/4988 4991/4991 5289/5289
f 4988/4988 5289/5289 5287/5287
f 4989/4989 5288/5288 5290/5290
f 4989/4989 5290/5290 4992/4992
f 4991/4991 4994/4994 5291/5291
f 4991/4991 5291/5291 5289/5289
f 4992/4992 5290/5290 5292/5292
f 4992/4992 5292/5292 4995/4995
f 4994/4994 5293/5293 5294/5294
f 4994/4994 5294/5294 5291/5291
f 4995/4995 5292/5292 5295/5295
f 4995/4995 5295/5295 4996/4996
f 5293/5293 5296/5296 5297/5297
f 5293/5293 5297/5297 5294/5294
f 4996/4996 5295/5295 5298/5298
f 4996/4996 5298/5298 4997/4997
f 5296/5296 5299/5299 5300/5300
f 5296/5296 5300/5300 5297/5297
f 4997/4997 5298/5298 5301/5301
f 4997/4997 5301/5301 4998/4998
f 5299/5299 5003/5003 5302/5302
f 5299/5299 5302/5302 5300/5300
f 4998/4998 5301/5301 5303/5303
f 4998/4998 5303/5303 4999/4999
f 5003/5003 5002/5002 5304/5304
f 5003/5003 5304/5304 5302/5302
f 4999/4999 5303/5303 5305/5305
f 4999/4999 5305/5305 5004/5004
f 5305/5305 5304/5304 5306/5306
f 5305/5305 5306/5306 5307/5307
f 5002/5002 5005/5005 5306/5306
f 5002/5002 5306/5306 5304/5304
f 5004/5004 5305/5305 5307/5307
f 5004/5004 5307/5307 5006/5006
f 5307/5307 5306/5306 5308/5308
f 5307/5307 5308/5308 5309/5309
f 5005/5005 5007/5007 5308/5308
f 5005/5005 5308/5308 5306/5306
f 5006/5006 5307/5307 5309/5309
f 5006/5006 5309/5309 5008/5008
f 5008/5008 5309/5309 5308/5308
f 5008/5008 5308/5308 5007/5007
f 5310/5310 5311/5311 5312/5312
f 5310/5310 5312/5312 5313/5313
f 5027/5027 5310/5310 5313/5313
f 5027/5027 5313/5313 5028/5028
f 5027/5027 5026/5026 5311/5311
f 5027/5027 5311/5311 5310/5310
f 5313/5313 5312/5312 5314/5314
f 5313/5313 5314/5314 5315/5315
f 5028/5028 5313/5313 5315/5315
f 5028/5028 5315/5315 5029/5029
f 5315/5315 5314/5314 5316/5316
f 5315/5315 5316/5316 5317/5317
f 5029/5029 5315/5315 5317/5317
f 5029/5029 5317/5317 5031/5031
f 5317/5317 5316/5316 5318/5318
f 5317/5317 5318/5318 5319/5319
f 5031/5031 5317/5317 5319/5319
f 5031/5031 5319/5319 5033/5033
f 5319/5319 5318/5318 5320/5320
f 5319/5319 5320/5320 5321/5321
f 5033/5033 5319/5319 5321/5321
f 5033/5033 5321/5321 5035/5035
f 5321/5321 5320/5320 5322/5322
f 5321/5321 5322/5322 5323/5323
f 5035/5035 5321/5321 5323/5323
f 5035/5035 5323/5323 5036/5036
f 5036/5036 5323/5323 5322/5322
f 5036/5036 5322/5322 5037/5037
f 5324/5324 5325/5325 5326/5326
f 5324/5324 5326/5326 5327/5327
f 5043/5043 5324/5324 5327/5327
f 5043/5043 5327/5327 5044/5044
f 5043/5043 5042/5042 5325/5325
f 5043/5043 5325/5325 5324/5324
f 5327/5327 5326/5326 5328/5328
f 5327/5327 5328/5328 5329/5329
f 5044/5044 5327/5327 5329/5329
f 5044/5044 5329/5329 5330/5330
f 5331/5331 5332/5332 5333/5333
f 5331/5331 5333/5333 5334/5334
f 5335/5335 5331/5331 5334/5334
f 5335/5335 5334/5334 5047/5047
f 5334/5334 5333/5333 5336/5336
f 5334/5334 5336/5336 5337/5337
f 5047/5047 5334/5334 5337/5337
f 5047/5047 5337/5337 5048/5048
f 5048/5048 5337/5337 5336/5336
f 5048/5048 5336/5336 5049/5049
f 5338/5338 5339/5339 5340/5340
f 5338/5338 5340/5340 5341/5341
f 5055/5055 5338/5338 5341/5341
f 5055/5055 5341/5341 5342/5342
f 5055/5055 5054/5054 5339/5339
f 5055/5055 5339/5339 5338/5338
f 5343/5343 5344/5344 5345/5345
f 5343/5343 5345/5345 5346/5346
f 5347/5347 5343/5343 5346/5346
f 5347/5347 5346/5346 5057/5057
f 5057/5057 5346/5346 5345/5345
f 5057/5057 5345/5345 5058/5058
f 5339/5339 5348/5348 5349/5349
f 5339/5339 5349/5349 5340/5340
f 5054/5054 5063/5063 5348/5348
f 5054/5054 5348/5348 5339/5339
f 5344/5344 5350/5350 5351/5351
f 5344/5344 5351/5351 5345/5345
f 5058/5058 5345/5345 5351/5351
f 5058/5058 5351/5351 5064/5064
f 5352/5352 5353/5353 5354/5354
f 5352/5352 5354/5354 5355/5355
f 5069/5069 5068/5068 5353/5353
f 5069/5069 5353/5353 5352/5352
f 5356/5356 5357/5357 5358/5358
f 5356/5356 5358/5358 5359/5359
f 5070/5070 5359/5359 5358/5358
f 5070/5070 5358/5358 5071/5071
f 5353/5353 5360/5360 5361/5361
f 5353/5353 5361/5361 5354/5354
f 5075/5075 5077/5077 5361/5361
f 5075/5075 5361/5361 5360/5360
f 5068/5068 5075/5075 5360/5360
f 5068/5068 5360/5360 5353/5353
f 5077/5077 5362/5362 5363/5363
f 5077/5077 5363/5363 5361/5361
f 5362/5362 5364/5364 5365/5365
f 5362/5362 5365/5365 5363/5363
f 5366/5366 5367/5367 5368/5368
f 5366/5366 5368/5368 5369/5369
f 5367/5367 5080/5080 5370/5370
f 5367/5367 5370/5370 5368/5368
f 5357/5357 5370/5370 5371/5371
f 5357/5357 5371/5371 5358/5358
f 5080/5080 5079/5079 5371/5371
f 5080/5080 5371/5371 5370/5370
f 5071/5071 5358/5358 5371/5371
f 5071/5071 5371/5371 5079/5079
f 5372/5372 5373/5373 5374/5374
f 5372/5372 5374/5374 5375/5375
f 5087/5087 5086/5086 5373/5373
f 5087/5087 5373/5373 5372/5372
f 5375/5375 5374/5374 5376/5376
f 5375/5375 5376/5376 5377/5377
f 5377/5377 5376/5376 5378/5378
f 5377/5377 5378/5378 5379/5379
f 5379/5379 5378/5378 5380/5380
f 5379/5379 5380/5380 5381/5381
f 5381/5381 5380/5380 5382/5382
f 5381/5381 5382/5382 5383/5383
f 5383/5383 5382/5382 5384/5384
f 5383/5383 5384/5384 5385/5385
f 5088/5088 5385/5385 5384/5384
f 5088/5088 5384/5384 5089/5089
f 5386/5386 5387/5387 5388/5388
f 5386/5386 5388/5388 5389/5389
f 5099/5099 5390/5390 5388/5388
f 5099/5099 5388/5388 5387/5387
f 5100/5100 5099/5099 5387/5387
f 5100/5100 5387/5387 5386/5386
f 5389/5389 5388/5388 5391/5391
f 5389/5389 5391/5391 5392/5392
f 5390/5390 5393/5393 5391/5391
f 5390/5390 5391/5391 5388/5388
f 5392/5392 5391/5391 5394/5394
f 5392/5392 5394/5394 5395/5395
f 5393/5393 5396/5396 5394/5394
f 5393/5393 5394/5394 5391/5391
f 5395/5395 5394/5394 5397/5397
f 5395/5395 5397/5397 5398/5398
f 5396/5396 5399/5399 5397/5397
f 5396/5396 5397/5397 5394/5394
f 5398/5398 5397/5397 5400/5400
f 5398/5398 5400/5400 5401/5401
f 5399/5399 5402/5402 5400/5400
f 5399/5399 5400/5400 5397/5397
f 5401/5401 5400/5400 5403/5403
f 5401/5401 5403/5403 5404/5404
f 5402/5402 5103/5103 5403/5403
f 5402/5402 5403/5403 5400/5400
f 5102/5102 5404/5404 5403/5403
f 5102/5102 5403/5403 5103/5103
f 5405/5405 5406/5406 5407/5407
f 5405/5405 5407/5407 5408/5408
f 5127/5127 5405/5405 5408/5408
f 5127/5127 5408/5408 5128/5128
f 5127/5127 5126/5126 5406/5406
f 5127/5127 5406/5406 5405/5405
f 5408/5408 5407/5407 5409/5409
f 5408/5408 5409/5409 5410/5410
f 5128/5128 5408/5408 5410/5410
f 5128/5128 5410/5410 5129/5129
f 5410/5410 5409/5409 5411/5411
f 5410/5410 5411/5411 5412/5412
f 5129/5129 5410/5410 5412/5412
f 5129/5129 5412/5412 5130/5130
f 5412/5412 5411/5411 5413/5413
f 5412/5412 5413/5413 5414/5414
f 5130/5130 5412/5412 5414/5414
f 5130/5130 5414/5414 5132/5132
f 5414/5414 5413/5413 5415/5415
f 5414/5414 5415/5415 5416/5416
f 5132/5132 5414/5414 5416/5416
f 5132/5132 5416/5416 5134/5134
f 5416/5416 5415/5415 5417/5417
f 5416/5416 5417/5417 5418/5418
f 5134/5134 5416/5416 5418/5418
f 5134/5134 5418/5418 5136/5136
f 5418/5418 5417/5417 5419/5419
f 5418/5418 5419/5419 5420/5420
f 5136/5136 5418/5418 5420/5420
f 5136/5136 5420/5420 5137/5137
f 5420/5420 5419/5419 5421/5421
f 5420/5420 5421/5421 5422/5422
f 5137/5137 5420/5420 5422/5422
f 5137/5137 5422/5422 5138/5138
f 5138/5138 5422/5422 5421/5421
f 5138/5138 5421/5421 5139/5139
f 5423/5423 5424/5424 5425/5425
f 5423/5423 5425/5425 5426/5426
f 5145/5145 5144/5144 5424/5424
f 5145/5145 5424/5424 5423/5423
f 5427/5427 5428/5428 5429/5429
f 5427/5427 5429/5429 5430/5430
f 5146/5146 5430/5430 5429/5429
f 5146/5146 5429/5429 5147/5147
f 5431/5431 5432/5432 5433/5433
f 5431/5431 5433/5433 5434/5434
f 5151/5151 5150/5150 5433/5433
f 5151/5151 5433/5433 5432/5432
f 5152/5152 5431/5431 5434/5434
f 5152/5152 5434/5434 5153/5153
f 5152/5152 5151/5151 5432/5432
f 5152/5152 5432/5432 5431/5431
f 5150/5150 5154/5154 5435/5435
f 5150/5150 5435/5435 5433/5433
f 5153/5153 5434/5434 5436/5436
f 5153/5153 5436/5436 5155/5155
f 5154/5154 5156/5156 5437/5437
f 5154/5154 5437/5437 5435/5435
f 5155/5155 5436/5436 5438/5438
f 5155/5155 5438/5438 5157/5157
f 5156/5156 5158/5158 5439/5439
f 5156/5156 5439/5439 5437/5437
f 5157/5157 5438/5438 5440/5440
f 5157/5157 5440/5440 5159/5159
f 5158/5158 5160/5160 5441/5441
f 5158/5158 5441/5441 5439/5439
f 5159/5159 5440/5440 5442/5442
f 5159/5159 5442/5442 5161/5161
f 5160/5160 5162/5162 5443/5443
f 5160/5160 5443/5443 5441/5441
f 5161/5161 5442/5442 5444/5444
f 5161/5161 5444/5444 5163/5163
f 5162/5162 5445/5445 5446/5446
f 5162/5162 5446/5446 5443/5443
f 5163/5163 5444/5444 5447/5447
f 5163/5163 5447/5447 5448/5448
f 5449/5449 5166/5166 5450/5450
f 5449/5449 5450/5450 5451/5451
f 5452/5452 5453/5453 5454/5454
f 5452/5452 5454/5454 5168/5168
f 5166/5166 5165/5165 5455/5455
f 5166/5166 5455/5455 5450/5450
f 5168/5168 5454/5454 5456/5456
f 5168/5168 5456/5456 5169/5169
f 5165/5165 5170/5170 5457/5457
f 5165/5165 5457/5457 5455/5455
f 5169/5169 5456/5456 5458/5458
f 5169/5169 5458/5458 5171/5171
f 5170/5170 5172/5172 5459/5459
f 5170/5170 5459/5459 5457/5457
f 5171/5171 5458/5458 5460/5460
f 5171/5171 5460/5460 5173/5173
f 5172/5172 5174/5174 5461/5461
f 5172/5172 5461/5461 5459/5459
f 5173/5173 5460/5460 5462/5462
f 5173/5173 5462/5462 5175/5175
f 5174/5174 5176/5176 5463/5463
f 5174/5174 5463/5463 5461/5461
f 5175/5175 5462/5462 5464/5464
f 5175/5175 5464/5464 5177/5177
f 5464/5464 5463/5463 5465/5465
f 5464/5464 5465/5465 5466/5466
f 5176/5176 5178/5178 5465/5465
f 5176/5176 5465/5465 5463/5463
f 5177/5177 5464/5464 5466/5466
f 5177/5177 5466/5466 5179/5179
f 5179/5179 5466/5466 5465/5465
f 5179/5179 5465/5465 5178/5178
f 5467/5467 5468/5468 5469/5469
f 5467/5467 5469/5469 5470/5470
f 5183/5183 5182/5182 5468/5468
f 5183/5183 5468/5468 5467/5467
f 5470/5470 5469/5469 5471/5471
f 5470/5470 5471/5471 5472/5472
f 5473/5473 5474/5474 5475/5475
f 5473/5473 5475/5475 5476/5476
f 5476/5476 5475/5475 5477/5477
f 5476/5476 5477/5477 5478/5478
f 5184/5184 5478/5478 5477/5477
f 5184/5184 5477/5477 5185/5185
f 5468/5468 5479/5479 5480/5480
f 5468/5468 5480/5480 5469/5469
f 5189/5189 5194/5194 5480/5480
f 5189/5189 5480/5480 5479/5479
f 5182/5182 5189/5189 5479/5479
f 5182/5182 5479/5479 5468/5468
f 5469/5469 5480/5480 5481/5481
f 5469/5469 5481/5481 5471/5471
f 5194/5194 5197/5197 5481/5481
f 5194/5194 5481/5481 5480/5480
f 5474/5474 5482/5482 5483/5483
f 5474/5474 5483/5483 5475/5475
f 5198/5198 5201/5201 5483/5483
f 5198/5198 5483/5483 5482/5482
f 5475/5475 5483/5483 5484/5484
f 5475/5475 5484/5484 5477/5477
f 5201/5201 5190/5190 5484/5484
f 5201/5201 5484/5484 5483/5483
f 5185/5185 5477/5477 5484/5484
f 5185/5185 5484/5484 5190/5190
f 5481/5481 5485/5485 5486/5486
f 5481/5481 5486/5486 5487/5487
f 5196/5196 5488/5488 5486/5486
f 5196/5196 5486/5486 5485/5485
f 5197/5197 5196/5196 5485/5485
f 5197/5197 5485/5485 5481/5481
f 5487/5487 5486/5486 5489/5489
f 5487/5487 5489/5489 5490/5490
f 5488/5488 5491/5491 5489/5489
f 5488/5488 5489/5489 5486/5486
f 5490/5490 5489/5489 5492/5492
f 5490/5490 5492/5492 5493/5493
f 5491/5491 5494/5494 5492/5492
f 5491/5491 5492/5492 5489/5489
f 5493/5493 5492/5492 5495/5495
f 5493/5493 5495/5495 5482/5482
f 5494/5494 5199/5199 5495/5495
f 5494/5494 5495/5495 5492/5492
f 5198/5198 5482/5482 5495/5495
f 5198/5198 5495/5495 5199/5199
f 5496/5496 5497/5497 5498/5498
f 5496/5496 5498/5498 5499/5499
f 5234/5234 5236/5236 5498/5498
f 5234/5234 5498/5498 5497/5497
f 5235/5235 5496/5496 5499/5499
f 5235/5235 5499/5499 5237/5237
f 5235/5235 5234/5234 5497/5497
f 5235/5235 5497/5497 5496/5496
f 5236/5236 5238/5238 5500/5500
f 5236/5236 5500/5500 5498/5498
f 5237/5237 5499/5499 5501/5501
f 5237/5237 5501/5501 5239/5239
f 5238/5238 5240/5240 5502/5502
f 5238/5238 5502/5502 5500/5500
f 5239/5239 5501/5501 5503/5503
f 5239/5239 5503/5503 5241/5241
f 5240/5240 5243/5243 5504/5504
f 5240/5240 5504/5504 5502/5502
f 5241/5241 5503/5503 5505/5505
f 5241/5241 5505/5505 5244/5244
f 5243/5243 5246/5246 5506/5506
f 5243/5243 5506/5506 5504/5504
f 5244/5244 5505/5505 5507/5507
f 5244/5244 5507/5507 5247/5247
f 5246/5246 5249/5249 5508/5508
f 5246/5246 5508/5508 5506/5506
f 5247/5247 5507/5507 5509/5509
f 5247/5247 5509/5509 5250/5250
f 5249/5249 5251/5251 5510/5510
f 5249/5249 5510/5510 5508/5508
f 5250/5250 5509/5509 5511/5511
f 5250/5250 5511/5511 5252/5252
f 5251/5251 5253/5253 5512/5512
f 5251/5251 5512/5512 5510/5510
f 5252/5252 5511/5511 5513/5513
f 5252/5252 5513/5513 5254/5254
f 5253/5253 5255/5255 5514/5514
f 5253/5253 5514/5514 5512/5512
f 5254/5254 5513/5513 5515/5515
f 5254/5254 5515/5515 5256/5256
f 5515/5515 5514/5514 5516/5516
f 5515/5515 5516/5516 5517/5517
f 5255/5255 5257/5257 5516/5516
f 5255/5255 5516/5516 5514/5514
f 5256/5256 5515/5515 5517/5517
f 5256/5256 5517/5517 5258/5258
f 5258/5258 5517/5517 5516/5516
f 5258/5258 5516/5516 5257/5257
f 5518/5518 5519/5519 5520/5520
f 5518/5518 5520/5520 5521/5521
f 5267/5267 5522/5522 5520/5520
f 5267/5267 5520/5520 5519/5519
f 5265/5265 5518/5518 5521/5521
f 5265/5265 5521/5521 5266/5266
f 5265/5265 5267/5267 5519/5519
f 5265/5265 5519/5519 5518/5518
f 5521/5521 5520/5520 5523/5523
f 5521/5521 5523/5523 5524/5524
f 5522/5522 5271/5271 5523/5523
f 5522/5522 5523/5523 5520/5520
f 5266/5266 5521/5521 5524/5524
f 5266/5266 5524/5524 5270/5270
f 5270/5270 5524/5524 5523/5523
f 5270/5270 5523/5523 5271/5271
f 5525/5525 5526/5526 5527/5527
f 5525/5525 5527/5527 5528/5528
f 5289/5289 5291/5291 5527/5527
f 5289/5289 5527/5527 5526/5526
f 5290/5290 5525/5525 5528/5528
f 5290/5290 5528/5528 5292/5292
f 5290/5290 5289/5289 5526/5526
f 5290/5290 5526/5526 5525/5525
f 5528/5528 5527/5527 5529/5529
f 5528/5528 5529/5529 5530/5530
f 5291/5291 5294/5294 5529/5529
f 5291/5291 5529/5529 5527/5527
f 5292/5292 5528/5528 5530/5530
f 5292/5292 5530/5530 5295/5295
f 5530/5530 5529/5529 5531/5531
f 5530/5530 5531/5531 5532/5532
f 5294/5294 5297/5297 5531/5531
f 5294/5294 5531/5531 5529/5529
f 5295/5295 5530/5530 5532/5532
f 5295/5295 5532/5532 5298/5298
f 5532/5532 5531/5531 5533/5533
f 5532/5532 5533/5533 5534/5534
f 5297/5297 5300/5300 5533/5533
f 5297/5297 5533/5533 5531/5531
f 5298/5298 5532/5532 5534/5534
f 5298/5298 5534/5534 5301/5301
f 5534/5534 5533/5533 5535/5535
f 5534/5534 5535/5535 5536/5536
f 5300/5300 5302/5302 5535/5535
f 5300/5300 5535/5535 5533/5533
f 5301/5301 5534/5534 5536/5536
f 5301/5301 5536/5536 5303/5303
f 5536/5536 5535/5535 5537/5537
f 5536/5536 5537/5537 5538/5538
f 5302/5302 5304/5304 5537/5537
f 5302/5302 5537/5537 5535/5535
f 5303/5303 5536/5536 5538/5538
f 5303/5303 5538/5538 5305/5305
f 5305/5305 5538/5538 5537/5537
f 5305/5305 5537/5537 5304/5304
f 5539/5539 5540/5540 5541/5541
f 5539/5539 5541/5541 5542/5542
f 5329/5329 5539/5539 5542/5542
f 5329/5329 5542/5542 5543/5543
f 5329/5329 5328/5328 5540/5540
f 5329/5329 5540/5540 5539/5539
f 5542/5542 5541/5541 5544/5544
f 5542/5542 5544/5544 5545/5545
f 5543/5543 5542/5542 5545/5545
f 5543/5543 5545/5545 5546/5546
f 5545/5545 5544/5544 5547/5547
f 5545/5545 5547/5547 5548/5548
f 5546/5546 5545/5545 5548/5548
f 5546/5546 5548/5548 5549/5549
f 5548/5548 5547/5547 5550/5550
f 5548/5548 5550/5550 5551/5551
f 5549/5549 5548/5548 5551/5551
f 5549/5549 5551/5551 5552/5552
f 5551/5551 5550/5550 5553/5553
f 5551/5551 5553/5553 5554/5554
f 5552/5552 5551/5551 5554/5554
f 5552/5552 5554/5554 5555/5555
f 5554/5554 5553/5553 5556/5556
f 5554/5554 5556/5556 5557/5557
f 5555/5555 5554/5554 5557/5557
f 5555/5555 5557/5557 5331/5331
f 5331/5331 5557/5557 5556/5556
f 5331/5331 5556/5556 5332/5332
f 5558/5558 5559/5559 5560/5560
f 5558/5558 5560/5560 5561/5561
f 5341/5341 5558/5558 5561/5561
f 5341/5341 5561/5561 5562/5562
f 5341/5341 5340/5340 5559/5559
f 5341/5341 5559/5559 5558/5558
f 5561/5561 5560/5560 5563/5563
f 5561/5561 5563/5563 5564/5564
f 5562/5562 5561/5561 5564/5564
f 5562/5562 5564/5564 5565/5565
f 5566/5566 5567/5567 5568/5568
f 5566/5566 5568/5568 5569/5569
f 5570/5570 5566/5566 5569/5569
f 5570/5570 5569/5569 5571/5571
f 5569/5569 5568/5568 5572/5572
f 5569/5569 5572/5572 5573/5573
f 5571/5571 5569/5569 5573/5573
f 5571/5571 5573/5573 5343/5343
f 5343/5343 5573/5573 5572/5572
f 5343/5343 5572/5572 5344/5344
f 5559/5559 5574/5574 5575/5575
f 5559/5559 5575/5575 5560/5560
f 5340/5340 5349/5349 5574/5574
f 5340/5340 5574/5574 5559/5559
f 5560/5560 5575/5575 5576/5576
f 5560/5560 5576/5576 5563/5563
f 5567/5567 5577/5577 5578/5578
f 5567/5567 5578/5578 5568/5568
f 5568/5568 5578/5578 5579/5579
f 5568/5568 5579/5579 5572/5572
f 5344/5344 5572/5572 5579/5579
f 5344/5344 5579/5579 5350/5350
f 5580/5580 5581/5581 5582/5582
f 5580/5580 5582/5582 5583/5583
f 5355/5355 5354/5354 5581/5581
f 5355/5355 5581/5581 5580/5580
f 5583/5583 5582/5582 5584/5584
f 5583/5583 5584/5584 5585/5585
f 5586/5586 5587/5587 5588/5588
f 5586/5586 5588/5588 5589/5589
f 5589/5589 5588/5588 5590/5590
f 5589/5589 5590/5590 5591/5591
f 5356/5356 5591/5591 5590/5590
f 5356/5356 5590/5590 5357/5357
f 5581/5581 5592/5592 5593/5593
f 5581/5581 5593/5593 5582/5582
f 5361/5361 5363/5363 5593/5593
f 5361/5361 5593/5593 5592/5592
f 5354/5354 5361/5361 5592/5592
f 5354/5354 5592/5592 5581/5581
f 5582/5582 5593/5593 5594/5594
f 5582/5582 5594/5594 5584/5584
f 5363/5363 5365/5365 5594/5594
f 5363/5363 5594/5594 5593/5593
f 5365/5365 5595/5595 5596/5596
f 5365/5365 5596/5596 5594/5594
f 5595/5595 5597/5597 5598/5598
f 5595/5595 5598/5598 5596/5596
f 5597/5597 5599/5599 5600/5600
f 5597/5597 5600/5600 5598/5598
f 5599/5599 5601/5601 5602/5602
f 5599/5599 5602/5602 5600/5600
f 5601/5601 5603/5603 5604/5604
f 5601/5601 5604/5604 5602/5602
f 5603/5603 5369/5369 5605/5605
f 5603/5603 5605/5605 5604/5604
f 5587/5587 5605/5605 5606/5606
f 5587/5587 5606/5606 5588/5588
f 5369/5369 5368/5368 5606/5606
f 5369/5369 5606/5606 5605/5605
f 5588/5588 5606/5606 5607/5607
f 5588/5588 5607/5607 5590/5590
f 5368/5368 5370/5370 5607/5607
f 5368/5368 5607/5607 5606/5606
f 5357/5357 5590/5590 5607/5607
f 5357/5357 5607/5607 5370/5370
f 5608/5608 5609/5609 5610/5610
f 5608/5608 5610/5610 5611/5611
f 5426/5426 5608/5608 5611/5611
f 5426/5426 5611/5611 5612/5612
f 5426/5426 5425/5425 5609/5609
f 5426/5426 5609/5609 5608/5608
f 5611/5611 5610/5610 5613/5613
f 5611/5611 5613/5613 5614/5614
f 5612/5612 5611/5611 5614/5614
f 5612/5612 5614/5614 5615/5615
f 5614/5614 5613/5613 5616/5616
f 5614/5614 5616/5616 5617/5617
f 5615/5615 5614/5614 5617/5617
f 5615/5615 5617/5617 5618/5618
f 5617/5617 5616/5616 5619/5619
f 5617/5617 5619/5619 5620/5620
f 5618/5618 5617/5617 5620/5620
f 5618/5618 5620/5620 5621/5621
f 5620/5620 5619/5619 5622/5622
f 5620/5620 5622/5622 5623/5623
f 5621/5621 5620/5620 5623/5623
f 5621/5621 5623/5623 5624/5624
f 5623/5623 5622/5622 5625/5625
f 5623/5623 5625/5625 5626/5626
f 5624/5624 5623/5623 5626/5626
f 5624/5624 5626/5626 5427/5427
f 5427/5427 5626/5626 5625/5625
f 5427/5427 5625/5625 5428/5428
f 5627/5627 5628/5628 5629/5629
f 5627/5627 5629/5629 5630/5630
f 5433/5433 5435/5435 5629/5629
f 5433/5433 5629/5629 5628/5628
f 5434/5434 5627/5627 5630/5630
f 5434/5434 5630/5630 5436/5436
f 5434/5434 5433/5433 5628/5628
f 5434/5434 5628/5628 5627/5627
f 5435/5435 5437/5437 5631/5631
f 5435/5435 5631/5631 5629/5629
f 5436/5436 5630/5630 5632/5632
f 5436/5436 5632/5632 5438/5438
f 5437/5437 5439/5439 5633/5633
f 5437/5437 5633/5633 5631/5631
f 5438/5438 5632/5632 5634/5634
f 5438/5438 5634/5634 5440/5440
f 5439/5439 5441/5441 5635/5635
f 5439/5439 5635/5635 5633/5633
f 5440/5440 5634/5634 5636/5636
f 5440/5440 5636/5636 5442/5442
f 5441/5441 5443/5443 5637/5637
f 5441/5441 5637/5637 5635/5635
f 5442/5442 5636/5636 5638/5638
f 5442/5442 5638/5638 5444/5444
f 5443/5443 5446/5446 5639/5639
f 5443/5443 5639/5639 5637/5637
f 5444/5444 5638/5638 5640/5640
f 5444/5444 5640/5640 5447/5447
f 5446/5446 5641/5641 5642/5642
f 5446/5446 5642/5642 5639/5639
f 5447/5447 5640/5640 5643/5643
f 5447/5447 5643/5643 5644/5644
f 5641/5641 5645/5645 5646/5646
f 5641/5641 5646/5646 5642/5642
f 5647/5647 5648/5648 5649/5649
f 5647/5647 5649/5649 5650/5650
f 5648/5648 5451/5451 5651/5651
f 5648/5648 5651/5651 5649/5649
f 5652/5652 5653/5653 5654/5654
f 5652/5652 5654/5654 5453/5453
f 5451/5451 5450/5450 5655/5655
f 5451/5451 5655/5655 5651/5651
f 5453/5453 5654/5654 5656/5656
f 5453/5453 5656/5656 5454/5454
f 5450/5450 5455/5455 5657/5657
f 5450/5450 5657/5657 5655/5655
f 5454/5454 5656/5656 5658/5658
f 5454/5454 5658/5658 5456/5456
f 5455/5455 5457/5457 5659/5659
f 5455/5455 5659/5659 5657/5657
f 5456/5456 5658/5658 5660/5660
f 5456/5456 5660/5660 5458/5458
f 5457/5457 5459/5459 5661/5661
f 5457/5457 5661/5661 5659/5659
f 5458/5458 5660/5660 5662/5662
f 5458/5458 5662/5662 5460/5460
f 5459/5459 5461/5461 5663/5663
f 5459/5459 5663/5663 5661/5661
f 5460/5460 5662/5662 5664/5664
f 5460/5460 5664/5664 5462/5462
f 5664/5664 5663/5663 5665/5665
f 5664/5664 5665/5665 5666/5666
f 5461/5461 5463/5463 5665/5665
f 5461/5461 5665/5665 5663/5663
f 5462/5462 5664/5664 5666/5666
f 5462/5462 5666/5666 5464/5464
f 5464/5464 5666/5666 5665/5665
f 5464/5464 5665/5665 5463/5463
f 5667/5667 5668/5668 5669/5669
f 5667/5667 5669/5669 5670/5670
f 5472/5472 5471/5471 5668/5668
f 5472/5472 5668/5668 5667/5667
f 5670/5670 5669/5669 5671/5671
f 5670/5670 5671/5671 5672/5672
f 5672/5672 5671/5671 5673/5673
f 5672/5672 5673/5673 5674/5674
f 5674/5674 5673/5673 5675/5675
f 5674/5674 5675/5675 5676/5676
f 5473/5473 5676/5676 5675/5675
f 5473/5473 5675/5675 5474/5474
f 5668/5668 5677/5677 5678/5678
f 5668/5668 5678/5678 5669/5669
f 5481/5481 5487/5487 5678/5678
f 5481/5481 5678/5678 5677/5677
f 5471/5471 5481/5481 5677/5677
f 5471/5471 5677/5677 5668/5668
f 5669/5669 5678/5678 5679/5679
f 5669/5669 5679/5679 5671/5671
f 5487/5487 5490/5490 5679/5679
f 5487/5487 5679/5679 5678/5678
f 5671/5671 5679/5679 5680/5680
f 5671/5671 5680/5680 5673/5673
f 5490/5490 5493/5493 5680/5680
f 5490/5490 5680/5680 5679/5679
f 5673/5673 5680/5680 5681/5681
f 5673/5673 5681/5681 5675/5675
f 5493/5493 5482/5482 5681/5681
f 5493/5493 5681/5681 5680/5680
f 5474/5474 5675/5675 5681/5681
f 5474/5474 5681/5681 5482/5482
f 5682/5682 5683/5683 5684/5684
f 5682/5682 5684/5684 5685/5685
f 5498/5498 5500/5500 5684/5684
f 5498/5498 5684/5684 5683/5683
f 5499/5499 5682/5682 5685/5685
f 5499/5499 5685/5685 5501/5501
f 5499/5499 5498/5498 5683/5683
f 5499/5499 5683/5683 5682/5682
f 5685/5685 5684/5684 5686/5686
f 5685/5685 5686/5686 5687/5687
f 5500/5500 5502/5502 5686/5686
f 5500/5500 5686/5686 5684/5684
f 5501/5501 5685/5685 5687/5687
f 5501/5501 5687/5687 5503/5503
f 5687/5687 5686/5686 5688/5688
f 5687/5687 5688/5688 5689/5689
f 5502/5502 5504/5504 5688/5688
f 5502/5502 5688/5688 5686/5686
f 5503/5503 5687/5687 5689/5689
f 5503/5503 5689/5689 5505/5505
f 5689/5689 5688/5688 5690/5690
f 5689/5689 5690/5690 5691/5691
f 5504/5504 5506/5506 5690/5690
f 5504/5504 5690/5690 5688/5688
f 5505/5505 5689/5689 5691/5691
f 5505/5505 5691/5691 5507/5507
f 5691/5691 5690/5690 5692/5692
f 5691/5691 5692/5692 5693/5693
f 5506/5506 5508/5508 5692/5692
f 5506/5506 5692/5692 5690/5690
f 5507/5507 5691/5691 5693/5693
f 5507/5507 5693/5693 5509/5509
f 5693/5693 5692/5692 5694/5694
f 5693/5693 5694/5694 5695/5695
f 5508/5508 5510/5510 5694/5694
f 5508/5508 5694/5694 5692/5692
f 5509/5509 5693/5693 5695/5695
f 5509/5509 5695/5695 5511/5511
f 5695/5695 5694/5694 5696/5696
f 5695/5695 5696/5696 5697/5697
f 5510/5510 5512/5512 5696/5696
f 5510/5510 5696/5696 5694/5694
f 5511/5511 5695/5695 5697/5697
f 5511/5511 5697/5697 5513/5513
f 5697/5697 5696/5696 5698/5698
f 5697/5697 5698/5698 5699/5699
f 5512/5512 5514/5514 5698/5698
f 5512/5512 5698/5698 5696/5696
f 5513/5513 5697/5697 5699/5699
f 5513/5513 5699/5699 5515/5515
f 5515/5515 5699/5699 5698/5698
f 5515/5515 5698/5698 5514/5514
f 5700/5700 5701/5701 5702/5702
f 5700/5700 5702/5702 5703/5703
f 5564/5564 5700/5700 5703/5703
f 5564/5564 5703/5703 5704/5704
f 5564/5564 5563/5563 5701/5701
f 5564/5564 5701/5701 5700/5700
f 5703/5703 5702/5702 5705/5705
f 5703/5703 5705/5705 5706/5706
f 5704/5704 5703/5703 5706/5706
f 5704/5704 5706/5706 5707/5707
f 5706/5706 5705/5705 5708/5708
f 5706/5706 5708/5708 5709/5709
f 5707/5707 5706/5706 5709/5709
f 5707/5707 5709/5709 5710/5710
f 5709/5709 5708/5708 5711/5711
f 5709/5709 5711/5711 5712/5712
f 5710/5710 5709/5709 5712/5712
f 5710/5710 5712/5712 5713/5713
f 5712/5712 5711/5711 5714/5714
f 5712/5712 5714/5714 5715/5715
f 5713/5713 5712/5712 5715/5715
f 5713/5713 5715/5715 5716/5716
f 5715/5715 5714/5714 5717/5717
f 5715/5715 5717/5717 5718/5718
f 5716/5716 5715/5715 5718/5718
f 5716/5716 5718/5718 5566/5566
f 5566/5566 5718/5718 5717/5717
f 5566/5566 5717/5717 5567/5567
f 5701/5701 5719/5719 5720/5720
f 5701/5701 5720/5720 5702/5702
f 5563/5563 5576/5576 5719/5719
f 5563/5563 5719/5719 5701/5701
f 5702/5702 5720/5720 5721/5721
f 5702/5702 5721/5721 5705/5705
f 5705/5705 5721/5721 5722/5722
f 5705/5705 5722/5722 5708/5708
f 5708/5708 5722/5722 5723/5723
f 5708/5708 5723/5723 5711/5711
f 5711/5711 5723/5723 5724/5724
f 5711/5711 5724/5724 5714/5714
f 5714/5714 5724/5724 5725/5725
f 5714/5714 5725/5725 5717/5717
f 5567/5567 5717/5717 5725/5725
f 5567/5567 5725/5725 5577/5577
f 5726/5726 5727/5727 5728/5728
f 5726/5726 5728/5728 5729/5729
f 5585/5585 5584/5584 5727/5727
f 5585/5585 5727/5727 5726/5726
f 5729/5729 5728/5728 5730/5730
f 5729/5729 5730/5730 5731/5731
f 5731/5731 5730/5730 5732/5732
f 5731/5731 5732/5732 5733/5733
f 5733/5733 5732/5732 5734/5734
f 5733/5733 5734/5734 5735/5735
f 5735/5735 5734/5734 5736/5736
f 5735/5735 5736/5736 5737/5737
f 5737/5737 5736/5736 5738/5738
f 5737/5737 5738/5738 5739/5739
f 5586/5586 5739/5739 5738/5738
f 5586/5586 5738/5738 5587/5587
f 5727/5727 5740/5740 5741/5741
f 5727/5727 5741/5741 5728/5728
f 5594/5594 5596/5596 5741/5741
f 5594/5594 5741/5741 5740/5740
f 5584/5584 5594/5594 5740/5740
f 5584/5584 5740/5740 5727/5727
f 5728/5728 5741/5741 5742/5742
f 5728/5728 5742/5742 5730/5730
f 5596/5596 5598/5598 5742/5742
f 5596/5596 5742/5742 5741/5741
f 5730/5730 5742/5742 5743/5743
f 5730/5730 5743/5743 5732/5732
f 5598/5598 5600/5600 5743/5743
f 5598/5598 5743/5743 5742/5742
f 5732/5732 5743/5743 5744/5744
f 5732/5732 5744/5744 5734/5734
f 5600/5600 5602/5602 5744/5744
f 5600/5600 5744/5744 5743/5743
f 5734/5734 5744/5744 5745/5745
f 5734/5734 5745/5745 5736/5736
f 5602/5602 5604/5604 5745/5745
f 5602/5602 5745/5745 5744/5744
f 5736/5736 5745/5745 5746/5746
f 5736/5736 5746/5746 5738/5738
f 5604/5604 5605/5605 5746/5746
f 5604/5604 5746/5746 5745/5745
f 5587/5587 5738/5738 5746/5746
f 5587/5587 5746/5746 5605/5605
f 5629/5629 5631/5631 5747/5747
f 5629/5629 5747/5747 5748/5748
f 5630/5630 5749/5749 5750/5750
f 5630/5630 5750/5750 5632/5632
f 5630/5630 5629/5629 5748/5748
f 5630/5630 5748/5748 5749/5749
f 5631/5631 5633/5633 5751/5751
f 5631/5631 5751/5751 5747/5747
f 5632/5632 5750/5750 5752/5752
f 5632/5632 5752/5752 5634/5634
f 5633/5633 5635/5635 5753/5753
f 5633/5633 5753/5753 5751/5751
f 5634/5634 5752/5752 5754/5754
f 5634/5634 5754/5754 5636/5636
f 5635/5635 5637/5637 5755/5755
f 5635/5635 5755/5755 5753/5753
f 5636/5636 5754/5754 5756/5756
f 5636/5636 5756/5756 5638/5638
f 5637/5637 5639/5639 5757/5757
f 5637/5637 5757/5757 5755/5755
f 5638/5638 5756/5756 5758/5758
f 5638/5638 5758/5758 5640/5640
f 5639/5639 5642/5642 5759/5759
f 5639/5639 5759/5759 5757/5757
f 5640/5640 5758/5758 5760/5760
f 5640/5640 5760/5760 5643/5643
f 5642/5642 5646/5646 5761/5761
f 5642/5642 5761/5761 5759/5759
f 5643/5643 5760/5760 5762/5762
f 5643/5643 5762/5762 5763/5763
f 5646/5646 5764/5764 5765/5765
f 5646/5646 5765/5765 5761/5761
f 5763/5763 5762/5762 5766/5766
f 5763/5763 5766/5766 5767/5767
f 5764/5764 5768/5768 5769/5769
f 5764/5764 5769/5769 5765/5765
f 5767/5767 5766/5766 5770/5770
f 5767/5767 5770/5770 5771/5771
f 5768/5768 5772/5772 5773/5773
f 5768/5768 5773/5773 5769/5769
f 5771/5771 5770/5770 5774/5774
f 5771/5771 5774/5774 5775/5775
f 5772/5772 5650/5650 5776/5776
f 5772/5772 5776/5776 5773/5773
f 5775/5775 5774/5774 5777/5777
f 5775/5775 5777/5777 5778/5778
f 5650/5650 5649/5649 5779/5779
f 5650/5650 5779/5779 5776/5776
f 5778/5778 5777/5777 5780/5780
f 5778/5778 5780/5780 5653/5653
f 5649/5649 5651/5651 5781/5781
f 5649/5649 5781/5781 5779/5779
f 5653/5653 5780/5780 5782/5782
f 5653/5653 5782/5782 5654/5654
f 5651/5651 5655/5655 5783/5783
f 5651/5651 5783/5783 5781/5781
f 5654/5654 5782/5782 5784/5784
f 5654/5654 5784/5784 5656/5656
f 5655/5655 5657/5657 5785/5785
f 5655/5655 5785/5785 5783/5783
f 5656/5656 5784/5784 5786/5786
f 5656/5656 5786/5786 5658/5658
f 5657/5657 5659/5659 5787/5787
f 5657/5657 5787/5787 5785/5785
f 5658/5658 5786/5786 5788/5788
f 5658/5658 5788/5788 5660/5660
f 5659/5659 5661/5661 5789/5789
f 5659/5659 5789/5789 5787/5787
f 5660/5660 5788/5788 5790/5790
f 5660/5660 5790/5790 5662/5662
f 5661/5661 5663/5663 5791/5791
f 5661/5661 5791/5791 5789/5789
f 5662/5662 5790/5790 5792/5792
f 5662/5662 5792/5792 5664/5664
f 5664/5664 5792/5792 5791/5791
f 5664/5664 5791/5791 5663/5663
f 5793/5793 5794/5794 5795/5795
f 5793/5793 5795/5795 5796/5796
f 5748/5748 5747/5747 5795/5795
f 5748/5748 5795/5795 5794/5794
f 5749/5749 5793/5793 5796/5796
f 5749/5749 5796/5796 5750/5750
f 5749/5749 5748/5748 5794/5794
f 5749/5749 5794/5794 5793/5793
f 5796/5796 5795/5795 5797/5797
f 5796/5796 5797/5797 5798/5798
f 5747/5747 5751/5751 5797/5797
f 5747/5747 5797/5797 5795/5795
f 5750/5750 5796/5796 5798/5798
f 5750/5750 5798/5798 5752/5752
f 5751/5751 5753/5753 5799/5799
f 5751/5751 5799/5799 5797/5797
f 5752/5752 5798/5798 5800/5800
f 5752/5752 5800/5800 5754/5754
f 5753/5753 5755/5755 5801/5801
f 5753/5753 5801/5801 5799/5799
f 5754/5754 5800/5800 5802/5802
f 5754/5754 5802/5802 5756/5756
f 5755/5755 5757/5757 5803/5803
f 5755/5755 5803/5803 5801/5801
f 5756/5756 5802/5802 5804/5804
f 5756/5756 5804/5804 5758/5758
f 5757/5757 5759/5759 5805/5805
f 5757/5757 5805/5805 5803/5803
f 5758/5758 5804/5804 5806/5806
f 5758/5758 5806/5806 5760/5760
f 5759/5759 5761/5761 5807/5807
f 5759/5759 5807/5807 5805/5805
f 5760/5760 5806/5806 5808/5808
f 5760/5760 5808/5808 5762/5762
f 5761/5761 5765/5765 5809/5809
f 5761/5761 5809/5809 5807/5807
f 5762/5762 5808/5808 5810/5810
f 5762/5762 5810/5810 5766/5766
f 5765/5765 5769/5769 5811/5811
f 5765/5765 5811/5811 5809/5809
f 5766/5766 5810/5810 5812/5812
f 5766/5766 5812/5812 5770/5770
f 5769/5769 5773/5773 5813/5813
f 5769/5769 5813/5813 5811/5811
f 5770/5770 5812/5812 5814/5814
f 5770/5770 5814/5814 5774/5774
f 5773/5773 5776/5776 5815/5815
f 5773/5773 5815/5815 5813/5813
f 5774/5774 5814/5814 5816/5816
f 5774/5774 5816/5816 5777/5777
f 5776/5776 5779/5779 5817/5817
f 5776/5776 5817/5817 5815/5815
f 5777/5777 5816/5816 5818/5818
f 5777/5777 5818/5818 5780/5780
f 5779/5779 5781/5781 5819/5819
f 5779/5779 5819/5819 5817/5817
f 5780/5780 5818/5818 5820/5820
f 5780/5780 5820/5820 5782/5782
f 5781/5781 5783/5783 5821/5821
f 5781/5781 5821/5821 5819/5819
f 5782/5782 5820/5820 5822/5822
f 5782/5782 5822/5822 5784/5784
f 5783/5783 5785/5785 5823/5823
f 5783/5783 5823/5823 5821/5821
f 5784/5784 5822/5822 5824/5824
f 5784/5784 5824/5824 5786/5786
f 5785/5785 5787/5787 5825/5825
f 5785/5785 5825/5825 5823/5823
f 5786/5786 5824/5824 5826/5826
f 5786/5786 5826/5826 5788/5788
f 5826/5826 5825/5825 5827/5827
f 5826/5826 5827/5827 5828/5828
f 5787/5787 5789/5789 5827/5827
f 5787/5787 5827/5827 5825/5825
f 5788/5788 5826/5826 5828/5828
f 5788/5788 5828/5828 5790/5790
f 5828/5828 5827/5827 5829/5829
f 5828/5828 5829/5829 5830/5830
f 5789/5789 5791/5791 5829/5829
f 5789/5789 5829/5829 5827/5827
f 5790/5790 5828/5828 5830/5830
f 5790/5790 5830/5830 5792/5792
f 5792/5792 5830/5830 5829/5829
f 5792/5792 5829/5829 5791/5791
f 5831/5831 5832/5832 5833/5833
f 5831/5831 5833/5833 5834/5834
f 5797/5797 5799/5799 5833/5833
f 5797/5797 5833/5833 5832/5832
f 5798/5798 5831/5831 5834/5834
f 5798/5798 5834/5834 5800/5800
f 5798/5798 5797/5797 5832/5832
f 5798/5798 5832/5832 5831/5831
f 5799/5799 5801/5801 5835/5835
f 5799/5799 5835/5835 5833/5833
f 5800/5800 5834/5834 5836/5836
f 5800/5800 5836/5836 5802/5802
f 5801/5801 5803/5803 5837/5837
f 5801/5801 5837/5837 5835/5835
f 5802/5802 5836/5836 5838/5838
f 5802/5802 5838/5838 5804/5804
f 5803/5803 5805/5805 5839/5839
f 5803/5803 5839/5839 5837/5837
f 5804/5804 5838/5838 5840/5840
f 5804/5804 5840/5840 5806/5806
f 5805/5805 5807/5807 5841/5841
f 5805/5805 5841/5841 5839/5839
f 5806/5806 5840/5840 5842/5842
f 5806/5806 5842/5842 5808/5808
f 5807/5807 5809/5809 5843/5843
f 5807/5807 5843/5843 5841/5841
f 5808/5808 5842/5842 5844/5844
f 5808/5808 5844/5844 5810/5810
f 5809/5809 5811/5811 5845/5845
f 5809/5809 5845/5845 5843/5843
f 5810/5810 5844/5844 5846/5846
f 5810/5810 5846/5846 5812/5812
f 5811/5811 5813/5813 5847/5847
f 5811/5811 5847/5847 5845/5845
f 5812/5812 5846/5846 5848/5848
f 5812/5812 5848/5848 5814/5814
f 5813/5813 5815/5815 5849/5849
f 5813/5813 5849/5849 5847/5847
f 5814/5814 5848/5848 5850/5850
f 5814/5814 5850/5850 5816/5816
f 5815/5815 5817/5817 5851/5851
f 5815/5815 5851/5851 5849/5849
f 5816/5816 5850/5850 5852/5852
f 5816/5816 5852/5852 5818/5818
f 5817/5817 5819/5819 5853/5853
f 5817/5817 5853/5853 5851/5851
f 5818/5818 5852/5852 5854/5854
f 5818/5818 5854/5854 5820/5820
f 5819/5819 5821/5821 5855/5855
f 5819/5819 5855/5855 5853/5853
f 5820/5820 5854/5854 5856/5856
f 5820/5820 5856/5856 5822/5822
f 5821/5821 5823/5823 5857/5857
f 5821/5821 5857/5857 5855/5855
f 5822/5822 5856/5856 5858/5858
f 5822/5822 5858/5858 5824/5824
f 5858/5858 5857/5857 5859/5859
f 5858/5858 5859/5859 5860/5860
f 5823/5823 5825/5825 5859/5859
f 5823/5823 5859/5859 5857/5857
f 5824/5824 5858/5858 5860/5860
f 5824/5824 5860/5860 5826/5826
f 5826/5826 5860/5860 5859/5859
f 5826/5826 5859/5859 5825/5825
f 5861/5861 5862/5862 5863/5863
f 5861/5861 5863/5863 5864/5864
f 5833/5833 5835/5835 5863/5863
f 5833/5833 5863/5863 5862/5862
f 5834/5834 5861/5861 5864/5864
f 5834/5834 5864/5864 5836/5836
f 5834/5834 5833/5833 5862/5862
f 5834/5834 5862/5862 5861/5861
f 5864/5864 5863/5863 5865/5865
f 5864/5864 5865/5865 5866/5866
f 5835/5835 5837/5837 5865/5865
f 5835/5835 5865/5865 5863/5863
f 5836/5836 5864/5864 5866/5866
f 5836/5836 5866/5866 5838/5838
f 5837/5837 5839/5839 5867/5867
f 5837/5837 5867/5867 5865/5865
f 5838/5838 5866/5866 5868/5868
f 5838/5838 5868/5868 5840/5840
f 5839/5839 5841/5841 5869/5869
f 5839/5839 5869/5869 5867/5867
f 5840/5840 5868/5868 5870/5870
f 5840/5840 5870/5870 5842/5842
f 5841/5841 5843/5843 5871/5871
f 5841/5841 5871/5871 5869/5869
f 5842/5842 5870/5870 5872/5872
f 5842/5842 5872/5872 5844/5844
f 5843/5843 5845/5845 5873/5873
f 5843/5843 5873/5873 5871/5871
f 5844/5844 5872/5872 5874/5874
f 5844/5844 5874/5874 5846/5846
f 5845/5845 5847/5847 5875/5875
f 5845/5845 5875/5875 5873/5873
f 5846/5846 5874/5874 5876/5876
f 5846/5846 5876/5876 5848/5848
f 5847/5847 5849/5849 5877/5877
f 5847/5847 5877/5877 5875/5875
f 5848/5848 5876/5876 5878/5878
f 5848/5848 5878/5878 5850/5850
f 5849/5849 5851/5851 5879/5879
f 5849/5849 5879/5879 5877/5877
f 5850/5850 5878/5878 5880/5880
f 5850/5850 5880/5880 5852/5852
f 5851/5851 5853/5853 5881/5881
f 5851/5851 5881/5881 5879/5879
f 5852/5852 5880/5880 5882/5882
f 5852/5852 5882/5882 5854/5854
f 5882/5882 5881/5881 5883/5883
f 5882/5882 5883/5883 5884/5884
f 5853/5853 5855/5855 5883/5883
f 5853/5853 5883/5883 5881/5881
f 5854/5854 5882/5882 5884/5884
f 5854/5854 5884/5884 5856/5856
f 5884/5884 5883/5883 5885/5885
f 5884/5884 5885/5885 5886/5886
f 5855/5855 5857/5857 5885/5885
f 5855/5855 5885/5885 5883/5883
f 5856/5856 5884/5884 5886/5886
f 5856/5856 5886/5886 5858/5858
f 5858/5858 5886/5886 5885/5885
f 5858/5858 5885/5885 5857/5857
f 5887/5887 5888/5888 5889/5889
f 5887/5887 5889/5889 5890/5890
f 5865/5865 5867/5867 5889/5889
f 5865/5865 5889/5889 5888/5888
f 5866/5866 5887/5887 5890/5890
f 5866/5866 5890/5890 5868/5868
f 5866/5866 5865/5865 5888/5888
f 5866/5866 5888/5888 5887/5887
f 5890/5890 5889/5889 5891/5891
f 5890/5890 5891/5891 5892/5892
f 5867/5867 5869/5869 5891/5891
f 5867/5867 5891/5891 5889/5889
f 5868/5868 5890/5890 5892/5892
f 5868/5868 5892/5892 5870/5870
f 5892/5892 5891/5891 5893/5893
f 5892/5892 5893/5893 5894/5894
f 5869/5869 5871/5871 5893/5893
f 5869/5869 5893/5893 5891/5891
f 5870/5870 5892/5892 5894/5894
f 5870/5870 5894/5894 5872/5872
f 5894/5894 5893/5893 5895/5895
f 5894/5894 5895/5895 5896/5896
f 5871/5871 5873/5873 5895/5895
f 5871/5871 5895/5895 5893/5893
f 5872/5872 5894/5894 5896/5896
f 5872/5872 5896/5896 5874/5874
f 5896/5896 5895/5895 5897/5897
f 5896/5896 5897/5897 5898/5898
f 5873/5873 5875/5875 5897/5897
f 5873/5873 5897/5897 5895/5895
f 5874/5874 5896/5896 5898/5898
f 5874/5874 5898/5898 5876/5876
f 5898/5898 5897/5897 5899/5899
f 5898/5898 5899/5899 5900/5900
f 5875/5875 5877/5877 5899/5899
f 5875/5875 5899/5899 5897/5897
f 5876/5876 5898/5898 5900/5900
f 5876/5876 5900/5900 5878/5878
f 5900/5900 5899/5899 5901/5901
f 5900/5900 5901/5901 5902/5902
f 5877/5877 5879/5879 5901/5901
f 5877/5877 5901/5901 5899/5899
f 5878/5878 5900/5900 5902/5902
f 5878/5878 5902/5902 5880/5880
f 5902/5902 5901/5901 5903/5903
f 5902/5902 5903/5903 5904/5904
f 5879/5879 5881/5881 5903/5903
f 5879/5879 5903/5903 5901/5901
f 5880/5880 5902/5902 5904/5904
f 5880/5880 5904/5904 5882/5882
f 5882/5882 5904/5904 5903/5903
f 5882/5882 5903/5903 5881/5881
