mtllib TREDD0_flame.mtl
o TorchFlame
v -0.289474 0.210526 -0.078947
v -0.289474 0.210526 -0.052632
v -0.289474 0.236842 -0.052632
v -0.289474 0.236842 -0.078947
v -0.263158 0.236842 -0.052632
v -0.263158 0.236842 -0.078947
v -0.263158 0.210526 -0.078947
v -0.263158 0.210526 -0.052632
v -0.289474 0.210526 -0.026316
v -0.289474 0.236842 -0.026316
v -0.263158 0.236842 -0.026316
v -0.263158 0.210526 -0.026316
v -0.289474 0.210526 0.000000
v -0.289474 0.236842 0.000000
v -0.263158 0.236842 0.000000
v -0.263158 0.210526 0.000000
v -0.289474 0.210526 0.026316
v -0.289474 0.236842 0.026316
v -0.263158 0.236842 0.026316
v -0.263158 0.210526 0.026316
v -0.289474 0.210526 0.052632
v -0.289474 0.236842 0.052632
v -0.263158 0.236842 0.052632
v -0.263158 0.210526 0.052632
v -0.289474 0.210526 0.078947
v -0.289474 0.236842 0.078947
v -0.263158 0.236842 0.078947
v -0.263158 0.210526 0.078947
v -0.263158 0.157895 -0.078947
v -0.263158 0.157895 -0.052632
v -0.263158 0.184211 -0.052632
v -0.263158 0.184211 -0.078947
v -0.236842 0.157895 -0.078947
v -0.236842 0.157895 -0.052632
v -0.236842 0.184211 -0.078947
v -0.263158 0.157895 -0.026316
v -0.263158 0.184211 -0.026316
v -0.236842 0.157895 -0.026316
v -0.263158 0.157895 0.000000
v -0.263158 0.184211 0.000000
v -0.236842 0.157895 0.000000
v -0.263158 0.157895 0.026316
v -0.263158 0.184211 0.026316
v -0.236842 0.157895 0.026316
v -0.263158 0.157895 0.052632
v -0.263158 0.184211 0.052632
v -0.236842 0.157895 0.052632
v -0.263158 0.157895 0.078947
v -0.263158 0.184211 0.078947
v -0.236842 0.157895 0.078947
v -0.236842 0.184211 0.078947
v -0.263158 0.184211 -0.078947
v -0.263158 0.184211 -0.052632
v -0.263158 0.210526 -0.052632
v -0.263158 0.210526 -0.078947
v -0.236842 0.210526 -0.078947
v -0.236842 0.184211 -0.078947
v -0.263158 0.184211 -0.026316
v -0.263158 0.210526 -0.026316
v -0.263158 0.184211 0.000000
v -0.263158 0.210526 0.000000
v -0.263158 0.184211 0.026316
v -0.263158 0.210526 0.026316
v -0.263158 0.184211 0.052632
v -0.263158 0.210526 0.052632
v -0.263158 0.184211 0.078947
v -0.263158 0.210526 0.078947
v -0.236842 0.184211 0.078947
v -0.236842 0.210526 0.078947
v -0.263158 0.210526 -0.131579
v -0.263158 0.210526 -0.105263
v -0.263158 0.236842 -0.105263
v -0.263158 0.236842 -0.131579
v -0.236842 0.236842 -0.105263
v -0.236842 0.236842 -0.131579
v -0.236842 0.210526 -0.131579
v -0.236842 0.210526 -0.105263
v -0.236842 0.236842 -0.078947
v -0.236842 0.210526 -0.078947
v -0.263158 0.210526 0.105263
v -0.263158 0.236842 0.105263
v -0.236842 0.236842 0.105263
v -0.236842 0.236842 0.078947
v -0.236842 0.210526 0.078947
v -0.236842 0.210526 0.105263
v -0.263158 0.210526 0.131579
v -0.263158 0.236842 0.131579
v -0.236842 0.236842 0.131579
v -0.236842 0.210526 0.131579
v -0.263158 0.236842 -0.078947
v -0.263158 0.236842 -0.052632
v -0.263158 0.263158 -0.052632
v -0.263158 0.263158 -0.078947
v -0.236842 0.263158 -0.078947
v -0.236842 0.236842 -0.078947
v -0.263158 0.236842 -0.026316
v -0.263158 0.263158 -0.026316
v -0.263158 0.236842 0.000000
v -0.263158 0.263158 0.000000
v -0.263158 0.236842 0.026316
v -0.263158 0.263158 0.026316
v -0.263158 0.236842 0.052632
v -0.263158 0.263158 0.052632
v -0.263158 0.236842 0.078947
v -0.263158 0.263158 0.078947
v -0.236842 0.236842 0.078947
v -0.236842 0.263158 0.078947
v -0.263158 0.289474 -0.052632
v -0.263158 0.289474 -0.078947
v -0.236842 0.289474 -0.052632
v -0.236842 0.289474 -0.078947
v -0.263158 0.289474 -0.026316
v -0.236842 0.289474 -0.026316
v -0.263158 0.289474 0.000000
v -0.236842 0.289474 0.000000
v -0.263158 0.289474 0.026316
v -0.236842 0.289474 0.026316
v -0.263158 0.289474 0.052632
v -0.236842 0.289474 0.052632
v -0.263158 0.289474 0.078947
v -0.236842 0.289474 0.078947
v -0.236842 0.131579 -0.078947
v -0.236842 0.131579 -0.052632
v -0.236842 0.157895 -0.052632
v -0.236842 0.157895 -0.078947
v -0.210526 0.131579 -0.078947
v -0.210526 0.131579 -0.052632
v -0.210526 0.157895 -0.078947
v -0.236842 0.131579 -0.026316
v -0.236842 0.157895 -0.026316
v -0.210526 0.131579 -0.026316
v -0.236842 0.131579 0.000000
v -0.236842 0.157895 0.000000
v -0.210526 0.131579 0.000000
v -0.236842 0.131579 0.026316
v -0.236842 0.157895 0.026316
v -0.210526 0.131579 0.026316
v -0.236842 0.131579 0.052632
v -0.236842 0.157895 0.052632
v -0.210526 0.131579 0.052632
v -0.236842 0.131579 0.078947
v -0.236842 0.157895 0.078947
v -0.210526 0.131579 0.078947
v -0.210526 0.157895 0.078947
v -0.236842 0.157895 -0.131579
v -0.236842 0.157895 -0.105263
v -0.236842 0.184211 -0.105263
v -0.236842 0.184211 -0.131579
v -0.210526 0.157895 -0.131579
v -0.210526 0.157895 -0.105263
v -0.210526 0.184211 -0.131579
v -0.210526 0.157895 -0.078947
v -0.236842 0.157895 0.105263
v -0.236842 0.184211 0.105263
v -0.210526 0.157895 0.078947
v -0.210526 0.157895 0.105263
v -0.236842 0.157895 0.131579
v -0.236842 0.184211 0.131579
v -0.210526 0.157895 0.131579
v -0.210526 0.184211 0.131579
v -0.236842 0.184211 -0.131579
v -0.236842 0.184211 -0.105263
v -0.236842 0.210526 -0.105263
v -0.236842 0.210526 -0.131579
v -0.210526 0.210526 -0.131579
v -0.210526 0.184211 -0.131579
v -0.236842 0.184211 0.105263
v -0.236842 0.210526 0.105263
v -0.236842 0.184211 0.131579
v -0.236842 0.210526 0.131579
v -0.210526 0.184211 0.131579
v -0.210526 0.210526 0.131579
v -0.236842 0.210526 -0.157895
v -0.236842 0.236842 -0.157895
v -0.210526 0.236842 -0.131579
v -0.210526 0.236842 -0.157895
v -0.210526 0.210526 -0.157895
v -0.210526 0.210526 -0.131579
v -0.210526 0.236842 -0.105263
v -0.210526 0.236842 0.131579
v -0.210526 0.236842 0.105263
v -0.236842 0.210526 0.157895
v -0.236842 0.236842 0.157895
v -0.210526 0.236842 0.157895
v -0.210526 0.210526 0.131579
v -0.210526 0.210526 0.157895
v -0.236842 0.236842 -0.105263
v -0.236842 0.263158 -0.105263
v -0.210526 0.263158 -0.105263
v -0.210526 0.236842 -0.105263
v -0.236842 0.236842 0.105263
v -0.236842 0.263158 0.105263
v -0.210526 0.236842 0.105263
v -0.210526 0.263158 0.105263
v -0.236842 0.289474 -0.105263
v -0.210526 0.289474 -0.078947
v -0.210526 0.289474 -0.105263
v -0.236842 0.289474 0.105263
v -0.210526 0.289474 0.105263
v -0.210526 0.289474 0.078947
v -0.236842 0.315789 -0.052632
v -0.236842 0.315789 -0.078947
v -0.210526 0.315789 -0.052632
v -0.210526 0.315789 -0.078947
v -0.236842 0.315789 -0.026316
v -0.210526 0.315789 -0.026316
v -0.236842 0.315789 0.000000
v -0.210526 0.315789 0.000000
v -0.236842 0.315789 0.026316
v -0.210526 0.315789 0.026316
v -0.236842 0.315789 0.052632
v -0.210526 0.315789 0.052632
v -0.236842 0.315789 0.078947
v -0.210526 0.315789 0.078947
v -0.236842 0.447368 -0.078947
v -0.236842 0.447368 -0.052632
v -0.236842 0.473684 -0.052632
v -0.236842 0.473684 -0.078947
v -0.210526 0.473684 -0.052632
v -0.210526 0.473684 -0.078947
v -0.210526 0.447368 -0.078947
v -0.210526 0.447368 -0.052632
v -0.236842 0.447368 -0.026316
v -0.236842 0.473684 -0.026316
v -0.210526 0.473684 -0.026316
v -0.210526 0.447368 -0.026316
v -0.236842 0.447368 0.000000
v -0.236842 0.473684 0.000000
v -0.210526 0.473684 0.000000
v -0.210526 0.447368 0.000000
v -0.236842 0.447368 0.026316
v -0.236842 0.473684 0.026316
v -0.210526 0.473684 0.026316
v -0.210526 0.447368 0.026316
v -0.236842 0.447368 0.052632
v -0.236842 0.473684 0.052632
v -0.210526 0.473684 0.052632
v -0.210526 0.447368 0.052632
v -0.236842 0.447368 0.078947
v -0.236842 0.473684 0.078947
v -0.210526 0.473684 0.078947
v -0.210526 0.447368 0.078947
v -0.210526 0.000000 -0.078947
v -0.210526 0.000000 -0.052632
v -0.210526 0.026316 -0.052632
v -0.210526 0.026316 -0.078947
v -0.184211 0.026316 -0.052632
v -0.184211 0.026316 -0.078947
v -0.184211 0.000000 -0.078947
v -0.184211 0.000000 -0.052632
v -0.210526 0.000000 -0.026316
v -0.210526 0.026316 -0.026316
v -0.184211 0.026316 -0.026316
v -0.184211 0.000000 -0.026316
v -0.210526 0.000000 0.000000
v -0.210526 0.026316 0.000000
v -0.184211 0.026316 0.000000
v -0.184211 0.000000 0.000000
v -0.210526 0.000000 0.026316
v -0.210526 0.026316 0.026316
v -0.184211 0.026316 0.026316
v -0.184211 0.000000 0.026316
v -0.210526 0.000000 0.052632
v -0.210526 0.026316 0.052632
v -0.184211 0.026316 0.052632
v -0.184211 0.000000 0.052632
v -0.210526 0.000000 0.078947
v -0.210526 0.026316 0.078947
v -0.184211 0.026316 0.078947
v -0.184211 0.000000 0.078947
v -0.210526 0.131579 -0.131579
v -0.210526 0.131579 -0.105263
v -0.210526 0.157895 -0.105263
v -0.210526 0.157895 -0.131579
v -0.184211 0.131579 -0.131579
v -0.184211 0.131579 -0.105263
v -0.184211 0.157895 -0.131579
v -0.184211 0.131579 -0.078947
v -0.184211 0.131579 -0.052632
v -0.184211 0.131579 -0.026316
v -0.184211 0.131579 0.000000
v -0.184211 0.131579 0.026316
v -0.184211 0.131579 0.052632
v -0.184211 0.131579 0.078947
v -0.210526 0.131579 0.105263
v -0.210526 0.157895 0.105263
v -0.184211 0.131579 0.105263
v -0.210526 0.131579 0.131579
v -0.210526 0.157895 0.131579
v -0.184211 0.131579 0.131579
v -0.184211 0.157895 0.131579
v -0.210526 0.157895 -0.157895
v -0.210526 0.184211 -0.157895
v -0.184211 0.157895 -0.157895
v -0.184211 0.157895 -0.131579
v -0.184211 0.184211 -0.157895
v -0.210526 0.157895 0.157895
v -0.210526 0.184211 0.157895
v -0.184211 0.157895 0.131579
v -0.184211 0.157895 0.157895
v -0.184211 0.184211 0.157895
v -0.210526 0.184211 -0.157895
v -0.210526 0.210526 -0.157895
v -0.184211 0.210526 -0.157895
v -0.184211 0.184211 -0.157895
v -0.210526 0.184211 0.157895
v -0.210526 0.210526 0.157895
v -0.184211 0.184211 0.157895
v -0.184211 0.210526 0.157895
v -0.210526 0.210526 -0.184211
v -0.210526 0.236842 -0.184211
v -0.184211 0.236842 -0.157895
v -0.184211 0.236842 -0.184211
v -0.184211 0.210526 -0.184211
v -0.184211 0.210526 -0.157895
v -0.184211 0.236842 -0.131579
v -0.184211 0.236842 0.157895
v -0.184211 0.236842 0.131579
v -0.210526 0.210526 0.184211
v -0.210526 0.236842 0.184211
v -0.184211 0.236842 0.184211
v -0.184211 0.210526 0.157895
v -0.184211 0.210526 0.184211
v -0.210526 0.236842 -0.131579
v -0.210526 0.263158 -0.131579
v -0.184211 0.263158 -0.131579
v -0.184211 0.236842 -0.131579
v -0.210526 0.236842 0.131579
v -0.210526 0.263158 0.131579
v -0.184211 0.236842 0.131579
v -0.184211 0.263158 0.131579
v -0.210526 0.289474 -0.131579
v -0.184211 0.289474 -0.105263
v -0.184211 0.289474 -0.131579
v -0.210526 0.289474 0.131579
v -0.184211 0.289474 0.131579
v -0.184211 0.289474 0.105263
v -0.210526 0.315789 -0.105263
v -0.184211 0.315789 -0.078947
v -0.184211 0.315789 -0.105263
v -0.210526 0.315789 0.105263
v -0.184211 0.315789 0.105263
v -0.184211 0.315789 0.078947
v -0.210526 0.342105 -0.052632
v -0.210526 0.342105 -0.078947
v -0.184211 0.342105 -0.052632
v -0.184211 0.342105 -0.078947
v -0.210526 0.342105 -0.026316
v -0.184211 0.342105 -0.026316
v -0.210526 0.342105 0.000000
v -0.184211 0.342105 0.000000
v -0.210526 0.342105 0.026316
v -0.184211 0.342105 0.026316
v -0.210526 0.342105 0.052632
v -0.184211 0.342105 0.052632
v -0.210526 0.342105 0.078947
v -0.184211 0.342105 0.078947
v -0.210526 0.368421 -0.078947
v -0.210526 0.368421 -0.052632
v -0.210526 0.394737 -0.052632
v -0.210526 0.394737 -0.078947
v -0.184211 0.394737 -0.052632
v -0.184211 0.394737 -0.078947
v -0.184211 0.368421 -0.078947
v -0.184211 0.368421 -0.052632
v -0.210526 0.368421 -0.026316
v -0.210526 0.394737 -0.026316
v -0.184211 0.394737 -0.026316
v -0.184211 0.368421 -0.026316
v -0.210526 0.368421 0.000000
v -0.210526 0.394737 0.000000
v -0.184211 0.394737 0.000000
v -0.184211 0.368421 0.000000
v -0.210526 0.368421 0.026316
v -0.210526 0.394737 0.026316
v -0.184211 0.394737 0.026316
v -0.184211 0.368421 0.026316
v -0.210526 0.368421 0.052632
v -0.210526 0.394737 0.052632
v -0.184211 0.394737 0.052632
v -0.184211 0.368421 0.052632
v -0.210526 0.368421 0.078947
v -0.210526 0.394737 0.078947
v -0.184211 0.394737 0.078947
v -0.184211 0.368421 0.078947
v -0.210526 0.447368 -0.131579
v -0.210526 0.447368 -0.105263
v -0.210526 0.473684 -0.105263
v -0.210526 0.473684 -0.131579
v -0.184211 0.473684 -0.105263
v -0.184211 0.473684 -0.131579
v -0.184211 0.447368 -0.131579
v -0.184211 0.447368 -0.105263
v -0.184211 0.473684 -0.078947
v -0.184211 0.447368 -0.078947
v -0.184211 0.473684 -0.052632
v -0.184211 0.447368 -0.052632
v -0.184211 0.473684 -0.026316
v -0.184211 0.447368 -0.026316
v -0.184211 0.473684 0.000000
v -0.184211 0.447368 0.000000
v -0.184211 0.473684 0.026316
v -0.184211 0.447368 0.026316
v -0.184211 0.473684 0.052632
v -0.184211 0.447368 0.052632
v -0.184211 0.473684 0.078947
v -0.184211 0.447368 0.078947
v -0.210526 0.447368 0.105263
v -0.210526 0.473684 0.105263
v -0.184211 0.473684 0.105263
v -0.184211 0.447368 0.105263
v -0.210526 0.447368 0.131579
v -0.210526 0.473684 0.131579
v -0.184211 0.473684 0.131579
v -0.184211 0.447368 0.131579
v -0.210526 0.526316 -0.052632
v -0.210526 0.526316 -0.026316
v -0.210526 0.552632 -0.026316
v -0.210526 0.552632 -0.052632
v -0.184211 0.552632 -0.026316
v -0.184211 0.552632 -0.052632
v -0.184211 0.526316 -0.052632
v -0.184211 0.526316 -0.026316
v -0.210526 0.526316 0.000000
v -0.210526 0.552632 0.000000
v -0.184211 0.552632 0.000000
v -0.184211 0.526316 0.000000
v -0.210526 0.526316 0.026316
v -0.210526 0.552632 0.026316
v -0.184211 0.552632 0.026316
v -0.184211 0.526316 0.026316
v -0.210526 0.526316 0.052632
v -0.210526 0.552632 0.052632
v -0.184211 0.552632 0.052632
v -0.184211 0.526316 0.052632
v -0.210526 0.868421 -0.052632
v -0.210526 0.868421 -0.026316
v -0.210526 0.894737 -0.026316
v -0.210526 0.894737 -0.052632
v -0.184211 0.894737 -0.026316
v -0.184211 0.894737 -0.052632
v -0.184211 0.868421 -0.052632
v -0.184211 0.868421 -0.026316
v -0.210526 0.868421 0.000000
v -0.210526 0.894737 0.000000
v -0.184211 0.894737 0.000000
v -0.184211 0.868421 0.000000
v -0.210526 0.868421 0.026316
v -0.210526 0.894737 0.026316
v -0.184211 0.894737 0.026316
v -0.184211 0.868421 0.026316
v -0.210526 0.868421 0.052632
v -0.210526 0.894737 0.052632
v -0.184211 0.894737 0.052632
v -0.184211 0.868421 0.052632
v -0.184211 0.000000 -0.131579
v -0.184211 0.000000 -0.105263
v -0.184211 0.026316 -0.105263
v -0.184211 0.026316 -0.131579
v -0.157895 0.026316 -0.105263
v -0.157895 0.026316 -0.131579
v -0.157895 0.000000 -0.131579
v -0.157895 0.000000 -0.105263
v -0.157895 0.026316 -0.078947
v -0.157895 0.000000 -0.078947
v -0.157895 0.026316 -0.052632
v -0.157895 0.000000 -0.052632
v -0.157895 0.026316 -0.026316
v -0.157895 0.000000 -0.026316
v -0.157895 0.026316 0.000000
v -0.157895 0.000000 0.000000
v -0.157895 0.026316 0.026316
v -0.157895 0.000000 0.026316
v -0.157895 0.026316 0.052632
v -0.157895 0.000000 0.052632
v -0.157895 0.026316 0.078947
v -0.157895 0.000000 0.078947
v -0.184211 0.000000 0.105263
v -0.184211 0.026316 0.105263
v -0.157895 0.026316 0.105263
v -0.157895 0.000000 0.105263
v -0.184211 0.000000 0.131579
v -0.184211 0.026316 0.131579
v -0.157895 0.026316 0.131579
v -0.157895 0.000000 0.131579
v -0.184211 0.105263 -0.078947
v -0.184211 0.105263 -0.052632
v -0.184211 0.131579 -0.052632
v -0.184211 0.131579 -0.078947
v -0.157895 0.105263 -0.078947
v -0.157895 0.105263 -0.052632
v -0.157895 0.131579 -0.078947
v -0.184211 0.105263 -0.026316
v -0.184211 0.131579 -0.026316
v -0.157895 0.105263 -0.026316
v -0.184211 0.105263 0.000000
v -0.184211 0.131579 0.000000
v -0.157895 0.105263 0.000000
v -0.184211 0.105263 0.026316
v -0.184211 0.131579 0.026316
v -0.157895 0.105263 0.026316
v -0.184211 0.105263 0.052632
v -0.184211 0.131579 0.052632
v -0.157895 0.105263 0.052632
v -0.184211 0.105263 0.078947
v -0.184211 0.131579 0.078947
v -0.157895 0.105263 0.078947
v -0.157895 0.131579 0.078947
v -0.184211 0.131579 -0.157895
v -0.184211 0.157895 -0.157895
v -0.157895 0.131579 -0.157895
v -0.157895 0.131579 -0.131579
v -0.157895 0.157895 -0.157895
v -0.157895 0.131579 -0.105263
v -0.157895 0.131579 -0.078947
v -0.157895 0.131579 0.078947
v -0.157895 0.131579 0.105263
v -0.157895 0.131579 0.131579
v -0.184211 0.131579 0.157895
v -0.184211 0.157895 0.157895
v -0.157895 0.131579 0.157895
v -0.157895 0.157895 0.157895
v -0.184211 0.157895 -0.184211
v -0.184211 0.184211 -0.184211
v -0.157895 0.157895 -0.184211
v -0.157895 0.157895 -0.157895
v -0.157895 0.184211 -0.184211
v -0.184211 0.157895 0.184211
v -0.184211 0.184211 0.184211
v -0.157895 0.157895 0.157895
v -0.157895 0.157895 0.184211
v -0.157895 0.184211 0.184211
v -0.184211 0.184211 -0.184211
v -0.184211 0.210526 -0.184211
v -0.157895 0.210526 -0.184211
v -0.157895 0.184211 -0.184211
v -0.184211 0.184211 0.184211
v -0.184211 0.210526 0.184211
v -0.157895 0.184211 0.184211
v -0.157895 0.210526 0.184211
v -0.184211 0.210526 -0.210526
v -0.184211 0.236842 -0.210526
v -0.157895 0.236842 -0.184211
v -0.157895 0.236842 -0.210526
v -0.157895 0.210526 -0.210526
v -0.157895 0.210526 -0.184211
v -0.157895 0.236842 -0.157895
v -0.157895 0.236842 0.184211
v -0.157895 0.236842 0.157895
v -0.184211 0.210526 0.210526
v -0.184211 0.236842 0.210526
v -0.157895 0.236842 0.210526
v -0.157895 0.210526 0.184211
v -0.157895 0.210526 0.210526
v -0.184211 0.236842 -0.157895
v -0.184211 0.263158 -0.157895
v -0.157895 0.263158 -0.157895
v -0.157895 0.236842 -0.157895
v -0.184211 0.236842 0.157895
v -0.184211 0.263158 0.157895
v -0.157895 0.236842 0.157895
v -0.157895 0.263158 0.157895
v -0.184211 0.289474 -0.157895
v -0.157895 0.289474 -0.131579
v -0.157895 0.289474 -0.157895
v -0.184211 0.289474 0.157895
v -0.157895 0.289474 0.157895
v -0.157895 0.289474 0.131579
v -0.184211 0.315789 -0.131579
v -0.157895 0.315789 -0.105263
v -0.157895 0.315789 -0.131579
v -0.184211 0.315789 0.131579
v -0.157895 0.315789 0.131579
v -0.157895 0.315789 0.105263
v -0.184211 0.342105 -0.105263
v -0.157895 0.342105 -0.078947
v -0.157895 0.342105 -0.105263
v -0.184211 0.342105 0.105263
v -0.157895 0.342105 0.105263
v -0.157895 0.342105 0.078947
v -0.184211 0.342105 -0.078947
v -0.184211 0.342105 -0.052632
v -0.184211 0.368421 -0.052632
v -0.184211 0.368421 -0.078947
v -0.157895 0.368421 -0.078947
v -0.157895 0.342105 -0.078947
v -0.184211 0.342105 -0.026316
v -0.184211 0.368421 -0.026316
v -0.184211 0.342105 0.000000
v -0.184211 0.368421 0.000000
v -0.184211 0.342105 0.026316
v -0.184211 0.368421 0.026316
v -0.184211 0.342105 0.052632
v -0.184211 0.368421 0.052632
v -0.184211 0.342105 0.078947
v -0.184211 0.368421 0.078947
v -0.157895 0.342105 0.078947
v -0.157895 0.368421 0.078947
v -0.184211 0.368421 -0.131579
v -0.184211 0.368421 -0.105263
v -0.184211 0.394737 -0.105263
v -0.184211 0.394737 -0.131579
v -0.157895 0.394737 -0.105263
v -0.157895 0.394737 -0.131579
v -0.157895 0.368421 -0.131579
v -0.157895 0.368421 -0.105263
v -0.157895 0.394737 -0.078947
v -0.157895 0.368421 -0.078947
v -0.157895 0.394737 -0.052632
v -0.157895 0.394737 -0.026316
v -0.157895 0.394737 0.000000
v -0.157895 0.394737 0.026316
v -0.157895 0.394737 0.052632
v -0.157895 0.394737 0.078947
v -0.184211 0.368421 0.105263
v -0.184211 0.394737 0.105263
v -0.157895 0.394737 0.105263
v -0.157895 0.368421 0.078947
v -0.157895 0.368421 0.105263
v -0.184211 0.368421 0.131579
v -0.184211 0.394737 0.131579
v -0.157895 0.394737 0.131579
v -0.157895 0.368421 0.131579
v -0.184211 0.447368 -0.184211
v -0.184211 0.447368 -0.157895
v -0.184211 0.473684 -0.157895
v -0.184211 0.473684 -0.184211
v -0.157895 0.473684 -0.157895
v -0.157895 0.473684 -0.184211
v -0.157895 0.447368 -0.184211
v -0.157895 0.447368 -0.157895
v -0.157895 0.473684 -0.131579
v -0.157895 0.447368 -0.131579
v -0.157895 0.473684 -0.105263
v -0.157895 0.447368 -0.105263
v -0.157895 0.473684 -0.078947
v -0.157895 0.447368 -0.078947
v -0.157895 0.473684 -0.052632
v -0.157895 0.447368 -0.052632
v -0.157895 0.473684 -0.026316
v -0.157895 0.447368 -0.026316
v -0.157895 0.473684 0.000000
v -0.157895 0.447368 0.000000
v -0.157895 0.473684 0.026316
v -0.157895 0.447368 0.026316
v -0.157895 0.473684 0.052632
v -0.157895 0.447368 0.052632
v -0.157895 0.473684 0.078947
v -0.157895 0.447368 0.078947
v -0.157895 0.473684 0.105263
v -0.157895 0.447368 0.105263
v -0.157895 0.473684 0.131579
v -0.157895 0.447368 0.131579
v -0.184211 0.447368 0.157895
v -0.184211 0.473684 0.157895
v -0.157895 0.473684 0.157895
v -0.157895 0.447368 0.157895
v -0.184211 0.447368 0.184211
v -0.184211 0.473684 0.184211
v -0.157895 0.473684 0.184211
v -0.157895 0.447368 0.184211
v -0.184211 0.526316 -0.105263
v -0.184211 0.526316 -0.078947
v -0.184211 0.552632 -0.078947
v -0.184211 0.552632 -0.105263
v -0.157895 0.552632 -0.078947
v -0.157895 0.552632 -0.105263
v -0.157895 0.526316 -0.105263
v -0.157895 0.526316 -0.078947
v -0.157895 0.552632 -0.052632
v -0.157895 0.526316 -0.052632
v -0.157895 0.526316 -0.026316
v -0.157895 0.526316 0.000000
v -0.157895 0.526316 0.026316
v -0.157895 0.526316 0.052632
v -0.184211 0.526316 0.078947
v -0.184211 0.552632 0.078947
v -0.157895 0.552632 0.078947
v -0.157895 0.552632 0.052632
v -0.157895 0.526316 0.078947
v -0.184211 0.526316 0.105263
v -0.184211 0.552632 0.105263
v -0.157895 0.552632 0.105263
v -0.157895 0.526316 0.105263
v -0.184211 0.552632 -0.052632
v -0.184211 0.552632 -0.026316
v -0.184211 0.578947 -0.026316
v -0.184211 0.578947 -0.052632
v -0.157895 0.578947 -0.052632
v -0.157895 0.552632 -0.052632
v -0.184211 0.552632 0.000000
v -0.184211 0.578947 0.000000
v -0.184211 0.552632 0.026316
v -0.184211 0.578947 0.026316
v -0.184211 0.552632 0.052632
v -0.184211 0.578947 0.052632
v -0.157895 0.552632 0.052632
v -0.157895 0.578947 0.052632
v -0.184211 0.578947 -0.052632
v -0.184211 0.578947 -0.026316
v -0.184211 0.605263 -0.026316
v -0.184211 0.605263 -0.052632
v -0.157895 0.605263 -0.052632
v -0.157895 0.578947 -0.052632
v -0.184211 0.578947 0.000000
v -0.184211 0.605263 0.000000
v -0.184211 0.578947 0.026316
v -0.184211 0.605263 0.026316
v -0.184211 0.578947 0.052632
v -0.184211 0.605263 0.052632
v -0.157895 0.578947 0.052632
v -0.157895 0.605263 0.052632
v -0.184211 0.631579 -0.026316
v -0.184211 0.631579 -0.052632
v -0.157895 0.631579 -0.052632
v -0.184211 0.631579 0.000000
v -0.184211 0.631579 0.026316
v -0.184211 0.631579 0.052632
v -0.157895 0.631579 0.052632
v -0.184211 0.631579 -0.052632
v -0.184211 0.631579 -0.026316
v -0.184211 0.657895 -0.026316
v -0.184211 0.657895 -0.052632
v -0.157895 0.657895 -0.026316
v -0.157895 0.657895 -0.052632
v -0.157895 0.631579 -0.052632
v -0.184211 0.631579 0.000000
v -0.184211 0.657895 0.000000
v -0.157895 0.657895 0.000000
v -0.184211 0.631579 0.026316
v -0.184211 0.657895 0.026316
v -0.157895 0.657895 0.026316
v -0.184211 0.631579 0.052632
v -0.184211 0.657895 0.052632
v -0.157895 0.657895 0.052632
v -0.157895 0.631579 0.052632
v -0.157895 0.894737 -0.026316
v -0.157895 0.894737 -0.052632
v -0.157895 0.868421 -0.052632
v -0.157895 0.868421 -0.026316
v -0.157895 0.894737 0.000000
v -0.157895 0.868421 0.000000
v -0.157895 0.894737 0.026316
v -0.157895 0.868421 0.026316
v -0.157895 0.894737 0.052632
v -0.157895 0.868421 0.052632
v -0.184211 0.921053 -0.026316
v -0.184211 0.921053 0.000000
v -0.184211 0.947368 0.000000
v -0.184211 0.947368 -0.026316
v -0.157895 0.947368 0.000000
v -0.157895 0.947368 -0.026316
v -0.157895 0.921053 -0.026316
v -0.157895 0.921053 0.000000
v -0.184211 0.921053 0.026316
v -0.184211 0.947368 0.026316
v -0.157895 0.947368 0.026316
v -0.157895 0.921053 0.026316
v -0.157895 0.000000 -0.157895
v -0.157895 0.026316 -0.157895
v -0.131579 0.026316 -0.131579
v -0.131579 0.026316 -0.157895
v -0.131579 0.000000 -0.157895
v -0.131579 0.000000 -0.131579
v -0.131579 0.026316 -0.105263
v -0.131579 0.000000 -0.105263
v -0.131579 0.026316 -0.078947
v -0.131579 0.000000 -0.078947
v -0.131579 0.026316 -0.052632
v -0.131579 0.000000 -0.052632
v -0.131579 0.000000 -0.026316
v -0.131579 0.000000 0.000000
v -0.131579 0.000000 0.026316
v -0.131579 0.000000 0.052632
v -0.131579 0.026316 0.078947
v -0.131579 0.026316 0.052632
v -0.131579 0.000000 0.078947
v -0.131579 0.026316 0.105263
v -0.131579 0.000000 0.105263
v -0.131579 0.026316 0.131579
v -0.131579 0.000000 0.131579
v -0.157895 0.000000 0.157895
v -0.157895 0.026316 0.157895
v -0.131579 0.026316 0.157895
v -0.131579 0.000000 0.157895
v -0.157895 0.026316 -0.052632
v -0.157895 0.026316 -0.026316
v -0.157895 0.052632 -0.026316
v -0.157895 0.052632 -0.052632
v -0.131579 0.052632 -0.026316
v -0.131579 0.052632 -0.052632
v -0.131579 0.026316 -0.052632
v -0.157895 0.026316 0.000000
v -0.157895 0.052632 0.000000
v -0.131579 0.052632 0.000000
v -0.157895 0.026316 0.026316
v -0.157895 0.052632 0.026316
v -0.131579 0.052632 0.026316
v -0.157895 0.026316 0.052632
v -0.157895 0.052632 0.052632
v -0.131579 0.052632 0.052632
v -0.131579 0.026316 0.052632
v -0.157895 0.078947 -0.078947
v -0.157895 0.078947 -0.052632
v -0.157895 0.105263 -0.052632
v -0.157895 0.105263 -0.078947
v -0.131579 0.078947 -0.078947
v -0.131579 0.078947 -0.052632
v -0.131579 0.105263 -0.078947
v -0.157895 0.078947 -0.026316
v -0.157895 0.105263 -0.026316
v -0.131579 0.078947 -0.026316
v -0.157895 0.078947 0.000000
v -0.157895 0.105263 0.000000
v -0.131579 0.078947 0.000000
v -0.157895 0.078947 0.026316
v -0.157895 0.105263 0.026316
v -0.131579 0.078947 0.026316
v -0.157895 0.078947 0.052632
v -0.157895 0.105263 0.052632
v -0.131579 0.078947 0.052632
v -0.157895 0.078947 0.078947
v -0.157895 0.105263 0.078947
v -0.131579 0.078947 0.078947
v -0.131579 0.105263 0.078947
v -0.157895 0.105263 -0.131579
v -0.157895 0.105263 -0.105263
v -0.157895 0.131579 -0.105263
v -0.157895 0.131579 -0.131579
v -0.131579 0.105263 -0.131579
v -0.131579 0.105263 -0.105263
v -0.131579 0.131579 -0.131579
v -0.131579 0.105263 -0.078947
v -0.157895 0.105263 0.105263
v -0.157895 0.131579 0.105263
v -0.131579 0.105263 0.078947
v -0.131579 0.105263 0.105263
v -0.157895 0.105263 0.131579
v -0.157895 0.131579 0.131579
v -0.131579 0.105263 0.131579
v -0.131579 0.131579 0.131579
v -0.157895 0.131579 -0.184211
v -0.157895 0.157895 -0.184211
v -0.131579 0.131579 -0.184211
v -0.131579 0.131579 -0.157895
v -0.131579 0.157895 -0.184211
v -0.131579 0.131579 -0.131579
v -0.131579 0.131579 0.131579
v -0.131579 0.131579 0.157895
v -0.157895 0.131579 0.184211
v -0.157895 0.157895 0.184211
v -0.131579 0.131579 0.184211
v -0.131579 0.157895 0.184211
v -0.157895 0.157895 -0.210526
v -0.157895 0.184211 -0.210526
v -0.131579 0.157895 -0.210526
v -0.131579 0.157895 -0.184211
v -0.131579 0.184211 -0.210526
v -0.157895 0.157895 0.210526
v -0.157895 0.184211 0.210526
v -0.131579 0.157895 0.184211
v -0.131579 0.157895 0.210526
v -0.131579 0.184211 0.210526
v -0.157895 0.184211 -0.210526
v -0.157895 0.210526 -0.210526
v -0.131579 0.210526 -0.210526
v -0.131579 0.184211 -0.210526
v -0.157895 0.184211 0.210526
v -0.157895 0.210526 0.210526
v -0.131579 0.184211 0.210526
v -0.131579 0.210526 0.210526
v -0.157895 0.210526 -0.236842
v -0.157895 0.236842 -0.236842
v -0.131579 0.236842 -0.210526
v -0.131579 0.236842 -0.236842
v -0.131579 0.210526 -0.236842
v -0.131579 0.210526 -0.210526
v -0.131579 0.236842 -0.184211
v -0.131579 0.236842 0.210526
v -0.131579 0.236842 0.184211
v -0.157895 0.210526 0.236842
v -0.157895 0.236842 0.236842
v -0.131579 0.236842 0.236842
v -0.131579 0.210526 0.210526
v -0.131579 0.210526 0.236842
v -0.157895 0.236842 -0.184211
v -0.157895 0.263158 -0.184211
v -0.131579 0.263158 -0.184211
v -0.131579 0.236842 -0.184211
v -0.157895 0.236842 0.184211
v -0.157895 0.263158 0.184211
v -0.131579 0.236842 0.184211
v -0.131579 0.263158 0.184211
v -0.157895 0.289474 -0.184211
v -0.131579 0.289474 -0.157895
v -0.131579 0.289474 -0.184211
v -0.157895 0.289474 0.184211
v -0.131579 0.289474 0.184211
v -0.131579 0.289474 0.157895
v -0.157895 0.315789 -0.157895
v -0.131579 0.315789 -0.131579
v -0.131579 0.315789 -0.157895
v -0.157895 0.315789 0.157895
v -0.131579 0.315789 0.157895
v -0.131579 0.315789 0.131579
v -0.157895 0.342105 -0.131579
v -0.131579 0.342105 -0.131579
v -0.157895 0.342105 0.131579
v -0.131579 0.342105 0.131579
v -0.157895 0.342105 -0.131579
v -0.157895 0.342105 -0.105263
v -0.157895 0.368421 -0.105263
v -0.157895 0.368421 -0.131579
v -0.131579 0.368421 -0.131579
v -0.131579 0.342105 -0.131579
v -0.157895 0.342105 0.105263
v -0.157895 0.368421 0.105263
v -0.157895 0.342105 0.131579
v -0.157895 0.368421 0.131579
v -0.131579 0.342105 0.131579
v -0.131579 0.368421 0.131579
v -0.157895 0.368421 -0.157895
v -0.157895 0.394737 -0.157895
v -0.131579 0.394737 -0.131579
v -0.131579 0.394737 -0.157895
v -0.131579 0.368421 -0.157895
v -0.131579 0.368421 -0.131579
v -0.131579 0.394737 -0.105263
v -0.131579 0.394737 -0.078947
v -0.131579 0.394737 -0.052632
v -0.131579 0.394737 -0.026316
v -0.131579 0.394737 0.000000
v -0.131579 0.394737 0.026316
v -0.131579 0.394737 0.052632
v -0.131579 0.394737 0.078947
v -0.131579 0.394737 0.105263
v -0.131579 0.394737 0.131579
v -0.157895 0.368421 0.157895
v -0.157895 0.394737 0.157895
v -0.131579 0.394737 0.157895
v -0.131579 0.368421 0.131579
v -0.131579 0.368421 0.157895
v -0.157895 0.447368 -0.210526
v -0.157895 0.473684 -0.210526
v -0.131579 0.473684 -0.184211
v -0.131579 0.473684 -0.210526
v -0.131579 0.447368 -0.210526
v -0.131579 0.447368 -0.184211
v -0.131579 0.473684 -0.157895
v -0.131579 0.447368 -0.157895
v -0.131579 0.473684 -0.131579
v -0.131579 0.447368 -0.131579
v -0.131579 0.473684 -0.105263
v -0.131579 0.447368 -0.105263
v -0.131579 0.473684 -0.078947
v -0.131579 0.447368 -0.078947
v -0.131579 0.473684 -0.052632
v -0.131579 0.447368 -0.052632
v -0.131579 0.473684 -0.026316
v -0.131579 0.447368 -0.026316
v -0.131579 0.473684 0.000000
v -0.131579 0.447368 0.000000
v -0.131579 0.473684 0.026316
v -0.131579 0.447368 0.026316
v -0.131579 0.473684 0.052632
v -0.131579 0.447368 0.052632
v -0.131579 0.473684 0.078947
v -0.131579 0.447368 0.078947
v -0.131579 0.473684 0.105263
v -0.131579 0.447368 0.105263
v -0.131579 0.473684 0.131579
v -0.131579 0.447368 0.131579
v -0.131579 0.473684 0.157895
v -0.131579 0.447368 0.157895
v -0.131579 0.473684 0.184211
v -0.131579 0.447368 0.184211
v -0.157895 0.447368 0.210526
v -0.157895 0.473684 0.210526
v -0.131579 0.473684 0.210526
v -0.131579 0.447368 0.210526
v -0.157895 0.526316 -0.131579
v -0.157895 0.552632 -0.131579
v -0.131579 0.552632 -0.105263
v -0.131579 0.552632 -0.131579
v -0.131579 0.526316 -0.131579
v -0.131579 0.526316 -0.105263
v -0.131579 0.526316 -0.078947
v -0.131579 0.526316 -0.052632
v -0.131579 0.526316 -0.026316
v -0.131579 0.526316 0.000000
v -0.131579 0.526316 0.026316
v -0.131579 0.526316 0.052632
v -0.131579 0.526316 0.078947
v -0.131579 0.526316 0.105263
v -0.157895 0.526316 0.131579
v -0.157895 0.552632 0.131579
v -0.131579 0.552632 0.131579
v -0.131579 0.552632 0.105263
v -0.131579 0.526316 0.131579
v -0.157895 0.552632 -0.105263
v -0.157895 0.552632 -0.078947
v -0.157895 0.578947 -0.078947
v -0.157895 0.578947 -0.105263
v -0.131579 0.578947 -0.078947
v -0.131579 0.578947 -0.105263
v -0.131579 0.552632 -0.105263
v -0.157895 0.552632 0.078947
v -0.157895 0.578947 0.078947
v -0.157895 0.552632 0.105263
v -0.157895 0.578947 0.105263
v -0.131579 0.578947 0.105263
v -0.131579 0.578947 0.078947
v -0.131579 0.552632 0.105263
v -0.157895 0.578947 -0.078947
v -0.157895 0.605263 -0.078947
v -0.131579 0.605263 -0.078947
v -0.131579 0.578947 -0.078947
v -0.157895 0.578947 0.078947
v -0.157895 0.605263 0.078947
v -0.131579 0.578947 0.078947
v -0.131579 0.605263 0.078947
v -0.157895 0.631579 -0.078947
v -0.131579 0.631579 -0.078947
v -0.157895 0.631579 0.078947
v -0.131579 0.631579 0.078947
v -0.157895 0.631579 -0.105263
v -0.157895 0.631579 -0.078947
v -0.157895 0.657895 -0.078947
v -0.157895 0.657895 -0.105263
v -0.131579 0.657895 -0.078947
v -0.131579 0.657895 -0.105263
v -0.131579 0.631579 -0.105263
v -0.131579 0.631579 -0.078947
v -0.131579 0.657895 -0.052632
v -0.131579 0.657895 -0.026316
v -0.131579 0.657895 0.000000
v -0.131579 0.657895 0.026316
v -0.131579 0.657895 0.052632
v -0.157895 0.631579 0.078947
v -0.157895 0.657895 0.078947
v -0.131579 0.657895 0.078947
v -0.157895 0.631579 0.105263
v -0.157895 0.657895 0.105263
v -0.131579 0.657895 0.105263
v -0.131579 0.631579 0.078947
v -0.131579 0.631579 0.105263
v -0.157895 0.815789 -0.078947
v -0.157895 0.815789 -0.052632
v -0.157895 0.842105 -0.052632
v -0.157895 0.842105 -0.078947
v -0.131579 0.842105 -0.052632
v -0.131579 0.842105 -0.078947
v -0.131579 0.815789 -0.078947
v -0.131579 0.815789 -0.052632
v -0.157895 0.815789 -0.026316
v -0.157895 0.842105 -0.026316
v -0.131579 0.842105 -0.026316
v -0.131579 0.815789 -0.026316
v -0.157895 0.815789 0.000000
v -0.157895 0.842105 0.000000
v -0.131579 0.842105 0.000000
v -0.131579 0.815789 0.000000
v -0.157895 0.815789 0.026316
v -0.157895 0.842105 0.026316
v -0.131579 0.842105 0.026316
v -0.131579 0.815789 0.026316
v -0.157895 0.815789 0.052632
v -0.157895 0.842105 0.052632
v -0.131579 0.842105 0.052632
v -0.131579 0.815789 0.052632
v -0.157895 0.815789 0.078947
v -0.157895 0.842105 0.078947
v -0.131579 0.842105 0.078947
v -0.131579 0.815789 0.078947
v -0.157895 0.868421 -0.078947
v -0.157895 0.894737 -0.078947
v -0.131579 0.894737 -0.052632
v -0.131579 0.894737 -0.078947
v -0.131579 0.868421 -0.078947
v -0.131579 0.868421 -0.052632
v -0.131579 0.894737 -0.026316
v -0.131579 0.868421 -0.026316
v -0.131579 0.868421 0.000000
v -0.131579 0.868421 0.026316
v -0.131579 0.894737 0.052632
v -0.131579 0.894737 0.026316
v -0.131579 0.868421 0.052632
v -0.157895 0.868421 0.078947
v -0.157895 0.894737 0.078947
v -0.131579 0.894737 0.078947
v -0.131579 0.868421 0.078947
v -0.131579 0.894737 -0.026316
v -0.131579 0.921053 -0.026316
v -0.131579 0.921053 0.000000
v -0.131579 0.894737 0.000000
v -0.157895 0.894737 -0.026316
v -0.157895 0.894737 0.000000
v -0.157895 0.921053 0.000000
v -0.157895 0.921053 -0.026316
v -0.131579 0.921053 0.026316
v -0.131579 0.894737 0.026316
v -0.157895 0.894737 0.026316
v -0.157895 0.921053 0.026316
v -0.157895 0.921053 -0.078947
v -0.157895 0.921053 -0.052632
v -0.157895 0.947368 -0.052632
v -0.157895 0.947368 -0.078947
v -0.131579 0.947368 -0.052632
v -0.131579 0.947368 -0.078947
v -0.131579 0.921053 -0.078947
v -0.131579 0.921053 -0.052632
v -0.131579 0.947368 -0.026316
v -0.131579 0.921053 -0.026316
v -0.131579 0.947368 0.000000
v -0.131579 0.947368 0.026316
v -0.157895 0.921053 0.052632
v -0.157895 0.947368 0.052632
v -0.131579 0.947368 0.052632
v -0.131579 0.921053 0.026316
v -0.131579 0.921053 0.052632
v -0.157895 0.921053 0.078947
v -0.157895 0.947368 0.078947
v -0.131579 0.947368 0.078947
v -0.131579 0.921053 0.078947
v -0.131579 0.000000 -0.184211
v -0.131579 0.026316 -0.184211
v -0.105263 0.026316 -0.157895
v -0.105263 0.026316 -0.184211
v -0.105263 0.000000 -0.184211
v -0.105263 0.000000 -0.157895
v -0.105263 0.026316 -0.131579
v -0.105263 0.000000 -0.131579
v -0.105263 0.026316 -0.105263
v -0.105263 0.000000 -0.105263
v -0.105263 0.000000 -0.078947
v -0.105263 0.000000 -0.052632
v -0.105263 0.000000 -0.026316
v -0.105263 0.000000 0.000000
v -0.105263 0.000000 0.026316
v -0.105263 0.000000 0.052632
v -0.105263 0.000000 0.078947
v -0.105263 0.000000 0.105263
v -0.105263 0.026316 0.131579
v -0.105263 0.026316 0.105263
v -0.105263 0.000000 0.131579
v -0.105263 0.026316 0.157895
v -0.105263 0.000000 0.157895
v -0.131579 0.000000 0.184211
v -0.131579 0.026316 0.184211
v -0.105263 0.026316 0.184211
v -0.105263 0.000000 0.184211
v -0.131579 0.026316 -0.105263
v -0.131579 0.026316 -0.078947
v -0.131579 0.052632 -0.078947
v -0.131579 0.052632 -0.105263
v -0.105263 0.052632 -0.078947
v -0.105263 0.052632 -0.105263
v -0.105263 0.026316 -0.105263
v -0.105263 0.052632 -0.052632
v -0.105263 0.052632 -0.026316
v -0.105263 0.052632 0.000000
v -0.105263 0.052632 0.026316
v -0.105263 0.052632 0.052632
v -0.131579 0.026316 0.078947
v -0.131579 0.052632 0.078947
v -0.105263 0.052632 0.078947
v -0.131579 0.026316 0.105263
v -0.131579 0.052632 0.105263
v -0.105263 0.052632 0.105263
v -0.105263 0.026316 0.105263
v -0.131579 0.078947 -0.105263
v -0.131579 0.105263 -0.105263
v -0.105263 0.078947 -0.105263
v -0.105263 0.078947 -0.078947
v -0.105263 0.105263 -0.105263
v -0.105263 0.078947 -0.052632
v -0.105263 0.078947 -0.026316
v -0.105263 0.078947 0.000000
v -0.105263 0.078947 0.026316
v -0.105263 0.078947 0.052632
v -0.105263 0.078947 0.078947
v -0.131579 0.078947 0.105263
v -0.131579 0.105263 0.105263
v -0.105263 0.078947 0.105263
v -0.105263 0.105263 0.105263
v -0.131579 0.105263 -0.157895
v -0.131579 0.131579 -0.157895
v -0.105263 0.105263 -0.157895
v -0.105263 0.105263 -0.131579
v -0.105263 0.131579 -0.157895
v -0.105263 0.105263 -0.105263
v -0.105263 0.105263 0.105263
v -0.105263 0.105263 0.131579
v -0.131579 0.105263 0.157895
v -0.131579 0.131579 0.157895
v -0.105263 0.105263 0.157895
v -0.105263 0.131579 0.157895
v -0.131579 0.131579 -0.210526
v -0.131579 0.157895 -0.210526
v -0.105263 0.131579 -0.210526
v -0.105263 0.131579 -0.184211
v -0.105263 0.157895 -0.210526
v -0.105263 0.131579 -0.157895
v -0.105263 0.131579 0.157895
v -0.105263 0.131579 0.184211
v -0.131579 0.131579 0.210526
v -0.131579 0.157895 0.210526
v -0.105263 0.131579 0.210526
v -0.105263 0.157895 0.210526
v -0.105263 0.184211 -0.210526
v -0.105263 0.157895 -0.210526
v -0.105263 0.157895 0.210526
v -0.105263 0.184211 0.210526
v -0.105263 0.210526 -0.210526
v -0.105263 0.184211 -0.210526
v -0.105263 0.184211 0.210526
v -0.105263 0.210526 0.210526
v -0.105263 0.236842 -0.210526
v -0.105263 0.236842 -0.236842
v -0.105263 0.210526 -0.236842
v -0.105263 0.210526 -0.210526
v -0.105263 0.236842 -0.184211
v -0.105263 0.236842 0.210526
v -0.105263 0.236842 0.184211
v -0.105263 0.236842 0.236842
v -0.105263 0.210526 0.210526
v -0.105263 0.210526 0.236842
v -0.105263 0.263158 -0.184211
v -0.105263 0.236842 -0.184211
v -0.105263 0.236842 0.184211
v -0.105263 0.263158 0.184211
v -0.105263 0.289474 -0.184211
v -0.105263 0.289474 0.184211
v -0.131579 0.315789 -0.184211
v -0.105263 0.315789 -0.157895
v -0.105263 0.315789 -0.184211
v -0.131579 0.315789 0.184211
v -0.105263 0.315789 0.184211
v -0.105263 0.315789 0.157895
v -0.131579 0.342105 -0.157895
v -0.105263 0.342105 -0.157895
v -0.131579 0.342105 0.157895
v -0.105263 0.342105 0.157895
v -0.131579 0.342105 -0.157895
v -0.131579 0.368421 -0.157895
v -0.105263 0.368421 -0.157895
v -0.105263 0.342105 -0.157895
v -0.131579 0.342105 0.157895
v -0.131579 0.368421 0.157895
v -0.105263 0.342105 0.157895
v -0.105263 0.368421 0.157895
v -0.131579 0.368421 -0.184211
v -0.131579 0.394737 -0.184211
v -0.105263 0.394737 -0.157895
v -0.105263 0.394737 -0.184211
v -0.105263 0.368421 -0.184211
v -0.105263 0.368421 -0.157895
v -0.105263 0.394737 -0.131579
v -0.105263 0.394737 -0.105263
v -0.105263 0.394737 -0.078947
v -0.105263 0.394737 -0.052632
v -0.105263 0.394737 -0.026316
v -0.105263 0.394737 0.000000
v -0.105263 0.394737 0.026316
v -0.105263 0.394737 0.052632
v -0.105263 0.394737 0.078947
v -0.105263 0.394737 0.105263
v -0.105263 0.394737 0.131579
v -0.105263 0.394737 0.157895
v -0.131579 0.368421 0.184211
v -0.131579 0.394737 0.184211
v -0.105263 0.394737 0.184211
v -0.105263 0.368421 0.157895
v -0.105263 0.368421 0.184211
v -0.131579 0.447368 -0.236842
v -0.131579 0.473684 -0.236842
v -0.105263 0.473684 -0.210526
v -0.105263 0.473684 -0.236842
v -0.105263 0.447368 -0.236842
v -0.105263 0.447368 -0.210526
v -0.105263 0.473684 -0.184211
v -0.105263 0.447368 -0.184211
v -0.105263 0.473684 -0.157895
v -0.105263 0.447368 -0.157895
v -0.105263 0.473684 -0.131579
v -0.105263 0.447368 -0.131579
v -0.105263 0.473684 -0.105263
v -0.105263 0.447368 -0.105263
v -0.105263 0.473684 -0.078947
v -0.105263 0.447368 -0.078947
v -0.105263 0.447368 -0.052632
v -0.105263 0.447368 -0.026316
v -0.105263 0.447368 0.000000
v -0.105263 0.447368 0.026316
v -0.105263 0.447368 0.052632
v -0.105263 0.447368 0.078947
v -0.105263 0.473684 0.105263
v -0.105263 0.473684 0.078947
v -0.105263 0.447368 0.105263
v -0.105263 0.473684 0.131579
v -0.105263 0.447368 0.131579
v -0.105263 0.473684 0.157895
v -0.105263 0.447368 0.157895
v -0.105263 0.473684 0.184211
v -0.105263 0.447368 0.184211
v -0.105263 0.473684 0.210526
v -0.105263 0.447368 0.210526
v -0.131579 0.447368 0.236842
v -0.131579 0.473684 0.236842
v -0.105263 0.473684 0.236842
v -0.105263 0.447368 0.236842
v -0.131579 0.473684 -0.078947
v -0.131579 0.473684 -0.052632
v -0.131579 0.500000 -0.052632
v -0.131579 0.500000 -0.078947
v -0.105263 0.500000 -0.052632
v -0.105263 0.500000 -0.078947
v -0.105263 0.473684 -0.078947
v -0.131579 0.473684 -0.026316
v -0.131579 0.500000 -0.026316
v -0.131579 0.473684 0.000000
v -0.131579 0.500000 0.000000
v -0.131579 0.473684 0.026316
v -0.131579 0.500000 0.026316
v -0.131579 0.473684 0.052632
v -0.131579 0.500000 0.052632
v -0.131579 0.473684 0.078947
v -0.131579 0.500000 0.078947
v -0.105263 0.500000 0.078947
v -0.105263 0.500000 0.052632
v -0.105263 0.473684 0.078947
v -0.131579 0.500000 -0.052632
v -0.131579 0.500000 -0.026316
v -0.131579 0.526316 -0.026316
v -0.131579 0.526316 -0.052632
v -0.105263 0.526316 -0.052632
v -0.105263 0.500000 -0.052632
v -0.131579 0.500000 0.000000
v -0.131579 0.526316 0.000000
v -0.131579 0.500000 0.026316
v -0.131579 0.526316 0.026316
v -0.131579 0.500000 0.052632
v -0.131579 0.526316 0.052632
v -0.105263 0.500000 0.052632
v -0.105263 0.526316 0.052632
v -0.131579 0.526316 -0.157895
v -0.131579 0.552632 -0.157895
v -0.105263 0.552632 -0.131579
v -0.105263 0.552632 -0.157895
v -0.105263 0.526316 -0.157895
v -0.105263 0.526316 -0.131579
v -0.105263 0.552632 -0.105263
v -0.105263 0.526316 -0.105263
v -0.105263 0.526316 -0.078947
v -0.105263 0.526316 -0.052632
v -0.105263 0.526316 0.052632
v -0.105263 0.526316 0.078947
v -0.105263 0.526316 0.105263
v -0.105263 0.552632 0.131579
v -0.105263 0.552632 0.105263
v -0.105263 0.526316 0.131579
v -0.131579 0.526316 0.157895
v -0.131579 0.552632 0.157895
v -0.105263 0.552632 0.157895
v -0.105263 0.526316 0.157895
v -0.105263 0.578947 -0.105263
v -0.105263 0.552632 -0.105263
v -0.105263 0.552632 0.105263
v -0.105263 0.578947 0.105263
v -0.131579 0.578947 -0.105263
v -0.131579 0.605263 -0.105263
v -0.105263 0.605263 -0.105263
v -0.105263 0.578947 -0.105263
v -0.131579 0.578947 0.105263
v -0.131579 0.605263 0.105263
v -0.105263 0.578947 0.105263
v -0.105263 0.605263 0.105263
v -0.131579 0.631579 -0.105263
v -0.105263 0.631579 -0.105263
v -0.131579 0.631579 0.105263
v -0.105263 0.631579 0.105263
v -0.131579 0.631579 -0.131579
v -0.131579 0.657895 -0.131579
v -0.105263 0.657895 -0.105263
v -0.105263 0.657895 -0.131579
v -0.105263 0.631579 -0.131579
v -0.105263 0.631579 -0.105263
v -0.105263 0.657895 -0.078947
v -0.105263 0.657895 -0.052632
v -0.105263 0.657895 0.078947
v -0.105263 0.657895 0.052632
v -0.105263 0.657895 0.105263
v -0.131579 0.631579 0.131579
v -0.131579 0.657895 0.131579
v -0.105263 0.657895 0.131579
v -0.105263 0.631579 0.105263
v -0.105263 0.631579 0.131579
v -0.131579 0.684211 -0.026316
v -0.131579 0.684211 -0.052632
v -0.105263 0.684211 -0.026316
v -0.105263 0.684211 -0.052632
v -0.131579 0.684211 0.000000
v -0.105263 0.684211 0.000000
v -0.131579 0.684211 0.026316
v -0.105263 0.684211 0.026316
v -0.131579 0.684211 0.052632
v -0.105263 0.684211 0.052632
v -0.131579 0.815789 -0.131579
v -0.131579 0.815789 -0.105263
v -0.131579 0.842105 -0.105263
v -0.131579 0.842105 -0.131579
v -0.105263 0.842105 -0.105263
v -0.105263 0.842105 -0.131579
v -0.105263 0.815789 -0.131579
v -0.105263 0.815789 -0.105263
v -0.105263 0.842105 -0.078947
v -0.105263 0.815789 -0.078947
v -0.105263 0.842105 -0.052632
v -0.105263 0.815789 -0.052632
v -0.105263 0.842105 -0.026316
v -0.105263 0.815789 -0.026316
v -0.105263 0.842105 0.000000
v -0.105263 0.815789 0.000000
v -0.105263 0.842105 0.026316
v -0.105263 0.815789 0.026316
v -0.105263 0.842105 0.052632
v -0.105263 0.815789 0.052632
v -0.105263 0.842105 0.078947
v -0.105263 0.815789 0.078947
v -0.131579 0.815789 0.105263
v -0.131579 0.842105 0.105263
v -0.105263 0.842105 0.105263
v -0.105263 0.815789 0.105263
v -0.131579 0.815789 0.131579
v -0.131579 0.842105 0.131579
v -0.105263 0.842105 0.131579
v -0.105263 0.815789 0.131579
v -0.105263 0.868421 -0.078947
v -0.105263 0.894737 -0.078947
v -0.105263 0.894737 -0.052632
v -0.105263 0.868421 -0.052632
v -0.105263 0.894737 -0.026316
v -0.105263 0.868421 -0.026316
v -0.131579 0.894737 0.000000
v -0.105263 0.894737 0.000000
v -0.105263 0.868421 0.000000
v -0.105263 0.894737 0.026316
v -0.105263 0.868421 0.026316
v -0.105263 0.894737 0.052632
v -0.105263 0.868421 0.052632
v -0.105263 0.894737 0.078947
v -0.105263 0.868421 0.078947
v -0.105263 0.947368 -0.052632
v -0.105263 0.947368 -0.078947
v -0.105263 0.921053 -0.078947
v -0.105263 0.921053 -0.052632
v -0.105263 0.947368 -0.026316
v -0.105263 0.921053 -0.026316
v -0.105263 0.921053 0.000000
v -0.131579 0.921053 0.000000
v -0.105263 0.921053 0.026316
v -0.105263 0.947368 0.052632
v -0.105263 0.947368 0.026316
v -0.105263 0.921053 0.052632
v -0.105263 0.947368 0.078947
v -0.105263 0.921053 0.078947
v -0.105263 0.947368 -0.026316
v -0.105263 0.973684 -0.026316
v -0.105263 0.973684 0.000000
v -0.105263 0.947368 0.000000
v -0.131579 0.947368 -0.026316
v -0.131579 0.947368 0.000000
v -0.131579 0.973684 0.000000
v -0.131579 0.973684 -0.026316
v -0.105263 0.973684 0.026316
v -0.105263 0.947368 0.026316
v -0.131579 0.947368 0.026316
v -0.131579 0.973684 0.026316
v -0.105263 1.000000 -0.026316
v -0.105263 1.000000 0.000000
v -0.131579 1.000000 0.000000
v -0.131579 1.000000 -0.026316
v -0.105263 1.000000 0.026316
v -0.131579 1.000000 0.026316
v -0.078947 0.026316 -0.157895
v -0.078947 0.026316 -0.184211
v -0.078947 0.000000 -0.184211
v -0.078947 0.000000 -0.157895
v -0.078947 0.026316 -0.131579
v -0.078947 0.000000 -0.131579
v -0.078947 0.000000 -0.105263
v -0.078947 0.000000 -0.078947
v -0.078947 0.000000 -0.052632
v -0.078947 0.000000 -0.026316
v -0.078947 0.000000 0.000000
v -0.078947 0.000000 0.026316
v -0.078947 0.000000 0.052632
v -0.078947 0.000000 0.078947
v -0.078947 0.000000 0.105263
v -0.078947 0.000000 0.131579
v -0.078947 0.026316 0.157895
v -0.078947 0.026316 0.131579
v -0.078947 0.000000 0.157895
v -0.078947 0.026316 0.184211
v -0.078947 0.000000 0.184211
v -0.105263 0.026316 -0.131579
v -0.105263 0.052632 -0.131579
v -0.078947 0.052632 -0.105263
v -0.078947 0.052632 -0.131579
v -0.078947 0.026316 -0.131579
v -0.078947 0.052632 -0.078947
v -0.078947 0.052632 -0.052632
v -0.078947 0.052632 0.078947
v -0.078947 0.052632 0.052632
v -0.078947 0.052632 0.105263
v -0.105263 0.026316 0.131579
v -0.105263 0.052632 0.131579
v -0.078947 0.052632 0.131579
v -0.078947 0.026316 0.131579
v -0.105263 0.052632 -0.052632
v -0.105263 0.052632 -0.026316
v -0.105263 0.078947 -0.026316
v -0.105263 0.078947 -0.052632
v -0.078947 0.078947 -0.052632
v -0.078947 0.052632 -0.052632
v -0.105263 0.052632 0.000000
v -0.105263 0.078947 0.000000
v -0.105263 0.052632 0.026316
v -0.105263 0.078947 0.026316
v -0.105263 0.052632 0.052632
v -0.105263 0.078947 0.052632
v -0.078947 0.052632 0.052632
v -0.078947 0.078947 0.052632
v -0.105263 0.078947 -0.131579
v -0.105263 0.105263 -0.131579
v -0.078947 0.078947 -0.131579
v -0.078947 0.078947 -0.105263
v -0.078947 0.105263 -0.131579
v -0.078947 0.078947 -0.078947
v -0.078947 0.078947 -0.052632
v -0.078947 0.078947 0.052632
v -0.078947 0.078947 0.078947
v -0.078947 0.078947 0.105263
v -0.105263 0.078947 0.131579
v -0.105263 0.105263 0.131579
v -0.078947 0.078947 0.131579
v -0.078947 0.105263 0.131579
v -0.105263 0.105263 -0.184211
v -0.105263 0.131579 -0.184211
v -0.078947 0.105263 -0.184211
v -0.078947 0.105263 -0.157895
v -0.078947 0.131579 -0.184211
v -0.078947 0.105263 -0.131579
v -0.078947 0.105263 0.131579
v -0.078947 0.105263 0.157895
v -0.105263 0.105263 0.184211
v -0.105263 0.131579 0.184211
v -0.078947 0.105263 0.184211
v -0.078947 0.131579 0.184211
v -0.078947 0.131579 -0.210526
v -0.078947 0.131579 -0.184211
v -0.078947 0.157895 -0.210526
v -0.078947 0.131579 0.184211
v -0.078947 0.131579 0.210526
v -0.078947 0.157895 0.210526
v -0.105263 0.157895 -0.236842
v -0.105263 0.184211 -0.236842
v -0.078947 0.184211 -0.210526
v -0.078947 0.184211 -0.236842
v -0.078947 0.157895 -0.236842
v -0.078947 0.157895 -0.210526
v -0.105263 0.157895 0.236842
v -0.105263 0.184211 0.236842
v -0.078947 0.184211 0.236842
v -0.078947 0.184211 0.210526
v -0.078947 0.157895 0.210526
v -0.078947 0.157895 0.236842
v -0.078947 0.210526 -0.210526
v -0.078947 0.184211 -0.210526
v -0.078947 0.184211 0.210526
v -0.078947 0.210526 0.210526
v -0.078947 0.236842 -0.210526
v -0.078947 0.236842 -0.236842
v -0.078947 0.210526 -0.236842
v -0.078947 0.210526 -0.210526
v -0.078947 0.236842 -0.184211
v -0.078947 0.236842 0.210526
v -0.078947 0.236842 0.184211
v -0.078947 0.236842 0.236842
v -0.078947 0.210526 0.210526
v -0.078947 0.210526 0.236842
v -0.078947 0.263158 -0.184211
v -0.078947 0.236842 -0.184211
v -0.078947 0.236842 0.184211
v -0.078947 0.263158 0.184211
v -0.078947 0.289474 -0.184211
v -0.078947 0.289474 0.184211
v -0.078947 0.315789 -0.184211
v -0.078947 0.315789 0.184211
v -0.105263 0.342105 -0.184211
v -0.078947 0.342105 -0.157895
v -0.078947 0.342105 -0.184211
v -0.105263 0.342105 0.184211
v -0.078947 0.342105 0.184211
v -0.078947 0.342105 0.157895
v -0.078947 0.368421 -0.157895
v -0.078947 0.342105 -0.157895
v -0.078947 0.342105 0.157895
v -0.078947 0.368421 0.157895
v -0.105263 0.368421 -0.210526
v -0.105263 0.394737 -0.210526
v -0.078947 0.394737 -0.184211
v -0.078947 0.394737 -0.210526
v -0.078947 0.368421 -0.210526
v -0.078947 0.368421 -0.184211
v -0.078947 0.394737 -0.157895
v -0.078947 0.368421 -0.157895
v -0.078947 0.394737 -0.131579
v -0.078947 0.394737 -0.105263
v -0.078947 0.394737 -0.078947
v -0.078947 0.394737 0.105263
v -0.078947 0.394737 0.078947
v -0.078947 0.394737 0.131579
v -0.078947 0.394737 0.157895
v -0.078947 0.394737 0.184211
v -0.078947 0.368421 0.157895
v -0.078947 0.368421 0.184211
v -0.105263 0.368421 0.210526
v -0.105263 0.394737 0.210526
v -0.078947 0.394737 0.210526
v -0.078947 0.368421 0.210526
v -0.105263 0.394737 -0.078947
v -0.105263 0.394737 -0.052632
v -0.105263 0.421053 -0.052632
v -0.105263 0.421053 -0.078947
v -0.078947 0.421053 -0.052632
v -0.078947 0.421053 -0.078947
v -0.078947 0.394737 -0.078947
v -0.105263 0.394737 -0.026316
v -0.105263 0.421053 -0.026316
v -0.078947 0.421053 -0.026316
v -0.105263 0.394737 0.000000
v -0.105263 0.421053 0.000000
v -0.078947 0.421053 0.000000
v -0.105263 0.394737 0.026316
v -0.105263 0.421053 0.026316
v -0.078947 0.421053 0.026316
v -0.105263 0.394737 0.052632
v -0.105263 0.421053 0.052632
v -0.078947 0.421053 0.052632
v -0.105263 0.394737 0.078947
v -0.105263 0.421053 0.078947
v -0.078947 0.421053 0.078947
v -0.078947 0.394737 0.078947
v -0.078947 0.473684 -0.210526
v -0.078947 0.473684 -0.236842
v -0.078947 0.447368 -0.236842
v -0.078947 0.447368 -0.210526
v -0.078947 0.473684 -0.184211
v -0.078947 0.447368 -0.184211
v -0.078947 0.473684 -0.157895
v -0.078947 0.447368 -0.157895
v -0.078947 0.473684 -0.131579
v -0.078947 0.447368 -0.131579
v -0.078947 0.473684 -0.105263
v -0.078947 0.447368 -0.105263
v -0.078947 0.447368 -0.078947
v -0.078947 0.447368 -0.052632
v -0.078947 0.447368 -0.026316
v -0.078947 0.447368 0.000000
v -0.078947 0.447368 0.026316
v -0.078947 0.447368 0.052632
v -0.078947 0.447368 0.078947
v -0.078947 0.447368 0.105263
v -0.078947 0.473684 0.131579
v -0.078947 0.473684 0.105263
v -0.078947 0.447368 0.131579
v -0.078947 0.473684 0.157895
v -0.078947 0.447368 0.157895
v -0.078947 0.473684 0.184211
v -0.078947 0.447368 0.184211
v -0.078947 0.473684 0.210526
v -0.078947 0.447368 0.210526
v -0.078947 0.473684 0.236842
v -0.078947 0.447368 0.236842
v -0.105263 0.473684 -0.105263
v -0.105263 0.500000 -0.105263
v -0.078947 0.500000 -0.105263
v -0.078947 0.473684 -0.105263
v -0.105263 0.473684 0.105263
v -0.105263 0.500000 0.105263
v -0.078947 0.473684 0.105263
v -0.078947 0.500000 0.105263
v -0.105263 0.500000 -0.105263
v -0.105263 0.500000 -0.078947
v -0.105263 0.526316 -0.078947
v -0.105263 0.526316 -0.105263
v -0.078947 0.526316 -0.105263
v -0.078947 0.500000 -0.105263
v -0.105263 0.500000 0.078947
v -0.105263 0.526316 0.078947
v -0.105263 0.500000 0.105263
v -0.105263 0.526316 0.105263
v -0.078947 0.500000 0.105263
v -0.078947 0.526316 0.105263
v -0.105263 0.526316 -0.184211
v -0.105263 0.552632 -0.184211
v -0.078947 0.552632 -0.157895
v -0.078947 0.552632 -0.184211
v -0.078947 0.526316 -0.184211
v -0.078947 0.526316 -0.157895
v -0.078947 0.552632 -0.131579
v -0.078947 0.526316 -0.131579
v -0.078947 0.526316 -0.105263
v -0.078947 0.526316 0.105263
v -0.078947 0.526316 0.131579
v -0.078947 0.552632 0.157895
v -0.078947 0.552632 0.131579
v -0.078947 0.526316 0.157895
v -0.105263 0.526316 0.184211
v -0.105263 0.552632 0.184211
v -0.078947 0.552632 0.184211
v -0.078947 0.526316 0.184211
v -0.105263 0.552632 -0.131579
v -0.105263 0.578947 -0.131579
v -0.078947 0.578947 -0.105263
v -0.078947 0.578947 -0.131579
v -0.078947 0.552632 -0.131579
v -0.105263 0.552632 0.131579
v -0.105263 0.578947 0.131579
v -0.078947 0.578947 0.131579
v -0.078947 0.578947 0.105263
v -0.078947 0.552632 0.131579
v -0.078947 0.605263 -0.105263
v -0.078947 0.578947 -0.105263
v -0.078947 0.578947 0.105263
v -0.078947 0.605263 0.105263
v -0.078947 0.631579 -0.105263
v -0.078947 0.631579 0.105263
v -0.078947 0.657895 -0.105263
v -0.078947 0.657895 -0.131579
v -0.078947 0.631579 -0.131579
v -0.078947 0.631579 -0.105263
v -0.078947 0.657895 0.131579
v -0.078947 0.657895 0.105263
v -0.078947 0.631579 0.105263
v -0.078947 0.631579 0.131579
v -0.105263 0.684211 -0.078947
v -0.105263 0.684211 -0.105263
v -0.078947 0.684211 -0.078947
v -0.078947 0.684211 -0.105263
v -0.078947 0.684211 -0.052632
v -0.078947 0.684211 -0.026316
v -0.078947 0.684211 0.000000
v -0.078947 0.684211 0.026316
v -0.078947 0.684211 0.052632
v -0.105263 0.684211 0.078947
v -0.078947 0.684211 0.078947
v -0.105263 0.684211 0.105263
v -0.078947 0.684211 0.105263
v -0.105263 0.815789 -0.184211
v -0.105263 0.815789 -0.157895
v -0.105263 0.842105 -0.157895
v -0.105263 0.842105 -0.184211
v -0.078947 0.842105 -0.157895
v -0.078947 0.842105 -0.184211
v -0.078947 0.815789 -0.184211
v -0.078947 0.815789 -0.157895
v -0.078947 0.842105 -0.131579
v -0.078947 0.815789 -0.131579
v -0.078947 0.842105 -0.105263
v -0.078947 0.815789 -0.105263
v -0.078947 0.842105 -0.078947
v -0.078947 0.815789 -0.078947
v -0.078947 0.842105 -0.052632
v -0.078947 0.815789 -0.052632
v -0.078947 0.815789 -0.026316
v -0.078947 0.815789 0.000000
v -0.078947 0.815789 0.026316
v -0.078947 0.815789 0.052632
v -0.078947 0.842105 0.078947
v -0.078947 0.842105 0.052632
v -0.078947 0.815789 0.078947
v -0.078947 0.842105 0.105263
v -0.078947 0.815789 0.105263
v -0.078947 0.842105 0.131579
v -0.078947 0.815789 0.131579
v -0.105263 0.815789 0.157895
v -0.105263 0.842105 0.157895
v -0.078947 0.842105 0.157895
v -0.078947 0.815789 0.157895
v -0.105263 0.815789 0.184211
v -0.105263 0.842105 0.184211
v -0.078947 0.842105 0.184211
v -0.078947 0.815789 0.184211
v -0.105263 0.842105 -0.052632
v -0.105263 0.842105 -0.026316
v -0.105263 0.868421 -0.026316
v -0.105263 0.868421 -0.052632
v -0.078947 0.868421 -0.052632
v -0.078947 0.842105 -0.052632
v -0.105263 0.842105 0.000000
v -0.105263 0.868421 0.000000
v -0.105263 0.842105 0.026316
v -0.105263 0.868421 0.026316
v -0.105263 0.842105 0.052632
v -0.105263 0.868421 0.052632
v -0.078947 0.842105 0.052632
v -0.078947 0.868421 0.052632
v -0.078947 0.868421 -0.052632
v -0.078947 0.894737 -0.052632
v -0.078947 0.894737 -0.026316
v -0.078947 0.868421 -0.026316
v -0.078947 0.894737 0.000000
v -0.078947 0.868421 0.000000
v -0.078947 0.894737 0.026316
v -0.078947 0.868421 0.026316
v -0.078947 0.894737 0.052632
v -0.078947 0.868421 0.052632
v -0.105263 0.921053 -0.105263
v -0.105263 0.947368 -0.105263
v -0.078947 0.947368 -0.078947
v -0.078947 0.947368 -0.105263
v -0.078947 0.921053 -0.105263
v -0.078947 0.921053 -0.078947
v -0.078947 0.947368 -0.052632
v -0.078947 0.921053 -0.052632
v -0.078947 0.947368 -0.026316
v -0.078947 0.921053 -0.026316
v -0.105263 0.947368 0.000000
v -0.078947 0.947368 0.000000
v -0.078947 0.921053 0.000000
v -0.078947 0.947368 0.026316
v -0.078947 0.921053 0.026316
v -0.078947 0.947368 0.052632
v -0.078947 0.921053 0.052632
v -0.078947 0.947368 0.078947
v -0.078947 0.921053 0.078947
v -0.105263 0.921053 0.105263
v -0.105263 0.947368 0.105263
v -0.078947 0.947368 0.105263
v -0.078947 0.921053 0.105263
v -0.078947 0.000000 -0.210526
v -0.078947 0.026316 -0.210526
v -0.052632 0.026316 -0.184211
v -0.052632 0.026316 -0.210526
v -0.052632 0.000000 -0.210526
v -0.052632 0.000000 -0.184211
v -0.052632 0.026316 -0.157895
v -0.052632 0.000000 -0.157895
v -0.052632 0.026316 -0.131579
v -0.052632 0.000000 -0.131579
v -0.052632 0.000000 -0.105263
v -0.052632 0.000000 -0.078947
v -0.052632 0.000000 -0.052632
v -0.052632 0.000000 -0.026316
v -0.052632 0.000000 0.000000
v -0.052632 0.000000 0.026316
v -0.052632 0.000000 0.052632
v -0.052632 0.000000 0.078947
v -0.052632 0.000000 0.105263
v -0.052632 0.000000 0.131579
v -0.052632 0.026316 0.157895
v -0.052632 0.026316 0.131579
v -0.052632 0.000000 0.157895
v -0.052632 0.026316 0.184211
v -0.052632 0.000000 0.184211
v -0.078947 0.000000 0.210526
v -0.078947 0.026316 0.210526
v -0.052632 0.026316 0.210526
v -0.052632 0.000000 0.210526
v -0.052632 0.052632 -0.105263
v -0.052632 0.052632 -0.131579
v -0.052632 0.026316 -0.131579
v -0.052632 0.052632 0.131579
v -0.052632 0.052632 0.105263
v -0.052632 0.026316 0.131579
v -0.078947 0.052632 -0.105263
v -0.078947 0.052632 -0.078947
v -0.078947 0.078947 -0.078947
v -0.078947 0.078947 -0.105263
v -0.052632 0.078947 -0.105263
v -0.052632 0.052632 -0.105263
v -0.078947 0.052632 0.078947
v -0.078947 0.078947 0.078947
v -0.078947 0.052632 0.105263
v -0.078947 0.078947 0.105263
v -0.052632 0.052632 0.105263
v -0.052632 0.078947 0.105263
v -0.078947 0.078947 -0.157895
v -0.078947 0.105263 -0.157895
v -0.052632 0.078947 -0.157895
v -0.052632 0.078947 -0.131579
v -0.052632 0.105263 -0.157895
v -0.052632 0.078947 -0.105263
v -0.052632 0.078947 0.105263
v -0.052632 0.078947 0.131579
v -0.078947 0.078947 0.157895
v -0.078947 0.105263 0.157895
v -0.052632 0.078947 0.157895
v -0.052632 0.105263 0.157895
v -0.052632 0.105263 -0.184211
v -0.052632 0.105263 -0.157895
v -0.052632 0.131579 -0.184211
v -0.052632 0.105263 0.157895
v -0.052632 0.105263 0.184211
v -0.052632 0.131579 0.184211
v -0.052632 0.131579 -0.210526
v -0.052632 0.131579 -0.184211
v -0.052632 0.157895 -0.210526
v -0.052632 0.131579 0.184211
v -0.052632 0.131579 0.210526
v -0.052632 0.157895 0.210526
v -0.052632 0.184211 -0.210526
v -0.052632 0.184211 -0.236842
v -0.052632 0.157895 -0.236842
v -0.052632 0.157895 -0.210526
v -0.052632 0.184211 0.236842
v -0.052632 0.184211 0.210526
v -0.052632 0.157895 0.210526
v -0.052632 0.157895 0.236842
v -0.052632 0.210526 -0.210526
v -0.052632 0.184211 -0.210526
v -0.052632 0.184211 0.210526
v -0.052632 0.210526 0.210526
v -0.052632 0.236842 -0.210526
v -0.052632 0.236842 -0.236842
v -0.052632 0.210526 -0.236842
v -0.052632 0.210526 -0.210526
v -0.052632 0.236842 -0.184211
v -0.052632 0.236842 0.210526
v -0.052632 0.236842 0.184211
v -0.052632 0.236842 0.236842
v -0.052632 0.210526 0.210526
v -0.052632 0.210526 0.236842
v -0.052632 0.263158 -0.184211
v -0.052632 0.236842 -0.184211
v -0.052632 0.236842 0.184211
v -0.052632 0.263158 0.184211
v -0.052632 0.289474 -0.184211
v -0.052632 0.289474 0.184211
v -0.052632 0.315789 -0.184211
v -0.052632 0.315789 0.184211
v -0.052632 0.342105 -0.184211
v -0.052632 0.342105 0.184211
v -0.078947 0.342105 -0.184211
v -0.078947 0.368421 -0.184211
v -0.052632 0.368421 -0.184211
v -0.052632 0.342105 -0.184211
v -0.078947 0.342105 0.184211
v -0.078947 0.368421 0.184211
v -0.052632 0.342105 0.184211
v -0.052632 0.368421 0.184211
v -0.052632 0.394737 -0.184211
v -0.052632 0.394737 -0.210526
v -0.052632 0.368421 -0.210526
v -0.052632 0.368421 -0.184211
v -0.052632 0.394737 -0.157895
v -0.052632 0.394737 -0.131579
v -0.052632 0.394737 -0.105263
v -0.052632 0.394737 0.131579
v -0.052632 0.394737 0.105263
v -0.052632 0.394737 0.157895
v -0.052632 0.394737 0.184211
v -0.052632 0.394737 0.210526
v -0.052632 0.368421 0.184211
v -0.052632 0.368421 0.210526
v -0.078947 0.394737 -0.105263
v -0.078947 0.421053 -0.105263
v -0.052632 0.421053 -0.078947
v -0.052632 0.421053 -0.105263
v -0.052632 0.394737 -0.105263
v -0.052632 0.421053 -0.052632
v -0.052632 0.421053 0.078947
v -0.052632 0.421053 0.052632
v -0.078947 0.394737 0.105263
v -0.078947 0.421053 0.105263
v -0.052632 0.421053 0.105263
v -0.052632 0.394737 0.105263
v -0.078947 0.421053 -0.052632
v -0.078947 0.421053 -0.026316
v -0.078947 0.447368 -0.026316
v -0.078947 0.447368 -0.052632
v -0.052632 0.447368 -0.052632
v -0.052632 0.421053 -0.052632
v -0.078947 0.421053 0.000000
v -0.078947 0.447368 0.000000
v -0.078947 0.421053 0.026316
v -0.078947 0.447368 0.026316
v -0.078947 0.421053 0.052632
v -0.078947 0.447368 0.052632
v -0.052632 0.421053 0.052632
v -0.052632 0.447368 0.052632
v -0.078947 0.447368 -0.263158
v -0.078947 0.473684 -0.263158
v -0.052632 0.473684 -0.236842
v -0.052632 0.473684 -0.263158
v -0.052632 0.447368 -0.263158
v -0.052632 0.447368 -0.236842
v -0.052632 0.473684 -0.210526
v -0.052632 0.447368 -0.210526
v -0.052632 0.473684 -0.184211
v -0.052632 0.447368 -0.184211
v -0.052632 0.473684 -0.157895
v -0.052632 0.447368 -0.157895
v -0.052632 0.473684 -0.131579
v -0.052632 0.447368 -0.131579
v -0.052632 0.447368 -0.105263
v -0.052632 0.447368 -0.078947
v -0.052632 0.447368 -0.052632
v -0.052632 0.447368 0.052632
v -0.052632 0.447368 0.078947
v -0.052632 0.447368 0.105263
v -0.052632 0.447368 0.131579
v -0.052632 0.473684 0.157895
v -0.052632 0.473684 0.131579
v -0.052632 0.447368 0.157895
v -0.052632 0.473684 0.184211
v -0.052632 0.447368 0.184211
v -0.052632 0.473684 0.210526
v -0.052632 0.447368 0.210526
v -0.052632 0.473684 0.236842
v -0.052632 0.447368 0.236842
v -0.078947 0.447368 0.263158
v -0.078947 0.473684 0.263158
v -0.052632 0.473684 0.263158
v -0.052632 0.447368 0.263158
v -0.078947 0.473684 -0.131579
v -0.078947 0.500000 -0.131579
v -0.052632 0.500000 -0.131579
v -0.052632 0.473684 -0.131579
v -0.078947 0.473684 0.131579
v -0.078947 0.500000 0.131579
v -0.052632 0.473684 0.131579
v -0.052632 0.500000 0.131579
v -0.078947 0.500000 -0.131579
v -0.078947 0.526316 -0.131579
v -0.052632 0.526316 -0.131579
v -0.052632 0.500000 -0.131579
v -0.078947 0.500000 0.131579
v -0.078947 0.526316 0.131579
v -0.052632 0.500000 0.131579
v -0.052632 0.526316 0.131579
v -0.052632 0.552632 -0.157895
v -0.052632 0.552632 -0.184211
v -0.052632 0.526316 -0.184211
v -0.052632 0.526316 -0.157895
v -0.052632 0.552632 -0.131579
v -0.052632 0.526316 -0.131579
v -0.052632 0.552632 0.157895
v -0.052632 0.552632 0.131579
v -0.052632 0.526316 0.131579
v -0.052632 0.526316 0.157895
v -0.052632 0.552632 0.184211
v -0.052632 0.526316 0.184211
v -0.052632 0.578947 -0.131579
v -0.052632 0.552632 -0.131579
v -0.052632 0.552632 0.131579
v -0.052632 0.578947 0.131579
v -0.052632 0.578947 -0.131579
v -0.052632 0.605263 -0.131579
v -0.052632 0.605263 -0.105263
v -0.052632 0.578947 -0.105263
v -0.078947 0.578947 -0.131579
v -0.078947 0.605263 -0.131579
v -0.052632 0.578947 0.105263
v -0.052632 0.605263 0.105263
v -0.052632 0.605263 0.131579
v -0.052632 0.578947 0.131579
v -0.078947 0.578947 0.131579
v -0.078947 0.605263 0.131579
v -0.052632 0.631579 -0.131579
v -0.052632 0.631579 -0.105263
v -0.078947 0.631579 -0.131579
v -0.052632 0.631579 0.105263
v -0.052632 0.631579 0.131579
v -0.078947 0.631579 0.131579
v -0.052632 0.657895 -0.131579
v -0.052632 0.631579 -0.131579
v -0.052632 0.631579 0.131579
v -0.052632 0.657895 0.131579
v -0.078947 0.684211 -0.131579
v -0.052632 0.684211 -0.105263
v -0.052632 0.684211 -0.131579
v -0.052632 0.684211 -0.078947
v -0.052632 0.684211 -0.052632
v -0.052632 0.684211 0.078947
v -0.052632 0.684211 0.052632
v -0.052632 0.684211 0.105263
v -0.078947 0.684211 0.131579
v -0.052632 0.684211 0.131579
v -0.078947 0.684211 -0.052632
v -0.078947 0.684211 -0.026316
v -0.078947 0.710526 -0.026316
v -0.078947 0.710526 -0.052632
v -0.052632 0.710526 -0.026316
v -0.052632 0.710526 -0.052632
v -0.052632 0.684211 -0.052632
v -0.078947 0.684211 0.000000
v -0.078947 0.710526 0.000000
v -0.052632 0.710526 0.000000
v -0.078947 0.684211 0.026316
v -0.078947 0.710526 0.026316
v -0.052632 0.710526 0.026316
v -0.078947 0.684211 0.052632
v -0.078947 0.710526 0.052632
v -0.052632 0.710526 0.052632
v -0.052632 0.684211 0.052632
v -0.078947 0.815789 -0.210526
v -0.078947 0.842105 -0.210526
v -0.052632 0.842105 -0.184211
v -0.052632 0.842105 -0.210526
v -0.052632 0.815789 -0.210526
v -0.052632 0.815789 -0.184211
v -0.052632 0.842105 -0.157895
v -0.052632 0.815789 -0.157895
v -0.052632 0.842105 -0.131579
v -0.052632 0.815789 -0.131579
v -0.052632 0.842105 -0.105263
v -0.052632 0.815789 -0.105263
v -0.052632 0.815789 -0.078947
v -0.052632 0.815789 -0.052632
v -0.052632 0.815789 -0.026316
v -0.052632 0.815789 0.000000
v -0.052632 0.815789 0.026316
v -0.052632 0.815789 0.052632
v -0.052632 0.815789 0.078947
v -0.052632 0.815789 0.105263
v -0.052632 0.842105 0.131579
v -0.052632 0.842105 0.105263
v -0.052632 0.815789 0.131579
v -0.052632 0.842105 0.157895
v -0.052632 0.815789 0.157895
v -0.052632 0.842105 0.184211
v -0.052632 0.815789 0.184211
v -0.078947 0.815789 0.210526
v -0.078947 0.842105 0.210526
v -0.052632 0.842105 0.210526
v -0.052632 0.815789 0.210526
v -0.078947 0.842105 -0.105263
v -0.078947 0.842105 -0.078947
v -0.078947 0.868421 -0.078947
v -0.078947 0.868421 -0.105263
v -0.052632 0.868421 -0.078947
v -0.052632 0.868421 -0.105263
v -0.052632 0.842105 -0.105263
v -0.052632 0.868421 -0.052632
v -0.078947 0.868421 -0.026316
v -0.052632 0.868421 -0.026316
v -0.078947 0.868421 0.000000
v -0.052632 0.868421 0.000000
v -0.078947 0.868421 0.026316
v -0.052632 0.868421 0.026316
v -0.052632 0.868421 0.052632
v -0.078947 0.842105 0.078947
v -0.078947 0.868421 0.078947
v -0.052632 0.868421 0.078947
v -0.078947 0.842105 0.105263
v -0.078947 0.868421 0.105263
v -0.052632 0.868421 0.105263
v -0.052632 0.842105 0.105263
v -0.052632 0.947368 -0.078947
v -0.052632 0.947368 -0.105263
v -0.052632 0.921053 -0.105263
v -0.052632 0.921053 -0.078947
v -0.052632 0.947368 -0.052632
v -0.052632 0.921053 -0.052632
v -0.052632 0.947368 -0.026316
v -0.052632 0.921053 -0.026316
v -0.052632 0.947368 0.000000
v -0.052632 0.921053 0.000000
v -0.052632 0.947368 0.026316
v -0.052632 0.921053 0.026316
v -0.052632 0.947368 0.052632
v -0.052632 0.921053 0.052632
v -0.052632 0.947368 0.078947
v -0.052632 0.921053 0.078947
v -0.052632 0.947368 0.105263
v -0.052632 0.921053 0.105263
v -0.026316 0.026316 -0.184211
v -0.026316 0.026316 -0.210526
v -0.026316 0.000000 -0.210526
v -0.026316 0.000000 -0.184211
v -0.026316 0.026316 -0.157895
v -0.026316 0.000000 -0.157895
v -0.026316 0.000000 -0.131579
v -0.026316 0.000000 -0.105263
v -0.026316 0.000000 -0.078947
v -0.026316 0.000000 -0.052632
v -0.026316 0.000000 -0.026316
v -0.026316 0.000000 0.000000
v -0.026316 0.000000 0.026316
v -0.026316 0.000000 0.052632
v -0.026316 0.000000 0.078947
v -0.026316 0.000000 0.105263
v -0.026316 0.000000 0.131579
v -0.026316 0.000000 0.157895
v -0.026316 0.026316 0.184211
v -0.026316 0.026316 0.157895
v -0.026316 0.000000 0.184211
v -0.026316 0.026316 0.210526
v -0.026316 0.000000 0.210526
v -0.052632 0.026316 -0.157895
v -0.052632 0.052632 -0.157895
v -0.026316 0.052632 -0.131579
v -0.026316 0.052632 -0.157895
v -0.026316 0.026316 -0.157895
v -0.026316 0.052632 -0.105263
v -0.026316 0.052632 0.131579
v -0.026316 0.052632 0.105263
v -0.052632 0.026316 0.157895
v -0.052632 0.052632 0.157895
v -0.026316 0.052632 0.157895
v -0.026316 0.026316 0.157895
v -0.026316 0.078947 -0.105263
v -0.026316 0.052632 -0.105263
v -0.026316 0.052632 0.105263
v -0.026316 0.078947 0.105263
v -0.052632 0.078947 -0.184211
v -0.052632 0.105263 -0.184211
v -0.026316 0.078947 -0.184211
v -0.026316 0.078947 -0.157895
v -0.026316 0.105263 -0.184211
v -0.026316 0.078947 -0.131579
v -0.026316 0.078947 -0.105263
v -0.026316 0.078947 0.105263
v -0.026316 0.078947 0.131579
v -0.026316 0.078947 0.157895
v -0.052632 0.078947 0.184211
v -0.052632 0.105263 0.184211
v -0.026316 0.078947 0.184211
v -0.026316 0.105263 0.184211
v -0.052632 0.105263 -0.210526
v -0.052632 0.131579 -0.210526
v -0.026316 0.105263 -0.210526
v -0.026316 0.105263 -0.184211
v -0.026316 0.131579 -0.210526
v -0.052632 0.105263 0.210526
v -0.052632 0.131579 0.210526
v -0.026316 0.105263 0.184211
v -0.026316 0.105263 0.210526
v -0.026316 0.131579 0.210526
v -0.026316 0.157895 -0.210526
v -0.026316 0.131579 -0.210526
v -0.026316 0.131579 0.210526
v -0.026316 0.157895 0.210526
v -0.026316 0.157895 -0.236842
v -0.026316 0.157895 -0.210526
v -0.026316 0.184211 -0.236842
v -0.026316 0.157895 0.210526
v -0.026316 0.157895 0.236842
v -0.026316 0.184211 0.236842
v -0.026316 0.184211 -0.236842
v -0.026316 0.210526 -0.236842
v -0.026316 0.210526 -0.210526
v -0.026316 0.184211 -0.210526
v -0.052632 0.184211 -0.236842
v -0.052632 0.210526 -0.236842
v -0.026316 0.184211 0.210526
v -0.026316 0.210526 0.210526
v -0.026316 0.210526 0.236842
v -0.026316 0.184211 0.236842
v -0.052632 0.184211 0.236842
v -0.052632 0.210526 0.236842
v -0.026316 0.236842 -0.210526
v -0.026316 0.236842 -0.236842
v -0.026316 0.210526 -0.236842
v -0.026316 0.236842 -0.184211
v -0.026316 0.236842 0.210526
v -0.026316 0.236842 0.184211
v -0.026316 0.236842 0.236842
v -0.026316 0.210526 0.236842
v -0.026316 0.263158 -0.184211
v -0.026316 0.236842 -0.184211
v -0.026316 0.236842 0.184211
v -0.026316 0.263158 0.184211
v -0.026316 0.289474 -0.184211
v -0.026316 0.289474 0.184211
v -0.026316 0.315789 -0.184211
v -0.026316 0.315789 0.184211
v -0.026316 0.342105 -0.184211
v -0.026316 0.342105 0.184211
v -0.026316 0.368421 -0.184211
v -0.026316 0.342105 -0.184211
v -0.026316 0.342105 0.184211
v -0.026316 0.368421 0.184211
v -0.052632 0.368421 -0.236842
v -0.052632 0.394737 -0.236842
v -0.026316 0.394737 -0.210526
v -0.026316 0.394737 -0.236842
v -0.026316 0.368421 -0.236842
v -0.026316 0.368421 -0.210526
v -0.026316 0.394737 -0.184211
v -0.026316 0.368421 -0.184211
v -0.026316 0.394737 -0.157895
v -0.026316 0.394737 -0.131579
v -0.026316 0.394737 0.157895
v -0.026316 0.394737 0.131579
v -0.026316 0.394737 0.184211
v -0.026316 0.394737 0.210526
v -0.026316 0.368421 0.184211
v -0.026316 0.368421 0.210526
v -0.052632 0.368421 0.236842
v -0.052632 0.394737 0.236842
v -0.026316 0.394737 0.236842
v -0.026316 0.368421 0.236842
v -0.052632 0.394737 -0.131579
v -0.052632 0.421053 -0.131579
v -0.026316 0.421053 -0.105263
v -0.026316 0.421053 -0.131579
v -0.026316 0.394737 -0.131579
v -0.052632 0.394737 0.131579
v -0.052632 0.421053 0.131579
v -0.026316 0.421053 0.131579
v -0.026316 0.421053 0.105263
v -0.026316 0.394737 0.131579
v -0.052632 0.421053 -0.105263
v -0.052632 0.421053 -0.078947
v -0.052632 0.447368 -0.078947
v -0.052632 0.447368 -0.105263
v -0.026316 0.447368 -0.105263
v -0.026316 0.421053 -0.105263
v -0.052632 0.421053 0.078947
v -0.052632 0.447368 0.078947
v -0.052632 0.421053 0.105263
v -0.052632 0.447368 0.105263
v -0.026316 0.421053 0.105263
v -0.026316 0.447368 0.105263
v -0.026316 0.473684 -0.236842
v -0.026316 0.473684 -0.263158
v -0.026316 0.447368 -0.263158
v -0.026316 0.447368 -0.236842
v -0.026316 0.473684 -0.210526
v -0.026316 0.447368 -0.210526
v -0.026316 0.473684 -0.184211
v -0.026316 0.447368 -0.184211
v -0.026316 0.473684 -0.157895
v -0.026316 0.447368 -0.157895
v -0.026316 0.447368 -0.131579
v -0.026316 0.447368 -0.105263
v -0.026316 0.447368 0.105263
v -0.026316 0.447368 0.131579
v -0.026316 0.447368 0.157895
v -0.026316 0.473684 0.184211
v -0.026316 0.473684 0.157895
v -0.026316 0.447368 0.184211
v -0.026316 0.473684 0.210526
v -0.026316 0.447368 0.210526
v -0.026316 0.473684 0.236842
v -0.026316 0.447368 0.236842
v -0.026316 0.473684 0.263158
v -0.026316 0.447368 0.263158
v -0.052632 0.473684 -0.157895
v -0.052632 0.500000 -0.157895
v -0.026316 0.500000 -0.131579
v -0.026316 0.500000 -0.157895
v -0.026316 0.473684 -0.157895
v -0.052632 0.473684 0.157895
v -0.052632 0.500000 0.157895
v -0.026316 0.500000 0.157895
v -0.026316 0.500000 0.131579
v -0.026316 0.473684 0.157895
v -0.026316 0.526316 -0.131579
v -0.026316 0.500000 -0.131579
v -0.026316 0.500000 0.131579
v -0.026316 0.526316 0.131579
v -0.052632 0.526316 -0.210526
v -0.052632 0.552632 -0.210526
v -0.026316 0.552632 -0.184211
v -0.026316 0.552632 -0.210526
v -0.026316 0.526316 -0.210526
v -0.026316 0.526316 -0.184211
v -0.026316 0.552632 -0.157895
v -0.026316 0.526316 -0.157895
v -0.026316 0.552632 -0.131579
v -0.026316 0.526316 -0.131579
v -0.026316 0.552632 0.157895
v -0.026316 0.552632 0.131579
v -0.026316 0.526316 0.131579
v -0.026316 0.526316 0.157895
v -0.026316 0.552632 0.184211
v -0.026316 0.526316 0.184211
v -0.052632 0.526316 0.210526
v -0.052632 0.552632 0.210526
v -0.026316 0.552632 0.210526
v -0.026316 0.526316 0.210526
v -0.052632 0.578947 -0.105263
v -0.026316 0.578947 -0.105263
v -0.026316 0.578947 -0.131579
v -0.026316 0.552632 -0.131579
v -0.052632 0.578947 0.105263
v -0.026316 0.578947 0.131579
v -0.026316 0.578947 0.105263
v -0.026316 0.552632 0.131579
v -0.026316 0.605263 -0.105263
v -0.026316 0.578947 -0.105263
v -0.026316 0.578947 0.105263
v -0.026316 0.605263 0.105263
v -0.026316 0.631579 -0.105263
v -0.026316 0.631579 0.105263
v -0.026316 0.631579 -0.157895
v -0.026316 0.657895 -0.157895
v -0.026316 0.657895 -0.131579
v -0.026316 0.631579 -0.131579
v -0.052632 0.631579 -0.157895
v -0.052632 0.657895 -0.157895
v -0.026316 0.631579 -0.105263
v -0.052632 0.631579 -0.105263
v -0.052632 0.631579 0.105263
v -0.026316 0.631579 0.105263
v -0.026316 0.631579 0.131579
v -0.026316 0.657895 0.131579
v -0.026316 0.657895 0.157895
v -0.026316 0.631579 0.157895
v -0.052632 0.631579 0.157895
v -0.052632 0.657895 0.157895
v -0.026316 0.684211 -0.105263
v -0.026316 0.684211 -0.131579
v -0.026316 0.684211 0.131579
v -0.026316 0.684211 0.105263
v -0.052632 0.684211 -0.105263
v -0.052632 0.684211 -0.078947
v -0.052632 0.710526 -0.078947
v -0.052632 0.710526 -0.105263
v -0.026316 0.710526 -0.078947
v -0.026316 0.710526 -0.105263
v -0.026316 0.684211 -0.105263
v -0.026316 0.710526 -0.052632
v -0.026316 0.710526 -0.026316
v -0.026316 0.710526 0.000000
v -0.026316 0.710526 0.026316
v -0.026316 0.710526 0.052632
v -0.052632 0.684211 0.078947
v -0.052632 0.710526 0.078947
v -0.026316 0.710526 0.078947
v -0.052632 0.684211 0.105263
v -0.052632 0.710526 0.105263
v -0.026316 0.710526 0.105263
v -0.026316 0.684211 0.105263
v -0.052632 0.763158 -0.078947
v -0.052632 0.763158 -0.052632
v -0.052632 0.789474 -0.052632
v -0.052632 0.789474 -0.078947
v -0.026316 0.789474 -0.052632
v -0.026316 0.789474 -0.078947
v -0.026316 0.763158 -0.078947
v -0.026316 0.763158 -0.052632
v -0.052632 0.763158 -0.026316
v -0.052632 0.789474 -0.026316
v -0.026316 0.789474 -0.026316
v -0.026316 0.763158 -0.026316
v -0.052632 0.763158 0.000000
v -0.052632 0.789474 0.000000
v -0.026316 0.789474 0.000000
v -0.026316 0.763158 0.000000
v -0.052632 0.763158 0.026316
v -0.052632 0.789474 0.026316
v -0.026316 0.789474 0.026316
v -0.026316 0.763158 0.026316
v -0.052632 0.763158 0.052632
v -0.052632 0.789474 0.052632
v -0.026316 0.789474 0.052632
v -0.026316 0.763158 0.052632
v -0.052632 0.763158 0.078947
v -0.052632 0.789474 0.078947
v -0.026316 0.789474 0.078947
v -0.026316 0.763158 0.078947
v -0.026316 0.842105 -0.184211
v -0.026316 0.842105 -0.210526
v -0.026316 0.815789 -0.210526
v -0.026316 0.815789 -0.184211
v -0.026316 0.842105 -0.157895
v -0.026316 0.815789 -0.157895
v -0.026316 0.842105 -0.131579
v -0.026316 0.815789 -0.131579
v -0.026316 0.842105 -0.105263
v -0.026316 0.815789 -0.105263
v -0.026316 0.815789 -0.078947
v -0.026316 0.815789 -0.052632
v -0.026316 0.815789 -0.026316
v -0.026316 0.815789 0.000000
v -0.026316 0.815789 0.026316
v -0.026316 0.815789 0.052632
v -0.026316 0.815789 0.078947
v -0.026316 0.815789 0.105263
v -0.026316 0.842105 0.131579
v -0.026316 0.842105 0.105263
v -0.026316 0.815789 0.131579
v -0.026316 0.842105 0.157895
v -0.026316 0.815789 0.157895
v -0.026316 0.842105 0.184211
v -0.026316 0.815789 0.184211
v -0.026316 0.842105 0.210526
v -0.026316 0.815789 0.210526
v -0.026316 0.868421 -0.078947
v -0.026316 0.868421 -0.105263
v -0.026316 0.842105 -0.105263
v -0.026316 0.868421 -0.052632
v -0.026316 0.868421 -0.026316
v -0.026316 0.868421 0.000000
v -0.026316 0.868421 0.026316
v -0.026316 0.868421 0.052632
v -0.026316 0.868421 0.078947
v -0.026316 0.868421 0.105263
v -0.026316 0.842105 0.105263
v -0.026316 0.921053 -0.105263
v -0.026316 0.947368 -0.105263
v -0.026316 0.947368 -0.078947
v -0.026316 0.921053 -0.078947
v -0.026316 0.947368 -0.052632
v -0.026316 0.921053 -0.052632
v -0.026316 0.947368 -0.026316
v -0.026316 0.921053 -0.026316
v -0.026316 0.947368 0.000000
v -0.026316 0.921053 0.000000
v -0.026316 0.947368 0.026316
v -0.026316 0.921053 0.026316
v -0.026316 0.947368 0.052632
v -0.026316 0.921053 0.052632
v -0.026316 0.947368 0.078947
v -0.026316 0.921053 0.078947
v -0.026316 0.947368 0.105263
v -0.026316 0.921053 0.105263
v 0.000000 0.026316 -0.184211
v 0.000000 0.026316 -0.210526
v 0.000000 0.000000 -0.210526
v 0.000000 0.000000 -0.184211
v 0.000000 0.026316 -0.157895
v 0.000000 0.000000 -0.157895
v 0.000000 0.000000 -0.131579
v 0.000000 0.000000 -0.105263
v 0.000000 0.000000 -0.078947
v 0.000000 0.000000 -0.052632
v 0.000000 0.000000 -0.026316
v 0.000000 0.000000 0.000000
v 0.000000 0.000000 0.026316
v 0.000000 0.000000 0.052632
v 0.000000 0.000000 0.078947
v 0.000000 0.000000 0.105263
v 0.000000 0.000000 0.131579
v 0.000000 0.000000 0.157895
v 0.000000 0.026316 0.184211
v 0.000000 0.026316 0.157895
v 0.000000 0.000000 0.184211
v 0.000000 0.026316 0.210526
v 0.000000 0.000000 0.210526
v 0.000000 0.052632 -0.131579
v 0.000000 0.052632 -0.157895
v 0.000000 0.026316 -0.157895
v 0.000000 0.052632 0.157895
v 0.000000 0.052632 0.131579
v 0.000000 0.026316 0.157895
v -0.026316 0.052632 -0.131579
v -0.026316 0.078947 -0.131579
v 0.000000 0.078947 -0.131579
v 0.000000 0.052632 -0.131579
v -0.026316 0.052632 0.131579
v -0.026316 0.078947 0.131579
v 0.000000 0.052632 0.131579
v 0.000000 0.078947 0.131579
v 0.000000 0.078947 -0.184211
v 0.000000 0.078947 -0.157895
v 0.000000 0.105263 -0.184211
v 0.000000 0.078947 -0.131579
v 0.000000 0.078947 0.131579
v 0.000000 0.078947 0.157895
v 0.000000 0.078947 0.184211
v 0.000000 0.105263 0.184211
v 0.000000 0.105263 -0.210526
v 0.000000 0.105263 -0.184211
v 0.000000 0.131579 -0.210526
v 0.000000 0.105263 0.184211
v 0.000000 0.105263 0.210526
v 0.000000 0.131579 0.210526
v 0.000000 0.131579 -0.236842
v 0.000000 0.157895 -0.236842
v 0.000000 0.157895 -0.210526
v 0.000000 0.131579 -0.210526
v -0.026316 0.131579 -0.236842
v -0.026316 0.157895 -0.236842
v 0.000000 0.131579 0.210526
v 0.000000 0.157895 0.210526
v 0.000000 0.157895 0.236842
v 0.000000 0.131579 0.236842
v -0.026316 0.131579 0.236842
v -0.026316 0.157895 0.236842
v -0.026316 0.184211 -0.210526
v 0.000000 0.184211 -0.210526
v 0.000000 0.184211 -0.236842
v 0.000000 0.157895 -0.236842
v -0.026316 0.184211 0.210526
v 0.000000 0.184211 0.236842
v 0.000000 0.184211 0.210526
v 0.000000 0.157895 0.236842
v 0.000000 0.210526 -0.210526
v 0.000000 0.184211 -0.210526
v 0.000000 0.184211 0.210526
v 0.000000 0.210526 0.210526
v 0.000000 0.236842 -0.210526
v 0.000000 0.236842 -0.236842
v 0.000000 0.210526 -0.236842
v 0.000000 0.210526 -0.210526
v -0.026316 0.210526 -0.210526
v 0.000000 0.236842 -0.184211
v 0.000000 0.236842 0.210526
v 0.000000 0.236842 0.184211
v 0.000000 0.236842 0.236842
v -0.026316 0.210526 0.210526
v 0.000000 0.210526 0.210526
v 0.000000 0.210526 0.236842
v 0.000000 0.236842 -0.184211
v 0.000000 0.263158 -0.184211
v 0.000000 0.263158 -0.157895
v 0.000000 0.236842 -0.157895
v 0.000000 0.236842 0.157895
v 0.000000 0.263158 0.157895
v 0.000000 0.263158 0.184211
v 0.000000 0.236842 0.184211
v 0.000000 0.289474 -0.184211
v 0.000000 0.289474 -0.157895
v 0.000000 0.289474 0.157895
v 0.000000 0.289474 0.184211
v 0.000000 0.315789 -0.184211
v 0.000000 0.315789 0.184211
v 0.000000 0.342105 -0.184211
v 0.000000 0.342105 0.184211
v 0.000000 0.368421 -0.184211
v 0.000000 0.342105 -0.184211
v 0.000000 0.342105 0.184211
v 0.000000 0.368421 0.184211
v 0.000000 0.394737 -0.210526
v 0.000000 0.394737 -0.236842
v 0.000000 0.368421 -0.236842
v 0.000000 0.368421 -0.210526
v 0.000000 0.394737 -0.184211
v 0.000000 0.368421 -0.184211
v 0.000000 0.394737 -0.157895
v 0.000000 0.394737 0.184211
v 0.000000 0.394737 0.157895
v 0.000000 0.394737 0.210526
v 0.000000 0.368421 0.184211
v 0.000000 0.368421 0.210526
v 0.000000 0.394737 0.236842
v 0.000000 0.368421 0.236842
v -0.026316 0.394737 -0.157895
v -0.026316 0.421053 -0.157895
v 0.000000 0.421053 -0.131579
v 0.000000 0.421053 -0.157895
v 0.000000 0.394737 -0.157895
v -0.026316 0.394737 0.157895
v -0.026316 0.421053 0.157895
v 0.000000 0.421053 0.157895
v 0.000000 0.421053 0.131579
v 0.000000 0.394737 0.157895
v -0.026316 0.421053 -0.131579
v -0.026316 0.447368 -0.131579
v 0.000000 0.447368 -0.131579
v 0.000000 0.421053 -0.131579
v -0.026316 0.421053 0.131579
v -0.026316 0.447368 0.131579
v 0.000000 0.421053 0.131579
v 0.000000 0.447368 0.131579
v 0.000000 0.473684 -0.236842
v 0.000000 0.473684 -0.263158
v 0.000000 0.447368 -0.263158
v 0.000000 0.447368 -0.236842
v 0.000000 0.473684 -0.210526
v 0.000000 0.447368 -0.210526
v 0.000000 0.473684 -0.184211
v 0.000000 0.447368 -0.184211
v 0.000000 0.473684 -0.157895
v 0.000000 0.447368 -0.157895
v 0.000000 0.447368 -0.131579
v 0.000000 0.447368 0.131579
v 0.000000 0.447368 0.157895
v 0.000000 0.473684 0.184211
v 0.000000 0.473684 0.157895
v 0.000000 0.447368 0.184211
v 0.000000 0.473684 0.210526
v 0.000000 0.447368 0.210526
v 0.000000 0.473684 0.236842
v 0.000000 0.447368 0.236842
v 0.000000 0.473684 0.263158
v 0.000000 0.447368 0.263158
v 0.000000 0.500000 -0.157895
v 0.000000 0.473684 -0.157895
v 0.000000 0.473684 0.157895
v 0.000000 0.500000 0.157895
v -0.026316 0.500000 -0.157895
v -0.026316 0.526316 -0.157895
v 0.000000 0.526316 -0.157895
v 0.000000 0.500000 -0.157895
v -0.026316 0.500000 0.157895
v -0.026316 0.526316 0.157895
v 0.000000 0.500000 0.157895
v 0.000000 0.526316 0.157895
v 0.000000 0.552632 -0.184211
v 0.000000 0.552632 -0.210526
v 0.000000 0.526316 -0.210526
v 0.000000 0.526316 -0.184211
v 0.000000 0.552632 -0.157895
v 0.000000 0.526316 -0.157895
v 0.000000 0.552632 -0.131579
v 0.000000 0.552632 0.157895
v 0.000000 0.552632 0.131579
v 0.000000 0.552632 0.184211
v 0.000000 0.526316 0.157895
v 0.000000 0.526316 0.184211
v 0.000000 0.552632 0.210526
v 0.000000 0.526316 0.210526
v 0.000000 0.552632 -0.131579
v 0.000000 0.578947 -0.131579
v 0.000000 0.578947 -0.105263
v 0.000000 0.552632 -0.105263
v 0.000000 0.552632 0.105263
v 0.000000 0.578947 0.105263
v 0.000000 0.578947 0.131579
v 0.000000 0.552632 0.131579
v 0.000000 0.578947 -0.105263
v 0.000000 0.605263 -0.105263
v 0.000000 0.605263 -0.078947
v 0.000000 0.578947 -0.078947
v 0.000000 0.578947 0.078947
v 0.000000 0.605263 0.078947
v 0.000000 0.605263 0.105263
v 0.000000 0.578947 0.105263
v 0.000000 0.631579 -0.105263
v 0.000000 0.631579 -0.078947
v 0.000000 0.631579 0.078947
v 0.000000 0.631579 0.105263
v 0.000000 0.631579 -0.131579
v 0.000000 0.631579 -0.105263
v 0.000000 0.657895 -0.131579
v 0.000000 0.631579 0.105263
v 0.000000 0.631579 0.131579
v 0.000000 0.657895 0.131579
v 0.000000 0.684211 -0.105263
v 0.000000 0.684211 -0.131579
v 0.000000 0.684211 0.131579
v 0.000000 0.684211 0.105263
v 0.000000 0.710526 -0.078947
v 0.000000 0.710526 -0.105263
v 0.000000 0.684211 -0.105263
v 0.000000 0.710526 -0.052632
v 0.000000 0.710526 -0.026316
v 0.000000 0.710526 0.000000
v 0.000000 0.710526 0.026316
v 0.000000 0.710526 0.052632
v 0.000000 0.710526 0.078947
v 0.000000 0.710526 0.105263
v 0.000000 0.684211 0.105263
v -0.026316 0.763158 -0.131579
v -0.026316 0.763158 -0.105263
v -0.026316 0.789474 -0.105263
v -0.026316 0.789474 -0.131579
v 0.000000 0.789474 -0.105263
v 0.000000 0.789474 -0.131579
v 0.000000 0.763158 -0.131579
v 0.000000 0.763158 -0.105263
v 0.000000 0.789474 -0.078947
v 0.000000 0.763158 -0.078947
v 0.000000 0.789474 -0.052632
v 0.000000 0.763158 -0.052632
v 0.000000 0.789474 -0.026316
v 0.000000 0.763158 -0.026316
v 0.000000 0.789474 0.000000
v 0.000000 0.763158 0.000000
v 0.000000 0.789474 0.026316
v 0.000000 0.763158 0.026316
v 0.000000 0.789474 0.052632
v 0.000000 0.763158 0.052632
v 0.000000 0.789474 0.078947
v 0.000000 0.763158 0.078947
v -0.026316 0.763158 0.105263
v -0.026316 0.789474 0.105263
v 0.000000 0.789474 0.105263
v 0.000000 0.763158 0.105263
v -0.026316 0.763158 0.131579
v -0.026316 0.789474 0.131579
v 0.000000 0.789474 0.131579
v 0.000000 0.763158 0.131579
v -0.026316 0.815789 -0.236842
v -0.026316 0.842105 -0.236842
v 0.000000 0.842105 -0.210526
v 0.000000 0.842105 -0.236842
v 0.000000 0.815789 -0.236842
v 0.000000 0.815789 -0.210526
v 0.000000 0.842105 -0.184211
v 0.000000 0.815789 -0.184211
v 0.000000 0.842105 -0.157895
v 0.000000 0.815789 -0.157895
v 0.000000 0.842105 -0.131579
v 0.000000 0.815789 -0.131579
v 0.000000 0.815789 -0.105263
v 0.000000 0.815789 -0.078947
v 0.000000 0.815789 -0.052632
v 0.000000 0.815789 -0.026316
v 0.000000 0.815789 0.000000
v 0.000000 0.815789 0.026316
v 0.000000 0.815789 0.052632
v 0.000000 0.815789 0.078947
v 0.000000 0.815789 0.105263
v 0.000000 0.815789 0.131579
v 0.000000 0.842105 0.157895
v 0.000000 0.842105 0.131579
v 0.000000 0.815789 0.157895
v 0.000000 0.842105 0.184211
v 0.000000 0.815789 0.184211
v 0.000000 0.842105 0.210526
v 0.000000 0.815789 0.210526
v -0.026316 0.815789 0.236842
v -0.026316 0.842105 0.236842
v 0.000000 0.842105 0.236842
v 0.000000 0.815789 0.236842
v -0.026316 0.842105 -0.131579
v -0.026316 0.868421 -0.131579
v 0.000000 0.868421 -0.105263
v 0.000000 0.868421 -0.131579
v 0.000000 0.842105 -0.131579
v 0.000000 0.868421 -0.078947
v 0.000000 0.868421 -0.052632
v 0.000000 0.868421 -0.026316
v 0.000000 0.868421 0.000000
v 0.000000 0.868421 0.026316
v 0.000000 0.868421 0.052632
v 0.000000 0.868421 0.078947
v 0.000000 0.868421 0.105263
v -0.026316 0.842105 0.131579
v -0.026316 0.868421 0.131579
v 0.000000 0.868421 0.131579
v 0.000000 0.842105 0.131579
v 0.000000 0.921053 -0.078947
v 0.000000 0.947368 -0.078947
v 0.000000 0.947368 -0.052632
v 0.000000 0.921053 -0.052632
v 0.000000 0.947368 -0.026316
v 0.000000 0.921053 -0.026316
v 0.000000 0.947368 0.000000
v 0.000000 0.921053 0.000000
v 0.000000 0.947368 0.026316
v 0.000000 0.921053 0.026316
v 0.000000 0.947368 0.052632
v 0.000000 0.921053 0.052632
v 0.000000 0.947368 0.078947
v 0.000000 0.921053 0.078947
v 0.026316 0.026316 -0.184211
v 0.026316 0.026316 -0.210526
v 0.026316 0.000000 -0.210526
v 0.026316 0.000000 -0.184211
v 0.026316 0.026316 -0.157895
v 0.026316 0.000000 -0.157895
v 0.026316 0.000000 -0.131579
v 0.026316 0.000000 -0.105263
v 0.026316 0.000000 -0.078947
v 0.026316 0.000000 -0.052632
v 0.026316 0.000000 -0.026316
v 0.026316 0.000000 0.000000
v 0.026316 0.000000 0.026316
v 0.026316 0.000000 0.052632
v 0.026316 0.000000 0.078947
v 0.026316 0.000000 0.105263
v 0.026316 0.000000 0.131579
v 0.026316 0.000000 0.157895
v 0.026316 0.026316 0.184211
v 0.026316 0.026316 0.157895
v 0.026316 0.000000 0.184211
v 0.026316 0.026316 0.210526
v 0.026316 0.000000 0.210526
v 0.026316 0.052632 -0.131579
v 0.026316 0.052632 -0.157895
v 0.026316 0.026316 -0.157895
v 0.026316 0.052632 0.157895
v 0.026316 0.052632 0.131579
v 0.026316 0.026316 0.157895
v 0.026316 0.078947 -0.131579
v 0.026316 0.052632 -0.131579
v 0.026316 0.052632 0.131579
v 0.026316 0.078947 0.131579
v 0.026316 0.078947 -0.184211
v 0.026316 0.078947 -0.157895
v 0.026316 0.105263 -0.184211
v 0.026316 0.078947 -0.131579
v 0.026316 0.078947 0.131579
v 0.026316 0.078947 0.157895
v 0.026316 0.078947 0.184211
v 0.026316 0.105263 0.184211
v 0.026316 0.105263 -0.210526
v 0.026316 0.105263 -0.184211
v 0.026316 0.131579 -0.210526
v 0.026316 0.105263 0.184211
v 0.026316 0.105263 0.210526
v 0.026316 0.131579 0.210526
v 0.026316 0.157895 -0.210526
v 0.026316 0.131579 -0.210526
v 0.026316 0.131579 0.210526
v 0.026316 0.157895 0.210526
v 0.026316 0.184211 -0.210526
v 0.026316 0.184211 -0.236842
v 0.026316 0.157895 -0.236842
v 0.026316 0.157895 -0.210526
v 0.000000 0.157895 -0.210526
v 0.026316 0.184211 0.236842
v 0.026316 0.184211 0.210526
v 0.000000 0.157895 0.210526
v 0.026316 0.157895 0.210526
v 0.026316 0.157895 0.236842
v 0.026316 0.210526 -0.210526
v 0.026316 0.184211 -0.210526
v 0.026316 0.184211 0.210526
v 0.026316 0.210526 0.210526
v 0.026316 0.236842 -0.210526
v 0.026316 0.236842 -0.236842
v 0.026316 0.210526 -0.236842
v 0.026316 0.210526 -0.210526
v 0.026316 0.236842 -0.184211
v 0.000000 0.236842 -0.157895
v 0.026316 0.236842 -0.157895
v 0.000000 0.236842 0.157895
v 0.026316 0.236842 0.184211
v 0.026316 0.236842 0.157895
v 0.026316 0.236842 0.210526
v 0.026316 0.236842 0.236842
v 0.026316 0.210526 0.210526
v 0.026316 0.210526 0.236842
v 0.026316 0.236842 -0.157895
v 0.026316 0.263158 -0.157895
v 0.026316 0.263158 -0.131579
v 0.026316 0.236842 -0.131579
v 0.026316 0.236842 0.131579
v 0.026316 0.263158 0.131579
v 0.026316 0.263158 0.157895
v 0.026316 0.236842 0.157895
v 0.026316 0.289474 -0.157895
v 0.026316 0.289474 -0.131579
v 0.026316 0.289474 0.131579
v 0.026316 0.289474 0.157895
v 0.026316 0.289474 -0.184211
v 0.026316 0.315789 -0.184211
v 0.026316 0.315789 -0.157895
v 0.026316 0.315789 0.157895
v 0.026316 0.315789 0.184211
v 0.026316 0.289474 0.184211
v 0.026316 0.342105 -0.184211
v 0.026316 0.342105 0.184211
v 0.026316 0.342105 -0.210526
v 0.026316 0.368421 -0.210526
v 0.026316 0.368421 -0.184211
v 0.026316 0.342105 -0.184211
v 0.000000 0.342105 -0.210526
v 0.000000 0.368421 -0.210526
v 0.026316 0.342105 0.184211
v 0.026316 0.368421 0.184211
v 0.026316 0.368421 0.210526
v 0.026316 0.342105 0.210526
v 0.000000 0.342105 0.210526
v 0.000000 0.368421 0.210526
v 0.026316 0.394737 -0.210526
v 0.026316 0.394737 -0.236842
v 0.026316 0.368421 -0.236842
v 0.026316 0.368421 -0.210526
v 0.026316 0.394737 -0.184211
v 0.026316 0.394737 -0.157895
v 0.026316 0.394737 0.184211
v 0.026316 0.394737 0.157895
v 0.026316 0.394737 0.210526
v 0.026316 0.394737 0.236842
v 0.026316 0.368421 0.210526
v 0.026316 0.368421 0.236842
v 0.026316 0.421053 -0.131579
v 0.026316 0.421053 -0.157895
v 0.026316 0.394737 -0.157895
v 0.026316 0.421053 0.157895
v 0.026316 0.421053 0.131579
v 0.026316 0.394737 0.157895
v 0.026316 0.447368 -0.131579
v 0.026316 0.421053 -0.131579
v 0.026316 0.421053 0.131579
v 0.026316 0.447368 0.131579
v 0.026316 0.473684 -0.236842
v 0.026316 0.473684 -0.263158
v 0.026316 0.447368 -0.263158
v 0.026316 0.447368 -0.236842
v 0.026316 0.473684 -0.210526
v 0.026316 0.447368 -0.210526
v 0.026316 0.473684 -0.184211
v 0.026316 0.447368 -0.184211
v 0.026316 0.473684 -0.157895
v 0.026316 0.447368 -0.157895
v 0.026316 0.447368 -0.131579
v 0.026316 0.447368 0.131579
v 0.026316 0.447368 0.157895
v 0.026316 0.473684 0.184211
v 0.026316 0.473684 0.157895
v 0.026316 0.447368 0.184211
v 0.026316 0.473684 0.210526
v 0.026316 0.447368 0.210526
v 0.026316 0.473684 0.236842
v 0.026316 0.447368 0.236842
v 0.026316 0.473684 0.263158
v 0.026316 0.447368 0.263158
v 0.026316 0.500000 -0.157895
v 0.026316 0.473684 -0.157895
v 0.026316 0.473684 0.157895
v 0.026316 0.500000 0.157895
v 0.026316 0.526316 -0.157895
v 0.026316 0.500000 -0.157895
v 0.026316 0.500000 0.157895
v 0.026316 0.526316 0.157895
v 0.026316 0.552632 -0.184211
v 0.026316 0.552632 -0.210526
v 0.026316 0.526316 -0.210526
v 0.026316 0.526316 -0.184211
v 0.026316 0.552632 -0.157895
v 0.026316 0.526316 -0.157895
v 0.026316 0.552632 -0.131579
v 0.000000 0.552632 -0.105263
v 0.026316 0.552632 -0.105263
v 0.000000 0.552632 0.105263
v 0.026316 0.552632 0.131579
v 0.026316 0.552632 0.105263
v 0.026316 0.552632 0.157895
v 0.026316 0.552632 0.184211
v 0.026316 0.526316 0.157895
v 0.026316 0.526316 0.184211
v 0.026316 0.552632 0.210526
v 0.026316 0.526316 0.210526
v 0.000000 0.578947 -0.078947
v 0.026316 0.578947 -0.078947
v 0.026316 0.578947 -0.105263
v 0.026316 0.552632 -0.105263
v 0.000000 0.578947 0.078947
v 0.026316 0.578947 0.105263
v 0.026316 0.578947 0.078947
v 0.026316 0.552632 0.105263
v 0.026316 0.578947 -0.078947
v 0.026316 0.605263 -0.078947
v 0.026316 0.605263 -0.052632
v 0.026316 0.578947 -0.052632
v 0.026316 0.578947 0.052632
v 0.026316 0.605263 0.052632
v 0.026316 0.605263 0.078947
v 0.026316 0.578947 0.078947
v 0.026316 0.631579 -0.078947
v 0.026316 0.631579 -0.052632
v 0.026316 0.631579 0.052632
v 0.026316 0.631579 0.078947
v 0.026316 0.631579 -0.131579
v 0.026316 0.631579 -0.105263
v 0.026316 0.657895 -0.131579
v 0.026316 0.631579 -0.078947
v 0.000000 0.631579 -0.078947
v 0.000000 0.631579 0.078947
v 0.026316 0.631579 0.078947
v 0.026316 0.631579 0.105263
v 0.026316 0.631579 0.131579
v 0.026316 0.657895 0.131579
v 0.026316 0.657895 -0.157895
v 0.026316 0.684211 -0.157895
v 0.026316 0.684211 -0.131579
v 0.000000 0.657895 -0.157895
v 0.000000 0.684211 -0.157895
v 0.026316 0.684211 0.131579
v 0.026316 0.684211 0.157895
v 0.026316 0.657895 0.157895
v 0.000000 0.657895 0.157895
v 0.000000 0.684211 0.157895
v 0.000000 0.684211 -0.131579
v 0.000000 0.710526 -0.131579
v 0.026316 0.710526 -0.105263
v 0.026316 0.710526 -0.131579
v 0.026316 0.684211 -0.131579
v 0.026316 0.710526 -0.078947
v 0.026316 0.710526 -0.052632
v 0.026316 0.710526 -0.026316
v 0.026316 0.710526 0.000000
v 0.026316 0.710526 0.026316
v 0.026316 0.710526 0.052632
v 0.026316 0.710526 0.078947
v 0.026316 0.710526 0.105263
v 0.000000 0.684211 0.131579
v 0.000000 0.710526 0.131579
v 0.026316 0.710526 0.131579
v 0.026316 0.684211 0.131579
v 0.000000 0.763158 -0.157895
v 0.000000 0.789474 -0.157895
v 0.026316 0.789474 -0.131579
v 0.026316 0.789474 -0.157895
v 0.026316 0.763158 -0.157895
v 0.026316 0.763158 -0.131579
v 0.026316 0.789474 -0.105263
v 0.026316 0.763158 -0.105263
v 0.026316 0.789474 -0.078947
v 0.026316 0.763158 -0.078947
v 0.026316 0.789474 -0.052632
v 0.026316 0.763158 -0.052632
v 0.026316 0.789474 -0.026316
v 0.026316 0.763158 -0.026316
v 0.026316 0.789474 0.000000
v 0.026316 0.763158 0.000000
v 0.026316 0.789474 0.026316
v 0.026316 0.763158 0.026316
v 0.026316 0.789474 0.052632
v 0.026316 0.763158 0.052632
v 0.026316 0.789474 0.078947
v 0.026316 0.763158 0.078947
v 0.026316 0.789474 0.105263
v 0.026316 0.763158 0.105263
v 0.026316 0.789474 0.131579
v 0.026316 0.763158 0.131579
v 0.000000 0.763158 0.157895
v 0.000000 0.789474 0.157895
v 0.026316 0.789474 0.157895
v 0.026316 0.763158 0.157895
v 0.026316 0.842105 -0.210526
v 0.026316 0.842105 -0.236842
v 0.026316 0.815789 -0.236842
v 0.026316 0.815789 -0.210526
v 0.026316 0.842105 -0.184211
v 0.026316 0.815789 -0.184211
v 0.026316 0.842105 -0.157895
v 0.026316 0.815789 -0.157895
v 0.026316 0.842105 -0.131579
v 0.026316 0.815789 -0.131579
v 0.026316 0.815789 -0.105263
v 0.026316 0.815789 -0.078947
v 0.026316 0.815789 -0.052632
v 0.026316 0.815789 -0.026316
v 0.026316 0.815789 0.000000
v 0.026316 0.815789 0.026316
v 0.026316 0.815789 0.052632
v 0.026316 0.815789 0.078947
v 0.026316 0.815789 0.105263
v 0.026316 0.815789 0.131579
v 0.026316 0.842105 0.157895
v 0.026316 0.842105 0.131579
v 0.026316 0.815789 0.157895
v 0.026316 0.842105 0.184211
v 0.026316 0.815789 0.184211
v 0.026316 0.842105 0.210526
v 0.026316 0.815789 0.210526
v 0.026316 0.842105 0.236842
v 0.026316 0.815789 0.236842
v 0.026316 0.868421 -0.105263
v 0.026316 0.868421 -0.131579
v 0.026316 0.842105 -0.131579
v 0.026316 0.868421 -0.078947
v 0.026316 0.868421 -0.052632
v 0.026316 0.868421 -0.026316
v 0.026316 0.868421 0.000000
v 0.026316 0.868421 0.026316
v 0.026316 0.868421 0.052632
v 0.026316 0.868421 0.078947
v 0.026316 0.868421 0.105263
v 0.026316 0.868421 0.131579
v 0.026316 0.842105 0.131579
v 0.026316 0.921053 -0.052632
v 0.026316 0.947368 -0.052632
v 0.026316 0.947368 -0.026316
v 0.026316 0.921053 -0.026316
v 0.026316 0.947368 0.000000
v 0.026316 0.921053 0.000000
v 0.026316 0.947368 0.026316
v 0.026316 0.921053 0.026316
v 0.026316 0.947368 0.052632
v 0.026316 0.921053 0.052632
v 0.052632 0.026316 -0.184211
v 0.052632 0.026316 -0.210526
v 0.052632 0.000000 -0.210526
v 0.052632 0.000000 -0.184211
v 0.052632 0.026316 -0.157895
v 0.052632 0.000000 -0.157895
v 0.052632 0.000000 -0.131579
v 0.052632 0.000000 -0.105263
v 0.052632 0.000000 -0.078947
v 0.052632 0.000000 -0.052632
v 0.052632 0.000000 -0.026316
v 0.052632 0.000000 0.000000
v 0.052632 0.000000 0.026316
v 0.052632 0.000000 0.052632
v 0.052632 0.000000 0.078947
v 0.052632 0.000000 0.105263
v 0.052632 0.000000 0.131579
v 0.052632 0.000000 0.157895
v 0.052632 0.026316 0.184211
v 0.052632 0.026316 0.157895
v 0.052632 0.000000 0.184211
v 0.052632 0.026316 0.210526
v 0.052632 0.000000 0.210526
v 0.052632 0.026316 -0.157895
v 0.052632 0.052632 -0.157895
v 0.052632 0.052632 -0.131579
v 0.052632 0.026316 -0.131579
v 0.052632 0.026316 0.131579
v 0.052632 0.052632 0.131579
v 0.052632 0.052632 0.157895
v 0.052632 0.026316 0.157895
v 0.052632 0.078947 -0.131579
v 0.052632 0.052632 -0.131579
v 0.052632 0.052632 0.131579
v 0.052632 0.078947 0.131579
v 0.052632 0.078947 -0.184211
v 0.052632 0.078947 -0.157895
v 0.052632 0.105263 -0.184211
v 0.052632 0.078947 -0.131579
v 0.052632 0.078947 0.131579
v 0.052632 0.078947 0.157895
v 0.052632 0.078947 0.184211
v 0.052632 0.105263 0.184211
v 0.052632 0.105263 -0.210526
v 0.052632 0.105263 -0.184211
v 0.052632 0.131579 -0.210526
v 0.052632 0.105263 0.184211
v 0.052632 0.105263 0.210526
v 0.052632 0.131579 0.210526
v 0.052632 0.157895 -0.210526
v 0.052632 0.131579 -0.210526
v 0.052632 0.131579 0.210526
v 0.052632 0.157895 0.210526
v 0.052632 0.157895 -0.236842
v 0.052632 0.184211 -0.236842
v 0.052632 0.184211 -0.210526
v 0.052632 0.157895 -0.210526
v 0.052632 0.157895 0.210526
v 0.052632 0.184211 0.210526
v 0.052632 0.184211 0.236842
v 0.052632 0.157895 0.236842
v 0.052632 0.210526 -0.210526
v 0.052632 0.184211 -0.210526
v 0.052632 0.184211 0.210526
v 0.052632 0.210526 0.210526
v 0.052632 0.236842 -0.210526
v 0.052632 0.236842 -0.236842
v 0.052632 0.210526 -0.236842
v 0.052632 0.210526 -0.210526
v 0.052632 0.236842 -0.184211
v 0.052632 0.236842 -0.157895
v 0.026316 0.236842 -0.131579
v 0.052632 0.236842 -0.131579
v 0.026316 0.236842 0.131579
v 0.052632 0.236842 0.157895
v 0.052632 0.236842 0.131579
v 0.052632 0.236842 0.184211
v 0.052632 0.236842 0.210526
v 0.052632 0.236842 0.236842
v 0.052632 0.210526 0.210526
v 0.052632 0.210526 0.236842
v 0.052632 0.236842 -0.131579
v 0.052632 0.263158 -0.131579
v 0.052632 0.263158 -0.105263
v 0.052632 0.236842 -0.105263
v 0.052632 0.236842 0.105263
v 0.052632 0.263158 0.105263
v 0.052632 0.263158 0.131579
v 0.052632 0.236842 0.131579
v 0.052632 0.289474 -0.131579
v 0.052632 0.289474 -0.105263
v 0.052632 0.289474 0.105263
v 0.052632 0.289474 0.131579
v 0.052632 0.289474 -0.157895
v 0.052632 0.315789 -0.157895
v 0.052632 0.315789 -0.131579
v 0.052632 0.315789 0.131579
v 0.052632 0.315789 0.157895
v 0.052632 0.289474 0.157895
v 0.052632 0.315789 -0.184211
v 0.052632 0.342105 -0.184211
v 0.052632 0.342105 -0.157895
v 0.052632 0.342105 0.157895
v 0.052632 0.342105 0.184211
v 0.052632 0.315789 0.184211
v 0.052632 0.368421 -0.184211
v 0.052632 0.342105 -0.184211
v 0.052632 0.342105 0.184211
v 0.052632 0.368421 0.184211
v 0.052632 0.394737 -0.210526
v 0.052632 0.394737 -0.236842
v 0.052632 0.368421 -0.236842
v 0.052632 0.368421 -0.210526
v 0.052632 0.394737 -0.184211
v 0.052632 0.368421 -0.184211
v 0.026316 0.368421 -0.184211
v 0.052632 0.394737 -0.157895
v 0.052632 0.394737 0.184211
v 0.052632 0.394737 0.157895
v 0.052632 0.394737 0.210526
v 0.026316 0.368421 0.184211
v 0.052632 0.368421 0.184211
v 0.052632 0.368421 0.210526
v 0.052632 0.394737 0.236842
v 0.052632 0.368421 0.236842
v 0.052632 0.421053 -0.157895
v 0.052632 0.394737 -0.157895
v 0.052632 0.394737 0.157895
v 0.052632 0.421053 0.157895
v 0.026316 0.421053 -0.157895
v 0.026316 0.447368 -0.157895
v 0.052632 0.447368 -0.157895
v 0.052632 0.421053 -0.157895
v 0.026316 0.421053 0.157895
v 0.026316 0.447368 0.157895
v 0.052632 0.421053 0.157895
v 0.052632 0.447368 0.157895
v 0.052632 0.473684 -0.236842
v 0.052632 0.473684 -0.263158
v 0.052632 0.447368 -0.263158
v 0.052632 0.447368 -0.236842
v 0.052632 0.473684 -0.210526
v 0.052632 0.447368 -0.210526
v 0.052632 0.473684 -0.184211
v 0.052632 0.447368 -0.184211
v 0.052632 0.447368 -0.157895
v 0.052632 0.447368 0.157895
v 0.052632 0.447368 0.184211
v 0.052632 0.473684 0.210526
v 0.052632 0.473684 0.184211
v 0.052632 0.447368 0.210526
v 0.052632 0.473684 0.236842
v 0.052632 0.447368 0.236842
v 0.052632 0.473684 0.263158
v 0.052632 0.447368 0.263158
v 0.052632 0.473684 -0.184211
v 0.052632 0.500000 -0.184211
v 0.052632 0.500000 -0.157895
v 0.052632 0.473684 -0.157895
v 0.026316 0.473684 -0.184211
v 0.026316 0.500000 -0.184211
v 0.052632 0.473684 0.157895
v 0.052632 0.500000 0.157895
v 0.052632 0.500000 0.184211
v 0.052632 0.473684 0.184211
v 0.026316 0.473684 0.184211
v 0.026316 0.500000 0.184211
v 0.052632 0.526316 -0.157895
v 0.052632 0.500000 -0.157895
v 0.052632 0.500000 0.157895
v 0.052632 0.526316 0.157895
v 0.052632 0.526316 -0.210526
v 0.052632 0.552632 -0.210526
v 0.052632 0.552632 -0.184211
v 0.052632 0.526316 -0.184211
v 0.052632 0.552632 -0.157895
v 0.052632 0.526316 -0.157895
v 0.052632 0.552632 -0.131579
v 0.052632 0.552632 -0.105263
v 0.052632 0.552632 0.131579
v 0.052632 0.552632 0.105263
v 0.052632 0.552632 0.157895
v 0.052632 0.552632 0.184211
v 0.052632 0.526316 0.157895
v 0.052632 0.526316 0.184211
v 0.052632 0.552632 0.210526
v 0.052632 0.526316 0.210526
v 0.052632 0.552632 -0.105263
v 0.052632 0.578947 -0.105263
v 0.052632 0.578947 -0.078947
v 0.052632 0.552632 -0.078947
v 0.052632 0.578947 -0.052632
v 0.052632 0.552632 -0.052632
v 0.026316 0.578947 -0.052632
v 0.052632 0.552632 0.052632
v 0.052632 0.578947 0.052632
v 0.052632 0.578947 0.078947
v 0.052632 0.552632 0.078947
v 0.026316 0.578947 0.052632
v 0.052632 0.578947 0.105263
v 0.052632 0.552632 0.105263
v 0.052632 0.578947 -0.052632
v 0.052632 0.605263 -0.052632
v 0.052632 0.605263 -0.026316
v 0.052632 0.578947 -0.026316
v 0.052632 0.605263 0.000000
v 0.052632 0.578947 0.000000
v 0.052632 0.605263 0.026316
v 0.052632 0.578947 0.026316
v 0.052632 0.605263 0.052632
v 0.052632 0.578947 0.052632
v 0.052632 0.631579 -0.052632
v 0.052632 0.631579 -0.026316
v 0.052632 0.631579 0.000000
v 0.052632 0.631579 0.026316
v 0.052632 0.631579 0.052632
v 0.052632 0.631579 -0.131579
v 0.052632 0.657895 -0.131579
v 0.052632 0.657895 -0.105263
v 0.052632 0.631579 -0.105263
v 0.052632 0.631579 -0.078947
v 0.052632 0.631579 -0.052632
v 0.026316 0.631579 -0.052632
v 0.026316 0.631579 0.052632
v 0.052632 0.631579 0.052632
v 0.052632 0.631579 0.078947
v 0.052632 0.631579 0.105263
v 0.052632 0.657895 0.105263
v 0.052632 0.657895 0.131579
v 0.052632 0.631579 0.131579
v 0.052632 0.684211 -0.131579
v 0.052632 0.684211 0.131579
v 0.052632 0.710526 -0.105263
v 0.052632 0.710526 -0.131579
v 0.052632 0.684211 -0.131579
v 0.052632 0.710526 -0.078947
v 0.052632 0.710526 -0.052632
v 0.052632 0.710526 0.078947
v 0.052632 0.710526 0.052632
v 0.052632 0.710526 0.105263
v 0.052632 0.710526 0.131579
v 0.052632 0.684211 0.131579
v 0.026316 0.710526 -0.052632
v 0.026316 0.710526 -0.026316
v 0.026316 0.736842 -0.026316
v 0.026316 0.736842 -0.052632
v 0.052632 0.736842 -0.026316
v 0.052632 0.736842 -0.052632
v 0.052632 0.710526 -0.052632
v 0.026316 0.710526 0.000000
v 0.026316 0.736842 0.000000
v 0.052632 0.736842 0.000000
v 0.026316 0.710526 0.026316
v 0.026316 0.736842 0.026316
v 0.052632 0.736842 0.026316
v 0.026316 0.710526 0.052632
v 0.026316 0.736842 0.052632
v 0.052632 0.736842 0.052632
v 0.052632 0.710526 0.052632
v 0.052632 0.789474 -0.131579
v 0.052632 0.789474 -0.157895
v 0.052632 0.763158 -0.157895
v 0.052632 0.763158 -0.131579
v 0.052632 0.789474 -0.105263
v 0.052632 0.763158 -0.105263
v 0.052632 0.789474 -0.078947
v 0.052632 0.763158 -0.078947
v 0.052632 0.789474 -0.052632
v 0.052632 0.763158 -0.052632
v 0.052632 0.789474 -0.026316
v 0.052632 0.763158 -0.026316
v 0.052632 0.789474 0.000000
v 0.052632 0.763158 0.000000
v 0.052632 0.789474 0.026316
v 0.052632 0.763158 0.026316
v 0.052632 0.789474 0.052632
v 0.052632 0.763158 0.052632
v 0.052632 0.789474 0.078947
v 0.052632 0.763158 0.078947
v 0.052632 0.789474 0.105263
v 0.052632 0.763158 0.105263
v 0.052632 0.789474 0.131579
v 0.052632 0.763158 0.131579
v 0.052632 0.789474 0.157895
v 0.052632 0.763158 0.157895
v 0.026316 0.815789 -0.263158
v 0.026316 0.842105 -0.263158
v 0.052632 0.842105 -0.236842
v 0.052632 0.842105 -0.263158
v 0.052632 0.815789 -0.263158
v 0.052632 0.815789 -0.236842
v 0.052632 0.842105 -0.210526
v 0.052632 0.815789 -0.210526
v 0.052632 0.842105 -0.184211
v 0.052632 0.815789 -0.184211
v 0.052632 0.842105 -0.157895
v 0.052632 0.815789 -0.157895
v 0.052632 0.842105 -0.131579
v 0.052632 0.815789 -0.131579
v 0.052632 0.815789 -0.105263
v 0.052632 0.815789 -0.078947
v 0.052632 0.815789 -0.052632
v 0.052632 0.815789 -0.026316
v 0.052632 0.815789 0.000000
v 0.052632 0.815789 0.026316
v 0.052632 0.815789 0.052632
v 0.052632 0.815789 0.078947
v 0.052632 0.815789 0.105263
v 0.052632 0.815789 0.131579
v 0.052632 0.842105 0.157895
v 0.052632 0.842105 0.131579
v 0.052632 0.815789 0.157895
v 0.052632 0.842105 0.184211
v 0.052632 0.815789 0.184211
v 0.052632 0.842105 0.210526
v 0.052632 0.815789 0.210526
v 0.052632 0.842105 0.236842
v 0.052632 0.815789 0.236842
v 0.026316 0.815789 0.263158
v 0.026316 0.842105 0.263158
v 0.052632 0.842105 0.263158
v 0.052632 0.815789 0.263158
v 0.052632 0.868421 -0.105263
v 0.052632 0.868421 -0.131579
v 0.052632 0.842105 -0.131579
v 0.052632 0.868421 -0.078947
v 0.052632 0.868421 -0.052632
v 0.052632 0.868421 -0.026316
v 0.052632 0.868421 0.000000
v 0.052632 0.868421 0.026316
v 0.052632 0.868421 0.052632
v 0.052632 0.868421 0.078947
v 0.052632 0.868421 0.105263
v 0.052632 0.868421 0.131579
v 0.052632 0.842105 0.131579
v 0.078947 0.000000 -0.210526
v 0.078947 0.026316 -0.210526
v 0.078947 0.026316 -0.184211
v 0.078947 0.000000 -0.184211
v 0.078947 0.026316 -0.157895
v 0.078947 0.000000 -0.157895
v 0.052632 0.026316 -0.131579
v 0.078947 0.026316 -0.131579
v 0.078947 0.000000 -0.131579
v 0.078947 0.000000 -0.105263
v 0.078947 0.000000 -0.078947
v 0.078947 0.000000 -0.052632
v 0.078947 0.000000 -0.026316
v 0.078947 0.000000 0.000000
v 0.078947 0.000000 0.026316
v 0.078947 0.000000 0.052632
v 0.078947 0.000000 0.078947
v 0.078947 0.000000 0.105263
v 0.078947 0.000000 0.131579
v 0.052632 0.026316 0.131579
v 0.078947 0.026316 0.157895
v 0.078947 0.026316 0.131579
v 0.078947 0.000000 0.157895
v 0.078947 0.026316 0.184211
v 0.078947 0.000000 0.184211
v 0.078947 0.026316 0.210526
v 0.078947 0.000000 0.210526
v 0.078947 0.052632 -0.131579
v 0.078947 0.026316 -0.131579
v 0.078947 0.026316 0.131579
v 0.078947 0.052632 0.131579
v 0.078947 0.052632 -0.131579
v 0.078947 0.078947 -0.131579
v 0.078947 0.078947 -0.105263
v 0.078947 0.052632 -0.105263
v 0.078947 0.052632 0.105263
v 0.078947 0.078947 0.105263
v 0.078947 0.078947 0.131579
v 0.078947 0.052632 0.131579
v 0.078947 0.078947 -0.184211
v 0.078947 0.078947 -0.157895
v 0.078947 0.105263 -0.184211
v 0.078947 0.078947 -0.131579
v 0.078947 0.078947 0.131579
v 0.078947 0.078947 0.157895
v 0.078947 0.078947 0.184211
v 0.078947 0.105263 0.184211
v 0.078947 0.105263 -0.210526
v 0.078947 0.105263 -0.184211
v 0.078947 0.131579 -0.210526
v 0.078947 0.105263 0.184211
v 0.078947 0.105263 0.210526
v 0.078947 0.131579 0.210526
v 0.078947 0.157895 -0.210526
v 0.078947 0.131579 -0.210526
v 0.078947 0.131579 0.210526
v 0.078947 0.157895 0.210526
v 0.078947 0.184211 -0.210526
v 0.078947 0.157895 -0.210526
v 0.078947 0.157895 0.210526
v 0.078947 0.184211 0.210526
v 0.078947 0.184211 -0.210526
v 0.078947 0.210526 -0.210526
v 0.078947 0.210526 -0.184211
v 0.078947 0.184211 -0.184211
v 0.078947 0.184211 0.184211
v 0.078947 0.210526 0.184211
v 0.078947 0.210526 0.210526
v 0.078947 0.184211 0.210526
v 0.078947 0.210526 -0.236842
v 0.078947 0.236842 -0.236842
v 0.078947 0.236842 -0.210526
v 0.078947 0.210526 -0.210526
v 0.078947 0.236842 -0.184211
v 0.078947 0.236842 -0.157895
v 0.078947 0.236842 -0.131579
v 0.052632 0.236842 -0.105263
v 0.078947 0.236842 -0.105263
v 0.052632 0.236842 0.105263
v 0.078947 0.236842 0.131579
v 0.078947 0.236842 0.105263
v 0.078947 0.236842 0.157895
v 0.078947 0.236842 0.184211
v 0.078947 0.236842 0.210526
v 0.078947 0.210526 0.210526
v 0.078947 0.236842 0.236842
v 0.078947 0.210526 0.236842
v 0.078947 0.236842 -0.105263
v 0.078947 0.263158 -0.105263
v 0.078947 0.263158 -0.078947
v 0.078947 0.236842 -0.078947
v 0.078947 0.236842 0.078947
v 0.078947 0.263158 0.078947
v 0.078947 0.263158 0.105263
v 0.078947 0.236842 0.105263
v 0.078947 0.289474 -0.105263
v 0.078947 0.289474 -0.078947
v 0.078947 0.289474 0.078947
v 0.078947 0.289474 0.105263
v 0.078947 0.289474 -0.131579
v 0.078947 0.315789 -0.131579
v 0.078947 0.315789 -0.105263
v 0.078947 0.315789 0.105263
v 0.078947 0.315789 0.131579
v 0.078947 0.289474 0.131579
v 0.078947 0.315789 -0.157895
v 0.078947 0.342105 -0.157895
v 0.078947 0.342105 -0.131579
v 0.078947 0.342105 0.131579
v 0.078947 0.342105 0.157895
v 0.078947 0.315789 0.157895
v 0.078947 0.342105 -0.184211
v 0.078947 0.342105 -0.157895
v 0.052632 0.342105 -0.157895
v 0.078947 0.368421 -0.184211
v 0.052632 0.342105 0.157895
v 0.078947 0.342105 0.157895
v 0.078947 0.342105 0.184211
v 0.078947 0.368421 0.184211
v 0.078947 0.368421 -0.236842
v 0.078947 0.394737 -0.236842
v 0.078947 0.394737 -0.210526
v 0.078947 0.368421 -0.210526
v 0.078947 0.394737 -0.184211
v 0.078947 0.368421 -0.184211
v 0.078947 0.394737 0.210526
v 0.078947 0.394737 0.184211
v 0.078947 0.368421 0.184211
v 0.078947 0.368421 0.210526
v 0.078947 0.394737 0.236842
v 0.078947 0.368421 0.236842
v 0.078947 0.394737 -0.184211
v 0.078947 0.421053 -0.184211
v 0.078947 0.421053 -0.157895
v 0.078947 0.394737 -0.157895
v 0.052632 0.394737 -0.184211
v 0.052632 0.421053 -0.184211
v 0.078947 0.394737 0.157895
v 0.078947 0.421053 0.157895
v 0.078947 0.421053 0.184211
v 0.078947 0.394737 0.184211
v 0.052632 0.394737 0.184211
v 0.052632 0.421053 0.184211
v 0.078947 0.447368 -0.157895
v 0.078947 0.421053 -0.157895
v 0.078947 0.421053 0.157895
v 0.078947 0.447368 0.157895
v 0.078947 0.473684 -0.236842
v 0.078947 0.473684 -0.263158
v 0.078947 0.447368 -0.263158
v 0.078947 0.447368 -0.236842
v 0.078947 0.473684 -0.210526
v 0.078947 0.447368 -0.210526
v 0.078947 0.473684 -0.184211
v 0.078947 0.447368 -0.184211
v 0.052632 0.473684 -0.157895
v 0.078947 0.473684 -0.157895
v 0.078947 0.447368 -0.157895
v 0.052632 0.473684 0.157895
v 0.078947 0.473684 0.184211
v 0.078947 0.473684 0.157895
v 0.078947 0.447368 0.157895
v 0.078947 0.447368 0.184211
v 0.078947 0.473684 0.210526
v 0.078947 0.447368 0.210526
v 0.078947 0.473684 0.236842
v 0.078947 0.447368 0.236842
v 0.078947 0.473684 0.263158
v 0.078947 0.447368 0.263158
v 0.078947 0.500000 -0.157895
v 0.078947 0.473684 -0.157895
v 0.078947 0.473684 0.157895
v 0.078947 0.500000 0.157895
v 0.078947 0.500000 -0.157895
v 0.078947 0.526316 -0.157895
v 0.078947 0.526316 -0.131579
v 0.078947 0.500000 -0.131579
v 0.078947 0.500000 0.131579
v 0.078947 0.526316 0.131579
v 0.078947 0.526316 0.157895
v 0.078947 0.500000 0.157895
v 0.078947 0.552632 -0.157895
v 0.078947 0.552632 -0.184211
v 0.078947 0.526316 -0.184211
v 0.078947 0.526316 -0.157895
v 0.078947 0.552632 -0.131579
v 0.078947 0.552632 -0.105263
v 0.052632 0.552632 -0.078947
v 0.078947 0.552632 -0.078947
v 0.052632 0.552632 -0.052632
v 0.078947 0.552632 -0.052632
v 0.052632 0.552632 0.052632
v 0.052632 0.552632 0.078947
v 0.078947 0.552632 0.078947
v 0.078947 0.552632 0.052632
v 0.078947 0.552632 0.105263
v 0.078947 0.552632 0.131579
v 0.078947 0.552632 0.157895
v 0.078947 0.552632 0.184211
v 0.078947 0.526316 0.157895
v 0.078947 0.526316 0.184211
v 0.078947 0.552632 -0.052632
v 0.078947 0.578947 -0.052632
v 0.078947 0.578947 -0.026316
v 0.078947 0.552632 -0.026316
v 0.052632 0.578947 -0.026316
v 0.078947 0.578947 0.000000
v 0.078947 0.552632 0.000000
v 0.052632 0.578947 0.000000
v 0.078947 0.578947 0.026316
v 0.078947 0.552632 0.026316
v 0.052632 0.578947 0.026316
v 0.078947 0.578947 0.052632
v 0.078947 0.552632 0.052632
v 0.078947 0.631579 -0.105263
v 0.078947 0.657895 -0.105263
v 0.078947 0.657895 -0.078947
v 0.078947 0.631579 -0.078947
v 0.078947 0.657895 -0.052632
v 0.078947 0.631579 -0.052632
v 0.078947 0.631579 -0.026316
v 0.052632 0.631579 -0.026316
v 0.078947 0.631579 0.000000
v 0.052632 0.631579 0.000000
v 0.078947 0.631579 0.026316
v 0.052632 0.631579 0.026316
v 0.078947 0.631579 0.052632
v 0.078947 0.657895 0.052632
v 0.078947 0.657895 0.078947
v 0.078947 0.631579 0.078947
v 0.078947 0.657895 0.105263
v 0.078947 0.631579 0.105263
v 0.078947 0.657895 -0.131579
v 0.078947 0.684211 -0.131579
v 0.078947 0.657895 0.131579
v 0.078947 0.684211 0.131579
v 0.078947 0.710526 -0.105263
v 0.078947 0.710526 -0.131579
v 0.078947 0.684211 -0.131579
v 0.078947 0.710526 -0.078947
v 0.078947 0.710526 0.105263
v 0.078947 0.710526 0.078947
v 0.078947 0.710526 0.131579
v 0.078947 0.684211 0.131579
v 0.052632 0.710526 -0.078947
v 0.052632 0.736842 -0.078947
v 0.078947 0.736842 -0.052632
v 0.078947 0.736842 -0.078947
v 0.078947 0.710526 -0.078947
v 0.078947 0.736842 -0.026316
v 0.078947 0.736842 0.000000
v 0.078947 0.736842 0.026316
v 0.078947 0.736842 0.052632
v 0.052632 0.710526 0.078947
v 0.052632 0.736842 0.078947
v 0.078947 0.736842 0.078947
v 0.078947 0.710526 0.078947
v 0.052632 0.763158 -0.184211
v 0.052632 0.789474 -0.184211
v 0.078947 0.789474 -0.157895
v 0.078947 0.789474 -0.184211
v 0.078947 0.763158 -0.184211
v 0.078947 0.763158 -0.157895
v 0.078947 0.789474 -0.131579
v 0.078947 0.763158 -0.131579
v 0.078947 0.789474 -0.105263
v 0.078947 0.763158 -0.105263
v 0.078947 0.789474 -0.078947
v 0.078947 0.763158 -0.078947
v 0.078947 0.789474 -0.052632
v 0.078947 0.763158 -0.052632
v 0.078947 0.789474 -0.026316
v 0.078947 0.763158 -0.026316
v 0.078947 0.789474 0.000000
v 0.078947 0.763158 0.000000
v 0.078947 0.789474 0.026316
v 0.078947 0.763158 0.026316
v 0.078947 0.789474 0.052632
v 0.078947 0.763158 0.052632
v 0.078947 0.789474 0.078947
v 0.078947 0.763158 0.078947
v 0.078947 0.789474 0.105263
v 0.078947 0.763158 0.105263
v 0.078947 0.789474 0.131579
v 0.078947 0.763158 0.131579
v 0.078947 0.789474 0.157895
v 0.078947 0.763158 0.157895
v 0.052632 0.763158 0.184211
v 0.052632 0.789474 0.184211
v 0.078947 0.789474 0.184211
v 0.078947 0.763158 0.184211
v 0.078947 0.842105 -0.236842
v 0.078947 0.842105 -0.263158
v 0.078947 0.815789 -0.263158
v 0.078947 0.815789 -0.236842
v 0.078947 0.842105 -0.210526
v 0.078947 0.815789 -0.210526
v 0.078947 0.842105 -0.184211
v 0.078947 0.815789 -0.184211
v 0.078947 0.842105 -0.157895
v 0.078947 0.815789 -0.157895
v 0.078947 0.842105 -0.131579
v 0.078947 0.815789 -0.131579
v 0.078947 0.815789 -0.105263
v 0.078947 0.815789 -0.078947
v 0.078947 0.815789 -0.052632
v 0.078947 0.815789 -0.026316
v 0.078947 0.815789 0.000000
v 0.078947 0.815789 0.026316
v 0.078947 0.815789 0.052632
v 0.078947 0.815789 0.078947
v 0.078947 0.815789 0.105263
v 0.078947 0.815789 0.131579
v 0.078947 0.842105 0.157895
v 0.078947 0.842105 0.131579
v 0.078947 0.815789 0.157895
v 0.078947 0.842105 0.184211
v 0.078947 0.815789 0.184211
v 0.078947 0.842105 0.210526
v 0.078947 0.815789 0.210526
v 0.078947 0.842105 0.236842
v 0.078947 0.815789 0.236842
v 0.078947 0.842105 0.263158
v 0.078947 0.815789 0.263158
v 0.078947 0.842105 -0.131579
v 0.078947 0.868421 -0.131579
v 0.078947 0.868421 -0.105263
v 0.078947 0.842105 -0.105263
v 0.078947 0.868421 -0.078947
v 0.078947 0.868421 -0.052632
v 0.078947 0.868421 -0.026316
v 0.078947 0.868421 0.000000
v 0.078947 0.868421 0.026316
v 0.078947 0.868421 0.052632
v 0.078947 0.868421 0.078947
v 0.078947 0.868421 0.105263
v 0.078947 0.842105 0.105263
v 0.078947 0.868421 0.131579
v 0.078947 0.842105 0.131579
v 0.105263 0.026316 -0.157895
v 0.105263 0.026316 -0.184211
v 0.105263 0.000000 -0.184211
v 0.105263 0.000000 -0.157895
v 0.105263 0.026316 -0.131579
v 0.105263 0.000000 -0.131579
v 0.105263 0.000000 -0.105263
v 0.105263 0.000000 -0.078947
v 0.105263 0.000000 -0.052632
v 0.105263 0.000000 -0.026316
v 0.105263 0.000000 0.000000
v 0.105263 0.000000 0.026316
v 0.105263 0.000000 0.052632
v 0.105263 0.000000 0.078947
v 0.105263 0.000000 0.105263
v 0.105263 0.000000 0.131579
v 0.105263 0.026316 0.157895
v 0.105263 0.026316 0.131579
v 0.105263 0.000000 0.157895
v 0.105263 0.026316 0.184211
v 0.105263 0.000000 0.184211
v 0.105263 0.026316 -0.131579
v 0.105263 0.052632 -0.131579
v 0.105263 0.052632 -0.105263
v 0.105263 0.026316 -0.105263
v 0.078947 0.052632 -0.105263
v 0.105263 0.026316 0.105263
v 0.105263 0.052632 0.105263
v 0.105263 0.052632 0.131579
v 0.105263 0.026316 0.131579
v 0.078947 0.052632 0.105263
v 0.105263 0.078947 -0.105263
v 0.105263 0.052632 -0.105263
v 0.105263 0.052632 0.105263
v 0.105263 0.078947 0.105263
v 0.105263 0.078947 -0.184211
v 0.105263 0.105263 -0.184211
v 0.105263 0.105263 -0.157895
v 0.105263 0.078947 -0.157895
v 0.105263 0.078947 -0.131579
v 0.105263 0.078947 -0.105263
v 0.078947 0.078947 -0.105263
v 0.078947 0.078947 0.105263
v 0.105263 0.078947 0.105263
v 0.105263 0.078947 0.131579
v 0.105263 0.078947 0.157895
v 0.105263 0.105263 0.157895
v 0.105263 0.105263 0.184211
v 0.105263 0.078947 0.184211
v 0.105263 0.105263 -0.210526
v 0.105263 0.131579 -0.210526
v 0.105263 0.131579 -0.184211
v 0.105263 0.105263 -0.184211
v 0.105263 0.105263 0.184211
v 0.105263 0.131579 0.184211
v 0.105263 0.131579 0.210526
v 0.105263 0.105263 0.210526
v 0.105263 0.131579 -0.210526
v 0.105263 0.157895 -0.210526
v 0.105263 0.157895 -0.184211
v 0.105263 0.131579 -0.184211
v 0.105263 0.131579 0.184211
v 0.105263 0.157895 0.184211
v 0.105263 0.157895 0.210526
v 0.105263 0.131579 0.210526
v 0.105263 0.157895 -0.210526
v 0.105263 0.184211 -0.210526
v 0.105263 0.184211 -0.184211
v 0.105263 0.157895 -0.184211
v 0.078947 0.184211 -0.184211
v 0.105263 0.157895 0.184211
v 0.105263 0.184211 0.184211
v 0.105263 0.184211 0.210526
v 0.105263 0.157895 0.210526
v 0.078947 0.184211 0.184211
v 0.105263 0.184211 -0.184211
v 0.105263 0.210526 -0.184211
v 0.105263 0.210526 -0.157895
v 0.105263 0.184211 -0.157895
v 0.105263 0.184211 0.157895
v 0.105263 0.210526 0.157895
v 0.105263 0.210526 0.184211
v 0.105263 0.184211 0.184211
v 0.105263 0.210526 -0.210526
v 0.105263 0.236842 -0.210526
v 0.105263 0.236842 -0.184211
v 0.105263 0.210526 -0.184211
v 0.078947 0.210526 -0.184211
v 0.105263 0.236842 -0.157895
v 0.105263 0.236842 -0.131579
v 0.105263 0.236842 -0.105263
v 0.078947 0.236842 -0.078947
v 0.105263 0.236842 -0.078947
v 0.078947 0.236842 0.078947
v 0.105263 0.236842 0.105263
v 0.105263 0.236842 0.078947
v 0.105263 0.236842 0.131579
v 0.105263 0.236842 0.157895
v 0.105263 0.236842 0.184211
v 0.105263 0.210526 0.184211
v 0.105263 0.236842 0.210526
v 0.105263 0.210526 0.210526
v 0.078947 0.210526 0.184211
v 0.105263 0.236842 -0.078947
v 0.105263 0.263158 -0.078947
v 0.105263 0.263158 -0.052632
v 0.105263 0.236842 -0.052632
v 0.105263 0.263158 -0.026316
v 0.105263 0.236842 -0.026316
v 0.105263 0.263158 0.000000
v 0.105263 0.236842 0.000000
v 0.105263 0.263158 0.026316
v 0.105263 0.236842 0.026316
v 0.105263 0.263158 0.052632
v 0.105263 0.236842 0.052632
v 0.105263 0.263158 0.078947
v 0.105263 0.236842 0.078947
v 0.105263 0.289474 -0.078947
v 0.105263 0.289474 -0.052632
v 0.105263 0.289474 -0.026316
v 0.105263 0.289474 0.000000
v 0.105263 0.289474 0.026316
v 0.105263 0.289474 0.052632
v 0.105263 0.289474 0.078947
v 0.105263 0.289474 -0.105263
v 0.105263 0.315789 -0.105263
v 0.105263 0.315789 -0.078947
v 0.105263 0.315789 0.078947
v 0.105263 0.315789 0.105263
v 0.105263 0.289474 0.105263
v 0.105263 0.315789 -0.131579
v 0.105263 0.342105 -0.131579
v 0.105263 0.342105 -0.105263
v 0.105263 0.342105 0.105263
v 0.105263 0.342105 0.131579
v 0.105263 0.315789 0.131579
v 0.105263 0.342105 -0.184211
v 0.105263 0.368421 -0.184211
v 0.105263 0.368421 -0.157895
v 0.105263 0.342105 -0.157895
v 0.105263 0.342105 -0.131579
v 0.078947 0.342105 -0.131579
v 0.078947 0.342105 0.131579
v 0.105263 0.342105 0.131579
v 0.105263 0.342105 0.157895
v 0.105263 0.368421 0.157895
v 0.105263 0.368421 0.184211
v 0.105263 0.342105 0.184211
v 0.105263 0.394737 -0.184211
v 0.105263 0.394737 -0.210526
v 0.105263 0.368421 -0.210526
v 0.105263 0.368421 -0.184211
v 0.078947 0.394737 -0.157895
v 0.105263 0.394737 -0.157895
v 0.078947 0.394737 0.157895
v 0.105263 0.394737 0.184211
v 0.105263 0.394737 0.157895
v 0.105263 0.394737 0.210526
v 0.105263 0.368421 0.184211
v 0.105263 0.368421 0.210526
v 0.105263 0.421053 -0.157895
v 0.105263 0.394737 -0.157895
v 0.105263 0.394737 0.157895
v 0.105263 0.421053 0.157895
v 0.105263 0.447368 -0.157895
v 0.105263 0.421053 -0.157895
v 0.105263 0.421053 0.157895
v 0.105263 0.447368 0.157895
v 0.105263 0.473684 -0.236842
v 0.105263 0.473684 -0.263158
v 0.105263 0.447368 -0.263158
v 0.105263 0.447368 -0.236842
v 0.105263 0.473684 -0.210526
v 0.105263 0.447368 -0.210526
v 0.105263 0.473684 -0.184211
v 0.105263 0.447368 -0.184211
v 0.105263 0.473684 -0.157895
v 0.105263 0.447368 -0.157895
v 0.105263 0.473684 0.184211
v 0.105263 0.473684 0.157895
v 0.105263 0.447368 0.157895
v 0.105263 0.447368 0.184211
v 0.105263 0.473684 0.210526
v 0.105263 0.447368 0.210526
v 0.105263 0.473684 0.236842
v 0.105263 0.447368 0.236842
v 0.105263 0.473684 0.263158
v 0.105263 0.447368 0.263158
v 0.078947 0.500000 -0.131579
v 0.105263 0.500000 -0.131579
v 0.105263 0.500000 -0.157895
v 0.105263 0.473684 -0.157895
v 0.078947 0.500000 0.131579
v 0.105263 0.500000 0.157895
v 0.105263 0.500000 0.131579
v 0.105263 0.473684 0.157895
v 0.105263 0.526316 -0.131579
v 0.105263 0.500000 -0.131579
v 0.105263 0.500000 0.131579
v 0.105263 0.526316 0.131579
v 0.105263 0.552632 -0.157895
v 0.105263 0.552632 -0.184211
v 0.105263 0.526316 -0.184211
v 0.105263 0.526316 -0.157895
v 0.105263 0.552632 -0.131579
v 0.105263 0.526316 -0.131579
v 0.078947 0.526316 -0.131579
v 0.105263 0.552632 -0.105263
v 0.105263 0.552632 -0.078947
v 0.105263 0.552632 -0.052632
v 0.078947 0.552632 -0.026316
v 0.105263 0.552632 -0.026316
v 0.078947 0.552632 0.000000
v 0.105263 0.552632 0.000000
v 0.078947 0.552632 0.026316
v 0.105263 0.552632 0.026316
v 0.105263 0.552632 0.052632
v 0.105263 0.552632 0.078947
v 0.105263 0.552632 0.105263
v 0.105263 0.552632 0.131579
v 0.105263 0.552632 0.157895
v 0.078947 0.526316 0.131579
v 0.105263 0.526316 0.131579
v 0.105263 0.526316 0.157895
v 0.105263 0.552632 0.184211
v 0.105263 0.526316 0.184211
v 0.105263 0.631579 -0.052632
v 0.105263 0.657895 -0.052632
v 0.105263 0.657895 -0.026316
v 0.105263 0.631579 -0.026316
v 0.105263 0.657895 0.000000
v 0.105263 0.631579 0.000000
v 0.105263 0.657895 0.026316
v 0.105263 0.631579 0.026316
v 0.105263 0.657895 0.052632
v 0.105263 0.631579 0.052632
v 0.105263 0.657895 -0.131579
v 0.105263 0.684211 -0.131579
v 0.105263 0.684211 -0.105263
v 0.105263 0.657895 -0.105263
v 0.105263 0.657895 -0.078947
v 0.105263 0.657895 0.078947
v 0.105263 0.657895 0.105263
v 0.105263 0.684211 0.105263
v 0.105263 0.684211 0.131579
v 0.105263 0.657895 0.131579
v 0.105263 0.684211 -0.131579
v 0.105263 0.710526 -0.131579
v 0.105263 0.710526 -0.105263
v 0.105263 0.684211 -0.105263
v 0.105263 0.710526 -0.078947
v 0.105263 0.710526 0.105263
v 0.105263 0.710526 0.078947
v 0.105263 0.684211 0.105263
v 0.105263 0.710526 0.131579
v 0.105263 0.684211 0.131579
v 0.105263 0.736842 -0.052632
v 0.105263 0.736842 -0.078947
v 0.105263 0.710526 -0.078947
v 0.105263 0.736842 0.078947
v 0.105263 0.736842 0.052632
v 0.105263 0.710526 0.078947
v 0.078947 0.736842 -0.052632
v 0.078947 0.736842 -0.026316
v 0.078947 0.763158 -0.026316
v 0.078947 0.763158 -0.052632
v 0.105263 0.763158 -0.052632
v 0.105263 0.736842 -0.052632
v 0.078947 0.736842 0.000000
v 0.078947 0.763158 0.000000
v 0.078947 0.736842 0.026316
v 0.078947 0.763158 0.026316
v 0.078947 0.736842 0.052632
v 0.078947 0.763158 0.052632
v 0.105263 0.736842 0.052632
v 0.105263 0.763158 0.052632
v 0.105263 0.789474 -0.157895
v 0.105263 0.789474 -0.184211
v 0.105263 0.763158 -0.184211
v 0.105263 0.763158 -0.157895
v 0.105263 0.789474 -0.131579
v 0.105263 0.763158 -0.131579
v 0.105263 0.789474 -0.105263
v 0.105263 0.763158 -0.105263
v 0.105263 0.789474 -0.078947
v 0.105263 0.763158 -0.078947
v 0.105263 0.789474 -0.052632
v 0.105263 0.763158 -0.052632
v 0.105263 0.789474 -0.026316
v 0.105263 0.789474 0.000000
v 0.105263 0.789474 0.026316
v 0.105263 0.789474 0.052632
v 0.105263 0.789474 0.078947
v 0.105263 0.763158 0.052632
v 0.105263 0.763158 0.078947
v 0.105263 0.789474 0.105263
v 0.105263 0.763158 0.105263
v 0.105263 0.789474 0.131579
v 0.105263 0.763158 0.131579
v 0.105263 0.789474 0.157895
v 0.105263 0.763158 0.157895
v 0.105263 0.789474 0.184211
v 0.105263 0.763158 0.184211
v 0.105263 0.842105 -0.236842
v 0.105263 0.842105 -0.263158
v 0.105263 0.815789 -0.263158
v 0.105263 0.815789 -0.236842
v 0.105263 0.842105 -0.210526
v 0.105263 0.815789 -0.210526
v 0.105263 0.842105 -0.184211
v 0.105263 0.815789 -0.184211
v 0.105263 0.842105 -0.157895
v 0.105263 0.815789 -0.157895
v 0.105263 0.842105 -0.131579
v 0.105263 0.815789 -0.131579
v 0.078947 0.842105 -0.105263
v 0.105263 0.842105 -0.105263
v 0.105263 0.815789 -0.105263
v 0.105263 0.815789 -0.078947
v 0.105263 0.815789 -0.052632
v 0.105263 0.815789 -0.026316
v 0.105263 0.815789 0.000000
v 0.105263 0.815789 0.026316
v 0.105263 0.815789 0.052632
v 0.105263 0.815789 0.078947
v 0.105263 0.815789 0.105263
v 0.078947 0.842105 0.105263
v 0.105263 0.842105 0.131579
v 0.105263 0.842105 0.105263
v 0.105263 0.815789 0.131579
v 0.105263 0.842105 0.157895
v 0.105263 0.815789 0.157895
v 0.105263 0.842105 0.184211
v 0.105263 0.815789 0.184211
v 0.105263 0.842105 0.210526
v 0.105263 0.815789 0.210526
v 0.105263 0.842105 0.236842
v 0.105263 0.815789 0.236842
v 0.105263 0.842105 0.263158
v 0.105263 0.815789 0.263158
v 0.105263 0.842105 -0.105263
v 0.105263 0.868421 -0.105263
v 0.105263 0.868421 -0.078947
v 0.105263 0.842105 -0.078947
v 0.105263 0.868421 -0.052632
v 0.105263 0.868421 -0.026316
v 0.105263 0.868421 0.000000
v 0.105263 0.868421 0.026316
v 0.105263 0.868421 0.052632
v 0.105263 0.868421 0.078947
v 0.105263 0.842105 0.078947
v 0.105263 0.868421 0.105263
v 0.105263 0.842105 0.105263
v 0.131579 0.000000 -0.184211
v 0.131579 0.026316 -0.184211
v 0.131579 0.026316 -0.157895
v 0.131579 0.000000 -0.157895
v 0.131579 0.026316 -0.131579
v 0.131579 0.000000 -0.131579
v 0.105263 0.026316 -0.105263
v 0.131579 0.026316 -0.105263
v 0.131579 0.000000 -0.105263
v 0.131579 0.000000 -0.078947
v 0.131579 0.000000 -0.052632
v 0.131579 0.000000 -0.026316
v 0.131579 0.000000 0.000000
v 0.131579 0.000000 0.026316
v 0.131579 0.000000 0.052632
v 0.131579 0.000000 0.078947
v 0.131579 0.000000 0.105263
v 0.105263 0.026316 0.105263
v 0.131579 0.026316 0.131579
v 0.131579 0.026316 0.105263
v 0.131579 0.000000 0.131579
v 0.131579 0.026316 0.157895
v 0.131579 0.000000 0.157895
v 0.131579 0.026316 0.184211
v 0.131579 0.000000 0.184211
v 0.131579 0.026316 -0.105263
v 0.131579 0.052632 -0.105263
v 0.131579 0.052632 -0.078947
v 0.131579 0.026316 -0.078947
v 0.131579 0.052632 -0.052632
v 0.131579 0.026316 -0.052632
v 0.131579 0.026316 0.052632
v 0.131579 0.052632 0.052632
v 0.131579 0.052632 0.078947
v 0.131579 0.026316 0.078947
v 0.131579 0.052632 0.105263
v 0.131579 0.026316 0.105263
v 0.131579 0.052632 -0.105263
v 0.131579 0.078947 -0.105263
v 0.131579 0.078947 -0.078947
v 0.131579 0.052632 -0.078947
v 0.131579 0.078947 -0.052632
v 0.131579 0.052632 -0.052632
v 0.131579 0.052632 0.052632
v 0.131579 0.078947 0.052632
v 0.131579 0.078947 0.078947
v 0.131579 0.052632 0.078947
v 0.131579 0.078947 0.105263
v 0.131579 0.052632 0.105263
v 0.131579 0.078947 -0.157895
v 0.131579 0.105263 -0.157895
v 0.131579 0.105263 -0.131579
v 0.131579 0.078947 -0.131579
v 0.131579 0.078947 -0.105263
v 0.131579 0.078947 0.105263
v 0.131579 0.078947 0.131579
v 0.131579 0.105263 0.131579
v 0.131579 0.105263 0.157895
v 0.131579 0.078947 0.157895
v 0.131579 0.105263 -0.184211
v 0.131579 0.105263 -0.157895
v 0.105263 0.105263 -0.157895
v 0.131579 0.131579 -0.184211
v 0.105263 0.105263 0.157895
v 0.131579 0.105263 0.157895
v 0.131579 0.105263 0.184211
v 0.131579 0.131579 0.184211
v 0.131579 0.131579 -0.184211
v 0.131579 0.157895 -0.184211
v 0.131579 0.157895 -0.157895
v 0.131579 0.131579 -0.157895
v 0.131579 0.131579 0.157895
v 0.131579 0.157895 0.157895
v 0.131579 0.157895 0.184211
v 0.131579 0.131579 0.184211
v 0.131579 0.157895 -0.184211
v 0.131579 0.184211 -0.184211
v 0.131579 0.184211 -0.157895
v 0.131579 0.157895 -0.157895
v 0.105263 0.184211 -0.157895
v 0.131579 0.157895 0.157895
v 0.131579 0.184211 0.157895
v 0.131579 0.184211 0.184211
v 0.131579 0.157895 0.184211
v 0.105263 0.184211 0.157895
v 0.131579 0.184211 -0.157895
v 0.131579 0.210526 -0.157895
v 0.131579 0.210526 -0.131579
v 0.131579 0.184211 -0.131579
v 0.131579 0.184211 0.131579
v 0.131579 0.210526 0.131579
v 0.131579 0.210526 0.157895
v 0.131579 0.184211 0.157895
v 0.131579 0.210526 -0.184211
v 0.131579 0.236842 -0.184211
v 0.131579 0.236842 -0.157895
v 0.131579 0.210526 -0.157895
v 0.105263 0.210526 -0.157895
v 0.131579 0.236842 -0.131579
v 0.131579 0.236842 -0.105263
v 0.131579 0.236842 -0.078947
v 0.105263 0.236842 -0.052632
v 0.131579 0.236842 -0.052632
v 0.105263 0.236842 -0.026316
v 0.131579 0.236842 -0.026316
v 0.105263 0.236842 0.000000
v 0.131579 0.236842 0.000000
v 0.105263 0.236842 0.026316
v 0.131579 0.236842 0.026316
v 0.105263 0.236842 0.052632
v 0.131579 0.236842 0.052632
v 0.131579 0.236842 0.078947
v 0.131579 0.236842 0.105263
v 0.131579 0.236842 0.131579
v 0.131579 0.236842 0.157895
v 0.131579 0.210526 0.157895
v 0.131579 0.236842 0.184211
v 0.131579 0.210526 0.184211
v 0.105263 0.210526 0.157895
v 0.131579 0.289474 -0.078947
v 0.131579 0.315789 -0.078947
v 0.131579 0.315789 -0.052632
v 0.131579 0.289474 -0.052632
v 0.131579 0.315789 -0.026316
v 0.131579 0.289474 -0.026316
v 0.131579 0.315789 0.000000
v 0.131579 0.289474 0.000000
v 0.131579 0.315789 0.026316
v 0.131579 0.289474 0.026316
v 0.131579 0.315789 0.052632
v 0.131579 0.289474 0.052632
v 0.131579 0.315789 0.078947
v 0.131579 0.289474 0.078947
v 0.131579 0.315789 -0.105263
v 0.131579 0.342105 -0.105263
v 0.131579 0.342105 -0.078947
v 0.131579 0.342105 0.078947
v 0.131579 0.342105 0.105263
v 0.131579 0.315789 0.105263
v 0.131579 0.342105 -0.157895
v 0.131579 0.342105 -0.131579
v 0.131579 0.368421 -0.157895
v 0.131579 0.342105 -0.105263
v 0.105263 0.342105 -0.105263
v 0.105263 0.342105 0.105263
v 0.131579 0.342105 0.105263
v 0.131579 0.342105 0.131579
v 0.131579 0.342105 0.157895
v 0.131579 0.368421 0.157895
v 0.131579 0.394737 -0.184211
v 0.131579 0.394737 -0.210526
v 0.131579 0.368421 -0.210526
v 0.131579 0.368421 -0.184211
v 0.131579 0.394737 -0.157895
v 0.131579 0.368421 -0.157895
v 0.105263 0.368421 -0.157895
v 0.131579 0.394737 0.184211
v 0.131579 0.394737 0.157895
v 0.105263 0.368421 0.157895
v 0.131579 0.368421 0.157895
v 0.131579 0.368421 0.184211
v 0.131579 0.394737 0.210526
v 0.131579 0.368421 0.210526
v 0.131579 0.421053 -0.157895
v 0.131579 0.394737 -0.157895
v 0.131579 0.394737 0.157895
v 0.131579 0.421053 0.157895
v 0.131579 0.421053 -0.157895
v 0.131579 0.447368 -0.157895
v 0.131579 0.447368 -0.131579
v 0.131579 0.421053 -0.131579
v 0.131579 0.421053 0.131579
v 0.131579 0.447368 0.131579
v 0.131579 0.447368 0.157895
v 0.131579 0.421053 0.157895
v 0.131579 0.447368 -0.263158
v 0.131579 0.473684 -0.263158
v 0.131579 0.473684 -0.236842
v 0.131579 0.447368 -0.236842
v 0.131579 0.473684 -0.210526
v 0.131579 0.447368 -0.210526
v 0.131579 0.473684 -0.184211
v 0.131579 0.447368 -0.184211
v 0.131579 0.473684 -0.157895
v 0.131579 0.447368 -0.157895
v 0.131579 0.473684 0.184211
v 0.131579 0.473684 0.157895
v 0.131579 0.447368 0.157895
v 0.131579 0.447368 0.184211
v 0.131579 0.473684 0.210526
v 0.131579 0.447368 0.210526
v 0.131579 0.473684 0.236842
v 0.131579 0.447368 0.236842
v 0.131579 0.473684 0.263158
v 0.131579 0.447368 0.263158
v 0.131579 0.473684 -0.157895
v 0.131579 0.500000 -0.157895
v 0.131579 0.500000 -0.131579
v 0.131579 0.473684 -0.131579
v 0.131579 0.473684 0.131579
v 0.131579 0.500000 0.131579
v 0.131579 0.500000 0.157895
v 0.131579 0.473684 0.157895
v 0.131579 0.500000 -0.131579
v 0.131579 0.526316 -0.131579
v 0.131579 0.526316 -0.105263
v 0.131579 0.500000 -0.105263
v 0.131579 0.500000 0.105263
v 0.131579 0.526316 0.105263
v 0.131579 0.526316 0.131579
v 0.131579 0.500000 0.131579
v 0.131579 0.526316 -0.184211
v 0.131579 0.552632 -0.184211
v 0.131579 0.552632 -0.157895
v 0.131579 0.526316 -0.157895
v 0.131579 0.552632 -0.131579
v 0.131579 0.526316 -0.131579
v 0.131579 0.552632 -0.105263
v 0.131579 0.552632 -0.078947
v 0.131579 0.552632 -0.052632
v 0.131579 0.552632 -0.026316
v 0.131579 0.552632 0.000000
v 0.131579 0.552632 0.026316
v 0.131579 0.552632 0.052632
v 0.131579 0.552632 0.078947
v 0.131579 0.552632 0.105263
v 0.131579 0.552632 0.131579
v 0.131579 0.552632 0.157895
v 0.131579 0.526316 0.131579
v 0.131579 0.526316 0.157895
v 0.131579 0.552632 0.184211
v 0.131579 0.526316 0.184211
v 0.131579 0.657895 -0.105263
v 0.131579 0.684211 -0.105263
v 0.131579 0.684211 -0.078947
v 0.131579 0.657895 -0.078947
v 0.131579 0.684211 -0.052632
v 0.131579 0.657895 -0.052632
v 0.131579 0.657895 -0.026316
v 0.131579 0.657895 0.000000
v 0.131579 0.657895 0.026316
v 0.131579 0.657895 0.052632
v 0.131579 0.684211 0.052632
v 0.131579 0.684211 0.078947
v 0.131579 0.657895 0.078947
v 0.131579 0.684211 0.105263
v 0.131579 0.657895 0.105263
v 0.131579 0.710526 -0.078947
v 0.131579 0.710526 -0.105263
v 0.131579 0.684211 -0.105263
v 0.131579 0.710526 0.105263
v 0.131579 0.710526 0.078947
v 0.131579 0.684211 0.105263
v 0.131579 0.736842 -0.052632
v 0.131579 0.736842 -0.078947
v 0.131579 0.710526 -0.078947
v 0.131579 0.736842 0.078947
v 0.131579 0.736842 0.052632
v 0.131579 0.710526 0.078947
v 0.131579 0.763158 -0.052632
v 0.131579 0.736842 -0.052632
v 0.131579 0.736842 0.052632
v 0.131579 0.763158 0.052632
v 0.131579 0.789474 -0.157895
v 0.131579 0.789474 -0.184211
v 0.131579 0.763158 -0.184211
v 0.131579 0.763158 -0.157895
v 0.131579 0.789474 -0.131579
v 0.131579 0.763158 -0.131579
v 0.131579 0.789474 -0.105263
v 0.131579 0.763158 -0.105263
v 0.131579 0.789474 -0.078947
v 0.131579 0.763158 -0.078947
v 0.131579 0.789474 -0.052632
v 0.131579 0.763158 -0.052632
v 0.131579 0.789474 -0.026316
v 0.131579 0.789474 0.000000
v 0.131579 0.789474 0.026316
v 0.131579 0.789474 0.052632
v 0.131579 0.789474 0.078947
v 0.131579 0.763158 0.052632
v 0.131579 0.763158 0.078947
v 0.131579 0.789474 0.105263
v 0.131579 0.763158 0.105263
v 0.131579 0.789474 0.131579
v 0.131579 0.763158 0.131579
v 0.131579 0.789474 0.157895
v 0.131579 0.763158 0.157895
v 0.131579 0.789474 0.184211
v 0.131579 0.763158 0.184211
v 0.131579 0.842105 -0.236842
v 0.131579 0.842105 -0.263158
v 0.131579 0.815789 -0.263158
v 0.131579 0.815789 -0.236842
v 0.131579 0.842105 -0.210526
v 0.131579 0.815789 -0.210526
v 0.131579 0.842105 -0.184211
v 0.131579 0.815789 -0.184211
v 0.131579 0.842105 -0.157895
v 0.131579 0.815789 -0.157895
v 0.131579 0.842105 -0.131579
v 0.131579 0.815789 -0.131579
v 0.131579 0.842105 -0.105263
v 0.131579 0.815789 -0.105263
v 0.105263 0.842105 -0.078947
v 0.131579 0.842105 -0.078947
v 0.131579 0.815789 -0.078947
v 0.131579 0.815789 -0.052632
v 0.131579 0.815789 -0.026316
v 0.131579 0.815789 0.000000
v 0.131579 0.815789 0.026316
v 0.131579 0.815789 0.052632
v 0.131579 0.815789 0.078947
v 0.105263 0.842105 0.078947
v 0.131579 0.842105 0.105263
v 0.131579 0.842105 0.078947
v 0.131579 0.815789 0.105263
v 0.131579 0.842105 0.131579
v 0.131579 0.815789 0.131579
v 0.131579 0.842105 0.157895
v 0.131579 0.815789 0.157895
v 0.131579 0.842105 0.184211
v 0.131579 0.815789 0.184211
v 0.131579 0.842105 0.210526
v 0.131579 0.815789 0.210526
v 0.131579 0.842105 0.236842
v 0.131579 0.815789 0.236842
v 0.131579 0.842105 0.263158
v 0.131579 0.815789 0.263158
v 0.131579 0.842105 -0.078947
v 0.131579 0.868421 -0.078947
v 0.131579 0.868421 -0.052632
v 0.131579 0.842105 -0.052632
v 0.131579 0.868421 -0.026316
v 0.131579 0.868421 0.000000
v 0.131579 0.868421 0.026316
v 0.131579 0.868421 0.052632
v 0.131579 0.842105 0.052632
v 0.131579 0.868421 0.078947
v 0.131579 0.842105 0.078947
v 0.157895 0.000000 -0.157895
v 0.157895 0.026316 -0.157895
v 0.157895 0.026316 -0.131579
v 0.157895 0.000000 -0.131579
v 0.157895 0.026316 -0.105263
v 0.157895 0.000000 -0.105263
v 0.131579 0.026316 -0.078947
v 0.157895 0.026316 -0.078947
v 0.157895 0.000000 -0.078947
v 0.131579 0.026316 -0.052632
v 0.157895 0.026316 -0.052632
v 0.157895 0.000000 -0.052632
v 0.157895 0.000000 -0.026316
v 0.157895 0.000000 0.000000
v 0.157895 0.000000 0.026316
v 0.157895 0.000000 0.052632
v 0.131579 0.026316 0.052632
v 0.131579 0.026316 0.078947
v 0.157895 0.026316 0.078947
v 0.157895 0.026316 0.052632
v 0.157895 0.000000 0.078947
v 0.157895 0.026316 0.105263
v 0.157895 0.000000 0.105263
v 0.157895 0.026316 0.131579
v 0.157895 0.000000 0.131579
v 0.157895 0.026316 0.157895
v 0.157895 0.000000 0.157895
v 0.157895 0.026316 -0.052632
v 0.157895 0.052632 -0.052632
v 0.157895 0.052632 -0.026316
v 0.157895 0.026316 -0.026316
v 0.157895 0.052632 0.000000
v 0.157895 0.026316 0.000000
v 0.157895 0.052632 0.026316
v 0.157895 0.026316 0.026316
v 0.157895 0.052632 0.052632
v 0.157895 0.026316 0.052632
v 0.157895 0.052632 -0.052632
v 0.157895 0.078947 -0.052632
v 0.157895 0.078947 -0.026316
v 0.157895 0.052632 -0.026316
v 0.157895 0.078947 0.000000
v 0.157895 0.052632 0.000000
v 0.157895 0.078947 0.026316
v 0.157895 0.052632 0.026316
v 0.157895 0.078947 0.052632
v 0.157895 0.052632 0.052632
v 0.157895 0.078947 -0.131579
v 0.157895 0.105263 -0.131579
v 0.157895 0.105263 -0.105263
v 0.157895 0.078947 -0.105263
v 0.157895 0.078947 -0.078947
v 0.131579 0.078947 -0.078947
v 0.157895 0.078947 -0.052632
v 0.131579 0.078947 -0.052632
v 0.131579 0.078947 0.052632
v 0.157895 0.078947 0.052632
v 0.157895 0.078947 0.078947
v 0.131579 0.078947 0.078947
v 0.157895 0.078947 0.105263
v 0.157895 0.105263 0.105263
v 0.157895 0.105263 0.131579
v 0.157895 0.078947 0.131579
v 0.157895 0.105263 -0.184211
v 0.157895 0.131579 -0.184211
v 0.157895 0.131579 -0.157895
v 0.157895 0.105263 -0.157895
v 0.131579 0.131579 -0.157895
v 0.157895 0.105263 -0.131579
v 0.131579 0.105263 -0.131579
v 0.131579 0.105263 0.131579
v 0.157895 0.105263 0.131579
v 0.157895 0.105263 0.157895
v 0.157895 0.131579 0.157895
v 0.157895 0.131579 0.184211
v 0.157895 0.105263 0.184211
v 0.131579 0.131579 0.157895
v 0.157895 0.131579 -0.157895
v 0.157895 0.157895 -0.157895
v 0.157895 0.157895 -0.131579
v 0.157895 0.131579 -0.131579
v 0.157895 0.131579 0.131579
v 0.157895 0.157895 0.131579
v 0.157895 0.157895 0.157895
v 0.157895 0.131579 0.157895
v 0.157895 0.157895 -0.157895
v 0.157895 0.184211 -0.157895
v 0.157895 0.184211 -0.131579
v 0.157895 0.157895 -0.131579
v 0.131579 0.184211 -0.131579
v 0.157895 0.157895 0.131579
v 0.157895 0.184211 0.131579
v 0.157895 0.184211 0.157895
v 0.157895 0.157895 0.157895
v 0.131579 0.184211 0.131579
v 0.157895 0.184211 -0.131579
v 0.157895 0.210526 -0.131579
v 0.157895 0.210526 -0.105263
v 0.157895 0.184211 -0.105263
v 0.157895 0.210526 -0.078947
v 0.157895 0.184211 -0.078947
v 0.157895 0.184211 0.078947
v 0.157895 0.210526 0.078947
v 0.157895 0.210526 0.105263
v 0.157895 0.184211 0.105263
v 0.157895 0.210526 0.131579
v 0.157895 0.184211 0.131579
v 0.157895 0.210526 -0.157895
v 0.157895 0.236842 -0.157895
v 0.157895 0.236842 -0.131579
v 0.157895 0.210526 -0.131579
v 0.131579 0.210526 -0.131579
v 0.157895 0.236842 -0.105263
v 0.157895 0.236842 -0.078947
v 0.157895 0.236842 -0.052632
v 0.157895 0.236842 -0.026316
v 0.157895 0.236842 0.000000
v 0.157895 0.236842 0.026316
v 0.157895 0.236842 0.052632
v 0.157895 0.236842 0.078947
v 0.157895 0.236842 0.105263
v 0.157895 0.236842 0.131579
v 0.157895 0.210526 0.131579
v 0.157895 0.236842 0.157895
v 0.157895 0.210526 0.157895
v 0.131579 0.210526 0.131579
v 0.157895 0.315789 -0.078947
v 0.157895 0.342105 -0.078947
v 0.157895 0.342105 -0.052632
v 0.157895 0.315789 -0.052632
v 0.157895 0.342105 -0.026316
v 0.157895 0.315789 -0.026316
v 0.157895 0.342105 0.000000
v 0.157895 0.315789 0.000000
v 0.157895 0.342105 0.026316
v 0.157895 0.315789 0.026316
v 0.157895 0.342105 0.052632
v 0.157895 0.315789 0.052632
v 0.157895 0.342105 0.078947
v 0.157895 0.315789 0.078947
v 0.157895 0.342105 -0.157895
v 0.157895 0.368421 -0.157895
v 0.157895 0.368421 -0.131579
v 0.157895 0.342105 -0.131579
v 0.157895 0.342105 -0.105263
v 0.157895 0.342105 -0.078947
v 0.131579 0.342105 -0.078947
v 0.131579 0.342105 0.078947
v 0.157895 0.342105 0.078947
v 0.157895 0.342105 0.105263
v 0.157895 0.342105 0.131579
v 0.157895 0.368421 0.131579
v 0.157895 0.368421 0.157895
v 0.157895 0.342105 0.157895
v 0.157895 0.368421 -0.210526
v 0.157895 0.394737 -0.210526
v 0.157895 0.394737 -0.184211
v 0.157895 0.368421 -0.184211
v 0.157895 0.394737 -0.157895
v 0.157895 0.368421 -0.157895
v 0.157895 0.394737 0.184211
v 0.157895 0.394737 0.157895
v 0.157895 0.368421 0.157895
v 0.157895 0.368421 0.184211
v 0.157895 0.394737 0.210526
v 0.157895 0.368421 0.210526
v 0.157895 0.394737 -0.157895
v 0.157895 0.421053 -0.157895
v 0.157895 0.421053 -0.131579
v 0.157895 0.394737 -0.131579
v 0.131579 0.421053 -0.131579
v 0.157895 0.394737 0.131579
v 0.157895 0.421053 0.131579
v 0.157895 0.421053 0.157895
v 0.157895 0.394737 0.157895
v 0.131579 0.421053 0.131579
v 0.157895 0.447368 -0.131579
v 0.157895 0.421053 -0.131579
v 0.157895 0.421053 0.131579
v 0.157895 0.447368 0.131579
v 0.157895 0.473684 -0.210526
v 0.157895 0.473684 -0.236842
v 0.157895 0.447368 -0.236842
v 0.157895 0.447368 -0.210526
v 0.157895 0.473684 -0.184211
v 0.157895 0.447368 -0.184211
v 0.157895 0.473684 -0.157895
v 0.157895 0.447368 -0.157895
v 0.131579 0.473684 -0.131579
v 0.157895 0.473684 -0.131579
v 0.157895 0.447368 -0.131579
v 0.131579 0.447368 -0.131579
v 0.131579 0.473684 0.131579
v 0.157895 0.473684 0.157895
v 0.157895 0.473684 0.131579
v 0.131579 0.447368 0.131579
v 0.157895 0.447368 0.131579
v 0.157895 0.447368 0.157895
v 0.157895 0.473684 0.184211
v 0.157895 0.447368 0.184211
v 0.157895 0.473684 0.210526
v 0.157895 0.447368 0.210526
v 0.157895 0.473684 0.236842
v 0.157895 0.447368 0.236842
v 0.157895 0.473684 -0.131579
v 0.157895 0.500000 -0.131579
v 0.157895 0.500000 -0.105263
v 0.157895 0.473684 -0.105263
v 0.131579 0.500000 -0.105263
v 0.157895 0.473684 0.105263
v 0.157895 0.500000 0.105263
v 0.157895 0.500000 0.131579
v 0.157895 0.473684 0.131579
v 0.131579 0.500000 0.105263
v 0.157895 0.500000 -0.105263
v 0.157895 0.526316 -0.105263
v 0.157895 0.526316 -0.078947
v 0.157895 0.500000 -0.078947
v 0.157895 0.526316 -0.052632
v 0.157895 0.500000 -0.052632
v 0.157895 0.500000 0.052632
v 0.157895 0.526316 0.052632
v 0.157895 0.526316 0.078947
v 0.157895 0.500000 0.078947
v 0.157895 0.526316 0.105263
v 0.157895 0.500000 0.105263
v 0.157895 0.526316 -0.157895
v 0.157895 0.552632 -0.157895
v 0.157895 0.552632 -0.131579
v 0.157895 0.526316 -0.131579
v 0.157895 0.552632 -0.105263
v 0.157895 0.526316 -0.105263
v 0.131579 0.526316 -0.105263
v 0.157895 0.552632 -0.078947
v 0.157895 0.552632 -0.052632
v 0.157895 0.552632 -0.026316
v 0.157895 0.552632 0.000000
v 0.157895 0.552632 0.026316
v 0.157895 0.552632 0.052632
v 0.157895 0.552632 0.078947
v 0.157895 0.552632 0.105263
v 0.157895 0.552632 0.131579
v 0.131579 0.526316 0.105263
v 0.157895 0.526316 0.105263
v 0.157895 0.526316 0.131579
v 0.157895 0.552632 0.157895
v 0.157895 0.526316 0.157895
v 0.157895 0.657895 -0.052632
v 0.157895 0.684211 -0.052632
v 0.157895 0.684211 -0.026316
v 0.157895 0.657895 -0.026316
v 0.157895 0.684211 0.000000
v 0.157895 0.657895 0.000000
v 0.157895 0.684211 0.026316
v 0.157895 0.657895 0.026316
v 0.157895 0.684211 0.052632
v 0.157895 0.657895 0.052632
v 0.157895 0.684211 -0.105263
v 0.157895 0.710526 -0.105263
v 0.157895 0.710526 -0.078947
v 0.157895 0.684211 -0.078947
v 0.131579 0.684211 -0.078947
v 0.157895 0.710526 -0.052632
v 0.157895 0.684211 -0.052632
v 0.131579 0.684211 -0.052632
v 0.157895 0.684211 0.052632
v 0.157895 0.710526 0.052632
v 0.157895 0.710526 0.078947
v 0.157895 0.684211 0.078947
v 0.131579 0.684211 0.052632
v 0.131579 0.684211 0.078947
v 0.157895 0.710526 0.105263
v 0.157895 0.684211 0.105263
v 0.157895 0.710526 -0.078947
v 0.157895 0.736842 -0.078947
v 0.157895 0.736842 -0.052632
v 0.157895 0.710526 -0.052632
v 0.157895 0.710526 0.052632
v 0.157895 0.736842 0.052632
v 0.157895 0.736842 0.078947
v 0.157895 0.710526 0.078947
v 0.157895 0.736842 -0.078947
v 0.157895 0.763158 -0.078947
v 0.157895 0.763158 -0.052632
v 0.157895 0.736842 -0.052632
v 0.131579 0.736842 -0.078947
v 0.131579 0.763158 -0.078947
v 0.157895 0.736842 0.052632
v 0.157895 0.763158 0.052632
v 0.157895 0.763158 0.078947
v 0.157895 0.736842 0.078947
v 0.131579 0.736842 0.078947
v 0.131579 0.763158 0.078947
v 0.157895 0.763158 -0.210526
v 0.157895 0.789474 -0.210526
v 0.157895 0.789474 -0.184211
v 0.157895 0.763158 -0.184211
v 0.131579 0.763158 -0.210526
v 0.131579 0.789474 -0.210526
v 0.157895 0.789474 -0.157895
v 0.157895 0.763158 -0.157895
v 0.157895 0.789474 -0.131579
v 0.157895 0.763158 -0.131579
v 0.157895 0.789474 -0.105263
v 0.157895 0.763158 -0.105263
v 0.157895 0.789474 -0.078947
v 0.157895 0.763158 -0.078947
v 0.157895 0.789474 -0.052632
v 0.157895 0.789474 -0.026316
v 0.157895 0.789474 0.000000
v 0.157895 0.789474 0.026316
v 0.157895 0.789474 0.052632
v 0.157895 0.789474 0.078947
v 0.157895 0.789474 0.105263
v 0.157895 0.763158 0.078947
v 0.157895 0.763158 0.105263
v 0.157895 0.789474 0.131579
v 0.157895 0.763158 0.131579
v 0.157895 0.789474 0.157895
v 0.157895 0.763158 0.157895
v 0.157895 0.789474 0.184211
v 0.157895 0.763158 0.184211
v 0.157895 0.789474 0.210526
v 0.157895 0.763158 0.210526
v 0.131579 0.763158 0.210526
v 0.131579 0.789474 0.210526
v 0.157895 0.815789 -0.263158
v 0.157895 0.842105 -0.263158
v 0.157895 0.842105 -0.236842
v 0.157895 0.815789 -0.236842
v 0.157895 0.842105 -0.210526
v 0.157895 0.815789 -0.210526
v 0.157895 0.842105 -0.184211
v 0.157895 0.815789 -0.184211
v 0.157895 0.842105 -0.157895
v 0.157895 0.815789 -0.157895
v 0.157895 0.842105 -0.131579
v 0.157895 0.815789 -0.131579
v 0.157895 0.842105 -0.105263
v 0.157895 0.815789 -0.105263
v 0.157895 0.842105 -0.078947
v 0.157895 0.815789 -0.078947
v 0.131579 0.842105 -0.052632
v 0.157895 0.842105 -0.052632
v 0.157895 0.815789 -0.052632
v 0.157895 0.815789 -0.026316
v 0.157895 0.815789 0.000000
v 0.157895 0.815789 0.026316
v 0.157895 0.815789 0.052632
v 0.131579 0.842105 0.052632
v 0.157895 0.842105 0.078947
v 0.157895 0.842105 0.052632
v 0.157895 0.815789 0.078947
v 0.157895 0.842105 0.105263
v 0.157895 0.815789 0.105263
v 0.157895 0.842105 0.131579
v 0.157895 0.815789 0.131579
v 0.157895 0.842105 0.157895
v 0.157895 0.815789 0.157895
v 0.157895 0.842105 0.184211
v 0.157895 0.815789 0.184211
v 0.157895 0.842105 0.210526
v 0.157895 0.815789 0.210526
v 0.157895 0.842105 0.236842
v 0.157895 0.815789 0.236842
v 0.157895 0.842105 0.263158
v 0.157895 0.815789 0.263158
v 0.157895 0.842105 -0.052632
v 0.157895 0.868421 -0.052632
v 0.157895 0.868421 -0.026316
v 0.157895 0.842105 -0.026316
v 0.157895 0.868421 0.000000
v 0.157895 0.842105 0.000000
v 0.157895 0.868421 0.026316
v 0.157895 0.842105 0.026316
v 0.157895 0.868421 0.052632
v 0.157895 0.842105 0.052632
v 0.184211 0.000000 -0.131579
v 0.184211 0.026316 -0.131579
v 0.184211 0.026316 -0.105263
v 0.184211 0.000000 -0.105263
v 0.184211 0.026316 -0.078947
v 0.184211 0.000000 -0.078947
v 0.184211 0.026316 -0.052632
v 0.184211 0.000000 -0.052632
v 0.157895 0.026316 -0.026316
v 0.184211 0.026316 -0.026316
v 0.184211 0.000000 -0.026316
v 0.157895 0.026316 0.000000
v 0.184211 0.026316 0.000000
v 0.184211 0.000000 0.000000
v 0.157895 0.026316 0.026316
v 0.184211 0.026316 0.026316
v 0.184211 0.000000 0.026316
v 0.184211 0.026316 0.052632
v 0.184211 0.000000 0.052632
v 0.184211 0.026316 0.078947
v 0.184211 0.000000 0.078947
v 0.184211 0.026316 0.105263
v 0.184211 0.000000 0.105263
v 0.184211 0.026316 0.131579
v 0.184211 0.000000 0.131579
v 0.184211 0.078947 -0.105263
v 0.184211 0.105263 -0.105263
v 0.184211 0.105263 -0.078947
v 0.184211 0.078947 -0.078947
v 0.184211 0.078947 -0.052632
v 0.184211 0.078947 -0.026316
v 0.157895 0.078947 -0.026316
v 0.184211 0.078947 0.000000
v 0.157895 0.078947 0.000000
v 0.184211 0.078947 0.026316
v 0.157895 0.078947 0.026316
v 0.184211 0.078947 0.052632
v 0.184211 0.078947 0.078947
v 0.184211 0.105263 0.078947
v 0.184211 0.105263 0.105263
v 0.184211 0.078947 0.105263
v 0.184211 0.105263 -0.157895
v 0.184211 0.131579 -0.157895
v 0.184211 0.131579 -0.131579
v 0.184211 0.105263 -0.131579
v 0.157895 0.131579 -0.131579
v 0.184211 0.105263 -0.105263
v 0.157895 0.105263 -0.105263
v 0.157895 0.105263 0.105263
v 0.184211 0.105263 0.105263
v 0.184211 0.105263 0.131579
v 0.184211 0.131579 0.131579
v 0.184211 0.131579 0.157895
v 0.184211 0.105263 0.157895
v 0.157895 0.131579 0.131579
v 0.184211 0.131579 -0.131579
v 0.184211 0.157895 -0.131579
v 0.184211 0.157895 -0.105263
v 0.184211 0.131579 -0.105263
v 0.184211 0.157895 -0.078947
v 0.184211 0.131579 -0.078947
v 0.184211 0.131579 0.078947
v 0.184211 0.157895 0.078947
v 0.184211 0.157895 0.105263
v 0.184211 0.131579 0.105263
v 0.184211 0.157895 0.131579
v 0.184211 0.131579 0.131579
v 0.184211 0.157895 -0.131579
v 0.184211 0.184211 -0.131579
v 0.184211 0.184211 -0.105263
v 0.184211 0.157895 -0.105263
v 0.157895 0.184211 -0.105263
v 0.184211 0.184211 -0.078947
v 0.184211 0.157895 -0.078947
v 0.157895 0.184211 -0.078947
v 0.184211 0.157895 0.078947
v 0.184211 0.184211 0.078947
v 0.184211 0.184211 0.105263
v 0.184211 0.157895 0.105263
v 0.157895 0.184211 0.078947
v 0.157895 0.184211 0.105263
v 0.184211 0.184211 0.131579
v 0.184211 0.157895 0.131579
v 0.184211 0.184211 -0.078947
v 0.184211 0.210526 -0.078947
v 0.184211 0.210526 -0.052632
v 0.184211 0.184211 -0.052632
v 0.184211 0.210526 -0.026316
v 0.184211 0.184211 -0.026316
v 0.184211 0.210526 0.000000
v 0.184211 0.184211 0.000000
v 0.184211 0.210526 0.026316
v 0.184211 0.184211 0.026316
v 0.184211 0.210526 0.052632
v 0.184211 0.184211 0.052632
v 0.184211 0.210526 0.078947
v 0.184211 0.184211 0.078947
v 0.184211 0.210526 -0.131579
v 0.184211 0.236842 -0.131579
v 0.184211 0.236842 -0.105263
v 0.184211 0.210526 -0.105263
v 0.157895 0.210526 -0.105263
v 0.184211 0.236842 -0.078947
v 0.184211 0.210526 -0.078947
v 0.157895 0.210526 -0.078947
v 0.184211 0.236842 -0.052632
v 0.184211 0.236842 -0.026316
v 0.184211 0.236842 0.000000
v 0.184211 0.236842 0.026316
v 0.184211 0.236842 0.052632
v 0.184211 0.236842 0.078947
v 0.184211 0.210526 0.078947
v 0.184211 0.236842 0.105263
v 0.184211 0.210526 0.105263
v 0.157895 0.210526 0.078947
v 0.157895 0.210526 0.105263
v 0.184211 0.236842 0.131579
v 0.184211 0.210526 0.131579
v 0.184211 0.342105 -0.131579
v 0.184211 0.368421 -0.131579
v 0.184211 0.368421 -0.105263
v 0.184211 0.342105 -0.105263
v 0.184211 0.368421 -0.078947
v 0.184211 0.342105 -0.078947
v 0.184211 0.342105 -0.052632
v 0.157895 0.342105 -0.052632
v 0.184211 0.342105 -0.026316
v 0.157895 0.342105 -0.026316
v 0.184211 0.342105 0.000000
v 0.157895 0.342105 0.000000
v 0.184211 0.342105 0.026316
v 0.157895 0.342105 0.026316
v 0.184211 0.342105 0.052632
v 0.157895 0.342105 0.052632
v 0.184211 0.342105 0.078947
v 0.184211 0.368421 0.078947
v 0.184211 0.368421 0.105263
v 0.184211 0.342105 0.105263
v 0.184211 0.368421 0.131579
v 0.184211 0.342105 0.131579
v 0.184211 0.368421 -0.184211
v 0.184211 0.394737 -0.184211
v 0.184211 0.394737 -0.157895
v 0.184211 0.368421 -0.157895
v 0.157895 0.394737 -0.131579
v 0.184211 0.394737 -0.131579
v 0.184211 0.368421 -0.131579
v 0.157895 0.368421 -0.131579
v 0.157895 0.394737 0.131579
v 0.184211 0.394737 0.157895
v 0.184211 0.394737 0.131579
v 0.157895 0.368421 0.131579
v 0.184211 0.368421 0.131579
v 0.184211 0.368421 0.157895
v 0.184211 0.394737 0.184211
v 0.184211 0.368421 0.184211
v 0.184211 0.394737 -0.131579
v 0.184211 0.421053 -0.131579
v 0.184211 0.421053 -0.105263
v 0.184211 0.394737 -0.105263
v 0.184211 0.394737 0.105263
v 0.184211 0.421053 0.105263
v 0.184211 0.421053 0.131579
v 0.184211 0.394737 0.131579
v 0.184211 0.421053 -0.131579
v 0.184211 0.447368 -0.131579
v 0.184211 0.447368 -0.105263
v 0.184211 0.421053 -0.105263
v 0.184211 0.421053 0.105263
v 0.184211 0.447368 0.105263
v 0.184211 0.447368 0.131579
v 0.184211 0.421053 0.131579
v 0.184211 0.447368 -0.236842
v 0.184211 0.473684 -0.236842
v 0.184211 0.473684 -0.210526
v 0.184211 0.447368 -0.210526
v 0.184211 0.473684 -0.184211
v 0.184211 0.447368 -0.184211
v 0.184211 0.473684 -0.157895
v 0.184211 0.447368 -0.157895
v 0.184211 0.473684 -0.131579
v 0.184211 0.447368 -0.131579
v 0.157895 0.473684 -0.105263
v 0.184211 0.473684 -0.105263
v 0.157895 0.473684 0.105263
v 0.184211 0.473684 0.131579
v 0.184211 0.473684 0.105263
v 0.184211 0.473684 0.157895
v 0.184211 0.447368 0.131579
v 0.184211 0.447368 0.157895
v 0.184211 0.473684 0.184211
v 0.184211 0.447368 0.184211
v 0.184211 0.473684 0.210526
v 0.184211 0.447368 0.210526
v 0.184211 0.473684 0.236842
v 0.184211 0.447368 0.236842
v 0.184211 0.473684 -0.105263
v 0.184211 0.500000 -0.105263
v 0.184211 0.500000 -0.078947
v 0.184211 0.473684 -0.078947
v 0.157895 0.500000 -0.078947
v 0.157895 0.500000 -0.052632
v 0.184211 0.500000 -0.052632
v 0.157895 0.500000 0.052632
v 0.157895 0.500000 0.078947
v 0.184211 0.500000 0.078947
v 0.184211 0.500000 0.052632
v 0.184211 0.473684 0.078947
v 0.184211 0.500000 0.105263
v 0.184211 0.473684 0.105263
v 0.184211 0.500000 -0.052632
v 0.184211 0.526316 -0.052632
v 0.184211 0.526316 -0.026316
v 0.184211 0.500000 -0.026316
v 0.184211 0.526316 0.000000
v 0.184211 0.500000 0.000000
v 0.184211 0.526316 0.026316
v 0.184211 0.500000 0.026316
v 0.184211 0.526316 0.052632
v 0.184211 0.500000 0.052632
v 0.184211 0.526316 -0.131579
v 0.184211 0.552632 -0.131579
v 0.184211 0.552632 -0.105263
v 0.184211 0.526316 -0.105263
v 0.184211 0.552632 -0.078947
v 0.184211 0.526316 -0.078947
v 0.157895 0.526316 -0.078947
v 0.184211 0.552632 -0.052632
v 0.184211 0.526316 -0.052632
v 0.157895 0.526316 -0.052632
v 0.184211 0.552632 -0.026316
v 0.184211 0.552632 0.000000
v 0.184211 0.552632 0.026316
v 0.184211 0.552632 0.052632
v 0.184211 0.552632 0.078947
v 0.157895 0.526316 0.052632
v 0.184211 0.526316 0.052632
v 0.184211 0.526316 0.078947
v 0.157895 0.526316 0.078947
v 0.184211 0.552632 0.105263
v 0.184211 0.526316 0.105263
v 0.184211 0.552632 0.131579
v 0.184211 0.526316 0.131579
v 0.184211 0.684211 -0.052632
v 0.184211 0.710526 -0.052632
v 0.184211 0.710526 -0.026316
v 0.184211 0.684211 -0.026316
v 0.157895 0.684211 -0.026316
v 0.184211 0.710526 0.000000
v 0.184211 0.684211 0.000000
v 0.157895 0.684211 0.000000
v 0.184211 0.710526 0.026316
v 0.184211 0.684211 0.026316
v 0.157895 0.684211 0.026316
v 0.184211 0.710526 0.052632
v 0.184211 0.684211 0.052632
v 0.184211 0.710526 -0.052632
v 0.184211 0.736842 -0.052632
v 0.184211 0.736842 -0.026316
v 0.184211 0.710526 -0.026316
v 0.184211 0.736842 0.000000
v 0.184211 0.710526 0.000000
v 0.184211 0.736842 0.026316
v 0.184211 0.710526 0.026316
v 0.184211 0.736842 0.052632
v 0.184211 0.710526 0.052632
v 0.184211 0.763158 -0.052632
v 0.184211 0.736842 -0.052632
v 0.184211 0.736842 0.052632
v 0.184211 0.763158 0.052632
v 0.184211 0.789474 -0.157895
v 0.184211 0.789474 -0.184211
v 0.184211 0.763158 -0.184211
v 0.184211 0.763158 -0.157895
v 0.184211 0.789474 -0.131579
v 0.184211 0.763158 -0.131579
v 0.184211 0.789474 -0.105263
v 0.184211 0.763158 -0.105263
v 0.184211 0.789474 -0.078947
v 0.184211 0.763158 -0.078947
v 0.184211 0.789474 -0.052632
v 0.184211 0.763158 -0.052632
v 0.157895 0.763158 -0.052632
v 0.184211 0.789474 -0.026316
v 0.184211 0.789474 0.052632
v 0.184211 0.789474 0.026316
v 0.184211 0.789474 0.078947
v 0.157895 0.763158 0.052632
v 0.184211 0.763158 0.052632
v 0.184211 0.763158 0.078947
v 0.184211 0.789474 0.105263
v 0.184211 0.763158 0.105263
v 0.184211 0.789474 0.131579
v 0.184211 0.763158 0.131579
v 0.184211 0.789474 0.157895
v 0.184211 0.763158 0.157895
v 0.184211 0.789474 0.184211
v 0.184211 0.763158 0.184211
v 0.157895 0.789474 -0.026316
v 0.157895 0.789474 0.000000
v 0.157895 0.815789 0.000000
v 0.157895 0.815789 -0.026316
v 0.184211 0.815789 -0.026316
v 0.184211 0.789474 -0.026316
v 0.157895 0.789474 0.026316
v 0.157895 0.815789 0.026316
v 0.184211 0.789474 0.026316
v 0.184211 0.815789 0.026316
v 0.184211 0.842105 -0.210526
v 0.184211 0.842105 -0.236842
v 0.184211 0.815789 -0.236842
v 0.184211 0.815789 -0.210526
v 0.184211 0.842105 -0.184211
v 0.184211 0.815789 -0.184211
v 0.184211 0.842105 -0.157895
v 0.184211 0.815789 -0.157895
v 0.184211 0.842105 -0.131579
v 0.184211 0.815789 -0.131579
v 0.184211 0.842105 -0.105263
v 0.184211 0.815789 -0.105263
v 0.184211 0.842105 -0.078947
v 0.184211 0.815789 -0.078947
v 0.184211 0.842105 -0.052632
v 0.184211 0.815789 -0.052632
v 0.157895 0.842105 -0.026316
v 0.184211 0.842105 -0.026316
v 0.184211 0.815789 -0.026316
v 0.157895 0.842105 0.000000
v 0.184211 0.842105 0.000000
v 0.157895 0.842105 0.026316
v 0.184211 0.842105 0.026316
v 0.184211 0.842105 0.052632
v 0.184211 0.815789 0.026316
v 0.184211 0.815789 0.052632
v 0.184211 0.842105 0.078947
v 0.184211 0.815789 0.078947
v 0.184211 0.842105 0.105263
v 0.184211 0.815789 0.105263
v 0.184211 0.842105 0.131579
v 0.184211 0.815789 0.131579
v 0.184211 0.842105 0.157895
v 0.184211 0.815789 0.157895
v 0.184211 0.842105 0.184211
v 0.184211 0.815789 0.184211
v 0.184211 0.842105 0.210526
v 0.184211 0.815789 0.210526
v 0.184211 0.842105 0.236842
v 0.184211 0.815789 0.236842
v 0.210526 0.000000 -0.078947
v 0.210526 0.026316 -0.078947
v 0.210526 0.026316 -0.052632
v 0.210526 0.000000 -0.052632
v 0.210526 0.026316 -0.026316
v 0.210526 0.000000 -0.026316
v 0.210526 0.026316 0.000000
v 0.210526 0.000000 0.000000
v 0.210526 0.026316 0.026316
v 0.210526 0.000000 0.026316
v 0.210526 0.026316 0.052632
v 0.210526 0.000000 0.052632
v 0.210526 0.026316 0.078947
v 0.210526 0.000000 0.078947
v 0.210526 0.078947 -0.078947
v 0.210526 0.105263 -0.078947
v 0.210526 0.105263 -0.052632
v 0.210526 0.078947 -0.052632
v 0.210526 0.105263 -0.026316
v 0.210526 0.078947 -0.026316
v 0.210526 0.105263 0.000000
v 0.210526 0.078947 0.000000
v 0.210526 0.105263 0.026316
v 0.210526 0.078947 0.026316
v 0.210526 0.105263 0.052632
v 0.210526 0.078947 0.052632
v 0.210526 0.105263 0.078947
v 0.210526 0.078947 0.078947
v 0.210526 0.105263 -0.131579
v 0.210526 0.131579 -0.131579
v 0.210526 0.131579 -0.105263
v 0.210526 0.105263 -0.105263
v 0.184211 0.131579 -0.105263
v 0.210526 0.131579 -0.078947
v 0.210526 0.105263 -0.078947
v 0.184211 0.131579 -0.078947
v 0.184211 0.105263 -0.078947
v 0.210526 0.105263 0.078947
v 0.210526 0.131579 0.078947
v 0.210526 0.131579 0.105263
v 0.210526 0.105263 0.105263
v 0.184211 0.131579 0.078947
v 0.184211 0.131579 0.105263
v 0.184211 0.105263 0.078947
v 0.210526 0.131579 0.131579
v 0.210526 0.105263 0.131579
v 0.210526 0.131579 -0.078947
v 0.210526 0.157895 -0.078947
v 0.210526 0.157895 -0.052632
v 0.210526 0.131579 -0.052632
v 0.210526 0.157895 -0.026316
v 0.210526 0.131579 -0.026316
v 0.210526 0.157895 0.000000
v 0.210526 0.131579 0.000000
v 0.210526 0.157895 0.026316
v 0.210526 0.131579 0.026316
v 0.210526 0.157895 0.052632
v 0.210526 0.131579 0.052632
v 0.210526 0.157895 0.078947
v 0.210526 0.131579 0.078947
v 0.210526 0.157895 -0.078947
v 0.210526 0.184211 -0.078947
v 0.210526 0.184211 -0.052632
v 0.210526 0.157895 -0.052632
v 0.184211 0.184211 -0.052632
v 0.210526 0.184211 -0.026316
v 0.210526 0.157895 -0.026316
v 0.184211 0.184211 -0.026316
v 0.210526 0.184211 0.000000
v 0.210526 0.157895 0.000000
v 0.184211 0.184211 0.000000
v 0.210526 0.184211 0.026316
v 0.210526 0.157895 0.026316
v 0.184211 0.184211 0.026316
v 0.210526 0.184211 0.052632
v 0.210526 0.157895 0.052632
v 0.184211 0.184211 0.052632
v 0.210526 0.184211 0.078947
v 0.210526 0.157895 0.078947
v 0.210526 0.210526 -0.078947
v 0.210526 0.236842 -0.078947
v 0.210526 0.236842 -0.052632
v 0.210526 0.210526 -0.052632
v 0.184211 0.210526 -0.052632
v 0.210526 0.236842 -0.026316
v 0.210526 0.210526 -0.026316
v 0.184211 0.210526 -0.026316
v 0.210526 0.236842 0.000000
v 0.210526 0.210526 0.000000
v 0.184211 0.210526 0.000000
v 0.210526 0.236842 0.026316
v 0.210526 0.210526 0.026316
v 0.184211 0.210526 0.026316
v 0.210526 0.236842 0.052632
v 0.210526 0.210526 0.052632
v 0.184211 0.210526 0.052632
v 0.210526 0.236842 0.078947
v 0.210526 0.210526 0.078947
v 0.210526 0.342105 -0.078947
v 0.210526 0.368421 -0.078947
v 0.210526 0.368421 -0.052632
v 0.210526 0.342105 -0.052632
v 0.210526 0.368421 -0.026316
v 0.210526 0.342105 -0.026316
v 0.210526 0.368421 0.000000
v 0.210526 0.342105 0.000000
v 0.210526 0.368421 0.026316
v 0.210526 0.342105 0.026316
v 0.210526 0.368421 0.052632
v 0.210526 0.342105 0.052632
v 0.210526 0.368421 0.078947
v 0.210526 0.342105 0.078947
v 0.210526 0.368421 -0.157895
v 0.210526 0.394737 -0.157895
v 0.210526 0.394737 -0.131579
v 0.210526 0.368421 -0.131579
v 0.210526 0.394737 -0.105263
v 0.210526 0.368421 -0.105263
v 0.184211 0.394737 -0.105263
v 0.184211 0.368421 -0.105263
v 0.210526 0.368421 -0.078947
v 0.184211 0.368421 -0.078947
v 0.184211 0.368421 0.078947
v 0.210526 0.368421 0.078947
v 0.210526 0.368421 0.105263
v 0.184211 0.368421 0.105263
v 0.210526 0.394737 0.105263
v 0.210526 0.394737 0.131579
v 0.210526 0.368421 0.131579
v 0.184211 0.394737 0.105263
v 0.210526 0.394737 0.157895
v 0.210526 0.368421 0.157895
v 0.210526 0.394737 -0.105263
v 0.210526 0.421053 -0.105263
v 0.210526 0.421053 -0.078947
v 0.210526 0.394737 -0.078947
v 0.210526 0.394737 0.078947
v 0.210526 0.421053 0.078947
v 0.210526 0.421053 0.105263
v 0.210526 0.394737 0.105263
v 0.210526 0.421053 -0.105263
v 0.210526 0.447368 -0.105263
v 0.210526 0.447368 -0.078947
v 0.210526 0.421053 -0.078947
v 0.210526 0.447368 -0.052632
v 0.210526 0.421053 -0.052632
v 0.210526 0.421053 0.052632
v 0.210526 0.447368 0.052632
v 0.210526 0.447368 0.078947
v 0.210526 0.421053 0.078947
v 0.210526 0.447368 0.105263
v 0.210526 0.421053 0.105263
v 0.210526 0.447368 -0.210526
v 0.210526 0.473684 -0.210526
v 0.210526 0.473684 -0.184211
v 0.210526 0.447368 -0.184211
v 0.210526 0.473684 -0.157895
v 0.210526 0.447368 -0.157895
v 0.210526 0.473684 -0.131579
v 0.210526 0.447368 -0.131579
v 0.210526 0.473684 -0.105263
v 0.210526 0.447368 -0.105263
v 0.184211 0.447368 -0.105263
v 0.184211 0.473684 -0.078947
v 0.210526 0.473684 -0.078947
v 0.184211 0.473684 0.078947
v 0.210526 0.473684 0.105263
v 0.210526 0.473684 0.078947
v 0.210526 0.473684 0.131579
v 0.184211 0.447368 0.105263
v 0.210526 0.447368 0.105263
v 0.210526 0.447368 0.131579
v 0.210526 0.473684 0.157895
v 0.210526 0.447368 0.157895
v 0.210526 0.473684 0.184211
v 0.210526 0.447368 0.184211
v 0.210526 0.473684 0.210526
v 0.210526 0.447368 0.210526
v 0.210526 0.473684 -0.078947
v 0.210526 0.500000 -0.078947
v 0.210526 0.500000 -0.052632
v 0.210526 0.473684 -0.052632
v 0.210526 0.500000 -0.026316
v 0.210526 0.473684 -0.026316
v 0.184211 0.500000 -0.026316
v 0.210526 0.500000 0.000000
v 0.210526 0.473684 0.000000
v 0.184211 0.500000 0.000000
v 0.210526 0.500000 0.026316
v 0.210526 0.473684 0.026316
v 0.184211 0.500000 0.026316
v 0.210526 0.500000 0.052632
v 0.210526 0.473684 0.052632
v 0.210526 0.500000 0.078947
v 0.210526 0.473684 0.078947
v 0.210526 0.526316 -0.078947
v 0.210526 0.552632 -0.078947
v 0.210526 0.552632 -0.052632
v 0.210526 0.526316 -0.052632
v 0.210526 0.552632 -0.026316
v 0.210526 0.526316 -0.026316
v 0.184211 0.526316 -0.026316
v 0.210526 0.552632 0.000000
v 0.210526 0.526316 0.000000
v 0.184211 0.526316 0.000000
v 0.210526 0.552632 0.026316
v 0.210526 0.526316 0.026316
v 0.184211 0.526316 0.026316
v 0.210526 0.552632 0.052632
v 0.210526 0.526316 0.052632
v 0.210526 0.552632 0.078947
v 0.210526 0.526316 0.078947
v 0.210526 0.736842 -0.052632
v 0.210526 0.763158 -0.052632
v 0.210526 0.763158 -0.026316
v 0.210526 0.736842 -0.026316
v 0.184211 0.736842 -0.026316
v 0.210526 0.763158 0.000000
v 0.210526 0.736842 0.000000
v 0.184211 0.736842 0.000000
v 0.210526 0.763158 0.026316
v 0.210526 0.736842 0.026316
v 0.184211 0.736842 0.026316
v 0.210526 0.763158 0.052632
v 0.210526 0.736842 0.052632
v 0.210526 0.789474 -0.157895
v 0.210526 0.789474 -0.184211
v 0.210526 0.763158 -0.184211
v 0.210526 0.763158 -0.157895
v 0.210526 0.789474 -0.131579
v 0.210526 0.763158 -0.131579
v 0.210526 0.789474 -0.105263
v 0.210526 0.763158 -0.105263
v 0.210526 0.789474 -0.078947
v 0.210526 0.763158 -0.078947
v 0.210526 0.789474 -0.052632
v 0.210526 0.763158 -0.052632
v 0.210526 0.789474 0.078947
v 0.210526 0.789474 0.052632
v 0.210526 0.763158 0.052632
v 0.210526 0.763158 0.078947
v 0.210526 0.789474 0.105263
v 0.210526 0.763158 0.105263
v 0.210526 0.789474 0.131579
v 0.210526 0.763158 0.131579
v 0.210526 0.789474 0.157895
v 0.210526 0.763158 0.157895
v 0.210526 0.789474 0.184211
v 0.210526 0.763158 0.184211
v 0.184211 0.789474 -0.052632
v 0.184211 0.815789 -0.052632
v 0.210526 0.815789 -0.052632
v 0.210526 0.789474 -0.052632
v 0.184211 0.789474 0.052632
v 0.184211 0.815789 0.052632
v 0.210526 0.789474 0.052632
v 0.210526 0.815789 0.052632
v 0.210526 0.842105 -0.210526
v 0.210526 0.842105 -0.236842
v 0.210526 0.815789 -0.236842
v 0.210526 0.815789 -0.210526
v 0.210526 0.842105 -0.184211
v 0.210526 0.815789 -0.184211
v 0.210526 0.842105 -0.157895
v 0.210526 0.815789 -0.157895
v 0.210526 0.842105 -0.131579
v 0.210526 0.815789 -0.131579
v 0.210526 0.842105 -0.105263
v 0.210526 0.815789 -0.105263
v 0.210526 0.842105 -0.078947
v 0.210526 0.815789 -0.078947
v 0.210526 0.842105 -0.052632
v 0.210526 0.815789 -0.052632
v 0.210526 0.842105 -0.026316
v 0.210526 0.842105 0.000000
v 0.210526 0.842105 0.026316
v 0.210526 0.842105 0.052632
v 0.210526 0.842105 0.078947
v 0.210526 0.815789 0.052632
v 0.210526 0.815789 0.078947
v 0.210526 0.842105 0.105263
v 0.210526 0.815789 0.105263
v 0.210526 0.842105 0.131579
v 0.210526 0.815789 0.131579
v 0.210526 0.842105 0.157895
v 0.210526 0.815789 0.157895
v 0.210526 0.842105 0.184211
v 0.210526 0.815789 0.184211
v 0.210526 0.842105 0.210526
v 0.210526 0.815789 0.210526
v 0.210526 0.842105 0.236842
v 0.210526 0.815789 0.236842
v 0.236842 0.105263 -0.078947
v 0.236842 0.131579 -0.078947
v 0.236842 0.131579 -0.052632
v 0.236842 0.105263 -0.052632
v 0.210526 0.131579 -0.052632
v 0.210526 0.105263 -0.052632
v 0.236842 0.131579 -0.026316
v 0.236842 0.105263 -0.026316
v 0.210526 0.131579 -0.026316
v 0.210526 0.105263 -0.026316
v 0.236842 0.131579 0.000000
v 0.236842 0.105263 0.000000
v 0.210526 0.131579 0.000000
v 0.210526 0.105263 0.000000
v 0.236842 0.131579 0.026316
v 0.236842 0.105263 0.026316
v 0.210526 0.131579 0.026316
v 0.210526 0.105263 0.026316
v 0.236842 0.131579 0.052632
v 0.236842 0.105263 0.052632
v 0.210526 0.131579 0.052632
v 0.210526 0.105263 0.052632
v 0.236842 0.131579 0.078947
v 0.236842 0.105263 0.078947
v 0.236842 0.368421 -0.105263
v 0.236842 0.394737 -0.105263
v 0.236842 0.394737 -0.078947
v 0.236842 0.368421 -0.078947
v 0.210526 0.394737 -0.078947
v 0.236842 0.394737 -0.052632
v 0.236842 0.368421 -0.052632
v 0.210526 0.368421 -0.052632
v 0.236842 0.368421 -0.026316
v 0.210526 0.368421 -0.026316
v 0.236842 0.368421 0.000000
v 0.210526 0.368421 0.000000
v 0.236842 0.368421 0.026316
v 0.210526 0.368421 0.026316
v 0.236842 0.368421 0.052632
v 0.210526 0.368421 0.052632
v 0.236842 0.394737 0.052632
v 0.236842 0.394737 0.078947
v 0.236842 0.368421 0.078947
v 0.236842 0.394737 0.105263
v 0.236842 0.368421 0.105263
v 0.210526 0.394737 0.078947
v 0.236842 0.394737 -0.078947
v 0.236842 0.421053 -0.078947
v 0.236842 0.421053 -0.052632
v 0.236842 0.394737 -0.052632
v 0.210526 0.421053 -0.052632
v 0.236842 0.421053 -0.026316
v 0.236842 0.394737 -0.026316
v 0.236842 0.421053 0.000000
v 0.236842 0.394737 0.000000
v 0.236842 0.421053 0.026316
v 0.236842 0.394737 0.026316
v 0.236842 0.421053 0.052632
v 0.236842 0.394737 0.052632
v 0.236842 0.421053 0.078947
v 0.236842 0.394737 0.078947
v 0.210526 0.421053 0.052632
v 0.236842 0.421053 -0.052632
v 0.236842 0.447368 -0.052632
v 0.236842 0.447368 -0.026316
v 0.236842 0.421053 -0.026316
v 0.236842 0.447368 0.000000
v 0.236842 0.421053 0.000000
v 0.236842 0.447368 0.026316
v 0.236842 0.421053 0.026316
v 0.236842 0.447368 0.052632
v 0.236842 0.421053 0.052632
v 0.236842 0.447368 -0.184211
v 0.236842 0.473684 -0.184211
v 0.236842 0.473684 -0.157895
v 0.236842 0.447368 -0.157895
v 0.236842 0.473684 -0.131579
v 0.236842 0.447368 -0.131579
v 0.236842 0.473684 -0.105263
v 0.236842 0.447368 -0.105263
v 0.236842 0.473684 -0.078947
v 0.236842 0.447368 -0.078947
v 0.210526 0.447368 -0.078947
v 0.210526 0.473684 -0.052632
v 0.236842 0.473684 -0.052632
v 0.236842 0.447368 -0.052632
v 0.210526 0.447368 -0.052632
v 0.210526 0.473684 -0.026316
v 0.236842 0.473684 -0.026316
v 0.210526 0.473684 0.000000
v 0.236842 0.473684 0.000000
v 0.210526 0.473684 0.026316
v 0.236842 0.473684 0.026316
v 0.210526 0.473684 0.052632
v 0.236842 0.473684 0.052632
v 0.236842 0.473684 0.078947
v 0.210526 0.447368 0.052632
v 0.236842 0.447368 0.052632
v 0.236842 0.447368 0.078947
v 0.210526 0.447368 0.078947
v 0.236842 0.473684 0.105263
v 0.236842 0.447368 0.105263
v 0.236842 0.473684 0.131579
v 0.236842 0.447368 0.131579
v 0.236842 0.473684 0.157895
v 0.236842 0.447368 0.157895
v 0.236842 0.473684 0.184211
v 0.236842 0.447368 0.184211
v 0.236842 0.763158 -0.184211
v 0.236842 0.789474 -0.184211
v 0.236842 0.789474 -0.157895
v 0.236842 0.763158 -0.157895
v 0.236842 0.789474 -0.131579
v 0.236842 0.763158 -0.131579
v 0.236842 0.789474 -0.105263
v 0.236842 0.763158 -0.105263
v 0.236842 0.789474 -0.078947
v 0.236842 0.763158 -0.078947
v 0.236842 0.789474 -0.052632
v 0.236842 0.763158 -0.052632
v 0.236842 0.763158 -0.026316
v 0.210526 0.763158 -0.026316
v 0.236842 0.763158 0.000000
v 0.210526 0.763158 0.000000
v 0.236842 0.763158 0.026316
v 0.210526 0.763158 0.026316
v 0.236842 0.763158 0.052632
v 0.236842 0.789474 0.078947
v 0.236842 0.789474 0.052632
v 0.236842 0.763158 0.078947
v 0.236842 0.789474 0.105263
v 0.236842 0.763158 0.105263
v 0.236842 0.789474 0.131579
v 0.236842 0.763158 0.131579
v 0.236842 0.789474 0.157895
v 0.236842 0.763158 0.157895
v 0.236842 0.789474 0.184211
v 0.236842 0.763158 0.184211
v 0.236842 0.789474 -0.052632
v 0.236842 0.815789 -0.052632
v 0.236842 0.815789 -0.026316
v 0.236842 0.789474 -0.026316
v 0.236842 0.789474 0.026316
v 0.236842 0.815789 0.026316
v 0.236842 0.815789 0.052632
v 0.236842 0.789474 0.052632
v 0.236842 0.815789 -0.236842
v 0.236842 0.842105 -0.236842
v 0.236842 0.842105 -0.210526
v 0.236842 0.815789 -0.210526
v 0.236842 0.842105 -0.184211
v 0.236842 0.815789 -0.184211
v 0.236842 0.842105 -0.157895
v 0.236842 0.815789 -0.157895
v 0.236842 0.842105 -0.131579
v 0.236842 0.815789 -0.131579
v 0.236842 0.842105 -0.105263
v 0.236842 0.815789 -0.105263
v 0.236842 0.842105 -0.078947
v 0.236842 0.815789 -0.078947
v 0.236842 0.842105 -0.052632
v 0.236842 0.815789 -0.052632
v 0.236842 0.842105 -0.026316
v 0.236842 0.842105 0.000000
v 0.236842 0.842105 0.026316
v 0.236842 0.842105 0.052632
v 0.236842 0.842105 0.078947
v 0.236842 0.815789 0.052632
v 0.236842 0.815789 0.078947
v 0.236842 0.842105 0.105263
v 0.236842 0.815789 0.105263
v 0.236842 0.842105 0.131579
v 0.236842 0.815789 0.131579
v 0.236842 0.842105 0.157895
v 0.236842 0.815789 0.157895
v 0.236842 0.842105 0.184211
v 0.236842 0.815789 0.184211
v 0.236842 0.842105 0.210526
v 0.236842 0.815789 0.210526
v 0.236842 0.842105 0.236842
v 0.236842 0.815789 0.236842
v 0.263158 0.368421 -0.052632
v 0.263158 0.394737 -0.052632
v 0.263158 0.394737 -0.026316
v 0.263158 0.368421 -0.026316
v 0.236842 0.394737 -0.026316
v 0.263158 0.394737 0.000000
v 0.263158 0.368421 0.000000
v 0.236842 0.394737 0.000000
v 0.263158 0.394737 0.026316
v 0.263158 0.368421 0.026316
v 0.236842 0.394737 0.026316
v 0.263158 0.394737 0.052632
v 0.263158 0.368421 0.052632
v 0.263158 0.447368 -0.157895
v 0.263158 0.473684 -0.157895
v 0.263158 0.473684 -0.131579
v 0.263158 0.447368 -0.131579
v 0.263158 0.473684 -0.105263
v 0.263158 0.447368 -0.105263
v 0.263158 0.473684 -0.078947
v 0.263158 0.447368 -0.078947
v 0.263158 0.473684 -0.052632
v 0.263158 0.447368 -0.052632
v 0.263158 0.473684 -0.026316
v 0.263158 0.447368 -0.026316
v 0.236842 0.447368 -0.026316
v 0.263158 0.473684 0.000000
v 0.263158 0.447368 0.000000
v 0.236842 0.447368 0.000000
v 0.263158 0.473684 0.026316
v 0.263158 0.447368 0.026316
v 0.236842 0.447368 0.026316
v 0.263158 0.473684 0.052632
v 0.263158 0.447368 0.052632
v 0.263158 0.473684 0.078947
v 0.263158 0.447368 0.078947
v 0.263158 0.473684 0.105263
v 0.263158 0.447368 0.105263
v 0.263158 0.473684 0.131579
v 0.263158 0.447368 0.131579
v 0.263158 0.473684 0.157895
v 0.263158 0.447368 0.157895
v 0.263158 0.789474 -0.131579
v 0.263158 0.789474 -0.157895
v 0.263158 0.763158 -0.157895
v 0.263158 0.763158 -0.131579
v 0.263158 0.789474 -0.105263
v 0.263158 0.763158 -0.105263
v 0.263158 0.789474 -0.078947
v 0.263158 0.763158 -0.078947
v 0.263158 0.789474 -0.052632
v 0.263158 0.763158 -0.052632
v 0.236842 0.789474 -0.026316
v 0.263158 0.789474 -0.026316
v 0.263158 0.763158 -0.026316
v 0.263158 0.763158 0.000000
v 0.263158 0.763158 0.026316
v 0.236842 0.789474 0.026316
v 0.263158 0.789474 0.052632
v 0.263158 0.789474 0.026316
v 0.263158 0.763158 0.052632
v 0.263158 0.789474 0.078947
v 0.263158 0.763158 0.078947
v 0.263158 0.789474 0.105263
v 0.263158 0.763158 0.105263
v 0.263158 0.789474 0.131579
v 0.263158 0.763158 0.131579
v 0.263158 0.789474 0.157895
v 0.263158 0.763158 0.157895
v 0.263158 0.789474 -0.026316
v 0.263158 0.815789 -0.026316
v 0.263158 0.815789 0.000000
v 0.263158 0.789474 0.000000
v 0.263158 0.815789 0.026316
v 0.263158 0.789474 0.026316
v 0.263158 0.815789 -0.210526
v 0.263158 0.842105 -0.210526
v 0.263158 0.842105 -0.184211
v 0.263158 0.815789 -0.184211
v 0.263158 0.842105 -0.157895
v 0.263158 0.815789 -0.157895
v 0.263158 0.842105 -0.131579
v 0.263158 0.815789 -0.131579
v 0.263158 0.842105 -0.105263
v 0.263158 0.815789 -0.105263
v 0.263158 0.842105 -0.078947
v 0.263158 0.815789 -0.078947
v 0.263158 0.842105 -0.052632
v 0.263158 0.815789 -0.052632
v 0.263158 0.842105 -0.026316
v 0.263158 0.815789 -0.026316
v 0.236842 0.815789 -0.026316
v 0.263158 0.842105 0.000000
v 0.263158 0.842105 0.026316
v 0.263158 0.842105 0.052632
v 0.236842 0.815789 0.026316
v 0.263158 0.815789 0.026316
v 0.263158 0.815789 0.052632
v 0.263158 0.842105 0.078947
v 0.263158 0.815789 0.078947
v 0.263158 0.842105 0.105263
v 0.263158 0.815789 0.105263
v 0.263158 0.842105 0.131579
v 0.263158 0.815789 0.131579
v 0.263158 0.842105 0.157895
v 0.263158 0.815789 0.157895
v 0.263158 0.842105 0.184211
v 0.263158 0.815789 0.184211
v 0.263158 0.842105 0.210526
v 0.263158 0.815789 0.210526
v 0.289474 0.447368 -0.131579
v 0.289474 0.473684 -0.131579
v 0.289474 0.473684 -0.105263
v 0.289474 0.447368 -0.105263
v 0.289474 0.473684 -0.078947
v 0.289474 0.447368 -0.078947
v 0.289474 0.473684 -0.052632
v 0.289474 0.447368 -0.052632
v 0.289474 0.473684 -0.026316
v 0.289474 0.447368 -0.026316
v 0.289474 0.473684 0.000000
v 0.289474 0.447368 0.000000
v 0.289474 0.473684 0.026316
v 0.289474 0.447368 0.026316
v 0.289474 0.473684 0.052632
v 0.289474 0.447368 0.052632
v 0.289474 0.473684 0.078947
v 0.289474 0.447368 0.078947
v 0.289474 0.473684 0.105263
v 0.289474 0.447368 0.105263
v 0.289474 0.473684 0.131579
v 0.289474 0.447368 0.131579
v 0.289474 0.763158 -0.157895
v 0.289474 0.789474 -0.157895
v 0.289474 0.789474 -0.131579
v 0.289474 0.763158 -0.131579
v 0.289474 0.789474 -0.105263
v 0.289474 0.763158 -0.105263
v 0.289474 0.789474 -0.078947
v 0.289474 0.763158 -0.078947
v 0.289474 0.789474 -0.052632
v 0.289474 0.763158 -0.052632
v 0.289474 0.789474 -0.026316
v 0.289474 0.763158 -0.026316
v 0.263158 0.789474 0.000000
v 0.289474 0.789474 0.000000
v 0.289474 0.763158 0.000000
v 0.289474 0.789474 0.026316
v 0.289474 0.763158 0.026316
v 0.289474 0.789474 0.052632
v 0.289474 0.763158 0.052632
v 0.289474 0.789474 0.078947
v 0.289474 0.763158 0.078947
v 0.289474 0.789474 0.105263
v 0.289474 0.763158 0.105263
v 0.289474 0.789474 0.131579
v 0.289474 0.763158 0.131579
v 0.289474 0.789474 0.157895
v 0.289474 0.763158 0.157895
v 0.289474 0.815789 -0.184211
v 0.289474 0.842105 -0.184211
v 0.289474 0.842105 -0.157895
v 0.289474 0.815789 -0.157895
v 0.289474 0.842105 -0.131579
v 0.289474 0.815789 -0.131579
v 0.289474 0.842105 -0.105263
v 0.289474 0.815789 -0.105263
v 0.289474 0.842105 -0.078947
v 0.289474 0.815789 -0.078947
v 0.289474 0.842105 -0.052632
v 0.289474 0.815789 -0.052632
v 0.289474 0.842105 -0.026316
v 0.289474 0.815789 -0.026316
v 0.289474 0.842105 0.000000
v 0.289474 0.815789 0.000000
v 0.263158 0.815789 0.000000
v 0.289474 0.842105 0.026316
v 0.289474 0.815789 0.026316
v 0.289474 0.842105 0.052632
v 0.289474 0.815789 0.052632
v 0.289474 0.842105 0.078947
v 0.289474 0.815789 0.078947
v 0.289474 0.842105 0.105263
v 0.289474 0.815789 0.105263
v 0.289474 0.842105 0.131579
v 0.289474 0.815789 0.131579
v 0.289474 0.842105 0.157895
v 0.289474 0.815789 0.157895
v 0.289474 0.842105 0.184211
v 0.289474 0.815789 0.184211
v 0.315789 0.447368 -0.026316
v 0.315789 0.473684 -0.026316
v 0.315789 0.473684 0.000000
v 0.315789 0.447368 0.000000
v 0.315789 0.473684 0.026316
v 0.315789 0.447368 0.026316
v 0.315789 0.763158 -0.131579
v 0.315789 0.789474 -0.131579
v 0.315789 0.789474 -0.105263
v 0.315789 0.763158 -0.105263
v 0.315789 0.789474 -0.078947
v 0.315789 0.763158 -0.078947
v 0.315789 0.789474 -0.052632
v 0.315789 0.763158 -0.052632
v 0.315789 0.789474 -0.026316
v 0.315789 0.763158 -0.026316
v 0.315789 0.789474 0.000000
v 0.315789 0.763158 0.000000
v 0.315789 0.789474 0.026316
v 0.315789 0.763158 0.026316
v 0.315789 0.789474 0.052632
v 0.315789 0.763158 0.052632
v 0.315789 0.789474 0.078947
v 0.315789 0.763158 0.078947
v 0.315789 0.789474 0.105263
v 0.315789 0.763158 0.105263
v 0.315789 0.789474 0.131579
v 0.315789 0.763158 0.131579
v 0.315789 0.815789 -0.157895
v 0.315789 0.842105 -0.157895
v 0.315789 0.842105 -0.131579
v 0.315789 0.815789 -0.131579
v 0.315789 0.842105 -0.105263
v 0.315789 0.815789 -0.105263
v 0.315789 0.842105 -0.078947
v 0.315789 0.815789 -0.078947
v 0.315789 0.842105 -0.052632
v 0.315789 0.815789 -0.052632
v 0.315789 0.842105 -0.026316
v 0.315789 0.815789 -0.026316
v 0.315789 0.842105 0.000000
v 0.315789 0.815789 0.000000
v 0.315789 0.842105 0.026316
v 0.315789 0.815789 0.026316
v 0.315789 0.842105 0.052632
v 0.315789 0.815789 0.052632
v 0.315789 0.842105 0.078947
v 0.315789 0.815789 0.078947
v 0.315789 0.842105 0.105263
v 0.315789 0.815789 0.105263
v 0.315789 0.842105 0.131579
v 0.315789 0.815789 0.131579
v 0.315789 0.842105 0.157895
v 0.315789 0.815789 0.157895
v 0.342105 0.763158 -0.078947
v 0.342105 0.789474 -0.078947
v 0.342105 0.789474 -0.052632
v 0.342105 0.763158 -0.052632
v 0.342105 0.789474 -0.026316
v 0.342105 0.763158 -0.026316
v 0.342105 0.789474 0.000000
v 0.342105 0.763158 0.000000
v 0.342105 0.789474 0.026316
v 0.342105 0.763158 0.026316
v 0.342105 0.789474 0.052632
v 0.342105 0.763158 0.052632
v 0.342105 0.789474 0.078947
v 0.342105 0.763158 0.078947
v 0.342105 0.815789 -0.131579
v 0.342105 0.842105 -0.131579
v 0.342105 0.842105 -0.105263
v 0.342105 0.815789 -0.105263
v 0.342105 0.842105 -0.078947
v 0.342105 0.815789 -0.078947
v 0.342105 0.842105 -0.052632
v 0.342105 0.815789 -0.052632
v 0.342105 0.842105 -0.026316
v 0.342105 0.815789 -0.026316
v 0.342105 0.842105 0.000000
v 0.342105 0.815789 0.000000
v 0.342105 0.842105 0.026316
v 0.342105 0.815789 0.026316
v 0.342105 0.842105 0.052632
v 0.342105 0.815789 0.052632
v 0.342105 0.842105 0.078947
v 0.342105 0.815789 0.078947
v 0.342105 0.842105 0.105263
v 0.342105 0.815789 0.105263
v 0.342105 0.842105 0.131579
v 0.342105 0.815789 0.131579
v 0.368421 0.815789 -0.052632
v 0.368421 0.842105 -0.052632
v 0.368421 0.842105 -0.026316
v 0.368421 0.815789 -0.026316
v 0.368421 0.842105 0.000000
v 0.368421 0.815789 0.000000
v 0.368421 0.842105 0.026316
v 0.368421 0.815789 0.026316
v 0.368421 0.842105 0.052632
v 0.368421 0.815789 0.052632
vt 0.248452 0.210526
vt 0.248452 0.210526
vt 0.248452 0.236842
vt 0.248452 0.236842
vt 0.248452 0.236842
vt 0.248452 0.236842
vt 0.248452 0.210526
vt 0.248452 0.210526
vt 0.248452 0.210526
vt 0.248452 0.236842
vt 0.248452 0.236842
vt 0.248452 0.210526
vt 0.248452 0.210526
vt 0.248452 0.236842
vt 0.248452 0.236842
vt 0.248452 0.210526
vt 0.248452 0.210526
vt 0.248452 0.236842
vt 0.248452 0.236842
vt 0.248452 0.210526
vt 0.248452 0.210526
vt 0.248452 0.236842
vt 0.248452 0.236842
vt 0.248452 0.210526
vt 0.248452 0.210526
vt 0.248452 0.236842
vt 0.248452 0.236842
vt 0.248452 0.210526
vt 0.236842 0.157895
vt 0.236842 0.157895
vt 0.236842 0.184211
vt 0.236842 0.184211
vt 0.236842 0.157895
vt 0.236842 0.157895
vt 0.236842 0.184211
vt 0.236842 0.157895
vt 0.236842 0.184211
vt 0.236842 0.157895
vt 0.236842 0.157895
vt 0.236842 0.184211
vt 0.236842 0.157895
vt 0.236842 0.157895
vt 0.236842 0.184211
vt 0.236842 0.157895
vt 0.236842 0.157895
vt 0.236842 0.184211
vt 0.236842 0.157895
vt 0.236842 0.157895
vt 0.236842 0.184211
vt 0.236842 0.157895
vt 0.236842 0.184211
vt 0.223684 0.184211
vt 0.223684 0.184211
vt 0.223684 0.210526
vt 0.223684 0.210526
vt 0.223684 0.210526
vt 0.223684 0.184211
vt 0.223684 0.184211
vt 0.223684 0.210526
vt 0.223684 0.184211
vt 0.223684 0.210526
vt 0.223684 0.184211
vt 0.223684 0.210526
vt 0.223684 0.184211
vt 0.223684 0.210526
vt 0.223684 0.184211
vt 0.223684 0.210526
vt 0.223684 0.184211
vt 0.223684 0.210526
vt 0.248452 0.210526
vt 0.248452 0.210526
vt 0.248452 0.236842
vt 0.248452 0.236842
vt 0.248452 0.236842
vt 0.248452 0.236842
vt 0.248452 0.210526
vt 0.248452 0.210526
vt 0.248452 0.236842
vt 0.248452 0.210526
vt 0.248452 0.210526
vt 0.248452 0.236842
vt 0.248452 0.236842
vt 0.248452 0.236842
vt 0.248452 0.210526
vt 0.248452 0.210526
vt 0.248452 0.210526
vt 0.248452 0.236842
vt 0.248452 0.236842
vt 0.248452 0.210526
vt 0.184211 0.236842
vt 0.184211 0.236842
vt 0.184211 0.263158
vt 0.184211 0.263158
vt 0.184211 0.263158
vt 0.184211 0.236842
vt 0.184211 0.236842
vt 0.184211 0.263158
vt 0.184211 0.236842
vt 0.184211 0.263158
vt 0.184211 0.236842
vt 0.184211 0.263158
vt 0.184211 0.236842
vt 0.184211 0.263158
vt 0.184211 0.236842
vt 0.184211 0.263158
vt 0.184211 0.236842
vt 0.184211 0.263158
vt 0.184211 0.289474
vt 0.184211 0.289474
vt 0.184211 0.289474
vt 0.184211 0.289474
vt 0.184211 0.289474
vt 0.184211 0.289474
vt 0.184211 0.289474
vt 0.184211 0.289474
vt 0.184211 0.289474
vt 0.184211 0.289474
vt 0.184211 0.289474
vt 0.184211 0.289474
vt 0.184211 0.289474
vt 0.184211 0.289474
vt 0.223684 0.131579
vt 0.223684 0.131579
vt 0.223684 0.157895
vt 0.223684 0.157895
vt 0.223684 0.131579
vt 0.223684 0.131579
vt 0.223684 0.157895
vt 0.223684 0.131579
vt 0.223684 0.157895
vt 0.223684 0.131579
vt 0.223684 0.131579
vt 0.223684 0.157895
vt 0.223684 0.131579
vt 0.223684 0.131579
vt 0.223684 0.157895
vt 0.223684 0.131579
vt 0.223684 0.131579
vt 0.223684 0.157895
vt 0.223684 0.131579
vt 0.223684 0.131579
vt 0.223684 0.157895
vt 0.223684 0.131579
vt 0.223684 0.157895
vt 0.236842 0.157895
vt 0.236842 0.157895
vt 0.236842 0.184211
vt 0.236842 0.184211
vt 0.236842 0.157895
vt 0.236842 0.157895
vt 0.236842 0.184211
vt 0.236842 0.157895
vt 0.236842 0.157895
vt 0.236842 0.184211
vt 0.236842 0.157895
vt 0.236842 0.157895
vt 0.236842 0.157895
vt 0.236842 0.184211
vt 0.236842 0.157895
vt 0.236842 0.184211
vt 0.223684 0.184211
vt 0.223684 0.184211
vt 0.223684 0.210526
vt 0.223684 0.210526
vt 0.223684 0.210526
vt 0.223684 0.184211
vt 0.223684 0.184211
vt 0.223684 0.210526
vt 0.223684 0.184211
vt 0.223684 0.210526
vt 0.223684 0.184211
vt 0.223684 0.210526
vt 0.248452 0.210526
vt 0.248452 0.236842
vt 0.248452 0.236842
vt 0.248452 0.236842
vt 0.248452 0.210526
vt 0.248452 0.210526
vt 0.248452 0.236842
vt 0.248452 0.236842
vt 0.248452 0.236842
vt 0.248452 0.210526
vt 0.248452 0.236842
vt 0.248452 0.236842
vt 0.248452 0.210526
vt 0.248452 0.210526
vt 0.184211 0.236842
vt 0.184211 0.263158
vt 0.184211 0.263158
vt 0.184211 0.236842
vt 0.184211 0.236842
vt 0.184211 0.263158
vt 0.184211 0.236842
vt 0.184211 0.263158
vt 0.184211 0.289474
vt 0.184211 0.289474
vt 0.184211 0.289474
vt 0.184211 0.289474
vt 0.184211 0.289474
vt 0.184211 0.289474
vt 0.184211 0.315789
vt 0.184211 0.315789
vt 0.184211 0.315789
vt 0.184211 0.315789
vt 0.184211 0.315789
vt 0.184211 0.315789
vt 0.184211 0.315789
vt 0.184211 0.315789
vt 0.184211 0.315789
vt 0.184211 0.315789
vt 0.184211 0.315789
vt 0.184211 0.315789
vt 0.184211 0.315789
vt 0.184211 0.315789
vt 0.271053 0.447368
vt 0.271053 0.447368
vt 0.271053 0.473684
vt 0.271053 0.473684
vt 0.271053 0.473684
vt 0.271053 0.473684
vt 0.271053 0.447368
vt 0.271053 0.447368
vt 0.271053 0.447368
vt 0.271053 0.473684
vt 0.271053 0.473684
vt 0.271053 0.447368
vt 0.271053 0.447368
vt 0.271053 0.473684
vt 0.271053 0.473684
vt 0.271053 0.447368
vt 0.271053 0.447368
vt 0.271053 0.473684
vt 0.271053 0.473684
vt 0.271053 0.447368
vt 0.271053 0.447368
vt 0.271053 0.473684
vt 0.271053 0.473684
vt 0.271053 0.447368
vt 0.271053 0.447368
vt 0.271053 0.473684
vt 0.271053 0.473684
vt 0.271053 0.447368
vt 0.210526 0.000000
vt 0.210526 0.000000
vt 0.210526 0.026316
vt 0.210526 0.026316
vt 0.210526 0.026316
vt 0.210526 0.026316
vt 0.210526 0.000000
vt 0.210526 0.000000
vt 0.210526 0.000000
vt 0.210526 0.026316
vt 0.210526 0.026316
vt 0.210526 0.000000
vt 0.210526 0.000000
vt 0.210526 0.026316
vt 0.210526 0.026316
vt 0.210526 0.000000
vt 0.210526 0.000000
vt 0.210526 0.026316
vt 0.210526 0.026316
vt 0.210526 0.000000
vt 0.210526 0.000000
vt 0.210526 0.026316
vt 0.210526 0.026316
vt 0.210526 0.000000
vt 0.210526 0.000000
vt 0.210526 0.026316
vt 0.210526 0.026316
vt 0.210526 0.000000
vt 0.223684 0.131579
vt 0.223684 0.131579
vt 0.223684 0.157895
vt 0.223684 0.157895
vt 0.223684 0.131579
vt 0.223684 0.131579
vt 0.223684 0.157895
vt 0.223684 0.131579
vt 0.223684 0.131579
vt 0.223684 0.131579
vt 0.223684 0.131579
vt 0.223684 0.131579
vt 0.223684 0.131579
vt 0.223684 0.131579
vt 0.223684 0.131579
vt 0.223684 0.157895
vt 0.223684 0.131579
vt 0.223684 0.131579
vt 0.223684 0.157895
vt 0.223684 0.131579
vt 0.223684 0.157895
vt 0.236842 0.157895
vt 0.236842 0.184211
vt 0.236842 0.157895
vt 0.236842 0.157895
vt 0.236842 0.184211
vt 0.236842 0.157895
vt 0.236842 0.184211
vt 0.236842 0.157895
vt 0.236842 0.157895
vt 0.236842 0.184211
vt 0.223684 0.184211
vt 0.223684 0.210526
vt 0.223684 0.210526
vt 0.223684 0.184211
vt 0.223684 0.184211
vt 0.223684 0.210526
vt 0.223684 0.184211
vt 0.223684 0.210526
vt 0.248452 0.210526
vt 0.248452 0.236842
vt 0.248452 0.236842
vt 0.248452 0.236842
vt 0.248452 0.210526
vt 0.248452 0.210526
vt 0.248452 0.236842
vt 0.248452 0.236842
vt 0.248452 0.236842
vt 0.248452 0.210526
vt 0.248452 0.236842
vt 0.248452 0.236842
vt 0.248452 0.210526
vt 0.248452 0.210526
vt 0.184211 0.236842
vt 0.184211 0.263158
vt 0.184211 0.263158
vt 0.184211 0.236842
vt 0.184211 0.236842
vt 0.184211 0.263158
vt 0.184211 0.236842
vt 0.184211 0.263158
vt 0.184211 0.289474
vt 0.184211 0.289474
vt 0.184211 0.289474
vt 0.184211 0.289474
vt 0.184211 0.289474
vt 0.184211 0.289474
vt 0.184211 0.315789
vt 0.184211 0.315789
vt 0.184211 0.315789
vt 0.184211 0.315789
vt 0.184211 0.315789
vt 0.184211 0.315789
vt 0.184211 0.342105
vt 0.184211 0.342105
vt 0.184211 0.342105
vt 0.184211 0.342105
vt 0.184211 0.342105
vt 0.184211 0.342105
vt 0.184211 0.342105
vt 0.184211 0.342105
vt 0.184211 0.342105
vt 0.184211 0.342105
vt 0.184211 0.342105
vt 0.184211 0.342105
vt 0.184211 0.342105
vt 0.184211 0.342105
vt 0.233083 0.368421
vt 0.233083 0.368421
vt 0.233083 0.394737
vt 0.233083 0.394737
vt 0.233083 0.394737
vt 0.233083 0.394737
vt 0.233083 0.368421
vt 0.233083 0.368421
vt 0.233083 0.368421
vt 0.233083 0.394737
vt 0.233083 0.394737
vt 0.233083 0.368421
vt 0.233083 0.368421
vt 0.233083 0.394737
vt 0.233083 0.394737
vt 0.233083 0.368421
vt 0.233083 0.368421
vt 0.233083 0.394737
vt 0.233083 0.394737
vt 0.233083 0.368421
vt 0.233083 0.368421
vt 0.233083 0.394737
vt 0.233083 0.394737
vt 0.233083 0.368421
vt 0.233083 0.368421
vt 0.233083 0.394737
vt 0.233083 0.394737
vt 0.233083 0.368421
vt 0.271053 0.447368
vt 0.271053 0.447368
vt 0.271053 0.473684
vt 0.271053 0.473684
vt 0.271053 0.473684
vt 0.271053 0.473684
vt 0.271053 0.447368
vt 0.271053 0.447368
vt 0.271053 0.473684
vt 0.271053 0.447368
vt 0.271053 0.473684
vt 0.271053 0.447368
vt 0.271053 0.473684
vt 0.271053 0.447368
vt 0.271053 0.473684
vt 0.271053 0.447368
vt 0.271053 0.473684
vt 0.271053 0.447368
vt 0.271053 0.473684
vt 0.271053 0.447368
vt 0.271053 0.473684
vt 0.271053 0.447368
vt 0.271053 0.447368
vt 0.271053 0.473684
vt 0.271053 0.473684
vt 0.271053 0.447368
vt 0.271053 0.447368
vt 0.271053 0.473684
vt 0.271053 0.473684
vt 0.271053 0.447368
vt 0.206140 0.526316
vt 0.206140 0.526316
vt 0.206140 0.552632
vt 0.206140 0.552632
vt 0.206140 0.552632
vt 0.206140 0.552632
vt 0.206140 0.526316
vt 0.206140 0.526316
vt 0.206140 0.526316
vt 0.206140 0.552632
vt 0.206140 0.552632
vt 0.206140 0.526316
vt 0.206140 0.526316
vt 0.206140 0.552632
vt 0.206140 0.552632
vt 0.206140 0.526316
vt 0.206140 0.526316
vt 0.206140 0.552632
vt 0.206140 0.552632
vt 0.206140 0.526316
vt 0.072368 0.868421
vt 0.072368 0.868421
vt 0.072368 0.894737
vt 0.072368 0.894737
vt 0.072368 0.894737
vt 0.072368 0.894737
vt 0.072368 0.868421
vt 0.072368 0.868421
vt 0.072368 0.868421
vt 0.072368 0.894737
vt 0.072368 0.894737
vt 0.072368 0.868421
vt 0.072368 0.868421
vt 0.072368 0.894737
vt 0.072368 0.894737
vt 0.072368 0.868421
vt 0.072368 0.868421
vt 0.072368 0.894737
vt 0.072368 0.894737
vt 0.072368 0.868421
vt 0.210526 0.000000
vt 0.210526 0.000000
vt 0.210526 0.026316
vt 0.210526 0.026316
vt 0.210526 0.026316
vt 0.210526 0.026316
vt 0.210526 0.000000
vt 0.210526 0.000000
vt 0.210526 0.026316
vt 0.210526 0.000000
vt 0.210526 0.026316
vt 0.210526 0.000000
vt 0.210526 0.026316
vt 0.210526 0.000000
vt 0.210526 0.026316
vt 0.210526 0.000000
vt 0.210526 0.026316
vt 0.210526 0.000000
vt 0.210526 0.026316
vt 0.210526 0.000000
vt 0.210526 0.026316
vt 0.210526 0.000000
vt 0.210526 0.000000
vt 0.210526 0.026316
vt 0.210526 0.026316
vt 0.210526 0.000000
vt 0.210526 0.000000
vt 0.210526 0.026316
vt 0.210526 0.026316
vt 0.210526 0.000000
vt 0.210526 0.105263
vt 0.210526 0.105263
vt 0.210526 0.131579
vt 0.210526 0.131579
vt 0.210526 0.105263
vt 0.210526 0.105263
vt 0.210526 0.131579
vt 0.210526 0.105263
vt 0.210526 0.131579
vt 0.210526 0.105263
vt 0.210526 0.105263
vt 0.210526 0.131579
vt 0.210526 0.105263
vt 0.210526 0.105263
vt 0.210526 0.131579
vt 0.210526 0.105263
vt 0.210526 0.105263
vt 0.210526 0.131579
vt 0.210526 0.105263
vt 0.210526 0.105263
vt 0.210526 0.131579
vt 0.210526 0.105263
vt 0.210526 0.131579
vt 0.223684 0.131579
vt 0.223684 0.157895
vt 0.223684 0.131579
vt 0.223684 0.131579
vt 0.223684 0.157895
vt 0.223684 0.131579
vt 0.223684 0.131579
vt 0.223684 0.131579
vt 0.223684 0.131579
vt 0.223684 0.131579
vt 0.223684 0.131579
vt 0.223684 0.157895
vt 0.223684 0.131579
vt 0.223684 0.157895
vt 0.236842 0.157895
vt 0.236842 0.184211
vt 0.236842 0.157895
vt 0.236842 0.157895
vt 0.236842 0.184211
vt 0.236842 0.157895
vt 0.236842 0.184211
vt 0.236842 0.157895
vt 0.236842 0.157895
vt 0.236842 0.184211
vt 0.223684 0.184211
vt 0.223684 0.210526
vt 0.223684 0.210526
vt 0.223684 0.184211
vt 0.223684 0.184211
vt 0.223684 0.210526
vt 0.223684 0.184211
vt 0.223684 0.210526
vt 0.248452 0.210526
vt 0.248452 0.236842
vt 0.248452 0.236842
vt 0.248452 0.236842
vt 0.248452 0.210526
vt 0.248452 0.210526
vt 0.248452 0.236842
vt 0.248452 0.236842
vt 0.248452 0.236842
vt 0.248452 0.210526
vt 0.248452 0.236842
vt 0.248452 0.236842
vt 0.248452 0.210526
vt 0.248452 0.210526
vt 0.184211 0.236842
vt 0.184211 0.263158
vt 0.184211 0.263158
vt 0.184211 0.236842
vt 0.184211 0.236842
vt 0.184211 0.263158
vt 0.184211 0.236842
vt 0.184211 0.263158
vt 0.184211 0.289474
vt 0.184211 0.289474
vt 0.184211 0.289474
vt 0.184211 0.289474
vt 0.184211 0.289474
vt 0.184211 0.289474
vt 0.184211 0.315789
vt 0.184211 0.315789
vt 0.184211 0.315789
vt 0.184211 0.315789
vt 0.184211 0.315789
vt 0.184211 0.315789
vt 0.184211 0.342105
vt 0.184211 0.342105
vt 0.184211 0.342105
vt 0.184211 0.342105
vt 0.184211 0.342105
vt 0.184211 0.342105
vt 0.197368 0.342105
vt 0.197368 0.342105
vt 0.197368 0.368421
vt 0.197368 0.368421
vt 0.197368 0.368421
vt 0.197368 0.342105
vt 0.197368 0.342105
vt 0.197368 0.368421
vt 0.197368 0.342105
vt 0.197368 0.368421
vt 0.197368 0.342105
vt 0.197368 0.368421
vt 0.197368 0.342105
vt 0.197368 0.368421
vt 0.197368 0.342105
vt 0.197368 0.368421
vt 0.197368 0.342105
vt 0.197368 0.368421
vt 0.233083 0.368421
vt 0.233083 0.368421
vt 0.233083 0.394737
vt 0.233083 0.394737
vt 0.233083 0.394737
vt 0.233083 0.394737
vt 0.233083 0.368421
vt 0.233083 0.368421
vt 0.233083 0.394737
vt 0.233083 0.368421
vt 0.233083 0.394737
vt 0.233083 0.394737
vt 0.233083 0.394737
vt 0.233083 0.394737
vt 0.233083 0.394737
vt 0.233083 0.394737
vt 0.233083 0.368421
vt 0.233083 0.394737
vt 0.233083 0.394737
vt 0.233083 0.368421
vt 0.233083 0.368421
vt 0.233083 0.368421
vt 0.233083 0.394737
vt 0.233083 0.394737
vt 0.233083 0.368421
vt 0.271053 0.447368
vt 0.271053 0.447368
vt 0.271053 0.473684
vt 0.271053 0.473684
vt 0.271053 0.473684
vt 0.271053 0.473684
vt 0.271053 0.447368
vt 0.271053 0.447368
vt 0.271053 0.473684
vt 0.271053 0.447368
vt 0.271053 0.473684
vt 0.271053 0.447368
vt 0.271053 0.473684
vt 0.271053 0.447368
vt 0.271053 0.473684
vt 0.271053 0.447368
vt 0.271053 0.473684
vt 0.271053 0.447368
vt 0.271053 0.473684
vt 0.271053 0.447368
vt 0.271053 0.473684
vt 0.271053 0.447368
vt 0.271053 0.473684
vt 0.271053 0.447368
vt 0.271053 0.473684
vt 0.271053 0.447368
vt 0.271053 0.473684
vt 0.271053 0.447368
vt 0.271053 0.473684
vt 0.271053 0.447368
vt 0.271053 0.447368
vt 0.271053 0.473684
vt 0.271053 0.473684
vt 0.271053 0.447368
vt 0.271053 0.447368
vt 0.271053 0.473684
vt 0.271053 0.473684
vt 0.271053 0.447368
vt 0.206140 0.526316
vt 0.206140 0.526316
vt 0.206140 0.552632
vt 0.206140 0.552632
vt 0.206140 0.552632
vt 0.206140 0.552632
vt 0.206140 0.526316
vt 0.206140 0.526316
vt 0.206140 0.552632
vt 0.206140 0.526316
vt 0.206140 0.526316
vt 0.206140 0.526316
vt 0.206140 0.526316
vt 0.206140 0.526316
vt 0.206140 0.526316
vt 0.206140 0.552632
vt 0.206140 0.552632
vt 0.206140 0.552632
vt 0.206140 0.526316
vt 0.206140 0.526316
vt 0.206140 0.552632
vt 0.206140 0.552632
vt 0.206140 0.526316
vt 0.131579 0.552632
vt 0.131579 0.552632
vt 0.131579 0.578947
vt 0.131579 0.578947
vt 0.131579 0.578947
vt 0.131579 0.552632
vt 0.131579 0.552632
vt 0.131579 0.578947
vt 0.131579 0.552632
vt 0.131579 0.578947
vt 0.131579 0.552632
vt 0.131579 0.578947
vt 0.131579 0.552632
vt 0.131579 0.578947
vt 0.118421 0.578947
vt 0.118421 0.578947
vt 0.118421 0.605263
vt 0.118421 0.605263
vt 0.118421 0.605263
vt 0.118421 0.578947
vt 0.118421 0.578947
vt 0.118421 0.605263
vt 0.118421 0.578947
vt 0.118421 0.605263
vt 0.118421 0.578947
vt 0.118421 0.605263
vt 0.118421 0.578947
vt 0.118421 0.605263
vt 0.118421 0.631579
vt 0.118421 0.631579
vt 0.118421 0.631579
vt 0.118421 0.631579
vt 0.118421 0.631579
vt 0.118421 0.631579
vt 0.118421 0.631579
vt 0.144737 0.631579
vt 0.144737 0.631579
vt 0.144737 0.657895
vt 0.144737 0.657895
vt 0.144737 0.657895
vt 0.144737 0.657895
vt 0.144737 0.631579
vt 0.144737 0.631579
vt 0.144737 0.657895
vt 0.144737 0.657895
vt 0.144737 0.631579
vt 0.144737 0.657895
vt 0.144737 0.657895
vt 0.144737 0.631579
vt 0.144737 0.657895
vt 0.144737 0.657895
vt 0.144737 0.631579
vt 0.072368 0.894737
vt 0.072368 0.894737
vt 0.072368 0.868421
vt 0.072368 0.868421
vt 0.072368 0.894737
vt 0.072368 0.868421
vt 0.072368 0.894737
vt 0.072368 0.868421
vt 0.072368 0.894737
vt 0.072368 0.868421
vt 0.100877 0.921053
vt 0.100877 0.921053
vt 0.100877 0.947368
vt 0.100877 0.947368
vt 0.100877 0.947368
vt 0.100877 0.947368
vt 0.100877 0.921053
vt 0.100877 0.921053
vt 0.100877 0.921053
vt 0.100877 0.947368
vt 0.100877 0.947368
vt 0.100877 0.921053
vt 0.210526 0.000000
vt 0.210526 0.026316
vt 0.210526 0.026316
vt 0.210526 0.026316
vt 0.210526 0.000000
vt 0.210526 0.000000
vt 0.210526 0.026316
vt 0.210526 0.000000
vt 0.210526 0.026316
vt 0.210526 0.000000
vt 0.210526 0.026316
vt 0.210526 0.000000
vt 0.210526 0.000000
vt 0.210526 0.000000
vt 0.210526 0.000000
vt 0.210526 0.000000
vt 0.210526 0.026316
vt 0.210526 0.026316
vt 0.210526 0.000000
vt 0.210526 0.026316
vt 0.210526 0.000000
vt 0.210526 0.026316
vt 0.210526 0.000000
vt 0.210526 0.000000
vt 0.210526 0.026316
vt 0.210526 0.026316
vt 0.210526 0.000000
vt 0.157895 0.026316
vt 0.157895 0.026316
vt 0.157895 0.052632
vt 0.157895 0.052632
vt 0.157895 0.052632
vt 0.157895 0.052632
vt 0.157895 0.026316
vt 0.157895 0.026316
vt 0.157895 0.052632
vt 0.157895 0.052632
vt 0.157895 0.026316
vt 0.157895 0.052632
vt 0.157895 0.052632
vt 0.157895 0.026316
vt 0.157895 0.052632
vt 0.157895 0.052632
vt 0.157895 0.026316
vt 0.184211 0.078947
vt 0.184211 0.078947
vt 0.184211 0.105263
vt 0.184211 0.105263
vt 0.184211 0.078947
vt 0.184211 0.078947
vt 0.184211 0.105263
vt 0.184211 0.078947
vt 0.184211 0.105263
vt 0.184211 0.078947
vt 0.184211 0.078947
vt 0.184211 0.105263
vt 0.184211 0.078947
vt 0.184211 0.078947
vt 0.184211 0.105263
vt 0.184211 0.078947
vt 0.184211 0.078947
vt 0.184211 0.105263
vt 0.184211 0.078947
vt 0.184211 0.078947
vt 0.184211 0.105263
vt 0.184211 0.078947
vt 0.184211 0.105263
vt 0.210526 0.105263
vt 0.210526 0.105263
vt 0.210526 0.131579
vt 0.210526 0.131579
vt 0.210526 0.105263
vt 0.210526 0.105263
vt 0.210526 0.131579
vt 0.210526 0.105263
vt 0.210526 0.105263
vt 0.210526 0.131579
vt 0.210526 0.105263
vt 0.210526 0.105263
vt 0.210526 0.105263
vt 0.210526 0.131579
vt 0.210526 0.105263
vt 0.210526 0.131579
vt 0.223684 0.131579
vt 0.223684 0.157895
vt 0.223684 0.131579
vt 0.223684 0.131579
vt 0.223684 0.157895
vt 0.223684 0.131579
vt 0.223684 0.131579
vt 0.223684 0.131579
vt 0.223684 0.131579
vt 0.223684 0.157895
vt 0.223684 0.131579
vt 0.223684 0.157895
vt 0.236842 0.157895
vt 0.236842 0.184211
vt 0.236842 0.157895
vt 0.236842 0.157895
vt 0.236842 0.184211
vt 0.236842 0.157895
vt 0.236842 0.184211
vt 0.236842 0.157895
vt 0.236842 0.157895
vt 0.236842 0.184211
vt 0.223684 0.184211
vt 0.223684 0.210526
vt 0.223684 0.210526
vt 0.223684 0.184211
vt 0.223684 0.184211
vt 0.223684 0.210526
vt 0.223684 0.184211
vt 0.223684 0.210526
vt 0.248452 0.210526
vt 0.248452 0.236842
vt 0.248452 0.236842
vt 0.248452 0.236842
vt 0.248452 0.210526
vt 0.248452 0.210526
vt 0.248452 0.236842
vt 0.248452 0.236842
vt 0.248452 0.236842
vt 0.248452 0.210526
vt 0.248452 0.236842
vt 0.248452 0.236842
vt 0.248452 0.210526
vt 0.248452 0.210526
vt 0.184211 0.236842
vt 0.184211 0.263158
vt 0.184211 0.263158
vt 0.184211 0.236842
vt 0.184211 0.236842
vt 0.184211 0.263158
vt 0.184211 0.236842
vt 0.184211 0.263158
vt 0.184211 0.289474
vt 0.184211 0.289474
vt 0.184211 0.289474
vt 0.184211 0.289474
vt 0.184211 0.289474
vt 0.184211 0.289474
vt 0.184211 0.315789
vt 0.184211 0.315789
vt 0.184211 0.315789
vt 0.184211 0.315789
vt 0.184211 0.315789
vt 0.184211 0.315789
vt 0.184211 0.342105
vt 0.184211 0.342105
vt 0.184211 0.342105
vt 0.184211 0.342105
vt 0.197368 0.342105
vt 0.197368 0.342105
vt 0.197368 0.368421
vt 0.197368 0.368421
vt 0.197368 0.368421
vt 0.197368 0.342105
vt 0.197368 0.342105
vt 0.197368 0.368421
vt 0.197368 0.342105
vt 0.197368 0.368421
vt 0.197368 0.342105
vt 0.197368 0.368421
vt 0.233083 0.368421
vt 0.233083 0.394737
vt 0.233083 0.394737
vt 0.233083 0.394737
vt 0.233083 0.368421
vt 0.233083 0.368421
vt 0.233083 0.394737
vt 0.233083 0.394737
vt 0.233083 0.394737
vt 0.233083 0.394737
vt 0.233083 0.394737
vt 0.233083 0.394737
vt 0.233083 0.394737
vt 0.233083 0.394737
vt 0.233083 0.394737
vt 0.233083 0.394737
vt 0.233083 0.368421
vt 0.233083 0.394737
vt 0.233083 0.394737
vt 0.233083 0.368421
vt 0.233083 0.368421
vt 0.271053 0.447368
vt 0.271053 0.473684
vt 0.271053 0.473684
vt 0.271053 0.473684
vt 0.271053 0.447368
vt 0.271053 0.447368
vt 0.271053 0.473684
vt 0.271053 0.447368
vt 0.271053 0.473684
vt 0.271053 0.447368
vt 0.271053 0.473684
vt 0.271053 0.447368
vt 0.271053 0.473684
vt 0.271053 0.447368
vt 0.271053 0.473684
vt 0.271053 0.447368
vt 0.271053 0.473684
vt 0.271053 0.447368
vt 0.271053 0.473684
vt 0.271053 0.447368
vt 0.271053 0.473684
vt 0.271053 0.447368
vt 0.271053 0.473684
vt 0.271053 0.447368
vt 0.271053 0.473684
vt 0.271053 0.447368
vt 0.271053 0.473684
vt 0.271053 0.447368
vt 0.271053 0.473684
vt 0.271053 0.447368
vt 0.271053 0.473684
vt 0.271053 0.447368
vt 0.271053 0.473684
vt 0.271053 0.447368
vt 0.271053 0.447368
vt 0.271053 0.473684
vt 0.271053 0.473684
vt 0.271053 0.447368
vt 0.206140 0.526316
vt 0.206140 0.552632
vt 0.206140 0.552632
vt 0.206140 0.552632
vt 0.206140 0.526316
vt 0.206140 0.526316
vt 0.206140 0.526316
vt 0.206140 0.526316
vt 0.206140 0.526316
vt 0.206140 0.526316
vt 0.206140 0.526316
vt 0.206140 0.526316
vt 0.206140 0.526316
vt 0.206140 0.526316
vt 0.206140 0.526316
vt 0.206140 0.552632
vt 0.206140 0.552632
vt 0.206140 0.552632
vt 0.206140 0.526316
vt 0.131579 0.552632
vt 0.131579 0.552632
vt 0.131579 0.578947
vt 0.131579 0.578947
vt 0.131579 0.578947
vt 0.131579 0.578947
vt 0.131579 0.552632
vt 0.131579 0.552632
vt 0.131579 0.578947
vt 0.131579 0.552632
vt 0.131579 0.578947
vt 0.131579 0.578947
vt 0.131579 0.578947
vt 0.131579 0.552632
vt 0.118421 0.578947
vt 0.118421 0.605263
vt 0.118421 0.605263
vt 0.118421 0.578947
vt 0.118421 0.578947
vt 0.118421 0.605263
vt 0.118421 0.578947
vt 0.118421 0.605263
vt 0.118421 0.631579
vt 0.118421 0.631579
vt 0.118421 0.631579
vt 0.118421 0.631579
vt 0.144737 0.631579
vt 0.144737 0.631579
vt 0.144737 0.657895
vt 0.144737 0.657895
vt 0.144737 0.657895
vt 0.144737 0.657895
vt 0.144737 0.631579
vt 0.144737 0.631579
vt 0.144737 0.657895
vt 0.144737 0.657895
vt 0.144737 0.657895
vt 0.144737 0.657895
vt 0.144737 0.657895
vt 0.144737 0.631579
vt 0.144737 0.657895
vt 0.144737 0.657895
vt 0.144737 0.631579
vt 0.144737 0.657895
vt 0.144737 0.657895
vt 0.144737 0.631579
vt 0.144737 0.631579
vt 0.258772 0.815789
vt 0.258772 0.815789
vt 0.258772 0.842105
vt 0.258772 0.842105
vt 0.258772 0.842105
vt 0.258772 0.842105
vt 0.258772 0.815789
vt 0.258772 0.815789
vt 0.258772 0.815789
vt 0.258772 0.842105
vt 0.258772 0.842105
vt 0.258772 0.815789
vt 0.258772 0.815789
vt 0.258772 0.842105
vt 0.258772 0.842105
vt 0.258772 0.815789
vt 0.258772 0.815789
vt 0.258772 0.842105
vt 0.258772 0.842105
vt 0.258772 0.815789
vt 0.258772 0.815789
vt 0.258772 0.842105
vt 0.258772 0.842105
vt 0.258772 0.815789
vt 0.258772 0.815789
vt 0.258772 0.842105
vt 0.258772 0.842105
vt 0.258772 0.815789
vt 0.072368 0.868421
vt 0.072368 0.894737
vt 0.072368 0.894737
vt 0.072368 0.894737
vt 0.072368 0.868421
vt 0.072368 0.868421
vt 0.072368 0.894737
vt 0.072368 0.868421
vt 0.072368 0.868421
vt 0.072368 0.868421
vt 0.072368 0.894737
vt 0.072368 0.894737
vt 0.072368 0.868421
vt 0.072368 0.868421
vt 0.072368 0.894737
vt 0.072368 0.894737
vt 0.072368 0.868421
vt 0.013158 0.894737
vt 0.013158 0.921053
vt 0.013158 0.921053
vt 0.013158 0.894737
vt 0.013158 0.894737
vt 0.013158 0.894737
vt 0.013158 0.921053
vt 0.013158 0.921053
vt 0.013158 0.921053
vt 0.013158 0.894737
vt 0.013158 0.894737
vt 0.013158 0.921053
vt 0.100877 0.921053
vt 0.100877 0.921053
vt 0.100877 0.947368
vt 0.100877 0.947368
vt 0.100877 0.947368
vt 0.100877 0.947368
vt 0.100877 0.921053
vt 0.100877 0.921053
vt 0.100877 0.947368
vt 0.100877 0.921053
vt 0.100877 0.947368
vt 0.100877 0.947368
vt 0.100877 0.921053
vt 0.100877 0.947368
vt 0.100877 0.947368
vt 0.100877 0.921053
vt 0.100877 0.921053
vt 0.100877 0.921053
vt 0.100877 0.947368
vt 0.100877 0.947368
vt 0.100877 0.921053
vt 0.210526 0.000000
vt 0.210526 0.026316
vt 0.210526 0.026316
vt 0.210526 0.026316
vt 0.210526 0.000000
vt 0.210526 0.000000
vt 0.210526 0.026316
vt 0.210526 0.000000
vt 0.210526 0.026316
vt 0.210526 0.000000
vt 0.210526 0.000000
vt 0.210526 0.000000
vt 0.210526 0.000000
vt 0.210526 0.000000
vt 0.210526 0.000000
vt 0.210526 0.000000
vt 0.210526 0.000000
vt 0.210526 0.000000
vt 0.210526 0.026316
vt 0.210526 0.026316
vt 0.210526 0.000000
vt 0.210526 0.026316
vt 0.210526 0.000000
vt 0.210526 0.000000
vt 0.210526 0.026316
vt 0.210526 0.026316
vt 0.210526 0.000000
vt 0.157895 0.026316
vt 0.157895 0.026316
vt 0.157895 0.052632
vt 0.157895 0.052632
vt 0.157895 0.052632
vt 0.157895 0.052632
vt 0.157895 0.026316
vt 0.157895 0.052632
vt 0.157895 0.052632
vt 0.157895 0.052632
vt 0.157895 0.052632
vt 0.157895 0.052632
vt 0.157895 0.026316
vt 0.157895 0.052632
vt 0.157895 0.052632
vt 0.157895 0.026316
vt 0.157895 0.052632
vt 0.157895 0.052632
vt 0.157895 0.026316
vt 0.184211 0.078947
vt 0.184211 0.105263
vt 0.184211 0.078947
vt 0.184211 0.078947
vt 0.184211 0.105263
vt 0.184211 0.078947
vt 0.184211 0.078947
vt 0.184211 0.078947
vt 0.184211 0.078947
vt 0.184211 0.078947
vt 0.184211 0.078947
vt 0.184211 0.078947
vt 0.184211 0.105263
vt 0.184211 0.078947
vt 0.184211 0.105263
vt 0.210526 0.105263
vt 0.210526 0.131579
vt 0.210526 0.105263
vt 0.210526 0.105263
vt 0.210526 0.131579
vt 0.210526 0.105263
vt 0.210526 0.105263
vt 0.210526 0.105263
vt 0.210526 0.105263
vt 0.210526 0.131579
vt 0.210526 0.105263
vt 0.210526 0.131579
vt 0.223684 0.131579
vt 0.223684 0.157895
vt 0.223684 0.131579
vt 0.223684 0.131579
vt 0.223684 0.157895
vt 0.223684 0.131579
vt 0.223684 0.131579
vt 0.223684 0.131579
vt 0.223684 0.131579
vt 0.223684 0.157895
vt 0.223684 0.131579
vt 0.223684 0.157895
vt 0.236842 0.184211
vt 0.236842 0.157895
vt 0.236842 0.157895
vt 0.236842 0.184211
vt 0.223684 0.210526
vt 0.223684 0.184211
vt 0.223684 0.184211
vt 0.223684 0.210526
vt 0.248452 0.236842
vt 0.248452 0.236842
vt 0.248452 0.210526
vt 0.248452 0.210526
vt 0.248452 0.236842
vt 0.248452 0.236842
vt 0.248452 0.236842
vt 0.248452 0.236842
vt 0.248452 0.210526
vt 0.248452 0.210526
vt 0.184211 0.263158
vt 0.184211 0.236842
vt 0.184211 0.236842
vt 0.184211 0.263158
vt 0.184211 0.289474
vt 0.184211 0.289474
vt 0.184211 0.315789
vt 0.184211 0.315789
vt 0.184211 0.315789
vt 0.184211 0.315789
vt 0.184211 0.315789
vt 0.184211 0.315789
vt 0.184211 0.342105
vt 0.184211 0.342105
vt 0.184211 0.342105
vt 0.184211 0.342105
vt 0.197368 0.342105
vt 0.197368 0.368421
vt 0.197368 0.368421
vt 0.197368 0.342105
vt 0.197368 0.342105
vt 0.197368 0.368421
vt 0.197368 0.342105
vt 0.197368 0.368421
vt 0.233083 0.368421
vt 0.233083 0.394737
vt 0.233083 0.394737
vt 0.233083 0.394737
vt 0.233083 0.368421
vt 0.233083 0.368421
vt 0.233083 0.394737
vt 0.233083 0.394737
vt 0.233083 0.394737
vt 0.233083 0.394737
vt 0.233083 0.394737
vt 0.233083 0.394737
vt 0.233083 0.394737
vt 0.233083 0.394737
vt 0.233083 0.394737
vt 0.233083 0.394737
vt 0.233083 0.394737
vt 0.233083 0.394737
vt 0.233083 0.368421
vt 0.233083 0.394737
vt 0.233083 0.394737
vt 0.233083 0.368421
vt 0.233083 0.368421
vt 0.271053 0.447368
vt 0.271053 0.473684
vt 0.271053 0.473684
vt 0.271053 0.473684
vt 0.271053 0.447368
vt 0.271053 0.447368
vt 0.271053 0.473684
vt 0.271053 0.447368
vt 0.271053 0.473684
vt 0.271053 0.447368
vt 0.271053 0.473684
vt 0.271053 0.447368
vt 0.271053 0.473684
vt 0.271053 0.447368
vt 0.271053 0.473684
vt 0.271053 0.447368
vt 0.271053 0.447368
vt 0.271053 0.447368
vt 0.271053 0.447368
vt 0.271053 0.447368
vt 0.271053 0.447368
vt 0.271053 0.447368
vt 0.271053 0.473684
vt 0.271053 0.473684
vt 0.271053 0.447368
vt 0.271053 0.473684
vt 0.271053 0.447368
vt 0.271053 0.473684
vt 0.271053 0.447368
vt 0.271053 0.473684
vt 0.271053 0.447368
vt 0.271053 0.473684
vt 0.271053 0.447368
vt 0.271053 0.447368
vt 0.271053 0.473684
vt 0.271053 0.473684
vt 0.271053 0.447368
vt 0.171053 0.473684
vt 0.171053 0.473684
vt 0.171053 0.500000
vt 0.171053 0.500000
vt 0.171053 0.500000
vt 0.171053 0.500000
vt 0.171053 0.473684
vt 0.171053 0.473684
vt 0.171053 0.500000
vt 0.171053 0.473684
vt 0.171053 0.500000
vt 0.171053 0.473684
vt 0.171053 0.500000
vt 0.171053 0.473684
vt 0.171053 0.500000
vt 0.171053 0.473684
vt 0.171053 0.500000
vt 0.171053 0.500000
vt 0.171053 0.500000
vt 0.171053 0.473684
vt 0.157895 0.500000
vt 0.157895 0.500000
vt 0.157895 0.526316
vt 0.157895 0.526316
vt 0.157895 0.526316
vt 0.157895 0.500000
vt 0.157895 0.500000
vt 0.157895 0.526316
vt 0.157895 0.500000
vt 0.157895 0.526316
vt 0.157895 0.500000
vt 0.157895 0.526316
vt 0.157895 0.500000
vt 0.157895 0.526316
vt 0.206140 0.526316
vt 0.206140 0.552632
vt 0.206140 0.552632
vt 0.206140 0.552632
vt 0.206140 0.526316
vt 0.206140 0.526316
vt 0.206140 0.552632
vt 0.206140 0.526316
vt 0.206140 0.526316
vt 0.206140 0.526316
vt 0.206140 0.526316
vt 0.206140 0.526316
vt 0.206140 0.526316
vt 0.206140 0.552632
vt 0.206140 0.552632
vt 0.206140 0.526316
vt 0.206140 0.526316
vt 0.206140 0.552632
vt 0.206140 0.552632
vt 0.206140 0.526316
vt 0.131579 0.578947
vt 0.131579 0.552632
vt 0.131579 0.552632
vt 0.131579 0.578947
vt 0.118421 0.578947
vt 0.118421 0.605263
vt 0.118421 0.605263
vt 0.118421 0.578947
vt 0.118421 0.578947
vt 0.118421 0.605263
vt 0.118421 0.578947
vt 0.118421 0.605263
vt 0.118421 0.631579
vt 0.118421 0.631579
vt 0.118421 0.631579
vt 0.118421 0.631579
vt 0.144737 0.631579
vt 0.144737 0.657895
vt 0.144737 0.657895
vt 0.144737 0.657895
vt 0.144737 0.631579
vt 0.144737 0.631579
vt 0.144737 0.657895
vt 0.144737 0.657895
vt 0.144737 0.657895
vt 0.144737 0.657895
vt 0.144737 0.657895
vt 0.144737 0.631579
vt 0.144737 0.657895
vt 0.144737 0.657895
vt 0.144737 0.631579
vt 0.144737 0.631579
vt 0.144737 0.684211
vt 0.144737 0.684211
vt 0.144737 0.684211
vt 0.144737 0.684211
vt 0.144737 0.684211
vt 0.144737 0.684211
vt 0.144737 0.684211
vt 0.144737 0.684211
vt 0.144737 0.684211
vt 0.144737 0.684211
vt 0.258772 0.815789
vt 0.258772 0.815789
vt 0.258772 0.842105
vt 0.258772 0.842105
vt 0.258772 0.842105
vt 0.258772 0.842105
vt 0.258772 0.815789
vt 0.258772 0.815789
vt 0.258772 0.842105
vt 0.258772 0.815789
vt 0.258772 0.842105
vt 0.258772 0.815789
vt 0.258772 0.842105
vt 0.258772 0.815789
vt 0.258772 0.842105
vt 0.258772 0.815789
vt 0.258772 0.842105
vt 0.258772 0.815789
vt 0.258772 0.842105
vt 0.258772 0.815789
vt 0.258772 0.842105
vt 0.258772 0.815789
vt 0.258772 0.815789
vt 0.258772 0.842105
vt 0.258772 0.842105
vt 0.258772 0.815789
vt 0.258772 0.815789
vt 0.258772 0.842105
vt 0.258772 0.842105
vt 0.258772 0.815789
vt 0.072368 0.868421
vt 0.072368 0.894737
vt 0.072368 0.894737
vt 0.072368 0.868421
vt 0.072368 0.894737
vt 0.072368 0.868421
vt 0.072368 0.894737
vt 0.072368 0.894737
vt 0.072368 0.868421
vt 0.072368 0.894737
vt 0.072368 0.868421
vt 0.072368 0.894737
vt 0.072368 0.868421
vt 0.072368 0.894737
vt 0.072368 0.868421
vt 0.100877 0.947368
vt 0.100877 0.947368
vt 0.100877 0.921053
vt 0.100877 0.921053
vt 0.100877 0.947368
vt 0.100877 0.921053
vt 0.100877 0.921053
vt 0.100877 0.921053
vt 0.100877 0.921053
vt 0.100877 0.947368
vt 0.100877 0.947368
vt 0.100877 0.921053
vt 0.100877 0.947368
vt 0.100877 0.921053
vt 0.013158 0.947368
vt 0.013158 0.973684
vt 0.013158 0.973684
vt 0.013158 0.947368
vt 0.013158 0.947368
vt 0.013158 0.947368
vt 0.013158 0.973684
vt 0.013158 0.973684
vt 0.013158 0.973684
vt 0.013158 0.947368
vt 0.013158 0.947368
vt 0.013158 0.973684
vt 0.013158 1.000000
vt 0.013158 1.000000
vt 0.013158 1.000000
vt 0.013158 1.000000
vt 0.013158 1.000000
vt 0.013158 1.000000
vt 0.210526 0.026316
vt 0.210526 0.026316
vt 0.210526 0.000000
vt 0.210526 0.000000
vt 0.210526 0.026316
vt 0.210526 0.000000
vt 0.210526 0.000000
vt 0.210526 0.000000
vt 0.210526 0.000000
vt 0.210526 0.000000
vt 0.210526 0.000000
vt 0.210526 0.000000
vt 0.210526 0.000000
vt 0.210526 0.000000
vt 0.210526 0.000000
vt 0.210526 0.000000
vt 0.210526 0.026316
vt 0.210526 0.026316
vt 0.210526 0.000000
vt 0.210526 0.026316
vt 0.210526 0.000000
vt 0.157895 0.026316
vt 0.157895 0.052632
vt 0.157895 0.052632
vt 0.157895 0.052632
vt 0.157895 0.026316
vt 0.157895 0.052632
vt 0.157895 0.052632
vt 0.157895 0.052632
vt 0.157895 0.052632
vt 0.157895 0.052632
vt 0.157895 0.026316
vt 0.157895 0.052632
vt 0.157895 0.052632
vt 0.157895 0.026316
vt 0.131579 0.052632
vt 0.131579 0.052632
vt 0.131579 0.078947
vt 0.131579 0.078947
vt 0.131579 0.078947
vt 0.131579 0.052632
vt 0.131579 0.052632
vt 0.131579 0.078947
vt 0.131579 0.052632
vt 0.131579 0.078947
vt 0.131579 0.052632
vt 0.131579 0.078947
vt 0.131579 0.052632
vt 0.131579 0.078947
vt 0.184211 0.078947
vt 0.184211 0.105263
vt 0.184211 0.078947
vt 0.184211 0.078947
vt 0.184211 0.105263
vt 0.184211 0.078947
vt 0.184211 0.078947
vt 0.184211 0.078947
vt 0.184211 0.078947
vt 0.184211 0.078947
vt 0.184211 0.078947
vt 0.184211 0.105263
vt 0.184211 0.078947
vt 0.184211 0.105263
vt 0.210526 0.105263
vt 0.210526 0.131579
vt 0.210526 0.105263
vt 0.210526 0.105263
vt 0.210526 0.131579
vt 0.210526 0.105263
vt 0.210526 0.105263
vt 0.210526 0.105263
vt 0.210526 0.105263
vt 0.210526 0.131579
vt 0.210526 0.105263
vt 0.210526 0.131579
vt 0.223684 0.131579
vt 0.223684 0.131579
vt 0.223684 0.157895
vt 0.223684 0.131579
vt 0.223684 0.131579
vt 0.223684 0.157895
vt 0.236842 0.157895
vt 0.236842 0.184211
vt 0.236842 0.184211
vt 0.236842 0.184211
vt 0.236842 0.157895
vt 0.236842 0.157895
vt 0.236842 0.157895
vt 0.236842 0.184211
vt 0.236842 0.184211
vt 0.236842 0.184211
vt 0.236842 0.157895
vt 0.236842 0.157895
vt 0.223684 0.210526
vt 0.223684 0.184211
vt 0.223684 0.184211
vt 0.223684 0.210526
vt 0.248452 0.236842
vt 0.248452 0.236842
vt 0.248452 0.210526
vt 0.248452 0.210526
vt 0.248452 0.236842
vt 0.248452 0.236842
vt 0.248452 0.236842
vt 0.248452 0.236842
vt 0.248452 0.210526
vt 0.248452 0.210526
vt 0.184211 0.263158
vt 0.184211 0.236842
vt 0.184211 0.236842
vt 0.184211 0.263158
vt 0.184211 0.289474
vt 0.184211 0.289474
vt 0.184211 0.315789
vt 0.184211 0.315789
vt 0.184211 0.342105
vt 0.184211 0.342105
vt 0.184211 0.342105
vt 0.184211 0.342105
vt 0.184211 0.342105
vt 0.184211 0.342105
vt 0.197368 0.368421
vt 0.197368 0.342105
vt 0.197368 0.342105
vt 0.197368 0.368421
vt 0.233083 0.368421
vt 0.233083 0.394737
vt 0.233083 0.394737
vt 0.233083 0.394737
vt 0.233083 0.368421
vt 0.233083 0.368421
vt 0.233083 0.394737
vt 0.233083 0.368421
vt 0.233083 0.394737
vt 0.233083 0.394737
vt 0.233083 0.394737
vt 0.233083 0.394737
vt 0.233083 0.394737
vt 0.233083 0.394737
vt 0.233083 0.394737
vt 0.233083 0.394737
vt 0.233083 0.368421
vt 0.233083 0.368421
vt 0.233083 0.368421
vt 0.233083 0.394737
vt 0.233083 0.394737
vt 0.233083 0.368421
vt 0.171053 0.394737
vt 0.171053 0.394737
vt 0.171053 0.421053
vt 0.171053 0.421053
vt 0.171053 0.421053
vt 0.171053 0.421053
vt 0.171053 0.394737
vt 0.171053 0.394737
vt 0.171053 0.421053
vt 0.171053 0.421053
vt 0.171053 0.394737
vt 0.171053 0.421053
vt 0.171053 0.421053
vt 0.171053 0.394737
vt 0.171053 0.421053
vt 0.171053 0.421053
vt 0.171053 0.394737
vt 0.171053 0.421053
vt 0.171053 0.421053
vt 0.171053 0.394737
vt 0.171053 0.421053
vt 0.171053 0.421053
vt 0.171053 0.394737
vt 0.271053 0.473684
vt 0.271053 0.473684
vt 0.271053 0.447368
vt 0.271053 0.447368
vt 0.271053 0.473684
vt 0.271053 0.447368
vt 0.271053 0.473684
vt 0.271053 0.447368
vt 0.271053 0.473684
vt 0.271053 0.447368
vt 0.271053 0.473684
vt 0.271053 0.447368
vt 0.271053 0.447368
vt 0.271053 0.447368
vt 0.271053 0.447368
vt 0.271053 0.447368
vt 0.271053 0.447368
vt 0.271053 0.447368
vt 0.271053 0.447368
vt 0.271053 0.447368
vt 0.271053 0.473684
vt 0.271053 0.473684
vt 0.271053 0.447368
vt 0.271053 0.473684
vt 0.271053 0.447368
vt 0.271053 0.473684
vt 0.271053 0.447368
vt 0.271053 0.473684
vt 0.271053 0.447368
vt 0.271053 0.473684
vt 0.271053 0.447368
vt 0.171053 0.473684
vt 0.171053 0.500000
vt 0.171053 0.500000
vt 0.171053 0.473684
vt 0.171053 0.473684
vt 0.171053 0.500000
vt 0.171053 0.473684
vt 0.171053 0.500000
vt 0.157895 0.500000
vt 0.157895 0.500000
vt 0.157895 0.526316
vt 0.157895 0.526316
vt 0.157895 0.526316
vt 0.157895 0.500000
vt 0.157895 0.500000
vt 0.157895 0.526316
vt 0.157895 0.500000
vt 0.157895 0.526316
vt 0.157895 0.500000
vt 0.157895 0.526316
vt 0.206140 0.526316
vt 0.206140 0.552632
vt 0.206140 0.552632
vt 0.206140 0.552632
vt 0.206140 0.526316
vt 0.206140 0.526316
vt 0.206140 0.552632
vt 0.206140 0.526316
vt 0.206140 0.526316
vt 0.206140 0.526316
vt 0.206140 0.526316
vt 0.206140 0.552632
vt 0.206140 0.552632
vt 0.206140 0.526316
vt 0.206140 0.526316
vt 0.206140 0.552632
vt 0.206140 0.552632
vt 0.206140 0.526316
vt 0.131579 0.552632
vt 0.131579 0.578947
vt 0.131579 0.578947
vt 0.131579 0.578947
vt 0.131579 0.552632
vt 0.131579 0.552632
vt 0.131579 0.578947
vt 0.131579 0.578947
vt 0.131579 0.578947
vt 0.131579 0.552632
vt 0.118421 0.605263
vt 0.118421 0.578947
vt 0.118421 0.578947
vt 0.118421 0.605263
vt 0.118421 0.631579
vt 0.118421 0.631579
vt 0.144737 0.657895
vt 0.144737 0.657895
vt 0.144737 0.631579
vt 0.144737 0.631579
vt 0.144737 0.657895
vt 0.144737 0.657895
vt 0.144737 0.631579
vt 0.144737 0.631579
vt 0.144737 0.684211
vt 0.144737 0.684211
vt 0.144737 0.684211
vt 0.144737 0.684211
vt 0.144737 0.684211
vt 0.144737 0.684211
vt 0.144737 0.684211
vt 0.144737 0.684211
vt 0.144737 0.684211
vt 0.144737 0.684211
vt 0.144737 0.684211
vt 0.144737 0.684211
vt 0.144737 0.684211
vt 0.258772 0.815789
vt 0.258772 0.815789
vt 0.258772 0.842105
vt 0.258772 0.842105
vt 0.258772 0.842105
vt 0.258772 0.842105
vt 0.258772 0.815789
vt 0.258772 0.815789
vt 0.258772 0.842105
vt 0.258772 0.815789
vt 0.258772 0.842105
vt 0.258772 0.815789
vt 0.258772 0.842105
vt 0.258772 0.815789
vt 0.258772 0.842105
vt 0.258772 0.815789
vt 0.258772 0.815789
vt 0.258772 0.815789
vt 0.258772 0.815789
vt 0.258772 0.815789
vt 0.258772 0.842105
vt 0.258772 0.842105
vt 0.258772 0.815789
vt 0.258772 0.842105
vt 0.258772 0.815789
vt 0.258772 0.842105
vt 0.258772 0.815789
vt 0.258772 0.815789
vt 0.258772 0.842105
vt 0.258772 0.842105
vt 0.258772 0.815789
vt 0.258772 0.815789
vt 0.258772 0.842105
vt 0.258772 0.842105
vt 0.258772 0.815789
vt 0.128947 0.842105
vt 0.128947 0.842105
vt 0.128947 0.868421
vt 0.128947 0.868421
vt 0.128947 0.868421
vt 0.128947 0.842105
vt 0.128947 0.842105
vt 0.128947 0.868421
vt 0.128947 0.842105
vt 0.128947 0.868421
vt 0.128947 0.842105
vt 0.128947 0.868421
vt 0.128947 0.842105
vt 0.128947 0.868421
vt 0.072368 0.868421
vt 0.072368 0.894737
vt 0.072368 0.894737
vt 0.072368 0.868421
vt 0.072368 0.894737
vt 0.072368 0.868421
vt 0.072368 0.894737
vt 0.072368 0.868421
vt 0.072368 0.894737
vt 0.072368 0.868421
vt 0.100877 0.921053
vt 0.100877 0.947368
vt 0.100877 0.947368
vt 0.100877 0.947368
vt 0.100877 0.921053
vt 0.100877 0.921053
vt 0.100877 0.947368
vt 0.100877 0.921053
vt 0.100877 0.947368
vt 0.100877 0.921053
vt 0.100877 0.947368
vt 0.100877 0.947368
vt 0.100877 0.921053
vt 0.100877 0.947368
vt 0.100877 0.921053
vt 0.100877 0.947368
vt 0.100877 0.921053
vt 0.100877 0.947368
vt 0.100877 0.921053
vt 0.100877 0.921053
vt 0.100877 0.947368
vt 0.100877 0.947368
vt 0.100877 0.921053
vt 0.210526 0.000000
vt 0.210526 0.026316
vt 0.210526 0.026316
vt 0.210526 0.026316
vt 0.210526 0.000000
vt 0.210526 0.000000
vt 0.210526 0.026316
vt 0.210526 0.000000
vt 0.210526 0.026316
vt 0.210526 0.000000
vt 0.210526 0.000000
vt 0.210526 0.000000
vt 0.210526 0.000000
vt 0.210526 0.000000
vt 0.210526 0.000000
vt 0.210526 0.000000
vt 0.210526 0.000000
vt 0.210526 0.000000
vt 0.210526 0.000000
vt 0.210526 0.000000
vt 0.210526 0.026316
vt 0.210526 0.026316
vt 0.210526 0.000000
vt 0.210526 0.026316
vt 0.210526 0.000000
vt 0.210526 0.000000
vt 0.210526 0.026316
vt 0.210526 0.026316
vt 0.210526 0.000000
vt 0.157895 0.052632
vt 0.157895 0.052632
vt 0.157895 0.026316
vt 0.157895 0.052632
vt 0.157895 0.052632
vt 0.157895 0.026316
vt 0.131579 0.052632
vt 0.131579 0.052632
vt 0.131579 0.078947
vt 0.131579 0.078947
vt 0.131579 0.078947
vt 0.131579 0.052632
vt 0.131579 0.052632
vt 0.131579 0.078947
vt 0.131579 0.052632
vt 0.131579 0.078947
vt 0.131579 0.052632
vt 0.131579 0.078947
vt 0.184211 0.078947
vt 0.184211 0.105263
vt 0.184211 0.078947
vt 0.184211 0.078947
vt 0.184211 0.105263
vt 0.184211 0.078947
vt 0.184211 0.078947
vt 0.184211 0.078947
vt 0.184211 0.078947
vt 0.184211 0.105263
vt 0.184211 0.078947
vt 0.184211 0.105263
vt 0.210526 0.105263
vt 0.210526 0.105263
vt 0.210526 0.131579
vt 0.210526 0.105263
vt 0.210526 0.105263
vt 0.210526 0.131579
vt 0.223684 0.131579
vt 0.223684 0.131579
vt 0.223684 0.157895
vt 0.223684 0.131579
vt 0.223684 0.131579
vt 0.223684 0.157895
vt 0.236842 0.184211
vt 0.236842 0.184211
vt 0.236842 0.157895
vt 0.236842 0.157895
vt 0.236842 0.184211
vt 0.236842 0.184211
vt 0.236842 0.157895
vt 0.236842 0.157895
vt 0.223684 0.210526
vt 0.223684 0.184211
vt 0.223684 0.184211
vt 0.223684 0.210526
vt 0.248452 0.236842
vt 0.248452 0.236842
vt 0.248452 0.210526
vt 0.248452 0.210526
vt 0.248452 0.236842
vt 0.248452 0.236842
vt 0.248452 0.236842
vt 0.248452 0.236842
vt 0.248452 0.210526
vt 0.248452 0.210526
vt 0.184211 0.263158
vt 0.184211 0.236842
vt 0.184211 0.236842
vt 0.184211 0.263158
vt 0.184211 0.289474
vt 0.184211 0.289474
vt 0.184211 0.315789
vt 0.184211 0.315789
vt 0.184211 0.342105
vt 0.184211 0.342105
vt 0.197368 0.342105
vt 0.197368 0.368421
vt 0.197368 0.368421
vt 0.197368 0.342105
vt 0.197368 0.342105
vt 0.197368 0.368421
vt 0.197368 0.342105
vt 0.197368 0.368421
vt 0.233083 0.394737
vt 0.233083 0.394737
vt 0.233083 0.368421
vt 0.233083 0.368421
vt 0.233083 0.394737
vt 0.233083 0.394737
vt 0.233083 0.394737
vt 0.233083 0.394737
vt 0.233083 0.394737
vt 0.233083 0.394737
vt 0.233083 0.394737
vt 0.233083 0.394737
vt 0.233083 0.368421
vt 0.233083 0.368421
vt 0.171053 0.394737
vt 0.171053 0.421053
vt 0.171053 0.421053
vt 0.171053 0.421053
vt 0.171053 0.394737
vt 0.171053 0.421053
vt 0.171053 0.421053
vt 0.171053 0.421053
vt 0.171053 0.394737
vt 0.171053 0.421053
vt 0.171053 0.421053
vt 0.171053 0.394737
vt 0.157895 0.421053
vt 0.157895 0.421053
vt 0.157895 0.447368
vt 0.157895 0.447368
vt 0.157895 0.447368
vt 0.157895 0.421053
vt 0.157895 0.421053
vt 0.157895 0.447368
vt 0.157895 0.421053
vt 0.157895 0.447368
vt 0.157895 0.421053
vt 0.157895 0.447368
vt 0.157895 0.421053
vt 0.157895 0.447368
vt 0.271053 0.447368
vt 0.271053 0.473684
vt 0.271053 0.473684
vt 0.271053 0.473684
vt 0.271053 0.447368
vt 0.271053 0.447368
vt 0.271053 0.473684
vt 0.271053 0.447368
vt 0.271053 0.473684
vt 0.271053 0.447368
vt 0.271053 0.473684
vt 0.271053 0.447368
vt 0.271053 0.473684
vt 0.271053 0.447368
vt 0.271053 0.447368
vt 0.271053 0.447368
vt 0.271053 0.447368
vt 0.271053 0.447368
vt 0.271053 0.447368
vt 0.271053 0.447368
vt 0.271053 0.447368
vt 0.271053 0.473684
vt 0.271053 0.473684
vt 0.271053 0.447368
vt 0.271053 0.473684
vt 0.271053 0.447368
vt 0.271053 0.473684
vt 0.271053 0.447368
vt 0.271053 0.473684
vt 0.271053 0.447368
vt 0.271053 0.447368
vt 0.271053 0.473684
vt 0.271053 0.473684
vt 0.271053 0.447368
vt 0.171053 0.473684
vt 0.171053 0.500000
vt 0.171053 0.500000
vt 0.171053 0.473684
vt 0.171053 0.473684
vt 0.171053 0.500000
vt 0.171053 0.473684
vt 0.171053 0.500000
vt 0.157895 0.500000
vt 0.157895 0.526316
vt 0.157895 0.526316
vt 0.157895 0.500000
vt 0.157895 0.500000
vt 0.157895 0.526316
vt 0.157895 0.500000
vt 0.157895 0.526316
vt 0.206140 0.552632
vt 0.206140 0.552632
vt 0.206140 0.526316
vt 0.206140 0.526316
vt 0.206140 0.552632
vt 0.206140 0.526316
vt 0.206140 0.552632
vt 0.206140 0.552632
vt 0.206140 0.526316
vt 0.206140 0.526316
vt 0.206140 0.552632
vt 0.206140 0.526316
vt 0.131579 0.578947
vt 0.131579 0.552632
vt 0.131579 0.552632
vt 0.131579 0.578947
vt 0.118421 0.578947
vt 0.118421 0.605263
vt 0.118421 0.605263
vt 0.118421 0.578947
vt 0.118421 0.578947
vt 0.118421 0.605263
vt 0.118421 0.578947
vt 0.118421 0.605263
vt 0.118421 0.605263
vt 0.118421 0.578947
vt 0.118421 0.578947
vt 0.118421 0.605263
vt 0.118421 0.631579
vt 0.118421 0.631579
vt 0.118421 0.631579
vt 0.118421 0.631579
vt 0.118421 0.631579
vt 0.118421 0.631579
vt 0.144737 0.657895
vt 0.144737 0.631579
vt 0.144737 0.631579
vt 0.144737 0.657895
vt 0.144737 0.684211
vt 0.144737 0.684211
vt 0.144737 0.684211
vt 0.144737 0.684211
vt 0.144737 0.684211
vt 0.144737 0.684211
vt 0.144737 0.684211
vt 0.144737 0.684211
vt 0.144737 0.684211
vt 0.144737 0.684211
vt 0.131579 0.684211
vt 0.131579 0.684211
vt 0.131579 0.710526
vt 0.131579 0.710526
vt 0.131579 0.710526
vt 0.131579 0.710526
vt 0.131579 0.684211
vt 0.131579 0.684211
vt 0.131579 0.710526
vt 0.131579 0.710526
vt 0.131579 0.684211
vt 0.131579 0.710526
vt 0.131579 0.710526
vt 0.131579 0.684211
vt 0.131579 0.710526
vt 0.131579 0.710526
vt 0.131579 0.684211
vt 0.258772 0.815789
vt 0.258772 0.842105
vt 0.258772 0.842105
vt 0.258772 0.842105
vt 0.258772 0.815789
vt 0.258772 0.815789
vt 0.258772 0.842105
vt 0.258772 0.815789
vt 0.258772 0.842105
vt 0.258772 0.815789
vt 0.258772 0.842105
vt 0.258772 0.815789
vt 0.258772 0.815789
vt 0.258772 0.815789
vt 0.258772 0.815789
vt 0.258772 0.815789
vt 0.258772 0.815789
vt 0.258772 0.815789
vt 0.258772 0.815789
vt 0.258772 0.815789
vt 0.258772 0.842105
vt 0.258772 0.842105
vt 0.258772 0.815789
vt 0.258772 0.842105
vt 0.258772 0.815789
vt 0.258772 0.842105
vt 0.258772 0.815789
vt 0.258772 0.815789
vt 0.258772 0.842105
vt 0.258772 0.842105
vt 0.258772 0.815789
vt 0.128947 0.842105
vt 0.128947 0.842105
vt 0.128947 0.868421
vt 0.128947 0.868421
vt 0.128947 0.868421
vt 0.128947 0.868421
vt 0.128947 0.842105
vt 0.128947 0.868421
vt 0.128947 0.868421
vt 0.128947 0.868421
vt 0.128947 0.868421
vt 0.128947 0.868421
vt 0.128947 0.868421
vt 0.128947 0.868421
vt 0.128947 0.868421
vt 0.128947 0.842105
vt 0.128947 0.868421
vt 0.128947 0.868421
vt 0.128947 0.842105
vt 0.128947 0.868421
vt 0.128947 0.868421
vt 0.128947 0.842105
vt 0.100877 0.947368
vt 0.100877 0.947368
vt 0.100877 0.921053
vt 0.100877 0.921053
vt 0.100877 0.947368
vt 0.100877 0.921053
vt 0.100877 0.947368
vt 0.100877 0.921053
vt 0.100877 0.947368
vt 0.100877 0.921053
vt 0.100877 0.947368
vt 0.100877 0.921053
vt 0.100877 0.947368
vt 0.100877 0.921053
vt 0.100877 0.947368
vt 0.100877 0.921053
vt 0.100877 0.947368
vt 0.100877 0.921053
vt 0.210526 0.026316
vt 0.210526 0.026316
vt 0.210526 0.000000
vt 0.210526 0.000000
vt 0.210526 0.026316
vt 0.210526 0.000000
vt 0.210526 0.000000
vt 0.210526 0.000000
vt 0.210526 0.000000
vt 0.210526 0.000000
vt 0.210526 0.000000
vt 0.210526 0.000000
vt 0.210526 0.000000
vt 0.210526 0.000000
vt 0.210526 0.000000
vt 0.210526 0.000000
vt 0.210526 0.000000
vt 0.210526 0.000000
vt 0.210526 0.026316
vt 0.210526 0.026316
vt 0.210526 0.000000
vt 0.210526 0.026316
vt 0.210526 0.000000
vt 0.157895 0.026316
vt 0.157895 0.052632
vt 0.157895 0.052632
vt 0.157895 0.052632
vt 0.157895 0.026316
vt 0.157895 0.052632
vt 0.157895 0.052632
vt 0.157895 0.052632
vt 0.157895 0.026316
vt 0.157895 0.052632
vt 0.157895 0.052632
vt 0.157895 0.026316
vt 0.131579 0.078947
vt 0.131579 0.052632
vt 0.131579 0.052632
vt 0.131579 0.078947
vt 0.184211 0.078947
vt 0.184211 0.105263
vt 0.184211 0.078947
vt 0.184211 0.078947
vt 0.184211 0.105263
vt 0.184211 0.078947
vt 0.184211 0.078947
vt 0.184211 0.078947
vt 0.184211 0.078947
vt 0.184211 0.078947
vt 0.184211 0.078947
vt 0.184211 0.105263
vt 0.184211 0.078947
vt 0.184211 0.105263
vt 0.210526 0.105263
vt 0.210526 0.131579
vt 0.210526 0.105263
vt 0.210526 0.105263
vt 0.210526 0.131579
vt 0.210526 0.105263
vt 0.210526 0.131579
vt 0.210526 0.105263
vt 0.210526 0.105263
vt 0.210526 0.131579
vt 0.223684 0.157895
vt 0.223684 0.131579
vt 0.223684 0.131579
vt 0.223684 0.157895
vt 0.236842 0.157895
vt 0.236842 0.157895
vt 0.236842 0.184211
vt 0.236842 0.157895
vt 0.236842 0.157895
vt 0.236842 0.184211
vt 0.223684 0.184211
vt 0.223684 0.210526
vt 0.223684 0.210526
vt 0.223684 0.184211
vt 0.223684 0.184211
vt 0.223684 0.210526
vt 0.223684 0.184211
vt 0.223684 0.210526
vt 0.223684 0.210526
vt 0.223684 0.184211
vt 0.223684 0.184211
vt 0.223684 0.210526
vt 0.248452 0.236842
vt 0.248452 0.236842
vt 0.248452 0.210526
vt 0.248452 0.236842
vt 0.248452 0.236842
vt 0.248452 0.236842
vt 0.248452 0.236842
vt 0.248452 0.210526
vt 0.184211 0.263158
vt 0.184211 0.236842
vt 0.184211 0.236842
vt 0.184211 0.263158
vt 0.184211 0.289474
vt 0.184211 0.289474
vt 0.184211 0.315789
vt 0.184211 0.315789
vt 0.184211 0.342105
vt 0.184211 0.342105
vt 0.197368 0.368421
vt 0.197368 0.342105
vt 0.197368 0.342105
vt 0.197368 0.368421
vt 0.233083 0.368421
vt 0.233083 0.394737
vt 0.233083 0.394737
vt 0.233083 0.394737
vt 0.233083 0.368421
vt 0.233083 0.368421
vt 0.233083 0.394737
vt 0.233083 0.368421
vt 0.233083 0.394737
vt 0.233083 0.394737
vt 0.233083 0.394737
vt 0.233083 0.394737
vt 0.233083 0.394737
vt 0.233083 0.394737
vt 0.233083 0.368421
vt 0.233083 0.368421
vt 0.233083 0.368421
vt 0.233083 0.394737
vt 0.233083 0.394737
vt 0.233083 0.368421
vt 0.171053 0.394737
vt 0.171053 0.421053
vt 0.171053 0.421053
vt 0.171053 0.421053
vt 0.171053 0.394737
vt 0.171053 0.394737
vt 0.171053 0.421053
vt 0.171053 0.421053
vt 0.171053 0.421053
vt 0.171053 0.394737
vt 0.157895 0.421053
vt 0.157895 0.421053
vt 0.157895 0.447368
vt 0.157895 0.447368
vt 0.157895 0.447368
vt 0.157895 0.421053
vt 0.157895 0.421053
vt 0.157895 0.447368
vt 0.157895 0.421053
vt 0.157895 0.447368
vt 0.157895 0.421053
vt 0.157895 0.447368
vt 0.271053 0.473684
vt 0.271053 0.473684
vt 0.271053 0.447368
vt 0.271053 0.447368
vt 0.271053 0.473684
vt 0.271053 0.447368
vt 0.271053 0.473684
vt 0.271053 0.447368
vt 0.271053 0.473684
vt 0.271053 0.447368
vt 0.271053 0.447368
vt 0.271053 0.447368
vt 0.271053 0.447368
vt 0.271053 0.447368
vt 0.271053 0.447368
vt 0.271053 0.473684
vt 0.271053 0.473684
vt 0.271053 0.447368
vt 0.271053 0.473684
vt 0.271053 0.447368
vt 0.271053 0.473684
vt 0.271053 0.447368
vt 0.271053 0.473684
vt 0.271053 0.447368
vt 0.171053 0.473684
vt 0.171053 0.500000
vt 0.171053 0.500000
vt 0.171053 0.500000
vt 0.171053 0.473684
vt 0.171053 0.473684
vt 0.171053 0.500000
vt 0.171053 0.500000
vt 0.171053 0.500000
vt 0.171053 0.473684
vt 0.157895 0.526316
vt 0.157895 0.500000
vt 0.157895 0.500000
vt 0.157895 0.526316
vt 0.206140 0.526316
vt 0.206140 0.552632
vt 0.206140 0.552632
vt 0.206140 0.552632
vt 0.206140 0.526316
vt 0.206140 0.526316
vt 0.206140 0.552632
vt 0.206140 0.526316
vt 0.206140 0.552632
vt 0.206140 0.526316
vt 0.206140 0.552632
vt 0.206140 0.552632
vt 0.206140 0.526316
vt 0.206140 0.526316
vt 0.206140 0.552632
vt 0.206140 0.526316
vt 0.206140 0.526316
vt 0.206140 0.552632
vt 0.206140 0.552632
vt 0.206140 0.526316
vt 0.131579 0.578947
vt 0.131579 0.578947
vt 0.131579 0.578947
vt 0.131579 0.552632
vt 0.131579 0.578947
vt 0.131579 0.578947
vt 0.131579 0.578947
vt 0.131579 0.552632
vt 0.118421 0.605263
vt 0.118421 0.578947
vt 0.118421 0.578947
vt 0.118421 0.605263
vt 0.118421 0.631579
vt 0.118421 0.631579
vt 0.144737 0.631579
vt 0.144737 0.657895
vt 0.144737 0.657895
vt 0.144737 0.631579
vt 0.144737 0.631579
vt 0.144737 0.657895
vt 0.144737 0.631579
vt 0.144737 0.631579
vt 0.144737 0.631579
vt 0.144737 0.631579
vt 0.144737 0.631579
vt 0.144737 0.657895
vt 0.144737 0.657895
vt 0.144737 0.631579
vt 0.144737 0.631579
vt 0.144737 0.657895
vt 0.144737 0.684211
vt 0.144737 0.684211
vt 0.144737 0.684211
vt 0.144737 0.684211
vt 0.131579 0.684211
vt 0.131579 0.684211
vt 0.131579 0.710526
vt 0.131579 0.710526
vt 0.131579 0.710526
vt 0.131579 0.710526
vt 0.131579 0.684211
vt 0.131579 0.710526
vt 0.131579 0.710526
vt 0.131579 0.710526
vt 0.131579 0.710526
vt 0.131579 0.710526
vt 0.131579 0.684211
vt 0.131579 0.710526
vt 0.131579 0.710526
vt 0.131579 0.684211
vt 0.131579 0.710526
vt 0.131579 0.710526
vt 0.131579 0.684211
vt 0.197368 0.763158
vt 0.197368 0.763158
vt 0.197368 0.789474
vt 0.197368 0.789474
vt 0.197368 0.789474
vt 0.197368 0.789474
vt 0.197368 0.763158
vt 0.197368 0.763158
vt 0.197368 0.763158
vt 0.197368 0.789474
vt 0.197368 0.789474
vt 0.197368 0.763158
vt 0.197368 0.763158
vt 0.197368 0.789474
vt 0.197368 0.789474
vt 0.197368 0.763158
vt 0.197368 0.763158
vt 0.197368 0.789474
vt 0.197368 0.789474
vt 0.197368 0.763158
vt 0.197368 0.763158
vt 0.197368 0.789474
vt 0.197368 0.789474
vt 0.197368 0.763158
vt 0.197368 0.763158
vt 0.197368 0.789474
vt 0.197368 0.789474
vt 0.197368 0.763158
vt 0.258772 0.842105
vt 0.258772 0.842105
vt 0.258772 0.815789
vt 0.258772 0.815789
vt 0.258772 0.842105
vt 0.258772 0.815789
vt 0.258772 0.842105
vt 0.258772 0.815789
vt 0.258772 0.842105
vt 0.258772 0.815789
vt 0.258772 0.815789
vt 0.258772 0.815789
vt 0.258772 0.815789
vt 0.258772 0.815789
vt 0.258772 0.815789
vt 0.258772 0.815789
vt 0.258772 0.815789
vt 0.258772 0.815789
vt 0.258772 0.842105
vt 0.258772 0.842105
vt 0.258772 0.815789
vt 0.258772 0.842105
vt 0.258772 0.815789
vt 0.258772 0.842105
vt 0.258772 0.815789
vt 0.258772 0.842105
vt 0.258772 0.815789
vt 0.128947 0.868421
vt 0.128947 0.868421
vt 0.128947 0.842105
vt 0.128947 0.868421
vt 0.128947 0.868421
vt 0.128947 0.868421
vt 0.128947 0.868421
vt 0.128947 0.868421
vt 0.128947 0.868421
vt 0.128947 0.868421
vt 0.128947 0.842105
vt 0.100877 0.921053
vt 0.100877 0.947368
vt 0.100877 0.947368
vt 0.100877 0.921053
vt 0.100877 0.947368
vt 0.100877 0.921053
vt 0.100877 0.947368
vt 0.100877 0.921053
vt 0.100877 0.947368
vt 0.100877 0.921053
vt 0.100877 0.947368
vt 0.100877 0.921053
vt 0.100877 0.947368
vt 0.100877 0.921053
vt 0.100877 0.947368
vt 0.100877 0.921053
vt 0.100877 0.947368
vt 0.100877 0.921053
vt 0.210526 0.026316
vt 0.210526 0.026316
vt 0.210526 0.000000
vt 0.210526 0.000000
vt 0.210526 0.026316
vt 0.210526 0.000000
vt 0.210526 0.000000
vt 0.210526 0.000000
vt 0.210526 0.000000
vt 0.210526 0.000000
vt 0.210526 0.000000
vt 0.210526 0.000000
vt 0.210526 0.000000
vt 0.210526 0.000000
vt 0.210526 0.000000
vt 0.210526 0.000000
vt 0.210526 0.000000
vt 0.210526 0.000000
vt 0.210526 0.026316
vt 0.210526 0.026316
vt 0.210526 0.000000
vt 0.210526 0.026316
vt 0.210526 0.000000
vt 0.157895 0.052632
vt 0.157895 0.052632
vt 0.157895 0.026316
vt 0.157895 0.052632
vt 0.157895 0.052632
vt 0.157895 0.026316
vt 0.131579 0.052632
vt 0.131579 0.078947
vt 0.131579 0.078947
vt 0.131579 0.052632
vt 0.131579 0.052632
vt 0.131579 0.078947
vt 0.131579 0.052632
vt 0.131579 0.078947
vt 0.184211 0.078947
vt 0.184211 0.078947
vt 0.184211 0.105263
vt 0.184211 0.078947
vt 0.184211 0.078947
vt 0.184211 0.078947
vt 0.184211 0.078947
vt 0.184211 0.105263
vt 0.210526 0.105263
vt 0.210526 0.105263
vt 0.210526 0.131579
vt 0.210526 0.105263
vt 0.210526 0.105263
vt 0.210526 0.131579
vt 0.223684 0.131579
vt 0.223684 0.157895
vt 0.223684 0.157895
vt 0.223684 0.131579
vt 0.223684 0.131579
vt 0.223684 0.157895
vt 0.223684 0.131579
vt 0.223684 0.157895
vt 0.223684 0.157895
vt 0.223684 0.131579
vt 0.223684 0.131579
vt 0.223684 0.157895
vt 0.236842 0.184211
vt 0.236842 0.184211
vt 0.236842 0.184211
vt 0.236842 0.157895
vt 0.236842 0.184211
vt 0.236842 0.184211
vt 0.236842 0.184211
vt 0.236842 0.157895
vt 0.223684 0.210526
vt 0.223684 0.184211
vt 0.223684 0.184211
vt 0.223684 0.210526
vt 0.248452 0.236842
vt 0.248452 0.236842
vt 0.248452 0.210526
vt 0.248452 0.210526
vt 0.248452 0.210526
vt 0.248452 0.236842
vt 0.248452 0.236842
vt 0.248452 0.236842
vt 0.248452 0.236842
vt 0.248452 0.210526
vt 0.248452 0.210526
vt 0.248452 0.210526
vt 0.184211 0.236842
vt 0.184211 0.263158
vt 0.184211 0.263158
vt 0.184211 0.236842
vt 0.184211 0.236842
vt 0.184211 0.263158
vt 0.184211 0.263158
vt 0.184211 0.236842
vt 0.184211 0.289474
vt 0.184211 0.289474
vt 0.184211 0.289474
vt 0.184211 0.289474
vt 0.184211 0.315789
vt 0.184211 0.315789
vt 0.184211 0.342105
vt 0.184211 0.342105
vt 0.197368 0.368421
vt 0.197368 0.342105
vt 0.197368 0.342105
vt 0.197368 0.368421
vt 0.233083 0.394737
vt 0.233083 0.394737
vt 0.233083 0.368421
vt 0.233083 0.368421
vt 0.233083 0.394737
vt 0.233083 0.368421
vt 0.233083 0.394737
vt 0.233083 0.394737
vt 0.233083 0.394737
vt 0.233083 0.394737
vt 0.233083 0.368421
vt 0.233083 0.368421
vt 0.233083 0.394737
vt 0.233083 0.368421
vt 0.171053 0.394737
vt 0.171053 0.421053
vt 0.171053 0.421053
vt 0.171053 0.421053
vt 0.171053 0.394737
vt 0.171053 0.394737
vt 0.171053 0.421053
vt 0.171053 0.421053
vt 0.171053 0.421053
vt 0.171053 0.394737
vt 0.157895 0.421053
vt 0.157895 0.447368
vt 0.157895 0.447368
vt 0.157895 0.421053
vt 0.157895 0.421053
vt 0.157895 0.447368
vt 0.157895 0.421053
vt 0.157895 0.447368
vt 0.271053 0.473684
vt 0.271053 0.473684
vt 0.271053 0.447368
vt 0.271053 0.447368
vt 0.271053 0.473684
vt 0.271053 0.447368
vt 0.271053 0.473684
vt 0.271053 0.447368
vt 0.271053 0.473684
vt 0.271053 0.447368
vt 0.271053 0.447368
vt 0.271053 0.447368
vt 0.271053 0.447368
vt 0.271053 0.473684
vt 0.271053 0.473684
vt 0.271053 0.447368
vt 0.271053 0.473684
vt 0.271053 0.447368
vt 0.271053 0.473684
vt 0.271053 0.447368
vt 0.271053 0.473684
vt 0.271053 0.447368
vt 0.171053 0.500000
vt 0.171053 0.473684
vt 0.171053 0.473684
vt 0.171053 0.500000
vt 0.157895 0.500000
vt 0.157895 0.526316
vt 0.157895 0.526316
vt 0.157895 0.500000
vt 0.157895 0.500000
vt 0.157895 0.526316
vt 0.157895 0.500000
vt 0.157895 0.526316
vt 0.206140 0.552632
vt 0.206140 0.552632
vt 0.206140 0.526316
vt 0.206140 0.526316
vt 0.206140 0.552632
vt 0.206140 0.526316
vt 0.206140 0.552632
vt 0.206140 0.552632
vt 0.206140 0.552632
vt 0.206140 0.552632
vt 0.206140 0.526316
vt 0.206140 0.526316
vt 0.206140 0.552632
vt 0.206140 0.526316
vt 0.131579 0.552632
vt 0.131579 0.578947
vt 0.131579 0.578947
vt 0.131579 0.552632
vt 0.131579 0.552632
vt 0.131579 0.578947
vt 0.131579 0.578947
vt 0.131579 0.552632
vt 0.118421 0.578947
vt 0.118421 0.605263
vt 0.118421 0.605263
vt 0.118421 0.578947
vt 0.118421 0.578947
vt 0.118421 0.605263
vt 0.118421 0.605263
vt 0.118421 0.578947
vt 0.118421 0.631579
vt 0.118421 0.631579
vt 0.118421 0.631579
vt 0.118421 0.631579
vt 0.144737 0.631579
vt 0.144737 0.631579
vt 0.144737 0.657895
vt 0.144737 0.631579
vt 0.144737 0.631579
vt 0.144737 0.657895
vt 0.144737 0.684211
vt 0.144737 0.684211
vt 0.144737 0.684211
vt 0.144737 0.684211
vt 0.131579 0.710526
vt 0.131579 0.710526
vt 0.131579 0.684211
vt 0.131579 0.710526
vt 0.131579 0.710526
vt 0.131579 0.710526
vt 0.131579 0.710526
vt 0.131579 0.710526
vt 0.131579 0.710526
vt 0.131579 0.710526
vt 0.131579 0.684211
vt 0.197368 0.763158
vt 0.197368 0.763158
vt 0.197368 0.789474
vt 0.197368 0.789474
vt 0.197368 0.789474
vt 0.197368 0.789474
vt 0.197368 0.763158
vt 0.197368 0.763158
vt 0.197368 0.789474
vt 0.197368 0.763158
vt 0.197368 0.789474
vt 0.197368 0.763158
vt 0.197368 0.789474
vt 0.197368 0.763158
vt 0.197368 0.789474
vt 0.197368 0.763158
vt 0.197368 0.789474
vt 0.197368 0.763158
vt 0.197368 0.789474
vt 0.197368 0.763158
vt 0.197368 0.789474
vt 0.197368 0.763158
vt 0.197368 0.763158
vt 0.197368 0.789474
vt 0.197368 0.789474
vt 0.197368 0.763158
vt 0.197368 0.763158
vt 0.197368 0.789474
vt 0.197368 0.789474
vt 0.197368 0.763158
vt 0.258772 0.815789
vt 0.258772 0.842105
vt 0.258772 0.842105
vt 0.258772 0.842105
vt 0.258772 0.815789
vt 0.258772 0.815789
vt 0.258772 0.842105
vt 0.258772 0.815789
vt 0.258772 0.842105
vt 0.258772 0.815789
vt 0.258772 0.842105
vt 0.258772 0.815789
vt 0.258772 0.815789
vt 0.258772 0.815789
vt 0.258772 0.815789
vt 0.258772 0.815789
vt 0.258772 0.815789
vt 0.258772 0.815789
vt 0.258772 0.815789
vt 0.258772 0.815789
vt 0.258772 0.815789
vt 0.258772 0.815789
vt 0.258772 0.842105
vt 0.258772 0.842105
vt 0.258772 0.815789
vt 0.258772 0.842105
vt 0.258772 0.815789
vt 0.258772 0.842105
vt 0.258772 0.815789
vt 0.258772 0.815789
vt 0.258772 0.842105
vt 0.258772 0.842105
vt 0.258772 0.815789
vt 0.128947 0.842105
vt 0.128947 0.868421
vt 0.128947 0.868421
vt 0.128947 0.868421
vt 0.128947 0.842105
vt 0.128947 0.868421
vt 0.128947 0.868421
vt 0.128947 0.868421
vt 0.128947 0.868421
vt 0.128947 0.868421
vt 0.128947 0.868421
vt 0.128947 0.868421
vt 0.128947 0.868421
vt 0.128947 0.842105
vt 0.128947 0.868421
vt 0.128947 0.868421
vt 0.128947 0.842105
vt 0.100877 0.921053
vt 0.100877 0.947368
vt 0.100877 0.947368
vt 0.100877 0.921053
vt 0.100877 0.947368
vt 0.100877 0.921053
vt 0.100877 0.947368
vt 0.100877 0.921053
vt 0.100877 0.947368
vt 0.100877 0.921053
vt 0.100877 0.947368
vt 0.100877 0.921053
vt 0.100877 0.947368
vt 0.100877 0.921053
vt 0.210526 0.026316
vt 0.210526 0.026316
vt 0.210526 0.000000
vt 0.210526 0.000000
vt 0.210526 0.026316
vt 0.210526 0.000000
vt 0.210526 0.000000
vt 0.210526 0.000000
vt 0.210526 0.000000
vt 0.210526 0.000000
vt 0.210526 0.000000
vt 0.210526 0.000000
vt 0.210526 0.000000
vt 0.210526 0.000000
vt 0.210526 0.000000
vt 0.210526 0.000000
vt 0.210526 0.000000
vt 0.210526 0.000000
vt 0.210526 0.026316
vt 0.210526 0.026316
vt 0.210526 0.000000
vt 0.210526 0.026316
vt 0.210526 0.000000
vt 0.157895 0.052632
vt 0.157895 0.052632
vt 0.157895 0.026316
vt 0.157895 0.052632
vt 0.157895 0.052632
vt 0.157895 0.026316
vt 0.131579 0.078947
vt 0.131579 0.052632
vt 0.131579 0.052632
vt 0.131579 0.078947
vt 0.184211 0.078947
vt 0.184211 0.078947
vt 0.184211 0.105263
vt 0.184211 0.078947
vt 0.184211 0.078947
vt 0.184211 0.078947
vt 0.184211 0.078947
vt 0.184211 0.105263
vt 0.210526 0.105263
vt 0.210526 0.105263
vt 0.210526 0.131579
vt 0.210526 0.105263
vt 0.210526 0.105263
vt 0.210526 0.131579
vt 0.223684 0.157895
vt 0.223684 0.131579
vt 0.223684 0.131579
vt 0.223684 0.157895
vt 0.236842 0.184211
vt 0.236842 0.184211
vt 0.236842 0.157895
vt 0.236842 0.157895
vt 0.236842 0.157895
vt 0.236842 0.184211
vt 0.236842 0.184211
vt 0.236842 0.157895
vt 0.236842 0.157895
vt 0.236842 0.157895
vt 0.223684 0.210526
vt 0.223684 0.184211
vt 0.223684 0.184211
vt 0.223684 0.210526
vt 0.248452 0.236842
vt 0.248452 0.236842
vt 0.248452 0.210526
vt 0.248452 0.210526
vt 0.248452 0.236842
vt 0.248452 0.236842
vt 0.248452 0.236842
vt 0.248452 0.236842
vt 0.248452 0.236842
vt 0.248452 0.236842
vt 0.248452 0.236842
vt 0.248452 0.236842
vt 0.248452 0.210526
vt 0.248452 0.210526
vt 0.184211 0.236842
vt 0.184211 0.263158
vt 0.184211 0.263158
vt 0.184211 0.236842
vt 0.184211 0.236842
vt 0.184211 0.263158
vt 0.184211 0.263158
vt 0.184211 0.236842
vt 0.184211 0.289474
vt 0.184211 0.289474
vt 0.184211 0.289474
vt 0.184211 0.289474
vt 0.184211 0.289474
vt 0.184211 0.315789
vt 0.184211 0.315789
vt 0.184211 0.315789
vt 0.184211 0.315789
vt 0.184211 0.289474
vt 0.184211 0.342105
vt 0.184211 0.342105
vt 0.197368 0.342105
vt 0.197368 0.368421
vt 0.197368 0.368421
vt 0.197368 0.342105
vt 0.197368 0.342105
vt 0.197368 0.368421
vt 0.197368 0.342105
vt 0.197368 0.368421
vt 0.197368 0.368421
vt 0.197368 0.342105
vt 0.197368 0.342105
vt 0.197368 0.368421
vt 0.233083 0.394737
vt 0.233083 0.394737
vt 0.233083 0.368421
vt 0.233083 0.368421
vt 0.233083 0.394737
vt 0.233083 0.394737
vt 0.233083 0.394737
vt 0.233083 0.394737
vt 0.233083 0.394737
vt 0.233083 0.394737
vt 0.233083 0.368421
vt 0.233083 0.368421
vt 0.171053 0.421053
vt 0.171053 0.421053
vt 0.171053 0.394737
vt 0.171053 0.421053
vt 0.171053 0.421053
vt 0.171053 0.394737
vt 0.157895 0.447368
vt 0.157895 0.421053
vt 0.157895 0.421053
vt 0.157895 0.447368
vt 0.271053 0.473684
vt 0.271053 0.473684
vt 0.271053 0.447368
vt 0.271053 0.447368
vt 0.271053 0.473684
vt 0.271053 0.447368
vt 0.271053 0.473684
vt 0.271053 0.447368
vt 0.271053 0.473684
vt 0.271053 0.447368
vt 0.271053 0.447368
vt 0.271053 0.447368
vt 0.271053 0.447368
vt 0.271053 0.473684
vt 0.271053 0.473684
vt 0.271053 0.447368
vt 0.271053 0.473684
vt 0.271053 0.447368
vt 0.271053 0.473684
vt 0.271053 0.447368
vt 0.271053 0.473684
vt 0.271053 0.447368
vt 0.171053 0.500000
vt 0.171053 0.473684
vt 0.171053 0.473684
vt 0.171053 0.500000
vt 0.157895 0.526316
vt 0.157895 0.500000
vt 0.157895 0.500000
vt 0.157895 0.526316
vt 0.206140 0.552632
vt 0.206140 0.552632
vt 0.206140 0.526316
vt 0.206140 0.526316
vt 0.206140 0.552632
vt 0.206140 0.526316
vt 0.206140 0.552632
vt 0.206140 0.552632
vt 0.206140 0.552632
vt 0.206140 0.552632
vt 0.206140 0.552632
vt 0.206140 0.552632
vt 0.206140 0.552632
vt 0.206140 0.552632
vt 0.206140 0.526316
vt 0.206140 0.526316
vt 0.206140 0.552632
vt 0.206140 0.526316
vt 0.131579 0.578947
vt 0.131579 0.578947
vt 0.131579 0.578947
vt 0.131579 0.552632
vt 0.131579 0.578947
vt 0.131579 0.578947
vt 0.131579 0.578947
vt 0.131579 0.552632
vt 0.118421 0.578947
vt 0.118421 0.605263
vt 0.118421 0.605263
vt 0.118421 0.578947
vt 0.118421 0.578947
vt 0.118421 0.605263
vt 0.118421 0.605263
vt 0.118421 0.578947
vt 0.118421 0.631579
vt 0.118421 0.631579
vt 0.118421 0.631579
vt 0.118421 0.631579
vt 0.144737 0.631579
vt 0.144737 0.631579
vt 0.144737 0.657895
vt 0.144737 0.631579
vt 0.144737 0.631579
vt 0.144737 0.631579
vt 0.144737 0.631579
vt 0.144737 0.631579
vt 0.144737 0.631579
vt 0.144737 0.657895
vt 0.144737 0.657895
vt 0.144737 0.684211
vt 0.144737 0.684211
vt 0.144737 0.657895
vt 0.144737 0.684211
vt 0.144737 0.684211
vt 0.144737 0.684211
vt 0.144737 0.657895
vt 0.144737 0.657895
vt 0.144737 0.684211
vt 0.131579 0.684211
vt 0.131579 0.710526
vt 0.131579 0.710526
vt 0.131579 0.710526
vt 0.131579 0.684211
vt 0.131579 0.710526
vt 0.131579 0.710526
vt 0.131579 0.710526
vt 0.131579 0.710526
vt 0.131579 0.710526
vt 0.131579 0.710526
vt 0.131579 0.710526
vt 0.131579 0.710526
vt 0.131579 0.684211
vt 0.131579 0.710526
vt 0.131579 0.710526
vt 0.131579 0.684211
vt 0.197368 0.763158
vt 0.197368 0.789474
vt 0.197368 0.789474
vt 0.197368 0.789474
vt 0.197368 0.763158
vt 0.197368 0.763158
vt 0.197368 0.789474
vt 0.197368 0.763158
vt 0.197368 0.789474
vt 0.197368 0.763158
vt 0.197368 0.789474
vt 0.197368 0.763158
vt 0.197368 0.789474
vt 0.197368 0.763158
vt 0.197368 0.789474
vt 0.197368 0.763158
vt 0.197368 0.789474
vt 0.197368 0.763158
vt 0.197368 0.789474
vt 0.197368 0.763158
vt 0.197368 0.789474
vt 0.197368 0.763158
vt 0.197368 0.789474
vt 0.197368 0.763158
vt 0.197368 0.789474
vt 0.197368 0.763158
vt 0.197368 0.763158
vt 0.197368 0.789474
vt 0.197368 0.789474
vt 0.197368 0.763158
vt 0.258772 0.842105
vt 0.258772 0.842105
vt 0.258772 0.815789
vt 0.258772 0.815789
vt 0.258772 0.842105
vt 0.258772 0.815789
vt 0.258772 0.842105
vt 0.258772 0.815789
vt 0.258772 0.842105
vt 0.258772 0.815789
vt 0.258772 0.815789
vt 0.258772 0.815789
vt 0.258772 0.815789
vt 0.258772 0.815789
vt 0.258772 0.815789
vt 0.258772 0.815789
vt 0.258772 0.815789
vt 0.258772 0.815789
vt 0.258772 0.815789
vt 0.258772 0.815789
vt 0.258772 0.842105
vt 0.258772 0.842105
vt 0.258772 0.815789
vt 0.258772 0.842105
vt 0.258772 0.815789
vt 0.258772 0.842105
vt 0.258772 0.815789
vt 0.258772 0.842105
vt 0.258772 0.815789
vt 0.128947 0.868421
vt 0.128947 0.868421
vt 0.128947 0.842105
vt 0.128947 0.868421
vt 0.128947 0.868421
vt 0.128947 0.868421
vt 0.128947 0.868421
vt 0.128947 0.868421
vt 0.128947 0.868421
vt 0.128947 0.868421
vt 0.128947 0.868421
vt 0.128947 0.868421
vt 0.128947 0.842105
vt 0.100877 0.921053
vt 0.100877 0.947368
vt 0.100877 0.947368
vt 0.100877 0.921053
vt 0.100877 0.947368
vt 0.100877 0.921053
vt 0.100877 0.947368
vt 0.100877 0.921053
vt 0.100877 0.947368
vt 0.100877 0.921053
vt 0.210526 0.026316
vt 0.210526 0.026316
vt 0.210526 0.000000
vt 0.210526 0.000000
vt 0.210526 0.026316
vt 0.210526 0.000000
vt 0.210526 0.000000
vt 0.210526 0.000000
vt 0.210526 0.000000
vt 0.210526 0.000000
vt 0.210526 0.000000
vt 0.210526 0.000000
vt 0.210526 0.000000
vt 0.210526 0.000000
vt 0.210526 0.000000
vt 0.210526 0.000000
vt 0.210526 0.000000
vt 0.210526 0.000000
vt 0.210526 0.026316
vt 0.210526 0.026316
vt 0.210526 0.000000
vt 0.210526 0.026316
vt 0.210526 0.000000
vt 0.157895 0.026316
vt 0.157895 0.052632
vt 0.157895 0.052632
vt 0.157895 0.026316
vt 0.157895 0.026316
vt 0.157895 0.052632
vt 0.157895 0.052632
vt 0.157895 0.026316
vt 0.131579 0.078947
vt 0.131579 0.052632
vt 0.131579 0.052632
vt 0.131579 0.078947
vt 0.184211 0.078947
vt 0.184211 0.078947
vt 0.184211 0.105263
vt 0.184211 0.078947
vt 0.184211 0.078947
vt 0.184211 0.078947
vt 0.184211 0.078947
vt 0.184211 0.105263
vt 0.210526 0.105263
vt 0.210526 0.105263
vt 0.210526 0.131579
vt 0.210526 0.105263
vt 0.210526 0.105263
vt 0.210526 0.131579
vt 0.223684 0.157895
vt 0.223684 0.131579
vt 0.223684 0.131579
vt 0.223684 0.157895
vt 0.236842 0.157895
vt 0.236842 0.184211
vt 0.236842 0.184211
vt 0.236842 0.157895
vt 0.236842 0.157895
vt 0.236842 0.184211
vt 0.236842 0.184211
vt 0.236842 0.157895
vt 0.223684 0.210526
vt 0.223684 0.184211
vt 0.223684 0.184211
vt 0.223684 0.210526
vt 0.248452 0.236842
vt 0.248452 0.236842
vt 0.248452 0.210526
vt 0.248452 0.210526
vt 0.248452 0.236842
vt 0.248452 0.236842
vt 0.248452 0.236842
vt 0.248452 0.236842
vt 0.248452 0.236842
vt 0.248452 0.236842
vt 0.248452 0.236842
vt 0.248452 0.236842
vt 0.248452 0.236842
vt 0.248452 0.236842
vt 0.248452 0.210526
vt 0.248452 0.210526
vt 0.184211 0.236842
vt 0.184211 0.263158
vt 0.184211 0.263158
vt 0.184211 0.236842
vt 0.184211 0.236842
vt 0.184211 0.263158
vt 0.184211 0.263158
vt 0.184211 0.236842
vt 0.184211 0.289474
vt 0.184211 0.289474
vt 0.184211 0.289474
vt 0.184211 0.289474
vt 0.184211 0.289474
vt 0.184211 0.315789
vt 0.184211 0.315789
vt 0.184211 0.315789
vt 0.184211 0.315789
vt 0.184211 0.289474
vt 0.184211 0.315789
vt 0.184211 0.342105
vt 0.184211 0.342105
vt 0.184211 0.342105
vt 0.184211 0.342105
vt 0.184211 0.315789
vt 0.197368 0.368421
vt 0.197368 0.342105
vt 0.197368 0.342105
vt 0.197368 0.368421
vt 0.233083 0.394737
vt 0.233083 0.394737
vt 0.233083 0.368421
vt 0.233083 0.368421
vt 0.233083 0.394737
vt 0.233083 0.368421
vt 0.233083 0.368421
vt 0.233083 0.394737
vt 0.233083 0.394737
vt 0.233083 0.394737
vt 0.233083 0.394737
vt 0.233083 0.368421
vt 0.233083 0.368421
vt 0.233083 0.368421
vt 0.233083 0.394737
vt 0.233083 0.368421
vt 0.171053 0.421053
vt 0.171053 0.394737
vt 0.171053 0.394737
vt 0.171053 0.421053
vt 0.157895 0.421053
vt 0.157895 0.447368
vt 0.157895 0.447368
vt 0.157895 0.421053
vt 0.157895 0.421053
vt 0.157895 0.447368
vt 0.157895 0.421053
vt 0.157895 0.447368
vt 0.271053 0.473684
vt 0.271053 0.473684
vt 0.271053 0.447368
vt 0.271053 0.447368
vt 0.271053 0.473684
vt 0.271053 0.447368
vt 0.271053 0.473684
vt 0.271053 0.447368
vt 0.271053 0.447368
vt 0.271053 0.447368
vt 0.271053 0.447368
vt 0.271053 0.473684
vt 0.271053 0.473684
vt 0.271053 0.447368
vt 0.271053 0.473684
vt 0.271053 0.447368
vt 0.271053 0.473684
vt 0.271053 0.447368
vt 0.171053 0.473684
vt 0.171053 0.500000
vt 0.171053 0.500000
vt 0.171053 0.473684
vt 0.171053 0.473684
vt 0.171053 0.500000
vt 0.171053 0.473684
vt 0.171053 0.500000
vt 0.171053 0.500000
vt 0.171053 0.473684
vt 0.171053 0.473684
vt 0.171053 0.500000
vt 0.157895 0.526316
vt 0.157895 0.500000
vt 0.157895 0.500000
vt 0.157895 0.526316
vt 0.206140 0.526316
vt 0.206140 0.552632
vt 0.206140 0.552632
vt 0.206140 0.526316
vt 0.206140 0.552632
vt 0.206140 0.526316
vt 0.206140 0.552632
vt 0.206140 0.552632
vt 0.206140 0.552632
vt 0.206140 0.552632
vt 0.206140 0.552632
vt 0.206140 0.552632
vt 0.206140 0.526316
vt 0.206140 0.526316
vt 0.206140 0.552632
vt 0.206140 0.526316
vt 0.131579 0.552632
vt 0.131579 0.578947
vt 0.131579 0.578947
vt 0.131579 0.552632
vt 0.131579 0.578947
vt 0.131579 0.552632
vt 0.131579 0.578947
vt 0.131579 0.552632
vt 0.131579 0.578947
vt 0.131579 0.578947
vt 0.131579 0.552632
vt 0.131579 0.578947
vt 0.131579 0.578947
vt 0.131579 0.552632
vt 0.118421 0.578947
vt 0.118421 0.605263
vt 0.118421 0.605263
vt 0.118421 0.578947
vt 0.118421 0.605263
vt 0.118421 0.578947
vt 0.118421 0.605263
vt 0.118421 0.578947
vt 0.118421 0.605263
vt 0.118421 0.578947
vt 0.118421 0.631579
vt 0.118421 0.631579
vt 0.118421 0.631579
vt 0.118421 0.631579
vt 0.118421 0.631579
vt 0.144737 0.631579
vt 0.144737 0.657895
vt 0.144737 0.657895
vt 0.144737 0.631579
vt 0.144737 0.631579
vt 0.144737 0.631579
vt 0.144737 0.631579
vt 0.144737 0.631579
vt 0.144737 0.631579
vt 0.144737 0.631579
vt 0.144737 0.631579
vt 0.144737 0.657895
vt 0.144737 0.657895
vt 0.144737 0.631579
vt 0.144737 0.684211
vt 0.144737 0.684211
vt 0.131579 0.710526
vt 0.131579 0.710526
vt 0.131579 0.684211
vt 0.131579 0.710526
vt 0.131579 0.710526
vt 0.131579 0.710526
vt 0.131579 0.710526
vt 0.131579 0.710526
vt 0.131579 0.710526
vt 0.131579 0.684211
vt 0.078947 0.710526
vt 0.078947 0.710526
vt 0.078947 0.736842
vt 0.078947 0.736842
vt 0.078947 0.736842
vt 0.078947 0.736842
vt 0.078947 0.710526
vt 0.078947 0.710526
vt 0.078947 0.736842
vt 0.078947 0.736842
vt 0.078947 0.710526
vt 0.078947 0.736842
vt 0.078947 0.736842
vt 0.078947 0.710526
vt 0.078947 0.736842
vt 0.078947 0.736842
vt 0.078947 0.710526
vt 0.197368 0.789474
vt 0.197368 0.789474
vt 0.197368 0.763158
vt 0.197368 0.763158
vt 0.197368 0.789474
vt 0.197368 0.763158
vt 0.197368 0.789474
vt 0.197368 0.763158
vt 0.197368 0.789474
vt 0.197368 0.763158
vt 0.197368 0.789474
vt 0.197368 0.763158
vt 0.197368 0.789474
vt 0.197368 0.763158
vt 0.197368 0.789474
vt 0.197368 0.763158
vt 0.197368 0.789474
vt 0.197368 0.763158
vt 0.197368 0.789474
vt 0.197368 0.763158
vt 0.197368 0.789474
vt 0.197368 0.763158
vt 0.197368 0.789474
vt 0.197368 0.763158
vt 0.197368 0.789474
vt 0.197368 0.763158
vt 0.258772 0.815789
vt 0.258772 0.842105
vt 0.258772 0.842105
vt 0.258772 0.842105
vt 0.258772 0.815789
vt 0.258772 0.815789
vt 0.258772 0.842105
vt 0.258772 0.815789
vt 0.258772 0.842105
vt 0.258772 0.815789
vt 0.258772 0.842105
vt 0.258772 0.815789
vt 0.258772 0.842105
vt 0.258772 0.815789
vt 0.258772 0.815789
vt 0.258772 0.815789
vt 0.258772 0.815789
vt 0.258772 0.815789
vt 0.258772 0.815789
vt 0.258772 0.815789
vt 0.258772 0.815789
vt 0.258772 0.815789
vt 0.258772 0.815789
vt 0.258772 0.815789
vt 0.258772 0.842105
vt 0.258772 0.842105
vt 0.258772 0.815789
vt 0.258772 0.842105
vt 0.258772 0.815789
vt 0.258772 0.842105
vt 0.258772 0.815789
vt 0.258772 0.842105
vt 0.258772 0.815789
vt 0.258772 0.815789
vt 0.258772 0.842105
vt 0.258772 0.842105
vt 0.258772 0.815789
vt 0.128947 0.868421
vt 0.128947 0.868421
vt 0.128947 0.842105
vt 0.128947 0.868421
vt 0.128947 0.868421
vt 0.128947 0.868421
vt 0.128947 0.868421
vt 0.128947 0.868421
vt 0.128947 0.868421
vt 0.128947 0.868421
vt 0.128947 0.868421
vt 0.128947 0.868421
vt 0.128947 0.842105
vt 0.210526 0.000000
vt 0.210526 0.026316
vt 0.210526 0.026316
vt 0.210526 0.000000
vt 0.210526 0.026316
vt 0.210526 0.000000
vt 0.210526 0.026316
vt 0.210526 0.026316
vt 0.210526 0.000000
vt 0.210526 0.000000
vt 0.210526 0.000000
vt 0.210526 0.000000
vt 0.210526 0.000000
vt 0.210526 0.000000
vt 0.210526 0.000000
vt 0.210526 0.000000
vt 0.210526 0.000000
vt 0.210526 0.000000
vt 0.210526 0.000000
vt 0.210526 0.026316
vt 0.210526 0.026316
vt 0.210526 0.026316
vt 0.210526 0.000000
vt 0.210526 0.026316
vt 0.210526 0.000000
vt 0.210526 0.026316
vt 0.210526 0.000000
vt 0.157895 0.052632
vt 0.157895 0.026316
vt 0.157895 0.026316
vt 0.157895 0.052632
vt 0.131579 0.052632
vt 0.131579 0.078947
vt 0.131579 0.078947
vt 0.131579 0.052632
vt 0.131579 0.052632
vt 0.131579 0.078947
vt 0.131579 0.078947
vt 0.131579 0.052632
vt 0.184211 0.078947
vt 0.184211 0.078947
vt 0.184211 0.105263
vt 0.184211 0.078947
vt 0.184211 0.078947
vt 0.184211 0.078947
vt 0.184211 0.078947
vt 0.184211 0.105263
vt 0.210526 0.105263
vt 0.210526 0.105263
vt 0.210526 0.131579
vt 0.210526 0.105263
vt 0.210526 0.105263
vt 0.210526 0.131579
vt 0.223684 0.157895
vt 0.223684 0.131579
vt 0.223684 0.131579
vt 0.223684 0.157895
vt 0.236842 0.184211
vt 0.236842 0.157895
vt 0.236842 0.157895
vt 0.236842 0.184211
vt 0.223684 0.184211
vt 0.223684 0.210526
vt 0.223684 0.210526
vt 0.223684 0.184211
vt 0.223684 0.184211
vt 0.223684 0.210526
vt 0.223684 0.210526
vt 0.223684 0.184211
vt 0.248452 0.210526
vt 0.248452 0.236842
vt 0.248452 0.236842
vt 0.248452 0.210526
vt 0.248452 0.236842
vt 0.248452 0.236842
vt 0.248452 0.236842
vt 0.248452 0.236842
vt 0.248452 0.236842
vt 0.248452 0.236842
vt 0.248452 0.236842
vt 0.248452 0.236842
vt 0.248452 0.236842
vt 0.248452 0.236842
vt 0.248452 0.236842
vt 0.248452 0.210526
vt 0.248452 0.236842
vt 0.248452 0.210526
vt 0.184211 0.236842
vt 0.184211 0.263158
vt 0.184211 0.263158
vt 0.184211 0.236842
vt 0.184211 0.236842
vt 0.184211 0.263158
vt 0.184211 0.263158
vt 0.184211 0.236842
vt 0.184211 0.289474
vt 0.184211 0.289474
vt 0.184211 0.289474
vt 0.184211 0.289474
vt 0.184211 0.289474
vt 0.184211 0.315789
vt 0.184211 0.315789
vt 0.184211 0.315789
vt 0.184211 0.315789
vt 0.184211 0.289474
vt 0.184211 0.315789
vt 0.184211 0.342105
vt 0.184211 0.342105
vt 0.184211 0.342105
vt 0.184211 0.342105
vt 0.184211 0.315789
vt 0.197368 0.342105
vt 0.197368 0.342105
vt 0.197368 0.342105
vt 0.197368 0.368421
vt 0.197368 0.342105
vt 0.197368 0.342105
vt 0.197368 0.342105
vt 0.197368 0.368421
vt 0.233083 0.368421
vt 0.233083 0.394737
vt 0.233083 0.394737
vt 0.233083 0.368421
vt 0.233083 0.394737
vt 0.233083 0.368421
vt 0.233083 0.394737
vt 0.233083 0.394737
vt 0.233083 0.368421
vt 0.233083 0.368421
vt 0.233083 0.394737
vt 0.233083 0.368421
vt 0.171053 0.394737
vt 0.171053 0.421053
vt 0.171053 0.421053
vt 0.171053 0.394737
vt 0.171053 0.394737
vt 0.171053 0.421053
vt 0.171053 0.394737
vt 0.171053 0.421053
vt 0.171053 0.421053
vt 0.171053 0.394737
vt 0.171053 0.394737
vt 0.171053 0.421053
vt 0.157895 0.447368
vt 0.157895 0.421053
vt 0.157895 0.421053
vt 0.157895 0.447368
vt 0.271053 0.473684
vt 0.271053 0.473684
vt 0.271053 0.447368
vt 0.271053 0.447368
vt 0.271053 0.473684
vt 0.271053 0.447368
vt 0.271053 0.473684
vt 0.271053 0.447368
vt 0.271053 0.473684
vt 0.271053 0.473684
vt 0.271053 0.447368
vt 0.271053 0.473684
vt 0.271053 0.473684
vt 0.271053 0.473684
vt 0.271053 0.447368
vt 0.271053 0.447368
vt 0.271053 0.473684
vt 0.271053 0.447368
vt 0.271053 0.473684
vt 0.271053 0.447368
vt 0.271053 0.473684
vt 0.271053 0.447368
vt 0.171053 0.500000
vt 0.171053 0.473684
vt 0.171053 0.473684
vt 0.171053 0.500000
vt 0.157895 0.500000
vt 0.157895 0.526316
vt 0.157895 0.526316
vt 0.157895 0.500000
vt 0.157895 0.500000
vt 0.157895 0.526316
vt 0.157895 0.526316
vt 0.157895 0.500000
vt 0.206140 0.552632
vt 0.206140 0.552632
vt 0.206140 0.526316
vt 0.206140 0.526316
vt 0.206140 0.552632
vt 0.206140 0.552632
vt 0.206140 0.552632
vt 0.206140 0.552632
vt 0.206140 0.552632
vt 0.206140 0.552632
vt 0.206140 0.552632
vt 0.206140 0.552632
vt 0.206140 0.552632
vt 0.206140 0.552632
vt 0.206140 0.552632
vt 0.206140 0.552632
vt 0.206140 0.552632
vt 0.206140 0.552632
vt 0.206140 0.526316
vt 0.206140 0.526316
vt 0.131579 0.552632
vt 0.131579 0.578947
vt 0.131579 0.578947
vt 0.131579 0.552632
vt 0.131579 0.578947
vt 0.131579 0.578947
vt 0.131579 0.552632
vt 0.131579 0.578947
vt 0.131579 0.578947
vt 0.131579 0.552632
vt 0.131579 0.578947
vt 0.131579 0.578947
vt 0.131579 0.552632
vt 0.144737 0.631579
vt 0.144737 0.657895
vt 0.144737 0.657895
vt 0.144737 0.631579
vt 0.144737 0.657895
vt 0.144737 0.631579
vt 0.144737 0.631579
vt 0.144737 0.631579
vt 0.144737 0.631579
vt 0.144737 0.631579
vt 0.144737 0.631579
vt 0.144737 0.631579
vt 0.144737 0.631579
vt 0.144737 0.657895
vt 0.144737 0.657895
vt 0.144737 0.631579
vt 0.144737 0.657895
vt 0.144737 0.631579
vt 0.144737 0.657895
vt 0.144737 0.684211
vt 0.144737 0.657895
vt 0.144737 0.684211
vt 0.131579 0.710526
vt 0.131579 0.710526
vt 0.131579 0.684211
vt 0.131579 0.710526
vt 0.131579 0.710526
vt 0.131579 0.710526
vt 0.131579 0.710526
vt 0.131579 0.684211
vt 0.078947 0.710526
vt 0.078947 0.736842
vt 0.078947 0.736842
vt 0.078947 0.736842
vt 0.078947 0.710526
vt 0.078947 0.736842
vt 0.078947 0.736842
vt 0.078947 0.736842
vt 0.078947 0.736842
vt 0.078947 0.710526
vt 0.078947 0.736842
vt 0.078947 0.736842
vt 0.078947 0.710526
vt 0.197368 0.763158
vt 0.197368 0.789474
vt 0.197368 0.789474
vt 0.197368 0.789474
vt 0.197368 0.763158
vt 0.197368 0.763158
vt 0.197368 0.789474
vt 0.197368 0.763158
vt 0.197368 0.789474
vt 0.197368 0.763158
vt 0.197368 0.789474
vt 0.197368 0.763158
vt 0.197368 0.789474
vt 0.197368 0.763158
vt 0.197368 0.789474
vt 0.197368 0.763158
vt 0.197368 0.789474
vt 0.197368 0.763158
vt 0.197368 0.789474
vt 0.197368 0.763158
vt 0.197368 0.789474
vt 0.197368 0.763158
vt 0.197368 0.789474
vt 0.197368 0.763158
vt 0.197368 0.789474
vt 0.197368 0.763158
vt 0.197368 0.789474
vt 0.197368 0.763158
vt 0.197368 0.789474
vt 0.197368 0.763158
vt 0.197368 0.763158
vt 0.197368 0.789474
vt 0.197368 0.789474
vt 0.197368 0.763158
vt 0.258772 0.842105
vt 0.258772 0.842105
vt 0.258772 0.815789
vt 0.258772 0.815789
vt 0.258772 0.842105
vt 0.258772 0.815789
vt 0.258772 0.842105
vt 0.258772 0.815789
vt 0.258772 0.842105
vt 0.258772 0.815789
vt 0.258772 0.842105
vt 0.258772 0.815789
vt 0.258772 0.815789
vt 0.258772 0.815789
vt 0.258772 0.815789
vt 0.258772 0.815789
vt 0.258772 0.815789
vt 0.258772 0.815789
vt 0.258772 0.815789
vt 0.258772 0.815789
vt 0.258772 0.815789
vt 0.258772 0.815789
vt 0.258772 0.842105
vt 0.258772 0.842105
vt 0.258772 0.815789
vt 0.258772 0.842105
vt 0.258772 0.815789
vt 0.258772 0.842105
vt 0.258772 0.815789
vt 0.258772 0.842105
vt 0.258772 0.815789
vt 0.258772 0.842105
vt 0.258772 0.815789
vt 0.128947 0.842105
vt 0.128947 0.868421
vt 0.128947 0.868421
vt 0.128947 0.842105
vt 0.128947 0.868421
vt 0.128947 0.868421
vt 0.128947 0.868421
vt 0.128947 0.868421
vt 0.128947 0.868421
vt 0.128947 0.868421
vt 0.128947 0.868421
vt 0.128947 0.868421
vt 0.128947 0.842105
vt 0.128947 0.868421
vt 0.128947 0.842105
vt 0.210526 0.026316
vt 0.210526 0.026316
vt 0.210526 0.000000
vt 0.210526 0.000000
vt 0.210526 0.026316
vt 0.210526 0.000000
vt 0.210526 0.000000
vt 0.210526 0.000000
vt 0.210526 0.000000
vt 0.210526 0.000000
vt 0.210526 0.000000
vt 0.210526 0.000000
vt 0.210526 0.000000
vt 0.210526 0.000000
vt 0.210526 0.000000
vt 0.210526 0.000000
vt 0.210526 0.026316
vt 0.210526 0.026316
vt 0.210526 0.000000
vt 0.210526 0.026316
vt 0.210526 0.000000
vt 0.157895 0.026316
vt 0.157895 0.052632
vt 0.157895 0.052632
vt 0.157895 0.026316
vt 0.157895 0.052632
vt 0.157895 0.026316
vt 0.157895 0.052632
vt 0.157895 0.052632
vt 0.157895 0.026316
vt 0.157895 0.052632
vt 0.131579 0.078947
vt 0.131579 0.052632
vt 0.131579 0.052632
vt 0.131579 0.078947
vt 0.184211 0.078947
vt 0.184211 0.105263
vt 0.184211 0.105263
vt 0.184211 0.078947
vt 0.184211 0.078947
vt 0.184211 0.078947
vt 0.184211 0.078947
vt 0.184211 0.078947
vt 0.184211 0.078947
vt 0.184211 0.078947
vt 0.184211 0.078947
vt 0.184211 0.105263
vt 0.184211 0.105263
vt 0.184211 0.078947
vt 0.210526 0.105263
vt 0.210526 0.131579
vt 0.210526 0.131579
vt 0.210526 0.105263
vt 0.210526 0.105263
vt 0.210526 0.131579
vt 0.210526 0.131579
vt 0.210526 0.105263
vt 0.223684 0.131579
vt 0.223684 0.157895
vt 0.223684 0.157895
vt 0.223684 0.131579
vt 0.223684 0.131579
vt 0.223684 0.157895
vt 0.223684 0.157895
vt 0.223684 0.131579
vt 0.236842 0.157895
vt 0.236842 0.184211
vt 0.236842 0.184211
vt 0.236842 0.157895
vt 0.236842 0.184211
vt 0.236842 0.157895
vt 0.236842 0.184211
vt 0.236842 0.184211
vt 0.236842 0.157895
vt 0.236842 0.184211
vt 0.223684 0.184211
vt 0.223684 0.210526
vt 0.223684 0.210526
vt 0.223684 0.184211
vt 0.223684 0.184211
vt 0.223684 0.210526
vt 0.223684 0.210526
vt 0.223684 0.184211
vt 0.248452 0.210526
vt 0.248452 0.236842
vt 0.248452 0.236842
vt 0.248452 0.210526
vt 0.248452 0.210526
vt 0.248452 0.236842
vt 0.248452 0.236842
vt 0.248452 0.236842
vt 0.248452 0.236842
vt 0.248452 0.236842
vt 0.248452 0.236842
vt 0.248452 0.236842
vt 0.248452 0.236842
vt 0.248452 0.236842
vt 0.248452 0.236842
vt 0.248452 0.236842
vt 0.248452 0.210526
vt 0.248452 0.236842
vt 0.248452 0.210526
vt 0.248452 0.210526
vt 0.184211 0.236842
vt 0.184211 0.263158
vt 0.184211 0.263158
vt 0.184211 0.236842
vt 0.184211 0.263158
vt 0.184211 0.236842
vt 0.184211 0.263158
vt 0.184211 0.236842
vt 0.184211 0.263158
vt 0.184211 0.236842
vt 0.184211 0.263158
vt 0.184211 0.236842
vt 0.184211 0.263158
vt 0.184211 0.236842
vt 0.184211 0.289474
vt 0.184211 0.289474
vt 0.184211 0.289474
vt 0.184211 0.289474
vt 0.184211 0.289474
vt 0.184211 0.289474
vt 0.184211 0.289474
vt 0.184211 0.289474
vt 0.184211 0.315789
vt 0.184211 0.315789
vt 0.184211 0.315789
vt 0.184211 0.315789
vt 0.184211 0.289474
vt 0.184211 0.315789
vt 0.184211 0.342105
vt 0.184211 0.342105
vt 0.184211 0.342105
vt 0.184211 0.342105
vt 0.184211 0.315789
vt 0.197368 0.342105
vt 0.197368 0.368421
vt 0.197368 0.368421
vt 0.197368 0.342105
vt 0.197368 0.342105
vt 0.197368 0.342105
vt 0.197368 0.342105
vt 0.197368 0.342105
vt 0.197368 0.342105
vt 0.197368 0.368421
vt 0.197368 0.368421
vt 0.197368 0.342105
vt 0.233083 0.394737
vt 0.233083 0.394737
vt 0.233083 0.368421
vt 0.233083 0.368421
vt 0.233083 0.394737
vt 0.233083 0.394737
vt 0.233083 0.394737
vt 0.233083 0.394737
vt 0.233083 0.394737
vt 0.233083 0.394737
vt 0.233083 0.368421
vt 0.233083 0.368421
vt 0.171053 0.421053
vt 0.171053 0.394737
vt 0.171053 0.394737
vt 0.171053 0.421053
vt 0.157895 0.447368
vt 0.157895 0.421053
vt 0.157895 0.421053
vt 0.157895 0.447368
vt 0.271053 0.473684
vt 0.271053 0.473684
vt 0.271053 0.447368
vt 0.271053 0.447368
vt 0.271053 0.473684
vt 0.271053 0.447368
vt 0.271053 0.473684
vt 0.271053 0.447368
vt 0.271053 0.473684
vt 0.271053 0.447368
vt 0.271053 0.473684
vt 0.271053 0.473684
vt 0.271053 0.447368
vt 0.271053 0.447368
vt 0.271053 0.473684
vt 0.271053 0.447368
vt 0.271053 0.473684
vt 0.271053 0.447368
vt 0.271053 0.473684
vt 0.271053 0.447368
vt 0.171053 0.500000
vt 0.171053 0.500000
vt 0.171053 0.500000
vt 0.171053 0.473684
vt 0.171053 0.500000
vt 0.171053 0.500000
vt 0.171053 0.500000
vt 0.171053 0.473684
vt 0.157895 0.526316
vt 0.157895 0.500000
vt 0.157895 0.500000
vt 0.157895 0.526316
vt 0.206140 0.552632
vt 0.206140 0.552632
vt 0.206140 0.526316
vt 0.206140 0.526316
vt 0.206140 0.552632
vt 0.206140 0.526316
vt 0.206140 0.526316
vt 0.206140 0.552632
vt 0.206140 0.552632
vt 0.206140 0.552632
vt 0.206140 0.552632
vt 0.206140 0.552632
vt 0.206140 0.552632
vt 0.206140 0.552632
vt 0.206140 0.552632
vt 0.206140 0.552632
vt 0.206140 0.552632
vt 0.206140 0.552632
vt 0.206140 0.552632
vt 0.206140 0.552632
vt 0.206140 0.552632
vt 0.206140 0.526316
vt 0.206140 0.526316
vt 0.206140 0.526316
vt 0.206140 0.552632
vt 0.206140 0.526316
vt 0.144737 0.631579
vt 0.144737 0.657895
vt 0.144737 0.657895
vt 0.144737 0.631579
vt 0.144737 0.657895
vt 0.144737 0.631579
vt 0.144737 0.657895
vt 0.144737 0.631579
vt 0.144737 0.657895
vt 0.144737 0.631579
vt 0.144737 0.657895
vt 0.144737 0.684211
vt 0.144737 0.684211
vt 0.144737 0.657895
vt 0.144737 0.657895
vt 0.144737 0.657895
vt 0.144737 0.657895
vt 0.144737 0.684211
vt 0.144737 0.684211
vt 0.144737 0.657895
vt 0.131579 0.684211
vt 0.131579 0.710526
vt 0.131579 0.710526
vt 0.131579 0.684211
vt 0.131579 0.710526
vt 0.131579 0.710526
vt 0.131579 0.710526
vt 0.131579 0.684211
vt 0.131579 0.710526
vt 0.131579 0.684211
vt 0.078947 0.736842
vt 0.078947 0.736842
vt 0.078947 0.710526
vt 0.078947 0.736842
vt 0.078947 0.736842
vt 0.078947 0.710526
vt 0.065789 0.736842
vt 0.065789 0.736842
vt 0.065789 0.763158
vt 0.065789 0.763158
vt 0.065789 0.763158
vt 0.065789 0.736842
vt 0.065789 0.736842
vt 0.065789 0.763158
vt 0.065789 0.736842
vt 0.065789 0.763158
vt 0.065789 0.736842
vt 0.065789 0.763158
vt 0.065789 0.736842
vt 0.065789 0.763158
vt 0.197368 0.789474
vt 0.197368 0.789474
vt 0.197368 0.763158
vt 0.197368 0.763158
vt 0.197368 0.789474
vt 0.197368 0.763158
vt 0.197368 0.789474
vt 0.197368 0.763158
vt 0.197368 0.789474
vt 0.197368 0.763158
vt 0.197368 0.789474
vt 0.197368 0.763158
vt 0.197368 0.789474
vt 0.197368 0.789474
vt 0.197368 0.789474
vt 0.197368 0.789474
vt 0.197368 0.789474
vt 0.197368 0.763158
vt 0.197368 0.763158
vt 0.197368 0.789474
vt 0.197368 0.763158
vt 0.197368 0.789474
vt 0.197368 0.763158
vt 0.197368 0.789474
vt 0.197368 0.763158
vt 0.197368 0.789474
vt 0.197368 0.763158
vt 0.258772 0.842105
vt 0.258772 0.842105
vt 0.258772 0.815789
vt 0.258772 0.815789
vt 0.258772 0.842105
vt 0.258772 0.815789
vt 0.258772 0.842105
vt 0.258772 0.815789
vt 0.258772 0.842105
vt 0.258772 0.815789
vt 0.258772 0.842105
vt 0.258772 0.815789
vt 0.258772 0.842105
vt 0.258772 0.842105
vt 0.258772 0.815789
vt 0.258772 0.815789
vt 0.258772 0.815789
vt 0.258772 0.815789
vt 0.258772 0.815789
vt 0.258772 0.815789
vt 0.258772 0.815789
vt 0.258772 0.815789
vt 0.258772 0.815789
vt 0.258772 0.842105
vt 0.258772 0.842105
vt 0.258772 0.842105
vt 0.258772 0.815789
vt 0.258772 0.842105
vt 0.258772 0.815789
vt 0.258772 0.842105
vt 0.258772 0.815789
vt 0.258772 0.842105
vt 0.258772 0.815789
vt 0.258772 0.842105
vt 0.258772 0.815789
vt 0.258772 0.842105
vt 0.258772 0.815789
vt 0.128947 0.842105
vt 0.128947 0.868421
vt 0.128947 0.868421
vt 0.128947 0.842105
vt 0.128947 0.868421
vt 0.128947 0.868421
vt 0.128947 0.868421
vt 0.128947 0.868421
vt 0.128947 0.868421
vt 0.128947 0.868421
vt 0.128947 0.842105
vt 0.128947 0.868421
vt 0.128947 0.842105
vt 0.210526 0.000000
vt 0.210526 0.026316
vt 0.210526 0.026316
vt 0.210526 0.000000
vt 0.210526 0.026316
vt 0.210526 0.000000
vt 0.210526 0.026316
vt 0.210526 0.026316
vt 0.210526 0.000000
vt 0.210526 0.000000
vt 0.210526 0.000000
vt 0.210526 0.000000
vt 0.210526 0.000000
vt 0.210526 0.000000
vt 0.210526 0.000000
vt 0.210526 0.000000
vt 0.210526 0.000000
vt 0.210526 0.026316
vt 0.210526 0.026316
vt 0.210526 0.026316
vt 0.210526 0.000000
vt 0.210526 0.026316
vt 0.210526 0.000000
vt 0.210526 0.026316
vt 0.210526 0.000000
vt 0.157895 0.026316
vt 0.157895 0.052632
vt 0.157895 0.052632
vt 0.157895 0.026316
vt 0.157895 0.052632
vt 0.157895 0.026316
vt 0.157895 0.026316
vt 0.157895 0.052632
vt 0.157895 0.052632
vt 0.157895 0.026316
vt 0.157895 0.052632
vt 0.157895 0.026316
vt 0.131579 0.052632
vt 0.131579 0.078947
vt 0.131579 0.078947
vt 0.131579 0.052632
vt 0.131579 0.078947
vt 0.131579 0.052632
vt 0.131579 0.052632
vt 0.131579 0.078947
vt 0.131579 0.078947
vt 0.131579 0.052632
vt 0.131579 0.078947
vt 0.131579 0.052632
vt 0.184211 0.078947
vt 0.184211 0.105263
vt 0.184211 0.105263
vt 0.184211 0.078947
vt 0.184211 0.078947
vt 0.184211 0.078947
vt 0.184211 0.078947
vt 0.184211 0.105263
vt 0.184211 0.105263
vt 0.184211 0.078947
vt 0.210526 0.105263
vt 0.210526 0.105263
vt 0.210526 0.105263
vt 0.210526 0.131579
vt 0.210526 0.105263
vt 0.210526 0.105263
vt 0.210526 0.105263
vt 0.210526 0.131579
vt 0.223684 0.131579
vt 0.223684 0.157895
vt 0.223684 0.157895
vt 0.223684 0.131579
vt 0.223684 0.131579
vt 0.223684 0.157895
vt 0.223684 0.157895
vt 0.223684 0.131579
vt 0.236842 0.157895
vt 0.236842 0.184211
vt 0.236842 0.184211
vt 0.236842 0.157895
vt 0.236842 0.184211
vt 0.236842 0.157895
vt 0.236842 0.184211
vt 0.236842 0.184211
vt 0.236842 0.157895
vt 0.236842 0.184211
vt 0.223684 0.184211
vt 0.223684 0.210526
vt 0.223684 0.210526
vt 0.223684 0.184211
vt 0.223684 0.184211
vt 0.223684 0.210526
vt 0.223684 0.210526
vt 0.223684 0.184211
vt 0.248452 0.210526
vt 0.248452 0.236842
vt 0.248452 0.236842
vt 0.248452 0.210526
vt 0.248452 0.210526
vt 0.248452 0.236842
vt 0.248452 0.236842
vt 0.248452 0.236842
vt 0.248452 0.236842
vt 0.248452 0.236842
vt 0.248452 0.236842
vt 0.248452 0.236842
vt 0.248452 0.236842
vt 0.248452 0.236842
vt 0.248452 0.236842
vt 0.248452 0.236842
vt 0.248452 0.236842
vt 0.248452 0.236842
vt 0.248452 0.236842
vt 0.248452 0.236842
vt 0.248452 0.236842
vt 0.248452 0.236842
vt 0.248452 0.210526
vt 0.248452 0.236842
vt 0.248452 0.210526
vt 0.248452 0.210526
vt 0.184211 0.289474
vt 0.184211 0.315789
vt 0.184211 0.315789
vt 0.184211 0.289474
vt 0.184211 0.315789
vt 0.184211 0.289474
vt 0.184211 0.315789
vt 0.184211 0.289474
vt 0.184211 0.315789
vt 0.184211 0.289474
vt 0.184211 0.315789
vt 0.184211 0.289474
vt 0.184211 0.315789
vt 0.184211 0.289474
vt 0.184211 0.315789
vt 0.184211 0.342105
vt 0.184211 0.342105
vt 0.184211 0.342105
vt 0.184211 0.342105
vt 0.184211 0.315789
vt 0.197368 0.342105
vt 0.197368 0.342105
vt 0.197368 0.368421
vt 0.197368 0.342105
vt 0.197368 0.342105
vt 0.197368 0.342105
vt 0.197368 0.342105
vt 0.197368 0.342105
vt 0.197368 0.342105
vt 0.197368 0.368421
vt 0.233083 0.394737
vt 0.233083 0.394737
vt 0.233083 0.368421
vt 0.233083 0.368421
vt 0.233083 0.394737
vt 0.233083 0.368421
vt 0.233083 0.368421
vt 0.233083 0.394737
vt 0.233083 0.394737
vt 0.233083 0.368421
vt 0.233083 0.368421
vt 0.233083 0.368421
vt 0.233083 0.394737
vt 0.233083 0.368421
vt 0.171053 0.421053
vt 0.171053 0.394737
vt 0.171053 0.394737
vt 0.171053 0.421053
vt 0.157895 0.421053
vt 0.157895 0.447368
vt 0.157895 0.447368
vt 0.157895 0.421053
vt 0.157895 0.421053
vt 0.157895 0.447368
vt 0.157895 0.447368
vt 0.157895 0.421053
vt 0.271053 0.447368
vt 0.271053 0.473684
vt 0.271053 0.473684
vt 0.271053 0.447368
vt 0.271053 0.473684
vt 0.271053 0.447368
vt 0.271053 0.473684
vt 0.271053 0.447368
vt 0.271053 0.473684
vt 0.271053 0.447368
vt 0.271053 0.473684
vt 0.271053 0.473684
vt 0.271053 0.447368
vt 0.271053 0.447368
vt 0.271053 0.473684
vt 0.271053 0.447368
vt 0.271053 0.473684
vt 0.271053 0.447368
vt 0.271053 0.473684
vt 0.271053 0.447368
vt 0.171053 0.473684
vt 0.171053 0.500000
vt 0.171053 0.500000
vt 0.171053 0.473684
vt 0.171053 0.473684
vt 0.171053 0.500000
vt 0.171053 0.500000
vt 0.171053 0.473684
vt 0.157895 0.500000
vt 0.157895 0.526316
vt 0.157895 0.526316
vt 0.157895 0.500000
vt 0.157895 0.500000
vt 0.157895 0.526316
vt 0.157895 0.526316
vt 0.157895 0.500000
vt 0.206140 0.526316
vt 0.206140 0.552632
vt 0.206140 0.552632
vt 0.206140 0.526316
vt 0.206140 0.552632
vt 0.206140 0.526316
vt 0.206140 0.552632
vt 0.206140 0.552632
vt 0.206140 0.552632
vt 0.206140 0.552632
vt 0.206140 0.552632
vt 0.206140 0.552632
vt 0.206140 0.552632
vt 0.206140 0.552632
vt 0.206140 0.552632
vt 0.206140 0.552632
vt 0.206140 0.552632
vt 0.206140 0.526316
vt 0.206140 0.526316
vt 0.206140 0.552632
vt 0.206140 0.526316
vt 0.144737 0.657895
vt 0.144737 0.684211
vt 0.144737 0.684211
vt 0.144737 0.657895
vt 0.144737 0.684211
vt 0.144737 0.657895
vt 0.144737 0.657895
vt 0.144737 0.657895
vt 0.144737 0.657895
vt 0.144737 0.657895
vt 0.144737 0.684211
vt 0.144737 0.684211
vt 0.144737 0.657895
vt 0.144737 0.684211
vt 0.144737 0.657895
vt 0.131579 0.710526
vt 0.131579 0.710526
vt 0.131579 0.684211
vt 0.131579 0.710526
vt 0.131579 0.710526
vt 0.131579 0.684211
vt 0.078947 0.736842
vt 0.078947 0.736842
vt 0.078947 0.710526
vt 0.078947 0.736842
vt 0.078947 0.736842
vt 0.078947 0.710526
vt 0.065789 0.763158
vt 0.065789 0.736842
vt 0.065789 0.736842
vt 0.065789 0.763158
vt 0.197368 0.789474
vt 0.197368 0.789474
vt 0.197368 0.763158
vt 0.197368 0.763158
vt 0.197368 0.789474
vt 0.197368 0.763158
vt 0.197368 0.789474
vt 0.197368 0.763158
vt 0.197368 0.789474
vt 0.197368 0.763158
vt 0.197368 0.789474
vt 0.197368 0.763158
vt 0.197368 0.789474
vt 0.197368 0.789474
vt 0.197368 0.789474
vt 0.197368 0.789474
vt 0.197368 0.789474
vt 0.197368 0.763158
vt 0.197368 0.763158
vt 0.197368 0.789474
vt 0.197368 0.763158
vt 0.197368 0.789474
vt 0.197368 0.763158
vt 0.197368 0.789474
vt 0.197368 0.763158
vt 0.197368 0.789474
vt 0.197368 0.763158
vt 0.258772 0.842105
vt 0.258772 0.842105
vt 0.258772 0.815789
vt 0.258772 0.815789
vt 0.258772 0.842105
vt 0.258772 0.815789
vt 0.258772 0.842105
vt 0.258772 0.815789
vt 0.258772 0.842105
vt 0.258772 0.815789
vt 0.258772 0.842105
vt 0.258772 0.815789
vt 0.258772 0.842105
vt 0.258772 0.815789
vt 0.258772 0.842105
vt 0.258772 0.842105
vt 0.258772 0.815789
vt 0.258772 0.815789
vt 0.258772 0.815789
vt 0.258772 0.815789
vt 0.258772 0.815789
vt 0.258772 0.815789
vt 0.258772 0.815789
vt 0.258772 0.842105
vt 0.258772 0.842105
vt 0.258772 0.842105
vt 0.258772 0.815789
vt 0.258772 0.842105
vt 0.258772 0.815789
vt 0.258772 0.842105
vt 0.258772 0.815789
vt 0.258772 0.842105
vt 0.258772 0.815789
vt 0.258772 0.842105
vt 0.258772 0.815789
vt 0.258772 0.842105
vt 0.258772 0.815789
vt 0.258772 0.842105
vt 0.258772 0.815789
vt 0.128947 0.842105
vt 0.128947 0.868421
vt 0.128947 0.868421
vt 0.128947 0.842105
vt 0.128947 0.868421
vt 0.128947 0.868421
vt 0.128947 0.868421
vt 0.128947 0.868421
vt 0.128947 0.842105
vt 0.128947 0.868421
vt 0.128947 0.842105
vt 0.210526 0.000000
vt 0.210526 0.026316
vt 0.210526 0.026316
vt 0.210526 0.000000
vt 0.210526 0.026316
vt 0.210526 0.000000
vt 0.210526 0.026316
vt 0.210526 0.026316
vt 0.210526 0.000000
vt 0.210526 0.026316
vt 0.210526 0.026316
vt 0.210526 0.000000
vt 0.210526 0.000000
vt 0.210526 0.000000
vt 0.210526 0.000000
vt 0.210526 0.000000
vt 0.210526 0.026316
vt 0.210526 0.026316
vt 0.210526 0.026316
vt 0.210526 0.026316
vt 0.210526 0.000000
vt 0.210526 0.026316
vt 0.210526 0.000000
vt 0.210526 0.026316
vt 0.210526 0.000000
vt 0.210526 0.026316
vt 0.210526 0.000000
vt 0.157895 0.026316
vt 0.157895 0.052632
vt 0.157895 0.052632
vt 0.157895 0.026316
vt 0.157895 0.052632
vt 0.157895 0.026316
vt 0.157895 0.052632
vt 0.157895 0.026316
vt 0.157895 0.052632
vt 0.157895 0.026316
vt 0.131579 0.052632
vt 0.131579 0.078947
vt 0.131579 0.078947
vt 0.131579 0.052632
vt 0.131579 0.078947
vt 0.131579 0.052632
vt 0.131579 0.078947
vt 0.131579 0.052632
vt 0.131579 0.078947
vt 0.131579 0.052632
vt 0.184211 0.078947
vt 0.184211 0.105263
vt 0.184211 0.105263
vt 0.184211 0.078947
vt 0.184211 0.078947
vt 0.184211 0.078947
vt 0.184211 0.078947
vt 0.184211 0.078947
vt 0.184211 0.078947
vt 0.184211 0.078947
vt 0.184211 0.078947
vt 0.184211 0.078947
vt 0.184211 0.078947
vt 0.184211 0.105263
vt 0.184211 0.105263
vt 0.184211 0.078947
vt 0.210526 0.105263
vt 0.210526 0.131579
vt 0.210526 0.131579
vt 0.210526 0.105263
vt 0.210526 0.131579
vt 0.210526 0.105263
vt 0.210526 0.105263
vt 0.210526 0.105263
vt 0.210526 0.105263
vt 0.210526 0.105263
vt 0.210526 0.131579
vt 0.210526 0.131579
vt 0.210526 0.105263
vt 0.210526 0.131579
vt 0.223684 0.131579
vt 0.223684 0.157895
vt 0.223684 0.157895
vt 0.223684 0.131579
vt 0.223684 0.131579
vt 0.223684 0.157895
vt 0.223684 0.157895
vt 0.223684 0.131579
vt 0.236842 0.157895
vt 0.236842 0.184211
vt 0.236842 0.184211
vt 0.236842 0.157895
vt 0.236842 0.184211
vt 0.236842 0.157895
vt 0.236842 0.184211
vt 0.236842 0.184211
vt 0.236842 0.157895
vt 0.236842 0.184211
vt 0.223684 0.184211
vt 0.223684 0.210526
vt 0.223684 0.210526
vt 0.223684 0.184211
vt 0.223684 0.210526
vt 0.223684 0.184211
vt 0.223684 0.184211
vt 0.223684 0.210526
vt 0.223684 0.210526
vt 0.223684 0.184211
vt 0.223684 0.210526
vt 0.223684 0.184211
vt 0.248452 0.210526
vt 0.248452 0.236842
vt 0.248452 0.236842
vt 0.248452 0.210526
vt 0.248452 0.210526
vt 0.248452 0.236842
vt 0.248452 0.236842
vt 0.248452 0.236842
vt 0.248452 0.236842
vt 0.248452 0.236842
vt 0.248452 0.236842
vt 0.248452 0.236842
vt 0.248452 0.236842
vt 0.248452 0.236842
vt 0.248452 0.236842
vt 0.248452 0.210526
vt 0.248452 0.236842
vt 0.248452 0.210526
vt 0.248452 0.210526
vt 0.184211 0.315789
vt 0.184211 0.342105
vt 0.184211 0.342105
vt 0.184211 0.315789
vt 0.184211 0.342105
vt 0.184211 0.315789
vt 0.184211 0.342105
vt 0.184211 0.315789
vt 0.184211 0.342105
vt 0.184211 0.315789
vt 0.184211 0.342105
vt 0.184211 0.315789
vt 0.184211 0.342105
vt 0.184211 0.315789
vt 0.197368 0.342105
vt 0.197368 0.368421
vt 0.197368 0.368421
vt 0.197368 0.342105
vt 0.197368 0.342105
vt 0.197368 0.342105
vt 0.197368 0.342105
vt 0.197368 0.342105
vt 0.197368 0.342105
vt 0.197368 0.342105
vt 0.197368 0.342105
vt 0.197368 0.368421
vt 0.197368 0.368421
vt 0.197368 0.342105
vt 0.233083 0.368421
vt 0.233083 0.394737
vt 0.233083 0.394737
vt 0.233083 0.368421
vt 0.233083 0.394737
vt 0.233083 0.368421
vt 0.233083 0.394737
vt 0.233083 0.394737
vt 0.233083 0.368421
vt 0.233083 0.368421
vt 0.233083 0.394737
vt 0.233083 0.368421
vt 0.171053 0.394737
vt 0.171053 0.421053
vt 0.171053 0.421053
vt 0.171053 0.394737
vt 0.171053 0.421053
vt 0.171053 0.394737
vt 0.171053 0.421053
vt 0.171053 0.421053
vt 0.171053 0.394737
vt 0.171053 0.421053
vt 0.157895 0.447368
vt 0.157895 0.421053
vt 0.157895 0.421053
vt 0.157895 0.447368
vt 0.271053 0.473684
vt 0.271053 0.473684
vt 0.271053 0.447368
vt 0.271053 0.447368
vt 0.271053 0.473684
vt 0.271053 0.447368
vt 0.271053 0.473684
vt 0.271053 0.447368
vt 0.271053 0.473684
vt 0.271053 0.473684
vt 0.271053 0.447368
vt 0.271053 0.447368
vt 0.271053 0.473684
vt 0.271053 0.473684
vt 0.271053 0.473684
vt 0.271053 0.447368
vt 0.271053 0.447368
vt 0.271053 0.447368
vt 0.271053 0.473684
vt 0.271053 0.447368
vt 0.271053 0.473684
vt 0.271053 0.447368
vt 0.271053 0.473684
vt 0.271053 0.447368
vt 0.171053 0.473684
vt 0.171053 0.500000
vt 0.171053 0.500000
vt 0.171053 0.473684
vt 0.171053 0.500000
vt 0.171053 0.473684
vt 0.171053 0.500000
vt 0.171053 0.500000
vt 0.171053 0.473684
vt 0.171053 0.500000
vt 0.157895 0.500000
vt 0.157895 0.526316
vt 0.157895 0.526316
vt 0.157895 0.500000
vt 0.157895 0.526316
vt 0.157895 0.500000
vt 0.157895 0.500000
vt 0.157895 0.526316
vt 0.157895 0.526316
vt 0.157895 0.500000
vt 0.157895 0.526316
vt 0.157895 0.500000
vt 0.206140 0.526316
vt 0.206140 0.552632
vt 0.206140 0.552632
vt 0.206140 0.526316
vt 0.206140 0.552632
vt 0.206140 0.526316
vt 0.206140 0.526316
vt 0.206140 0.552632
vt 0.206140 0.552632
vt 0.206140 0.552632
vt 0.206140 0.552632
vt 0.206140 0.552632
vt 0.206140 0.552632
vt 0.206140 0.552632
vt 0.206140 0.552632
vt 0.206140 0.552632
vt 0.206140 0.526316
vt 0.206140 0.526316
vt 0.206140 0.526316
vt 0.206140 0.552632
vt 0.206140 0.526316
vt 0.144737 0.657895
vt 0.144737 0.684211
vt 0.144737 0.684211
vt 0.144737 0.657895
vt 0.144737 0.684211
vt 0.144737 0.657895
vt 0.144737 0.684211
vt 0.144737 0.657895
vt 0.144737 0.684211
vt 0.144737 0.657895
vt 0.131579 0.684211
vt 0.131579 0.710526
vt 0.131579 0.710526
vt 0.131579 0.684211
vt 0.131579 0.684211
vt 0.131579 0.710526
vt 0.131579 0.684211
vt 0.131579 0.684211
vt 0.131579 0.684211
vt 0.131579 0.710526
vt 0.131579 0.710526
vt 0.131579 0.684211
vt 0.131579 0.684211
vt 0.131579 0.684211
vt 0.131579 0.710526
vt 0.131579 0.684211
vt 0.078947 0.710526
vt 0.078947 0.736842
vt 0.078947 0.736842
vt 0.078947 0.710526
vt 0.078947 0.710526
vt 0.078947 0.736842
vt 0.078947 0.736842
vt 0.078947 0.710526
vt 0.065789 0.736842
vt 0.065789 0.763158
vt 0.065789 0.763158
vt 0.065789 0.736842
vt 0.065789 0.736842
vt 0.065789 0.763158
vt 0.065789 0.736842
vt 0.065789 0.763158
vt 0.065789 0.763158
vt 0.065789 0.736842
vt 0.065789 0.736842
vt 0.065789 0.763158
vt 0.197368 0.763158
vt 0.197368 0.789474
vt 0.197368 0.789474
vt 0.197368 0.763158
vt 0.197368 0.763158
vt 0.197368 0.789474
vt 0.197368 0.789474
vt 0.197368 0.763158
vt 0.197368 0.789474
vt 0.197368 0.763158
vt 0.197368 0.789474
vt 0.197368 0.763158
vt 0.197368 0.789474
vt 0.197368 0.763158
vt 0.197368 0.789474
vt 0.197368 0.789474
vt 0.197368 0.789474
vt 0.197368 0.789474
vt 0.197368 0.789474
vt 0.197368 0.789474
vt 0.197368 0.789474
vt 0.197368 0.763158
vt 0.197368 0.763158
vt 0.197368 0.789474
vt 0.197368 0.763158
vt 0.197368 0.789474
vt 0.197368 0.763158
vt 0.197368 0.789474
vt 0.197368 0.763158
vt 0.197368 0.789474
vt 0.197368 0.763158
vt 0.197368 0.763158
vt 0.197368 0.789474
vt 0.258772 0.815789
vt 0.258772 0.842105
vt 0.258772 0.842105
vt 0.258772 0.815789
vt 0.258772 0.842105
vt 0.258772 0.815789
vt 0.258772 0.842105
vt 0.258772 0.815789
vt 0.258772 0.842105
vt 0.258772 0.815789
vt 0.258772 0.842105
vt 0.258772 0.815789
vt 0.258772 0.842105
vt 0.258772 0.815789
vt 0.258772 0.842105
vt 0.258772 0.815789
vt 0.258772 0.842105
vt 0.258772 0.842105
vt 0.258772 0.815789
vt 0.258772 0.815789
vt 0.258772 0.815789
vt 0.258772 0.815789
vt 0.258772 0.815789
vt 0.258772 0.842105
vt 0.258772 0.842105
vt 0.258772 0.842105
vt 0.258772 0.815789
vt 0.258772 0.842105
vt 0.258772 0.815789
vt 0.258772 0.842105
vt 0.258772 0.815789
vt 0.258772 0.842105
vt 0.258772 0.815789
vt 0.258772 0.842105
vt 0.258772 0.815789
vt 0.258772 0.842105
vt 0.258772 0.815789
vt 0.258772 0.842105
vt 0.258772 0.815789
vt 0.258772 0.842105
vt 0.258772 0.815789
vt 0.128947 0.842105
vt 0.128947 0.868421
vt 0.128947 0.868421
vt 0.128947 0.842105
vt 0.128947 0.868421
vt 0.128947 0.842105
vt 0.128947 0.868421
vt 0.128947 0.842105
vt 0.128947 0.868421
vt 0.128947 0.842105
vt 0.210526 0.000000
vt 0.210526 0.026316
vt 0.210526 0.026316
vt 0.210526 0.000000
vt 0.210526 0.026316
vt 0.210526 0.000000
vt 0.210526 0.026316
vt 0.210526 0.000000
vt 0.210526 0.026316
vt 0.210526 0.026316
vt 0.210526 0.000000
vt 0.210526 0.026316
vt 0.210526 0.026316
vt 0.210526 0.000000
vt 0.210526 0.026316
vt 0.210526 0.026316
vt 0.210526 0.000000
vt 0.210526 0.026316
vt 0.210526 0.000000
vt 0.210526 0.026316
vt 0.210526 0.000000
vt 0.210526 0.026316
vt 0.210526 0.000000
vt 0.210526 0.026316
vt 0.210526 0.000000
vt 0.184211 0.078947
vt 0.184211 0.105263
vt 0.184211 0.105263
vt 0.184211 0.078947
vt 0.184211 0.078947
vt 0.184211 0.078947
vt 0.184211 0.078947
vt 0.184211 0.078947
vt 0.184211 0.078947
vt 0.184211 0.078947
vt 0.184211 0.078947
vt 0.184211 0.078947
vt 0.184211 0.078947
vt 0.184211 0.105263
vt 0.184211 0.105263
vt 0.184211 0.078947
vt 0.210526 0.105263
vt 0.210526 0.131579
vt 0.210526 0.131579
vt 0.210526 0.105263
vt 0.210526 0.131579
vt 0.210526 0.105263
vt 0.210526 0.105263
vt 0.210526 0.105263
vt 0.210526 0.105263
vt 0.210526 0.105263
vt 0.210526 0.131579
vt 0.210526 0.131579
vt 0.210526 0.105263
vt 0.210526 0.131579
vt 0.223684 0.131579
vt 0.223684 0.157895
vt 0.223684 0.157895
vt 0.223684 0.131579
vt 0.223684 0.157895
vt 0.223684 0.131579
vt 0.223684 0.131579
vt 0.223684 0.157895
vt 0.223684 0.157895
vt 0.223684 0.131579
vt 0.223684 0.157895
vt 0.223684 0.131579
vt 0.236842 0.157895
vt 0.236842 0.184211
vt 0.236842 0.184211
vt 0.236842 0.157895
vt 0.236842 0.184211
vt 0.236842 0.184211
vt 0.236842 0.157895
vt 0.236842 0.184211
vt 0.236842 0.157895
vt 0.236842 0.184211
vt 0.236842 0.184211
vt 0.236842 0.157895
vt 0.236842 0.184211
vt 0.236842 0.184211
vt 0.236842 0.184211
vt 0.236842 0.157895
vt 0.223684 0.184211
vt 0.223684 0.210526
vt 0.223684 0.210526
vt 0.223684 0.184211
vt 0.223684 0.210526
vt 0.223684 0.184211
vt 0.223684 0.210526
vt 0.223684 0.184211
vt 0.223684 0.210526
vt 0.223684 0.184211
vt 0.223684 0.210526
vt 0.223684 0.184211
vt 0.223684 0.210526
vt 0.223684 0.184211
vt 0.248452 0.210526
vt 0.248452 0.236842
vt 0.248452 0.236842
vt 0.248452 0.210526
vt 0.248452 0.210526
vt 0.248452 0.236842
vt 0.248452 0.210526
vt 0.248452 0.210526
vt 0.248452 0.236842
vt 0.248452 0.236842
vt 0.248452 0.236842
vt 0.248452 0.236842
vt 0.248452 0.236842
vt 0.248452 0.236842
vt 0.248452 0.210526
vt 0.248452 0.236842
vt 0.248452 0.210526
vt 0.248452 0.210526
vt 0.248452 0.210526
vt 0.248452 0.236842
vt 0.248452 0.210526
vt 0.197368 0.342105
vt 0.197368 0.368421
vt 0.197368 0.368421
vt 0.197368 0.342105
vt 0.197368 0.368421
vt 0.197368 0.342105
vt 0.197368 0.342105
vt 0.197368 0.342105
vt 0.197368 0.342105
vt 0.197368 0.342105
vt 0.197368 0.342105
vt 0.197368 0.342105
vt 0.197368 0.342105
vt 0.197368 0.342105
vt 0.197368 0.342105
vt 0.197368 0.342105
vt 0.197368 0.342105
vt 0.197368 0.368421
vt 0.197368 0.368421
vt 0.197368 0.342105
vt 0.197368 0.368421
vt 0.197368 0.342105
vt 0.233083 0.368421
vt 0.233083 0.394737
vt 0.233083 0.394737
vt 0.233083 0.368421
vt 0.233083 0.394737
vt 0.233083 0.394737
vt 0.233083 0.368421
vt 0.233083 0.368421
vt 0.233083 0.394737
vt 0.233083 0.394737
vt 0.233083 0.394737
vt 0.233083 0.368421
vt 0.233083 0.368421
vt 0.233083 0.368421
vt 0.233083 0.394737
vt 0.233083 0.368421
vt 0.171053 0.394737
vt 0.171053 0.421053
vt 0.171053 0.421053
vt 0.171053 0.394737
vt 0.171053 0.394737
vt 0.171053 0.421053
vt 0.171053 0.421053
vt 0.171053 0.394737
vt 0.157895 0.421053
vt 0.157895 0.447368
vt 0.157895 0.447368
vt 0.157895 0.421053
vt 0.157895 0.421053
vt 0.157895 0.447368
vt 0.157895 0.447368
vt 0.157895 0.421053
vt 0.271053 0.447368
vt 0.271053 0.473684
vt 0.271053 0.473684
vt 0.271053 0.447368
vt 0.271053 0.473684
vt 0.271053 0.447368
vt 0.271053 0.473684
vt 0.271053 0.447368
vt 0.271053 0.473684
vt 0.271053 0.447368
vt 0.271053 0.473684
vt 0.271053 0.473684
vt 0.271053 0.473684
vt 0.271053 0.473684
vt 0.271053 0.473684
vt 0.271053 0.473684
vt 0.271053 0.447368
vt 0.271053 0.447368
vt 0.271053 0.473684
vt 0.271053 0.447368
vt 0.271053 0.473684
vt 0.271053 0.447368
vt 0.271053 0.473684
vt 0.271053 0.447368
vt 0.171053 0.473684
vt 0.171053 0.500000
vt 0.171053 0.500000
vt 0.171053 0.473684
vt 0.171053 0.500000
vt 0.171053 0.500000
vt 0.171053 0.500000
vt 0.171053 0.500000
vt 0.171053 0.500000
vt 0.171053 0.500000
vt 0.171053 0.500000
vt 0.171053 0.473684
vt 0.171053 0.500000
vt 0.171053 0.473684
vt 0.157895 0.500000
vt 0.157895 0.526316
vt 0.157895 0.526316
vt 0.157895 0.500000
vt 0.157895 0.526316
vt 0.157895 0.500000
vt 0.157895 0.526316
vt 0.157895 0.500000
vt 0.157895 0.526316
vt 0.157895 0.500000
vt 0.206140 0.526316
vt 0.206140 0.552632
vt 0.206140 0.552632
vt 0.206140 0.526316
vt 0.206140 0.552632
vt 0.206140 0.526316
vt 0.206140 0.526316
vt 0.206140 0.552632
vt 0.206140 0.526316
vt 0.206140 0.526316
vt 0.206140 0.552632
vt 0.206140 0.552632
vt 0.206140 0.552632
vt 0.206140 0.552632
vt 0.206140 0.552632
vt 0.206140 0.526316
vt 0.206140 0.526316
vt 0.206140 0.526316
vt 0.206140 0.526316
vt 0.206140 0.552632
vt 0.206140 0.526316
vt 0.206140 0.552632
vt 0.206140 0.526316
vt 0.131579 0.684211
vt 0.131579 0.710526
vt 0.131579 0.710526
vt 0.131579 0.684211
vt 0.131579 0.684211
vt 0.131579 0.710526
vt 0.131579 0.684211
vt 0.131579 0.684211
vt 0.131579 0.710526
vt 0.131579 0.684211
vt 0.131579 0.684211
vt 0.131579 0.710526
vt 0.131579 0.684211
vt 0.078947 0.710526
vt 0.078947 0.736842
vt 0.078947 0.736842
vt 0.078947 0.710526
vt 0.078947 0.736842
vt 0.078947 0.710526
vt 0.078947 0.736842
vt 0.078947 0.710526
vt 0.078947 0.736842
vt 0.078947 0.710526
vt 0.065789 0.763158
vt 0.065789 0.736842
vt 0.065789 0.736842
vt 0.065789 0.763158
vt 0.197368 0.789474
vt 0.197368 0.789474
vt 0.197368 0.763158
vt 0.197368 0.763158
vt 0.197368 0.789474
vt 0.197368 0.763158
vt 0.197368 0.789474
vt 0.197368 0.763158
vt 0.197368 0.789474
vt 0.197368 0.763158
vt 0.197368 0.789474
vt 0.197368 0.763158
vt 0.197368 0.763158
vt 0.197368 0.789474
vt 0.197368 0.789474
vt 0.197368 0.789474
vt 0.197368 0.789474
vt 0.197368 0.763158
vt 0.197368 0.763158
vt 0.197368 0.763158
vt 0.197368 0.789474
vt 0.197368 0.763158
vt 0.197368 0.789474
vt 0.197368 0.763158
vt 0.197368 0.789474
vt 0.197368 0.763158
vt 0.197368 0.789474
vt 0.197368 0.763158
vt 0.052632 0.789474
vt 0.052632 0.789474
vt 0.052632 0.815789
vt 0.052632 0.815789
vt 0.052632 0.815789
vt 0.052632 0.789474
vt 0.052632 0.789474
vt 0.052632 0.815789
vt 0.052632 0.789474
vt 0.052632 0.815789
vt 0.258772 0.842105
vt 0.258772 0.842105
vt 0.258772 0.815789
vt 0.258772 0.815789
vt 0.258772 0.842105
vt 0.258772 0.815789
vt 0.258772 0.842105
vt 0.258772 0.815789
vt 0.258772 0.842105
vt 0.258772 0.815789
vt 0.258772 0.842105
vt 0.258772 0.815789
vt 0.258772 0.842105
vt 0.258772 0.815789
vt 0.258772 0.842105
vt 0.258772 0.815789
vt 0.258772 0.842105
vt 0.258772 0.842105
vt 0.258772 0.815789
vt 0.258772 0.842105
vt 0.258772 0.842105
vt 0.258772 0.842105
vt 0.258772 0.842105
vt 0.258772 0.842105
vt 0.258772 0.815789
vt 0.258772 0.815789
vt 0.258772 0.842105
vt 0.258772 0.815789
vt 0.258772 0.842105
vt 0.258772 0.815789
vt 0.258772 0.842105
vt 0.258772 0.815789
vt 0.258772 0.842105
vt 0.258772 0.815789
vt 0.258772 0.842105
vt 0.258772 0.815789
vt 0.258772 0.842105
vt 0.258772 0.815789
vt 0.258772 0.842105
vt 0.258772 0.815789
vt 0.210526 0.000000
vt 0.210526 0.026316
vt 0.210526 0.026316
vt 0.210526 0.000000
vt 0.210526 0.026316
vt 0.210526 0.000000
vt 0.210526 0.026316
vt 0.210526 0.000000
vt 0.210526 0.026316
vt 0.210526 0.000000
vt 0.210526 0.026316
vt 0.210526 0.000000
vt 0.210526 0.026316
vt 0.210526 0.000000
vt 0.184211 0.078947
vt 0.184211 0.105263
vt 0.184211 0.105263
vt 0.184211 0.078947
vt 0.184211 0.105263
vt 0.184211 0.078947
vt 0.184211 0.105263
vt 0.184211 0.078947
vt 0.184211 0.105263
vt 0.184211 0.078947
vt 0.184211 0.105263
vt 0.184211 0.078947
vt 0.184211 0.105263
vt 0.184211 0.078947
vt 0.210526 0.105263
vt 0.210526 0.131579
vt 0.210526 0.131579
vt 0.210526 0.105263
vt 0.210526 0.131579
vt 0.210526 0.131579
vt 0.210526 0.105263
vt 0.210526 0.131579
vt 0.210526 0.105263
vt 0.210526 0.105263
vt 0.210526 0.131579
vt 0.210526 0.131579
vt 0.210526 0.105263
vt 0.210526 0.131579
vt 0.210526 0.131579
vt 0.210526 0.105263
vt 0.210526 0.131579
vt 0.210526 0.105263
vt 0.223684 0.131579
vt 0.223684 0.157895
vt 0.223684 0.157895
vt 0.223684 0.131579
vt 0.223684 0.157895
vt 0.223684 0.131579
vt 0.223684 0.157895
vt 0.223684 0.131579
vt 0.223684 0.157895
vt 0.223684 0.131579
vt 0.223684 0.157895
vt 0.223684 0.131579
vt 0.223684 0.157895
vt 0.223684 0.131579
vt 0.236842 0.157895
vt 0.236842 0.184211
vt 0.236842 0.184211
vt 0.236842 0.157895
vt 0.236842 0.184211
vt 0.236842 0.184211
vt 0.236842 0.157895
vt 0.236842 0.184211
vt 0.236842 0.184211
vt 0.236842 0.157895
vt 0.236842 0.184211
vt 0.236842 0.184211
vt 0.236842 0.157895
vt 0.236842 0.184211
vt 0.236842 0.184211
vt 0.236842 0.157895
vt 0.236842 0.184211
vt 0.236842 0.184211
vt 0.236842 0.157895
vt 0.248452 0.210526
vt 0.248452 0.236842
vt 0.248452 0.236842
vt 0.248452 0.210526
vt 0.248452 0.210526
vt 0.248452 0.236842
vt 0.248452 0.210526
vt 0.248452 0.210526
vt 0.248452 0.236842
vt 0.248452 0.210526
vt 0.248452 0.210526
vt 0.248452 0.236842
vt 0.248452 0.210526
vt 0.248452 0.210526
vt 0.248452 0.236842
vt 0.248452 0.210526
vt 0.248452 0.210526
vt 0.248452 0.236842
vt 0.248452 0.210526
vt 0.197368 0.342105
vt 0.197368 0.368421
vt 0.197368 0.368421
vt 0.197368 0.342105
vt 0.197368 0.368421
vt 0.197368 0.342105
vt 0.197368 0.368421
vt 0.197368 0.342105
vt 0.197368 0.368421
vt 0.197368 0.342105
vt 0.197368 0.368421
vt 0.197368 0.342105
vt 0.197368 0.368421
vt 0.197368 0.342105
vt 0.233083 0.368421
vt 0.233083 0.394737
vt 0.233083 0.394737
vt 0.233083 0.368421
vt 0.233083 0.394737
vt 0.233083 0.368421
vt 0.233083 0.394737
vt 0.233083 0.368421
vt 0.233083 0.368421
vt 0.233083 0.368421
vt 0.233083 0.368421
vt 0.233083 0.368421
vt 0.233083 0.368421
vt 0.233083 0.368421
vt 0.233083 0.394737
vt 0.233083 0.394737
vt 0.233083 0.368421
vt 0.233083 0.394737
vt 0.233083 0.394737
vt 0.233083 0.368421
vt 0.171053 0.394737
vt 0.171053 0.421053
vt 0.171053 0.421053
vt 0.171053 0.394737
vt 0.171053 0.394737
vt 0.171053 0.421053
vt 0.171053 0.421053
vt 0.171053 0.394737
vt 0.157895 0.421053
vt 0.157895 0.447368
vt 0.157895 0.447368
vt 0.157895 0.421053
vt 0.157895 0.447368
vt 0.157895 0.421053
vt 0.157895 0.421053
vt 0.157895 0.447368
vt 0.157895 0.447368
vt 0.157895 0.421053
vt 0.157895 0.447368
vt 0.157895 0.421053
vt 0.271053 0.447368
vt 0.271053 0.473684
vt 0.271053 0.473684
vt 0.271053 0.447368
vt 0.271053 0.473684
vt 0.271053 0.447368
vt 0.271053 0.473684
vt 0.271053 0.447368
vt 0.271053 0.473684
vt 0.271053 0.447368
vt 0.271053 0.447368
vt 0.271053 0.473684
vt 0.271053 0.473684
vt 0.271053 0.473684
vt 0.271053 0.473684
vt 0.271053 0.473684
vt 0.271053 0.473684
vt 0.271053 0.447368
vt 0.271053 0.447368
vt 0.271053 0.447368
vt 0.271053 0.473684
vt 0.271053 0.447368
vt 0.271053 0.473684
vt 0.271053 0.447368
vt 0.271053 0.473684
vt 0.271053 0.447368
vt 0.171053 0.473684
vt 0.171053 0.500000
vt 0.171053 0.500000
vt 0.171053 0.473684
vt 0.171053 0.500000
vt 0.171053 0.473684
vt 0.171053 0.500000
vt 0.171053 0.500000
vt 0.171053 0.473684
vt 0.171053 0.500000
vt 0.171053 0.500000
vt 0.171053 0.473684
vt 0.171053 0.500000
vt 0.171053 0.500000
vt 0.171053 0.473684
vt 0.171053 0.500000
vt 0.171053 0.473684
vt 0.206140 0.526316
vt 0.206140 0.552632
vt 0.206140 0.552632
vt 0.206140 0.526316
vt 0.206140 0.552632
vt 0.206140 0.526316
vt 0.206140 0.526316
vt 0.206140 0.552632
vt 0.206140 0.526316
vt 0.206140 0.526316
vt 0.206140 0.552632
vt 0.206140 0.526316
vt 0.206140 0.526316
vt 0.206140 0.552632
vt 0.206140 0.526316
vt 0.206140 0.552632
vt 0.206140 0.526316
vt 0.065789 0.736842
vt 0.065789 0.763158
vt 0.065789 0.763158
vt 0.065789 0.736842
vt 0.065789 0.736842
vt 0.065789 0.763158
vt 0.065789 0.736842
vt 0.065789 0.736842
vt 0.065789 0.763158
vt 0.065789 0.736842
vt 0.065789 0.736842
vt 0.065789 0.763158
vt 0.065789 0.736842
vt 0.197368 0.789474
vt 0.197368 0.789474
vt 0.197368 0.763158
vt 0.197368 0.763158
vt 0.197368 0.789474
vt 0.197368 0.763158
vt 0.197368 0.789474
vt 0.197368 0.763158
vt 0.197368 0.789474
vt 0.197368 0.763158
vt 0.197368 0.789474
vt 0.197368 0.763158
vt 0.197368 0.789474
vt 0.197368 0.789474
vt 0.197368 0.763158
vt 0.197368 0.763158
vt 0.197368 0.789474
vt 0.197368 0.763158
vt 0.197368 0.789474
vt 0.197368 0.763158
vt 0.197368 0.789474
vt 0.197368 0.763158
vt 0.197368 0.789474
vt 0.197368 0.763158
vt 0.052632 0.789474
vt 0.052632 0.815789
vt 0.052632 0.815789
vt 0.052632 0.789474
vt 0.052632 0.789474
vt 0.052632 0.815789
vt 0.052632 0.789474
vt 0.052632 0.815789
vt 0.258772 0.842105
vt 0.258772 0.842105
vt 0.258772 0.815789
vt 0.258772 0.815789
vt 0.258772 0.842105
vt 0.258772 0.815789
vt 0.258772 0.842105
vt 0.258772 0.815789
vt 0.258772 0.842105
vt 0.258772 0.815789
vt 0.258772 0.842105
vt 0.258772 0.815789
vt 0.258772 0.842105
vt 0.258772 0.815789
vt 0.258772 0.842105
vt 0.258772 0.815789
vt 0.258772 0.842105
vt 0.258772 0.842105
vt 0.258772 0.842105
vt 0.258772 0.842105
vt 0.258772 0.842105
vt 0.258772 0.815789
vt 0.258772 0.815789
vt 0.258772 0.842105
vt 0.258772 0.815789
vt 0.258772 0.842105
vt 0.258772 0.815789
vt 0.258772 0.842105
vt 0.258772 0.815789
vt 0.258772 0.842105
vt 0.258772 0.815789
vt 0.258772 0.842105
vt 0.258772 0.815789
vt 0.258772 0.842105
vt 0.258772 0.815789
vt 0.210526 0.105263
vt 0.210526 0.131579
vt 0.210526 0.131579
vt 0.210526 0.105263
vt 0.210526 0.131579
vt 0.210526 0.105263
vt 0.210526 0.131579
vt 0.210526 0.105263
vt 0.210526 0.131579
vt 0.210526 0.105263
vt 0.210526 0.131579
vt 0.210526 0.105263
vt 0.210526 0.131579
vt 0.210526 0.105263
vt 0.210526 0.131579
vt 0.210526 0.105263
vt 0.210526 0.131579
vt 0.210526 0.105263
vt 0.210526 0.131579
vt 0.210526 0.105263
vt 0.210526 0.131579
vt 0.210526 0.105263
vt 0.210526 0.131579
vt 0.210526 0.105263
vt 0.233083 0.368421
vt 0.233083 0.394737
vt 0.233083 0.394737
vt 0.233083 0.368421
vt 0.233083 0.394737
vt 0.233083 0.394737
vt 0.233083 0.368421
vt 0.233083 0.368421
vt 0.233083 0.368421
vt 0.233083 0.368421
vt 0.233083 0.368421
vt 0.233083 0.368421
vt 0.233083 0.368421
vt 0.233083 0.368421
vt 0.233083 0.368421
vt 0.233083 0.368421
vt 0.233083 0.394737
vt 0.233083 0.394737
vt 0.233083 0.368421
vt 0.233083 0.394737
vt 0.233083 0.368421
vt 0.233083 0.394737
vt 0.171053 0.394737
vt 0.171053 0.421053
vt 0.171053 0.421053
vt 0.171053 0.394737
vt 0.171053 0.421053
vt 0.171053 0.421053
vt 0.171053 0.394737
vt 0.171053 0.421053
vt 0.171053 0.394737
vt 0.171053 0.421053
vt 0.171053 0.394737
vt 0.171053 0.421053
vt 0.171053 0.394737
vt 0.171053 0.421053
vt 0.171053 0.394737
vt 0.171053 0.421053
vt 0.157895 0.421053
vt 0.157895 0.447368
vt 0.157895 0.447368
vt 0.157895 0.421053
vt 0.157895 0.447368
vt 0.157895 0.421053
vt 0.157895 0.447368
vt 0.157895 0.421053
vt 0.157895 0.447368
vt 0.157895 0.421053
vt 0.271053 0.447368
vt 0.271053 0.473684
vt 0.271053 0.473684
vt 0.271053 0.447368
vt 0.271053 0.473684
vt 0.271053 0.447368
vt 0.271053 0.473684
vt 0.271053 0.447368
vt 0.271053 0.473684
vt 0.271053 0.447368
vt 0.271053 0.447368
vt 0.271053 0.473684
vt 0.271053 0.473684
vt 0.271053 0.447368
vt 0.271053 0.447368
vt 0.271053 0.473684
vt 0.271053 0.473684
vt 0.271053 0.473684
vt 0.271053 0.473684
vt 0.271053 0.473684
vt 0.271053 0.473684
vt 0.271053 0.473684
vt 0.271053 0.473684
vt 0.271053 0.473684
vt 0.271053 0.447368
vt 0.271053 0.447368
vt 0.271053 0.447368
vt 0.271053 0.447368
vt 0.271053 0.473684
vt 0.271053 0.447368
vt 0.271053 0.473684
vt 0.271053 0.447368
vt 0.271053 0.473684
vt 0.271053 0.447368
vt 0.271053 0.473684
vt 0.271053 0.447368
vt 0.197368 0.763158
vt 0.197368 0.789474
vt 0.197368 0.789474
vt 0.197368 0.763158
vt 0.197368 0.789474
vt 0.197368 0.763158
vt 0.197368 0.789474
vt 0.197368 0.763158
vt 0.197368 0.789474
vt 0.197368 0.763158
vt 0.197368 0.789474
vt 0.197368 0.763158
vt 0.197368 0.763158
vt 0.197368 0.763158
vt 0.197368 0.763158
vt 0.197368 0.763158
vt 0.197368 0.763158
vt 0.197368 0.763158
vt 0.197368 0.763158
vt 0.197368 0.789474
vt 0.197368 0.789474
vt 0.197368 0.763158
vt 0.197368 0.789474
vt 0.197368 0.763158
vt 0.197368 0.789474
vt 0.197368 0.763158
vt 0.197368 0.789474
vt 0.197368 0.763158
vt 0.197368 0.789474
vt 0.197368 0.763158
vt 0.052632 0.789474
vt 0.052632 0.815789
vt 0.052632 0.815789
vt 0.052632 0.789474
vt 0.052632 0.789474
vt 0.052632 0.815789
vt 0.052632 0.815789
vt 0.052632 0.789474
vt 0.258772 0.815789
vt 0.258772 0.842105
vt 0.258772 0.842105
vt 0.258772 0.815789
vt 0.258772 0.842105
vt 0.258772 0.815789
vt 0.258772 0.842105
vt 0.258772 0.815789
vt 0.258772 0.842105
vt 0.258772 0.815789
vt 0.258772 0.842105
vt 0.258772 0.815789
vt 0.258772 0.842105
vt 0.258772 0.815789
vt 0.258772 0.842105
vt 0.258772 0.815789
vt 0.258772 0.842105
vt 0.258772 0.842105
vt 0.258772 0.842105
vt 0.258772 0.842105
vt 0.258772 0.842105
vt 0.258772 0.815789
vt 0.258772 0.815789
vt 0.258772 0.842105
vt 0.258772 0.815789
vt 0.258772 0.842105
vt 0.258772 0.815789
vt 0.258772 0.842105
vt 0.258772 0.815789
vt 0.258772 0.842105
vt 0.258772 0.815789
vt 0.258772 0.842105
vt 0.258772 0.815789
vt 0.258772 0.842105
vt 0.258772 0.815789
vt 0.233083 0.368421
vt 0.233083 0.394737
vt 0.233083 0.394737
vt 0.233083 0.368421
vt 0.233083 0.394737
vt 0.233083 0.394737
vt 0.233083 0.368421
vt 0.233083 0.394737
vt 0.233083 0.394737
vt 0.233083 0.368421
vt 0.233083 0.394737
vt 0.233083 0.394737
vt 0.233083 0.368421
vt 0.271053 0.447368
vt 0.271053 0.473684
vt 0.271053 0.473684
vt 0.271053 0.447368
vt 0.271053 0.473684
vt 0.271053 0.447368
vt 0.271053 0.473684
vt 0.271053 0.447368
vt 0.271053 0.473684
vt 0.271053 0.447368
vt 0.271053 0.473684
vt 0.271053 0.447368
vt 0.271053 0.447368
vt 0.271053 0.473684
vt 0.271053 0.447368
vt 0.271053 0.447368
vt 0.271053 0.473684
vt 0.271053 0.447368
vt 0.271053 0.447368
vt 0.271053 0.473684
vt 0.271053 0.447368
vt 0.271053 0.473684
vt 0.271053 0.447368
vt 0.271053 0.473684
vt 0.271053 0.447368
vt 0.271053 0.473684
vt 0.271053 0.447368
vt 0.271053 0.473684
vt 0.271053 0.447368
vt 0.197368 0.789474
vt 0.197368 0.789474
vt 0.197368 0.763158
vt 0.197368 0.763158
vt 0.197368 0.789474
vt 0.197368 0.763158
vt 0.197368 0.789474
vt 0.197368 0.763158
vt 0.197368 0.789474
vt 0.197368 0.763158
vt 0.197368 0.789474
vt 0.197368 0.789474
vt 0.197368 0.763158
vt 0.197368 0.763158
vt 0.197368 0.763158
vt 0.197368 0.789474
vt 0.197368 0.789474
vt 0.197368 0.789474
vt 0.197368 0.763158
vt 0.197368 0.789474
vt 0.197368 0.763158
vt 0.197368 0.789474
vt 0.197368 0.763158
vt 0.197368 0.789474
vt 0.197368 0.763158
vt 0.197368 0.789474
vt 0.197368 0.763158
vt 0.052632 0.789474
vt 0.052632 0.815789
vt 0.052632 0.815789
vt 0.052632 0.789474
vt 0.052632 0.815789
vt 0.052632 0.789474
vt 0.258772 0.815789
vt 0.258772 0.842105
vt 0.258772 0.842105
vt 0.258772 0.815789
vt 0.258772 0.842105
vt 0.258772 0.815789
vt 0.258772 0.842105
vt 0.258772 0.815789
vt 0.258772 0.842105
vt 0.258772 0.815789
vt 0.258772 0.842105
vt 0.258772 0.815789
vt 0.258772 0.842105
vt 0.258772 0.815789
vt 0.258772 0.842105
vt 0.258772 0.815789
vt 0.258772 0.815789
vt 0.258772 0.842105
vt 0.258772 0.842105
vt 0.258772 0.842105
vt 0.258772 0.815789
vt 0.258772 0.815789
vt 0.258772 0.815789
vt 0.258772 0.842105
vt 0.258772 0.815789
vt 0.258772 0.842105
vt 0.258772 0.815789
vt 0.258772 0.842105
vt 0.258772 0.815789
vt 0.258772 0.842105
vt 0.258772 0.815789
vt 0.258772 0.842105
vt 0.258772 0.815789
vt 0.258772 0.842105
vt 0.258772 0.815789
vt 0.271053 0.447368
vt 0.271053 0.473684
vt 0.271053 0.473684
vt 0.271053 0.447368
vt 0.271053 0.473684
vt 0.271053 0.447368
vt 0.271053 0.473684
vt 0.271053 0.447368
vt 0.271053 0.473684
vt 0.271053 0.447368
vt 0.271053 0.473684
vt 0.271053 0.447368
vt 0.271053 0.473684
vt 0.271053 0.447368
vt 0.271053 0.473684
vt 0.271053 0.447368
vt 0.271053 0.473684
vt 0.271053 0.447368
vt 0.271053 0.473684
vt 0.271053 0.447368
vt 0.271053 0.473684
vt 0.271053 0.447368
vt 0.197368 0.763158
vt 0.197368 0.789474
vt 0.197368 0.789474
vt 0.197368 0.763158
vt 0.197368 0.789474
vt 0.197368 0.763158
vt 0.197368 0.789474
vt 0.197368 0.763158
vt 0.197368 0.789474
vt 0.197368 0.763158
vt 0.197368 0.789474
vt 0.197368 0.763158
vt 0.197368 0.789474
vt 0.197368 0.789474
vt 0.197368 0.763158
vt 0.197368 0.789474
vt 0.197368 0.763158
vt 0.197368 0.789474
vt 0.197368 0.763158
vt 0.197368 0.789474
vt 0.197368 0.763158
vt 0.197368 0.789474
vt 0.197368 0.763158
vt 0.197368 0.789474
vt 0.197368 0.763158
vt 0.197368 0.789474
vt 0.197368 0.763158
vt 0.258772 0.815789
vt 0.258772 0.842105
vt 0.258772 0.842105
vt 0.258772 0.815789
vt 0.258772 0.842105
vt 0.258772 0.815789
vt 0.258772 0.842105
vt 0.258772 0.815789
vt 0.258772 0.842105
vt 0.258772 0.815789
vt 0.258772 0.842105
vt 0.258772 0.815789
vt 0.258772 0.842105
vt 0.258772 0.815789
vt 0.258772 0.842105
vt 0.258772 0.815789
vt 0.258772 0.815789
vt 0.258772 0.842105
vt 0.258772 0.815789
vt 0.258772 0.842105
vt 0.258772 0.815789
vt 0.258772 0.842105
vt 0.258772 0.815789
vt 0.258772 0.842105
vt 0.258772 0.815789
vt 0.258772 0.842105
vt 0.258772 0.815789
vt 0.258772 0.842105
vt 0.258772 0.815789
vt 0.258772 0.842105
vt 0.258772 0.815789
vt 0.271053 0.447368
vt 0.271053 0.473684
vt 0.271053 0.473684
vt 0.271053 0.447368
vt 0.271053 0.473684
vt 0.271053 0.447368
vt 0.197368 0.763158
vt 0.197368 0.789474
vt 0.197368 0.789474
vt 0.197368 0.763158
vt 0.197368 0.789474
vt 0.197368 0.763158
vt 0.197368 0.789474
vt 0.197368 0.763158
vt 0.197368 0.789474
vt 0.197368 0.763158
vt 0.197368 0.789474
vt 0.197368 0.763158
vt 0.197368 0.789474
vt 0.197368 0.763158
vt 0.197368 0.789474
vt 0.197368 0.763158
vt 0.197368 0.789474
vt 0.197368 0.763158
vt 0.197368 0.789474
vt 0.197368 0.763158
vt 0.197368 0.789474
vt 0.197368 0.763158
vt 0.258772 0.815789
vt 0.258772 0.842105
vt 0.258772 0.842105
vt 0.258772 0.815789
vt 0.258772 0.842105
vt 0.258772 0.815789
vt 0.258772 0.842105
vt 0.258772 0.815789
vt 0.258772 0.842105
vt 0.258772 0.815789
vt 0.258772 0.842105
vt 0.258772 0.815789
vt 0.258772 0.842105
vt 0.258772 0.815789
vt 0.258772 0.842105
vt 0.258772 0.815789
vt 0.258772 0.842105
vt 0.258772 0.815789
vt 0.258772 0.842105
vt 0.258772 0.815789
vt 0.258772 0.842105
vt 0.258772 0.815789
vt 0.258772 0.842105
vt 0.258772 0.815789
vt 0.258772 0.842105
vt 0.258772 0.815789
vt 0.197368 0.763158
vt 0.197368 0.789474
vt 0.197368 0.789474
vt 0.197368 0.763158
vt 0.197368 0.789474
vt 0.197368 0.763158
vt 0.197368 0.789474
vt 0.197368 0.763158
vt 0.197368 0.789474
vt 0.197368 0.763158
vt 0.197368 0.789474
vt 0.197368 0.763158
vt 0.197368 0.789474
vt 0.197368 0.763158
vt 0.258772 0.815789
vt 0.258772 0.842105
vt 0.258772 0.842105
vt 0.258772 0.815789
vt 0.258772 0.842105
vt 0.258772 0.815789
vt 0.258772 0.842105
vt 0.258772 0.815789
vt 0.258772 0.842105
vt 0.258772 0.815789
vt 0.258772 0.842105
vt 0.258772 0.815789
vt 0.258772 0.842105
vt 0.258772 0.815789
vt 0.258772 0.842105
vt 0.258772 0.815789
vt 0.258772 0.842105
vt 0.258772 0.815789
vt 0.258772 0.842105
vt 0.258772 0.815789
vt 0.258772 0.842105
vt 0.258772 0.815789
vt 0.258772 0.815789
vt 0.258772 0.842105
vt 0.258772 0.842105
vt 0.258772 0.815789
vt 0.258772 0.842105
vt 0.258772 0.815789
vt 0.258772 0.842105
vt 0.258772 0.815789
vt 0.258772 0.842105
vt 0.258772 0.815789
usemtl torchpart
f 1/1 2/2 3/3
f 1/1 3/3 4/4
f 4/4 3/3 5/5
f 4/4 5/5 6/6
f 1/1 7/7 8/8
f 1/1 8/8 2/2
f 1/1 4/4 6/6
f 1/1 6/6 7/7
f 2/2 9/9 10/10
f 2/2 10/10 3/3
f 3/3 10/10 11/11
f 3/3 11/11 5/5
f 2/2 8/8 12/12
f 2/2 12/12 9/9
f 9/9 13/13 14/14
f 9/9 14/14 10/10
f 10/10 14/14 15/15
f 10/10 15/15 11/11
f 9/9 12/12 16/16
f 9/9 16/16 13/13
f 13/13 17/17 18/18
f 13/13 18/18 14/14
f 14/14 18/18 19/19
f 14/14 19/19 15/15
f 13/13 16/16 20/20
f 13/13 20/20 17/17
f 17/17 21/21 22/22
f 17/17 22/22 18/18
f 18/18 22/22 23/23
f 18/18 23/23 19/19
f 17/17 20/20 24/24
f 17/17 24/24 21/21
f 21/21 25/25 26/26
f 21/21 26/26 22/22
f 22/22 26/26 27/27
f 22/22 27/27 23/23
f 21/21 24/24 28/28
f 21/21 28/28 25/25
f 25/25 28/28 27/27
f 25/25 27/27 26/26
f 29/29 30/30 31/31
f 29/29 31/31 32/32
f 29/29 33/33 34/34
f 29/29 34/34 30/30
f 29/29 32/32 35/35
f 29/29 35/35 33/33
f 30/30 36/36 37/37
f 30/30 37/37 31/31
f 30/30 34/34 38/38
f 30/30 38/38 36/36
f 36/36 39/39 40/40
f 36/36 40/40 37/37
f 36/36 38/38 41/41
f 36/36 41/41 39/39
f 39/39 42/42 43/43
f 39/39 43/43 40/40
f 39/39 41/41 44/44
f 39/39 44/44 42/42
f 42/42 45/45 46/46
f 42/42 46/46 43/43
f 42/42 44/44 47/47
f 42/42 47/47 45/45
f 45/45 48/48 49/49
f 45/45 49/49 46/46
f 45/45 47/47 50/50
f 45/45 50/50 48/48
f 48/48 50/50 51/51
f 48/48 51/51 49/49
f 52/52 53/53 54/54
f 52/52 54/54 55/55
f 52/52 55/55 56/56
f 52/52 56/56 57/57
f 53/53 58/58 59/59
f 53/53 59/59 54/54
f 58/58 60/60 61/61
f 58/58 61/61 59/59
f 60/60 62/62 63/63
f 60/60 63/63 61/61
f 62/62 64/64 65/65
f 62/62 65/65 63/63
f 64/64 66/66 67/67
f 64/64 67/67 65/65
f 66/66 68/68 69/69
f 66/66 69/69 67/67
f 70/70 71/71 72/72
f 70/70 72/72 73/73
f 73/73 72/72 74/74
f 73/73 74/74 75/75
f 70/70 76/76 77/77
f 70/70 77/77 71/71
f 70/70 73/73 75/75
f 70/70 75/75 76/76
f 71/71 7/7 6/6
f 71/71 6/6 72/72
f 72/72 6/6 78/78
f 72/72 78/78 74/74
f 71/71 77/77 79/79
f 71/71 79/79 7/7
f 28/28 80/80 81/81
f 28/28 81/81 27/27
f 27/27 81/81 82/82
f 27/27 82/82 83/83
f 28/28 84/84 85/85
f 28/28 85/85 80/80
f 80/80 86/86 87/87
f 80/80 87/87 81/81
f 81/81 87/87 88/88
f 81/81 88/88 82/82
f 80/80 85/85 89/89
f 80/80 89/89 86/86
f 86/86 89/89 88/88
f 86/86 88/88 87/87
f 90/90 91/91 92/92
f 90/90 92/92 93/93
f 90/90 93/93 94/94
f 90/90 94/94 95/95
f 91/91 96/96 97/97
f 91/91 97/97 92/92
f 96/96 98/98 99/99
f 96/96 99/99 97/97
f 98/98 100/100 101/101
f 98/98 101/101 99/99
f 100/100 102/102 103/103
f 100/100 103/103 101/101
f 102/102 104/104 105/105
f 102/102 105/105 103/103
f 104/104 106/106 107/107
f 104/104 107/107 105/105
f 93/93 92/92 108/108
f 93/93 108/108 109/109
f 109/109 108/108 110/110
f 109/109 110/110 111/111
f 93/93 109/109 111/111
f 93/93 111/111 94/94
f 92/92 97/97 112/112
f 92/92 112/112 108/108
f 108/108 112/112 113/113
f 108/108 113/113 110/110
f 97/97 99/99 114/114
f 97/97 114/114 112/112
f 112/112 114/114 115/115
f 112/112 115/115 113/113
f 99/99 101/101 116/116
f 99/99 116/116 114/114
f 114/114 116/116 117/117
f 114/114 117/117 115/115
f 101/101 103/103 118/118
f 101/101 118/118 116/116
f 116/116 118/118 119/119
f 116/116 119/119 117/117
f 103/103 105/105 120/120
f 103/103 120/120 118/118
f 118/118 120/120 121/121
f 118/118 121/121 119/119
f 105/105 107/107 121/121
f 105/105 121/121 120/120
f 122/122 123/123 124/124
f 122/122 124/124 125/125
f 122/122 126/126 127/127
f 122/122 127/127 123/123
f 122/122 125/125 128/128
f 122/122 128/128 126/126
f 123/123 129/129 130/130
f 123/123 130/130 124/124
f 123/123 127/127 131/131
f 123/123 131/131 129/129
f 129/129 132/132 133/133
f 129/129 133/133 130/130
f 129/129 131/131 134/134
f 129/129 134/134 132/132
f 132/132 135/135 136/136
f 132/132 136/136 133/133
f 132/132 134/134 137/137
f 132/132 137/137 135/135
f 135/135 138/138 139/139
f 135/135 139/139 136/136
f 135/135 137/137 140/140
f 135/135 140/140 138/138
f 138/138 141/141 142/142
f 138/138 142/142 139/139
f 138/138 140/140 143/143
f 138/138 143/143 141/141
f 141/141 143/143 144/144
f 141/141 144/144 142/142
f 145/145 146/146 147/147
f 145/145 147/147 148/148
f 145/145 149/149 150/150
f 145/145 150/150 146/146
f 145/145 148/148 151/151
f 145/145 151/151 149/149
f 146/146 33/33 35/35
f 146/146 35/35 147/147
f 146/146 150/150 152/152
f 146/146 152/152 33/33
f 50/50 153/153 154/154
f 50/50 154/154 51/51
f 50/50 155/155 156/156
f 50/50 156/156 153/153
f 153/153 157/157 158/158
f 153/153 158/158 154/154
f 153/153 156/156 159/159
f 153/153 159/159 157/157
f 157/157 159/159 160/160
f 157/157 160/160 158/158
f 161/161 162/162 163/163
f 161/161 163/163 164/164
f 161/161 164/164 165/165
f 161/161 165/165 166/166
f 162/162 57/57 56/56
f 162/162 56/56 163/163
f 68/68 167/167 168/168
f 68/68 168/168 69/69
f 167/167 169/169 170/170
f 167/167 170/170 168/168
f 169/169 171/171 172/172
f 169/169 172/172 170/170
f 173/173 76/76 75/75
f 173/173 75/75 174/174
f 174/174 75/75 175/175
f 174/174 175/175 176/176
f 173/173 177/177 178/178
f 173/173 178/178 76/76
f 173/173 174/174 176/176
f 173/173 176/176 177/177
f 75/75 74/74 179/179
f 75/75 179/179 175/175
f 82/82 88/88 180/180
f 82/82 180/180 181/181
f 89/89 182/182 183/183
f 89/89 183/183 88/88
f 88/88 183/183 184/184
f 88/88 184/184 180/180
f 89/89 185/185 186/186
f 89/89 186/186 182/182
f 182/182 186/186 184/184
f 182/182 184/184 183/183
f 187/187 95/95 94/94
f 187/187 94/94 188/188
f 187/187 188/188 189/189
f 187/187 189/189 190/190
f 106/106 191/191 192/192
f 106/106 192/192 107/107
f 191/191 193/193 194/194
f 191/191 194/194 192/192
f 188/188 94/94 111/111
f 188/188 111/111 195/195
f 195/195 111/111 196/196
f 195/195 196/196 197/197
f 188/188 195/195 197/197
f 188/188 197/197 189/189
f 107/107 192/192 198/198
f 107/107 198/198 121/121
f 121/121 198/198 199/199
f 121/121 199/199 200/200
f 192/192 194/194 199/199
f 192/192 199/199 198/198
f 111/111 110/110 201/201
f 111/111 201/201 202/202
f 202/202 201/201 203/203
f 202/202 203/203 204/204
f 111/111 202/202 204/204
f 111/111 204/204 196/196
f 110/110 113/113 205/205
f 110/110 205/205 201/201
f 201/201 205/205 206/206
f 201/201 206/206 203/203
f 113/113 115/115 207/207
f 113/113 207/207 205/205
f 205/205 207/207 208/208
f 205/205 208/208 206/206
f 115/115 117/117 209/209
f 115/115 209/209 207/207
f 207/207 209/209 210/210
f 207/207 210/210 208/208
f 117/117 119/119 211/211
f 117/117 211/211 209/209
f 209/209 211/211 212/212
f 209/209 212/212 210/210
f 119/119 121/121 213/213
f 119/119 213/213 211/211
f 211/211 213/213 214/214
f 211/211 214/214 212/212
f 121/121 200/200 214/214
f 121/121 214/214 213/213
f 215/215 216/216 217/217
f 215/215 217/217 218/218
f 218/218 217/217 219/219
f 218/218 219/219 220/220
f 215/215 221/221 222/222
f 215/215 222/222 216/216
f 215/215 218/218 220/220
f 215/215 220/220 221/221
f 216/216 223/223 224/224
f 216/216 224/224 217/217
f 217/217 224/224 225/225
f 217/217 225/225 219/219
f 216/216 222/222 226/226
f 216/216 226/226 223/223
f 223/223 227/227 228/228
f 223/223 228/228 224/224
f 224/224 228/228 229/229
f 224/224 229/229 225/225
f 223/223 226/226 230/230
f 223/223 230/230 227/227
f 227/227 231/231 232/232
f 227/227 232/232 228/228
f 228/228 232/232 233/233
f 228/228 233/233 229/229
f 227/227 230/230 234/234
f 227/227 234/234 231/231
f 231/231 235/235 236/236
f 231/231 236/236 232/232
f 232/232 236/236 237/237
f 232/232 237/237 233/233
f 231/231 234/234 238/238
f 231/231 238/238 235/235
f 235/235 239/239 240/240
f 235/235 240/240 236/236
f 236/236 240/240 241/241
f 236/236 241/241 237/237
f 235/235 238/238 242/242
f 235/235 242/242 239/239
f 239/239 242/242 241/241
f 239/239 241/241 240/240
f 243/243 244/244 245/245
f 243/243 245/245 246/246
f 246/246 245/245 247/247
f 246/246 247/247 248/248
f 243/243 249/249 250/250
f 243/243 250/250 244/244
f 243/243 246/246 248/248
f 243/243 248/248 249/249
f 244/244 251/251 252/252
f 244/244 252/252 245/245
f 245/245 252/252 253/253
f 245/245 253/253 247/247
f 244/244 250/250 254/254
f 244/244 254/254 251/251
f 251/251 255/255 256/256
f 251/251 256/256 252/252
f 252/252 256/256 257/257
f 252/252 257/257 253/253
f 251/251 254/254 258/258
f 251/251 258/258 255/255
f 255/255 259/259 260/260
f 255/255 260/260 256/256
f 256/256 260/260 261/261
f 256/256 261/261 257/257
f 255/255 258/258 262/262
f 255/255 262/262 259/259
f 259/259 263/263 264/264
f 259/259 264/264 260/260
f 260/260 264/264 265/265
f 260/260 265/265 261/261
f 259/259 262/262 266/266
f 259/259 266/266 263/263
f 263/263 267/267 268/268
f 263/263 268/268 264/264
f 264/264 268/268 269/269
f 264/264 269/269 265/265
f 263/263 266/266 270/270
f 263/263 270/270 267/267
f 267/267 270/270 269/269
f 267/267 269/269 268/268
f 271/271 272/272 273/273
f 271/271 273/273 274/274
f 271/271 275/275 276/276
f 271/271 276/276 272/272
f 271/271 274/274 277/277
f 271/271 277/277 275/275
f 272/272 126/126 128/128
f 272/272 128/128 273/273
f 272/272 276/276 278/278
f 272/272 278/278 126/126
f 126/126 278/278 279/279
f 126/126 279/279 127/127
f 127/127 279/279 280/280
f 127/127 280/280 131/131
f 131/131 280/280 281/281
f 131/131 281/281 134/134
f 134/134 281/281 282/282
f 134/134 282/282 137/137
f 137/137 282/282 283/283
f 137/137 283/283 140/140
f 140/140 283/283 284/284
f 140/140 284/284 143/143
f 143/143 285/285 286/286
f 143/143 286/286 144/144
f 143/143 284/284 287/287
f 143/143 287/287 285/285
f 285/285 288/288 289/289
f 285/285 289/289 286/286
f 285/285 287/287 290/290
f 285/285 290/290 288/288
f 288/288 290/290 291/291
f 288/288 291/291 289/289
f 292/292 149/149 151/151
f 292/292 151/151 293/293
f 292/292 294/294 295/295
f 292/292 295/295 149/149
f 292/292 293/293 296/296
f 292/292 296/296 294/294
f 159/159 297/297 298/298
f 159/159 298/298 160/160
f 159/159 299/299 300/300
f 159/159 300/300 297/297
f 297/297 300/300 301/301
f 297/297 301/301 298/298
f 302/302 166/166 165/165
f 302/302 165/165 303/303
f 302/302 303/303 304/304
f 302/302 304/304 305/305
f 171/171 306/306 307/307
f 171/171 307/307 172/172
f 306/306 308/308 309/309
f 306/306 309/309 307/307
f 310/310 177/177 176/176
f 310/310 176/176 311/311
f 311/311 176/176 312/312
f 311/311 312/312 313/313
f 310/310 314/314 315/315
f 310/310 315/315 177/177
f 310/310 311/311 313/313
f 310/310 313/313 314/314
f 176/176 175/175 316/316
f 176/176 316/316 312/312
f 180/180 184/184 317/317
f 180/180 317/317 318/318
f 186/186 319/319 320/320
f 186/186 320/320 184/184
f 184/184 320/320 321/321
f 184/184 321/321 317/317
f 186/186 322/322 323/323
f 186/186 323/323 319/319
f 319/319 323/323 321/321
f 319/319 321/321 320/320
f 324/324 190/190 189/189
f 324/324 189/189 325/325
f 324/324 325/325 326/326
f 324/324 326/326 327/327
f 193/193 328/328 329/329
f 193/193 329/329 194/194
f 328/328 330/330 331/331
f 328/328 331/331 329/329
f 325/325 189/189 197/197
f 325/325 197/197 332/332
f 332/332 197/197 333/333
f 332/332 333/333 334/334
f 325/325 332/332 334/334
f 325/325 334/334 326/326
f 194/194 329/329 335/335
f 194/194 335/335 199/199
f 199/199 335/335 336/336
f 199/199 336/336 337/337
f 329/329 331/331 336/336
f 329/329 336/336 335/335
f 197/197 196/196 204/204
f 197/197 204/204 338/338
f 338/338 204/204 339/339
f 338/338 339/339 340/340
f 197/197 338/338 340/340
f 197/197 340/340 333/333
f 200/200 199/199 341/341
f 200/200 341/341 214/214
f 214/214 341/341 342/342
f 214/214 342/342 343/343
f 199/199 337/337 342/342
f 199/199 342/342 341/341
f 204/204 203/203 344/344
f 204/204 344/344 345/345
f 345/345 344/344 346/346
f 345/345 346/346 347/347
f 204/204 345/345 347/347
f 204/204 347/347 339/339
f 203/203 206/206 348/348
f 203/203 348/348 344/344
f 344/344 348/348 349/349
f 344/344 349/349 346/346
f 206/206 208/208 350/350
f 206/206 350/350 348/348
f 348/348 350/350 351/351
f 348/348 351/351 349/349
f 208/208 210/210 352/352
f 208/208 352/352 350/350
f 350/350 352/352 353/353
f 350/350 353/353 351/351
f 210/210 212/212 354/354
f 210/210 354/354 352/352
f 352/352 354/354 355/355
f 352/352 355/355 353/353
f 212/212 214/214 356/356
f 212/212 356/356 354/354
f 354/354 356/356 357/357
f 354/354 357/357 355/355
f 214/214 343/343 357/357
f 214/214 357/357 356/356
f 358/358 359/359 360/360
f 358/358 360/360 361/361
f 361/361 360/360 362/362
f 361/361 362/362 363/363
f 358/358 364/364 365/365
f 358/358 365/365 359/359
f 358/358 361/361 363/363
f 358/358 363/363 364/364
f 359/359 366/366 367/367
f 359/359 367/367 360/360
f 360/360 367/367 368/368
f 360/360 368/368 362/362
f 359/359 365/365 369/369
f 359/359 369/369 366/366
f 366/366 370/370 371/371
f 366/366 371/371 367/367
f 367/367 371/371 372/372
f 367/367 372/372 368/368
f 366/366 369/369 373/373
f 366/366 373/373 370/370
f 370/370 374/374 375/375
f 370/370 375/375 371/371
f 371/371 375/375 376/376
f 371/371 376/376 372/372
f 370/370 373/373 377/377
f 370/370 377/377 374/374
f 374/374 378/378 379/379
f 374/374 379/379 375/375
f 375/375 379/379 380/380
f 375/375 380/380 376/376
f 374/374 377/377 381/381
f 374/374 381/381 378/378
f 378/378 382/382 383/383
f 378/378 383/383 379/379
f 379/379 383/383 384/384
f 379/379 384/384 380/380
f 378/378 381/381 385/385
f 378/378 385/385 382/382
f 382/382 385/385 384/384
f 382/382 384/384 383/383
f 386/386 387/387 388/388
f 386/386 388/388 389/389
f 389/389 388/388 390/390
f 389/389 390/390 391/391
f 386/386 392/392 393/393
f 386/386 393/393 387/387
f 386/386 389/389 391/391
f 386/386 391/391 392/392
f 387/387 221/221 220/220
f 387/387 220/220 388/388
f 388/388 220/220 394/394
f 388/388 394/394 390/390
f 387/387 393/393 395/395
f 387/387 395/395 221/221
f 220/220 219/219 396/396
f 220/220 396/396 394/394
f 221/221 395/395 397/397
f 221/221 397/397 222/222
f 219/219 225/225 398/398
f 219/219 398/398 396/396
f 222/222 397/397 399/399
f 222/222 399/399 226/226
f 225/225 229/229 400/400
f 225/225 400/400 398/398
f 226/226 399/399 401/401
f 226/226 401/401 230/230
f 229/229 233/233 402/402
f 229/229 402/402 400/400
f 230/230 401/401 403/403
f 230/230 403/403 234/234
f 233/233 237/237 404/404
f 233/233 404/404 402/402
f 234/234 403/403 405/405
f 234/234 405/405 238/238
f 237/237 241/241 406/406
f 237/237 406/406 404/404
f 238/238 405/405 407/407
f 238/238 407/407 242/242
f 242/242 408/408 409/409
f 242/242 409/409 241/241
f 241/241 409/409 410/410
f 241/241 410/410 406/406
f 242/242 407/407 411/411
f 242/242 411/411 408/408
f 408/408 412/412 413/413
f 408/408 413/413 409/409
f 409/409 413/413 414/414
f 409/409 414/414 410/410
f 408/408 411/411 415/415
f 408/408 415/415 412/412
f 412/412 415/415 414/414
f 412/412 414/414 413/413
f 416/416 417/417 418/418
f 416/416 418/418 419/419
f 419/419 418/418 420/420
f 419/419 420/420 421/421
f 416/416 422/422 423/423
f 416/416 423/423 417/417
f 416/416 419/419 421/421
f 416/416 421/421 422/422
f 417/417 424/424 425/425
f 417/417 425/425 418/418
f 418/418 425/425 426/426
f 418/418 426/426 420/420
f 417/417 423/423 427/427
f 417/417 427/427 424/424
f 424/424 428/428 429/429
f 424/424 429/429 425/425
f 425/425 429/429 430/430
f 425/425 430/430 426/426
f 424/424 427/427 431/431
f 424/424 431/431 428/428
f 428/428 432/432 433/433
f 428/428 433/433 429/429
f 429/429 433/433 434/434
f 429/429 434/434 430/430
f 428/428 431/431 435/435
f 428/428 435/435 432/432
f 432/432 435/435 434/434
f 432/432 434/434 433/433
f 436/436 437/437 438/438
f 436/436 438/438 439/439
f 439/439 438/438 440/440
f 439/439 440/440 441/441
f 436/436 442/442 443/443
f 436/436 443/443 437/437
f 436/436 439/439 441/441
f 436/436 441/441 442/442
f 437/437 444/444 445/445
f 437/437 445/445 438/438
f 438/438 445/445 446/446
f 438/438 446/446 440/440
f 437/437 443/443 447/447
f 437/437 447/447 444/444
f 444/444 448/448 449/449
f 444/444 449/449 445/445
f 445/445 449/449 450/450
f 445/445 450/450 446/446
f 444/444 447/447 451/451
f 444/444 451/451 448/448
f 448/448 452/452 453/453
f 448/448 453/453 449/449
f 449/449 453/453 454/454
f 449/449 454/454 450/450
f 448/448 451/451 455/455
f 448/448 455/455 452/452
f 452/452 455/455 454/454
f 452/452 454/454 453/453
f 456/456 457/457 458/458
f 456/456 458/458 459/459
f 459/459 458/458 460/460
f 459/459 460/460 461/461
f 456/456 462/462 463/463
f 456/456 463/463 457/457
f 456/456 459/459 461/461
f 456/456 461/461 462/462
f 457/457 249/249 248/248
f 457/457 248/248 458/458
f 458/458 248/248 464/464
f 458/458 464/464 460/460
f 457/457 463/463 465/465
f 457/457 465/465 249/249
f 248/248 247/247 466/466
f 248/248 466/466 464/464
f 249/249 465/465 467/467
f 249/249 467/467 250/250
f 247/247 253/253 468/468
f 247/247 468/468 466/466
f 250/250 467/467 469/469
f 250/250 469/469 254/254
f 253/253 257/257 470/470
f 253/253 470/470 468/468
f 254/254 469/469 471/471
f 254/254 471/471 258/258
f 257/257 261/261 472/472
f 257/257 472/472 470/470
f 258/258 471/471 473/473
f 258/258 473/473 262/262
f 261/261 265/265 474/474
f 261/261 474/474 472/472
f 262/262 473/473 475/475
f 262/262 475/475 266/266
f 265/265 269/269 476/476
f 265/265 476/476 474/474
f 266/266 475/475 477/477
f 266/266 477/477 270/270
f 270/270 478/478 479/479
f 270/270 479/479 269/269
f 269/269 479/479 480/480
f 269/269 480/480 476/476
f 270/270 477/477 481/481
f 270/270 481/481 478/478
f 478/478 482/482 483/483
f 478/478 483/483 479/479
f 479/479 483/483 484/484
f 479/479 484/484 480/480
f 478/478 481/481 485/485
f 478/478 485/485 482/482
f 482/482 485/485 484/484
f 482/482 484/484 483/483
f 486/486 487/487 488/488
f 486/486 488/488 489/489
f 486/486 490/490 491/491
f 486/486 491/491 487/487
f 486/486 489/489 492/492
f 486/486 492/492 490/490
f 487/487 493/493 494/494
f 487/487 494/494 488/488
f 487/487 491/491 495/495
f 487/487 495/495 493/493
f 493/493 496/496 497/497
f 493/493 497/497 494/494
f 493/493 495/495 498/498
f 493/493 498/498 496/496
f 496/496 499/499 500/500
f 496/496 500/500 497/497
f 496/496 498/498 501/501
f 496/496 501/501 499/499
f 499/499 502/502 503/503
f 499/499 503/503 500/500
f 499/499 501/501 504/504
f 499/499 504/504 502/502
f 502/502 505/505 506/506
f 502/502 506/506 503/503
f 502/502 504/504 507/507
f 502/502 507/507 505/505
f 505/505 507/507 508/508
f 505/505 508/508 506/506
f 509/509 275/275 277/277
f 509/509 277/277 510/510
f 509/509 511/511 512/512
f 509/509 512/512 275/275
f 509/509 510/510 513/513
f 509/509 513/513 511/511
f 275/275 512/512 514/514
f 275/275 514/514 276/276
f 276/276 514/514 515/515
f 276/276 515/515 278/278
f 284/284 516/516 517/517
f 284/284 517/517 287/287
f 287/287 517/517 518/518
f 287/287 518/518 290/290
f 290/290 519/519 520/520
f 290/290 520/520 291/291
f 290/290 518/518 521/521
f 290/290 521/521 519/519
f 519/519 521/521 522/522
f 519/519 522/522 520/520
f 523/523 294/294 296/296
f 523/523 296/296 524/524
f 523/523 525/525 526/526
f 523/523 526/526 294/294
f 523/523 524/524 527/527
f 523/523 527/527 525/525
f 300/300 528/528 529/529
f 300/300 529/529 301/301
f 300/300 530/530 531/531
f 300/300 531/531 528/528
f 528/528 531/531 532/532
f 528/528 532/532 529/529
f 533/533 305/305 304/304
f 533/533 304/304 534/534
f 533/533 534/534 535/535
f 533/533 535/535 536/536
f 308/308 537/537 538/538
f 308/308 538/538 309/309
f 537/537 539/539 540/540
f 537/537 540/540 538/538
f 541/541 314/314 313/313
f 541/541 313/313 542/542
f 542/542 313/313 543/543
f 542/542 543/543 544/544
f 541/541 545/545 546/546
f 541/541 546/546 314/314
f 541/541 542/542 544/544
f 541/541 544/544 545/545
f 313/313 312/312 547/547
f 313/313 547/547 543/543
f 317/317 321/321 548/548
f 317/317 548/548 549/549
f 323/323 550/550 551/551
f 323/323 551/551 321/321
f 321/321 551/551 552/552
f 321/321 552/552 548/548
f 323/323 553/553 554/554
f 323/323 554/554 550/550
f 550/550 554/554 552/552
f 550/550 552/552 551/551
f 555/555 327/327 326/326
f 555/555 326/326 556/556
f 555/555 556/556 557/557
f 555/555 557/557 558/558
f 330/330 559/559 560/560
f 330/330 560/560 331/331
f 559/559 561/561 562/562
f 559/559 562/562 560/560
f 556/556 326/326 334/334
f 556/556 334/334 563/563
f 563/563 334/334 564/564
f 563/563 564/564 565/565
f 556/556 563/563 565/565
f 556/556 565/565 557/557
f 331/331 560/560 566/566
f 331/331 566/566 336/336
f 336/336 566/566 567/567
f 336/336 567/567 568/568
f 560/560 562/562 567/567
f 560/560 567/567 566/566
f 334/334 333/333 340/340
f 334/334 340/340 569/569
f 569/569 340/340 570/570
f 569/569 570/570 571/571
f 334/334 569/569 571/571
f 334/334 571/571 564/564
f 337/337 336/336 572/572
f 337/337 572/572 342/342
f 342/342 572/572 573/573
f 342/342 573/573 574/574
f 336/336 568/568 573/573
f 336/336 573/573 572/572
f 340/340 339/339 347/347
f 340/340 347/347 575/575
f 575/575 347/347 576/576
f 575/575 576/576 577/577
f 340/340 575/575 577/577
f 340/340 577/577 570/570
f 343/343 342/342 578/578
f 343/343 578/578 357/357
f 357/357 578/578 579/579
f 357/357 579/579 580/580
f 342/342 574/574 579/579
f 342/342 579/579 578/578
f 581/581 582/582 583/583
f 581/581 583/583 584/584
f 581/581 584/584 585/585
f 581/581 585/585 586/586
f 582/582 587/587 588/588
f 582/582 588/588 583/583
f 587/587 589/589 590/590
f 587/587 590/590 588/588
f 589/589 591/591 592/592
f 589/589 592/592 590/590
f 591/591 593/593 594/594
f 591/591 594/594 592/592
f 593/593 595/595 596/596
f 593/593 596/596 594/594
f 595/595 597/597 598/598
f 595/595 598/598 596/596
f 599/599 600/600 601/601
f 599/599 601/601 602/602
f 602/602 601/601 603/603
f 602/602 603/603 604/604
f 599/599 605/605 606/606
f 599/599 606/606 600/600
f 599/599 602/602 604/604
f 599/599 604/604 605/605
f 600/600 364/364 363/363
f 600/600 363/363 601/601
f 601/601 363/363 607/607
f 601/601 607/607 603/603
f 600/600 606/606 608/608
f 600/600 608/608 364/364
f 363/363 362/362 609/609
f 363/363 609/609 607/607
f 362/362 368/368 610/610
f 362/362 610/610 609/609
f 368/368 372/372 611/611
f 368/368 611/611 610/610
f 372/372 376/376 612/612
f 372/372 612/612 611/611
f 376/376 380/380 613/613
f 376/376 613/613 612/612
f 380/380 384/384 614/614
f 380/380 614/614 613/613
f 385/385 615/615 616/616
f 385/385 616/616 384/384
f 384/384 616/616 617/617
f 384/384 617/617 614/614
f 385/385 618/618 619/619
f 385/385 619/619 615/615
f 615/615 620/620 621/621
f 615/615 621/621 616/616
f 616/616 621/621 622/622
f 616/616 622/622 617/617
f 615/615 619/619 623/623
f 615/615 623/623 620/620
f 620/620 623/623 622/622
f 620/620 622/622 621/621
f 624/624 625/625 626/626
f 624/624 626/626 627/627
f 627/627 626/626 628/628
f 627/627 628/628 629/629
f 624/624 630/630 631/631
f 624/624 631/631 625/625
f 624/624 627/627 629/629
f 624/624 629/629 630/630
f 625/625 392/392 391/391
f 625/625 391/391 626/626
f 626/626 391/391 632/632
f 626/626 632/632 628/628
f 625/625 631/631 633/633
f 625/625 633/633 392/392
f 391/391 390/390 634/634
f 391/391 634/634 632/632
f 392/392 633/633 635/635
f 392/392 635/635 393/393
f 390/390 394/394 636/636
f 390/390 636/636 634/634
f 393/393 635/635 637/637
f 393/393 637/637 395/395
f 394/394 396/396 638/638
f 394/394 638/638 636/636
f 395/395 637/637 639/639
f 395/395 639/639 397/397
f 396/396 398/398 640/640
f 396/396 640/640 638/638
f 397/397 639/639 641/641
f 397/397 641/641 399/399
f 398/398 400/400 642/642
f 398/398 642/642 640/640
f 399/399 641/641 643/643
f 399/399 643/643 401/401
f 400/400 402/402 644/644
f 400/400 644/644 642/642
f 401/401 643/643 645/645
f 401/401 645/645 403/403
f 402/402 404/404 646/646
f 402/402 646/646 644/644
f 403/403 645/645 647/647
f 403/403 647/647 405/405
f 404/404 406/406 648/648
f 404/404 648/648 646/646
f 405/405 647/647 649/649
f 405/405 649/649 407/407
f 406/406 410/410 650/650
f 406/406 650/650 648/648
f 407/407 649/649 651/651
f 407/407 651/651 411/411
f 410/410 414/414 652/652
f 410/410 652/652 650/650
f 411/411 651/651 653/653
f 411/411 653/653 415/415
f 415/415 654/654 655/655
f 415/415 655/655 414/414
f 414/414 655/655 656/656
f 414/414 656/656 652/652
f 415/415 653/653 657/657
f 415/415 657/657 654/654
f 654/654 658/658 659/659
f 654/654 659/659 655/655
f 655/655 659/659 660/660
f 655/655 660/660 656/656
f 654/654 657/657 661/661
f 654/654 661/661 658/658
f 658/658 661/661 660/660
f 658/658 660/660 659/659
f 662/662 663/663 664/664
f 662/662 664/664 665/665
f 665/665 664/664 666/666
f 665/665 666/666 667/667
f 662/662 668/668 669/669
f 662/662 669/669 663/663
f 662/662 665/665 667/667
f 662/662 667/667 668/668
f 663/663 422/422 421/421
f 663/663 421/421 664/664
f 664/664 421/421 670/670
f 664/664 670/670 666/666
f 663/663 669/669 671/671
f 663/663 671/671 422/422
f 422/422 671/671 672/672
f 422/422 672/672 423/423
f 423/423 672/672 673/673
f 423/423 673/673 427/427
f 427/427 673/673 674/674
f 427/427 674/674 431/431
f 431/431 674/674 675/675
f 431/431 675/675 435/435
f 435/435 676/676 677/677
f 435/435 677/677 434/434
f 434/434 677/677 678/678
f 434/434 678/678 679/679
f 435/435 675/675 680/680
f 435/435 680/680 676/676
f 676/676 681/681 682/682
f 676/676 682/682 677/677
f 677/677 682/682 683/683
f 677/677 683/683 678/678
f 676/676 680/680 684/684
f 676/676 684/684 681/681
f 681/681 684/684 683/683
f 681/681 683/683 682/682
f 685/685 686/686 687/687
f 685/685 687/687 688/688
f 685/685 688/688 689/689
f 685/685 689/689 690/690
f 686/686 691/691 692/692
f 686/686 692/692 687/687
f 691/691 693/693 694/694
f 691/691 694/694 692/692
f 693/693 695/695 696/696
f 693/693 696/696 694/694
f 695/695 697/697 698/698
f 695/695 698/698 696/696
f 699/699 700/700 701/701
f 699/699 701/701 702/702
f 699/699 702/702 703/703
f 699/699 703/703 704/704
f 700/700 705/705 706/706
f 700/700 706/706 701/701
f 705/705 707/707 708/708
f 705/705 708/708 706/706
f 707/707 709/709 710/710
f 707/707 710/710 708/708
f 709/709 711/711 712/712
f 709/709 712/712 710/710
f 702/702 701/701 713/713
f 702/702 713/713 714/714
f 702/702 714/714 715/715
f 702/702 715/715 703/703
f 701/701 706/706 716/716
f 701/701 716/716 713/713
f 706/706 708/708 717/717
f 706/706 717/717 716/716
f 708/708 710/710 718/718
f 708/708 718/718 717/717
f 710/710 712/712 719/719
f 710/710 719/719 718/718
f 720/720 721/721 722/722
f 720/720 722/722 723/723
f 723/723 722/722 724/724
f 723/723 724/724 725/725
f 720/720 723/723 725/725
f 720/720 725/725 726/726
f 721/721 727/727 728/728
f 721/721 728/728 722/722
f 722/722 728/728 729/729
f 722/722 729/729 724/724
f 727/727 730/730 731/731
f 727/727 731/731 728/728
f 728/728 731/731 732/732
f 728/728 732/732 729/729
f 730/730 733/733 734/734
f 730/730 734/734 731/731
f 731/731 734/734 735/735
f 731/731 735/735 732/732
f 733/733 736/736 735/735
f 733/733 735/735 734/734
f 441/441 440/440 737/737
f 441/441 737/737 738/738
f 442/442 739/739 740/740
f 442/442 740/740 443/443
f 442/442 441/441 738/738
f 442/442 738/738 739/739
f 440/440 446/446 741/741
f 440/440 741/741 737/737
f 443/443 740/740 742/742
f 443/443 742/742 447/447
f 446/446 450/450 743/743
f 446/446 743/743 741/741
f 447/447 742/742 744/744
f 447/447 744/744 451/451
f 450/450 454/454 745/745
f 450/450 745/745 743/743
f 451/451 744/744 746/746
f 451/451 746/746 455/455
f 455/455 746/746 745/745
f 455/455 745/745 454/454
f 747/747 748/748 749/749
f 747/747 749/749 750/750
f 750/750 749/749 751/751
f 750/750 751/751 752/752
f 747/747 753/753 754/754
f 747/747 754/754 748/748
f 747/747 750/750 752/752
f 747/747 752/752 753/753
f 748/748 755/755 756/756
f 748/748 756/756 749/749
f 749/749 756/756 757/757
f 749/749 757/757 751/751
f 748/748 754/754 758/758
f 748/748 758/758 755/755
f 755/755 758/758 757/757
f 755/755 757/757 756/756
f 759/759 462/462 461/461
f 759/759 461/461 760/760
f 760/760 461/461 761/761
f 760/760 761/761 762/762
f 759/759 763/763 764/764
f 759/759 764/764 462/462
f 759/759 760/760 762/762
f 759/759 762/762 763/763
f 461/461 460/460 765/765
f 461/461 765/765 761/761
f 462/462 764/764 766/766
f 462/462 766/766 463/463
f 460/460 464/464 767/767
f 460/460 767/767 765/765
f 463/463 766/766 768/768
f 463/463 768/768 465/465
f 464/464 466/466 769/769
f 464/464 769/769 767/767
f 465/465 768/768 770/770
f 465/465 770/770 467/467
f 467/467 770/770 771/771
f 467/467 771/771 469/469
f 469/469 771/771 772/772
f 469/469 772/772 471/471
f 471/471 772/772 773/773
f 471/471 773/773 473/473
f 473/473 773/773 774/774
f 473/473 774/774 475/475
f 474/474 476/476 775/775
f 474/474 775/775 776/776
f 475/475 774/774 777/777
f 475/475 777/777 477/477
f 476/476 480/480 778/778
f 476/476 778/778 775/775
f 477/477 777/777 779/779
f 477/477 779/779 481/481
f 480/480 484/484 780/780
f 480/480 780/780 778/778
f 481/481 779/779 781/781
f 481/481 781/781 485/485
f 485/485 782/782 783/783
f 485/485 783/783 484/484
f 484/484 783/783 784/784
f 484/484 784/784 780/780
f 485/485 781/781 785/785
f 485/485 785/785 782/782
f 782/782 785/785 784/784
f 782/782 784/784 783/783
f 786/786 787/787 788/788
f 786/786 788/788 789/789
f 789/789 788/788 790/790
f 789/789 790/790 791/791
f 786/786 789/789 791/791
f 786/786 791/791 792/792
f 787/787 793/793 794/794
f 787/787 794/794 788/788
f 788/788 794/794 795/795
f 788/788 795/795 790/790
f 793/793 796/796 797/797
f 793/793 797/797 794/794
f 794/794 797/797 798/798
f 794/794 798/798 795/795
f 796/796 799/799 800/800
f 796/796 800/800 797/797
f 797/797 800/800 801/801
f 797/797 801/801 798/798
f 799/799 802/802 801/801
f 799/799 801/801 800/800
f 803/803 804/804 805/805
f 803/803 805/805 806/806
f 803/803 807/807 808/808
f 803/803 808/808 804/804
f 803/803 806/806 809/809
f 803/803 809/809 807/807
f 804/804 810/810 811/811
f 804/804 811/811 805/805
f 804/804 808/808 812/812
f 804/804 812/812 810/810
f 810/810 813/813 814/814
f 810/810 814/814 811/811
f 810/810 812/812 815/815
f 810/810 815/815 813/813
f 813/813 816/816 817/817
f 813/813 817/817 814/814
f 813/813 815/815 818/818
f 813/813 818/818 816/816
f 816/816 819/819 820/820
f 816/816 820/820 817/817
f 816/816 818/818 821/821
f 816/816 821/821 819/819
f 819/819 822/822 823/823
f 819/819 823/823 820/820
f 819/819 821/821 824/824
f 819/819 824/824 822/822
f 822/822 824/824 825/825
f 822/822 825/825 823/823
f 826/826 827/827 828/828
f 826/826 828/828 829/829
f 826/826 830/830 831/831
f 826/826 831/831 827/827
f 826/826 829/829 832/832
f 826/826 832/832 830/830
f 827/827 490/490 492/492
f 827/827 492/492 828/828
f 827/827 831/831 833/833
f 827/827 833/833 490/490
f 507/507 834/834 835/835
f 507/507 835/835 508/508
f 507/507 836/836 837/837
f 507/507 837/837 834/834
f 834/834 838/838 839/839
f 834/834 839/839 835/835
f 834/834 837/837 840/840
f 834/834 840/840 838/838
f 838/838 840/840 841/841
f 838/838 841/841 839/839
f 842/842 511/511 513/513
f 842/842 513/513 843/843
f 842/842 844/844 845/845
f 842/842 845/845 511/511
f 842/842 843/843 846/846
f 842/842 846/846 844/844
f 511/511 845/845 847/847
f 511/511 847/847 512/512
f 518/518 848/848 849/849
f 518/518 849/849 521/521
f 521/521 850/850 851/851
f 521/521 851/851 522/522
f 521/521 849/849 852/852
f 521/521 852/852 850/850
f 850/850 852/852 853/853
f 850/850 853/853 851/851
f 854/854 525/525 527/527
f 854/854 527/527 855/855
f 854/854 856/856 857/857
f 854/854 857/857 525/525
f 854/854 855/855 858/858
f 854/854 858/858 856/856
f 531/531 859/859 860/860
f 531/531 860/860 532/532
f 531/531 861/861 862/862
f 531/531 862/862 859/859
f 859/859 862/862 863/863
f 859/859 863/863 860/860
f 864/864 536/536 535/535
f 864/864 535/535 865/865
f 864/864 865/865 866/866
f 864/864 866/866 867/867
f 539/539 868/868 869/869
f 539/539 869/869 540/540
f 868/868 870/870 871/871
f 868/868 871/871 869/869
f 872/872 545/545 544/544
f 872/872 544/544 873/873
f 873/873 544/544 874/874
f 873/873 874/874 875/875
f 872/872 876/876 877/877
f 872/872 877/877 545/545
f 872/872 873/873 875/875
f 872/872 875/875 876/876
f 544/544 543/543 878/878
f 544/544 878/878 874/874
f 548/548 552/552 879/879
f 548/548 879/879 880/880
f 554/554 881/881 882/882
f 554/554 882/882 552/552
f 552/552 882/882 883/883
f 552/552 883/883 879/879
f 554/554 884/884 885/885
f 554/554 885/885 881/881
f 881/881 885/885 883/883
f 881/881 883/883 882/882
f 886/886 558/558 557/557
f 886/886 557/557 887/887
f 886/886 887/887 888/888
f 886/886 888/888 889/889
f 561/561 890/890 891/891
f 561/561 891/891 562/562
f 890/890 892/892 893/893
f 890/890 893/893 891/891
f 887/887 557/557 565/565
f 887/887 565/565 894/894
f 894/894 565/565 895/895
f 894/894 895/895 896/896
f 887/887 894/894 896/896
f 887/887 896/896 888/888
f 562/562 891/891 897/897
f 562/562 897/897 567/567
f 567/567 897/897 898/898
f 567/567 898/898 899/899
f 891/891 893/893 898/898
f 891/891 898/898 897/897
f 565/565 564/564 571/571
f 565/565 571/571 900/900
f 900/900 571/571 901/901
f 900/900 901/901 902/902
f 565/565 900/900 902/902
f 565/565 902/902 895/895
f 568/568 567/567 903/903
f 568/568 903/903 573/573
f 573/573 903/903 904/904
f 573/573 904/904 905/905
f 567/567 899/899 904/904
f 567/567 904/904 903/903
f 571/571 570/570 577/577
f 571/571 577/577 906/906
f 571/571 906/906 907/907
f 571/571 907/907 901/901
f 574/574 573/573 908/908
f 574/574 908/908 579/579
f 573/573 905/905 909/909
f 573/573 909/909 908/908
f 910/910 911/911 912/912
f 910/910 912/912 913/913
f 910/910 913/913 914/914
f 910/910 914/914 915/915
f 911/911 586/586 585/585
f 911/911 585/585 912/912
f 597/597 916/916 917/917
f 597/597 917/917 598/598
f 916/916 918/918 919/919
f 916/916 919/919 917/917
f 918/918 920/920 921/921
f 918/918 921/921 919/919
f 922/922 605/605 604/604
f 922/922 604/604 923/923
f 923/923 604/604 924/924
f 923/923 924/924 925/925
f 922/922 926/926 927/927
f 922/922 927/927 605/605
f 922/922 923/923 925/925
f 922/922 925/925 926/926
f 604/604 603/603 928/928
f 604/604 928/928 924/924
f 603/603 607/607 929/929
f 603/603 929/929 928/928
f 607/607 609/609 930/930
f 607/607 930/930 929/929
f 609/609 610/610 931/931
f 609/609 931/931 930/930
f 610/610 611/611 932/932
f 610/610 932/932 931/931
f 611/611 612/612 933/933
f 611/611 933/933 932/932
f 612/612 613/613 934/934
f 612/612 934/934 933/933
f 613/613 614/614 935/935
f 613/613 935/935 934/934
f 614/614 617/617 936/936
f 614/614 936/936 935/935
f 617/617 622/622 937/937
f 617/617 937/937 936/936
f 623/623 938/938 939/939
f 623/623 939/939 622/622
f 622/622 939/939 940/940
f 622/622 940/940 937/937
f 623/623 941/941 942/942
f 623/623 942/942 938/938
f 938/938 942/942 940/940
f 938/938 940/940 939/939
f 943/943 630/630 629/629
f 943/943 629/629 944/944
f 944/944 629/629 945/945
f 944/944 945/945 946/946
f 943/943 947/947 948/948
f 943/943 948/948 630/630
f 943/943 944/944 946/946
f 943/943 946/946 947/947
f 629/629 628/628 949/949
f 629/629 949/949 945/945
f 630/630 948/948 950/950
f 630/630 950/950 631/631
f 628/628 632/632 951/951
f 628/628 951/951 949/949
f 631/631 950/950 952/952
f 631/631 952/952 633/633
f 632/632 634/634 953/953
f 632/632 953/953 951/951
f 633/633 952/952 954/954
f 633/633 954/954 635/635
f 634/634 636/636 955/955
f 634/634 955/955 953/953
f 635/635 954/954 956/956
f 635/635 956/956 637/637
f 636/636 638/638 957/957
f 636/636 957/957 955/955
f 637/637 956/956 958/958
f 637/637 958/958 639/639
f 638/638 640/640 959/959
f 638/638 959/959 957/957
f 639/639 958/958 960/960
f 639/639 960/960 641/641
f 640/640 642/642 961/961
f 640/640 961/961 959/959
f 641/641 960/960 962/962
f 641/641 962/962 643/643
f 642/642 644/644 963/963
f 642/642 963/963 961/961
f 643/643 962/962 964/964
f 643/643 964/964 645/645
f 644/644 646/646 965/965
f 644/644 965/965 963/963
f 645/645 964/964 966/966
f 645/645 966/966 647/647
f 646/646 648/648 967/967
f 646/646 967/967 965/965
f 647/647 966/966 968/968
f 647/647 968/968 649/649
f 648/648 650/650 969/969
f 648/648 969/969 967/967
f 649/649 968/968 970/970
f 649/649 970/970 651/651
f 650/650 652/652 971/971
f 650/650 971/971 969/969
f 651/651 970/970 972/972
f 651/651 972/972 653/653
f 652/652 656/656 973/973
f 652/652 973/973 971/971
f 653/653 972/972 974/974
f 653/653 974/974 657/657
f 656/656 660/660 975/975
f 656/656 975/975 973/973
f 657/657 974/974 976/976
f 657/657 976/976 661/661
f 661/661 977/977 978/978
f 661/661 978/978 660/660
f 660/660 978/978 979/979
f 660/660 979/979 975/975
f 661/661 976/976 980/980
f 661/661 980/980 977/977
f 977/977 980/980 979/979
f 977/977 979/979 978/978
f 981/981 668/668 667/667
f 981/981 667/667 982/982
f 982/982 667/667 983/983
f 982/982 983/983 984/984
f 981/981 985/985 986/986
f 981/981 986/986 668/668
f 981/981 982/982 984/984
f 981/981 984/984 985/985
f 668/668 986/986 987/987
f 668/668 987/987 669/669
f 669/669 987/987 988/988
f 669/669 988/988 671/671
f 671/671 988/988 989/989
f 671/671 989/989 672/672
f 672/672 989/989 990/990
f 672/672 990/990 673/673
f 673/673 990/990 991/991
f 673/673 991/991 674/674
f 674/674 991/991 992/992
f 674/674 992/992 675/675
f 675/675 992/992 993/993
f 675/675 993/993 680/680
f 680/680 993/993 994/994
f 680/680 994/994 684/684
f 684/684 995/995 996/996
f 684/684 996/996 683/683
f 683/683 996/996 997/997
f 683/683 997/997 998/998
f 684/684 994/994 999/999
f 684/684 999/999 995/995
f 995/995 999/999 997/997
f 995/995 997/997 996/996
f 1000/1000 1001/1001 1002/1002
f 1000/1000 1002/1002 1003/1003
f 1003/1003 1002/1002 1004/1004
f 1003/1003 1004/1004 1005/1005
f 1000/1000 1003/1003 1005/1005
f 1000/1000 1005/1005 1006/1006
f 1001/1001 690/690 689/689
f 1001/1001 689/689 1002/1002
f 697/697 1007/1007 1008/1008
f 697/697 1008/1008 698/698
f 1007/1007 1009/1009 1010/1010
f 1007/1007 1010/1010 1008/1008
f 1008/1008 1010/1010 1011/1011
f 1008/1008 1011/1011 1012/1012
f 1009/1009 1013/1013 1011/1011
f 1009/1009 1011/1011 1010/1010
f 1014/1014 704/704 703/703
f 1014/1014 703/703 1015/1015
f 1014/1014 1015/1015 1016/1016
f 1014/1014 1016/1016 1017/1017
f 711/711 1018/1018 1019/1019
f 711/711 1019/1019 712/712
f 1018/1018 1020/1020 1021/1021
f 1018/1018 1021/1021 1019/1019
f 1015/1015 703/703 715/715
f 1015/1015 715/715 1022/1022
f 1015/1015 1022/1022 1023/1023
f 1015/1015 1023/1023 1016/1016
f 712/712 1019/1019 1024/1024
f 712/712 1024/1024 719/719
f 1019/1019 1021/1021 1025/1025
f 1019/1019 1025/1025 1024/1024
f 1026/1026 1027/1027 1028/1028
f 1026/1026 1028/1028 1029/1029
f 1029/1029 1028/1028 1030/1030
f 1029/1029 1030/1030 1031/1031
f 1026/1026 1032/1032 1033/1033
f 1026/1026 1033/1033 1027/1027
f 1026/1026 1029/1029 1031/1031
f 1026/1026 1031/1031 1032/1032
f 1027/1027 726/726 725/725
f 1027/1027 725/725 1028/1028
f 1028/1028 725/725 1034/1034
f 1028/1028 1034/1034 1030/1030
f 725/725 724/724 1035/1035
f 725/725 1035/1035 1034/1034
f 724/724 729/729 1036/1036
f 724/724 1036/1036 1035/1035
f 729/729 732/732 1037/1037
f 729/729 1037/1037 1036/1036
f 732/732 735/735 1038/1038
f 732/732 1038/1038 1037/1037
f 736/736 1039/1039 1040/1040
f 736/736 1040/1040 735/735
f 735/735 1040/1040 1041/1041
f 735/735 1041/1041 1038/1038
f 1039/1039 1042/1042 1043/1043
f 1039/1039 1043/1043 1040/1040
f 1040/1040 1043/1043 1044/1044
f 1040/1040 1044/1044 1041/1041
f 1039/1039 1045/1045 1046/1046
f 1039/1039 1046/1046 1042/1042
f 1042/1042 1046/1046 1044/1044
f 1042/1042 1044/1044 1043/1043
f 1047/1047 1048/1048 1049/1049
f 1047/1047 1049/1049 1050/1050
f 1050/1050 1049/1049 1051/1051
f 1050/1050 1051/1051 1052/1052
f 1047/1047 1053/1053 1054/1054
f 1047/1047 1054/1054 1048/1048
f 1047/1047 1050/1050 1052/1052
f 1047/1047 1052/1052 1053/1053
f 1048/1048 1055/1055 1056/1056
f 1048/1048 1056/1056 1049/1049
f 1049/1049 1056/1056 1057/1057
f 1049/1049 1057/1057 1051/1051
f 1048/1048 1054/1054 1058/1058
f 1048/1048 1058/1058 1055/1055
f 1055/1055 1059/1059 1060/1060
f 1055/1055 1060/1060 1056/1056
f 1056/1056 1060/1060 1061/1061
f 1056/1056 1061/1061 1057/1057
f 1055/1055 1058/1058 1062/1062
f 1055/1055 1062/1062 1059/1059
f 1059/1059 1063/1063 1064/1064
f 1059/1059 1064/1064 1060/1060
f 1060/1060 1064/1064 1065/1065
f 1060/1060 1065/1065 1061/1061
f 1059/1059 1062/1062 1066/1066
f 1059/1059 1066/1066 1063/1063
f 1063/1063 1067/1067 1068/1068
f 1063/1063 1068/1068 1064/1064
f 1064/1064 1068/1068 1069/1069
f 1064/1064 1069/1069 1065/1065
f 1063/1063 1066/1066 1070/1070
f 1063/1063 1070/1070 1067/1067
f 1067/1067 1071/1071 1072/1072
f 1067/1067 1072/1072 1068/1068
f 1068/1068 1072/1072 1073/1073
f 1068/1068 1073/1073 1069/1069
f 1067/1067 1070/1070 1074/1074
f 1067/1067 1074/1074 1071/1071
f 1071/1071 1074/1074 1073/1073
f 1071/1071 1073/1073 1072/1072
f 1075/1075 739/739 738/738
f 1075/1075 738/738 1076/1076
f 1076/1076 738/738 1077/1077
f 1076/1076 1077/1077 1078/1078
f 1075/1075 1079/1079 1080/1080
f 1075/1075 1080/1080 739/739
f 1075/1075 1076/1076 1078/1078
f 1075/1075 1078/1078 1079/1079
f 738/738 737/737 1081/1081
f 738/738 1081/1081 1077/1077
f 739/739 1080/1080 1082/1082
f 739/739 1082/1082 740/740
f 740/740 1082/1082 1083/1083
f 740/740 1083/1083 742/742
f 742/742 1083/1083 1084/1084
f 742/742 1084/1084 744/744
f 743/743 745/745 1085/1085
f 743/743 1085/1085 1086/1086
f 744/744 1084/1084 1087/1087
f 744/744 1087/1087 746/746
f 746/746 1088/1088 1089/1089
f 746/746 1089/1089 745/745
f 745/745 1089/1089 1090/1090
f 745/745 1090/1090 1085/1085
f 746/746 1087/1087 1091/1091
f 746/746 1091/1091 1088/1088
f 1088/1088 1091/1091 1090/1090
f 1088/1088 1090/1090 1089/1089
f 1092/1092 1093/1093 1094/1094
f 1092/1092 1094/1094 1095/1095
f 1096/1096 1097/1097 1098/1098
f 1096/1096 1098/1098 1099/1099
f 1096/1096 1099/1099 1093/1093
f 1096/1096 1093/1093 1092/1092
f 1095/1095 1094/1094 1100/1100
f 1095/1095 1100/1100 1101/1101
f 1097/1097 1102/1102 1103/1103
f 1097/1097 1103/1103 1098/1098
f 1102/1102 1101/1101 1100/1100
f 1102/1102 1100/1100 1103/1103
f 1104/1104 1105/1105 1106/1106
f 1104/1104 1106/1106 1107/1107
f 1107/1107 1106/1106 1108/1108
f 1107/1107 1108/1108 1109/1109
f 1104/1104 1110/1110 1111/1111
f 1104/1104 1111/1111 1105/1105
f 1104/1104 1107/1107 1109/1109
f 1104/1104 1109/1109 1110/1110
f 1105/1105 753/753 752/752
f 1105/1105 752/752 1106/1106
f 1106/1106 752/752 1112/1112
f 1106/1106 1112/1112 1108/1108
f 1105/1105 1111/1111 1113/1113
f 1105/1105 1113/1113 753/753
f 752/752 751/751 1114/1114
f 752/752 1114/1114 1112/1112
f 751/751 757/757 1115/1115
f 751/751 1115/1115 1114/1114
f 758/758 1116/1116 1117/1117
f 758/758 1117/1117 757/757
f 757/757 1117/1117 1118/1118
f 757/757 1118/1118 1115/1115
f 758/758 1119/1119 1120/1120
f 758/758 1120/1120 1116/1116
f 1116/1116 1121/1121 1122/1122
f 1116/1116 1122/1122 1117/1117
f 1117/1117 1122/1122 1123/1123
f 1117/1117 1123/1123 1118/1118
f 1116/1116 1120/1120 1124/1124
f 1116/1116 1124/1124 1121/1121
f 1121/1121 1124/1124 1123/1123
f 1121/1121 1123/1123 1122/1122
f 1125/1125 763/763 762/762
f 1125/1125 762/762 1126/1126
f 1126/1126 762/762 1127/1127
f 1126/1126 1127/1127 1128/1128
f 1125/1125 1129/1129 1130/1130
f 1125/1125 1130/1130 763/763
f 1125/1125 1126/1126 1128/1128
f 1125/1125 1128/1128 1129/1129
f 762/762 761/761 1131/1131
f 762/762 1131/1131 1127/1127
f 763/763 1130/1130 1132/1132
f 763/763 1132/1132 764/764
f 761/761 765/765 1133/1133
f 761/761 1133/1133 1131/1131
f 764/764 1132/1132 1134/1134
f 764/764 1134/1134 766/766
f 766/766 1134/1134 1135/1135
f 766/766 1135/1135 768/768
f 768/768 1135/1135 1136/1136
f 768/768 1136/1136 770/770
f 770/770 1136/1136 1137/1137
f 770/770 1137/1137 771/771
f 771/771 1137/1137 1138/1138
f 771/771 1138/1138 772/772
f 772/772 1138/1138 1139/1139
f 772/772 1139/1139 773/773
f 773/773 1139/1139 1140/1140
f 773/773 1140/1140 774/774
f 774/774 1140/1140 1141/1141
f 774/774 1141/1141 777/777
f 777/777 1141/1141 1142/1142
f 777/777 1142/1142 779/779
f 778/778 780/780 1143/1143
f 778/778 1143/1143 1144/1144
f 779/779 1142/1142 1145/1145
f 779/779 1145/1145 781/781
f 780/780 784/784 1146/1146
f 780/780 1146/1146 1143/1143
f 781/781 1145/1145 1147/1147
f 781/781 1147/1147 785/785
f 785/785 1148/1148 1149/1149
f 785/785 1149/1149 784/784
f 784/784 1149/1149 1150/1150
f 784/784 1150/1150 1146/1146
f 785/785 1147/1147 1151/1151
f 785/785 1151/1151 1148/1148
f 1148/1148 1151/1151 1150/1150
f 1148/1148 1150/1150 1149/1149
f 1152/1152 1153/1153 1154/1154
f 1152/1152 1154/1154 1155/1155
f 1155/1155 1154/1154 1156/1156
f 1155/1155 1156/1156 1157/1157
f 1152/1152 1155/1155 1157/1157
f 1152/1152 1157/1157 1158/1158
f 1153/1153 792/792 791/791
f 1153/1153 791/791 1154/1154
f 1154/1154 791/791 1159/1159
f 1154/1154 1159/1159 1156/1156
f 791/791 790/790 1160/1160
f 791/791 1160/1160 1159/1159
f 790/790 795/795 1161/1161
f 790/790 1161/1161 1160/1160
f 795/795 798/798 1162/1162
f 795/795 1162/1162 1161/1161
f 798/798 801/801 1163/1163
f 798/798 1163/1163 1162/1162
f 802/802 1164/1164 1165/1165
f 802/802 1165/1165 801/801
f 801/801 1165/1165 1166/1166
f 801/801 1166/1166 1163/1163
f 1164/1164 1167/1167 1168/1168
f 1164/1164 1168/1168 1165/1165
f 1165/1165 1168/1168 1169/1169
f 1165/1165 1169/1169 1166/1166
f 1167/1167 1170/1170 1169/1169
f 1167/1167 1169/1169 1168/1168
f 1171/1171 807/807 809/809
f 1171/1171 809/809 1172/1172
f 1171/1171 1173/1173 1174/1174
f 1171/1171 1174/1174 807/807
f 1171/1171 1172/1172 1175/1175
f 1171/1171 1175/1175 1173/1173
f 807/807 1174/1174 1176/1176
f 807/807 1176/1176 808/808
f 808/808 1176/1176 1177/1177
f 808/808 1177/1177 812/812
f 812/812 1177/1177 1178/1178
f 812/812 1178/1178 815/815
f 815/815 1178/1178 1179/1179
f 815/815 1179/1179 818/818
f 818/818 1179/1179 1180/1180
f 818/818 1180/1180 821/821
f 821/821 1180/1180 1181/1181
f 821/821 1181/1181 824/824
f 824/824 1182/1182 1183/1183
f 824/824 1183/1183 825/825
f 824/824 1181/1181 1184/1184
f 824/824 1184/1184 1182/1182
f 1182/1182 1184/1184 1185/1185
f 1182/1182 1185/1185 1183/1183
f 1186/1186 830/830 832/832
f 1186/1186 832/832 1187/1187
f 1186/1186 1188/1188 1189/1189
f 1186/1186 1189/1189 830/830
f 1186/1186 1187/1187 1190/1190
f 1186/1186 1190/1190 1188/1188
f 830/830 1189/1189 1191/1191
f 830/830 1191/1191 831/831
f 837/837 1192/1192 1193/1193
f 837/837 1193/1193 840/840
f 840/840 1194/1194 1195/1195
f 840/840 1195/1195 841/841
f 840/840 1193/1193 1196/1196
f 840/840 1196/1196 1194/1194
f 1194/1194 1196/1196 1197/1197
f 1194/1194 1197/1197 1195/1195
f 1198/1198 844/844 846/846
f 1198/1198 846/846 1199/1199
f 1198/1198 1200/1200 1201/1201
f 1198/1198 1201/1201 844/844
f 1198/1198 1199/1199 1202/1202
f 1198/1198 1202/1202 1200/1200
f 844/844 1201/1201 1203/1203
f 844/844 1203/1203 845/845
f 849/849 1204/1204 1205/1205
f 849/849 1205/1205 852/852
f 852/852 1206/1206 1207/1207
f 852/852 1207/1207 853/853
f 852/852 1205/1205 1208/1208
f 852/852 1208/1208 1206/1206
f 1206/1206 1208/1208 1209/1209
f 1206/1206 1209/1209 1207/1207
f 856/856 858/858 1210/1210
f 856/856 1210/1210 1211/1211
f 862/862 1212/1212 1213/1213
f 862/862 1213/1213 863/863
f 867/867 866/866 1214/1214
f 867/867 1214/1214 1215/1215
f 870/870 1216/1216 1217/1217
f 870/870 1217/1217 871/871
f 875/875 874/874 1218/1218
f 875/875 1218/1218 1219/1219
f 876/876 1220/1220 1221/1221
f 876/876 1221/1221 877/877
f 876/876 875/875 1219/1219
f 876/876 1219/1219 1220/1220
f 874/874 878/878 1222/1222
f 874/874 1222/1222 1218/1218
f 880/880 879/879 1223/1223
f 880/880 1223/1223 1224/1224
f 879/879 883/883 1225/1225
f 879/879 1225/1225 1223/1223
f 884/884 1226/1226 1227/1227
f 884/884 1227/1227 885/885
f 885/885 1227/1227 1225/1225
f 885/885 1225/1225 883/883
f 889/889 888/888 1228/1228
f 889/889 1228/1228 1229/1229
f 892/892 1230/1230 1231/1231
f 892/892 1231/1231 893/893
f 888/888 896/896 1232/1232
f 888/888 1232/1232 1228/1228
f 893/893 1231/1231 1233/1233
f 893/893 1233/1233 898/898
f 896/896 895/895 902/902
f 896/896 902/902 1234/1234
f 1234/1234 902/902 1235/1235
f 1234/1234 1235/1235 1236/1236
f 896/896 1234/1234 1236/1236
f 896/896 1236/1236 1232/1232
f 899/899 898/898 1237/1237
f 899/899 1237/1237 904/904
f 904/904 1237/1237 1238/1238
f 904/904 1238/1238 1239/1239
f 898/898 1233/1233 1238/1238
f 898/898 1238/1238 1237/1237
f 902/902 901/901 907/907
f 902/902 907/907 1240/1240
f 902/902 1240/1240 1241/1241
f 902/902 1241/1241 1235/1235
f 905/905 904/904 1242/1242
f 905/905 1242/1242 909/909
f 904/904 1239/1239 1243/1243
f 904/904 1243/1243 1242/1242
f 1244/1244 915/915 914/914
f 1244/1244 914/914 1245/1245
f 1244/1244 1245/1245 1246/1246
f 1244/1244 1246/1246 1247/1247
f 920/920 1248/1248 1249/1249
f 920/920 1249/1249 921/921
f 1248/1248 1250/1250 1251/1251
f 1248/1248 1251/1251 1249/1249
f 1252/1252 926/926 925/925
f 1252/1252 925/925 1253/1253
f 1253/1253 925/925 1254/1254
f 1253/1253 1254/1254 1255/1255
f 1252/1252 1256/1256 1257/1257
f 1252/1252 1257/1257 926/926
f 1252/1252 1253/1253 1255/1255
f 1252/1252 1255/1255 1256/1256
f 925/925 924/924 1258/1258
f 925/925 1258/1258 1254/1254
f 924/924 928/928 1259/1259
f 924/924 1259/1259 1258/1258
f 928/928 929/929 1260/1260
f 928/928 1260/1260 1259/1259
f 929/929 930/930 1261/1261
f 929/929 1261/1261 1260/1260
f 930/930 931/931 1262/1262
f 930/930 1262/1262 1261/1261
f 931/931 932/932 1263/1263
f 931/931 1263/1263 1262/1262
f 932/932 933/933 1264/1264
f 932/932 1264/1264 1263/1263
f 933/933 934/934 1265/1265
f 933/933 1265/1265 1264/1264
f 934/934 935/935 1266/1266
f 934/934 1266/1266 1265/1265
f 935/935 936/936 1267/1267
f 935/935 1267/1267 1266/1266
f 936/936 937/937 1268/1268
f 936/936 1268/1268 1267/1267
f 937/937 940/940 1269/1269
f 937/937 1269/1269 1268/1268
f 942/942 1270/1270 1271/1271
f 942/942 1271/1271 940/940
f 940/940 1271/1271 1272/1272
f 940/940 1272/1272 1269/1269
f 942/942 1273/1273 1274/1274
f 942/942 1274/1274 1270/1270
f 1270/1270 1274/1274 1272/1272
f 1270/1270 1272/1272 1271/1271
f 1275/1275 947/947 946/946
f 1275/1275 946/946 1276/1276
f 1276/1276 946/946 1277/1277
f 1276/1276 1277/1277 1278/1278
f 1275/1275 1279/1279 1280/1280
f 1275/1275 1280/1280 947/947
f 1275/1275 1276/1276 1278/1278
f 1275/1275 1278/1278 1279/1279
f 946/946 945/945 1281/1281
f 946/946 1281/1281 1277/1277
f 947/947 1280/1280 1282/1282
f 947/947 1282/1282 948/948
f 945/945 949/949 1283/1283
f 945/945 1283/1283 1281/1281
f 948/948 1282/1282 1284/1284
f 948/948 1284/1284 950/950
f 949/949 951/951 1285/1285
f 949/949 1285/1285 1283/1283
f 950/950 1284/1284 1286/1286
f 950/950 1286/1286 952/952
f 951/951 953/953 1287/1287
f 951/951 1287/1287 1285/1285
f 952/952 1286/1286 1288/1288
f 952/952 1288/1288 954/954
f 953/953 955/955 1289/1289
f 953/953 1289/1289 1287/1287
f 954/954 1288/1288 1290/1290
f 954/954 1290/1290 956/956
f 956/956 1290/1290 1291/1291
f 956/956 1291/1291 958/958
f 958/958 1291/1291 1292/1292
f 958/958 1292/1292 960/960
f 960/960 1292/1292 1293/1293
f 960/960 1293/1293 962/962
f 962/962 1293/1293 1294/1294
f 962/962 1294/1294 964/964
f 964/964 1294/1294 1295/1295
f 964/964 1295/1295 966/966
f 966/966 1295/1295 1296/1296
f 966/966 1296/1296 968/968
f 967/967 969/969 1297/1297
f 967/967 1297/1297 1298/1298
f 968/968 1296/1296 1299/1299
f 968/968 1299/1299 970/970
f 969/969 971/971 1300/1300
f 969/969 1300/1300 1297/1297
f 970/970 1299/1299 1301/1301
f 970/970 1301/1301 972/972
f 971/971 973/973 1302/1302
f 971/971 1302/1302 1300/1300
f 972/972 1301/1301 1303/1303
f 972/972 1303/1303 974/974
f 973/973 975/975 1304/1304
f 973/973 1304/1304 1302/1302
f 974/974 1303/1303 1305/1305
f 974/974 1305/1305 976/976
f 975/975 979/979 1306/1306
f 975/975 1306/1306 1304/1304
f 976/976 1305/1305 1307/1307
f 976/976 1307/1307 980/980
f 980/980 1308/1308 1309/1309
f 980/980 1309/1309 979/979
f 979/979 1309/1309 1310/1310
f 979/979 1310/1310 1306/1306
f 980/980 1307/1307 1311/1311
f 980/980 1311/1311 1308/1308
f 1308/1308 1311/1311 1310/1310
f 1308/1308 1310/1310 1309/1309
f 1312/1312 1313/1313 1314/1314
f 1312/1312 1314/1314 1315/1315
f 1315/1315 1314/1314 1316/1316
f 1315/1315 1316/1316 1317/1317
f 1312/1312 1315/1315 1317/1317
f 1312/1312 1317/1317 1318/1318
f 1313/1313 1319/1319 1320/1320
f 1313/1313 1320/1320 1314/1314
f 1319/1319 1321/1321 1322/1322
f 1319/1319 1322/1322 1320/1320
f 1321/1321 1323/1323 1324/1324
f 1321/1321 1324/1324 1322/1322
f 1323/1323 1325/1325 1326/1326
f 1323/1323 1326/1326 1324/1324
f 1325/1325 1327/1327 1328/1328
f 1325/1325 1328/1328 1326/1326
f 1326/1326 1328/1328 1329/1329
f 1326/1326 1329/1329 1330/1330
f 1327/1327 1331/1331 1329/1329
f 1327/1327 1329/1329 1328/1328
f 1332/1332 1333/1333 1334/1334
f 1332/1332 1334/1334 1335/1335
f 1332/1332 1335/1335 1336/1336
f 1332/1332 1336/1336 1337/1337
f 1333/1333 1338/1338 1339/1339
f 1333/1333 1339/1339 1334/1334
f 1338/1338 1340/1340 1341/1341
f 1338/1338 1341/1341 1339/1339
f 1340/1340 1342/1342 1343/1343
f 1340/1340 1343/1343 1341/1341
f 1342/1342 1344/1344 1345/1345
f 1342/1342 1345/1345 1343/1343
f 1346/1346 985/985 984/984
f 1346/1346 984/984 1347/1347
f 1347/1347 984/984 1348/1348
f 1347/1347 1348/1348 1349/1349
f 1346/1346 1350/1350 1351/1351
f 1346/1346 1351/1351 985/985
f 1346/1346 1347/1347 1349/1349
f 1346/1346 1349/1349 1350/1350
f 984/984 983/983 1352/1352
f 984/984 1352/1352 1348/1348
f 985/985 1351/1351 1353/1353
f 985/985 1353/1353 986/986
f 986/986 1353/1353 1354/1354
f 986/986 1354/1354 987/987
f 987/987 1354/1354 1355/1355
f 987/987 1355/1355 988/988
f 992/992 1356/1356 1357/1357
f 992/992 1357/1357 993/993
f 993/993 1357/1357 1358/1358
f 993/993 1358/1358 994/994
f 998/998 997/997 1359/1359
f 998/998 1359/1359 1360/1360
f 994/994 1358/1358 1361/1361
f 994/994 1361/1361 999/999
f 999/999 1362/1362 1363/1363
f 999/999 1363/1363 997/997
f 997/997 1363/1363 1364/1364
f 997/997 1364/1364 1359/1359
f 999/999 1361/1361 1365/1365
f 999/999 1365/1365 1362/1362
f 1362/1362 1365/1365 1364/1364
f 1362/1362 1364/1364 1363/1363
f 1006/1006 1005/1005 1366/1366
f 1006/1006 1366/1366 1367/1367
f 1013/1013 1368/1368 1369/1369
f 1013/1013 1369/1369 1011/1011
f 1370/1370 1017/1017 1016/1016
f 1370/1370 1016/1016 1371/1371
f 1370/1370 1371/1371 1372/1372
f 1370/1370 1372/1372 1373/1373
f 1020/1020 1374/1374 1375/1375
f 1020/1020 1375/1375 1021/1021
f 1374/1374 1376/1376 1377/1377
f 1374/1374 1377/1377 1375/1375
f 1371/1371 1016/1016 1023/1023
f 1371/1371 1023/1023 1378/1378
f 1371/1371 1378/1378 1379/1379
f 1371/1371 1379/1379 1372/1372
f 1021/1021 1375/1375 1380/1380
f 1021/1021 1380/1380 1025/1025
f 1375/1375 1377/1377 1381/1381
f 1375/1375 1381/1381 1380/1380
f 1382/1382 1032/1032 1031/1031
f 1382/1382 1031/1031 1383/1383
f 1383/1383 1031/1031 1384/1384
f 1383/1383 1384/1384 1385/1385
f 1382/1382 1386/1386 1387/1387
f 1382/1382 1387/1387 1032/1032
f 1382/1382 1383/1383 1385/1385
f 1382/1382 1385/1385 1386/1386
f 1031/1031 1030/1030 1388/1388
f 1031/1031 1388/1388 1384/1384
f 1030/1030 1034/1034 1389/1389
f 1030/1030 1389/1389 1388/1388
f 1038/1038 1041/1041 1390/1390
f 1038/1038 1390/1390 1391/1391
f 1041/1041 1044/1044 1392/1392
f 1041/1041 1392/1392 1390/1390
f 1046/1046 1393/1393 1394/1394
f 1046/1046 1394/1394 1044/1044
f 1044/1044 1394/1394 1395/1395
f 1044/1044 1395/1395 1392/1392
f 1046/1046 1396/1396 1397/1397
f 1046/1046 1397/1397 1393/1393
f 1393/1393 1397/1397 1395/1395
f 1393/1393 1395/1395 1394/1394
f 1034/1034 1035/1035 1398/1398
f 1034/1034 1398/1398 1399/1399
f 1399/1399 1398/1398 1400/1400
f 1399/1399 1400/1400 1401/1401
f 1034/1034 1399/1399 1401/1401
f 1034/1034 1401/1401 1389/1389
f 1035/1035 1036/1036 1402/1402
f 1035/1035 1402/1402 1398/1398
f 1398/1398 1402/1402 1403/1403
f 1398/1398 1403/1403 1400/1400
f 1036/1036 1037/1037 1404/1404
f 1036/1036 1404/1404 1402/1402
f 1402/1402 1404/1404 1405/1405
f 1402/1402 1405/1405 1403/1403
f 1037/1037 1038/1038 1406/1406
f 1037/1037 1406/1406 1404/1404
f 1404/1404 1406/1406 1407/1407
f 1404/1404 1407/1407 1405/1405
f 1038/1038 1391/1391 1407/1407
f 1038/1038 1407/1407 1406/1406
f 1408/1408 1409/1409 1410/1410
f 1408/1408 1410/1410 1411/1411
f 1411/1411 1410/1410 1412/1412
f 1411/1411 1412/1412 1413/1413
f 1408/1408 1414/1414 1415/1415
f 1408/1408 1415/1415 1409/1409
f 1408/1408 1411/1411 1413/1413
f 1408/1408 1413/1413 1414/1414
f 1409/1409 1053/1053 1052/1052
f 1409/1409 1052/1052 1410/1410
f 1410/1410 1052/1052 1416/1416
f 1410/1410 1416/1416 1412/1412
f 1409/1409 1415/1415 1417/1417
f 1409/1409 1417/1417 1053/1053
f 1052/1052 1051/1051 1418/1418
f 1052/1052 1418/1418 1416/1416
f 1053/1053 1417/1417 1419/1419
f 1053/1053 1419/1419 1054/1054
f 1051/1051 1057/1057 1420/1420
f 1051/1051 1420/1420 1418/1418
f 1054/1054 1419/1419 1421/1421
f 1054/1054 1421/1421 1058/1058
f 1057/1057 1061/1061 1422/1422
f 1057/1057 1422/1422 1420/1420
f 1058/1058 1421/1421 1423/1423
f 1058/1058 1423/1423 1062/1062
f 1061/1061 1065/1065 1424/1424
f 1061/1061 1424/1424 1422/1422
f 1062/1062 1423/1423 1425/1425
f 1062/1062 1425/1425 1066/1066
f 1065/1065 1069/1069 1426/1426
f 1065/1065 1426/1426 1424/1424
f 1066/1066 1425/1425 1427/1427
f 1066/1066 1427/1427 1070/1070
f 1069/1069 1073/1073 1428/1428
f 1069/1069 1428/1428 1426/1426
f 1070/1070 1427/1427 1429/1429
f 1070/1070 1429/1429 1074/1074
f 1074/1074 1430/1430 1431/1431
f 1074/1074 1431/1431 1073/1073
f 1073/1073 1431/1431 1432/1432
f 1073/1073 1432/1432 1428/1428
f 1074/1074 1429/1429 1433/1433
f 1074/1074 1433/1433 1430/1430
f 1430/1430 1434/1434 1435/1435
f 1430/1430 1435/1435 1431/1431
f 1431/1431 1435/1435 1436/1436
f 1431/1431 1436/1436 1432/1432
f 1430/1430 1433/1433 1437/1437
f 1430/1430 1437/1437 1434/1434
f 1434/1434 1437/1437 1436/1436
f 1434/1434 1436/1436 1435/1435
f 1438/1438 1439/1439 1440/1440
f 1438/1438 1440/1440 1441/1441
f 1078/1078 1077/1077 1440/1440
f 1078/1078 1440/1440 1439/1439
f 1079/1079 1438/1438 1441/1441
f 1079/1079 1441/1441 1080/1080
f 1079/1079 1078/1078 1439/1439
f 1079/1079 1439/1439 1438/1438
f 1077/1077 1081/1081 1442/1442
f 1077/1077 1442/1442 1440/1440
f 1080/1080 1441/1441 1443/1443
f 1080/1080 1443/1443 1082/1082
f 1081/1081 1444/1444 1445/1445
f 1081/1081 1445/1445 1442/1442
f 1082/1082 1443/1443 1446/1446
f 1082/1082 1446/1446 1083/1083
f 1444/1444 1086/1086 1447/1447
f 1444/1444 1447/1447 1445/1445
f 1083/1083 1446/1446 1448/1448
f 1083/1083 1448/1448 1084/1084
f 1086/1086 1085/1085 1449/1449
f 1086/1086 1449/1449 1447/1447
f 1084/1084 1448/1448 1450/1450
f 1084/1084 1450/1450 1087/1087
f 1450/1450 1449/1449 1451/1451
f 1450/1450 1451/1451 1452/1452
f 1085/1085 1090/1090 1451/1451
f 1085/1085 1451/1451 1449/1449
f 1087/1087 1450/1450 1452/1452
f 1087/1087 1452/1452 1091/1091
f 1091/1091 1452/1452 1451/1451
f 1091/1091 1451/1451 1090/1090
f 1109/1109 1108/1108 1453/1453
f 1109/1109 1453/1453 1454/1454
f 1110/1110 1455/1455 1456/1456
f 1110/1110 1456/1456 1111/1111
f 1110/1110 1109/1109 1454/1454
f 1110/1110 1454/1454 1455/1455
f 1108/1108 1112/1112 1457/1457
f 1108/1108 1457/1457 1453/1453
f 1111/1111 1456/1456 1458/1458
f 1111/1111 1458/1458 1113/1113
f 1113/1113 1458/1458 1459/1459
f 1113/1113 1459/1459 1460/1460
f 1460/1460 1459/1459 1461/1461
f 1460/1460 1461/1461 1119/1119
f 1115/1115 1118/1118 1462/1462
f 1115/1115 1462/1462 1463/1463
f 1119/1119 1461/1461 1464/1464
f 1119/1119 1464/1464 1120/1120
f 1118/1118 1123/1123 1465/1465
f 1118/1118 1465/1465 1462/1462
f 1120/1120 1464/1464 1466/1466
f 1120/1120 1466/1466 1124/1124
f 1124/1124 1466/1466 1465/1465
f 1124/1124 1465/1465 1123/1123
f 1467/1467 1468/1468 1469/1469
f 1467/1467 1469/1469 1470/1470
f 1471/1471 1472/1472 1473/1473
f 1471/1471 1473/1473 1474/1474
f 1471/1471 1474/1474 1468/1468
f 1471/1471 1468/1468 1467/1467
f 1470/1470 1469/1469 1475/1475
f 1470/1470 1475/1475 1476/1476
f 1472/1472 1477/1477 1478/1478
f 1472/1472 1478/1478 1473/1473
f 1477/1477 1476/1476 1475/1475
f 1477/1477 1475/1475 1478/1478
f 1468/1468 1479/1479 1480/1480
f 1468/1468 1480/1480 1469/1469
f 1474/1474 1473/1473 1481/1481
f 1474/1474 1481/1481 1482/1482
f 1482/1482 1481/1481 1480/1480
f 1482/1482 1480/1480 1479/1479
f 1474/1474 1482/1482 1479/1479
f 1474/1474 1479/1479 1468/1468
f 1469/1469 1480/1480 1483/1483
f 1469/1469 1483/1483 1475/1475
f 1473/1473 1478/1478 1484/1484
f 1473/1473 1484/1484 1481/1481
f 1481/1481 1484/1484 1483/1483
f 1481/1481 1483/1483 1480/1480
f 1478/1478 1475/1475 1483/1483
f 1478/1478 1483/1483 1484/1484
f 1128/1128 1127/1127 1485/1485
f 1128/1128 1485/1485 1486/1486
f 1129/1129 1487/1487 1488/1488
f 1129/1129 1488/1488 1130/1130
f 1129/1129 1128/1128 1486/1486
f 1129/1129 1486/1486 1487/1487
f 1127/1127 1131/1131 1489/1489
f 1127/1127 1489/1489 1485/1485
f 1130/1130 1488/1488 1490/1490
f 1130/1130 1490/1490 1132/1132
f 1132/1132 1490/1490 1491/1491
f 1132/1132 1491/1491 1134/1134
f 1134/1134 1491/1491 1492/1492
f 1134/1134 1492/1492 1135/1135
f 1135/1135 1492/1492 1493/1493
f 1135/1135 1493/1493 1136/1136
f 1136/1136 1493/1493 1494/1494
f 1136/1136 1494/1494 1137/1137
f 1137/1137 1494/1494 1495/1495
f 1137/1137 1495/1495 1138/1138
f 1138/1138 1495/1495 1496/1496
f 1138/1138 1496/1496 1139/1139
f 1139/1139 1496/1496 1497/1497
f 1139/1139 1497/1497 1140/1140
f 1140/1140 1497/1497 1498/1498
f 1140/1140 1498/1498 1141/1141
f 1141/1141 1498/1498 1499/1499
f 1141/1141 1499/1499 1142/1142
f 1142/1142 1499/1499 1500/1500
f 1142/1142 1500/1500 1145/1145
f 1143/1143 1146/1146 1501/1501
f 1143/1143 1501/1501 1502/1502
f 1145/1145 1500/1500 1503/1503
f 1145/1145 1503/1503 1147/1147
f 1146/1146 1150/1150 1504/1504
f 1146/1146 1504/1504 1501/1501
f 1147/1147 1503/1503 1505/1505
f 1147/1147 1505/1505 1151/1151
f 1151/1151 1505/1505 1504/1504
f 1151/1151 1504/1504 1150/1150
f 1506/1506 1158/1158 1157/1157
f 1506/1506 1157/1157 1507/1507
f 1507/1507 1157/1157 1508/1508
f 1507/1507 1508/1508 1509/1509
f 1506/1506 1507/1507 1509/1509
f 1506/1506 1509/1509 1510/1510
f 1157/1157 1156/1156 1511/1511
f 1157/1157 1511/1511 1508/1508
f 1156/1156 1159/1159 1512/1512
f 1156/1156 1512/1512 1511/1511
f 1163/1163 1166/1166 1513/1513
f 1163/1163 1513/1513 1514/1514
f 1166/1166 1169/1169 1515/1515
f 1166/1166 1515/1515 1513/1513
f 1170/1170 1516/1516 1517/1517
f 1170/1170 1517/1517 1169/1169
f 1169/1169 1517/1517 1518/1518
f 1169/1169 1518/1518 1515/1515
f 1516/1516 1519/1519 1518/1518
f 1516/1516 1518/1518 1517/1517
f 1520/1520 1521/1521 1522/1522
f 1520/1520 1522/1522 1523/1523
f 1520/1520 1523/1523 1524/1524
f 1520/1520 1524/1524 1525/1525
f 1521/1521 1526/1526 1527/1527
f 1521/1521 1527/1527 1522/1522
f 1526/1526 1528/1528 1529/1529
f 1526/1526 1529/1529 1527/1527
f 1528/1528 1530/1530 1531/1531
f 1528/1528 1531/1531 1529/1529
f 1530/1530 1532/1532 1533/1533
f 1530/1530 1533/1533 1531/1531
f 1534/1534 1173/1173 1175/1175
f 1534/1534 1175/1175 1535/1535
f 1534/1534 1536/1536 1537/1537
f 1534/1534 1537/1537 1173/1173
f 1534/1534 1535/1535 1538/1538
f 1534/1534 1538/1538 1536/1536
f 1173/1173 1537/1537 1539/1539
f 1173/1173 1539/1539 1174/1174
f 1174/1174 1539/1539 1540/1540
f 1174/1174 1540/1540 1176/1176
f 1180/1180 1541/1541 1542/1542
f 1180/1180 1542/1542 1181/1181
f 1181/1181 1542/1542 1543/1543
f 1181/1181 1543/1543 1184/1184
f 1184/1184 1544/1544 1545/1545
f 1184/1184 1545/1545 1185/1185
f 1184/1184 1543/1543 1546/1546
f 1184/1184 1546/1546 1544/1544
f 1544/1544 1546/1546 1547/1547
f 1544/1544 1547/1547 1545/1545
f 1548/1548 1188/1188 1190/1190
f 1548/1548 1190/1190 1549/1549
f 1548/1548 1550/1550 1551/1551
f 1548/1548 1551/1551 1188/1188
f 1548/1548 1549/1549 1552/1552
f 1548/1548 1552/1552 1550/1550
f 1188/1188 1551/1551 1553/1553
f 1188/1188 1553/1553 1189/1189
f 1193/1193 1554/1554 1555/1555
f 1193/1193 1555/1555 1196/1196
f 1196/1196 1556/1556 1557/1557
f 1196/1196 1557/1557 1197/1197
f 1196/1196 1555/1555 1558/1558
f 1196/1196 1558/1558 1556/1556
f 1556/1556 1558/1558 1559/1559
f 1556/1556 1559/1559 1557/1557
f 1200/1200 1560/1560 1561/1561
f 1200/1200 1561/1561 1201/1201
f 1200/1200 1202/1202 1562/1562
f 1200/1200 1562/1562 1560/1560
f 1205/1205 1563/1563 1564/1564
f 1205/1205 1564/1564 1208/1208
f 1208/1208 1564/1564 1565/1565
f 1208/1208 1565/1565 1209/1209
f 1566/1566 1211/1211 1210/1210
f 1566/1566 1210/1210 1567/1567
f 1567/1567 1210/1210 1568/1568
f 1567/1567 1568/1568 1569/1569
f 1566/1566 1570/1570 1571/1571
f 1566/1566 1571/1571 1211/1211
f 1566/1566 1567/1567 1569/1569
f 1566/1566 1569/1569 1570/1570
f 1212/1212 1572/1572 1573/1573
f 1212/1212 1573/1573 1213/1213
f 1213/1213 1573/1573 1574/1574
f 1213/1213 1574/1574 1575/1575
f 1212/1212 1576/1576 1577/1577
f 1212/1212 1577/1577 1572/1572
f 1572/1572 1577/1577 1574/1574
f 1572/1572 1574/1574 1573/1573
f 1215/1215 1214/1214 1578/1578
f 1215/1215 1578/1578 1579/1579
f 1216/1216 1580/1580 1581/1581
f 1216/1216 1581/1581 1217/1217
f 1219/1219 1218/1218 1582/1582
f 1219/1219 1582/1582 1583/1583
f 1220/1220 1584/1584 1585/1585
f 1220/1220 1585/1585 1221/1221
f 1220/1220 1219/1219 1583/1583
f 1220/1220 1583/1583 1584/1584
f 1218/1218 1222/1222 1586/1586
f 1218/1218 1586/1586 1582/1582
f 1224/1224 1223/1223 1587/1587
f 1224/1224 1587/1587 1588/1588
f 1223/1223 1225/1225 1589/1589
f 1223/1223 1589/1589 1587/1587
f 1226/1226 1590/1590 1591/1591
f 1226/1226 1591/1591 1227/1227
f 1227/1227 1591/1591 1589/1589
f 1227/1227 1589/1589 1225/1225
f 1229/1229 1228/1228 1592/1592
f 1229/1229 1592/1592 1593/1593
f 1230/1230 1594/1594 1595/1595
f 1230/1230 1595/1595 1231/1231
f 1228/1228 1232/1232 1596/1596
f 1228/1228 1596/1596 1592/1592
f 1231/1231 1595/1595 1597/1597
f 1231/1231 1597/1597 1233/1233
f 1232/1232 1236/1236 1598/1598
f 1232/1232 1598/1598 1596/1596
f 1233/1233 1597/1597 1599/1599
f 1233/1233 1599/1599 1238/1238
f 1236/1236 1235/1235 1241/1241
f 1236/1236 1241/1241 1600/1600
f 1600/1600 1241/1241 1601/1601
f 1600/1600 1601/1601 1602/1602
f 1236/1236 1600/1600 1602/1602
f 1236/1236 1602/1602 1598/1598
f 1239/1239 1238/1238 1603/1603
f 1239/1239 1603/1603 1243/1243
f 1243/1243 1603/1603 1604/1604
f 1243/1243 1604/1604 1605/1605
f 1238/1238 1599/1599 1604/1604
f 1238/1238 1604/1604 1603/1603
f 1247/1247 1246/1246 1606/1606
f 1247/1247 1606/1606 1607/1607
f 1250/1250 1608/1608 1609/1609
f 1250/1250 1609/1609 1251/1251
f 1610/1610 1256/1256 1255/1255
f 1610/1610 1255/1255 1611/1611
f 1611/1611 1255/1255 1612/1612
f 1611/1611 1612/1612 1613/1613
f 1610/1610 1614/1614 1615/1615
f 1610/1610 1615/1615 1256/1256
f 1610/1610 1611/1611 1613/1613
f 1610/1610 1613/1613 1614/1614
f 1255/1255 1254/1254 1616/1616
f 1255/1255 1616/1616 1612/1612
f 1256/1256 1615/1615 1617/1617
f 1256/1256 1617/1617 1257/1257
f 1254/1254 1258/1258 1618/1618
f 1254/1254 1618/1618 1616/1616
f 1258/1258 1259/1259 1619/1619
f 1258/1258 1619/1619 1618/1618
f 1259/1259 1260/1260 1620/1620
f 1259/1259 1620/1620 1619/1619
f 1266/1266 1267/1267 1621/1621
f 1266/1266 1621/1621 1622/1622
f 1267/1267 1268/1268 1623/1623
f 1267/1267 1623/1623 1621/1621
f 1268/1268 1269/1269 1624/1624
f 1268/1268 1624/1624 1623/1623
f 1269/1269 1272/1272 1625/1625
f 1269/1269 1625/1625 1624/1624
f 1273/1273 1626/1626 1627/1627
f 1273/1273 1627/1627 1274/1274
f 1274/1274 1628/1628 1629/1629
f 1274/1274 1629/1629 1272/1272
f 1272/1272 1629/1629 1630/1630
f 1272/1272 1630/1630 1625/1625
f 1274/1274 1627/1627 1631/1631
f 1274/1274 1631/1631 1628/1628
f 1628/1628 1631/1631 1630/1630
f 1628/1628 1630/1630 1629/1629
f 1632/1632 1633/1633 1634/1634
f 1632/1632 1634/1634 1635/1635
f 1635/1635 1634/1634 1636/1636
f 1635/1635 1636/1636 1637/1637
f 1632/1632 1635/1635 1637/1637
f 1632/1632 1637/1637 1638/1638
f 1633/1633 1639/1639 1640/1640
f 1633/1633 1640/1640 1634/1634
f 1634/1634 1640/1640 1641/1641
f 1634/1634 1641/1641 1636/1636
f 1639/1639 1642/1642 1643/1643
f 1639/1639 1643/1643 1640/1640
f 1640/1640 1643/1643 1644/1644
f 1640/1640 1644/1644 1641/1641
f 1642/1642 1645/1645 1646/1646
f 1642/1642 1646/1646 1643/1643
f 1643/1643 1646/1646 1647/1647
f 1643/1643 1647/1647 1644/1644
f 1645/1645 1648/1648 1649/1649
f 1645/1645 1649/1649 1646/1646
f 1646/1646 1649/1649 1650/1650
f 1646/1646 1650/1650 1647/1647
f 1648/1648 1651/1651 1652/1652
f 1648/1648 1652/1652 1649/1649
f 1649/1649 1652/1652 1653/1653
f 1649/1649 1653/1653 1650/1650
f 1651/1651 1654/1654 1653/1653
f 1651/1651 1653/1653 1652/1652
f 1278/1278 1277/1277 1655/1655
f 1278/1278 1655/1655 1656/1656
f 1279/1279 1657/1657 1658/1658
f 1279/1279 1658/1658 1280/1280
f 1279/1279 1278/1278 1656/1656
f 1279/1279 1656/1656 1657/1657
f 1277/1277 1281/1281 1659/1659
f 1277/1277 1659/1659 1655/1655
f 1280/1280 1658/1658 1660/1660
f 1280/1280 1660/1660 1282/1282
f 1281/1281 1283/1283 1661/1661
f 1281/1281 1661/1661 1659/1659
f 1282/1282 1660/1660 1662/1662
f 1282/1282 1662/1662 1284/1284
f 1283/1283 1285/1285 1663/1663
f 1283/1283 1663/1663 1661/1661
f 1284/1284 1662/1662 1664/1664
f 1284/1284 1664/1664 1286/1286
f 1285/1285 1287/1287 1665/1665
f 1285/1285 1665/1665 1663/1663
f 1286/1286 1664/1664 1666/1666
f 1286/1286 1666/1666 1288/1288
f 1288/1288 1666/1666 1667/1667
f 1288/1288 1667/1667 1290/1290
f 1290/1290 1667/1667 1668/1668
f 1290/1290 1668/1668 1291/1291
f 1291/1291 1668/1668 1669/1669
f 1291/1291 1669/1669 1292/1292
f 1292/1292 1669/1669 1670/1670
f 1292/1292 1670/1670 1293/1293
f 1293/1293 1670/1670 1671/1671
f 1293/1293 1671/1671 1294/1294
f 1294/1294 1671/1671 1672/1672
f 1294/1294 1672/1672 1295/1295
f 1295/1295 1672/1672 1673/1673
f 1295/1295 1673/1673 1296/1296
f 1296/1296 1673/1673 1674/1674
f 1296/1296 1674/1674 1299/1299
f 1297/1297 1300/1300 1675/1675
f 1297/1297 1675/1675 1676/1676
f 1299/1299 1674/1674 1677/1677
f 1299/1299 1677/1677 1301/1301
f 1300/1300 1302/1302 1678/1678
f 1300/1300 1678/1678 1675/1675
f 1301/1301 1677/1677 1679/1679
f 1301/1301 1679/1679 1303/1303
f 1302/1302 1304/1304 1680/1680
f 1302/1302 1680/1680 1678/1678
f 1303/1303 1679/1679 1681/1681
f 1303/1303 1681/1681 1305/1305
f 1304/1304 1306/1306 1682/1682
f 1304/1304 1682/1682 1680/1680
f 1305/1305 1681/1681 1683/1683
f 1305/1305 1683/1683 1307/1307
f 1306/1306 1310/1310 1684/1684
f 1306/1306 1684/1684 1682/1682
f 1307/1307 1683/1683 1685/1685
f 1307/1307 1685/1685 1311/1311
f 1311/1311 1685/1685 1684/1684
f 1311/1311 1684/1684 1310/1310
f 1686/1686 1318/1318 1317/1317
f 1686/1686 1317/1317 1687/1687
f 1686/1686 1687/1687 1688/1688
f 1686/1686 1688/1688 1689/1689
f 1331/1331 1690/1690 1691/1691
f 1331/1331 1691/1691 1329/1329
f 1690/1690 1692/1692 1693/1693
f 1690/1690 1693/1693 1691/1691
f 1694/1694 1695/1695 1696/1696
f 1694/1694 1696/1696 1697/1697
f 1694/1694 1697/1697 1698/1698
f 1694/1694 1698/1698 1699/1699
f 1695/1695 1337/1337 1336/1336
f 1695/1695 1336/1336 1696/1696
f 1344/1344 1700/1700 1701/1701
f 1344/1344 1701/1701 1345/1345
f 1700/1700 1702/1702 1703/1703
f 1700/1700 1703/1703 1701/1701
f 1702/1702 1704/1704 1705/1705
f 1702/1702 1705/1705 1703/1703
f 1706/1706 1350/1350 1349/1349
f 1706/1706 1349/1349 1707/1707
f 1707/1707 1349/1349 1708/1708
f 1707/1707 1708/1708 1709/1709
f 1706/1706 1710/1710 1711/1711
f 1706/1706 1711/1711 1350/1350
f 1706/1706 1707/1707 1709/1709
f 1706/1706 1709/1709 1710/1710
f 1349/1349 1348/1348 1712/1712
f 1349/1349 1712/1712 1708/1708
f 1350/1350 1711/1711 1713/1713
f 1350/1350 1713/1713 1351/1351
f 1351/1351 1713/1713 1714/1714
f 1351/1351 1714/1714 1353/1353
f 1358/1358 1715/1715 1716/1716
f 1358/1358 1716/1716 1361/1361
f 1359/1359 1364/1364 1717/1717
f 1359/1359 1717/1717 1718/1718
f 1361/1361 1716/1716 1719/1719
f 1361/1361 1719/1719 1365/1365
f 1365/1365 1720/1720 1721/1721
f 1365/1365 1721/1721 1364/1364
f 1364/1364 1721/1721 1722/1722
f 1364/1364 1722/1722 1717/1717
f 1365/1365 1719/1719 1723/1723
f 1365/1365 1723/1723 1720/1720
f 1720/1720 1723/1723 1722/1722
f 1720/1720 1722/1722 1721/1721
f 1724/1724 1367/1367 1366/1366
f 1724/1724 1366/1366 1725/1725
f 1725/1725 1366/1366 1726/1726
f 1725/1725 1726/1726 1727/1727
f 1724/1724 1725/1725 1727/1727
f 1724/1724 1727/1727 1728/1728
f 1368/1368 1729/1729 1730/1730
f 1368/1368 1730/1730 1369/1369
f 1369/1369 1730/1730 1731/1731
f 1369/1369 1731/1731 1732/1732
f 1729/1729 1733/1733 1731/1731
f 1729/1729 1731/1731 1730/1730
f 1373/1373 1372/1372 1734/1734
f 1373/1373 1734/1734 1735/1735
f 1376/1376 1736/1736 1737/1737
f 1376/1376 1737/1737 1377/1377
f 1372/1372 1379/1379 1738/1738
f 1372/1372 1738/1738 1734/1734
f 1377/1377 1737/1737 1739/1739
f 1377/1377 1739/1739 1381/1381
f 1385/1385 1384/1384 1740/1740
f 1385/1385 1740/1740 1741/1741
f 1386/1386 1742/1742 1743/1743
f 1386/1386 1743/1743 1387/1387
f 1386/1386 1385/1385 1741/1741
f 1386/1386 1741/1741 1742/1742
f 1392/1392 1395/1395 1744/1744
f 1392/1392 1744/1744 1745/1745
f 1396/1396 1746/1746 1747/1747
f 1396/1396 1747/1747 1397/1397
f 1397/1397 1747/1747 1744/1744
f 1397/1397 1744/1744 1395/1395
f 1384/1384 1388/1388 1748/1748
f 1384/1384 1748/1748 1749/1749
f 1749/1749 1748/1748 1750/1750
f 1749/1749 1750/1750 1751/1751
f 1384/1384 1749/1749 1751/1751
f 1384/1384 1751/1751 1740/1740
f 1388/1388 1389/1389 1401/1401
f 1388/1388 1401/1401 1748/1748
f 1748/1748 1401/1401 1752/1752
f 1748/1748 1752/1752 1750/1750
f 1401/1401 1400/1400 1753/1753
f 1401/1401 1753/1753 1752/1752
f 1400/1400 1403/1403 1754/1754
f 1400/1400 1754/1754 1753/1753
f 1403/1403 1405/1405 1755/1755
f 1403/1403 1755/1755 1754/1754
f 1405/1405 1407/1407 1756/1756
f 1405/1405 1756/1756 1755/1755
f 1391/1391 1390/1390 1757/1757
f 1391/1391 1757/1757 1407/1407
f 1407/1407 1757/1757 1758/1758
f 1407/1407 1758/1758 1756/1756
f 1390/1390 1392/1392 1759/1759
f 1390/1390 1759/1759 1757/1757
f 1757/1757 1759/1759 1760/1760
f 1757/1757 1760/1760 1758/1758
f 1392/1392 1745/1745 1760/1760
f 1392/1392 1760/1760 1759/1759
f 1761/1761 1762/1762 1763/1763
f 1761/1761 1763/1763 1764/1764
f 1764/1764 1763/1763 1765/1765
f 1764/1764 1765/1765 1766/1766
f 1761/1761 1767/1767 1768/1768
f 1761/1761 1768/1768 1762/1762
f 1761/1761 1764/1764 1766/1766
f 1761/1761 1766/1766 1767/1767
f 1762/1762 1414/1414 1413/1413
f 1762/1762 1413/1413 1763/1763
f 1763/1763 1413/1413 1769/1769
f 1763/1763 1769/1769 1765/1765
f 1762/1762 1768/1768 1770/1770
f 1762/1762 1770/1770 1414/1414
f 1413/1413 1412/1412 1771/1771
f 1413/1413 1771/1771 1769/1769
f 1414/1414 1770/1770 1772/1772
f 1414/1414 1772/1772 1415/1415
f 1412/1412 1416/1416 1773/1773
f 1412/1412 1773/1773 1771/1771
f 1415/1415 1772/1772 1774/1774
f 1415/1415 1774/1774 1417/1417
f 1416/1416 1418/1418 1775/1775
f 1416/1416 1775/1775 1773/1773
f 1417/1417 1774/1774 1776/1776
f 1417/1417 1776/1776 1419/1419
f 1419/1419 1776/1776 1777/1777
f 1419/1419 1777/1777 1421/1421
f 1421/1421 1777/1777 1778/1778
f 1421/1421 1778/1778 1423/1423
f 1423/1423 1778/1778 1779/1779
f 1423/1423 1779/1779 1425/1425
f 1425/1425 1779/1779 1780/1780
f 1425/1425 1780/1780 1427/1427
f 1426/1426 1428/1428 1781/1781
f 1426/1426 1781/1781 1782/1782
f 1427/1427 1780/1780 1783/1783
f 1427/1427 1783/1783 1429/1429
f 1428/1428 1432/1432 1784/1784
f 1428/1428 1784/1784 1781/1781
f 1429/1429 1783/1783 1785/1785
f 1429/1429 1785/1785 1433/1433
f 1432/1432 1436/1436 1786/1786
f 1432/1432 1786/1786 1784/1784
f 1433/1433 1785/1785 1787/1787
f 1433/1433 1787/1787 1437/1437
f 1437/1437 1788/1788 1789/1789
f 1437/1437 1789/1789 1436/1436
f 1436/1436 1789/1789 1790/1790
f 1436/1436 1790/1790 1786/1786
f 1437/1437 1787/1787 1791/1791
f 1437/1437 1791/1791 1788/1788
f 1788/1788 1792/1792 1793/1793
f 1788/1788 1793/1793 1789/1789
f 1789/1789 1793/1793 1794/1794
f 1789/1789 1794/1794 1790/1790
f 1788/1788 1791/1791 1795/1795
f 1788/1788 1795/1795 1792/1792
f 1792/1792 1795/1795 1794/1794
f 1792/1792 1794/1794 1793/1793
f 1796/1796 1797/1797 1798/1798
f 1796/1796 1798/1798 1799/1799
f 1796/1796 1799/1799 1800/1800
f 1796/1796 1800/1800 1801/1801
f 1797/1797 1802/1802 1803/1803
f 1797/1797 1803/1803 1798/1798
f 1802/1802 1804/1804 1805/1805
f 1802/1802 1805/1805 1803/1803
f 1804/1804 1806/1806 1807/1807
f 1804/1804 1807/1807 1805/1805
f 1806/1806 1808/1808 1809/1809
f 1806/1806 1809/1809 1807/1807
f 1810/1810 1811/1811 1812/1812
f 1810/1810 1812/1812 1813/1813
f 1440/1440 1442/1442 1812/1812
f 1440/1440 1812/1812 1811/1811
f 1441/1441 1440/1440 1811/1811
f 1441/1441 1811/1811 1810/1810
f 1813/1813 1812/1812 1814/1814
f 1813/1813 1814/1814 1815/1815
f 1442/1442 1445/1445 1814/1814
f 1442/1442 1814/1814 1812/1812
f 1815/1815 1814/1814 1816/1816
f 1815/1815 1816/1816 1817/1817
f 1445/1445 1447/1447 1816/1816
f 1445/1445 1816/1816 1814/1814
f 1817/1817 1816/1816 1818/1818
f 1817/1817 1818/1818 1819/1819
f 1447/1447 1449/1449 1818/1818
f 1447/1447 1818/1818 1816/1816
f 1450/1450 1819/1819 1818/1818
f 1450/1450 1818/1818 1449/1449
f 1820/1820 1455/1455 1454/1454
f 1820/1820 1454/1454 1821/1821
f 1821/1821 1454/1454 1822/1822
f 1821/1821 1822/1822 1823/1823
f 1820/1820 1824/1824 1825/1825
f 1820/1820 1825/1825 1455/1455
f 1820/1820 1821/1821 1823/1823
f 1820/1820 1823/1823 1824/1824
f 1454/1454 1453/1453 1826/1826
f 1454/1454 1826/1826 1822/1822
f 1455/1455 1825/1825 1827/1827
f 1455/1455 1827/1827 1456/1456
f 1453/1453 1457/1457 1828/1828
f 1453/1453 1828/1828 1826/1826
f 1456/1456 1827/1827 1829/1829
f 1456/1456 1829/1829 1458/1458
f 1457/1457 1830/1830 1831/1831
f 1457/1457 1831/1831 1828/1828
f 1458/1458 1829/1829 1832/1832
f 1458/1458 1832/1832 1459/1459
f 1830/1830 1463/1463 1833/1833
f 1830/1830 1833/1833 1831/1831
f 1459/1459 1832/1832 1834/1834
f 1459/1459 1834/1834 1461/1461
f 1463/1463 1462/1462 1835/1835
f 1463/1463 1835/1835 1833/1833
f 1461/1461 1834/1834 1836/1836
f 1461/1461 1836/1836 1464/1464
f 1462/1462 1465/1465 1837/1837
f 1462/1462 1837/1837 1835/1835
f 1464/1464 1836/1836 1838/1838
f 1464/1464 1838/1838 1466/1466
f 1466/1466 1839/1839 1840/1840
f 1466/1466 1840/1840 1465/1465
f 1465/1465 1840/1840 1841/1841
f 1465/1465 1841/1841 1837/1837
f 1466/1466 1838/1838 1842/1842
f 1466/1466 1842/1842 1839/1839
f 1839/1839 1842/1842 1841/1841
f 1839/1839 1841/1841 1840/1840
f 1843/1843 1487/1487 1486/1486
f 1843/1843 1486/1486 1844/1844
f 1844/1844 1486/1486 1845/1845
f 1844/1844 1845/1845 1846/1846
f 1843/1843 1847/1847 1848/1848
f 1843/1843 1848/1848 1487/1487
f 1843/1843 1844/1844 1846/1846
f 1843/1843 1846/1846 1847/1847
f 1486/1486 1485/1485 1849/1849
f 1486/1486 1849/1849 1845/1845
f 1487/1487 1848/1848 1850/1850
f 1487/1487 1850/1850 1488/1488
f 1485/1485 1489/1489 1851/1851
f 1485/1485 1851/1851 1849/1849
f 1488/1488 1850/1850 1852/1852
f 1488/1488 1852/1852 1490/1490
f 1490/1490 1852/1852 1853/1853
f 1490/1490 1853/1853 1491/1491
f 1491/1491 1853/1853 1854/1854
f 1491/1491 1854/1854 1492/1492
f 1492/1492 1854/1854 1855/1855
f 1492/1492 1855/1855 1493/1493
f 1493/1493 1855/1855 1856/1856
f 1493/1493 1856/1856 1494/1494
f 1494/1494 1856/1856 1857/1857
f 1494/1494 1857/1857 1495/1495
f 1495/1495 1857/1857 1858/1858
f 1495/1495 1858/1858 1496/1496
f 1496/1496 1858/1858 1859/1859
f 1496/1496 1859/1859 1497/1497
f 1497/1497 1859/1859 1860/1860
f 1497/1497 1860/1860 1498/1498
f 1498/1498 1860/1860 1861/1861
f 1498/1498 1861/1861 1499/1499
f 1499/1499 1861/1861 1862/1862
f 1499/1499 1862/1862 1500/1500
f 1502/1502 1501/1501 1863/1863
f 1502/1502 1863/1863 1864/1864
f 1500/1500 1862/1862 1865/1865
f 1500/1500 1865/1865 1503/1503
f 1501/1501 1504/1504 1866/1866
f 1501/1501 1866/1866 1863/1863
f 1503/1503 1865/1865 1867/1867
f 1503/1503 1867/1867 1505/1505
f 1505/1505 1868/1868 1869/1869
f 1505/1505 1869/1869 1504/1504
f 1504/1504 1869/1869 1870/1870
f 1504/1504 1870/1870 1866/1866
f 1505/1505 1867/1867 1871/1871
f 1505/1505 1871/1871 1868/1868
f 1868/1868 1871/1871 1870/1870
f 1868/1868 1870/1870 1869/1869
f 1509/1509 1508/1508 1872/1872
f 1509/1509 1872/1872 1873/1873
f 1510/1510 1509/1509 1873/1873
f 1510/1510 1873/1873 1874/1874
f 1515/1515 1518/1518 1875/1875
f 1515/1515 1875/1875 1876/1876
f 1519/1519 1877/1877 1875/1875
f 1519/1519 1875/1875 1518/1518
f 1878/1878 1879/1879 1880/1880
f 1878/1878 1880/1880 1881/1881
f 1878/1878 1881/1881 1882/1882
f 1878/1878 1882/1882 1883/1883
f 1879/1879 1525/1525 1524/1524
f 1879/1879 1524/1524 1880/1880
f 1532/1532 1884/1884 1885/1885
f 1532/1532 1885/1885 1533/1533
f 1884/1884 1886/1886 1887/1887
f 1884/1884 1887/1887 1885/1885
f 1886/1886 1888/1888 1889/1889
f 1886/1886 1889/1889 1887/1887
f 1890/1890 1536/1536 1538/1538
f 1890/1890 1538/1538 1891/1891
f 1890/1890 1892/1892 1893/1893
f 1890/1890 1893/1893 1536/1536
f 1890/1890 1891/1891 1894/1894
f 1890/1890 1894/1894 1892/1892
f 1536/1536 1893/1893 1895/1895
f 1536/1536 1895/1895 1537/1537
f 1543/1543 1896/1896 1897/1897
f 1543/1543 1897/1897 1546/1546
f 1546/1546 1898/1898 1899/1899
f 1546/1546 1899/1899 1547/1547
f 1546/1546 1897/1897 1900/1900
f 1546/1546 1900/1900 1898/1898
f 1898/1898 1900/1900 1901/1901
f 1898/1898 1901/1901 1899/1899
f 1550/1550 1902/1902 1903/1903
f 1550/1550 1903/1903 1551/1551
f 1550/1550 1552/1552 1904/1904
f 1550/1550 1904/1904 1902/1902
f 1555/1555 1905/1905 1906/1906
f 1555/1555 1906/1906 1558/1558
f 1558/1558 1906/1906 1907/1907
f 1558/1558 1907/1907 1559/1559
f 1560/1560 1908/1908 1909/1909
f 1560/1560 1909/1909 1561/1561
f 1560/1560 1562/1562 1910/1910
f 1560/1560 1910/1910 1908/1908
f 1563/1563 1911/1911 1912/1912
f 1563/1563 1912/1912 1564/1564
f 1564/1564 1912/1912 1913/1913
f 1564/1564 1913/1913 1565/1565
f 1569/1569 1568/1568 1914/1914
f 1569/1569 1914/1914 1915/1915
f 1570/1570 1916/1916 1917/1917
f 1570/1570 1917/1917 1571/1571
f 1570/1570 1569/1569 1915/1915
f 1570/1570 1915/1915 1916/1916
f 1575/1575 1574/1574 1918/1918
f 1575/1575 1918/1918 1919/1919
f 1576/1576 1920/1920 1921/1921
f 1576/1576 1921/1921 1577/1577
f 1577/1577 1921/1921 1918/1918
f 1577/1577 1918/1918 1574/1574
f 1579/1579 1578/1578 1922/1922
f 1579/1579 1922/1922 1923/1923
f 1580/1580 1924/1924 1925/1925
f 1580/1580 1925/1925 1581/1581
f 1583/1583 1582/1582 1926/1926
f 1583/1583 1926/1926 1927/1927
f 1584/1584 1928/1928 1929/1929
f 1584/1584 1929/1929 1585/1585
f 1584/1584 1583/1583 1927/1927
f 1584/1584 1927/1927 1928/1928
f 1582/1582 1586/1586 1930/1930
f 1582/1582 1930/1930 1926/1926
f 1588/1588 1587/1587 1931/1931
f 1588/1588 1931/1931 1932/1932
f 1587/1587 1589/1589 1933/1933
f 1587/1587 1933/1933 1931/1931
f 1590/1590 1934/1934 1935/1935
f 1590/1590 1935/1935 1591/1591
f 1591/1591 1935/1935 1933/1933
f 1591/1591 1933/1933 1589/1589
f 1593/1593 1592/1592 1936/1936
f 1593/1593 1936/1936 1937/1937
f 1594/1594 1938/1938 1939/1939
f 1594/1594 1939/1939 1595/1595
f 1592/1592 1596/1596 1940/1940
f 1592/1592 1940/1940 1936/1936
f 1595/1595 1939/1939 1941/1941
f 1595/1595 1941/1941 1597/1597
f 1596/1596 1598/1598 1942/1942
f 1596/1596 1942/1942 1940/1940
f 1597/1597 1941/1941 1943/1943
f 1597/1597 1943/1943 1599/1599
f 1598/1598 1602/1602 1944/1944
f 1598/1598 1944/1944 1942/1942
f 1599/1599 1943/1943 1945/1945
f 1599/1599 1945/1945 1604/1604
f 1946/1946 1607/1607 1606/1606
f 1946/1946 1606/1606 1947/1947
f 1946/1946 1947/1947 1948/1948
f 1946/1946 1948/1948 1949/1949
f 1608/1608 1950/1950 1951/1951
f 1608/1608 1951/1951 1609/1609
f 1950/1950 1952/1952 1953/1953
f 1950/1950 1953/1953 1951/1951
f 1613/1613 1612/1612 1954/1954
f 1613/1613 1954/1954 1955/1955
f 1614/1614 1956/1956 1957/1957
f 1614/1614 1957/1957 1615/1615
f 1614/1614 1613/1613 1955/1955
f 1614/1614 1955/1955 1956/1956
f 1612/1612 1616/1616 1958/1958
f 1612/1612 1958/1958 1954/1954
f 1616/1616 1618/1618 1959/1959
f 1616/1616 1959/1959 1958/1958
f 1618/1618 1619/1619 1960/1960
f 1618/1618 1960/1960 1959/1959
f 1621/1621 1623/1623 1961/1961
f 1621/1621 1961/1961 1962/1962
f 1623/1623 1624/1624 1963/1963
f 1623/1623 1963/1963 1961/1961
f 1624/1624 1625/1625 1964/1964
f 1624/1624 1964/1964 1963/1963
f 1625/1625 1630/1630 1965/1965
f 1625/1625 1965/1965 1964/1964
f 1627/1627 1966/1966 1967/1967
f 1627/1627 1967/1967 1631/1631
f 1631/1631 1967/1967 1965/1965
f 1631/1631 1965/1965 1630/1630
f 1968/1968 1638/1638 1637/1637
f 1968/1968 1637/1637 1969/1969
f 1969/1969 1637/1637 1970/1970
f 1969/1969 1970/1970 1971/1971
f 1968/1968 1969/1969 1971/1971
f 1968/1968 1971/1971 1972/1972
f 1637/1637 1636/1636 1973/1973
f 1637/1637 1973/1973 1970/1970
f 1650/1650 1653/1653 1974/1974
f 1650/1650 1974/1974 1975/1975
f 1654/1654 1976/1976 1977/1977
f 1654/1654 1977/1977 1653/1653
f 1653/1653 1977/1977 1978/1978
f 1653/1653 1978/1978 1974/1974
f 1976/1976 1979/1979 1978/1978
f 1976/1976 1978/1978 1977/1977
f 1980/1980 1981/1981 1982/1982
f 1980/1980 1982/1982 1983/1983
f 1980/1980 1983/1983 1984/1984
f 1980/1980 1984/1984 1985/1985
f 1981/1981 1986/1986 1987/1987
f 1981/1981 1987/1987 1982/1982
f 1986/1986 1988/1988 1989/1989
f 1986/1986 1989/1989 1987/1987
f 1988/1988 1990/1990 1991/1991
f 1988/1988 1991/1991 1989/1989
f 1990/1990 1992/1992 1993/1993
f 1990/1990 1993/1993 1991/1991
f 1994/1994 1657/1657 1656/1656
f 1994/1994 1656/1656 1995/1995
f 1995/1995 1656/1656 1996/1996
f 1995/1995 1996/1996 1997/1997
f 1994/1994 1998/1998 1999/1999
f 1994/1994 1999/1999 1657/1657
f 1994/1994 1995/1995 1997/1997
f 1994/1994 1997/1997 1998/1998
f 1656/1656 1655/1655 2000/2000
f 1656/1656 2000/2000 1996/1996
f 1657/1657 1999/1999 2001/2001
f 1657/1657 2001/2001 1658/1658
f 1655/1655 1659/1659 2002/2002
f 1655/1655 2002/2002 2000/2000
f 1658/1658 2001/2001 2003/2003
f 1658/1658 2003/2003 1660/1660
f 1659/1659 1661/1661 2004/2004
f 1659/1659 2004/2004 2002/2002
f 1660/1660 2003/2003 2005/2005
f 1660/1660 2005/2005 1662/1662
f 1661/1661 1663/1663 2006/2006
f 1661/1661 2006/2006 2004/2004
f 1662/1662 2005/2005 2007/2007
f 1662/1662 2007/2007 1664/1664
f 1664/1664 2007/2007 2008/2008
f 1664/1664 2008/2008 1666/1666
f 1666/1666 2008/2008 2009/2009
f 1666/1666 2009/2009 1667/1667
f 1667/1667 2009/2009 2010/2010
f 1667/1667 2010/2010 1668/1668
f 1672/1672 2011/2011 2012/2012
f 1672/1672 2012/2012 1673/1673
f 1673/1673 2012/2012 2013/2013
f 1673/1673 2013/2013 1674/1674
f 1674/1674 2013/2013 2014/2014
f 1674/1674 2014/2014 1677/1677
f 1675/1675 1678/1678 2015/2015
f 1675/1675 2015/2015 2016/2016
f 1677/1677 2014/2014 2017/2017
f 1677/1677 2017/2017 1679/1679
f 1678/1678 1680/1680 2018/2018
f 1678/1678 2018/2018 2015/2015
f 1679/1679 2017/2017 2019/2019
f 1679/1679 2019/2019 1681/1681
f 1680/1680 1682/1682 2020/2020
f 1680/1680 2020/2020 2018/2018
f 1681/1681 2019/2019 2021/2021
f 1681/1681 2021/2021 1683/1683
f 1682/1682 1684/1684 2022/2022
f 1682/1682 2022/2022 2020/2020
f 1683/1683 2021/2021 2023/2023
f 1683/1683 2023/2023 1685/1685
f 1685/1685 2024/2024 2025/2025
f 1685/1685 2025/2025 1684/1684
f 1684/1684 2025/2025 2026/2026
f 1684/1684 2026/2026 2022/2022
f 1685/1685 2023/2023 2027/2027
f 1685/1685 2027/2027 2024/2024
f 2024/2024 2027/2027 2026/2026
f 2024/2024 2026/2026 2025/2025
f 2028/2028 1689/1689 1688/1688
f 2028/2028 1688/1688 2029/2029
f 2028/2028 2029/2029 2030/2030
f 2028/2028 2030/2030 2031/2031
f 1692/1692 2032/2032 2033/2033
f 1692/1692 2033/2033 1693/1693
f 2032/2032 2034/2034 2035/2035
f 2032/2032 2035/2035 2033/2033
f 2036/2036 1699/1699 1698/1698
f 2036/2036 1698/1698 2037/2037
f 2036/2036 2037/2037 2038/2038
f 2036/2036 2038/2038 2039/2039
f 1704/1704 2040/2040 2041/2041
f 1704/1704 2041/2041 1705/1705
f 2040/2040 2042/2042 2043/2043
f 2040/2040 2043/2043 2041/2041
f 1709/1709 1708/1708 2044/2044
f 1709/1709 2044/2044 2045/2045
f 1710/1710 2046/2046 2047/2047
f 1710/1710 2047/2047 1711/1711
f 1710/1710 1709/1709 2045/2045
f 1710/1710 2045/2045 2046/2046
f 1708/1708 1712/1712 2048/2048
f 1708/1708 2048/2048 2044/2044
f 1711/1711 2047/2047 2049/2049
f 1711/1711 2049/2049 1713/1713
f 1718/1718 1717/1717 2050/2050
f 1718/1718 2050/2050 2051/2051
f 1716/1716 2052/2052 2053/2053
f 1716/1716 2053/2053 1719/1719
f 1717/1717 1722/1722 2054/2054
f 1717/1717 2054/2054 2050/2050
f 1719/1719 2053/2053 2055/2055
f 1719/1719 2055/2055 1723/1723
f 1723/1723 2055/2055 2054/2054
f 1723/1723 2054/2054 1722/1722
f 1728/1728 1727/1727 2056/2056
f 1728/1728 2056/2056 2057/2057
f 1733/1733 2058/2058 2059/2059
f 1733/1733 2059/2059 1731/1731
f 2060/2060 2061/2061 2062/2062
f 2060/2060 2062/2062 2063/2063
f 2064/2064 1735/1735 1734/1734
f 2064/2064 1734/1734 2065/2065
f 2064/2064 2065/2065 2061/2061
f 2064/2064 2061/2061 2060/2060
f 2066/2066 2067/2067 2068/2068
f 2066/2066 2068/2068 2069/2069
f 1736/1736 2070/2070 2071/2071
f 1736/1736 2071/2071 1737/1737
f 2070/2070 2069/2069 2068/2068
f 2070/2070 2068/2068 2071/2071
f 2061/2061 2072/2072 2073/2073
f 2061/2061 2073/2073 2062/2062
f 2065/2065 1734/1734 1738/1738
f 2065/2065 1738/1738 2074/2074
f 2065/2065 2074/2074 2072/2072
f 2065/2065 2072/2072 2061/2061
f 2067/2067 2075/2075 2076/2076
f 2067/2067 2076/2076 2068/2068
f 1737/1737 2071/2071 2077/2077
f 1737/1737 2077/2077 1739/1739
f 2071/2071 2068/2068 2076/2076
f 2071/2071 2076/2076 2077/2077
f 1742/1742 1741/1741 2078/2078
f 1742/1742 2078/2078 2079/2079
f 1747/1747 2080/2080 2081/2081
f 1747/1747 2081/2081 1744/1744
f 1741/1741 1740/1740 1751/1751
f 1741/1741 1751/1751 2082/2082
f 2082/2082 1751/1751 2083/2083
f 2082/2082 2083/2083 2084/2084
f 1741/1741 2082/2082 2084/2084
f 1741/1741 2084/2084 2078/2078
f 1751/1751 1750/1750 2085/2085
f 1751/1751 2085/2085 2083/2083
f 1750/1750 1752/1752 2086/2086
f 1750/1750 2086/2086 2085/2085
f 1756/1756 1758/1758 2087/2087
f 1756/1756 2087/2087 2088/2088
f 1758/1758 1760/1760 2089/2089
f 1758/1758 2089/2089 2087/2087
f 1745/1745 1744/1744 2090/2090
f 1745/1745 2090/2090 1760/1760
f 1760/1760 2090/2090 2091/2091
f 1760/1760 2091/2091 2089/2089
f 1744/1744 2081/2081 2091/2091
f 1744/1744 2091/2091 2090/2090
f 2092/2092 2093/2093 2094/2094
f 2092/2092 2094/2094 2095/2095
f 2095/2095 2094/2094 2096/2096
f 2095/2095 2096/2096 2097/2097
f 2092/2092 2095/2095 2097/2097
f 2092/2092 2097/2097 2098/2098
f 2093/2093 2099/2099 2100/2100
f 2093/2093 2100/2100 2094/2094
f 2094/2094 2100/2100 2101/2101
f 2094/2094 2101/2101 2096/2096
f 2099/2099 2102/2102 2103/2103
f 2099/2099 2103/2103 2100/2100
f 2100/2100 2103/2103 2104/2104
f 2100/2100 2104/2104 2101/2101
f 2102/2102 2105/2105 2106/2106
f 2102/2102 2106/2106 2103/2103
f 2103/2103 2106/2106 2107/2107
f 2103/2103 2107/2107 2104/2104
f 2105/2105 2108/2108 2107/2107
f 2105/2105 2107/2107 2106/2106
f 2109/2109 1767/1767 1766/1766
f 2109/2109 1766/1766 2110/2110
f 2110/2110 1766/1766 2111/2111
f 2110/2110 2111/2111 2112/2112
f 2109/2109 2113/2113 2114/2114
f 2109/2109 2114/2114 1767/1767
f 2109/2109 2110/2110 2112/2112
f 2109/2109 2112/2112 2113/2113
f 1766/1766 1765/1765 2115/2115
f 1766/1766 2115/2115 2111/2111
f 1767/1767 2114/2114 2116/2116
f 1767/1767 2116/2116 1768/1768
f 1765/1765 1769/1769 2117/2117
f 1765/1765 2117/2117 2115/2115
f 1768/1768 2116/2116 2118/2118
f 1768/1768 2118/2118 1770/1770
f 1769/1769 1771/1771 2119/2119
f 1769/1769 2119/2119 2117/2117
f 1770/1770 2118/2118 2120/2120
f 1770/1770 2120/2120 1772/1772
f 1772/1772 2120/2120 2121/2121
f 1772/1772 2121/2121 1774/1774
f 1774/1774 2121/2121 2122/2122
f 1774/1774 2122/2122 1776/1776
f 1776/1776 2122/2122 2123/2123
f 1776/1776 2123/2123 1777/1777
f 1777/1777 2123/2123 2124/2124
f 1777/1777 2124/2124 1778/1778
f 1778/1778 2124/2124 2125/2125
f 1778/1778 2125/2125 1779/1779
f 1779/1779 2125/2125 2126/2126
f 1779/1779 2126/2126 1780/1780
f 1780/1780 2126/2126 2127/2127
f 1780/1780 2127/2127 1783/1783
f 1783/1783 2127/2127 2128/2128
f 1783/1783 2128/2128 1785/1785
f 1784/1784 1786/1786 2129/2129
f 1784/1784 2129/2129 2130/2130
f 1785/1785 2128/2128 2131/2131
f 1785/1785 2131/2131 1787/1787
f 1786/1786 1790/1790 2132/2132
f 1786/1786 2132/2132 2129/2129
f 1787/1787 2131/2131 2133/2133
f 1787/1787 2133/2133 1791/1791
f 1790/1790 1794/1794 2134/2134
f 1790/1790 2134/2134 2132/2132
f 1791/1791 2133/2133 2135/2135
f 1791/1791 2135/2135 1795/1795
f 1795/1795 2136/2136 2137/2137
f 1795/1795 2137/2137 1794/1794
f 1794/1794 2137/2137 2138/2138
f 1794/1794 2138/2138 2134/2134
f 1795/1795 2135/2135 2139/2139
f 1795/1795 2139/2139 2136/2136
f 2136/2136 2139/2139 2138/2138
f 2136/2136 2138/2138 2137/2137
f 2140/2140 2141/2141 2142/2142
f 2140/2140 2142/2142 2143/2143
f 2143/2143 2142/2142 2144/2144
f 2143/2143 2144/2144 2145/2145
f 2140/2140 2143/2143 2145/2145
f 2140/2140 2145/2145 2146/2146
f 2141/2141 1801/1801 1800/1800
f 2141/2141 1800/1800 2142/2142
f 2142/2142 1800/1800 2147/2147
f 2142/2142 2147/2147 2144/2144
f 1800/1800 2148/2148 2149/2149
f 1800/1800 2149/2149 2147/2147
f 2148/2148 2150/2150 2151/2151
f 2148/2148 2151/2151 2149/2149
f 2150/2150 2152/2152 2153/2153
f 2150/2150 2153/2153 2151/2151
f 2152/2152 1809/1809 2154/2154
f 2152/2152 2154/2154 2153/2153
f 1808/1808 2155/2155 2156/2156
f 1808/1808 2156/2156 1809/1809
f 1809/1809 2156/2156 2157/2157
f 1809/1809 2157/2157 2154/2154
f 2155/2155 2158/2158 2159/2159
f 2155/2155 2159/2159 2156/2156
f 2156/2156 2159/2159 2160/2160
f 2156/2156 2160/2160 2157/2157
f 2158/2158 2161/2161 2160/2160
f 2158/2158 2160/2160 2159/2159
f 1823/1823 1822/1822 2162/2162
f 1823/1823 2162/2162 2163/2163
f 1824/1824 2164/2164 2165/2165
f 1824/1824 2165/2165 1825/1825
f 1824/1824 1823/1823 2163/2163
f 1824/1824 2163/2163 2164/2164
f 1822/1822 1826/1826 2166/2166
f 1822/1822 2166/2166 2162/2162
f 1825/1825 2165/2165 2167/2167
f 1825/1825 2167/2167 1827/1827
f 1826/1826 1828/1828 2168/2168
f 1826/1826 2168/2168 2166/2166
f 1827/1827 2167/2167 2169/2169
f 1827/1827 2169/2169 1829/1829
f 1828/1828 1831/1831 2170/2170
f 1828/1828 2170/2170 2168/2168
f 1829/1829 2169/2169 2171/2171
f 1829/1829 2171/2171 1832/1832
f 1831/1831 1833/1833 2172/2172
f 1831/1831 2172/2172 2170/2170
f 1832/1832 2171/2171 2173/2173
f 1832/1832 2173/2173 1834/1834
f 1833/1833 1835/1835 2174/2174
f 1833/1833 2174/2174 2172/2172
f 1834/1834 2173/2173 2175/2175
f 1834/1834 2175/2175 1836/1836
f 1835/1835 1837/1837 2176/2176
f 1835/1835 2176/2176 2174/2174
f 1836/1836 2175/2175 2177/2177
f 1836/1836 2177/2177 1838/1838
f 1837/1837 1841/1841 2178/2178
f 1837/1837 2178/2178 2176/2176
f 1838/1838 2177/2177 2179/2179
f 1838/1838 2179/2179 1842/1842
f 1842/1842 2179/2179 2178/2178
f 1842/1842 2178/2178 1841/1841
f 1846/1846 1845/1845 2180/2180
f 1846/1846 2180/2180 2181/2181
f 1847/1847 2182/2182 2183/2183
f 1847/1847 2183/2183 1848/1848
f 1847/1847 1846/1846 2181/2181
f 1847/1847 2181/2181 2182/2182
f 1845/1845 1849/1849 2184/2184
f 1845/1845 2184/2184 2180/2180
f 1848/1848 2183/2183 2185/2185
f 1848/1848 2185/2185 1850/1850
f 1850/1850 2185/2185 2186/2186
f 1850/1850 2186/2186 1852/1852
f 1852/1852 2186/2186 2187/2187
f 1852/1852 2187/2187 1853/1853
f 1853/1853 2187/2187 2188/2188
f 1853/1853 2188/2188 1854/1854
f 1854/1854 2188/2188 2189/2189
f 1854/1854 2189/2189 1855/1855
f 1855/1855 2189/2189 2190/2190
f 1855/1855 2190/2190 1856/1856
f 1856/1856 2190/2190 2191/2191
f 1856/1856 2191/2191 1857/1857
f 1857/1857 2191/2191 2192/2192
f 1857/1857 2192/2192 1858/1858
f 1858/1858 2192/2192 2193/2193
f 1858/1858 2193/2193 1859/1859
f 1859/1859 2193/2193 2194/2194
f 1859/1859 2194/2194 1860/1860
f 1860/1860 2194/2194 2195/2195
f 1860/1860 2195/2195 1861/1861
f 1861/1861 2195/2195 2196/2196
f 1861/1861 2196/2196 1862/1862
f 1862/1862 2196/2196 2197/2197
f 1862/1862 2197/2197 1865/1865
f 1863/1863 1866/1866 2198/2198
f 1863/1863 2198/2198 2199/2199
f 1865/1865 2197/2197 2200/2200
f 1865/1865 2200/2200 1867/1867
f 1866/1866 1870/1870 2201/2201
f 1866/1866 2201/2201 2198/2198
f 1867/1867 2200/2200 2202/2202
f 1867/1867 2202/2202 1871/1871
f 1871/1871 2202/2202 2201/2201
f 1871/1871 2201/2201 1870/1870
f 2203/2203 1874/1874 1873/1873
f 2203/2203 1873/1873 2204/2204
f 2204/2204 1873/1873 2205/2205
f 2204/2204 2205/2205 2206/2206
f 2203/2203 2204/2204 2206/2206
f 2203/2203 2206/2206 2207/2207
f 1873/1873 1872/1872 2208/2208
f 1873/1873 2208/2208 2205/2205
f 1876/1876 1875/1875 2209/2209
f 1876/1876 2209/2209 2210/2210
f 1877/1877 2211/2211 2212/2212
f 1877/1877 2212/2212 1875/1875
f 1875/1875 2212/2212 2213/2213
f 1875/1875 2213/2213 2209/2209
f 2211/2211 2214/2214 2213/2213
f 2211/2211 2213/2213 2212/2212
f 1883/1883 1882/1882 2215/2215
f 1883/1883 2215/2215 2216/2216
f 1888/1888 2217/2217 2218/2218
f 1888/1888 2218/2218 1889/1889
f 2219/2219 1892/1892 1894/1894
f 2219/2219 1894/1894 2220/2220
f 2219/2219 2221/2221 2222/2222
f 2219/2219 2222/2222 1892/1892
f 2219/2219 2220/2220 2223/2223
f 2219/2219 2223/2223 2221/2221
f 1892/1892 2222/2222 2224/2224
f 1892/1892 2224/2224 1893/1893
f 1893/1893 2224/2224 2225/2225
f 1893/1893 2225/2225 1895/1895
f 1896/1896 2226/2226 2227/2227
f 1896/1896 2227/2227 1897/1897
f 1897/1897 2227/2227 2228/2228
f 1897/1897 2228/2228 1900/1900
f 1900/1900 2229/2229 2230/2230
f 1900/1900 2230/2230 1901/1901
f 1900/1900 2228/2228 2231/2231
f 1900/1900 2231/2231 2229/2229
f 2229/2229 2231/2231 2232/2232
f 2229/2229 2232/2232 2230/2230
f 2233/2233 1902/1902 1904/1904
f 2233/2233 1904/1904 2234/2234
f 2233/2233 2235/2235 2236/2236
f 2233/2233 2236/2236 1902/1902
f 2233/2233 2234/2234 2237/2237
f 2233/2233 2237/2237 2235/2235
f 1906/1906 2238/2238 2239/2239
f 1906/1906 2239/2239 1907/1907
f 1906/1906 2240/2240 2241/2241
f 1906/1906 2241/2241 2238/2238
f 2238/2238 2241/2241 2242/2242
f 2238/2238 2242/2242 2239/2239
f 1908/1908 1910/1910 2243/2243
f 1908/1908 2243/2243 2244/2244
f 1912/1912 2245/2245 2246/2246
f 1912/1912 2246/2246 1913/1913
f 1916/1916 2247/2247 2248/2248
f 1916/1916 2248/2248 1917/1917
f 1916/1916 1915/1915 2249/2249
f 1916/1916 2249/2249 2247/2247
f 1920/1920 2250/2250 2251/2251
f 1920/1920 2251/2251 1921/1921
f 1921/1921 2251/2251 2252/2252
f 1921/1921 2252/2252 1918/1918
f 2253/2253 2254/2254 2255/2255
f 2253/2253 2255/2255 2256/2256
f 2257/2257 1923/1923 1922/1922
f 2257/2257 1922/1922 2258/2258
f 2257/2257 2258/2258 2254/2254
f 2257/2257 2254/2254 2253/2253
f 2259/2259 2260/2260 2261/2261
f 2259/2259 2261/2261 2262/2262
f 1924/1924 2263/2263 2264/2264
f 1924/1924 2264/2264 1925/1925
f 2263/2263 2262/2262 2261/2261
f 2263/2263 2261/2261 2264/2264
f 1927/1927 1926/1926 2265/2265
f 1927/1927 2265/2265 2266/2266
f 1928/1928 1927/1927 2266/2266
f 1928/1928 2266/2266 2267/2267
f 1926/1926 1930/1930 2268/2268
f 1926/1926 2268/2268 2265/2265
f 1932/1932 1931/1931 2269/2269
f 1932/1932 2269/2269 2270/2270
f 1931/1931 1933/1933 2271/2271
f 1931/1931 2271/2271 2269/2269
f 1935/1935 2272/2272 2271/2271
f 1935/1935 2271/2271 1933/1933
f 1937/1937 1936/1936 2273/2273
f 1937/1937 2273/2273 2274/2274
f 1938/1938 2275/2275 2276/2276
f 1938/1938 2276/2276 1939/1939
f 1936/1936 1940/1940 2277/2277
f 1936/1936 2277/2277 2273/2273
f 1939/1939 2276/2276 2278/2278
f 1939/1939 2278/2278 1941/1941
f 1940/1940 1942/1942 2279/2279
f 1940/1940 2279/2279 2277/2277
f 1941/1941 2278/2278 2280/2280
f 1941/1941 2280/2280 1943/1943
f 1942/1942 1944/1944 2281/2281
f 1942/1942 2281/2281 2279/2279
f 1943/1943 2280/2280 2282/2282
f 1943/1943 2282/2282 1945/1945
f 1949/1949 1948/1948 2283/2283
f 1949/1949 2283/2283 2284/2284
f 1952/1952 2285/2285 2286/2286
f 1952/1952 2286/2286 1953/1953
f 2287/2287 1956/1956 1955/1955
f 2287/2287 1955/1955 2288/2288
f 2288/2288 1955/1955 2289/2289
f 2288/2288 2289/2289 2290/2290
f 2287/2287 2291/2291 2292/2292
f 2287/2287 2292/2292 1956/1956
f 2287/2287 2288/2288 2290/2290
f 2287/2287 2290/2290 2291/2291
f 1955/1955 1954/1954 2293/2293
f 1955/1955 2293/2293 2289/2289
f 1956/1956 2292/2292 2294/2294
f 1956/1956 2294/2294 1957/1957
f 1954/1954 1958/1958 2295/2295
f 1954/1954 2295/2295 2293/2293
f 1958/1958 1959/1959 2296/2296
f 1958/1958 2296/2296 2295/2295
f 1961/1961 1963/1963 2297/2297
f 1961/1961 2297/2297 2298/2298
f 1963/1963 1964/1964 2299/2299
f 1963/1963 2299/2299 2297/2297
f 1964/1964 1965/1965 2300/2300
f 1964/1964 2300/2300 2299/2299
f 1966/1966 2301/2301 2302/2302
f 1966/1966 2302/2302 1967/1967
f 1967/1967 2303/2303 2304/2304
f 1967/1967 2304/2304 1965/1965
f 1965/1965 2304/2304 2305/2305
f 1965/1965 2305/2305 2300/2300
f 1967/1967 2302/2302 2306/2306
f 1967/1967 2306/2306 2303/2303
f 2303/2303 2306/2306 2305/2305
f 2303/2303 2305/2305 2304/2304
f 2307/2307 1972/1972 1971/1971
f 2307/2307 1971/1971 2308/2308
f 2308/2308 1971/1971 2309/2309
f 2308/2308 2309/2309 2310/2310
f 2307/2307 2308/2308 2310/2310
f 2307/2307 2310/2310 2311/2311
f 1979/1979 2312/2312 2313/2313
f 1979/1979 2313/2313 1978/1978
f 1978/1978 2313/2313 2314/2314
f 1978/1978 2314/2314 2315/2315
f 2312/2312 2316/2316 2314/2314
f 2312/2312 2314/2314 2313/2313
f 2317/2317 2318/2318 2319/2319
f 2317/2317 2319/2319 2320/2320
f 2317/2317 2320/2320 2321/2321
f 2317/2317 2321/2321 2322/2322
f 2318/2318 1985/1985 1984/1984
f 2318/2318 1984/1984 2319/2319
f 1992/1992 2323/2323 2324/2324
f 1992/1992 2324/2324 1993/1993
f 2323/2323 2325/2325 2326/2326
f 2323/2323 2326/2326 2324/2324
f 2325/2325 2327/2327 2328/2328
f 2325/2325 2328/2328 2326/2326
f 1997/1997 1996/1996 2329/2329
f 1997/1997 2329/2329 2330/2330
f 1998/1998 2331/2331 2332/2332
f 1998/1998 2332/2332 1999/1999
f 1998/1998 1997/1997 2330/2330
f 1998/1998 2330/2330 2331/2331
f 1996/1996 2000/2000 2333/2333
f 1996/1996 2333/2333 2329/2329
f 1999/1999 2332/2332 2334/2334
f 1999/1999 2334/2334 2001/2001
f 2000/2000 2002/2002 2335/2335
f 2000/2000 2335/2335 2333/2333
f 2001/2001 2334/2334 2336/2336
f 2001/2001 2336/2336 2003/2003
f 2002/2002 2004/2004 2337/2337
f 2002/2002 2337/2337 2335/2335
f 2003/2003 2336/2336 2338/2338
f 2003/2003 2338/2338 2005/2005
f 2005/2005 2338/2338 2339/2339
f 2005/2005 2339/2339 2007/2007
f 2007/2007 2339/2339 2340/2340
f 2007/2007 2340/2340 2008/2008
f 2013/2013 2341/2341 2342/2342
f 2013/2013 2342/2342 2014/2014
f 2014/2014 2342/2342 2343/2343
f 2014/2014 2343/2343 2017/2017
f 2015/2015 2018/2018 2344/2344
f 2015/2015 2344/2344 2345/2345
f 2017/2017 2343/2343 2346/2346
f 2017/2017 2346/2346 2019/2019
f 2018/2018 2020/2020 2347/2347
f 2018/2018 2347/2347 2344/2344
f 2019/2019 2346/2346 2348/2348
f 2019/2019 2348/2348 2021/2021
f 2020/2020 2022/2022 2349/2349
f 2020/2020 2349/2349 2347/2347
f 2021/2021 2348/2348 2350/2350
f 2021/2021 2350/2350 2023/2023
f 2022/2022 2026/2026 2351/2351
f 2022/2022 2351/2351 2349/2349
f 2023/2023 2350/2350 2352/2352
f 2023/2023 2352/2352 2027/2027
f 2027/2027 2352/2352 2351/2351
f 2027/2027 2351/2351 2026/2026
f 2353/2353 2031/2031 2030/2030
f 2353/2353 2030/2030 2354/2354
f 2354/2354 2030/2030 2355/2355
f 2354/2354 2355/2355 2356/2356
f 2353/2353 2354/2354 2356/2356
f 2353/2353 2356/2356 2357/2357
f 2034/2034 2358/2358 2359/2359
f 2034/2034 2359/2359 2035/2035
f 2035/2035 2359/2359 2360/2360
f 2035/2035 2360/2360 2361/2361
f 2358/2358 2362/2362 2360/2360
f 2358/2358 2360/2360 2359/2359
f 2039/2039 2038/2038 2363/2363
f 2039/2039 2363/2363 2364/2364
f 2042/2042 2365/2365 2366/2366
f 2042/2042 2366/2366 2043/2043
f 2367/2367 2046/2046 2045/2045
f 2367/2367 2045/2045 2368/2368
f 2368/2368 2045/2045 2369/2369
f 2368/2368 2369/2369 2370/2370
f 2367/2367 2371/2371 2372/2372
f 2367/2367 2372/2372 2046/2046
f 2367/2367 2368/2368 2370/2370
f 2367/2367 2370/2370 2371/2371
f 2045/2045 2044/2044 2373/2373
f 2045/2045 2373/2373 2369/2369
f 2046/2046 2372/2372 2374/2374
f 2046/2046 2374/2374 2047/2047
f 2044/2044 2048/2048 2375/2375
f 2044/2044 2375/2375 2373/2373
f 2047/2047 2374/2374 2376/2376
f 2047/2047 2376/2376 2049/2049
f 2051/2051 2050/2050 2377/2377
f 2051/2051 2377/2377 2378/2378
f 2052/2052 2379/2379 2380/2380
f 2052/2052 2380/2380 2053/2053
f 2050/2050 2054/2054 2381/2381
f 2050/2050 2381/2381 2377/2377
f 2053/2053 2380/2380 2382/2382
f 2053/2053 2382/2382 2055/2055
f 2055/2055 2383/2383 2384/2384
f 2055/2055 2384/2384 2054/2054
f 2054/2054 2384/2384 2385/2385
f 2054/2054 2385/2385 2381/2381
f 2055/2055 2382/2382 2386/2386
f 2055/2055 2386/2386 2383/2383
f 2383/2383 2386/2386 2385/2385
f 2383/2383 2385/2385 2384/2384
f 2056/2056 2387/2387 2388/2388
f 2056/2056 2388/2388 2389/2389
f 2057/2057 2056/2056 2389/2389
f 2057/2057 2389/2389 2390/2390
f 2391/2391 2059/2059 2392/2392
f 2391/2391 2392/2392 2393/2393
f 2058/2058 2394/2394 2392/2392
f 2058/2058 2392/2392 2059/2059
f 2063/2063 2062/2062 2395/2395
f 2063/2063 2395/2395 2396/2396
f 2066/2066 2397/2397 2398/2398
f 2066/2066 2398/2398 2067/2067
f 2062/2062 2073/2073 2399/2399
f 2062/2062 2399/2399 2395/2395
f 2067/2067 2398/2398 2400/2400
f 2067/2067 2400/2400 2075/2075
f 2401/2401 2402/2402 2403/2403
f 2401/2401 2403/2403 2404/2404
f 2405/2405 2079/2079 2078/2078
f 2405/2405 2078/2078 2406/2406
f 2406/2406 2078/2078 2403/2403
f 2406/2406 2403/2403 2402/2402
f 2405/2405 2401/2401 2404/2404
f 2405/2405 2404/2404 2079/2079
f 2405/2405 2406/2406 2402/2402
f 2405/2405 2402/2402 2401/2401
f 2079/2079 2404/2404 2407/2407
f 2079/2079 2407/2407 2408/2408
f 2409/2409 2410/2410 2411/2411
f 2409/2409 2411/2411 2080/2080
f 2411/2411 2412/2412 2413/2413
f 2411/2411 2413/2413 2414/2414
f 2080/2080 2415/2415 2416/2416
f 2080/2080 2416/2416 2081/2081
f 2081/2081 2416/2416 2413/2413
f 2081/2081 2413/2413 2412/2412
f 2080/2080 2411/2411 2414/2414
f 2080/2080 2414/2414 2415/2415
f 2415/2415 2414/2414 2413/2413
f 2415/2415 2413/2413 2416/2416
f 2084/2084 2083/2083 2417/2417
f 2084/2084 2417/2417 2418/2418
f 2078/2078 2084/2084 2418/2418
f 2078/2078 2418/2418 2403/2403
f 2089/2089 2091/2091 2419/2419
f 2089/2089 2419/2419 2420/2420
f 2081/2081 2412/2412 2419/2419
f 2081/2081 2419/2419 2091/2091
f 2421/2421 2422/2422 2423/2423
f 2421/2421 2423/2423 2424/2424
f 2424/2424 2423/2423 2425/2425
f 2424/2424 2425/2425 2426/2426
f 2421/2421 2424/2424 2426/2426
f 2421/2421 2426/2426 2427/2427
f 2422/2422 2098/2098 2097/2097
f 2422/2422 2097/2097 2423/2423
f 2423/2423 2097/2097 2428/2428
f 2423/2423 2428/2428 2425/2425
f 2097/2097 2096/2096 2429/2429
f 2097/2097 2429/2429 2428/2428
f 2096/2096 2101/2101 2430/2430
f 2096/2096 2430/2430 2429/2429
f 2101/2101 2104/2104 2431/2431
f 2101/2101 2431/2431 2430/2430
f 2104/2104 2107/2107 2432/2432
f 2104/2104 2432/2432 2431/2431
f 2108/2108 2433/2433 2434/2434
f 2108/2108 2434/2434 2107/2107
f 2107/2107 2434/2434 2435/2435
f 2107/2107 2435/2435 2432/2432
f 2433/2433 2436/2436 2437/2437
f 2433/2433 2437/2437 2434/2434
f 2434/2434 2437/2437 2438/2438
f 2434/2434 2438/2438 2435/2435
f 2436/2436 2439/2439 2438/2438
f 2436/2436 2438/2438 2437/2437
f 2440/2440 2441/2441 2442/2442
f 2440/2440 2442/2442 2443/2443
f 2443/2443 2442/2442 2444/2444
f 2443/2443 2444/2444 2445/2445
f 2440/2440 2446/2446 2447/2447
f 2440/2440 2447/2447 2441/2441
f 2440/2440 2443/2443 2445/2445
f 2440/2440 2445/2445 2446/2446
f 2441/2441 2448/2448 2449/2449
f 2441/2441 2449/2449 2442/2442
f 2442/2442 2449/2449 2450/2450
f 2442/2442 2450/2450 2444/2444
f 2441/2441 2447/2447 2451/2451
f 2441/2441 2451/2451 2448/2448
f 2448/2448 2452/2452 2453/2453
f 2448/2448 2453/2453 2449/2449
f 2449/2449 2453/2453 2454/2454
f 2449/2449 2454/2454 2450/2450
f 2448/2448 2451/2451 2455/2455
f 2448/2448 2455/2455 2452/2452
f 2452/2452 2456/2456 2457/2457
f 2452/2452 2457/2457 2453/2453
f 2453/2453 2457/2457 2458/2458
f 2453/2453 2458/2458 2454/2454
f 2452/2452 2455/2455 2459/2459
f 2452/2452 2459/2459 2456/2456
f 2456/2456 2460/2460 2461/2461
f 2456/2456 2461/2461 2457/2457
f 2457/2457 2461/2461 2462/2462
f 2457/2457 2462/2462 2458/2458
f 2456/2456 2459/2459 2463/2463
f 2456/2456 2463/2463 2460/2460
f 2460/2460 2464/2464 2465/2465
f 2460/2460 2465/2465 2461/2461
f 2461/2461 2465/2465 2466/2466
f 2461/2461 2466/2466 2462/2462
f 2460/2460 2463/2463 2467/2467
f 2460/2460 2467/2467 2464/2464
f 2464/2464 2467/2467 2466/2466
f 2464/2464 2466/2466 2465/2465
f 2112/2112 2111/2111 2468/2468
f 2112/2112 2468/2468 2469/2469
f 2113/2113 2470/2470 2471/2471
f 2113/2113 2471/2471 2114/2114
f 2113/2113 2112/2112 2469/2469
f 2113/2113 2469/2469 2470/2470
f 2111/2111 2115/2115 2472/2472
f 2111/2111 2472/2472 2468/2468
f 2114/2114 2471/2471 2473/2473
f 2114/2114 2473/2473 2116/2116
f 2115/2115 2117/2117 2474/2474
f 2115/2115 2474/2474 2472/2472
f 2116/2116 2473/2473 2475/2475
f 2116/2116 2475/2475 2118/2118
f 2117/2117 2119/2119 2476/2476
f 2117/2117 2476/2476 2474/2474
f 2118/2118 2475/2475 2477/2477
f 2118/2118 2477/2477 2120/2120
f 2120/2120 2477/2477 2478/2478
f 2120/2120 2478/2478 2121/2121
f 2121/2121 2478/2478 2479/2479
f 2121/2121 2479/2479 2122/2122
f 2122/2122 2479/2479 2480/2480
f 2122/2122 2480/2480 2123/2123
f 2123/2123 2480/2480 2481/2481
f 2123/2123 2481/2481 2124/2124
f 2124/2124 2481/2481 2482/2482
f 2124/2124 2482/2482 2125/2125
f 2125/2125 2482/2482 2483/2483
f 2125/2125 2483/2483 2126/2126
f 2126/2126 2483/2483 2484/2484
f 2126/2126 2484/2484 2127/2127
f 2127/2127 2484/2484 2485/2485
f 2127/2127 2485/2485 2128/2128
f 2130/2130 2129/2129 2486/2486
f 2130/2130 2486/2486 2487/2487
f 2128/2128 2485/2485 2488/2488
f 2128/2128 2488/2488 2131/2131
f 2129/2129 2132/2132 2489/2489
f 2129/2129 2489/2489 2486/2486
f 2131/2131 2488/2488 2490/2490
f 2131/2131 2490/2490 2133/2133
f 2132/2132 2134/2134 2491/2491
f 2132/2132 2491/2491 2489/2489
f 2133/2133 2490/2490 2492/2492
f 2133/2133 2492/2492 2135/2135
f 2134/2134 2138/2138 2493/2493
f 2134/2134 2493/2493 2491/2491
f 2135/2135 2492/2492 2494/2494
f 2135/2135 2494/2494 2139/2139
f 2139/2139 2494/2494 2493/2493
f 2139/2139 2493/2493 2138/2138
f 2145/2145 2144/2144 2495/2495
f 2145/2145 2495/2495 2496/2496
f 2146/2146 2145/2145 2496/2496
f 2146/2146 2496/2496 2497/2497
f 2144/2144 2147/2147 2498/2498
f 2144/2144 2498/2498 2495/2495
f 2147/2147 2149/2149 2499/2499
f 2147/2147 2499/2499 2498/2498
f 2149/2149 2151/2151 2500/2500
f 2149/2149 2500/2500 2499/2499
f 2151/2151 2153/2153 2501/2501
f 2151/2151 2501/2501 2500/2500
f 2153/2153 2154/2154 2502/2502
f 2153/2153 2502/2502 2501/2501
f 2154/2154 2157/2157 2503/2503
f 2154/2154 2503/2503 2502/2502
f 2157/2157 2160/2160 2504/2504
f 2157/2157 2504/2504 2503/2503
f 2161/2161 2505/2505 2504/2504
f 2161/2161 2504/2504 2160/2160
f 2506/2506 2507/2507 2508/2508
f 2506/2506 2508/2508 2509/2509
f 2163/2163 2162/2162 2508/2508
f 2163/2163 2508/2508 2507/2507
f 2164/2164 2506/2506 2509/2509
f 2164/2164 2509/2509 2165/2165
f 2164/2164 2163/2163 2507/2507
f 2164/2164 2507/2507 2506/2506
f 2162/2162 2166/2166 2510/2510
f 2162/2162 2510/2510 2508/2508
f 2165/2165 2509/2509 2511/2511
f 2165/2165 2511/2511 2167/2167
f 2166/2166 2168/2168 2512/2512
f 2166/2166 2512/2512 2510/2510
f 2167/2167 2511/2511 2513/2513
f 2167/2167 2513/2513 2169/2169
f 2168/2168 2170/2170 2514/2514
f 2168/2168 2514/2514 2512/2512
f 2169/2169 2513/2513 2515/2515
f 2169/2169 2515/2515 2171/2171
f 2170/2170 2172/2172 2516/2516
f 2170/2170 2516/2516 2514/2514
f 2171/2171 2515/2515 2517/2517
f 2171/2171 2517/2517 2173/2173
f 2172/2172 2174/2174 2518/2518
f 2172/2172 2518/2518 2516/2516
f 2173/2173 2517/2517 2519/2519
f 2173/2173 2519/2519 2175/2175
f 2174/2174 2176/2176 2520/2520
f 2174/2174 2520/2520 2518/2518
f 2175/2175 2519/2519 2521/2521
f 2175/2175 2521/2521 2177/2177
f 2521/2521 2520/2520 2522/2522
f 2521/2521 2522/2522 2523/2523
f 2176/2176 2178/2178 2522/2522
f 2176/2176 2522/2522 2520/2520
f 2177/2177 2521/2521 2523/2523
f 2177/2177 2523/2523 2179/2179
f 2179/2179 2523/2523 2522/2522
f 2179/2179 2522/2522 2178/2178
f 2181/2181 2180/2180 2524/2524
f 2181/2181 2524/2524 2525/2525
f 2182/2182 2526/2526 2527/2527
f 2182/2182 2527/2527 2183/2183
f 2182/2182 2181/2181 2525/2525
f 2182/2182 2525/2525 2526/2526
f 2180/2180 2184/2184 2528/2528
f 2180/2180 2528/2528 2524/2524
f 2183/2183 2527/2527 2529/2529
f 2183/2183 2529/2529 2185/2185
f 2185/2185 2529/2529 2530/2530
f 2185/2185 2530/2530 2186/2186
f 2186/2186 2530/2530 2531/2531
f 2186/2186 2531/2531 2187/2187
f 2187/2187 2531/2531 2532/2532
f 2187/2187 2532/2532 2188/2188
f 2188/2188 2532/2532 2533/2533
f 2188/2188 2533/2533 2189/2189
f 2189/2189 2533/2533 2534/2534
f 2189/2189 2534/2534 2190/2190
f 2190/2190 2534/2534 2535/2535
f 2190/2190 2535/2535 2191/2191
f 2191/2191 2535/2535 2536/2536
f 2191/2191 2536/2536 2192/2192
f 2192/2192 2536/2536 2537/2537
f 2192/2192 2537/2537 2193/2193
f 2193/2193 2537/2537 2538/2538
f 2193/2193 2538/2538 2194/2194
f 2194/2194 2538/2538 2539/2539
f 2194/2194 2539/2539 2195/2195
f 2195/2195 2539/2539 2540/2540
f 2195/2195 2540/2540 2196/2196
f 2196/2196 2540/2540 2541/2541
f 2196/2196 2541/2541 2197/2197
f 2199/2199 2198/2198 2542/2542
f 2199/2199 2542/2542 2543/2543
f 2197/2197 2541/2541 2544/2544
f 2197/2197 2544/2544 2200/2200
f 2198/2198 2201/2201 2545/2545
f 2198/2198 2545/2545 2542/2542
f 2200/2200 2544/2544 2546/2546
f 2200/2200 2546/2546 2202/2202
f 2202/2202 2546/2546 2545/2545
f 2202/2202 2545/2545 2201/2201
f 2206/2206 2205/2205 2547/2547
f 2206/2206 2547/2547 2548/2548
f 2207/2207 2206/2206 2548/2548
f 2207/2207 2548/2548 2549/2549
f 2209/2209 2213/2213 2550/2550
f 2209/2209 2550/2550 2551/2551
f 2214/2214 2552/2552 2550/2550
f 2214/2214 2550/2550 2213/2213
f 2553/2553 2216/2216 2215/2215
f 2553/2553 2215/2215 2554/2554
f 2553/2553 2554/2554 2555/2555
f 2553/2553 2555/2555 2556/2556
f 2217/2217 2557/2557 2558/2558
f 2217/2217 2558/2558 2218/2218
f 2557/2557 2559/2559 2560/2560
f 2557/2557 2560/2560 2558/2558
f 2221/2221 2561/2561 2562/2562
f 2221/2221 2562/2562 2222/2222
f 2221/2221 2223/2223 2563/2563
f 2221/2221 2563/2563 2561/2561
f 2222/2222 2562/2562 2564/2564
f 2222/2222 2564/2564 2224/2224
f 2227/2227 2565/2565 2566/2566
f 2227/2227 2566/2566 2228/2228
f 2228/2228 2566/2566 2567/2567
f 2228/2228 2567/2567 2231/2231
f 2231/2231 2567/2567 2568/2568
f 2231/2231 2568/2568 2232/2232
f 2235/2235 2569/2569 2570/2570
f 2235/2235 2570/2570 2236/2236
f 2235/2235 2237/2237 2571/2571
f 2235/2235 2571/2571 2569/2569
f 2240/2240 2572/2572 2573/2573
f 2240/2240 2573/2573 2241/2241
f 2241/2241 2573/2573 2574/2574
f 2241/2241 2574/2574 2242/2242
f 2575/2575 2576/2576 2577/2577
f 2575/2575 2577/2577 2578/2578
f 2579/2579 2244/2244 2243/2243
f 2579/2579 2243/2243 2580/2580
f 2579/2579 2575/2575 2578/2578
f 2579/2579 2578/2578 2244/2244
f 2579/2579 2580/2580 2576/2576
f 2579/2579 2576/2576 2575/2575
f 2581/2581 2582/2582 2583/2583
f 2581/2581 2583/2583 2584/2584
f 2245/2245 2585/2585 2586/2586
f 2245/2245 2586/2586 2246/2246
f 2245/2245 2581/2581 2584/2584
f 2245/2245 2584/2584 2585/2585
f 2585/2585 2584/2584 2583/2583
f 2585/2585 2583/2583 2586/2586
f 2249/2249 2587/2587 2588/2588
f 2249/2249 2588/2588 2589/2589
f 2247/2247 2249/2249 2589/2589
f 2247/2247 2589/2589 2590/2590
f 2591/2591 2252/2252 2592/2592
f 2591/2591 2592/2592 2593/2593
f 2251/2251 2594/2594 2592/2592
f 2251/2251 2592/2592 2252/2252
f 2256/2256 2255/2255 2595/2595
f 2256/2256 2595/2595 2596/2596
f 2259/2259 2597/2597 2598/2598
f 2259/2259 2598/2598 2260/2260
f 2266/2266 2265/2265 2599/2599
f 2266/2266 2599/2599 2600/2600
f 2267/2267 2601/2601 2602/2602
f 2267/2267 2602/2602 2603/2603
f 2267/2267 2266/2266 2600/2600
f 2267/2267 2600/2600 2601/2601
f 2265/2265 2268/2268 2604/2604
f 2265/2265 2604/2604 2599/2599
f 2270/2270 2269/2269 2605/2605
f 2270/2270 2605/2605 2606/2606
f 2269/2269 2271/2271 2607/2607
f 2269/2269 2607/2607 2605/2605
f 2608/2608 2609/2609 2610/2610
f 2608/2608 2610/2610 2272/2272
f 2272/2272 2610/2610 2607/2607
f 2272/2272 2607/2607 2271/2271
f 2611/2611 2612/2612 2613/2613
f 2611/2611 2613/2613 2614/2614
f 2274/2274 2273/2273 2612/2612
f 2274/2274 2612/2612 2611/2611
f 2615/2615 2616/2616 2617/2617
f 2615/2615 2617/2617 2618/2618
f 2275/2275 2618/2618 2617/2617
f 2275/2275 2617/2617 2276/2276
f 2612/2612 2619/2619 2620/2620
f 2612/2612 2620/2620 2613/2613
f 2273/2273 2277/2277 2619/2619
f 2273/2273 2619/2619 2612/2612
f 2616/2616 2621/2621 2622/2622
f 2616/2616 2622/2622 2617/2617
f 2276/2276 2617/2617 2622/2622
f 2276/2276 2622/2622 2278/2278
f 2277/2277 2279/2279 2623/2623
f 2277/2277 2623/2623 2619/2619
f 2278/2278 2622/2622 2624/2624
f 2278/2278 2624/2624 2280/2280
f 2279/2279 2281/2281 2625/2625
f 2279/2279 2625/2625 2623/2623
f 2280/2280 2624/2624 2626/2626
f 2280/2280 2626/2626 2282/2282
f 2284/2284 2283/2283 2627/2627
f 2284/2284 2627/2627 2628/2628
f 2285/2285 2629/2629 2630/2630
f 2285/2285 2630/2630 2286/2286
f 2290/2290 2289/2289 2631/2631
f 2290/2290 2631/2631 2632/2632
f 2291/2291 2633/2633 2634/2634
f 2291/2291 2634/2634 2292/2292
f 2291/2291 2290/2290 2632/2632
f 2291/2291 2632/2632 2633/2633
f 2289/2289 2293/2293 2635/2635
f 2289/2289 2635/2635 2631/2631
f 2292/2292 2634/2634 2636/2636
f 2292/2292 2636/2636 2294/2294
f 2293/2293 2295/2295 2637/2637
f 2293/2293 2637/2637 2635/2635
f 2297/2297 2299/2299 2638/2638
f 2297/2297 2638/2638 2639/2639
f 2299/2299 2300/2300 2640/2640
f 2299/2299 2640/2640 2638/2638
f 2301/2301 2641/2641 2642/2642
f 2301/2301 2642/2642 2302/2302
f 2300/2300 2305/2305 2643/2643
f 2300/2300 2643/2643 2640/2640
f 2302/2302 2642/2642 2644/2644
f 2302/2302 2644/2644 2306/2306
f 2306/2306 2644/2644 2643/2643
f 2306/2306 2643/2643 2305/2305
f 2645/2645 2311/2311 2310/2310
f 2645/2645 2310/2310 2646/2646
f 2646/2646 2310/2310 2647/2647
f 2646/2646 2647/2647 2648/2648
f 2645/2645 2646/2646 2648/2648
f 2645/2645 2648/2648 2649/2649
f 2316/2316 2650/2650 2651/2651
f 2316/2316 2651/2651 2314/2314
f 2314/2314 2651/2651 2652/2652
f 2314/2314 2652/2652 2653/2653
f 2650/2650 2654/2654 2652/2652
f 2650/2650 2652/2652 2651/2651
f 2655/2655 2322/2322 2321/2321
f 2655/2655 2321/2321 2656/2656
f 2655/2655 2656/2656 2657/2657
f 2655/2655 2657/2657 2658/2658
f 2327/2327 2659/2659 2660/2660
f 2327/2327 2660/2660 2328/2328
f 2659/2659 2661/2661 2662/2662
f 2659/2659 2662/2662 2660/2660
f 2330/2330 2329/2329 2663/2663
f 2330/2330 2663/2663 2664/2664
f 2331/2331 2665/2665 2666/2666
f 2331/2331 2666/2666 2332/2332
f 2331/2331 2330/2330 2664/2664
f 2331/2331 2664/2664 2665/2665
f 2329/2329 2333/2333 2667/2667
f 2329/2329 2667/2667 2663/2663
f 2332/2332 2666/2666 2668/2668
f 2332/2332 2668/2668 2334/2334
f 2333/2333 2335/2335 2669/2669
f 2333/2333 2669/2669 2667/2667
f 2334/2334 2668/2668 2670/2670
f 2334/2334 2670/2670 2336/2336
f 2335/2335 2337/2337 2671/2671
f 2335/2335 2671/2671 2669/2669
f 2336/2336 2670/2670 2672/2672
f 2336/2336 2672/2672 2338/2338
f 2338/2338 2672/2672 2673/2673
f 2338/2338 2673/2673 2339/2339
f 2342/2342 2674/2674 2675/2675
f 2342/2342 2675/2675 2343/2343
f 2345/2345 2344/2344 2676/2676
f 2345/2345 2676/2676 2677/2677
f 2343/2343 2675/2675 2678/2678
f 2343/2343 2678/2678 2346/2346
f 2344/2344 2347/2347 2679/2679
f 2344/2344 2679/2679 2676/2676
f 2346/2346 2678/2678 2680/2680
f 2346/2346 2680/2680 2348/2348
f 2347/2347 2349/2349 2681/2681
f 2347/2347 2681/2681 2679/2679
f 2348/2348 2680/2680 2682/2682
f 2348/2348 2682/2682 2350/2350
f 2349/2349 2351/2351 2683/2683
f 2349/2349 2683/2683 2681/2681
f 2350/2350 2682/2682 2684/2684
f 2350/2350 2684/2684 2352/2352
f 2352/2352 2684/2684 2683/2683
f 2352/2352 2683/2683 2351/2351
f 2357/2357 2356/2356 2685/2685
f 2357/2357 2685/2685 2686/2686
f 2362/2362 2687/2687 2688/2688
f 2362/2362 2688/2688 2360/2360
f 2689/2689 2364/2364 2363/2363
f 2689/2689 2363/2363 2690/2690
f 2689/2689 2690/2690 2691/2691
f 2689/2689 2691/2691 2692/2692
f 2365/2365 2693/2693 2694/2694
f 2365/2365 2694/2694 2366/2366
f 2693/2693 2695/2695 2696/2696
f 2693/2693 2696/2696 2694/2694
f 2370/2370 2369/2369 2697/2697
f 2370/2370 2697/2697 2698/2698
f 2371/2371 2699/2699 2700/2700
f 2371/2371 2700/2700 2372/2372
f 2371/2371 2370/2370 2698/2698
f 2371/2371 2698/2698 2699/2699
f 2369/2369 2373/2373 2701/2701
f 2369/2369 2701/2701 2697/2697
f 2372/2372 2700/2700 2702/2702
f 2372/2372 2702/2702 2374/2374
f 2373/2373 2375/2375 2703/2703
f 2373/2373 2703/2703 2701/2701
f 2378/2378 2377/2377 2704/2704
f 2378/2378 2704/2704 2705/2705
f 2377/2377 2381/2381 2706/2706
f 2377/2377 2706/2706 2704/2704
f 2380/2380 2707/2707 2708/2708
f 2380/2380 2708/2708 2382/2382
f 2381/2381 2385/2385 2709/2709
f 2381/2381 2709/2709 2706/2706
f 2382/2382 2708/2708 2710/2710
f 2382/2382 2710/2710 2386/2386
f 2386/2386 2710/2710 2709/2709
f 2386/2386 2709/2709 2385/2385
f 2711/2711 2712/2712 2713/2713
f 2711/2711 2713/2713 2714/2714
f 2389/2389 2388/2388 2713/2713
f 2389/2389 2713/2713 2712/2712
f 2390/2390 2389/2389 2712/2712
f 2390/2390 2712/2712 2711/2711
f 2715/2715 2716/2716 2717/2717
f 2715/2715 2717/2717 2718/2718
f 2393/2393 2392/2392 2717/2717
f 2393/2393 2717/2717 2716/2716
f 2394/2394 2718/2718 2717/2717
f 2394/2394 2717/2717 2392/2392
f 2719/2719 2720/2720 2721/2721
f 2719/2719 2721/2721 2722/2722
f 2396/2396 2395/2395 2720/2720
f 2396/2396 2720/2720 2719/2719
f 2723/2723 2724/2724 2725/2725
f 2723/2723 2725/2725 2726/2726
f 2397/2397 2726/2726 2725/2725
f 2397/2397 2725/2725 2398/2398
f 2720/2720 2727/2727 2728/2728
f 2720/2720 2728/2728 2721/2721
f 2395/2395 2399/2399 2727/2727
f 2395/2395 2727/2727 2720/2720
f 2724/2724 2729/2729 2730/2730
f 2724/2724 2730/2730 2725/2725
f 2398/2398 2725/2725 2730/2730
f 2398/2398 2730/2730 2400/2400
f 2404/2404 2731/2731 2732/2732
f 2404/2404 2732/2732 2407/2407
f 2404/2404 2403/2403 2733/2733
f 2404/2404 2733/2733 2731/2731
f 2410/2410 2734/2734 2735/2735
f 2410/2410 2735/2735 2411/2411
f 2411/2411 2735/2735 2736/2736
f 2411/2411 2736/2736 2412/2412
f 2418/2418 2417/2417 2737/2737
f 2418/2418 2737/2737 2738/2738
f 2403/2403 2418/2418 2738/2738
f 2403/2403 2738/2738 2733/2733
f 2420/2420 2419/2419 2739/2739
f 2420/2420 2739/2739 2740/2740
f 2412/2412 2736/2736 2739/2739
f 2412/2412 2739/2739 2419/2419
f 2426/2426 2425/2425 2741/2741
f 2426/2426 2741/2741 2742/2742
f 2427/2427 2426/2426 2742/2742
f 2427/2427 2742/2742 2743/2743
f 2425/2425 2428/2428 2744/2744
f 2425/2425 2744/2744 2741/2741
f 2428/2428 2429/2429 2745/2745
f 2428/2428 2745/2745 2744/2744
f 2429/2429 2430/2430 2746/2746
f 2429/2429 2746/2746 2745/2745
f 2430/2430 2431/2431 2747/2747
f 2430/2430 2747/2747 2746/2746
f 2431/2431 2432/2432 2748/2748
f 2431/2431 2748/2748 2747/2747
f 2432/2432 2435/2435 2749/2749
f 2432/2432 2749/2749 2748/2748
f 2435/2435 2438/2438 2750/2750
f 2435/2435 2750/2750 2749/2749
f 2439/2439 2751/2751 2750/2750
f 2439/2439 2750/2750 2438/2438
f 2752/2752 2753/2753 2754/2754
f 2752/2752 2754/2754 2755/2755
f 2755/2755 2754/2754 2756/2756
f 2755/2755 2756/2756 2757/2757
f 2752/2752 2758/2758 2759/2759
f 2752/2752 2759/2759 2753/2753
f 2752/2752 2755/2755 2757/2757
f 2752/2752 2757/2757 2758/2758
f 2753/2753 2446/2446 2445/2445
f 2753/2753 2445/2445 2754/2754
f 2754/2754 2445/2445 2760/2760
f 2754/2754 2760/2760 2756/2756
f 2753/2753 2759/2759 2761/2761
f 2753/2753 2761/2761 2446/2446
f 2445/2445 2444/2444 2762/2762
f 2445/2445 2762/2762 2760/2760
f 2446/2446 2761/2761 2763/2763
f 2446/2446 2763/2763 2447/2447
f 2444/2444 2450/2450 2764/2764
f 2444/2444 2764/2764 2762/2762
f 2447/2447 2763/2763 2765/2765
f 2447/2447 2765/2765 2451/2451
f 2450/2450 2454/2454 2766/2766
f 2450/2450 2766/2766 2764/2764
f 2451/2451 2765/2765 2767/2767
f 2451/2451 2767/2767 2455/2455
f 2454/2454 2458/2458 2768/2768
f 2454/2454 2768/2768 2766/2766
f 2455/2455 2767/2767 2769/2769
f 2455/2455 2769/2769 2459/2459
f 2458/2458 2462/2462 2770/2770
f 2458/2458 2770/2770 2768/2768
f 2459/2459 2769/2769 2771/2771
f 2459/2459 2771/2771 2463/2463
f 2462/2462 2466/2466 2772/2772
f 2462/2462 2772/2772 2770/2770
f 2463/2463 2771/2771 2773/2773
f 2463/2463 2773/2773 2467/2467
f 2467/2467 2774/2774 2775/2775
f 2467/2467 2775/2775 2466/2466
f 2466/2466 2775/2775 2776/2776
f 2466/2466 2776/2776 2772/2772
f 2467/2467 2773/2773 2777/2777
f 2467/2467 2777/2777 2774/2774
f 2774/2774 2778/2778 2779/2779
f 2774/2774 2779/2779 2775/2775
f 2775/2775 2779/2779 2780/2780
f 2775/2775 2780/2780 2776/2776
f 2774/2774 2777/2777 2781/2781
f 2774/2774 2781/2781 2778/2778
f 2778/2778 2781/2781 2780/2780
f 2778/2778 2780/2780 2779/2779
f 2782/2782 2470/2470 2469/2469
f 2782/2782 2469/2469 2783/2783
f 2783/2783 2469/2469 2784/2784
f 2783/2783 2784/2784 2785/2785
f 2782/2782 2786/2786 2787/2787
f 2782/2782 2787/2787 2470/2470
f 2782/2782 2783/2783 2785/2785
f 2782/2782 2785/2785 2786/2786
f 2469/2469 2468/2468 2788/2788
f 2469/2469 2788/2788 2784/2784
f 2470/2470 2787/2787 2789/2789
f 2470/2470 2789/2789 2471/2471
f 2468/2468 2472/2472 2790/2790
f 2468/2468 2790/2790 2788/2788
f 2471/2471 2789/2789 2791/2791
f 2471/2471 2791/2791 2473/2473
f 2472/2472 2474/2474 2792/2792
f 2472/2472 2792/2792 2790/2790
f 2473/2473 2791/2791 2793/2793
f 2473/2473 2793/2793 2475/2475
f 2475/2475 2793/2793 2794/2794
f 2475/2475 2794/2794 2477/2477
f 2477/2477 2794/2794 2795/2795
f 2477/2477 2795/2795 2478/2478
f 2478/2478 2795/2795 2796/2796
f 2478/2478 2796/2796 2479/2479
f 2479/2479 2796/2796 2797/2797
f 2479/2479 2797/2797 2480/2480
f 2480/2480 2797/2797 2798/2798
f 2480/2480 2798/2798 2481/2481
f 2481/2481 2798/2798 2799/2799
f 2481/2481 2799/2799 2482/2482
f 2482/2482 2799/2799 2800/2800
f 2482/2482 2800/2800 2483/2483
f 2483/2483 2800/2800 2801/2801
f 2483/2483 2801/2801 2484/2484
f 2484/2484 2801/2801 2802/2802
f 2484/2484 2802/2802 2485/2485
f 2485/2485 2802/2802 2803/2803
f 2485/2485 2803/2803 2488/2488
f 2486/2486 2489/2489 2804/2804
f 2486/2486 2804/2804 2805/2805
f 2488/2488 2803/2803 2806/2806
f 2488/2488 2806/2806 2490/2490
f 2489/2489 2491/2491 2807/2807
f 2489/2489 2807/2807 2804/2804
f 2490/2490 2806/2806 2808/2808
f 2490/2490 2808/2808 2492/2492
f 2491/2491 2493/2493 2809/2809
f 2491/2491 2809/2809 2807/2807
f 2492/2492 2808/2808 2810/2810
f 2492/2492 2810/2810 2494/2494
f 2494/2494 2811/2811 2812/2812
f 2494/2494 2812/2812 2493/2493
f 2493/2493 2812/2812 2813/2813
f 2493/2493 2813/2813 2809/2809
f 2494/2494 2810/2810 2814/2814
f 2494/2494 2814/2814 2811/2811
f 2811/2811 2814/2814 2813/2813
f 2811/2811 2813/2813 2812/2812
f 2815/2815 2497/2497 2496/2496
f 2815/2815 2496/2496 2816/2816
f 2816/2816 2496/2496 2817/2817
f 2816/2816 2817/2817 2818/2818
f 2815/2815 2816/2816 2818/2818
f 2815/2815 2818/2818 2819/2819
f 2496/2496 2495/2495 2820/2820
f 2496/2496 2820/2820 2817/2817
f 2495/2495 2498/2498 2821/2821
f 2495/2495 2821/2821 2820/2820
f 2498/2498 2499/2499 2822/2822
f 2498/2498 2822/2822 2821/2821
f 2499/2499 2500/2500 2823/2823
f 2499/2499 2823/2823 2822/2822
f 2500/2500 2501/2501 2824/2824
f 2500/2500 2824/2824 2823/2823
f 2501/2501 2502/2502 2825/2825
f 2501/2501 2825/2825 2824/2824
f 2502/2502 2503/2503 2826/2826
f 2502/2502 2826/2826 2825/2825
f 2503/2503 2504/2504 2827/2827
f 2503/2503 2827/2827 2826/2826
f 2505/2505 2828/2828 2829/2829
f 2505/2505 2829/2829 2504/2504
f 2504/2504 2829/2829 2830/2830
f 2504/2504 2830/2830 2827/2827
f 2828/2828 2831/2831 2830/2830
f 2828/2828 2830/2830 2829/2829
f 2832/2832 2833/2833 2834/2834
f 2832/2832 2834/2834 2835/2835
f 2508/2508 2510/2510 2834/2834
f 2508/2508 2834/2834 2833/2833
f 2509/2509 2832/2832 2835/2835
f 2509/2509 2835/2835 2511/2511
f 2509/2509 2508/2508 2833/2833
f 2509/2509 2833/2833 2832/2832
f 2510/2510 2512/2512 2836/2836
f 2510/2510 2836/2836 2834/2834
f 2511/2511 2835/2835 2837/2837
f 2511/2511 2837/2837 2513/2513
f 2512/2512 2514/2514 2838/2838
f 2512/2512 2838/2838 2836/2836
f 2513/2513 2837/2837 2839/2839
f 2513/2513 2839/2839 2515/2515
f 2514/2514 2516/2516 2840/2840
f 2514/2514 2840/2840 2838/2838
f 2515/2515 2839/2839 2841/2841
f 2515/2515 2841/2841 2517/2517
f 2516/2516 2518/2518 2842/2842
f 2516/2516 2842/2842 2840/2840
f 2517/2517 2841/2841 2843/2843
f 2517/2517 2843/2843 2519/2519
f 2843/2843 2842/2842 2844/2844
f 2843/2843 2844/2844 2845/2845
f 2518/2518 2520/2520 2844/2844
f 2518/2518 2844/2844 2842/2842
f 2519/2519 2843/2843 2845/2845
f 2519/2519 2845/2845 2521/2521
f 2521/2521 2845/2845 2844/2844
f 2521/2521 2844/2844 2520/2520
f 2525/2525 2524/2524 2846/2846
f 2525/2525 2846/2846 2847/2847
f 2526/2526 2848/2848 2849/2849
f 2526/2526 2849/2849 2527/2527
f 2526/2526 2525/2525 2847/2847
f 2526/2526 2847/2847 2848/2848
f 2524/2524 2528/2528 2850/2850
f 2524/2524 2850/2850 2846/2846
f 2527/2527 2849/2849 2851/2851
f 2527/2527 2851/2851 2529/2529
f 2529/2529 2851/2851 2852/2852
f 2529/2529 2852/2852 2530/2530
f 2530/2530 2852/2852 2853/2853
f 2530/2530 2853/2853 2531/2531
f 2531/2531 2853/2853 2854/2854
f 2531/2531 2854/2854 2532/2532
f 2532/2532 2854/2854 2855/2855
f 2532/2532 2855/2855 2533/2533
f 2533/2533 2855/2855 2856/2856
f 2533/2533 2856/2856 2534/2534
f 2534/2534 2856/2856 2857/2857
f 2534/2534 2857/2857 2535/2535
f 2535/2535 2857/2857 2858/2858
f 2535/2535 2858/2858 2536/2536
f 2536/2536 2858/2858 2859/2859
f 2536/2536 2859/2859 2537/2537
f 2537/2537 2859/2859 2860/2860
f 2537/2537 2860/2860 2538/2538
f 2538/2538 2860/2860 2861/2861
f 2538/2538 2861/2861 2539/2539
f 2539/2539 2861/2861 2862/2862
f 2539/2539 2862/2862 2540/2540
f 2540/2540 2862/2862 2863/2863
f 2540/2540 2863/2863 2541/2541
f 2543/2543 2542/2542 2864/2864
f 2543/2543 2864/2864 2865/2865
f 2541/2541 2863/2863 2866/2866
f 2541/2541 2866/2866 2544/2544
f 2542/2542 2545/2545 2867/2867
f 2542/2542 2867/2867 2864/2864
f 2544/2544 2866/2866 2868/2868
f 2544/2544 2868/2868 2546/2546
f 2546/2546 2868/2868 2867/2867
f 2546/2546 2867/2867 2545/2545
f 2548/2548 2547/2547 2869/2869
f 2548/2548 2869/2869 2870/2870
f 2549/2549 2548/2548 2870/2870
f 2549/2549 2870/2870 2871/2871
f 2551/2551 2550/2550 2872/2872
f 2551/2551 2872/2872 2873/2873
f 2552/2552 2874/2874 2872/2872
f 2552/2552 2872/2872 2550/2550
f 2556/2556 2555/2555 2875/2875
f 2556/2556 2875/2875 2876/2876
f 2559/2559 2877/2877 2878/2878
f 2559/2559 2878/2878 2560/2560
f 2561/2561 2879/2879 2880/2880
f 2561/2561 2880/2880 2562/2562
f 2561/2561 2563/2563 2881/2881
f 2561/2561 2881/2881 2879/2879
f 2562/2562 2880/2880 2882/2882
f 2562/2562 2882/2882 2564/2564
f 2565/2565 2883/2883 2884/2884
f 2565/2565 2884/2884 2566/2566
f 2566/2566 2884/2884 2885/2885
f 2566/2566 2885/2885 2567/2567
f 2567/2567 2885/2885 2886/2886
f 2567/2567 2886/2886 2568/2568
f 2569/2569 2887/2887 2888/2888
f 2569/2569 2888/2888 2570/2570
f 2569/2569 2571/2571 2889/2889
f 2569/2569 2889/2889 2887/2887
f 2572/2572 2890/2890 2891/2891
f 2572/2572 2891/2891 2573/2573
f 2573/2573 2891/2891 2892/2892
f 2573/2573 2892/2892 2574/2574
f 2578/2578 2577/2577 2893/2893
f 2578/2578 2893/2893 2894/2894
f 2581/2581 2895/2895 2896/2896
f 2581/2581 2896/2896 2582/2582
f 2589/2589 2588/2588 2897/2897
f 2589/2589 2897/2897 2898/2898
f 2590/2590 2899/2899 2900/2900
f 2590/2590 2900/2900 2901/2901
f 2590/2590 2589/2589 2898/2898
f 2590/2590 2898/2898 2899/2899
f 2593/2593 2592/2592 2902/2902
f 2593/2593 2902/2902 2903/2903
f 2904/2904 2905/2905 2906/2906
f 2904/2904 2906/2906 2594/2594
f 2594/2594 2906/2906 2902/2902
f 2594/2594 2902/2902 2592/2592
f 2596/2596 2595/2595 2907/2907
f 2596/2596 2907/2907 2908/2908
f 2597/2597 2909/2909 2910/2910
f 2597/2597 2910/2910 2598/2598
f 2600/2600 2599/2599 2911/2911
f 2600/2600 2911/2911 2912/2912
f 2601/2601 2913/2913 2914/2914
f 2601/2601 2914/2914 2602/2602
f 2601/2601 2600/2600 2912/2912
f 2601/2601 2912/2912 2913/2913
f 2599/2599 2604/2604 2915/2915
f 2599/2599 2915/2915 2911/2911
f 2604/2604 2916/2916 2917/2917
f 2604/2604 2917/2917 2915/2915
f 2918/2918 2606/2606 2919/2919
f 2918/2918 2919/2919 2920/2920
f 2606/2606 2605/2605 2921/2921
f 2606/2606 2921/2921 2919/2919
f 2605/2605 2607/2607 2922/2922
f 2605/2605 2922/2922 2921/2921
f 2609/2609 2923/2923 2924/2924
f 2609/2609 2924/2924 2610/2610
f 2610/2610 2924/2924 2922/2922
f 2610/2610 2922/2922 2607/2607
f 2925/2925 2926/2926 2927/2927
f 2925/2925 2927/2927 2928/2928
f 2614/2614 2613/2613 2926/2926
f 2614/2614 2926/2926 2925/2925
f 2929/2929 2930/2930 2931/2931
f 2929/2929 2931/2931 2932/2932
f 2615/2615 2932/2932 2931/2931
f 2615/2615 2931/2931 2616/2616
f 2926/2926 2933/2933 2934/2934
f 2926/2926 2934/2934 2927/2927
f 2613/2613 2620/2620 2933/2933
f 2613/2613 2933/2933 2926/2926
f 2930/2930 2935/2935 2936/2936
f 2930/2930 2936/2936 2931/2931
f 2616/2616 2931/2931 2936/2936
f 2616/2616 2936/2936 2621/2621
f 2937/2937 2938/2938 2939/2939
f 2937/2937 2939/2939 2933/2933
f 2619/2619 2937/2937 2933/2933
f 2619/2619 2933/2933 2620/2620
f 2619/2619 2623/2623 2938/2938
f 2619/2619 2938/2938 2937/2937
f 2936/2936 2940/2940 2941/2941
f 2936/2936 2941/2941 2942/2942
f 2621/2621 2936/2936 2942/2942
f 2621/2621 2942/2942 2622/2622
f 2622/2622 2942/2942 2941/2941
f 2622/2622 2941/2941 2624/2624
f 2623/2623 2625/2625 2943/2943
f 2623/2623 2943/2943 2938/2938
f 2624/2624 2941/2941 2944/2944
f 2624/2624 2944/2944 2626/2626
f 2945/2945 2946/2946 2947/2947
f 2945/2945 2947/2947 2948/2948
f 2949/2949 2628/2628 2627/2627
f 2949/2949 2627/2627 2950/2950
f 2949/2949 2945/2945 2948/2948
f 2949/2949 2948/2948 2628/2628
f 2949/2949 2950/2950 2946/2946
f 2949/2949 2946/2946 2945/2945
f 2951/2951 2952/2952 2953/2953
f 2951/2951 2953/2953 2954/2954
f 2629/2629 2955/2955 2956/2956
f 2629/2629 2956/2956 2630/2630
f 2629/2629 2951/2951 2954/2954
f 2629/2629 2954/2954 2955/2955
f 2955/2955 2954/2954 2953/2953
f 2955/2955 2953/2953 2956/2956
f 2632/2632 2631/2631 2957/2957
f 2632/2632 2957/2957 2958/2958
f 2633/2633 2959/2959 2960/2960
f 2633/2633 2960/2960 2634/2634
f 2633/2633 2632/2632 2958/2958
f 2633/2633 2958/2958 2959/2959
f 2631/2631 2635/2635 2961/2961
f 2631/2631 2961/2961 2957/2957
f 2635/2635 2637/2637 2962/2962
f 2635/2635 2962/2962 2961/2961
f 2639/2639 2638/2638 2963/2963
f 2639/2639 2963/2963 2964/2964
f 2638/2638 2640/2640 2965/2965
f 2638/2638 2965/2965 2963/2963
f 2640/2640 2643/2643 2966/2966
f 2640/2640 2966/2966 2965/2965
f 2642/2642 2967/2967 2968/2968
f 2642/2642 2968/2968 2644/2644
f 2644/2644 2968/2968 2966/2966
f 2644/2644 2966/2966 2643/2643
f 2648/2648 2647/2647 2969/2969
f 2648/2648 2969/2969 2970/2970
f 2649/2649 2648/2648 2970/2970
f 2649/2649 2970/2970 2971/2971
f 2653/2653 2652/2652 2972/2972
f 2653/2653 2972/2972 2973/2973
f 2654/2654 2974/2974 2972/2972
f 2654/2654 2972/2972 2652/2652
f 2658/2658 2657/2657 2975/2975
f 2658/2658 2975/2975 2976/2976
f 2661/2661 2977/2977 2978/2978
f 2661/2661 2978/2978 2662/2662
f 2664/2664 2663/2663 2979/2979
f 2664/2664 2979/2979 2980/2980
f 2665/2665 2981/2981 2982/2982
f 2665/2665 2982/2982 2666/2666
f 2665/2665 2664/2664 2980/2980
f 2665/2665 2980/2980 2981/2981
f 2663/2663 2667/2667 2983/2983
f 2663/2663 2983/2983 2979/2979
f 2666/2666 2982/2982 2984/2984
f 2666/2666 2984/2984 2668/2668
f 2667/2667 2669/2669 2985/2985
f 2667/2667 2985/2985 2983/2983
f 2668/2668 2984/2984 2986/2986
f 2668/2668 2986/2986 2670/2670
f 2669/2669 2671/2671 2987/2987
f 2669/2669 2987/2987 2985/2985
f 2670/2670 2986/2986 2988/2988
f 2670/2670 2988/2988 2672/2672
f 2672/2672 2988/2988 2989/2989
f 2672/2672 2989/2989 2673/2673
f 2674/2674 2990/2990 2991/2991
f 2674/2674 2991/2991 2675/2675
f 2677/2677 2676/2676 2992/2992
f 2677/2677 2992/2992 2993/2993
f 2675/2675 2991/2991 2994/2994
f 2675/2675 2994/2994 2678/2678
f 2676/2676 2679/2679 2995/2995
f 2676/2676 2995/2995 2992/2992
f 2678/2678 2994/2994 2996/2996
f 2678/2678 2996/2996 2680/2680
f 2679/2679 2681/2681 2997/2997
f 2679/2679 2997/2997 2995/2995
f 2680/2680 2996/2996 2998/2998
f 2680/2680 2998/2998 2682/2682
f 2681/2681 2683/2683 2999/2999
f 2681/2681 2999/2999 2997/2997
f 2682/2682 2998/2998 3000/3000
f 2682/2682 3000/3000 2684/2684
f 2684/2684 3000/3000 2999/2999
f 2684/2684 2999/2999 2683/2683
f 2686/2686 2685/2685 3001/3001
f 2686/2686 3001/3001 3002/3002
f 2687/2687 3003/3003 3004/3004
f 2687/2687 3004/3004 2688/2688
f 2692/2692 2691/2691 3005/3005
f 2692/2692 3005/3005 3006/3006
f 2695/2695 3007/3007 3008/3008
f 2695/2695 3008/3008 2696/2696
f 2698/2698 2697/2697 3009/3009
f 2698/2698 3009/3009 3010/3010
f 2699/2699 3011/3011 3012/3012
f 2699/2699 3012/3012 2700/2700
f 2699/2699 2698/2698 3010/3010
f 2699/2699 3010/3010 3011/3011
f 2697/2697 2701/2701 3013/3013
f 2697/2697 3013/3013 3009/3009
f 2700/2700 3012/3012 3014/3014
f 2700/2700 3014/3014 2702/2702
f 2701/2701 2703/2703 3015/3015
f 2701/2701 3015/3015 3013/3013
f 2703/2703 3016/3016 3017/3017
f 2703/2703 3017/3017 3015/3015
f 3018/3018 2705/2705 3019/3019
f 3018/3018 3019/3019 3020/3020
f 2705/2705 2704/2704 3021/3021
f 2705/2705 3021/3021 3019/3019
f 2704/2704 2706/2706 3022/3022
f 2704/2704 3022/3022 3021/3021
f 2707/2707 3023/3023 3024/3024
f 2707/2707 3024/3024 2708/2708
f 2706/2706 2709/2709 3025/3025
f 2706/2706 3025/3025 3022/3022
f 2708/2708 3024/3024 3026/3026
f 2708/2708 3026/3026 2710/2710
f 2710/2710 3026/3026 3025/3025
f 2710/2710 3025/3025 2709/2709
f 2713/2713 3027/3027 3028/3028
f 2713/2713 3028/3028 3029/3029
f 2714/2714 2713/2713 3029/3029
f 2714/2714 3029/3029 3030/3030
f 3031/3031 2716/2716 3032/3032
f 3031/3031 3032/3032 3033/3033
f 2715/2715 3034/3034 3032/3032
f 2715/2715 3032/3032 2716/2716
f 3035/3035 3036/3036 3037/3037
f 3035/3035 3037/3037 3038/3038
f 2722/2722 2721/2721 3036/3036
f 2722/2722 3036/3036 3035/3035
f 3039/3039 3040/3040 3041/3041
f 3039/3039 3041/3041 3042/3042
f 2723/2723 3042/3042 3041/3041
f 2723/2723 3041/3041 2724/2724
f 3036/3036 3043/3043 3044/3044
f 3036/3036 3044/3044 3037/3037
f 2721/2721 2728/2728 3043/3043
f 2721/2721 3043/3043 3036/3036
f 3040/3040 3045/3045 3046/3046
f 3040/3040 3046/3046 3041/3041
f 2724/2724 3041/3041 3046/3046
f 2724/2724 3046/3046 2729/2729
f 2731/2731 3047/3047 3048/3048
f 2731/2731 3048/3048 2732/2732
f 2731/2731 2733/2733 3049/3049
f 2731/2731 3049/3049 3047/3047
f 2732/2732 3048/3048 3050/3050
f 2732/2732 3050/3050 3051/3051
f 3052/3052 3053/3053 3054/3054
f 3052/3052 3054/3054 2734/2734
f 2734/2734 3054/3054 3055/3055
f 2734/2734 3055/3055 2735/2735
f 2735/2735 3055/3055 3056/3056
f 2735/2735 3056/3056 2736/2736
f 3057/3057 3058/3058 3059/3059
f 3057/3057 3059/3059 3049/3049
f 3060/3060 2733/2733 2738/2738
f 3060/3060 2738/2738 3061/3061
f 3061/3061 2738/2738 3059/3059
f 3061/3061 3059/3059 3058/3058
f 3060/3060 3057/3057 3049/3049
f 3060/3060 3049/3049 2733/2733
f 3060/3060 3061/3061 3058/3058
f 3060/3060 3058/3058 3057/3057
f 3056/3056 3062/3062 3063/3063
f 3056/3056 3063/3063 3064/3064
f 2736/2736 3065/3065 3066/3066
f 2736/2736 3066/3066 2739/2739
f 2739/2739 3066/3066 3063/3063
f 2739/2739 3063/3063 3062/3062
f 2736/2736 3056/3056 3064/3064
f 2736/2736 3064/3064 3065/3065
f 3065/3065 3064/3064 3063/3063
f 3065/3065 3063/3063 3066/3066
f 3067/3067 2743/2743 2742/2742
f 3067/3067 2742/2742 3068/3068
f 3068/3068 2742/2742 3069/3069
f 3068/3068 3069/3069 3070/3070
f 3067/3067 3068/3068 3070/3070
f 3067/3067 3070/3070 3071/3071
f 2742/2742 2741/2741 3072/3072
f 2742/2742 3072/3072 3069/3069
f 2741/2741 2744/2744 3073/3073
f 2741/2741 3073/3073 3072/3072
f 2744/2744 2745/2745 3074/3074
f 2744/2744 3074/3074 3073/3073
f 2745/2745 2746/2746 3075/3075
f 2745/2745 3075/3075 3074/3074
f 2746/2746 2747/2747 3076/3076
f 2746/2746 3076/3076 3075/3075
f 2747/2747 2748/2748 3077/3077
f 2747/2747 3077/3077 3076/3076
f 2748/2748 2749/2749 3078/3078
f 2748/2748 3078/3078 3077/3077
f 2749/2749 2750/2750 3079/3079
f 2749/2749 3079/3079 3078/3078
f 2751/2751 3080/3080 3081/3081
f 2751/2751 3081/3081 2750/2750
f 2750/2750 3081/3081 3082/3082
f 2750/2750 3082/3082 3079/3079
f 3080/3080 3083/3083 3082/3082
f 3080/3080 3082/3082 3081/3081
f 3084/3084 2758/2758 2757/2757
f 3084/3084 2757/2757 3085/3085
f 3085/3085 2757/2757 3086/3086
f 3085/3085 3086/3086 3087/3087
f 3084/3084 3088/3088 3089/3089
f 3084/3084 3089/3089 2758/2758
f 3084/3084 3085/3085 3087/3087
f 3084/3084 3087/3087 3088/3088
f 2757/2757 2756/2756 3090/3090
f 2757/2757 3090/3090 3086/3086
f 2758/2758 3089/3089 3091/3091
f 2758/2758 3091/3091 2759/2759
f 2756/2756 2760/2760 3092/3092
f 2756/2756 3092/3092 3090/3090
f 2759/2759 3091/3091 3093/3093
f 2759/2759 3093/3093 2761/2761
f 2760/2760 2762/2762 3094/3094
f 2760/2760 3094/3094 3092/3092
f 2761/2761 3093/3093 3095/3095
f 2761/2761 3095/3095 2763/2763
f 2762/2762 2764/2764 3096/3096
f 2762/2762 3096/3096 3094/3094
f 2763/2763 3095/3095 3097/3097
f 2763/2763 3097/3097 2765/2765
f 2764/2764 2766/2766 3098/3098
f 2764/2764 3098/3098 3096/3096
f 2765/2765 3097/3097 3099/3099
f 2765/2765 3099/3099 2767/2767
f 2766/2766 2768/2768 3100/3100
f 2766/2766 3100/3100 3098/3098
f 2767/2767 3099/3099 3101/3101
f 2767/2767 3101/3101 2769/2769
f 2768/2768 2770/2770 3102/3102
f 2768/2768 3102/3102 3100/3100
f 2769/2769 3101/3101 3103/3103
f 2769/2769 3103/3103 2771/2771
f 2770/2770 2772/2772 3104/3104
f 2770/2770 3104/3104 3102/3102
f 2771/2771 3103/3103 3105/3105
f 2771/2771 3105/3105 2773/2773
f 2772/2772 2776/2776 3106/3106
f 2772/2772 3106/3106 3104/3104
f 2773/2773 3105/3105 3107/3107
f 2773/2773 3107/3107 2777/2777
f 2776/2776 2780/2780 3108/3108
f 2776/2776 3108/3108 3106/3106
f 2777/2777 3107/3107 3109/3109
f 2777/2777 3109/3109 2781/2781
f 2781/2781 3110/3110 3111/3111
f 2781/2781 3111/3111 2780/2780
f 2780/2780 3111/3111 3112/3112
f 2780/2780 3112/3112 3108/3108
f 2781/2781 3109/3109 3113/3113
f 2781/2781 3113/3113 3110/3110
f 3110/3110 3113/3113 3112/3112
f 3110/3110 3112/3112 3111/3111
f 2785/2785 2784/2784 3114/3114
f 2785/2785 3114/3114 3115/3115
f 2786/2786 3116/3116 3117/3117
f 2786/2786 3117/3117 2787/2787
f 2786/2786 2785/2785 3115/3115
f 2786/2786 3115/3115 3116/3116
f 2784/2784 2788/2788 3118/3118
f 2784/2784 3118/3118 3114/3114
f 2787/2787 3117/3117 3119/3119
f 2787/2787 3119/3119 2789/2789
f 2788/2788 2790/2790 3120/3120
f 2788/2788 3120/3120 3118/3118
f 2789/2789 3119/3119 3121/3121
f 2789/2789 3121/3121 2791/2791
f 2790/2790 2792/2792 3122/3122
f 2790/2790 3122/3122 3120/3120
f 2791/2791 3121/3121 3123/3123
f 2791/2791 3123/3123 2793/2793
f 2793/2793 3123/3123 3124/3124
f 2793/2793 3124/3124 2794/2794
f 2794/2794 3124/3124 3125/3125
f 2794/2794 3125/3125 2795/2795
f 2795/2795 3125/3125 3126/3126
f 2795/2795 3126/3126 2796/2796
f 2796/2796 3126/3126 3127/3127
f 2796/2796 3127/3127 2797/2797
f 2797/2797 3127/3127 3128/3128
f 2797/2797 3128/3128 2798/2798
f 2798/2798 3128/3128 3129/3129
f 2798/2798 3129/3129 2799/2799
f 2799/2799 3129/3129 3130/3130
f 2799/2799 3130/3130 2800/2800
f 2800/2800 3130/3130 3131/3131
f 2800/2800 3131/3131 2801/2801
f 2801/2801 3131/3131 3132/3132
f 2801/2801 3132/3132 2802/2802
f 2802/2802 3132/3132 3133/3133
f 2802/2802 3133/3133 2803/2803
f 2805/2805 2804/2804 3134/3134
f 2805/2805 3134/3134 3135/3135
f 2803/2803 3133/3133 3136/3136
f 2803/2803 3136/3136 2806/2806
f 2804/2804 2807/2807 3137/3137
f 2804/2804 3137/3137 3134/3134
f 2806/2806 3136/3136 3138/3138
f 2806/2806 3138/3138 2808/2808
f 2807/2807 2809/2809 3139/3139
f 2807/2807 3139/3139 3137/3137
f 2808/2808 3138/3138 3140/3140
f 2808/2808 3140/3140 2810/2810
f 2809/2809 2813/2813 3141/3141
f 2809/2809 3141/3141 3139/3139
f 2810/2810 3140/3140 3142/3142
f 2810/2810 3142/3142 2814/2814
f 2814/2814 3142/3142 3141/3141
f 2814/2814 3141/3141 2813/2813
f 2818/2818 2817/2817 3143/3143
f 2818/2818 3143/3143 3144/3144
f 2819/2819 2818/2818 3144/3144
f 2819/2819 3144/3144 3145/3145
f 2817/2817 2820/2820 3146/3146
f 2817/2817 3146/3146 3143/3143
f 2820/2820 2821/2821 3147/3147
f 2820/2820 3147/3147 3146/3146
f 2821/2821 2822/2822 3148/3148
f 2821/2821 3148/3148 3147/3147
f 2822/2822 2823/2823 3149/3149
f 2822/2822 3149/3149 3148/3148
f 2823/2823 2824/2824 3150/3150
f 2823/2823 3150/3150 3149/3149
f 2824/2824 2825/2825 3151/3151
f 2824/2824 3151/3151 3150/3150
f 2825/2825 2826/2826 3152/3152
f 2825/2825 3152/3152 3151/3151
f 2826/2826 2827/2827 3153/3153
f 2826/2826 3153/3153 3152/3152
f 2827/2827 2830/2830 3154/3154
f 2827/2827 3154/3154 3153/3153
f 2831/2831 3155/3155 3154/3154
f 2831/2831 3154/3154 2830/2830
f 3156/3156 3157/3157 3158/3158
f 3156/3156 3158/3158 3159/3159
f 2834/2834 2836/2836 3158/3158
f 2834/2834 3158/3158 3157/3157
f 2835/2835 3156/3156 3159/3159
f 2835/2835 3159/3159 2837/2837
f 2835/2835 2834/2834 3157/3157
f 2835/2835 3157/3157 3156/3156
f 3159/3159 3158/3158 3160/3160
f 3159/3159 3160/3160 3161/3161
f 2836/2836 2838/2838 3160/3160
f 2836/2836 3160/3160 3158/3158
f 2837/2837 3159/3159 3161/3161
f 2837/2837 3161/3161 2839/2839
f 3161/3161 3160/3160 3162/3162
f 3161/3161 3162/3162 3163/3163
f 2838/2838 2840/2840 3162/3162
f 2838/2838 3162/3162 3160/3160
f 2839/2839 3161/3161 3163/3163
f 2839/2839 3163/3163 2841/2841
f 3163/3163 3162/3162 3164/3164
f 3163/3163 3164/3164 3165/3165
f 2840/2840 2842/2842 3164/3164
f 2840/2840 3164/3164 3162/3162
f 2841/2841 3163/3163 3165/3165
f 2841/2841 3165/3165 2843/2843
f 2843/2843 3165/3165 3164/3164
f 2843/2843 3164/3164 2842/2842
f 2847/2847 2846/2846 3166/3166
f 2847/2847 3166/3166 3167/3167
f 2848/2848 3168/3168 3169/3169
f 2848/2848 3169/3169 2849/2849
f 2848/2848 2847/2847 3167/3167
f 2848/2848 3167/3167 3168/3168
f 2846/2846 2850/2850 3170/3170
f 2846/2846 3170/3170 3166/3166
f 2849/2849 3169/3169 3171/3171
f 2849/2849 3171/3171 2851/2851
f 2851/2851 3171/3171 3172/3172
f 2851/2851 3172/3172 2852/2852
f 2852/2852 3172/3172 3173/3173
f 2852/2852 3173/3173 2853/2853
f 2853/2853 3173/3173 3174/3174
f 2853/2853 3174/3174 2854/2854
f 2854/2854 3174/3174 3175/3175
f 2854/2854 3175/3175 2855/2855
f 2855/2855 3175/3175 3176/3176
f 2855/2855 3176/3176 2856/2856
f 2856/2856 3176/3176 3177/3177
f 2856/2856 3177/3177 2857/2857
f 2857/2857 3177/3177 3178/3178
f 2857/2857 3178/3178 2858/2858
f 2858/2858 3178/3178 3179/3179
f 2858/2858 3179/3179 2859/2859
f 2859/2859 3179/3179 3180/3180
f 2859/2859 3180/3180 2860/2860
f 2860/2860 3180/3180 3181/3181
f 2860/2860 3181/3181 2861/2861
f 2861/2861 3181/3181 3182/3182
f 2861/2861 3182/3182 2862/2862
f 2862/2862 3182/3182 3183/3183
f 2862/2862 3183/3183 2863/2863
f 2865/2865 2864/2864 3184/3184
f 2865/2865 3184/3184 3185/3185
f 2863/2863 3183/3183 3186/3186
f 2863/2863 3186/3186 2866/2866
f 2864/2864 2867/2867 3187/3187
f 2864/2864 3187/3187 3184/3184
f 2866/2866 3186/3186 3188/3188
f 2866/2866 3188/3188 2868/2868
f 2868/2868 3188/3188 3187/3187
f 2868/2868 3187/3187 2867/2867
f 3189/3189 3190/3190 3191/3191
f 3189/3189 3191/3191 3192/3192
f 2870/2870 2869/2869 3191/3191
f 2870/2870 3191/3191 3190/3190
f 2871/2871 2870/2870 3190/3190
f 2871/2871 3190/3190 3189/3189
f 3193/3193 3194/3194 3195/3195
f 3193/3193 3195/3195 3196/3196
f 2873/2873 2872/2872 3195/3195
f 2873/2873 3195/3195 3194/3194
f 2874/2874 3196/3196 3195/3195
f 2874/2874 3195/3195 2872/2872
f 2876/2876 2875/2875 3197/3197
f 2876/2876 3197/3197 3198/3198
f 2877/2877 3199/3199 3200/3200
f 2877/2877 3200/3200 2878/2878
f 2879/2879 3201/3201 3202/3202
f 2879/2879 3202/3202 2880/2880
f 2879/2879 2881/2881 3203/3203
f 2879/2879 3203/3203 3201/3201
f 2880/2880 3202/3202 3204/3204
f 2880/2880 3204/3204 2882/2882
f 2883/2883 3205/3205 3206/3206
f 2883/2883 3206/3206 2884/2884
f 2884/2884 3206/3206 3207/3207
f 2884/2884 3207/3207 2885/2885
f 2885/2885 3207/3207 3208/3208
f 2885/2885 3208/3208 2886/2886
f 2887/2887 3209/3209 3210/3210
f 2887/2887 3210/3210 2888/2888
f 2887/2887 2889/2889 3211/3211
f 2887/2887 3211/3211 3209/3209
f 2890/2890 3212/3212 3213/3213
f 2890/2890 3213/3213 2891/2891
f 2891/2891 3213/3213 3214/3214
f 2891/2891 3214/3214 2892/2892
f 2894/2894 2893/2893 3215/3215
f 2894/2894 3215/3215 3216/3216
f 2895/2895 3217/3217 3218/3218
f 2895/2895 3218/3218 2896/2896
f 3219/3219 3220/3220 3221/3221
f 3219/3219 3221/3221 3222/3222
f 2898/2898 2897/2897 3221/3221
f 2898/2898 3221/3221 3220/3220
f 2899/2899 3219/3219 3222/3222
f 2899/2899 3222/3222 2900/2900
f 2899/2899 2898/2898 3220/3220
f 2899/2899 3220/3220 3219/3219
f 3223/3223 3224/3224 3225/3225
f 3223/3223 3225/3225 3226/3226
f 2903/2903 2902/2902 3225/3225
f 2903/2903 3225/3225 3224/3224
f 2905/2905 3223/3223 3226/3226
f 2905/2905 3226/3226 2906/2906
f 2906/2906 3226/3226 3225/3225
f 2906/2906 3225/3225 2902/2902
f 2908/2908 2907/2907 3227/3227
f 2908/2908 3227/3227 3228/3228
f 2909/2909 3229/3229 3230/3230
f 2909/2909 3230/3230 2910/2910
f 2912/2912 2911/2911 3231/3231
f 2912/2912 3231/3231 3232/3232
f 2913/2913 3233/3233 3234/3234
f 2913/2913 3234/3234 2914/2914
f 2913/2913 2912/2912 3232/3232
f 2913/2913 3232/3232 3233/3233
f 2911/2911 2915/2915 3235/3235
f 2911/2911 3235/3235 3231/3231
f 2915/2915 2917/2917 3236/3236
f 2915/2915 3236/3236 3235/3235
f 2917/2917 3237/3237 3238/3238
f 2917/2917 3238/3238 3236/3236
f 3239/3239 2920/2920 3240/3240
f 3239/3239 3240/3240 3241/3241
f 2920/2920 2919/2919 3242/3242
f 2920/2920 3242/3242 3240/3240
f 2919/2919 2921/2921 3243/3243
f 2919/2919 3243/3243 3242/3242
f 2921/2921 2922/2922 3244/3244
f 2921/2921 3244/3244 3243/3243
f 2923/2923 3245/3245 3246/3246
f 2923/2923 3246/3246 2924/2924
f 2924/2924 3246/3246 3244/3244
f 2924/2924 3244/3244 2922/2922
f 3247/3247 3248/3248 3249/3249
f 3247/3247 3249/3249 3250/3250
f 2928/2928 2927/2927 3248/3248
f 2928/2928 3248/3248 3247/3247
f 3251/3251 3252/3252 3253/3253
f 3251/3251 3253/3253 3254/3254
f 2929/2929 3254/3254 3253/3253
f 2929/2929 3253/3253 2930/2930
f 3248/3248 3255/3255 3256/3256
f 3248/3248 3256/3256 3249/3249
f 2927/2927 2934/2934 3255/3255
f 2927/2927 3255/3255 3248/3248
f 3252/3252 3257/3257 3258/3258
f 3252/3252 3258/3258 3253/3253
f 2930/2930 3253/3253 3258/3258
f 2930/2930 3258/3258 2935/2935
f 3259/3259 3260/3260 3261/3261
f 3259/3259 3261/3261 3255/3255
f 2933/2933 3259/3259 3255/3255
f 2933/2933 3255/3255 2934/2934
f 2933/2933 2939/2939 3260/3260
f 2933/2933 3260/3260 3259/3259
f 3258/3258 3262/3262 3263/3263
f 3258/3258 3263/3263 3264/3264
f 2935/2935 3258/3258 3264/3264
f 2935/2935 3264/3264 2936/2936
f 2936/2936 3264/3264 3263/3263
f 2936/2936 3263/3263 2940/2940
f 3265/3265 3266/3266 3267/3267
f 3265/3265 3267/3267 3260/3260
f 2938/2938 3265/3265 3260/3260
f 2938/2938 3260/3260 2939/2939
f 2938/2938 2943/2943 3266/3266
f 2938/2938 3266/3266 3265/3265
f 3263/3263 3268/3268 3269/3269
f 3263/3263 3269/3269 3270/3270
f 2940/2940 3263/3263 3270/3270
f 2940/2940 3270/3270 2941/2941
f 2941/2941 3270/3270 3269/3269
f 2941/2941 3269/3269 2944/2944
f 2948/2948 2947/2947 3271/3271
f 2948/2948 3271/3271 3272/3272
f 2951/2951 3273/3273 3274/3274
f 2951/2951 3274/3274 2952/2952
f 2958/2958 2957/2957 3275/3275
f 2958/2958 3275/3275 3276/3276
f 2959/2959 3277/3277 3278/3278
f 2959/2959 3278/3278 2960/2960
f 2959/2959 2958/2958 3276/3276
f 2959/2959 3276/3276 3277/3277
f 2957/2957 2961/2961 3279/3279
f 2957/2957 3279/3279 3275/3275
f 2960/2960 3278/3278 3280/3280
f 2960/2960 3280/3280 3281/3281
f 2961/2961 2962/2962 3282/3282
f 2961/2961 3282/3282 3279/3279
f 2964/2964 2963/2963 3283/3283
f 2964/2964 3283/3283 3284/3284
f 2963/2963 2965/2965 3285/3285
f 2963/2963 3285/3285 3283/3283
f 3286/3286 3287/3287 3288/3288
f 3286/3286 3288/3288 2967/2967
f 2965/2965 2966/2966 3289/3289
f 2965/2965 3289/3289 3285/3285
f 2967/2967 3288/3288 3290/3290
f 2967/2967 3290/3290 2968/2968
f 2968/2968 3290/3290 3289/3289
f 2968/2968 3289/3289 2966/2966
f 2971/2971 2970/2970 3291/3291
f 2971/2971 3291/3291 3292/3292
f 2974/2974 3293/3293 3294/3294
f 2974/2974 3294/3294 2972/2972
f 3295/3295 2976/2976 2975/2975
f 3295/3295 2975/2975 3296/3296
f 3295/3295 3296/3296 3297/3297
f 3295/3295 3297/3297 3298/3298
f 2977/2977 3299/3299 3300/3300
f 2977/2977 3300/3300 2978/2978
f 3299/3299 3301/3301 3302/3302
f 3299/3299 3302/3302 3300/3300
f 2980/2980 2979/2979 3303/3303
f 2980/2980 3303/3303 3304/3304
f 2981/2981 3305/3305 3306/3306
f 2981/2981 3306/3306 2982/2982
f 2981/2981 2980/2980 3304/3304
f 2981/2981 3304/3304 3305/3305
f 2979/2979 2983/2983 3307/3307
f 2979/2979 3307/3307 3303/3303
f 2982/2982 3306/3306 3308/3308
f 2982/2982 3308/3308 2984/2984
f 2983/2983 2985/2985 3309/3309
f 2983/2983 3309/3309 3307/3307
f 2984/2984 3308/3308 3310/3310
f 2984/2984 3310/3310 2986/2986
f 2986/2986 3310/3310 3311/3311
f 2986/2986 3311/3311 2988/2988
f 2991/2991 3312/3312 3313/3313
f 2991/2991 3313/3313 2994/2994
f 2992/2992 2995/2995 3314/3314
f 2992/2992 3314/3314 3315/3315
f 2994/2994 3313/3313 3316/3316
f 2994/2994 3316/3316 2996/2996
f 2995/2995 2997/2997 3317/3317
f 2995/2995 3317/3317 3314/3314
f 2996/2996 3316/3316 3318/3318
f 2996/2996 3318/3318 2998/2998
f 2997/2997 2999/2999 3319/3319
f 2997/2997 3319/3319 3317/3317
f 2998/2998 3318/3318 3320/3320
f 2998/2998 3320/3320 3000/3000
f 3000/3000 3320/3320 3319/3319
f 3000/3000 3319/3319 2999/2999
f 3321/3321 3322/3322 3323/3323
f 3321/3321 3323/3323 3324/3324
f 3325/3325 3002/3002 3001/3001
f 3325/3325 3001/3001 3326/3326
f 3326/3326 3001/3001 3323/3323
f 3326/3326 3323/3323 3322/3322
f 3325/3325 3326/3326 3322/3322
f 3325/3325 3322/3322 3321/3321
f 3327/3327 3328/3328 3329/3329
f 3327/3327 3329/3329 3330/3330
f 3003/3003 3331/3331 3332/3332
f 3003/3003 3332/3332 3004/3004
f 3004/3004 3332/3332 3329/3329
f 3004/3004 3329/3329 3328/3328
f 3331/3331 3330/3330 3329/3329
f 3331/3331 3329/3329 3332/3332
f 3006/3006 3005/3005 3333/3333
f 3006/3006 3333/3333 3334/3334
f 3007/3007 3335/3335 3336/3336
f 3007/3007 3336/3336 3008/3008
f 3337/3337 3338/3338 3339/3339
f 3337/3337 3339/3339 3340/3340
f 3010/3010 3009/3009 3339/3339
f 3010/3010 3339/3339 3338/3338
f 3011/3011 3337/3337 3340/3340
f 3011/3011 3340/3340 3012/3012
f 3011/3011 3010/3010 3338/3338
f 3011/3011 3338/3338 3337/3337
f 3009/3009 3013/3013 3341/3341
f 3009/3009 3341/3341 3339/3339
f 3012/3012 3340/3340 3342/3342
f 3012/3012 3342/3342 3014/3014
f 3013/3013 3015/3015 3343/3343
f 3013/3013 3343/3343 3341/3341
f 3015/3015 3017/3017 3344/3344
f 3015/3015 3344/3344 3343/3343
f 3020/3020 3019/3019 3345/3345
f 3020/3020 3345/3345 3346/3346
f 3019/3019 3021/3021 3347/3347
f 3019/3019 3347/3347 3345/3345
f 3021/3021 3022/3022 3348/3348
f 3021/3021 3348/3348 3347/3347
f 3023/3023 3349/3349 3350/3350
f 3023/3023 3350/3350 3024/3024
f 3350/3350 3348/3348 3351/3351
f 3350/3350 3351/3351 3352/3352
f 3022/3022 3025/3025 3351/3351
f 3022/3022 3351/3351 3348/3348
f 3024/3024 3350/3350 3352/3352
f 3024/3024 3352/3352 3026/3026
f 3026/3026 3352/3352 3351/3351
f 3026/3026 3351/3351 3025/3025
f 3353/3353 3354/3354 3355/3355
f 3353/3353 3355/3355 3356/3356
f 3029/3029 3028/3028 3355/3355
f 3029/3029 3355/3355 3354/3354
f 3030/3030 3029/3029 3354/3354
f 3030/3030 3354/3354 3353/3353
f 3356/3356 3355/3355 3357/3357
f 3356/3356 3357/3357 3358/3358
f 3028/3028 3359/3359 3357/3357
f 3028/3028 3357/3357 3355/3355
f 3360/3360 3361/3361 3362/3362
f 3360/3360 3362/3362 3363/3363
f 3364/3364 3033/3033 3362/3362
f 3364/3364 3362/3362 3361/3361
f 3363/3363 3362/3362 3365/3365
f 3363/3363 3365/3365 3366/3366
f 3033/3033 3032/3032 3365/3365
f 3033/3033 3365/3365 3362/3362
f 3034/3034 3366/3366 3365/3365
f 3034/3034 3365/3365 3032/3032
f 3367/3367 3368/3368 3369/3369
f 3367/3367 3369/3369 3370/3370
f 3038/3038 3037/3037 3368/3368
f 3038/3038 3368/3368 3367/3367
f 3370/3370 3369/3369 3371/3371
f 3370/3370 3371/3371 3372/3372
f 3372/3372 3371/3371 3373/3373
f 3372/3372 3373/3373 3374/3374
f 3374/3374 3373/3373 3375/3375
f 3374/3374 3375/3375 3376/3376
f 3039/3039 3376/3376 3375/3375
f 3039/3039 3375/3375 3040/3040
f 3368/3368 3377/3377 3378/3378
f 3368/3368 3378/3378 3369/3369
f 3037/3037 3044/3044 3377/3377
f 3037/3037 3377/3377 3368/3368
f 3369/3369 3378/3378 3379/3379
f 3369/3369 3379/3379 3371/3371
f 3371/3371 3379/3379 3380/3380
f 3371/3371 3380/3380 3373/3373
f 3373/3373 3380/3380 3381/3381
f 3373/3373 3381/3381 3375/3375
f 3040/3040 3375/3375 3381/3381
f 3040/3040 3381/3381 3045/3045
f 3382/3382 3383/3383 3384/3384
f 3382/3382 3384/3384 3385/3385
f 3047/3047 3382/3382 3385/3385
f 3047/3047 3385/3385 3048/3048
f 3047/3047 3049/3049 3383/3383
f 3047/3047 3383/3383 3382/3382
f 3048/3048 3385/3385 3386/3386
f 3048/3048 3386/3386 3050/3050
f 3050/3050 3386/3386 3387/3387
f 3050/3050 3387/3387 3388/3388
f 3389/3389 3390/3390 3391/3391
f 3389/3389 3391/3391 3053/3053
f 3053/3053 3391/3391 3392/3392
f 3053/3053 3392/3392 3054/3054
f 3392/3392 3393/3393 3394/3394
f 3392/3392 3394/3394 3395/3395
f 3054/3054 3392/3392 3395/3395
f 3054/3054 3395/3395 3055/3055
f 3055/3055 3395/3395 3394/3394
f 3055/3055 3394/3394 3056/3056
f 3049/3049 3059/3059 3396/3396
f 3049/3049 3396/3396 3383/3383
f 3056/3056 3394/3394 3397/3397
f 3056/3056 3397/3397 3062/3062
f 3070/3070 3069/3069 3398/3398
f 3070/3070 3398/3398 3399/3399
f 3071/3071 3070/3070 3399/3399
f 3071/3071 3399/3399 3400/3400
f 3069/3069 3072/3072 3401/3401
f 3069/3069 3401/3401 3398/3398
f 3072/3072 3073/3073 3402/3402
f 3072/3072 3402/3402 3401/3401
f 3077/3077 3078/3078 3403/3403
f 3077/3077 3403/3403 3404/3404
f 3078/3078 3079/3079 3405/3405
f 3078/3078 3405/3405 3403/3403
f 3079/3079 3082/3082 3406/3406
f 3079/3079 3406/3406 3405/3405
f 3083/3083 3407/3407 3406/3406
f 3083/3083 3406/3406 3082/3082
f 3408/3408 3409/3409 3410/3410
f 3408/3408 3410/3410 3411/3411
f 3411/3411 3410/3410 3412/3412
f 3411/3411 3412/3412 3413/3413
f 3408/3408 3411/3411 3413/3413
f 3408/3408 3413/3413 3414/3414
f 3409/3409 3415/3415 3416/3416
f 3409/3409 3416/3416 3410/3410
f 3410/3410 3416/3416 3417/3417
f 3410/3410 3417/3417 3412/3412
f 3415/3415 3418/3418 3419/3419
f 3415/3415 3419/3419 3416/3416
f 3416/3416 3419/3419 3420/3420
f 3416/3416 3420/3420 3417/3417
f 3418/3418 3421/3421 3422/3422
f 3418/3418 3422/3422 3419/3419
f 3419/3419 3422/3422 3423/3423
f 3419/3419 3423/3423 3420/3420
f 3421/3421 3424/3424 3423/3423
f 3421/3421 3423/3423 3422/3422
f 3087/3087 3086/3086 3425/3425
f 3087/3087 3425/3425 3426/3426
f 3088/3088 3427/3427 3428/3428
f 3088/3088 3428/3428 3089/3089
f 3088/3088 3087/3087 3426/3426
f 3088/3088 3426/3426 3427/3427
f 3086/3086 3090/3090 3429/3429
f 3086/3086 3429/3429 3425/3425
f 3089/3089 3428/3428 3430/3430
f 3089/3089 3430/3430 3091/3091
f 3090/3090 3092/3092 3431/3431
f 3090/3090 3431/3431 3429/3429
f 3091/3091 3430/3430 3432/3432
f 3091/3091 3432/3432 3093/3093
f 3092/3092 3094/3094 3433/3433
f 3092/3092 3433/3433 3431/3431
f 3093/3093 3432/3432 3434/3434
f 3093/3093 3434/3434 3095/3095
f 3094/3094 3096/3096 3435/3435
f 3094/3094 3435/3435 3433/3433
f 3095/3095 3434/3434 3436/3436
f 3095/3095 3436/3436 3097/3097
f 3096/3096 3098/3098 3437/3437
f 3096/3096 3437/3437 3435/3435
f 3097/3097 3436/3436 3438/3438
f 3097/3097 3438/3438 3099/3099
f 3098/3098 3100/3100 3439/3439
f 3098/3098 3439/3439 3437/3437
f 3099/3099 3438/3438 3440/3440
f 3099/3099 3440/3440 3101/3101
f 3100/3100 3102/3102 3441/3441
f 3100/3100 3441/3441 3439/3439
f 3101/3101 3440/3440 3442/3442
f 3101/3101 3442/3442 3103/3103
f 3102/3102 3104/3104 3443/3443
f 3102/3102 3443/3443 3441/3441
f 3103/3103 3442/3442 3444/3444
f 3103/3103 3444/3444 3105/3105
f 3104/3104 3106/3106 3445/3445
f 3104/3104 3445/3445 3443/3443
f 3105/3105 3444/3444 3446/3446
f 3105/3105 3446/3446 3107/3107
f 3106/3106 3108/3108 3447/3447
f 3106/3106 3447/3447 3445/3445
f 3107/3107 3446/3446 3448/3448
f 3107/3107 3448/3448 3109/3109
f 3108/3108 3112/3112 3449/3449
f 3108/3108 3449/3449 3447/3447
f 3109/3109 3448/3448 3450/3450
f 3109/3109 3450/3450 3113/3113
f 3113/3113 3450/3450 3449/3449
f 3113/3113 3449/3449 3112/3112
f 3451/3451 3116/3116 3115/3115
f 3451/3451 3115/3115 3452/3452
f 3452/3452 3115/3115 3453/3453
f 3452/3452 3453/3453 3454/3454
f 3451/3451 3455/3455 3456/3456
f 3451/3451 3456/3456 3116/3116
f 3451/3451 3452/3452 3454/3454
f 3451/3451 3454/3454 3455/3455
f 3115/3115 3114/3114 3457/3457
f 3115/3115 3457/3457 3453/3453
f 3116/3116 3456/3456 3458/3458
f 3116/3116 3458/3458 3117/3117
f 3114/3114 3118/3118 3459/3459
f 3114/3114 3459/3459 3457/3457
f 3117/3117 3458/3458 3460/3460
f 3117/3117 3460/3460 3119/3119
f 3118/3118 3120/3120 3461/3461
f 3118/3118 3461/3461 3459/3459
f 3119/3119 3460/3460 3462/3462
f 3119/3119 3462/3462 3121/3121
f 3120/3120 3122/3122 3463/3463
f 3120/3120 3463/3463 3461/3461
f 3121/3121 3462/3462 3464/3464
f 3121/3121 3464/3464 3123/3123
f 3123/3123 3464/3464 3465/3465
f 3123/3123 3465/3465 3124/3124
f 3124/3124 3465/3465 3466/3466
f 3124/3124 3466/3466 3125/3125
f 3125/3125 3466/3466 3467/3467
f 3125/3125 3467/3467 3126/3126
f 3126/3126 3467/3467 3468/3468
f 3126/3126 3468/3468 3127/3127
f 3127/3127 3468/3468 3469/3469
f 3127/3127 3469/3469 3128/3128
f 3128/3128 3469/3469 3470/3470
f 3128/3128 3470/3470 3129/3129
f 3129/3129 3470/3470 3471/3471
f 3129/3129 3471/3471 3130/3130
f 3130/3130 3471/3471 3472/3472
f 3130/3130 3472/3472 3131/3131
f 3131/3131 3472/3472 3473/3473
f 3131/3131 3473/3473 3132/3132
f 3132/3132 3473/3473 3474/3474
f 3132/3132 3474/3474 3133/3133
f 3135/3135 3134/3134 3475/3475
f 3135/3135 3475/3475 3476/3476
f 3133/3133 3474/3474 3477/3477
f 3133/3133 3477/3477 3136/3136
f 3134/3134 3137/3137 3478/3478
f 3134/3134 3478/3478 3475/3475
f 3136/3136 3477/3477 3479/3479
f 3136/3136 3479/3479 3138/3138
f 3137/3137 3139/3139 3480/3480
f 3137/3137 3480/3480 3478/3478
f 3138/3138 3479/3479 3481/3481
f 3138/3138 3481/3481 3140/3140
f 3139/3139 3141/3141 3482/3482
f 3139/3139 3482/3482 3480/3480
f 3140/3140 3481/3481 3483/3483
f 3140/3140 3483/3483 3142/3142
f 3142/3142 3484/3484 3485/3485
f 3142/3142 3485/3485 3141/3141
f 3141/3141 3485/3485 3486/3486
f 3141/3141 3486/3486 3482/3482
f 3142/3142 3483/3483 3487/3487
f 3142/3142 3487/3487 3484/3484
f 3484/3484 3487/3487 3486/3486
f 3484/3484 3486/3486 3485/3485
f 3144/3144 3143/3143 3488/3488
f 3144/3144 3488/3488 3489/3489
f 3145/3145 3144/3144 3489/3489
f 3145/3145 3489/3489 3490/3490
f 3143/3143 3146/3146 3491/3491
f 3143/3143 3491/3491 3488/3488
f 3146/3146 3147/3147 3492/3492
f 3146/3146 3492/3492 3491/3491
f 3147/3147 3148/3148 3493/3493
f 3147/3147 3493/3493 3492/3492
f 3148/3148 3149/3149 3494/3494
f 3148/3148 3494/3494 3493/3493
f 3149/3149 3150/3150 3495/3495
f 3149/3149 3495/3495 3494/3494
f 3150/3150 3151/3151 3496/3496
f 3150/3150 3496/3496 3495/3495
f 3151/3151 3152/3152 3497/3497
f 3151/3151 3497/3497 3496/3496
f 3152/3152 3153/3153 3498/3498
f 3152/3152 3498/3498 3497/3497
f 3153/3153 3154/3154 3499/3499
f 3153/3153 3499/3499 3498/3498
f 3155/3155 3500/3500 3499/3499
f 3155/3155 3499/3499 3154/3154
f 3501/3501 3502/3502 3503/3503
f 3501/3501 3503/3503 3504/3504
f 3167/3167 3166/3166 3503/3503
f 3167/3167 3503/3503 3502/3502
f 3168/3168 3501/3501 3504/3504
f 3168/3168 3504/3504 3169/3169
f 3168/3168 3167/3167 3502/3502
f 3168/3168 3502/3502 3501/3501
f 3166/3166 3170/3170 3505/3505
f 3166/3166 3505/3505 3503/3503
f 3169/3169 3504/3504 3506/3506
f 3169/3169 3506/3506 3171/3171
f 3170/3170 3507/3507 3508/3508
f 3170/3170 3508/3508 3505/3505
f 3171/3171 3506/3506 3509/3509
f 3171/3171 3509/3509 3172/3172
f 3172/3172 3509/3509 3510/3510
f 3172/3172 3510/3510 3173/3173
f 3173/3173 3510/3510 3511/3511
f 3173/3173 3511/3511 3174/3174
f 3174/3174 3511/3511 3512/3512
f 3174/3174 3512/3512 3175/3175
f 3175/3175 3512/3512 3513/3513
f 3175/3175 3513/3513 3176/3176
f 3176/3176 3513/3513 3514/3514
f 3176/3176 3514/3514 3177/3177
f 3177/3177 3514/3514 3515/3515
f 3177/3177 3515/3515 3178/3178
f 3178/3178 3515/3515 3516/3516
f 3178/3178 3516/3516 3179/3179
f 3179/3179 3516/3516 3517/3517
f 3179/3179 3517/3517 3180/3180
f 3180/3180 3517/3517 3518/3518
f 3180/3180 3518/3518 3181/3181
f 3181/3181 3518/3518 3519/3519
f 3181/3181 3519/3519 3182/3182
f 3520/3520 3185/3185 3521/3521
f 3520/3520 3521/3521 3522/3522
f 3182/3182 3519/3519 3523/3523
f 3182/3182 3523/3523 3183/3183
f 3185/3185 3184/3184 3524/3524
f 3185/3185 3524/3524 3521/3521
f 3183/3183 3523/3523 3525/3525
f 3183/3183 3525/3525 3186/3186
f 3525/3525 3524/3524 3526/3526
f 3525/3525 3526/3526 3527/3527
f 3184/3184 3187/3187 3526/3526
f 3184/3184 3526/3526 3524/3524
f 3186/3186 3525/3525 3527/3527
f 3186/3186 3527/3527 3188/3188
f 3188/3188 3527/3527 3526/3526
f 3188/3188 3526/3526 3187/3187
f 3192/3192 3191/3191 3528/3528
f 3192/3192 3528/3528 3529/3529
f 3193/3193 3530/3530 3531/3531
f 3193/3193 3531/3531 3194/3194
f 3532/3532 3533/3533 3534/3534
f 3532/3532 3534/3534 3535/3535
f 3198/3198 3197/3197 3533/3533
f 3198/3198 3533/3533 3532/3532
f 3536/3536 3537/3537 3538/3538
f 3536/3536 3538/3538 3539/3539
f 3199/3199 3539/3539 3538/3538
f 3199/3199 3538/3538 3200/3200
f 3201/3201 3540/3540 3541/3541
f 3201/3201 3541/3541 3202/3202
f 3201/3201 3203/3203 3542/3542
f 3201/3201 3542/3542 3540/3540
f 3202/3202 3541/3541 3543/3543
f 3202/3202 3543/3543 3204/3204
f 3205/3205 3544/3544 3545/3545
f 3205/3205 3545/3545 3206/3206
f 3206/3206 3545/3545 3546/3546
f 3206/3206 3546/3546 3207/3207
f 3207/3207 3546/3546 3547/3547
f 3207/3207 3547/3547 3208/3208
f 3209/3209 3548/3548 3549/3549
f 3209/3209 3549/3549 3210/3210
f 3209/3209 3211/3211 3550/3550
f 3209/3209 3550/3550 3548/3548
f 3212/3212 3551/3551 3552/3552
f 3212/3212 3552/3552 3213/3213
f 3213/3213 3552/3552 3553/3553
f 3213/3213 3553/3553 3214/3214
f 3216/3216 3215/3215 3554/3554
f 3216/3216 3554/3554 3555/3555
f 3217/3217 3556/3556 3557/3557
f 3217/3217 3557/3557 3218/3218
f 3222/3222 3221/3221 3558/3558
f 3222/3222 3558/3558 3559/3559
f 3223/3223 3560/3560 3561/3561
f 3223/3223 3561/3561 3224/3224
f 3562/3562 3563/3563 3564/3564
f 3562/3562 3564/3564 3565/3565
f 3228/3228 3227/3227 3563/3563
f 3228/3228 3563/3563 3562/3562
f 3566/3566 3567/3567 3568/3568
f 3566/3566 3568/3568 3569/3569
f 3229/3229 3569/3569 3568/3568
f 3229/3229 3568/3568 3230/3230
f 3570/3570 3571/3571 3572/3572
f 3570/3570 3572/3572 3573/3573
f 3232/3232 3231/3231 3572/3572
f 3232/3232 3572/3572 3571/3571
f 3233/3233 3570/3570 3573/3573
f 3233/3233 3573/3573 3234/3234
f 3233/3233 3232/3232 3571/3571
f 3233/3233 3571/3571 3570/3570
f 3231/3231 3235/3235 3574/3574
f 3231/3231 3574/3574 3572/3572
f 3235/3235 3236/3236 3575/3575
f 3235/3235 3575/3575 3574/3574
f 3236/3236 3238/3238 3576/3576
f 3236/3236 3576/3576 3575/3575
f 3238/3238 3577/3577 3578/3578
f 3238/3238 3578/3578 3576/3576
f 3579/3579 3241/3241 3580/3580
f 3579/3579 3580/3580 3581/3581
f 3241/3241 3240/3240 3582/3582
f 3241/3241 3582/3582 3580/3580
f 3240/3240 3242/3242 3583/3583
f 3240/3240 3583/3583 3582/3582
f 3242/3242 3243/3243 3584/3584
f 3242/3242 3584/3584 3583/3583
f 3585/3585 3584/3584 3586/3586
f 3585/3585 3586/3586 3587/3587
f 3243/3243 3244/3244 3586/3586
f 3243/3243 3586/3586 3584/3584
f 3245/3245 3585/3585 3587/3587
f 3245/3245 3587/3587 3246/3246
f 3246/3246 3587/3587 3586/3586
f 3246/3246 3586/3586 3244/3244
f 3588/3588 3589/3589 3590/3590
f 3588/3588 3590/3590 3591/3591
f 3250/3250 3249/3249 3589/3589
f 3250/3250 3589/3589 3588/3588
f 3592/3592 3593/3593 3594/3594
f 3592/3592 3594/3594 3595/3595
f 3251/3251 3595/3595 3594/3594
f 3251/3251 3594/3594 3252/3252
f 3589/3589 3596/3596 3597/3597
f 3589/3589 3597/3597 3590/3590
f 3249/3249 3256/3256 3596/3596
f 3249/3249 3596/3596 3589/3589
f 3593/3593 3598/3598 3599/3599
f 3593/3593 3599/3599 3594/3594
f 3252/3252 3594/3594 3599/3599
f 3252/3252 3599/3599 3257/3257
f 3600/3600 3601/3601 3602/3602
f 3600/3600 3602/3602 3596/3596
f 3255/3255 3600/3600 3596/3596
f 3255/3255 3596/3596 3256/3256
f 3255/3255 3261/3261 3601/3601
f 3255/3255 3601/3601 3600/3600
f 3599/3599 3603/3603 3604/3604
f 3599/3599 3604/3604 3605/3605
f 3257/3257 3599/3599 3605/3605
f 3257/3257 3605/3605 3258/3258
f 3258/3258 3605/3605 3604/3604
f 3258/3258 3604/3604 3262/3262
f 3606/3606 3607/3607 3608/3608
f 3606/3606 3608/3608 3601/3601
f 3260/3260 3606/3606 3601/3601
f 3260/3260 3601/3601 3261/3261
f 3260/3260 3267/3267 3607/3607
f 3260/3260 3607/3607 3606/3606
f 3604/3604 3609/3609 3610/3610
f 3604/3604 3610/3610 3611/3611
f 3262/3262 3604/3604 3611/3611
f 3262/3262 3611/3611 3263/3263
f 3263/3263 3611/3611 3610/3610
f 3263/3263 3610/3610 3268/3268
f 3272/3272 3612/3612 3613/3613
f 3272/3272 3613/3613 3614/3614
f 3272/3272 3271/3271 3615/3615
f 3272/3272 3615/3615 3612/3612
f 3616/3616 3617/3617 3618/3618
f 3616/3616 3618/3618 3273/3273
f 3273/3273 3618/3618 3619/3619
f 3273/3273 3619/3619 3274/3274
f 3620/3620 3621/3621 3622/3622
f 3620/3620 3622/3622 3623/3623
f 3276/3276 3275/3275 3622/3622
f 3276/3276 3622/3622 3621/3621
f 3277/3277 3620/3620 3623/3623
f 3277/3277 3623/3623 3278/3278
f 3277/3277 3276/3276 3621/3621
f 3277/3277 3621/3621 3620/3620
f 3275/3275 3279/3279 3624/3624
f 3275/3275 3624/3624 3622/3622
f 3278/3278 3623/3623 3625/3625
f 3278/3278 3625/3625 3280/3280
f 3283/3283 3285/3285 3626/3626
f 3283/3283 3626/3626 3627/3627
f 3287/3287 3628/3628 3629/3629
f 3287/3287 3629/3629 3288/3288
f 3629/3629 3626/3626 3630/3630
f 3629/3629 3630/3630 3631/3631
f 3285/3285 3289/3289 3630/3630
f 3285/3285 3630/3630 3626/3626
f 3288/3288 3629/3629 3631/3631
f 3288/3288 3631/3631 3290/3290
f 3290/3290 3631/3631 3630/3630
f 3290/3290 3630/3630 3289/3289
f 3632/3632 3633/3633 3634/3634
f 3632/3632 3634/3634 3635/3635
f 3636/3636 3292/3292 3291/3291
f 3636/3636 3291/3291 3637/3637
f 3637/3637 3291/3291 3634/3634
f 3637/3637 3634/3634 3633/3633
f 3636/3636 3637/3637 3633/3633
f 3636/3636 3633/3633 3632/3632
f 3638/3638 3639/3639 3640/3640
f 3638/3638 3640/3640 3641/3641
f 3293/3293 3642/3642 3643/3643
f 3293/3293 3643/3643 3294/3294
f 3294/3294 3643/3643 3640/3640
f 3294/3294 3640/3640 3639/3639
f 3642/3642 3641/3641 3640/3640
f 3642/3642 3640/3640 3643/3643
f 3298/3298 3297/3297 3644/3644
f 3298/3298 3644/3644 3645/3645
f 3301/3301 3646/3646 3647/3647
f 3301/3301 3647/3647 3302/3302
f 3304/3304 3303/3303 3648/3648
f 3304/3304 3648/3648 3649/3649
f 3305/3305 3650/3650 3651/3651
f 3305/3305 3651/3651 3306/3306
f 3305/3305 3304/3304 3649/3649
f 3305/3305 3649/3649 3650/3650
f 3303/3303 3307/3307 3652/3652
f 3303/3303 3652/3652 3648/3648
f 3306/3306 3651/3651 3653/3653
f 3306/3306 3653/3653 3308/3308
f 3307/3307 3309/3309 3654/3654
f 3307/3307 3654/3654 3652/3652
f 3308/3308 3653/3653 3655/3655
f 3308/3308 3655/3655 3310/3310
f 3309/3309 3656/3656 3657/3657
f 3309/3309 3657/3657 3654/3654
f 3310/3310 3655/3655 3658/3658
f 3310/3310 3658/3658 3311/3311
f 3659/3659 3315/3315 3660/3660
f 3659/3659 3660/3660 3661/3661
f 3312/3312 3662/3662 3663/3663
f 3312/3312 3663/3663 3313/3313
f 3315/3315 3314/3314 3664/3664
f 3315/3315 3664/3664 3660/3660
f 3313/3313 3663/3663 3665/3665
f 3313/3313 3665/3665 3316/3316
f 3314/3314 3317/3317 3666/3666
f 3314/3314 3666/3666 3664/3664
f 3316/3316 3665/3665 3667/3667
f 3316/3316 3667/3667 3318/3318
f 3317/3317 3319/3319 3668/3668
f 3317/3317 3668/3668 3666/3666
f 3318/3318 3667/3667 3669/3669
f 3318/3318 3669/3669 3320/3320
f 3320/3320 3669/3669 3668/3668
f 3320/3320 3668/3668 3319/3319
f 3324/3324 3323/3323 3670/3670
f 3324/3324 3670/3670 3671/3671
f 3327/3327 3672/3672 3673/3673
f 3327/3327 3673/3673 3328/3328
f 3674/3674 3675/3675 3676/3676
f 3674/3674 3676/3676 3677/3677
f 3334/3334 3333/3333 3675/3675
f 3334/3334 3675/3675 3674/3674
f 3678/3678 3679/3679 3680/3680
f 3678/3678 3680/3680 3681/3681
f 3335/3335 3681/3681 3680/3680
f 3335/3335 3680/3680 3336/3336
f 3339/3339 3341/3341 3682/3682
f 3339/3339 3682/3682 3683/3683
f 3340/3340 3684/3684 3685/3685
f 3340/3340 3685/3685 3342/3342
f 3340/3340 3339/3339 3683/3683
f 3340/3340 3683/3683 3684/3684
f 3341/3341 3343/3343 3686/3686
f 3341/3341 3686/3686 3682/3682
f 3343/3343 3344/3344 3687/3687
f 3343/3343 3687/3687 3686/3686
f 3344/3344 3688/3688 3689/3689
f 3344/3344 3689/3689 3687/3687
f 3688/3688 3690/3690 3691/3691
f 3688/3688 3691/3691 3689/3689
f 3692/3692 3693/3693 3694/3694
f 3692/3692 3694/3694 3695/3695
f 3693/3693 3346/3346 3696/3696
f 3693/3693 3696/3696 3694/3694
f 3346/3346 3345/3345 3697/3697
f 3346/3346 3697/3697 3696/3696
f 3345/3345 3347/3347 3698/3698
f 3345/3345 3698/3698 3697/3697
f 3347/3347 3348/3348 3699/3699
f 3347/3347 3699/3699 3698/3698
f 3349/3349 3700/3700 3701/3701
f 3349/3349 3701/3701 3350/3350
f 3350/3350 3701/3701 3699/3699
f 3350/3350 3699/3699 3348/3348
f 3702/3702 3703/3703 3704/3704
f 3702/3702 3704/3704 3705/3705
f 3357/3357 3706/3706 3704/3704
f 3357/3357 3704/3704 3703/3703
f 3358/3358 3357/3357 3703/3703
f 3358/3358 3703/3703 3702/3702
f 3705/3705 3704/3704 3707/3707
f 3705/3705 3707/3707 3708/3708
f 3706/3706 3709/3709 3707/3707
f 3706/3706 3707/3707 3704/3704
f 3708/3708 3707/3707 3710/3710
f 3708/3708 3710/3710 3711/3711
f 3709/3709 3712/3712 3710/3710
f 3709/3709 3710/3710 3707/3707
f 3711/3711 3710/3710 3713/3713
f 3711/3711 3713/3713 3714/3714
f 3712/3712 3361/3361 3713/3713
f 3712/3712 3713/3713 3710/3710
f 3360/3360 3714/3714 3713/3713
f 3360/3360 3713/3713 3361/3361
f 3715/3715 3716/3716 3717/3717
f 3715/3715 3717/3717 3718/3718
f 3385/3385 3715/3715 3718/3718
f 3385/3385 3718/3718 3386/3386
f 3385/3385 3384/3384 3716/3716
f 3385/3385 3716/3716 3715/3715
f 3718/3718 3717/3717 3719/3719
f 3718/3718 3719/3719 3720/3720
f 3386/3386 3718/3718 3720/3720
f 3386/3386 3720/3720 3387/3387
f 3387/3387 3720/3720 3721/3721
f 3387/3387 3721/3721 3722/3722
f 3722/3722 3721/3721 3723/3723
f 3722/3722 3723/3723 3724/3724
f 3724/3724 3723/3723 3725/3725
f 3724/3724 3725/3725 3726/3726
f 3726/3726 3725/3725 3727/3727
f 3726/3726 3727/3727 3390/3390
f 3727/3727 3728/3728 3729/3729
f 3727/3727 3729/3729 3730/3730
f 3390/3390 3727/3727 3730/3730
f 3390/3390 3730/3730 3391/3391
f 3730/3730 3729/3729 3731/3731
f 3730/3730 3731/3731 3732/3732
f 3391/3391 3730/3730 3732/3732
f 3391/3391 3732/3732 3392/3392
f 3392/3392 3732/3732 3731/3731
f 3392/3392 3731/3731 3393/3393
f 3383/3383 3733/3733 3716/3716
f 3383/3383 3716/3716 3384/3384
f 3383/3383 3396/3396 3734/3734
f 3383/3383 3734/3734 3733/3733
f 3393/3393 3731/3731 3735/3735
f 3393/3393 3735/3735 3394/3394
f 3394/3394 3735/3735 3736/3736
f 3394/3394 3736/3736 3397/3397
f 3399/3399 3398/3398 3737/3737
f 3399/3399 3737/3737 3738/3738
f 3400/3400 3399/3399 3738/3738
f 3400/3400 3738/3738 3739/3739
f 3398/3398 3401/3401 3740/3740
f 3398/3398 3740/3740 3737/3737
f 3403/3403 3405/3405 3741/3741
f 3403/3403 3741/3741 3742/3742
f 3405/3405 3406/3406 3743/3743
f 3405/3405 3743/3743 3741/3741
f 3407/3407 3744/3744 3743/3743
f 3407/3407 3743/3743 3406/3406
f 3745/3745 3414/3414 3413/3413
f 3745/3745 3413/3413 3746/3746
f 3746/3746 3413/3413 3747/3747
f 3746/3746 3747/3747 3748/3748
f 3745/3745 3746/3746 3748/3748
f 3745/3745 3748/3748 3749/3749
f 3413/3413 3412/3412 3750/3750
f 3413/3413 3750/3750 3747/3747
f 3412/3412 3417/3417 3751/3751
f 3412/3412 3751/3751 3750/3750
f 3417/3417 3420/3420 3752/3752
f 3417/3417 3752/3752 3751/3751
f 3420/3420 3423/3423 3753/3753
f 3420/3420 3753/3753 3752/3752
f 3424/3424 3754/3754 3755/3755
f 3424/3424 3755/3755 3423/3423
f 3423/3423 3755/3755 3756/3756
f 3423/3423 3756/3756 3753/3753
f 3754/3754 3757/3757 3756/3756
f 3754/3754 3756/3756 3755/3755
f 3758/3758 3427/3427 3426/3426
f 3758/3758 3426/3426 3759/3759
f 3759/3759 3426/3426 3760/3760
f 3759/3759 3760/3760 3761/3761
f 3758/3758 3762/3762 3763/3763
f 3758/3758 3763/3763 3427/3427
f 3758/3758 3759/3759 3761/3761
f 3758/3758 3761/3761 3762/3762
f 3426/3426 3425/3425 3764/3764
f 3426/3426 3764/3764 3760/3760
f 3427/3427 3763/3763 3765/3765
f 3427/3427 3765/3765 3428/3428
f 3425/3425 3429/3429 3766/3766
f 3425/3425 3766/3766 3764/3764
f 3428/3428 3765/3765 3767/3767
f 3428/3428 3767/3767 3430/3430
f 3429/3429 3431/3431 3768/3768
f 3429/3429 3768/3768 3766/3766
f 3430/3430 3767/3767 3769/3769
f 3430/3430 3769/3769 3432/3432
f 3431/3431 3433/3433 3770/3770
f 3431/3431 3770/3770 3768/3768
f 3432/3432 3769/3769 3771/3771
f 3432/3432 3771/3771 3434/3434
f 3433/3433 3435/3435 3772/3772
f 3433/3433 3772/3772 3770/3770
f 3434/3434 3771/3771 3773/3773
f 3434/3434 3773/3773 3436/3436
f 3435/3435 3437/3437 3774/3774
f 3435/3435 3774/3774 3772/3772
f 3436/3436 3773/3773 3775/3775
f 3436/3436 3775/3775 3438/3438
f 3437/3437 3439/3439 3776/3776
f 3437/3437 3776/3776 3774/3774
f 3438/3438 3775/3775 3777/3777
f 3438/3438 3777/3777 3440/3440
f 3439/3439 3441/3441 3778/3778
f 3439/3439 3778/3778 3776/3776
f 3440/3440 3777/3777 3779/3779
f 3440/3440 3779/3779 3442/3442
f 3441/3441 3443/3443 3780/3780
f 3441/3441 3780/3780 3778/3778
f 3442/3442 3779/3779 3781/3781
f 3442/3442 3781/3781 3444/3444
f 3443/3443 3445/3445 3782/3782
f 3443/3443 3782/3782 3780/3780
f 3444/3444 3781/3781 3783/3783
f 3444/3444 3783/3783 3446/3446
f 3445/3445 3447/3447 3784/3784
f 3445/3445 3784/3784 3782/3782
f 3446/3446 3783/3783 3785/3785
f 3446/3446 3785/3785 3448/3448
f 3447/3447 3449/3449 3786/3786
f 3447/3447 3786/3786 3784/3784
f 3448/3448 3785/3785 3787/3787
f 3448/3448 3787/3787 3450/3450
f 3450/3450 3788/3788 3789/3789
f 3450/3450 3789/3789 3449/3449
f 3449/3449 3789/3789 3790/3790
f 3449/3449 3790/3790 3786/3786
f 3450/3450 3787/3787 3791/3791
f 3450/3450 3791/3791 3788/3788
f 3788/3788 3791/3791 3790/3790
f 3788/3788 3790/3790 3789/3789
f 3454/3454 3453/3453 3792/3792
f 3454/3454 3792/3792 3793/3793
f 3455/3455 3794/3794 3795/3795
f 3455/3455 3795/3795 3456/3456
f 3455/3455 3454/3454 3793/3793
f 3455/3455 3793/3793 3794/3794
f 3453/3453 3457/3457 3796/3796
f 3453/3453 3796/3796 3792/3792
f 3456/3456 3795/3795 3797/3797
f 3456/3456 3797/3797 3458/3458
f 3457/3457 3459/3459 3798/3798
f 3457/3457 3798/3798 3796/3796
f 3458/3458 3797/3797 3799/3799
f 3458/3458 3799/3799 3460/3460
f 3459/3459 3461/3461 3800/3800
f 3459/3459 3800/3800 3798/3798
f 3460/3460 3799/3799 3801/3801
f 3460/3460 3801/3801 3462/3462
f 3461/3461 3463/3463 3802/3802
f 3461/3461 3802/3802 3800/3800
f 3462/3462 3801/3801 3803/3803
f 3462/3462 3803/3803 3464/3464
f 3464/3464 3803/3803 3804/3804
f 3464/3464 3804/3804 3465/3465
f 3465/3465 3804/3804 3805/3805
f 3465/3465 3805/3805 3466/3466
f 3466/3466 3805/3805 3806/3806
f 3466/3466 3806/3806 3467/3467
f 3467/3467 3806/3806 3807/3807
f 3467/3467 3807/3807 3468/3468
f 3468/3468 3807/3807 3808/3808
f 3468/3468 3808/3808 3469/3469
f 3469/3469 3808/3808 3809/3809
f 3469/3469 3809/3809 3470/3470
f 3470/3470 3809/3809 3810/3810
f 3470/3470 3810/3810 3471/3471
f 3471/3471 3810/3810 3811/3811
f 3471/3471 3811/3811 3472/3472
f 3472/3472 3811/3811 3812/3812
f 3472/3472 3812/3812 3473/3473
f 3473/3473 3812/3812 3813/3813
f 3473/3473 3813/3813 3474/3474
f 3476/3476 3475/3475 3814/3814
f 3476/3476 3814/3814 3815/3815
f 3474/3474 3813/3813 3816/3816
f 3474/3474 3816/3816 3477/3477
f 3475/3475 3478/3478 3817/3817
f 3475/3475 3817/3817 3814/3814
f 3477/3477 3816/3816 3818/3818
f 3477/3477 3818/3818 3479/3479
f 3478/3478 3480/3480 3819/3819
f 3478/3478 3819/3819 3817/3817
f 3479/3479 3818/3818 3820/3820
f 3479/3479 3820/3820 3481/3481
f 3480/3480 3482/3482 3821/3821
f 3480/3480 3821/3821 3819/3819
f 3481/3481 3820/3820 3822/3822
f 3481/3481 3822/3822 3483/3483
f 3482/3482 3486/3486 3823/3823
f 3482/3482 3823/3823 3821/3821
f 3483/3483 3822/3822 3824/3824
f 3483/3483 3824/3824 3487/3487
f 3487/3487 3824/3824 3823/3823
f 3487/3487 3823/3823 3486/3486
f 3825/3825 3826/3826 3827/3827
f 3825/3825 3827/3827 3828/3828
f 3489/3489 3488/3488 3827/3827
f 3489/3489 3827/3827 3826/3826
f 3490/3490 3489/3489 3826/3826
f 3490/3490 3826/3826 3825/3825
f 3488/3488 3491/3491 3829/3829
f 3488/3488 3829/3829 3827/3827
f 3491/3491 3492/3492 3830/3830
f 3491/3491 3830/3830 3829/3829
f 3492/3492 3493/3493 3831/3831
f 3492/3492 3831/3831 3830/3830
f 3493/3493 3494/3494 3832/3832
f 3493/3493 3832/3832 3831/3831
f 3494/3494 3495/3495 3833/3833
f 3494/3494 3833/3833 3832/3832
f 3495/3495 3496/3496 3834/3834
f 3495/3495 3834/3834 3833/3833
f 3496/3496 3497/3497 3835/3835
f 3496/3496 3835/3835 3834/3834
f 3497/3497 3498/3498 3836/3836
f 3497/3497 3836/3836 3835/3835
f 3837/3837 3836/3836 3838/3838
f 3837/3837 3838/3838 3839/3839
f 3498/3498 3499/3499 3838/3838
f 3498/3498 3838/3838 3836/3836
f 3500/3500 3839/3839 3838/3838
f 3500/3500 3838/3838 3499/3499
f 3503/3503 3505/3505 3840/3840
f 3503/3503 3840/3840 3841/3841
f 3504/3504 3842/3842 3843/3843
f 3504/3504 3843/3843 3506/3506
f 3504/3504 3503/3503 3841/3841
f 3504/3504 3841/3841 3842/3842
f 3505/3505 3508/3508 3844/3844
f 3505/3505 3844/3844 3840/3840
f 3506/3506 3843/3843 3845/3845
f 3506/3506 3845/3845 3509/3509
f 3509/3509 3845/3845 3846/3846
f 3509/3509 3846/3846 3510/3510
f 3510/3510 3846/3846 3847/3847
f 3510/3510 3847/3847 3511/3511
f 3511/3511 3847/3847 3848/3848
f 3511/3511 3848/3848 3512/3512
f 3512/3512 3848/3848 3849/3849
f 3512/3512 3849/3849 3513/3513
f 3513/3513 3849/3849 3850/3850
f 3513/3513 3850/3850 3514/3514
f 3514/3514 3850/3850 3851/3851
f 3514/3514 3851/3851 3515/3515
f 3515/3515 3851/3851 3852/3852
f 3515/3515 3852/3852 3516/3516
f 3516/3516 3852/3852 3853/3853
f 3516/3516 3853/3853 3517/3517
f 3517/3517 3853/3853 3854/3854
f 3517/3517 3854/3854 3518/3518
f 3518/3518 3854/3854 3855/3855
f 3518/3518 3855/3855 3519/3519
f 3522/3522 3521/3521 3856/3856
f 3522/3522 3856/3856 3857/3857
f 3519/3519 3855/3855 3858/3858
f 3519/3519 3858/3858 3523/3523
f 3521/3521 3524/3524 3859/3859
f 3521/3521 3859/3859 3856/3856
f 3523/3523 3858/3858 3860/3860
f 3523/3523 3860/3860 3525/3525
f 3525/3525 3860/3860 3859/3859
f 3525/3525 3859/3859 3524/3524
f 3861/3861 3862/3862 3863/3863
f 3861/3861 3863/3863 3864/3864
f 3528/3528 3865/3865 3863/3863
f 3528/3528 3863/3863 3862/3862
f 3529/3529 3528/3528 3862/3862
f 3529/3529 3862/3862 3861/3861
f 3866/3866 3867/3867 3868/3868
f 3866/3866 3868/3868 3869/3869
f 3870/3870 3531/3531 3868/3868
f 3870/3870 3868/3868 3867/3867
f 3530/3530 3869/3869 3868/3868
f 3530/3530 3868/3868 3531/3531
f 3535/3535 3534/3534 3871/3871
f 3535/3535 3871/3871 3872/3872
f 3536/3536 3873/3873 3874/3874
f 3536/3536 3874/3874 3537/3537
f 3875/3875 3876/3876 3877/3877
f 3875/3875 3877/3877 3878/3878
f 3540/3540 3875/3875 3878/3878
f 3540/3540 3878/3878 3541/3541
f 3540/3540 3542/3542 3876/3876
f 3540/3540 3876/3876 3875/3875
f 3541/3541 3878/3878 3879/3879
f 3541/3541 3879/3879 3543/3543
f 3543/3543 3879/3879 3880/3880
f 3543/3543 3880/3880 3881/3881
f 3882/3882 3883/3883 3884/3884
f 3882/3882 3884/3884 3544/3544
f 3544/3544 3884/3884 3885/3885
f 3544/3544 3885/3885 3545/3545
f 3885/3885 3886/3886 3887/3887
f 3885/3885 3887/3887 3888/3888
f 3545/3545 3885/3885 3888/3888
f 3545/3545 3888/3888 3546/3546
f 3546/3546 3888/3888 3887/3887
f 3546/3546 3887/3887 3547/3547
f 3889/3889 3890/3890 3891/3891
f 3889/3889 3891/3891 3892/3892
f 3548/3548 3889/3889 3892/3892
f 3548/3548 3892/3892 3549/3549
f 3548/3548 3550/3550 3890/3890
f 3548/3548 3890/3890 3889/3889
f 3893/3893 3894/3894 3895/3895
f 3893/3893 3895/3895 3896/3896
f 3551/3551 3893/3893 3896/3896
f 3551/3551 3896/3896 3552/3552
f 3552/3552 3896/3896 3895/3895
f 3552/3552 3895/3895 3553/3553
f 3897/3897 3898/3898 3899/3899
f 3897/3897 3899/3899 3900/3900
f 3555/3555 3554/3554 3898/3898
f 3555/3555 3898/3898 3897/3897
f 3901/3901 3902/3902 3903/3903
f 3901/3901 3903/3903 3904/3904
f 3556/3556 3904/3904 3903/3903
f 3556/3556 3903/3903 3557/3557
f 3905/3905 3906/3906 3907/3907
f 3905/3905 3907/3907 3908/3908
f 3558/3558 3909/3909 3907/3907
f 3558/3558 3907/3907 3906/3906
f 3559/3559 3558/3558 3906/3906
f 3559/3559 3906/3906 3905/3905
f 3910/3910 3911/3911 3912/3912
f 3910/3910 3912/3912 3913/3913
f 3914/3914 3561/3561 3912/3912
f 3914/3914 3912/3912 3911/3911
f 3560/3560 3913/3913 3912/3912
f 3560/3560 3912/3912 3561/3561
f 3915/3915 3916/3916 3917/3917
f 3915/3915 3917/3917 3918/3918
f 3565/3565 3564/3564 3916/3916
f 3565/3565 3916/3916 3915/3915
f 3919/3919 3920/3920 3921/3921
f 3919/3919 3921/3921 3922/3922
f 3566/3566 3922/3922 3921/3921
f 3566/3566 3921/3921 3567/3567
f 3923/3923 3924/3924 3925/3925
f 3923/3923 3925/3925 3926/3926
f 3572/3572 3574/3574 3925/3925
f 3572/3572 3925/3925 3924/3924
f 3573/3573 3923/3923 3926/3926
f 3573/3573 3926/3926 3927/3927
f 3573/3573 3572/3572 3924/3924
f 3573/3573 3924/3924 3923/3923
f 3574/3574 3575/3575 3928/3928
f 3574/3574 3928/3928 3925/3925
f 3575/3575 3576/3576 3929/3929
f 3575/3575 3929/3929 3928/3928
f 3576/3576 3578/3578 3930/3930
f 3576/3576 3930/3930 3929/3929
f 3578/3578 3931/3931 3932/3932
f 3578/3578 3932/3932 3930/3930
f 3933/3933 3581/3581 3934/3934
f 3933/3933 3934/3934 3935/3935
f 3581/3581 3580/3580 3936/3936
f 3581/3581 3936/3936 3934/3934
f 3580/3580 3582/3582 3937/3937
f 3580/3580 3937/3937 3936/3936
f 3582/3582 3583/3583 3938/3938
f 3582/3582 3938/3938 3937/3937
f 3939/3939 3938/3938 3940/3940
f 3939/3939 3940/3940 3941/3941
f 3583/3583 3584/3584 3940/3940
f 3583/3583 3940/3940 3938/3938
f 3942/3942 3939/3939 3941/3941
f 3942/3942 3941/3941 3585/3585
f 3585/3585 3941/3941 3940/3940
f 3585/3585 3940/3940 3584/3584
f 3943/3943 3944/3944 3945/3945
f 3943/3943 3945/3945 3946/3946
f 3591/3591 3590/3590 3944/3944
f 3591/3591 3944/3944 3943/3943
f 3946/3946 3945/3945 3947/3947
f 3946/3946 3947/3947 3948/3948
f 3948/3948 3947/3947 3949/3949
f 3948/3948 3949/3949 3950/3950
f 3950/3950 3949/3949 3951/3951
f 3950/3950 3951/3951 3952/3952
f 3952/3952 3951/3951 3953/3953
f 3952/3952 3953/3953 3954/3954
f 3954/3954 3953/3953 3955/3955
f 3954/3954 3955/3955 3956/3956
f 3592/3592 3956/3956 3955/3955
f 3592/3592 3955/3955 3593/3593
f 3944/3944 3957/3957 3958/3958
f 3944/3944 3958/3958 3945/3945
f 3590/3590 3597/3597 3957/3957
f 3590/3590 3957/3957 3944/3944
f 3945/3945 3958/3958 3959/3959
f 3945/3945 3959/3959 3947/3947
f 3947/3947 3959/3959 3960/3960
f 3947/3947 3960/3960 3949/3949
f 3949/3949 3960/3960 3961/3961
f 3949/3949 3961/3961 3951/3951
f 3951/3951 3961/3961 3962/3962
f 3951/3951 3962/3962 3953/3953
f 3953/3953 3962/3962 3963/3963
f 3953/3953 3963/3963 3955/3955
f 3593/3593 3955/3955 3963/3963
f 3593/3593 3963/3963 3598/3598
f 3964/3964 3965/3965 3966/3966
f 3964/3964 3966/3966 3957/3957
f 3596/3596 3964/3964 3957/3957
f 3596/3596 3957/3957 3597/3597
f 3596/3596 3602/3602 3965/3965
f 3596/3596 3965/3965 3964/3964
f 3963/3963 3967/3967 3968/3968
f 3963/3963 3968/3968 3969/3969
f 3598/3598 3963/3963 3969/3969
f 3598/3598 3969/3969 3599/3599
f 3599/3599 3969/3969 3968/3968
f 3599/3599 3968/3968 3603/3603
f 3970/3970 3971/3971 3972/3972
f 3970/3970 3972/3972 3965/3965
f 3601/3601 3970/3970 3965/3965
f 3601/3601 3965/3965 3602/3602
f 3601/3601 3608/3608 3971/3971
f 3601/3601 3971/3971 3970/3970
f 3968/3968 3973/3973 3974/3974
f 3968/3968 3974/3974 3975/3975
f 3603/3603 3968/3968 3975/3975
f 3603/3603 3975/3975 3604/3604
f 3604/3604 3975/3975 3974/3974
f 3604/3604 3974/3974 3609/3609
f 3976/3976 3977/3977 3978/3978
f 3976/3976 3978/3978 3979/3979
f 3612/3612 3976/3976 3979/3979
f 3612/3612 3979/3979 3613/3613
f 3612/3612 3615/3615 3977/3977
f 3612/3612 3977/3977 3976/3976
f 3613/3613 3979/3979 3980/3980
f 3613/3613 3980/3980 3981/3981
f 3982/3982 3983/3983 3984/3984
f 3982/3982 3984/3984 3617/3617
f 3984/3984 3985/3985 3986/3986
f 3984/3984 3986/3986 3987/3987
f 3617/3617 3984/3984 3987/3987
f 3617/3617 3987/3987 3618/3618
f 3618/3618 3987/3987 3986/3986
f 3618/3618 3986/3986 3619/3619
f 3622/3622 3624/3624 3988/3988
f 3622/3622 3988/3988 3989/3989
f 3623/3623 3990/3990 3991/3991
f 3623/3623 3991/3991 3625/3625
f 3623/3623 3622/3622 3989/3989
f 3623/3623 3989/3989 3990/3990
f 3624/3624 3992/3992 3993/3993
f 3624/3624 3993/3993 3988/3988
f 3994/3994 3627/3627 3995/3995
f 3994/3994 3995/3995 3996/3996
f 3627/3627 3626/3626 3997/3997
f 3627/3627 3997/3997 3995/3995
f 3628/3628 3998/3998 3999/3999
f 3628/3628 3999/3999 3629/3629
f 3629/3629 3999/3999 3997/3997
f 3629/3629 3997/3997 3626/3626
f 3635/3635 3634/3634 4000/4000
f 3635/3635 4000/4000 4001/4001
f 3638/3638 4002/4002 4003/4003
f 3638/3638 4003/4003 3639/3639
f 3645/3645 3644/3644 4004/4004
f 3645/3645 4004/4004 4005/4005
f 3646/3646 4006/4006 4007/4007
f 3646/3646 4007/4007 3647/3647
f 3649/3649 3648/3648 4008/4008
f 3649/3649 4008/4008 4009/4009
f 3650/3650 4010/4010 4011/4011
f 3650/3650 4011/4011 3651/3651
f 3650/3650 3649/3649 4009/4009
f 3650/3650 4009/4009 4010/4010
f 3648/3648 3652/3652 4012/4012
f 3648/3648 4012/4012 4008/4008
f 3651/3651 4011/4011 4013/4013
f 3651/3651 4013/4013 3653/3653
f 3652/3652 3654/3654 4014/4014
f 3652/3652 4014/4014 4012/4012
f 3653/3653 4013/4013 4015/4015
f 3653/3653 4015/4015 3655/3655
f 3654/3654 3657/3657 4016/4016
f 3654/3654 4016/4016 4014/4014
f 3655/3655 4015/4015 4017/4017
f 3655/3655 4017/4017 3658/3658
f 3661/3661 3660/3660 4018/4018
f 3661/3661 4018/4018 4019/4019
f 3662/3662 4020/4020 4021/4021
f 3662/3662 4021/4021 3663/3663
f 3660/3660 3664/3664 4022/4022
f 3660/3660 4022/4022 4018/4018
f 3663/3663 4021/4021 4023/4023
f 3663/3663 4023/4023 3665/3665
f 3664/3664 3666/3666 4024/4024
f 3664/3664 4024/4024 4022/4022
f 3665/3665 4023/4023 4025/4025
f 3665/3665 4025/4025 3667/3667
f 3666/3666 3668/3668 4026/4026
f 3666/3666 4026/4026 4024/4024
f 3667/3667 4025/4025 4027/4027
f 3667/3667 4027/4027 3669/3669
f 3669/3669 4027/4027 4026/4026
f 3669/3669 4026/4026 3668/3668
f 3670/3670 4028/4028 4029/4029
f 3670/3670 4029/4029 4030/4030
f 3671/3671 3670/3670 4030/4030
f 3671/3671 4030/4030 4031/4031
f 4032/4032 3673/3673 4033/4033
f 4032/4032 4033/4033 4034/4034
f 3672/3672 4035/4035 4033/4033
f 3672/3672 4033/4033 3673/3673
f 3677/3677 3676/3676 4036/4036
f 3677/3677 4036/4036 4037/4037
f 3678/3678 4038/4038 4039/4039
f 3678/3678 4039/4039 3679/3679
f 3683/3683 3682/3682 4040/4040
f 3683/3683 4040/4040 4041/4041
f 3684/3684 4042/4042 4043/4043
f 3684/3684 4043/4043 3685/3685
f 3684/3684 3683/3683 4041/4041
f 3684/3684 4041/4041 4042/4042
f 3682/3682 3686/3686 4044/4044
f 3682/3682 4044/4044 4040/4040
f 3685/3685 4043/4043 4045/4045
f 3685/3685 4045/4045 4046/4046
f 3686/3686 3687/3687 4047/4047
f 3686/3686 4047/4047 4044/4044
f 3687/3687 3689/3689 4048/4048
f 3687/3687 4048/4048 4047/4047
f 3689/3689 3691/3691 4049/4049
f 3689/3689 4049/4049 4048/4048
f 3691/3691 4050/4050 4051/4051
f 3691/3691 4051/4051 4049/4049
f 4050/4050 4052/4052 4053/4053
f 4050/4050 4053/4053 4051/4051
f 4052/4052 4054/4054 4055/4055
f 4052/4052 4055/4055 4053/4053
f 4054/4054 3695/3695 4056/4056
f 4054/4054 4056/4056 4055/4055
f 3695/3695 3694/3694 4057/4057
f 3695/3695 4057/4057 4056/4056
f 3694/3694 3696/3696 4058/4058
f 3694/3694 4058/4058 4057/4057
f 3696/3696 3697/3697 4059/4059
f 3696/3696 4059/4059 4058/4058
f 3697/3697 3698/3698 4060/4060
f 3697/3697 4060/4060 4059/4059
f 4061/4061 4062/4062 4063/4063
f 4061/4061 4063/4063 3700/3700
f 3698/3698 3699/3699 4064/4064
f 3698/3698 4064/4064 4060/4060
f 3700/3700 4063/4063 4065/4065
f 3700/3700 4065/4065 3701/3701
f 3701/3701 4065/4065 4064/4064
f 3701/3701 4064/4064 3699/3699
f 4066/4066 4067/4067 4068/4068
f 4066/4066 4068/4068 4069/4069
f 3720/3720 4066/4066 4069/4069
f 3720/3720 4069/4069 3721/3721
f 3720/3720 3719/3719 4067/4067
f 3720/3720 4067/4067 4066/4066
f 4069/4069 4068/4068 4070/4070
f 4069/4069 4070/4070 4071/4071
f 3721/3721 4069/4069 4071/4071
f 3721/3721 4071/4071 3723/3723
f 4071/4071 4070/4070 4072/4072
f 4071/4071 4072/4072 4073/4073
f 3723/3723 4071/4071 4073/4073
f 3723/3723 4073/4073 3725/3725
f 4073/4073 4072/4072 4074/4074
f 4073/4073 4074/4074 4075/4075
f 3725/3725 4073/4073 4075/4075
f 3725/3725 4075/4075 3727/3727
f 3727/3727 4075/4075 4074/4074
f 3727/3727 4074/4074 3728/3728
f 4076/4076 4077/4077 4078/4078
f 4076/4076 4078/4078 4079/4079
f 3733/3733 4076/4076 4079/4079
f 3733/3733 4079/4079 3716/3716
f 3733/3733 3734/3734 4077/4077
f 3733/3733 4077/4077 4076/4076
f 3716/3716 4079/4079 4080/4080
f 3716/3716 4080/4080 3717/3717
f 3717/3717 4080/4080 4067/4067
f 3717/3717 4067/4067 3719/3719
f 3728/3728 4074/4074 4081/4081
f 3728/3728 4081/4081 3729/3729
f 3729/3729 4081/4081 4082/4082
f 3729/3729 4082/4082 3731/3731
f 4082/4082 4083/4083 4084/4084
f 4082/4082 4084/4084 4085/4085
f 3731/3731 4082/4082 4085/4085
f 3731/3731 4085/4085 3735/3735
f 3735/3735 4085/4085 4084/4084
f 3735/3735 4084/4084 3736/3736
f 4086/4086 4087/4087 4088/4088
f 4086/4086 4088/4088 4089/4089
f 3738/3738 3737/3737 4088/4088
f 3738/3738 4088/4088 4087/4087
f 3739/3739 3738/3738 4087/4087
f 3739/3739 4087/4087 4086/4086
f 3737/3737 3740/3740 4090/4090
f 3737/3737 4090/4090 4088/4088
f 3742/3742 3741/3741 4091/4091
f 3742/3742 4091/4091 4092/4092
f 4093/4093 4091/4091 4094/4094
f 4093/4093 4094/4094 4095/4095
f 3741/3741 3743/3743 4094/4094
f 3741/3741 4094/4094 4091/4091
f 3744/3744 4095/4095 4094/4094
f 3744/3744 4094/4094 3743/3743
f 3748/3748 3747/3747 4096/4096
f 3748/3748 4096/4096 4097/4097
f 3749/3749 3748/3748 4097/4097
f 3749/3749 4097/4097 4098/4098
f 3753/3753 3756/3756 4099/4099
f 3753/3753 4099/4099 4100/4100
f 3757/3757 4101/4101 4099/4099
f 3757/3757 4099/4099 3756/3756
f 4102/4102 4103/4103 4104/4104
f 4102/4102 4104/4104 4105/4105
f 4102/4102 4105/4105 4106/4106
f 4102/4102 4106/4106 4107/4107
f 4103/4103 4108/4108 4109/4109
f 4103/4103 4109/4109 4104/4104
f 4108/4108 4110/4110 4111/4111
f 4108/4108 4111/4111 4109/4109
f 4110/4110 4112/4112 4113/4113
f 4110/4110 4113/4113 4111/4111
f 4112/4112 4114/4114 4115/4115
f 4112/4112 4115/4115 4113/4113
f 3761/3761 3760/3760 4116/4116
f 3761/3761 4116/4116 4117/4117
f 3762/3762 4118/4118 4119/4119
f 3762/3762 4119/4119 3763/3763
f 3762/3762 3761/3761 4117/4117
f 3762/3762 4117/4117 4118/4118
f 3760/3760 3764/3764 4120/4120
f 3760/3760 4120/4120 4116/4116
f 3763/3763 4119/4119 4121/4121
f 3763/3763 4121/4121 3765/3765
f 3764/3764 3766/3766 4122/4122
f 3764/3764 4122/4122 4120/4120
f 3765/3765 4121/4121 4123/4123
f 3765/3765 4123/4123 3767/3767
f 3766/3766 3768/3768 4124/4124
f 3766/3766 4124/4124 4122/4122
f 3767/3767 4123/4123 4125/4125
f 3767/3767 4125/4125 3769/3769
f 3768/3768 3770/3770 4126/4126
f 3768/3768 4126/4126 4124/4124
f 3769/3769 4125/4125 4127/4127
f 3769/3769 4127/4127 3771/3771
f 3770/3770 3772/3772 4128/4128
f 3770/3770 4128/4128 4126/4126
f 3772/3772 3774/3774 4129/4129
f 3772/3772 4129/4129 4128/4128
f 3774/3774 3776/3776 4130/4130
f 3774/3774 4130/4130 4129/4129
f 3776/3776 3778/3778 4131/4131
f 3776/3776 4131/4131 4130/4130
f 3778/3778 3780/3780 4132/4132
f 3778/3778 4132/4132 4131/4131
f 3779/3779 4133/4133 4134/4134
f 3779/3779 4134/4134 3781/3781
f 3780/3780 3782/3782 4135/4135
f 3780/3780 4135/4135 4132/4132
f 3781/3781 4134/4134 4136/4136
f 3781/3781 4136/4136 3783/3783
f 3782/3782 3784/3784 4137/4137
f 3782/3782 4137/4137 4135/4135
f 3783/3783 4136/4136 4138/4138
f 3783/3783 4138/4138 3785/3785
f 3784/3784 3786/3786 4139/4139
f 3784/3784 4139/4139 4137/4137
f 3785/3785 4138/4138 4140/4140
f 3785/3785 4140/4140 3787/3787
f 3786/3786 3790/3790 4141/4141
f 3786/3786 4141/4141 4139/4139
f 3787/3787 4140/4140 4142/4142
f 3787/3787 4142/4142 3791/3791
f 3791/3791 4142/4142 4141/4141
f 3791/3791 4141/4141 3790/3790
f 3793/3793 3792/3792 4143/4143
f 3793/3793 4143/4143 4144/4144
f 3794/3794 4145/4145 4146/4146
f 3794/3794 4146/4146 3795/3795
f 3794/3794 3793/3793 4144/4144
f 3794/3794 4144/4144 4145/4145
f 3792/3792 3796/3796 4147/4147
f 3792/3792 4147/4147 4143/4143
f 3795/3795 4146/4146 4148/4148
f 3795/3795 4148/4148 3797/3797
f 3796/3796 3798/3798 4149/4149
f 3796/3796 4149/4149 4147/4147
f 3797/3797 4148/4148 4150/4150
f 3797/3797 4150/4150 3799/3799
f 3798/3798 3800/3800 4151/4151
f 3798/3798 4151/4151 4149/4149
f 3799/3799 4150/4150 4152/4152
f 3799/3799 4152/4152 3801/3801
f 3800/3800 3802/3802 4153/4153
f 3800/3800 4153/4153 4151/4151
f 3801/3801 4152/4152 4154/4154
f 3801/3801 4154/4154 3803/3803
f 3802/3802 4155/4155 4156/4156
f 3802/3802 4156/4156 4153/4153
f 3803/3803 4154/4154 4157/4157
f 3803/3803 4157/4157 3804/3804
f 3804/3804 4157/4157 4158/4158
f 3804/3804 4158/4158 3805/3805
f 3805/3805 4158/4158 4159/4159
f 3805/3805 4159/4159 3806/3806
f 3806/3806 4159/4159 4160/4160
f 3806/3806 4160/4160 3807/3807
f 3807/3807 4160/4160 4161/4161
f 3807/3807 4161/4161 3808/3808
f 3808/3808 4161/4161 4162/4162
f 3808/3808 4162/4162 3809/3809
f 3809/3809 4162/4162 4163/4163
f 3809/3809 4163/4163 3810/3810
f 3810/3810 4163/4163 4164/4164
f 3810/3810 4164/4164 3811/3811
f 3811/3811 4164/4164 4165/4165
f 3811/3811 4165/4165 3812/3812
f 4166/4166 3815/3815 4167/4167
f 4166/4166 4167/4167 4168/4168
f 3812/3812 4165/4165 4169/4169
f 3812/3812 4169/4169 3813/3813
f 3815/3815 3814/3814 4170/4170
f 3815/3815 4170/4170 4167/4167
f 3813/3813 4169/4169 4171/4171
f 3813/3813 4171/4171 3816/3816
f 3814/3814 3817/3817 4172/4172
f 3814/3814 4172/4172 4170/4170
f 3816/3816 4171/4171 4173/4173
f 3816/3816 4173/4173 3818/3818
f 3817/3817 3819/3819 4174/4174
f 3817/3817 4174/4174 4172/4172
f 3818/3818 4173/4173 4175/4175
f 3818/3818 4175/4175 3820/3820
f 3819/3819 3821/3821 4176/4176
f 3819/3819 4176/4176 4174/4174
f 3820/3820 4175/4175 4177/4177
f 3820/3820 4177/4177 3822/3822
f 3821/3821 3823/3823 4178/4178
f 3821/3821 4178/4178 4176/4176
f 3822/3822 4177/4177 4179/4179
f 3822/3822 4179/4179 3824/3824
f 3824/3824 4179/4179 4178/4178
f 3824/3824 4178/4178 3823/3823
f 4180/4180 4181/4181 4182/4182
f 4180/4180 4182/4182 4183/4183
f 3827/3827 3829/3829 4182/4182
f 3827/3827 4182/4182 4181/4181
f 3828/3828 3827/3827 4181/4181
f 3828/3828 4181/4181 4180/4180
f 3829/3829 3830/3830 4184/4184
f 3829/3829 4184/4184 4182/4182
f 3830/3830 3831/3831 4185/4185
f 3830/3830 4185/4185 4184/4184
f 3831/3831 3832/3832 4186/4186
f 3831/3831 4186/4186 4185/4185
f 3832/3832 3833/3833 4187/4187
f 3832/3832 4187/4187 4186/4186
f 3833/3833 3834/3834 4188/4188
f 3833/3833 4188/4188 4187/4187
f 3834/3834 3835/3835 4189/4189
f 3834/3834 4189/4189 4188/4188
f 4190/4190 4189/4189 4191/4191
f 4190/4190 4191/4191 4192/4192
f 3835/3835 3836/3836 4191/4191
f 3835/3835 4191/4191 4189/4189
f 3837/3837 4192/4192 4191/4191
f 3837/3837 4191/4191 3836/3836
f 4193/4193 4194/4194 4195/4195
f 4193/4193 4195/4195 4196/4196
f 3841/3841 3840/3840 4195/4195
f 3841/3841 4195/4195 4194/4194
f 3842/3842 4193/4193 4196/4196
f 3842/3842 4196/4196 3843/3843
f 3842/3842 3841/3841 4194/4194
f 3842/3842 4194/4194 4193/4193
f 3840/3840 3844/3844 4197/4197
f 3840/3840 4197/4197 4195/4195
f 3843/3843 4196/4196 4198/4198
f 3843/3843 4198/4198 3845/3845
f 3844/3844 4199/4199 4200/4200
f 3844/3844 4200/4200 4197/4197
f 3845/3845 4198/4198 4201/4201
f 3845/3845 4201/4201 3846/3846
f 3846/3846 4201/4201 4202/4202
f 3846/3846 4202/4202 3847/3847
f 3847/3847 4202/4202 4203/4203
f 3847/3847 4203/4203 3848/3848
f 3848/3848 4203/4203 4204/4204
f 3848/3848 4204/4204 3849/3849
f 3849/3849 4204/4204 4205/4205
f 3849/3849 4205/4205 3850/3850
f 3850/3850 4205/4205 4206/4206
f 3850/3850 4206/4206 3851/3851
f 3851/3851 4206/4206 4207/4207
f 3851/3851 4207/4207 3852/3852
f 3852/3852 4207/4207 4208/4208
f 3852/3852 4208/4208 3853/3853
f 3853/3853 4208/4208 4209/4209
f 3853/3853 4209/4209 3854/3854
f 4210/4210 3857/3857 4211/4211
f 4210/4210 4211/4211 4212/4212
f 3854/3854 4209/4209 4213/4213
f 3854/3854 4213/4213 3855/3855
f 3857/3857 3856/3856 4214/4214
f 3857/3857 4214/4214 4211/4211
f 3855/3855 4213/4213 4215/4215
f 3855/3855 4215/4215 3858/3858
f 4215/4215 4214/4214 4216/4216
f 4215/4215 4216/4216 4217/4217
f 3856/3856 3859/3859 4216/4216
f 3856/3856 4216/4216 4214/4214
f 3858/3858 4215/4215 4217/4217
f 3858/3858 4217/4217 3860/3860
f 3860/3860 4217/4217 4216/4216
f 3860/3860 4216/4216 3859/3859
f 4218/4218 4219/4219 4220/4220
f 4218/4218 4220/4220 4221/4221
f 3864/3864 3863/3863 4219/4219
f 3864/3864 4219/4219 4218/4218
f 4221/4221 4220/4220 4222/4222
f 4221/4221 4222/4222 4223/4223
f 4224/4224 4225/4225 4226/4226
f 4224/4224 4226/4226 4227/4227
f 4227/4227 4226/4226 4228/4228
f 4227/4227 4228/4228 4229/4229
f 3866/3866 4229/4229 4228/4228
f 3866/3866 4228/4228 3867/3867
f 4230/4230 4231/4231 4232/4232
f 4230/4230 4232/4232 4233/4233
f 3872/3872 3871/3871 4231/4231
f 3872/3872 4231/4231 4230/4230
f 4233/4233 4232/4232 4234/4234
f 4233/4233 4234/4234 4235/4235
f 4236/4236 4237/4237 4238/4238
f 4236/4236 4238/4238 4239/4239
f 4239/4239 4238/4238 4240/4240
f 4239/4239 4240/4240 4241/4241
f 3873/3873 4241/4241 4240/4240
f 3873/3873 4240/4240 3874/3874
f 4242/4242 4243/4243 4244/4244
f 4242/4242 4244/4244 4245/4245
f 3878/3878 4242/4242 4245/4245
f 3878/3878 4245/4245 3879/3879
f 3878/3878 3877/3877 4243/4243
f 3878/3878 4243/4243 4242/4242
f 3879/3879 4245/4245 4246/4246
f 3879/3879 4246/4246 3880/3880
f 3883/3883 4247/4247 4248/4248
f 3883/3883 4248/4248 3884/3884
f 4248/4248 4249/4249 4250/4250
f 4248/4248 4250/4250 4251/4251
f 3884/3884 4248/4248 4251/4251
f 3884/3884 4251/4251 3885/3885
f 3885/3885 4251/4251 4250/4250
f 3885/3885 4250/4250 3886/3886
f 3892/3892 4252/4252 4253/4253
f 3892/3892 4253/4253 4254/4254
f 3892/3892 3891/3891 4255/4255
f 3892/3892 4255/4255 4252/4252
f 4256/4256 4257/4257 4258/4258
f 4256/4256 4258/4258 3893/3893
f 3893/3893 4258/4258 4259/4259
f 3893/3893 4259/4259 3894/3894
f 4260/4260 4261/4261 4262/4262
f 4260/4260 4262/4262 4263/4263
f 3900/3900 3899/3899 4261/4261
f 3900/3900 4261/4261 4260/4260
f 4264/4264 4265/4265 4266/4266
f 4264/4264 4266/4266 4267/4267
f 3901/3901 4267/4267 4266/4266
f 3901/3901 4266/4266 3902/3902
f 4268/4268 4269/4269 4270/4270
f 4268/4268 4270/4270 4271/4271
f 3907/3907 4272/4272 4270/4270
f 3907/3907 4270/4270 4269/4269
f 3908/3908 3907/3907 4269/4269
f 3908/3908 4269/4269 4268/4268
f 4273/4273 4274/4274 4275/4275
f 4273/4273 4275/4275 4276/4276
f 4277/4277 3911/3911 4275/4275
f 4277/4277 4275/4275 4274/4274
f 3910/3910 4276/4276 4275/4275
f 3910/3910 4275/4275 3911/3911
f 4278/4278 4279/4279 4280/4280
f 4278/4278 4280/4280 4281/4281
f 3918/3918 3917/3917 4279/4279
f 3918/3918 4279/4279 4278/4278
f 4282/4282 4283/4283 4284/4284
f 4282/4282 4284/4284 4285/4285
f 3919/3919 4285/4285 4284/4284
f 3919/3919 4284/4284 3920/3920
f 4286/4286 4287/4287 4288/4288
f 4286/4286 4288/4288 4289/4289
f 3925/3925 3928/3928 4288/4288
f 3925/3925 4288/4288 4287/4287
f 3926/3926 4286/4286 4289/4289
f 3926/3926 4289/4289 4290/4290
f 3926/3926 3925/3925 4287/4287
f 3926/3926 4287/4287 4286/4286
f 3928/3928 3929/3929 4291/4291
f 3928/3928 4291/4291 4288/4288
f 3929/3929 3930/3930 4292/4292
f 3929/3929 4292/4292 4291/4291
f 3930/3930 3932/3932 4293/4293
f 3930/3930 4293/4293 4292/4292
f 3932/3932 4294/4294 4295/4295
f 3932/3932 4295/4295 4293/4293
f 4294/4294 4296/4296 4297/4297
f 4294/4294 4297/4297 4295/4295
f 4296/4296 4298/4298 4299/4299
f 4296/4296 4299/4299 4297/4297
f 4298/4298 4300/4300 4301/4301
f 4298/4298 4301/4301 4299/4299
f 4300/4300 4302/4302 4303/4303
f 4300/4300 4303/4303 4301/4301
f 4302/4302 3935/3935 4304/4304
f 4302/4302 4304/4304 4303/4303
f 3935/3935 3934/3934 4305/4305
f 3935/3935 4305/4305 4304/4304
f 3934/3934 3936/3936 4306/4306
f 3934/3934 4306/4306 4305/4305
f 3936/3936 3937/3937 4307/4307
f 3936/3936 4307/4307 4306/4306
f 4308/4308 4307/4307 4309/4309
f 4308/4308 4309/4309 4310/4310
f 3937/3937 3938/3938 4309/4309
f 3937/3937 4309/4309 4307/4307
f 4311/4311 4308/4308 4310/4310
f 4311/4311 4310/4310 3939/3939
f 3939/3939 4310/4310 4309/4309
f 3939/3939 4309/4309 3938/3938
f 4312/4312 4313/4313 4314/4314
f 4312/4312 4314/4314 4315/4315
f 3957/3957 4312/4312 4315/4315
f 3957/3957 4315/4315 3958/3958
f 3957/3957 3966/3966 4313/4313
f 3957/3957 4313/4313 4312/4312
f 4315/4315 4314/4314 4316/4316
f 4315/4315 4316/4316 4317/4317
f 3958/3958 4315/4315 4317/4317
f 3958/3958 4317/4317 3959/3959
f 4317/4317 4316/4316 4318/4318
f 4317/4317 4318/4318 4319/4319
f 3959/3959 4317/4317 4319/4319
f 3959/3959 4319/4319 3960/3960
f 4319/4319 4318/4318 4320/4320
f 4319/4319 4320/4320 4321/4321
f 3960/3960 4319/4319 4321/4321
f 3960/3960 4321/4321 3961/3961
f 4321/4321 4320/4320 4322/4322
f 4321/4321 4322/4322 4323/4323
f 3961/3961 4321/4321 4323/4323
f 3961/3961 4323/4323 3962/3962
f 4323/4323 4322/4322 4324/4324
f 4323/4323 4324/4324 4325/4325
f 3962/3962 4323/4323 4325/4325
f 3962/3962 4325/4325 3963/3963
f 3963/3963 4325/4325 4324/4324
f 3963/3963 4324/4324 3967/3967
f 4326/4326 4327/4327 4328/4328
f 4326/4326 4328/4328 4313/4313
f 3965/3965 4326/4326 4313/4313
f 3965/3965 4313/4313 3966/3966
f 3965/3965 3972/3972 4327/4327
f 3965/3965 4327/4327 4326/4326
f 4324/4324 4329/4329 4330/4330
f 4324/4324 4330/4330 4331/4331
f 3967/3967 4324/4324 4331/4331
f 3967/3967 4331/4331 3968/3968
f 3968/3968 4331/4331 4330/4330
f 3968/3968 4330/4330 3973/3973
f 3979/3979 4332/4332 4333/4333
f 3979/3979 4333/4333 3980/3980
f 3979/3979 3978/3978 4334/4334
f 3979/3979 4334/4334 4332/4332
f 3980/3980 4333/4333 4335/4335
f 3980/3980 4335/4335 4336/4336
f 4337/4337 4338/4338 4339/4339
f 4337/4337 4339/4339 3983/3983
f 3983/3983 4339/4339 4340/4340
f 3983/3983 4340/4340 3984/3984
f 3984/3984 4340/4340 4341/4341
f 3984/3984 4341/4341 3985/3985
f 3989/3989 3988/3988 4342/4342
f 3989/3989 4342/4342 4343/4343
f 3990/3990 4344/4344 4345/4345
f 3990/3990 4345/4345 3991/3991
f 3990/3990 3989/3989 4343/4343
f 3990/3990 4343/4343 4344/4344
f 3988/3988 3993/3993 4346/4346
f 3988/3988 4346/4346 4342/4342
f 3991/3991 4345/4345 4347/4347
f 3991/3991 4347/4347 4348/4348
f 3996/3996 3995/3995 4349/4349
f 3996/3996 4349/4349 4350/4350
f 4351/4351 4352/4352 4353/4353
f 4351/4351 4353/4353 3998/3998
f 3995/3995 3997/3997 4354/4354
f 3995/3995 4354/4354 4349/4349
f 3998/3998 4353/4353 4355/4355
f 3998/3998 4355/4355 3999/3999
f 3999/3999 4355/4355 4354/4354
f 3999/3999 4354/4354 3997/3997
f 4001/4001 4000/4000 4356/4356
f 4001/4001 4356/4356 4357/4357
f 4002/4002 4358/4358 4359/4359
f 4002/4002 4359/4359 4003/4003
f 4360/4360 4361/4361 4362/4362
f 4360/4360 4362/4362 4363/4363
f 4005/4005 4004/4004 4361/4361
f 4005/4005 4361/4361 4360/4360
f 4364/4364 4365/4365 4366/4366
f 4364/4364 4366/4366 4367/4367
f 4006/4006 4367/4367 4366/4366
f 4006/4006 4366/4366 4007/4007
f 4368/4368 4369/4369 4370/4370
f 4368/4368 4370/4370 4371/4371
f 4009/4009 4008/4008 4370/4370
f 4009/4009 4370/4370 4369/4369
f 4010/4010 4368/4368 4371/4371
f 4010/4010 4371/4371 4011/4011
f 4010/4010 4009/4009 4369/4369
f 4010/4010 4369/4369 4368/4368
f 4008/4008 4012/4012 4372/4372
f 4008/4008 4372/4372 4370/4370
f 4011/4011 4371/4371 4373/4373
f 4011/4011 4373/4373 4013/4013
f 4012/4012 4014/4014 4374/4374
f 4012/4012 4374/4374 4372/4372
f 4013/4013 4373/4373 4375/4375
f 4013/4013 4375/4375 4015/4015
f 4014/4014 4016/4016 4376/4376
f 4014/4014 4376/4376 4374/4374
f 4015/4015 4375/4375 4377/4377
f 4015/4015 4377/4377 4017/4017
f 4019/4019 4018/4018 4378/4378
f 4019/4019 4378/4378 4379/4379
f 4020/4020 4380/4380 4381/4381
f 4020/4020 4381/4381 4021/4021
f 4018/4018 4022/4022 4382/4382
f 4018/4018 4382/4382 4378/4378
f 4021/4021 4381/4381 4383/4383
f 4021/4021 4383/4383 4023/4023
f 4022/4022 4024/4024 4384/4384
f 4022/4022 4384/4384 4382/4382
f 4023/4023 4383/4383 4385/4385
f 4023/4023 4385/4385 4025/4025
f 4385/4385 4384/4384 4386/4386
f 4385/4385 4386/4386 4387/4387
f 4024/4024 4026/4026 4386/4386
f 4024/4024 4386/4386 4384/4384
f 4025/4025 4385/4385 4387/4387
f 4025/4025 4387/4387 4027/4027
f 4027/4027 4387/4387 4386/4386
f 4027/4027 4386/4386 4026/4026
f 4388/4388 4389/4389 4390/4390
f 4388/4388 4390/4390 4391/4391
f 4030/4030 4029/4029 4390/4390
f 4030/4030 4390/4390 4389/4389
f 4031/4031 4030/4030 4389/4389
f 4031/4031 4389/4389 4388/4388
f 4392/4392 4393/4393 4394/4394
f 4392/4392 4394/4394 4395/4395
f 4034/4034 4033/4033 4394/4394
f 4034/4034 4394/4394 4393/4393
f 4035/4035 4395/4395 4394/4394
f 4035/4035 4394/4394 4033/4033
f 4396/4396 4397/4397 4398/4398
f 4396/4396 4398/4398 4399/4399
f 4037/4037 4036/4036 4397/4397
f 4037/4037 4397/4397 4396/4396
f 4400/4400 4401/4401 4402/4402
f 4400/4400 4402/4402 4403/4403
f 4038/4038 4403/4403 4402/4402
f 4038/4038 4402/4402 4039/4039
f 4404/4404 4405/4405 4406/4406
f 4404/4404 4406/4406 4407/4407
f 4041/4041 4040/4040 4406/4406
f 4041/4041 4406/4406 4405/4405
f 4042/4042 4404/4404 4407/4407
f 4042/4042 4407/4407 4043/4043
f 4042/4042 4041/4041 4405/4405
f 4042/4042 4405/4405 4404/4404
f 4040/4040 4044/4044 4408/4408
f 4040/4040 4408/4408 4406/4406
f 4043/4043 4407/4407 4409/4409
f 4043/4043 4409/4409 4045/4045
f 4044/4044 4047/4047 4410/4410
f 4044/4044 4410/4410 4408/4408
f 4047/4047 4048/4048 4411/4411
f 4047/4047 4411/4411 4410/4410
f 4048/4048 4049/4049 4412/4412
f 4048/4048 4412/4412 4411/4411
f 4049/4049 4051/4051 4413/4413
f 4049/4049 4413/4413 4412/4412
f 4051/4051 4053/4053 4414/4414
f 4051/4051 4414/4414 4413/4413
f 4053/4053 4055/4055 4415/4415
f 4053/4053 4415/4415 4414/4414
f 4055/4055 4056/4056 4416/4416
f 4055/4055 4416/4416 4415/4415
f 4056/4056 4057/4057 4417/4417
f 4056/4056 4417/4417 4416/4416
f 4057/4057 4058/4058 4418/4418
f 4057/4057 4418/4418 4417/4417
f 4058/4058 4059/4059 4419/4419
f 4058/4058 4419/4419 4418/4418
f 4059/4059 4060/4060 4420/4420
f 4059/4059 4420/4420 4419/4419
f 4062/4062 4421/4421 4422/4422
f 4062/4062 4422/4422 4063/4063
f 4422/4422 4420/4420 4423/4423
f 4422/4422 4423/4423 4424/4424
f 4060/4060 4064/4064 4423/4423
f 4060/4060 4423/4423 4420/4420
f 4063/4063 4422/4422 4424/4424
f 4063/4063 4424/4424 4065/4065
f 4065/4065 4424/4424 4423/4423
f 4065/4065 4423/4423 4064/4064
f 4425/4425 4426/4426 4427/4427
f 4425/4425 4427/4427 4428/4428
f 4079/4079 4425/4425 4428/4428
f 4079/4079 4428/4428 4080/4080
f 4079/4079 4078/4078 4426/4426
f 4079/4079 4426/4426 4425/4425
f 4428/4428 4427/4427 4429/4429
f 4428/4428 4429/4429 4430/4430
f 4080/4080 4428/4428 4430/4430
f 4080/4080 4430/4430 4067/4067
f 4067/4067 4430/4430 4431/4431
f 4067/4067 4431/4431 4068/4068
f 4068/4068 4431/4431 4432/4432
f 4068/4068 4432/4432 4070/4070
f 4070/4070 4432/4432 4433/4433
f 4070/4070 4433/4433 4072/4072
f 4072/4072 4433/4433 4434/4434
f 4072/4072 4434/4434 4074/4074
f 4434/4434 4435/4435 4436/4436
f 4434/4434 4436/4436 4437/4437
f 4074/4074 4434/4434 4437/4437
f 4074/4074 4437/4437 4081/4081
f 4437/4437 4436/4436 4438/4438
f 4437/4437 4438/4438 4439/4439
f 4081/4081 4437/4437 4439/4439
f 4081/4081 4439/4439 4082/4082
f 4082/4082 4439/4439 4438/4438
f 4082/4082 4438/4438 4083/4083
f 4088/4088 4090/4090 4440/4440
f 4088/4088 4440/4440 4441/4441
f 4089/4089 4088/4088 4441/4441
f 4089/4089 4441/4441 4442/4442
f 4092/4092 4091/4091 4443/4443
f 4092/4092 4443/4443 4444/4444
f 4093/4093 4445/4445 4443/4443
f 4093/4093 4443/4443 4091/4091
f 4097/4097 4096/4096 4446/4446
f 4097/4097 4446/4446 4447/4447
f 4098/4098 4097/4097 4447/4447
f 4098/4098 4447/4447 4448/4448
f 4100/4100 4099/4099 4449/4449
f 4100/4100 4449/4449 4450/4450
f 4101/4101 4451/4451 4449/4449
f 4101/4101 4449/4449 4099/4099
f 4107/4107 4106/4106 4452/4452
f 4107/4107 4452/4452 4453/4453
f 4114/4114 4454/4454 4455/4455
f 4114/4114 4455/4455 4115/4115
f 4117/4117 4116/4116 4456/4456
f 4117/4117 4456/4456 4457/4457
f 4118/4118 4458/4458 4459/4459
f 4118/4118 4459/4459 4119/4119
f 4118/4118 4117/4117 4457/4457
f 4118/4118 4457/4457 4458/4458
f 4116/4116 4120/4120 4460/4460
f 4116/4116 4460/4460 4456/4456
f 4119/4119 4459/4459 4461/4461
f 4119/4119 4461/4461 4121/4121
f 4120/4120 4122/4122 4462/4462
f 4120/4120 4462/4462 4460/4460
f 4121/4121 4461/4461 4463/4463
f 4121/4121 4463/4463 4123/4123
f 4122/4122 4124/4124 4464/4464
f 4122/4122 4464/4464 4462/4462
f 4123/4123 4463/4463 4465/4465
f 4123/4123 4465/4465 4125/4125
f 4124/4124 4126/4126 4466/4466
f 4124/4124 4466/4466 4464/4464
f 4125/4125 4465/4465 4467/4467
f 4125/4125 4467/4467 4127/4127
f 4126/4126 4128/4128 4468/4468
f 4126/4126 4468/4468 4466/4466
f 4128/4128 4129/4129 4469/4469
f 4128/4128 4469/4469 4468/4468
f 4129/4129 4130/4130 4470/4470
f 4129/4129 4470/4470 4469/4469
f 4130/4130 4131/4131 4471/4471
f 4130/4130 4471/4471 4470/4470
f 4131/4131 4132/4132 4472/4472
f 4131/4131 4472/4472 4471/4471
f 4133/4133 4473/4473 4474/4474
f 4133/4133 4474/4474 4134/4134
f 4132/4132 4135/4135 4475/4475
f 4132/4132 4475/4475 4472/4472
f 4134/4134 4474/4474 4476/4476
f 4134/4134 4476/4476 4136/4136
f 4135/4135 4137/4137 4477/4477
f 4135/4135 4477/4477 4475/4475
f 4136/4136 4476/4476 4478/4478
f 4136/4136 4478/4478 4138/4138
f 4137/4137 4139/4139 4479/4479
f 4137/4137 4479/4479 4477/4477
f 4138/4138 4478/4478 4480/4480
f 4138/4138 4480/4480 4140/4140
f 4139/4139 4141/4141 4481/4481
f 4139/4139 4481/4481 4479/4479
f 4140/4140 4480/4480 4482/4482
f 4140/4140 4482/4482 4142/4142
f 4142/4142 4482/4482 4481/4481
f 4142/4142 4481/4481 4141/4141
f 4144/4144 4143/4143 4483/4483
f 4144/4144 4483/4483 4484/4484
f 4145/4145 4485/4485 4486/4486
f 4145/4145 4486/4486 4146/4146
f 4145/4145 4144/4144 4484/4484
f 4145/4145 4484/4484 4485/4485
f 4143/4143 4147/4147 4487/4487
f 4143/4143 4487/4487 4483/4483
f 4146/4146 4486/4486 4488/4488
f 4146/4146 4488/4488 4148/4148
f 4147/4147 4149/4149 4489/4489
f 4147/4147 4489/4489 4487/4487
f 4148/4148 4488/4488 4490/4490
f 4148/4148 4490/4490 4150/4150
f 4149/4149 4151/4151 4491/4491
f 4149/4149 4491/4491 4489/4489
f 4150/4150 4490/4490 4492/4492
f 4150/4150 4492/4492 4152/4152
f 4151/4151 4153/4153 4493/4493
f 4151/4151 4493/4493 4491/4491
f 4152/4152 4492/4492 4494/4494
f 4152/4152 4494/4494 4154/4154
f 4153/4153 4156/4156 4495/4495
f 4153/4153 4495/4495 4493/4493
f 4154/4154 4494/4494 4496/4496
f 4154/4154 4496/4496 4157/4157
f 4156/4156 4497/4497 4498/4498
f 4156/4156 4498/4498 4495/4495
f 4157/4157 4496/4496 4499/4499
f 4157/4157 4499/4499 4158/4158
f 4158/4158 4499/4499 4500/4500
f 4158/4158 4500/4500 4159/4159
f 4159/4159 4500/4500 4501/4501
f 4159/4159 4501/4501 4160/4160
f 4160/4160 4501/4501 4502/4502
f 4160/4160 4502/4502 4161/4161
f 4161/4161 4502/4502 4503/4503
f 4161/4161 4503/4503 4162/4162
f 4162/4162 4503/4503 4504/4504
f 4162/4162 4504/4504 4163/4163
f 4163/4163 4504/4504 4505/4505
f 4163/4163 4505/4505 4164/4164
f 4506/4506 4168/4168 4507/4507
f 4506/4506 4507/4507 4508/4508
f 4164/4164 4505/4505 4509/4509
f 4164/4164 4509/4509 4165/4165
f 4168/4168 4167/4167 4510/4510
f 4168/4168 4510/4510 4507/4507
f 4165/4165 4509/4509 4511/4511
f 4165/4165 4511/4511 4169/4169
f 4167/4167 4170/4170 4512/4512
f 4167/4167 4512/4512 4510/4510
f 4169/4169 4511/4511 4513/4513
f 4169/4169 4513/4513 4171/4171
f 4170/4170 4172/4172 4514/4514
f 4170/4170 4514/4514 4512/4512
f 4171/4171 4513/4513 4515/4515
f 4171/4171 4515/4515 4173/4173
f 4172/4172 4174/4174 4516/4516
f 4172/4172 4516/4516 4514/4514
f 4173/4173 4515/4515 4517/4517
f 4173/4173 4517/4517 4175/4175
f 4174/4174 4176/4176 4518/4518
f 4174/4174 4518/4518 4516/4516
f 4175/4175 4517/4517 4519/4519
f 4175/4175 4519/4519 4177/4177
f 4176/4176 4178/4178 4520/4520
f 4176/4176 4520/4520 4518/4518
f 4177/4177 4519/4519 4521/4521
f 4177/4177 4521/4521 4179/4179
f 4179/4179 4521/4521 4520/4520
f 4179/4179 4520/4520 4178/4178
f 4522/4522 4523/4523 4524/4524
f 4522/4522 4524/4524 4525/4525
f 4182/4182 4184/4184 4524/4524
f 4182/4182 4524/4524 4523/4523
f 4183/4183 4182/4182 4523/4523
f 4183/4183 4523/4523 4522/4522
f 4184/4184 4185/4185 4526/4526
f 4184/4184 4526/4526 4524/4524
f 4185/4185 4186/4186 4527/4527
f 4185/4185 4527/4527 4526/4526
f 4186/4186 4187/4187 4528/4528
f 4186/4186 4528/4528 4527/4527
f 4187/4187 4188/4188 4529/4529
f 4187/4187 4529/4529 4528/4528
f 4530/4530 4529/4529 4531/4531
f 4530/4530 4531/4531 4532/4532
f 4188/4188 4189/4189 4531/4531
f 4188/4188 4531/4531 4529/4529
f 4190/4190 4532/4532 4531/4531
f 4190/4190 4531/4531 4189/4189
f 4533/4533 4534/4534 4535/4535
f 4533/4533 4535/4535 4536/4536
f 4195/4195 4197/4197 4535/4535
f 4195/4195 4535/4535 4534/4534
f 4196/4196 4533/4533 4536/4536
f 4196/4196 4536/4536 4198/4198
f 4196/4196 4195/4195 4534/4534
f 4196/4196 4534/4534 4533/4533
f 4197/4197 4200/4200 4537/4537
f 4197/4197 4537/4537 4535/4535
f 4198/4198 4536/4536 4538/4538
f 4198/4198 4538/4538 4201/4201
f 4200/4200 4539/4539 4540/4540
f 4200/4200 4540/4540 4537/4537
f 4201/4201 4538/4538 4541/4541
f 4201/4201 4541/4541 4202/4202
f 4539/4539 4542/4542 4543/4543
f 4539/4539 4543/4543 4540/4540
f 4202/4202 4541/4541 4544/4544
f 4202/4202 4544/4544 4203/4203
f 4203/4203 4544/4544 4545/4545
f 4203/4203 4545/4545 4204/4204
f 4204/4204 4545/4545 4546/4546
f 4204/4204 4546/4546 4205/4205
f 4205/4205 4546/4546 4547/4547
f 4205/4205 4547/4547 4206/4206
f 4206/4206 4547/4547 4548/4548
f 4206/4206 4548/4548 4207/4207
f 4549/4549 4550/4550 4551/4551
f 4549/4549 4551/4551 4552/4552
f 4207/4207 4548/4548 4553/4553
f 4207/4207 4553/4553 4208/4208
f 4550/4550 4212/4212 4554/4554
f 4550/4550 4554/4554 4551/4551
f 4208/4208 4553/4553 4555/4555
f 4208/4208 4555/4555 4209/4209
f 4212/4212 4211/4211 4556/4556
f 4212/4212 4556/4556 4554/4554
f 4209/4209 4555/4555 4557/4557
f 4209/4209 4557/4557 4213/4213
f 4557/4557 4556/4556 4558/4558
f 4557/4557 4558/4558 4559/4559
f 4211/4211 4214/4214 4558/4558
f 4211/4211 4558/4558 4556/4556
f 4213/4213 4557/4557 4559/4559
f 4213/4213 4559/4559 4215/4215
f 4215/4215 4559/4559 4558/4558
f 4215/4215 4558/4558 4214/4214
f 4560/4560 4561/4561 4562/4562
f 4560/4560 4562/4562 4563/4563
f 4223/4223 4222/4222 4561/4561
f 4223/4223 4561/4561 4560/4560
f 4563/4563 4562/4562 4564/4564
f 4563/4563 4564/4564 4565/4565
f 4565/4565 4564/4564 4566/4566
f 4565/4565 4566/4566 4567/4567
f 4567/4567 4566/4566 4568/4568
f 4567/4567 4568/4568 4569/4569
f 4224/4224 4569/4569 4568/4568
f 4224/4224 4568/4568 4225/4225
f 4570/4570 4571/4571 4572/4572
f 4570/4570 4572/4572 4573/4573
f 4235/4235 4234/4234 4571/4571
f 4235/4235 4571/4571 4570/4570
f 4573/4573 4572/4572 4574/4574
f 4573/4573 4574/4574 4575/4575
f 4575/4575 4574/4574 4576/4576
f 4575/4575 4576/4576 4577/4577
f 4577/4577 4576/4576 4578/4578
f 4577/4577 4578/4578 4579/4579
f 4236/4236 4579/4579 4578/4578
f 4236/4236 4578/4578 4237/4237
f 4580/4580 4581/4581 4582/4582
f 4580/4580 4582/4582 4583/4583
f 4245/4245 4580/4580 4583/4583
f 4245/4245 4583/4583 4246/4246
f 4245/4245 4244/4244 4581/4581
f 4245/4245 4581/4581 4580/4580
f 4246/4246 4583/4583 4584/4584
f 4246/4246 4584/4584 4585/4585
f 4585/4585 4584/4584 4586/4586
f 4585/4585 4586/4586 4587/4587
f 4588/4588 4589/4589 4590/4590
f 4588/4588 4590/4590 4591/4591
f 4591/4591 4590/4590 4592/4592
f 4591/4591 4592/4592 4247/4247
f 4592/4592 4593/4593 4594/4594
f 4592/4592 4594/4594 4595/4595
f 4247/4247 4592/4592 4595/4595
f 4247/4247 4595/4595 4248/4248
f 4248/4248 4595/4595 4594/4594
f 4248/4248 4594/4594 4249/4249
f 4596/4596 4597/4597 4598/4598
f 4596/4596 4598/4598 4599/4599
f 4255/4255 4600/4600 4598/4598
f 4255/4255 4598/4598 4597/4597
f 4252/4252 4596/4596 4599/4599
f 4252/4252 4599/4599 4253/4253
f 4252/4252 4255/4255 4597/4597
f 4252/4252 4597/4597 4596/4596
f 4253/4253 4599/4599 4601/4601
f 4253/4253 4601/4601 4602/4602
f 4603/4603 4604/4604 4605/4605
f 4603/4603 4605/4605 4257/4257
f 4605/4605 4606/4606 4607/4607
f 4605/4605 4607/4607 4608/4608
f 4609/4609 4259/4259 4607/4607
f 4609/4609 4607/4607 4606/4606
f 4257/4257 4605/4605 4608/4608
f 4257/4257 4608/4608 4258/4258
f 4258/4258 4608/4608 4607/4607
f 4258/4258 4607/4607 4259/4259
f 4610/4610 4611/4611 4612/4612
f 4610/4610 4612/4612 4613/4613
f 4263/4263 4262/4262 4611/4611
f 4263/4263 4611/4611 4610/4610
f 4614/4614 4615/4615 4616/4616
f 4614/4614 4616/4616 4617/4617
f 4264/4264 4617/4617 4616/4616
f 4264/4264 4616/4616 4265/4265
f 4618/4618 4619/4619 4620/4620
f 4618/4618 4620/4620 4621/4621
f 4270/4270 4622/4622 4620/4620
f 4270/4270 4620/4620 4619/4619
f 4271/4271 4270/4270 4619/4619
f 4271/4271 4619/4619 4618/4618
f 4623/4623 4624/4624 4625/4625
f 4623/4623 4625/4625 4626/4626
f 4627/4627 4274/4274 4625/4625
f 4627/4627 4625/4625 4624/4624
f 4273/4273 4626/4626 4625/4625
f 4273/4273 4625/4625 4274/4274
f 4628/4628 4629/4629 4630/4630
f 4628/4628 4630/4630 4631/4631
f 4281/4281 4280/4280 4629/4629
f 4281/4281 4629/4629 4628/4628
f 4631/4631 4630/4630 4632/4632
f 4631/4631 4632/4632 4633/4633
f 4634/4634 4635/4635 4636/4636
f 4634/4634 4636/4636 4637/4637
f 4637/4637 4636/4636 4638/4638
f 4637/4637 4638/4638 4639/4639
f 4282/4282 4639/4639 4638/4638
f 4282/4282 4638/4638 4283/4283
f 4640/4640 4641/4641 4642/4642
f 4640/4640 4642/4642 4643/4643
f 4288/4288 4291/4291 4642/4642
f 4288/4288 4642/4642 4641/4641
f 4289/4289 4640/4640 4643/4643
f 4289/4289 4643/4643 4644/4644
f 4289/4289 4288/4288 4641/4641
f 4289/4289 4641/4641 4640/4640
f 4291/4291 4292/4292 4645/4645
f 4291/4291 4645/4645 4642/4642
f 4292/4292 4293/4293 4646/4646
f 4292/4292 4646/4646 4645/4645
f 4293/4293 4295/4295 4647/4647
f 4293/4293 4647/4647 4646/4646
f 4295/4295 4297/4297 4648/4648
f 4295/4295 4648/4648 4647/4647
f 4297/4297 4299/4299 4649/4649
f 4297/4297 4649/4649 4648/4648
f 4299/4299 4301/4301 4650/4650
f 4299/4299 4650/4650 4649/4649
f 4301/4301 4303/4303 4651/4651
f 4301/4301 4651/4651 4650/4650
f 4303/4303 4304/4304 4652/4652
f 4303/4303 4652/4652 4651/4651
f 4304/4304 4305/4305 4653/4653
f 4304/4304 4653/4653 4652/4652
f 4305/4305 4306/4306 4654/4654
f 4305/4305 4654/4654 4653/4653
f 4655/4655 4654/4654 4656/4656
f 4655/4655 4656/4656 4657/4657
f 4306/4306 4307/4307 4656/4656
f 4306/4306 4656/4656 4654/4654
f 4658/4658 4655/4655 4657/4657
f 4658/4658 4657/4657 4308/4308
f 4308/4308 4657/4657 4656/4656
f 4308/4308 4656/4656 4307/4307
f 4659/4659 4660/4660 4661/4661
f 4659/4659 4661/4661 4662/4662
f 4313/4313 4659/4659 4662/4662
f 4313/4313 4662/4662 4314/4314
f 4313/4313 4328/4328 4660/4660
f 4313/4313 4660/4660 4659/4659
f 4662/4662 4661/4661 4663/4663
f 4662/4662 4663/4663 4664/4664
f 4314/4314 4662/4662 4664/4664
f 4314/4314 4664/4664 4316/4316
f 4664/4664 4663/4663 4665/4665
f 4664/4664 4665/4665 4666/4666
f 4316/4316 4664/4664 4666/4666
f 4316/4316 4666/4666 4318/4318
f 4666/4666 4665/4665 4667/4667
f 4666/4666 4667/4667 4668/4668
f 4318/4318 4666/4666 4668/4668
f 4318/4318 4668/4668 4320/4320
f 4668/4668 4667/4667 4669/4669
f 4668/4668 4669/4669 4670/4670
f 4320/4320 4668/4668 4670/4670
f 4320/4320 4670/4670 4322/4322
f 4670/4670 4669/4669 4671/4671
f 4670/4670 4671/4671 4672/4672
f 4322/4322 4670/4670 4672/4672
f 4322/4322 4672/4672 4324/4324
f 4324/4324 4672/4672 4671/4671
f 4324/4324 4671/4671 4329/4329
f 4673/4673 4674/4674 4675/4675
f 4673/4673 4675/4675 4676/4676
f 4332/4332 4673/4673 4676/4676
f 4332/4332 4676/4676 4333/4333
f 4332/4332 4334/4334 4674/4674
f 4332/4332 4674/4674 4673/4673
f 4333/4333 4676/4676 4677/4677
f 4333/4333 4677/4677 4335/4335
f 4335/4335 4677/4677 4678/4678
f 4335/4335 4678/4678 4679/4679
f 4680/4680 4681/4681 4682/4682
f 4680/4680 4682/4682 4338/4338
f 4338/4338 4682/4682 4683/4683
f 4338/4338 4683/4683 4339/4339
f 4683/4683 4684/4684 4685/4685
f 4683/4683 4685/4685 4686/4686
f 4339/4339 4683/4683 4686/4686
f 4339/4339 4686/4686 4340/4340
f 4340/4340 4686/4686 4685/4685
f 4340/4340 4685/4685 4341/4341
f 4687/4687 4688/4688 4689/4689
f 4687/4687 4689/4689 4690/4690
f 4343/4343 4342/4342 4689/4689
f 4343/4343 4689/4689 4688/4688
f 4344/4344 4687/4687 4690/4690
f 4344/4344 4690/4690 4345/4345
f 4344/4344 4343/4343 4688/4688
f 4344/4344 4688/4688 4687/4687
f 4342/4342 4346/4346 4691/4691
f 4342/4342 4691/4691 4689/4689
f 4345/4345 4690/4690 4692/4692
f 4345/4345 4692/4692 4347/4347
f 4350/4350 4349/4349 4693/4693
f 4350/4350 4693/4693 4694/4694
f 4352/4352 4695/4695 4696/4696
f 4352/4352 4696/4696 4353/4353
f 4696/4696 4693/4693 4697/4697
f 4696/4696 4697/4697 4698/4698
f 4349/4349 4354/4354 4697/4697
f 4349/4349 4697/4697 4693/4693
f 4353/4353 4696/4696 4698/4698
f 4353/4353 4698/4698 4355/4355
f 4355/4355 4698/4698 4697/4697
f 4355/4355 4697/4697 4354/4354
f 4699/4699 4700/4700 4701/4701
f 4699/4699 4701/4701 4702/4702
f 4356/4356 4703/4703 4701/4701
f 4356/4356 4701/4701 4700/4700
f 4357/4357 4356/4356 4700/4700
f 4357/4357 4700/4700 4699/4699
f 4704/4704 4705/4705 4706/4706
f 4704/4704 4706/4706 4707/4707
f 4708/4708 4359/4359 4706/4706
f 4708/4708 4706/4706 4705/4705
f 4358/4358 4707/4707 4706/4706
f 4358/4358 4706/4706 4359/4359
f 4363/4363 4362/4362 4709/4709
f 4363/4363 4709/4709 4710/4710
f 4364/4364 4711/4711 4712/4712
f 4364/4364 4712/4712 4365/4365
f 4370/4370 4372/4372 4713/4713
f 4370/4370 4713/4713 4714/4714
f 4371/4371 4715/4715 4716/4716
f 4371/4371 4716/4716 4373/4373
f 4371/4371 4370/4370 4714/4714
f 4371/4371 4714/4714 4715/4715
f 4372/4372 4374/4374 4717/4717
f 4372/4372 4717/4717 4713/4713
f 4373/4373 4716/4716 4718/4718
f 4373/4373 4718/4718 4375/4375
f 4374/4374 4376/4376 4719/4719
f 4374/4374 4719/4719 4717/4717
f 4375/4375 4718/4718 4720/4720
f 4375/4375 4720/4720 4377/4377
f 4376/4376 4721/4721 4722/4722
f 4376/4376 4722/4722 4719/4719
f 4377/4377 4720/4720 4723/4723
f 4377/4377 4723/4723 4724/4724
f 4725/4725 4379/4379 4726/4726
f 4725/4725 4726/4726 4727/4727
f 4728/4728 4729/4729 4730/4730
f 4728/4728 4730/4730 4380/4380
f 4379/4379 4378/4378 4731/4731
f 4379/4379 4731/4731 4726/4726
f 4380/4380 4730/4730 4732/4732
f 4380/4380 4732/4732 4381/4381
f 4378/4378 4382/4382 4733/4733
f 4378/4378 4733/4733 4731/4731
f 4381/4381 4732/4732 4734/4734
f 4381/4381 4734/4734 4383/4383
f 4382/4382 4384/4384 4735/4735
f 4382/4382 4735/4735 4733/4733
f 4383/4383 4734/4734 4736/4736
f 4383/4383 4736/4736 4385/4385
f 4385/4385 4736/4736 4735/4735
f 4385/4385 4735/4735 4384/4384
f 4737/4737 4738/4738 4739/4739
f 4737/4737 4739/4739 4740/4740
f 4390/4390 4741/4741 4739/4739
f 4390/4390 4739/4739 4738/4738
f 4391/4391 4390/4390 4738/4738
f 4391/4391 4738/4738 4737/4737
f 4742/4742 4743/4743 4744/4744
f 4742/4742 4744/4744 4745/4745
f 4746/4746 4393/4393 4744/4744
f 4746/4746 4744/4744 4743/4743
f 4392/4392 4745/4745 4744/4744
f 4392/4392 4744/4744 4393/4393
f 4747/4747 4748/4748 4749/4749
f 4747/4747 4749/4749 4750/4750
f 4399/4399 4398/4398 4748/4748
f 4399/4399 4748/4748 4747/4747
f 4750/4750 4749/4749 4751/4751
f 4750/4750 4751/4751 4752/4752
f 4753/4753 4754/4754 4755/4755
f 4753/4753 4755/4755 4756/4756
f 4756/4756 4755/4755 4757/4757
f 4756/4756 4757/4757 4758/4758
f 4400/4400 4758/4758 4757/4757
f 4400/4400 4757/4757 4401/4401
f 4759/4759 4760/4760 4761/4761
f 4759/4759 4761/4761 4762/4762
f 4406/4406 4408/4408 4761/4761
f 4406/4406 4761/4761 4760/4760
f 4407/4407 4759/4759 4762/4762
f 4407/4407 4762/4762 4409/4409
f 4407/4407 4406/4406 4760/4760
f 4407/4407 4760/4760 4759/4759
f 4408/4408 4410/4410 4763/4763
f 4408/4408 4763/4763 4761/4761
f 4409/4409 4762/4762 4764/4764
f 4409/4409 4764/4764 4765/4765
f 4410/4410 4411/4411 4766/4766
f 4410/4410 4766/4766 4763/4763
f 4411/4411 4412/4412 4767/4767
f 4411/4411 4767/4767 4766/4766
f 4412/4412 4413/4413 4768/4768
f 4412/4412 4768/4768 4767/4767
f 4413/4413 4414/4414 4769/4769
f 4413/4413 4769/4769 4768/4768
f 4414/4414 4415/4415 4770/4770
f 4414/4414 4770/4770 4769/4769
f 4415/4415 4416/4416 4771/4771
f 4415/4415 4771/4771 4770/4770
f 4416/4416 4417/4417 4772/4772
f 4416/4416 4772/4772 4771/4771
f 4417/4417 4418/4418 4773/4773
f 4417/4417 4773/4773 4772/4772
f 4418/4418 4419/4419 4774/4774
f 4418/4418 4774/4774 4773/4773
f 4775/4775 4776/4776 4777/4777
f 4775/4775 4777/4777 4421/4421
f 4777/4777 4774/4774 4778/4778
f 4777/4777 4778/4778 4779/4779
f 4419/4419 4420/4420 4778/4778
f 4419/4419 4778/4778 4774/4774
f 4421/4421 4777/4777 4779/4779
f 4421/4421 4779/4779 4422/4422
f 4422/4422 4779/4779 4778/4778
f 4422/4422 4778/4778 4420/4420
f 4780/4780 4781/4781 4782/4782
f 4780/4780 4782/4782 4783/4783
f 4430/4430 4780/4780 4783/4783
f 4430/4430 4783/4783 4431/4431
f 4430/4430 4429/4429 4781/4781
f 4430/4430 4781/4781 4780/4780
f 4783/4783 4782/4782 4784/4784
f 4783/4783 4784/4784 4785/4785
f 4431/4431 4783/4783 4785/4785
f 4431/4431 4785/4785 4432/4432
f 4785/4785 4784/4784 4786/4786
f 4785/4785 4786/4786 4787/4787
f 4432/4432 4785/4785 4787/4787
f 4432/4432 4787/4787 4433/4433
f 4787/4787 4786/4786 4788/4788
f 4787/4787 4788/4788 4789/4789
f 4433/4433 4787/4787 4789/4789
f 4433/4433 4789/4789 4434/4434
f 4434/4434 4789/4789 4788/4788
f 4434/4434 4788/4788 4435/4435
f 4790/4790 4791/4791 4792/4792
f 4790/4790 4792/4792 4793/4793
f 4441/4441 4440/4440 4792/4792
f 4441/4441 4792/4792 4791/4791
f 4442/4442 4790/4790 4793/4793
f 4442/4442 4793/4793 4794/4794
f 4442/4442 4441/4441 4791/4791
f 4442/4442 4791/4791 4790/4790
f 4793/4793 4792/4792 4795/4795
f 4793/4793 4795/4795 4796/4796
f 4794/4794 4793/4793 4796/4796
f 4794/4794 4796/4796 4797/4797
f 4798/4798 4799/4799 4800/4800
f 4798/4798 4800/4800 4801/4801
f 4802/4802 4798/4798 4801/4801
f 4802/4802 4801/4801 4803/4803
f 4801/4801 4800/4800 4804/4804
f 4801/4801 4804/4804 4805/4805
f 4444/4444 4443/4443 4804/4804
f 4444/4444 4804/4804 4800/4800
f 4803/4803 4801/4801 4805/4805
f 4803/4803 4805/4805 4445/4445
f 4445/4445 4805/4805 4804/4804
f 4445/4445 4804/4804 4443/4443
f 4806/4806 4807/4807 4808/4808
f 4806/4806 4808/4808 4809/4809
f 4448/4448 4447/4447 4807/4807
f 4448/4448 4807/4807 4806/4806
f 4810/4810 4811/4811 4812/4812
f 4810/4810 4812/4812 4813/4813
f 4451/4451 4813/4813 4812/4812
f 4451/4451 4812/4812 4449/4449
f 4814/4814 4815/4815 4816/4816
f 4814/4814 4816/4816 4817/4817
f 4818/4818 4453/4453 4452/4452
f 4818/4818 4452/4452 4819/4819
f 4818/4818 4819/4819 4815/4815
f 4818/4818 4815/4815 4814/4814
f 4820/4820 4821/4821 4822/4822
f 4820/4820 4822/4822 4823/4823
f 4454/4454 4824/4824 4825/4825
f 4454/4454 4825/4825 4455/4455
f 4824/4824 4823/4823 4822/4822
f 4824/4824 4822/4822 4825/4825
f 4826/4826 4827/4827 4828/4828
f 4826/4826 4828/4828 4829/4829
f 4830/4830 4458/4458 4457/4457
f 4830/4830 4457/4457 4831/4831
f 4831/4831 4457/4457 4828/4828
f 4831/4831 4828/4828 4827/4827
f 4830/4830 4826/4826 4829/4829
f 4830/4830 4829/4829 4458/4458
f 4830/4830 4831/4831 4827/4827
f 4830/4830 4827/4827 4826/4826
f 4457/4457 4456/4456 4832/4832
f 4457/4457 4832/4832 4828/4828
f 4458/4458 4829/4829 4833/4833
f 4458/4458 4833/4833 4459/4459
f 4456/4456 4460/4460 4834/4834
f 4456/4456 4834/4834 4832/4832
f 4459/4459 4833/4833 4835/4835
f 4459/4459 4835/4835 4461/4461
f 4460/4460 4462/4462 4836/4836
f 4460/4460 4836/4836 4834/4834
f 4461/4461 4835/4835 4837/4837
f 4461/4461 4837/4837 4463/4463
f 4462/4462 4464/4464 4838/4838
f 4462/4462 4838/4838 4836/4836
f 4463/4463 4837/4837 4839/4839
f 4463/4463 4839/4839 4465/4465
f 4464/4464 4466/4466 4840/4840
f 4464/4464 4840/4840 4838/4838
f 4466/4466 4468/4468 4841/4841
f 4466/4466 4841/4841 4840/4840
f 4468/4468 4469/4469 4842/4842
f 4468/4468 4842/4842 4841/4841
f 4469/4469 4470/4470 4843/4843
f 4469/4469 4843/4843 4842/4842
f 4470/4470 4471/4471 4844/4844
f 4470/4470 4844/4844 4843/4843
f 4471/4471 4472/4472 4845/4845
f 4471/4471 4845/4845 4844/4844
f 4472/4472 4475/4475 4846/4846
f 4472/4472 4846/4846 4845/4845
f 4474/4474 4847/4847 4848/4848
f 4474/4474 4848/4848 4476/4476
f 4475/4475 4477/4477 4849/4849
f 4475/4475 4849/4849 4846/4846
f 4476/4476 4848/4848 4850/4850
f 4476/4476 4850/4850 4478/4478
f 4477/4477 4479/4479 4851/4851
f 4477/4477 4851/4851 4849/4849
f 4478/4478 4850/4850 4852/4852
f 4478/4478 4852/4852 4480/4480
f 4479/4479 4481/4481 4853/4853
f 4479/4479 4853/4853 4851/4851
f 4480/4480 4852/4852 4854/4854
f 4480/4480 4854/4854 4482/4482
f 4854/4854 4853/4853 4855/4855
f 4854/4854 4855/4855 4856/4856
f 4482/4482 4857/4857 4858/4858
f 4482/4482 4858/4858 4481/4481
f 4481/4481 4858/4858 4855/4855
f 4481/4481 4855/4855 4853/4853
f 4482/4482 4854/4854 4856/4856
f 4482/4482 4856/4856 4857/4857
f 4857/4857 4856/4856 4855/4855
f 4857/4857 4855/4855 4858/4858
f 4859/4859 4860/4860 4861/4861
f 4859/4859 4861/4861 4862/4862
f 4484/4484 4483/4483 4861/4861
f 4484/4484 4861/4861 4860/4860
f 4485/4485 4859/4859 4862/4862
f 4485/4485 4862/4862 4486/4486
f 4485/4485 4484/4484 4860/4860
f 4485/4485 4860/4860 4859/4859
f 4483/4483 4487/4487 4863/4863
f 4483/4483 4863/4863 4861/4861
f 4486/4486 4862/4862 4864/4864
f 4486/4486 4864/4864 4488/4488
f 4487/4487 4489/4489 4865/4865
f 4487/4487 4865/4865 4863/4863
f 4488/4488 4864/4864 4866/4866
f 4488/4488 4866/4866 4490/4490
f 4489/4489 4491/4491 4867/4867
f 4489/4489 4867/4867 4865/4865
f 4490/4490 4866/4866 4868/4868
f 4490/4490 4868/4868 4492/4492
f 4491/4491 4493/4493 4869/4869
f 4491/4491 4869/4869 4867/4867
f 4492/4492 4868/4868 4870/4870
f 4492/4492 4870/4870 4494/4494
f 4493/4493 4495/4495 4871/4871
f 4493/4493 4871/4871 4869/4869
f 4494/4494 4870/4870 4872/4872
f 4494/4494 4872/4872 4496/4496
f 4495/4495 4498/4498 4873/4873
f 4495/4495 4873/4873 4871/4871
f 4496/4496 4872/4872 4874/4874
f 4496/4496 4874/4874 4499/4499
f 4498/4498 4875/4875 4876/4876
f 4498/4498 4876/4876 4873/4873
f 4499/4499 4874/4874 4877/4877
f 4499/4499 4877/4877 4500/4500
f 4500/4500 4877/4877 4878/4878
f 4500/4500 4878/4878 4501/4501
f 4501/4501 4878/4878 4879/4879
f 4501/4501 4879/4879 4502/4502
f 4502/4502 4879/4879 4880/4880
f 4502/4502 4880/4880 4503/4503
f 4503/4503 4880/4880 4881/4881
f 4503/4503 4881/4881 4504/4504
f 4882/4882 4508/4508 4883/4883
f 4882/4882 4883/4883 4884/4884
f 4504/4504 4881/4881 4885/4885
f 4504/4504 4885/4885 4505/4505
f 4508/4508 4507/4507 4886/4886
f 4508/4508 4886/4886 4883/4883
f 4505/4505 4885/4885 4887/4887
f 4505/4505 4887/4887 4509/4509
f 4507/4507 4510/4510 4888/4888
f 4507/4507 4888/4888 4886/4886
f 4509/4509 4887/4887 4889/4889
f 4509/4509 4889/4889 4511/4511
f 4510/4510 4512/4512 4890/4890
f 4510/4510 4890/4890 4888/4888
f 4511/4511 4889/4889 4891/4891
f 4511/4511 4891/4891 4513/4513
f 4512/4512 4514/4514 4892/4892
f 4512/4512 4892/4892 4890/4890
f 4513/4513 4891/4891 4893/4893
f 4513/4513 4893/4893 4515/4515
f 4514/4514 4516/4516 4894/4894
f 4514/4514 4894/4894 4892/4892
f 4515/4515 4893/4893 4895/4895
f 4515/4515 4895/4895 4517/4517
f 4516/4516 4518/4518 4896/4896
f 4516/4516 4896/4896 4894/4894
f 4517/4517 4895/4895 4897/4897
f 4517/4517 4897/4897 4519/4519
f 4897/4897 4896/4896 4898/4898
f 4897/4897 4898/4898 4899/4899
f 4518/4518 4520/4520 4898/4898
f 4518/4518 4898/4898 4896/4896
f 4519/4519 4897/4897 4899/4899
f 4519/4519 4899/4899 4521/4521
f 4521/4521 4899/4899 4898/4898
f 4521/4521 4898/4898 4520/4520
f 4900/4900 4901/4901 4902/4902
f 4900/4900 4902/4902 4903/4903
f 4524/4524 4526/4526 4902/4902
f 4524/4524 4902/4902 4901/4901
f 4525/4525 4524/4524 4901/4901
f 4525/4525 4901/4901 4900/4900
f 4903/4903 4902/4902 4904/4904
f 4903/4903 4904/4904 4905/4905
f 4526/4526 4527/4527 4904/4904
f 4526/4526 4904/4904 4902/4902
f 4905/4905 4904/4904 4906/4906
f 4905/4905 4906/4906 4907/4907
f 4527/4527 4528/4528 4906/4906
f 4527/4527 4906/4906 4904/4904
f 4907/4907 4906/4906 4908/4908
f 4907/4907 4908/4908 4909/4909
f 4528/4528 4529/4529 4908/4908
f 4528/4528 4908/4908 4906/4906
f 4530/4530 4909/4909 4908/4908
f 4530/4530 4908/4908 4529/4529
f 4910/4910 4911/4911 4912/4912
f 4910/4910 4912/4912 4913/4913
f 4535/4535 4537/4537 4912/4912
f 4535/4535 4912/4912 4911/4911
f 4536/4536 4910/4910 4913/4913
f 4536/4536 4913/4913 4538/4538
f 4536/4536 4535/4535 4911/4911
f 4536/4536 4911/4911 4910/4910
f 4913/4913 4912/4912 4914/4914
f 4913/4913 4914/4914 4915/4915
f 4537/4537 4540/4540 4914/4914
f 4537/4537 4914/4914 4912/4912
f 4538/4538 4913/4913 4915/4915
f 4538/4538 4915/4915 4541/4541
f 4540/4540 4543/4543 4916/4916
f 4540/4540 4916/4916 4914/4914
f 4541/4541 4915/4915 4917/4917
f 4541/4541 4917/4917 4544/4544
f 4543/4543 4918/4918 4919/4919
f 4543/4543 4919/4919 4916/4916
f 4544/4544 4917/4917 4920/4920
f 4544/4544 4920/4920 4545/4545
f 4918/4918 4921/4921 4922/4922
f 4918/4918 4922/4922 4919/4919
f 4545/4545 4920/4920 4923/4923
f 4545/4545 4923/4923 4546/4546
f 4921/4921 4924/4924 4925/4925
f 4921/4921 4925/4925 4922/4922
f 4546/4546 4923/4923 4926/4926
f 4546/4546 4926/4926 4547/4547
f 4924/4924 4552/4552 4927/4927
f 4924/4924 4927/4927 4925/4925
f 4547/4547 4926/4926 4928/4928
f 4547/4547 4928/4928 4548/4548
f 4552/4552 4551/4551 4929/4929
f 4552/4552 4929/4929 4927/4927
f 4548/4548 4928/4928 4930/4930
f 4548/4548 4930/4930 4553/4553
f 4930/4930 4929/4929 4931/4931
f 4930/4930 4931/4931 4932/4932
f 4551/4551 4554/4554 4931/4931
f 4551/4551 4931/4931 4929/4929
f 4553/4553 4930/4930 4932/4932
f 4553/4553 4932/4932 4555/4555
f 4932/4932 4931/4931 4933/4933
f 4932/4932 4933/4933 4934/4934
f 4554/4554 4556/4556 4933/4933
f 4554/4554 4933/4933 4931/4931
f 4555/4555 4932/4932 4934/4934
f 4555/4555 4934/4934 4557/4557
f 4557/4557 4934/4934 4933/4933
f 4557/4557 4933/4933 4556/4556
f 4935/4935 4936/4936 4937/4937
f 4935/4935 4937/4937 4938/4938
f 4583/4583 4935/4935 4938/4938
f 4583/4583 4938/4938 4584/4584
f 4583/4583 4582/4582 4936/4936
f 4583/4583 4936/4936 4935/4935
f 4584/4584 4938/4938 4939/4939
f 4584/4584 4939/4939 4586/4586
f 4586/4586 4939/4939 4940/4940
f 4586/4586 4940/4940 4941/4941
f 4941/4941 4940/4940 4942/4942
f 4941/4941 4942/4942 4943/4943
f 4943/4943 4942/4942 4944/4944
f 4943/4943 4944/4944 4945/4945
f 4945/4945 4944/4944 4946/4946
f 4945/4945 4946/4946 4589/4589
f 4589/4589 4946/4946 4947/4947
f 4589/4589 4947/4947 4590/4590
f 4947/4947 4948/4948 4949/4949
f 4947/4947 4949/4949 4950/4950
f 4590/4590 4947/4947 4950/4950
f 4590/4590 4950/4950 4592/4592
f 4592/4592 4950/4950 4949/4949
f 4592/4592 4949/4949 4593/4593
f 4951/4951 4952/4952 4953/4953
f 4951/4951 4953/4953 4954/4954
f 4598/4598 4955/4955 4953/4953
f 4598/4598 4953/4953 4952/4952
f 4599/4599 4951/4951 4954/4954
f 4599/4599 4954/4954 4601/4601
f 4599/4599 4598/4598 4952/4952
f 4599/4599 4952/4952 4951/4951
f 4601/4601 4954/4954 4956/4956
f 4601/4601 4956/4956 4957/4957
f 4958/4958 4959/4959 4960/4960
f 4958/4958 4960/4960 4604/4604
f 4960/4960 4961/4961 4962/4962
f 4960/4960 4962/4962 4963/4963
f 4964/4964 4606/4606 4962/4962
f 4964/4964 4962/4962 4961/4961
f 4604/4604 4960/4960 4963/4963
f 4604/4604 4963/4963 4605/4605
f 4605/4605 4963/4963 4962/4962
f 4605/4605 4962/4962 4606/4606
f 4965/4965 4966/4966 4967/4967
f 4965/4965 4967/4967 4968/4968
f 4613/4613 4612/4612 4966/4966
f 4613/4613 4966/4966 4965/4965
f 4968/4968 4967/4967 4969/4969
f 4968/4968 4969/4969 4970/4970
f 4971/4971 4972/4972 4973/4973
f 4971/4971 4973/4973 4974/4974
f 4974/4974 4973/4973 4975/4975
f 4974/4974 4975/4975 4976/4976
f 4614/4614 4976/4976 4975/4975
f 4614/4614 4975/4975 4615/4615
f 4977/4977 4978/4978 4979/4979
f 4977/4977 4979/4979 4980/4980
f 4620/4620 4981/4981 4979/4979
f 4620/4620 4979/4979 4978/4978
f 4621/4621 4620/4620 4978/4978
f 4621/4621 4978/4978 4977/4977
f 4980/4980 4979/4979 4982/4982
f 4980/4980 4982/4982 4983/4983
f 4981/4981 4984/4984 4982/4982
f 4981/4981 4982/4982 4979/4979
f 4985/4985 4986/4986 4987/4987
f 4985/4985 4987/4987 4988/4988
f 4989/4989 4990/4990 4987/4987
f 4989/4989 4987/4987 4986/4986
f 4988/4988 4987/4987 4991/4991
f 4988/4988 4991/4991 4992/4992
f 4990/4990 4624/4624 4991/4991
f 4990/4990 4991/4991 4987/4987
f 4623/4623 4992/4992 4991/4991
f 4623/4623 4991/4991 4624/4624
f 4993/4993 4994/4994 4995/4995
f 4993/4993 4995/4995 4996/4996
f 4633/4633 4632/4632 4994/4994
f 4633/4633 4994/4994 4993/4993
f 4996/4996 4995/4995 4997/4997
f 4996/4996 4997/4997 4998/4998
f 4998/4998 4997/4997 4999/4999
f 4998/4998 4999/4999 5000/5000
f 5000/5000 4999/4999 5001/5001
f 5000/5000 5001/5001 5002/5002
f 5002/5002 5001/5001 5003/5003
f 5002/5002 5003/5003 5004/5004
f 5004/5004 5003/5003 5005/5005
f 5004/5004 5005/5005 5006/5006
f 4634/4634 5006/5006 5005/5005
f 4634/4634 5005/5005 4635/4635
f 5007/5007 5008/5008 5009/5009
f 5007/5007 5009/5009 5010/5010
f 4642/4642 4645/4645 5009/5009
f 4642/4642 5009/5009 5008/5008
f 4643/4643 5007/5007 5010/5010
f 4643/4643 5010/5010 5011/5011
f 4643/4643 4642/4642 5008/5008
f 4643/4643 5008/5008 5007/5007
f 5010/5010 5009/5009 5012/5012
f 5010/5010 5012/5012 5013/5013
f 4645/4645 4646/4646 5012/5012
f 4645/4645 5012/5012 5009/5009
f 5011/5011 5010/5010 5013/5013
f 5011/5011 5013/5013 5014/5014
f 4646/4646 4647/4647 5015/5015
f 4646/4646 5015/5015 5012/5012
f 4647/4647 4648/4648 5016/5016
f 4647/4647 5016/5016 5015/5015
f 4648/4648 4649/4649 5017/5017
f 4648/4648 5017/5017 5016/5016
f 4649/4649 4650/4650 5018/5018
f 4649/4649 5018/5018 5017/5017
f 4650/4650 4651/4651 5019/5019
f 4650/4650 5019/5019 5018/5018
f 4651/4651 4652/4652 5020/5020
f 4651/4651 5020/5020 5019/5019
f 5021/5021 5020/5020 5022/5022
f 5021/5021 5022/5022 5023/5023
f 4652/4652 4653/4653 5022/5022
f 4652/4652 5022/5022 5020/5020
f 5024/5024 5021/5021 5023/5023
f 5024/5024 5023/5023 5025/5025
f 5023/5023 5022/5022 5026/5026
f 5023/5023 5026/5026 5027/5027
f 4653/4653 4654/4654 5026/5026
f 4653/4653 5026/5026 5022/5022
f 5025/5025 5023/5023 5027/5027
f 5025/5025 5027/5027 4655/4655
f 4655/4655 5027/5027 5026/5026
f 4655/4655 5026/5026 4654/4654
f 5028/5028 5029/5029 5030/5030
f 5028/5028 5030/5030 5031/5031
f 4676/4676 5028/5028 5031/5031
f 4676/4676 5031/5031 4677/4677
f 4676/4676 4675/4675 5029/5029
f 4676/4676 5029/5029 5028/5028
f 5031/5031 5030/5030 5032/5032
f 5031/5031 5032/5032 5033/5033
f 4677/4677 5031/5031 5033/5033
f 4677/4677 5033/5033 4678/4678
f 4678/4678 5033/5033 5034/5034
f 4678/4678 5034/5034 5035/5035
f 5035/5035 5034/5034 5036/5036
f 5035/5035 5036/5036 5037/5037
f 5037/5037 5036/5036 5038/5038
f 5037/5037 5038/5038 5039/5039
f 5039/5039 5038/5038 5040/5040
f 5039/5039 5040/5040 5041/5041
f 5041/5041 5040/5040 5042/5042
f 5041/5041 5042/5042 5043/5043
f 5043/5043 5042/5042 5044/5044
f 5043/5043 5044/5044 4681/4681
f 5044/5044 5045/5045 5046/5046
f 5044/5044 5046/5046 5047/5047
f 4681/4681 5044/5044 5047/5047
f 4681/4681 5047/5047 4682/4682
f 5047/5047 5046/5046 5048/5048
f 5047/5047 5048/5048 5049/5049
f 4682/4682 5047/5047 5049/5049
f 4682/4682 5049/5049 4683/4683
f 4683/4683 5049/5049 5048/5048
f 4683/4683 5048/5048 4684/4684
f 5050/5050 5051/5051 5052/5052
f 5050/5050 5052/5052 5053/5053
f 4689/4689 4691/4691 5052/5052
f 4689/4689 5052/5052 5051/5051
f 4690/4690 5050/5050 5053/5053
f 4690/4690 5053/5053 4692/4692
f 4690/4690 4689/4689 5051/5051
f 4690/4690 5051/5051 5050/5050
f 4691/4691 5054/5054 5055/5055
f 4691/4691 5055/5055 5052/5052
f 4692/4692 5053/5053 5056/5056
f 4692/4692 5056/5056 5057/5057
f 5058/5058 4694/4694 5059/5059
f 5058/5058 5059/5059 5060/5060
f 5061/5061 5062/5062 5063/5063
f 5061/5061 5063/5063 4695/4695
f 5063/5063 5059/5059 5064/5064
f 5063/5063 5064/5064 5065/5065
f 4694/4694 4693/4693 5064/5064
f 4694/4694 5064/5064 5059/5059
f 4695/4695 5063/5063 5065/5065
f 4695/4695 5065/5065 4696/4696
f 4696/4696 5065/5065 5064/5064
f 4696/4696 5064/5064 4693/4693
f 5066/5066 5067/5067 5068/5068
f 5066/5066 5068/5068 5069/5069
f 4702/4702 4701/4701 5067/5067
f 4702/4702 5067/5067 5066/5066
f 5070/5070 5071/5071 5072/5072
f 5070/5070 5072/5072 5073/5073
f 4704/4704 5073/5073 5072/5072
f 4704/4704 5072/5072 4705/4705
f 5074/5074 5075/5075 5076/5076
f 5074/5074 5076/5076 5077/5077
f 4710/4710 4709/4709 5075/5075
f 4710/4710 5075/5075 5074/5074
f 5078/5078 5079/5079 5080/5080
f 5078/5078 5080/5080 5081/5081
f 4711/4711 5081/5081 5080/5080
f 4711/4711 5080/5080 4712/4712
f 5082/5082 5083/5083 5084/5084
f 5082/5082 5084/5084 5085/5085
f 4714/4714 4713/4713 5084/5084
f 4714/4714 5084/5084 5083/5083
f 4715/4715 5082/5082 5085/5085
f 4715/4715 5085/5085 4716/4716
f 4715/4715 4714/4714 5083/5083
f 4715/4715 5083/5083 5082/5082
f 4713/4713 4717/4717 5086/5086
f 4713/4713 5086/5086 5084/5084
f 4716/4716 5085/5085 5087/5087
f 4716/4716 5087/5087 4718/4718
f 4717/4717 4719/4719 5088/5088
f 4717/4717 5088/5088 5086/5086
f 4718/4718 5087/5087 5089/5089
f 4718/4718 5089/5089 4720/4720
f 4719/4719 4722/4722 5090/5090
f 4719/4719 5090/5090 5088/5088
f 4720/4720 5089/5089 5091/5091
f 4720/4720 5091/5091 4723/4723
f 4722/4722 5092/5092 5093/5093
f 4722/4722 5093/5093 5090/5090
f 5094/5094 4727/4727 5095/5095
f 5094/5094 5095/5095 5096/5096
f 4727/4727 4726/4726 5097/5097
f 4727/4727 5097/5097 5095/5095
f 4729/4729 5098/5098 5099/5099
f 4729/4729 5099/5099 4730/4730
f 4726/4726 4731/4731 5100/5100
f 4726/4726 5100/5100 5097/5097
f 4730/4730 5099/5099 5101/5101
f 4730/4730 5101/5101 4732/4732
f 4731/4731 4733/4733 5102/5102
f 4731/4731 5102/5102 5100/5100
f 4732/4732 5101/5101 5103/5103
f 4732/4732 5103/5103 4734/4734
f 5103/5103 5102/5102 5104/5104
f 5103/5103 5104/5104 5105/5105
f 4733/4733 4735/4735 5104/5104
f 4733/4733 5104/5104 5102/5102
f 4734/4734 5103/5103 5105/5105
f 4734/4734 5105/5105 4736/4736
f 4736/4736 5105/5105 5104/5104
f 4736/4736 5104/5104 4735/4735
f 5106/5106 5107/5107 5108/5108
f 5106/5106 5108/5108 5109/5109
f 4739/4739 5110/5110 5108/5108
f 4739/4739 5108/5108 5107/5107
f 4740/4740 4739/4739 5107/5107
f 4740/4740 5107/5107 5106/5106
f 5110/5110 5111/5111 5112/5112
f 5110/5110 5112/5112 5108/5108
f 5113/5113 5114/5114 5115/5115
f 5113/5113 5115/5115 5116/5116
f 5117/5117 5115/5115 5118/5118
f 5117/5117 5118/5118 5119/5119
f 5114/5114 4743/4743 5118/5118
f 5114/5114 5118/5118 5115/5115
f 4742/4742 5119/5119 5118/5118
f 4742/4742 5118/5118 4743/4743
f 5120/5120 5121/5121 5122/5122
f 5120/5120 5122/5122 5123/5123
f 4752/4752 4751/4751 5121/5121
f 4752/4752 5121/5121 5120/5120
f 5123/5123 5122/5122 5124/5124
f 5123/5123 5124/5124 5125/5125
f 5125/5125 5124/5124 5126/5126
f 5125/5125 5126/5126 5127/5127
f 5127/5127 5126/5126 5128/5128
f 5127/5127 5128/5128 5129/5129
f 4753/4753 5129/5129 5128/5128
f 4753/4753 5128/5128 4754/4754
f 5130/5130 5131/5131 5132/5132
f 5130/5130 5132/5132 5133/5133
f 4761/4761 4763/4763 5132/5132
f 4761/4761 5132/5132 5131/5131
f 4762/4762 5130/5130 5133/5133
f 4762/4762 5133/5133 4764/4764
f 4762/4762 4761/4761 5131/5131
f 4762/4762 5131/5131 5130/5130
f 5133/5133 5132/5132 5134/5134
f 5133/5133 5134/5134 5135/5135
f 4763/4763 4766/4766 5134/5134
f 4763/4763 5134/5134 5132/5132
f 4764/4764 5133/5133 5135/5135
f 4764/4764 5135/5135 5136/5136
f 4766/4766 4767/4767 5137/5137
f 4766/4766 5137/5137 5134/5134
f 5136/5136 5135/5135 5138/5138
f 5136/5136 5138/5138 5139/5139
f 4767/4767 4768/4768 5140/5140
f 4767/4767 5140/5140 5137/5137
f 4768/4768 4769/4769 5141/5141
f 4768/4768 5141/5141 5140/5140
f 4769/4769 4770/4770 5142/5142
f 4769/4769 5142/5142 5141/5141
f 4770/4770 4771/4771 5143/5143
f 4770/4770 5143/5143 5142/5142
f 4771/4771 4772/4772 5144/5144
f 4771/4771 5144/5144 5143/5143
f 5145/5145 5146/5146 5147/5147
f 5145/5145 5147/5147 5148/5148
f 5147/5147 5144/5144 5149/5149
f 5147/5147 5149/5149 5150/5150
f 4772/4772 4773/4773 5149/5149
f 4772/4772 5149/5149 5144/5144
f 5148/5148 5147/5147 5150/5150
f 5148/5148 5150/5150 4776/4776
f 5150/5150 5149/5149 5151/5151
f 5150/5150 5151/5151 5152/5152
f 4773/4773 4774/4774 5151/5151
f 4773/4773 5151/5151 5149/5149
f 4776/4776 5150/5150 5152/5152
f 4776/4776 5152/5152 4777/4777
f 4777/4777 5152/5152 5151/5151
f 4777/4777 5151/5151 4774/4774
f 5153/5153 5154/5154 5155/5155
f 5153/5153 5155/5155 5156/5156
f 4796/4796 5153/5153 5156/5156
f 4796/4796 5156/5156 5157/5157
f 4796/4796 4795/4795 5154/5154
f 4796/4796 5154/5154 5153/5153
f 5156/5156 5155/5155 5158/5158
f 5156/5156 5158/5158 5159/5159
f 5157/5157 5156/5156 5159/5159
f 5157/5157 5159/5159 5160/5160
f 5159/5159 5158/5158 5161/5161
f 5159/5159 5161/5161 5162/5162
f 5160/5160 5159/5159 5162/5162
f 5160/5160 5162/5162 5163/5163
f 5162/5162 5161/5161 5164/5164
f 5162/5162 5164/5164 5165/5165
f 5163/5163 5162/5162 5165/5165
f 5163/5163 5165/5165 4798/4798
f 4798/4798 5165/5165 5164/5164
f 4798/4798 5164/5164 4799/4799
f 5166/5166 5167/5167 5168/5168
f 5166/5166 5168/5168 5169/5169
f 4809/4809 4808/4808 5167/5167
f 4809/4809 5167/5167 5166/5166
f 5169/5169 5168/5168 5170/5170
f 5169/5169 5170/5170 5171/5171
f 5171/5171 5170/5170 5172/5172
f 5171/5171 5172/5172 5173/5173
f 5173/5173 5172/5172 5174/5174
f 5173/5173 5174/5174 5175/5175
f 4810/4810 5175/5175 5174/5174
f 4810/4810 5174/5174 4811/4811
f 4817/4817 4816/4816 5176/5176
f 4817/4817 5176/5176 5177/5177
f 4820/4820 5178/5178 5179/5179
f 4820/4820 5179/5179 4821/4821
f 4828/4828 4832/4832 5180/5180
f 4828/4828 5180/5180 5181/5181
f 4829/4829 5182/5182 5183/5183
f 4829/4829 5183/5183 4833/4833
f 4829/4829 4828/4828 5181/5181
f 4829/4829 5181/5181 5182/5182
f 4832/4832 4834/4834 5184/5184
f 4832/4832 5184/5184 5180/5180
f 4833/4833 5183/5183 5185/5185
f 4833/4833 5185/5185 4835/4835
f 4834/4834 4836/4836 5186/5186
f 4834/4834 5186/5186 5184/5184
f 4835/4835 5185/5185 5187/5187
f 4835/4835 5187/5187 4837/4837
f 4836/4836 4838/4838 5188/5188
f 4836/4836 5188/5188 5186/5186
f 4837/4837 5187/5187 5189/5189
f 4837/4837 5189/5189 4839/4839
f 4838/4838 4840/4840 5190/5190
f 4838/4838 5190/5190 5188/5188
f 4839/4839 5189/5189 5191/5191
f 4839/4839 5191/5191 5192/5192
f 4840/4840 4841/4841 5193/5193
f 4840/4840 5193/5193 5190/5190
f 4843/4843 4844/4844 5194/5194
f 4843/4843 5194/5194 5195/5195
f 4844/4844 4845/4845 5196/5196
f 4844/4844 5196/5196 5194/5194
f 5197/5197 5198/5198 5199/5199
f 5197/5197 5199/5199 4847/4847
f 4845/4845 4846/4846 5200/5200
f 4845/4845 5200/5200 5196/5196
f 4847/4847 5199/5199 5201/5201
f 4847/4847 5201/5201 4848/4848
f 4846/4846 4849/4849 5202/5202
f 4846/4846 5202/5202 5200/5200
f 4848/4848 5201/5201 5203/5203
f 4848/4848 5203/5203 4850/4850
f 4849/4849 4851/4851 5204/5204
f 4849/4849 5204/5204 5202/5202
f 4850/4850 5203/5203 5205/5205
f 4850/4850 5205/5205 4852/4852
f 4851/4851 4853/4853 5206/5206
f 4851/4851 5206/5206 5204/5204
f 4852/4852 5205/5205 5207/5207
f 4852/4852 5207/5207 4854/4854
f 4854/4854 5207/5207 5206/5206
f 4854/4854 5206/5206 4853/4853
f 5208/5208 5209/5209 5210/5210
f 5208/5208 5210/5210 5211/5211
f 5208/5208 5211/5211 5212/5212
f 5208/5208 5212/5212 5213/5213
f 5209/5209 5214/5214 5215/5215
f 5209/5209 5215/5215 5210/5210
f 5214/5214 5216/5216 5217/5217
f 5214/5214 5217/5217 5215/5215
f 4861/4861 4863/4863 5218/5218
f 4861/4861 5218/5218 5219/5219
f 4862/4862 5220/5220 5221/5221
f 4862/4862 5221/5221 4864/4864
f 4862/4862 4861/4861 5219/5219
f 4862/4862 5219/5219 5220/5220
f 4863/4863 4865/4865 5222/5222
f 4863/4863 5222/5222 5218/5218
f 4864/4864 5221/5221 5223/5223
f 4864/4864 5223/5223 4866/4866
f 4865/4865 4867/4867 5224/5224
f 4865/4865 5224/5224 5222/5222
f 4866/4866 5223/5223 5225/5225
f 4866/4866 5225/5225 4868/4868
f 4867/4867 4869/4869 5226/5226
f 4867/4867 5226/5226 5224/5224
f 4868/4868 5225/5225 5227/5227
f 4868/4868 5227/5227 4870/4870
f 4869/4869 4871/4871 5228/5228
f 4869/4869 5228/5228 5226/5226
f 4870/4870 5227/5227 5229/5229
f 4870/4870 5229/5229 4872/4872
f 4871/4871 4873/4873 5230/5230
f 4871/4871 5230/5230 5228/5228
f 4872/4872 5229/5229 5231/5231
f 4872/4872 5231/5231 4874/4874
f 4873/4873 4876/4876 5232/5232
f 4873/4873 5232/5232 5230/5230
f 4874/4874 5231/5231 5233/5233
f 4874/4874 5233/5233 4877/4877
f 4876/4876 5234/5234 5235/5235
f 4876/4876 5235/5235 5232/5232
f 4877/4877 5233/5233 5236/5236
f 4877/4877 5236/5236 4878/4878
f 5234/5234 5237/5237 5238/5238
f 5234/5234 5238/5238 5235/5235
f 5237/5237 5239/5239 5240/5240
f 5237/5237 5240/5240 5238/5238
f 5239/5239 4884/4884 5241/5241
f 5239/5239 5241/5241 5240/5240
f 4880/4880 5242/5242 5243/5243
f 4880/4880 5243/5243 4881/4881
f 4884/4884 4883/4883 5244/5244
f 4884/4884 5244/5244 5241/5241
f 4881/4881 5243/5243 5245/5245
f 4881/4881 5245/5245 4885/4885
f 4883/4883 4886/4886 5246/5246
f 4883/4883 5246/5246 5244/5244
f 4885/4885 5245/5245 5247/5247
f 4885/4885 5247/5247 4887/4887
f 4886/4886 4888/4888 5248/5248
f 4886/4886 5248/5248 5246/5246
f 4887/4887 5247/5247 5249/5249
f 4887/4887 5249/5249 4889/4889
f 4888/4888 4890/4890 5250/5250
f 4888/4888 5250/5250 5248/5248
f 4889/4889 5249/5249 5251/5251
f 4889/4889 5251/5251 4891/4891
f 4890/4890 4892/4892 5252/5252
f 4890/4890 5252/5252 5250/5250
f 4891/4891 5251/5251 5253/5253
f 4891/4891 5253/5253 4893/4893
f 4892/4892 4894/4894 5254/5254
f 4892/4892 5254/5254 5252/5252
f 4893/4893 5253/5253 5255/5255
f 4893/4893 5255/5255 4895/4895
f 4894/4894 4896/4896 5256/5256
f 4894/4894 5256/5256 5254/5254
f 4895/4895 5255/5255 5257/5257
f 4895/4895 5257/5257 4897/4897
f 4897/4897 5257/5257 5256/5256
f 4897/4897 5256/5256 4896/4896
f 5258/5258 5259/5259 5260/5260
f 5258/5258 5260/5260 5261/5261
f 4914/4914 4916/4916 5260/5260
f 4914/4914 5260/5260 5259/5259
f 4915/4915 5258/5258 5261/5261
f 4915/4915 5261/5261 4917/4917
f 4915/4915 4914/4914 5259/5259
f 4915/4915 5259/5259 5258/5258
f 5261/5261 5260/5260 5262/5262
f 5261/5261 5262/5262 5263/5263
f 4916/4916 4919/4919 5262/5262
f 4916/4916 5262/5262 5260/5260
f 4917/4917 5261/5261 5263/5263
f 4917/4917 5263/5263 4920/4920
f 5263/5263 5262/5262 5264/5264
f 5263/5263 5264/5264 5265/5265
f 4919/4919 4922/4922 5264/5264
f 4919/4919 5264/5264 5262/5262
f 4920/4920 5263/5263 5265/5265
f 4920/4920 5265/5265 4923/4923
f 5265/5265 5264/5264 5266/5266
f 5265/5265 5266/5266 5267/5267
f 4922/4922 4925/4925 5266/5266
f 4922/4922 5266/5266 5264/5264
f 4923/4923 5265/5265 5267/5267
f 4923/4923 5267/5267 4926/4926
f 5267/5267 5266/5266 5268/5268
f 5267/5267 5268/5268 5269/5269
f 4925/4925 4927/4927 5268/5268
f 4925/4925 5268/5268 5266/5266
f 4926/4926 5267/5267 5269/5269
f 4926/4926 5269/5269 4928/4928
f 5269/5269 5268/5268 5270/5270
f 5269/5269 5270/5270 5271/5271
f 4927/4927 4929/4929 5270/5270
f 4927/4927 5270/5270 5268/5268
f 4928/4928 5269/5269 5271/5271
f 4928/4928 5271/5271 4930/4930
f 4930/4930 5271/5271 5270/5270
f 4930/4930 5270/5270 4929/4929
f 5272/5272 5273/5273 5274/5274
f 5272/5272 5274/5274 5275/5275
f 4938/4938 5272/5272 5275/5275
f 4938/4938 5275/5275 4939/4939
f 4938/4938 4937/4937 5273/5273
f 4938/4938 5273/5273 5272/5272
f 5275/5275 5274/5274 5276/5276
f 5275/5275 5276/5276 5277/5277
f 4939/4939 5275/5275 5277/5277
f 4939/4939 5277/5277 4940/4940
f 5277/5277 5276/5276 5278/5278
f 5277/5277 5278/5278 5279/5279
f 4940/4940 5277/5277 5279/5279
f 4940/4940 5279/5279 4942/4942
f 5279/5279 5278/5278 5280/5280
f 5279/5279 5280/5280 5281/5281
f 4942/4942 5279/5279 5281/5281
f 4942/4942 5281/5281 4944/4944
f 5281/5281 5280/5280 5282/5282
f 5281/5281 5282/5282 5283/5283
f 4944/4944 5281/5281 5283/5283
f 4944/4944 5283/5283 4946/4946
f 5283/5283 5282/5282 5284/5284
f 5283/5283 5284/5284 5285/5285
f 4946/4946 5283/5283 5285/5285
f 4946/4946 5285/5285 4947/4947
f 4947/4947 5285/5285 5284/5284
f 4947/4947 5284/5284 4948/4948
f 5286/5286 5287/5287 5288/5288
f 5286/5286 5288/5288 5289/5289
f 4953/4953 5290/5290 5288/5288
f 4953/4953 5288/5288 5287/5287
f 4954/4954 5286/5286 5289/5289
f 4954/4954 5289/5289 4956/4956
f 4954/4954 4953/4953 5287/5287
f 4954/4954 5287/5287 5286/5286
f 5289/5289 5288/5288 5291/5291
f 5289/5289 5291/5291 5292/5292
f 5290/5290 5293/5293 5291/5291
f 5290/5290 5291/5291 5288/5288
f 4956/4956 5289/5289 5292/5292
f 4956/4956 5292/5292 5294/5294
f 5295/5295 5296/5296 5297/5297
f 5295/5295 5297/5297 5298/5298
f 5299/5299 5300/5300 5297/5297
f 5299/5299 5297/5297 5296/5296
f 5301/5301 5295/5295 5298/5298
f 5301/5301 5298/5298 4959/4959
f 5298/5298 5297/5297 5302/5302
f 5298/5298 5302/5302 5303/5303
f 5300/5300 4961/4961 5302/5302
f 5300/5300 5302/5302 5297/5297
f 4959/4959 5298/5298 5303/5303
f 4959/4959 5303/5303 4960/4960
f 4960/4960 5303/5303 5302/5302
f 4960/4960 5302/5302 4961/4961
f 5304/5304 5305/5305 5306/5306
f 5304/5304 5306/5306 5307/5307
f 4970/4970 4969/4969 5305/5305
f 4970/4970 5305/5305 5304/5304
f 5307/5307 5306/5306 5308/5308
f 5307/5307 5308/5308 5309/5309
f 5309/5309 5308/5308 5310/5310
f 5309/5309 5310/5310 5311/5311
f 5311/5311 5310/5310 5312/5312
f 5311/5311 5312/5312 5313/5313
f 5313/5313 5312/5312 5314/5314
f 5313/5313 5314/5314 5315/5315
f 5315/5315 5314/5314 5316/5316
f 5315/5315 5316/5316 5317/5317
f 4971/4971 5317/5317 5316/5316
f 4971/4971 5316/5316 4972/4972
f 5318/5318 5319/5319 5320/5320
f 5318/5318 5320/5320 5321/5321
f 4982/4982 5322/5322 5320/5320
f 4982/4982 5320/5320 5319/5319
f 4983/4983 4982/4982 5319/5319
f 4983/4983 5319/5319 5318/5318
f 5321/5321 5320/5320 5323/5323
f 5321/5321 5323/5323 5324/5324
f 5322/5322 5325/5325 5323/5323
f 5322/5322 5323/5323 5320/5320
f 5324/5324 5323/5323 5326/5326
f 5324/5324 5326/5326 5327/5327
f 5325/5325 5328/5328 5326/5326
f 5325/5325 5326/5326 5323/5323
f 5327/5327 5326/5326 5329/5329
f 5327/5327 5329/5329 5330/5330
f 5328/5328 5331/5331 5329/5329
f 5328/5328 5329/5329 5326/5326
f 5330/5330 5329/5329 5332/5332
f 5330/5330 5332/5332 5333/5333
f 5331/5331 5334/5334 5332/5332
f 5331/5331 5332/5332 5329/5329
f 5333/5333 5332/5332 5335/5335
f 5333/5333 5335/5335 5336/5336
f 5334/5334 4986/4986 5335/5335
f 5334/5334 5335/5335 5332/5332
f 4985/4985 5336/5336 5335/5335
f 4985/4985 5335/5335 4986/4986
f 5337/5337 5338/5338 5339/5339
f 5337/5337 5339/5339 5340/5340
f 5012/5012 5015/5015 5339/5339
f 5012/5012 5339/5339 5338/5338
f 5013/5013 5337/5337 5340/5340
f 5013/5013 5340/5340 5341/5341
f 5013/5013 5012/5012 5338/5338
f 5013/5013 5338/5338 5337/5337
f 5340/5340 5339/5339 5342/5342
f 5340/5340 5342/5342 5343/5343
f 5015/5015 5016/5016 5342/5342
f 5015/5015 5342/5342 5339/5339
f 5341/5341 5340/5340 5343/5343
f 5341/5341 5343/5343 5344/5344
f 5343/5343 5342/5342 5345/5345
f 5343/5343 5345/5345 5346/5346
f 5016/5016 5017/5017 5345/5345
f 5016/5016 5345/5345 5342/5342
f 5344/5344 5343/5343 5346/5346
f 5344/5344 5346/5346 5347/5347
f 5346/5346 5345/5345 5348/5348
f 5346/5346 5348/5348 5349/5349
f 5017/5017 5018/5018 5348/5348
f 5017/5017 5348/5348 5345/5345
f 5347/5347 5346/5346 5349/5349
f 5347/5347 5349/5349 5350/5350
f 5349/5349 5348/5348 5351/5351
f 5349/5349 5351/5351 5352/5352
f 5018/5018 5019/5019 5351/5351
f 5018/5018 5351/5351 5348/5348
f 5350/5350 5349/5349 5352/5352
f 5350/5350 5352/5352 5353/5353
f 5352/5352 5351/5351 5354/5354
f 5352/5352 5354/5354 5355/5355
f 5019/5019 5020/5020 5354/5354
f 5019/5019 5354/5354 5351/5351
f 5353/5353 5352/5352 5355/5355
f 5353/5353 5355/5355 5021/5021
f 5021/5021 5355/5355 5354/5354
f 5021/5021 5354/5354 5020/5020
f 5356/5356 5357/5357 5358/5358
f 5356/5356 5358/5358 5359/5359
f 5033/5033 5356/5356 5359/5359
f 5033/5033 5359/5359 5034/5034
f 5033/5033 5032/5032 5357/5357
f 5033/5033 5357/5357 5356/5356
f 5359/5359 5358/5358 5360/5360
f 5359/5359 5360/5360 5361/5361
f 5034/5034 5359/5359 5361/5361
f 5034/5034 5361/5361 5036/5036
f 5361/5361 5360/5360 5362/5362
f 5361/5361 5362/5362 5363/5363
f 5036/5036 5361/5361 5363/5363
f 5036/5036 5363/5363 5038/5038
f 5363/5363 5362/5362 5364/5364
f 5363/5363 5364/5364 5365/5365
f 5038/5038 5363/5363 5365/5365
f 5038/5038 5365/5365 5040/5040
f 5365/5365 5364/5364 5366/5366
f 5365/5365 5366/5366 5367/5367
f 5040/5040 5365/5365 5367/5367
f 5040/5040 5367/5367 5042/5042
f 5367/5367 5366/5366 5368/5368
f 5367/5367 5368/5368 5369/5369
f 5042/5042 5367/5367 5369/5369
f 5042/5042 5369/5369 5044/5044
f 5044/5044 5369/5369 5368/5368
f 5044/5044 5368/5368 5045/5045
f 5370/5370 5371/5371 5372/5372
f 5370/5370 5372/5372 5373/5373
f 5052/5052 5055/5055 5372/5372
f 5052/5052 5372/5372 5371/5371
f 5053/5053 5370/5370 5373/5373
f 5053/5053 5373/5373 5056/5056
f 5053/5053 5052/5052 5371/5371
f 5053/5053 5371/5371 5370/5370
f 5373/5373 5372/5372 5374/5374
f 5373/5373 5374/5374 5375/5375
f 5055/5055 5376/5376 5374/5374
f 5055/5055 5374/5374 5372/5372
f 5056/5056 5373/5373 5375/5375
f 5056/5056 5375/5375 5377/5377
f 5377/5377 5375/5375 5378/5378
f 5377/5377 5378/5378 5379/5379
f 5380/5380 5381/5381 5382/5382
f 5380/5380 5382/5382 5383/5383
f 5382/5382 5384/5384 5385/5385
f 5382/5382 5385/5385 5386/5386
f 5387/5387 5060/5060 5385/5385
f 5387/5387 5385/5385 5384/5384
f 5383/5383 5382/5382 5386/5386
f 5383/5383 5386/5386 5062/5062
f 5386/5386 5385/5385 5388/5388
f 5386/5386 5388/5388 5389/5389
f 5060/5060 5059/5059 5388/5388
f 5060/5060 5388/5388 5385/5385
f 5062/5062 5386/5386 5389/5389
f 5062/5062 5389/5389 5063/5063
f 5063/5063 5389/5389 5388/5388
f 5063/5063 5388/5388 5059/5059
f 5390/5390 5391/5391 5392/5392
f 5390/5390 5392/5392 5393/5393
f 5069/5069 5068/5068 5391/5391
f 5069/5069 5391/5391 5390/5390
f 5394/5394 5395/5395 5396/5396
f 5394/5394 5396/5396 5397/5397
f 5070/5070 5397/5397 5396/5396
f 5070/5070 5396/5396 5071/5071
f 5398/5398 5399/5399 5400/5400
f 5398/5398 5400/5400 5401/5401
f 5077/5077 5076/5076 5399/5399
f 5077/5077 5399/5399 5398/5398
f 5401/5401 5400/5400 5402/5402
f 5401/5401 5402/5402 5403/5403
f 5404/5404 5405/5405 5406/5406
f 5404/5404 5406/5406 5407/5407
f 5407/5407 5406/5406 5408/5408
f 5407/5407 5408/5408 5409/5409
f 5078/5078 5409/5409 5408/5408
f 5078/5078 5408/5408 5079/5079
f 5410/5410 5411/5411 5412/5412
f 5410/5410 5412/5412 5413/5413
f 5084/5084 5086/5086 5412/5412
f 5084/5084 5412/5412 5411/5411
f 5085/5085 5410/5410 5413/5413
f 5085/5085 5413/5413 5087/5087
f 5085/5085 5084/5084 5411/5411
f 5085/5085 5411/5411 5410/5410
f 5086/5086 5088/5088 5414/5414
f 5086/5086 5414/5414 5412/5412
f 5087/5087 5413/5413 5415/5415
f 5087/5087 5415/5415 5089/5089
f 5088/5088 5090/5090 5416/5416
f 5088/5088 5416/5416 5414/5414
f 5089/5089 5415/5415 5417/5417
f 5089/5089 5417/5417 5091/5091
f 5090/5090 5093/5093 5418/5418
f 5090/5090 5418/5418 5416/5416
f 5091/5091 5417/5417 5419/5419
f 5091/5091 5419/5419 5420/5420
f 5093/5093 5421/5421 5422/5422
f 5093/5093 5422/5422 5418/5418
f 5423/5423 5096/5096 5424/5424
f 5423/5423 5424/5424 5425/5425
f 5096/5096 5095/5095 5426/5426
f 5096/5096 5426/5426 5424/5424
f 5427/5427 5428/5428 5429/5429
f 5427/5427 5429/5429 5098/5098
f 5095/5095 5097/5097 5430/5430
f 5095/5095 5430/5430 5426/5426
f 5098/5098 5429/5429 5431/5431
f 5098/5098 5431/5431 5099/5099
f 5097/5097 5100/5100 5432/5432
f 5097/5097 5432/5432 5430/5430
f 5099/5099 5431/5431 5433/5433
f 5099/5099 5433/5433 5101/5101
f 5433/5433 5432/5432 5434/5434
f 5433/5433 5434/5434 5435/5435
f 5100/5100 5102/5102 5434/5434
f 5100/5100 5434/5434 5432/5432
f 5101/5101 5433/5433 5435/5435
f 5101/5101 5435/5435 5103/5103
f 5103/5103 5435/5435 5434/5434
f 5103/5103 5434/5434 5102/5102
f 5436/5436 5437/5437 5438/5438
f 5436/5436 5438/5438 5439/5439
f 5108/5108 5112/5112 5438/5438
f 5108/5108 5438/5438 5437/5437
f 5109/5109 5108/5108 5437/5437
f 5109/5109 5437/5437 5436/5436
f 5439/5439 5438/5438 5440/5440
f 5439/5439 5440/5440 5441/5441
f 5112/5112 5442/5442 5440/5440
f 5112/5112 5440/5440 5438/5438
f 5441/5441 5440/5440 5443/5443
f 5441/5441 5443/5443 5444/5444
f 5442/5442 5445/5445 5443/5443
f 5442/5442 5443/5443 5440/5440
f 5444/5444 5443/5443 5446/5446
f 5444/5444 5446/5446 5447/5447
f 5445/5445 5448/5448 5446/5446
f 5445/5445 5446/5446 5443/5443
f 5447/5447 5446/5446 5449/5449
f 5447/5447 5449/5449 5450/5450
f 5448/5448 5116/5116 5449/5449
f 5448/5448 5449/5449 5446/5446
f 5450/5450 5449/5449 5451/5451
f 5450/5450 5451/5451 5452/5452
f 5116/5116 5115/5115 5451/5451
f 5116/5116 5451/5451 5449/5449
f 5117/5117 5452/5452 5451/5451
f 5117/5117 5451/5451 5115/5115
f 5453/5453 5454/5454 5455/5455
f 5453/5453 5455/5455 5456/5456
f 5134/5134 5137/5137 5455/5455
f 5134/5134 5455/5455 5454/5454
f 5135/5135 5453/5453 5456/5456
f 5135/5135 5456/5456 5138/5138
f 5135/5135 5134/5134 5454/5454
f 5135/5135 5454/5454 5453/5453
f 5456/5456 5455/5455 5457/5457
f 5456/5456 5457/5457 5458/5458
f 5137/5137 5140/5140 5457/5457
f 5137/5137 5457/5457 5455/5455
f 5138/5138 5456/5456 5458/5458
f 5138/5138 5458/5458 5459/5459
f 5458/5458 5457/5457 5460/5460
f 5458/5458 5460/5460 5461/5461
f 5140/5140 5141/5141 5460/5460
f 5140/5140 5460/5460 5457/5457
f 5459/5459 5458/5458 5461/5461
f 5459/5459 5461/5461 5462/5462
f 5461/5461 5460/5460 5463/5463
f 5461/5461 5463/5463 5464/5464
f 5141/5141 5142/5142 5463/5463
f 5141/5141 5463/5463 5460/5460
f 5462/5462 5461/5461 5464/5464
f 5462/5462 5464/5464 5465/5465
f 5464/5464 5463/5463 5466/5466
f 5464/5464 5466/5466 5467/5467
f 5142/5142 5143/5143 5466/5466
f 5142/5142 5466/5466 5463/5463
f 5465/5465 5464/5464 5467/5467
f 5465/5465 5467/5467 5146/5146
f 5467/5467 5466/5466 5468/5468
f 5467/5467 5468/5468 5469/5469
f 5143/5143 5144/5144 5468/5468
f 5143/5143 5468/5468 5466/5466
f 5146/5146 5467/5467 5469/5469
f 5146/5146 5469/5469 5147/5147
f 5147/5147 5469/5469 5468/5468
f 5147/5147 5468/5468 5144/5144
f 5470/5470 5471/5471 5472/5472
f 5470/5470 5472/5472 5473/5473
f 5177/5177 5470/5470 5473/5473
f 5177/5177 5473/5473 5474/5474
f 5177/5177 5176/5176 5471/5471
f 5177/5177 5471/5471 5470/5470
f 5473/5473 5472/5472 5475/5475
f 5473/5473 5475/5475 5476/5476
f 5474/5474 5473/5473 5476/5476
f 5474/5474 5476/5476 5477/5477
f 5476/5476 5475/5475 5478/5478
f 5476/5476 5478/5478 5479/5479
f 5477/5477 5476/5476 5479/5479
f 5477/5477 5479/5479 5480/5480
f 5479/5479 5478/5478 5481/5481
f 5479/5479 5481/5481 5482/5482
f 5480/5480 5479/5479 5482/5482
f 5480/5480 5482/5482 5178/5178
f 5178/5178 5482/5482 5481/5481
f 5178/5178 5481/5481 5179/5179
f 5181/5181 5180/5180 5483/5483
f 5181/5181 5483/5483 5484/5484
f 5182/5182 5485/5485 5486/5486
f 5182/5182 5486/5486 5183/5183
f 5182/5182 5181/5181 5484/5484
f 5182/5182 5484/5484 5485/5485
f 5180/5180 5184/5184 5487/5487
f 5180/5180 5487/5487 5483/5483
f 5183/5183 5486/5486 5488/5488
f 5183/5183 5488/5488 5185/5185
f 5184/5184 5186/5186 5489/5489
f 5184/5184 5489/5489 5487/5487
f 5185/5185 5488/5488 5490/5490
f 5185/5185 5490/5490 5187/5187
f 5186/5186 5188/5188 5491/5491
f 5186/5186 5491/5491 5489/5489
f 5187/5187 5490/5490 5492/5492
f 5187/5187 5492/5492 5189/5189
f 5188/5188 5190/5190 5493/5493
f 5188/5188 5493/5493 5491/5491
f 5189/5189 5492/5492 5494/5494
f 5189/5189 5494/5494 5191/5191
f 5194/5194 5196/5196 5495/5495
f 5194/5194 5495/5495 5496/5496
f 5198/5198 5497/5497 5498/5498
f 5198/5198 5498/5498 5199/5199
f 5196/5196 5200/5200 5499/5499
f 5196/5196 5499/5499 5495/5495
f 5199/5199 5498/5498 5500/5500
f 5199/5199 5500/5500 5201/5201
f 5200/5200 5202/5202 5501/5501
f 5200/5200 5501/5501 5499/5499
f 5201/5201 5500/5500 5502/5502
f 5201/5201 5502/5502 5203/5203
f 5202/5202 5204/5204 5503/5503
f 5202/5202 5503/5503 5501/5501
f 5203/5203 5502/5502 5504/5504
f 5203/5203 5504/5504 5205/5205
f 5204/5204 5206/5206 5505/5505
f 5204/5204 5505/5505 5503/5503
f 5205/5205 5504/5504 5506/5506
f 5205/5205 5506/5506 5207/5207
f 5207/5207 5506/5506 5505/5505
f 5207/5207 5505/5505 5206/5206
f 5507/5507 5213/5213 5212/5212
f 5507/5507 5212/5212 5508/5508
f 5507/5507 5508/5508 5509/5509
f 5507/5507 5509/5509 5510/5510
f 5216/5216 5511/5511 5512/5512
f 5216/5216 5512/5512 5217/5217
f 5511/5511 5513/5513 5514/5514
f 5511/5511 5514/5514 5512/5512
f 5219/5219 5218/5218 5515/5515
f 5219/5219 5515/5515 5516/5516
f 5220/5220 5517/5517 5518/5518
f 5220/5220 5518/5518 5221/5221
f 5220/5220 5219/5219 5516/5516
f 5220/5220 5516/5516 5517/5517
f 5218/5218 5222/5222 5519/5519
f 5218/5218 5519/5519 5515/5515
f 5221/5221 5518/5518 5520/5520
f 5221/5221 5520/5520 5223/5223
f 5222/5222 5224/5224 5521/5521
f 5222/5222 5521/5521 5519/5519
f 5223/5223 5520/5520 5522/5522
f 5223/5223 5522/5522 5225/5225
f 5224/5224 5226/5226 5523/5523
f 5224/5224 5523/5523 5521/5521
f 5225/5225 5522/5522 5524/5524
f 5225/5225 5524/5524 5227/5227
f 5226/5226 5228/5228 5525/5525
f 5226/5226 5525/5525 5523/5523
f 5227/5227 5524/5524 5526/5526
f 5227/5227 5526/5526 5229/5229
f 5228/5228 5230/5230 5527/5527
f 5228/5228 5527/5527 5525/5525
f 5229/5229 5526/5526 5528/5528
f 5229/5229 5528/5528 5231/5231
f 5230/5230 5232/5232 5529/5529
f 5230/5230 5529/5529 5527/5527
f 5231/5231 5528/5528 5530/5530
f 5231/5231 5530/5530 5233/5233
f 5232/5232 5235/5235 5531/5531
f 5232/5232 5531/5531 5529/5529
f 5235/5235 5238/5238 5532/5532
f 5235/5235 5532/5532 5531/5531
f 5238/5238 5240/5240 5533/5533
f 5238/5238 5533/5533 5532/5532
f 5240/5240 5241/5241 5534/5534
f 5240/5240 5534/5534 5533/5533
f 5241/5241 5244/5244 5535/5535
f 5241/5241 5535/5535 5534/5534
f 5243/5243 5536/5536 5537/5537
f 5243/5243 5537/5537 5245/5245
f 5244/5244 5246/5246 5538/5538
f 5244/5244 5538/5538 5535/5535
f 5245/5245 5537/5537 5539/5539
f 5245/5245 5539/5539 5247/5247
f 5246/5246 5248/5248 5540/5540
f 5246/5246 5540/5540 5538/5538
f 5247/5247 5539/5539 5541/5541
f 5247/5247 5541/5541 5249/5249
f 5248/5248 5250/5250 5542/5542
f 5248/5248 5542/5542 5540/5540
f 5249/5249 5541/5541 5543/5543
f 5249/5249 5543/5543 5251/5251
f 5250/5250 5252/5252 5544/5544
f 5250/5250 5544/5544 5542/5542
f 5251/5251 5543/5543 5545/5545
f 5251/5251 5545/5545 5253/5253
f 5252/5252 5254/5254 5546/5546
f 5252/5252 5546/5546 5544/5544
f 5253/5253 5545/5545 5547/5547
f 5253/5253 5547/5547 5255/5255
f 5254/5254 5256/5256 5548/5548
f 5254/5254 5548/5548 5546/5546
f 5255/5255 5547/5547 5549/5549
f 5255/5255 5549/5549 5257/5257
f 5257/5257 5549/5549 5548/5548
f 5257/5257 5548/5548 5256/5256
f 5550/5550 5551/5551 5552/5552
f 5550/5550 5552/5552 5553/5553
f 5291/5291 5554/5554 5552/5552
f 5291/5291 5552/5552 5551/5551
f 5292/5292 5550/5550 5553/5553
f 5292/5292 5553/5553 5555/5555
f 5292/5292 5291/5291 5551/5551
f 5292/5292 5551/5551 5550/5550
f 5553/5553 5552/5552 5556/5556
f 5553/5553 5556/5556 5557/5557
f 5554/5554 5558/5558 5556/5556
f 5554/5554 5556/5556 5552/5552
f 5555/5555 5553/5553 5557/5557
f 5555/5555 5557/5557 5559/5559
f 5557/5557 5556/5556 5560/5560
f 5557/5557 5560/5560 5561/5561
f 5558/5558 5562/5562 5560/5560
f 5558/5558 5560/5560 5556/5556
f 5559/5559 5557/5557 5561/5561
f 5559/5559 5561/5561 5563/5563
f 5561/5561 5560/5560 5564/5564
f 5561/5561 5564/5564 5565/5565
f 5562/5562 5566/5566 5564/5564
f 5562/5562 5564/5564 5560/5560
f 5563/5563 5561/5561 5565/5565
f 5563/5563 5565/5565 5567/5567
f 5565/5565 5564/5564 5568/5568
f 5565/5565 5568/5568 5569/5569
f 5566/5566 5570/5570 5568/5568
f 5566/5566 5568/5568 5564/5564
f 5567/5567 5565/5565 5569/5569
f 5567/5567 5569/5569 5571/5571
f 5569/5569 5568/5568 5572/5572
f 5569/5569 5572/5572 5573/5573
f 5570/5570 5296/5296 5572/5572
f 5570/5570 5572/5572 5568/5568
f 5571/5571 5569/5569 5573/5573
f 5571/5571 5573/5573 5295/5295
f 5295/5295 5573/5573 5572/5572
f 5295/5295 5572/5572 5296/5296
f 5574/5574 5575/5575 5576/5576
f 5574/5574 5576/5576 5577/5577
f 5374/5374 5578/5578 5576/5576
f 5374/5374 5576/5576 5575/5575
f 5375/5375 5574/5574 5577/5577
f 5375/5375 5577/5577 5378/5378
f 5375/5375 5374/5374 5575/5575
f 5375/5375 5575/5575 5574/5574
f 5577/5577 5576/5576 5579/5579
f 5577/5577 5579/5579 5580/5580
f 5378/5378 5577/5577 5580/5580
f 5378/5378 5580/5580 5581/5581
f 5581/5581 5580/5580 5582/5582
f 5581/5581 5582/5582 5583/5583
f 5583/5583 5582/5582 5584/5584
f 5583/5583 5584/5584 5585/5585
f 5585/5585 5584/5584 5586/5586
f 5585/5585 5586/5586 5587/5587
f 5587/5587 5586/5586 5588/5588
f 5587/5587 5588/5588 5589/5589
f 5588/5588 5590/5590 5591/5591
f 5588/5588 5591/5591 5592/5592
f 5589/5589 5588/5588 5592/5592
f 5589/5589 5592/5592 5381/5381
f 5592/5592 5591/5591 5593/5593
f 5592/5592 5593/5593 5594/5594
f 5595/5595 5384/5384 5593/5593
f 5595/5595 5593/5593 5591/5591
f 5381/5381 5592/5592 5594/5594
f 5381/5381 5594/5594 5382/5382
f 5382/5382 5594/5594 5593/5593
f 5382/5382 5593/5593 5384/5384
f 5596/5596 5597/5597 5598/5598
f 5596/5596 5598/5598 5599/5599
f 5392/5392 5600/5600 5598/5598
f 5392/5392 5598/5598 5597/5597
f 5393/5393 5392/5392 5597/5597
f 5393/5393 5597/5597 5596/5596
f 5599/5599 5598/5598 5601/5601
f 5599/5599 5601/5601 5602/5602
f 5602/5602 5601/5601 5603/5603
f 5602/5602 5603/5603 5604/5604
f 5604/5604 5603/5603 5605/5605
f 5604/5604 5605/5605 5606/5606
f 5606/5606 5605/5605 5607/5607
f 5606/5606 5607/5607 5608/5608
f 5608/5608 5607/5607 5609/5609
f 5608/5608 5609/5609 5610/5610
f 5611/5611 5395/5395 5609/5609
f 5611/5611 5609/5609 5607/5607
f 5394/5394 5610/5610 5609/5609
f 5394/5394 5609/5609 5395/5395
f 5612/5612 5613/5613 5614/5614
f 5612/5612 5614/5614 5615/5615
f 5403/5403 5402/5402 5613/5613
f 5403/5403 5613/5613 5612/5612
f 5615/5615 5614/5614 5616/5616
f 5615/5615 5616/5616 5617/5617
f 5617/5617 5616/5616 5618/5618
f 5617/5617 5618/5618 5619/5619
f 5619/5619 5618/5618 5620/5620
f 5619/5619 5620/5620 5621/5621
f 5404/5404 5621/5621 5620/5620
f 5404/5404 5620/5620 5405/5405
f 5622/5622 5623/5623 5624/5624
f 5622/5622 5624/5624 5625/5625
f 5412/5412 5414/5414 5624/5624
f 5412/5412 5624/5624 5623/5623
f 5413/5413 5622/5622 5625/5625
f 5413/5413 5625/5625 5415/5415
f 5413/5413 5412/5412 5623/5623
f 5413/5413 5623/5623 5622/5622
f 5414/5414 5416/5416 5626/5626
f 5414/5414 5626/5626 5624/5624
f 5415/5415 5625/5625 5627/5627
f 5415/5415 5627/5627 5417/5417
f 5416/5416 5418/5418 5628/5628
f 5416/5416 5628/5628 5626/5626
f 5417/5417 5627/5627 5629/5629
f 5417/5417 5629/5629 5419/5419
f 5418/5418 5422/5422 5630/5630
f 5418/5418 5630/5630 5628/5628
f 5419/5419 5629/5629 5631/5631
f 5419/5419 5631/5631 5632/5632
f 5422/5422 5633/5633 5634/5634
f 5422/5422 5634/5634 5630/5630
f 5632/5632 5631/5631 5635/5635
f 5632/5632 5635/5635 5636/5636
f 5633/5633 5637/5637 5638/5638
f 5633/5633 5638/5638 5634/5634
f 5637/5637 5639/5639 5640/5640
f 5637/5637 5640/5640 5638/5638
f 5639/5639 5641/5641 5642/5642
f 5639/5639 5642/5642 5640/5640
f 5641/5641 5643/5643 5644/5644
f 5641/5641 5644/5644 5642/5642
f 5643/5643 5425/5425 5645/5645
f 5643/5643 5645/5645 5644/5644
f 5646/5646 5647/5647 5648/5648
f 5646/5646 5648/5648 5649/5649
f 5425/5425 5424/5424 5650/5650
f 5425/5425 5650/5650 5645/5645
f 5649/5649 5648/5648 5651/5651
f 5649/5649 5651/5651 5428/5428
f 5424/5424 5426/5426 5652/5652
f 5424/5424 5652/5652 5650/5650
f 5428/5428 5651/5651 5653/5653
f 5428/5428 5653/5653 5429/5429
f 5426/5426 5430/5430 5654/5654
f 5426/5426 5654/5654 5652/5652
f 5429/5429 5653/5653 5655/5655
f 5429/5429 5655/5655 5431/5431
f 5655/5655 5654/5654 5656/5656
f 5655/5655 5656/5656 5657/5657
f 5430/5430 5432/5432 5656/5656
f 5430/5430 5656/5656 5654/5654
f 5431/5431 5655/5655 5657/5657
f 5431/5431 5657/5657 5433/5433
f 5433/5433 5657/5657 5656/5656
f 5433/5433 5656/5656 5432/5432
f 5658/5658 5659/5659 5660/5660
f 5658/5658 5660/5660 5661/5661
f 5484/5484 5483/5483 5660/5660
f 5484/5484 5660/5660 5659/5659
f 5485/5485 5658/5658 5661/5661
f 5485/5485 5661/5661 5486/5486
f 5485/5485 5484/5484 5659/5659
f 5485/5485 5659/5659 5658/5658
f 5483/5483 5487/5487 5662/5662
f 5483/5483 5662/5662 5660/5660
f 5486/5486 5661/5661 5663/5663
f 5486/5486 5663/5663 5488/5488
f 5487/5487 5489/5489 5664/5664
f 5487/5487 5664/5664 5662/5662
f 5488/5488 5663/5663 5665/5665
f 5488/5488 5665/5665 5490/5490
f 5489/5489 5491/5491 5666/5666
f 5489/5489 5666/5666 5664/5664
f 5490/5490 5665/5665 5667/5667
f 5490/5490 5667/5667 5492/5492
f 5491/5491 5493/5493 5668/5668
f 5491/5491 5668/5668 5666/5666
f 5492/5492 5667/5667 5669/5669
f 5492/5492 5669/5669 5494/5494
f 5494/5494 5669/5669 5670/5670
f 5494/5494 5670/5670 5671/5671
f 5671/5671 5670/5670 5672/5672
f 5671/5671 5672/5672 5673/5673
f 5673/5673 5672/5672 5674/5674
f 5673/5673 5674/5674 5675/5675
f 5675/5675 5674/5674 5676/5676
f 5675/5675 5676/5676 5497/5497
f 5496/5496 5495/5495 5677/5677
f 5496/5496 5677/5677 5678/5678
f 5497/5497 5676/5676 5679/5679
f 5497/5497 5679/5679 5498/5498
f 5495/5495 5499/5499 5680/5680
f 5495/5495 5680/5680 5677/5677
f 5498/5498 5679/5679 5681/5681
f 5498/5498 5681/5681 5500/5500
f 5499/5499 5501/5501 5682/5682
f 5499/5499 5682/5682 5680/5680
f 5500/5500 5681/5681 5683/5683
f 5500/5500 5683/5683 5502/5502
f 5501/5501 5503/5503 5684/5684
f 5501/5501 5684/5684 5682/5682
f 5502/5502 5683/5683 5685/5685
f 5502/5502 5685/5685 5504/5504
f 5685/5685 5684/5684 5686/5686
f 5685/5685 5686/5686 5687/5687
f 5503/5503 5505/5505 5686/5686
f 5503/5503 5686/5686 5684/5684
f 5504/5504 5685/5685 5687/5687
f 5504/5504 5687/5687 5506/5506
f 5506/5506 5687/5687 5686/5686
f 5506/5506 5686/5686 5505/5505
f 5688/5688 5689/5689 5690/5690
f 5688/5688 5690/5690 5691/5691
f 5510/5510 5509/5509 5689/5689
f 5510/5510 5689/5689 5688/5688
f 5692/5692 5693/5693 5694/5694
f 5692/5692 5694/5694 5695/5695
f 5513/5513 5695/5695 5694/5694
f 5513/5513 5694/5694 5514/5514
f 5696/5696 5697/5697 5698/5698
f 5696/5696 5698/5698 5699/5699
f 5516/5516 5515/5515 5698/5698
f 5516/5516 5698/5698 5697/5697
f 5517/5517 5696/5696 5699/5699
f 5517/5517 5699/5699 5518/5518
f 5517/5517 5516/5516 5697/5697
f 5517/5517 5697/5697 5696/5696
f 5515/5515 5519/5519 5700/5700
f 5515/5515 5700/5700 5698/5698
f 5518/5518 5699/5699 5701/5701
f 5518/5518 5701/5701 5520/5520
f 5519/5519 5521/5521 5702/5702
f 5519/5519 5702/5702 5700/5700
f 5520/5520 5701/5701 5703/5703
f 5520/5520 5703/5703 5522/5522
f 5521/5521 5523/5523 5704/5704
f 5521/5521 5704/5704 5702/5702
f 5522/5522 5703/5703 5705/5705
f 5522/5522 5705/5705 5524/5524
f 5523/5523 5525/5525 5706/5706
f 5523/5523 5706/5706 5704/5704
f 5524/5524 5705/5705 5707/5707
f 5524/5524 5707/5707 5526/5526
f 5525/5525 5527/5527 5708/5708
f 5525/5525 5708/5708 5706/5706
f 5526/5526 5707/5707 5709/5709
f 5526/5526 5709/5709 5528/5528
f 5527/5527 5529/5529 5710/5710
f 5527/5527 5710/5710 5708/5708
f 5528/5528 5709/5709 5711/5711
f 5528/5528 5711/5711 5530/5530
f 5529/5529 5531/5531 5712/5712
f 5529/5529 5712/5712 5710/5710
f 5531/5531 5532/5532 5713/5713
f 5531/5531 5713/5713 5712/5712
f 5532/5532 5533/5533 5714/5714
f 5532/5532 5714/5714 5713/5713
f 5533/5533 5534/5534 5715/5715
f 5533/5533 5715/5715 5714/5714
f 5534/5534 5535/5535 5716/5716
f 5534/5534 5716/5716 5715/5715
f 5536/5536 5717/5717 5718/5718
f 5536/5536 5718/5718 5537/5537
f 5535/5535 5538/5538 5719/5719
f 5535/5535 5719/5719 5716/5716
f 5537/5537 5718/5718 5720/5720
f 5537/5537 5720/5720 5539/5539
f 5538/5538 5540/5540 5721/5721
f 5538/5538 5721/5721 5719/5719
f 5539/5539 5720/5720 5722/5722
f 5539/5539 5722/5722 5541/5541
f 5540/5540 5542/5542 5723/5723
f 5540/5540 5723/5723 5721/5721
f 5541/5541 5722/5722 5724/5724
f 5541/5541 5724/5724 5543/5543
f 5542/5542 5544/5544 5725/5725
f 5542/5542 5725/5725 5723/5723
f 5543/5543 5724/5724 5726/5726
f 5543/5543 5726/5726 5545/5545
f 5544/5544 5546/5546 5727/5727
f 5544/5544 5727/5727 5725/5725
f 5545/5545 5726/5726 5728/5728
f 5545/5545 5728/5728 5547/5547
f 5728/5728 5727/5727 5729/5729
f 5728/5728 5729/5729 5730/5730
f 5546/5546 5548/5548 5729/5729
f 5546/5546 5729/5729 5727/5727
f 5547/5547 5728/5728 5730/5730
f 5547/5547 5730/5730 5549/5549
f 5549/5549 5730/5730 5729/5729
f 5549/5549 5729/5729 5548/5548
f 5731/5731 5732/5732 5733/5733
f 5731/5731 5733/5733 5734/5734
f 5579/5579 5735/5735 5733/5733
f 5579/5579 5733/5733 5732/5732
f 5580/5580 5731/5731 5734/5734
f 5580/5580 5734/5734 5582/5582
f 5580/5580 5579/5579 5732/5732
f 5580/5580 5732/5732 5731/5731
f 5734/5734 5733/5733 5736/5736
f 5734/5734 5736/5736 5737/5737
f 5735/5735 5738/5738 5736/5736
f 5735/5735 5736/5736 5733/5733
f 5582/5582 5734/5734 5737/5737
f 5582/5582 5737/5737 5584/5584
f 5737/5737 5736/5736 5739/5739
f 5737/5737 5739/5739 5740/5740
f 5738/5738 5741/5741 5739/5739
f 5738/5738 5739/5739 5736/5736
f 5584/5584 5737/5737 5740/5740
f 5584/5584 5740/5740 5586/5586
f 5740/5740 5739/5739 5742/5742
f 5740/5740 5742/5742 5743/5743
f 5741/5741 5590/5590 5742/5742
f 5741/5741 5742/5742 5739/5739
f 5586/5586 5740/5740 5743/5743
f 5586/5586 5743/5743 5588/5588
f 5588/5588 5743/5743 5742/5742
f 5588/5588 5742/5742 5590/5590
f 5744/5744 5745/5745 5746/5746
f 5744/5744 5746/5746 5747/5747
f 5624/5624 5626/5626 5746/5746
f 5624/5624 5746/5746 5745/5745
f 5625/5625 5744/5744 5747/5747
f 5625/5625 5747/5747 5627/5627
f 5625/5625 5624/5624 5745/5745
f 5625/5625 5745/5745 5744/5744
f 5626/5626 5628/5628 5748/5748
f 5626/5626 5748/5748 5746/5746
f 5627/5627 5747/5747 5749/5749
f 5627/5627 5749/5749 5629/5629
f 5628/5628 5630/5630 5750/5750
f 5628/5628 5750/5750 5748/5748
f 5629/5629 5749/5749 5751/5751
f 5629/5629 5751/5751 5631/5631
f 5630/5630 5634/5634 5752/5752
f 5630/5630 5752/5752 5750/5750
f 5631/5631 5751/5751 5753/5753
f 5631/5631 5753/5753 5635/5635
f 5634/5634 5638/5638 5754/5754
f 5634/5634 5754/5754 5752/5752
f 5635/5635 5753/5753 5755/5755
f 5635/5635 5755/5755 5756/5756
f 5638/5638 5640/5640 5757/5757
f 5638/5638 5757/5757 5754/5754
f 5756/5756 5755/5755 5758/5758
f 5756/5756 5758/5758 5759/5759
f 5640/5640 5642/5642 5760/5760
f 5640/5640 5760/5760 5757/5757
f 5759/5759 5758/5758 5761/5761
f 5759/5759 5761/5761 5762/5762
f 5642/5642 5644/5644 5763/5763
f 5642/5642 5763/5763 5760/5760
f 5762/5762 5761/5761 5764/5764
f 5762/5762 5764/5764 5647/5647
f 5644/5644 5645/5645 5765/5765
f 5644/5644 5765/5765 5763/5763
f 5647/5647 5764/5764 5766/5766
f 5647/5647 5766/5766 5648/5648
f 5645/5645 5650/5650 5767/5767
f 5645/5645 5767/5767 5765/5765
f 5648/5648 5766/5766 5768/5768
f 5648/5648 5768/5768 5651/5651
f 5650/5650 5652/5652 5769/5769
f 5650/5650 5769/5769 5767/5767
f 5651/5651 5768/5768 5770/5770
f 5651/5651 5770/5770 5653/5653
f 5770/5770 5769/5769 5771/5771
f 5770/5770 5771/5771 5772/5772
f 5652/5652 5654/5654 5771/5771
f 5652/5652 5771/5771 5769/5769
f 5653/5653 5770/5770 5772/5772
f 5653/5653 5772/5772 5655/5655
f 5655/5655 5772/5772 5771/5771
f 5655/5655 5771/5771 5654/5654
f 5660/5660 5662/5662 5773/5773
f 5660/5660 5773/5773 5774/5774
f 5661/5661 5775/5775 5776/5776
f 5661/5661 5776/5776 5663/5663
f 5661/5661 5660/5660 5774/5774
f 5661/5661 5774/5774 5775/5775
f 5662/5662 5664/5664 5777/5777
f 5662/5662 5777/5777 5773/5773
f 5663/5663 5776/5776 5778/5778
f 5663/5663 5778/5778 5665/5665
f 5664/5664 5666/5666 5779/5779
f 5664/5664 5779/5779 5777/5777
f 5665/5665 5778/5778 5780/5780
f 5665/5665 5780/5780 5667/5667
f 5666/5666 5668/5668 5781/5781
f 5666/5666 5781/5781 5779/5779
f 5667/5667 5780/5780 5782/5782
f 5667/5667 5782/5782 5669/5669
f 5668/5668 5783/5783 5784/5784
f 5668/5668 5784/5784 5781/5781
f 5669/5669 5782/5782 5785/5785
f 5669/5669 5785/5785 5670/5670
f 5670/5670 5785/5785 5786/5786
f 5670/5670 5786/5786 5672/5672
f 5672/5672 5786/5786 5787/5787
f 5672/5672 5787/5787 5674/5674
f 5788/5788 5678/5678 5789/5789
f 5788/5788 5789/5789 5790/5790
f 5674/5674 5787/5787 5791/5791
f 5674/5674 5791/5791 5676/5676
f 5678/5678 5677/5677 5792/5792
f 5678/5678 5792/5792 5789/5789
f 5676/5676 5791/5791 5793/5793
f 5676/5676 5793/5793 5679/5679
f 5677/5677 5680/5680 5794/5794
f 5677/5677 5794/5794 5792/5792
f 5679/5679 5793/5793 5795/5795
f 5679/5679 5795/5795 5681/5681
f 5680/5680 5682/5682 5796/5796
f 5680/5680 5796/5796 5794/5794
f 5681/5681 5795/5795 5797/5797
f 5681/5681 5797/5797 5683/5683
f 5682/5682 5684/5684 5798/5798
f 5682/5682 5798/5798 5796/5796
f 5683/5683 5797/5797 5799/5799
f 5683/5683 5799/5799 5685/5685
f 5685/5685 5799/5799 5798/5798
f 5685/5685 5798/5798 5684/5684
f 5800/5800 5801/5801 5802/5802
f 5800/5800 5802/5802 5803/5803
f 5691/5691 5690/5690 5801/5801
f 5691/5691 5801/5801 5800/5800
f 5803/5803 5802/5802 5804/5804
f 5803/5803 5804/5804 5805/5805
f 5692/5692 5805/5805 5804/5804
f 5692/5692 5804/5804 5693/5693
f 5806/5806 5807/5807 5808/5808
f 5806/5806 5808/5808 5809/5809
f 5698/5698 5700/5700 5808/5808
f 5698/5698 5808/5808 5807/5807
f 5699/5699 5806/5806 5809/5809
f 5699/5699 5809/5809 5701/5701
f 5699/5699 5698/5698 5807/5807
f 5699/5699 5807/5807 5806/5806
f 5700/5700 5702/5702 5810/5810
f 5700/5700 5810/5810 5808/5808
f 5701/5701 5809/5809 5811/5811
f 5701/5701 5811/5811 5703/5703
f 5702/5702 5704/5704 5812/5812
f 5702/5702 5812/5812 5810/5810
f 5703/5703 5811/5811 5813/5813
f 5703/5703 5813/5813 5705/5705
f 5704/5704 5706/5706 5814/5814
f 5704/5704 5814/5814 5812/5812
f 5705/5705 5813/5813 5815/5815
f 5705/5705 5815/5815 5707/5707
f 5706/5706 5708/5708 5816/5816
f 5706/5706 5816/5816 5814/5814
f 5707/5707 5815/5815 5817/5817
f 5707/5707 5817/5817 5709/5709
f 5708/5708 5710/5710 5818/5818
f 5708/5708 5818/5818 5816/5816
f 5709/5709 5817/5817 5819/5819
f 5709/5709 5819/5819 5711/5711
f 5710/5710 5712/5712 5820/5820
f 5710/5710 5820/5820 5818/5818
f 5711/5711 5819/5819 5821/5821
f 5711/5711 5821/5821 5822/5822
f 5712/5712 5713/5713 5823/5823
f 5712/5712 5823/5823 5820/5820
f 5713/5713 5714/5714 5824/5824
f 5713/5713 5824/5824 5823/5823
f 5714/5714 5715/5715 5825/5825
f 5714/5714 5825/5825 5824/5824
f 5826/5826 5827/5827 5828/5828
f 5826/5826 5828/5828 5717/5717
f 5715/5715 5716/5716 5829/5829
f 5715/5715 5829/5829 5825/5825
f 5717/5717 5828/5828 5830/5830
f 5717/5717 5830/5830 5718/5718
f 5716/5716 5719/5719 5831/5831
f 5716/5716 5831/5831 5829/5829
f 5718/5718 5830/5830 5832/5832
f 5718/5718 5832/5832 5720/5720
f 5719/5719 5721/5721 5833/5833
f 5719/5719 5833/5833 5831/5831
f 5720/5720 5832/5832 5834/5834
f 5720/5720 5834/5834 5722/5722
f 5721/5721 5723/5723 5835/5835
f 5721/5721 5835/5835 5833/5833
f 5722/5722 5834/5834 5836/5836
f 5722/5722 5836/5836 5724/5724
f 5723/5723 5725/5725 5837/5837
f 5723/5723 5837/5837 5835/5835
f 5724/5724 5836/5836 5838/5838
f 5724/5724 5838/5838 5726/5726
f 5838/5838 5837/5837 5839/5839
f 5838/5838 5839/5839 5840/5840
f 5725/5725 5727/5727 5839/5839
f 5725/5725 5839/5839 5837/5837
f 5726/5726 5838/5838 5840/5840
f 5726/5726 5840/5840 5728/5728
f 5728/5728 5840/5840 5839/5839
f 5728/5728 5839/5839 5727/5727
f 5841/5841 5842/5842 5843/5843
f 5841/5841 5843/5843 5844/5844
f 5746/5746 5748/5748 5843/5843
f 5746/5746 5843/5843 5842/5842
f 5747/5747 5841/5841 5844/5844
f 5747/5747 5844/5844 5749/5749
f 5747/5747 5746/5746 5842/5842
f 5747/5747 5842/5842 5841/5841
f 5844/5844 5843/5843 5845/5845
f 5844/5844 5845/5845 5846/5846
f 5748/5748 5750/5750 5845/5845
f 5748/5748 5845/5845 5843/5843
f 5749/5749 5844/5844 5846/5846
f 5749/5749 5846/5846 5751/5751
f 5846/5846 5845/5845 5847/5847
f 5846/5846 5847/5847 5848/5848
f 5750/5750 5752/5752 5847/5847
f 5750/5750 5847/5847 5845/5845
f 5751/5751 5846/5846 5848/5848
f 5751/5751 5848/5848 5753/5753
f 5848/5848 5847/5847 5849/5849
f 5848/5848 5849/5849 5850/5850
f 5752/5752 5754/5754 5849/5849
f 5752/5752 5849/5849 5847/5847
f 5753/5753 5848/5848 5850/5850
f 5753/5753 5850/5850 5755/5755
f 5754/5754 5757/5757 5851/5851
f 5754/5754 5851/5851 5849/5849
f 5755/5755 5850/5850 5852/5852
f 5755/5755 5852/5852 5758/5758
f 5757/5757 5760/5760 5853/5853
f 5757/5757 5853/5853 5851/5851
f 5758/5758 5852/5852 5854/5854
f 5758/5758 5854/5854 5761/5761
f 5854/5854 5853/5853 5855/5855
f 5854/5854 5855/5855 5856/5856
f 5760/5760 5763/5763 5855/5855
f 5760/5760 5855/5855 5853/5853
f 5761/5761 5854/5854 5856/5856
f 5761/5761 5856/5856 5764/5764
f 5856/5856 5855/5855 5857/5857
f 5856/5856 5857/5857 5858/5858
f 5763/5763 5765/5765 5857/5857
f 5763/5763 5857/5857 5855/5855
f 5764/5764 5856/5856 5858/5858
f 5764/5764 5858/5858 5766/5766
f 5858/5858 5857/5857 5859/5859
f 5858/5858 5859/5859 5860/5860
f 5765/5765 5767/5767 5859/5859
f 5765/5765 5859/5859 5857/5857
f 5766/5766 5858/5858 5860/5860
f 5766/5766 5860/5860 5768/5768
f 5860/5860 5859/5859 5861/5861
f 5860/5860 5861/5861 5862/5862
f 5767/5767 5769/5769 5861/5861
f 5767/5767 5861/5861 5859/5859
f 5768/5768 5860/5860 5862/5862
f 5768/5768 5862/5862 5770/5770
f 5770/5770 5862/5862 5861/5861
f 5770/5770 5861/5861 5769/5769
f 5863/5863 5864/5864 5865/5865
f 5863/5863 5865/5865 5866/5866
f 5774/5774 5773/5773 5865/5865
f 5774/5774 5865/5865 5864/5864
f 5775/5775 5863/5863 5866/5866
f 5775/5775 5866/5866 5776/5776
f 5775/5775 5774/5774 5864/5864
f 5775/5775 5864/5864 5863/5863
f 5773/5773 5777/5777 5867/5867
f 5773/5773 5867/5867 5865/5865
f 5776/5776 5866/5866 5868/5868
f 5776/5776 5868/5868 5778/5778
f 5777/5777 5779/5779 5869/5869
f 5777/5777 5869/5869 5867/5867
f 5778/5778 5868/5868 5870/5870
f 5778/5778 5870/5870 5780/5780
f 5779/5779 5781/5781 5871/5871
f 5779/5779 5871/5871 5869/5869
f 5780/5780 5870/5870 5872/5872
f 5780/5780 5872/5872 5782/5782
f 5781/5781 5784/5784 5873/5873
f 5781/5781 5873/5873 5871/5871
f 5782/5782 5872/5872 5874/5874
f 5782/5782 5874/5874 5785/5785
f 5784/5784 5875/5875 5876/5876
f 5784/5784 5876/5876 5873/5873
f 5785/5785 5874/5874 5877/5877
f 5785/5785 5877/5877 5786/5786
f 5875/5875 5790/5790 5878/5878
f 5875/5875 5878/5878 5876/5876
f 5786/5786 5877/5877 5879/5879
f 5786/5786 5879/5879 5787/5787
f 5790/5790 5789/5789 5880/5880
f 5790/5790 5880/5880 5878/5878
f 5787/5787 5879/5879 5881/5881
f 5787/5787 5881/5881 5791/5791
f 5789/5789 5792/5792 5882/5882
f 5789/5789 5882/5882 5880/5880
f 5791/5791 5881/5881 5883/5883
f 5791/5791 5883/5883 5793/5793
f 5792/5792 5794/5794 5884/5884
f 5792/5792 5884/5884 5882/5882
f 5793/5793 5883/5883 5885/5885
f 5793/5793 5885/5885 5795/5795
f 5794/5794 5796/5796 5886/5886
f 5794/5794 5886/5886 5884/5884
f 5795/5795 5885/5885 5887/5887
f 5795/5795 5887/5887 5797/5797
f 5887/5887 5886/5886 5888/5888
f 5887/5887 5888/5888 5889/5889
f 5796/5796 5798/5798 5888/5888
f 5796/5796 5888/5888 5886/5886
f 5797/5797 5887/5887 5889/5889
f 5797/5797 5889/5889 5799/5799
f 5799/5799 5889/5889 5888/5888
f 5799/5799 5888/5888 5798/5798
f 5890/5890 5891/5891 5892/5892
f 5890/5890 5892/5892 5893/5893
f 5808/5808 5810/5810 5892/5892
f 5808/5808 5892/5892 5891/5891
f 5809/5809 5890/5890 5893/5893
f 5809/5809 5893/5893 5811/5811
f 5809/5809 5808/5808 5891/5891
f 5809/5809 5891/5891 5890/5890
f 5810/5810 5812/5812 5894/5894
f 5810/5810 5894/5894 5892/5892
f 5811/5811 5893/5893 5895/5895
f 5811/5811 5895/5895 5813/5813
f 5812/5812 5814/5814 5896/5896
f 5812/5812 5896/5896 5894/5894
f 5813/5813 5895/5895 5897/5897
f 5813/5813 5897/5897 5815/5815
f 5814/5814 5816/5816 5898/5898
f 5814/5814 5898/5898 5896/5896
f 5815/5815 5897/5897 5899/5899
f 5815/5815 5899/5899 5817/5817
f 5816/5816 5818/5818 5900/5900
f 5816/5816 5900/5900 5898/5898
f 5817/5817 5899/5899 5901/5901
f 5817/5817 5901/5901 5819/5819
f 5818/5818 5820/5820 5902/5902
f 5818/5818 5902/5902 5900/5900
f 5819/5819 5901/5901 5903/5903
f 5819/5819 5903/5903 5821/5821
f 5820/5820 5823/5823 5904/5904
f 5820/5820 5904/5904 5902/5902
f 5821/5821 5903/5903 5905/5905
f 5821/5821 5905/5905 5906/5906
f 5823/5823 5824/5824 5907/5907
f 5823/5823 5907/5907 5904/5904
f 5906/5906 5905/5905 5908/5908
f 5906/5906 5908/5908 5827/5827
f 5824/5824 5825/5825 5909/5909
f 5824/5824 5909/5909 5907/5907
f 5827/5827 5908/5908 5910/5910
f 5827/5827 5910/5910 5828/5828
f 5825/5825 5829/5829 5911/5911
f 5825/5825 5911/5911 5909/5909
f 5828/5828 5910/5910 5912/5912
f 5828/5828 5912/5912 5830/5830
f 5829/5829 5831/5831 5913/5913
f 5829/5829 5913/5913 5911/5911
f 5830/5830 5912/5912 5914/5914
f 5830/5830 5914/5914 5832/5832
f 5831/5831 5833/5833 5915/5915
f 5831/5831 5915/5915 5913/5913
f 5832/5832 5914/5914 5916/5916
f 5832/5832 5916/5916 5834/5834
f 5833/5833 5835/5835 5917/5917
f 5833/5833 5917/5917 5915/5915
f 5834/5834 5916/5916 5918/5918
f 5834/5834 5918/5918 5836/5836
f 5918/5918 5917/5917 5919/5919
f 5918/5918 5919/5919 5920/5920
f 5835/5835 5837/5837 5919/5919
f 5835/5835 5919/5919 5917/5917
f 5836/5836 5918/5918 5920/5920
f 5836/5836 5920/5920 5838/5838
f 5838/5838 5920/5920 5919/5919
f 5838/5838 5919/5919 5837/5837
f 5921/5921 5922/5922 5923/5923
f 5921/5921 5923/5923 5924/5924
f 5849/5849 5851/5851 5923/5923
f 5849/5849 5923/5923 5922/5922
f 5850/5850 5921/5921 5924/5924
f 5850/5850 5924/5924 5852/5852
f 5850/5850 5849/5849 5922/5922
f 5850/5850 5922/5922 5921/5921
f 5924/5924 5923/5923 5925/5925
f 5924/5924 5925/5925 5926/5926
f 5851/5851 5853/5853 5925/5925
f 5851/5851 5925/5925 5923/5923
f 5852/5852 5924/5924 5926/5926
f 5852/5852 5926/5926 5854/5854
f 5854/5854 5926/5926 5925/5925
f 5854/5854 5925/5925 5853/5853
f 5927/5927 5928/5928 5929/5929
f 5927/5927 5929/5929 5930/5930
f 5865/5865 5867/5867 5929/5929
f 5865/5865 5929/5929 5928/5928
f 5866/5866 5927/5927 5930/5930
f 5866/5866 5930/5930 5868/5868
f 5866/5866 5865/5865 5928/5928
f 5866/5866 5928/5928 5927/5927
f 5930/5930 5929/5929 5931/5931
f 5930/5930 5931/5931 5932/5932
f 5867/5867 5869/5869 5931/5931
f 5867/5867 5931/5931 5929/5929
f 5868/5868 5930/5930 5932/5932
f 5868/5868 5932/5932 5870/5870
f 5869/5869 5871/5871 5933/5933
f 5869/5869 5933/5933 5931/5931
f 5870/5870 5932/5932 5934/5934
f 5870/5870 5934/5934 5872/5872
f 5871/5871 5873/5873 5935/5935
f 5871/5871 5935/5935 5933/5933
f 5872/5872 5934/5934 5936/5936
f 5872/5872 5936/5936 5874/5874
f 5873/5873 5876/5876 5937/5937
f 5873/5873 5937/5937 5935/5935
f 5874/5874 5936/5936 5938/5938
f 5874/5874 5938/5938 5877/5877
f 5876/5876 5878/5878 5939/5939
f 5876/5876 5939/5939 5937/5937
f 5877/5877 5938/5938 5940/5940
f 5877/5877 5940/5940 5879/5879
f 5878/5878 5880/5880 5941/5941
f 5878/5878 5941/5941 5939/5939
f 5879/5879 5940/5940 5942/5942
f 5879/5879 5942/5942 5881/5881
f 5880/5880 5882/5882 5943/5943
f 5880/5880 5943/5943 5941/5941
f 5881/5881 5942/5942 5944/5944
f 5881/5881 5944/5944 5883/5883
f 5944/5944 5943/5943 5945/5945
f 5944/5944 5945/5945 5946/5946
f 5882/5882 5884/5884 5945/5945
f 5882/5882 5945/5945 5943/5943
f 5883/5883 5944/5944 5946/5946
f 5883/5883 5946/5946 5885/5885
f 5946/5946 5945/5945 5947/5947
f 5946/5946 5947/5947 5948/5948
f 5884/5884 5886/5886 5947/5947
f 5884/5884 5947/5947 5945/5945
f 5885/5885 5946/5946 5948/5948
f 5885/5885 5948/5948 5887/5887
f 5887/5887 5948/5948 5947/5947
f 5887/5887 5947/5947 5886/5886
f 5949/5949 5950/5950 5951/5951
f 5949/5949 5951/5951 5952/5952
f 5892/5892 5894/5894 5951/5951
f 5892/5892 5951/5951 5950/5950
f 5893/5893 5949/5949 5952/5952
f 5893/5893 5952/5952 5895/5895
f 5893/5893 5892/5892 5950/5950
f 5893/5893 5950/5950 5949/5949
f 5894/5894 5896/5896 5953/5953
f 5894/5894 5953/5953 5951/5951
f 5895/5895 5952/5952 5954/5954
f 5895/5895 5954/5954 5897/5897
f 5896/5896 5898/5898 5955/5955
f 5896/5896 5955/5955 5953/5953
f 5897/5897 5954/5954 5956/5956
f 5897/5897 5956/5956 5899/5899
f 5898/5898 5900/5900 5957/5957
f 5898/5898 5957/5957 5955/5955
f 5899/5899 5956/5956 5958/5958
f 5899/5899 5958/5958 5901/5901
f 5900/5900 5902/5902 5959/5959
f 5900/5900 5959/5959 5957/5957
f 5901/5901 5958/5958 5960/5960
f 5901/5901 5960/5960 5903/5903
f 5902/5902 5904/5904 5961/5961
f 5902/5902 5961/5961 5959/5959
f 5903/5903 5960/5960 5962/5962
f 5903/5903 5962/5962 5905/5905
f 5904/5904 5907/5907 5963/5963
f 5904/5904 5963/5963 5961/5961
f 5905/5905 5962/5962 5964/5964
f 5905/5905 5964/5964 5908/5908
f 5907/5907 5909/5909 5965/5965
f 5907/5907 5965/5965 5963/5963
f 5908/5908 5964/5964 5966/5966
f 5908/5908 5966/5966 5910/5910
f 5909/5909 5911/5911 5967/5967
f 5909/5909 5967/5967 5965/5965
f 5910/5910 5966/5966 5968/5968
f 5910/5910 5968/5968 5912/5912
f 5911/5911 5913/5913 5969/5969
f 5911/5911 5969/5969 5967/5967
f 5912/5912 5968/5968 5970/5970
f 5912/5912 5970/5970 5914/5914
f 5913/5913 5915/5915 5971/5971
f 5913/5913 5971/5971 5969/5969
f 5914/5914 5970/5970 5972/5972
f 5914/5914 5972/5972 5916/5916
f 5972/5972 5971/5971 5973/5973
f 5972/5972 5973/5973 5974/5974
f 5915/5915 5917/5917 5973/5973
f 5915/5915 5973/5973 5971/5971
f 5916/5916 5972/5972 5974/5974
f 5916/5916 5974/5974 5918/5918
f 5918/5918 5974/5974 5973/5973
f 5918/5918 5973/5973 5917/5917
f 5975/5975 5976/5976 5977/5977
f 5975/5975 5977/5977 5978/5978
f 5931/5931 5933/5933 5977/5977
f 5931/5931 5977/5977 5976/5976
f 5932/5932 5975/5975 5978/5978
f 5932/5932 5978/5978 5934/5934
f 5932/5932 5931/5931 5976/5976
f 5932/5932 5976/5976 5975/5975
f 5978/5978 5977/5977 5979/5979
f 5978/5978 5979/5979 5980/5980
f 5933/5933 5935/5935 5979/5979
f 5933/5933 5979/5979 5977/5977
f 5934/5934 5978/5978 5980/5980
f 5934/5934 5980/5980 5936/5936
f 5980/5980 5979/5979 5981/5981
f 5980/5980 5981/5981 5982/5982
f 5935/5935 5937/5937 5981/5981
f 5935/5935 5981/5981 5979/5979
f 5936/5936 5980/5980 5982/5982
f 5936/5936 5982/5982 5938/5938
f 5982/5982 5981/5981 5983/5983
f 5982/5982 5983/5983 5984/5984
f 5937/5937 5939/5939 5983/5983
f 5937/5937 5983/5983 5981/5981
f 5938/5938 5982/5982 5984/5984
f 5938/5938 5984/5984 5940/5940
f 5984/5984 5983/5983 5985/5985
f 5984/5984 5985/5985 5986/5986
f 5939/5939 5941/5941 5985/5985
f 5939/5939 5985/5985 5983/5983
f 5940/5940 5984/5984 5986/5986
f 5940/5940 5986/5986 5942/5942
f 5986/5986 5985/5985 5987/5987
f 5986/5986 5987/5987 5988/5988
f 5941/5941 5943/5943 5987/5987
f 5941/5941 5987/5987 5985/5985
f 5942/5942 5986/5986 5988/5988
f 5942/5942 5988/5988 5944/5944
f 5944/5944 5988/5988 5987/5987
f 5944/5944 5987/5987 5943/5943
f 5989/5989 5990/5990 5991/5991
f 5989/5989 5991/5991 5992/5992
f 5951/5951 5953/5953 5991/5991
f 5951/5951 5991/5991 5990/5990
f 5952/5952 5989/5989 5992/5992
f 5952/5952 5992/5992 5954/5954
f 5952/5952 5951/5951 5990/5990
f 5952/5952 5990/5990 5989/5989
f 5992/5992 5991/5991 5993/5993
f 5992/5992 5993/5993 5994/5994
f 5953/5953 5955/5955 5993/5993
f 5953/5953 5993/5993 5991/5991
f 5954/5954 5992/5992 5994/5994
f 5954/5954 5994/5994 5956/5956
f 5994/5994 5993/5993 5995/5995
f 5994/5994 5995/5995 5996/5996
f 5955/5955 5957/5957 5995/5995
f 5955/5955 5995/5995 5993/5993
f 5956/5956 5994/5994 5996/5996
f 5956/5956 5996/5996 5958/5958
f 5957/5957 5959/5959 5997/5997
f 5957/5957 5997/5997 5995/5995
f 5958/5958 5996/5996 5998/5998
f 5958/5958 5998/5998 5960/5960
f 5959/5959 5961/5961 5999/5999
f 5959/5959 5999/5999 5997/5997
f 5960/5960 5998/5998 6000/6000
f 5960/5960 6000/6000 5962/5962
f 5961/5961 5963/5963 6001/6001
f 5961/5961 6001/6001 5999/5999
f 5962/5962 6000/6000 6002/6002
f 5962/5962 6002/6002 5964/5964
f 5963/5963 5965/5965 6003/6003
f 5963/5963 6003/6003 6001/6001
f 5964/5964 6002/6002 6004/6004
f 5964/5964 6004/6004 5966/5966
f 6004/6004 6003/6003 6005/6005
f 6004/6004 6005/6005 6006/6006
f 5965/5965 5967/5967 6005/6005
f 5965/5965 6005/6005 6003/6003
f 5966/5966 6004/6004 6006/6006
f 5966/5966 6006/6006 5968/5968
f 6006/6006 6005/6005 6007/6007
f 6006/6006 6007/6007 6008/6008
f 5967/5967 5969/5969 6007/6007
f 5967/5967 6007/6007 6005/6005
f 5968/5968 6006/6006 6008/6008
f 5968/5968 6008/6008 5970/5970
f 6008/6008 6007/6007 6009/6009
f 6008/6008 6009/6009 6010/6010
f 5969/5969 5971/5971 6009/6009
f 5969/5969 6009/6009 6007/6007
f 5970/5970 6008/6008 6010/6010
f 5970/5970 6010/6010 5972/5972
f 5972/5972 6010/6010 6009/6009
f 5972/5972 6009/6009 5971/5971
f 6011/6011 6012/6012 6013/6013
f 6011/6011 6013/6013 6014/6014
f 5995/5995 5997/5997 6013/6013
f 5995/5995 6013/6013 6012/6012
f 5996/5996 6011/6011 6014/6014
f 5996/5996 6014/6014 5998/5998
f 5996/5996 5995/5995 6012/6012
f 5996/5996 6012/6012 6011/6011
f 6014/6014 6013/6013 6015/6015
f 6014/6014 6015/6015 6016/6016
f 5997/5997 5999/5999 6015/6015
f 5997/5997 6015/6015 6013/6013
f 5998/5998 6014/6014 6016/6016
f 5998/5998 6016/6016 6000/6000
f 6016/6016 6015/6015 6017/6017
f 6016/6016 6017/6017 6018/6018
f 5999/5999 6001/6001 6017/6017
f 5999/5999 6017/6017 6015/6015
f 6000/6000 6016/6016 6018/6018
f 6000/6000 6018/6018 6002/6002
f 6018/6018 6017/6017 6019/6019
f 6018/6018 6019/6019 6020/6020
f 6001/6001 6003/6003 6019/6019
f 6001/6001 6019/6019 6017/6017
f 6002/6002 6018/6018 6020/6020
f 6002/6002 6020/6020 6004/6004
f 6004/6004 6020/6020 6019/6019
f 6004/6004 6019/6019 6003/6003
