mtllib TBLUA0_flame.mtl
o TorchFlame
v -0.210526 0.078947 -0.078947
v -0.210526 0.078947 -0.052632
v -0.210526 0.105263 -0.052632
v -0.210526 0.105263 -0.078947
v -0.184211 0.078947 -0.078947
v -0.184211 0.078947 -0.052632
v -0.184211 0.105263 -0.078947
v -0.210526 0.078947 -0.026316
v -0.210526 0.105263 -0.026316
v -0.184211 0.078947 -0.026316
v -0.210526 0.078947 0.000000
v -0.210526 0.105263 0.000000
v -0.184211 0.078947 0.000000
v -0.210526 0.078947 0.026316
v -0.210526 0.105263 0.026316
v -0.184211 0.078947 0.026316
v -0.210526 0.078947 0.052632
v -0.210526 0.105263 0.052632
v -0.184211 0.078947 0.052632
v -0.210526 0.078947 0.078947
v -0.210526 0.105263 0.078947
v -0.184211 0.078947 0.078947
v -0.184211 0.105263 0.078947
v -0.210526 0.131579 -0.052632
v -0.210526 0.131579 -0.078947
v -0.184211 0.131579 -0.078947
v -0.210526 0.131579 -0.026316
v -0.210526 0.131579 0.000000
v -0.210526 0.131579 0.026316
v -0.210526 0.131579 0.052632
v -0.210526 0.131579 0.078947
v -0.184211 0.131579 0.078947
v -0.210526 0.157895 -0.052632
v -0.210526 0.157895 -0.078947
v -0.184211 0.157895 -0.078947
v -0.210526 0.157895 -0.026316
v -0.210526 0.157895 0.000000
v -0.210526 0.157895 0.026316
v -0.210526 0.157895 0.052632
v -0.210526 0.157895 0.078947
v -0.184211 0.157895 0.078947
v -0.210526 0.184211 -0.052632
v -0.210526 0.184211 -0.078947
v -0.184211 0.184211 -0.052632
v -0.184211 0.184211 -0.078947
v -0.210526 0.184211 -0.026316
v -0.184211 0.184211 -0.026316
v -0.210526 0.184211 0.000000
v -0.184211 0.184211 0.000000
v -0.210526 0.184211 0.026316
v -0.184211 0.184211 0.026316
v -0.210526 0.184211 0.052632
v -0.184211 0.184211 0.052632
v -0.210526 0.184211 0.078947
v -0.184211 0.184211 0.078947
v -0.210526 0.447368 -0.078947
v -0.210526 0.447368 -0.052632
v -0.210526 0.473684 -0.052632
v -0.210526 0.473684 -0.078947
v -0.184211 0.447368 -0.078947
v -0.184211 0.447368 -0.052632
v -0.184211 0.473684 -0.078947
v -0.210526 0.447368 -0.026316
v -0.210526 0.473684 -0.026316
v -0.184211 0.447368 -0.026316
v -0.210526 0.447368 0.000000
v -0.210526 0.473684 0.000000
v -0.184211 0.447368 0.000000
v -0.210526 0.447368 0.026316
v -0.210526 0.473684 0.026316
v -0.184211 0.447368 0.026316
v -0.210526 0.447368 0.052632
v -0.210526 0.473684 0.052632
v -0.184211 0.447368 0.052632
v -0.210526 0.447368 0.078947
v -0.210526 0.473684 0.078947
v -0.184211 0.447368 0.078947
v -0.184211 0.473684 0.078947
v -0.210526 0.500000 -0.052632
v -0.210526 0.500000 -0.078947
v -0.184211 0.500000 -0.078947
v -0.210526 0.500000 -0.026316
v -0.210526 0.500000 0.000000
v -0.210526 0.500000 0.026316
v -0.210526 0.500000 0.052632
v -0.210526 0.500000 0.078947
v -0.184211 0.500000 0.078947
v -0.210526 0.500000 -0.078947
v -0.210526 0.500000 -0.052632
v -0.210526 0.526316 -0.052632
v -0.210526 0.526316 -0.078947
v -0.184211 0.526316 -0.052632
v -0.184211 0.526316 -0.078947
v -0.184211 0.500000 -0.078947
v -0.210526 0.500000 -0.026316
v -0.210526 0.526316 -0.026316
v -0.184211 0.526316 -0.026316
v -0.210526 0.500000 0.000000
v -0.210526 0.526316 0.000000
v -0.184211 0.526316 0.000000
v -0.210526 0.500000 0.026316
v -0.210526 0.526316 0.026316
v -0.184211 0.526316 0.026316
v -0.210526 0.500000 0.052632
v -0.210526 0.526316 0.052632
v -0.184211 0.526316 0.052632
v -0.210526 0.500000 0.078947
v -0.210526 0.526316 0.078947
v -0.184211 0.526316 0.078947
v -0.184211 0.500000 0.078947
v -0.184211 0.052632 -0.078947
v -0.184211 0.052632 -0.052632
v -0.184211 0.078947 -0.052632
v -0.184211 0.078947 -0.078947
v -0.157895 0.052632 -0.078947
v -0.157895 0.052632 -0.052632
v -0.157895 0.078947 -0.078947
v -0.184211 0.052632 -0.026316
v -0.184211 0.078947 -0.026316
v -0.157895 0.052632 -0.026316
v -0.184211 0.052632 0.000000
v -0.184211 0.078947 0.000000
v -0.157895 0.052632 0.000000
v -0.184211 0.052632 0.026316
v -0.184211 0.078947 0.026316
v -0.157895 0.052632 0.026316
v -0.184211 0.052632 0.052632
v -0.184211 0.078947 0.052632
v -0.157895 0.052632 0.052632
v -0.184211 0.052632 0.078947
v -0.184211 0.078947 0.078947
v -0.157895 0.052632 0.078947
v -0.157895 0.078947 0.078947
v -0.184211 0.078947 -0.131579
v -0.184211 0.078947 -0.105263
v -0.184211 0.105263 -0.105263
v -0.184211 0.105263 -0.131579
v -0.157895 0.078947 -0.131579
v -0.157895 0.078947 -0.105263
v -0.157895 0.105263 -0.131579
v -0.157895 0.078947 -0.078947
v -0.184211 0.078947 0.105263
v -0.184211 0.105263 0.105263
v -0.157895 0.078947 0.078947
v -0.157895 0.078947 0.105263
v -0.184211 0.078947 0.131579
v -0.184211 0.105263 0.131579
v -0.157895 0.078947 0.131579
v -0.157895 0.105263 0.131579
v -0.184211 0.131579 -0.105263
v -0.184211 0.131579 -0.131579
v -0.157895 0.131579 -0.131579
v -0.184211 0.131579 0.105263
v -0.184211 0.131579 0.131579
v -0.157895 0.131579 0.131579
v -0.184211 0.157895 -0.105263
v -0.184211 0.157895 -0.131579
v -0.157895 0.157895 -0.131579
v -0.184211 0.157895 0.105263
v -0.184211 0.157895 0.131579
v -0.157895 0.157895 0.131579
v -0.184211 0.184211 -0.105263
v -0.184211 0.184211 -0.131579
v -0.157895 0.184211 -0.105263
v -0.157895 0.184211 -0.131579
v -0.157895 0.184211 -0.078947
v -0.184211 0.184211 0.105263
v -0.157895 0.184211 0.105263
v -0.157895 0.184211 0.078947
v -0.184211 0.184211 0.131579
v -0.157895 0.184211 0.131579
v -0.184211 0.210526 -0.052632
v -0.184211 0.210526 -0.078947
v -0.157895 0.210526 -0.078947
v -0.184211 0.210526 -0.026316
v -0.184211 0.210526 0.000000
v -0.184211 0.210526 0.026316
v -0.184211 0.210526 0.052632
v -0.184211 0.210526 0.078947
v -0.157895 0.210526 0.078947
v -0.184211 0.236842 -0.052632
v -0.184211 0.236842 -0.078947
v -0.157895 0.236842 -0.078947
v -0.184211 0.236842 -0.026316
v -0.184211 0.236842 0.000000
v -0.184211 0.236842 0.026316
v -0.184211 0.236842 0.052632
v -0.184211 0.236842 0.078947
v -0.157895 0.236842 0.078947
v -0.184211 0.263158 -0.052632
v -0.184211 0.263158 -0.078947
v -0.157895 0.263158 -0.052632
v -0.157895 0.263158 -0.078947
v -0.184211 0.263158 -0.026316
v -0.157895 0.263158 -0.026316
v -0.184211 0.263158 0.000000
v -0.157895 0.263158 0.000000
v -0.184211 0.263158 0.026316
v -0.157895 0.263158 0.026316
v -0.184211 0.263158 0.052632
v -0.157895 0.263158 0.052632
v -0.184211 0.263158 0.078947
v -0.157895 0.263158 0.078947
v -0.184211 0.447368 -0.131579
v -0.184211 0.447368 -0.105263
v -0.184211 0.473684 -0.105263
v -0.184211 0.473684 -0.131579
v -0.157895 0.447368 -0.131579
v -0.157895 0.447368 -0.105263
v -0.157895 0.473684 -0.131579
v -0.157895 0.447368 -0.078947
v -0.157895 0.447368 -0.052632
v -0.157895 0.447368 -0.026316
v -0.157895 0.447368 0.000000
v -0.157895 0.447368 0.026316
v -0.157895 0.447368 0.052632
v -0.157895 0.447368 0.078947
v -0.184211 0.447368 0.105263
v -0.184211 0.473684 0.105263
v -0.157895 0.447368 0.105263
v -0.184211 0.447368 0.131579
v -0.184211 0.473684 0.131579
v -0.157895 0.447368 0.131579
v -0.157895 0.473684 0.131579
v -0.184211 0.500000 -0.105263
v -0.184211 0.500000 -0.131579
v -0.157895 0.500000 -0.131579
v -0.184211 0.500000 0.105263
v -0.184211 0.500000 0.131579
v -0.157895 0.500000 0.131579
v -0.184211 0.500000 -0.131579
v -0.184211 0.500000 -0.105263
v -0.184211 0.526316 -0.105263
v -0.184211 0.526316 -0.131579
v -0.157895 0.526316 -0.105263
v -0.157895 0.526316 -0.131579
v -0.157895 0.500000 -0.131579
v -0.157895 0.526316 -0.078947
v -0.184211 0.500000 0.105263
v -0.184211 0.526316 0.105263
v -0.157895 0.526316 0.105263
v -0.157895 0.526316 0.078947
v -0.184211 0.500000 0.131579
v -0.184211 0.526316 0.131579
v -0.157895 0.526316 0.131579
v -0.157895 0.500000 0.131579
v -0.184211 0.526316 -0.078947
v -0.184211 0.526316 -0.052632
v -0.184211 0.552632 -0.052632
v -0.184211 0.552632 -0.078947
v -0.157895 0.552632 -0.052632
v -0.157895 0.552632 -0.078947
v -0.157895 0.526316 -0.078947
v -0.184211 0.526316 -0.026316
v -0.184211 0.552632 -0.026316
v -0.157895 0.552632 -0.026316
v -0.184211 0.526316 0.000000
v -0.184211 0.552632 0.000000
v -0.157895 0.552632 0.000000
v -0.184211 0.526316 0.026316
v -0.184211 0.552632 0.026316
v -0.157895 0.552632 0.026316
v -0.184211 0.526316 0.052632
v -0.184211 0.552632 0.052632
v -0.157895 0.552632 0.052632
v -0.184211 0.526316 0.078947
v -0.184211 0.552632 0.078947
v -0.157895 0.552632 0.078947
v -0.157895 0.526316 0.078947
v -0.157895 0.026316 -0.078947
v -0.157895 0.026316 -0.052632
v -0.157895 0.052632 -0.052632
v -0.157895 0.052632 -0.078947
v -0.131579 0.026316 -0.078947
v -0.131579 0.026316 -0.052632
v -0.131579 0.052632 -0.078947
v -0.157895 0.026316 -0.026316
v -0.157895 0.052632 -0.026316
v -0.131579 0.026316 -0.026316
v -0.157895 0.026316 0.000000
v -0.157895 0.052632 0.000000
v -0.131579 0.026316 0.000000
v -0.157895 0.026316 0.026316
v -0.157895 0.052632 0.026316
v -0.131579 0.026316 0.026316
v -0.157895 0.026316 0.052632
v -0.157895 0.052632 0.052632
v -0.131579 0.026316 0.052632
v -0.157895 0.026316 0.078947
v -0.157895 0.052632 0.078947
v -0.131579 0.026316 0.078947
v -0.131579 0.052632 0.078947
v -0.157895 0.052632 -0.105263
v -0.157895 0.078947 -0.105263
v -0.131579 0.052632 -0.105263
v -0.131579 0.052632 -0.078947
v -0.131579 0.078947 -0.105263
v -0.157895 0.052632 0.105263
v -0.157895 0.078947 0.105263
v -0.131579 0.052632 0.078947
v -0.131579 0.052632 0.105263
v -0.131579 0.078947 0.105263
v -0.157895 0.078947 -0.157895
v -0.157895 0.105263 -0.157895
v -0.131579 0.078947 -0.157895
v -0.131579 0.078947 -0.131579
v -0.131579 0.105263 -0.157895
v -0.131579 0.078947 -0.105263
v -0.131579 0.078947 0.105263
v -0.131579 0.078947 0.131579
v -0.157895 0.078947 0.157895
v -0.157895 0.105263 0.157895
v -0.131579 0.078947 0.157895
v -0.131579 0.105263 0.157895
v -0.157895 0.131579 -0.157895
v -0.131579 0.131579 -0.157895
v -0.157895 0.131579 0.157895
v -0.131579 0.131579 0.157895
v -0.157895 0.157895 -0.157895
v -0.131579 0.157895 -0.157895
v -0.157895 0.157895 0.157895
v -0.131579 0.157895 0.157895
v -0.157895 0.184211 -0.157895
v -0.131579 0.184211 -0.131579
v -0.131579 0.184211 -0.157895
v -0.157895 0.184211 0.157895
v -0.131579 0.184211 0.157895
v -0.131579 0.184211 0.131579
v -0.157895 0.210526 -0.105263
v -0.157895 0.210526 -0.131579
v -0.131579 0.210526 -0.131579
v -0.157895 0.210526 0.105263
v -0.157895 0.210526 0.131579
v -0.131579 0.210526 0.131579
v -0.157895 0.236842 -0.105263
v -0.157895 0.236842 -0.131579
v -0.131579 0.236842 -0.131579
v -0.157895 0.236842 0.105263
v -0.157895 0.236842 0.131579
v -0.131579 0.236842 0.131579
v -0.157895 0.263158 -0.105263
v -0.157895 0.263158 -0.131579
v -0.131579 0.263158 -0.105263
v -0.131579 0.263158 -0.131579
v -0.131579 0.263158 -0.078947
v -0.157895 0.263158 0.105263
v -0.131579 0.263158 0.105263
v -0.131579 0.263158 0.078947
v -0.157895 0.263158 0.131579
v -0.131579 0.263158 0.131579
v -0.157895 0.263158 -0.078947
v -0.157895 0.263158 -0.052632
v -0.157895 0.289474 -0.052632
v -0.157895 0.289474 -0.078947
v -0.131579 0.289474 -0.078947
v -0.131579 0.263158 -0.078947
v -0.157895 0.263158 -0.026316
v -0.157895 0.289474 -0.026316
v -0.157895 0.263158 0.000000
v -0.157895 0.289474 0.000000
v -0.157895 0.263158 0.026316
v -0.157895 0.289474 0.026316
v -0.157895 0.263158 0.052632
v -0.157895 0.289474 0.052632
v -0.157895 0.263158 0.078947
v -0.157895 0.289474 0.078947
v -0.131579 0.263158 0.078947
v -0.131579 0.289474 0.078947
v -0.157895 0.315789 -0.052632
v -0.157895 0.315789 -0.078947
v -0.131579 0.315789 -0.052632
v -0.131579 0.315789 -0.078947
v -0.157895 0.315789 -0.026316
v -0.131579 0.315789 -0.026316
v -0.157895 0.315789 0.000000
v -0.131579 0.315789 0.000000
v -0.157895 0.315789 0.026316
v -0.131579 0.315789 0.026316
v -0.157895 0.315789 0.052632
v -0.131579 0.315789 0.052632
v -0.157895 0.315789 0.078947
v -0.131579 0.315789 0.078947
v -0.157895 0.447368 -0.157895
v -0.157895 0.473684 -0.157895
v -0.131579 0.447368 -0.157895
v -0.131579 0.447368 -0.131579
v -0.131579 0.473684 -0.157895
v -0.131579 0.447368 -0.105263
v -0.131579 0.447368 -0.078947
v -0.131579 0.447368 -0.052632
v -0.131579 0.447368 -0.026316
v -0.131579 0.447368 0.000000
v -0.131579 0.447368 0.026316
v -0.131579 0.447368 0.052632
v -0.131579 0.447368 0.078947
v -0.131579 0.447368 0.105263
v -0.131579 0.447368 0.131579
v -0.157895 0.447368 0.157895
v -0.157895 0.473684 0.157895
v -0.131579 0.447368 0.157895
v -0.131579 0.473684 0.157895
v -0.157895 0.500000 -0.157895
v -0.131579 0.500000 -0.157895
v -0.157895 0.500000 0.157895
v -0.131579 0.500000 0.157895
v -0.157895 0.500000 -0.157895
v -0.157895 0.526316 -0.157895
v -0.131579 0.526316 -0.131579
v -0.131579 0.526316 -0.157895
v -0.131579 0.500000 -0.157895
v -0.157895 0.500000 0.157895
v -0.157895 0.526316 0.157895
v -0.131579 0.526316 0.157895
v -0.131579 0.526316 0.131579
v -0.131579 0.500000 0.157895
v -0.157895 0.526316 -0.131579
v -0.157895 0.526316 -0.105263
v -0.157895 0.552632 -0.105263
v -0.157895 0.552632 -0.131579
v -0.131579 0.552632 -0.105263
v -0.131579 0.552632 -0.131579
v -0.131579 0.526316 -0.131579
v -0.131579 0.552632 -0.078947
v -0.157895 0.526316 0.105263
v -0.157895 0.552632 0.105263
v -0.131579 0.552632 0.105263
v -0.131579 0.552632 0.078947
v -0.157895 0.526316 0.131579
v -0.157895 0.552632 0.131579
v -0.131579 0.552632 0.131579
v -0.131579 0.526316 0.131579
v -0.157895 0.552632 -0.078947
v -0.157895 0.552632 -0.052632
v -0.157895 0.578947 -0.052632
v -0.157895 0.578947 -0.078947
v -0.131579 0.578947 -0.052632
v -0.131579 0.578947 -0.078947
v -0.131579 0.552632 -0.078947
v -0.157895 0.552632 -0.026316
v -0.157895 0.578947 -0.026316
v -0.131579 0.578947 -0.026316
v -0.157895 0.552632 0.000000
v -0.157895 0.578947 0.000000
v -0.131579 0.578947 0.000000
v -0.157895 0.552632 0.026316
v -0.157895 0.578947 0.026316
v -0.131579 0.578947 0.026316
v -0.157895 0.552632 0.052632
v -0.157895 0.578947 0.052632
v -0.131579 0.578947 0.052632
v -0.157895 0.552632 0.078947
v -0.157895 0.578947 0.078947
v -0.131579 0.578947 0.078947
v -0.131579 0.552632 0.078947
v -0.157895 0.789474 -0.026316
v -0.157895 0.789474 0.000000
v -0.157895 0.815789 0.000000
v -0.157895 0.815789 -0.026316
v -0.131579 0.815789 0.000000
v -0.131579 0.815789 -0.026316
v -0.131579 0.789474 -0.026316
v -0.131579 0.789474 0.000000
v -0.157895 0.789474 0.026316
v -0.157895 0.815789 0.026316
v -0.131579 0.815789 0.026316
v -0.131579 0.789474 0.026316
v -0.131579 0.000000 -0.052632
v -0.131579 0.000000 -0.026316
v -0.131579 0.026316 -0.026316
v -0.131579 0.026316 -0.052632
v -0.105263 0.000000 -0.052632
v -0.105263 0.000000 -0.026316
v -0.105263 0.026316 -0.052632
v -0.131579 0.000000 0.000000
v -0.131579 0.026316 0.000000
v -0.105263 0.000000 0.000000
v -0.131579 0.000000 0.026316
v -0.131579 0.026316 0.026316
v -0.105263 0.000000 0.026316
v -0.131579 0.000000 0.052632
v -0.131579 0.026316 0.052632
v -0.105263 0.000000 0.052632
v -0.105263 0.026316 0.052632
v -0.131579 0.026316 -0.105263
v -0.131579 0.052632 -0.105263
v -0.105263 0.026316 -0.105263
v -0.105263 0.026316 -0.078947
v -0.105263 0.052632 -0.105263
v -0.105263 0.026316 -0.052632
v -0.105263 0.026316 0.052632
v -0.105263 0.026316 0.078947
v -0.131579 0.026316 0.105263
v -0.131579 0.052632 0.105263
v -0.105263 0.026316 0.105263
v -0.105263 0.052632 0.105263
v -0.131579 0.052632 -0.131579
v -0.131579 0.078947 -0.131579
v -0.105263 0.052632 -0.131579
v -0.105263 0.052632 -0.105263
v -0.105263 0.078947 -0.131579
v -0.131579 0.052632 0.131579
v -0.131579 0.078947 0.131579
v -0.105263 0.052632 0.105263
v -0.105263 0.052632 0.131579
v -0.105263 0.078947 0.131579
v -0.131579 0.078947 -0.184211
v -0.131579 0.105263 -0.184211
v -0.105263 0.078947 -0.184211
v -0.105263 0.078947 -0.157895
v -0.105263 0.105263 -0.184211
v -0.105263 0.078947 -0.131579
v -0.105263 0.078947 0.131579
v -0.105263 0.078947 0.157895
v -0.131579 0.078947 0.184211
v -0.131579 0.105263 0.184211
v -0.105263 0.078947 0.184211
v -0.105263 0.105263 0.184211
v -0.131579 0.131579 -0.184211
v -0.105263 0.131579 -0.184211
v -0.131579 0.131579 0.184211
v -0.105263 0.131579 0.184211
v -0.131579 0.157895 -0.184211
v -0.105263 0.157895 -0.184211
v -0.131579 0.157895 0.184211
v -0.105263 0.157895 0.184211
v -0.131579 0.184211 -0.184211
v -0.105263 0.184211 -0.157895
v -0.105263 0.184211 -0.184211
v -0.131579 0.184211 0.184211
v -0.105263 0.184211 0.184211
v -0.105263 0.184211 0.157895
v -0.131579 0.210526 -0.157895
v -0.105263 0.210526 -0.157895
v -0.131579 0.210526 0.157895
v -0.105263 0.210526 0.157895
v -0.131579 0.236842 -0.157895
v -0.105263 0.236842 -0.157895
v -0.131579 0.236842 0.157895
v -0.105263 0.236842 0.157895
v -0.131579 0.263158 -0.157895
v -0.105263 0.263158 -0.131579
v -0.105263 0.263158 -0.157895
v -0.131579 0.263158 0.157895
v -0.105263 0.263158 0.157895
v -0.105263 0.263158 0.131579
v -0.131579 0.263158 -0.131579
v -0.131579 0.263158 -0.105263
v -0.131579 0.289474 -0.105263
v -0.131579 0.289474 -0.131579
v -0.105263 0.289474 -0.131579
v -0.105263 0.263158 -0.131579
v -0.131579 0.263158 0.105263
v -0.131579 0.289474 0.105263
v -0.131579 0.263158 0.131579
v -0.131579 0.289474 0.131579
v -0.105263 0.263158 0.131579
v -0.105263 0.289474 0.131579
v -0.131579 0.315789 -0.105263
v -0.131579 0.315789 -0.131579
v -0.105263 0.315789 -0.105263
v -0.105263 0.315789 -0.131579
v -0.105263 0.315789 -0.078947
v -0.131579 0.315789 0.105263
v -0.105263 0.315789 0.105263
v -0.105263 0.315789 0.078947
v -0.131579 0.315789 0.131579
v -0.105263 0.315789 0.131579
v -0.131579 0.315789 -0.078947
v -0.131579 0.315789 -0.052632
v -0.131579 0.342105 -0.052632
v -0.131579 0.342105 -0.078947
v -0.105263 0.342105 -0.078947
v -0.105263 0.315789 -0.078947
v -0.131579 0.315789 -0.026316
v -0.131579 0.342105 -0.026316
v -0.131579 0.315789 0.000000
v -0.131579 0.342105 0.000000
v -0.131579 0.315789 0.026316
v -0.131579 0.342105 0.026316
v -0.131579 0.315789 0.052632
v -0.131579 0.342105 0.052632
v -0.131579 0.315789 0.078947
v -0.131579 0.342105 0.078947
v -0.105263 0.315789 0.078947
v -0.105263 0.342105 0.078947
v -0.131579 0.368421 -0.052632
v -0.131579 0.368421 -0.078947
v -0.105263 0.368421 -0.052632
v -0.105263 0.368421 -0.078947
v -0.131579 0.368421 -0.026316
v -0.105263 0.368421 -0.026316
v -0.131579 0.368421 0.000000
v -0.105263 0.368421 0.000000
v -0.131579 0.368421 0.026316
v -0.105263 0.368421 0.026316
v -0.131579 0.368421 0.052632
v -0.105263 0.368421 0.052632
v -0.131579 0.368421 0.078947
v -0.105263 0.368421 0.078947
v -0.131579 0.447368 -0.184211
v -0.131579 0.473684 -0.184211
v -0.105263 0.447368 -0.184211
v -0.105263 0.447368 -0.157895
v -0.105263 0.473684 -0.184211
v -0.105263 0.447368 -0.131579
v -0.105263 0.447368 -0.105263
v -0.105263 0.447368 -0.078947
v -0.105263 0.447368 -0.052632
v -0.105263 0.447368 -0.026316
v -0.105263 0.447368 0.000000
v -0.105263 0.447368 0.026316
v -0.105263 0.447368 0.052632
v -0.105263 0.447368 0.078947
v -0.105263 0.447368 0.105263
v -0.105263 0.447368 0.131579
v -0.105263 0.447368 0.157895
v -0.131579 0.447368 0.184211
v -0.131579 0.473684 0.184211
v -0.105263 0.447368 0.184211
v -0.105263 0.473684 0.184211
v -0.131579 0.500000 -0.184211
v -0.105263 0.500000 -0.184211
v -0.131579 0.500000 0.184211
v -0.105263 0.500000 0.184211
v -0.131579 0.500000 -0.184211
v -0.131579 0.526316 -0.184211
v -0.105263 0.526316 -0.157895
v -0.105263 0.526316 -0.184211
v -0.105263 0.500000 -0.184211
v -0.131579 0.500000 0.184211
v -0.131579 0.526316 0.184211
v -0.105263 0.526316 0.184211
v -0.105263 0.526316 0.157895
v -0.105263 0.500000 0.184211
v -0.131579 0.526316 -0.157895
v -0.131579 0.552632 -0.157895
v -0.105263 0.552632 -0.131579
v -0.105263 0.552632 -0.157895
v -0.105263 0.526316 -0.157895
v -0.131579 0.526316 0.157895
v -0.131579 0.552632 0.157895
v -0.105263 0.552632 0.157895
v -0.105263 0.552632 0.131579
v -0.105263 0.526316 0.157895
v -0.131579 0.552632 -0.131579
v -0.131579 0.552632 -0.105263
v -0.131579 0.578947 -0.105263
v -0.131579 0.578947 -0.131579
v -0.105263 0.578947 -0.105263
v -0.105263 0.578947 -0.131579
v -0.105263 0.552632 -0.131579
v -0.105263 0.578947 -0.078947
v -0.105263 0.578947 -0.052632
v -0.105263 0.578947 -0.026316
v -0.105263 0.578947 0.000000
v -0.105263 0.578947 0.026316
v -0.105263 0.578947 0.052632
v -0.105263 0.578947 0.078947
v -0.131579 0.552632 0.105263
v -0.131579 0.578947 0.105263
v -0.105263 0.578947 0.105263
v -0.131579 0.552632 0.131579
v -0.131579 0.578947 0.131579
v -0.105263 0.578947 0.131579
v -0.105263 0.552632 0.131579
v -0.131579 0.789474 -0.052632
v -0.131579 0.815789 -0.052632
v -0.105263 0.815789 -0.026316
v -0.105263 0.815789 -0.052632
v -0.105263 0.789474 -0.052632
v -0.105263 0.789474 -0.026316
v -0.105263 0.815789 0.000000
v -0.105263 0.789474 0.000000
v -0.105263 0.815789 0.026316
v -0.105263 0.789474 0.026316
v -0.131579 0.789474 0.052632
v -0.131579 0.815789 0.052632
v -0.105263 0.815789 0.052632
v -0.105263 0.789474 0.052632
v -0.105263 0.894737 -0.026316
v -0.105263 0.921053 -0.026316
v -0.105263 0.921053 0.000000
v -0.105263 0.894737 0.000000
v -0.131579 0.894737 -0.026316
v -0.131579 0.894737 0.000000
v -0.131579 0.921053 0.000000
v -0.131579 0.921053 -0.026316
v -0.105263 0.921053 0.026316
v -0.105263 0.894737 0.026316
v -0.131579 0.894737 0.026316
v -0.131579 0.921053 0.026316
v -0.105263 0.000000 -0.105263
v -0.105263 0.000000 -0.078947
v -0.105263 0.026316 -0.078947
v -0.105263 0.026316 -0.105263
v -0.078947 0.000000 -0.105263
v -0.078947 0.000000 -0.078947
v -0.078947 0.026316 -0.105263
v -0.078947 0.000000 -0.052632
v -0.078947 0.000000 -0.026316
v -0.078947 0.000000 0.000000
v -0.078947 0.000000 0.026316
v -0.078947 0.000000 0.052632
v -0.105263 0.000000 0.078947
v -0.105263 0.026316 0.078947
v -0.078947 0.000000 0.078947
v -0.105263 0.000000 0.105263
v -0.105263 0.026316 0.105263
v -0.078947 0.000000 0.105263
v -0.078947 0.026316 0.105263
v -0.105263 0.026316 -0.131579
v -0.105263 0.052632 -0.131579
v -0.078947 0.026316 -0.131579
v -0.078947 0.026316 -0.105263
v -0.078947 0.052632 -0.131579
v -0.105263 0.026316 0.131579
v -0.105263 0.052632 0.131579
v -0.078947 0.026316 0.105263
v -0.078947 0.026316 0.131579
v -0.078947 0.052632 0.131579
v -0.105263 0.052632 -0.157895
v -0.105263 0.078947 -0.157895
v -0.078947 0.052632 -0.157895
v -0.078947 0.052632 -0.131579
v -0.078947 0.078947 -0.157895
v -0.105263 0.052632 0.157895
v -0.105263 0.078947 0.157895
v -0.078947 0.052632 0.131579
v -0.078947 0.052632 0.157895
v -0.078947 0.078947 0.157895
v -0.078947 0.078947 -0.184211
v -0.078947 0.078947 -0.157895
v -0.078947 0.105263 -0.184211
v -0.078947 0.078947 0.157895
v -0.078947 0.078947 0.184211
v -0.078947 0.105263 0.184211
v -0.078947 0.131579 -0.184211
v -0.078947 0.131579 0.184211
v -0.078947 0.157895 -0.184211
v -0.078947 0.157895 0.184211
v -0.078947 0.184211 -0.184211
v -0.078947 0.184211 0.184211
v -0.105263 0.210526 -0.184211
v -0.078947 0.210526 -0.184211
v -0.105263 0.210526 0.184211
v -0.078947 0.210526 0.184211
v -0.105263 0.236842 -0.184211
v -0.078947 0.236842 -0.184211
v -0.105263 0.236842 0.184211
v -0.078947 0.236842 0.184211
v -0.105263 0.263158 -0.184211
v -0.078947 0.263158 -0.157895
v -0.078947 0.263158 -0.184211
v -0.105263 0.263158 0.184211
v -0.078947 0.263158 0.184211
v -0.078947 0.263158 0.157895
v -0.105263 0.263158 -0.157895
v -0.105263 0.289474 -0.157895
v -0.078947 0.289474 -0.157895
v -0.078947 0.263158 -0.157895
v -0.105263 0.263158 0.157895
v -0.105263 0.289474 0.157895
v -0.078947 0.263158 0.157895
v -0.078947 0.289474 0.157895
v -0.105263 0.315789 -0.157895
v -0.078947 0.315789 -0.131579
v -0.078947 0.315789 -0.157895
v -0.078947 0.315789 -0.105263
v -0.078947 0.315789 0.131579
v -0.078947 0.315789 0.105263
v -0.105263 0.315789 0.157895
v -0.078947 0.315789 0.157895
v -0.105263 0.315789 -0.105263
v -0.105263 0.342105 -0.105263
v -0.078947 0.342105 -0.105263
v -0.078947 0.315789 -0.105263
v -0.105263 0.315789 0.105263
v -0.105263 0.342105 0.105263
v -0.078947 0.315789 0.105263
v -0.078947 0.342105 0.105263
v -0.105263 0.368421 -0.105263
v -0.078947 0.368421 -0.078947
v -0.078947 0.368421 -0.105263
v -0.078947 0.368421 -0.052632
v -0.078947 0.368421 0.078947
v -0.078947 0.368421 0.052632
v -0.105263 0.368421 0.105263
v -0.078947 0.368421 0.105263
v -0.105263 0.368421 -0.052632
v -0.105263 0.368421 -0.026316
v -0.105263 0.394737 -0.026316
v -0.105263 0.394737 -0.052632
v -0.078947 0.394737 -0.026316
v -0.078947 0.394737 -0.052632
v -0.078947 0.368421 -0.052632
v -0.105263 0.368421 0.000000
v -0.105263 0.394737 0.000000
v -0.078947 0.394737 0.000000
v -0.105263 0.368421 0.026316
v -0.105263 0.394737 0.026316
v -0.078947 0.394737 0.026316
v -0.105263 0.368421 0.052632
v -0.105263 0.394737 0.052632
v -0.078947 0.394737 0.052632
v -0.078947 0.368421 0.052632
v -0.105263 0.447368 -0.210526
v -0.105263 0.473684 -0.210526
v -0.078947 0.447368 -0.210526
v -0.078947 0.447368 -0.184211
v -0.078947 0.473684 -0.210526
v -0.078947 0.447368 -0.157895
v -0.078947 0.447368 -0.131579
v -0.078947 0.447368 -0.105263
v -0.078947 0.447368 -0.078947
v -0.078947 0.447368 -0.052632
v -0.078947 0.447368 -0.026316
v -0.078947 0.447368 0.000000
v -0.078947 0.447368 0.026316
v -0.078947 0.447368 0.052632
v -0.078947 0.447368 0.078947
v -0.078947 0.447368 0.105263
v -0.078947 0.447368 0.131579
v -0.078947 0.447368 0.157895
v -0.078947 0.447368 0.184211
v -0.105263 0.447368 0.210526
v -0.105263 0.473684 0.210526
v -0.078947 0.447368 0.210526
v -0.078947 0.473684 0.210526
v -0.105263 0.500000 -0.210526
v -0.078947 0.500000 -0.210526
v -0.105263 0.500000 0.210526
v -0.078947 0.500000 0.210526
v -0.105263 0.500000 -0.210526
v -0.105263 0.526316 -0.210526
v -0.078947 0.526316 -0.184211
v -0.078947 0.526316 -0.210526
v -0.078947 0.500000 -0.210526
v -0.105263 0.500000 0.210526
v -0.105263 0.526316 0.210526
v -0.078947 0.526316 0.210526
v -0.078947 0.526316 0.184211
v -0.078947 0.500000 0.210526
v -0.105263 0.526316 -0.184211
v -0.105263 0.552632 -0.184211
v -0.078947 0.552632 -0.157895
v -0.078947 0.552632 -0.184211
v -0.078947 0.526316 -0.184211
v -0.105263 0.526316 0.184211
v -0.105263 0.552632 0.184211
v -0.078947 0.552632 0.184211
v -0.078947 0.552632 0.157895
v -0.078947 0.526316 0.184211
v -0.105263 0.552632 -0.157895
v -0.105263 0.578947 -0.157895
v -0.078947 0.578947 -0.131579
v -0.078947 0.578947 -0.157895
v -0.078947 0.552632 -0.157895
v -0.078947 0.578947 -0.105263
v -0.078947 0.578947 -0.078947
v -0.078947 0.578947 -0.052632
v -0.078947 0.578947 -0.026316
v -0.078947 0.578947 0.000000
v -0.078947 0.578947 0.026316
v -0.078947 0.578947 0.052632
v -0.078947 0.578947 0.078947
v -0.078947 0.578947 0.105263
v -0.078947 0.578947 0.131579
v -0.105263 0.552632 0.157895
v -0.105263 0.578947 0.157895
v -0.078947 0.578947 0.157895
v -0.078947 0.552632 0.157895
v -0.078947 0.789474 -0.052632
v -0.078947 0.815789 -0.052632
v -0.078947 0.815789 -0.026316
v -0.078947 0.789474 -0.026316
v -0.078947 0.789474 0.000000
v -0.078947 0.789474 0.026316
v -0.078947 0.815789 0.026316
v -0.078947 0.815789 0.052632
v -0.078947 0.789474 0.052632
v -0.078947 0.815789 -0.026316
v -0.078947 0.842105 -0.026316
v -0.078947 0.842105 0.000000
v -0.078947 0.815789 0.000000
v -0.105263 0.815789 -0.026316
v -0.105263 0.815789 0.000000
v -0.105263 0.842105 0.000000
v -0.105263 0.842105 -0.026316
v -0.078947 0.842105 0.026316
v -0.078947 0.815789 0.026316
v -0.105263 0.815789 0.026316
v -0.105263 0.842105 0.026316
v -0.052632 0.000000 -0.105263
v -0.052632 0.000000 -0.078947
v -0.052632 0.026316 -0.105263
v -0.052632 0.000000 -0.052632
v -0.052632 0.000000 -0.026316
v -0.052632 0.000000 0.000000
v -0.052632 0.000000 0.026316
v -0.052632 0.000000 0.052632
v -0.052632 0.000000 0.078947
v -0.052632 0.000000 0.105263
v -0.052632 0.026316 0.105263
v -0.078947 0.026316 -0.157895
v -0.078947 0.052632 -0.157895
v -0.052632 0.026316 -0.157895
v -0.052632 0.026316 -0.131579
v -0.052632 0.052632 -0.157895
v -0.052632 0.026316 -0.105263
v -0.052632 0.026316 0.105263
v -0.052632 0.026316 0.131579
v -0.078947 0.026316 0.157895
v -0.078947 0.052632 0.157895
v -0.052632 0.026316 0.157895
v -0.052632 0.052632 0.157895
v -0.078947 0.052632 -0.184211
v -0.078947 0.078947 -0.184211
v -0.052632 0.052632 -0.184211
v -0.052632 0.052632 -0.157895
v -0.052632 0.078947 -0.184211
v -0.078947 0.052632 0.184211
v -0.078947 0.078947 0.184211
v -0.052632 0.052632 0.157895
v -0.052632 0.052632 0.184211
v -0.052632 0.078947 0.184211
v -0.078947 0.078947 -0.210526
v -0.078947 0.105263 -0.210526
v -0.052632 0.078947 -0.210526
v -0.052632 0.078947 -0.184211
v -0.052632 0.105263 -0.210526
v -0.078947 0.078947 0.210526
v -0.078947 0.105263 0.210526
v -0.052632 0.078947 0.184211
v -0.052632 0.078947 0.210526
v -0.052632 0.105263 0.210526
v -0.078947 0.131579 -0.210526
v -0.052632 0.131579 -0.210526
v -0.078947 0.131579 0.210526
v -0.052632 0.131579 0.210526
v -0.078947 0.157895 -0.210526
v -0.052632 0.157895 -0.210526
v -0.078947 0.157895 0.210526
v -0.052632 0.157895 0.210526
v -0.078947 0.184211 -0.210526
v -0.052632 0.184211 -0.184211
v -0.052632 0.184211 -0.210526
v -0.078947 0.184211 0.210526
v -0.052632 0.184211 0.210526
v -0.052632 0.184211 0.184211
v -0.052632 0.210526 -0.184211
v -0.052632 0.210526 0.184211
v -0.052632 0.236842 -0.184211
v -0.052632 0.236842 0.184211
v -0.052632 0.263158 -0.157895
v -0.052632 0.263158 -0.184211
v -0.052632 0.263158 0.184211
v -0.052632 0.263158 0.157895
v -0.052632 0.289474 -0.157895
v -0.052632 0.263158 -0.157895
v -0.052632 0.263158 0.157895
v -0.052632 0.289474 0.157895
v -0.052632 0.315789 -0.131579
v -0.052632 0.315789 -0.157895
v -0.052632 0.315789 0.157895
v -0.052632 0.315789 0.131579
v -0.078947 0.315789 -0.131579
v -0.078947 0.342105 -0.131579
v -0.052632 0.342105 -0.131579
v -0.052632 0.315789 -0.131579
v -0.078947 0.315789 0.131579
v -0.078947 0.342105 0.131579
v -0.052632 0.315789 0.131579
v -0.052632 0.342105 0.131579
v -0.078947 0.368421 -0.131579
v -0.052632 0.368421 -0.105263
v -0.052632 0.368421 -0.131579
v -0.078947 0.368421 0.131579
v -0.052632 0.368421 0.131579
v -0.052632 0.368421 0.105263
v -0.078947 0.368421 -0.105263
v -0.078947 0.368421 -0.078947
v -0.078947 0.394737 -0.078947
v -0.078947 0.394737 -0.105263
v -0.052632 0.394737 -0.078947
v -0.052632 0.394737 -0.105263
v -0.052632 0.368421 -0.105263
v -0.052632 0.394737 -0.052632
v -0.078947 0.368421 0.078947
v -0.078947 0.394737 0.078947
v -0.052632 0.394737 0.078947
v -0.052632 0.394737 0.052632
v -0.078947 0.368421 0.105263
v -0.078947 0.394737 0.105263
v -0.052632 0.394737 0.105263
v -0.052632 0.368421 0.105263
v -0.078947 0.394737 -0.052632
v -0.078947 0.394737 -0.026316
v -0.078947 0.421053 -0.026316
v -0.078947 0.421053 -0.052632
v -0.052632 0.421053 -0.026316
v -0.052632 0.421053 -0.052632
v -0.052632 0.394737 -0.052632
v -0.078947 0.394737 0.000000
v -0.078947 0.421053 0.000000
v -0.052632 0.421053 0.000000
v -0.078947 0.394737 0.026316
v -0.078947 0.421053 0.026316
v -0.052632 0.421053 0.026316
v -0.078947 0.394737 0.052632
v -0.078947 0.421053 0.052632
v -0.052632 0.421053 0.052632
v -0.052632 0.394737 0.052632
v -0.078947 0.447368 -0.236842
v -0.078947 0.473684 -0.236842
v -0.052632 0.447368 -0.236842
v -0.052632 0.447368 -0.210526
v -0.052632 0.473684 -0.236842
v -0.052632 0.447368 -0.184211
v -0.052632 0.447368 -0.157895
v -0.052632 0.447368 -0.131579
v -0.052632 0.447368 -0.105263
v -0.052632 0.447368 -0.078947
v -0.052632 0.447368 -0.052632
v -0.052632 0.447368 -0.026316
v -0.052632 0.447368 0.000000
v -0.052632 0.447368 0.026316
v -0.052632 0.447368 0.052632
v -0.052632 0.447368 0.078947
v -0.052632 0.447368 0.105263
v -0.052632 0.447368 0.131579
v -0.052632 0.447368 0.157895
v -0.052632 0.447368 0.184211
v -0.052632 0.447368 0.210526
v -0.078947 0.447368 0.236842
v -0.078947 0.473684 0.236842
v -0.052632 0.447368 0.236842
v -0.052632 0.473684 0.236842
v -0.078947 0.500000 -0.236842
v -0.052632 0.500000 -0.210526
v -0.052632 0.500000 -0.236842
v -0.078947 0.500000 0.236842
v -0.052632 0.500000 0.236842
v -0.052632 0.500000 0.210526
v -0.052632 0.526316 -0.184211
v -0.052632 0.526316 -0.210526
v -0.052632 0.500000 -0.210526
v -0.052632 0.526316 0.210526
v -0.052632 0.526316 0.184211
v -0.052632 0.500000 0.210526
v -0.052632 0.552632 -0.184211
v -0.052632 0.526316 -0.184211
v -0.052632 0.526316 0.184211
v -0.052632 0.552632 0.184211
v -0.078947 0.552632 -0.184211
v -0.078947 0.578947 -0.184211
v -0.052632 0.578947 -0.157895
v -0.052632 0.578947 -0.184211
v -0.052632 0.552632 -0.184211
v -0.052632 0.578947 -0.131579
v -0.052632 0.578947 -0.105263
v -0.052632 0.578947 -0.078947
v -0.052632 0.578947 -0.052632
v -0.052632 0.578947 -0.026316
v -0.052632 0.578947 0.000000
v -0.052632 0.578947 0.026316
v -0.052632 0.578947 0.052632
v -0.052632 0.578947 0.078947
v -0.052632 0.578947 0.105263
v -0.052632 0.578947 0.131579
v -0.052632 0.578947 0.157895
v -0.078947 0.552632 0.184211
v -0.078947 0.578947 0.184211
v -0.052632 0.578947 0.184211
v -0.052632 0.552632 0.184211
v -0.078947 0.684211 -0.052632
v -0.078947 0.684211 -0.026316
v -0.078947 0.710526 -0.026316
v -0.078947 0.710526 -0.052632
v -0.052632 0.710526 -0.026316
v -0.052632 0.710526 -0.052632
v -0.052632 0.684211 -0.052632
v -0.052632 0.684211 -0.026316
v -0.078947 0.684211 0.000000
v -0.078947 0.710526 0.000000
v -0.052632 0.710526 0.000000
v -0.052632 0.684211 0.000000
v -0.078947 0.684211 0.026316
v -0.078947 0.710526 0.026316
v -0.052632 0.710526 0.026316
v -0.052632 0.684211 0.026316
v -0.078947 0.684211 0.052632
v -0.078947 0.710526 0.052632
v -0.052632 0.710526 0.052632
v -0.052632 0.684211 0.052632
v -0.078947 0.763158 -0.026316
v -0.078947 0.763158 0.000000
v -0.078947 0.789474 0.000000
v -0.078947 0.789474 -0.026316
v -0.052632 0.763158 -0.026316
v -0.052632 0.763158 0.000000
v -0.052632 0.789474 -0.026316
v -0.078947 0.763158 0.026316
v -0.078947 0.789474 0.026316
v -0.052632 0.763158 0.026316
v -0.052632 0.789474 0.026316
v -0.052632 0.789474 -0.026316
v -0.052632 0.815789 -0.026316
v -0.052632 0.815789 0.000000
v -0.052632 0.789474 0.000000
v -0.078947 0.815789 0.000000
v -0.052632 0.815789 0.026316
v -0.052632 0.789474 0.026316
v -0.052632 0.000000 -0.131579
v -0.052632 0.026316 -0.131579
v -0.026316 0.000000 -0.131579
v -0.026316 0.000000 -0.105263
v -0.026316 0.026316 -0.131579
v -0.026316 0.000000 -0.078947
v -0.026316 0.000000 -0.052632
v -0.026316 0.000000 -0.026316
v -0.026316 0.000000 0.000000
v -0.026316 0.000000 0.026316
v -0.026316 0.000000 0.052632
v -0.026316 0.000000 0.078947
v -0.026316 0.000000 0.105263
v -0.052632 0.000000 0.131579
v -0.052632 0.026316 0.131579
v -0.026316 0.000000 0.131579
v -0.026316 0.026316 0.131579
v -0.026316 0.026316 -0.157895
v -0.026316 0.026316 -0.131579
v -0.026316 0.052632 -0.157895
v -0.026316 0.026316 0.131579
v -0.026316 0.026316 0.157895
v -0.026316 0.052632 0.157895
v -0.026316 0.052632 -0.184211
v -0.026316 0.052632 -0.157895
v -0.026316 0.078947 -0.184211
v -0.026316 0.052632 0.157895
v -0.026316 0.052632 0.184211
v -0.026316 0.078947 0.184211
v -0.026316 0.078947 -0.210526
v -0.026316 0.078947 -0.184211
v -0.026316 0.105263 -0.210526
v -0.026316 0.078947 0.184211
v -0.026316 0.078947 0.210526
v -0.026316 0.105263 0.210526
v -0.026316 0.131579 -0.210526
v -0.026316 0.131579 0.210526
v -0.026316 0.157895 -0.210526
v -0.026316 0.157895 0.210526
v -0.026316 0.184211 -0.210526
v -0.026316 0.184211 0.210526
v -0.052632 0.210526 -0.210526
v -0.026316 0.210526 -0.210526
v -0.052632 0.210526 0.210526
v -0.026316 0.210526 0.210526
v -0.052632 0.236842 -0.210526
v -0.026316 0.236842 -0.210526
v -0.052632 0.236842 0.210526
v -0.026316 0.236842 0.210526
v -0.052632 0.263158 -0.210526
v -0.026316 0.263158 -0.184211
v -0.026316 0.263158 -0.210526
v -0.052632 0.263158 0.210526
v -0.026316 0.263158 0.210526
v -0.026316 0.263158 0.184211
v -0.052632 0.263158 -0.184211
v -0.052632 0.289474 -0.184211
v -0.026316 0.289474 -0.184211
v -0.026316 0.263158 -0.184211
v -0.052632 0.263158 0.184211
v -0.052632 0.289474 0.184211
v -0.026316 0.263158 0.184211
v -0.026316 0.289474 0.184211
v -0.052632 0.315789 -0.184211
v -0.026316 0.315789 -0.157895
v -0.026316 0.315789 -0.184211
v -0.052632 0.315789 0.184211
v -0.026316 0.315789 0.184211
v -0.026316 0.315789 0.157895
v -0.052632 0.315789 -0.157895
v -0.052632 0.342105 -0.157895
v -0.026316 0.342105 -0.157895
v -0.026316 0.315789 -0.157895
v -0.052632 0.315789 0.157895
v -0.052632 0.342105 0.157895
v -0.026316 0.315789 0.157895
v -0.026316 0.342105 0.157895
v -0.052632 0.368421 -0.157895
v -0.026316 0.368421 -0.131579
v -0.026316 0.368421 -0.157895
v -0.052632 0.368421 0.157895
v -0.026316 0.368421 0.157895
v -0.026316 0.368421 0.131579
v -0.052632 0.368421 -0.131579
v -0.052632 0.394737 -0.131579
v -0.026316 0.394737 -0.105263
v -0.026316 0.394737 -0.131579
v -0.026316 0.368421 -0.131579
v -0.052632 0.368421 0.131579
v -0.052632 0.394737 0.131579
v -0.026316 0.394737 0.131579
v -0.026316 0.394737 0.105263
v -0.026316 0.368421 0.131579
v -0.052632 0.394737 -0.105263
v -0.052632 0.394737 -0.078947
v -0.052632 0.421053 -0.078947
v -0.052632 0.421053 -0.105263
v -0.026316 0.421053 -0.078947
v -0.026316 0.421053 -0.105263
v -0.026316 0.394737 -0.105263
v -0.026316 0.421053 -0.052632
v -0.052632 0.394737 0.078947
v -0.052632 0.421053 0.078947
v -0.026316 0.421053 0.078947
v -0.026316 0.421053 0.052632
v -0.052632 0.394737 0.105263
v -0.052632 0.421053 0.105263
v -0.026316 0.421053 0.105263
v -0.026316 0.394737 0.105263
v -0.052632 0.421053 -0.052632
v -0.052632 0.421053 -0.026316
v -0.052632 0.447368 -0.026316
v -0.052632 0.447368 -0.052632
v -0.026316 0.447368 -0.052632
v -0.026316 0.421053 -0.052632
v -0.052632 0.421053 0.000000
v -0.052632 0.447368 0.000000
v -0.052632 0.421053 0.026316
v -0.052632 0.447368 0.026316
v -0.052632 0.421053 0.052632
v -0.052632 0.447368 0.052632
v -0.026316 0.421053 0.052632
v -0.026316 0.447368 0.052632
v -0.026316 0.447368 -0.236842
v -0.026316 0.447368 -0.210526
v -0.026316 0.473684 -0.236842
v -0.026316 0.447368 -0.184211
v -0.026316 0.447368 -0.157895
v -0.026316 0.447368 -0.131579
v -0.026316 0.447368 -0.105263
v -0.026316 0.447368 -0.078947
v -0.026316 0.447368 -0.052632
v -0.026316 0.447368 0.052632
v -0.026316 0.447368 0.078947
v -0.026316 0.447368 0.105263
v -0.026316 0.447368 0.131579
v -0.026316 0.447368 0.157895
v -0.026316 0.447368 0.184211
v -0.026316 0.447368 0.210526
v -0.026316 0.447368 0.236842
v -0.026316 0.473684 0.236842
v -0.026316 0.500000 -0.236842
v -0.026316 0.500000 0.236842
v -0.052632 0.500000 -0.236842
v -0.052632 0.526316 -0.236842
v -0.026316 0.526316 -0.210526
v -0.026316 0.526316 -0.236842
v -0.026316 0.500000 -0.236842
v -0.052632 0.500000 0.236842
v -0.052632 0.526316 0.236842
v -0.026316 0.526316 0.236842
v -0.026316 0.526316 0.210526
v -0.026316 0.500000 0.236842
v -0.052632 0.526316 -0.210526
v -0.052632 0.552632 -0.210526
v -0.026316 0.552632 -0.184211
v -0.026316 0.552632 -0.210526
v -0.026316 0.526316 -0.210526
v -0.052632 0.526316 0.210526
v -0.052632 0.552632 0.210526
v -0.026316 0.552632 0.210526
v -0.026316 0.552632 0.184211
v -0.026316 0.526316 0.210526
v -0.026316 0.578947 -0.157895
v -0.026316 0.578947 -0.184211
v -0.026316 0.552632 -0.184211
v -0.026316 0.578947 -0.131579
v -0.026316 0.578947 -0.105263
v -0.026316 0.578947 -0.078947
v -0.026316 0.578947 -0.052632
v -0.026316 0.578947 -0.026316
v -0.026316 0.578947 0.000000
v -0.026316 0.578947 0.026316
v -0.026316 0.578947 0.052632
v -0.026316 0.578947 0.078947
v -0.026316 0.578947 0.105263
v -0.026316 0.578947 0.131579
v -0.026316 0.578947 0.157895
v -0.026316 0.578947 0.184211
v -0.026316 0.552632 0.184211
v -0.052632 0.684211 -0.105263
v -0.052632 0.684211 -0.078947
v -0.052632 0.710526 -0.078947
v -0.052632 0.710526 -0.105263
v -0.026316 0.710526 -0.078947
v -0.026316 0.710526 -0.105263
v -0.026316 0.684211 -0.105263
v -0.026316 0.684211 -0.078947
v -0.026316 0.710526 -0.052632
v -0.026316 0.684211 -0.052632
v -0.026316 0.684211 -0.026316
v -0.026316 0.684211 0.000000
v -0.026316 0.684211 0.026316
v -0.026316 0.684211 0.052632
v -0.052632 0.684211 0.078947
v -0.052632 0.710526 0.078947
v -0.026316 0.710526 0.078947
v -0.026316 0.710526 0.052632
v -0.026316 0.684211 0.078947
v -0.052632 0.684211 0.105263
v -0.052632 0.710526 0.105263
v -0.026316 0.710526 0.105263
v -0.026316 0.684211 0.105263
v -0.052632 0.710526 -0.052632
v -0.052632 0.710526 -0.026316
v -0.052632 0.736842 -0.026316
v -0.052632 0.736842 -0.052632
v -0.026316 0.736842 -0.026316
v -0.026316 0.736842 -0.052632
v -0.026316 0.710526 -0.052632
v -0.052632 0.710526 0.000000
v -0.052632 0.736842 0.000000
v -0.052632 0.710526 0.026316
v -0.052632 0.736842 0.026316
v -0.052632 0.710526 0.052632
v -0.052632 0.736842 0.052632
v -0.026316 0.736842 0.052632
v -0.026316 0.736842 0.026316
v -0.026316 0.710526 0.052632
v -0.052632 0.736842 -0.026316
v -0.052632 0.736842 0.000000
v -0.026316 0.763158 -0.026316
v -0.026316 0.736842 -0.026316
v -0.052632 0.736842 0.026316
v -0.026316 0.736842 0.026316
v -0.026316 0.763158 0.026316
v -0.026316 0.789474 -0.026316
v -0.026316 0.789474 0.000000
v -0.026316 0.763158 0.000000
v -0.052632 0.789474 0.000000
v -0.026316 0.789474 0.026316
v 0.000000 0.000000 -0.131579
v 0.000000 0.000000 -0.105263
v 0.000000 0.026316 -0.131579
v 0.000000 0.000000 -0.078947
v 0.000000 0.000000 -0.052632
v 0.000000 0.000000 -0.026316
v 0.000000 0.000000 0.000000
v 0.000000 0.000000 0.026316
v 0.000000 0.000000 0.052632
v 0.000000 0.000000 0.078947
v 0.000000 0.000000 0.105263
v 0.000000 0.000000 0.131579
v 0.000000 0.026316 0.131579
v 0.000000 0.026316 -0.157895
v 0.000000 0.026316 -0.131579
v 0.000000 0.052632 -0.157895
v 0.000000 0.026316 0.131579
v 0.000000 0.026316 0.157895
v 0.000000 0.052632 0.157895
v 0.000000 0.052632 -0.184211
v 0.000000 0.052632 -0.157895
v 0.000000 0.078947 -0.184211
v 0.000000 0.052632 0.157895
v 0.000000 0.052632 0.184211
v 0.000000 0.078947 0.184211
v 0.000000 0.078947 -0.210526
v 0.000000 0.078947 -0.184211
v 0.000000 0.105263 -0.210526
v 0.000000 0.078947 0.184211
v 0.000000 0.078947 0.210526
v 0.000000 0.105263 0.210526
v 0.000000 0.131579 -0.210526
v 0.000000 0.131579 0.210526
v 0.000000 0.157895 -0.210526
v 0.000000 0.157895 0.210526
v 0.000000 0.184211 -0.210526
v 0.000000 0.184211 0.210526
v 0.000000 0.210526 -0.210526
v 0.000000 0.210526 0.210526
v 0.000000 0.236842 -0.210526
v 0.000000 0.236842 0.210526
v 0.000000 0.263158 -0.184211
v 0.000000 0.263158 -0.210526
v 0.000000 0.263158 0.210526
v 0.000000 0.263158 0.184211
v 0.000000 0.289474 -0.184211
v 0.000000 0.263158 -0.184211
v 0.000000 0.263158 0.184211
v 0.000000 0.289474 0.184211
v 0.000000 0.315789 -0.184211
v 0.000000 0.315789 0.184211
v -0.026316 0.315789 -0.184211
v -0.026316 0.342105 -0.184211
v 0.000000 0.342105 -0.184211
v 0.000000 0.315789 -0.184211
v -0.026316 0.315789 0.184211
v -0.026316 0.342105 0.184211
v 0.000000 0.315789 0.184211
v 0.000000 0.342105 0.184211
v -0.026316 0.368421 -0.184211
v 0.000000 0.368421 -0.157895
v 0.000000 0.368421 -0.184211
v 0.000000 0.368421 -0.131579
v 0.000000 0.368421 0.157895
v 0.000000 0.368421 0.131579
v -0.026316 0.368421 0.184211
v 0.000000 0.368421 0.184211
v 0.000000 0.394737 -0.131579
v 0.000000 0.368421 -0.131579
v 0.000000 0.368421 0.131579
v 0.000000 0.394737 0.131579
v -0.026316 0.394737 -0.131579
v -0.026316 0.421053 -0.131579
v 0.000000 0.421053 -0.105263
v 0.000000 0.421053 -0.131579
v 0.000000 0.394737 -0.131579
v -0.026316 0.394737 0.131579
v -0.026316 0.421053 0.131579
v 0.000000 0.421053 0.131579
v 0.000000 0.421053 0.105263
v 0.000000 0.394737 0.131579
v -0.026316 0.421053 -0.105263
v -0.026316 0.421053 -0.078947
v -0.026316 0.447368 -0.078947
v -0.026316 0.447368 -0.105263
v 0.000000 0.447368 -0.105263
v 0.000000 0.421053 -0.105263
v -0.026316 0.421053 0.078947
v -0.026316 0.447368 0.078947
v -0.026316 0.421053 0.105263
v -0.026316 0.447368 0.105263
v 0.000000 0.421053 0.105263
v 0.000000 0.447368 0.105263
v 0.000000 0.447368 -0.236842
v 0.000000 0.447368 -0.210526
v 0.000000 0.473684 -0.236842
v 0.000000 0.447368 -0.184211
v 0.000000 0.447368 -0.157895
v 0.000000 0.447368 -0.131579
v 0.000000 0.447368 -0.105263
v 0.000000 0.447368 0.105263
v 0.000000 0.447368 0.131579
v 0.000000 0.447368 0.157895
v 0.000000 0.447368 0.184211
v 0.000000 0.447368 0.210526
v 0.000000 0.447368 0.236842
v 0.000000 0.473684 0.236842
v 0.000000 0.500000 -0.236842
v 0.000000 0.500000 0.236842
v 0.000000 0.526316 -0.210526
v 0.000000 0.526316 -0.236842
v 0.000000 0.500000 -0.236842
v 0.000000 0.526316 0.236842
v 0.000000 0.526316 0.210526
v 0.000000 0.500000 0.236842
v 0.000000 0.552632 -0.184211
v 0.000000 0.552632 -0.210526
v 0.000000 0.526316 -0.210526
v 0.000000 0.552632 0.210526
v 0.000000 0.552632 0.184211
v 0.000000 0.526316 0.210526
v 0.000000 0.578947 -0.157895
v 0.000000 0.578947 -0.184211
v 0.000000 0.552632 -0.184211
v 0.000000 0.578947 -0.131579
v 0.000000 0.578947 -0.105263
v 0.000000 0.578947 -0.078947
v 0.000000 0.578947 -0.052632
v 0.000000 0.578947 -0.026316
v 0.000000 0.578947 0.000000
v 0.000000 0.578947 0.026316
v 0.000000 0.578947 0.052632
v 0.000000 0.578947 0.078947
v 0.000000 0.578947 0.105263
v 0.000000 0.578947 0.131579
v 0.000000 0.578947 0.157895
v 0.000000 0.578947 0.184211
v 0.000000 0.552632 0.184211
v -0.026316 0.605263 -0.052632
v -0.026316 0.605263 -0.026316
v -0.026316 0.631579 -0.026316
v -0.026316 0.631579 -0.052632
v 0.000000 0.631579 -0.026316
v 0.000000 0.631579 -0.052632
v 0.000000 0.605263 -0.052632
v 0.000000 0.605263 -0.026316
v -0.026316 0.605263 0.000000
v -0.026316 0.631579 0.000000
v 0.000000 0.605263 0.000000
v -0.026316 0.605263 0.026316
v -0.026316 0.631579 0.026316
v 0.000000 0.605263 0.026316
v -0.026316 0.605263 0.052632
v -0.026316 0.631579 0.052632
v 0.000000 0.631579 0.052632
v 0.000000 0.631579 0.026316
v 0.000000 0.605263 0.052632
v -0.026316 0.631579 -0.026316
v -0.026316 0.631579 0.000000
v -0.026316 0.657895 0.000000
v -0.026316 0.657895 -0.026316
v 0.000000 0.657895 -0.026316
v 0.000000 0.631579 -0.026316
v -0.026316 0.631579 0.026316
v -0.026316 0.657895 0.026316
v 0.000000 0.631579 0.026316
v 0.000000 0.657895 0.026316
v -0.026316 0.684211 0.000000
v -0.026316 0.684211 -0.026316
v 0.000000 0.684211 -0.026316
v -0.026316 0.684211 0.026316
v 0.000000 0.684211 0.026316
v 0.000000 0.710526 -0.078947
v 0.000000 0.710526 -0.105263
v 0.000000 0.684211 -0.105263
v 0.000000 0.684211 -0.078947
v 0.000000 0.684211 -0.052632
v 0.000000 0.684211 -0.026316
v 0.000000 0.684211 0.026316
v 0.000000 0.684211 0.052632
v 0.000000 0.684211 0.078947
v 0.000000 0.710526 0.105263
v 0.000000 0.710526 0.078947
v 0.000000 0.684211 0.105263
v -0.026316 0.710526 -0.078947
v -0.026316 0.736842 -0.078947
v 0.000000 0.736842 -0.052632
v 0.000000 0.736842 -0.078947
v 0.000000 0.710526 -0.078947
v 0.000000 0.736842 -0.026316
v 0.000000 0.736842 0.052632
v 0.000000 0.736842 0.026316
v -0.026316 0.710526 0.078947
v -0.026316 0.736842 0.078947
v 0.000000 0.736842 0.078947
v 0.000000 0.710526 0.078947
v 0.000000 0.736842 -0.026316
v 0.000000 0.763158 -0.026316
v 0.000000 0.763158 0.000000
v 0.000000 0.736842 0.000000
v 0.000000 0.763158 0.026316
v 0.000000 0.736842 0.026316
v 0.026316 0.000000 -0.131579
v 0.026316 0.000000 -0.105263
v 0.026316 0.026316 -0.131579
v 0.026316 0.000000 -0.078947
v 0.026316 0.000000 -0.052632
v 0.026316 0.000000 -0.026316
v 0.026316 0.000000 0.000000
v 0.026316 0.000000 0.026316
v 0.026316 0.000000 0.052632
v 0.026316 0.000000 0.078947
v 0.026316 0.000000 0.105263
v 0.026316 0.000000 0.131579
v 0.026316 0.026316 0.131579
v 0.026316 0.026316 -0.184211
v 0.026316 0.052632 -0.184211
v 0.026316 0.052632 -0.157895
v 0.026316 0.026316 -0.157895
v 0.000000 0.026316 -0.184211
v 0.000000 0.052632 -0.184211
v 0.026316 0.026316 -0.131579
v 0.026316 0.026316 0.131579
v 0.026316 0.026316 0.157895
v 0.026316 0.052632 0.157895
v 0.026316 0.052632 0.184211
v 0.026316 0.026316 0.184211
v 0.000000 0.026316 0.184211
v 0.000000 0.052632 0.184211
v 0.026316 0.078947 -0.184211
v 0.026316 0.052632 -0.184211
v 0.026316 0.052632 0.184211
v 0.026316 0.078947 0.184211
v 0.026316 0.078947 -0.210526
v 0.026316 0.078947 -0.184211
v 0.026316 0.105263 -0.210526
v 0.026316 0.078947 0.184211
v 0.026316 0.078947 0.210526
v 0.026316 0.105263 0.210526
v 0.026316 0.131579 -0.210526
v 0.026316 0.131579 0.210526
v 0.026316 0.157895 -0.210526
v 0.026316 0.157895 0.210526
v 0.026316 0.184211 -0.210526
v 0.026316 0.184211 0.210526
v 0.026316 0.210526 -0.210526
v 0.026316 0.210526 0.210526
v 0.026316 0.236842 -0.210526
v 0.026316 0.236842 0.210526
v 0.026316 0.263158 -0.184211
v 0.026316 0.263158 -0.210526
v 0.026316 0.263158 0.210526
v 0.026316 0.263158 0.184211
v 0.026316 0.289474 -0.184211
v 0.026316 0.263158 -0.184211
v 0.026316 0.263158 0.184211
v 0.026316 0.289474 0.184211
v 0.026316 0.315789 -0.184211
v 0.026316 0.315789 0.184211
v 0.026316 0.342105 -0.184211
v 0.026316 0.315789 -0.184211
v 0.026316 0.315789 0.184211
v 0.026316 0.342105 0.184211
v 0.026316 0.368421 -0.157895
v 0.026316 0.368421 -0.184211
v 0.026316 0.368421 0.184211
v 0.026316 0.368421 0.157895
v 0.000000 0.368421 -0.157895
v 0.000000 0.394737 -0.157895
v 0.026316 0.394737 -0.131579
v 0.026316 0.394737 -0.157895
v 0.026316 0.368421 -0.157895
v 0.000000 0.368421 0.157895
v 0.000000 0.394737 0.157895
v 0.026316 0.394737 0.157895
v 0.026316 0.394737 0.131579
v 0.026316 0.368421 0.157895
v 0.026316 0.421053 -0.105263
v 0.026316 0.421053 -0.131579
v 0.026316 0.394737 -0.131579
v 0.026316 0.421053 0.131579
v 0.026316 0.421053 0.105263
v 0.026316 0.394737 0.131579
v 0.026316 0.447368 -0.105263
v 0.026316 0.421053 -0.105263
v 0.026316 0.421053 0.105263
v 0.026316 0.447368 0.105263
v 0.026316 0.447368 -0.236842
v 0.026316 0.447368 -0.210526
v 0.026316 0.473684 -0.236842
v 0.026316 0.447368 -0.184211
v 0.026316 0.447368 -0.157895
v 0.026316 0.447368 -0.131579
v 0.026316 0.447368 -0.105263
v 0.026316 0.447368 0.105263
v 0.026316 0.447368 0.131579
v 0.026316 0.447368 0.157895
v 0.026316 0.447368 0.184211
v 0.026316 0.447368 0.210526
v 0.026316 0.447368 0.236842
v 0.026316 0.473684 0.236842
v 0.026316 0.500000 -0.236842
v 0.026316 0.500000 0.236842
v 0.026316 0.526316 -0.210526
v 0.026316 0.526316 -0.236842
v 0.026316 0.500000 -0.236842
v 0.026316 0.526316 0.236842
v 0.026316 0.526316 0.210526
v 0.026316 0.500000 0.236842
v 0.026316 0.552632 -0.210526
v 0.026316 0.526316 -0.210526
v 0.026316 0.526316 0.210526
v 0.026316 0.552632 0.210526
v 0.000000 0.552632 -0.210526
v 0.000000 0.578947 -0.210526
v 0.026316 0.578947 -0.184211
v 0.026316 0.578947 -0.210526
v 0.026316 0.552632 -0.210526
v 0.026316 0.578947 -0.157895
v 0.026316 0.578947 -0.131579
v 0.026316 0.578947 -0.105263
v 0.026316 0.578947 -0.078947
v 0.026316 0.578947 -0.052632
v 0.026316 0.578947 0.078947
v 0.026316 0.578947 0.052632
v 0.026316 0.578947 0.105263
v 0.026316 0.578947 0.131579
v 0.026316 0.578947 0.157895
v 0.026316 0.578947 0.184211
v 0.000000 0.552632 0.210526
v 0.000000 0.578947 0.210526
v 0.026316 0.578947 0.210526
v 0.026316 0.552632 0.210526
v 0.000000 0.578947 -0.052632
v 0.000000 0.578947 -0.026316
v 0.000000 0.605263 -0.026316
v 0.000000 0.605263 -0.052632
v 0.026316 0.605263 -0.052632
v 0.026316 0.578947 -0.052632
v 0.000000 0.578947 0.000000
v 0.000000 0.605263 0.000000
v 0.000000 0.578947 0.026316
v 0.000000 0.605263 0.026316
v 0.000000 0.578947 0.052632
v 0.000000 0.605263 0.052632
v 0.026316 0.578947 0.052632
v 0.026316 0.605263 0.052632
v 0.000000 0.605263 -0.078947
v 0.000000 0.631579 -0.078947
v 0.026316 0.631579 -0.052632
v 0.026316 0.631579 -0.078947
v 0.026316 0.605263 -0.078947
v 0.026316 0.605263 -0.052632
v 0.000000 0.605263 0.078947
v 0.000000 0.631579 0.078947
v 0.026316 0.631579 0.078947
v 0.026316 0.631579 0.052632
v 0.026316 0.605263 0.052632
v 0.026316 0.605263 0.078947
v 0.000000 0.631579 -0.052632
v 0.000000 0.657895 -0.052632
v 0.026316 0.657895 -0.052632
v 0.026316 0.631579 -0.052632
v 0.000000 0.631579 0.052632
v 0.000000 0.657895 0.052632
v 0.026316 0.631579 0.052632
v 0.026316 0.657895 0.052632
v 0.000000 0.684211 -0.052632
v 0.026316 0.684211 -0.052632
v 0.000000 0.684211 0.052632
v 0.026316 0.684211 0.052632
v 0.000000 0.684211 -0.131579
v 0.000000 0.710526 -0.131579
v 0.026316 0.710526 -0.105263
v 0.026316 0.710526 -0.131579
v 0.026316 0.684211 -0.131579
v 0.026316 0.684211 -0.105263
v 0.026316 0.684211 -0.078947
v 0.026316 0.684211 -0.052632
v 0.026316 0.684211 0.052632
v 0.026316 0.684211 0.078947
v 0.026316 0.684211 0.105263
v 0.000000 0.684211 0.131579
v 0.000000 0.710526 0.131579
v 0.026316 0.710526 0.131579
v 0.026316 0.710526 0.105263
v 0.026316 0.684211 0.131579
v 0.000000 0.710526 -0.105263
v 0.000000 0.736842 -0.105263
v 0.026316 0.736842 -0.078947
v 0.026316 0.736842 -0.105263
v 0.026316 0.710526 -0.105263
v 0.026316 0.736842 -0.052632
v 0.026316 0.736842 -0.026316
v 0.000000 0.736842 0.000000
v 0.026316 0.736842 0.000000
v 0.026316 0.736842 0.026316
v 0.026316 0.736842 0.052632
v 0.026316 0.736842 0.078947
v 0.000000 0.710526 0.105263
v 0.000000 0.736842 0.105263
v 0.026316 0.736842 0.105263
v 0.026316 0.710526 0.105263
v 0.052632 0.000000 -0.131579
v 0.052632 0.026316 -0.131579
v 0.052632 0.026316 -0.105263
v 0.052632 0.000000 -0.105263
v 0.052632 0.000000 -0.078947
v 0.052632 0.000000 -0.052632
v 0.052632 0.000000 -0.026316
v 0.052632 0.000000 0.000000
v 0.052632 0.000000 0.026316
v 0.052632 0.000000 0.052632
v 0.052632 0.000000 0.078947
v 0.052632 0.000000 0.105263
v 0.052632 0.026316 0.105263
v 0.052632 0.026316 0.131579
v 0.052632 0.000000 0.131579
v 0.052632 0.026316 -0.157895
v 0.052632 0.026316 -0.131579
v 0.052632 0.052632 -0.157895
v 0.052632 0.026316 0.131579
v 0.052632 0.026316 0.157895
v 0.052632 0.052632 0.157895
v 0.052632 0.052632 -0.184211
v 0.052632 0.052632 -0.157895
v 0.026316 0.052632 -0.157895
v 0.052632 0.078947 -0.184211
v 0.026316 0.052632 0.157895
v 0.052632 0.052632 0.157895
v 0.052632 0.052632 0.184211
v 0.052632 0.078947 0.184211
v 0.052632 0.078947 -0.210526
v 0.052632 0.078947 -0.184211
v 0.052632 0.105263 -0.210526
v 0.052632 0.078947 0.184211
v 0.052632 0.078947 0.210526
v 0.052632 0.105263 0.210526
v 0.052632 0.131579 -0.210526
v 0.052632 0.131579 0.210526
v 0.052632 0.157895 -0.210526
v 0.052632 0.157895 0.210526
v 0.052632 0.184211 -0.210526
v 0.052632 0.184211 0.210526
v 0.052632 0.210526 -0.210526
v 0.052632 0.210526 0.210526
v 0.052632 0.236842 -0.210526
v 0.052632 0.236842 0.210526
v 0.052632 0.263158 -0.210526
v 0.052632 0.263158 0.210526
v 0.052632 0.263158 -0.210526
v 0.052632 0.289474 -0.210526
v 0.052632 0.289474 -0.184211
v 0.052632 0.263158 -0.184211
v 0.026316 0.263158 -0.210526
v 0.026316 0.289474 -0.210526
v 0.052632 0.263158 0.184211
v 0.052632 0.289474 0.184211
v 0.052632 0.289474 0.210526
v 0.052632 0.263158 0.210526
v 0.026316 0.263158 0.210526
v 0.026316 0.289474 0.210526
v 0.052632 0.315789 -0.210526
v 0.052632 0.315789 -0.184211
v 0.026316 0.315789 -0.210526
v 0.052632 0.315789 0.184211
v 0.052632 0.315789 0.210526
v 0.026316 0.315789 0.210526
v 0.052632 0.342105 -0.184211
v 0.052632 0.315789 -0.184211
v 0.052632 0.315789 0.184211
v 0.052632 0.342105 0.184211
v 0.052632 0.368421 -0.157895
v 0.052632 0.368421 -0.184211
v 0.052632 0.368421 0.184211
v 0.052632 0.368421 0.157895
v 0.052632 0.394737 -0.131579
v 0.052632 0.394737 -0.157895
v 0.052632 0.368421 -0.157895
v 0.052632 0.394737 0.157895
v 0.052632 0.394737 0.131579
v 0.052632 0.368421 0.157895
v 0.052632 0.421053 -0.131579
v 0.052632 0.394737 -0.131579
v 0.052632 0.394737 0.131579
v 0.052632 0.421053 0.131579
v 0.026316 0.421053 -0.131579
v 0.026316 0.447368 -0.131579
v 0.052632 0.447368 -0.131579
v 0.052632 0.421053 -0.131579
v 0.026316 0.421053 0.131579
v 0.026316 0.447368 0.131579
v 0.052632 0.421053 0.131579
v 0.052632 0.447368 0.131579
v 0.052632 0.447368 -0.263158
v 0.052632 0.473684 -0.263158
v 0.052632 0.473684 -0.236842
v 0.052632 0.447368 -0.236842
v 0.026316 0.447368 -0.263158
v 0.026316 0.473684 -0.263158
v 0.052632 0.447368 -0.210526
v 0.052632 0.447368 -0.184211
v 0.052632 0.447368 -0.157895
v 0.052632 0.447368 -0.131579
v 0.052632 0.447368 0.131579
v 0.052632 0.447368 0.157895
v 0.052632 0.447368 0.184211
v 0.052632 0.447368 0.210526
v 0.052632 0.447368 0.236842
v 0.052632 0.473684 0.236842
v 0.052632 0.473684 0.263158
v 0.052632 0.447368 0.263158
v 0.026316 0.447368 0.263158
v 0.026316 0.473684 0.263158
v 0.052632 0.500000 -0.263158
v 0.052632 0.500000 -0.236842
v 0.026316 0.500000 -0.263158
v 0.052632 0.500000 0.236842
v 0.052632 0.500000 0.263158
v 0.026316 0.500000 0.263158
v 0.052632 0.526316 -0.210526
v 0.052632 0.526316 -0.236842
v 0.052632 0.500000 -0.236842
v 0.052632 0.526316 0.236842
v 0.052632 0.526316 0.210526
v 0.052632 0.500000 0.236842
v 0.052632 0.552632 -0.210526
v 0.052632 0.526316 -0.210526
v 0.052632 0.526316 0.210526
v 0.052632 0.552632 0.210526
v 0.052632 0.578947 -0.184211
v 0.052632 0.578947 -0.210526
v 0.052632 0.552632 -0.210526
v 0.052632 0.578947 -0.157895
v 0.052632 0.578947 -0.131579
v 0.052632 0.578947 -0.105263
v 0.052632 0.578947 -0.078947
v 0.052632 0.578947 -0.052632
v 0.052632 0.578947 0.078947
v 0.052632 0.578947 0.052632
v 0.052632 0.578947 0.105263
v 0.052632 0.578947 0.131579
v 0.052632 0.578947 0.157895
v 0.052632 0.578947 0.184211
v 0.052632 0.578947 0.210526
v 0.052632 0.552632 0.210526
v 0.052632 0.605263 -0.052632
v 0.052632 0.578947 -0.052632
v 0.052632 0.578947 0.052632
v 0.052632 0.605263 0.052632
v 0.052632 0.631579 -0.052632
v 0.052632 0.631579 -0.078947
v 0.052632 0.605263 -0.078947
v 0.052632 0.605263 -0.052632
v 0.052632 0.631579 0.078947
v 0.052632 0.631579 0.052632
v 0.052632 0.605263 0.052632
v 0.052632 0.605263 0.078947
v 0.052632 0.631579 -0.052632
v 0.052632 0.657895 -0.052632
v 0.052632 0.657895 -0.026316
v 0.052632 0.631579 -0.026316
v 0.052632 0.631579 0.026316
v 0.052632 0.657895 0.026316
v 0.052632 0.657895 0.052632
v 0.052632 0.631579 0.052632
v 0.052632 0.684211 -0.052632
v 0.052632 0.684211 -0.026316
v 0.052632 0.684211 0.026316
v 0.052632 0.684211 0.052632
v 0.052632 0.710526 -0.105263
v 0.052632 0.710526 -0.131579
v 0.052632 0.684211 -0.131579
v 0.052632 0.684211 -0.105263
v 0.052632 0.684211 -0.078947
v 0.052632 0.684211 -0.052632
v 0.052632 0.684211 0.052632
v 0.052632 0.684211 0.078947
v 0.052632 0.684211 0.105263
v 0.052632 0.710526 0.131579
v 0.052632 0.710526 0.105263
v 0.052632 0.684211 0.131579
v 0.052632 0.736842 -0.078947
v 0.052632 0.736842 -0.105263
v 0.052632 0.710526 -0.105263
v 0.052632 0.736842 -0.052632
v 0.052632 0.736842 -0.026316
v 0.052632 0.736842 0.000000
v 0.052632 0.736842 0.026316
v 0.052632 0.736842 0.052632
v 0.052632 0.736842 0.078947
v 0.052632 0.736842 0.105263
v 0.052632 0.710526 0.105263
v 0.078947 0.000000 -0.105263
v 0.078947 0.000000 -0.078947
v 0.078947 0.026316 -0.105263
v 0.078947 0.000000 -0.052632
v 0.078947 0.000000 -0.026316
v 0.078947 0.000000 0.000000
v 0.078947 0.000000 0.026316
v 0.078947 0.000000 0.052632
v 0.078947 0.000000 0.078947
v 0.078947 0.000000 0.105263
v 0.078947 0.026316 0.105263
v 0.078947 0.026316 -0.157895
v 0.078947 0.026316 -0.131579
v 0.078947 0.052632 -0.157895
v 0.078947 0.026316 -0.105263
v 0.052632 0.026316 -0.105263
v 0.052632 0.026316 0.105263
v 0.078947 0.026316 0.105263
v 0.078947 0.026316 0.131579
v 0.078947 0.026316 0.157895
v 0.078947 0.052632 0.157895
v 0.078947 0.052632 -0.184211
v 0.078947 0.078947 -0.184211
v 0.078947 0.078947 -0.157895
v 0.078947 0.052632 -0.157895
v 0.078947 0.052632 0.157895
v 0.078947 0.078947 0.157895
v 0.078947 0.078947 0.184211
v 0.078947 0.052632 0.184211
v 0.078947 0.078947 -0.210526
v 0.078947 0.105263 -0.210526
v 0.078947 0.105263 -0.184211
v 0.078947 0.078947 -0.184211
v 0.078947 0.078947 0.184211
v 0.078947 0.105263 0.184211
v 0.078947 0.105263 0.210526
v 0.078947 0.078947 0.210526
v 0.078947 0.131579 -0.210526
v 0.078947 0.131579 -0.184211
v 0.078947 0.131579 0.184211
v 0.078947 0.131579 0.210526
v 0.078947 0.157895 -0.210526
v 0.078947 0.157895 -0.184211
v 0.078947 0.157895 0.184211
v 0.078947 0.157895 0.210526
v 0.078947 0.184211 -0.210526
v 0.078947 0.184211 -0.184211
v 0.078947 0.184211 0.184211
v 0.078947 0.184211 0.210526
v 0.078947 0.210526 -0.210526
v 0.078947 0.210526 0.210526
v 0.078947 0.236842 -0.210526
v 0.078947 0.236842 0.210526
v 0.052632 0.263158 -0.184211
v 0.078947 0.263158 -0.184211
v 0.078947 0.263158 -0.210526
v 0.052632 0.263158 0.184211
v 0.078947 0.263158 0.210526
v 0.078947 0.263158 0.184211
v 0.078947 0.289474 -0.184211
v 0.078947 0.263158 -0.184211
v 0.078947 0.263158 0.184211
v 0.078947 0.289474 0.184211
v 0.078947 0.315789 -0.184211
v 0.078947 0.315789 0.184211
v 0.078947 0.342105 -0.184211
v 0.078947 0.315789 -0.184211
v 0.078947 0.315789 0.184211
v 0.078947 0.342105 0.184211
v 0.078947 0.368421 -0.157895
v 0.078947 0.368421 -0.184211
v 0.078947 0.368421 0.184211
v 0.078947 0.368421 0.157895
v 0.078947 0.394737 -0.157895
v 0.078947 0.368421 -0.157895
v 0.078947 0.368421 0.157895
v 0.078947 0.394737 0.157895
v 0.078947 0.394737 -0.157895
v 0.078947 0.421053 -0.157895
v 0.078947 0.421053 -0.131579
v 0.078947 0.394737 -0.131579
v 0.052632 0.394737 -0.157895
v 0.052632 0.421053 -0.157895
v 0.078947 0.394737 0.131579
v 0.078947 0.421053 0.131579
v 0.078947 0.421053 0.157895
v 0.078947 0.394737 0.157895
v 0.052632 0.394737 0.157895
v 0.052632 0.421053 0.157895
v 0.078947 0.447368 -0.131579
v 0.078947 0.421053 -0.131579
v 0.078947 0.421053 0.131579
v 0.078947 0.447368 0.131579
v 0.078947 0.447368 -0.236842
v 0.078947 0.447368 -0.210526
v 0.078947 0.473684 -0.236842
v 0.078947 0.447368 -0.184211
v 0.078947 0.447368 -0.157895
v 0.078947 0.447368 -0.131579
v 0.078947 0.447368 0.131579
v 0.078947 0.447368 0.157895
v 0.078947 0.447368 0.184211
v 0.078947 0.447368 0.210526
v 0.078947 0.447368 0.236842
v 0.078947 0.473684 0.236842
v 0.078947 0.500000 -0.236842
v 0.078947 0.500000 0.236842
v 0.078947 0.526316 -0.210526
v 0.078947 0.526316 -0.236842
v 0.078947 0.500000 -0.236842
v 0.078947 0.526316 0.236842
v 0.078947 0.526316 0.210526
v 0.078947 0.500000 0.236842
v 0.078947 0.552632 -0.210526
v 0.078947 0.526316 -0.210526
v 0.078947 0.526316 0.210526
v 0.078947 0.552632 0.210526
v 0.078947 0.578947 -0.184211
v 0.078947 0.578947 -0.210526
v 0.078947 0.552632 -0.210526
v 0.078947 0.578947 -0.157895
v 0.078947 0.578947 -0.131579
v 0.078947 0.578947 -0.105263
v 0.078947 0.578947 -0.078947
v 0.078947 0.578947 0.105263
v 0.078947 0.578947 0.078947
v 0.078947 0.578947 0.131579
v 0.078947 0.578947 0.157895
v 0.078947 0.578947 0.184211
v 0.078947 0.578947 0.210526
v 0.078947 0.552632 0.210526
v 0.078947 0.578947 -0.078947
v 0.078947 0.605263 -0.078947
v 0.078947 0.605263 -0.052632
v 0.078947 0.578947 -0.052632
v 0.052632 0.578947 -0.078947
v 0.052632 0.605263 -0.078947
v 0.078947 0.578947 0.052632
v 0.078947 0.605263 0.052632
v 0.078947 0.605263 0.078947
v 0.078947 0.578947 0.078947
v 0.052632 0.578947 0.078947
v 0.052632 0.605263 0.078947
v 0.078947 0.631579 -0.052632
v 0.078947 0.631579 -0.078947
v 0.078947 0.605263 -0.078947
v 0.052632 0.631579 -0.026316
v 0.078947 0.631579 -0.026316
v 0.052632 0.631579 0.026316
v 0.078947 0.631579 0.052632
v 0.078947 0.631579 0.026316
v 0.078947 0.631579 0.078947
v 0.078947 0.605263 0.078947
v 0.078947 0.631579 -0.026316
v 0.078947 0.657895 -0.026316
v 0.078947 0.657895 0.000000
v 0.078947 0.631579 0.000000
v 0.078947 0.657895 0.026316
v 0.078947 0.631579 0.026316
v 0.078947 0.684211 -0.026316
v 0.078947 0.684211 0.000000
v 0.078947 0.684211 0.026316
v 0.078947 0.710526 -0.105263
v 0.078947 0.710526 -0.131579
v 0.078947 0.684211 -0.131579
v 0.078947 0.684211 -0.105263
v 0.078947 0.684211 -0.078947
v 0.078947 0.684211 -0.052632
v 0.078947 0.684211 -0.026316
v 0.052632 0.684211 -0.026316
v 0.052632 0.684211 0.026316
v 0.078947 0.684211 0.026316
v 0.078947 0.684211 0.052632
v 0.078947 0.684211 0.078947
v 0.078947 0.684211 0.105263
v 0.078947 0.710526 0.131579
v 0.078947 0.710526 0.105263
v 0.078947 0.684211 0.131579
v 0.078947 0.736842 -0.078947
v 0.078947 0.736842 -0.105263
v 0.078947 0.710526 -0.105263
v 0.078947 0.736842 -0.052632
v 0.078947 0.736842 -0.026316
v 0.078947 0.736842 0.000000
v 0.078947 0.736842 0.026316
v 0.078947 0.736842 0.052632
v 0.078947 0.736842 0.078947
v 0.078947 0.736842 0.105263
v 0.078947 0.710526 0.105263
v 0.105263 0.000000 -0.105263
v 0.105263 0.026316 -0.105263
v 0.105263 0.026316 -0.078947
v 0.105263 0.000000 -0.078947
v 0.105263 0.026316 -0.052632
v 0.105263 0.000000 -0.052632
v 0.105263 0.000000 -0.026316
v 0.105263 0.000000 0.000000
v 0.105263 0.000000 0.026316
v 0.105263 0.000000 0.052632
v 0.105263 0.026316 0.052632
v 0.105263 0.026316 0.078947
v 0.105263 0.000000 0.078947
v 0.105263 0.026316 0.105263
v 0.105263 0.000000 0.105263
v 0.105263 0.026316 -0.157895
v 0.105263 0.052632 -0.157895
v 0.105263 0.052632 -0.131579
v 0.105263 0.026316 -0.131579
v 0.105263 0.026316 -0.105263
v 0.105263 0.026316 0.105263
v 0.105263 0.026316 0.131579
v 0.105263 0.052632 0.131579
v 0.105263 0.052632 0.157895
v 0.105263 0.026316 0.157895
v 0.105263 0.052632 -0.157895
v 0.105263 0.078947 -0.157895
v 0.105263 0.078947 -0.131579
v 0.105263 0.052632 -0.131579
v 0.105263 0.052632 0.131579
v 0.105263 0.078947 0.131579
v 0.105263 0.078947 0.157895
v 0.105263 0.052632 0.157895
v 0.105263 0.078947 -0.184211
v 0.105263 0.078947 -0.157895
v 0.078947 0.078947 -0.157895
v 0.105263 0.105263 -0.184211
v 0.078947 0.078947 0.157895
v 0.105263 0.078947 0.157895
v 0.105263 0.078947 0.184211
v 0.105263 0.105263 0.184211
v 0.105263 0.131579 -0.184211
v 0.105263 0.131579 0.184211
v 0.105263 0.157895 -0.184211
v 0.105263 0.157895 0.184211
v 0.105263 0.184211 -0.184211
v 0.105263 0.184211 0.184211
v 0.105263 0.184211 -0.210526
v 0.105263 0.210526 -0.210526
v 0.105263 0.210526 -0.184211
v 0.105263 0.210526 0.184211
v 0.105263 0.210526 0.210526
v 0.105263 0.184211 0.210526
v 0.105263 0.236842 -0.210526
v 0.105263 0.236842 -0.184211
v 0.105263 0.236842 0.184211
v 0.105263 0.236842 0.210526
v 0.105263 0.263158 -0.210526
v 0.105263 0.263158 -0.184211
v 0.105263 0.263158 0.184211
v 0.105263 0.263158 0.210526
v 0.105263 0.289474 -0.184211
v 0.105263 0.263158 -0.184211
v 0.105263 0.263158 0.184211
v 0.105263 0.289474 0.184211
v 0.105263 0.315789 -0.184211
v 0.105263 0.315789 0.184211
v 0.105263 0.342105 -0.184211
v 0.105263 0.315789 -0.184211
v 0.105263 0.315789 0.184211
v 0.105263 0.342105 0.184211
v 0.105263 0.368421 -0.157895
v 0.105263 0.368421 -0.184211
v 0.105263 0.368421 0.184211
v 0.105263 0.368421 0.157895
v 0.105263 0.368421 -0.157895
v 0.105263 0.394737 -0.157895
v 0.105263 0.394737 -0.131579
v 0.105263 0.368421 -0.131579
v 0.078947 0.394737 -0.131579
v 0.105263 0.368421 0.131579
v 0.105263 0.394737 0.131579
v 0.105263 0.394737 0.157895
v 0.105263 0.368421 0.157895
v 0.078947 0.394737 0.131579
v 0.105263 0.421053 -0.131579
v 0.105263 0.394737 -0.131579
v 0.105263 0.394737 0.131579
v 0.105263 0.421053 0.131579
v 0.105263 0.447368 -0.131579
v 0.105263 0.421053 -0.131579
v 0.105263 0.421053 0.131579
v 0.105263 0.447368 0.131579
v 0.105263 0.447368 -0.236842
v 0.105263 0.447368 -0.210526
v 0.105263 0.473684 -0.236842
v 0.105263 0.447368 -0.184211
v 0.105263 0.447368 -0.157895
v 0.105263 0.447368 -0.131579
v 0.105263 0.447368 0.131579
v 0.105263 0.447368 0.157895
v 0.105263 0.447368 0.184211
v 0.105263 0.447368 0.210526
v 0.105263 0.447368 0.236842
v 0.105263 0.473684 0.236842
v 0.105263 0.500000 -0.236842
v 0.105263 0.500000 0.236842
v 0.105263 0.500000 -0.236842
v 0.105263 0.526316 -0.236842
v 0.105263 0.526316 -0.210526
v 0.105263 0.500000 -0.210526
v 0.105263 0.500000 0.210526
v 0.105263 0.526316 0.210526
v 0.105263 0.526316 0.236842
v 0.105263 0.500000 0.236842
v 0.105263 0.552632 -0.210526
v 0.105263 0.526316 -0.210526
v 0.105263 0.526316 0.210526
v 0.105263 0.552632 0.210526
v 0.105263 0.552632 -0.210526
v 0.105263 0.578947 -0.210526
v 0.105263 0.578947 -0.184211
v 0.105263 0.552632 -0.184211
v 0.105263 0.578947 -0.157895
v 0.105263 0.578947 -0.131579
v 0.105263 0.578947 -0.105263
v 0.105263 0.578947 -0.078947
v 0.078947 0.578947 -0.052632
v 0.105263 0.578947 -0.052632
v 0.078947 0.578947 0.052632
v 0.105263 0.578947 0.078947
v 0.105263 0.578947 0.052632
v 0.105263 0.578947 0.105263
v 0.105263 0.578947 0.131579
v 0.105263 0.578947 0.157895
v 0.105263 0.578947 0.184211
v 0.105263 0.552632 0.184211
v 0.105263 0.578947 0.210526
v 0.105263 0.552632 0.210526
v 0.105263 0.605263 -0.052632
v 0.105263 0.578947 -0.052632
v 0.105263 0.578947 0.052632
v 0.105263 0.605263 0.052632
v 0.105263 0.605263 -0.078947
v 0.105263 0.631579 -0.078947
v 0.105263 0.631579 -0.052632
v 0.105263 0.605263 -0.052632
v 0.078947 0.605263 -0.052632
v 0.105263 0.631579 -0.026316
v 0.078947 0.631579 0.000000
v 0.105263 0.631579 0.000000
v 0.105263 0.631579 0.026316
v 0.105263 0.631579 0.052632
v 0.105263 0.605263 0.052632
v 0.105263 0.631579 0.078947
v 0.105263 0.605263 0.078947
v 0.078947 0.605263 0.052632
v 0.105263 0.684211 -0.131579
v 0.105263 0.710526 -0.131579
v 0.105263 0.710526 -0.105263
v 0.105263 0.684211 -0.105263
v 0.105263 0.684211 -0.078947
v 0.105263 0.684211 -0.052632
v 0.105263 0.684211 -0.026316
v 0.105263 0.684211 0.000000
v 0.078947 0.684211 0.000000
v 0.105263 0.684211 0.026316
v 0.105263 0.684211 0.052632
v 0.105263 0.684211 0.078947
v 0.105263 0.684211 0.105263
v 0.105263 0.710526 0.105263
v 0.105263 0.710526 0.131579
v 0.105263 0.684211 0.131579
v 0.105263 0.710526 -0.105263
v 0.105263 0.736842 -0.105263
v 0.105263 0.736842 -0.078947
v 0.105263 0.710526 -0.078947
v 0.105263 0.736842 -0.052632
v 0.105263 0.736842 -0.026316
v 0.105263 0.736842 0.000000
v 0.105263 0.736842 0.026316
v 0.105263 0.736842 0.052632
v 0.105263 0.736842 0.078947
v 0.105263 0.710526 0.078947
v 0.105263 0.736842 0.105263
v 0.105263 0.710526 0.105263
v 0.131579 0.000000 -0.052632
v 0.131579 0.026316 -0.052632
v 0.131579 0.026316 -0.026316
v 0.131579 0.000000 -0.026316
v 0.131579 0.026316 0.000000
v 0.131579 0.000000 0.000000
v 0.131579 0.026316 0.026316
v 0.131579 0.000000 0.026316
v 0.131579 0.026316 0.052632
v 0.131579 0.000000 0.052632
v 0.131579 0.026316 -0.131579
v 0.131579 0.052632 -0.131579
v 0.131579 0.052632 -0.105263
v 0.131579 0.026316 -0.105263
v 0.131579 0.026316 -0.078947
v 0.105263 0.026316 -0.078947
v 0.131579 0.026316 -0.052632
v 0.105263 0.026316 -0.052632
v 0.105263 0.026316 0.052632
v 0.131579 0.026316 0.052632
v 0.131579 0.026316 0.078947
v 0.105263 0.026316 0.078947
v 0.131579 0.026316 0.105263
v 0.131579 0.052632 0.105263
v 0.131579 0.052632 0.131579
v 0.131579 0.026316 0.131579
v 0.131579 0.052632 -0.131579
v 0.131579 0.078947 -0.131579
v 0.131579 0.078947 -0.105263
v 0.131579 0.052632 -0.105263
v 0.131579 0.052632 0.105263
v 0.131579 0.078947 0.105263
v 0.131579 0.078947 0.131579
v 0.131579 0.052632 0.131579
v 0.131579 0.078947 -0.184211
v 0.131579 0.105263 -0.184211
v 0.131579 0.105263 -0.157895
v 0.131579 0.078947 -0.157895
v 0.131579 0.078947 -0.131579
v 0.105263 0.078947 -0.131579
v 0.105263 0.078947 0.131579
v 0.131579 0.078947 0.131579
v 0.131579 0.078947 0.157895
v 0.131579 0.105263 0.157895
v 0.131579 0.105263 0.184211
v 0.131579 0.078947 0.184211
v 0.131579 0.131579 -0.184211
v 0.131579 0.131579 -0.157895
v 0.131579 0.131579 0.157895
v 0.131579 0.131579 0.184211
v 0.131579 0.157895 -0.184211
v 0.131579 0.157895 -0.157895
v 0.131579 0.157895 0.157895
v 0.131579 0.157895 0.184211
v 0.131579 0.184211 -0.184211
v 0.131579 0.184211 -0.157895
v 0.131579 0.184211 0.157895
v 0.131579 0.184211 0.184211
v 0.131579 0.210526 -0.184211
v 0.131579 0.210526 0.184211
v 0.131579 0.236842 -0.184211
v 0.131579 0.236842 0.184211
v 0.131579 0.263158 -0.184211
v 0.131579 0.263158 0.184211
v 0.131579 0.263158 -0.184211
v 0.131579 0.289474 -0.184211
v 0.131579 0.289474 -0.157895
v 0.131579 0.263158 -0.157895
v 0.131579 0.263158 0.157895
v 0.131579 0.289474 0.157895
v 0.131579 0.289474 0.184211
v 0.131579 0.263158 0.184211
v 0.131579 0.315789 -0.184211
v 0.131579 0.315789 -0.157895
v 0.131579 0.315789 0.157895
v 0.131579 0.315789 0.184211
v 0.131579 0.315789 -0.184211
v 0.131579 0.342105 -0.184211
v 0.131579 0.342105 -0.157895
v 0.131579 0.315789 -0.157895
v 0.131579 0.315789 0.157895
v 0.131579 0.342105 0.157895
v 0.131579 0.342105 0.184211
v 0.131579 0.315789 0.184211
v 0.131579 0.368421 -0.184211
v 0.131579 0.368421 -0.157895
v 0.105263 0.368421 -0.131579
v 0.131579 0.368421 -0.131579
v 0.105263 0.368421 0.131579
v 0.131579 0.368421 0.157895
v 0.131579 0.368421 0.131579
v 0.131579 0.368421 0.184211
v 0.131579 0.394737 -0.131579
v 0.131579 0.368421 -0.131579
v 0.131579 0.368421 0.131579
v 0.131579 0.394737 0.131579
v 0.131579 0.421053 -0.131579
v 0.131579 0.394737 -0.131579
v 0.131579 0.394737 0.131579
v 0.131579 0.421053 0.131579
v 0.131579 0.421053 -0.131579
v 0.131579 0.447368 -0.131579
v 0.131579 0.447368 -0.105263
v 0.131579 0.421053 -0.105263
v 0.131579 0.421053 0.105263
v 0.131579 0.447368 0.105263
v 0.131579 0.447368 0.131579
v 0.131579 0.421053 0.131579
v 0.131579 0.447368 -0.236842
v 0.131579 0.447368 -0.210526
v 0.131579 0.473684 -0.236842
v 0.131579 0.447368 -0.184211
v 0.131579 0.447368 -0.157895
v 0.131579 0.447368 -0.131579
v 0.131579 0.447368 0.131579
v 0.131579 0.447368 0.157895
v 0.131579 0.447368 0.184211
v 0.131579 0.447368 0.210526
v 0.131579 0.447368 0.236842
v 0.131579 0.473684 0.236842
v 0.105263 0.500000 -0.210526
v 0.131579 0.500000 -0.210526
v 0.131579 0.500000 -0.236842
v 0.105263 0.500000 0.210526
v 0.131579 0.500000 0.236842
v 0.131579 0.500000 0.210526
v 0.131579 0.526316 -0.210526
v 0.131579 0.500000 -0.210526
v 0.131579 0.500000 0.210526
v 0.131579 0.526316 0.210526
v 0.131579 0.526316 -0.210526
v 0.131579 0.552632 -0.210526
v 0.131579 0.552632 -0.184211
v 0.131579 0.526316 -0.184211
v 0.105263 0.552632 -0.184211
v 0.131579 0.526316 0.184211
v 0.131579 0.552632 0.184211
v 0.131579 0.552632 0.210526
v 0.131579 0.526316 0.210526
v 0.105263 0.552632 0.184211
v 0.131579 0.578947 -0.157895
v 0.131579 0.578947 -0.184211
v 0.131579 0.552632 -0.184211
v 0.131579 0.578947 -0.131579
v 0.131579 0.578947 -0.105263
v 0.131579 0.578947 -0.078947
v 0.131579 0.578947 -0.052632
v 0.131579 0.578947 0.078947
v 0.131579 0.578947 0.052632
v 0.131579 0.578947 0.105263
v 0.131579 0.578947 0.131579
v 0.131579 0.578947 0.157895
v 0.131579 0.578947 0.184211
v 0.131579 0.552632 0.184211
v 0.131579 0.578947 -0.052632
v 0.131579 0.605263 -0.052632
v 0.131579 0.605263 -0.026316
v 0.131579 0.578947 -0.026316
v 0.131579 0.605263 0.000000
v 0.131579 0.578947 0.000000
v 0.131579 0.605263 0.026316
v 0.131579 0.578947 0.026316
v 0.131579 0.605263 0.052632
v 0.131579 0.578947 0.052632
v 0.131579 0.605263 -0.052632
v 0.131579 0.631579 -0.052632
v 0.131579 0.631579 -0.026316
v 0.131579 0.605263 -0.026316
v 0.131579 0.631579 0.000000
v 0.131579 0.605263 0.000000
v 0.131579 0.631579 0.026316
v 0.131579 0.605263 0.026316
v 0.131579 0.631579 0.052632
v 0.131579 0.605263 0.052632
v 0.105263 0.710526 -0.078947
v 0.131579 0.710526 -0.078947
v 0.131579 0.710526 -0.105263
v 0.131579 0.684211 -0.105263
v 0.131579 0.684211 -0.078947
v 0.131579 0.684211 -0.052632
v 0.131579 0.684211 -0.026316
v 0.131579 0.684211 0.000000
v 0.131579 0.684211 0.026316
v 0.131579 0.684211 0.052632
v 0.131579 0.684211 0.078947
v 0.105263 0.710526 0.078947
v 0.131579 0.710526 0.105263
v 0.131579 0.710526 0.078947
v 0.131579 0.684211 0.105263
v 0.131579 0.710526 -0.078947
v 0.131579 0.736842 -0.078947
v 0.131579 0.736842 -0.052632
v 0.131579 0.710526 -0.052632
v 0.131579 0.736842 -0.026316
v 0.131579 0.736842 0.000000
v 0.131579 0.736842 0.026316
v 0.131579 0.736842 0.052632
v 0.131579 0.710526 0.052632
v 0.131579 0.736842 0.078947
v 0.131579 0.710526 0.078947
v 0.157895 0.026316 -0.105263
v 0.157895 0.052632 -0.105263
v 0.157895 0.052632 -0.078947
v 0.157895 0.026316 -0.078947
v 0.157895 0.026316 -0.052632
v 0.157895 0.026316 -0.026316
v 0.131579 0.026316 -0.026316
v 0.157895 0.026316 0.000000
v 0.131579 0.026316 0.000000
v 0.157895 0.026316 0.026316
v 0.131579 0.026316 0.026316
v 0.157895 0.026316 0.052632
v 0.157895 0.026316 0.078947
v 0.157895 0.052632 0.078947
v 0.157895 0.052632 0.105263
v 0.157895 0.026316 0.105263
v 0.157895 0.052632 -0.105263
v 0.157895 0.078947 -0.105263
v 0.157895 0.078947 -0.078947
v 0.157895 0.052632 -0.078947
v 0.157895 0.052632 0.078947
v 0.157895 0.078947 0.078947
v 0.157895 0.078947 0.105263
v 0.157895 0.052632 0.105263
v 0.157895 0.078947 -0.157895
v 0.157895 0.105263 -0.157895
v 0.157895 0.105263 -0.131579
v 0.157895 0.078947 -0.131579
v 0.157895 0.078947 -0.105263
v 0.131579 0.078947 -0.105263
v 0.131579 0.078947 0.105263
v 0.157895 0.078947 0.105263
v 0.157895 0.078947 0.131579
v 0.157895 0.105263 0.131579
v 0.157895 0.105263 0.157895
v 0.157895 0.078947 0.157895
v 0.157895 0.131579 -0.157895
v 0.157895 0.131579 -0.131579
v 0.157895 0.131579 0.131579
v 0.157895 0.131579 0.157895
v 0.157895 0.157895 -0.157895
v 0.157895 0.157895 -0.131579
v 0.157895 0.157895 0.131579
v 0.157895 0.157895 0.157895
v 0.157895 0.184211 -0.157895
v 0.157895 0.184211 -0.131579
v 0.157895 0.184211 0.131579
v 0.157895 0.184211 0.157895
v 0.157895 0.184211 -0.184211
v 0.157895 0.210526 -0.184211
v 0.157895 0.210526 -0.157895
v 0.157895 0.210526 0.157895
v 0.157895 0.210526 0.184211
v 0.157895 0.184211 0.184211
v 0.157895 0.236842 -0.184211
v 0.157895 0.236842 -0.157895
v 0.157895 0.236842 0.157895
v 0.157895 0.236842 0.184211
v 0.157895 0.263158 -0.184211
v 0.157895 0.263158 -0.157895
v 0.131579 0.263158 -0.157895
v 0.157895 0.263158 0.157895
v 0.157895 0.263158 0.184211
v 0.131579 0.263158 0.157895
v 0.157895 0.289474 -0.157895
v 0.157895 0.263158 -0.157895
v 0.157895 0.263158 0.157895
v 0.157895 0.289474 0.157895
v 0.157895 0.315789 -0.157895
v 0.157895 0.315789 0.157895
v 0.157895 0.315789 -0.157895
v 0.157895 0.342105 -0.157895
v 0.157895 0.342105 -0.131579
v 0.157895 0.315789 -0.131579
v 0.157895 0.315789 0.131579
v 0.157895 0.342105 0.131579
v 0.157895 0.342105 0.157895
v 0.157895 0.315789 0.157895
v 0.157895 0.368421 -0.157895
v 0.157895 0.368421 -0.131579
v 0.157895 0.368421 0.131579
v 0.157895 0.368421 0.157895
v 0.157895 0.368421 -0.131579
v 0.157895 0.394737 -0.131579
v 0.157895 0.394737 -0.105263
v 0.157895 0.368421 -0.105263
v 0.157895 0.368421 0.105263
v 0.157895 0.394737 0.105263
v 0.157895 0.394737 0.131579
v 0.157895 0.368421 0.131579
v 0.157895 0.394737 -0.131579
v 0.157895 0.421053 -0.131579
v 0.157895 0.421053 -0.105263
v 0.157895 0.394737 -0.105263
v 0.131579 0.421053 -0.105263
v 0.157895 0.394737 0.105263
v 0.157895 0.421053 0.105263
v 0.157895 0.421053 0.131579
v 0.157895 0.394737 0.131579
v 0.131579 0.421053 0.105263
v 0.157895 0.447368 -0.105263
v 0.157895 0.421053 -0.105263
v 0.157895 0.421053 0.105263
v 0.157895 0.447368 0.105263
v 0.157895 0.447368 -0.236842
v 0.157895 0.473684 -0.236842
v 0.157895 0.473684 -0.210526
v 0.157895 0.447368 -0.210526
v 0.157895 0.447368 -0.184211
v 0.157895 0.447368 -0.157895
v 0.157895 0.447368 -0.131579
v 0.157895 0.447368 -0.105263
v 0.131579 0.447368 -0.105263
v 0.131579 0.447368 0.105263
v 0.157895 0.447368 0.105263
v 0.157895 0.447368 0.131579
v 0.157895 0.447368 0.157895
v 0.157895 0.447368 0.184211
v 0.157895 0.447368 0.210526
v 0.157895 0.473684 0.210526
v 0.157895 0.473684 0.236842
v 0.157895 0.447368 0.236842
v 0.157895 0.500000 -0.236842
v 0.157895 0.500000 -0.210526
v 0.157895 0.500000 0.210526
v 0.157895 0.500000 0.236842
v 0.157895 0.500000 -0.210526
v 0.157895 0.526316 -0.210526
v 0.157895 0.526316 -0.184211
v 0.157895 0.500000 -0.184211
v 0.131579 0.526316 -0.184211
v 0.157895 0.500000 0.184211
v 0.157895 0.526316 0.184211
v 0.157895 0.526316 0.210526
v 0.157895 0.500000 0.210526
v 0.131579 0.526316 0.184211
v 0.157895 0.552632 -0.184211
v 0.157895 0.526316 -0.184211
v 0.157895 0.526316 0.184211
v 0.157895 0.552632 0.184211
v 0.157895 0.552632 -0.184211
v 0.157895 0.578947 -0.184211
v 0.157895 0.578947 -0.157895
v 0.157895 0.552632 -0.157895
v 0.157895 0.578947 -0.131579
v 0.157895 0.578947 -0.105263
v 0.157895 0.578947 -0.078947
v 0.157895 0.578947 -0.052632
v 0.131579 0.578947 -0.026316
v 0.157895 0.578947 -0.026316
v 0.131579 0.578947 0.000000
v 0.157895 0.578947 0.000000
v 0.131579 0.578947 0.026316
v 0.157895 0.578947 0.026316
v 0.157895 0.578947 0.052632
v 0.157895 0.578947 0.078947
v 0.157895 0.578947 0.105263
v 0.157895 0.578947 0.131579
v 0.157895 0.578947 0.157895
v 0.157895 0.552632 0.157895
v 0.157895 0.578947 0.184211
v 0.157895 0.552632 0.184211
v 0.157895 0.684211 -0.105263
v 0.157895 0.710526 -0.105263
v 0.157895 0.710526 -0.078947
v 0.157895 0.684211 -0.078947
v 0.157895 0.710526 -0.052632
v 0.157895 0.684211 -0.052632
v 0.131579 0.710526 -0.052632
v 0.157895 0.684211 -0.026316
v 0.157895 0.684211 0.000000
v 0.157895 0.684211 0.026316
v 0.157895 0.684211 0.052632
v 0.157895 0.710526 0.052632
v 0.157895 0.710526 0.078947
v 0.157895 0.684211 0.078947
v 0.131579 0.710526 0.052632
v 0.157895 0.710526 0.105263
v 0.157895 0.684211 0.105263
v 0.157895 0.710526 -0.052632
v 0.157895 0.736842 -0.052632
v 0.157895 0.736842 -0.026316
v 0.157895 0.710526 -0.026316
v 0.157895 0.736842 0.000000
v 0.157895 0.710526 0.000000
v 0.157895 0.736842 0.026316
v 0.157895 0.710526 0.026316
v 0.157895 0.736842 0.052632
v 0.157895 0.710526 0.052632
v 0.184211 0.026316 -0.078947
v 0.184211 0.052632 -0.078947
v 0.184211 0.052632 -0.052632
v 0.184211 0.026316 -0.052632
v 0.184211 0.052632 -0.026316
v 0.184211 0.026316 -0.026316
v 0.184211 0.052632 0.000000
v 0.184211 0.026316 0.000000
v 0.184211 0.052632 0.026316
v 0.184211 0.026316 0.026316
v 0.184211 0.052632 0.052632
v 0.184211 0.026316 0.052632
v 0.184211 0.052632 0.078947
v 0.184211 0.026316 0.078947
v 0.184211 0.052632 -0.078947
v 0.184211 0.078947 -0.078947
v 0.184211 0.078947 -0.052632
v 0.184211 0.052632 -0.052632
v 0.184211 0.078947 -0.026316
v 0.184211 0.052632 -0.026316
v 0.184211 0.078947 0.000000
v 0.184211 0.052632 0.000000
v 0.184211 0.078947 0.026316
v 0.184211 0.052632 0.026316
v 0.184211 0.078947 0.052632
v 0.184211 0.052632 0.052632
v 0.184211 0.078947 0.078947
v 0.184211 0.052632 0.078947
v 0.184211 0.078947 -0.131579
v 0.184211 0.105263 -0.131579
v 0.184211 0.105263 -0.105263
v 0.184211 0.078947 -0.105263
v 0.184211 0.105263 -0.078947
v 0.184211 0.078947 -0.078947
v 0.157895 0.078947 -0.078947
v 0.184211 0.078947 0.078947
v 0.184211 0.105263 0.078947
v 0.184211 0.105263 0.105263
v 0.184211 0.078947 0.105263
v 0.157895 0.078947 0.078947
v 0.184211 0.105263 0.131579
v 0.184211 0.078947 0.131579
v 0.184211 0.131579 -0.131579
v 0.184211 0.131579 -0.105263
v 0.184211 0.131579 -0.078947
v 0.184211 0.131579 0.078947
v 0.184211 0.131579 0.105263
v 0.184211 0.131579 0.131579
v 0.184211 0.157895 -0.131579
v 0.184211 0.157895 -0.105263
v 0.184211 0.157895 -0.078947
v 0.184211 0.157895 0.078947
v 0.184211 0.157895 0.105263
v 0.184211 0.157895 0.131579
v 0.184211 0.184211 -0.131579
v 0.184211 0.184211 -0.105263
v 0.184211 0.184211 -0.078947
v 0.184211 0.184211 0.078947
v 0.184211 0.184211 0.105263
v 0.184211 0.184211 0.131579
v 0.184211 0.184211 -0.157895
v 0.184211 0.210526 -0.157895
v 0.184211 0.210526 -0.131579
v 0.184211 0.210526 0.131579
v 0.184211 0.210526 0.157895
v 0.184211 0.184211 0.157895
v 0.184211 0.236842 -0.157895
v 0.184211 0.236842 -0.131579
v 0.184211 0.236842 0.131579
v 0.184211 0.236842 0.157895
v 0.184211 0.263158 -0.157895
v 0.184211 0.263158 -0.131579
v 0.184211 0.263158 0.131579
v 0.184211 0.263158 0.157895
v 0.184211 0.263158 -0.157895
v 0.184211 0.289474 -0.157895
v 0.184211 0.289474 -0.131579
v 0.184211 0.263158 -0.131579
v 0.184211 0.263158 0.131579
v 0.184211 0.289474 0.131579
v 0.184211 0.289474 0.157895
v 0.184211 0.263158 0.157895
v 0.184211 0.315789 -0.157895
v 0.184211 0.315789 -0.131579
v 0.157895 0.315789 -0.131579
v 0.184211 0.315789 0.131579
v 0.184211 0.315789 0.157895
v 0.157895 0.315789 0.131579
v 0.184211 0.315789 -0.131579
v 0.184211 0.342105 -0.131579
v 0.184211 0.342105 -0.105263
v 0.184211 0.315789 -0.105263
v 0.184211 0.315789 0.105263
v 0.184211 0.342105 0.105263
v 0.184211 0.342105 0.131579
v 0.184211 0.315789 0.131579
v 0.184211 0.368421 -0.131579
v 0.184211 0.368421 -0.105263
v 0.157895 0.368421 -0.105263
v 0.184211 0.368421 0.105263
v 0.184211 0.368421 0.131579
v 0.157895 0.368421 0.105263
v 0.184211 0.368421 -0.105263
v 0.184211 0.394737 -0.105263
v 0.184211 0.394737 -0.078947
v 0.184211 0.368421 -0.078947
v 0.184211 0.394737 -0.052632
v 0.184211 0.368421 -0.052632
v 0.184211 0.368421 0.052632
v 0.184211 0.394737 0.052632
v 0.184211 0.394737 0.078947
v 0.184211 0.368421 0.078947
v 0.184211 0.394737 0.105263
v 0.184211 0.368421 0.105263
v 0.184211 0.394737 -0.105263
v 0.184211 0.421053 -0.105263
v 0.184211 0.421053 -0.078947
v 0.184211 0.394737 -0.078947
v 0.184211 0.421053 -0.052632
v 0.184211 0.394737 -0.052632
v 0.184211 0.394737 0.052632
v 0.184211 0.421053 0.052632
v 0.184211 0.421053 0.078947
v 0.184211 0.394737 0.078947
v 0.184211 0.421053 0.105263
v 0.184211 0.394737 0.105263
v 0.184211 0.421053 -0.105263
v 0.184211 0.447368 -0.105263
v 0.184211 0.447368 -0.078947
v 0.184211 0.421053 -0.078947
v 0.184211 0.447368 -0.052632
v 0.184211 0.421053 -0.052632
v 0.184211 0.421053 0.052632
v 0.184211 0.447368 0.052632
v 0.184211 0.447368 0.078947
v 0.184211 0.421053 0.078947
v 0.184211 0.447368 0.105263
v 0.184211 0.421053 0.105263
v 0.184211 0.447368 -0.210526
v 0.184211 0.473684 -0.210526
v 0.184211 0.473684 -0.184211
v 0.184211 0.447368 -0.184211
v 0.184211 0.447368 -0.157895
v 0.184211 0.447368 -0.131579
v 0.184211 0.447368 -0.105263
v 0.184211 0.447368 0.105263
v 0.184211 0.447368 0.131579
v 0.184211 0.447368 0.157895
v 0.184211 0.447368 0.184211
v 0.184211 0.473684 0.184211
v 0.184211 0.473684 0.210526
v 0.184211 0.447368 0.210526
v 0.184211 0.500000 -0.210526
v 0.184211 0.500000 -0.184211
v 0.157895 0.500000 -0.184211
v 0.184211 0.500000 0.184211
v 0.184211 0.500000 0.210526
v 0.157895 0.500000 0.184211
v 0.184211 0.500000 -0.184211
v 0.184211 0.526316 -0.184211
v 0.184211 0.526316 -0.157895
v 0.184211 0.500000 -0.157895
v 0.184211 0.500000 0.157895
v 0.184211 0.526316 0.157895
v 0.184211 0.526316 0.184211
v 0.184211 0.500000 0.184211
v 0.184211 0.526316 -0.184211
v 0.184211 0.552632 -0.184211
v 0.184211 0.552632 -0.157895
v 0.184211 0.526316 -0.157895
v 0.157895 0.552632 -0.157895
v 0.184211 0.526316 0.157895
v 0.184211 0.552632 0.157895
v 0.184211 0.552632 0.184211
v 0.184211 0.526316 0.184211
v 0.157895 0.552632 0.157895
v 0.184211 0.552632 -0.157895
v 0.184211 0.578947 -0.157895
v 0.184211 0.578947 -0.131579
v 0.184211 0.552632 -0.131579
v 0.184211 0.578947 -0.105263
v 0.184211 0.578947 -0.078947
v 0.184211 0.578947 -0.052632
v 0.184211 0.578947 -0.026316
v 0.184211 0.578947 0.000000
v 0.184211 0.578947 0.026316
v 0.184211 0.578947 0.052632
v 0.184211 0.578947 0.078947
v 0.184211 0.578947 0.105263
v 0.184211 0.578947 0.131579
v 0.184211 0.552632 0.131579
v 0.184211 0.578947 0.157895
v 0.184211 0.552632 0.157895
v 0.184211 0.684211 -0.052632
v 0.184211 0.710526 -0.052632
v 0.184211 0.710526 -0.026316
v 0.184211 0.684211 -0.026316
v 0.157895 0.710526 -0.026316
v 0.184211 0.710526 0.000000
v 0.184211 0.684211 0.000000
v 0.157895 0.710526 0.000000
v 0.184211 0.710526 0.026316
v 0.184211 0.684211 0.026316
v 0.157895 0.710526 0.026316
v 0.184211 0.710526 0.052632
v 0.184211 0.684211 0.052632
v 0.210526 0.078947 -0.078947
v 0.210526 0.105263 -0.078947
v 0.210526 0.105263 -0.052632
v 0.210526 0.078947 -0.052632
v 0.184211 0.078947 -0.052632
v 0.210526 0.105263 -0.026316
v 0.210526 0.078947 -0.026316
v 0.184211 0.078947 -0.026316
v 0.210526 0.105263 0.000000
v 0.210526 0.078947 0.000000
v 0.184211 0.078947 0.000000
v 0.210526 0.105263 0.026316
v 0.210526 0.078947 0.026316
v 0.184211 0.078947 0.026316
v 0.210526 0.105263 0.052632
v 0.210526 0.078947 0.052632
v 0.184211 0.078947 0.052632
v 0.210526 0.105263 0.078947
v 0.210526 0.078947 0.078947
v 0.210526 0.131579 -0.078947
v 0.210526 0.131579 -0.052632
v 0.210526 0.131579 -0.026316
v 0.210526 0.131579 0.000000
v 0.210526 0.131579 0.026316
v 0.210526 0.131579 0.052632
v 0.210526 0.131579 0.078947
v 0.210526 0.157895 -0.078947
v 0.210526 0.157895 -0.052632
v 0.210526 0.157895 -0.026316
v 0.210526 0.157895 0.000000
v 0.210526 0.157895 0.026316
v 0.210526 0.157895 0.052632
v 0.210526 0.157895 0.078947
v 0.210526 0.184211 -0.078947
v 0.210526 0.184211 -0.052632
v 0.210526 0.184211 -0.026316
v 0.210526 0.184211 0.000000
v 0.210526 0.184211 0.026316
v 0.210526 0.184211 0.052632
v 0.210526 0.184211 0.078947
v 0.210526 0.184211 -0.131579
v 0.210526 0.210526 -0.131579
v 0.210526 0.210526 -0.105263
v 0.210526 0.184211 -0.105263
v 0.210526 0.210526 -0.078947
v 0.210526 0.210526 0.078947
v 0.210526 0.210526 0.105263
v 0.210526 0.184211 0.105263
v 0.210526 0.210526 0.131579
v 0.210526 0.184211 0.131579
v 0.210526 0.236842 -0.131579
v 0.210526 0.236842 -0.105263
v 0.210526 0.236842 -0.078947
v 0.210526 0.236842 0.078947
v 0.210526 0.236842 0.105263
v 0.210526 0.236842 0.131579
v 0.210526 0.263158 -0.131579
v 0.210526 0.263158 -0.105263
v 0.210526 0.263158 -0.078947
v 0.210526 0.263158 0.078947
v 0.210526 0.263158 0.105263
v 0.210526 0.263158 0.131579
v 0.210526 0.263158 -0.131579
v 0.210526 0.289474 -0.131579
v 0.210526 0.289474 -0.105263
v 0.210526 0.263158 -0.105263
v 0.210526 0.289474 -0.078947
v 0.210526 0.263158 -0.078947
v 0.210526 0.263158 0.078947
v 0.210526 0.289474 0.078947
v 0.210526 0.289474 0.105263
v 0.210526 0.263158 0.105263
v 0.210526 0.289474 0.131579
v 0.210526 0.263158 0.131579
v 0.210526 0.315789 -0.131579
v 0.210526 0.315789 -0.105263
v 0.184211 0.315789 -0.105263
v 0.210526 0.315789 -0.078947
v 0.210526 0.315789 0.078947
v 0.210526 0.315789 0.105263
v 0.210526 0.315789 0.131579
v 0.184211 0.315789 0.105263
v 0.210526 0.315789 -0.105263
v 0.210526 0.342105 -0.105263
v 0.210526 0.342105 -0.078947
v 0.210526 0.315789 -0.078947
v 0.210526 0.315789 0.078947
v 0.210526 0.342105 0.078947
v 0.210526 0.342105 0.105263
v 0.210526 0.315789 0.105263
v 0.210526 0.368421 -0.105263
v 0.210526 0.368421 -0.078947
v 0.184211 0.368421 -0.078947
v 0.184211 0.368421 -0.052632
v 0.210526 0.368421 -0.052632
v 0.184211 0.368421 0.052632
v 0.184211 0.368421 0.078947
v 0.210526 0.368421 0.078947
v 0.210526 0.368421 0.052632
v 0.210526 0.368421 0.105263
v 0.210526 0.368421 -0.052632
v 0.210526 0.394737 -0.052632
v 0.210526 0.394737 -0.026316
v 0.210526 0.368421 -0.026316
v 0.210526 0.394737 0.000000
v 0.210526 0.368421 0.000000
v 0.210526 0.394737 0.026316
v 0.210526 0.368421 0.026316
v 0.210526 0.394737 0.052632
v 0.210526 0.368421 0.052632
v 0.210526 0.394737 -0.052632
v 0.210526 0.421053 -0.052632
v 0.210526 0.421053 -0.026316
v 0.210526 0.394737 -0.026316
v 0.210526 0.421053 0.000000
v 0.210526 0.394737 0.000000
v 0.210526 0.421053 0.026316
v 0.210526 0.394737 0.026316
v 0.210526 0.421053 0.052632
v 0.210526 0.394737 0.052632
v 0.210526 0.421053 -0.052632
v 0.210526 0.447368 -0.052632
v 0.210526 0.447368 -0.026316
v 0.210526 0.421053 -0.026316
v 0.210526 0.447368 0.000000
v 0.210526 0.421053 0.000000
v 0.210526 0.447368 0.026316
v 0.210526 0.421053 0.026316
v 0.210526 0.447368 0.052632
v 0.210526 0.421053 0.052632
v 0.210526 0.447368 -0.184211
v 0.210526 0.473684 -0.184211
v 0.210526 0.473684 -0.157895
v 0.210526 0.447368 -0.157895
v 0.210526 0.447368 -0.131579
v 0.210526 0.447368 -0.105263
v 0.210526 0.447368 -0.078947
v 0.184211 0.447368 -0.078947
v 0.210526 0.447368 -0.052632
v 0.184211 0.447368 -0.052632
v 0.184211 0.447368 0.052632
v 0.210526 0.447368 0.052632
v 0.210526 0.447368 0.078947
v 0.184211 0.447368 0.078947
v 0.210526 0.447368 0.105263
v 0.210526 0.447368 0.131579
v 0.210526 0.447368 0.157895
v 0.210526 0.473684 0.157895
v 0.210526 0.473684 0.184211
v 0.210526 0.447368 0.184211
v 0.210526 0.500000 -0.184211
v 0.210526 0.500000 -0.157895
v 0.184211 0.500000 -0.157895
v 0.210526 0.500000 0.157895
v 0.210526 0.500000 0.184211
v 0.184211 0.500000 0.157895
v 0.210526 0.500000 -0.157895
v 0.210526 0.526316 -0.157895
v 0.210526 0.526316 -0.131579
v 0.210526 0.500000 -0.131579
v 0.210526 0.500000 0.131579
v 0.210526 0.526316 0.131579
v 0.210526 0.526316 0.157895
v 0.210526 0.500000 0.157895
v 0.210526 0.526316 -0.157895
v 0.210526 0.552632 -0.157895
v 0.210526 0.552632 -0.131579
v 0.210526 0.526316 -0.131579
v 0.184211 0.552632 -0.131579
v 0.210526 0.552632 -0.105263
v 0.210526 0.526316 -0.105263
v 0.210526 0.526316 0.105263
v 0.210526 0.552632 0.105263
v 0.210526 0.552632 0.131579
v 0.210526 0.526316 0.131579
v 0.210526 0.552632 0.157895
v 0.210526 0.526316 0.157895
v 0.184211 0.552632 0.131579
v 0.210526 0.552632 -0.131579
v 0.210526 0.578947 -0.131579
v 0.210526 0.578947 -0.105263
v 0.210526 0.552632 -0.105263
v 0.210526 0.578947 -0.078947
v 0.210526 0.578947 -0.052632
v 0.210526 0.578947 -0.026316
v 0.210526 0.578947 0.000000
v 0.210526 0.578947 0.026316
v 0.210526 0.578947 0.052632
v 0.210526 0.578947 0.078947
v 0.210526 0.578947 0.105263
v 0.210526 0.552632 0.105263
v 0.210526 0.578947 0.131579
v 0.210526 0.552632 0.131579
v 0.236842 0.184211 -0.078947
v 0.236842 0.210526 -0.078947
v 0.236842 0.210526 -0.052632
v 0.236842 0.184211 -0.052632
v 0.236842 0.210526 -0.026316
v 0.236842 0.184211 -0.026316
v 0.236842 0.210526 0.000000
v 0.236842 0.184211 0.000000
v 0.236842 0.210526 0.026316
v 0.236842 0.184211 0.026316
v 0.236842 0.210526 0.052632
v 0.236842 0.184211 0.052632
v 0.236842 0.210526 0.078947
v 0.236842 0.184211 0.078947
v 0.236842 0.236842 -0.078947
v 0.236842 0.236842 -0.052632
v 0.236842 0.236842 -0.026316
v 0.236842 0.236842 0.000000
v 0.236842 0.236842 0.026316
v 0.236842 0.236842 0.052632
v 0.236842 0.236842 0.078947
v 0.236842 0.263158 -0.078947
v 0.236842 0.263158 -0.052632
v 0.236842 0.263158 -0.026316
v 0.236842 0.263158 0.000000
v 0.236842 0.263158 0.026316
v 0.236842 0.263158 0.052632
v 0.236842 0.263158 0.078947
v 0.236842 0.263158 -0.078947
v 0.236842 0.289474 -0.078947
v 0.236842 0.289474 -0.052632
v 0.236842 0.263158 -0.052632
v 0.236842 0.289474 -0.026316
v 0.236842 0.263158 -0.026316
v 0.236842 0.289474 0.000000
v 0.236842 0.263158 0.000000
v 0.236842 0.289474 0.026316
v 0.236842 0.263158 0.026316
v 0.236842 0.289474 0.052632
v 0.236842 0.263158 0.052632
v 0.236842 0.289474 0.078947
v 0.236842 0.263158 0.078947
v 0.236842 0.315789 -0.078947
v 0.236842 0.315789 -0.052632
v 0.236842 0.315789 -0.026316
v 0.236842 0.315789 0.000000
v 0.236842 0.315789 0.026316
v 0.236842 0.315789 0.052632
v 0.236842 0.315789 0.078947
v 0.236842 0.315789 -0.078947
v 0.236842 0.342105 -0.078947
v 0.236842 0.342105 -0.052632
v 0.236842 0.315789 -0.052632
v 0.236842 0.342105 -0.026316
v 0.236842 0.315789 -0.026316
v 0.236842 0.342105 0.000000
v 0.236842 0.315789 0.000000
v 0.236842 0.342105 0.026316
v 0.236842 0.315789 0.026316
v 0.236842 0.342105 0.052632
v 0.236842 0.315789 0.052632
v 0.236842 0.342105 0.078947
v 0.236842 0.315789 0.078947
v 0.236842 0.368421 -0.078947
v 0.236842 0.368421 -0.052632
v 0.236842 0.368421 -0.026316
v 0.210526 0.368421 -0.026316
v 0.236842 0.368421 0.000000
v 0.210526 0.368421 0.000000
v 0.236842 0.368421 0.026316
v 0.210526 0.368421 0.026316
v 0.236842 0.368421 0.052632
v 0.236842 0.368421 0.078947
v 0.236842 0.447368 -0.157895
v 0.236842 0.473684 -0.157895
v 0.236842 0.473684 -0.131579
v 0.236842 0.447368 -0.131579
v 0.236842 0.447368 -0.105263
v 0.236842 0.447368 -0.078947
v 0.236842 0.447368 -0.052632
v 0.236842 0.447368 -0.026316
v 0.210526 0.447368 -0.026316
v 0.236842 0.447368 0.000000
v 0.210526 0.447368 0.000000
v 0.236842 0.447368 0.026316
v 0.210526 0.447368 0.026316
v 0.236842 0.447368 0.052632
v 0.236842 0.447368 0.078947
v 0.236842 0.447368 0.105263
v 0.236842 0.447368 0.131579
v 0.236842 0.473684 0.131579
v 0.236842 0.473684 0.157895
v 0.236842 0.447368 0.157895
v 0.236842 0.500000 -0.157895
v 0.236842 0.500000 -0.131579
v 0.210526 0.500000 -0.131579
v 0.236842 0.500000 0.131579
v 0.236842 0.500000 0.157895
v 0.210526 0.500000 0.131579
v 0.236842 0.500000 -0.131579
v 0.236842 0.526316 -0.131579
v 0.236842 0.526316 -0.105263
v 0.236842 0.500000 -0.105263
v 0.210526 0.526316 -0.105263
v 0.236842 0.526316 -0.078947
v 0.236842 0.500000 -0.078947
v 0.236842 0.500000 0.078947
v 0.236842 0.526316 0.078947
v 0.236842 0.526316 0.105263
v 0.236842 0.500000 0.105263
v 0.236842 0.526316 0.131579
v 0.236842 0.500000 0.131579
v 0.210526 0.526316 0.105263
v 0.236842 0.526316 -0.105263
v 0.236842 0.552632 -0.105263
v 0.236842 0.552632 -0.078947
v 0.236842 0.526316 -0.078947
v 0.236842 0.552632 -0.052632
v 0.236842 0.526316 -0.052632
v 0.236842 0.526316 0.052632
v 0.236842 0.552632 0.052632
v 0.236842 0.552632 0.078947
v 0.236842 0.526316 0.078947
v 0.236842 0.552632 0.105263
v 0.236842 0.526316 0.105263
v 0.236842 0.552632 -0.105263
v 0.236842 0.578947 -0.105263
v 0.236842 0.578947 -0.078947
v 0.236842 0.552632 -0.078947
v 0.236842 0.578947 -0.052632
v 0.236842 0.552632 -0.052632
v 0.236842 0.578947 -0.026316
v 0.236842 0.552632 -0.026316
v 0.236842 0.578947 0.000000
v 0.236842 0.578947 0.026316
v 0.236842 0.552632 0.026316
v 0.236842 0.578947 0.052632
v 0.236842 0.552632 0.052632
v 0.236842 0.578947 0.078947
v 0.236842 0.552632 0.078947
v 0.236842 0.578947 0.105263
v 0.236842 0.552632 0.105263
v 0.263158 0.447368 -0.131579
v 0.263158 0.473684 -0.131579
v 0.263158 0.473684 -0.105263
v 0.263158 0.447368 -0.105263
v 0.263158 0.473684 -0.078947
v 0.263158 0.447368 -0.078947
v 0.263158 0.447368 -0.052632
v 0.263158 0.447368 -0.026316
v 0.263158 0.447368 0.000000
v 0.263158 0.447368 0.026316
v 0.263158 0.447368 0.052632
v 0.263158 0.447368 0.078947
v 0.263158 0.473684 0.078947
v 0.263158 0.473684 0.105263
v 0.263158 0.447368 0.105263
v 0.263158 0.473684 0.131579
v 0.263158 0.447368 0.131579
v 0.263158 0.500000 -0.131579
v 0.263158 0.500000 -0.105263
v 0.236842 0.500000 -0.105263
v 0.263158 0.500000 -0.078947
v 0.236842 0.500000 -0.078947
v 0.263158 0.500000 0.078947
v 0.263158 0.500000 0.105263
v 0.236842 0.500000 0.078947
v 0.236842 0.500000 0.105263
v 0.263158 0.500000 0.131579
v 0.263158 0.500000 -0.078947
v 0.263158 0.526316 -0.078947
v 0.263158 0.526316 -0.052632
v 0.263158 0.500000 -0.052632
v 0.236842 0.526316 -0.052632
v 0.263158 0.526316 -0.026316
v 0.263158 0.500000 -0.026316
v 0.263158 0.526316 0.000000
v 0.263158 0.500000 0.000000
v 0.263158 0.526316 0.026316
v 0.263158 0.500000 0.026316
v 0.263158 0.526316 0.052632
v 0.263158 0.500000 0.052632
v 0.263158 0.526316 0.078947
v 0.263158 0.500000 0.078947
v 0.236842 0.526316 0.052632
v 0.263158 0.526316 -0.052632
v 0.263158 0.552632 -0.052632
v 0.263158 0.552632 -0.026316
v 0.263158 0.526316 -0.026316
v 0.236842 0.552632 -0.026316
v 0.263158 0.552632 0.000000
v 0.263158 0.526316 0.000000
v 0.263158 0.552632 0.026316
v 0.263158 0.526316 0.026316
v 0.263158 0.552632 0.052632
v 0.263158 0.526316 0.052632
v 0.236842 0.552632 0.026316
v 0.263158 0.552632 -0.026316
v 0.263158 0.578947 -0.026316
v 0.263158 0.578947 0.000000
v 0.263158 0.552632 0.000000
v 0.263158 0.578947 0.026316
v 0.263158 0.552632 0.026316
v 0.289474 0.447368 -0.078947
v 0.289474 0.473684 -0.078947
v 0.289474 0.473684 -0.052632
v 0.289474 0.447368 -0.052632
v 0.289474 0.473684 -0.026316
v 0.289474 0.447368 -0.026316
v 0.289474 0.473684 0.000000
v 0.289474 0.447368 0.000000
v 0.289474 0.473684 0.026316
v 0.289474 0.447368 0.026316
v 0.289474 0.473684 0.052632
v 0.289474 0.447368 0.052632
v 0.289474 0.473684 0.078947
v 0.289474 0.447368 0.078947
v 0.289474 0.500000 -0.078947
v 0.289474 0.500000 -0.052632
v 0.263158 0.500000 -0.052632
v 0.289474 0.500000 -0.026316
v 0.263158 0.500000 -0.026316
v 0.289474 0.500000 0.000000
v 0.263158 0.500000 0.000000
v 0.289474 0.500000 0.026316
v 0.263158 0.500000 0.026316
v 0.289474 0.500000 0.052632
v 0.263158 0.500000 0.052632
v 0.289474 0.500000 0.078947
vt 0.210526 0.078947
vt 0.210526 0.078947
vt 0.210526 0.105263
vt 0.210526 0.105263
vt 0.210526 0.078947
vt 0.210526 0.078947
vt 0.210526 0.105263
vt 0.210526 0.078947
vt 0.210526 0.105263
vt 0.210526 0.078947
vt 0.210526 0.078947
vt 0.210526 0.105263
vt 0.210526 0.078947
vt 0.210526 0.078947
vt 0.210526 0.105263
vt 0.210526 0.078947
vt 0.210526 0.078947
vt 0.210526 0.105263
vt 0.210526 0.078947
vt 0.210526 0.078947
vt 0.210526 0.105263
vt 0.210526 0.078947
vt 0.210526 0.105263
vt 0.210526 0.131579
vt 0.210526 0.131579
vt 0.210526 0.131579
vt 0.210526 0.131579
vt 0.210526 0.131579
vt 0.210526 0.131579
vt 0.210526 0.131579
vt 0.210526 0.131579
vt 0.210526 0.131579
vt 0.210526 0.157895
vt 0.210526 0.157895
vt 0.210526 0.157895
vt 0.210526 0.157895
vt 0.210526 0.157895
vt 0.210526 0.157895
vt 0.210526 0.157895
vt 0.210526 0.157895
vt 0.210526 0.157895
vt 0.210526 0.184211
vt 0.210526 0.184211
vt 0.210526 0.184211
vt 0.210526 0.184211
vt 0.210526 0.184211
vt 0.210526 0.184211
vt 0.210526 0.184211
vt 0.210526 0.184211
vt 0.210526 0.184211
vt 0.210526 0.184211
vt 0.210526 0.184211
vt 0.210526 0.184211
vt 0.210526 0.184211
vt 0.210526 0.184211
vt 0.250000 0.447368
vt 0.250000 0.447368
vt 0.250000 0.473684
vt 0.250000 0.473684
vt 0.250000 0.447368
vt 0.250000 0.447368
vt 0.250000 0.473684
vt 0.250000 0.447368
vt 0.250000 0.473684
vt 0.250000 0.447368
vt 0.250000 0.447368
vt 0.250000 0.473684
vt 0.250000 0.447368
vt 0.250000 0.447368
vt 0.250000 0.473684
vt 0.250000 0.447368
vt 0.250000 0.447368
vt 0.250000 0.473684
vt 0.250000 0.447368
vt 0.250000 0.447368
vt 0.250000 0.473684
vt 0.250000 0.447368
vt 0.250000 0.473684
vt 0.250000 0.500000
vt 0.250000 0.500000
vt 0.250000 0.500000
vt 0.250000 0.500000
vt 0.250000 0.500000
vt 0.250000 0.500000
vt 0.250000 0.500000
vt 0.250000 0.500000
vt 0.250000 0.500000
vt 0.236842 0.500000
vt 0.236842 0.500000
vt 0.236842 0.526316
vt 0.236842 0.526316
vt 0.236842 0.526316
vt 0.236842 0.526316
vt 0.236842 0.500000
vt 0.236842 0.500000
vt 0.236842 0.526316
vt 0.236842 0.526316
vt 0.236842 0.500000
vt 0.236842 0.526316
vt 0.236842 0.526316
vt 0.236842 0.500000
vt 0.236842 0.526316
vt 0.236842 0.526316
vt 0.236842 0.500000
vt 0.236842 0.526316
vt 0.236842 0.526316
vt 0.236842 0.500000
vt 0.236842 0.526316
vt 0.236842 0.526316
vt 0.236842 0.500000
vt 0.184211 0.052632
vt 0.184211 0.052632
vt 0.184211 0.078947
vt 0.184211 0.078947
vt 0.184211 0.052632
vt 0.184211 0.052632
vt 0.184211 0.078947
vt 0.184211 0.052632
vt 0.184211 0.078947
vt 0.184211 0.052632
vt 0.184211 0.052632
vt 0.184211 0.078947
vt 0.184211 0.052632
vt 0.184211 0.052632
vt 0.184211 0.078947
vt 0.184211 0.052632
vt 0.184211 0.052632
vt 0.184211 0.078947
vt 0.184211 0.052632
vt 0.184211 0.052632
vt 0.184211 0.078947
vt 0.184211 0.052632
vt 0.184211 0.078947
vt 0.210526 0.078947
vt 0.210526 0.078947
vt 0.210526 0.105263
vt 0.210526 0.105263
vt 0.210526 0.078947
vt 0.210526 0.078947
vt 0.210526 0.105263
vt 0.210526 0.078947
vt 0.210526 0.078947
vt 0.210526 0.105263
vt 0.210526 0.078947
vt 0.210526 0.078947
vt 0.210526 0.078947
vt 0.210526 0.105263
vt 0.210526 0.078947
vt 0.210526 0.105263
vt 0.210526 0.131579
vt 0.210526 0.131579
vt 0.210526 0.131579
vt 0.210526 0.131579
vt 0.210526 0.131579
vt 0.210526 0.131579
vt 0.210526 0.157895
vt 0.210526 0.157895
vt 0.210526 0.157895
vt 0.210526 0.157895
vt 0.210526 0.157895
vt 0.210526 0.157895
vt 0.210526 0.184211
vt 0.210526 0.184211
vt 0.210526 0.184211
vt 0.210526 0.184211
vt 0.210526 0.184211
vt 0.210526 0.184211
vt 0.210526 0.184211
vt 0.210526 0.184211
vt 0.210526 0.184211
vt 0.210526 0.184211
vt 0.210526 0.210526
vt 0.210526 0.210526
vt 0.210526 0.210526
vt 0.210526 0.210526
vt 0.210526 0.210526
vt 0.210526 0.210526
vt 0.210526 0.210526
vt 0.210526 0.210526
vt 0.210526 0.210526
vt 0.210526 0.236842
vt 0.210526 0.236842
vt 0.210526 0.236842
vt 0.210526 0.236842
vt 0.210526 0.236842
vt 0.210526 0.236842
vt 0.210526 0.236842
vt 0.210526 0.236842
vt 0.210526 0.236842
vt 0.210526 0.263158
vt 0.210526 0.263158
vt 0.210526 0.263158
vt 0.210526 0.263158
vt 0.210526 0.263158
vt 0.210526 0.263158
vt 0.210526 0.263158
vt 0.210526 0.263158
vt 0.210526 0.263158
vt 0.210526 0.263158
vt 0.210526 0.263158
vt 0.210526 0.263158
vt 0.210526 0.263158
vt 0.210526 0.263158
vt 0.250000 0.447368
vt 0.250000 0.447368
vt 0.250000 0.473684
vt 0.250000 0.473684
vt 0.250000 0.447368
vt 0.250000 0.447368
vt 0.250000 0.473684
vt 0.250000 0.447368
vt 0.250000 0.447368
vt 0.250000 0.447368
vt 0.250000 0.447368
vt 0.250000 0.447368
vt 0.250000 0.447368
vt 0.250000 0.447368
vt 0.250000 0.447368
vt 0.250000 0.473684
vt 0.250000 0.447368
vt 0.250000 0.447368
vt 0.250000 0.473684
vt 0.250000 0.447368
vt 0.250000 0.473684
vt 0.250000 0.500000
vt 0.250000 0.500000
vt 0.250000 0.500000
vt 0.250000 0.500000
vt 0.250000 0.500000
vt 0.250000 0.500000
vt 0.236842 0.500000
vt 0.236842 0.500000
vt 0.236842 0.526316
vt 0.236842 0.526316
vt 0.236842 0.526316
vt 0.236842 0.526316
vt 0.236842 0.500000
vt 0.236842 0.526316
vt 0.236842 0.500000
vt 0.236842 0.526316
vt 0.236842 0.526316
vt 0.236842 0.526316
vt 0.236842 0.500000
vt 0.236842 0.526316
vt 0.236842 0.526316
vt 0.236842 0.500000
vt 0.220395 0.526316
vt 0.220395 0.526316
vt 0.220395 0.552632
vt 0.220395 0.552632
vt 0.220395 0.552632
vt 0.220395 0.552632
vt 0.220395 0.526316
vt 0.220395 0.526316
vt 0.220395 0.552632
vt 0.220395 0.552632
vt 0.220395 0.526316
vt 0.220395 0.552632
vt 0.220395 0.552632
vt 0.220395 0.526316
vt 0.220395 0.552632
vt 0.220395 0.552632
vt 0.220395 0.526316
vt 0.220395 0.552632
vt 0.220395 0.552632
vt 0.220395 0.526316
vt 0.220395 0.552632
vt 0.220395 0.552632
vt 0.220395 0.526316
vt 0.171053 0.026316
vt 0.171053 0.026316
vt 0.171053 0.052632
vt 0.171053 0.052632
vt 0.171053 0.026316
vt 0.171053 0.026316
vt 0.171053 0.052632
vt 0.171053 0.026316
vt 0.171053 0.052632
vt 0.171053 0.026316
vt 0.171053 0.026316
vt 0.171053 0.052632
vt 0.171053 0.026316
vt 0.171053 0.026316
vt 0.171053 0.052632
vt 0.171053 0.026316
vt 0.171053 0.026316
vt 0.171053 0.052632
vt 0.171053 0.026316
vt 0.171053 0.026316
vt 0.171053 0.052632
vt 0.171053 0.026316
vt 0.171053 0.052632
vt 0.184211 0.052632
vt 0.184211 0.078947
vt 0.184211 0.052632
vt 0.184211 0.052632
vt 0.184211 0.078947
vt 0.184211 0.052632
vt 0.184211 0.078947
vt 0.184211 0.052632
vt 0.184211 0.052632
vt 0.184211 0.078947
vt 0.210526 0.078947
vt 0.210526 0.105263
vt 0.210526 0.078947
vt 0.210526 0.078947
vt 0.210526 0.105263
vt 0.210526 0.078947
vt 0.210526 0.078947
vt 0.210526 0.078947
vt 0.210526 0.078947
vt 0.210526 0.105263
vt 0.210526 0.078947
vt 0.210526 0.105263
vt 0.210526 0.131579
vt 0.210526 0.131579
vt 0.210526 0.131579
vt 0.210526 0.131579
vt 0.210526 0.157895
vt 0.210526 0.157895
vt 0.210526 0.157895
vt 0.210526 0.157895
vt 0.210526 0.184211
vt 0.210526 0.184211
vt 0.210526 0.184211
vt 0.210526 0.184211
vt 0.210526 0.184211
vt 0.210526 0.184211
vt 0.210526 0.210526
vt 0.210526 0.210526
vt 0.210526 0.210526
vt 0.210526 0.210526
vt 0.210526 0.210526
vt 0.210526 0.210526
vt 0.210526 0.236842
vt 0.210526 0.236842
vt 0.210526 0.236842
vt 0.210526 0.236842
vt 0.210526 0.236842
vt 0.210526 0.236842
vt 0.210526 0.263158
vt 0.210526 0.263158
vt 0.210526 0.263158
vt 0.210526 0.263158
vt 0.210526 0.263158
vt 0.210526 0.263158
vt 0.210526 0.263158
vt 0.210526 0.263158
vt 0.210526 0.263158
vt 0.210526 0.263158
vt 0.197368 0.263158
vt 0.197368 0.263158
vt 0.197368 0.289474
vt 0.197368 0.289474
vt 0.197368 0.289474
vt 0.197368 0.263158
vt 0.197368 0.263158
vt 0.197368 0.289474
vt 0.197368 0.263158
vt 0.197368 0.289474
vt 0.197368 0.263158
vt 0.197368 0.289474
vt 0.197368 0.263158
vt 0.197368 0.289474
vt 0.197368 0.263158
vt 0.197368 0.289474
vt 0.197368 0.263158
vt 0.197368 0.289474
vt 0.197368 0.315789
vt 0.197368 0.315789
vt 0.197368 0.315789
vt 0.197368 0.315789
vt 0.197368 0.315789
vt 0.197368 0.315789
vt 0.197368 0.315789
vt 0.197368 0.315789
vt 0.197368 0.315789
vt 0.197368 0.315789
vt 0.197368 0.315789
vt 0.197368 0.315789
vt 0.197368 0.315789
vt 0.197368 0.315789
vt 0.250000 0.447368
vt 0.250000 0.473684
vt 0.250000 0.447368
vt 0.250000 0.447368
vt 0.250000 0.473684
vt 0.250000 0.447368
vt 0.250000 0.447368
vt 0.250000 0.447368
vt 0.250000 0.447368
vt 0.250000 0.447368
vt 0.250000 0.447368
vt 0.250000 0.447368
vt 0.250000 0.447368
vt 0.250000 0.447368
vt 0.250000 0.447368
vt 0.250000 0.447368
vt 0.250000 0.473684
vt 0.250000 0.447368
vt 0.250000 0.473684
vt 0.250000 0.500000
vt 0.250000 0.500000
vt 0.250000 0.500000
vt 0.250000 0.500000
vt 0.236842 0.500000
vt 0.236842 0.526316
vt 0.236842 0.526316
vt 0.236842 0.526316
vt 0.236842 0.500000
vt 0.236842 0.500000
vt 0.236842 0.526316
vt 0.236842 0.526316
vt 0.236842 0.526316
vt 0.236842 0.500000
vt 0.220395 0.526316
vt 0.220395 0.526316
vt 0.220395 0.552632
vt 0.220395 0.552632
vt 0.220395 0.552632
vt 0.220395 0.552632
vt 0.220395 0.526316
vt 0.220395 0.552632
vt 0.220395 0.526316
vt 0.220395 0.552632
vt 0.220395 0.552632
vt 0.220395 0.552632
vt 0.220395 0.526316
vt 0.220395 0.552632
vt 0.220395 0.552632
vt 0.220395 0.526316
vt 0.204887 0.552632
vt 0.204887 0.552632
vt 0.204887 0.578947
vt 0.204887 0.578947
vt 0.204887 0.578947
vt 0.204887 0.578947
vt 0.204887 0.552632
vt 0.204887 0.552632
vt 0.204887 0.578947
vt 0.204887 0.578947
vt 0.204887 0.552632
vt 0.204887 0.578947
vt 0.204887 0.578947
vt 0.204887 0.552632
vt 0.204887 0.578947
vt 0.204887 0.578947
vt 0.204887 0.552632
vt 0.204887 0.578947
vt 0.204887 0.578947
vt 0.204887 0.552632
vt 0.204887 0.578947
vt 0.204887 0.578947
vt 0.204887 0.552632
vt 0.052632 0.789474
vt 0.052632 0.789474
vt 0.052632 0.815789
vt 0.052632 0.815789
vt 0.052632 0.815789
vt 0.052632 0.815789
vt 0.052632 0.789474
vt 0.052632 0.789474
vt 0.052632 0.789474
vt 0.052632 0.815789
vt 0.052632 0.815789
vt 0.052632 0.789474
vt 0.131579 0.000000
vt 0.131579 0.000000
vt 0.131579 0.026316
vt 0.131579 0.026316
vt 0.131579 0.000000
vt 0.131579 0.000000
vt 0.131579 0.026316
vt 0.131579 0.000000
vt 0.131579 0.026316
vt 0.131579 0.000000
vt 0.131579 0.000000
vt 0.131579 0.026316
vt 0.131579 0.000000
vt 0.131579 0.000000
vt 0.131579 0.026316
vt 0.131579 0.000000
vt 0.131579 0.026316
vt 0.171053 0.026316
vt 0.171053 0.052632
vt 0.171053 0.026316
vt 0.171053 0.026316
vt 0.171053 0.052632
vt 0.171053 0.026316
vt 0.171053 0.026316
vt 0.171053 0.026316
vt 0.171053 0.026316
vt 0.171053 0.052632
vt 0.171053 0.026316
vt 0.171053 0.052632
vt 0.184211 0.052632
vt 0.184211 0.078947
vt 0.184211 0.052632
vt 0.184211 0.052632
vt 0.184211 0.078947
vt 0.184211 0.052632
vt 0.184211 0.078947
vt 0.184211 0.052632
vt 0.184211 0.052632
vt 0.184211 0.078947
vt 0.210526 0.078947
vt 0.210526 0.105263
vt 0.210526 0.078947
vt 0.210526 0.078947
vt 0.210526 0.105263
vt 0.210526 0.078947
vt 0.210526 0.078947
vt 0.210526 0.078947
vt 0.210526 0.078947
vt 0.210526 0.105263
vt 0.210526 0.078947
vt 0.210526 0.105263
vt 0.210526 0.131579
vt 0.210526 0.131579
vt 0.210526 0.131579
vt 0.210526 0.131579
vt 0.210526 0.157895
vt 0.210526 0.157895
vt 0.210526 0.157895
vt 0.210526 0.157895
vt 0.210526 0.184211
vt 0.210526 0.184211
vt 0.210526 0.184211
vt 0.210526 0.184211
vt 0.210526 0.184211
vt 0.210526 0.184211
vt 0.210526 0.210526
vt 0.210526 0.210526
vt 0.210526 0.210526
vt 0.210526 0.210526
vt 0.210526 0.236842
vt 0.210526 0.236842
vt 0.210526 0.236842
vt 0.210526 0.236842
vt 0.210526 0.263158
vt 0.210526 0.263158
vt 0.210526 0.263158
vt 0.210526 0.263158
vt 0.210526 0.263158
vt 0.210526 0.263158
vt 0.197368 0.263158
vt 0.197368 0.263158
vt 0.197368 0.289474
vt 0.197368 0.289474
vt 0.197368 0.289474
vt 0.197368 0.263158
vt 0.197368 0.263158
vt 0.197368 0.289474
vt 0.197368 0.263158
vt 0.197368 0.289474
vt 0.197368 0.263158
vt 0.197368 0.289474
vt 0.197368 0.315789
vt 0.197368 0.315789
vt 0.197368 0.315789
vt 0.197368 0.315789
vt 0.197368 0.315789
vt 0.197368 0.315789
vt 0.197368 0.315789
vt 0.197368 0.315789
vt 0.197368 0.315789
vt 0.197368 0.315789
vt 0.184211 0.315789
vt 0.184211 0.315789
vt 0.184211 0.342105
vt 0.184211 0.342105
vt 0.184211 0.342105
vt 0.184211 0.315789
vt 0.184211 0.315789
vt 0.184211 0.342105
vt 0.184211 0.315789
vt 0.184211 0.342105
vt 0.184211 0.315789
vt 0.184211 0.342105
vt 0.184211 0.315789
vt 0.184211 0.342105
vt 0.184211 0.315789
vt 0.184211 0.342105
vt 0.184211 0.315789
vt 0.184211 0.342105
vt 0.184211 0.368421
vt 0.184211 0.368421
vt 0.184211 0.368421
vt 0.184211 0.368421
vt 0.184211 0.368421
vt 0.184211 0.368421
vt 0.184211 0.368421
vt 0.184211 0.368421
vt 0.184211 0.368421
vt 0.184211 0.368421
vt 0.184211 0.368421
vt 0.184211 0.368421
vt 0.184211 0.368421
vt 0.184211 0.368421
vt 0.250000 0.447368
vt 0.250000 0.473684
vt 0.250000 0.447368
vt 0.250000 0.447368
vt 0.250000 0.473684
vt 0.250000 0.447368
vt 0.250000 0.447368
vt 0.250000 0.447368
vt 0.250000 0.447368
vt 0.250000 0.447368
vt 0.250000 0.447368
vt 0.250000 0.447368
vt 0.250000 0.447368
vt 0.250000 0.447368
vt 0.250000 0.447368
vt 0.250000 0.447368
vt 0.250000 0.447368
vt 0.250000 0.447368
vt 0.250000 0.473684
vt 0.250000 0.447368
vt 0.250000 0.473684
vt 0.250000 0.500000
vt 0.250000 0.500000
vt 0.250000 0.500000
vt 0.250000 0.500000
vt 0.236842 0.500000
vt 0.236842 0.526316
vt 0.236842 0.526316
vt 0.236842 0.526316
vt 0.236842 0.500000
vt 0.236842 0.500000
vt 0.236842 0.526316
vt 0.236842 0.526316
vt 0.236842 0.526316
vt 0.236842 0.500000
vt 0.220395 0.526316
vt 0.220395 0.552632
vt 0.220395 0.552632
vt 0.220395 0.552632
vt 0.220395 0.526316
vt 0.220395 0.526316
vt 0.220395 0.552632
vt 0.220395 0.552632
vt 0.220395 0.552632
vt 0.220395 0.526316
vt 0.204887 0.552632
vt 0.204887 0.552632
vt 0.204887 0.578947
vt 0.204887 0.578947
vt 0.204887 0.578947
vt 0.204887 0.578947
vt 0.204887 0.552632
vt 0.204887 0.578947
vt 0.204887 0.578947
vt 0.204887 0.578947
vt 0.204887 0.578947
vt 0.204887 0.578947
vt 0.204887 0.578947
vt 0.204887 0.578947
vt 0.204887 0.552632
vt 0.204887 0.578947
vt 0.204887 0.578947
vt 0.204887 0.552632
vt 0.204887 0.578947
vt 0.204887 0.578947
vt 0.204887 0.552632
vt 0.052632 0.789474
vt 0.052632 0.815789
vt 0.052632 0.815789
vt 0.052632 0.815789
vt 0.052632 0.789474
vt 0.052632 0.789474
vt 0.052632 0.815789
vt 0.052632 0.789474
vt 0.052632 0.815789
vt 0.052632 0.789474
vt 0.052632 0.789474
vt 0.052632 0.815789
vt 0.052632 0.815789
vt 0.052632 0.789474
vt 0.013158 0.894737
vt 0.013158 0.921053
vt 0.013158 0.921053
vt 0.013158 0.894737
vt 0.013158 0.894737
vt 0.013158 0.894737
vt 0.013158 0.921053
vt 0.013158 0.921053
vt 0.013158 0.921053
vt 0.013158 0.894737
vt 0.013158 0.894737
vt 0.013158 0.921053
vt 0.131579 0.000000
vt 0.131579 0.000000
vt 0.131579 0.026316
vt 0.131579 0.026316
vt 0.131579 0.000000
vt 0.131579 0.000000
vt 0.131579 0.026316
vt 0.131579 0.000000
vt 0.131579 0.000000
vt 0.131579 0.000000
vt 0.131579 0.000000
vt 0.131579 0.000000
vt 0.131579 0.000000
vt 0.131579 0.026316
vt 0.131579 0.000000
vt 0.131579 0.000000
vt 0.131579 0.026316
vt 0.131579 0.000000
vt 0.131579 0.026316
vt 0.171053 0.026316
vt 0.171053 0.052632
vt 0.171053 0.026316
vt 0.171053 0.026316
vt 0.171053 0.052632
vt 0.171053 0.026316
vt 0.171053 0.052632
vt 0.171053 0.026316
vt 0.171053 0.026316
vt 0.171053 0.052632
vt 0.184211 0.052632
vt 0.184211 0.078947
vt 0.184211 0.052632
vt 0.184211 0.052632
vt 0.184211 0.078947
vt 0.184211 0.052632
vt 0.184211 0.078947
vt 0.184211 0.052632
vt 0.184211 0.052632
vt 0.184211 0.078947
vt 0.210526 0.078947
vt 0.210526 0.078947
vt 0.210526 0.105263
vt 0.210526 0.078947
vt 0.210526 0.078947
vt 0.210526 0.105263
vt 0.210526 0.131579
vt 0.210526 0.131579
vt 0.210526 0.157895
vt 0.210526 0.157895
vt 0.210526 0.184211
vt 0.210526 0.184211
vt 0.210526 0.210526
vt 0.210526 0.210526
vt 0.210526 0.210526
vt 0.210526 0.210526
vt 0.210526 0.236842
vt 0.210526 0.236842
vt 0.210526 0.236842
vt 0.210526 0.236842
vt 0.210526 0.263158
vt 0.210526 0.263158
vt 0.210526 0.263158
vt 0.210526 0.263158
vt 0.210526 0.263158
vt 0.210526 0.263158
vt 0.197368 0.263158
vt 0.197368 0.289474
vt 0.197368 0.289474
vt 0.197368 0.263158
vt 0.197368 0.263158
vt 0.197368 0.289474
vt 0.197368 0.263158
vt 0.197368 0.289474
vt 0.197368 0.315789
vt 0.197368 0.315789
vt 0.197368 0.315789
vt 0.197368 0.315789
vt 0.197368 0.315789
vt 0.197368 0.315789
vt 0.197368 0.315789
vt 0.197368 0.315789
vt 0.184211 0.315789
vt 0.184211 0.342105
vt 0.184211 0.342105
vt 0.184211 0.315789
vt 0.184211 0.315789
vt 0.184211 0.342105
vt 0.184211 0.315789
vt 0.184211 0.342105
vt 0.184211 0.368421
vt 0.184211 0.368421
vt 0.184211 0.368421
vt 0.184211 0.368421
vt 0.184211 0.368421
vt 0.184211 0.368421
vt 0.184211 0.368421
vt 0.184211 0.368421
vt 0.157895 0.368421
vt 0.157895 0.368421
vt 0.157895 0.394737
vt 0.157895 0.394737
vt 0.157895 0.394737
vt 0.157895 0.394737
vt 0.157895 0.368421
vt 0.157895 0.368421
vt 0.157895 0.394737
vt 0.157895 0.394737
vt 0.157895 0.368421
vt 0.157895 0.394737
vt 0.157895 0.394737
vt 0.157895 0.368421
vt 0.157895 0.394737
vt 0.157895 0.394737
vt 0.157895 0.368421
vt 0.250000 0.447368
vt 0.250000 0.473684
vt 0.250000 0.447368
vt 0.250000 0.447368
vt 0.250000 0.473684
vt 0.250000 0.447368
vt 0.250000 0.447368
vt 0.250000 0.447368
vt 0.250000 0.447368
vt 0.250000 0.447368
vt 0.250000 0.447368
vt 0.250000 0.447368
vt 0.250000 0.447368
vt 0.250000 0.447368
vt 0.250000 0.447368
vt 0.250000 0.447368
vt 0.250000 0.447368
vt 0.250000 0.447368
vt 0.250000 0.447368
vt 0.250000 0.447368
vt 0.250000 0.473684
vt 0.250000 0.447368
vt 0.250000 0.473684
vt 0.250000 0.500000
vt 0.250000 0.500000
vt 0.250000 0.500000
vt 0.250000 0.500000
vt 0.236842 0.500000
vt 0.236842 0.526316
vt 0.236842 0.526316
vt 0.236842 0.526316
vt 0.236842 0.500000
vt 0.236842 0.500000
vt 0.236842 0.526316
vt 0.236842 0.526316
vt 0.236842 0.526316
vt 0.236842 0.500000
vt 0.220395 0.526316
vt 0.220395 0.552632
vt 0.220395 0.552632
vt 0.220395 0.552632
vt 0.220395 0.526316
vt 0.220395 0.526316
vt 0.220395 0.552632
vt 0.220395 0.552632
vt 0.220395 0.552632
vt 0.220395 0.526316
vt 0.204887 0.552632
vt 0.204887 0.578947
vt 0.204887 0.578947
vt 0.204887 0.578947
vt 0.204887 0.552632
vt 0.204887 0.578947
vt 0.204887 0.578947
vt 0.204887 0.578947
vt 0.204887 0.578947
vt 0.204887 0.578947
vt 0.204887 0.578947
vt 0.204887 0.578947
vt 0.204887 0.578947
vt 0.204887 0.578947
vt 0.204887 0.578947
vt 0.204887 0.552632
vt 0.204887 0.578947
vt 0.204887 0.578947
vt 0.204887 0.552632
vt 0.052632 0.789474
vt 0.052632 0.815789
vt 0.052632 0.815789
vt 0.052632 0.789474
vt 0.052632 0.789474
vt 0.052632 0.789474
vt 0.052632 0.815789
vt 0.052632 0.815789
vt 0.052632 0.789474
vt 0.013158 0.815789
vt 0.013158 0.842105
vt 0.013158 0.842105
vt 0.013158 0.815789
vt 0.013158 0.815789
vt 0.013158 0.815789
vt 0.013158 0.842105
vt 0.013158 0.842105
vt 0.013158 0.842105
vt 0.013158 0.815789
vt 0.013158 0.815789
vt 0.013158 0.842105
vt 0.131579 0.000000
vt 0.131579 0.000000
vt 0.131579 0.026316
vt 0.131579 0.000000
vt 0.131579 0.000000
vt 0.131579 0.000000
vt 0.131579 0.000000
vt 0.131579 0.000000
vt 0.131579 0.000000
vt 0.131579 0.000000
vt 0.131579 0.026316
vt 0.171053 0.026316
vt 0.171053 0.052632
vt 0.171053 0.026316
vt 0.171053 0.026316
vt 0.171053 0.052632
vt 0.171053 0.026316
vt 0.171053 0.026316
vt 0.171053 0.026316
vt 0.171053 0.026316
vt 0.171053 0.052632
vt 0.171053 0.026316
vt 0.171053 0.052632
vt 0.184211 0.052632
vt 0.184211 0.078947
vt 0.184211 0.052632
vt 0.184211 0.052632
vt 0.184211 0.078947
vt 0.184211 0.052632
vt 0.184211 0.078947
vt 0.184211 0.052632
vt 0.184211 0.052632
vt 0.184211 0.078947
vt 0.210526 0.078947
vt 0.210526 0.105263
vt 0.210526 0.078947
vt 0.210526 0.078947
vt 0.210526 0.105263
vt 0.210526 0.078947
vt 0.210526 0.105263
vt 0.210526 0.078947
vt 0.210526 0.078947
vt 0.210526 0.105263
vt 0.210526 0.131579
vt 0.210526 0.131579
vt 0.210526 0.131579
vt 0.210526 0.131579
vt 0.210526 0.157895
vt 0.210526 0.157895
vt 0.210526 0.157895
vt 0.210526 0.157895
vt 0.210526 0.184211
vt 0.210526 0.184211
vt 0.210526 0.184211
vt 0.210526 0.184211
vt 0.210526 0.184211
vt 0.210526 0.184211
vt 0.210526 0.210526
vt 0.210526 0.210526
vt 0.210526 0.236842
vt 0.210526 0.236842
vt 0.210526 0.263158
vt 0.210526 0.263158
vt 0.210526 0.263158
vt 0.210526 0.263158
vt 0.197368 0.289474
vt 0.197368 0.263158
vt 0.197368 0.263158
vt 0.197368 0.289474
vt 0.197368 0.315789
vt 0.197368 0.315789
vt 0.197368 0.315789
vt 0.197368 0.315789
vt 0.184211 0.315789
vt 0.184211 0.342105
vt 0.184211 0.342105
vt 0.184211 0.315789
vt 0.184211 0.315789
vt 0.184211 0.342105
vt 0.184211 0.315789
vt 0.184211 0.342105
vt 0.184211 0.368421
vt 0.184211 0.368421
vt 0.184211 0.368421
vt 0.184211 0.368421
vt 0.184211 0.368421
vt 0.184211 0.368421
vt 0.157895 0.368421
vt 0.157895 0.368421
vt 0.157895 0.394737
vt 0.157895 0.394737
vt 0.157895 0.394737
vt 0.157895 0.394737
vt 0.157895 0.368421
vt 0.157895 0.394737
vt 0.157895 0.368421
vt 0.157895 0.394737
vt 0.157895 0.394737
vt 0.157895 0.394737
vt 0.157895 0.368421
vt 0.157895 0.394737
vt 0.157895 0.394737
vt 0.157895 0.368421
vt 0.144737 0.394737
vt 0.144737 0.394737
vt 0.144737 0.421053
vt 0.144737 0.421053
vt 0.144737 0.421053
vt 0.144737 0.421053
vt 0.144737 0.394737
vt 0.144737 0.394737
vt 0.144737 0.421053
vt 0.144737 0.421053
vt 0.144737 0.394737
vt 0.144737 0.421053
vt 0.144737 0.421053
vt 0.144737 0.394737
vt 0.144737 0.421053
vt 0.144737 0.421053
vt 0.144737 0.394737
vt 0.250000 0.447368
vt 0.250000 0.473684
vt 0.250000 0.447368
vt 0.250000 0.447368
vt 0.250000 0.473684
vt 0.250000 0.447368
vt 0.250000 0.447368
vt 0.250000 0.447368
vt 0.250000 0.447368
vt 0.250000 0.447368
vt 0.250000 0.447368
vt 0.250000 0.447368
vt 0.250000 0.447368
vt 0.250000 0.447368
vt 0.250000 0.447368
vt 0.250000 0.447368
vt 0.250000 0.447368
vt 0.250000 0.447368
vt 0.250000 0.447368
vt 0.250000 0.447368
vt 0.250000 0.447368
vt 0.250000 0.447368
vt 0.250000 0.473684
vt 0.250000 0.447368
vt 0.250000 0.473684
vt 0.250000 0.500000
vt 0.250000 0.500000
vt 0.250000 0.500000
vt 0.250000 0.500000
vt 0.250000 0.500000
vt 0.250000 0.500000
vt 0.236842 0.526316
vt 0.236842 0.526316
vt 0.236842 0.500000
vt 0.236842 0.526316
vt 0.236842 0.526316
vt 0.236842 0.500000
vt 0.220395 0.552632
vt 0.220395 0.526316
vt 0.220395 0.526316
vt 0.220395 0.552632
vt 0.204887 0.552632
vt 0.204887 0.578947
vt 0.204887 0.578947
vt 0.204887 0.578947
vt 0.204887 0.552632
vt 0.204887 0.578947
vt 0.204887 0.578947
vt 0.204887 0.578947
vt 0.204887 0.578947
vt 0.204887 0.578947
vt 0.204887 0.578947
vt 0.204887 0.578947
vt 0.204887 0.578947
vt 0.204887 0.578947
vt 0.204887 0.578947
vt 0.204887 0.578947
vt 0.204887 0.578947
vt 0.204887 0.552632
vt 0.204887 0.578947
vt 0.204887 0.578947
vt 0.204887 0.552632
vt 0.131579 0.684211
vt 0.131579 0.684211
vt 0.131579 0.710526
vt 0.131579 0.710526
vt 0.131579 0.710526
vt 0.131579 0.710526
vt 0.131579 0.684211
vt 0.131579 0.684211
vt 0.131579 0.684211
vt 0.131579 0.710526
vt 0.131579 0.710526
vt 0.131579 0.684211
vt 0.131579 0.684211
vt 0.131579 0.710526
vt 0.131579 0.710526
vt 0.131579 0.684211
vt 0.131579 0.684211
vt 0.131579 0.710526
vt 0.131579 0.710526
vt 0.131579 0.684211
vt 0.026316 0.763158
vt 0.026316 0.763158
vt 0.026316 0.789474
vt 0.026316 0.789474
vt 0.026316 0.763158
vt 0.026316 0.763158
vt 0.026316 0.789474
vt 0.026316 0.763158
vt 0.026316 0.789474
vt 0.026316 0.763158
vt 0.026316 0.789474
vt 0.052632 0.789474
vt 0.052632 0.815789
vt 0.052632 0.815789
vt 0.052632 0.789474
vt 0.052632 0.815789
vt 0.052632 0.815789
vt 0.052632 0.789474
vt 0.131579 0.000000
vt 0.131579 0.026316
vt 0.131579 0.000000
vt 0.131579 0.000000
vt 0.131579 0.026316
vt 0.131579 0.000000
vt 0.131579 0.000000
vt 0.131579 0.000000
vt 0.131579 0.000000
vt 0.131579 0.000000
vt 0.131579 0.000000
vt 0.131579 0.000000
vt 0.131579 0.000000
vt 0.131579 0.000000
vt 0.131579 0.026316
vt 0.131579 0.000000
vt 0.131579 0.026316
vt 0.171053 0.026316
vt 0.171053 0.026316
vt 0.171053 0.052632
vt 0.171053 0.026316
vt 0.171053 0.026316
vt 0.171053 0.052632
vt 0.184211 0.052632
vt 0.184211 0.052632
vt 0.184211 0.078947
vt 0.184211 0.052632
vt 0.184211 0.052632
vt 0.184211 0.078947
vt 0.210526 0.078947
vt 0.210526 0.078947
vt 0.210526 0.105263
vt 0.210526 0.078947
vt 0.210526 0.078947
vt 0.210526 0.105263
vt 0.210526 0.131579
vt 0.210526 0.131579
vt 0.210526 0.157895
vt 0.210526 0.157895
vt 0.210526 0.184211
vt 0.210526 0.184211
vt 0.210526 0.210526
vt 0.210526 0.210526
vt 0.210526 0.210526
vt 0.210526 0.210526
vt 0.210526 0.236842
vt 0.210526 0.236842
vt 0.210526 0.236842
vt 0.210526 0.236842
vt 0.210526 0.263158
vt 0.210526 0.263158
vt 0.210526 0.263158
vt 0.210526 0.263158
vt 0.210526 0.263158
vt 0.210526 0.263158
vt 0.197368 0.263158
vt 0.197368 0.289474
vt 0.197368 0.289474
vt 0.197368 0.263158
vt 0.197368 0.263158
vt 0.197368 0.289474
vt 0.197368 0.263158
vt 0.197368 0.289474
vt 0.197368 0.315789
vt 0.197368 0.315789
vt 0.197368 0.315789
vt 0.197368 0.315789
vt 0.197368 0.315789
vt 0.197368 0.315789
vt 0.184211 0.315789
vt 0.184211 0.342105
vt 0.184211 0.342105
vt 0.184211 0.315789
vt 0.184211 0.315789
vt 0.184211 0.342105
vt 0.184211 0.315789
vt 0.184211 0.342105
vt 0.184211 0.368421
vt 0.184211 0.368421
vt 0.184211 0.368421
vt 0.184211 0.368421
vt 0.184211 0.368421
vt 0.184211 0.368421
vt 0.157895 0.368421
vt 0.157895 0.394737
vt 0.157895 0.394737
vt 0.157895 0.394737
vt 0.157895 0.368421
vt 0.157895 0.368421
vt 0.157895 0.394737
vt 0.157895 0.394737
vt 0.157895 0.394737
vt 0.157895 0.368421
vt 0.144737 0.394737
vt 0.144737 0.394737
vt 0.144737 0.421053
vt 0.144737 0.421053
vt 0.144737 0.421053
vt 0.144737 0.421053
vt 0.144737 0.394737
vt 0.144737 0.421053
vt 0.144737 0.394737
vt 0.144737 0.421053
vt 0.144737 0.421053
vt 0.144737 0.421053
vt 0.144737 0.394737
vt 0.144737 0.421053
vt 0.144737 0.421053
vt 0.144737 0.394737
vt 0.131579 0.421053
vt 0.131579 0.421053
vt 0.131579 0.447368
vt 0.131579 0.447368
vt 0.131579 0.447368
vt 0.131579 0.421053
vt 0.131579 0.421053
vt 0.131579 0.447368
vt 0.131579 0.421053
vt 0.131579 0.447368
vt 0.131579 0.421053
vt 0.131579 0.447368
vt 0.131579 0.421053
vt 0.131579 0.447368
vt 0.250000 0.447368
vt 0.250000 0.447368
vt 0.250000 0.473684
vt 0.250000 0.447368
vt 0.250000 0.447368
vt 0.250000 0.447368
vt 0.250000 0.447368
vt 0.250000 0.447368
vt 0.250000 0.447368
vt 0.250000 0.447368
vt 0.250000 0.447368
vt 0.250000 0.447368
vt 0.250000 0.447368
vt 0.250000 0.447368
vt 0.250000 0.447368
vt 0.250000 0.447368
vt 0.250000 0.447368
vt 0.250000 0.473684
vt 0.250000 0.500000
vt 0.250000 0.500000
vt 0.236842 0.500000
vt 0.236842 0.526316
vt 0.236842 0.526316
vt 0.236842 0.526316
vt 0.236842 0.500000
vt 0.236842 0.500000
vt 0.236842 0.526316
vt 0.236842 0.526316
vt 0.236842 0.526316
vt 0.236842 0.500000
vt 0.220395 0.526316
vt 0.220395 0.552632
vt 0.220395 0.552632
vt 0.220395 0.552632
vt 0.220395 0.526316
vt 0.220395 0.526316
vt 0.220395 0.552632
vt 0.220395 0.552632
vt 0.220395 0.552632
vt 0.220395 0.526316
vt 0.204887 0.578947
vt 0.204887 0.578947
vt 0.204887 0.552632
vt 0.204887 0.578947
vt 0.204887 0.578947
vt 0.204887 0.578947
vt 0.204887 0.578947
vt 0.204887 0.578947
vt 0.204887 0.578947
vt 0.204887 0.578947
vt 0.204887 0.578947
vt 0.204887 0.578947
vt 0.204887 0.578947
vt 0.204887 0.578947
vt 0.204887 0.578947
vt 0.204887 0.578947
vt 0.204887 0.552632
vt 0.131579 0.684211
vt 0.131579 0.684211
vt 0.131579 0.710526
vt 0.131579 0.710526
vt 0.131579 0.710526
vt 0.131579 0.710526
vt 0.131579 0.684211
vt 0.131579 0.684211
vt 0.131579 0.710526
vt 0.131579 0.684211
vt 0.131579 0.684211
vt 0.131579 0.684211
vt 0.131579 0.684211
vt 0.131579 0.684211
vt 0.131579 0.684211
vt 0.131579 0.710526
vt 0.131579 0.710526
vt 0.131579 0.710526
vt 0.131579 0.684211
vt 0.131579 0.684211
vt 0.131579 0.710526
vt 0.131579 0.710526
vt 0.131579 0.684211
vt 0.109649 0.710526
vt 0.109649 0.710526
vt 0.109649 0.736842
vt 0.109649 0.736842
vt 0.109649 0.736842
vt 0.109649 0.736842
vt 0.109649 0.710526
vt 0.109649 0.710526
vt 0.109649 0.736842
vt 0.109649 0.710526
vt 0.109649 0.736842
vt 0.109649 0.710526
vt 0.109649 0.736842
vt 0.109649 0.736842
vt 0.109649 0.736842
vt 0.109649 0.710526
vt 0.026316 0.736842
vt 0.026316 0.736842
vt 0.026316 0.763158
vt 0.026316 0.736842
vt 0.026316 0.736842
vt 0.026316 0.736842
vt 0.026316 0.763158
vt 0.026316 0.789474
vt 0.026316 0.789474
vt 0.026316 0.763158
vt 0.026316 0.789474
vt 0.026316 0.789474
vt 0.131579 0.000000
vt 0.131579 0.000000
vt 0.131579 0.026316
vt 0.131579 0.000000
vt 0.131579 0.000000
vt 0.131579 0.000000
vt 0.131579 0.000000
vt 0.131579 0.000000
vt 0.131579 0.000000
vt 0.131579 0.000000
vt 0.131579 0.000000
vt 0.131579 0.000000
vt 0.131579 0.026316
vt 0.171053 0.026316
vt 0.171053 0.026316
vt 0.171053 0.052632
vt 0.171053 0.026316
vt 0.171053 0.026316
vt 0.171053 0.052632
vt 0.184211 0.052632
vt 0.184211 0.052632
vt 0.184211 0.078947
vt 0.184211 0.052632
vt 0.184211 0.052632
vt 0.184211 0.078947
vt 0.210526 0.078947
vt 0.210526 0.078947
vt 0.210526 0.105263
vt 0.210526 0.078947
vt 0.210526 0.078947
vt 0.210526 0.105263
vt 0.210526 0.131579
vt 0.210526 0.131579
vt 0.210526 0.157895
vt 0.210526 0.157895
vt 0.210526 0.184211
vt 0.210526 0.184211
vt 0.210526 0.210526
vt 0.210526 0.210526
vt 0.210526 0.236842
vt 0.210526 0.236842
vt 0.210526 0.263158
vt 0.210526 0.263158
vt 0.210526 0.263158
vt 0.210526 0.263158
vt 0.197368 0.289474
vt 0.197368 0.263158
vt 0.197368 0.263158
vt 0.197368 0.289474
vt 0.197368 0.315789
vt 0.197368 0.315789
vt 0.184211 0.315789
vt 0.184211 0.342105
vt 0.184211 0.342105
vt 0.184211 0.315789
vt 0.184211 0.315789
vt 0.184211 0.342105
vt 0.184211 0.315789
vt 0.184211 0.342105
vt 0.184211 0.368421
vt 0.184211 0.368421
vt 0.184211 0.368421
vt 0.184211 0.368421
vt 0.184211 0.368421
vt 0.184211 0.368421
vt 0.184211 0.368421
vt 0.184211 0.368421
vt 0.157895 0.394737
vt 0.157895 0.368421
vt 0.157895 0.368421
vt 0.157895 0.394737
vt 0.144737 0.394737
vt 0.144737 0.421053
vt 0.144737 0.421053
vt 0.144737 0.421053
vt 0.144737 0.394737
vt 0.144737 0.394737
vt 0.144737 0.421053
vt 0.144737 0.421053
vt 0.144737 0.421053
vt 0.144737 0.394737
vt 0.131579 0.421053
vt 0.131579 0.421053
vt 0.131579 0.447368
vt 0.131579 0.447368
vt 0.131579 0.447368
vt 0.131579 0.421053
vt 0.131579 0.421053
vt 0.131579 0.447368
vt 0.131579 0.421053
vt 0.131579 0.447368
vt 0.131579 0.421053
vt 0.131579 0.447368
vt 0.250000 0.447368
vt 0.250000 0.447368
vt 0.250000 0.473684
vt 0.250000 0.447368
vt 0.250000 0.447368
vt 0.250000 0.447368
vt 0.250000 0.447368
vt 0.250000 0.447368
vt 0.250000 0.447368
vt 0.250000 0.447368
vt 0.250000 0.447368
vt 0.250000 0.447368
vt 0.250000 0.447368
vt 0.250000 0.473684
vt 0.250000 0.500000
vt 0.250000 0.500000
vt 0.236842 0.526316
vt 0.236842 0.526316
vt 0.236842 0.500000
vt 0.236842 0.526316
vt 0.236842 0.526316
vt 0.236842 0.500000
vt 0.220395 0.552632
vt 0.220395 0.552632
vt 0.220395 0.526316
vt 0.220395 0.552632
vt 0.220395 0.552632
vt 0.220395 0.526316
vt 0.204887 0.578947
vt 0.204887 0.578947
vt 0.204887 0.552632
vt 0.204887 0.578947
vt 0.204887 0.578947
vt 0.204887 0.578947
vt 0.204887 0.578947
vt 0.204887 0.578947
vt 0.204887 0.578947
vt 0.204887 0.578947
vt 0.204887 0.578947
vt 0.204887 0.578947
vt 0.204887 0.578947
vt 0.204887 0.578947
vt 0.204887 0.578947
vt 0.204887 0.578947
vt 0.204887 0.552632
vt 0.078947 0.605263
vt 0.078947 0.605263
vt 0.078947 0.631579
vt 0.078947 0.631579
vt 0.078947 0.631579
vt 0.078947 0.631579
vt 0.078947 0.605263
vt 0.078947 0.605263
vt 0.078947 0.605263
vt 0.078947 0.631579
vt 0.078947 0.605263
vt 0.078947 0.605263
vt 0.078947 0.631579
vt 0.078947 0.605263
vt 0.078947 0.605263
vt 0.078947 0.631579
vt 0.078947 0.631579
vt 0.078947 0.631579
vt 0.078947 0.605263
vt 0.052632 0.631579
vt 0.052632 0.631579
vt 0.052632 0.657895
vt 0.052632 0.657895
vt 0.052632 0.657895
vt 0.052632 0.631579
vt 0.052632 0.631579
vt 0.052632 0.657895
vt 0.052632 0.631579
vt 0.052632 0.657895
vt 0.052632 0.684211
vt 0.052632 0.684211
vt 0.052632 0.684211
vt 0.052632 0.684211
vt 0.052632 0.684211
vt 0.131579 0.710526
vt 0.131579 0.710526
vt 0.131579 0.684211
vt 0.131579 0.684211
vt 0.131579 0.684211
vt 0.131579 0.684211
vt 0.131579 0.684211
vt 0.131579 0.684211
vt 0.131579 0.684211
vt 0.131579 0.710526
vt 0.131579 0.710526
vt 0.131579 0.684211
vt 0.109649 0.710526
vt 0.109649 0.736842
vt 0.109649 0.736842
vt 0.109649 0.736842
vt 0.109649 0.710526
vt 0.109649 0.736842
vt 0.109649 0.736842
vt 0.109649 0.736842
vt 0.109649 0.710526
vt 0.109649 0.736842
vt 0.109649 0.736842
vt 0.109649 0.710526
vt 0.026316 0.736842
vt 0.026316 0.763158
vt 0.026316 0.763158
vt 0.026316 0.736842
vt 0.026316 0.763158
vt 0.026316 0.736842
vt 0.131579 0.000000
vt 0.131579 0.000000
vt 0.131579 0.026316
vt 0.131579 0.000000
vt 0.131579 0.000000
vt 0.131579 0.000000
vt 0.131579 0.000000
vt 0.131579 0.000000
vt 0.131579 0.000000
vt 0.131579 0.000000
vt 0.131579 0.000000
vt 0.131579 0.000000
vt 0.131579 0.026316
vt 0.171053 0.026316
vt 0.171053 0.052632
vt 0.171053 0.052632
vt 0.171053 0.026316
vt 0.171053 0.026316
vt 0.171053 0.052632
vt 0.171053 0.026316
vt 0.171053 0.026316
vt 0.171053 0.026316
vt 0.171053 0.052632
vt 0.171053 0.052632
vt 0.171053 0.026316
vt 0.171053 0.026316
vt 0.171053 0.052632
vt 0.184211 0.078947
vt 0.184211 0.052632
vt 0.184211 0.052632
vt 0.184211 0.078947
vt 0.210526 0.078947
vt 0.210526 0.078947
vt 0.210526 0.105263
vt 0.210526 0.078947
vt 0.210526 0.078947
vt 0.210526 0.105263
vt 0.210526 0.131579
vt 0.210526 0.131579
vt 0.210526 0.157895
vt 0.210526 0.157895
vt 0.210526 0.184211
vt 0.210526 0.184211
vt 0.210526 0.210526
vt 0.210526 0.210526
vt 0.210526 0.236842
vt 0.210526 0.236842
vt 0.210526 0.263158
vt 0.210526 0.263158
vt 0.210526 0.263158
vt 0.210526 0.263158
vt 0.197368 0.289474
vt 0.197368 0.263158
vt 0.197368 0.263158
vt 0.197368 0.289474
vt 0.197368 0.315789
vt 0.197368 0.315789
vt 0.184211 0.342105
vt 0.184211 0.315789
vt 0.184211 0.315789
vt 0.184211 0.342105
vt 0.184211 0.368421
vt 0.184211 0.368421
vt 0.184211 0.368421
vt 0.184211 0.368421
vt 0.157895 0.368421
vt 0.157895 0.394737
vt 0.157895 0.394737
vt 0.157895 0.394737
vt 0.157895 0.368421
vt 0.157895 0.368421
vt 0.157895 0.394737
vt 0.157895 0.394737
vt 0.157895 0.394737
vt 0.157895 0.368421
vt 0.144737 0.421053
vt 0.144737 0.421053
vt 0.144737 0.394737
vt 0.144737 0.421053
vt 0.144737 0.421053
vt 0.144737 0.394737
vt 0.131579 0.447368
vt 0.131579 0.421053
vt 0.131579 0.421053
vt 0.131579 0.447368
vt 0.250000 0.447368
vt 0.250000 0.447368
vt 0.250000 0.473684
vt 0.250000 0.447368
vt 0.250000 0.447368
vt 0.250000 0.447368
vt 0.250000 0.447368
vt 0.250000 0.447368
vt 0.250000 0.447368
vt 0.250000 0.447368
vt 0.250000 0.447368
vt 0.250000 0.447368
vt 0.250000 0.447368
vt 0.250000 0.473684
vt 0.250000 0.500000
vt 0.250000 0.500000
vt 0.236842 0.526316
vt 0.236842 0.526316
vt 0.236842 0.500000
vt 0.236842 0.526316
vt 0.236842 0.526316
vt 0.236842 0.500000
vt 0.220395 0.552632
vt 0.220395 0.526316
vt 0.220395 0.526316
vt 0.220395 0.552632
vt 0.204887 0.552632
vt 0.204887 0.578947
vt 0.204887 0.578947
vt 0.204887 0.578947
vt 0.204887 0.552632
vt 0.204887 0.578947
vt 0.204887 0.578947
vt 0.204887 0.578947
vt 0.204887 0.578947
vt 0.204887 0.578947
vt 0.204887 0.578947
vt 0.204887 0.578947
vt 0.204887 0.578947
vt 0.204887 0.578947
vt 0.204887 0.578947
vt 0.204887 0.578947
vt 0.204887 0.552632
vt 0.204887 0.578947
vt 0.204887 0.578947
vt 0.204887 0.552632
vt 0.065789 0.578947
vt 0.065789 0.578947
vt 0.065789 0.605263
vt 0.065789 0.605263
vt 0.065789 0.605263
vt 0.065789 0.578947
vt 0.065789 0.578947
vt 0.065789 0.605263
vt 0.065789 0.578947
vt 0.065789 0.605263
vt 0.065789 0.578947
vt 0.065789 0.605263
vt 0.065789 0.578947
vt 0.065789 0.605263
vt 0.078947 0.605263
vt 0.078947 0.631579
vt 0.078947 0.631579
vt 0.078947 0.631579
vt 0.078947 0.605263
vt 0.078947 0.605263
vt 0.078947 0.605263
vt 0.078947 0.631579
vt 0.078947 0.631579
vt 0.078947 0.631579
vt 0.078947 0.605263
vt 0.078947 0.605263
vt 0.052632 0.631579
vt 0.052632 0.657895
vt 0.052632 0.657895
vt 0.052632 0.631579
vt 0.052632 0.631579
vt 0.052632 0.657895
vt 0.052632 0.631579
vt 0.052632 0.657895
vt 0.052632 0.684211
vt 0.052632 0.684211
vt 0.052632 0.684211
vt 0.052632 0.684211
vt 0.131579 0.684211
vt 0.131579 0.710526
vt 0.131579 0.710526
vt 0.131579 0.710526
vt 0.131579 0.684211
vt 0.131579 0.684211
vt 0.131579 0.684211
vt 0.131579 0.684211
vt 0.131579 0.684211
vt 0.131579 0.684211
vt 0.131579 0.684211
vt 0.131579 0.684211
vt 0.131579 0.710526
vt 0.131579 0.710526
vt 0.131579 0.710526
vt 0.131579 0.684211
vt 0.109649 0.710526
vt 0.109649 0.736842
vt 0.109649 0.736842
vt 0.109649 0.736842
vt 0.109649 0.710526
vt 0.109649 0.736842
vt 0.109649 0.736842
vt 0.109649 0.736842
vt 0.109649 0.736842
vt 0.109649 0.736842
vt 0.109649 0.736842
vt 0.109649 0.736842
vt 0.109649 0.710526
vt 0.109649 0.736842
vt 0.109649 0.736842
vt 0.109649 0.710526
vt 0.131579 0.000000
vt 0.131579 0.026316
vt 0.131579 0.026316
vt 0.131579 0.000000
vt 0.131579 0.000000
vt 0.131579 0.000000
vt 0.131579 0.000000
vt 0.131579 0.000000
vt 0.131579 0.000000
vt 0.131579 0.000000
vt 0.131579 0.000000
vt 0.131579 0.000000
vt 0.131579 0.026316
vt 0.131579 0.026316
vt 0.131579 0.000000
vt 0.171053 0.026316
vt 0.171053 0.026316
vt 0.171053 0.052632
vt 0.171053 0.026316
vt 0.171053 0.026316
vt 0.171053 0.052632
vt 0.184211 0.052632
vt 0.184211 0.052632
vt 0.184211 0.052632
vt 0.184211 0.078947
vt 0.184211 0.052632
vt 0.184211 0.052632
vt 0.184211 0.052632
vt 0.184211 0.078947
vt 0.210526 0.078947
vt 0.210526 0.078947
vt 0.210526 0.105263
vt 0.210526 0.078947
vt 0.210526 0.078947
vt 0.210526 0.105263
vt 0.210526 0.131579
vt 0.210526 0.131579
vt 0.210526 0.157895
vt 0.210526 0.157895
vt 0.210526 0.184211
vt 0.210526 0.184211
vt 0.210526 0.210526
vt 0.210526 0.210526
vt 0.210526 0.236842
vt 0.210526 0.236842
vt 0.210526 0.263158
vt 0.210526 0.263158
vt 0.197368 0.263158
vt 0.197368 0.289474
vt 0.197368 0.289474
vt 0.197368 0.263158
vt 0.197368 0.263158
vt 0.197368 0.289474
vt 0.197368 0.263158
vt 0.197368 0.289474
vt 0.197368 0.289474
vt 0.197368 0.263158
vt 0.197368 0.263158
vt 0.197368 0.289474
vt 0.197368 0.315789
vt 0.197368 0.315789
vt 0.197368 0.315789
vt 0.197368 0.315789
vt 0.197368 0.315789
vt 0.197368 0.315789
vt 0.184211 0.342105
vt 0.184211 0.315789
vt 0.184211 0.315789
vt 0.184211 0.342105
vt 0.184211 0.368421
vt 0.184211 0.368421
vt 0.184211 0.368421
vt 0.184211 0.368421
vt 0.157895 0.394737
vt 0.157895 0.394737
vt 0.157895 0.368421
vt 0.157895 0.394737
vt 0.157895 0.394737
vt 0.157895 0.368421
vt 0.144737 0.421053
vt 0.144737 0.394737
vt 0.144737 0.394737
vt 0.144737 0.421053
vt 0.131579 0.421053
vt 0.131579 0.447368
vt 0.131579 0.447368
vt 0.131579 0.421053
vt 0.131579 0.421053
vt 0.131579 0.447368
vt 0.131579 0.421053
vt 0.131579 0.447368
vt 0.250000 0.447368
vt 0.250000 0.473684
vt 0.250000 0.473684
vt 0.250000 0.447368
vt 0.250000 0.447368
vt 0.250000 0.473684
vt 0.250000 0.447368
vt 0.250000 0.447368
vt 0.250000 0.447368
vt 0.250000 0.447368
vt 0.250000 0.447368
vt 0.250000 0.447368
vt 0.250000 0.447368
vt 0.250000 0.447368
vt 0.250000 0.447368
vt 0.250000 0.473684
vt 0.250000 0.473684
vt 0.250000 0.447368
vt 0.250000 0.447368
vt 0.250000 0.473684
vt 0.250000 0.500000
vt 0.250000 0.500000
vt 0.250000 0.500000
vt 0.250000 0.500000
vt 0.250000 0.500000
vt 0.250000 0.500000
vt 0.236842 0.526316
vt 0.236842 0.526316
vt 0.236842 0.500000
vt 0.236842 0.526316
vt 0.236842 0.526316
vt 0.236842 0.500000
vt 0.220395 0.552632
vt 0.220395 0.526316
vt 0.220395 0.526316
vt 0.220395 0.552632
vt 0.204887 0.578947
vt 0.204887 0.578947
vt 0.204887 0.552632
vt 0.204887 0.578947
vt 0.204887 0.578947
vt 0.204887 0.578947
vt 0.204887 0.578947
vt 0.204887 0.578947
vt 0.204887 0.578947
vt 0.204887 0.578947
vt 0.204887 0.578947
vt 0.204887 0.578947
vt 0.204887 0.578947
vt 0.204887 0.578947
vt 0.204887 0.578947
vt 0.204887 0.552632
vt 0.065789 0.605263
vt 0.065789 0.578947
vt 0.065789 0.578947
vt 0.065789 0.605263
vt 0.078947 0.631579
vt 0.078947 0.631579
vt 0.078947 0.605263
vt 0.078947 0.605263
vt 0.078947 0.631579
vt 0.078947 0.631579
vt 0.078947 0.605263
vt 0.078947 0.605263
vt 0.052632 0.631579
vt 0.052632 0.657895
vt 0.052632 0.657895
vt 0.052632 0.631579
vt 0.052632 0.631579
vt 0.052632 0.657895
vt 0.052632 0.657895
vt 0.052632 0.631579
vt 0.052632 0.684211
vt 0.052632 0.684211
vt 0.052632 0.684211
vt 0.052632 0.684211
vt 0.131579 0.710526
vt 0.131579 0.710526
vt 0.131579 0.684211
vt 0.131579 0.684211
vt 0.131579 0.684211
vt 0.131579 0.684211
vt 0.131579 0.684211
vt 0.131579 0.684211
vt 0.131579 0.684211
vt 0.131579 0.710526
vt 0.131579 0.710526
vt 0.131579 0.684211
vt 0.109649 0.736842
vt 0.109649 0.736842
vt 0.109649 0.710526
vt 0.109649 0.736842
vt 0.109649 0.736842
vt 0.109649 0.736842
vt 0.109649 0.736842
vt 0.109649 0.736842
vt 0.109649 0.736842
vt 0.109649 0.736842
vt 0.109649 0.710526
vt 0.131579 0.000000
vt 0.131579 0.000000
vt 0.131579 0.026316
vt 0.131579 0.000000
vt 0.131579 0.000000
vt 0.131579 0.000000
vt 0.131579 0.000000
vt 0.131579 0.000000
vt 0.131579 0.000000
vt 0.131579 0.000000
vt 0.131579 0.026316
vt 0.171053 0.026316
vt 0.171053 0.026316
vt 0.171053 0.052632
vt 0.171053 0.026316
vt 0.171053 0.026316
vt 0.171053 0.026316
vt 0.171053 0.026316
vt 0.171053 0.026316
vt 0.171053 0.026316
vt 0.171053 0.052632
vt 0.184211 0.052632
vt 0.184211 0.078947
vt 0.184211 0.078947
vt 0.184211 0.052632
vt 0.184211 0.052632
vt 0.184211 0.078947
vt 0.184211 0.078947
vt 0.184211 0.052632
vt 0.210526 0.078947
vt 0.210526 0.105263
vt 0.210526 0.105263
vt 0.210526 0.078947
vt 0.210526 0.078947
vt 0.210526 0.105263
vt 0.210526 0.105263
vt 0.210526 0.078947
vt 0.210526 0.131579
vt 0.210526 0.131579
vt 0.210526 0.131579
vt 0.210526 0.131579
vt 0.210526 0.157895
vt 0.210526 0.157895
vt 0.210526 0.157895
vt 0.210526 0.157895
vt 0.210526 0.184211
vt 0.210526 0.184211
vt 0.210526 0.184211
vt 0.210526 0.184211
vt 0.210526 0.210526
vt 0.210526 0.210526
vt 0.210526 0.236842
vt 0.210526 0.236842
vt 0.210526 0.263158
vt 0.210526 0.263158
vt 0.210526 0.263158
vt 0.210526 0.263158
vt 0.210526 0.263158
vt 0.210526 0.263158
vt 0.197368 0.289474
vt 0.197368 0.263158
vt 0.197368 0.263158
vt 0.197368 0.289474
vt 0.197368 0.315789
vt 0.197368 0.315789
vt 0.184211 0.342105
vt 0.184211 0.315789
vt 0.184211 0.315789
vt 0.184211 0.342105
vt 0.184211 0.368421
vt 0.184211 0.368421
vt 0.184211 0.368421
vt 0.184211 0.368421
vt 0.157895 0.394737
vt 0.157895 0.368421
vt 0.157895 0.368421
vt 0.157895 0.394737
vt 0.144737 0.394737
vt 0.144737 0.421053
vt 0.144737 0.421053
vt 0.144737 0.394737
vt 0.144737 0.394737
vt 0.144737 0.421053
vt 0.144737 0.394737
vt 0.144737 0.421053
vt 0.144737 0.421053
vt 0.144737 0.394737
vt 0.144737 0.394737
vt 0.144737 0.421053
vt 0.131579 0.447368
vt 0.131579 0.421053
vt 0.131579 0.421053
vt 0.131579 0.447368
vt 0.250000 0.447368
vt 0.250000 0.447368
vt 0.250000 0.473684
vt 0.250000 0.447368
vt 0.250000 0.447368
vt 0.250000 0.447368
vt 0.250000 0.447368
vt 0.250000 0.447368
vt 0.250000 0.447368
vt 0.250000 0.447368
vt 0.250000 0.447368
vt 0.250000 0.473684
vt 0.250000 0.500000
vt 0.250000 0.500000
vt 0.236842 0.526316
vt 0.236842 0.526316
vt 0.236842 0.500000
vt 0.236842 0.526316
vt 0.236842 0.526316
vt 0.236842 0.500000
vt 0.220395 0.552632
vt 0.220395 0.526316
vt 0.220395 0.526316
vt 0.220395 0.552632
vt 0.204887 0.578947
vt 0.204887 0.578947
vt 0.204887 0.552632
vt 0.204887 0.578947
vt 0.204887 0.578947
vt 0.204887 0.578947
vt 0.204887 0.578947
vt 0.204887 0.578947
vt 0.204887 0.578947
vt 0.204887 0.578947
vt 0.204887 0.578947
vt 0.204887 0.578947
vt 0.204887 0.578947
vt 0.204887 0.552632
vt 0.065789 0.578947
vt 0.065789 0.605263
vt 0.065789 0.605263
vt 0.065789 0.578947
vt 0.065789 0.578947
vt 0.065789 0.605263
vt 0.065789 0.578947
vt 0.065789 0.605263
vt 0.065789 0.605263
vt 0.065789 0.578947
vt 0.065789 0.578947
vt 0.065789 0.605263
vt 0.078947 0.631579
vt 0.078947 0.631579
vt 0.078947 0.605263
vt 0.078947 0.631579
vt 0.078947 0.631579
vt 0.078947 0.631579
vt 0.078947 0.631579
vt 0.078947 0.631579
vt 0.078947 0.631579
vt 0.078947 0.605263
vt 0.052632 0.631579
vt 0.052632 0.657895
vt 0.052632 0.657895
vt 0.052632 0.631579
vt 0.052632 0.657895
vt 0.052632 0.631579
vt 0.052632 0.684211
vt 0.052632 0.684211
vt 0.052632 0.684211
vt 0.131579 0.710526
vt 0.131579 0.710526
vt 0.131579 0.684211
vt 0.131579 0.684211
vt 0.131579 0.684211
vt 0.131579 0.684211
vt 0.131579 0.684211
vt 0.131579 0.684211
vt 0.131579 0.684211
vt 0.131579 0.684211
vt 0.131579 0.684211
vt 0.131579 0.684211
vt 0.131579 0.684211
vt 0.131579 0.710526
vt 0.131579 0.710526
vt 0.131579 0.684211
vt 0.109649 0.736842
vt 0.109649 0.736842
vt 0.109649 0.710526
vt 0.109649 0.736842
vt 0.109649 0.736842
vt 0.109649 0.736842
vt 0.109649 0.736842
vt 0.109649 0.736842
vt 0.109649 0.736842
vt 0.109649 0.736842
vt 0.109649 0.710526
vt 0.131579 0.000000
vt 0.131579 0.026316
vt 0.131579 0.026316
vt 0.131579 0.000000
vt 0.131579 0.026316
vt 0.131579 0.000000
vt 0.131579 0.000000
vt 0.131579 0.000000
vt 0.131579 0.000000
vt 0.131579 0.000000
vt 0.131579 0.026316
vt 0.131579 0.026316
vt 0.131579 0.000000
vt 0.131579 0.026316
vt 0.131579 0.000000
vt 0.171053 0.026316
vt 0.171053 0.052632
vt 0.171053 0.052632
vt 0.171053 0.026316
vt 0.171053 0.026316
vt 0.171053 0.026316
vt 0.171053 0.026316
vt 0.171053 0.052632
vt 0.171053 0.052632
vt 0.171053 0.026316
vt 0.184211 0.052632
vt 0.184211 0.078947
vt 0.184211 0.078947
vt 0.184211 0.052632
vt 0.184211 0.052632
vt 0.184211 0.078947
vt 0.184211 0.078947
vt 0.184211 0.052632
vt 0.210526 0.078947
vt 0.210526 0.078947
vt 0.210526 0.078947
vt 0.210526 0.105263
vt 0.210526 0.078947
vt 0.210526 0.078947
vt 0.210526 0.078947
vt 0.210526 0.105263
vt 0.210526 0.131579
vt 0.210526 0.131579
vt 0.210526 0.157895
vt 0.210526 0.157895
vt 0.210526 0.184211
vt 0.210526 0.184211
vt 0.210526 0.184211
vt 0.210526 0.210526
vt 0.210526 0.210526
vt 0.210526 0.210526
vt 0.210526 0.210526
vt 0.210526 0.184211
vt 0.210526 0.236842
vt 0.210526 0.236842
vt 0.210526 0.236842
vt 0.210526 0.236842
vt 0.210526 0.263158
vt 0.210526 0.263158
vt 0.210526 0.263158
vt 0.210526 0.263158
vt 0.197368 0.289474
vt 0.197368 0.263158
vt 0.197368 0.263158
vt 0.197368 0.289474
vt 0.197368 0.315789
vt 0.197368 0.315789
vt 0.184211 0.342105
vt 0.184211 0.315789
vt 0.184211 0.315789
vt 0.184211 0.342105
vt 0.184211 0.368421
vt 0.184211 0.368421
vt 0.184211 0.368421
vt 0.184211 0.368421
vt 0.157895 0.368421
vt 0.157895 0.394737
vt 0.157895 0.394737
vt 0.157895 0.368421
vt 0.157895 0.394737
vt 0.157895 0.368421
vt 0.157895 0.394737
vt 0.157895 0.394737
vt 0.157895 0.368421
vt 0.157895 0.394737
vt 0.144737 0.421053
vt 0.144737 0.394737
vt 0.144737 0.394737
vt 0.144737 0.421053
vt 0.131579 0.447368
vt 0.131579 0.421053
vt 0.131579 0.421053
vt 0.131579 0.447368
vt 0.250000 0.447368
vt 0.250000 0.447368
vt 0.250000 0.473684
vt 0.250000 0.447368
vt 0.250000 0.447368
vt 0.250000 0.447368
vt 0.250000 0.447368
vt 0.250000 0.447368
vt 0.250000 0.447368
vt 0.250000 0.447368
vt 0.250000 0.447368
vt 0.250000 0.473684
vt 0.250000 0.500000
vt 0.250000 0.500000
vt 0.236842 0.500000
vt 0.236842 0.526316
vt 0.236842 0.526316
vt 0.236842 0.500000
vt 0.236842 0.500000
vt 0.236842 0.526316
vt 0.236842 0.526316
vt 0.236842 0.500000
vt 0.220395 0.552632
vt 0.220395 0.526316
vt 0.220395 0.526316
vt 0.220395 0.552632
vt 0.204887 0.552632
vt 0.204887 0.578947
vt 0.204887 0.578947
vt 0.204887 0.552632
vt 0.204887 0.578947
vt 0.204887 0.578947
vt 0.204887 0.578947
vt 0.204887 0.578947
vt 0.204887 0.578947
vt 0.204887 0.578947
vt 0.204887 0.578947
vt 0.204887 0.578947
vt 0.204887 0.578947
vt 0.204887 0.578947
vt 0.204887 0.578947
vt 0.204887 0.578947
vt 0.204887 0.578947
vt 0.204887 0.552632
vt 0.204887 0.578947
vt 0.204887 0.552632
vt 0.065789 0.605263
vt 0.065789 0.578947
vt 0.065789 0.578947
vt 0.065789 0.605263
vt 0.078947 0.605263
vt 0.078947 0.631579
vt 0.078947 0.631579
vt 0.078947 0.605263
vt 0.078947 0.605263
vt 0.078947 0.631579
vt 0.078947 0.631579
vt 0.078947 0.631579
vt 0.078947 0.631579
vt 0.078947 0.631579
vt 0.078947 0.605263
vt 0.078947 0.631579
vt 0.078947 0.605263
vt 0.078947 0.605263
vt 0.131579 0.684211
vt 0.131579 0.710526
vt 0.131579 0.710526
vt 0.131579 0.684211
vt 0.131579 0.684211
vt 0.131579 0.684211
vt 0.131579 0.684211
vt 0.131579 0.684211
vt 0.131579 0.684211
vt 0.131579 0.684211
vt 0.131579 0.684211
vt 0.131579 0.684211
vt 0.131579 0.684211
vt 0.131579 0.710526
vt 0.131579 0.710526
vt 0.131579 0.684211
vt 0.109649 0.710526
vt 0.109649 0.736842
vt 0.109649 0.736842
vt 0.109649 0.710526
vt 0.109649 0.736842
vt 0.109649 0.736842
vt 0.109649 0.736842
vt 0.109649 0.736842
vt 0.109649 0.736842
vt 0.109649 0.736842
vt 0.109649 0.710526
vt 0.109649 0.736842
vt 0.109649 0.710526
vt 0.131579 0.000000
vt 0.131579 0.026316
vt 0.131579 0.026316
vt 0.131579 0.000000
vt 0.131579 0.026316
vt 0.131579 0.000000
vt 0.131579 0.026316
vt 0.131579 0.000000
vt 0.131579 0.026316
vt 0.131579 0.000000
vt 0.171053 0.026316
vt 0.171053 0.052632
vt 0.171053 0.052632
vt 0.171053 0.026316
vt 0.171053 0.026316
vt 0.171053 0.026316
vt 0.171053 0.026316
vt 0.171053 0.026316
vt 0.171053 0.026316
vt 0.171053 0.026316
vt 0.171053 0.026316
vt 0.171053 0.026316
vt 0.171053 0.026316
vt 0.171053 0.052632
vt 0.171053 0.052632
vt 0.171053 0.026316
vt 0.184211 0.052632
vt 0.184211 0.078947
vt 0.184211 0.078947
vt 0.184211 0.052632
vt 0.184211 0.052632
vt 0.184211 0.078947
vt 0.184211 0.078947
vt 0.184211 0.052632
vt 0.210526 0.078947
vt 0.210526 0.105263
vt 0.210526 0.105263
vt 0.210526 0.078947
vt 0.210526 0.078947
vt 0.210526 0.078947
vt 0.210526 0.078947
vt 0.210526 0.078947
vt 0.210526 0.078947
vt 0.210526 0.105263
vt 0.210526 0.105263
vt 0.210526 0.078947
vt 0.210526 0.131579
vt 0.210526 0.131579
vt 0.210526 0.131579
vt 0.210526 0.131579
vt 0.210526 0.157895
vt 0.210526 0.157895
vt 0.210526 0.157895
vt 0.210526 0.157895
vt 0.210526 0.184211
vt 0.210526 0.184211
vt 0.210526 0.184211
vt 0.210526 0.184211
vt 0.210526 0.210526
vt 0.210526 0.210526
vt 0.210526 0.236842
vt 0.210526 0.236842
vt 0.210526 0.263158
vt 0.210526 0.263158
vt 0.197368 0.263158
vt 0.197368 0.289474
vt 0.197368 0.289474
vt 0.197368 0.263158
vt 0.197368 0.263158
vt 0.197368 0.289474
vt 0.197368 0.289474
vt 0.197368 0.263158
vt 0.197368 0.315789
vt 0.197368 0.315789
vt 0.197368 0.315789
vt 0.197368 0.315789
vt 0.184211 0.315789
vt 0.184211 0.342105
vt 0.184211 0.342105
vt 0.184211 0.315789
vt 0.184211 0.315789
vt 0.184211 0.342105
vt 0.184211 0.342105
vt 0.184211 0.315789
vt 0.184211 0.368421
vt 0.184211 0.368421
vt 0.184211 0.368421
vt 0.184211 0.368421
vt 0.184211 0.368421
vt 0.184211 0.368421
vt 0.184211 0.368421
vt 0.184211 0.368421
vt 0.157895 0.394737
vt 0.157895 0.368421
vt 0.157895 0.368421
vt 0.157895 0.394737
vt 0.144737 0.421053
vt 0.144737 0.394737
vt 0.144737 0.394737
vt 0.144737 0.421053
vt 0.131579 0.421053
vt 0.131579 0.447368
vt 0.131579 0.447368
vt 0.131579 0.421053
vt 0.131579 0.421053
vt 0.131579 0.447368
vt 0.131579 0.447368
vt 0.131579 0.421053
vt 0.250000 0.447368
vt 0.250000 0.447368
vt 0.250000 0.473684
vt 0.250000 0.447368
vt 0.250000 0.447368
vt 0.250000 0.447368
vt 0.250000 0.447368
vt 0.250000 0.447368
vt 0.250000 0.447368
vt 0.250000 0.447368
vt 0.250000 0.447368
vt 0.250000 0.473684
vt 0.250000 0.500000
vt 0.250000 0.500000
vt 0.250000 0.500000
vt 0.250000 0.500000
vt 0.250000 0.500000
vt 0.250000 0.500000
vt 0.236842 0.526316
vt 0.236842 0.500000
vt 0.236842 0.500000
vt 0.236842 0.526316
vt 0.220395 0.526316
vt 0.220395 0.552632
vt 0.220395 0.552632
vt 0.220395 0.526316
vt 0.220395 0.552632
vt 0.220395 0.526316
vt 0.220395 0.552632
vt 0.220395 0.552632
vt 0.220395 0.526316
vt 0.220395 0.552632
vt 0.204887 0.578947
vt 0.204887 0.578947
vt 0.204887 0.552632
vt 0.204887 0.578947
vt 0.204887 0.578947
vt 0.204887 0.578947
vt 0.204887 0.578947
vt 0.204887 0.578947
vt 0.204887 0.578947
vt 0.204887 0.578947
vt 0.204887 0.578947
vt 0.204887 0.578947
vt 0.204887 0.578947
vt 0.204887 0.552632
vt 0.065789 0.578947
vt 0.065789 0.605263
vt 0.065789 0.605263
vt 0.065789 0.578947
vt 0.065789 0.605263
vt 0.065789 0.578947
vt 0.065789 0.605263
vt 0.065789 0.578947
vt 0.065789 0.605263
vt 0.065789 0.578947
vt 0.078947 0.605263
vt 0.078947 0.631579
vt 0.078947 0.631579
vt 0.078947 0.605263
vt 0.078947 0.631579
vt 0.078947 0.605263
vt 0.078947 0.631579
vt 0.078947 0.605263
vt 0.078947 0.631579
vt 0.078947 0.605263
vt 0.131579 0.710526
vt 0.131579 0.710526
vt 0.131579 0.710526
vt 0.131579 0.684211
vt 0.131579 0.684211
vt 0.131579 0.684211
vt 0.131579 0.684211
vt 0.131579 0.684211
vt 0.131579 0.684211
vt 0.131579 0.684211
vt 0.131579 0.684211
vt 0.131579 0.710526
vt 0.131579 0.710526
vt 0.131579 0.710526
vt 0.131579 0.684211
vt 0.109649 0.710526
vt 0.109649 0.736842
vt 0.109649 0.736842
vt 0.109649 0.710526
vt 0.109649 0.736842
vt 0.109649 0.736842
vt 0.109649 0.736842
vt 0.109649 0.736842
vt 0.109649 0.710526
vt 0.109649 0.736842
vt 0.109649 0.710526
vt 0.171053 0.026316
vt 0.171053 0.052632
vt 0.171053 0.052632
vt 0.171053 0.026316
vt 0.171053 0.026316
vt 0.171053 0.026316
vt 0.171053 0.026316
vt 0.171053 0.026316
vt 0.171053 0.026316
vt 0.171053 0.026316
vt 0.171053 0.026316
vt 0.171053 0.026316
vt 0.171053 0.026316
vt 0.171053 0.052632
vt 0.171053 0.052632
vt 0.171053 0.026316
vt 0.184211 0.052632
vt 0.184211 0.078947
vt 0.184211 0.078947
vt 0.184211 0.052632
vt 0.184211 0.052632
vt 0.184211 0.078947
vt 0.184211 0.078947
vt 0.184211 0.052632
vt 0.210526 0.078947
vt 0.210526 0.105263
vt 0.210526 0.105263
vt 0.210526 0.078947
vt 0.210526 0.078947
vt 0.210526 0.078947
vt 0.210526 0.078947
vt 0.210526 0.078947
vt 0.210526 0.078947
vt 0.210526 0.105263
vt 0.210526 0.105263
vt 0.210526 0.078947
vt 0.210526 0.131579
vt 0.210526 0.131579
vt 0.210526 0.131579
vt 0.210526 0.131579
vt 0.210526 0.157895
vt 0.210526 0.157895
vt 0.210526 0.157895
vt 0.210526 0.157895
vt 0.210526 0.184211
vt 0.210526 0.184211
vt 0.210526 0.184211
vt 0.210526 0.184211
vt 0.210526 0.184211
vt 0.210526 0.210526
vt 0.210526 0.210526
vt 0.210526 0.210526
vt 0.210526 0.210526
vt 0.210526 0.184211
vt 0.210526 0.236842
vt 0.210526 0.236842
vt 0.210526 0.236842
vt 0.210526 0.236842
vt 0.210526 0.263158
vt 0.210526 0.263158
vt 0.210526 0.263158
vt 0.210526 0.263158
vt 0.210526 0.263158
vt 0.210526 0.263158
vt 0.197368 0.289474
vt 0.197368 0.263158
vt 0.197368 0.263158
vt 0.197368 0.289474
vt 0.197368 0.315789
vt 0.197368 0.315789
vt 0.184211 0.315789
vt 0.184211 0.342105
vt 0.184211 0.342105
vt 0.184211 0.315789
vt 0.184211 0.315789
vt 0.184211 0.342105
vt 0.184211 0.342105
vt 0.184211 0.315789
vt 0.184211 0.368421
vt 0.184211 0.368421
vt 0.184211 0.368421
vt 0.184211 0.368421
vt 0.157895 0.368421
vt 0.157895 0.394737
vt 0.157895 0.394737
vt 0.157895 0.368421
vt 0.157895 0.368421
vt 0.157895 0.394737
vt 0.157895 0.394737
vt 0.157895 0.368421
vt 0.144737 0.394737
vt 0.144737 0.421053
vt 0.144737 0.421053
vt 0.144737 0.394737
vt 0.144737 0.421053
vt 0.144737 0.394737
vt 0.144737 0.421053
vt 0.144737 0.421053
vt 0.144737 0.394737
vt 0.144737 0.421053
vt 0.131579 0.447368
vt 0.131579 0.421053
vt 0.131579 0.421053
vt 0.131579 0.447368
vt 0.250000 0.447368
vt 0.250000 0.473684
vt 0.250000 0.473684
vt 0.250000 0.447368
vt 0.250000 0.447368
vt 0.250000 0.447368
vt 0.250000 0.447368
vt 0.250000 0.447368
vt 0.250000 0.447368
vt 0.250000 0.447368
vt 0.250000 0.447368
vt 0.250000 0.447368
vt 0.250000 0.447368
vt 0.250000 0.447368
vt 0.250000 0.447368
vt 0.250000 0.473684
vt 0.250000 0.473684
vt 0.250000 0.447368
vt 0.250000 0.500000
vt 0.250000 0.500000
vt 0.250000 0.500000
vt 0.250000 0.500000
vt 0.236842 0.500000
vt 0.236842 0.526316
vt 0.236842 0.526316
vt 0.236842 0.500000
vt 0.236842 0.526316
vt 0.236842 0.500000
vt 0.236842 0.526316
vt 0.236842 0.526316
vt 0.236842 0.500000
vt 0.236842 0.526316
vt 0.220395 0.552632
vt 0.220395 0.526316
vt 0.220395 0.526316
vt 0.220395 0.552632
vt 0.204887 0.552632
vt 0.204887 0.578947
vt 0.204887 0.578947
vt 0.204887 0.552632
vt 0.204887 0.578947
vt 0.204887 0.578947
vt 0.204887 0.578947
vt 0.204887 0.578947
vt 0.204887 0.578947
vt 0.204887 0.578947
vt 0.204887 0.578947
vt 0.204887 0.578947
vt 0.204887 0.578947
vt 0.204887 0.578947
vt 0.204887 0.578947
vt 0.204887 0.578947
vt 0.204887 0.578947
vt 0.204887 0.578947
vt 0.204887 0.578947
vt 0.204887 0.552632
vt 0.204887 0.578947
vt 0.204887 0.552632
vt 0.131579 0.684211
vt 0.131579 0.710526
vt 0.131579 0.710526
vt 0.131579 0.684211
vt 0.131579 0.710526
vt 0.131579 0.684211
vt 0.131579 0.710526
vt 0.131579 0.684211
vt 0.131579 0.684211
vt 0.131579 0.684211
vt 0.131579 0.684211
vt 0.131579 0.710526
vt 0.131579 0.710526
vt 0.131579 0.684211
vt 0.131579 0.710526
vt 0.131579 0.710526
vt 0.131579 0.684211
vt 0.109649 0.710526
vt 0.109649 0.736842
vt 0.109649 0.736842
vt 0.109649 0.710526
vt 0.109649 0.736842
vt 0.109649 0.710526
vt 0.109649 0.736842
vt 0.109649 0.710526
vt 0.109649 0.736842
vt 0.109649 0.710526
vt 0.171053 0.026316
vt 0.171053 0.052632
vt 0.171053 0.052632
vt 0.171053 0.026316
vt 0.171053 0.052632
vt 0.171053 0.026316
vt 0.171053 0.052632
vt 0.171053 0.026316
vt 0.171053 0.052632
vt 0.171053 0.026316
vt 0.171053 0.052632
vt 0.171053 0.026316
vt 0.171053 0.052632
vt 0.171053 0.026316
vt 0.184211 0.052632
vt 0.184211 0.078947
vt 0.184211 0.078947
vt 0.184211 0.052632
vt 0.184211 0.078947
vt 0.184211 0.052632
vt 0.184211 0.078947
vt 0.184211 0.052632
vt 0.184211 0.078947
vt 0.184211 0.052632
vt 0.184211 0.078947
vt 0.184211 0.052632
vt 0.184211 0.078947
vt 0.184211 0.052632
vt 0.210526 0.078947
vt 0.210526 0.105263
vt 0.210526 0.105263
vt 0.210526 0.078947
vt 0.210526 0.105263
vt 0.210526 0.078947
vt 0.210526 0.078947
vt 0.210526 0.078947
vt 0.210526 0.105263
vt 0.210526 0.105263
vt 0.210526 0.078947
vt 0.210526 0.078947
vt 0.210526 0.105263
vt 0.210526 0.078947
vt 0.210526 0.131579
vt 0.210526 0.131579
vt 0.210526 0.131579
vt 0.210526 0.131579
vt 0.210526 0.131579
vt 0.210526 0.131579
vt 0.210526 0.157895
vt 0.210526 0.157895
vt 0.210526 0.157895
vt 0.210526 0.157895
vt 0.210526 0.157895
vt 0.210526 0.157895
vt 0.210526 0.184211
vt 0.210526 0.184211
vt 0.210526 0.184211
vt 0.210526 0.184211
vt 0.210526 0.184211
vt 0.210526 0.184211
vt 0.210526 0.184211
vt 0.210526 0.210526
vt 0.210526 0.210526
vt 0.210526 0.210526
vt 0.210526 0.210526
vt 0.210526 0.184211
vt 0.210526 0.236842
vt 0.210526 0.236842
vt 0.210526 0.236842
vt 0.210526 0.236842
vt 0.210526 0.263158
vt 0.210526 0.263158
vt 0.210526 0.263158
vt 0.210526 0.263158
vt 0.197368 0.263158
vt 0.197368 0.289474
vt 0.197368 0.289474
vt 0.197368 0.263158
vt 0.197368 0.263158
vt 0.197368 0.289474
vt 0.197368 0.289474
vt 0.197368 0.263158
vt 0.197368 0.315789
vt 0.197368 0.315789
vt 0.197368 0.315789
vt 0.197368 0.315789
vt 0.197368 0.315789
vt 0.197368 0.315789
vt 0.184211 0.315789
vt 0.184211 0.342105
vt 0.184211 0.342105
vt 0.184211 0.315789
vt 0.184211 0.315789
vt 0.184211 0.342105
vt 0.184211 0.342105
vt 0.184211 0.315789
vt 0.184211 0.368421
vt 0.184211 0.368421
vt 0.184211 0.368421
vt 0.184211 0.368421
vt 0.184211 0.368421
vt 0.184211 0.368421
vt 0.157895 0.368421
vt 0.157895 0.394737
vt 0.157895 0.394737
vt 0.157895 0.368421
vt 0.157895 0.394737
vt 0.157895 0.368421
vt 0.157895 0.368421
vt 0.157895 0.394737
vt 0.157895 0.394737
vt 0.157895 0.368421
vt 0.157895 0.394737
vt 0.157895 0.368421
vt 0.144737 0.394737
vt 0.144737 0.421053
vt 0.144737 0.421053
vt 0.144737 0.394737
vt 0.144737 0.421053
vt 0.144737 0.394737
vt 0.144737 0.394737
vt 0.144737 0.421053
vt 0.144737 0.421053
vt 0.144737 0.394737
vt 0.144737 0.421053
vt 0.144737 0.394737
vt 0.131579 0.421053
vt 0.131579 0.447368
vt 0.131579 0.447368
vt 0.131579 0.421053
vt 0.131579 0.447368
vt 0.131579 0.421053
vt 0.131579 0.421053
vt 0.131579 0.447368
vt 0.131579 0.447368
vt 0.131579 0.421053
vt 0.131579 0.447368
vt 0.131579 0.421053
vt 0.250000 0.447368
vt 0.250000 0.473684
vt 0.250000 0.473684
vt 0.250000 0.447368
vt 0.250000 0.447368
vt 0.250000 0.447368
vt 0.250000 0.447368
vt 0.250000 0.447368
vt 0.250000 0.447368
vt 0.250000 0.447368
vt 0.250000 0.447368
vt 0.250000 0.473684
vt 0.250000 0.473684
vt 0.250000 0.447368
vt 0.250000 0.500000
vt 0.250000 0.500000
vt 0.250000 0.500000
vt 0.250000 0.500000
vt 0.250000 0.500000
vt 0.250000 0.500000
vt 0.236842 0.500000
vt 0.236842 0.526316
vt 0.236842 0.526316
vt 0.236842 0.500000
vt 0.236842 0.500000
vt 0.236842 0.526316
vt 0.236842 0.526316
vt 0.236842 0.500000
vt 0.220395 0.526316
vt 0.220395 0.552632
vt 0.220395 0.552632
vt 0.220395 0.526316
vt 0.220395 0.552632
vt 0.220395 0.526316
vt 0.220395 0.552632
vt 0.220395 0.552632
vt 0.220395 0.526316
vt 0.220395 0.552632
vt 0.204887 0.552632
vt 0.204887 0.578947
vt 0.204887 0.578947
vt 0.204887 0.552632
vt 0.204887 0.578947
vt 0.204887 0.578947
vt 0.204887 0.578947
vt 0.204887 0.578947
vt 0.204887 0.578947
vt 0.204887 0.578947
vt 0.204887 0.578947
vt 0.204887 0.578947
vt 0.204887 0.578947
vt 0.204887 0.578947
vt 0.204887 0.552632
vt 0.204887 0.578947
vt 0.204887 0.552632
vt 0.131579 0.684211
vt 0.131579 0.710526
vt 0.131579 0.710526
vt 0.131579 0.684211
vt 0.131579 0.710526
vt 0.131579 0.710526
vt 0.131579 0.684211
vt 0.131579 0.710526
vt 0.131579 0.710526
vt 0.131579 0.684211
vt 0.131579 0.710526
vt 0.131579 0.710526
vt 0.131579 0.684211
vt 0.210526 0.078947
vt 0.210526 0.105263
vt 0.210526 0.105263
vt 0.210526 0.078947
vt 0.210526 0.078947
vt 0.210526 0.105263
vt 0.210526 0.078947
vt 0.210526 0.078947
vt 0.210526 0.105263
vt 0.210526 0.078947
vt 0.210526 0.078947
vt 0.210526 0.105263
vt 0.210526 0.078947
vt 0.210526 0.078947
vt 0.210526 0.105263
vt 0.210526 0.078947
vt 0.210526 0.078947
vt 0.210526 0.105263
vt 0.210526 0.078947
vt 0.210526 0.131579
vt 0.210526 0.131579
vt 0.210526 0.131579
vt 0.210526 0.131579
vt 0.210526 0.131579
vt 0.210526 0.131579
vt 0.210526 0.131579
vt 0.210526 0.157895
vt 0.210526 0.157895
vt 0.210526 0.157895
vt 0.210526 0.157895
vt 0.210526 0.157895
vt 0.210526 0.157895
vt 0.210526 0.157895
vt 0.210526 0.184211
vt 0.210526 0.184211
vt 0.210526 0.184211
vt 0.210526 0.184211
vt 0.210526 0.184211
vt 0.210526 0.184211
vt 0.210526 0.184211
vt 0.210526 0.184211
vt 0.210526 0.210526
vt 0.210526 0.210526
vt 0.210526 0.184211
vt 0.210526 0.210526
vt 0.210526 0.210526
vt 0.210526 0.210526
vt 0.210526 0.184211
vt 0.210526 0.210526
vt 0.210526 0.184211
vt 0.210526 0.236842
vt 0.210526 0.236842
vt 0.210526 0.236842
vt 0.210526 0.236842
vt 0.210526 0.236842
vt 0.210526 0.236842
vt 0.210526 0.263158
vt 0.210526 0.263158
vt 0.210526 0.263158
vt 0.210526 0.263158
vt 0.210526 0.263158
vt 0.210526 0.263158
vt 0.197368 0.263158
vt 0.197368 0.289474
vt 0.197368 0.289474
vt 0.197368 0.263158
vt 0.197368 0.289474
vt 0.197368 0.263158
vt 0.197368 0.263158
vt 0.197368 0.289474
vt 0.197368 0.289474
vt 0.197368 0.263158
vt 0.197368 0.289474
vt 0.197368 0.263158
vt 0.197368 0.315789
vt 0.197368 0.315789
vt 0.197368 0.315789
vt 0.197368 0.315789
vt 0.197368 0.315789
vt 0.197368 0.315789
vt 0.197368 0.315789
vt 0.197368 0.315789
vt 0.184211 0.315789
vt 0.184211 0.342105
vt 0.184211 0.342105
vt 0.184211 0.315789
vt 0.184211 0.315789
vt 0.184211 0.342105
vt 0.184211 0.342105
vt 0.184211 0.315789
vt 0.184211 0.368421
vt 0.184211 0.368421
vt 0.184211 0.368421
vt 0.184211 0.368421
vt 0.184211 0.368421
vt 0.184211 0.368421
vt 0.184211 0.368421
vt 0.184211 0.368421
vt 0.184211 0.368421
vt 0.184211 0.368421
vt 0.157895 0.368421
vt 0.157895 0.394737
vt 0.157895 0.394737
vt 0.157895 0.368421
vt 0.157895 0.394737
vt 0.157895 0.368421
vt 0.157895 0.394737
vt 0.157895 0.368421
vt 0.157895 0.394737
vt 0.157895 0.368421
vt 0.144737 0.394737
vt 0.144737 0.421053
vt 0.144737 0.421053
vt 0.144737 0.394737
vt 0.144737 0.421053
vt 0.144737 0.394737
vt 0.144737 0.421053
vt 0.144737 0.394737
vt 0.144737 0.421053
vt 0.144737 0.394737
vt 0.131579 0.421053
vt 0.131579 0.447368
vt 0.131579 0.447368
vt 0.131579 0.421053
vt 0.131579 0.447368
vt 0.131579 0.421053
vt 0.131579 0.447368
vt 0.131579 0.421053
vt 0.131579 0.447368
vt 0.131579 0.421053
vt 0.250000 0.447368
vt 0.250000 0.473684
vt 0.250000 0.473684
vt 0.250000 0.447368
vt 0.250000 0.447368
vt 0.250000 0.447368
vt 0.250000 0.447368
vt 0.250000 0.447368
vt 0.250000 0.447368
vt 0.250000 0.447368
vt 0.250000 0.447368
vt 0.250000 0.447368
vt 0.250000 0.447368
vt 0.250000 0.447368
vt 0.250000 0.447368
vt 0.250000 0.447368
vt 0.250000 0.447368
vt 0.250000 0.473684
vt 0.250000 0.473684
vt 0.250000 0.447368
vt 0.250000 0.500000
vt 0.250000 0.500000
vt 0.250000 0.500000
vt 0.250000 0.500000
vt 0.250000 0.500000
vt 0.250000 0.500000
vt 0.236842 0.500000
vt 0.236842 0.526316
vt 0.236842 0.526316
vt 0.236842 0.500000
vt 0.236842 0.500000
vt 0.236842 0.526316
vt 0.236842 0.526316
vt 0.236842 0.500000
vt 0.220395 0.526316
vt 0.220395 0.552632
vt 0.220395 0.552632
vt 0.220395 0.526316
vt 0.220395 0.552632
vt 0.220395 0.552632
vt 0.220395 0.526316
vt 0.220395 0.526316
vt 0.220395 0.552632
vt 0.220395 0.552632
vt 0.220395 0.526316
vt 0.220395 0.552632
vt 0.220395 0.526316
vt 0.220395 0.552632
vt 0.204887 0.552632
vt 0.204887 0.578947
vt 0.204887 0.578947
vt 0.204887 0.552632
vt 0.204887 0.578947
vt 0.204887 0.578947
vt 0.204887 0.578947
vt 0.204887 0.578947
vt 0.204887 0.578947
vt 0.204887 0.578947
vt 0.204887 0.578947
vt 0.204887 0.578947
vt 0.204887 0.552632
vt 0.204887 0.578947
vt 0.204887 0.552632
vt 0.210526 0.184211
vt 0.210526 0.210526
vt 0.210526 0.210526
vt 0.210526 0.184211
vt 0.210526 0.210526
vt 0.210526 0.184211
vt 0.210526 0.210526
vt 0.210526 0.184211
vt 0.210526 0.210526
vt 0.210526 0.184211
vt 0.210526 0.210526
vt 0.210526 0.184211
vt 0.210526 0.210526
vt 0.210526 0.184211
vt 0.210526 0.236842
vt 0.210526 0.236842
vt 0.210526 0.236842
vt 0.210526 0.236842
vt 0.210526 0.236842
vt 0.210526 0.236842
vt 0.210526 0.236842
vt 0.210526 0.263158
vt 0.210526 0.263158
vt 0.210526 0.263158
vt 0.210526 0.263158
vt 0.210526 0.263158
vt 0.210526 0.263158
vt 0.210526 0.263158
vt 0.197368 0.263158
vt 0.197368 0.289474
vt 0.197368 0.289474
vt 0.197368 0.263158
vt 0.197368 0.289474
vt 0.197368 0.263158
vt 0.197368 0.289474
vt 0.197368 0.263158
vt 0.197368 0.289474
vt 0.197368 0.263158
vt 0.197368 0.289474
vt 0.197368 0.263158
vt 0.197368 0.289474
vt 0.197368 0.263158
vt 0.197368 0.315789
vt 0.197368 0.315789
vt 0.197368 0.315789
vt 0.197368 0.315789
vt 0.197368 0.315789
vt 0.197368 0.315789
vt 0.197368 0.315789
vt 0.184211 0.315789
vt 0.184211 0.342105
vt 0.184211 0.342105
vt 0.184211 0.315789
vt 0.184211 0.342105
vt 0.184211 0.315789
vt 0.184211 0.342105
vt 0.184211 0.315789
vt 0.184211 0.342105
vt 0.184211 0.315789
vt 0.184211 0.342105
vt 0.184211 0.315789
vt 0.184211 0.342105
vt 0.184211 0.315789
vt 0.184211 0.368421
vt 0.184211 0.368421
vt 0.184211 0.368421
vt 0.184211 0.368421
vt 0.184211 0.368421
vt 0.184211 0.368421
vt 0.184211 0.368421
vt 0.184211 0.368421
vt 0.184211 0.368421
vt 0.184211 0.368421
vt 0.250000 0.447368
vt 0.250000 0.473684
vt 0.250000 0.473684
vt 0.250000 0.447368
vt 0.250000 0.447368
vt 0.250000 0.447368
vt 0.250000 0.447368
vt 0.250000 0.447368
vt 0.250000 0.447368
vt 0.250000 0.447368
vt 0.250000 0.447368
vt 0.250000 0.447368
vt 0.250000 0.447368
vt 0.250000 0.447368
vt 0.250000 0.447368
vt 0.250000 0.447368
vt 0.250000 0.447368
vt 0.250000 0.473684
vt 0.250000 0.473684
vt 0.250000 0.447368
vt 0.250000 0.500000
vt 0.250000 0.500000
vt 0.250000 0.500000
vt 0.250000 0.500000
vt 0.250000 0.500000
vt 0.250000 0.500000
vt 0.236842 0.500000
vt 0.236842 0.526316
vt 0.236842 0.526316
vt 0.236842 0.500000
vt 0.236842 0.526316
vt 0.236842 0.526316
vt 0.236842 0.500000
vt 0.236842 0.500000
vt 0.236842 0.526316
vt 0.236842 0.526316
vt 0.236842 0.500000
vt 0.236842 0.526316
vt 0.236842 0.500000
vt 0.236842 0.526316
vt 0.220395 0.526316
vt 0.220395 0.552632
vt 0.220395 0.552632
vt 0.220395 0.526316
vt 0.220395 0.552632
vt 0.220395 0.526316
vt 0.220395 0.526316
vt 0.220395 0.552632
vt 0.220395 0.552632
vt 0.220395 0.526316
vt 0.220395 0.552632
vt 0.220395 0.526316
vt 0.204887 0.552632
vt 0.204887 0.578947
vt 0.204887 0.578947
vt 0.204887 0.552632
vt 0.204887 0.578947
vt 0.204887 0.552632
vt 0.204887 0.578947
vt 0.204887 0.552632
vt 0.204887 0.578947
vt 0.204887 0.578947
vt 0.204887 0.552632
vt 0.204887 0.578947
vt 0.204887 0.552632
vt 0.204887 0.578947
vt 0.204887 0.552632
vt 0.204887 0.578947
vt 0.204887 0.552632
vt 0.250000 0.447368
vt 0.250000 0.473684
vt 0.250000 0.473684
vt 0.250000 0.447368
vt 0.250000 0.473684
vt 0.250000 0.447368
vt 0.250000 0.447368
vt 0.250000 0.447368
vt 0.250000 0.447368
vt 0.250000 0.447368
vt 0.250000 0.447368
vt 0.250000 0.447368
vt 0.250000 0.473684
vt 0.250000 0.473684
vt 0.250000 0.447368
vt 0.250000 0.473684
vt 0.250000 0.447368
vt 0.250000 0.500000
vt 0.250000 0.500000
vt 0.250000 0.500000
vt 0.250000 0.500000
vt 0.250000 0.500000
vt 0.250000 0.500000
vt 0.250000 0.500000
vt 0.250000 0.500000
vt 0.250000 0.500000
vt 0.250000 0.500000
vt 0.236842 0.500000
vt 0.236842 0.526316
vt 0.236842 0.526316
vt 0.236842 0.500000
vt 0.236842 0.526316
vt 0.236842 0.526316
vt 0.236842 0.500000
vt 0.236842 0.526316
vt 0.236842 0.500000
vt 0.236842 0.526316
vt 0.236842 0.500000
vt 0.236842 0.526316
vt 0.236842 0.500000
vt 0.236842 0.526316
vt 0.236842 0.500000
vt 0.236842 0.526316
vt 0.220395 0.526316
vt 0.220395 0.552632
vt 0.220395 0.552632
vt 0.220395 0.526316
vt 0.220395 0.552632
vt 0.220395 0.552632
vt 0.220395 0.526316
vt 0.220395 0.552632
vt 0.220395 0.526316
vt 0.220395 0.552632
vt 0.220395 0.526316
vt 0.220395 0.552632
vt 0.204887 0.552632
vt 0.204887 0.578947
vt 0.204887 0.578947
vt 0.204887 0.552632
vt 0.204887 0.578947
vt 0.204887 0.552632
vt 0.250000 0.447368
vt 0.250000 0.473684
vt 0.250000 0.473684
vt 0.250000 0.447368
vt 0.250000 0.473684
vt 0.250000 0.447368
vt 0.250000 0.473684
vt 0.250000 0.447368
vt 0.250000 0.473684
vt 0.250000 0.447368
vt 0.250000 0.473684
vt 0.250000 0.447368
vt 0.250000 0.473684
vt 0.250000 0.447368
vt 0.250000 0.500000
vt 0.250000 0.500000
vt 0.250000 0.500000
vt 0.250000 0.500000
vt 0.250000 0.500000
vt 0.250000 0.500000
vt 0.250000 0.500000
vt 0.250000 0.500000
vt 0.250000 0.500000
vt 0.250000 0.500000
vt 0.250000 0.500000
vt 0.250000 0.500000
usemtl torchpart
f 1/1 2/2 3/3
f 1/1 3/3 4/4
f 1/1 5/5 6/6
f 1/1 6/6 2/2
f 1/1 4/4 7/7
f 1/1 7/7 5/5
f 2/2 8/8 9/9
f 2/2 9/9 3/3
f 2/2 6/6 10/10
f 2/2 10/10 8/8
f 8/8 11/11 12/12
f 8/8 12/12 9/9
f 8/8 10/10 13/13
f 8/8 13/13 11/11
f 11/11 14/14 15/15
f 11/11 15/15 12/12
f 11/11 13/13 16/16
f 11/11 16/16 14/14
f 14/14 17/17 18/18
f 14/14 18/18 15/15
f 14/14 16/16 19/19
f 14/14 19/19 17/17
f 17/17 20/20 21/21
f 17/17 21/21 18/18
f 17/17 19/19 22/22
f 17/17 22/22 20/20
f 20/20 22/22 23/23
f 20/20 23/23 21/21
f 4/4 3/3 24/24
f 4/4 24/24 25/25
f 4/4 25/25 26/26
f 4/4 26/26 7/7
f 3/3 9/9 27/27
f 3/3 27/27 24/24
f 9/9 12/12 28/28
f 9/9 28/28 27/27
f 12/12 15/15 29/29
f 12/12 29/29 28/28
f 15/15 18/18 30/30
f 15/15 30/30 29/29
f 18/18 21/21 31/31
f 18/18 31/31 30/30
f 21/21 23/23 32/32
f 21/21 32/32 31/31
f 25/25 24/24 33/33
f 25/25 33/33 34/34
f 25/25 34/34 35/35
f 25/25 35/35 26/26
f 24/24 27/27 36/36
f 24/24 36/36 33/33
f 27/27 28/28 37/37
f 27/27 37/37 36/36
f 28/28 29/29 38/38
f 28/28 38/38 37/37
f 29/29 30/30 39/39
f 29/29 39/39 38/38
f 30/30 31/31 40/40
f 30/30 40/40 39/39
f 31/31 32/32 41/41
f 31/31 41/41 40/40
f 34/34 33/33 42/42
f 34/34 42/42 43/43
f 43/43 42/42 44/44
f 43/43 44/44 45/45
f 34/34 43/43 45/45
f 34/34 45/45 35/35
f 33/33 36/36 46/46
f 33/33 46/46 42/42
f 42/42 46/46 47/47
f 42/42 47/47 44/44
f 36/36 37/37 48/48
f 36/36 48/48 46/46
f 46/46 48/48 49/49
f 46/46 49/49 47/47
f 37/37 38/38 50/50
f 37/37 50/50 48/48
f 48/48 50/50 51/51
f 48/48 51/51 49/49
f 38/38 39/39 52/52
f 38/38 52/52 50/50
f 50/50 52/52 53/53
f 50/50 53/53 51/51
f 39/39 40/40 54/54
f 39/39 54/54 52/52
f 52/52 54/54 55/55
f 52/52 55/55 53/53
f 40/40 41/41 55/55
f 40/40 55/55 54/54
f 56/56 57/57 58/58
f 56/56 58/58 59/59
f 56/56 60/60 61/61
f 56/56 61/61 57/57
f 56/56 59/59 62/62
f 56/56 62/62 60/60
f 57/57 63/63 64/64
f 57/57 64/64 58/58
f 57/57 61/61 65/65
f 57/57 65/65 63/63
f 63/63 66/66 67/67
f 63/63 67/67 64/64
f 63/63 65/65 68/68
f 63/63 68/68 66/66
f 66/66 69/69 70/70
f 66/66 70/70 67/67
f 66/66 68/68 71/71
f 66/66 71/71 69/69
f 69/69 72/72 73/73
f 69/69 73/73 70/70
f 69/69 71/71 74/74
f 69/69 74/74 72/72
f 72/72 75/75 76/76
f 72/72 76/76 73/73
f 72/72 74/74 77/77
f 72/72 77/77 75/75
f 75/75 77/77 78/78
f 75/75 78/78 76/76
f 59/59 58/58 79/79
f 59/59 79/79 80/80
f 59/59 80/80 81/81
f 59/59 81/81 62/62
f 58/58 64/64 82/82
f 58/58 82/82 79/79
f 64/64 67/67 83/83
f 64/64 83/83 82/82
f 67/67 70/70 84/84
f 67/67 84/84 83/83
f 70/70 73/73 85/85
f 70/70 85/85 84/84
f 73/73 76/76 86/86
f 73/73 86/86 85/85
f 76/76 78/78 87/87
f 76/76 87/87 86/86
f 88/88 89/89 90/90
f 88/88 90/90 91/91
f 91/91 90/90 92/92
f 91/91 92/92 93/93
f 88/88 91/91 93/93
f 88/88 93/93 94/94
f 89/89 95/95 96/96
f 89/89 96/96 90/90
f 90/90 96/96 97/97
f 90/90 97/97 92/92
f 95/95 98/98 99/99
f 95/95 99/99 96/96
f 96/96 99/99 100/100
f 96/96 100/100 97/97
f 98/98 101/101 102/102
f 98/98 102/102 99/99
f 99/99 102/102 103/103
f 99/99 103/103 100/100
f 101/101 104/104 105/105
f 101/101 105/105 102/102
f 102/102 105/105 106/106
f 102/102 106/106 103/103
f 104/104 107/107 108/108
f 104/104 108/108 105/105
f 105/105 108/108 109/109
f 105/105 109/109 106/106
f 107/107 110/110 109/109
f 107/107 109/109 108/108
f 111/111 112/112 113/113
f 111/111 113/113 114/114
f 111/111 115/115 116/116
f 111/111 116/116 112/112
f 111/111 114/114 117/117
f 111/111 117/117 115/115
f 112/112 118/118 119/119
f 112/112 119/119 113/113
f 112/112 116/116 120/120
f 112/112 120/120 118/118
f 118/118 121/121 122/122
f 118/118 122/122 119/119
f 118/118 120/120 123/123
f 118/118 123/123 121/121
f 121/121 124/124 125/125
f 121/121 125/125 122/122
f 121/121 123/123 126/126
f 121/121 126/126 124/124
f 124/124 127/127 128/128
f 124/124 128/128 125/125
f 124/124 126/126 129/129
f 124/124 129/129 127/127
f 127/127 130/130 131/131
f 127/127 131/131 128/128
f 127/127 129/129 132/132
f 127/127 132/132 130/130
f 130/130 132/132 133/133
f 130/130 133/133 131/131
f 134/134 135/135 136/136
f 134/134 136/136 137/137
f 134/134 138/138 139/139
f 134/134 139/139 135/135
f 134/134 137/137 140/140
f 134/134 140/140 138/138
f 135/135 5/5 7/7
f 135/135 7/7 136/136
f 135/135 139/139 141/141
f 135/135 141/141 5/5
f 22/22 142/142 143/143
f 22/22 143/143 23/23
f 22/22 144/144 145/145
f 22/22 145/145 142/142
f 142/142 146/146 147/147
f 142/142 147/147 143/143
f 142/142 145/145 148/148
f 142/142 148/148 146/146
f 146/146 148/148 149/149
f 146/146 149/149 147/147
f 137/137 136/136 150/150
f 137/137 150/150 151/151
f 137/137 151/151 152/152
f 137/137 152/152 140/140
f 136/136 7/7 26/26
f 136/136 26/26 150/150
f 23/23 143/143 153/153
f 23/23 153/153 32/32
f 143/143 147/147 154/154
f 143/143 154/154 153/153
f 147/147 149/149 155/155
f 147/147 155/155 154/154
f 151/151 150/150 156/156
f 151/151 156/156 157/157
f 151/151 157/157 158/158
f 151/151 158/158 152/152
f 150/150 26/26 35/35
f 150/150 35/35 156/156
f 32/32 153/153 159/159
f 32/32 159/159 41/41
f 153/153 154/154 160/160
f 153/153 160/160 159/159
f 154/154 155/155 161/161
f 154/154 161/161 160/160
f 157/157 156/156 162/162
f 157/157 162/162 163/163
f 163/163 162/162 164/164
f 163/163 164/164 165/165
f 157/157 163/163 165/165
f 157/157 165/165 158/158
f 156/156 35/35 45/45
f 156/156 45/45 162/162
f 162/162 45/45 166/166
f 162/162 166/166 164/164
f 41/41 159/159 167/167
f 41/41 167/167 55/55
f 55/55 167/167 168/168
f 55/55 168/168 169/169
f 159/159 160/160 170/170
f 159/159 170/170 167/167
f 167/167 170/170 171/171
f 167/167 171/171 168/168
f 160/160 161/161 171/171
f 160/160 171/171 170/170
f 45/45 44/44 172/172
f 45/45 172/172 173/173
f 45/45 173/173 174/174
f 45/45 174/174 166/166
f 44/44 47/47 175/175
f 44/44 175/175 172/172
f 47/47 49/49 176/176
f 47/47 176/176 175/175
f 49/49 51/51 177/177
f 49/49 177/177 176/176
f 51/51 53/53 178/178
f 51/51 178/178 177/177
f 53/53 55/55 179/179
f 53/53 179/179 178/178
f 55/55 169/169 180/180
f 55/55 180/180 179/179
f 173/173 172/172 181/181
f 173/173 181/181 182/182
f 173/173 182/182 183/183
f 173/173 183/183 174/174
f 172/172 175/175 184/184
f 172/172 184/184 181/181
f 175/175 176/176 185/185
f 175/175 185/185 184/184
f 176/176 177/177 186/186
f 176/176 186/186 185/185
f 177/177 178/178 187/187
f 177/177 187/187 186/186
f 178/178 179/179 188/188
f 178/178 188/188 187/187
f 179/179 180/180 189/189
f 179/179 189/189 188/188
f 182/182 181/181 190/190
f 182/182 190/190 191/191
f 191/191 190/190 192/192
f 191/191 192/192 193/193
f 182/182 191/191 193/193
f 182/182 193/193 183/183
f 181/181 184/184 194/194
f 181/181 194/194 190/190
f 190/190 194/194 195/195
f 190/190 195/195 192/192
f 184/184 185/185 196/196
f 184/184 196/196 194/194
f 194/194 196/196 197/197
f 194/194 197/197 195/195
f 185/185 186/186 198/198
f 185/185 198/198 196/196
f 196/196 198/198 199/199
f 196/196 199/199 197/197
f 186/186 187/187 200/200
f 186/186 200/200 198/198
f 198/198 200/200 201/201
f 198/198 201/201 199/199
f 187/187 188/188 202/202
f 187/187 202/202 200/200
f 200/200 202/202 203/203
f 200/200 203/203 201/201
f 188/188 189/189 203/203
f 188/188 203/203 202/202
f 204/204 205/205 206/206
f 204/204 206/206 207/207
f 204/204 208/208 209/209
f 204/204 209/209 205/205
f 204/204 207/207 210/210
f 204/204 210/210 208/208
f 205/205 60/60 62/62
f 205/205 62/62 206/206
f 205/205 209/209 211/211
f 205/205 211/211 60/60
f 60/60 211/211 212/212
f 60/60 212/212 61/61
f 61/61 212/212 213/213
f 61/61 213/213 65/65
f 65/65 213/213 214/214
f 65/65 214/214 68/68
f 68/68 214/214 215/215
f 68/68 215/215 71/71
f 71/71 215/215 216/216
f 71/71 216/216 74/74
f 74/74 216/216 217/217
f 74/74 217/217 77/77
f 77/77 218/218 219/219
f 77/77 219/219 78/78
f 77/77 217/217 220/220
f 77/77 220/220 218/218
f 218/218 221/221 222/222
f 218/218 222/222 219/219
f 218/218 220/220 223/223
f 218/218 223/223 221/221
f 221/221 223/223 224/224
f 221/221 224/224 222/222
f 207/207 206/206 225/225
f 207/207 225/225 226/226
f 207/207 226/226 227/227
f 207/207 227/227 210/210
f 206/206 62/62 81/81
f 206/206 81/81 225/225
f 78/78 219/219 228/228
f 78/78 228/228 87/87
f 219/219 222/222 229/229
f 219/219 229/229 228/228
f 222/222 224/224 230/230
f 222/222 230/230 229/229
f 231/231 232/232 233/233
f 231/231 233/233 234/234
f 234/234 233/233 235/235
f 234/234 235/235 236/236
f 231/231 234/234 236/236
f 231/231 236/236 237/237
f 232/232 94/94 93/93
f 232/232 93/93 233/233
f 233/233 93/93 238/238
f 233/233 238/238 235/235
f 110/110 239/239 240/240
f 110/110 240/240 109/109
f 109/109 240/240 241/241
f 109/109 241/241 242/242
f 239/239 243/243 244/244
f 239/239 244/244 240/240
f 240/240 244/244 245/245
f 240/240 245/245 241/241
f 243/243 246/246 245/245
f 243/243 245/245 244/244
f 247/247 248/248 249/249
f 247/247 249/249 250/250
f 250/250 249/249 251/251
f 250/250 251/251 252/252
f 247/247 250/250 252/252
f 247/247 252/252 253/253
f 248/248 254/254 255/255
f 248/248 255/255 249/249
f 249/249 255/255 256/256
f 249/249 256/256 251/251
f 254/254 257/257 258/258
f 254/254 258/258 255/255
f 255/255 258/258 259/259
f 255/255 259/259 256/256
f 257/257 260/260 261/261
f 257/257 261/261 258/258
f 258/258 261/261 262/262
f 258/258 262/262 259/259
f 260/260 263/263 264/264
f 260/260 264/264 261/261
f 261/261 264/264 265/265
f 261/261 265/265 262/262
f 263/263 266/266 267/267
f 263/263 267/267 264/264
f 264/264 267/267 268/268
f 264/264 268/268 265/265
f 266/266 269/269 268/268
f 266/266 268/268 267/267
f 270/270 271/271 272/272
f 270/270 272/272 273/273
f 270/270 274/274 275/275
f 270/270 275/275 271/271
f 270/270 273/273 276/276
f 270/270 276/276 274/274
f 271/271 277/277 278/278
f 271/271 278/278 272/272
f 271/271 275/275 279/279
f 271/271 279/279 277/277
f 277/277 280/280 281/281
f 277/277 281/281 278/278
f 277/277 279/279 282/282
f 277/277 282/282 280/280
f 280/280 283/283 284/284
f 280/280 284/284 281/281
f 280/280 282/282 285/285
f 280/280 285/285 283/283
f 283/283 286/286 287/287
f 283/283 287/287 284/284
f 283/283 285/285 288/288
f 283/283 288/288 286/286
f 286/286 289/289 290/290
f 286/286 290/290 287/287
f 286/286 288/288 291/291
f 286/286 291/291 289/289
f 289/289 291/291 292/292
f 289/289 292/292 290/290
f 293/293 115/115 117/117
f 293/293 117/117 294/294
f 293/293 295/295 296/296
f 293/293 296/296 115/115
f 293/293 294/294 297/297
f 293/293 297/297 295/295
f 132/132 298/298 299/299
f 132/132 299/299 133/133
f 132/132 300/300 301/301
f 132/132 301/301 298/298
f 298/298 301/301 302/302
f 298/298 302/302 299/299
f 303/303 138/138 140/140
f 303/303 140/140 304/304
f 303/303 305/305 306/306
f 303/303 306/306 138/138
f 303/303 304/304 307/307
f 303/303 307/307 305/305
f 138/138 306/306 308/308
f 138/138 308/308 139/139
f 145/145 309/309 310/310
f 145/145 310/310 148/148
f 148/148 311/311 312/312
f 148/148 312/312 149/149
f 148/148 310/310 313/313
f 148/148 313/313 311/311
f 311/311 313/313 314/314
f 311/311 314/314 312/312
f 304/304 140/140 152/152
f 304/304 152/152 315/315
f 304/304 315/315 316/316
f 304/304 316/316 307/307
f 149/149 312/312 317/317
f 149/149 317/317 155/155
f 312/312 314/314 318/318
f 312/312 318/318 317/317
f 315/315 152/152 158/158
f 315/315 158/158 319/319
f 315/315 319/319 320/320
f 315/315 320/320 316/316
f 155/155 317/317 321/321
f 155/155 321/321 161/161
f 317/317 318/318 322/322
f 317/317 322/322 321/321
f 319/319 158/158 165/165
f 319/319 165/165 323/323
f 323/323 165/165 324/324
f 323/323 324/324 325/325
f 319/319 323/323 325/325
f 319/319 325/325 320/320
f 161/161 321/321 326/326
f 161/161 326/326 171/171
f 171/171 326/326 327/327
f 171/171 327/327 328/328
f 321/321 322/322 327/327
f 321/321 327/327 326/326
f 165/165 164/164 329/329
f 165/165 329/329 330/330
f 165/165 330/330 331/331
f 165/165 331/331 324/324
f 164/164 166/166 174/174
f 164/164 174/174 329/329
f 169/169 168/168 332/332
f 169/169 332/332 180/180
f 168/168 171/171 333/333
f 168/168 333/333 332/332
f 171/171 328/328 334/334
f 171/171 334/334 333/333
f 330/330 329/329 335/335
f 330/330 335/335 336/336
f 330/330 336/336 337/337
f 330/330 337/337 331/331
f 329/329 174/174 183/183
f 329/329 183/183 335/335
f 180/180 332/332 338/338
f 180/180 338/338 189/189
f 332/332 333/333 339/339
f 332/332 339/339 338/338
f 333/333 334/334 340/340
f 333/333 340/340 339/339
f 336/336 335/335 341/341
f 336/336 341/341 342/342
f 342/342 341/341 343/343
f 342/342 343/343 344/344
f 336/336 342/342 344/344
f 336/336 344/344 337/337
f 335/335 183/183 193/193
f 335/335 193/193 341/341
f 341/341 193/193 345/345
f 341/341 345/345 343/343
f 189/189 338/338 346/346
f 189/189 346/346 203/203
f 203/203 346/346 347/347
f 203/203 347/347 348/348
f 338/338 339/339 349/349
f 338/338 349/349 346/346
f 346/346 349/349 350/350
f 346/346 350/350 347/347
f 339/339 340/340 350/350
f 339/339 350/350 349/349
f 351/351 352/352 353/353
f 351/351 353/353 354/354
f 351/351 354/354 355/355
f 351/351 355/355 356/356
f 352/352 357/357 358/358
f 352/352 358/358 353/353
f 357/357 359/359 360/360
f 357/357 360/360 358/358
f 359/359 361/361 362/362
f 359/359 362/362 360/360
f 361/361 363/363 364/364
f 361/361 364/364 362/362
f 363/363 365/365 366/366
f 363/363 366/366 364/364
f 365/365 367/367 368/368
f 365/365 368/368 366/366
f 354/354 353/353 369/369
f 354/354 369/369 370/370
f 370/370 369/369 371/371
f 370/370 371/371 372/372
f 354/354 370/370 372/372
f 354/354 372/372 355/355
f 353/353 358/358 373/373
f 353/353 373/373 369/369
f 369/369 373/373 374/374
f 369/369 374/374 371/371
f 358/358 360/360 375/375
f 358/358 375/375 373/373
f 373/373 375/375 376/376
f 373/373 376/376 374/374
f 360/360 362/362 377/377
f 360/360 377/377 375/375
f 375/375 377/377 378/378
f 375/375 378/378 376/376
f 362/362 364/364 379/379
f 362/362 379/379 377/377
f 377/377 379/379 380/380
f 377/377 380/380 378/378
f 364/364 366/366 381/381
f 364/364 381/381 379/379
f 379/379 381/381 382/382
f 379/379 382/382 380/380
f 366/366 368/368 382/382
f 366/366 382/382 381/381
f 383/383 208/208 210/210
f 383/383 210/210 384/384
f 383/383 385/385 386/386
f 383/383 386/386 208/208
f 383/383 384/384 387/387
f 383/383 387/387 385/385
f 208/208 386/386 388/388
f 208/208 388/388 209/209
f 209/209 388/388 389/389
f 209/209 389/389 211/211
f 211/211 389/389 390/390
f 211/211 390/390 212/212
f 212/212 390/390 391/391
f 212/212 391/391 213/213
f 213/213 391/391 392/392
f 213/213 392/392 214/214
f 214/214 392/392 393/393
f 214/214 393/393 215/215
f 215/215 393/393 394/394
f 215/215 394/394 216/216
f 216/216 394/394 395/395
f 216/216 395/395 217/217
f 217/217 395/395 396/396
f 217/217 396/396 220/220
f 220/220 396/396 397/397
f 220/220 397/397 223/223
f 223/223 398/398 399/399
f 223/223 399/399 224/224
f 223/223 397/397 400/400
f 223/223 400/400 398/398
f 398/398 400/400 401/401
f 398/398 401/401 399/399
f 384/384 210/210 227/227
f 384/384 227/227 402/402
f 384/384 402/402 403/403
f 384/384 403/403 387/387
f 224/224 399/399 404/404
f 224/224 404/404 230/230
f 399/399 401/401 405/405
f 399/399 405/405 404/404
f 406/406 237/237 236/236
f 406/406 236/236 407/407
f 407/407 236/236 408/408
f 407/407 408/408 409/409
f 406/406 407/407 409/409
f 406/406 409/409 410/410
f 246/246 411/411 412/412
f 246/246 412/412 245/245
f 245/245 412/412 413/413
f 245/245 413/413 414/414
f 411/411 415/415 413/413
f 411/411 413/413 412/412
f 416/416 417/417 418/418
f 416/416 418/418 419/419
f 419/419 418/418 420/420
f 419/419 420/420 421/421
f 416/416 419/419 421/421
f 416/416 421/421 422/422
f 417/417 253/253 252/252
f 417/417 252/252 418/418
f 418/418 252/252 423/423
f 418/418 423/423 420/420
f 269/269 424/424 425/425
f 269/269 425/425 268/268
f 268/268 425/425 426/426
f 268/268 426/426 427/427
f 424/424 428/428 429/429
f 424/424 429/429 425/425
f 425/425 429/429 430/430
f 425/425 430/430 426/426
f 428/428 431/431 430/430
f 428/428 430/430 429/429
f 432/432 433/433 434/434
f 432/432 434/434 435/435
f 435/435 434/434 436/436
f 435/435 436/436 437/437
f 432/432 435/435 437/437
f 432/432 437/437 438/438
f 433/433 439/439 440/440
f 433/433 440/440 434/434
f 434/434 440/440 441/441
f 434/434 441/441 436/436
f 439/439 442/442 443/443
f 439/439 443/443 440/440
f 440/440 443/443 444/444
f 440/440 444/444 441/441
f 442/442 445/445 446/446
f 442/442 446/446 443/443
f 443/443 446/446 447/447
f 443/443 447/447 444/444
f 445/445 448/448 449/449
f 445/445 449/449 446/446
f 446/446 449/449 450/450
f 446/446 450/450 447/447
f 448/448 451/451 452/452
f 448/448 452/452 449/449
f 449/449 452/452 453/453
f 449/449 453/453 450/450
f 451/451 454/454 453/453
f 451/451 453/453 452/452
f 455/455 456/456 457/457
f 455/455 457/457 458/458
f 458/458 457/457 459/459
f 458/458 459/459 460/460
f 455/455 461/461 462/462
f 455/455 462/462 456/456
f 455/455 458/458 460/460
f 455/455 460/460 461/461
f 456/456 463/463 464/464
f 456/456 464/464 457/457
f 457/457 464/464 465/465
f 457/457 465/465 459/459
f 456/456 462/462 466/466
f 456/456 466/466 463/463
f 463/463 466/466 465/465
f 463/463 465/465 464/464
f 467/467 468/468 469/469
f 467/467 469/469 470/470
f 467/467 471/471 472/472
f 467/467 472/472 468/468
f 467/467 470/470 473/473
f 467/467 473/473 471/471
f 468/468 474/474 475/475
f 468/468 475/475 469/469
f 468/468 472/472 476/476
f 468/468 476/476 474/474
f 474/474 477/477 478/478
f 474/474 478/478 475/475
f 474/474 476/476 479/479
f 474/474 479/479 477/477
f 477/477 480/480 481/481
f 477/477 481/481 478/478
f 477/477 479/479 482/482
f 477/477 482/482 480/480
f 480/480 482/482 483/483
f 480/480 483/483 481/481
f 484/484 274/274 276/276
f 484/484 276/276 485/485
f 484/484 486/486 487/487
f 484/484 487/487 274/274
f 484/484 485/485 488/488
f 484/484 488/488 486/486
f 274/274 487/487 489/489
f 274/274 489/489 275/275
f 288/288 490/490 491/491
f 288/288 491/491 291/291
f 291/291 492/492 493/493
f 291/291 493/493 292/292
f 291/291 491/491 494/494
f 291/291 494/494 492/492
f 492/492 494/494 495/495
f 492/492 495/495 493/493
f 496/496 295/295 297/297
f 496/496 297/297 497/497
f 496/496 498/498 499/499
f 496/496 499/499 295/295
f 496/496 497/497 500/500
f 496/496 500/500 498/498
f 301/301 501/501 502/502
f 301/301 502/502 302/302
f 301/301 503/503 504/504
f 301/301 504/504 501/501
f 501/501 504/504 505/505
f 501/501 505/505 502/502
f 506/506 305/305 307/307
f 506/506 307/307 507/507
f 506/506 508/508 509/509
f 506/506 509/509 305/305
f 506/506 507/507 510/510
f 506/506 510/510 508/508
f 305/305 509/509 511/511
f 305/305 511/511 306/306
f 310/310 512/512 513/513
f 310/310 513/513 313/313
f 313/313 514/514 515/515
f 313/313 515/515 314/314
f 313/313 513/513 516/516
f 313/313 516/516 514/514
f 514/514 516/516 517/517
f 514/514 517/517 515/515
f 507/507 307/307 316/316
f 507/507 316/316 518/518
f 507/507 518/518 519/519
f 507/507 519/519 510/510
f 314/314 515/515 520/520
f 314/314 520/520 318/318
f 515/515 517/517 521/521
f 515/515 521/521 520/520
f 518/518 316/316 320/320
f 518/518 320/320 522/522
f 518/518 522/522 523/523
f 518/518 523/523 519/519
f 318/318 520/520 524/524
f 318/318 524/524 322/322
f 520/520 521/521 525/525
f 520/520 525/525 524/524
f 522/522 320/320 325/325
f 522/522 325/325 526/526
f 526/526 325/325 527/527
f 526/526 527/527 528/528
f 522/522 526/526 528/528
f 522/522 528/528 523/523
f 322/322 524/524 529/529
f 322/322 529/529 327/327
f 327/327 529/529 530/530
f 327/327 530/530 531/531
f 524/524 525/525 530/530
f 524/524 530/530 529/529
f 325/325 324/324 331/331
f 325/325 331/331 532/532
f 325/325 532/532 533/533
f 325/325 533/533 527/527
f 328/328 327/327 534/534
f 328/328 534/534 334/334
f 327/327 531/531 535/535
f 327/327 535/535 534/534
f 532/532 331/331 337/337
f 532/532 337/337 536/536
f 532/532 536/536 537/537
f 532/532 537/537 533/533
f 334/334 534/534 538/538
f 334/334 538/538 340/340
f 534/534 535/535 539/539
f 534/534 539/539 538/538
f 536/536 337/337 344/344
f 536/536 344/344 540/540
f 540/540 344/344 541/541
f 540/540 541/541 542/542
f 536/536 540/540 542/542
f 536/536 542/542 537/537
f 340/340 538/538 543/543
f 340/340 543/543 350/350
f 350/350 543/543 544/544
f 350/350 544/544 545/545
f 538/538 539/539 544/544
f 538/538 544/544 543/543
f 546/546 547/547 548/548
f 546/546 548/548 549/549
f 546/546 549/549 550/550
f 546/546 550/550 551/551
f 547/547 356/356 355/355
f 547/547 355/355 548/548
f 367/367 552/552 553/553
f 367/367 553/553 368/368
f 552/552 554/554 555/555
f 552/552 555/555 553/553
f 554/554 556/556 557/557
f 554/554 557/557 555/555
f 549/549 548/548 558/558
f 549/549 558/558 559/559
f 559/559 558/558 560/560
f 559/559 560/560 561/561
f 549/549 559/559 561/561
f 549/549 561/561 550/550
f 548/548 355/355 372/372
f 548/548 372/372 558/558
f 558/558 372/372 562/562
f 558/558 562/562 560/560
f 368/368 553/553 563/563
f 368/368 563/563 382/382
f 382/382 563/563 564/564
f 382/382 564/564 565/565
f 553/553 555/555 566/566
f 553/553 566/566 563/563
f 563/563 566/566 567/567
f 563/563 567/567 564/564
f 555/555 557/557 567/567
f 555/555 567/567 566/566
f 568/568 569/569 570/570
f 568/568 570/570 571/571
f 568/568 571/571 572/572
f 568/568 572/572 573/573
f 569/569 574/574 575/575
f 569/569 575/575 570/570
f 574/574 576/576 577/577
f 574/574 577/577 575/575
f 576/576 578/578 579/579
f 576/576 579/579 577/577
f 578/578 580/580 581/581
f 578/578 581/581 579/579
f 580/580 582/582 583/583
f 580/580 583/583 581/581
f 582/582 584/584 585/585
f 582/582 585/585 583/583
f 571/571 570/570 586/586
f 571/571 586/586 587/587
f 587/587 586/586 588/588
f 587/587 588/588 589/589
f 571/571 587/587 589/589
f 571/571 589/589 572/572
f 570/570 575/575 590/590
f 570/570 590/590 586/586
f 586/586 590/590 591/591
f 586/586 591/591 588/588
f 575/575 577/577 592/592
f 575/575 592/592 590/590
f 590/590 592/592 593/593
f 590/590 593/593 591/591
f 577/577 579/579 594/594
f 577/577 594/594 592/592
f 592/592 594/594 595/595
f 592/592 595/595 593/593
f 579/579 581/581 596/596
f 579/579 596/596 594/594
f 594/594 596/596 597/597
f 594/594 597/597 595/595
f 581/581 583/583 598/598
f 581/581 598/598 596/596
f 596/596 598/598 599/599
f 596/596 599/599 597/597
f 583/583 585/585 599/599
f 583/583 599/599 598/598
f 600/600 385/385 387/387
f 600/600 387/387 601/601
f 600/600 602/602 603/603
f 600/600 603/603 385/385
f 600/600 601/601 604/604
f 600/600 604/604 602/602
f 385/385 603/603 605/605
f 385/385 605/605 386/386
f 386/386 605/605 606/606
f 386/386 606/606 388/388
f 388/388 606/606 607/607
f 388/388 607/607 389/389
f 389/389 607/607 608/608
f 389/389 608/608 390/390
f 390/390 608/608 609/609
f 390/390 609/609 391/391
f 391/391 609/609 610/610
f 391/391 610/610 392/392
f 392/392 610/610 611/611
f 392/392 611/611 393/393
f 393/393 611/611 612/612
f 393/393 612/612 394/394
f 394/394 612/612 613/613
f 394/394 613/613 395/395
f 395/395 613/613 614/614
f 395/395 614/614 396/396
f 396/396 614/614 615/615
f 396/396 615/615 397/397
f 397/397 615/615 616/616
f 397/397 616/616 400/400
f 400/400 617/617 618/618
f 400/400 618/618 401/401
f 400/400 616/616 619/619
f 400/400 619/619 617/617
f 617/617 619/619 620/620
f 617/617 620/620 618/618
f 601/601 387/387 403/403
f 601/601 403/403 621/621
f 601/601 621/621 622/622
f 601/601 622/622 604/604
f 401/401 618/618 623/623
f 401/401 623/623 405/405
f 618/618 620/620 624/624
f 618/618 624/624 623/623
f 625/625 410/410 409/409
f 625/625 409/409 626/626
f 626/626 409/409 627/627
f 626/626 627/627 628/628
f 625/625 626/626 628/628
f 625/625 628/628 629/629
f 415/415 630/630 631/631
f 415/415 631/631 413/413
f 413/413 631/631 632/632
f 413/413 632/632 633/633
f 630/630 634/634 632/632
f 630/630 632/632 631/631
f 635/635 422/422 421/421
f 635/635 421/421 636/636
f 636/636 421/421 637/637
f 636/636 637/637 638/638
f 635/635 636/636 638/638
f 635/635 638/638 639/639
f 431/431 640/640 641/641
f 431/431 641/641 430/430
f 430/430 641/641 642/642
f 430/430 642/642 643/643
f 640/640 644/644 642/642
f 640/640 642/642 641/641
f 645/645 646/646 647/647
f 645/645 647/647 648/648
f 648/648 647/647 649/649
f 648/648 649/649 650/650
f 645/645 648/648 650/650
f 645/645 650/650 651/651
f 646/646 438/438 437/437
f 646/646 437/437 647/647
f 647/647 437/437 652/652
f 647/647 652/652 649/649
f 437/437 436/436 653/653
f 437/437 653/653 652/652
f 436/436 441/441 654/654
f 436/436 654/654 653/653
f 441/441 444/444 655/655
f 441/441 655/655 654/654
f 444/444 447/447 656/656
f 444/444 656/656 655/655
f 447/447 450/450 657/657
f 447/447 657/657 656/656
f 450/450 453/453 658/658
f 450/450 658/658 657/657
f 454/454 659/659 660/660
f 454/454 660/660 453/453
f 453/453 660/660 661/661
f 453/453 661/661 658/658
f 659/659 662/662 663/663
f 659/659 663/663 660/660
f 660/660 663/663 664/664
f 660/660 664/664 661/661
f 662/662 665/665 664/664
f 662/662 664/664 663/663
f 666/666 461/461 460/460
f 666/666 460/460 667/667
f 667/667 460/460 668/668
f 667/667 668/668 669/669
f 666/666 670/670 671/671
f 666/666 671/671 461/461
f 666/666 667/667 669/669
f 666/666 669/669 670/670
f 460/460 459/459 672/672
f 460/460 672/672 668/668
f 461/461 671/671 673/673
f 461/461 673/673 462/462
f 459/459 465/465 674/674
f 459/459 674/674 672/672
f 462/462 673/673 675/675
f 462/462 675/675 466/466
f 466/466 676/676 677/677
f 466/466 677/677 465/465
f 465/465 677/677 678/678
f 465/465 678/678 674/674
f 466/466 675/675 679/679
f 466/466 679/679 676/676
f 676/676 679/679 678/678
f 676/676 678/678 677/677
f 680/680 681/681 682/682
f 680/680 682/682 683/683
f 684/684 685/685 686/686
f 684/684 686/686 687/687
f 687/687 686/686 682/682
f 687/687 682/682 681/681
f 684/684 680/680 683/683
f 684/684 683/683 685/685
f 684/684 687/687 681/681
f 684/684 681/681 680/680
f 683/683 682/682 688/688
f 683/683 688/688 689/689
f 685/685 690/690 691/691
f 685/685 691/691 686/686
f 686/686 691/691 688/688
f 686/686 688/688 682/682
f 685/685 683/683 689/689
f 685/685 689/689 690/690
f 690/690 689/689 688/688
f 690/690 688/688 691/691
f 692/692 693/693 694/694
f 692/692 694/694 695/695
f 692/692 696/696 697/697
f 692/692 697/697 693/693
f 692/692 695/695 698/698
f 692/692 698/698 696/696
f 693/693 471/471 473/473
f 693/693 473/473 694/694
f 693/693 697/697 699/699
f 693/693 699/699 471/471
f 471/471 699/699 700/700
f 471/471 700/700 472/472
f 472/472 700/700 701/701
f 472/472 701/701 476/476
f 476/476 701/701 702/702
f 476/476 702/702 479/479
f 479/479 702/702 703/703
f 479/479 703/703 482/482
f 482/482 704/704 705/705
f 482/482 705/705 483/483
f 482/482 703/703 706/706
f 482/482 706/706 704/704
f 704/704 707/707 708/708
f 704/704 708/708 705/705
f 704/704 706/706 709/709
f 704/704 709/709 707/707
f 707/707 709/709 710/710
f 707/707 710/710 708/708
f 711/711 486/486 488/488
f 711/711 488/488 712/712
f 711/711 713/713 714/714
f 711/711 714/714 486/486
f 711/711 712/712 715/715
f 711/711 715/715 713/713
f 494/494 716/716 717/717
f 494/494 717/717 495/495
f 494/494 718/718 719/719
f 494/494 719/719 716/716
f 716/716 719/719 720/720
f 716/716 720/720 717/717
f 721/721 498/498 500/500
f 721/721 500/500 722/722
f 721/721 723/723 724/724
f 721/721 724/724 498/498
f 721/721 722/722 725/725
f 721/721 725/725 723/723
f 504/504 726/726 727/727
f 504/504 727/727 505/505
f 504/504 728/728 729/729
f 504/504 729/729 726/726
f 726/726 729/729 730/730
f 726/726 730/730 727/727
f 508/508 731/731 732/732
f 508/508 732/732 509/509
f 508/508 510/510 733/733
f 508/508 733/733 731/731
f 513/513 734/734 735/735
f 513/513 735/735 516/516
f 516/516 735/735 736/736
f 516/516 736/736 517/517
f 510/510 519/519 737/737
f 510/510 737/737 733/733
f 517/517 736/736 738/738
f 517/517 738/738 521/521
f 519/519 523/523 739/739
f 519/519 739/739 737/737
f 521/521 738/738 740/740
f 521/521 740/740 525/525
f 523/523 528/528 741/741
f 523/523 741/741 739/739
f 525/525 740/740 742/742
f 525/525 742/742 530/530
f 528/528 527/527 533/533
f 528/528 533/533 743/743
f 528/528 743/743 744/744
f 528/528 744/744 741/741
f 531/531 530/530 745/745
f 531/531 745/745 535/535
f 530/530 742/742 746/746
f 530/530 746/746 745/745
f 743/743 533/533 537/537
f 743/743 537/537 747/747
f 743/743 747/747 748/748
f 743/743 748/748 744/744
f 535/535 745/745 749/749
f 535/535 749/749 539/539
f 745/745 746/746 750/750
f 745/745 750/750 749/749
f 747/747 537/537 542/542
f 747/747 542/542 751/751
f 751/751 542/542 752/752
f 751/751 752/752 753/753
f 747/747 751/751 753/753
f 747/747 753/753 748/748
f 539/539 749/749 754/754
f 539/539 754/754 544/544
f 544/544 754/754 755/755
f 544/544 755/755 756/756
f 749/749 750/750 755/755
f 749/749 755/755 754/754
f 757/757 551/551 550/550
f 757/757 550/550 758/758
f 757/757 758/758 759/759
f 757/757 759/759 760/760
f 556/556 761/761 762/762
f 556/556 762/762 557/557
f 761/761 763/763 764/764
f 761/761 764/764 762/762
f 758/758 550/550 561/561
f 758/758 561/561 765/765
f 765/765 561/561 766/766
f 765/765 766/766 767/767
f 758/758 765/765 767/767
f 758/758 767/767 759/759
f 561/561 560/560 768/768
f 561/561 768/768 766/766
f 564/564 567/567 769/769
f 564/564 769/769 770/770
f 557/557 762/762 771/771
f 557/557 771/771 567/567
f 567/567 771/771 772/772
f 567/567 772/772 769/769
f 762/762 764/764 772/772
f 762/762 772/772 771/771
f 773/773 573/573 572/572
f 773/773 572/572 774/774
f 773/773 774/774 775/775
f 773/773 775/775 776/776
f 584/584 777/777 778/778
f 584/584 778/778 585/585
f 777/777 779/779 780/780
f 777/777 780/780 778/778
f 774/774 572/572 589/589
f 774/774 589/589 781/781
f 781/781 589/589 782/782
f 781/781 782/782 783/783
f 774/774 781/781 783/783
f 774/774 783/783 775/775
f 589/589 588/588 784/784
f 589/589 784/784 782/782
f 597/597 599/599 785/785
f 597/597 785/785 786/786
f 585/585 778/778 787/787
f 585/585 787/787 599/599
f 599/599 787/787 788/788
f 599/599 788/788 785/785
f 778/778 780/780 788/788
f 778/778 788/788 787/787
f 789/789 790/790 791/791
f 789/789 791/791 792/792
f 792/792 791/791 793/793
f 792/792 793/793 794/794
f 789/789 792/792 794/794
f 789/789 794/794 795/795
f 790/790 796/796 797/797
f 790/790 797/797 791/791
f 791/791 797/797 798/798
f 791/791 798/798 793/793
f 796/796 799/799 800/800
f 796/796 800/800 797/797
f 797/797 800/800 801/801
f 797/797 801/801 798/798
f 799/799 802/802 803/803
f 799/799 803/803 800/800
f 800/800 803/803 804/804
f 800/800 804/804 801/801
f 802/802 805/805 804/804
f 802/802 804/804 803/803
f 806/806 602/602 604/604
f 806/806 604/604 807/807
f 806/806 808/808 809/809
f 806/806 809/809 602/602
f 806/806 807/807 810/810
f 806/806 810/810 808/808
f 602/602 809/809 811/811
f 602/602 811/811 603/603
f 603/603 811/811 812/812
f 603/603 812/812 605/605
f 605/605 812/812 813/813
f 605/605 813/813 606/606
f 606/606 813/813 814/814
f 606/606 814/814 607/607
f 607/607 814/814 815/815
f 607/607 815/815 608/608
f 608/608 815/815 816/816
f 608/608 816/816 609/609
f 609/609 816/816 817/817
f 609/609 817/817 610/610
f 610/610 817/817 818/818
f 610/610 818/818 611/611
f 611/611 818/818 819/819
f 611/611 819/819 612/612
f 612/612 819/819 820/820
f 612/612 820/820 613/613
f 613/613 820/820 821/821
f 613/613 821/821 614/614
f 614/614 821/821 822/822
f 614/614 822/822 615/615
f 615/615 822/822 823/823
f 615/615 823/823 616/616
f 616/616 823/823 824/824
f 616/616 824/824 619/619
f 619/619 825/825 826/826
f 619/619 826/826 620/620
f 619/619 824/824 827/827
f 619/619 827/827 825/825
f 825/825 827/827 828/828
f 825/825 828/828 826/826
f 807/807 604/604 622/622
f 807/807 622/622 829/829
f 807/807 829/829 830/830
f 807/807 830/830 810/810
f 620/620 826/826 831/831
f 620/620 831/831 624/624
f 826/826 828/828 832/832
f 826/826 832/832 831/831
f 833/833 629/629 628/628
f 833/833 628/628 834/834
f 834/834 628/628 835/835
f 834/834 835/835 836/836
f 833/833 834/834 836/836
f 833/833 836/836 837/837
f 634/634 838/838 839/839
f 634/634 839/839 632/632
f 632/632 839/839 840/840
f 632/632 840/840 841/841
f 838/838 842/842 840/840
f 838/838 840/840 839/839
f 843/843 639/639 638/638
f 843/843 638/638 844/844
f 844/844 638/638 845/845
f 844/844 845/845 846/846
f 843/843 844/844 846/846
f 843/843 846/846 847/847
f 644/644 848/848 849/849
f 644/644 849/849 642/642
f 642/642 849/849 850/850
f 642/642 850/850 851/851
f 848/848 852/852 850/850
f 848/848 850/850 849/849
f 853/853 651/651 650/650
f 853/853 650/650 854/854
f 854/854 650/650 855/855
f 854/854 855/855 856/856
f 853/853 854/854 856/856
f 853/853 856/856 857/857
f 650/650 649/649 858/858
f 650/650 858/858 855/855
f 649/649 652/652 859/859
f 649/649 859/859 858/858
f 652/652 653/653 860/860
f 652/652 860/860 859/859
f 653/653 654/654 861/861
f 653/653 861/861 860/860
f 654/654 655/655 862/862
f 654/654 862/862 861/861
f 655/655 656/656 863/863
f 655/655 863/863 862/862
f 656/656 657/657 864/864
f 656/656 864/864 863/863
f 657/657 658/658 865/865
f 657/657 865/865 864/864
f 658/658 661/661 866/866
f 658/658 866/866 865/865
f 661/661 664/664 867/867
f 661/661 867/867 866/866
f 665/665 868/868 869/869
f 665/665 869/869 664/664
f 664/664 869/869 870/870
f 664/664 870/870 867/867
f 868/868 871/871 870/870
f 868/868 870/870 869/869
f 872/872 873/873 874/874
f 872/872 874/874 875/875
f 669/669 668/668 874/874
f 669/669 874/874 873/873
f 670/670 872/872 875/875
f 670/670 875/875 671/671
f 670/670 669/669 873/873
f 670/670 873/873 872/872
f 671/671 875/875 876/876
f 671/671 876/876 673/673
f 673/673 876/876 877/877
f 673/673 877/877 675/675
f 877/877 878/878 879/879
f 877/877 879/879 880/880
f 674/674 678/678 879/879
f 674/674 879/879 878/878
f 675/675 877/877 880/880
f 675/675 880/880 679/679
f 679/679 880/880 879/879
f 679/679 879/879 678/678
f 881/881 882/882 883/883
f 881/881 883/883 884/884
f 885/885 886/886 887/887
f 885/885 887/887 888/888
f 888/888 887/887 883/883
f 888/888 883/883 882/882
f 885/885 888/888 882/882
f 885/885 882/882 881/881
f 884/884 883/883 889/889
f 884/884 889/889 890/890
f 886/886 891/891 892/892
f 886/886 892/892 887/887
f 887/887 892/892 889/889
f 887/887 889/889 883/883
f 891/891 890/890 889/889
f 891/891 889/889 892/892
f 696/696 893/893 894/894
f 696/696 894/894 697/697
f 696/696 698/698 895/895
f 696/696 895/895 893/893
f 697/697 894/894 896/896
f 697/697 896/896 699/699
f 699/699 896/896 897/897
f 699/699 897/897 700/700
f 700/700 897/897 898/898
f 700/700 898/898 701/701
f 701/701 898/898 899/899
f 701/701 899/899 702/702
f 702/702 899/899 900/900
f 702/702 900/900 703/703
f 703/703 900/900 901/901
f 703/703 901/901 706/706
f 706/706 901/901 902/902
f 706/706 902/902 709/709
f 709/709 902/902 903/903
f 709/709 903/903 710/710
f 904/904 713/713 715/715
f 904/904 715/715 905/905
f 904/904 906/906 907/907
f 904/904 907/907 713/713
f 904/904 905/905 908/908
f 904/904 908/908 906/906
f 713/713 907/907 909/909
f 713/713 909/909 714/714
f 718/718 910/910 911/911
f 718/718 911/911 719/719
f 719/719 912/912 913/913
f 719/719 913/913 720/720
f 719/719 911/911 914/914
f 719/719 914/914 912/912
f 912/912 914/914 915/915
f 912/912 915/915 913/913
f 916/916 723/723 725/725
f 916/916 725/725 917/917
f 916/916 918/918 919/919
f 916/916 919/919 723/723
f 916/916 917/917 920/920
f 916/916 920/920 918/918
f 729/729 921/921 922/922
f 729/729 922/922 730/730
f 729/729 923/923 924/924
f 729/729 924/924 921/921
f 921/921 924/924 925/925
f 921/921 925/925 922/922
f 926/926 731/731 733/733
f 926/926 733/733 927/927
f 926/926 928/928 929/929
f 926/926 929/929 731/731
f 926/926 927/927 930/930
f 926/926 930/930 928/928
f 735/735 931/931 932/932
f 735/735 932/932 736/736
f 735/735 933/933 934/934
f 735/735 934/934 931/931
f 931/931 934/934 935/935
f 931/931 935/935 932/932
f 927/927 733/733 737/737
f 927/927 737/737 936/936
f 927/927 936/936 937/937
f 927/927 937/937 930/930
f 736/736 932/932 938/938
f 736/736 938/938 738/738
f 932/932 935/935 939/939
f 932/932 939/939 938/938
f 936/936 737/737 739/739
f 936/936 739/739 940/940
f 936/936 940/940 941/941
f 936/936 941/941 937/937
f 738/738 938/938 942/942
f 738/738 942/942 740/740
f 938/938 939/939 943/943
f 938/938 943/943 942/942
f 940/940 739/739 741/741
f 940/940 741/741 944/944
f 944/944 741/741 945/945
f 944/944 945/945 946/946
f 940/940 944/944 946/946
f 940/940 946/946 941/941
f 740/740 942/942 947/947
f 740/740 947/947 742/742
f 742/742 947/947 948/948
f 742/742 948/948 949/949
f 942/942 943/943 948/948
f 942/942 948/948 947/947
f 741/741 744/744 950/950
f 741/741 950/950 945/945
f 742/742 949/949 951/951
f 742/742 951/951 746/746
f 744/744 748/748 952/952
f 744/744 952/952 950/950
f 746/746 951/951 953/953
f 746/746 953/953 750/750
f 753/753 752/752 954/954
f 753/753 954/954 955/955
f 748/748 753/753 955/955
f 748/748 955/955 952/952
f 756/756 755/755 956/956
f 756/756 956/956 957/957
f 750/750 953/953 956/956
f 750/750 956/956 755/755
f 760/760 759/759 958/958
f 760/760 958/958 959/959
f 763/763 960/960 961/961
f 763/763 961/961 764/764
f 767/767 766/766 962/962
f 767/767 962/962 963/963
f 759/759 767/767 963/963
f 759/759 963/963 958/958
f 769/769 772/772 964/964
f 769/769 964/964 965/965
f 764/764 961/961 964/964
f 764/764 964/964 772/772
f 966/966 776/776 775/775
f 966/966 775/775 967/967
f 966/966 967/967 968/968
f 966/966 968/968 969/969
f 779/779 970/970 971/971
f 779/779 971/971 780/780
f 970/970 972/972 973/973
f 970/970 973/973 971/971
f 967/967 775/775 783/783
f 967/967 783/783 974/974
f 974/974 783/783 975/975
f 974/974 975/975 976/976
f 967/967 974/974 976/976
f 967/967 976/976 968/968
f 780/780 971/971 977/977
f 780/780 977/977 788/788
f 788/788 977/977 978/978
f 788/788 978/978 979/979
f 971/971 973/973 978/978
f 971/971 978/978 977/977
f 980/980 981/981 982/982
f 980/980 982/982 983/983
f 983/983 982/982 984/984
f 983/983 984/984 985/985
f 980/980 983/983 985/985
f 980/980 985/985 986/986
f 981/981 795/795 794/794
f 981/981 794/794 982/982
f 982/982 794/794 987/987
f 982/982 987/987 984/984
f 805/805 988/988 989/989
f 805/805 989/989 804/804
f 804/804 989/989 990/990
f 804/804 990/990 991/991
f 988/988 992/992 993/993
f 988/988 993/993 989/989
f 989/989 993/993 994/994
f 989/989 994/994 990/990
f 992/992 995/995 994/994
f 992/992 994/994 993/993
f 996/996 997/997 998/998
f 996/996 998/998 999/999
f 999/999 998/998 1000/1000
f 999/999 1000/1000 1001/1001
f 996/996 999/999 1001/1001
f 996/996 1001/1001 1002/1002
f 997/997 1003/1003 1004/1004
f 997/997 1004/1004 998/998
f 998/998 1004/1004 1005/1005
f 998/998 1005/1005 1000/1000
f 1003/1003 1006/1006 1007/1007
f 1003/1003 1007/1007 1004/1004
f 1004/1004 1007/1007 1008/1008
f 1004/1004 1008/1008 1005/1005
f 1006/1006 1009/1009 1010/1010
f 1006/1006 1010/1010 1007/1007
f 1007/1007 1010/1010 1011/1011
f 1007/1007 1011/1011 1008/1008
f 1009/1009 1012/1012 1011/1011
f 1009/1009 1011/1011 1010/1010
f 1013/1013 808/808 810/810
f 1013/1013 810/810 1014/1014
f 1013/1013 1015/1015 1016/1016
f 1013/1013 1016/1016 808/808
f 1013/1013 1014/1014 1017/1017
f 1013/1013 1017/1017 1015/1015
f 808/808 1016/1016 1018/1018
f 808/808 1018/1018 809/809
f 809/809 1018/1018 1019/1019
f 809/809 1019/1019 811/811
f 811/811 1019/1019 1020/1020
f 811/811 1020/1020 812/812
f 812/812 1020/1020 1021/1021
f 812/812 1021/1021 813/813
f 813/813 1021/1021 1022/1022
f 813/813 1022/1022 814/814
f 814/814 1022/1022 1023/1023
f 814/814 1023/1023 815/815
f 815/815 1023/1023 1024/1024
f 815/815 1024/1024 816/816
f 816/816 1024/1024 1025/1025
f 816/816 1025/1025 817/817
f 817/817 1025/1025 1026/1026
f 817/817 1026/1026 818/818
f 818/818 1026/1026 1027/1027
f 818/818 1027/1027 819/819
f 819/819 1027/1027 1028/1028
f 819/819 1028/1028 820/820
f 820/820 1028/1028 1029/1029
f 820/820 1029/1029 821/821
f 821/821 1029/1029 1030/1030
f 821/821 1030/1030 822/822
f 822/822 1030/1030 1031/1031
f 822/822 1031/1031 823/823
f 823/823 1031/1031 1032/1032
f 823/823 1032/1032 824/824
f 824/824 1032/1032 1033/1033
f 824/824 1033/1033 827/827
f 827/827 1034/1034 1035/1035
f 827/827 1035/1035 828/828
f 827/827 1033/1033 1036/1036
f 827/827 1036/1036 1034/1034
f 1034/1034 1036/1036 1037/1037
f 1034/1034 1037/1037 1035/1035
f 1014/1014 810/810 830/830
f 1014/1014 830/830 1038/1038
f 1038/1038 830/830 1039/1039
f 1038/1038 1039/1039 1040/1040
f 1014/1014 1038/1038 1040/1040
f 1014/1014 1040/1040 1017/1017
f 828/828 1035/1035 1041/1041
f 828/828 1041/1041 832/832
f 832/832 1041/1041 1042/1042
f 832/832 1042/1042 1043/1043
f 1035/1035 1037/1037 1042/1042
f 1035/1035 1042/1042 1041/1041
f 836/836 835/835 1044/1044
f 836/836 1044/1044 1045/1045
f 837/837 836/836 1045/1045
f 837/837 1045/1045 1046/1046
f 841/841 840/840 1047/1047
f 841/841 1047/1047 1048/1048
f 842/842 1049/1049 1047/1047
f 842/842 1047/1047 840/840
f 847/847 846/846 1050/1050
f 847/847 1050/1050 1051/1051
f 852/852 1052/1052 1053/1053
f 852/852 1053/1053 850/850
f 1054/1054 857/857 856/856
f 1054/1054 856/856 1055/1055
f 1055/1055 856/856 1056/1056
f 1055/1055 1056/1056 1057/1057
f 1054/1054 1055/1055 1057/1057
f 1054/1054 1057/1057 1058/1058
f 856/856 855/855 1059/1059
f 856/856 1059/1059 1056/1056
f 855/855 858/858 1060/1060
f 855/855 1060/1060 1059/1059
f 858/858 859/859 1061/1061
f 858/858 1061/1061 1060/1060
f 859/859 860/860 1062/1062
f 859/859 1062/1062 1061/1061
f 860/860 861/861 1063/1063
f 860/860 1063/1063 1062/1062
f 861/861 862/862 1064/1064
f 861/861 1064/1064 1063/1063
f 862/862 863/863 1065/1065
f 862/862 1065/1065 1064/1064
f 863/863 864/864 1066/1066
f 863/863 1066/1066 1065/1065
f 864/864 865/865 1067/1067
f 864/864 1067/1067 1066/1066
f 865/865 866/866 1068/1068
f 865/865 1068/1068 1067/1067
f 866/866 867/867 1069/1069
f 866/866 1069/1069 1068/1068
f 867/867 870/870 1070/1070
f 867/867 1070/1070 1069/1069
f 871/871 1071/1071 1072/1072
f 871/871 1072/1072 870/870
f 870/870 1072/1072 1073/1073
f 870/870 1073/1073 1070/1070
f 1071/1071 1074/1074 1073/1073
f 1071/1071 1073/1073 1072/1072
f 1075/1075 1076/1076 1077/1077
f 1075/1075 1077/1077 1078/1078
f 1078/1078 1077/1077 1079/1079
f 1078/1078 1079/1079 1080/1080
f 1075/1075 1081/1081 1082/1082
f 1075/1075 1082/1082 1076/1076
f 1075/1075 1078/1078 1080/1080
f 1075/1075 1080/1080 1081/1081
f 1076/1076 1083/1083 1084/1084
f 1076/1076 1084/1084 1077/1077
f 1077/1077 1084/1084 1085/1085
f 1077/1077 1085/1085 1079/1079
f 1076/1076 1082/1082 1086/1086
f 1076/1076 1086/1086 1083/1083
f 1083/1083 1087/1087 1088/1088
f 1083/1083 1088/1088 1084/1084
f 1084/1084 1088/1088 1089/1089
f 1084/1084 1089/1089 1085/1085
f 1083/1083 1086/1086 1090/1090
f 1083/1083 1090/1090 1087/1087
f 1087/1087 1091/1091 1092/1092
f 1087/1087 1092/1092 1088/1088
f 1088/1088 1092/1092 1093/1093
f 1088/1088 1093/1093 1089/1089
f 1087/1087 1090/1090 1094/1094
f 1087/1087 1094/1094 1091/1091
f 1091/1091 1094/1094 1093/1093
f 1091/1091 1093/1093 1092/1092
f 1095/1095 1096/1096 1097/1097
f 1095/1095 1097/1097 1098/1098
f 1095/1095 1099/1099 1100/1100
f 1095/1095 1100/1100 1096/1096
f 1095/1095 1098/1098 1101/1101
f 1095/1095 1101/1101 1099/1099
f 1096/1096 1102/1102 1103/1103
f 1096/1096 1103/1103 1097/1097
f 1096/1096 1100/1100 1104/1104
f 1096/1096 1104/1104 1102/1102
f 1102/1102 1104/1104 1105/1105
f 1102/1102 1105/1105 1103/1103
f 1106/1106 1107/1107 1108/1108
f 1106/1106 1108/1108 1109/1109
f 874/874 1110/1110 1108/1108
f 874/874 1108/1108 1107/1107
f 875/875 874/874 1107/1107
f 875/875 1107/1107 1106/1106
f 1109/1109 1108/1108 1111/1111
f 1109/1109 1111/1111 1112/1112
f 1110/1110 878/878 1111/1111
f 1110/1110 1111/1111 1108/1108
f 877/877 1112/1112 1111/1111
f 877/877 1111/1111 878/878
f 1113/1113 893/893 895/895
f 1113/1113 895/895 1114/1114
f 1113/1113 1115/1115 1116/1116
f 1113/1113 1116/1116 893/893
f 1113/1113 1114/1114 1117/1117
f 1113/1113 1117/1117 1115/1115
f 893/893 1116/1116 1118/1118
f 893/893 1118/1118 894/894
f 894/894 1118/1118 1119/1119
f 894/894 1119/1119 896/896
f 896/896 1119/1119 1120/1120
f 896/896 1120/1120 897/897
f 897/897 1120/1120 1121/1121
f 897/897 1121/1121 898/898
f 898/898 1121/1121 1122/1122
f 898/898 1122/1122 899/899
f 899/899 1122/1122 1123/1123
f 899/899 1123/1123 900/900
f 900/900 1123/1123 1124/1124
f 900/900 1124/1124 901/901
f 901/901 1124/1124 1125/1125
f 901/901 1125/1125 902/902
f 902/902 1126/1126 1127/1127
f 902/902 1127/1127 903/903
f 902/902 1125/1125 1128/1128
f 902/902 1128/1128 1126/1126
f 1126/1126 1128/1128 1129/1129
f 1126/1126 1129/1129 1127/1127
f 906/906 1130/1130 1131/1131
f 906/906 1131/1131 907/907
f 906/906 908/908 1132/1132
f 906/906 1132/1132 1130/1130
f 911/911 1133/1133 1134/1134
f 911/911 1134/1134 914/914
f 914/914 1134/1134 1135/1135
f 914/914 1135/1135 915/915
f 918/918 1136/1136 1137/1137
f 918/918 1137/1137 919/919
f 918/918 920/920 1138/1138
f 918/918 1138/1138 1136/1136
f 923/923 1139/1139 1140/1140
f 923/923 1140/1140 924/924
f 924/924 1140/1140 1141/1141
f 924/924 1141/1141 925/925
f 928/928 1142/1142 1143/1143
f 928/928 1143/1143 929/929
f 928/928 930/930 1144/1144
f 928/928 1144/1144 1142/1142
f 933/933 1145/1145 1146/1146
f 933/933 1146/1146 934/934
f 934/934 1146/1146 1147/1147
f 934/934 1147/1147 935/935
f 930/930 937/937 1148/1148
f 930/930 1148/1148 1144/1144
f 935/935 1147/1147 1149/1149
f 935/935 1149/1149 939/939
f 937/937 941/941 1150/1150
f 937/937 1150/1150 1148/1148
f 939/939 1149/1149 1151/1151
f 939/939 1151/1151 943/943
f 941/941 946/946 1152/1152
f 941/941 1152/1152 1150/1150
f 943/943 1151/1151 1153/1153
f 943/943 1153/1153 948/948
f 946/946 945/945 950/950
f 946/946 950/950 1154/1154
f 946/946 1154/1154 1155/1155
f 946/946 1155/1155 1152/1152
f 949/949 948/948 1156/1156
f 949/949 1156/1156 951/951
f 948/948 1153/1153 1157/1157
f 948/948 1157/1157 1156/1156
f 1154/1154 950/950 952/952
f 1154/1154 952/952 1158/1158
f 1154/1154 1158/1158 1159/1159
f 1154/1154 1159/1159 1155/1155
f 951/951 1156/1156 1160/1160
f 951/951 1160/1160 953/953
f 1156/1156 1157/1157 1161/1161
f 1156/1156 1161/1161 1160/1160
f 1158/1158 952/952 955/955
f 1158/1158 955/955 1162/1162
f 1162/1162 955/955 1163/1163
f 1162/1162 1163/1163 1164/1164
f 1158/1158 1162/1162 1164/1164
f 1158/1158 1164/1164 1159/1159
f 953/953 1160/1160 1165/1165
f 953/953 1165/1165 956/956
f 956/956 1165/1165 1166/1166
f 956/956 1166/1166 1167/1167
f 1160/1160 1161/1161 1166/1166
f 1160/1160 1166/1166 1165/1165
f 1168/1168 959/959 958/958
f 1168/1168 958/958 1169/1169
f 1168/1168 1169/1169 1170/1170
f 1168/1168 1170/1170 1171/1171
f 960/960 1172/1172 1173/1173
f 960/960 1173/1173 961/961
f 1172/1172 1174/1174 1175/1175
f 1172/1172 1175/1175 1173/1173
f 1169/1169 958/958 963/963
f 1169/1169 963/963 1176/1176
f 1176/1176 963/963 1177/1177
f 1176/1176 1177/1177 1178/1178
f 1169/1169 1176/1176 1178/1178
f 1169/1169 1178/1178 1170/1170
f 961/961 1173/1173 1179/1179
f 961/961 1179/1179 964/964
f 964/964 1179/1179 1180/1180
f 964/964 1180/1180 1181/1181
f 1173/1173 1175/1175 1180/1180
f 1173/1173 1180/1180 1179/1179
f 1182/1182 969/969 968/968
f 1182/1182 968/968 1183/1183
f 1182/1182 1183/1183 1184/1184
f 1182/1182 1184/1184 1185/1185
f 972/972 1186/1186 1187/1187
f 972/972 1187/1187 973/973
f 1186/1186 1188/1188 1189/1189
f 1186/1186 1189/1189 1187/1187
f 1183/1183 968/968 976/976
f 1183/1183 976/976 1190/1190
f 1190/1190 976/976 1191/1191
f 1190/1190 1191/1191 1192/1192
f 1183/1183 1190/1190 1192/1192
f 1183/1183 1192/1192 1184/1184
f 973/973 1187/1187 1193/1193
f 973/973 1193/1193 978/978
f 978/978 1193/1193 1194/1194
f 978/978 1194/1194 1195/1195
f 1187/1187 1189/1189 1194/1194
f 1187/1187 1194/1194 1193/1193
f 1196/1196 986/986 985/985
f 1196/1196 985/985 1197/1197
f 1197/1197 985/985 1198/1198
f 1197/1197 1198/1198 1199/1199
f 1196/1196 1197/1197 1199/1199
f 1196/1196 1199/1199 1200/1200
f 995/995 1201/1201 1202/1202
f 995/995 1202/1202 994/994
f 994/994 1202/1202 1203/1203
f 994/994 1203/1203 1204/1204
f 1201/1201 1205/1205 1203/1203
f 1201/1201 1203/1203 1202/1202
f 1206/1206 1207/1207 1208/1208
f 1206/1206 1208/1208 1209/1209
f 1209/1209 1208/1208 1210/1210
f 1209/1209 1210/1210 1211/1211
f 1206/1206 1209/1209 1211/1211
f 1206/1206 1211/1211 1212/1212
f 1207/1207 1002/1002 1001/1001
f 1207/1207 1001/1001 1208/1208
f 1208/1208 1001/1001 1213/1213
f 1208/1208 1213/1213 1210/1210
f 1012/1012 1214/1214 1215/1215
f 1012/1012 1215/1215 1011/1011
f 1011/1011 1215/1215 1216/1216
f 1011/1011 1216/1216 1217/1217
f 1214/1214 1218/1218 1219/1219
f 1214/1214 1219/1219 1215/1215
f 1215/1215 1219/1219 1220/1220
f 1215/1215 1220/1220 1216/1216
f 1218/1218 1221/1221 1220/1220
f 1218/1218 1220/1220 1219/1219
f 1222/1222 1223/1223 1224/1224
f 1222/1222 1224/1224 1225/1225
f 1222/1222 1225/1225 1226/1226
f 1222/1222 1226/1226 1227/1227
f 1223/1223 1228/1228 1229/1229
f 1223/1223 1229/1229 1224/1224
f 1228/1228 1230/1230 1231/1231
f 1228/1228 1231/1231 1229/1229
f 1230/1230 1232/1232 1233/1233
f 1230/1230 1233/1233 1231/1231
f 1232/1232 1234/1234 1235/1235
f 1232/1232 1235/1235 1233/1233
f 1015/1015 1236/1236 1237/1237
f 1015/1015 1237/1237 1016/1016
f 1015/1015 1017/1017 1238/1238
f 1015/1015 1238/1238 1236/1236
f 1016/1016 1237/1237 1239/1239
f 1016/1016 1239/1239 1018/1018
f 1018/1018 1239/1239 1240/1240
f 1018/1018 1240/1240 1019/1019
f 1019/1019 1240/1240 1241/1241
f 1019/1019 1241/1241 1020/1020
f 1020/1020 1241/1241 1242/1242
f 1020/1020 1242/1242 1021/1021
f 1021/1021 1242/1242 1243/1243
f 1021/1021 1243/1243 1022/1022
f 1022/1022 1243/1243 1244/1244
f 1022/1022 1244/1244 1023/1023
f 1027/1027 1245/1245 1246/1246
f 1027/1027 1246/1246 1028/1028
f 1028/1028 1246/1246 1247/1247
f 1028/1028 1247/1247 1029/1029
f 1029/1029 1247/1247 1248/1248
f 1029/1029 1248/1248 1030/1030
f 1030/1030 1248/1248 1249/1249
f 1030/1030 1249/1249 1031/1031
f 1031/1031 1249/1249 1250/1250
f 1031/1031 1250/1250 1032/1032
f 1032/1032 1250/1250 1251/1251
f 1032/1032 1251/1251 1033/1033
f 1033/1033 1251/1251 1252/1252
f 1033/1033 1252/1252 1036/1036
f 1036/1036 1252/1252 1253/1253
f 1036/1036 1253/1253 1037/1037
f 1017/1017 1040/1040 1254/1254
f 1017/1017 1254/1254 1238/1238
f 1037/1037 1253/1253 1255/1255
f 1037/1037 1255/1255 1042/1042
f 1256/1256 1046/1046 1045/1045
f 1256/1256 1045/1045 1257/1257
f 1257/1257 1045/1045 1258/1258
f 1257/1257 1258/1258 1259/1259
f 1256/1256 1257/1257 1259/1259
f 1256/1256 1259/1259 1260/1260
f 1049/1049 1261/1261 1262/1262
f 1049/1049 1262/1262 1047/1047
f 1047/1047 1262/1262 1263/1263
f 1047/1047 1263/1263 1264/1264
f 1261/1261 1265/1265 1263/1263
f 1261/1261 1263/1263 1262/1262
f 1266/1266 1051/1051 1050/1050
f 1266/1266 1050/1050 1267/1267
f 1267/1267 1050/1050 1268/1268
f 1267/1267 1268/1268 1269/1269
f 1266/1266 1267/1267 1269/1269
f 1266/1266 1269/1269 1270/1270
f 1052/1052 1271/1271 1272/1272
f 1052/1052 1272/1272 1053/1053
f 1053/1053 1272/1272 1273/1273
f 1053/1053 1273/1273 1274/1274
f 1271/1271 1275/1275 1273/1273
f 1271/1271 1273/1273 1272/1272
f 1057/1057 1056/1056 1276/1276
f 1057/1057 1276/1276 1277/1277
f 1058/1058 1057/1057 1277/1277
f 1058/1058 1277/1277 1278/1278
f 1056/1056 1059/1059 1279/1279
f 1056/1056 1279/1279 1276/1276
f 1059/1059 1060/1060 1280/1280
f 1059/1059 1280/1280 1279/1279
f 1060/1060 1061/1061 1281/1281
f 1060/1060 1281/1281 1280/1280
f 1061/1061 1062/1062 1282/1282
f 1061/1061 1282/1282 1281/1281
f 1062/1062 1063/1063 1283/1283
f 1062/1062 1283/1283 1282/1282
f 1063/1063 1064/1064 1284/1284
f 1063/1063 1284/1284 1283/1283
f 1064/1064 1065/1065 1285/1285
f 1064/1064 1285/1285 1284/1284
f 1065/1065 1066/1066 1286/1286
f 1065/1065 1286/1286 1285/1285
f 1066/1066 1067/1067 1287/1287
f 1066/1066 1287/1287 1286/1286
f 1067/1067 1068/1068 1288/1288
f 1067/1067 1288/1288 1287/1287
f 1068/1068 1069/1069 1289/1289
f 1068/1068 1289/1289 1288/1288
f 1069/1069 1070/1070 1290/1290
f 1069/1069 1290/1290 1289/1289
f 1070/1070 1073/1073 1291/1291
f 1070/1070 1291/1291 1290/1290
f 1074/1074 1292/1292 1291/1291
f 1074/1074 1291/1291 1073/1073
f 1293/1293 1294/1294 1295/1295
f 1293/1293 1295/1295 1296/1296
f 1296/1296 1295/1295 1297/1297
f 1296/1296 1297/1297 1298/1298
f 1293/1293 1299/1299 1300/1300
f 1293/1293 1300/1300 1294/1294
f 1293/1293 1296/1296 1298/1298
f 1293/1293 1298/1298 1299/1299
f 1294/1294 1081/1081 1080/1080
f 1294/1294 1080/1080 1295/1295
f 1295/1295 1080/1080 1301/1301
f 1295/1295 1301/1301 1297/1297
f 1294/1294 1300/1300 1302/1302
f 1294/1294 1302/1302 1081/1081
f 1081/1081 1302/1302 1303/1303
f 1081/1081 1303/1303 1082/1082
f 1082/1082 1303/1303 1304/1304
f 1082/1082 1304/1304 1086/1086
f 1086/1086 1304/1304 1305/1305
f 1086/1086 1305/1305 1090/1090
f 1090/1090 1305/1305 1306/1306
f 1090/1090 1306/1306 1094/1094
f 1094/1094 1307/1307 1308/1308
f 1094/1094 1308/1308 1093/1093
f 1093/1093 1308/1308 1309/1309
f 1093/1093 1309/1309 1310/1310
f 1094/1094 1306/1306 1311/1311
f 1094/1094 1311/1311 1307/1307
f 1307/1307 1312/1312 1313/1313
f 1307/1307 1313/1313 1308/1308
f 1308/1308 1313/1313 1314/1314
f 1308/1308 1314/1314 1309/1309
f 1307/1307 1311/1311 1315/1315
f 1307/1307 1315/1315 1312/1312
f 1312/1312 1315/1315 1314/1314
f 1312/1312 1314/1314 1313/1313
f 1316/1316 1317/1317 1318/1318
f 1316/1316 1318/1318 1319/1319
f 1319/1319 1318/1318 1320/1320
f 1319/1319 1320/1320 1321/1321
f 1316/1316 1319/1319 1321/1321
f 1316/1316 1321/1321 1322/1322
f 1317/1317 1323/1323 1324/1324
f 1317/1317 1324/1324 1318/1318
f 1323/1323 1325/1325 1326/1326
f 1323/1323 1326/1326 1324/1324
f 1325/1325 1327/1327 1328/1328
f 1325/1325 1328/1328 1326/1326
f 1326/1326 1328/1328 1329/1329
f 1326/1326 1329/1329 1330/1330
f 1327/1327 1331/1331 1329/1329
f 1327/1327 1329/1329 1328/1328
f 1332/1332 1333/1333 1100/1100
f 1332/1332 1100/1100 1099/1099
f 1332/1332 1099/1099 1334/1334
f 1332/1332 1334/1334 1335/1335
f 1333/1333 1336/1336 1104/1104
f 1333/1333 1104/1104 1100/1100
f 1336/1336 1337/1337 1338/1338
f 1336/1336 1338/1338 1104/1104
f 1334/1334 1339/1339 1340/1340
f 1334/1334 1340/1340 1341/1341
f 1101/1101 1342/1342 1340/1340
f 1101/1101 1340/1340 1339/1339
f 1099/1099 1101/1101 1339/1339
f 1099/1099 1339/1339 1334/1334
f 1341/1341 1340/1340 1343/1343
f 1341/1341 1343/1343 1338/1338
f 1342/1342 1105/1105 1343/1343
f 1342/1342 1343/1343 1340/1340
f 1104/1104 1338/1338 1343/1343
f 1104/1104 1343/1343 1105/1105
f 1115/1115 1344/1344 1345/1345
f 1115/1115 1345/1345 1116/1116
f 1115/1115 1117/1117 1346/1346
f 1115/1115 1346/1346 1344/1344
f 1116/1116 1345/1345 1347/1347
f 1116/1116 1347/1347 1118/1118
f 1118/1118 1347/1347 1348/1348
f 1118/1118 1348/1348 1119/1119
f 1119/1119 1348/1348 1349/1349
f 1119/1119 1349/1349 1120/1120
f 1120/1120 1349/1349 1350/1350
f 1120/1120 1350/1350 1121/1121
f 1121/1121 1350/1350 1351/1351
f 1121/1121 1351/1351 1122/1122
f 1122/1122 1351/1351 1352/1352
f 1122/1122 1352/1352 1123/1123
f 1123/1123 1352/1352 1353/1353
f 1123/1123 1353/1353 1124/1124
f 1124/1124 1353/1353 1354/1354
f 1124/1124 1354/1354 1125/1125
f 1125/1125 1354/1354 1355/1355
f 1125/1125 1355/1355 1128/1128
f 1128/1128 1355/1355 1356/1356
f 1128/1128 1356/1356 1129/1129
f 1130/1130 1357/1357 1358/1358
f 1130/1130 1358/1358 1131/1131
f 1130/1130 1132/1132 1359/1359
f 1130/1130 1359/1359 1357/1357
f 1133/1133 1360/1360 1361/1361
f 1133/1133 1361/1361 1134/1134
f 1134/1134 1361/1361 1362/1362
f 1134/1134 1362/1362 1135/1135
f 1136/1136 1363/1363 1364/1364
f 1136/1136 1364/1364 1137/1137
f 1136/1136 1138/1138 1365/1365
f 1136/1136 1365/1365 1363/1363
f 1139/1139 1366/1366 1367/1367
f 1139/1139 1367/1367 1140/1140
f 1140/1140 1367/1367 1368/1368
f 1140/1140 1368/1368 1141/1141
f 1142/1142 1369/1369 1370/1370
f 1142/1142 1370/1370 1143/1143
f 1142/1142 1144/1144 1371/1371
f 1142/1142 1371/1371 1369/1369
f 1145/1145 1372/1372 1373/1373
f 1145/1145 1373/1373 1146/1146
f 1146/1146 1373/1373 1374/1374
f 1146/1146 1374/1374 1147/1147
f 1144/1144 1148/1148 1375/1375
f 1144/1144 1375/1375 1371/1371
f 1147/1147 1374/1374 1376/1376
f 1147/1147 1376/1376 1149/1149
f 1148/1148 1150/1150 1377/1377
f 1148/1148 1377/1377 1375/1375
f 1149/1149 1376/1376 1378/1378
f 1149/1149 1378/1378 1151/1151
f 1150/1150 1152/1152 1379/1379
f 1150/1150 1379/1379 1377/1377
f 1151/1151 1378/1378 1380/1380
f 1151/1151 1380/1380 1153/1153
f 1152/1152 1155/1155 1381/1381
f 1152/1152 1381/1381 1379/1379
f 1153/1153 1380/1380 1382/1382
f 1153/1153 1382/1382 1157/1157
f 1155/1155 1159/1159 1383/1383
f 1155/1155 1383/1383 1381/1381
f 1157/1157 1382/1382 1384/1384
f 1157/1157 1384/1384 1161/1161
f 1164/1164 1163/1163 1385/1385
f 1164/1164 1385/1385 1386/1386
f 1159/1159 1164/1164 1386/1386
f 1159/1159 1386/1386 1383/1383
f 1167/1167 1166/1166 1387/1387
f 1167/1167 1387/1387 1388/1388
f 1161/1161 1384/1384 1387/1387
f 1161/1161 1387/1387 1166/1166
f 1171/1171 1170/1170 1389/1389
f 1171/1171 1389/1389 1390/1390
f 1174/1174 1391/1391 1392/1392
f 1174/1174 1392/1392 1175/1175
f 1170/1170 1178/1178 1393/1393
f 1170/1170 1393/1393 1389/1389
f 1175/1175 1392/1392 1394/1394
f 1175/1175 1394/1394 1180/1180
f 1395/1395 1185/1185 1184/1184
f 1395/1395 1184/1184 1396/1396
f 1395/1395 1396/1396 1397/1397
f 1395/1395 1397/1397 1398/1398
f 1188/1188 1399/1399 1400/1400
f 1188/1188 1400/1400 1189/1189
f 1399/1399 1401/1401 1402/1402
f 1399/1399 1402/1402 1400/1400
f 1396/1396 1184/1184 1192/1192
f 1396/1396 1192/1192 1403/1403
f 1403/1403 1192/1192 1404/1404
f 1403/1403 1404/1404 1405/1405
f 1396/1396 1403/1403 1405/1405
f 1396/1396 1405/1405 1397/1397
f 1192/1192 1191/1191 1406/1406
f 1192/1192 1406/1406 1404/1404
f 1195/1195 1194/1194 1407/1407
f 1195/1195 1407/1407 1408/1408
f 1189/1189 1400/1400 1409/1409
f 1189/1189 1409/1409 1194/1194
f 1194/1194 1409/1409 1410/1410
f 1194/1194 1410/1410 1407/1407
f 1400/1400 1402/1402 1410/1410
f 1400/1400 1410/1410 1409/1409
f 1200/1200 1199/1199 1411/1411
f 1200/1200 1411/1411 1412/1412
f 1205/1205 1413/1413 1414/1414
f 1205/1205 1414/1414 1203/1203
f 1415/1415 1212/1212 1211/1211
f 1415/1415 1211/1211 1416/1416
f 1416/1416 1211/1211 1417/1417
f 1416/1416 1417/1417 1418/1418
f 1415/1415 1416/1416 1418/1418
f 1415/1415 1418/1418 1419/1419
f 1221/1221 1420/1420 1421/1421
f 1221/1221 1421/1421 1220/1220
f 1220/1220 1421/1421 1422/1422
f 1220/1220 1422/1422 1423/1423
f 1420/1420 1424/1424 1422/1422
f 1420/1420 1422/1422 1421/1421
f 1425/1425 1426/1426 1427/1427
f 1425/1425 1427/1427 1428/1428
f 1425/1425 1428/1428 1429/1429
f 1425/1425 1429/1429 1430/1430
f 1426/1426 1227/1227 1226/1226
f 1426/1426 1226/1226 1427/1427
f 1234/1234 1431/1431 1432/1432
f 1234/1234 1432/1432 1235/1235
f 1431/1431 1433/1433 1434/1434
f 1431/1431 1434/1434 1432/1432
f 1433/1433 1435/1435 1436/1436
f 1433/1433 1436/1436 1434/1434
f 1236/1236 1437/1437 1438/1438
f 1236/1236 1438/1438 1237/1237
f 1236/1236 1238/1238 1439/1439
f 1236/1236 1439/1439 1437/1437
f 1237/1237 1438/1438 1440/1440
f 1237/1237 1440/1440 1239/1239
f 1239/1239 1440/1440 1441/1441
f 1239/1239 1441/1441 1240/1240
f 1240/1240 1441/1441 1442/1442
f 1240/1240 1442/1442 1241/1241
f 1241/1241 1442/1442 1443/1443
f 1241/1241 1443/1443 1242/1242
f 1247/1247 1444/1444 1445/1445
f 1247/1247 1445/1445 1248/1248
f 1248/1248 1445/1445 1446/1446
f 1248/1248 1446/1446 1249/1249
f 1249/1249 1446/1446 1447/1447
f 1249/1249 1447/1447 1250/1250
f 1250/1250 1447/1447 1448/1448
f 1250/1250 1448/1448 1251/1251
f 1251/1251 1448/1448 1449/1449
f 1251/1251 1449/1449 1252/1252
f 1252/1252 1449/1449 1450/1450
f 1252/1252 1450/1450 1253/1253
f 1238/1238 1254/1254 1451/1451
f 1238/1238 1451/1451 1439/1439
f 1253/1253 1450/1450 1452/1452
f 1253/1253 1452/1452 1255/1255
f 1259/1259 1258/1258 1453/1453
f 1259/1259 1453/1453 1454/1454
f 1260/1260 1259/1259 1454/1454
f 1260/1260 1454/1454 1455/1455
f 1264/1264 1263/1263 1456/1456
f 1264/1264 1456/1456 1457/1457
f 1265/1265 1458/1458 1456/1456
f 1265/1265 1456/1456 1263/1263
f 1269/1269 1268/1268 1459/1459
f 1269/1269 1459/1459 1460/1460
f 1270/1270 1269/1269 1460/1460
f 1270/1270 1460/1460 1461/1461
f 1274/1274 1273/1273 1462/1462
f 1274/1274 1462/1462 1463/1463
f 1275/1275 1464/1464 1462/1462
f 1275/1275 1462/1462 1273/1273
f 1277/1277 1276/1276 1465/1465
f 1277/1277 1465/1465 1466/1466
f 1278/1278 1277/1277 1466/1466
f 1278/1278 1466/1466 1467/1467
f 1276/1276 1279/1279 1468/1468
f 1276/1276 1468/1468 1465/1465
f 1279/1279 1280/1280 1469/1469
f 1279/1279 1469/1469 1468/1468
f 1280/1280 1281/1281 1470/1470
f 1280/1280 1470/1470 1469/1469
f 1281/1281 1282/1282 1471/1471
f 1281/1281 1471/1471 1470/1470
f 1282/1282 1283/1283 1472/1472
f 1282/1282 1472/1472 1471/1471
f 1283/1283 1284/1284 1473/1473
f 1283/1283 1473/1473 1472/1472
f 1284/1284 1285/1285 1474/1474
f 1284/1284 1474/1474 1473/1473
f 1285/1285 1286/1286 1475/1475
f 1285/1285 1475/1475 1474/1474
f 1286/1286 1287/1287 1476/1476
f 1286/1286 1476/1476 1475/1475
f 1287/1287 1288/1288 1477/1477
f 1287/1287 1477/1477 1476/1476
f 1288/1288 1289/1289 1478/1478
f 1288/1288 1478/1478 1477/1477
f 1289/1289 1290/1290 1479/1479
f 1289/1289 1479/1479 1478/1478
f 1290/1290 1291/1291 1480/1480
f 1290/1290 1480/1480 1479/1479
f 1292/1292 1481/1481 1480/1480
f 1292/1292 1480/1480 1291/1291
f 1482/1482 1483/1483 1484/1484
f 1482/1482 1484/1484 1485/1485
f 1485/1485 1484/1484 1486/1486
f 1485/1485 1486/1486 1487/1487
f 1482/1482 1488/1488 1489/1489
f 1482/1482 1489/1489 1483/1483
f 1482/1482 1485/1485 1487/1487
f 1482/1482 1487/1487 1488/1488
f 1483/1483 1490/1490 1491/1491
f 1483/1483 1491/1491 1484/1484
f 1483/1483 1489/1489 1492/1492
f 1483/1483 1492/1492 1490/1490
f 1490/1490 1493/1493 1494/1494
f 1490/1490 1494/1494 1491/1491
f 1490/1490 1492/1492 1495/1495
f 1490/1490 1495/1495 1493/1493
f 1493/1493 1496/1496 1497/1497
f 1493/1493 1497/1497 1494/1494
f 1494/1494 1497/1497 1498/1498
f 1494/1494 1498/1498 1499/1499
f 1493/1493 1495/1495 1500/1500
f 1493/1493 1500/1500 1496/1496
f 1496/1496 1500/1500 1498/1498
f 1496/1496 1498/1498 1497/1497
f 1501/1501 1502/1502 1503/1503
f 1501/1501 1503/1503 1504/1504
f 1501/1501 1504/1504 1505/1505
f 1501/1501 1505/1505 1506/1506
f 1502/1502 1507/1507 1508/1508
f 1502/1502 1508/1508 1503/1503
f 1507/1507 1509/1509 1510/1510
f 1507/1507 1510/1510 1508/1508
f 1504/1504 1503/1503 1511/1511
f 1504/1504 1511/1511 1512/1512
f 1504/1504 1512/1512 1513/1513
f 1504/1504 1513/1513 1505/1505
f 1503/1503 1508/1508 1514/1514
f 1503/1503 1514/1514 1511/1511
f 1508/1508 1510/1510 1515/1515
f 1508/1508 1515/1515 1514/1514
f 1298/1298 1297/1297 1516/1516
f 1298/1298 1516/1516 1517/1517
f 1299/1299 1518/1518 1519/1519
f 1299/1299 1519/1519 1300/1300
f 1299/1299 1298/1298 1517/1517
f 1299/1299 1517/1517 1518/1518
f 1300/1300 1519/1519 1520/1520
f 1300/1300 1520/1520 1302/1302
f 1302/1302 1520/1520 1521/1521
f 1302/1302 1521/1521 1303/1303
f 1305/1305 1522/1522 1523/1523
f 1305/1305 1523/1523 1306/1306
f 1306/1306 1523/1523 1524/1524
f 1306/1306 1524/1524 1311/1311
f 1309/1309 1314/1314 1525/1525
f 1309/1309 1525/1525 1526/1526
f 1311/1311 1524/1524 1527/1527
f 1311/1311 1527/1527 1315/1315
f 1315/1315 1527/1527 1525/1525
f 1315/1315 1525/1525 1314/1314
f 1528/1528 1322/1322 1321/1321
f 1528/1528 1321/1321 1529/1529
f 1529/1529 1321/1321 1530/1530
f 1529/1529 1530/1530 1531/1531
f 1528/1528 1529/1529 1531/1531
f 1528/1528 1531/1531 1532/1532
f 1321/1321 1320/1320 1533/1533
f 1321/1321 1533/1533 1530/1530
f 1330/1330 1329/1329 1534/1534
f 1330/1330 1534/1534 1535/1535
f 1331/1331 1536/1536 1537/1537
f 1331/1331 1537/1537 1329/1329
f 1329/1329 1537/1537 1538/1538
f 1329/1329 1538/1538 1534/1534
f 1536/1536 1539/1539 1538/1538
f 1536/1536 1538/1538 1537/1537
f 1540/1540 1541/1541 1542/1542
f 1540/1540 1542/1542 1543/1543
f 1334/1334 1341/1341 1542/1542
f 1334/1334 1542/1542 1541/1541
f 1335/1335 1334/1334 1541/1541
f 1335/1335 1541/1541 1540/1540
f 1543/1543 1542/1542 1544/1544
f 1543/1543 1544/1544 1545/1545
f 1341/1341 1338/1338 1544/1544
f 1341/1341 1544/1544 1542/1542
f 1337/1337 1545/1545 1544/1544
f 1337/1337 1544/1544 1338/1338
f 1344/1344 1546/1546 1547/1547
f 1344/1344 1547/1547 1345/1345
f 1344/1344 1346/1346 1548/1548
f 1344/1344 1548/1548 1546/1546
f 1345/1345 1547/1547 1549/1549
f 1345/1345 1549/1549 1347/1347
f 1347/1347 1549/1549 1550/1550
f 1347/1347 1550/1550 1348/1348
f 1348/1348 1550/1550 1551/1551
f 1348/1348 1551/1551 1349/1349
f 1349/1349 1551/1551 1552/1552
f 1349/1349 1552/1552 1350/1350
f 1350/1350 1552/1552 1553/1553
f 1350/1350 1553/1553 1351/1351
f 1351/1351 1553/1553 1554/1554
f 1351/1351 1554/1554 1352/1352
f 1352/1352 1554/1554 1555/1555
f 1352/1352 1555/1555 1353/1353
f 1353/1353 1555/1555 1556/1556
f 1353/1353 1556/1556 1354/1354
f 1354/1354 1556/1556 1557/1557
f 1354/1354 1557/1557 1355/1355
f 1355/1355 1557/1557 1558/1558
f 1355/1355 1558/1558 1356/1356
f 1559/1559 1560/1560 1561/1561
f 1559/1559 1561/1561 1562/1562
f 1563/1563 1357/1357 1359/1359
f 1563/1563 1359/1359 1564/1564
f 1563/1563 1559/1559 1562/1562
f 1563/1563 1562/1562 1357/1357
f 1563/1563 1564/1564 1560/1560
f 1563/1563 1560/1560 1559/1559
f 1357/1357 1562/1562 1565/1565
f 1357/1357 1565/1565 1358/1358
f 1360/1360 1566/1566 1567/1567
f 1360/1360 1567/1567 1361/1361
f 1567/1567 1568/1568 1569/1569
f 1567/1567 1569/1569 1570/1570
f 1361/1361 1571/1571 1572/1572
f 1361/1361 1572/1572 1362/1362
f 1361/1361 1567/1567 1570/1570
f 1361/1361 1570/1570 1571/1571
f 1571/1571 1570/1570 1569/1569
f 1571/1571 1569/1569 1572/1572
f 1363/1363 1365/1365 1573/1573
f 1363/1363 1573/1573 1574/1574
f 1367/1367 1575/1575 1576/1576
f 1367/1367 1576/1576 1368/1368
f 1369/1369 1577/1577 1578/1578
f 1369/1369 1578/1578 1370/1370
f 1369/1369 1371/1371 1579/1579
f 1369/1369 1579/1579 1577/1577
f 1372/1372 1580/1580 1581/1581
f 1372/1372 1581/1581 1373/1373
f 1373/1373 1581/1581 1582/1582
f 1373/1373 1582/1582 1374/1374
f 1371/1371 1375/1375 1583/1583
f 1371/1371 1583/1583 1579/1579
f 1374/1374 1582/1582 1584/1584
f 1374/1374 1584/1584 1376/1376
f 1375/1375 1377/1377 1585/1585
f 1375/1375 1585/1585 1583/1583
f 1376/1376 1584/1584 1586/1586
f 1376/1376 1586/1586 1378/1378
f 1377/1377 1379/1379 1587/1587
f 1377/1377 1587/1587 1585/1585
f 1378/1378 1586/1586 1588/1588
f 1378/1378 1588/1588 1380/1380
f 1379/1379 1381/1381 1589/1589
f 1379/1379 1589/1589 1587/1587
f 1380/1380 1588/1588 1590/1590
f 1380/1380 1590/1590 1382/1382
f 1381/1381 1383/1383 1591/1591
f 1381/1381 1591/1591 1589/1589
f 1382/1382 1590/1590 1592/1592
f 1382/1382 1592/1592 1384/1384
f 1386/1386 1385/1385 1593/1593
f 1386/1386 1593/1593 1594/1594
f 1383/1383 1386/1386 1594/1594
f 1383/1383 1594/1594 1591/1591
f 1388/1388 1387/1387 1595/1595
f 1388/1388 1595/1595 1596/1596
f 1384/1384 1592/1592 1595/1595
f 1384/1384 1595/1595 1387/1387
f 1390/1390 1389/1389 1597/1597
f 1390/1390 1597/1597 1598/1598
f 1391/1391 1599/1599 1600/1600
f 1391/1391 1600/1600 1392/1392
f 1389/1389 1393/1393 1601/1601
f 1389/1389 1601/1601 1597/1597
f 1392/1392 1600/1600 1602/1602
f 1392/1392 1602/1602 1394/1394
f 1398/1398 1397/1397 1603/1603
f 1398/1398 1603/1603 1604/1604
f 1401/1401 1605/1605 1606/1606
f 1401/1401 1606/1606 1402/1402
f 1405/1405 1404/1404 1607/1607
f 1405/1405 1607/1607 1608/1608
f 1397/1397 1405/1405 1608/1608
f 1397/1397 1608/1608 1603/1603
f 1407/1407 1410/1410 1609/1609
f 1407/1407 1609/1609 1610/1610
f 1402/1402 1606/1606 1609/1609
f 1402/1402 1609/1609 1410/1410
f 1611/1611 1412/1412 1411/1411
f 1611/1611 1411/1411 1612/1612
f 1612/1612 1411/1411 1613/1613
f 1612/1612 1613/1613 1614/1614
f 1611/1611 1612/1612 1614/1614
f 1611/1611 1614/1614 1615/1615
f 1413/1413 1616/1616 1617/1617
f 1413/1413 1617/1617 1414/1414
f 1414/1414 1617/1617 1618/1618
f 1414/1414 1618/1618 1619/1619
f 1616/1616 1620/1620 1618/1618
f 1616/1616 1618/1618 1617/1617
f 1418/1418 1417/1417 1621/1621
f 1418/1418 1621/1621 1622/1622
f 1419/1419 1418/1418 1622/1622
f 1419/1419 1622/1622 1623/1623
f 1423/1423 1422/1422 1624/1624
f 1423/1423 1624/1624 1625/1625
f 1424/1424 1626/1626 1624/1624
f 1424/1424 1624/1624 1422/1422
f 1430/1430 1429/1429 1627/1627
f 1430/1430 1627/1627 1628/1628
f 1435/1435 1629/1629 1630/1630
f 1435/1435 1630/1630 1436/1436
f 1437/1437 1631/1631 1632/1632
f 1437/1437 1632/1632 1438/1438
f 1437/1437 1439/1439 1633/1633
f 1437/1437 1633/1633 1631/1631
f 1438/1438 1632/1632 1634/1634
f 1438/1438 1634/1634 1440/1440
f 1440/1440 1634/1634 1635/1635
f 1440/1440 1635/1635 1441/1441
f 1441/1441 1635/1635 1636/1636
f 1441/1441 1636/1636 1442/1442
f 1442/1442 1636/1636 1637/1637
f 1442/1442 1637/1637 1443/1443
f 1444/1444 1638/1638 1639/1639
f 1444/1444 1639/1639 1445/1445
f 1445/1445 1639/1639 1640/1640
f 1445/1445 1640/1640 1446/1446
f 1446/1446 1640/1640 1641/1641
f 1446/1446 1641/1641 1447/1447
f 1447/1447 1641/1641 1642/1642
f 1447/1447 1642/1642 1448/1448
f 1448/1448 1642/1642 1643/1643
f 1448/1448 1643/1643 1449/1449
f 1449/1449 1643/1643 1644/1644
f 1449/1449 1644/1644 1450/1450
f 1439/1439 1451/1451 1645/1645
f 1439/1439 1645/1645 1633/1633
f 1450/1450 1644/1644 1646/1646
f 1450/1450 1646/1646 1452/1452
f 1454/1454 1453/1453 1647/1647
f 1454/1454 1647/1647 1648/1648
f 1455/1455 1454/1454 1648/1648
f 1455/1455 1648/1648 1649/1649
f 1457/1457 1456/1456 1650/1650
f 1457/1457 1650/1650 1651/1651
f 1458/1458 1652/1652 1650/1650
f 1458/1458 1650/1650 1456/1456
f 1461/1461 1460/1460 1653/1653
f 1461/1461 1653/1653 1654/1654
f 1464/1464 1655/1655 1656/1656
f 1464/1464 1656/1656 1462/1462
f 1657/1657 1467/1467 1466/1466
f 1657/1657 1466/1466 1658/1658
f 1658/1658 1466/1466 1659/1659
f 1658/1658 1659/1659 1660/1660
f 1657/1657 1658/1658 1660/1660
f 1657/1657 1660/1660 1661/1661
f 1466/1466 1465/1465 1662/1662
f 1466/1466 1662/1662 1659/1659
f 1465/1465 1468/1468 1663/1663
f 1465/1465 1663/1663 1662/1662
f 1468/1468 1469/1469 1664/1664
f 1468/1468 1664/1664 1663/1663
f 1469/1469 1470/1470 1665/1665
f 1469/1469 1665/1665 1664/1664
f 1470/1470 1471/1471 1666/1666
f 1470/1470 1666/1666 1665/1665
f 1475/1475 1476/1476 1667/1667
f 1475/1475 1667/1667 1668/1668
f 1476/1476 1477/1477 1669/1669
f 1476/1476 1669/1669 1667/1667
f 1477/1477 1478/1478 1670/1670
f 1477/1477 1670/1670 1669/1669
f 1478/1478 1479/1479 1671/1671
f 1478/1478 1671/1671 1670/1670
f 1479/1479 1480/1480 1672/1672
f 1479/1479 1672/1672 1671/1671
f 1481/1481 1673/1673 1674/1674
f 1481/1481 1674/1674 1480/1480
f 1480/1480 1674/1674 1675/1675
f 1480/1480 1675/1675 1672/1672
f 1673/1673 1676/1676 1675/1675
f 1673/1673 1675/1675 1674/1674
f 1677/1677 1678/1678 1679/1679
f 1677/1677 1679/1679 1680/1680
f 1677/1677 1680/1680 1681/1681
f 1677/1677 1681/1681 1682/1682
f 1678/1678 1683/1683 1684/1684
f 1678/1678 1684/1684 1679/1679
f 1683/1683 1685/1685 1686/1686
f 1683/1683 1686/1686 1684/1684
f 1685/1685 1687/1687 1688/1688
f 1685/1685 1688/1688 1686/1686
f 1687/1687 1689/1689 1690/1690
f 1687/1687 1690/1690 1688/1688
f 1691/1691 1488/1488 1487/1487
f 1691/1691 1487/1487 1692/1692
f 1692/1692 1487/1487 1693/1693
f 1692/1692 1693/1693 1694/1694
f 1691/1691 1695/1695 1696/1696
f 1691/1691 1696/1696 1488/1488
f 1691/1691 1692/1692 1694/1694
f 1691/1691 1694/1694 1695/1695
f 1500/1500 1697/1697 1698/1698
f 1500/1500 1698/1698 1498/1498
f 1498/1498 1698/1698 1699/1699
f 1498/1498 1699/1699 1700/1700
f 1500/1500 1701/1701 1702/1702
f 1500/1500 1702/1702 1697/1697
f 1697/1697 1702/1702 1699/1699
f 1697/1697 1699/1699 1698/1698
f 1703/1703 1506/1506 1505/1505
f 1703/1703 1505/1505 1704/1704
f 1703/1703 1704/1704 1705/1705
f 1703/1703 1705/1705 1706/1706
f 1509/1509 1707/1707 1708/1708
f 1509/1509 1708/1708 1510/1510
f 1707/1707 1709/1709 1710/1710
f 1707/1707 1710/1710 1708/1708
f 1704/1704 1505/1505 1513/1513
f 1704/1704 1513/1513 1711/1711
f 1704/1704 1711/1711 1712/1712
f 1704/1704 1712/1712 1705/1705
f 1510/1510 1708/1708 1713/1713
f 1510/1510 1713/1713 1515/1515
f 1708/1708 1710/1710 1714/1714
f 1708/1708 1714/1714 1713/1713
f 1715/1715 1518/1518 1517/1517
f 1715/1715 1517/1517 1716/1716
f 1716/1716 1517/1517 1717/1717
f 1716/1716 1717/1717 1718/1718
f 1715/1715 1719/1719 1720/1720
f 1715/1715 1720/1720 1518/1518
f 1715/1715 1716/1716 1718/1718
f 1715/1715 1718/1718 1719/1719
f 1518/1518 1720/1720 1721/1721
f 1518/1518 1721/1721 1519/1519
f 1519/1519 1721/1721 1722/1722
f 1519/1519 1722/1722 1520/1520
f 1523/1523 1723/1723 1724/1724
f 1523/1523 1724/1724 1524/1524
f 1524/1524 1724/1724 1725/1725
f 1524/1524 1725/1725 1527/1527
f 1527/1527 1726/1726 1727/1727
f 1527/1527 1727/1727 1525/1525
f 1525/1525 1727/1727 1728/1728
f 1525/1525 1728/1728 1729/1729
f 1527/1527 1725/1725 1730/1730
f 1527/1527 1730/1730 1726/1726
f 1726/1726 1730/1730 1728/1728
f 1726/1726 1728/1728 1727/1727
f 1731/1731 1532/1532 1531/1531
f 1731/1731 1531/1531 1732/1732
f 1732/1732 1531/1531 1733/1733
f 1732/1732 1733/1733 1734/1734
f 1731/1731 1732/1732 1734/1734
f 1731/1731 1734/1734 1735/1735
f 1531/1531 1530/1530 1736/1736
f 1531/1531 1736/1736 1733/1733
f 1530/1530 1533/1533 1737/1737
f 1530/1530 1737/1737 1736/1736
f 1533/1533 1738/1738 1739/1739
f 1533/1533 1739/1739 1737/1737
f 1738/1738 1535/1535 1740/1740
f 1738/1738 1740/1740 1739/1739
f 1535/1535 1534/1534 1741/1741
f 1535/1535 1741/1741 1740/1740
f 1534/1534 1538/1538 1742/1742
f 1534/1534 1742/1742 1741/1741
f 1539/1539 1743/1743 1744/1744
f 1539/1539 1744/1744 1538/1538
f 1538/1538 1744/1744 1745/1745
f 1538/1538 1745/1745 1742/1742
f 1743/1743 1746/1746 1745/1745
f 1743/1743 1745/1745 1744/1744
f 1747/1747 1748/1748 1749/1749
f 1747/1747 1749/1749 1750/1750
f 1546/1546 1747/1747 1750/1750
f 1546/1546 1750/1750 1547/1547
f 1546/1546 1548/1548 1748/1748
f 1546/1546 1748/1748 1747/1747
f 1547/1547 1750/1750 1751/1751
f 1547/1547 1751/1751 1549/1549
f 1549/1549 1751/1751 1752/1752
f 1549/1549 1752/1752 1550/1550
f 1550/1550 1752/1752 1753/1753
f 1550/1550 1753/1753 1551/1551
f 1551/1551 1753/1753 1754/1754
f 1551/1551 1754/1754 1552/1552
f 1552/1552 1754/1754 1755/1755
f 1552/1552 1755/1755 1553/1553
f 1553/1553 1755/1755 1756/1756
f 1553/1553 1756/1756 1554/1554
f 1554/1554 1756/1756 1757/1757
f 1554/1554 1757/1757 1555/1555
f 1555/1555 1757/1757 1758/1758
f 1555/1555 1758/1758 1556/1556
f 1758/1758 1759/1759 1760/1760
f 1758/1758 1760/1760 1761/1761
f 1556/1556 1758/1758 1761/1761
f 1556/1556 1761/1761 1557/1557
f 1557/1557 1761/1761 1760/1760
f 1557/1557 1760/1760 1558/1558
f 1562/1562 1762/1762 1763/1763
f 1562/1562 1763/1763 1565/1565
f 1562/1562 1561/1561 1764/1764
f 1562/1562 1764/1764 1762/1762
f 1566/1566 1765/1765 1766/1766
f 1566/1566 1766/1766 1567/1567
f 1567/1567 1766/1766 1767/1767
f 1567/1567 1767/1767 1568/1568
f 1574/1574 1768/1768 1769/1769
f 1574/1574 1769/1769 1770/1770
f 1574/1574 1573/1573 1771/1771
f 1574/1574 1771/1771 1768/1768
f 1772/1772 1773/1773 1774/1774
f 1772/1772 1774/1774 1575/1575
f 1575/1575 1774/1774 1775/1775
f 1575/1575 1775/1775 1576/1576
f 1577/1577 1776/1776 1777/1777
f 1577/1577 1777/1777 1578/1578
f 1577/1577 1579/1579 1778/1778
f 1577/1577 1778/1778 1776/1776
f 1580/1580 1779/1779 1780/1780
f 1580/1580 1780/1780 1581/1581
f 1581/1581 1780/1780 1781/1781
f 1581/1581 1781/1781 1582/1582
f 1579/1579 1583/1583 1782/1782
f 1579/1579 1782/1782 1778/1778
f 1582/1582 1781/1781 1783/1783
f 1582/1582 1783/1783 1584/1584
f 1583/1583 1585/1585 1784/1784
f 1583/1583 1784/1784 1782/1782
f 1584/1584 1783/1783 1785/1785
f 1584/1584 1785/1785 1586/1586
f 1585/1585 1587/1587 1786/1786
f 1585/1585 1786/1786 1784/1784
f 1586/1586 1785/1785 1787/1787
f 1586/1586 1787/1787 1588/1588
f 1587/1587 1589/1589 1788/1788
f 1587/1587 1788/1788 1786/1786
f 1588/1588 1787/1787 1789/1789
f 1588/1588 1789/1789 1590/1590
f 1589/1589 1591/1591 1790/1790
f 1589/1589 1790/1790 1788/1788
f 1590/1590 1789/1789 1791/1791
f 1590/1590 1791/1791 1592/1592
f 1591/1591 1594/1594 1792/1792
f 1591/1591 1792/1792 1790/1790
f 1592/1592 1791/1791 1793/1793
f 1592/1592 1793/1793 1595/1595
f 1794/1794 1795/1795 1796/1796
f 1794/1794 1796/1796 1797/1797
f 1798/1798 1598/1598 1597/1597
f 1798/1798 1597/1597 1799/1799
f 1798/1798 1799/1799 1795/1795
f 1798/1798 1795/1795 1794/1794
f 1800/1800 1801/1801 1802/1802
f 1800/1800 1802/1802 1803/1803
f 1599/1599 1804/1804 1805/1805
f 1599/1599 1805/1805 1600/1600
f 1804/1804 1803/1803 1802/1802
f 1804/1804 1802/1802 1805/1805
f 1795/1795 1806/1806 1807/1807
f 1795/1795 1807/1807 1796/1796
f 1799/1799 1597/1597 1601/1601
f 1799/1799 1601/1601 1808/1808
f 1808/1808 1601/1601 1807/1807
f 1808/1808 1807/1807 1806/1806
f 1799/1799 1808/1808 1806/1806
f 1799/1799 1806/1806 1795/1795
f 1801/1801 1809/1809 1810/1810
f 1801/1801 1810/1810 1802/1802
f 1600/1600 1805/1805 1811/1811
f 1600/1600 1811/1811 1602/1602
f 1602/1602 1811/1811 1810/1810
f 1602/1602 1810/1810 1809/1809
f 1805/1805 1802/1802 1810/1810
f 1805/1805 1810/1810 1811/1811
f 1604/1604 1603/1603 1812/1812
f 1604/1604 1812/1812 1813/1813
f 1605/1605 1814/1814 1815/1815
f 1605/1605 1815/1815 1606/1606
f 1608/1608 1607/1607 1816/1816
f 1608/1608 1816/1816 1817/1817
f 1603/1603 1608/1608 1817/1817
f 1603/1603 1817/1817 1812/1812
f 1610/1610 1609/1609 1818/1818
f 1610/1610 1818/1818 1819/1819
f 1606/1606 1815/1815 1818/1818
f 1606/1606 1818/1818 1609/1609
f 1614/1614 1613/1613 1820/1820
f 1614/1614 1820/1820 1821/1821
f 1615/1615 1614/1614 1821/1821
f 1615/1615 1821/1821 1822/1822
f 1619/1619 1618/1618 1823/1823
f 1619/1619 1823/1823 1824/1824
f 1620/1620 1825/1825 1823/1823
f 1620/1620 1823/1823 1618/1618
f 1623/1623 1622/1622 1826/1826
f 1623/1623 1826/1826 1827/1827
f 1626/1626 1828/1828 1829/1829
f 1626/1626 1829/1829 1624/1624
f 1830/1830 1628/1628 1627/1627
f 1830/1830 1627/1627 1831/1831
f 1830/1830 1831/1831 1832/1832
f 1830/1830 1832/1832 1833/1833
f 1629/1629 1834/1834 1835/1835
f 1629/1629 1835/1835 1630/1630
f 1834/1834 1836/1836 1837/1837
f 1834/1834 1837/1837 1835/1835
f 1838/1838 1839/1839 1840/1840
f 1838/1838 1840/1840 1841/1841
f 1842/1842 1631/1631 1633/1633
f 1842/1842 1633/1633 1843/1843
f 1842/1842 1838/1838 1841/1841
f 1842/1842 1841/1841 1631/1631
f 1842/1842 1843/1843 1839/1839
f 1842/1842 1839/1839 1838/1838
f 1631/1631 1841/1841 1844/1844
f 1631/1631 1844/1844 1632/1632
f 1632/1632 1844/1844 1845/1845
f 1632/1632 1845/1845 1634/1634
f 1634/1634 1845/1845 1846/1846
f 1634/1634 1846/1846 1635/1635
f 1635/1635 1846/1846 1847/1847
f 1635/1635 1847/1847 1636/1636
f 1639/1639 1848/1848 1849/1849
f 1639/1639 1849/1849 1640/1640
f 1640/1640 1849/1849 1850/1850
f 1640/1640 1850/1850 1641/1641
f 1641/1641 1850/1850 1851/1851
f 1641/1641 1851/1851 1642/1642
f 1642/1642 1851/1851 1852/1852
f 1642/1642 1852/1852 1643/1643
f 1852/1852 1853/1853 1854/1854
f 1852/1852 1854/1854 1855/1855
f 1643/1643 1856/1856 1857/1857
f 1643/1643 1857/1857 1644/1644
f 1643/1643 1852/1852 1855/1855
f 1643/1643 1855/1855 1856/1856
f 1856/1856 1855/1855 1854/1854
f 1856/1856 1854/1854 1857/1857
f 1839/1839 1858/1858 1859/1859
f 1839/1839 1859/1859 1840/1840
f 1843/1843 1633/1633 1645/1645
f 1843/1843 1645/1645 1860/1860
f 1860/1860 1645/1645 1859/1859
f 1860/1860 1859/1859 1858/1858
f 1843/1843 1860/1860 1858/1858
f 1843/1843 1858/1858 1839/1839
f 1853/1853 1861/1861 1862/1862
f 1853/1853 1862/1862 1854/1854
f 1644/1644 1857/1857 1863/1863
f 1644/1644 1863/1863 1646/1646
f 1646/1646 1863/1863 1862/1862
f 1646/1646 1862/1862 1861/1861
f 1857/1857 1854/1854 1862/1862
f 1857/1857 1862/1862 1863/1863
f 1648/1648 1647/1647 1864/1864
f 1648/1648 1864/1864 1865/1865
f 1649/1649 1648/1648 1865/1865
f 1649/1649 1865/1865 1866/1866
f 1651/1651 1650/1650 1867/1867
f 1651/1651 1867/1867 1868/1868
f 1652/1652 1869/1869 1867/1867
f 1652/1652 1867/1867 1650/1650
f 1654/1654 1653/1653 1870/1870
f 1654/1654 1870/1870 1871/1871
f 1655/1655 1872/1872 1873/1873
f 1655/1655 1873/1873 1656/1656
f 1660/1660 1659/1659 1874/1874
f 1660/1660 1874/1874 1875/1875
f 1661/1661 1660/1660 1875/1875
f 1661/1661 1875/1875 1876/1876
f 1659/1659 1662/1662 1877/1877
f 1659/1659 1877/1877 1874/1874
f 1662/1662 1663/1663 1878/1878
f 1662/1662 1878/1878 1877/1877
f 1663/1663 1664/1664 1879/1879
f 1663/1663 1879/1879 1878/1878
f 1664/1664 1665/1665 1880/1880
f 1664/1664 1880/1880 1879/1879
f 1665/1665 1666/1666 1881/1881
f 1665/1665 1881/1881 1880/1880
f 1668/1668 1667/1667 1882/1882
f 1668/1668 1882/1882 1883/1883
f 1667/1667 1669/1669 1884/1884
f 1667/1667 1884/1884 1882/1882
f 1669/1669 1670/1670 1885/1885
f 1669/1669 1885/1885 1884/1884
f 1670/1670 1671/1671 1886/1886
f 1670/1670 1886/1886 1885/1885
f 1671/1671 1672/1672 1887/1887
f 1671/1671 1887/1887 1886/1886
f 1672/1672 1675/1675 1888/1888
f 1672/1672 1888/1888 1887/1887
f 1676/1676 1889/1889 1888/1888
f 1676/1676 1888/1888 1675/1675
f 1682/1682 1681/1681 1890/1890
f 1682/1682 1890/1890 1891/1891
f 1689/1689 1892/1892 1893/1893
f 1689/1689 1893/1893 1690/1690
f 1694/1694 1693/1693 1894/1894
f 1694/1694 1894/1894 1895/1895
f 1695/1695 1896/1896 1897/1897
f 1695/1695 1897/1897 1696/1696
f 1695/1695 1694/1694 1895/1895
f 1695/1695 1895/1895 1896/1896
f 1700/1700 1699/1699 1898/1898
f 1700/1700 1898/1898 1899/1899
f 1701/1701 1900/1900 1901/1901
f 1701/1701 1901/1901 1702/1702
f 1702/1702 1901/1901 1898/1898
f 1702/1702 1898/1898 1699/1699
f 1902/1902 1903/1903 1904/1904
f 1902/1902 1904/1904 1905/1905
f 1706/1706 1705/1705 1903/1903
f 1706/1706 1903/1903 1902/1902
f 1906/1906 1907/1907 1908/1908
f 1906/1906 1908/1908 1909/1909
f 1709/1709 1909/1909 1908/1908
f 1709/1709 1908/1908 1710/1710
f 1903/1903 1910/1910 1911/1911
f 1903/1903 1911/1911 1904/1904
f 1705/1705 1712/1712 1910/1910
f 1705/1705 1910/1910 1903/1903
f 1907/1907 1912/1912 1913/1913
f 1907/1907 1913/1913 1908/1908
f 1710/1710 1908/1908 1913/1913
f 1710/1710 1913/1913 1714/1714
f 1718/1718 1717/1717 1914/1914
f 1718/1718 1914/1914 1915/1915
f 1719/1719 1916/1916 1917/1917
f 1719/1719 1917/1917 1720/1720
f 1719/1719 1718/1718 1915/1915
f 1719/1719 1915/1915 1916/1916
f 1720/1720 1917/1917 1918/1918
f 1720/1720 1918/1918 1721/1721
f 1721/1721 1918/1918 1919/1919
f 1721/1721 1919/1919 1722/1722
f 1723/1723 1920/1920 1921/1921
f 1723/1723 1921/1921 1724/1724
f 1724/1724 1921/1921 1922/1922
f 1724/1724 1922/1922 1725/1725
f 1729/1729 1728/1728 1923/1923
f 1729/1729 1923/1923 1924/1924
f 1725/1725 1922/1922 1925/1925
f 1725/1725 1925/1925 1730/1730
f 1730/1730 1925/1925 1923/1923
f 1730/1730 1923/1923 1728/1728
f 1734/1734 1733/1733 1926/1926
f 1734/1734 1926/1926 1927/1927
f 1735/1735 1734/1734 1927/1927
f 1735/1735 1927/1927 1928/1928
f 1733/1733 1736/1736 1929/1929
f 1733/1733 1929/1929 1926/1926
f 1736/1736 1737/1737 1930/1930
f 1736/1736 1930/1930 1929/1929
f 1737/1737 1739/1739 1931/1931
f 1737/1737 1931/1931 1930/1930
f 1739/1739 1740/1740 1932/1932
f 1739/1739 1932/1932 1931/1931
f 1740/1740 1741/1741 1933/1933
f 1740/1740 1933/1933 1932/1932
f 1741/1741 1742/1742 1934/1934
f 1741/1741 1934/1934 1933/1933
f 1742/1742 1745/1745 1935/1935
f 1742/1742 1935/1935 1934/1934
f 1746/1746 1936/1936 1935/1935
f 1746/1746 1935/1935 1745/1745
f 1750/1750 1937/1937 1938/1938
f 1750/1750 1938/1938 1751/1751
f 1750/1750 1749/1749 1939/1939
f 1750/1750 1939/1939 1937/1937
f 1751/1751 1938/1938 1940/1940
f 1751/1751 1940/1940 1752/1752
f 1752/1752 1940/1940 1941/1941
f 1752/1752 1941/1941 1753/1753
f 1753/1753 1941/1941 1942/1942
f 1753/1753 1942/1942 1754/1754
f 1754/1754 1942/1942 1943/1943
f 1754/1754 1943/1943 1755/1755
f 1755/1755 1943/1943 1944/1944
f 1755/1755 1944/1944 1756/1756
f 1756/1756 1944/1944 1945/1945
f 1756/1756 1945/1945 1757/1757
f 1757/1757 1945/1945 1946/1946
f 1757/1757 1946/1946 1758/1758
f 1758/1758 1946/1946 1947/1947
f 1758/1758 1947/1947 1759/1759
f 1762/1762 1948/1948 1949/1949
f 1762/1762 1949/1949 1763/1763
f 1762/1762 1764/1764 1950/1950
f 1762/1762 1950/1950 1948/1948
f 1763/1763 1949/1949 1951/1951
f 1763/1763 1951/1951 1952/1952
f 1953/1953 1954/1954 1955/1955
f 1953/1953 1955/1955 1765/1765
f 1765/1765 1955/1955 1956/1956
f 1765/1765 1956/1956 1766/1766
f 1766/1766 1956/1956 1957/1957
f 1766/1766 1957/1957 1767/1767
f 1958/1958 1959/1959 1960/1960
f 1958/1958 1960/1960 1961/1961
f 1768/1768 1958/1958 1961/1961
f 1768/1768 1961/1961 1769/1769
f 1768/1768 1771/1771 1959/1959
f 1768/1768 1959/1959 1958/1958
f 1962/1962 1963/1963 1964/1964
f 1962/1962 1964/1964 1965/1965
f 1773/1773 1962/1962 1965/1965
f 1773/1773 1965/1965 1774/1774
f 1774/1774 1965/1965 1964/1964
f 1774/1774 1964/1964 1775/1775
f 1966/1966 1967/1967 1968/1968
f 1966/1966 1968/1968 1969/1969
f 1776/1776 1966/1966 1969/1969
f 1776/1776 1969/1969 1777/1777
f 1776/1776 1778/1778 1967/1967
f 1776/1776 1967/1967 1966/1966
f 1970/1970 1971/1971 1972/1972
f 1970/1970 1972/1972 1973/1973
f 1779/1779 1970/1970 1973/1973
f 1779/1779 1973/1973 1780/1780
f 1780/1780 1973/1973 1972/1972
f 1780/1780 1972/1972 1781/1781
f 1967/1967 1974/1974 1975/1975
f 1967/1967 1975/1975 1968/1968
f 1778/1778 1782/1782 1974/1974
f 1778/1778 1974/1974 1967/1967
f 1971/1971 1976/1976 1977/1977
f 1971/1971 1977/1977 1972/1972
f 1781/1781 1972/1972 1977/1977
f 1781/1781 1977/1977 1783/1783
f 1974/1974 1978/1978 1979/1979
f 1974/1974 1979/1979 1975/1975
f 1782/1782 1784/1784 1978/1978
f 1782/1782 1978/1978 1974/1974
f 1976/1976 1980/1980 1981/1981
f 1976/1976 1981/1981 1977/1977
f 1783/1783 1977/1977 1981/1981
f 1783/1783 1981/1981 1785/1785
f 1978/1978 1982/1982 1983/1983
f 1978/1978 1983/1983 1979/1979
f 1784/1784 1786/1786 1982/1982
f 1784/1784 1982/1982 1978/1978
f 1980/1980 1984/1984 1985/1985
f 1980/1980 1985/1985 1981/1981
f 1785/1785 1981/1981 1985/1985
f 1785/1785 1985/1985 1787/1787
f 1786/1786 1788/1788 1986/1986
f 1786/1786 1986/1986 1982/1982
f 1787/1787 1985/1985 1987/1987
f 1787/1787 1987/1987 1789/1789
f 1788/1788 1790/1790 1988/1988
f 1788/1788 1988/1988 1986/1986
f 1789/1789 1987/1987 1989/1989
f 1789/1789 1989/1989 1791/1791
f 1792/1792 1990/1990 1991/1991
f 1792/1792 1991/1991 1992/1992
f 1790/1790 1792/1792 1992/1992
f 1790/1790 1992/1992 1988/1988
f 1993/1993 1793/1793 1994/1994
f 1993/1993 1994/1994 1995/1995
f 1791/1791 1989/1989 1994/1994
f 1791/1791 1994/1994 1793/1793
f 1797/1797 1796/1796 1996/1996
f 1797/1797 1996/1996 1997/1997
f 1800/1800 1998/1998 1999/1999
f 1800/1800 1999/1999 1801/1801
f 1796/1796 1807/1807 2000/2000
f 1796/1796 2000/2000 1996/1996
f 1801/1801 1999/1999 2001/2001
f 1801/1801 2001/2001 1809/1809
f 1813/1813 1812/1812 2002/2002
f 1813/1813 2002/2002 2003/2003
f 1814/1814 2004/2004 2005/2005
f 1814/1814 2005/2005 1815/1815
f 1817/1817 1816/1816 2006/2006
f 1817/1817 2006/2006 2007/2007
f 1812/1812 1817/1817 2007/2007
f 1812/1812 2007/2007 2002/2002
f 1819/1819 1818/1818 2008/2008
f 1819/1819 2008/2008 2009/2009
f 1815/1815 2005/2005 2008/2008
f 1815/1815 2008/2008 1818/1818
f 1822/1822 1821/1821 2010/2010
f 1822/1822 2010/2010 2011/2011
f 1825/1825 2012/2012 2013/2013
f 1825/1825 2013/2013 1823/1823
f 2014/2014 2015/2015 2016/2016
f 2014/2014 2016/2016 2017/2017
f 2018/2018 1827/1827 1826/1826
f 2018/2018 1826/1826 2019/2019
f 2019/2019 1826/1826 2016/2016
f 2019/2019 2016/2016 2015/2015
f 2018/2018 2019/2019 2015/2015
f 2018/2018 2015/2015 2014/2014
f 2020/2020 2021/2021 2022/2022
f 2020/2020 2022/2022 2023/2023
f 1828/1828 2024/2024 2025/2025
f 1828/1828 2025/2025 1829/1829
f 1829/1829 2025/2025 2022/2022
f 1829/1829 2022/2022 2021/2021
f 2024/2024 2023/2023 2022/2022
f 2024/2024 2022/2022 2025/2025
f 1833/1833 1832/1832 2026/2026
f 1833/1833 2026/2026 2027/2027
f 1836/1836 2028/2028 2029/2029
f 1836/1836 2029/2029 1837/1837
f 1841/1841 2030/2030 2031/2031
f 1841/1841 2031/2031 1844/1844
f 1841/1841 1840/1840 2032/2032
f 1841/1841 2032/2032 2030/2030
f 1844/1844 2031/2031 2033/2033
f 1844/1844 2033/2033 1845/1845
f 1845/1845 2033/2033 2034/2034
f 1845/1845 2034/2034 1846/1846
f 1846/1846 2034/2034 2035/2035
f 1846/1846 2035/2035 1847/1847
f 1848/1848 2036/2036 2037/2037
f 1848/1848 2037/2037 1849/1849
f 1849/1849 2037/2037 2038/2038
f 1849/1849 2038/2038 1850/1850
f 1850/1850 2038/2038 2039/2039
f 1850/1850 2039/2039 1851/1851
f 1851/1851 2039/2039 2040/2040
f 1851/1851 2040/2040 1852/1852
f 1852/1852 2040/2040 2041/2041
f 1852/1852 2041/2041 1853/1853
f 1840/1840 1859/1859 2042/2042
f 1840/1840 2042/2042 2032/2032
f 1853/1853 2041/2041 2043/2043
f 1853/1853 2043/2043 1861/1861
f 1865/1865 1864/1864 2044/2044
f 1865/1865 2044/2044 2045/2045
f 1866/1866 1865/1865 2045/2045
f 1866/1866 2045/2045 2046/2046
f 1868/1868 1867/1867 2047/2047
f 1868/1868 2047/2047 2048/2048
f 1869/1869 2049/2049 2047/2047
f 1869/1869 2047/2047 1867/1867
f 1871/1871 1870/1870 2050/2050
f 1871/1871 2050/2050 2051/2051
f 1872/1872 2052/2052 2053/2053
f 1872/1872 2053/2053 1873/1873
f 1875/1875 1874/1874 2054/2054
f 1875/1875 2054/2054 2055/2055
f 1876/1876 1875/1875 2055/2055
f 1876/1876 2055/2055 2056/2056
f 1874/1874 1877/1877 2057/2057
f 1874/1874 2057/2057 2054/2054
f 1877/1877 1878/1878 2058/2058
f 1877/1877 2058/2058 2057/2057
f 1878/1878 1879/1879 2059/2059
f 1878/1878 2059/2059 2058/2058
f 1879/1879 1880/1880 2060/2060
f 1879/1879 2060/2060 2059/2059
f 1882/1882 1884/1884 2061/2061
f 1882/1882 2061/2061 2062/2062
f 1884/1884 1885/1885 2063/2063
f 1884/1884 2063/2063 2061/2061
f 1885/1885 1886/1886 2064/2064
f 1885/1885 2064/2064 2063/2063
f 1886/1886 1887/1887 2065/2065
f 1886/1886 2065/2065 2064/2064
f 1887/1887 1888/1888 2066/2066
f 1887/1887 2066/2066 2065/2065
f 1889/1889 2067/2067 2066/2066
f 1889/1889 2066/2066 1888/1888
f 2068/2068 2069/2069 2070/2070
f 2068/2068 2070/2070 2071/2071
f 2072/2072 1891/1891 1890/1890
f 2072/2072 1890/1890 2073/2073
f 2072/2072 2073/2073 2069/2069
f 2072/2072 2069/2069 2068/2068
f 2074/2074 2075/2075 2076/2076
f 2074/2074 2076/2076 2077/2077
f 1892/1892 2078/2078 2079/2079
f 1892/1892 2079/2079 1893/1893
f 2078/2078 2077/2077 2076/2076
f 2078/2078 2076/2076 2079/2079
f 1895/1895 1894/1894 2080/2080
f 1895/1895 2080/2080 2081/2081
f 1896/1896 1895/1895 2081/2081
f 1896/1896 2081/2081 2082/2082
f 1894/1894 2083/2083 2084/2084
f 1894/1894 2084/2084 2080/2080
f 2085/2085 1899/1899 2086/2086
f 2085/2085 2086/2086 2087/2087
f 1899/1899 1898/1898 2088/2088
f 1899/1899 2088/2088 2086/2086
f 1901/1901 2089/2089 2088/2088
f 1901/1901 2088/2088 1898/1898
f 2090/2090 2091/2091 2092/2092
f 2090/2090 2092/2092 2093/2093
f 1905/1905 1904/1904 2091/2091
f 1905/1905 2091/2091 2090/2090
f 2093/2093 2092/2092 2094/2094
f 2093/2093 2094/2094 2095/2095
f 1906/1906 2095/2095 2094/2094
f 1906/1906 2094/2094 1907/1907
f 2091/2091 2096/2096 2097/2097
f 2091/2091 2097/2097 2092/2092
f 1904/1904 1911/1911 2096/2096
f 1904/1904 2096/2096 2091/2091
f 2092/2092 2097/2097 2098/2098
f 2092/2092 2098/2098 2094/2094
f 1907/1907 2094/2094 2098/2098
f 1907/1907 2098/2098 1912/1912
f 1915/1915 1914/1914 2099/2099
f 1915/1915 2099/2099 2100/2100
f 1916/1916 2101/2101 2102/2102
f 1916/1916 2102/2102 1917/1917
f 1916/1916 1915/1915 2100/2100
f 1916/1916 2100/2100 2101/2101
f 1917/1917 2102/2102 2103/2103
f 1917/1917 2103/2103 1918/1918
f 1918/1918 2103/2103 2104/2104
f 1918/1918 2104/2104 1919/1919
f 1919/1919 2104/2104 2105/2105
f 1919/1919 2105/2105 2106/2106
f 2107/2107 2108/2108 2109/2109
f 2107/2107 2109/2109 1920/1920
f 1920/1920 2109/2109 2110/2110
f 1920/1920 2110/2110 1921/1921
f 1921/1921 2110/2110 2111/2111
f 1921/1921 2111/2111 1922/1922
f 1924/1924 1923/1923 2112/2112
f 1924/1924 2112/2112 2113/2113
f 1922/1922 2111/2111 2114/2114
f 1922/1922 2114/2114 1925/1925
f 1925/1925 2114/2114 2112/2112
f 1925/1925 2112/2112 1923/1923
f 1927/1927 1926/1926 2115/2115
f 1927/1927 2115/2115 2116/2116
f 1928/1928 1927/1927 2116/2116
f 1928/1928 2116/2116 2117/2117
f 1926/1926 1929/1929 2118/2118
f 1926/1926 2118/2118 2115/2115
f 1929/1929 1930/1930 2119/2119
f 1929/1929 2119/2119 2118/2118
f 1930/1930 1931/1931 2120/2120
f 1930/1930 2120/2120 2119/2119
f 1931/1931 1932/1932 2121/2121
f 1931/1931 2121/2121 2120/2120
f 1932/1932 1933/1933 2122/2122
f 1932/1932 2122/2122 2121/2121
f 1933/1933 1934/1934 2123/2123
f 1933/1933 2123/2123 2122/2122
f 1934/1934 1935/1935 2124/2124
f 1934/1934 2124/2124 2123/2123
f 1936/1936 2125/2125 2124/2124
f 1936/1936 2124/2124 1935/1935
f 2126/2126 2127/2127 2128/2128
f 2126/2126 2128/2128 2129/2129
f 1937/1937 2126/2126 2129/2129
f 1937/1937 2129/2129 1938/1938
f 1937/1937 1939/1939 2127/2127
f 1937/1937 2127/2127 2126/2126
f 2129/2129 2128/2128 2130/2130
f 2129/2129 2130/2130 2131/2131
f 1938/1938 2129/2129 2131/2131
f 1938/1938 2131/2131 1940/1940
f 1940/1940 2131/2131 2132/2132
f 1940/1940 2132/2132 1941/1941
f 1941/1941 2132/2132 2133/2133
f 1941/1941 2133/2133 1942/1942
f 1942/1942 2133/2133 2134/2134
f 1942/1942 2134/2134 1943/1943
f 1943/1943 2134/2134 2135/2135
f 1943/1943 2135/2135 1944/1944
f 2135/2135 2136/2136 2137/2137
f 2135/2135 2137/2137 2138/2138
f 1944/1944 2135/2135 2138/2138
f 1944/1944 2138/2138 1945/1945
f 2138/2138 2137/2137 2139/2139
f 2138/2138 2139/2139 2140/2140
f 1945/1945 2138/2138 2140/2140
f 1945/1945 2140/2140 1946/1946
f 1946/1946 2140/2140 2139/2139
f 1946/1946 2139/2139 1947/1947
f 2141/2141 2142/2142 2143/2143
f 2141/2141 2143/2143 2144/2144
f 1948/1948 2141/2141 2144/2144
f 1948/1948 2144/2144 1949/1949
f 1948/1948 1950/1950 2142/2142
f 1948/1948 2142/2142 2141/2141
f 1949/1949 2144/2144 2145/2145
f 1949/1949 2145/2145 1951/1951
f 1954/1954 2146/2146 2147/2147
f 1954/1954 2147/2147 1955/1955
f 2147/2147 2148/2148 2149/2149
f 2147/2147 2149/2149 2150/2150
f 1955/1955 2147/2147 2150/2150
f 1955/1955 2150/2150 1956/1956
f 1956/1956 2150/2150 2149/2149
f 1956/1956 2149/2149 1957/1957
f 2151/2151 2152/2152 2153/2153
f 2151/2151 2153/2153 2154/2154
f 1961/1961 1960/1960 2152/2152
f 1961/1961 2152/2152 2151/2151
f 2155/2155 2156/2156 2157/2157
f 2155/2155 2157/2157 2158/2158
f 1962/1962 2158/2158 2157/2157
f 1962/1962 2157/2157 1963/1963
f 1969/1969 2159/2159 2160/2160
f 1969/1969 2160/2160 2161/2161
f 1969/1969 1968/1968 2162/2162
f 1969/1969 2162/2162 2159/2159
f 2163/2163 2164/2164 2165/2165
f 2163/2163 2165/2165 1970/1970
f 1970/1970 2165/2165 2166/2166
f 1970/1970 2166/2166 1971/1971
f 1968/1968 1975/1975 2167/2167
f 1968/1968 2167/2167 2162/2162
f 1971/1971 2166/2166 2168/2168
f 1971/1971 2168/2168 1976/1976
f 1975/1975 1979/1979 2169/2169
f 1975/1975 2169/2169 2167/2167
f 1976/1976 2168/2168 2170/2170
f 1976/1976 2170/2170 1980/1980
f 1979/1979 1983/1983 2171/2171
f 1979/1979 2171/2171 2169/2169
f 1980/1980 2170/2170 2172/2172
f 1980/1980 2172/2172 1984/1984
f 2173/2173 2174/2174 2175/2175
f 2173/2173 2175/2175 2171/2171
f 1982/1982 2173/2173 2171/2171
f 1982/1982 2171/2171 1983/1983
f 1982/1982 1986/1986 2174/2174
f 1982/1982 2174/2174 2173/2173
f 2172/2172 2176/2176 2177/2177
f 2172/2172 2177/2177 2178/2178
f 1984/1984 2172/2172 2178/2178
f 1984/1984 2178/2178 1985/1985
f 1985/1985 2178/2178 2177/2177
f 1985/1985 2177/2177 1987/1987
f 2174/2174 2179/2179 2180/2180
f 2174/2174 2180/2180 2175/2175
f 1986/1986 1988/1988 2179/2179
f 1986/1986 2179/2179 2174/2174
f 2176/2176 2181/2181 2182/2182
f 2176/2176 2182/2182 2177/2177
f 1987/1987 2177/2177 2182/2182
f 1987/1987 2182/2182 1989/1989
f 2179/2179 2183/2183 2184/2184
f 2179/2179 2184/2184 2180/2180
f 1992/1992 1991/1991 2184/2184
f 1992/1992 2184/2184 2183/2183
f 1988/1988 1992/1992 2183/2183
f 1988/1988 2183/2183 2179/2179
f 2181/2181 2185/2185 2186/2186
f 2181/2181 2186/2186 2182/2182
f 1995/1995 1994/1994 2186/2186
f 1995/1995 2186/2186 2185/2185
f 1989/1989 2182/2182 2186/2186
f 1989/1989 2186/2186 1994/1994
f 1997/1997 1996/1996 2187/2187
f 1997/1997 2187/2187 2188/2188
f 1998/1998 2189/2189 2190/2190
f 1998/1998 2190/2190 1999/1999
f 1996/1996 2000/2000 2191/2191
f 1996/1996 2191/2191 2187/2187
f 1999/1999 2190/2190 2192/2192
f 1999/1999 2192/2192 2001/2001
f 2003/2003 2002/2002 2193/2193
f 2003/2003 2193/2193 2194/2194
f 2004/2004 2195/2195 2196/2196
f 2004/2004 2196/2196 2005/2005
f 2007/2007 2006/2006 2197/2197
f 2007/2007 2197/2197 2198/2198
f 2002/2002 2007/2007 2198/2198
f 2002/2002 2198/2198 2193/2193
f 2009/2009 2008/2008 2199/2199
f 2009/2009 2199/2199 2200/2200
f 2005/2005 2196/2196 2199/2199
f 2005/2005 2199/2199 2008/2008
f 2201/2201 2202/2202 2203/2203
f 2201/2201 2203/2203 2204/2204
f 2010/2010 2205/2205 2203/2203
f 2010/2010 2203/2203 2202/2202
f 2011/2011 2010/2010 2202/2202
f 2011/2011 2202/2202 2201/2201
f 2206/2206 2207/2207 2208/2208
f 2206/2206 2208/2208 2209/2209
f 2210/2210 2013/2013 2208/2208
f 2210/2210 2208/2208 2207/2207
f 2012/2012 2209/2209 2208/2208
f 2012/2012 2208/2208 2013/2013
f 2017/2017 2016/2016 2211/2211
f 2017/2017 2211/2211 2212/2212
f 2020/2020 2213/2213 2214/2214
f 2020/2020 2214/2214 2021/2021
f 2027/2027 2026/2026 2215/2215
f 2027/2027 2215/2215 2216/2216
f 2028/2028 2217/2217 2218/2218
f 2028/2028 2218/2218 2029/2029
f 2030/2030 2219/2219 2220/2220
f 2030/2030 2220/2220 2031/2031
f 2030/2030 2032/2032 2221/2221
f 2030/2030 2221/2221 2219/2219
f 2031/2031 2220/2220 2222/2222
f 2031/2031 2222/2222 2033/2033
f 2033/2033 2222/2222 2223/2223
f 2033/2033 2223/2223 2034/2034
f 2034/2034 2223/2223 2224/2224
f 2034/2034 2224/2224 2035/2035
f 2036/2036 2225/2225 2226/2226
f 2036/2036 2226/2226 2037/2037
f 2037/2037 2226/2226 2227/2227
f 2037/2037 2227/2227 2038/2038
f 2038/2038 2227/2227 2228/2228
f 2038/2038 2228/2228 2039/2039
f 2039/2039 2228/2228 2229/2229
f 2039/2039 2229/2229 2040/2040
f 2040/2040 2229/2229 2230/2230
f 2040/2040 2230/2230 2041/2041
f 2032/2032 2042/2042 2231/2231
f 2032/2032 2231/2231 2221/2221
f 2041/2041 2230/2230 2232/2232
f 2041/2041 2232/2232 2043/2043
f 2233/2233 2234/2234 2235/2235
f 2233/2233 2235/2235 2236/2236
f 2045/2045 2044/2044 2235/2235
f 2045/2045 2235/2235 2234/2234
f 2046/2046 2045/2045 2234/2234
f 2046/2046 2234/2234 2233/2233
f 2237/2237 2238/2238 2239/2239
f 2237/2237 2239/2239 2240/2240
f 2048/2048 2047/2047 2239/2239
f 2048/2048 2239/2239 2238/2238
f 2049/2049 2240/2240 2239/2239
f 2049/2049 2239/2239 2047/2047
f 2051/2051 2050/2050 2241/2241
f 2051/2051 2241/2241 2242/2242
f 2052/2052 2243/2243 2244/2244
f 2052/2052 2244/2244 2053/2053
f 2245/2245 2246/2246 2247/2247
f 2245/2245 2247/2247 2248/2248
f 2055/2055 2054/2054 2247/2247
f 2055/2055 2247/2247 2246/2246
f 2056/2056 2055/2055 2246/2246
f 2056/2056 2246/2246 2245/2245
f 2054/2054 2057/2057 2249/2249
f 2054/2054 2249/2249 2247/2247
f 2057/2057 2058/2058 2250/2250
f 2057/2057 2250/2250 2249/2249
f 2058/2058 2059/2059 2251/2251
f 2058/2058 2251/2251 2250/2250
f 2059/2059 2060/2060 2252/2252
f 2059/2059 2252/2252 2251/2251
f 2060/2060 2253/2253 2254/2254
f 2060/2060 2254/2254 2252/2252
f 2255/2255 2062/2062 2256/2256
f 2255/2255 2256/2256 2257/2257
f 2062/2062 2061/2061 2258/2258
f 2062/2062 2258/2258 2256/2256
f 2061/2061 2063/2063 2259/2259
f 2061/2061 2259/2259 2258/2258
f 2063/2063 2064/2064 2260/2260
f 2063/2063 2260/2260 2259/2259
f 2064/2064 2065/2065 2261/2261
f 2064/2064 2261/2261 2260/2260
f 2262/2262 2261/2261 2263/2263
f 2262/2262 2263/2263 2264/2264
f 2065/2065 2066/2066 2263/2263
f 2065/2065 2263/2263 2261/2261
f 2067/2067 2264/2264 2263/2263
f 2067/2067 2263/2263 2066/2066
f 2071/2071 2070/2070 2265/2265
f 2071/2071 2265/2265 2266/2266
f 2074/2074 2267/2267 2268/2268
f 2074/2074 2268/2268 2075/2075
f 2269/2269 2270/2270 2271/2271
f 2269/2269 2271/2271 2272/2272
f 2081/2081 2080/2080 2271/2271
f 2081/2081 2271/2271 2270/2270
f 2082/2082 2269/2269 2272/2272
f 2082/2082 2272/2272 2273/2273
f 2082/2082 2081/2081 2270/2270
f 2082/2082 2270/2270 2269/2269
f 2080/2080 2084/2084 2274/2274
f 2080/2080 2274/2274 2271/2271
f 2084/2084 2275/2275 2276/2276
f 2084/2084 2276/2276 2274/2274
f 2275/2275 2087/2087 2277/2277
f 2275/2275 2277/2277 2276/2276
f 2087/2087 2086/2086 2278/2278
f 2087/2087 2278/2278 2277/2277
f 2279/2279 2278/2278 2280/2280
f 2279/2279 2280/2280 2281/2281
f 2086/2086 2088/2088 2280/2280
f 2086/2086 2280/2280 2278/2278
f 2282/2282 2279/2279 2281/2281
f 2282/2282 2281/2281 2089/2089
f 2089/2089 2281/2281 2280/2280
f 2089/2089 2280/2280 2088/2088
f 2283/2283 2284/2284 2285/2285
f 2283/2283 2285/2285 2286/2286
f 2100/2100 2099/2099 2285/2285
f 2100/2100 2285/2285 2284/2284
f 2101/2101 2283/2283 2286/2286
f 2101/2101 2286/2286 2102/2102
f 2101/2101 2100/2100 2284/2284
f 2101/2101 2284/2284 2283/2283
f 2102/2102 2286/2286 2287/2287
f 2102/2102 2287/2287 2103/2103
f 2103/2103 2287/2287 2288/2288
f 2103/2103 2288/2288 2104/2104
f 2104/2104 2288/2288 2289/2289
f 2104/2104 2289/2289 2105/2105
f 2105/2105 2289/2289 2290/2290
f 2105/2105 2290/2290 2291/2291
f 2291/2291 2290/2290 2292/2292
f 2291/2291 2292/2292 2108/2108
f 2108/2108 2292/2292 2293/2293
f 2108/2108 2293/2293 2109/2109
f 2109/2109 2293/2293 2294/2294
f 2109/2109 2294/2294 2110/2110
f 2110/2110 2294/2294 2295/2295
f 2110/2110 2295/2295 2111/2111
f 2295/2295 2296/2296 2297/2297
f 2295/2295 2297/2297 2298/2298
f 2113/2113 2112/2112 2297/2297
f 2113/2113 2297/2297 2296/2296
f 2111/2111 2295/2295 2298/2298
f 2111/2111 2298/2298 2114/2114
f 2114/2114 2298/2298 2297/2297
f 2114/2114 2297/2297 2112/2112
f 2299/2299 2300/2300 2301/2301
f 2299/2299 2301/2301 2302/2302
f 2116/2116 2115/2115 2301/2301
f 2116/2116 2301/2301 2300/2300
f 2117/2117 2116/2116 2300/2300
f 2117/2117 2300/2300 2299/2299
f 2115/2115 2118/2118 2303/2303
f 2115/2115 2303/2303 2301/2301
f 2118/2118 2119/2119 2304/2304
f 2118/2118 2304/2304 2303/2303
f 2119/2119 2120/2120 2305/2305
f 2119/2119 2305/2305 2304/2304
f 2120/2120 2121/2121 2306/2306
f 2120/2120 2306/2306 2305/2305
f 2121/2121 2122/2122 2307/2307
f 2121/2121 2307/2307 2306/2306
f 2122/2122 2123/2123 2308/2308
f 2122/2122 2308/2308 2307/2307
f 2309/2309 2308/2308 2310/2310
f 2309/2309 2310/2310 2311/2311
f 2123/2123 2124/2124 2310/2310
f 2123/2123 2310/2310 2308/2308
f 2125/2125 2311/2311 2310/2310
f 2125/2125 2310/2310 2124/2124
f 2312/2312 2313/2313 2314/2314
f 2312/2312 2314/2314 2315/2315
f 2131/2131 2312/2312 2315/2315
f 2131/2131 2315/2315 2132/2132
f 2131/2131 2130/2130 2313/2313
f 2131/2131 2313/2313 2312/2312
f 2315/2315 2314/2314 2316/2316
f 2315/2315 2316/2316 2317/2317
f 2132/2132 2315/2315 2317/2317
f 2132/2132 2317/2317 2133/2133
f 2317/2317 2316/2316 2318/2318
f 2317/2317 2318/2318 2319/2319
f 2133/2133 2317/2317 2319/2319
f 2133/2133 2319/2319 2134/2134
f 2319/2319 2318/2318 2320/2320
f 2319/2319 2320/2320 2321/2321
f 2134/2134 2319/2319 2321/2321
f 2134/2134 2321/2321 2135/2135
f 2135/2135 2321/2321 2320/2320
f 2135/2135 2320/2320 2136/2136
f 2322/2322 2323/2323 2324/2324
f 2322/2322 2324/2324 2325/2325
f 2144/2144 2322/2322 2325/2325
f 2144/2144 2325/2325 2145/2145
f 2144/2144 2143/2143 2323/2323
f 2144/2144 2323/2323 2322/2322
f 2145/2145 2325/2325 2326/2326
f 2145/2145 2326/2326 2327/2327
f 2327/2327 2326/2326 2328/2328
f 2327/2327 2328/2328 2329/2329
f 2330/2330 2331/2331 2332/2332
f 2330/2330 2332/2332 2333/2333
f 2333/2333 2332/2332 2334/2334
f 2333/2333 2334/2334 2146/2146
f 2334/2334 2335/2335 2336/2336
f 2334/2334 2336/2336 2337/2337
f 2146/2146 2334/2334 2337/2337
f 2146/2146 2337/2337 2147/2147
f 2147/2147 2337/2337 2336/2336
f 2147/2147 2336/2336 2148/2148
f 2338/2338 2339/2339 2340/2340
f 2338/2338 2340/2340 2341/2341
f 2154/2154 2153/2153 2339/2339
f 2154/2154 2339/2339 2338/2338
f 2342/2342 2343/2343 2344/2344
f 2342/2342 2344/2344 2345/2345
f 2155/2155 2345/2345 2344/2344
f 2155/2155 2344/2344 2156/2156
f 2346/2346 2347/2347 2348/2348
f 2346/2346 2348/2348 2349/2349
f 2159/2159 2346/2346 2349/2349
f 2159/2159 2349/2349 2160/2160
f 2159/2159 2162/2162 2347/2347
f 2159/2159 2347/2347 2346/2346
f 2160/2160 2349/2349 2350/2350
f 2160/2160 2350/2350 2351/2351
f 2352/2352 2353/2353 2354/2354
f 2352/2352 2354/2354 2164/2164
f 2354/2354 2355/2355 2356/2356
f 2354/2354 2356/2356 2357/2357
f 2164/2164 2354/2354 2357/2357
f 2164/2164 2357/2357 2165/2165
f 2165/2165 2357/2357 2356/2356
f 2165/2165 2356/2356 2166/2166
f 2347/2347 2358/2358 2359/2359
f 2347/2347 2359/2359 2348/2348
f 2162/2162 2167/2167 2358/2358
f 2162/2162 2358/2358 2347/2347
f 2355/2355 2360/2360 2361/2361
f 2355/2355 2361/2361 2356/2356
f 2166/2166 2356/2356 2361/2361
f 2166/2166 2361/2361 2168/2168
f 2358/2358 2362/2362 2363/2363
f 2358/2358 2363/2363 2359/2359
f 2167/2167 2169/2169 2362/2362
f 2167/2167 2362/2362 2358/2358
f 2360/2360 2364/2364 2365/2365
f 2360/2360 2365/2365 2361/2361
f 2168/2168 2361/2361 2365/2365
f 2168/2168 2365/2365 2170/2170
f 2362/2362 2366/2366 2367/2367
f 2362/2362 2367/2367 2363/2363
f 2169/2169 2171/2171 2366/2366
f 2169/2169 2366/2366 2362/2362
f 2364/2364 2368/2368 2369/2369
f 2364/2364 2369/2369 2365/2365
f 2170/2170 2365/2365 2369/2369
f 2170/2170 2369/2369 2172/2172
f 2171/2171 2175/2175 2370/2370
f 2171/2171 2370/2370 2366/2366
f 2172/2172 2369/2369 2371/2371
f 2172/2172 2371/2371 2176/2176
f 2175/2175 2180/2180 2372/2372
f 2175/2175 2372/2372 2370/2370
f 2176/2176 2371/2371 2373/2373
f 2176/2176 2373/2373 2181/2181
f 2180/2180 2184/2184 2374/2374
f 2180/2180 2374/2374 2372/2372
f 2181/2181 2373/2373 2375/2375
f 2181/2181 2375/2375 2185/2185
f 2376/2376 2377/2377 2378/2378
f 2376/2376 2378/2378 2379/2379
f 2188/2188 2187/2187 2377/2377
f 2188/2188 2377/2377 2376/2376
f 2380/2380 2381/2381 2382/2382
f 2380/2380 2382/2382 2383/2383
f 2189/2189 2383/2383 2382/2382
f 2189/2189 2382/2382 2190/2190
f 2377/2377 2384/2384 2385/2385
f 2377/2377 2385/2385 2378/2378
f 2187/2187 2191/2191 2384/2384
f 2187/2187 2384/2384 2377/2377
f 2381/2381 2386/2386 2387/2387
f 2381/2381 2387/2387 2382/2382
f 2190/2190 2382/2382 2387/2387
f 2190/2190 2387/2387 2192/2192
f 2388/2388 2389/2389 2390/2390
f 2388/2388 2390/2390 2391/2391
f 2194/2194 2193/2193 2389/2389
f 2194/2194 2389/2389 2388/2388
f 2392/2392 2393/2393 2394/2394
f 2392/2392 2394/2394 2395/2395
f 2195/2195 2395/2395 2394/2394
f 2195/2195 2394/2394 2196/2196
f 2389/2389 2396/2396 2397/2397
f 2389/2389 2397/2397 2390/2390
f 2198/2198 2197/2197 2397/2397
f 2198/2198 2397/2397 2396/2396
f 2193/2193 2198/2198 2396/2396
f 2193/2193 2396/2396 2389/2389
f 2197/2197 2398/2398 2399/2399
f 2197/2197 2399/2399 2397/2397
f 2400/2400 2200/2200 2401/2401
f 2400/2400 2401/2401 2402/2402
f 2393/2393 2401/2401 2403/2403
f 2393/2393 2403/2403 2394/2394
f 2200/2200 2199/2199 2403/2403
f 2200/2200 2403/2403 2401/2401
f 2196/2196 2394/2394 2403/2403
f 2196/2196 2403/2403 2199/2199
f 2204/2204 2203/2203 2404/2404
f 2204/2204 2404/2404 2405/2405
f 2206/2206 2406/2406 2407/2407
f 2206/2206 2407/2407 2207/2207
f 2212/2212 2211/2211 2408/2408
f 2212/2212 2408/2408 2409/2409
f 2213/2213 2410/2410 2411/2411
f 2213/2213 2411/2411 2214/2214
f 2412/2412 2413/2413 2414/2414
f 2412/2412 2414/2414 2415/2415
f 2216/2216 2215/2215 2413/2413
f 2216/2216 2413/2413 2412/2412
f 2416/2416 2417/2417 2418/2418
f 2416/2416 2418/2418 2419/2419
f 2217/2217 2419/2419 2418/2418
f 2217/2217 2418/2418 2218/2218
f 2219/2219 2420/2420 2421/2421
f 2219/2219 2421/2421 2220/2220
f 2219/2219 2221/2221 2422/2422
f 2219/2219 2422/2422 2420/2420
f 2220/2220 2421/2421 2423/2423
f 2220/2220 2423/2423 2222/2222
f 2222/2222 2423/2423 2424/2424
f 2222/2222 2424/2424 2223/2223
f 2223/2223 2424/2424 2425/2425
f 2223/2223 2425/2425 2224/2224
f 2225/2225 2426/2426 2427/2427
f 2225/2225 2427/2427 2226/2226
f 2226/2226 2427/2427 2428/2428
f 2226/2226 2428/2428 2227/2227
f 2227/2227 2428/2428 2429/2429
f 2227/2227 2429/2429 2228/2228
f 2228/2228 2429/2429 2430/2430
f 2228/2228 2430/2430 2229/2229
f 2229/2229 2430/2430 2431/2431
f 2229/2229 2431/2431 2230/2230
f 2231/2231 2432/2432 2433/2433
f 2231/2231 2433/2433 2434/2434
f 2221/2221 2231/2231 2434/2434
f 2221/2221 2434/2434 2422/2422
f 2435/2435 2232/2232 2436/2436
f 2435/2435 2436/2436 2437/2437
f 2230/2230 2431/2431 2436/2436
f 2230/2230 2436/2436 2232/2232
f 2236/2236 2235/2235 2438/2438
f 2236/2236 2438/2438 2439/2439
f 2237/2237 2440/2440 2441/2441
f 2237/2237 2441/2441 2238/2238
f 2442/2442 2443/2443 2444/2444
f 2442/2442 2444/2444 2445/2445
f 2241/2241 2446/2446 2444/2444
f 2241/2241 2444/2444 2443/2443
f 2242/2242 2241/2241 2443/2443
f 2242/2242 2443/2443 2442/2442
f 2447/2447 2448/2448 2449/2449
f 2447/2447 2449/2449 2450/2450
f 2451/2451 2244/2244 2449/2449
f 2451/2451 2449/2449 2448/2448
f 2243/2243 2450/2450 2449/2449
f 2243/2243 2449/2449 2244/2244
f 2247/2247 2249/2249 2452/2452
f 2247/2247 2452/2452 2453/2453
f 2248/2248 2247/2247 2453/2453
f 2248/2248 2453/2453 2454/2454
f 2249/2249 2250/2250 2455/2455
f 2249/2249 2455/2455 2452/2452
f 2250/2250 2251/2251 2456/2456
f 2250/2250 2456/2456 2455/2455
f 2251/2251 2252/2252 2457/2457
f 2251/2251 2457/2457 2456/2456
f 2252/2252 2254/2254 2458/2458
f 2252/2252 2458/2458 2457/2457
f 2257/2257 2256/2256 2459/2459
f 2257/2257 2459/2459 2460/2460
f 2256/2256 2258/2258 2461/2461
f 2256/2256 2461/2461 2459/2459
f 2258/2258 2259/2259 2462/2462
f 2258/2258 2462/2462 2461/2461
f 2259/2259 2260/2260 2463/2463
f 2259/2259 2463/2463 2462/2462
f 2260/2260 2261/2261 2464/2464
f 2260/2260 2464/2464 2463/2463
f 2262/2262 2465/2465 2464/2464
f 2262/2262 2464/2464 2261/2261
f 2466/2466 2467/2467 2468/2468
f 2466/2466 2468/2468 2469/2469
f 2266/2266 2265/2265 2467/2467
f 2266/2266 2467/2467 2466/2466
f 2469/2469 2468/2468 2470/2470
f 2469/2469 2470/2470 2471/2471
f 2471/2471 2470/2470 2472/2472
f 2471/2471 2472/2472 2473/2473
f 2473/2473 2472/2472 2474/2474
f 2473/2473 2474/2474 2475/2475
f 2267/2267 2475/2475 2474/2474
f 2267/2267 2474/2474 2268/2268
f 2476/2476 2477/2477 2478/2478
f 2476/2476 2478/2478 2479/2479
f 2271/2271 2274/2274 2478/2478
f 2271/2271 2478/2478 2477/2477
f 2272/2272 2271/2271 2477/2477
f 2272/2272 2477/2477 2476/2476
f 2479/2479 2478/2478 2480/2480
f 2479/2479 2480/2480 2481/2481
f 2274/2274 2276/2276 2480/2480
f 2274/2274 2480/2480 2478/2478
f 2481/2481 2480/2480 2482/2482
f 2481/2481 2482/2482 2483/2483
f 2276/2276 2277/2277 2482/2482
f 2276/2276 2482/2482 2480/2480
f 2483/2483 2482/2482 2484/2484
f 2483/2483 2484/2484 2485/2485
f 2277/2277 2278/2278 2484/2484
f 2277/2277 2484/2484 2482/2482
f 2279/2279 2485/2485 2484/2484
f 2279/2279 2484/2484 2278/2278
f 2285/2285 2486/2486 2487/2487
f 2285/2285 2487/2487 2488/2488
f 2286/2286 2489/2489 2490/2490
f 2286/2286 2490/2490 2287/2287
f 2286/2286 2285/2285 2488/2488
f 2286/2286 2488/2488 2489/2489
f 2287/2287 2490/2490 2491/2491
f 2287/2287 2491/2491 2288/2288
f 2288/2288 2491/2491 2492/2492
f 2288/2288 2492/2492 2289/2289
f 2289/2289 2492/2492 2493/2493
f 2289/2289 2493/2493 2290/2290
f 2290/2290 2493/2493 2494/2494
f 2290/2290 2494/2494 2292/2292
f 2292/2292 2494/2494 2495/2495
f 2292/2292 2495/2495 2293/2293
f 2293/2293 2495/2495 2496/2496
f 2293/2293 2496/2496 2294/2294
f 2497/2497 2296/2296 2498/2498
f 2497/2497 2498/2498 2499/2499
f 2294/2294 2496/2496 2500/2500
f 2294/2294 2500/2500 2295/2295
f 2295/2295 2500/2500 2498/2498
f 2295/2295 2498/2498 2296/2296
f 2501/2501 2502/2502 2503/2503
f 2501/2501 2503/2503 2504/2504
f 2301/2301 2303/2303 2503/2503
f 2301/2301 2503/2503 2502/2502
f 2302/2302 2301/2301 2502/2502
f 2302/2302 2502/2502 2501/2501
f 2303/2303 2304/2304 2505/2505
f 2303/2303 2505/2505 2503/2503
f 2304/2304 2305/2305 2506/2506
f 2304/2304 2506/2506 2505/2505
f 2305/2305 2306/2306 2507/2507
f 2305/2305 2507/2507 2506/2506
f 2306/2306 2307/2307 2508/2508
f 2306/2306 2508/2508 2507/2507
f 2509/2509 2508/2508 2510/2510
f 2509/2509 2510/2510 2511/2511
f 2307/2307 2308/2308 2510/2510
f 2307/2307 2510/2510 2508/2508
f 2309/2309 2511/2511 2510/2510
f 2309/2309 2510/2510 2308/2308
f 2512/2512 2513/2513 2514/2514
f 2512/2512 2514/2514 2515/2515
f 2325/2325 2512/2512 2515/2515
f 2325/2325 2515/2515 2326/2326
f 2325/2325 2324/2324 2513/2513
f 2325/2325 2513/2513 2512/2512
f 2326/2326 2515/2515 2516/2516
f 2326/2326 2516/2516 2328/2328
f 2328/2328 2516/2516 2517/2517
f 2328/2328 2517/2517 2518/2518
f 2518/2518 2517/2517 2519/2519
f 2518/2518 2519/2519 2520/2520
f 2520/2520 2519/2519 2521/2521
f 2520/2520 2521/2521 2522/2522
f 2522/2522 2521/2521 2523/2523
f 2522/2522 2523/2523 2331/2331
f 2331/2331 2523/2523 2524/2524
f 2331/2331 2524/2524 2332/2332
f 2524/2524 2525/2525 2526/2526
f 2524/2524 2526/2526 2527/2527
f 2332/2332 2524/2524 2527/2527
f 2332/2332 2527/2527 2334/2334
f 2334/2334 2527/2527 2526/2526
f 2334/2334 2526/2526 2335/2335
f 2528/2528 2529/2529 2530/2530
f 2528/2528 2530/2530 2531/2531
f 2341/2341 2340/2340 2529/2529
f 2341/2341 2529/2529 2528/2528
f 2532/2532 2533/2533 2534/2534
f 2532/2532 2534/2534 2535/2535
f 2342/2342 2535/2535 2534/2534
f 2342/2342 2534/2534 2343/2343
f 2536/2536 2537/2537 2538/2538
f 2536/2536 2538/2538 2539/2539
f 2349/2349 2536/2536 2539/2539
f 2349/2349 2539/2539 2350/2350
f 2349/2349 2348/2348 2537/2537
f 2349/2349 2537/2537 2536/2536
f 2350/2350 2539/2539 2540/2540
f 2350/2350 2540/2540 2541/2541
f 2542/2542 2543/2543 2544/2544
f 2542/2542 2544/2544 2353/2353
f 2544/2544 2545/2545 2546/2546
f 2544/2544 2546/2546 2547/2547
f 2353/2353 2544/2544 2547/2547
f 2353/2353 2547/2547 2354/2354
f 2354/2354 2547/2547 2546/2546
f 2354/2354 2546/2546 2355/2355
f 2537/2537 2548/2548 2549/2549
f 2537/2537 2549/2549 2538/2538
f 2348/2348 2359/2359 2548/2548
f 2348/2348 2548/2548 2537/2537
f 2545/2545 2550/2550 2551/2551
f 2545/2545 2551/2551 2546/2546
f 2355/2355 2546/2546 2551/2551
f 2355/2355 2551/2551 2360/2360
f 2548/2548 2552/2552 2553/2553
f 2548/2548 2553/2553 2549/2549
f 2359/2359 2363/2363 2552/2552
f 2359/2359 2552/2552 2548/2548
f 2550/2550 2554/2554 2555/2555
f 2550/2550 2555/2555 2551/2551
f 2360/2360 2551/2551 2555/2555
f 2360/2360 2555/2555 2364/2364
f 2552/2552 2556/2556 2557/2557
f 2552/2552 2557/2557 2553/2553
f 2363/2363 2367/2367 2556/2556
f 2363/2363 2556/2556 2552/2552
f 2554/2554 2558/2558 2559/2559
f 2554/2554 2559/2559 2555/2555
f 2364/2364 2555/2555 2559/2559
f 2364/2364 2559/2559 2368/2368
f 2560/2560 2561/2561 2562/2562
f 2560/2560 2562/2562 2556/2556
f 2366/2366 2560/2560 2556/2556
f 2366/2366 2556/2556 2367/2367
f 2366/2366 2370/2370 2561/2561
f 2366/2366 2561/2561 2560/2560
f 2559/2559 2563/2563 2564/2564
f 2559/2559 2564/2564 2565/2565
f 2368/2368 2559/2559 2565/2565
f 2368/2368 2565/2565 2369/2369
f 2369/2369 2565/2565 2564/2564
f 2369/2369 2564/2564 2371/2371
f 2561/2561 2566/2566 2567/2567
f 2561/2561 2567/2567 2562/2562
f 2370/2370 2372/2372 2566/2566
f 2370/2370 2566/2566 2561/2561
f 2563/2563 2568/2568 2569/2569
f 2563/2563 2569/2569 2564/2564
f 2371/2371 2564/2564 2569/2569
f 2371/2371 2569/2569 2373/2373
f 2566/2566 2570/2570 2571/2571
f 2566/2566 2571/2571 2567/2567
f 2374/2374 2572/2572 2571/2571
f 2374/2374 2571/2571 2570/2570
f 2372/2372 2374/2374 2570/2570
f 2372/2372 2570/2570 2566/2566
f 2568/2568 2573/2573 2574/2574
f 2568/2568 2574/2574 2569/2569
f 2575/2575 2375/2375 2574/2574
f 2575/2575 2574/2574 2573/2573
f 2373/2373 2569/2569 2574/2574
f 2373/2373 2574/2574 2375/2375
f 2379/2379 2378/2378 2576/2576
f 2379/2379 2576/2576 2577/2577
f 2380/2380 2578/2578 2579/2579
f 2380/2380 2579/2579 2381/2381
f 2378/2378 2385/2385 2580/2580
f 2378/2378 2580/2580 2576/2576
f 2381/2381 2579/2579 2581/2581
f 2381/2381 2581/2581 2386/2386
f 2582/2582 2583/2583 2584/2584
f 2582/2582 2584/2584 2585/2585
f 2391/2391 2390/2390 2583/2583
f 2391/2391 2583/2583 2582/2582
f 2586/2586 2587/2587 2588/2588
f 2586/2586 2588/2588 2589/2589
f 2392/2392 2589/2589 2588/2588
f 2392/2392 2588/2588 2393/2393
f 2583/2583 2590/2590 2591/2591
f 2583/2583 2591/2591 2584/2584
f 2397/2397 2399/2399 2591/2591
f 2397/2397 2591/2591 2590/2590
f 2390/2390 2397/2397 2590/2590
f 2390/2390 2590/2590 2583/2583
f 2587/2587 2592/2592 2593/2593
f 2587/2587 2593/2593 2588/2588
f 2402/2402 2401/2401 2593/2593
f 2402/2402 2593/2593 2592/2592
f 2393/2393 2588/2588 2593/2593
f 2393/2393 2593/2593 2401/2401
f 2594/2594 2595/2595 2596/2596
f 2594/2594 2596/2596 2597/2597
f 2405/2405 2404/2404 2595/2595
f 2405/2405 2595/2595 2594/2594
f 2598/2598 2599/2599 2600/2600
f 2598/2598 2600/2600 2601/2601
f 2406/2406 2601/2601 2600/2600
f 2406/2406 2600/2600 2407/2407
f 2602/2602 2603/2603 2604/2604
f 2602/2602 2604/2604 2605/2605
f 2408/2408 2606/2606 2604/2604
f 2408/2408 2604/2604 2603/2603
f 2409/2409 2408/2408 2603/2603
f 2409/2409 2603/2603 2602/2602
f 2607/2607 2608/2608 2609/2609
f 2607/2607 2609/2609 2610/2610
f 2611/2611 2411/2411 2609/2609
f 2611/2611 2609/2609 2608/2608
f 2410/2410 2610/2610 2609/2609
f 2410/2410 2609/2609 2411/2411
f 2415/2415 2414/2414 2612/2612
f 2415/2415 2612/2612 2613/2613
f 2416/2416 2614/2614 2615/2615
f 2416/2416 2615/2615 2417/2417
f 2616/2616 2617/2617 2618/2618
f 2616/2616 2618/2618 2619/2619
f 2420/2420 2616/2616 2619/2619
f 2420/2420 2619/2619 2421/2421
f 2420/2420 2422/2422 2617/2617
f 2420/2420 2617/2617 2616/2616
f 2421/2421 2619/2619 2620/2620
f 2421/2421 2620/2620 2423/2423
f 2423/2423 2620/2620 2621/2621
f 2423/2423 2621/2621 2424/2424
f 2424/2424 2621/2621 2622/2622
f 2424/2424 2622/2622 2425/2425
f 2425/2425 2622/2622 2623/2623
f 2425/2425 2623/2623 2624/2624
f 2625/2625 2626/2626 2627/2627
f 2625/2625 2627/2627 2426/2426
f 2426/2426 2627/2627 2628/2628
f 2426/2426 2628/2628 2427/2427
f 2427/2427 2628/2628 2629/2629
f 2427/2427 2629/2629 2428/2428
f 2428/2428 2629/2629 2630/2630
f 2428/2428 2630/2630 2429/2429
f 2630/2630 2631/2631 2632/2632
f 2630/2630 2632/2632 2633/2633
f 2429/2429 2630/2630 2633/2633
f 2429/2429 2633/2633 2430/2430
f 2430/2430 2633/2633 2632/2632
f 2430/2430 2632/2632 2431/2431
f 2617/2617 2634/2634 2635/2635
f 2617/2617 2635/2635 2618/2618
f 2434/2434 2433/2433 2635/2635
f 2434/2434 2635/2635 2634/2634
f 2422/2422 2434/2434 2634/2634
f 2422/2422 2634/2634 2617/2617
f 2631/2631 2636/2636 2637/2637
f 2631/2631 2637/2637 2632/2632
f 2437/2437 2436/2436 2637/2637
f 2437/2437 2637/2637 2636/2636
f 2431/2431 2632/2632 2637/2637
f 2431/2431 2637/2637 2436/2436
f 2638/2638 2639/2639 2640/2640
f 2638/2638 2640/2640 2641/2641
f 2438/2438 2642/2642 2640/2640
f 2438/2438 2640/2640 2639/2639
f 2439/2439 2438/2438 2639/2639
f 2439/2439 2639/2639 2638/2638
f 2643/2643 2644/2644 2645/2645
f 2643/2643 2645/2645 2646/2646
f 2647/2647 2441/2441 2645/2645
f 2647/2647 2645/2645 2644/2644
f 2440/2440 2646/2646 2645/2645
f 2440/2440 2645/2645 2441/2441
f 2445/2445 2444/2444 2648/2648
f 2445/2445 2648/2648 2649/2649
f 2447/2447 2650/2650 2651/2651
f 2447/2447 2651/2651 2448/2448
f 2652/2652 2653/2653 2654/2654
f 2652/2652 2654/2654 2655/2655
f 2453/2453 2452/2452 2654/2654
f 2453/2453 2654/2654 2653/2653
f 2454/2454 2453/2453 2653/2653
f 2454/2454 2653/2653 2652/2652
f 2452/2452 2455/2455 2656/2656
f 2452/2452 2656/2656 2654/2654
f 2455/2455 2456/2456 2657/2657
f 2455/2455 2657/2657 2656/2656
f 2456/2456 2457/2457 2658/2658
f 2456/2456 2658/2658 2657/2657
f 2457/2457 2458/2458 2659/2659
f 2457/2457 2659/2659 2658/2658
f 2458/2458 2660/2660 2661/2661
f 2458/2458 2661/2661 2659/2659
f 2660/2660 2662/2662 2663/2663
f 2660/2660 2663/2663 2661/2661
f 2662/2662 2664/2664 2665/2665
f 2662/2662 2665/2665 2663/2663
f 2664/2664 2460/2460 2666/2666
f 2664/2664 2666/2666 2665/2665
f 2460/2460 2459/2459 2667/2667
f 2460/2460 2667/2667 2666/2666
f 2459/2459 2461/2461 2668/2668
f 2459/2459 2668/2668 2667/2667
f 2461/2461 2462/2462 2669/2669
f 2461/2461 2669/2669 2668/2668
f 2462/2462 2463/2463 2670/2670
f 2462/2462 2670/2670 2669/2669
f 2671/2671 2670/2670 2672/2672
f 2671/2671 2672/2672 2673/2673
f 2463/2463 2464/2464 2672/2672
f 2463/2463 2672/2672 2670/2670
f 2465/2465 2673/2673 2672/2672
f 2465/2465 2672/2672 2464/2464
f 2674/2674 2675/2675 2676/2676
f 2674/2674 2676/2676 2677/2677
f 2488/2488 2487/2487 2676/2676
f 2488/2488 2676/2676 2675/2675
f 2489/2489 2674/2674 2677/2677
f 2489/2489 2677/2677 2490/2490
f 2489/2489 2488/2488 2675/2675
f 2489/2489 2675/2675 2674/2674
f 2677/2677 2676/2676 2678/2678
f 2677/2677 2678/2678 2679/2679
f 2487/2487 2680/2680 2678/2678
f 2487/2487 2678/2678 2676/2676
f 2490/2490 2677/2677 2679/2679
f 2490/2490 2679/2679 2491/2491
f 2491/2491 2679/2679 2681/2681
f 2491/2491 2681/2681 2492/2492
f 2492/2492 2681/2681 2682/2682
f 2492/2492 2682/2682 2493/2493
f 2493/2493 2682/2682 2683/2683
f 2493/2493 2683/2683 2494/2494
f 2494/2494 2683/2683 2684/2684
f 2494/2494 2684/2684 2495/2495
f 2684/2684 2685/2685 2686/2686
f 2684/2684 2686/2686 2687/2687
f 2688/2688 2499/2499 2686/2686
f 2688/2688 2686/2686 2685/2685
f 2495/2495 2684/2684 2687/2687
f 2495/2495 2687/2687 2496/2496
f 2687/2687 2686/2686 2689/2689
f 2687/2687 2689/2689 2690/2690
f 2499/2499 2498/2498 2689/2689
f 2499/2499 2689/2689 2686/2686
f 2496/2496 2687/2687 2690/2690
f 2496/2496 2690/2690 2500/2500
f 2500/2500 2690/2690 2689/2689
f 2500/2500 2689/2689 2498/2498
f 2691/2691 2692/2692 2693/2693
f 2691/2691 2693/2693 2694/2694
f 2503/2503 2505/2505 2693/2693
f 2503/2503 2693/2693 2692/2692
f 2504/2504 2503/2503 2692/2692
f 2504/2504 2692/2692 2691/2691
f 2694/2694 2693/2693 2695/2695
f 2694/2694 2695/2695 2696/2696
f 2505/2505 2506/2506 2695/2695
f 2505/2505 2695/2695 2693/2693
f 2696/2696 2695/2695 2697/2697
f 2696/2696 2697/2697 2698/2698
f 2506/2506 2507/2507 2697/2697
f 2506/2506 2697/2697 2695/2695
f 2698/2698 2697/2697 2699/2699
f 2698/2698 2699/2699 2700/2700
f 2507/2507 2508/2508 2699/2699
f 2507/2507 2699/2699 2697/2697
f 2509/2509 2700/2700 2699/2699
f 2509/2509 2699/2699 2508/2508
f 2701/2701 2702/2702 2703/2703
f 2701/2701 2703/2703 2704/2704
f 2515/2515 2701/2701 2704/2704
f 2515/2515 2704/2704 2516/2516
f 2515/2515 2514/2514 2702/2702
f 2515/2515 2702/2702 2701/2701
f 2704/2704 2703/2703 2705/2705
f 2704/2704 2705/2705 2706/2706
f 2516/2516 2704/2704 2706/2706
f 2516/2516 2706/2706 2517/2517
f 2706/2706 2705/2705 2707/2707
f 2706/2706 2707/2707 2708/2708
f 2517/2517 2706/2706 2708/2708
f 2517/2517 2708/2708 2519/2519
f 2708/2708 2707/2707 2709/2709
f 2708/2708 2709/2709 2710/2710
f 2519/2519 2708/2708 2710/2710
f 2519/2519 2710/2710 2521/2521
f 2710/2710 2709/2709 2711/2711
f 2710/2710 2711/2711 2712/2712
f 2521/2521 2710/2710 2712/2712
f 2521/2521 2712/2712 2523/2523
f 2712/2712 2711/2711 2713/2713
f 2712/2712 2713/2713 2714/2714
f 2523/2523 2712/2712 2714/2714
f 2523/2523 2714/2714 2524/2524
f 2524/2524 2714/2714 2713/2713
f 2524/2524 2713/2713 2525/2525
f 2715/2715 2716/2716 2717/2717
f 2715/2715 2717/2717 2718/2718
f 2531/2531 2530/2530 2716/2716
f 2531/2531 2716/2716 2715/2715
f 2718/2718 2717/2717 2719/2719
f 2718/2718 2719/2719 2720/2720
f 2720/2720 2719/2719 2721/2721
f 2720/2720 2721/2721 2722/2722
f 2722/2722 2721/2721 2723/2723
f 2722/2722 2723/2723 2724/2724
f 2724/2724 2723/2723 2725/2725
f 2724/2724 2725/2725 2726/2726
f 2726/2726 2725/2725 2727/2727
f 2726/2726 2727/2727 2728/2728
f 2532/2532 2728/2728 2727/2727
f 2532/2532 2727/2727 2533/2533
f 2729/2729 2730/2730 2731/2731
f 2729/2729 2731/2731 2732/2732
f 2539/2539 2729/2729 2732/2732
f 2539/2539 2732/2732 2540/2540
f 2539/2539 2538/2538 2730/2730
f 2539/2539 2730/2730 2729/2729
f 2732/2732 2731/2731 2733/2733
f 2732/2732 2733/2733 2734/2734
f 2540/2540 2732/2732 2734/2734
f 2540/2540 2734/2734 2735/2735
f 2736/2736 2737/2737 2738/2738
f 2736/2736 2738/2738 2739/2739
f 2740/2740 2736/2736 2739/2739
f 2740/2740 2739/2739 2543/2543
f 2739/2739 2738/2738 2741/2741
f 2739/2739 2741/2741 2742/2742
f 2543/2543 2739/2739 2742/2742
f 2543/2543 2742/2742 2544/2544
f 2544/2544 2742/2742 2741/2741
f 2544/2544 2741/2741 2545/2545
f 2730/2730 2743/2743 2744/2744
f 2730/2730 2744/2744 2731/2731
f 2538/2538 2549/2549 2743/2743
f 2538/2538 2743/2743 2730/2730
f 2731/2731 2744/2744 2745/2745
f 2731/2731 2745/2745 2733/2733
f 2737/2737 2746/2746 2747/2747
f 2737/2737 2747/2747 2738/2738
f 2738/2738 2747/2747 2748/2748
f 2738/2738 2748/2748 2741/2741
f 2545/2545 2741/2741 2748/2748
f 2545/2545 2748/2748 2550/2550
f 2743/2743 2749/2749 2750/2750
f 2743/2743 2750/2750 2744/2744
f 2549/2549 2553/2553 2749/2749
f 2549/2549 2749/2749 2743/2743
f 2744/2744 2750/2750 2751/2751
f 2744/2744 2751/2751 2745/2745
f 2746/2746 2752/2752 2753/2753
f 2746/2746 2753/2753 2747/2747
f 2747/2747 2753/2753 2754/2754
f 2747/2747 2754/2754 2748/2748
f 2550/2550 2748/2748 2754/2754
f 2550/2550 2754/2754 2554/2554
f 2749/2749 2755/2755 2756/2756
f 2749/2749 2756/2756 2750/2750
f 2553/2553 2557/2557 2755/2755
f 2553/2553 2755/2755 2749/2749
f 2750/2750 2756/2756 2757/2757
f 2750/2750 2757/2757 2751/2751
f 2752/2752 2758/2758 2759/2759
f 2752/2752 2759/2759 2753/2753
f 2753/2753 2759/2759 2760/2760
f 2753/2753 2760/2760 2754/2754
f 2554/2554 2754/2754 2760/2760
f 2554/2554 2760/2760 2558/2558
f 2761/2761 2762/2762 2763/2763
f 2761/2761 2763/2763 2755/2755
f 2556/2556 2761/2761 2755/2755
f 2556/2556 2755/2755 2557/2557
f 2556/2556 2562/2562 2762/2762
f 2556/2556 2762/2762 2761/2761
f 2760/2760 2764/2764 2765/2765
f 2760/2760 2765/2765 2766/2766
f 2558/2558 2760/2760 2766/2766
f 2558/2558 2766/2766 2559/2559
f 2559/2559 2766/2766 2765/2765
f 2559/2559 2765/2765 2563/2563
f 2762/2762 2767/2767 2768/2768
f 2762/2762 2768/2768 2763/2763
f 2562/2562 2567/2567 2767/2767
f 2562/2562 2767/2767 2762/2762
f 2764/2764 2769/2769 2770/2770
f 2764/2764 2770/2770 2765/2765
f 2563/2563 2765/2765 2770/2770
f 2563/2563 2770/2770 2568/2568
f 2767/2767 2771/2771 2772/2772
f 2767/2767 2772/2772 2768/2768
f 2567/2567 2571/2571 2771/2771
f 2567/2567 2771/2771 2767/2767
f 2769/2769 2773/2773 2774/2774
f 2769/2769 2774/2774 2770/2770
f 2568/2568 2770/2770 2774/2774
f 2568/2568 2774/2774 2573/2573
f 2775/2775 2776/2776 2777/2777
f 2775/2775 2777/2777 2778/2778
f 2577/2577 2576/2576 2776/2776
f 2577/2577 2776/2776 2775/2775
f 2779/2779 2780/2780 2781/2781
f 2779/2779 2781/2781 2782/2782
f 2578/2578 2782/2782 2781/2781
f 2578/2578 2781/2781 2579/2579
f 2776/2776 2783/2783 2784/2784
f 2776/2776 2784/2784 2777/2777
f 2580/2580 2785/2785 2784/2784
f 2580/2580 2784/2784 2783/2783
f 2576/2576 2580/2580 2783/2783
f 2576/2576 2783/2783 2776/2776
f 2780/2780 2786/2786 2787/2787
f 2780/2780 2787/2787 2781/2781
f 2788/2788 2581/2581 2787/2787
f 2788/2788 2787/2787 2786/2786
f 2579/2579 2781/2781 2787/2787
f 2579/2579 2787/2787 2581/2581
f 2789/2789 2790/2790 2791/2791
f 2789/2789 2791/2791 2792/2792
f 2585/2585 2584/2584 2790/2790
f 2585/2585 2790/2790 2789/2789
f 2793/2793 2794/2794 2795/2795
f 2793/2793 2795/2795 2796/2796
f 2586/2586 2796/2796 2795/2795
f 2586/2586 2795/2795 2587/2587
f 2790/2790 2797/2797 2798/2798
f 2790/2790 2798/2798 2791/2791
f 2591/2591 2799/2799 2798/2798
f 2591/2591 2798/2798 2797/2797
f 2584/2584 2591/2591 2797/2797
f 2584/2584 2797/2797 2790/2790
f 2794/2794 2800/2800 2801/2801
f 2794/2794 2801/2801 2795/2795
f 2802/2802 2592/2592 2801/2801
f 2802/2802 2801/2801 2800/2800
f 2587/2587 2795/2795 2801/2801
f 2587/2587 2801/2801 2592/2592
f 2803/2803 2804/2804 2805/2805
f 2803/2803 2805/2805 2806/2806
f 2597/2597 2596/2596 2804/2804
f 2597/2597 2804/2804 2803/2803
f 2806/2806 2805/2805 2807/2807
f 2806/2806 2807/2807 2808/2808
f 2809/2809 2810/2810 2811/2811
f 2809/2809 2811/2811 2812/2812
f 2812/2812 2811/2811 2813/2813
f 2812/2812 2813/2813 2814/2814
f 2598/2598 2814/2814 2813/2813
f 2598/2598 2813/2813 2599/2599
f 2815/2815 2816/2816 2817/2817
f 2815/2815 2817/2817 2818/2818
f 2605/2605 2604/2604 2816/2816
f 2605/2605 2816/2816 2815/2815
f 2818/2818 2817/2817 2819/2819
f 2818/2818 2819/2819 2820/2820
f 2821/2821 2822/2822 2823/2823
f 2821/2821 2823/2823 2824/2824
f 2824/2824 2823/2823 2825/2825
f 2824/2824 2825/2825 2826/2826
f 2607/2607 2826/2826 2825/2825
f 2607/2607 2825/2825 2608/2608
f 2827/2827 2828/2828 2829/2829
f 2827/2827 2829/2829 2830/2830
f 2613/2613 2612/2612 2828/2828
f 2613/2613 2828/2828 2827/2827
f 2830/2830 2829/2829 2831/2831
f 2830/2830 2831/2831 2832/2832
f 2833/2833 2834/2834 2835/2835
f 2833/2833 2835/2835 2836/2836
f 2836/2836 2835/2835 2837/2837
f 2836/2836 2837/2837 2838/2838
f 2614/2614 2838/2838 2837/2837
f 2614/2614 2837/2837 2615/2615
f 2839/2839 2840/2840 2841/2841
f 2839/2839 2841/2841 2842/2842
f 2619/2619 2839/2839 2842/2842
f 2619/2619 2842/2842 2620/2620
f 2619/2619 2618/2618 2840/2840
f 2619/2619 2840/2840 2839/2839
f 2620/2620 2842/2842 2843/2843
f 2620/2620 2843/2843 2621/2621
f 2621/2621 2843/2843 2844/2844
f 2621/2621 2844/2844 2622/2622
f 2622/2622 2844/2844 2845/2845
f 2622/2622 2845/2845 2623/2623
f 2626/2626 2846/2846 2847/2847
f 2626/2626 2847/2847 2627/2627
f 2627/2627 2847/2847 2848/2848
f 2627/2627 2848/2848 2628/2628
f 2628/2628 2848/2848 2849/2849
f 2628/2628 2849/2849 2629/2629
f 2849/2849 2850/2850 2851/2851
f 2849/2849 2851/2851 2852/2852
f 2629/2629 2849/2849 2852/2852
f 2629/2629 2852/2852 2630/2630
f 2630/2630 2852/2852 2851/2851
f 2630/2630 2851/2851 2631/2631
f 2840/2840 2853/2853 2854/2854
f 2840/2840 2854/2854 2841/2841
f 2635/2635 2855/2855 2854/2854
f 2635/2635 2854/2854 2853/2853
f 2618/2618 2635/2635 2853/2853
f 2618/2618 2853/2853 2840/2840
f 2850/2850 2856/2856 2857/2857
f 2850/2850 2857/2857 2851/2851
f 2858/2858 2636/2636 2857/2857
f 2858/2858 2857/2857 2856/2856
f 2631/2631 2851/2851 2857/2857
f 2631/2631 2857/2857 2636/2636
f 2859/2859 2860/2860 2861/2861
f 2859/2859 2861/2861 2862/2862
f 2641/2641 2640/2640 2860/2860
f 2641/2641 2860/2860 2859/2859
f 2863/2863 2864/2864 2865/2865
f 2863/2863 2865/2865 2866/2866
f 2643/2643 2866/2866 2865/2865
f 2643/2643 2865/2865 2644/2644
f 2867/2867 2868/2868 2869/2869
f 2867/2867 2869/2869 2870/2870
f 2648/2648 2871/2871 2869/2869
f 2648/2648 2869/2869 2868/2868
f 2649/2649 2648/2648 2868/2868
f 2649/2649 2868/2868 2867/2867
f 2872/2872 2873/2873 2874/2874
f 2872/2872 2874/2874 2875/2875
f 2876/2876 2651/2651 2874/2874
f 2876/2876 2874/2874 2873/2873
f 2650/2650 2875/2875 2874/2874
f 2650/2650 2874/2874 2651/2651
f 2877/2877 2878/2878 2879/2879
f 2877/2877 2879/2879 2880/2880
f 2654/2654 2656/2656 2879/2879
f 2654/2654 2879/2879 2878/2878
f 2655/2655 2654/2654 2878/2878
f 2655/2655 2878/2878 2877/2877
f 2656/2656 2657/2657 2881/2881
f 2656/2656 2881/2881 2879/2879
f 2657/2657 2658/2658 2882/2882
f 2657/2657 2882/2882 2881/2881
f 2658/2658 2659/2659 2883/2883
f 2658/2658 2883/2883 2882/2882
f 2659/2659 2661/2661 2884/2884
f 2659/2659 2884/2884 2883/2883
f 2661/2661 2663/2663 2885/2885
f 2661/2661 2885/2885 2884/2884
f 2663/2663 2665/2665 2886/2886
f 2663/2663 2886/2886 2885/2885
f 2665/2665 2666/2666 2887/2887
f 2665/2665 2887/2887 2886/2886
f 2666/2666 2667/2667 2888/2888
f 2666/2666 2888/2888 2887/2887
f 2667/2667 2668/2668 2889/2889
f 2667/2667 2889/2889 2888/2888
f 2668/2668 2669/2669 2890/2890
f 2668/2668 2890/2890 2889/2889
f 2891/2891 2890/2890 2892/2892
f 2891/2891 2892/2892 2893/2893
f 2669/2669 2670/2670 2892/2892
f 2669/2669 2892/2892 2890/2890
f 2671/2671 2893/2893 2892/2892
f 2671/2671 2892/2892 2670/2670
f 2894/2894 2895/2895 2896/2896
f 2894/2894 2896/2896 2897/2897
f 2678/2678 2898/2898 2896/2896
f 2678/2678 2896/2896 2895/2895
f 2679/2679 2894/2894 2897/2897
f 2679/2679 2897/2897 2681/2681
f 2679/2679 2678/2678 2895/2895
f 2679/2679 2895/2895 2894/2894
f 2897/2897 2896/2896 2899/2899
f 2897/2897 2899/2899 2900/2900
f 2898/2898 2901/2901 2899/2899
f 2898/2898 2899/2899 2896/2896
f 2681/2681 2897/2897 2900/2900
f 2681/2681 2900/2900 2682/2682
f 2900/2900 2899/2899 2902/2902
f 2900/2900 2902/2902 2903/2903
f 2901/2901 2904/2904 2902/2902
f 2901/2901 2902/2902 2899/2899
f 2682/2682 2900/2900 2903/2903
f 2682/2682 2903/2903 2683/2683
f 2903/2903 2902/2902 2905/2905
f 2903/2903 2905/2905 2906/2906
f 2904/2904 2685/2685 2905/2905
f 2904/2904 2905/2905 2902/2902
f 2683/2683 2903/2903 2906/2906
f 2683/2683 2906/2906 2684/2684
f 2684/2684 2906/2906 2905/2905
f 2684/2684 2905/2905 2685/2685
f 2907/2907 2908/2908 2909/2909
f 2907/2907 2909/2909 2910/2910
f 2734/2734 2907/2907 2910/2910
f 2734/2734 2910/2910 2911/2911
f 2734/2734 2733/2733 2908/2908
f 2734/2734 2908/2908 2907/2907
f 2910/2910 2909/2909 2912/2912
f 2910/2910 2912/2912 2913/2913
f 2911/2911 2910/2910 2913/2913
f 2911/2911 2913/2913 2914/2914
f 2913/2913 2912/2912 2915/2915
f 2913/2913 2915/2915 2916/2916
f 2914/2914 2913/2913 2916/2916
f 2914/2914 2916/2916 2917/2917
f 2916/2916 2915/2915 2918/2918
f 2916/2916 2918/2918 2919/2919
f 2917/2917 2916/2916 2919/2919
f 2917/2917 2919/2919 2920/2920
f 2919/2919 2918/2918 2921/2921
f 2919/2919 2921/2921 2922/2922
f 2920/2920 2919/2919 2922/2922
f 2920/2920 2922/2922 2923/2923
f 2922/2922 2921/2921 2924/2924
f 2922/2922 2924/2924 2925/2925
f 2923/2923 2922/2922 2925/2925
f 2923/2923 2925/2925 2736/2736
f 2736/2736 2925/2925 2924/2924
f 2736/2736 2924/2924 2737/2737
f 2908/2908 2926/2926 2927/2927
f 2908/2908 2927/2927 2909/2909
f 2733/2733 2745/2745 2926/2926
f 2733/2733 2926/2926 2908/2908
f 2909/2909 2927/2927 2928/2928
f 2909/2909 2928/2928 2912/2912
f 2912/2912 2928/2928 2929/2929
f 2912/2912 2929/2929 2915/2915
f 2915/2915 2929/2929 2930/2930
f 2915/2915 2930/2930 2918/2918
f 2918/2918 2930/2930 2931/2931
f 2918/2918 2931/2931 2921/2921
f 2921/2921 2931/2931 2932/2932
f 2921/2921 2932/2932 2924/2924
f 2737/2737 2924/2924 2932/2932
f 2737/2737 2932/2932 2746/2746
f 2926/2926 2933/2933 2934/2934
f 2926/2926 2934/2934 2927/2927
f 2745/2745 2751/2751 2933/2933
f 2745/2745 2933/2933 2926/2926
f 2927/2927 2934/2934 2935/2935
f 2927/2927 2935/2935 2928/2928
f 2928/2928 2935/2935 2936/2936
f 2928/2928 2936/2936 2929/2929
f 2929/2929 2936/2936 2937/2937
f 2929/2929 2937/2937 2930/2930
f 2930/2930 2937/2937 2938/2938
f 2930/2930 2938/2938 2931/2931
f 2931/2931 2938/2938 2939/2939
f 2931/2931 2939/2939 2932/2932
f 2746/2746 2932/2932 2939/2939
f 2746/2746 2939/2939 2752/2752
f 2933/2933 2940/2940 2941/2941
f 2933/2933 2941/2941 2934/2934
f 2751/2751 2757/2757 2940/2940
f 2751/2751 2940/2940 2933/2933
f 2934/2934 2941/2941 2942/2942
f 2934/2934 2942/2942 2935/2935
f 2935/2935 2942/2942 2943/2943
f 2935/2935 2943/2943 2936/2936
f 2936/2936 2943/2943 2944/2944
f 2936/2936 2944/2944 2937/2937
f 2937/2937 2944/2944 2945/2945
f 2937/2937 2945/2945 2938/2938
f 2938/2938 2945/2945 2946/2946
f 2938/2938 2946/2946 2939/2939
f 2752/2752 2939/2939 2946/2946
f 2752/2752 2946/2946 2758/2758
f 2947/2947 2948/2948 2949/2949
f 2947/2947 2949/2949 2950/2950
f 2755/2755 2947/2947 2950/2950
f 2755/2755 2950/2950 2756/2756
f 2755/2755 2763/2763 2948/2948
f 2755/2755 2948/2948 2947/2947
f 2950/2950 2949/2949 2951/2951
f 2950/2950 2951/2951 2940/2940
f 2756/2756 2950/2950 2940/2940
f 2756/2756 2940/2940 2757/2757
f 2946/2946 2952/2952 2953/2953
f 2946/2946 2953/2953 2954/2954
f 2758/2758 2946/2946 2954/2954
f 2758/2758 2954/2954 2759/2759
f 2954/2954 2953/2953 2955/2955
f 2954/2954 2955/2955 2956/2956
f 2759/2759 2954/2954 2956/2956
f 2759/2759 2956/2956 2760/2760
f 2760/2760 2956/2956 2955/2955
f 2760/2760 2955/2955 2764/2764
f 2948/2948 2957/2957 2958/2958
f 2948/2948 2958/2958 2949/2949
f 2763/2763 2768/2768 2957/2957
f 2763/2763 2957/2957 2948/2948
f 2949/2949 2958/2958 2959/2959
f 2949/2949 2959/2959 2951/2951
f 2952/2952 2960/2960 2961/2961
f 2952/2952 2961/2961 2953/2953
f 2953/2953 2961/2961 2962/2962
f 2953/2953 2962/2962 2955/2955
f 2764/2764 2955/2955 2962/2962
f 2764/2764 2962/2962 2769/2769
f 2957/2957 2963/2963 2964/2964
f 2957/2957 2964/2964 2958/2958
f 2768/2768 2772/2772 2963/2963
f 2768/2768 2963/2963 2957/2957
f 2958/2958 2964/2964 2965/2965
f 2958/2958 2965/2965 2959/2959
f 2960/2960 2966/2966 2967/2967
f 2960/2960 2967/2967 2961/2961
f 2961/2961 2967/2967 2968/2968
f 2961/2961 2968/2968 2962/2962
f 2769/2769 2962/2962 2968/2968
f 2769/2769 2968/2968 2773/2773
f 2969/2969 2970/2970 2971/2971
f 2969/2969 2971/2971 2972/2972
f 2778/2778 2777/2777 2970/2970
f 2778/2778 2970/2970 2969/2969
f 2972/2972 2971/2971 2973/2973
f 2972/2972 2973/2973 2974/2974
f 2975/2975 2976/2976 2977/2977
f 2975/2975 2977/2977 2978/2978
f 2978/2978 2977/2977 2979/2979
f 2978/2978 2979/2979 2980/2980
f 2779/2779 2980/2980 2979/2979
f 2779/2779 2979/2979 2780/2780
f 2970/2970 2981/2981 2982/2982
f 2970/2970 2982/2982 2971/2971
f 2784/2784 2983/2983 2982/2982
f 2784/2784 2982/2982 2981/2981
f 2777/2777 2784/2784 2981/2981
f 2777/2777 2981/2981 2970/2970
f 2971/2971 2982/2982 2984/2984
f 2971/2971 2984/2984 2973/2973
f 2976/2976 2985/2985 2986/2986
f 2976/2976 2986/2986 2977/2977
f 2977/2977 2986/2986 2987/2987
f 2977/2977 2987/2987 2979/2979
f 2988/2988 2786/2786 2987/2987
f 2988/2988 2987/2987 2986/2986
f 2780/2780 2979/2979 2987/2987
f 2780/2780 2987/2987 2786/2786
f 2989/2989 2990/2990 2991/2991
f 2989/2989 2991/2991 2992/2992
f 2792/2792 2791/2791 2990/2990
f 2792/2792 2990/2990 2989/2989
f 2993/2993 2994/2994 2995/2995
f 2993/2993 2995/2995 2996/2996
f 2793/2793 2996/2996 2995/2995
f 2793/2793 2995/2995 2794/2794
f 2990/2990 2997/2997 2998/2998
f 2990/2990 2998/2998 2991/2991
f 2798/2798 2999/2999 2998/2998
f 2798/2798 2998/2998 2997/2997
f 2791/2791 2798/2798 2997/2997
f 2791/2791 2997/2997 2990/2990
f 2999/2999 3000/3000 3001/3001
f 2999/2999 3001/3001 2998/2998
f 3002/3002 3003/3003 3004/3004
f 3002/3002 3004/3004 3005/3005
f 2994/2994 3004/3004 3006/3006
f 2994/2994 3006/3006 2995/2995
f 3003/3003 2800/2800 3006/3006
f 3003/3003 3006/3006 3004/3004
f 2794/2794 2995/2995 3006/3006
f 2794/2794 3006/3006 2800/2800
f 3007/3007 3008/3008 3009/3009
f 3007/3007 3009/3009 3010/3010
f 2808/2808 2807/2807 3008/3008
f 2808/2808 3008/3008 3007/3007
f 3010/3010 3009/3009 3011/3011
f 3010/3010 3011/3011 3012/3012
f 3012/3012 3011/3011 3013/3013
f 3012/3012 3013/3013 3014/3014
f 3014/3014 3013/3013 3015/3015
f 3014/3014 3015/3015 3016/3016
f 2809/2809 3016/3016 3015/3015
f 2809/2809 3015/3015 2810/2810
f 3017/3017 3018/3018 3019/3019
f 3017/3017 3019/3019 3020/3020
f 2820/2820 2819/2819 3018/3018
f 2820/2820 3018/3018 3017/3017
f 3020/3020 3019/3019 3021/3021
f 3020/3020 3021/3021 3022/3022
f 3022/3022 3021/3021 3023/3023
f 3022/3022 3023/3023 3024/3024
f 3024/3024 3023/3023 3025/3025
f 3024/3024 3025/3025 3026/3026
f 2821/2821 3026/3026 3025/3025
f 2821/2821 3025/3025 2822/2822
f 3027/3027 3028/3028 3029/3029
f 3027/3027 3029/3029 3030/3030
f 2832/2832 2831/2831 3028/3028
f 2832/2832 3028/3028 3027/3027
f 3030/3030 3029/3029 3031/3031
f 3030/3030 3031/3031 3032/3032
f 3032/3032 3031/3031 3033/3033
f 3032/3032 3033/3033 3034/3034
f 3034/3034 3033/3033 3035/3035
f 3034/3034 3035/3035 3036/3036
f 2833/2833 3036/3036 3035/3035
f 2833/2833 3035/3035 2834/2834
f 3037/3037 3038/3038 3039/3039
f 3037/3037 3039/3039 3040/3040
f 2842/2842 3037/3037 3040/3040
f 2842/2842 3040/3040 2843/2843
f 2842/2842 2841/2841 3038/3038
f 2842/2842 3038/3038 3037/3037
f 2843/2843 3040/3040 3041/3041
f 2843/2843 3041/3041 2844/2844
f 2844/2844 3041/3041 3042/3042
f 2844/2844 3042/3042 2845/2845
f 2845/2845 3042/3042 3043/3043
f 2845/2845 3043/3043 3044/3044
f 3044/3044 3043/3043 3045/3045
f 3044/3044 3045/3045 3046/3046
f 3047/3047 3048/3048 3049/3049
f 3047/3047 3049/3049 3050/3050
f 3050/3050 3049/3049 3051/3051
f 3050/3050 3051/3051 2846/2846
f 2846/2846 3051/3051 3052/3052
f 2846/2846 3052/3052 2847/2847
f 2847/2847 3052/3052 3053/3053
f 2847/2847 3053/3053 2848/2848
f 3053/3053 3054/3054 3055/3055
f 3053/3053 3055/3055 3056/3056
f 2848/2848 3053/3053 3056/3056
f 2848/2848 3056/3056 2849/2849
f 2849/2849 3056/3056 3055/3055
f 2849/2849 3055/3055 2850/2850
f 3038/3038 3057/3057 3058/3058
f 3038/3038 3058/3058 3039/3039
f 2854/2854 3059/3059 3058/3058
f 2854/2854 3058/3058 3057/3057
f 2841/2841 2854/2854 3057/3057
f 2841/2841 3057/3057 3038/3038
f 3054/3054 3060/3060 3061/3061
f 3054/3054 3061/3061 3055/3055
f 3062/3062 2856/2856 3061/3061
f 3062/3062 3061/3061 3060/3060
f 2850/2850 3055/3055 3061/3061
f 2850/2850 3061/3061 2856/2856
f 3063/3063 3064/3064 3065/3065
f 3063/3063 3065/3065 3066/3066
f 2862/2862 2861/2861 3064/3064
f 2862/2862 3064/3064 3063/3063
f 3067/3067 3068/3068 3069/3069
f 3067/3067 3069/3069 3070/3070
f 2863/2863 3070/3070 3069/3069
f 2863/2863 3069/3069 2864/2864
f 3071/3071 3072/3072 3073/3073
f 3071/3071 3073/3073 3074/3074
f 2869/2869 3075/3075 3073/3073
f 2869/2869 3073/3073 3072/3072
f 2870/2870 2869/2869 3072/3072
f 2870/2870 3072/3072 3071/3071
f 3074/3074 3073/3073 3076/3076
f 3074/3074 3076/3076 3077/3077
f 3078/3078 3079/3079 3080/3080
f 3078/3078 3080/3080 3081/3081
f 3081/3081 3080/3080 3082/3082
f 3081/3081 3082/3082 3083/3083
f 3084/3084 2873/2873 3082/3082
f 3084/3084 3082/3082 3080/3080
f 2872/2872 3083/3083 3082/3082
f 2872/2872 3082/3082 2873/2873
f 3085/3085 3086/3086 3087/3087
f 3085/3085 3087/3087 3088/3088
f 2879/2879 2881/2881 3087/3087
f 2879/2879 3087/3087 3086/3086
f 2880/2880 2879/2879 3086/3086
f 2880/2880 3086/3086 3085/3085
f 2881/2881 2882/2882 3089/3089
f 2881/2881 3089/3089 3087/3087
f 2882/2882 2883/2883 3090/3090
f 2882/2882 3090/3090 3089/3089
f 2883/2883 2884/2884 3091/3091
f 2883/2883 3091/3091 3090/3090
f 2884/2884 2885/2885 3092/3092
f 2884/2884 3092/3092 3091/3091
f 2885/2885 2886/2886 3093/3093
f 2885/2885 3093/3093 3092/3092
f 2886/2886 2887/2887 3094/3094
f 2886/2886 3094/3094 3093/3093
f 2887/2887 2888/2888 3095/3095
f 2887/2887 3095/3095 3094/3094
f 2888/2888 2889/2889 3096/3096
f 2888/2888 3096/3096 3095/3095
f 3097/3097 3096/3096 3098/3098
f 3097/3097 3098/3098 3099/3099
f 2889/2889 2890/2890 3098/3098
f 2889/2889 3098/3098 3096/3096
f 2891/2891 3099/3099 3098/3098
f 2891/2891 3098/3098 2890/2890
f 3100/3100 3101/3101 3102/3102
f 3100/3100 3102/3102 3103/3103
f 2940/2940 3100/3100 3103/3103
f 2940/2940 3103/3103 2941/2941
f 2940/2940 2951/2951 3101/3101
f 2940/2940 3101/3101 3100/3100
f 3103/3103 3102/3102 3104/3104
f 3103/3103 3104/3104 3105/3105
f 2941/2941 3103/3103 3105/3105
f 2941/2941 3105/3105 2942/2942
f 3105/3105 3104/3104 3106/3106
f 3105/3105 3106/3106 3107/3107
f 2942/2942 3105/3105 3107/3107
f 2942/2942 3107/3107 2943/2943
f 3107/3107 3106/3106 3108/3108
f 3107/3107 3108/3108 3109/3109
f 2943/2943 3107/3107 3109/3109
f 2943/2943 3109/3109 2944/2944
f 3109/3109 3108/3108 3110/3110
f 3109/3109 3110/3110 3111/3111
f 2944/2944 3109/3109 3111/3111
f 2944/2944 3111/3111 2945/2945
f 3111/3111 3110/3110 3112/3112
f 3111/3111 3112/3112 3113/3113
f 2945/2945 3111/3111 3113/3113
f 2945/2945 3113/3113 2946/2946
f 2946/2946 3113/3113 3112/3112
f 2946/2946 3112/3112 2952/2952
f 3101/3101 3114/3114 3115/3115
f 3101/3101 3115/3115 3102/3102
f 2951/2951 2959/2959 3114/3114
f 2951/2951 3114/3114 3101/3101
f 3102/3102 3115/3115 3116/3116
f 3102/3102 3116/3116 3104/3104
f 3104/3104 3116/3116 3117/3117
f 3104/3104 3117/3117 3106/3106
f 3106/3106 3117/3117 3118/3118
f 3106/3106 3118/3118 3108/3108
f 3108/3108 3118/3118 3119/3119
f 3108/3108 3119/3119 3110/3110
f 3110/3110 3119/3119 3120/3120
f 3110/3110 3120/3120 3112/3112
f 2952/2952 3112/3112 3120/3120
f 2952/2952 3120/3120 2960/2960
f 3114/3114 3121/3121 3122/3122
f 3114/3114 3122/3122 3115/3115
f 2959/2959 2965/2965 3121/3121
f 2959/2959 3121/3121 3114/3114
f 3115/3115 3122/3122 3123/3123
f 3115/3115 3123/3123 3116/3116
f 3116/3116 3123/3123 3124/3124
f 3116/3116 3124/3124 3117/3117
f 3117/3117 3124/3124 3125/3125
f 3117/3117 3125/3125 3118/3118
f 3118/3118 3125/3125 3126/3126
f 3118/3118 3126/3126 3119/3119
f 3119/3119 3126/3126 3127/3127
f 3119/3119 3127/3127 3120/3120
f 2960/2960 3120/3120 3127/3127
f 2960/2960 3127/3127 2966/2966
f 3128/3128 3129/3129 3130/3130
f 3128/3128 3130/3130 3131/3131
f 2974/2974 2973/2973 3129/3129
f 2974/2974 3129/3129 3128/3128
f 3131/3131 3130/3130 3132/3132
f 3131/3131 3132/3132 3133/3133
f 3133/3133 3132/3132 3134/3134
f 3133/3133 3134/3134 3135/3135
f 3135/3135 3134/3134 3136/3136
f 3135/3135 3136/3136 3137/3137
f 3137/3137 3136/3136 3138/3138
f 3137/3137 3138/3138 3139/3139
f 3139/3139 3138/3138 3140/3140
f 3139/3139 3140/3140 3141/3141
f 2975/2975 3141/3141 3140/3140
f 2975/2975 3140/3140 2976/2976
f 3129/3129 3142/3142 3143/3143
f 3129/3129 3143/3143 3130/3130
f 2973/2973 2984/2984 3142/3142
f 2973/2973 3142/3142 3129/3129
f 3130/3130 3143/3143 3144/3144
f 3130/3130 3144/3144 3132/3132
f 3132/3132 3144/3144 3145/3145
f 3132/3132 3145/3145 3134/3134
f 3134/3134 3145/3145 3146/3146
f 3134/3134 3146/3146 3136/3136
f 3136/3136 3146/3146 3147/3147
f 3136/3136 3147/3147 3138/3138
f 3138/3138 3147/3147 3148/3148
f 3138/3138 3148/3148 3140/3140
f 2976/2976 3140/3140 3148/3148
f 2976/2976 3148/3148 2985/2985
f 3149/3149 3150/3150 3151/3151
f 3149/3149 3151/3151 3152/3152
f 2992/2992 2991/2991 3150/3150
f 2992/2992 3150/3150 3149/3149
f 3152/3152 3151/3151 3153/3153
f 3152/3152 3153/3153 3154/3154
f 3154/3154 3153/3153 3155/3155
f 3154/3154 3155/3155 3156/3156
f 3156/3156 3155/3155 3157/3157
f 3156/3156 3157/3157 3158/3158
f 3158/3158 3157/3157 3159/3159
f 3158/3158 3159/3159 3160/3160
f 3160/3160 3159/3159 3161/3161
f 3160/3160 3161/3161 3162/3162
f 2993/2993 3162/3162 3161/3161
f 2993/2993 3161/3161 2994/2994
f 3150/3150 3163/3163 3164/3164
f 3150/3150 3164/3164 3151/3151
f 2998/2998 3001/3001 3164/3164
f 2998/2998 3164/3164 3163/3163
f 2991/2991 2998/2998 3163/3163
f 2991/2991 3163/3163 3150/3150
f 3151/3151 3164/3164 3165/3165
f 3151/3151 3165/3165 3153/3153
f 3001/3001 3166/3166 3165/3165
f 3001/3001 3165/3165 3164/3164
f 3153/3153 3165/3165 3167/3167
f 3153/3153 3167/3167 3155/3155
f 3166/3166 3168/3168 3167/3167
f 3166/3166 3167/3167 3165/3165
f 3155/3155 3167/3167 3169/3169
f 3155/3155 3169/3169 3157/3157
f 3168/3168 3170/3170 3169/3169
f 3168/3168 3169/3169 3167/3167
f 3157/3157 3169/3169 3171/3171
f 3157/3157 3171/3171 3159/3159
f 3170/3170 3005/3005 3171/3171
f 3170/3170 3171/3171 3169/3169
f 3159/3159 3171/3171 3172/3172
f 3159/3159 3172/3172 3161/3161
f 3005/3005 3004/3004 3172/3172
f 3005/3005 3172/3172 3171/3171
f 2994/2994 3161/3161 3172/3172
f 2994/2994 3172/3172 3004/3004
f 3173/3173 3174/3174 3175/3175
f 3173/3173 3175/3175 3176/3176
f 3040/3040 3173/3173 3176/3176
f 3040/3040 3176/3176 3041/3041
f 3040/3040 3039/3039 3174/3174
f 3040/3040 3174/3174 3173/3173
f 3041/3041 3176/3176 3177/3177
f 3041/3041 3177/3177 3042/3042
f 3042/3042 3177/3177 3178/3178
f 3042/3042 3178/3178 3043/3043
f 3043/3043 3178/3178 3179/3179
f 3043/3043 3179/3179 3045/3045
f 3045/3045 3179/3179 3180/3180
f 3045/3045 3180/3180 3181/3181
f 3181/3181 3180/3180 3182/3182
f 3181/3181 3182/3182 3183/3183
f 3183/3183 3182/3182 3184/3184
f 3183/3183 3184/3184 3185/3185
f 3185/3185 3184/3184 3186/3186
f 3185/3185 3186/3186 3048/3048
f 3048/3048 3186/3186 3187/3187
f 3048/3048 3187/3187 3049/3049
f 3049/3049 3187/3187 3188/3188
f 3049/3049 3188/3188 3051/3051
f 3051/3051 3188/3188 3189/3189
f 3051/3051 3189/3189 3052/3052
f 3189/3189 3190/3190 3191/3191
f 3189/3189 3191/3191 3192/3192
f 3052/3052 3189/3189 3192/3192
f 3052/3052 3192/3192 3053/3053
f 3053/3053 3192/3192 3191/3191
f 3053/3053 3191/3191 3054/3054
f 3174/3174 3193/3193 3194/3194
f 3174/3174 3194/3194 3175/3175
f 3058/3058 3195/3195 3194/3194
f 3058/3058 3194/3194 3193/3193
f 3039/3039 3058/3058 3193/3193
f 3039/3039 3193/3193 3174/3174
f 3190/3190 3196/3196 3197/3197
f 3190/3190 3197/3197 3191/3191
f 3198/3198 3060/3060 3197/3197
f 3198/3198 3197/3197 3196/3196
f 3054/3054 3191/3191 3197/3197
f 3054/3054 3197/3197 3060/3060
f 3199/3199 3200/3200 3201/3201
f 3199/3199 3201/3201 3202/3202
f 3065/3065 3203/3203 3201/3201
f 3065/3065 3201/3201 3200/3200
f 3066/3066 3065/3065 3200/3200
f 3066/3066 3200/3200 3199/3199
f 3202/3202 3201/3201 3204/3204
f 3202/3202 3204/3204 3205/3205
f 3206/3206 3207/3207 3208/3208
f 3206/3206 3208/3208 3209/3209
f 3209/3209 3208/3208 3210/3210
f 3209/3209 3210/3210 3211/3211
f 3212/3212 3068/3068 3210/3210
f 3212/3212 3210/3210 3208/3208
f 3067/3067 3211/3211 3210/3210
f 3067/3067 3210/3210 3068/3068
f 3213/3213 3214/3214 3215/3215
f 3213/3213 3215/3215 3216/3216
f 3077/3077 3076/3076 3214/3214
f 3077/3077 3214/3214 3213/3213
f 3216/3216 3215/3215 3217/3217
f 3216/3216 3217/3217 3218/3218
f 3219/3219 3220/3220 3221/3221
f 3219/3219 3221/3221 3222/3222
f 3222/3222 3221/3221 3223/3223
f 3222/3222 3223/3223 3224/3224
f 3078/3078 3224/3224 3223/3223
f 3078/3078 3223/3223 3079/3079
f 3225/3225 3226/3226 3227/3227
f 3225/3225 3227/3227 3228/3228
f 3087/3087 3089/3089 3227/3227
f 3087/3087 3227/3227 3226/3226
f 3088/3088 3087/3087 3226/3226
f 3088/3088 3226/3226 3225/3225
f 3228/3228 3227/3227 3229/3229
f 3228/3228 3229/3229 3230/3230
f 3089/3089 3090/3090 3229/3229
f 3089/3089 3229/3229 3227/3227
f 3230/3230 3229/3229 3231/3231
f 3230/3230 3231/3231 3232/3232
f 3090/3090 3091/3091 3231/3231
f 3090/3090 3231/3231 3229/3229
f 3091/3091 3092/3092 3233/3233
f 3091/3091 3233/3233 3231/3231
f 3092/3092 3093/3093 3234/3234
f 3092/3092 3234/3234 3233/3233
f 3235/3235 3234/3234 3236/3236
f 3235/3235 3236/3236 3237/3237
f 3093/3093 3094/3094 3236/3236
f 3093/3093 3236/3236 3234/3234
f 3237/3237 3236/3236 3238/3238
f 3237/3237 3238/3238 3239/3239
f 3094/3094 3095/3095 3238/3238
f 3094/3094 3238/3238 3236/3236
f 3239/3239 3238/3238 3240/3240
f 3239/3239 3240/3240 3241/3241
f 3095/3095 3096/3096 3240/3240
f 3095/3095 3240/3240 3238/3238
f 3097/3097 3241/3241 3240/3240
f 3097/3097 3240/3240 3096/3096
f 3242/3242 3243/3243 3244/3244
f 3242/3242 3244/3244 3245/3245
f 3176/3176 3242/3242 3245/3245
f 3176/3176 3245/3245 3177/3177
f 3176/3176 3175/3175 3243/3243
f 3176/3176 3243/3243 3242/3242
f 3245/3245 3244/3244 3246/3246
f 3245/3245 3246/3246 3247/3247
f 3177/3177 3245/3245 3247/3247
f 3177/3177 3247/3247 3178/3178
f 3178/3178 3247/3247 3248/3248
f 3178/3178 3248/3248 3179/3179
f 3179/3179 3248/3248 3249/3249
f 3179/3179 3249/3249 3180/3180
f 3180/3180 3249/3249 3250/3250
f 3180/3180 3250/3250 3182/3182
f 3182/3182 3250/3250 3251/3251
f 3182/3182 3251/3251 3184/3184
f 3184/3184 3251/3251 3252/3252
f 3184/3184 3252/3252 3186/3186
f 3186/3186 3252/3252 3253/3253
f 3186/3186 3253/3253 3187/3187
f 3253/3253 3254/3254 3255/3255
f 3253/3253 3255/3255 3256/3256
f 3187/3187 3253/3253 3256/3256
f 3187/3187 3256/3256 3188/3188
f 3256/3256 3255/3255 3257/3257
f 3256/3256 3257/3257 3258/3258
f 3188/3188 3256/3256 3258/3258
f 3188/3188 3258/3258 3189/3189
f 3189/3189 3258/3258 3257/3257
f 3189/3189 3257/3257 3190/3190
f 3243/3243 3259/3259 3260/3260
f 3243/3243 3260/3260 3244/3244
f 3194/3194 3261/3261 3260/3260
f 3194/3194 3260/3260 3259/3259
f 3175/3175 3194/3194 3259/3259
f 3175/3175 3259/3259 3243/3243
f 3244/3244 3260/3260 3262/3262
f 3244/3244 3262/3262 3246/3246
f 3261/3261 3263/3263 3262/3262
f 3261/3261 3262/3262 3260/3260
f 3254/3254 3264/3264 3265/3265
f 3254/3254 3265/3265 3255/3255
f 3266/3266 3267/3267 3265/3265
f 3266/3266 3265/3265 3264/3264
f 3255/3255 3265/3265 3268/3268
f 3255/3255 3268/3268 3257/3257
f 3267/3267 3196/3196 3268/3268
f 3267/3267 3268/3268 3265/3265
f 3190/3190 3257/3257 3268/3268
f 3190/3190 3268/3268 3196/3196
f 3269/3269 3270/3270 3271/3271
f 3269/3269 3271/3271 3272/3272
f 3204/3204 3273/3273 3271/3271
f 3204/3204 3271/3271 3270/3270
f 3205/3205 3204/3204 3270/3270
f 3205/3205 3270/3270 3269/3269
f 3272/3272 3271/3271 3274/3274
f 3272/3272 3274/3274 3275/3275
f 3275/3275 3274/3274 3276/3276
f 3275/3275 3276/3276 3277/3277
f 3277/3277 3276/3276 3278/3278
f 3277/3277 3278/3278 3279/3279
f 3279/3279 3278/3278 3280/3280
f 3279/3279 3280/3280 3281/3281
f 3281/3281 3280/3280 3282/3282
f 3281/3281 3282/3282 3283/3283
f 3284/3284 3207/3207 3282/3282
f 3284/3284 3282/3282 3280/3280
f 3206/3206 3283/3283 3282/3282
f 3206/3206 3282/3282 3207/3207
f 3285/3285 3286/3286 3287/3287
f 3285/3285 3287/3287 3288/3288
f 3217/3217 3289/3289 3287/3287
f 3217/3217 3287/3287 3286/3286
f 3218/3218 3217/3217 3286/3286
f 3218/3218 3286/3286 3285/3285
f 3288/3288 3287/3287 3290/3290
f 3288/3288 3290/3290 3291/3291
f 3291/3291 3290/3290 3292/3292
f 3291/3291 3292/3292 3293/3293
f 3293/3293 3292/3292 3294/3294
f 3293/3293 3294/3294 3295/3295
f 3296/3296 3220/3220 3294/3294
f 3296/3296 3294/3294 3292/3292
f 3219/3219 3295/3295 3294/3294
f 3219/3219 3294/3294 3220/3220
f 3297/3297 3298/3298 3299/3299
f 3297/3297 3299/3299 3300/3300
f 3231/3231 3233/3233 3299/3299
f 3231/3231 3299/3299 3298/3298
f 3232/3232 3231/3231 3298/3298
f 3232/3232 3298/3298 3297/3297
f 3300/3300 3299/3299 3301/3301
f 3300/3300 3301/3301 3302/3302
f 3233/3233 3234/3234 3301/3301
f 3233/3233 3301/3301 3299/3299
f 3235/3235 3302/3302 3301/3301
f 3235/3235 3301/3301 3234/3234
f 3303/3303 3304/3304 3305/3305
f 3303/3303 3305/3305 3306/3306
f 3247/3247 3303/3303 3306/3306
f 3247/3247 3306/3306 3248/3248
f 3247/3247 3246/3246 3304/3304
f 3247/3247 3304/3304 3303/3303
f 3306/3306 3305/3305 3307/3307
f 3306/3306 3307/3307 3308/3308
f 3248/3248 3306/3306 3308/3308
f 3248/3248 3308/3308 3249/3249
f 3308/3308 3307/3307 3309/3309
f 3308/3308 3309/3309 3310/3310
f 3249/3249 3308/3308 3310/3310
f 3249/3249 3310/3310 3250/3250
f 3310/3310 3309/3309 3311/3311
f 3310/3310 3311/3311 3312/3312
f 3250/3250 3310/3310 3312/3312
f 3250/3250 3312/3312 3251/3251
f 3312/3312 3311/3311 3313/3313
f 3312/3312 3313/3313 3314/3314
f 3251/3251 3312/3312 3314/3314
f 3251/3251 3314/3314 3252/3252
f 3314/3314 3313/3313 3315/3315
f 3314/3314 3315/3315 3316/3316
f 3252/3252 3314/3314 3316/3316
f 3252/3252 3316/3316 3253/3253
f 3253/3253 3316/3316 3315/3315
f 3253/3253 3315/3315 3254/3254
f 3304/3304 3317/3317 3318/3318
f 3304/3304 3318/3318 3305/3305
f 3262/3262 3319/3319 3318/3318
f 3262/3262 3318/3318 3317/3317
f 3246/3246 3262/3262 3317/3317
f 3246/3246 3317/3317 3304/3304
f 3305/3305 3318/3318 3320/3320
f 3305/3305 3320/3320 3307/3307
f 3319/3319 3321/3321 3320/3320
f 3319/3319 3320/3320 3318/3318
f 3307/3307 3320/3320 3322/3322
f 3307/3307 3322/3322 3309/3309
f 3321/3321 3323/3323 3322/3322
f 3321/3321 3322/3322 3320/3320
f 3309/3309 3322/3322 3324/3324
f 3309/3309 3324/3324 3311/3311
f 3323/3323 3325/3325 3324/3324
f 3323/3323 3324/3324 3322/3322
f 3311/3311 3324/3324 3326/3326
f 3311/3311 3326/3326 3313/3313
f 3325/3325 3327/3327 3326/3326
f 3325/3325 3326/3326 3324/3324
f 3313/3313 3326/3326 3328/3328
f 3313/3313 3328/3328 3315/3315
f 3327/3327 3264/3264 3328/3328
f 3327/3327 3328/3328 3326/3326
f 3254/3254 3315/3315 3328/3328
f 3254/3254 3328/3328 3264/3264
