mtllib TBLUB0_flame.mtl
o TorchFlame
v -0.184211 0.078947 -0.078947
v -0.184211 0.078947 -0.052632
v -0.184211 0.105263 -0.052632
v -0.184211 0.105263 -0.078947
v -0.157895 0.078947 -0.078947
v -0.157895 0.078947 -0.052632
v -0.157895 0.105263 -0.078947
v -0.184211 0.078947 -0.026316
v -0.184211 0.105263 -0.026316
v -0.157895 0.078947 -0.026316
v -0.184211 0.078947 0.000000
v -0.184211 0.105263 0.000000
v -0.157895 0.078947 0.000000
v -0.184211 0.078947 0.026316
v -0.184211 0.105263 0.026316
v -0.157895 0.078947 0.026316
v -0.184211 0.078947 0.052632
v -0.184211 0.105263 0.052632
v -0.157895 0.078947 0.052632
v -0.184211 0.078947 0.078947
v -0.184211 0.105263 0.078947
v -0.157895 0.078947 0.078947
v -0.157895 0.105263 0.078947
v -0.184211 0.131579 -0.052632
v -0.184211 0.131579 -0.078947
v -0.157895 0.131579 -0.078947
v -0.184211 0.131579 -0.026316
v -0.184211 0.131579 0.000000
v -0.184211 0.131579 0.026316
v -0.184211 0.131579 0.052632
v -0.184211 0.131579 0.078947
v -0.157895 0.131579 0.078947
v -0.184211 0.157895 -0.052632
v -0.184211 0.157895 -0.078947
v -0.157895 0.157895 -0.078947
v -0.184211 0.157895 -0.026316
v -0.184211 0.157895 0.000000
v -0.184211 0.157895 0.026316
v -0.184211 0.157895 0.052632
v -0.184211 0.157895 0.078947
v -0.157895 0.157895 0.078947
v -0.184211 0.184211 -0.052632
v -0.184211 0.184211 -0.078947
v -0.157895 0.184211 -0.078947
v -0.184211 0.184211 -0.026316
v -0.184211 0.184211 0.000000
v -0.184211 0.184211 0.026316
v -0.184211 0.184211 0.052632
v -0.184211 0.184211 0.078947
v -0.157895 0.184211 0.078947
v -0.184211 0.210526 -0.052632
v -0.184211 0.210526 -0.078947
v -0.157895 0.210526 -0.052632
v -0.157895 0.210526 -0.078947
v -0.184211 0.210526 -0.026316
v -0.157895 0.210526 -0.026316
v -0.184211 0.210526 0.000000
v -0.157895 0.210526 0.000000
v -0.184211 0.210526 0.026316
v -0.157895 0.210526 0.026316
v -0.184211 0.210526 0.052632
v -0.157895 0.210526 0.052632
v -0.184211 0.210526 0.078947
v -0.157895 0.210526 0.078947
v -0.184211 0.447368 -0.078947
v -0.184211 0.447368 -0.052632
v -0.184211 0.473684 -0.052632
v -0.184211 0.473684 -0.078947
v -0.157895 0.473684 -0.052632
v -0.157895 0.473684 -0.078947
v -0.157895 0.447368 -0.078947
v -0.157895 0.447368 -0.052632
v -0.184211 0.447368 -0.026316
v -0.184211 0.473684 -0.026316
v -0.157895 0.473684 -0.026316
v -0.157895 0.447368 -0.026316
v -0.184211 0.447368 0.000000
v -0.184211 0.473684 0.000000
v -0.157895 0.473684 0.000000
v -0.157895 0.447368 0.000000
v -0.184211 0.447368 0.026316
v -0.184211 0.473684 0.026316
v -0.157895 0.473684 0.026316
v -0.157895 0.447368 0.026316
v -0.184211 0.447368 0.052632
v -0.184211 0.473684 0.052632
v -0.157895 0.473684 0.052632
v -0.157895 0.447368 0.052632
v -0.184211 0.447368 0.078947
v -0.184211 0.473684 0.078947
v -0.157895 0.473684 0.078947
v -0.157895 0.447368 0.078947
v -0.157895 0.052632 -0.078947
v -0.157895 0.052632 -0.052632
v -0.157895 0.078947 -0.052632
v -0.157895 0.078947 -0.078947
v -0.131579 0.052632 -0.078947
v -0.131579 0.052632 -0.052632
v -0.131579 0.078947 -0.078947
v -0.157895 0.052632 -0.026316
v -0.157895 0.078947 -0.026316
v -0.131579 0.052632 -0.026316
v -0.157895 0.052632 0.000000
v -0.157895 0.078947 0.000000
v -0.131579 0.052632 0.000000
v -0.157895 0.052632 0.026316
v -0.157895 0.078947 0.026316
v -0.131579 0.052632 0.026316
v -0.157895 0.052632 0.052632
v -0.157895 0.078947 0.052632
v -0.131579 0.052632 0.052632
v -0.157895 0.052632 0.078947
v -0.157895 0.078947 0.078947
v -0.131579 0.052632 0.078947
v -0.131579 0.078947 0.078947
v -0.157895 0.078947 -0.131579
v -0.157895 0.078947 -0.105263
v -0.157895 0.105263 -0.105263
v -0.157895 0.105263 -0.131579
v -0.131579 0.078947 -0.131579
v -0.131579 0.078947 -0.105263
v -0.131579 0.105263 -0.131579
v -0.131579 0.078947 -0.078947
v -0.157895 0.078947 0.105263
v -0.157895 0.105263 0.105263
v -0.131579 0.078947 0.078947
v -0.131579 0.078947 0.105263
v -0.157895 0.078947 0.131579
v -0.157895 0.105263 0.131579
v -0.131579 0.078947 0.131579
v -0.131579 0.105263 0.131579
v -0.157895 0.131579 -0.105263
v -0.157895 0.131579 -0.131579
v -0.131579 0.131579 -0.131579
v -0.157895 0.131579 0.105263
v -0.157895 0.131579 0.131579
v -0.131579 0.131579 0.131579
v -0.157895 0.157895 -0.105263
v -0.157895 0.157895 -0.131579
v -0.131579 0.157895 -0.131579
v -0.157895 0.157895 0.105263
v -0.157895 0.157895 0.131579
v -0.131579 0.157895 0.131579
v -0.157895 0.184211 -0.105263
v -0.157895 0.184211 -0.131579
v -0.131579 0.184211 -0.131579
v -0.157895 0.184211 0.105263
v -0.157895 0.184211 0.131579
v -0.131579 0.184211 0.131579
v -0.157895 0.210526 -0.105263
v -0.157895 0.210526 -0.131579
v -0.131579 0.210526 -0.105263
v -0.131579 0.210526 -0.131579
v -0.131579 0.210526 -0.078947
v -0.157895 0.210526 0.105263
v -0.131579 0.210526 0.105263
v -0.131579 0.210526 0.078947
v -0.157895 0.210526 0.131579
v -0.131579 0.210526 0.131579
v -0.157895 0.210526 -0.078947
v -0.157895 0.210526 -0.052632
v -0.157895 0.236842 -0.052632
v -0.157895 0.236842 -0.078947
v -0.131579 0.236842 -0.078947
v -0.131579 0.210526 -0.078947
v -0.157895 0.210526 -0.026316
v -0.157895 0.236842 -0.026316
v -0.157895 0.210526 0.000000
v -0.157895 0.236842 0.000000
v -0.157895 0.210526 0.026316
v -0.157895 0.236842 0.026316
v -0.157895 0.210526 0.052632
v -0.157895 0.236842 0.052632
v -0.157895 0.210526 0.078947
v -0.157895 0.236842 0.078947
v -0.131579 0.210526 0.078947
v -0.131579 0.236842 0.078947
v -0.157895 0.263158 -0.052632
v -0.157895 0.263158 -0.078947
v -0.131579 0.263158 -0.078947
v -0.157895 0.263158 -0.026316
v -0.157895 0.263158 0.000000
v -0.157895 0.263158 0.026316
v -0.157895 0.263158 0.052632
v -0.157895 0.263158 0.078947
v -0.131579 0.263158 0.078947
v -0.157895 0.289474 -0.052632
v -0.157895 0.289474 -0.078947
v -0.131579 0.289474 -0.078947
v -0.157895 0.289474 -0.026316
v -0.157895 0.289474 0.000000
v -0.157895 0.289474 0.026316
v -0.157895 0.289474 0.052632
v -0.157895 0.289474 0.078947
v -0.131579 0.289474 0.078947
v -0.157895 0.289474 -0.078947
v -0.157895 0.289474 -0.052632
v -0.157895 0.315789 -0.052632
v -0.157895 0.315789 -0.078947
v -0.131579 0.315789 -0.052632
v -0.131579 0.315789 -0.078947
v -0.131579 0.289474 -0.078947
v -0.157895 0.289474 -0.026316
v -0.157895 0.315789 -0.026316
v -0.157895 0.289474 0.000000
v -0.157895 0.315789 0.000000
v -0.157895 0.289474 0.026316
v -0.157895 0.315789 0.026316
v -0.157895 0.289474 0.052632
v -0.157895 0.315789 0.052632
v -0.157895 0.289474 0.078947
v -0.157895 0.315789 0.078947
v -0.131579 0.315789 0.078947
v -0.131579 0.315789 0.052632
v -0.131579 0.289474 0.078947
v -0.157895 0.315789 -0.052632
v -0.157895 0.315789 -0.026316
v -0.157895 0.342105 -0.026316
v -0.157895 0.342105 -0.052632
v -0.131579 0.342105 -0.052632
v -0.131579 0.315789 -0.052632
v -0.157895 0.315789 0.000000
v -0.157895 0.342105 0.000000
v -0.157895 0.315789 0.026316
v -0.157895 0.342105 0.026316
v -0.157895 0.315789 0.052632
v -0.157895 0.342105 0.052632
v -0.131579 0.315789 0.052632
v -0.131579 0.342105 0.052632
v -0.157895 0.368421 -0.026316
v -0.157895 0.368421 -0.052632
v -0.131579 0.368421 -0.026316
v -0.131579 0.368421 -0.052632
v -0.157895 0.368421 0.000000
v -0.131579 0.368421 0.000000
v -0.157895 0.368421 0.026316
v -0.131579 0.368421 0.026316
v -0.157895 0.368421 0.052632
v -0.131579 0.368421 0.052632
v -0.157895 0.394737 -0.052632
v -0.157895 0.394737 -0.026316
v -0.157895 0.421053 -0.026316
v -0.157895 0.421053 -0.052632
v -0.131579 0.394737 -0.052632
v -0.131579 0.394737 -0.026316
v -0.131579 0.421053 -0.052632
v -0.157895 0.394737 0.000000
v -0.157895 0.421053 0.000000
v -0.131579 0.394737 0.000000
v -0.157895 0.394737 0.026316
v -0.157895 0.421053 0.026316
v -0.131579 0.394737 0.026316
v -0.157895 0.394737 0.052632
v -0.157895 0.421053 0.052632
v -0.131579 0.394737 0.052632
v -0.131579 0.421053 0.052632
v -0.157895 0.447368 -0.026316
v -0.157895 0.447368 -0.052632
v -0.131579 0.447368 -0.052632
v -0.157895 0.447368 0.000000
v -0.157895 0.447368 0.026316
v -0.157895 0.447368 0.052632
v -0.131579 0.447368 0.052632
v -0.157895 0.447368 -0.105263
v -0.157895 0.473684 -0.105263
v -0.131579 0.473684 -0.078947
v -0.131579 0.473684 -0.105263
v -0.131579 0.447368 -0.105263
v -0.131579 0.447368 -0.078947
v -0.131579 0.473684 -0.052632
v -0.131579 0.447368 -0.052632
v -0.131579 0.473684 -0.026316
v -0.131579 0.473684 0.000000
v -0.131579 0.473684 0.026316
v -0.131579 0.473684 0.052632
v -0.131579 0.473684 0.078947
v -0.131579 0.447368 0.052632
v -0.131579 0.447368 0.078947
v -0.157895 0.447368 0.105263
v -0.157895 0.473684 0.105263
v -0.131579 0.473684 0.105263
v -0.131579 0.447368 0.105263
v -0.131579 0.026316 -0.078947
v -0.131579 0.026316 -0.052632
v -0.131579 0.052632 -0.052632
v -0.131579 0.052632 -0.078947
v -0.105263 0.026316 -0.078947
v -0.105263 0.026316 -0.052632
v -0.105263 0.052632 -0.078947
v -0.131579 0.026316 -0.026316
v -0.131579 0.052632 -0.026316
v -0.105263 0.026316 -0.026316
v -0.131579 0.026316 0.000000
v -0.131579 0.052632 0.000000
v -0.105263 0.026316 0.000000
v -0.131579 0.026316 0.026316
v -0.131579 0.052632 0.026316
v -0.105263 0.026316 0.026316
v -0.131579 0.026316 0.052632
v -0.131579 0.052632 0.052632
v -0.105263 0.026316 0.052632
v -0.131579 0.026316 0.078947
v -0.131579 0.052632 0.078947
v -0.105263 0.026316 0.078947
v -0.105263 0.052632 0.078947
v -0.131579 0.052632 -0.105263
v -0.131579 0.078947 -0.105263
v -0.105263 0.052632 -0.105263
v -0.105263 0.052632 -0.078947
v -0.105263 0.078947 -0.105263
v -0.131579 0.052632 0.105263
v -0.131579 0.078947 0.105263
v -0.105263 0.052632 0.078947
v -0.105263 0.052632 0.105263
v -0.105263 0.078947 0.105263
v -0.131579 0.078947 -0.157895
v -0.131579 0.105263 -0.157895
v -0.105263 0.078947 -0.157895
v -0.105263 0.078947 -0.131579
v -0.105263 0.105263 -0.157895
v -0.105263 0.078947 -0.105263
v -0.105263 0.078947 0.105263
v -0.105263 0.078947 0.131579
v -0.131579 0.078947 0.157895
v -0.131579 0.105263 0.157895
v -0.105263 0.078947 0.157895
v -0.105263 0.105263 0.157895
v -0.131579 0.131579 -0.157895
v -0.105263 0.131579 -0.157895
v -0.131579 0.131579 0.157895
v -0.105263 0.131579 0.157895
v -0.131579 0.157895 -0.157895
v -0.105263 0.157895 -0.157895
v -0.131579 0.157895 0.157895
v -0.105263 0.157895 0.157895
v -0.131579 0.184211 -0.157895
v -0.105263 0.184211 -0.157895
v -0.131579 0.184211 0.157895
v -0.105263 0.184211 0.157895
v -0.131579 0.210526 -0.157895
v -0.105263 0.210526 -0.131579
v -0.105263 0.210526 -0.157895
v -0.105263 0.210526 -0.105263
v -0.105263 0.210526 0.131579
v -0.105263 0.210526 0.105263
v -0.131579 0.210526 0.157895
v -0.105263 0.210526 0.157895
v -0.131579 0.210526 -0.105263
v -0.131579 0.236842 -0.105263
v -0.105263 0.236842 -0.105263
v -0.105263 0.210526 -0.105263
v -0.131579 0.210526 0.105263
v -0.131579 0.236842 0.105263
v -0.105263 0.210526 0.105263
v -0.105263 0.236842 0.105263
v -0.131579 0.263158 -0.105263
v -0.105263 0.263158 -0.105263
v -0.131579 0.263158 0.105263
v -0.105263 0.263158 0.105263
v -0.131579 0.289474 -0.105263
v -0.105263 0.289474 -0.105263
v -0.131579 0.289474 0.105263
v -0.105263 0.289474 0.105263
v -0.131579 0.289474 -0.105263
v -0.131579 0.315789 -0.105263
v -0.105263 0.315789 -0.105263
v -0.105263 0.289474 -0.105263
v -0.131579 0.289474 0.105263
v -0.131579 0.315789 0.105263
v -0.105263 0.289474 0.105263
v -0.105263 0.315789 0.105263
v -0.131579 0.315789 -0.105263
v -0.131579 0.315789 -0.078947
v -0.131579 0.342105 -0.078947
v -0.131579 0.342105 -0.105263
v -0.105263 0.342105 -0.105263
v -0.105263 0.315789 -0.105263
v -0.131579 0.315789 0.078947
v -0.131579 0.342105 0.078947
v -0.131579 0.315789 0.105263
v -0.131579 0.342105 0.105263
v -0.105263 0.315789 0.105263
v -0.105263 0.342105 0.105263
v -0.131579 0.368421 -0.078947
v -0.131579 0.368421 -0.105263
v -0.105263 0.368421 -0.078947
v -0.105263 0.368421 -0.105263
v -0.105263 0.368421 -0.052632
v -0.131579 0.368421 0.078947
v -0.105263 0.368421 0.078947
v -0.105263 0.368421 0.052632
v -0.131579 0.368421 0.105263
v -0.105263 0.368421 0.105263
v -0.131579 0.368421 -0.052632
v -0.131579 0.368421 -0.026316
v -0.131579 0.394737 -0.026316
v -0.131579 0.394737 -0.052632
v -0.105263 0.394737 -0.052632
v -0.105263 0.368421 -0.052632
v -0.131579 0.368421 0.000000
v -0.131579 0.394737 0.000000
v -0.131579 0.368421 0.026316
v -0.131579 0.394737 0.026316
v -0.131579 0.368421 0.052632
v -0.131579 0.394737 0.052632
v -0.105263 0.368421 0.052632
v -0.105263 0.394737 0.052632
v -0.131579 0.394737 -0.105263
v -0.131579 0.394737 -0.078947
v -0.131579 0.421053 -0.078947
v -0.131579 0.421053 -0.105263
v -0.105263 0.394737 -0.105263
v -0.105263 0.394737 -0.078947
v -0.105263 0.421053 -0.105263
v -0.105263 0.394737 -0.052632
v -0.131579 0.394737 0.078947
v -0.131579 0.421053 0.078947
v -0.105263 0.394737 0.052632
v -0.105263 0.394737 0.078947
v -0.131579 0.394737 0.105263
v -0.131579 0.421053 0.105263
v -0.105263 0.394737 0.105263
v -0.105263 0.421053 0.105263
v -0.131579 0.447368 -0.078947
v -0.131579 0.447368 -0.105263
v -0.105263 0.447368 -0.105263
v -0.131579 0.447368 0.078947
v -0.131579 0.447368 0.105263
v -0.105263 0.447368 0.105263
v -0.131579 0.447368 -0.131579
v -0.131579 0.473684 -0.131579
v -0.105263 0.473684 -0.105263
v -0.105263 0.473684 -0.131579
v -0.105263 0.447368 -0.131579
v -0.105263 0.447368 -0.105263
v -0.105263 0.473684 -0.078947
v -0.105263 0.473684 -0.052632
v -0.105263 0.473684 -0.026316
v -0.105263 0.473684 0.000000
v -0.105263 0.473684 0.026316
v -0.105263 0.473684 0.052632
v -0.105263 0.473684 0.078947
v -0.105263 0.473684 0.105263
v -0.131579 0.447368 0.131579
v -0.131579 0.473684 0.131579
v -0.105263 0.473684 0.131579
v -0.105263 0.447368 0.105263
v -0.105263 0.447368 0.131579
v -0.131579 0.763158 -0.052632
v -0.131579 0.763158 -0.026316
v -0.131579 0.789474 -0.026316
v -0.131579 0.789474 -0.052632
v -0.105263 0.763158 -0.052632
v -0.105263 0.763158 -0.026316
v -0.105263 0.789474 -0.052632
v -0.131579 0.763158 0.000000
v -0.131579 0.789474 0.000000
v -0.105263 0.763158 0.000000
v -0.131579 0.763158 0.026316
v -0.131579 0.789474 0.026316
v -0.105263 0.763158 0.026316
v -0.131579 0.763158 0.052632
v -0.131579 0.789474 0.052632
v -0.105263 0.763158 0.052632
v -0.105263 0.789474 0.052632
v -0.131579 0.815789 -0.026316
v -0.131579 0.815789 -0.052632
v -0.105263 0.815789 -0.026316
v -0.105263 0.815789 -0.052632
v -0.131579 0.815789 0.000000
v -0.105263 0.815789 0.000000
v -0.131579 0.815789 0.026316
v -0.105263 0.815789 0.026316
v -0.131579 0.815789 0.052632
v -0.105263 0.815789 0.052632
v -0.105263 0.000000 -0.052632
v -0.105263 0.000000 -0.026316
v -0.105263 0.026316 -0.026316
v -0.105263 0.026316 -0.052632
v -0.078947 0.000000 -0.052632
v -0.078947 0.000000 -0.026316
v -0.078947 0.026316 -0.052632
v -0.105263 0.000000 0.000000
v -0.105263 0.026316 0.000000
v -0.078947 0.000000 0.000000
v -0.105263 0.000000 0.026316
v -0.105263 0.026316 0.026316
v -0.078947 0.000000 0.026316
v -0.105263 0.000000 0.052632
v -0.105263 0.026316 0.052632
v -0.078947 0.000000 0.052632
v -0.078947 0.026316 0.052632
v -0.105263 0.026316 -0.105263
v -0.105263 0.052632 -0.105263
v -0.078947 0.026316 -0.105263
v -0.078947 0.026316 -0.078947
v -0.078947 0.052632 -0.105263
v -0.078947 0.026316 -0.052632
v -0.078947 0.026316 0.052632
v -0.078947 0.026316 0.078947
v -0.105263 0.026316 0.105263
v -0.105263 0.052632 0.105263
v -0.078947 0.026316 0.105263
v -0.078947 0.052632 0.105263
v -0.105263 0.052632 -0.131579
v -0.105263 0.078947 -0.131579
v -0.078947 0.052632 -0.131579
v -0.078947 0.052632 -0.105263
v -0.078947 0.078947 -0.131579
v -0.105263 0.052632 0.131579
v -0.105263 0.078947 0.131579
v -0.078947 0.052632 0.105263
v -0.078947 0.052632 0.131579
v -0.078947 0.078947 0.131579
v -0.105263 0.078947 -0.184211
v -0.105263 0.105263 -0.184211
v -0.078947 0.078947 -0.184211
v -0.078947 0.078947 -0.157895
v -0.078947 0.105263 -0.184211
v -0.078947 0.078947 -0.131579
v -0.078947 0.078947 0.131579
v -0.078947 0.078947 0.157895
v -0.105263 0.078947 0.184211
v -0.105263 0.105263 0.184211
v -0.078947 0.078947 0.184211
v -0.078947 0.105263 0.184211
v -0.105263 0.131579 -0.184211
v -0.078947 0.131579 -0.184211
v -0.105263 0.131579 0.184211
v -0.078947 0.131579 0.184211
v -0.105263 0.157895 -0.184211
v -0.078947 0.157895 -0.184211
v -0.105263 0.157895 0.184211
v -0.078947 0.157895 0.184211
v -0.105263 0.184211 -0.184211
v -0.078947 0.184211 -0.184211
v -0.105263 0.184211 0.184211
v -0.078947 0.184211 0.184211
v -0.105263 0.210526 -0.184211
v -0.078947 0.210526 -0.157895
v -0.078947 0.210526 -0.184211
v -0.078947 0.210526 -0.131579
v -0.078947 0.210526 0.157895
v -0.078947 0.210526 0.131579
v -0.105263 0.210526 0.184211
v -0.078947 0.210526 0.184211
v -0.105263 0.210526 -0.131579
v -0.105263 0.236842 -0.131579
v -0.078947 0.236842 -0.131579
v -0.078947 0.210526 -0.131579
v -0.105263 0.210526 0.131579
v -0.105263 0.236842 0.131579
v -0.078947 0.210526 0.131579
v -0.078947 0.236842 0.131579
v -0.105263 0.263158 -0.131579
v -0.078947 0.263158 -0.131579
v -0.105263 0.263158 0.131579
v -0.078947 0.263158 0.131579
v -0.105263 0.289474 -0.131579
v -0.078947 0.289474 -0.131579
v -0.105263 0.289474 0.131579
v -0.078947 0.289474 0.131579
v -0.105263 0.289474 -0.131579
v -0.105263 0.315789 -0.131579
v -0.078947 0.315789 -0.131579
v -0.078947 0.289474 -0.131579
v -0.105263 0.289474 0.131579
v -0.105263 0.315789 0.131579
v -0.078947 0.289474 0.131579
v -0.078947 0.315789 0.131579
v -0.105263 0.315789 -0.131579
v -0.105263 0.342105 -0.131579
v -0.078947 0.342105 -0.131579
v -0.078947 0.315789 -0.131579
v -0.105263 0.315789 0.131579
v -0.105263 0.342105 0.131579
v -0.078947 0.315789 0.131579
v -0.078947 0.342105 0.131579
v -0.105263 0.368421 -0.131579
v -0.078947 0.368421 -0.105263
v -0.078947 0.368421 -0.131579
v -0.105263 0.368421 0.131579
v -0.078947 0.368421 0.131579
v -0.078947 0.368421 0.105263
v -0.105263 0.368421 -0.105263
v -0.105263 0.368421 -0.078947
v -0.105263 0.394737 -0.078947
v -0.105263 0.394737 -0.105263
v -0.078947 0.394737 -0.105263
v -0.078947 0.368421 -0.105263
v -0.105263 0.368421 0.078947
v -0.105263 0.394737 0.078947
v -0.105263 0.368421 0.105263
v -0.105263 0.394737 0.105263
v -0.078947 0.368421 0.105263
v -0.078947 0.394737 0.105263
v -0.105263 0.394737 -0.131579
v -0.105263 0.421053 -0.131579
v -0.078947 0.394737 -0.131579
v -0.078947 0.394737 -0.105263
v -0.078947 0.421053 -0.131579
v -0.105263 0.394737 0.131579
v -0.105263 0.421053 0.131579
v -0.078947 0.394737 0.105263
v -0.078947 0.394737 0.131579
v -0.078947 0.421053 0.131579
v -0.105263 0.447368 -0.131579
v -0.078947 0.447368 -0.131579
v -0.105263 0.447368 0.131579
v -0.078947 0.447368 0.131579
v -0.105263 0.447368 -0.157895
v -0.105263 0.473684 -0.157895
v -0.078947 0.473684 -0.131579
v -0.078947 0.473684 -0.157895
v -0.078947 0.447368 -0.157895
v -0.078947 0.447368 -0.131579
v -0.078947 0.473684 -0.105263
v -0.078947 0.473684 -0.078947
v -0.078947 0.473684 -0.052632
v -0.078947 0.473684 -0.026316
v -0.078947 0.473684 0.000000
v -0.078947 0.473684 0.026316
v -0.078947 0.473684 0.052632
v -0.078947 0.473684 0.078947
v -0.078947 0.473684 0.105263
v -0.078947 0.473684 0.131579
v -0.105263 0.447368 0.157895
v -0.105263 0.473684 0.157895
v -0.078947 0.473684 0.157895
v -0.078947 0.447368 0.131579
v -0.078947 0.447368 0.157895
v -0.105263 0.736842 -0.052632
v -0.105263 0.736842 -0.026316
v -0.105263 0.763158 -0.026316
v -0.105263 0.763158 -0.052632
v -0.078947 0.736842 -0.052632
v -0.078947 0.736842 -0.026316
v -0.078947 0.763158 -0.052632
v -0.105263 0.736842 0.000000
v -0.105263 0.763158 0.000000
v -0.078947 0.736842 0.000000
v -0.105263 0.736842 0.026316
v -0.105263 0.763158 0.026316
v -0.078947 0.736842 0.026316
v -0.105263 0.736842 0.052632
v -0.105263 0.763158 0.052632
v -0.078947 0.736842 0.052632
v -0.078947 0.763158 0.052632
v -0.105263 0.763158 -0.105263
v -0.105263 0.763158 -0.078947
v -0.105263 0.789474 -0.078947
v -0.105263 0.789474 -0.105263
v -0.078947 0.763158 -0.105263
v -0.078947 0.763158 -0.078947
v -0.078947 0.789474 -0.105263
v -0.078947 0.763158 -0.052632
v -0.105263 0.763158 0.078947
v -0.105263 0.789474 0.078947
v -0.078947 0.763158 0.052632
v -0.078947 0.763158 0.078947
v -0.105263 0.763158 0.105263
v -0.105263 0.789474 0.105263
v -0.078947 0.763158 0.105263
v -0.078947 0.789474 0.105263
v -0.105263 0.815789 -0.078947
v -0.105263 0.815789 -0.105263
v -0.078947 0.815789 -0.078947
v -0.078947 0.815789 -0.105263
v -0.078947 0.815789 -0.052632
v -0.078947 0.815789 -0.026316
v -0.078947 0.815789 0.000000
v -0.078947 0.815789 0.026316
v -0.078947 0.815789 0.052632
v -0.105263 0.815789 0.078947
v -0.078947 0.815789 0.078947
v -0.105263 0.815789 0.105263
v -0.078947 0.815789 0.105263
v -0.078947 0.000000 -0.105263
v -0.078947 0.000000 -0.078947
v -0.078947 0.026316 -0.078947
v -0.078947 0.026316 -0.105263
v -0.052632 0.000000 -0.105263
v -0.052632 0.000000 -0.078947
v -0.052632 0.026316 -0.105263
v -0.052632 0.000000 -0.052632
v -0.052632 0.000000 -0.026316
v -0.052632 0.000000 0.000000
v -0.052632 0.000000 0.026316
v -0.052632 0.000000 0.052632
v -0.078947 0.000000 0.078947
v -0.078947 0.026316 0.078947
v -0.052632 0.000000 0.078947
v -0.078947 0.000000 0.105263
v -0.078947 0.026316 0.105263
v -0.052632 0.000000 0.105263
v -0.052632 0.026316 0.105263
v -0.078947 0.026316 -0.131579
v -0.078947 0.052632 -0.131579
v -0.052632 0.026316 -0.131579
v -0.052632 0.026316 -0.105263
v -0.052632 0.052632 -0.131579
v -0.078947 0.026316 0.131579
v -0.078947 0.052632 0.131579
v -0.052632 0.026316 0.105263
v -0.052632 0.026316 0.131579
v -0.052632 0.052632 0.131579
v -0.078947 0.052632 -0.157895
v -0.078947 0.078947 -0.157895
v -0.052632 0.052632 -0.157895
v -0.052632 0.052632 -0.131579
v -0.052632 0.078947 -0.157895
v -0.078947 0.052632 0.157895
v -0.078947 0.078947 0.157895
v -0.052632 0.052632 0.131579
v -0.052632 0.052632 0.157895
v -0.052632 0.078947 0.157895
v -0.052632 0.078947 -0.184211
v -0.052632 0.078947 -0.157895
v -0.052632 0.105263 -0.184211
v -0.052632 0.078947 0.157895
v -0.052632 0.078947 0.184211
v -0.052632 0.105263 0.184211
v -0.052632 0.131579 -0.184211
v -0.052632 0.131579 0.184211
v -0.052632 0.157895 -0.184211
v -0.052632 0.157895 0.184211
v -0.052632 0.184211 -0.184211
v -0.052632 0.184211 0.184211
v -0.052632 0.210526 -0.157895
v -0.052632 0.210526 -0.184211
v -0.052632 0.210526 0.184211
v -0.052632 0.210526 0.157895
v -0.078947 0.210526 -0.157895
v -0.078947 0.236842 -0.157895
v -0.052632 0.236842 -0.157895
v -0.052632 0.210526 -0.157895
v -0.078947 0.210526 0.157895
v -0.078947 0.236842 0.157895
v -0.052632 0.210526 0.157895
v -0.052632 0.236842 0.157895
v -0.078947 0.263158 -0.157895
v -0.052632 0.263158 -0.157895
v -0.078947 0.263158 0.157895
v -0.052632 0.263158 0.157895
v -0.078947 0.289474 -0.157895
v -0.052632 0.289474 -0.157895
v -0.078947 0.289474 0.157895
v -0.052632 0.289474 0.157895
v -0.078947 0.289474 -0.157895
v -0.078947 0.315789 -0.157895
v -0.052632 0.315789 -0.131579
v -0.052632 0.315789 -0.157895
v -0.052632 0.289474 -0.157895
v -0.078947 0.289474 0.157895
v -0.078947 0.315789 0.157895
v -0.052632 0.315789 0.157895
v -0.052632 0.315789 0.131579
v -0.052632 0.289474 0.157895
v -0.052632 0.342105 -0.131579
v -0.052632 0.315789 -0.131579
v -0.052632 0.315789 0.131579
v -0.052632 0.342105 0.131579
v -0.052632 0.368421 -0.105263
v -0.052632 0.368421 -0.131579
v -0.052632 0.368421 0.131579
v -0.052632 0.368421 0.105263
v -0.052632 0.394737 -0.105263
v -0.052632 0.368421 -0.105263
v -0.052632 0.368421 0.105263
v -0.052632 0.394737 0.105263
v -0.052632 0.394737 -0.131579
v -0.052632 0.394737 -0.105263
v -0.052632 0.421053 -0.131579
v -0.052632 0.394737 0.105263
v -0.052632 0.394737 0.131579
v -0.052632 0.421053 0.131579
v -0.052632 0.447368 -0.131579
v -0.052632 0.447368 0.131579
v -0.052632 0.473684 -0.131579
v -0.052632 0.473684 -0.157895
v -0.052632 0.447368 -0.157895
v -0.052632 0.447368 -0.131579
v -0.052632 0.473684 -0.105263
v -0.052632 0.473684 -0.078947
v -0.052632 0.473684 -0.052632
v -0.052632 0.473684 0.078947
v -0.052632 0.473684 0.052632
v -0.052632 0.473684 0.105263
v -0.052632 0.473684 0.131579
v -0.052632 0.473684 0.157895
v -0.052632 0.447368 0.131579
v -0.052632 0.447368 0.157895
v -0.078947 0.473684 -0.052632
v -0.078947 0.473684 -0.026316
v -0.078947 0.500000 -0.026316
v -0.078947 0.500000 -0.052632
v -0.052632 0.500000 -0.026316
v -0.052632 0.500000 -0.052632
v -0.052632 0.473684 -0.052632
v -0.078947 0.473684 0.000000
v -0.078947 0.500000 0.000000
v -0.052632 0.500000 0.000000
v -0.078947 0.473684 0.026316
v -0.078947 0.500000 0.026316
v -0.052632 0.500000 0.026316
v -0.078947 0.473684 0.052632
v -0.078947 0.500000 0.052632
v -0.052632 0.500000 0.052632
v -0.052632 0.473684 0.052632
v -0.078947 0.736842 -0.105263
v -0.078947 0.736842 -0.078947
v -0.078947 0.763158 -0.078947
v -0.078947 0.763158 -0.105263
v -0.052632 0.736842 -0.105263
v -0.052632 0.736842 -0.078947
v -0.052632 0.763158 -0.105263
v -0.052632 0.736842 -0.052632
v -0.052632 0.736842 -0.026316
v -0.052632 0.736842 0.000000
v -0.052632 0.736842 0.026316
v -0.052632 0.736842 0.052632
v -0.078947 0.736842 0.078947
v -0.078947 0.763158 0.078947
v -0.052632 0.736842 0.078947
v -0.078947 0.736842 0.105263
v -0.078947 0.763158 0.105263
v -0.052632 0.736842 0.105263
v -0.052632 0.763158 0.105263
v -0.052632 0.789474 -0.105263
v -0.052632 0.763158 -0.105263
v -0.052632 0.763158 0.105263
v -0.052632 0.789474 0.105263
v -0.052632 0.815789 -0.078947
v -0.052632 0.815789 -0.105263
v -0.052632 0.815789 -0.052632
v -0.052632 0.815789 -0.026316
v -0.052632 0.815789 0.000000
v -0.052632 0.815789 0.026316
v -0.052632 0.815789 0.052632
v -0.052632 0.815789 0.078947
v -0.052632 0.815789 0.105263
v -0.026316 0.000000 -0.105263
v -0.026316 0.000000 -0.078947
v -0.026316 0.026316 -0.105263
v -0.026316 0.000000 -0.052632
v -0.026316 0.000000 -0.026316
v -0.026316 0.000000 0.000000
v -0.026316 0.000000 0.026316
v -0.026316 0.000000 0.052632
v -0.026316 0.000000 0.078947
v -0.026316 0.000000 0.105263
v -0.026316 0.026316 0.105263
v -0.052632 0.026316 -0.157895
v -0.052632 0.052632 -0.157895
v -0.026316 0.026316 -0.157895
v -0.026316 0.026316 -0.131579
v -0.026316 0.052632 -0.157895
v -0.026316 0.026316 -0.105263
v -0.026316 0.026316 0.105263
v -0.026316 0.026316 0.131579
v -0.052632 0.026316 0.157895
v -0.052632 0.052632 0.157895
v -0.026316 0.026316 0.157895
v -0.026316 0.052632 0.157895
v -0.052632 0.052632 -0.184211
v -0.052632 0.078947 -0.184211
v -0.026316 0.052632 -0.184211
v -0.026316 0.052632 -0.157895
v -0.026316 0.078947 -0.184211
v -0.052632 0.052632 0.184211
v -0.052632 0.078947 0.184211
v -0.026316 0.052632 0.157895
v -0.026316 0.052632 0.184211
v -0.026316 0.078947 0.184211
v -0.052632 0.078947 -0.210526
v -0.052632 0.105263 -0.210526
v -0.026316 0.078947 -0.210526
v -0.026316 0.078947 -0.184211
v -0.026316 0.105263 -0.210526
v -0.052632 0.078947 0.210526
v -0.052632 0.105263 0.210526
v -0.026316 0.078947 0.184211
v -0.026316 0.078947 0.210526
v -0.026316 0.105263 0.210526
v -0.052632 0.131579 -0.210526
v -0.026316 0.131579 -0.210526
v -0.052632 0.131579 0.210526
v -0.026316 0.131579 0.210526
v -0.052632 0.157895 -0.210526
v -0.026316 0.157895 -0.210526
v -0.052632 0.157895 0.210526
v -0.026316 0.157895 0.210526
v -0.052632 0.184211 -0.210526
v -0.026316 0.184211 -0.210526
v -0.052632 0.184211 0.210526
v -0.026316 0.184211 0.210526
v -0.052632 0.210526 -0.210526
v -0.026316 0.210526 -0.184211
v -0.026316 0.210526 -0.210526
v -0.052632 0.210526 0.210526
v -0.026316 0.210526 0.210526
v -0.026316 0.210526 0.184211
v -0.052632 0.210526 -0.184211
v -0.052632 0.236842 -0.184211
v -0.026316 0.236842 -0.184211
v -0.026316 0.210526 -0.184211
v -0.052632 0.210526 0.184211
v -0.052632 0.236842 0.184211
v -0.026316 0.210526 0.184211
v -0.026316 0.236842 0.184211
v -0.052632 0.263158 -0.184211
v -0.026316 0.263158 -0.184211
v -0.052632 0.263158 0.184211
v -0.026316 0.263158 0.184211
v -0.052632 0.289474 -0.184211
v -0.026316 0.289474 -0.157895
v -0.026316 0.289474 -0.184211
v -0.052632 0.289474 0.184211
v -0.026316 0.289474 0.184211
v -0.026316 0.289474 0.157895
v -0.026316 0.315789 -0.157895
v -0.026316 0.289474 -0.157895
v -0.026316 0.289474 0.157895
v -0.026316 0.315789 0.157895
v -0.052632 0.315789 -0.157895
v -0.052632 0.342105 -0.157895
v -0.026316 0.342105 -0.157895
v -0.026316 0.315789 -0.157895
v -0.052632 0.315789 0.157895
v -0.052632 0.342105 0.157895
v -0.026316 0.315789 0.157895
v -0.026316 0.342105 0.157895
v -0.052632 0.368421 -0.157895
v -0.026316 0.368421 -0.131579
v -0.026316 0.368421 -0.157895
v -0.052632 0.368421 0.157895
v -0.026316 0.368421 0.157895
v -0.026316 0.368421 0.131579
v -0.052632 0.368421 -0.131579
v -0.052632 0.394737 -0.131579
v -0.026316 0.394737 -0.131579
v -0.026316 0.368421 -0.131579
v -0.052632 0.368421 0.131579
v -0.052632 0.394737 0.131579
v -0.026316 0.368421 0.131579
v -0.026316 0.394737 0.131579
v -0.026316 0.421053 -0.131579
v -0.026316 0.394737 -0.131579
v -0.026316 0.394737 0.131579
v -0.026316 0.421053 0.131579
v -0.026316 0.447368 -0.131579
v -0.026316 0.447368 0.131579
v -0.052632 0.447368 -0.184211
v -0.052632 0.473684 -0.184211
v -0.026316 0.473684 -0.157895
v -0.026316 0.473684 -0.184211
v -0.026316 0.447368 -0.184211
v -0.026316 0.447368 -0.157895
v -0.026316 0.473684 -0.131579
v -0.026316 0.447368 -0.131579
v -0.026316 0.473684 -0.105263
v -0.026316 0.473684 -0.078947
v -0.026316 0.473684 0.105263
v -0.026316 0.473684 0.078947
v -0.026316 0.473684 0.131579
v -0.026316 0.473684 0.157895
v -0.026316 0.447368 0.131579
v -0.026316 0.447368 0.157895
v -0.052632 0.447368 0.184211
v -0.052632 0.473684 0.184211
v -0.026316 0.473684 0.184211
v -0.026316 0.447368 0.184211
v -0.052632 0.473684 -0.078947
v -0.052632 0.500000 -0.078947
v -0.026316 0.500000 -0.052632
v -0.026316 0.500000 -0.078947
v -0.026316 0.473684 -0.078947
v -0.052632 0.473684 0.078947
v -0.052632 0.500000 0.078947
v -0.026316 0.500000 0.078947
v -0.026316 0.500000 0.052632
v -0.026316 0.473684 0.078947
v -0.052632 0.526316 -0.026316
v -0.052632 0.526316 -0.052632
v -0.026316 0.526316 -0.026316
v -0.026316 0.526316 -0.052632
v -0.052632 0.526316 0.000000
v -0.026316 0.526316 0.000000
v -0.052632 0.526316 0.026316
v -0.026316 0.526316 0.026316
v -0.052632 0.526316 0.052632
v -0.026316 0.526316 0.052632
v -0.052632 0.736842 -0.131579
v -0.052632 0.763158 -0.131579
v -0.026316 0.736842 -0.131579
v -0.026316 0.736842 -0.105263
v -0.026316 0.763158 -0.131579
v -0.026316 0.736842 -0.078947
v -0.026316 0.736842 -0.052632
v -0.026316 0.736842 -0.026316
v -0.026316 0.736842 0.000000
v -0.026316 0.736842 0.026316
v -0.026316 0.736842 0.052632
v -0.026316 0.736842 0.078947
v -0.026316 0.736842 0.105263
v -0.052632 0.736842 0.131579
v -0.052632 0.763158 0.131579
v -0.026316 0.736842 0.131579
v -0.026316 0.763158 0.131579
v -0.052632 0.763158 -0.131579
v -0.052632 0.789474 -0.131579
v -0.026316 0.789474 -0.131579
v -0.026316 0.763158 -0.131579
v -0.052632 0.763158 0.131579
v -0.052632 0.789474 0.131579
v -0.026316 0.763158 0.131579
v -0.026316 0.789474 0.131579
v -0.052632 0.815789 -0.131579
v -0.026316 0.815789 -0.105263
v -0.026316 0.815789 -0.131579
v -0.026316 0.815789 -0.078947
v -0.026316 0.815789 -0.052632
v -0.026316 0.815789 -0.026316
v -0.026316 0.815789 0.000000
v -0.026316 0.815789 0.026316
v -0.026316 0.815789 0.052632
v -0.026316 0.815789 0.078947
v -0.026316 0.815789 0.105263
v -0.052632 0.815789 0.131579
v -0.026316 0.815789 0.131579
v -0.026316 0.000000 -0.131579
v -0.026316 0.026316 -0.131579
v 0.000000 0.000000 -0.131579
v 0.000000 0.000000 -0.105263
v 0.000000 0.026316 -0.131579
v 0.000000 0.000000 -0.078947
v 0.000000 0.000000 -0.052632
v 0.000000 0.000000 -0.026316
v 0.000000 0.000000 0.000000
v 0.000000 0.000000 0.026316
v 0.000000 0.000000 0.052632
v 0.000000 0.000000 0.078947
v 0.000000 0.000000 0.105263
v -0.026316 0.000000 0.131579
v -0.026316 0.026316 0.131579
v 0.000000 0.000000 0.131579
v 0.000000 0.026316 0.131579
v 0.000000 0.026316 -0.157895
v 0.000000 0.026316 -0.131579
v 0.000000 0.052632 -0.157895
v 0.000000 0.026316 0.131579
v 0.000000 0.026316 0.157895
v 0.000000 0.052632 0.157895
v 0.000000 0.052632 -0.184211
v 0.000000 0.052632 -0.157895
v 0.000000 0.078947 -0.184211
v 0.000000 0.052632 0.157895
v 0.000000 0.052632 0.184211
v 0.000000 0.078947 0.184211
v 0.000000 0.078947 -0.210526
v 0.000000 0.078947 -0.184211
v 0.000000 0.105263 -0.210526
v 0.000000 0.078947 0.184211
v 0.000000 0.078947 0.210526
v 0.000000 0.105263 0.210526
v 0.000000 0.131579 -0.210526
v 0.000000 0.131579 0.210526
v 0.000000 0.157895 -0.210526
v 0.000000 0.157895 0.210526
v 0.000000 0.184211 -0.210526
v 0.000000 0.184211 0.210526
v 0.000000 0.210526 -0.184211
v 0.000000 0.210526 -0.210526
v 0.000000 0.210526 0.210526
v 0.000000 0.210526 0.184211
v 0.000000 0.236842 -0.184211
v 0.000000 0.210526 -0.184211
v 0.000000 0.210526 0.184211
v 0.000000 0.236842 0.184211
v 0.000000 0.263158 -0.184211
v 0.000000 0.263158 0.184211
v 0.000000 0.289474 -0.157895
v 0.000000 0.289474 -0.184211
v 0.000000 0.289474 0.184211
v 0.000000 0.289474 0.157895
v 0.000000 0.315789 -0.157895
v 0.000000 0.289474 -0.157895
v 0.000000 0.289474 0.157895
v 0.000000 0.315789 0.157895
v 0.000000 0.342105 -0.157895
v 0.000000 0.315789 -0.157895
v 0.000000 0.315789 0.157895
v 0.000000 0.342105 0.157895
v 0.000000 0.368421 -0.131579
v 0.000000 0.368421 -0.157895
v 0.000000 0.368421 0.157895
v 0.000000 0.368421 0.131579
v 0.000000 0.394737 -0.131579
v 0.000000 0.368421 -0.131579
v 0.000000 0.368421 0.131579
v 0.000000 0.394737 0.131579
v 0.000000 0.394737 -0.157895
v 0.000000 0.421053 -0.157895
v 0.000000 0.421053 -0.131579
v 0.000000 0.394737 -0.131579
v -0.026316 0.394737 -0.157895
v -0.026316 0.421053 -0.157895
v 0.000000 0.394737 0.131579
v 0.000000 0.421053 0.131579
v 0.000000 0.421053 0.157895
v 0.000000 0.394737 0.157895
v -0.026316 0.394737 0.157895
v -0.026316 0.421053 0.157895
v 0.000000 0.447368 -0.157895
v 0.000000 0.447368 -0.131579
v -0.026316 0.447368 -0.157895
v 0.000000 0.447368 0.131579
v 0.000000 0.447368 0.157895
v -0.026316 0.447368 0.157895
v 0.000000 0.473684 -0.157895
v 0.000000 0.473684 -0.184211
v 0.000000 0.447368 -0.184211
v 0.000000 0.447368 -0.157895
v 0.000000 0.473684 -0.131579
v 0.000000 0.473684 -0.105263
v 0.000000 0.473684 -0.078947
v 0.000000 0.473684 0.105263
v 0.000000 0.473684 0.078947
v 0.000000 0.473684 0.131579
v 0.000000 0.473684 0.157895
v 0.000000 0.473684 0.184211
v 0.000000 0.447368 0.157895
v 0.000000 0.447368 0.184211
v 0.000000 0.500000 -0.078947
v 0.000000 0.473684 -0.078947
v 0.000000 0.473684 0.078947
v 0.000000 0.500000 0.078947
v -0.026316 0.526316 -0.078947
v 0.000000 0.526316 -0.052632
v 0.000000 0.526316 -0.078947
v -0.026316 0.526316 0.078947
v 0.000000 0.526316 0.078947
v 0.000000 0.526316 0.052632
v -0.026316 0.526316 -0.052632
v -0.026316 0.526316 -0.026316
v -0.026316 0.552632 -0.026316
v -0.026316 0.552632 -0.052632
v 0.000000 0.552632 -0.026316
v 0.000000 0.552632 -0.052632
v 0.000000 0.526316 -0.052632
v -0.026316 0.526316 0.000000
v -0.026316 0.552632 0.000000
v 0.000000 0.552632 0.000000
v -0.026316 0.526316 0.026316
v -0.026316 0.552632 0.026316
v 0.000000 0.552632 0.026316
v -0.026316 0.526316 0.052632
v -0.026316 0.552632 0.052632
v 0.000000 0.552632 0.052632
v 0.000000 0.526316 0.052632
v -0.026316 0.736842 -0.157895
v -0.026316 0.763158 -0.157895
v 0.000000 0.763158 -0.131579
v 0.000000 0.763158 -0.157895
v 0.000000 0.736842 -0.157895
v 0.000000 0.736842 -0.131579
v 0.000000 0.736842 -0.105263
v 0.000000 0.736842 -0.078947
v 0.000000 0.736842 -0.052632
v 0.000000 0.736842 -0.026316
v 0.000000 0.736842 0.000000
v 0.000000 0.736842 0.026316
v 0.000000 0.736842 0.052632
v 0.000000 0.736842 0.078947
v 0.000000 0.736842 0.105263
v 0.000000 0.736842 0.131579
v -0.026316 0.736842 0.157895
v -0.026316 0.763158 0.157895
v 0.000000 0.763158 0.157895
v 0.000000 0.763158 0.131579
v 0.000000 0.736842 0.157895
v 0.000000 0.789474 -0.131579
v 0.000000 0.763158 -0.131579
v 0.000000 0.763158 0.131579
v 0.000000 0.789474 0.131579
v 0.000000 0.815789 -0.105263
v 0.000000 0.815789 -0.131579
v 0.000000 0.815789 -0.078947
v 0.000000 0.815789 -0.052632
v 0.000000 0.815789 -0.026316
v 0.000000 0.815789 0.000000
v 0.000000 0.815789 0.026316
v 0.000000 0.815789 0.052632
v 0.000000 0.815789 0.078947
v 0.000000 0.815789 0.105263
v 0.000000 0.815789 0.131579
v 0.026316 0.000000 -0.131579
v 0.026316 0.000000 -0.105263
v 0.026316 0.026316 -0.131579
v 0.026316 0.000000 -0.078947
v 0.026316 0.000000 -0.052632
v 0.026316 0.000000 -0.026316
v 0.026316 0.000000 0.000000
v 0.026316 0.000000 0.026316
v 0.026316 0.000000 0.052632
v 0.026316 0.000000 0.078947
v 0.026316 0.000000 0.105263
v 0.026316 0.000000 0.131579
v 0.026316 0.026316 0.131579
v 0.026316 0.026316 -0.157895
v 0.026316 0.026316 -0.131579
v 0.026316 0.052632 -0.157895
v 0.026316 0.026316 0.131579
v 0.026316 0.026316 0.157895
v 0.026316 0.052632 0.157895
v 0.026316 0.052632 -0.184211
v 0.026316 0.052632 -0.157895
v 0.026316 0.078947 -0.184211
v 0.026316 0.052632 0.157895
v 0.026316 0.052632 0.184211
v 0.026316 0.078947 0.184211
v 0.026316 0.078947 -0.210526
v 0.026316 0.078947 -0.184211
v 0.026316 0.105263 -0.210526
v 0.026316 0.078947 0.184211
v 0.026316 0.078947 0.210526
v 0.026316 0.105263 0.210526
v 0.026316 0.131579 -0.210526
v 0.026316 0.131579 0.210526
v 0.026316 0.157895 -0.210526
v 0.026316 0.157895 0.210526
v 0.026316 0.184211 -0.210526
v 0.026316 0.184211 0.210526
v 0.026316 0.210526 -0.184211
v 0.026316 0.210526 -0.210526
v 0.026316 0.210526 0.210526
v 0.026316 0.210526 0.184211
v 0.026316 0.236842 -0.184211
v 0.026316 0.210526 -0.184211
v 0.026316 0.210526 0.184211
v 0.026316 0.236842 0.184211
v 0.026316 0.263158 -0.184211
v 0.026316 0.263158 0.184211
v 0.026316 0.289474 -0.184211
v 0.026316 0.289474 0.184211
v 0.026316 0.289474 -0.184211
v 0.026316 0.315789 -0.184211
v 0.026316 0.315789 -0.157895
v 0.026316 0.289474 -0.157895
v 0.000000 0.289474 -0.184211
v 0.000000 0.315789 -0.184211
v 0.026316 0.289474 0.157895
v 0.026316 0.315789 0.157895
v 0.026316 0.315789 0.184211
v 0.026316 0.289474 0.184211
v 0.000000 0.289474 0.184211
v 0.000000 0.315789 0.184211
v 0.026316 0.342105 -0.157895
v 0.026316 0.315789 -0.157895
v 0.026316 0.315789 0.157895
v 0.026316 0.342105 0.157895
v 0.026316 0.368421 -0.131579
v 0.026316 0.368421 -0.157895
v 0.026316 0.368421 0.157895
v 0.026316 0.368421 0.131579
v 0.026316 0.394737 -0.131579
v 0.026316 0.368421 -0.131579
v 0.026316 0.368421 0.131579
v 0.026316 0.394737 0.131579
v 0.026316 0.421053 -0.131579
v 0.026316 0.394737 -0.131579
v 0.026316 0.394737 0.131579
v 0.026316 0.421053 0.131579
v 0.026316 0.447368 -0.131579
v 0.026316 0.447368 0.131579
v 0.026316 0.447368 -0.184211
v 0.026316 0.473684 -0.184211
v 0.026316 0.473684 -0.157895
v 0.026316 0.447368 -0.157895
v 0.026316 0.473684 -0.131579
v 0.026316 0.447368 -0.131579
v 0.000000 0.447368 -0.131579
v 0.026316 0.473684 -0.105263
v 0.026316 0.473684 0.131579
v 0.026316 0.473684 0.105263
v 0.026316 0.473684 0.157895
v 0.000000 0.447368 0.131579
v 0.026316 0.447368 0.131579
v 0.026316 0.447368 0.157895
v 0.026316 0.473684 0.184211
v 0.026316 0.447368 0.184211
v 0.026316 0.473684 -0.105263
v 0.026316 0.500000 -0.105263
v 0.026316 0.500000 -0.078947
v 0.026316 0.473684 -0.078947
v 0.000000 0.473684 -0.105263
v 0.000000 0.500000 -0.105263
v 0.026316 0.473684 0.078947
v 0.026316 0.500000 0.078947
v 0.026316 0.500000 0.105263
v 0.026316 0.473684 0.105263
v 0.000000 0.473684 0.105263
v 0.000000 0.500000 0.105263
v 0.026316 0.526316 -0.078947
v 0.026316 0.526316 0.078947
v 0.000000 0.526316 -0.078947
v 0.000000 0.552632 -0.078947
v 0.026316 0.552632 -0.052632
v 0.026316 0.552632 -0.078947
v 0.026316 0.526316 -0.078947
v 0.000000 0.526316 0.078947
v 0.000000 0.552632 0.078947
v 0.026316 0.552632 0.078947
v 0.026316 0.552632 0.052632
v 0.026316 0.526316 0.078947
v 0.000000 0.552632 -0.052632
v 0.000000 0.552632 -0.026316
v 0.000000 0.578947 -0.026316
v 0.000000 0.578947 -0.052632
v 0.026316 0.578947 -0.052632
v 0.026316 0.552632 -0.052632
v 0.000000 0.552632 0.000000
v 0.000000 0.578947 0.000000
v 0.000000 0.552632 0.026316
v 0.000000 0.578947 0.026316
v 0.000000 0.552632 0.052632
v 0.000000 0.578947 0.052632
v 0.026316 0.552632 0.052632
v 0.026316 0.578947 0.052632
v 0.000000 0.605263 -0.026316
v 0.000000 0.605263 -0.052632
v 0.026316 0.605263 -0.026316
v 0.026316 0.605263 -0.052632
v 0.000000 0.605263 0.000000
v 0.026316 0.605263 0.000000
v 0.000000 0.605263 0.026316
v 0.026316 0.605263 0.026316
v 0.000000 0.605263 0.052632
v 0.026316 0.605263 0.052632
v 0.026316 0.763158 -0.131579
v 0.026316 0.763158 -0.157895
v 0.026316 0.736842 -0.157895
v 0.026316 0.736842 -0.131579
v 0.026316 0.736842 -0.105263
v 0.026316 0.736842 -0.078947
v 0.026316 0.736842 -0.052632
v 0.026316 0.736842 -0.026316
v 0.026316 0.736842 0.000000
v 0.026316 0.736842 0.026316
v 0.026316 0.736842 0.052632
v 0.026316 0.736842 0.078947
v 0.026316 0.736842 0.105263
v 0.026316 0.736842 0.131579
v 0.026316 0.763158 0.157895
v 0.026316 0.763158 0.131579
v 0.026316 0.736842 0.157895
v 0.026316 0.789474 -0.131579
v 0.026316 0.763158 -0.131579
v 0.026316 0.763158 0.131579
v 0.026316 0.789474 0.131579
v 0.026316 0.815789 -0.105263
v 0.026316 0.815789 -0.131579
v 0.026316 0.815789 -0.078947
v 0.026316 0.815789 -0.052632
v 0.026316 0.815789 -0.026316
v 0.026316 0.815789 0.000000
v 0.026316 0.815789 0.026316
v 0.026316 0.815789 0.052632
v 0.026316 0.815789 0.078947
v 0.026316 0.815789 0.105263
v 0.026316 0.815789 0.131579
v 0.052632 0.000000 -0.131579
v 0.052632 0.000000 -0.105263
v 0.052632 0.026316 -0.131579
v 0.052632 0.000000 -0.078947
v 0.052632 0.000000 -0.052632
v 0.052632 0.000000 -0.026316
v 0.052632 0.000000 0.000000
v 0.052632 0.000000 0.026316
v 0.052632 0.000000 0.052632
v 0.052632 0.000000 0.078947
v 0.052632 0.000000 0.105263
v 0.052632 0.000000 0.131579
v 0.052632 0.026316 0.131579
v 0.052632 0.026316 -0.184211
v 0.052632 0.052632 -0.184211
v 0.052632 0.052632 -0.157895
v 0.052632 0.026316 -0.157895
v 0.026316 0.026316 -0.184211
v 0.026316 0.052632 -0.184211
v 0.052632 0.026316 -0.131579
v 0.052632 0.026316 0.131579
v 0.052632 0.026316 0.157895
v 0.052632 0.052632 0.157895
v 0.052632 0.052632 0.184211
v 0.052632 0.026316 0.184211
v 0.026316 0.026316 0.184211
v 0.026316 0.052632 0.184211
v 0.052632 0.078947 -0.184211
v 0.052632 0.052632 -0.184211
v 0.052632 0.052632 0.184211
v 0.052632 0.078947 0.184211
v 0.052632 0.078947 -0.210526
v 0.052632 0.078947 -0.184211
v 0.052632 0.105263 -0.210526
v 0.052632 0.078947 0.184211
v 0.052632 0.078947 0.210526
v 0.052632 0.105263 0.210526
v 0.052632 0.131579 -0.210526
v 0.052632 0.131579 0.210526
v 0.052632 0.157895 -0.210526
v 0.052632 0.157895 0.210526
v 0.052632 0.184211 -0.210526
v 0.052632 0.184211 0.210526
v 0.052632 0.210526 -0.184211
v 0.052632 0.210526 -0.210526
v 0.052632 0.210526 0.210526
v 0.052632 0.210526 0.184211
v 0.052632 0.236842 -0.184211
v 0.052632 0.210526 -0.184211
v 0.052632 0.210526 0.184211
v 0.052632 0.236842 0.184211
v 0.052632 0.263158 -0.184211
v 0.052632 0.263158 0.184211
v 0.026316 0.289474 -0.157895
v 0.052632 0.289474 -0.157895
v 0.052632 0.289474 -0.184211
v 0.026316 0.289474 0.157895
v 0.052632 0.289474 0.184211
v 0.052632 0.289474 0.157895
v 0.052632 0.315789 -0.157895
v 0.052632 0.289474 -0.157895
v 0.052632 0.289474 0.157895
v 0.052632 0.315789 0.157895
v 0.052632 0.315789 -0.157895
v 0.052632 0.342105 -0.157895
v 0.052632 0.342105 -0.131579
v 0.052632 0.315789 -0.131579
v 0.052632 0.315789 0.131579
v 0.052632 0.342105 0.131579
v 0.052632 0.342105 0.157895
v 0.052632 0.315789 0.157895
v 0.052632 0.368421 -0.157895
v 0.052632 0.368421 -0.131579
v 0.052632 0.368421 0.131579
v 0.052632 0.368421 0.157895
v 0.052632 0.368421 -0.131579
v 0.052632 0.394737 -0.131579
v 0.052632 0.394737 -0.105263
v 0.052632 0.368421 -0.105263
v 0.052632 0.368421 0.105263
v 0.052632 0.394737 0.105263
v 0.052632 0.394737 0.131579
v 0.052632 0.368421 0.131579
v 0.052632 0.421053 -0.131579
v 0.052632 0.394737 -0.131579
v 0.052632 0.394737 0.131579
v 0.052632 0.421053 0.131579
v 0.052632 0.447368 -0.131579
v 0.052632 0.447368 0.131579
v 0.052632 0.473684 -0.131579
v 0.052632 0.473684 -0.157895
v 0.052632 0.447368 -0.157895
v 0.052632 0.447368 -0.131579
v 0.052632 0.473684 -0.105263
v 0.026316 0.473684 -0.078947
v 0.052632 0.473684 -0.078947
v 0.026316 0.473684 0.078947
v 0.052632 0.473684 0.105263
v 0.052632 0.473684 0.078947
v 0.052632 0.473684 0.131579
v 0.052632 0.473684 0.157895
v 0.052632 0.447368 0.131579
v 0.052632 0.447368 0.157895
v 0.052632 0.500000 -0.078947
v 0.052632 0.473684 -0.078947
v 0.052632 0.473684 0.078947
v 0.052632 0.500000 0.078947
v 0.052632 0.500000 -0.105263
v 0.052632 0.526316 -0.105263
v 0.052632 0.526316 -0.078947
v 0.026316 0.526316 -0.105263
v 0.052632 0.526316 0.078947
v 0.052632 0.526316 0.105263
v 0.052632 0.500000 0.105263
v 0.026316 0.526316 0.105263
v 0.052632 0.552632 -0.052632
v 0.052632 0.552632 -0.078947
v 0.052632 0.526316 -0.078947
v 0.052632 0.552632 0.078947
v 0.052632 0.552632 0.052632
v 0.052632 0.526316 0.078947
v 0.052632 0.578947 -0.052632
v 0.052632 0.552632 -0.052632
v 0.052632 0.552632 0.052632
v 0.052632 0.578947 0.052632
v 0.052632 0.605263 -0.052632
v 0.052632 0.605263 0.052632
v 0.026316 0.631579 -0.026316
v 0.026316 0.631579 -0.052632
v 0.052632 0.631579 -0.026316
v 0.052632 0.631579 -0.052632
v 0.026316 0.631579 0.000000
v 0.052632 0.631579 0.000000
v 0.026316 0.631579 0.026316
v 0.052632 0.631579 0.026316
v 0.026316 0.631579 0.052632
v 0.052632 0.631579 0.052632
v 0.052632 0.763158 -0.131579
v 0.052632 0.763158 -0.157895
v 0.052632 0.736842 -0.157895
v 0.052632 0.736842 -0.131579
v 0.052632 0.736842 -0.105263
v 0.052632 0.736842 -0.078947
v 0.052632 0.736842 -0.052632
v 0.052632 0.736842 -0.026316
v 0.052632 0.736842 0.000000
v 0.052632 0.736842 0.026316
v 0.052632 0.736842 0.052632
v 0.052632 0.736842 0.078947
v 0.052632 0.736842 0.105263
v 0.052632 0.736842 0.131579
v 0.052632 0.763158 0.157895
v 0.052632 0.763158 0.131579
v 0.052632 0.736842 0.157895
v 0.052632 0.763158 -0.131579
v 0.052632 0.789474 -0.131579
v 0.052632 0.789474 -0.105263
v 0.052632 0.763158 -0.105263
v 0.052632 0.763158 0.105263
v 0.052632 0.789474 0.105263
v 0.052632 0.789474 0.131579
v 0.052632 0.763158 0.131579
v 0.052632 0.815789 -0.131579
v 0.052632 0.815789 -0.105263
v 0.052632 0.815789 -0.078947
v 0.052632 0.815789 -0.052632
v 0.052632 0.815789 -0.026316
v 0.052632 0.815789 0.000000
v 0.052632 0.815789 0.026316
v 0.052632 0.815789 0.052632
v 0.052632 0.815789 0.078947
v 0.052632 0.815789 0.105263
v 0.052632 0.815789 0.131579
v 0.052632 0.868421 -0.026316
v 0.052632 0.894737 -0.026316
v 0.052632 0.894737 0.000000
v 0.052632 0.868421 0.000000
v 0.026316 0.868421 -0.026316
v 0.026316 0.868421 0.000000
v 0.026316 0.894737 0.000000
v 0.026316 0.894737 -0.026316
v 0.052632 0.894737 0.026316
v 0.052632 0.868421 0.026316
v 0.026316 0.868421 0.026316
v 0.026316 0.894737 0.026316
v 0.078947 0.000000 -0.131579
v 0.078947 0.026316 -0.131579
v 0.078947 0.026316 -0.105263
v 0.078947 0.000000 -0.105263
v 0.078947 0.000000 -0.078947
v 0.078947 0.000000 -0.052632
v 0.078947 0.000000 -0.026316
v 0.078947 0.000000 0.000000
v 0.078947 0.000000 0.026316
v 0.078947 0.000000 0.052632
v 0.078947 0.000000 0.078947
v 0.078947 0.000000 0.105263
v 0.078947 0.026316 0.105263
v 0.078947 0.026316 0.131579
v 0.078947 0.000000 0.131579
v 0.078947 0.026316 -0.157895
v 0.078947 0.026316 -0.131579
v 0.078947 0.052632 -0.157895
v 0.078947 0.026316 0.131579
v 0.078947 0.026316 0.157895
v 0.078947 0.052632 0.157895
v 0.078947 0.052632 -0.184211
v 0.078947 0.052632 -0.157895
v 0.052632 0.052632 -0.157895
v 0.078947 0.078947 -0.184211
v 0.052632 0.052632 0.157895
v 0.078947 0.052632 0.157895
v 0.078947 0.052632 0.184211
v 0.078947 0.078947 0.184211
v 0.078947 0.078947 -0.210526
v 0.078947 0.078947 -0.184211
v 0.078947 0.105263 -0.210526
v 0.078947 0.078947 0.184211
v 0.078947 0.078947 0.210526
v 0.078947 0.105263 0.210526
v 0.078947 0.131579 -0.210526
v 0.078947 0.131579 0.210526
v 0.078947 0.157895 -0.210526
v 0.078947 0.157895 0.210526
v 0.078947 0.184211 -0.210526
v 0.078947 0.184211 0.210526
v 0.078947 0.210526 -0.184211
v 0.078947 0.210526 -0.210526
v 0.078947 0.210526 0.210526
v 0.078947 0.210526 0.184211
v 0.078947 0.236842 -0.184211
v 0.078947 0.210526 -0.184211
v 0.078947 0.210526 0.184211
v 0.078947 0.236842 0.184211
v 0.078947 0.263158 -0.184211
v 0.078947 0.263158 0.184211
v 0.078947 0.289474 -0.157895
v 0.078947 0.289474 -0.184211
v 0.078947 0.289474 0.184211
v 0.078947 0.289474 0.157895
v 0.052632 0.315789 -0.131579
v 0.078947 0.315789 -0.131579
v 0.078947 0.315789 -0.157895
v 0.078947 0.289474 -0.157895
v 0.052632 0.315789 0.131579
v 0.078947 0.315789 0.157895
v 0.078947 0.315789 0.131579
v 0.078947 0.289474 0.157895
v 0.078947 0.342105 -0.131579
v 0.078947 0.315789 -0.131579
v 0.078947 0.315789 0.131579
v 0.078947 0.342105 0.131579
v 0.052632 0.368421 -0.105263
v 0.078947 0.368421 -0.105263
v 0.078947 0.368421 -0.131579
v 0.052632 0.368421 0.105263
v 0.078947 0.368421 0.131579
v 0.078947 0.368421 0.105263
v 0.078947 0.394737 -0.105263
v 0.078947 0.368421 -0.105263
v 0.078947 0.368421 0.105263
v 0.078947 0.394737 0.105263
v 0.078947 0.394737 -0.131579
v 0.078947 0.421053 -0.131579
v 0.078947 0.421053 -0.105263
v 0.078947 0.394737 -0.105263
v 0.052632 0.394737 -0.105263
v 0.078947 0.394737 0.105263
v 0.078947 0.421053 0.105263
v 0.078947 0.421053 0.131579
v 0.078947 0.394737 0.131579
v 0.052632 0.394737 0.105263
v 0.078947 0.447368 -0.131579
v 0.078947 0.447368 -0.105263
v 0.078947 0.447368 0.105263
v 0.078947 0.447368 0.131579
v 0.078947 0.447368 -0.157895
v 0.078947 0.473684 -0.157895
v 0.078947 0.473684 -0.131579
v 0.078947 0.447368 -0.131579
v 0.078947 0.473684 -0.105263
v 0.078947 0.473684 -0.078947
v 0.078947 0.473684 0.105263
v 0.078947 0.473684 0.078947
v 0.078947 0.473684 0.131579
v 0.078947 0.447368 0.131579
v 0.078947 0.473684 0.157895
v 0.078947 0.447368 0.157895
v 0.078947 0.473684 -0.078947
v 0.078947 0.500000 -0.078947
v 0.078947 0.500000 -0.052632
v 0.078947 0.473684 -0.052632
v 0.078947 0.473684 0.052632
v 0.078947 0.500000 0.052632
v 0.078947 0.500000 0.078947
v 0.078947 0.473684 0.078947
v 0.078947 0.526316 -0.078947
v 0.078947 0.526316 0.078947
v 0.078947 0.552632 -0.078947
v 0.078947 0.526316 -0.078947
v 0.078947 0.526316 0.078947
v 0.078947 0.552632 0.078947
v 0.078947 0.552632 -0.078947
v 0.078947 0.578947 -0.078947
v 0.078947 0.578947 -0.052632
v 0.078947 0.552632 -0.052632
v 0.052632 0.552632 -0.078947
v 0.052632 0.578947 -0.078947
v 0.078947 0.552632 0.052632
v 0.078947 0.578947 0.052632
v 0.078947 0.578947 0.078947
v 0.078947 0.552632 0.078947
v 0.052632 0.552632 0.078947
v 0.052632 0.578947 0.078947
v 0.078947 0.605263 -0.078947
v 0.078947 0.605263 -0.052632
v 0.052632 0.605263 -0.078947
v 0.078947 0.605263 0.052632
v 0.078947 0.605263 0.078947
v 0.052632 0.605263 0.078947
v 0.078947 0.631579 -0.026316
v 0.078947 0.631579 -0.052632
v 0.078947 0.631579 0.052632
v 0.078947 0.631579 0.026316
v 0.052632 0.631579 -0.026316
v 0.052632 0.631579 0.000000
v 0.052632 0.657895 0.000000
v 0.052632 0.657895 -0.026316
v 0.078947 0.657895 -0.026316
v 0.078947 0.631579 -0.026316
v 0.052632 0.631579 0.026316
v 0.052632 0.657895 0.026316
v 0.078947 0.631579 0.026316
v 0.078947 0.657895 0.026316
v 0.052632 0.684211 0.000000
v 0.052632 0.684211 -0.026316
v 0.078947 0.684211 0.000000
v 0.078947 0.684211 -0.026316
v 0.052632 0.684211 0.026316
v 0.078947 0.684211 0.026316
v 0.078947 0.763158 -0.131579
v 0.078947 0.763158 -0.157895
v 0.078947 0.736842 -0.157895
v 0.078947 0.736842 -0.131579
v 0.052632 0.763158 -0.105263
v 0.078947 0.763158 -0.105263
v 0.078947 0.736842 -0.105263
v 0.078947 0.736842 -0.078947
v 0.078947 0.736842 -0.052632
v 0.078947 0.736842 -0.026316
v 0.078947 0.736842 0.000000
v 0.078947 0.736842 0.026316
v 0.078947 0.736842 0.052632
v 0.078947 0.736842 0.078947
v 0.078947 0.736842 0.105263
v 0.052632 0.763158 0.105263
v 0.078947 0.763158 0.131579
v 0.078947 0.763158 0.105263
v 0.078947 0.736842 0.131579
v 0.078947 0.763158 0.157895
v 0.078947 0.736842 0.157895
v 0.078947 0.789474 -0.105263
v 0.078947 0.763158 -0.105263
v 0.078947 0.763158 0.105263
v 0.078947 0.789474 0.105263
v 0.078947 0.815789 -0.078947
v 0.078947 0.815789 -0.105263
v 0.078947 0.815789 -0.052632
v 0.078947 0.815789 -0.026316
v 0.078947 0.815789 0.000000
v 0.078947 0.815789 0.026316
v 0.078947 0.815789 0.052632
v 0.078947 0.815789 0.078947
v 0.078947 0.815789 0.105263
v 0.105263 0.000000 -0.105263
v 0.105263 0.000000 -0.078947
v 0.105263 0.026316 -0.105263
v 0.105263 0.000000 -0.052632
v 0.105263 0.000000 -0.026316
v 0.105263 0.000000 0.000000
v 0.105263 0.000000 0.026316
v 0.105263 0.000000 0.052632
v 0.105263 0.000000 0.078947
v 0.105263 0.000000 0.105263
v 0.105263 0.026316 0.105263
v 0.105263 0.026316 -0.157895
v 0.105263 0.026316 -0.131579
v 0.105263 0.052632 -0.157895
v 0.105263 0.026316 -0.105263
v 0.078947 0.026316 -0.105263
v 0.078947 0.026316 0.105263
v 0.105263 0.026316 0.105263
v 0.105263 0.026316 0.131579
v 0.105263 0.026316 0.157895
v 0.105263 0.052632 0.157895
v 0.105263 0.052632 -0.184211
v 0.105263 0.078947 -0.184211
v 0.105263 0.078947 -0.157895
v 0.105263 0.052632 -0.157895
v 0.105263 0.052632 0.157895
v 0.105263 0.078947 0.157895
v 0.105263 0.078947 0.184211
v 0.105263 0.052632 0.184211
v 0.105263 0.078947 -0.210526
v 0.105263 0.105263 -0.210526
v 0.105263 0.105263 -0.184211
v 0.105263 0.078947 -0.184211
v 0.105263 0.078947 0.184211
v 0.105263 0.105263 0.184211
v 0.105263 0.105263 0.210526
v 0.105263 0.078947 0.210526
v 0.105263 0.131579 -0.210526
v 0.105263 0.131579 -0.184211
v 0.105263 0.131579 0.184211
v 0.105263 0.131579 0.210526
v 0.105263 0.157895 -0.210526
v 0.105263 0.157895 -0.184211
v 0.105263 0.157895 0.184211
v 0.105263 0.157895 0.210526
v 0.105263 0.184211 -0.210526
v 0.105263 0.184211 -0.184211
v 0.105263 0.184211 0.184211
v 0.105263 0.184211 0.210526
v 0.105263 0.210526 -0.210526
v 0.105263 0.210526 -0.184211
v 0.105263 0.210526 0.184211
v 0.105263 0.210526 0.210526
v 0.105263 0.210526 -0.184211
v 0.105263 0.236842 -0.184211
v 0.105263 0.236842 -0.157895
v 0.105263 0.210526 -0.157895
v 0.105263 0.210526 0.157895
v 0.105263 0.236842 0.157895
v 0.105263 0.236842 0.184211
v 0.105263 0.210526 0.184211
v 0.105263 0.263158 -0.184211
v 0.105263 0.263158 -0.157895
v 0.105263 0.263158 0.157895
v 0.105263 0.263158 0.184211
v 0.105263 0.289474 -0.184211
v 0.105263 0.289474 -0.157895
v 0.105263 0.289474 0.157895
v 0.105263 0.289474 0.184211
v 0.105263 0.289474 -0.157895
v 0.105263 0.315789 -0.157895
v 0.105263 0.315789 -0.131579
v 0.105263 0.289474 -0.131579
v 0.105263 0.289474 0.131579
v 0.105263 0.315789 0.131579
v 0.105263 0.315789 0.157895
v 0.105263 0.289474 0.157895
v 0.105263 0.315789 -0.131579
v 0.105263 0.342105 -0.131579
v 0.105263 0.342105 -0.105263
v 0.105263 0.315789 -0.105263
v 0.105263 0.315789 0.105263
v 0.105263 0.342105 0.105263
v 0.105263 0.342105 0.131579
v 0.105263 0.315789 0.131579
v 0.105263 0.368421 -0.131579
v 0.105263 0.368421 -0.105263
v 0.105263 0.368421 0.105263
v 0.105263 0.368421 0.131579
v 0.105263 0.368421 -0.105263
v 0.105263 0.394737 -0.105263
v 0.105263 0.394737 -0.078947
v 0.105263 0.368421 -0.078947
v 0.105263 0.394737 -0.052632
v 0.105263 0.368421 -0.052632
v 0.105263 0.368421 0.052632
v 0.105263 0.394737 0.052632
v 0.105263 0.394737 0.078947
v 0.105263 0.368421 0.078947
v 0.105263 0.394737 0.105263
v 0.105263 0.368421 0.105263
v 0.105263 0.394737 -0.105263
v 0.105263 0.421053 -0.105263
v 0.105263 0.421053 -0.078947
v 0.105263 0.394737 -0.078947
v 0.105263 0.421053 -0.052632
v 0.105263 0.394737 -0.052632
v 0.105263 0.394737 0.052632
v 0.105263 0.421053 0.052632
v 0.105263 0.421053 0.078947
v 0.105263 0.394737 0.078947
v 0.105263 0.421053 0.105263
v 0.105263 0.394737 0.105263
v 0.105263 0.447368 -0.105263
v 0.105263 0.447368 -0.078947
v 0.105263 0.447368 -0.052632
v 0.105263 0.447368 0.052632
v 0.105263 0.447368 0.078947
v 0.105263 0.447368 0.105263
v 0.105263 0.447368 -0.131579
v 0.105263 0.473684 -0.131579
v 0.105263 0.473684 -0.105263
v 0.105263 0.447368 -0.105263
v 0.078947 0.447368 -0.105263
v 0.105263 0.473684 -0.078947
v 0.078947 0.473684 -0.052632
v 0.105263 0.473684 -0.052632
v 0.078947 0.473684 0.052632
v 0.105263 0.473684 0.078947
v 0.105263 0.473684 0.052632
v 0.105263 0.473684 0.105263
v 0.105263 0.447368 0.105263
v 0.105263 0.473684 0.131579
v 0.105263 0.447368 0.131579
v 0.078947 0.447368 0.105263
v 0.105263 0.473684 -0.052632
v 0.105263 0.500000 -0.052632
v 0.105263 0.500000 -0.026316
v 0.105263 0.473684 -0.026316
v 0.105263 0.500000 0.000000
v 0.105263 0.473684 0.000000
v 0.105263 0.500000 0.026316
v 0.105263 0.473684 0.026316
v 0.105263 0.500000 0.052632
v 0.105263 0.473684 0.052632
v 0.105263 0.500000 -0.078947
v 0.105263 0.526316 -0.078947
v 0.105263 0.526316 -0.052632
v 0.105263 0.526316 0.052632
v 0.105263 0.526316 0.078947
v 0.105263 0.500000 0.078947
v 0.105263 0.526316 -0.078947
v 0.105263 0.552632 -0.078947
v 0.105263 0.552632 -0.052632
v 0.105263 0.526316 -0.052632
v 0.078947 0.552632 -0.052632
v 0.105263 0.526316 0.052632
v 0.105263 0.552632 0.052632
v 0.105263 0.552632 0.078947
v 0.105263 0.526316 0.078947
v 0.078947 0.552632 0.052632
v 0.105263 0.578947 -0.052632
v 0.105263 0.552632 -0.052632
v 0.105263 0.552632 0.052632
v 0.105263 0.578947 0.052632
v 0.105263 0.605263 -0.052632
v 0.105263 0.605263 0.052632
v 0.105263 0.605263 -0.078947
v 0.105263 0.631579 -0.078947
v 0.105263 0.631579 -0.052632
v 0.078947 0.631579 -0.078947
v 0.105263 0.631579 0.052632
v 0.105263 0.631579 0.078947
v 0.105263 0.605263 0.078947
v 0.078947 0.631579 0.078947
v 0.078947 0.631579 -0.052632
v 0.078947 0.657895 -0.052632
v 0.105263 0.657895 -0.052632
v 0.105263 0.631579 -0.052632
v 0.078947 0.631579 0.052632
v 0.078947 0.657895 0.052632
v 0.105263 0.631579 0.052632
v 0.105263 0.657895 0.052632
v 0.078947 0.684211 -0.052632
v 0.105263 0.684211 -0.026316
v 0.105263 0.684211 -0.052632
v 0.078947 0.684211 0.052632
v 0.105263 0.684211 0.052632
v 0.105263 0.684211 0.026316
v 0.078947 0.684211 -0.026316
v 0.078947 0.684211 0.000000
v 0.078947 0.710526 0.000000
v 0.078947 0.710526 -0.026316
v 0.105263 0.710526 -0.026316
v 0.105263 0.684211 -0.026316
v 0.078947 0.684211 0.026316
v 0.078947 0.710526 0.026316
v 0.105263 0.684211 0.026316
v 0.105263 0.710526 0.026316
v 0.078947 0.736842 0.000000
v 0.078947 0.736842 -0.026316
v 0.105263 0.736842 -0.026316
v 0.078947 0.736842 0.026316
v 0.105263 0.736842 0.026316
v 0.105263 0.763158 -0.131579
v 0.105263 0.763158 -0.157895
v 0.105263 0.736842 -0.157895
v 0.105263 0.736842 -0.131579
v 0.105263 0.763158 -0.105263
v 0.105263 0.736842 -0.105263
v 0.105263 0.736842 -0.078947
v 0.105263 0.736842 -0.052632
v 0.105263 0.736842 -0.026316
v 0.105263 0.736842 0.026316
v 0.105263 0.736842 0.052632
v 0.105263 0.736842 0.078947
v 0.105263 0.736842 0.105263
v 0.105263 0.763158 0.131579
v 0.105263 0.763158 0.105263
v 0.105263 0.736842 0.131579
v 0.105263 0.763158 0.157895
v 0.105263 0.736842 0.157895
v 0.105263 0.763158 -0.105263
v 0.105263 0.789474 -0.105263
v 0.105263 0.789474 -0.078947
v 0.105263 0.763158 -0.078947
v 0.105263 0.789474 -0.052632
v 0.105263 0.763158 -0.052632
v 0.105263 0.763158 0.052632
v 0.105263 0.789474 0.052632
v 0.105263 0.789474 0.078947
v 0.105263 0.763158 0.078947
v 0.105263 0.789474 0.105263
v 0.105263 0.763158 0.105263
v 0.105263 0.815789 -0.105263
v 0.105263 0.815789 -0.078947
v 0.105263 0.815789 -0.052632
v 0.105263 0.815789 -0.026316
v 0.105263 0.815789 0.052632
v 0.105263 0.815789 0.026316
v 0.105263 0.815789 0.078947
v 0.105263 0.815789 0.105263
v 0.105263 0.815789 -0.026316
v 0.105263 0.842105 -0.026316
v 0.105263 0.842105 0.000000
v 0.105263 0.815789 0.000000
v 0.078947 0.815789 -0.026316
v 0.078947 0.815789 0.000000
v 0.078947 0.842105 0.000000
v 0.078947 0.842105 -0.026316
v 0.105263 0.842105 0.026316
v 0.105263 0.815789 0.026316
v 0.078947 0.815789 0.026316
v 0.078947 0.842105 0.026316
v 0.131579 0.000000 -0.105263
v 0.131579 0.026316 -0.105263
v 0.131579 0.026316 -0.078947
v 0.131579 0.000000 -0.078947
v 0.131579 0.026316 -0.052632
v 0.131579 0.000000 -0.052632
v 0.131579 0.000000 -0.026316
v 0.131579 0.000000 0.000000
v 0.131579 0.000000 0.026316
v 0.131579 0.000000 0.052632
v 0.131579 0.026316 0.052632
v 0.131579 0.026316 0.078947
v 0.131579 0.000000 0.078947
v 0.131579 0.026316 0.105263
v 0.131579 0.000000 0.105263
v 0.131579 0.026316 -0.157895
v 0.131579 0.052632 -0.157895
v 0.131579 0.052632 -0.131579
v 0.131579 0.026316 -0.131579
v 0.131579 0.026316 -0.105263
v 0.131579 0.026316 0.105263
v 0.131579 0.026316 0.131579
v 0.131579 0.052632 0.131579
v 0.131579 0.052632 0.157895
v 0.131579 0.026316 0.157895
v 0.131579 0.052632 -0.157895
v 0.131579 0.078947 -0.157895
v 0.131579 0.078947 -0.131579
v 0.131579 0.052632 -0.131579
v 0.131579 0.052632 0.131579
v 0.131579 0.078947 0.131579
v 0.131579 0.078947 0.157895
v 0.131579 0.052632 0.157895
v 0.131579 0.078947 -0.184211
v 0.131579 0.078947 -0.157895
v 0.105263 0.078947 -0.157895
v 0.131579 0.105263 -0.184211
v 0.105263 0.078947 0.157895
v 0.131579 0.078947 0.157895
v 0.131579 0.078947 0.184211
v 0.131579 0.105263 0.184211
v 0.131579 0.131579 -0.184211
v 0.131579 0.131579 0.184211
v 0.131579 0.157895 -0.184211
v 0.131579 0.157895 0.184211
v 0.131579 0.184211 -0.184211
v 0.131579 0.184211 0.184211
v 0.105263 0.210526 -0.157895
v 0.131579 0.210526 -0.157895
v 0.131579 0.210526 -0.184211
v 0.105263 0.210526 0.157895
v 0.131579 0.210526 0.184211
v 0.131579 0.210526 0.157895
v 0.131579 0.210526 -0.157895
v 0.131579 0.236842 -0.157895
v 0.131579 0.236842 -0.131579
v 0.131579 0.210526 -0.131579
v 0.131579 0.210526 0.131579
v 0.131579 0.236842 0.131579
v 0.131579 0.236842 0.157895
v 0.131579 0.210526 0.157895
v 0.131579 0.263158 -0.157895
v 0.131579 0.263158 -0.131579
v 0.131579 0.263158 0.131579
v 0.131579 0.263158 0.157895
v 0.131579 0.289474 -0.157895
v 0.131579 0.289474 -0.131579
v 0.105263 0.289474 -0.131579
v 0.131579 0.289474 0.131579
v 0.131579 0.289474 0.157895
v 0.105263 0.289474 0.131579
v 0.131579 0.289474 -0.131579
v 0.131579 0.315789 -0.131579
v 0.131579 0.315789 -0.105263
v 0.131579 0.289474 -0.105263
v 0.105263 0.315789 -0.105263
v 0.131579 0.289474 0.105263
v 0.131579 0.315789 0.105263
v 0.131579 0.315789 0.131579
v 0.131579 0.289474 0.131579
v 0.105263 0.315789 0.105263
v 0.131579 0.315789 -0.105263
v 0.131579 0.342105 -0.105263
v 0.131579 0.342105 -0.078947
v 0.131579 0.315789 -0.078947
v 0.131579 0.342105 -0.052632
v 0.131579 0.315789 -0.052632
v 0.131579 0.315789 0.052632
v 0.131579 0.342105 0.052632
v 0.131579 0.342105 0.078947
v 0.131579 0.315789 0.078947
v 0.131579 0.342105 0.105263
v 0.131579 0.315789 0.105263
v 0.131579 0.368421 -0.105263
v 0.131579 0.368421 -0.078947
v 0.105263 0.368421 -0.078947
v 0.131579 0.368421 -0.052632
v 0.105263 0.368421 -0.052632
v 0.131579 0.368421 0.052632
v 0.131579 0.368421 0.078947
v 0.105263 0.368421 0.052632
v 0.105263 0.368421 0.078947
v 0.131579 0.368421 0.105263
v 0.131579 0.368421 -0.052632
v 0.131579 0.394737 -0.052632
v 0.131579 0.394737 -0.026316
v 0.131579 0.368421 -0.026316
v 0.131579 0.394737 0.000000
v 0.131579 0.368421 0.000000
v 0.131579 0.394737 0.026316
v 0.131579 0.368421 0.026316
v 0.131579 0.394737 0.052632
v 0.131579 0.368421 0.052632
v 0.131579 0.394737 -0.052632
v 0.131579 0.421053 -0.052632
v 0.131579 0.421053 -0.026316
v 0.131579 0.394737 -0.026316
v 0.131579 0.421053 0.000000
v 0.131579 0.394737 0.000000
v 0.131579 0.421053 0.026316
v 0.131579 0.394737 0.026316
v 0.131579 0.421053 0.052632
v 0.131579 0.394737 0.052632
v 0.131579 0.447368 -0.052632
v 0.131579 0.447368 -0.026316
v 0.131579 0.447368 0.000000
v 0.131579 0.447368 0.026316
v 0.131579 0.447368 0.052632
v 0.131579 0.447368 -0.105263
v 0.131579 0.473684 -0.105263
v 0.131579 0.473684 -0.078947
v 0.131579 0.447368 -0.078947
v 0.105263 0.447368 -0.078947
v 0.131579 0.473684 -0.052632
v 0.131579 0.447368 -0.052632
v 0.105263 0.447368 -0.052632
v 0.105263 0.473684 -0.026316
v 0.131579 0.473684 -0.026316
v 0.105263 0.473684 0.000000
v 0.131579 0.473684 0.000000
v 0.105263 0.473684 0.026316
v 0.131579 0.473684 0.026316
v 0.131579 0.473684 0.052632
v 0.131579 0.473684 0.078947
v 0.105263 0.447368 0.052632
v 0.131579 0.447368 0.052632
v 0.131579 0.447368 0.078947
v 0.105263 0.447368 0.078947
v 0.131579 0.473684 0.105263
v 0.131579 0.447368 0.105263
v 0.131579 0.500000 -0.052632
v 0.131579 0.526316 -0.052632
v 0.131579 0.526316 -0.026316
v 0.131579 0.500000 -0.026316
v 0.131579 0.526316 0.000000
v 0.131579 0.500000 0.000000
v 0.131579 0.526316 0.026316
v 0.131579 0.500000 0.026316
v 0.131579 0.526316 0.052632
v 0.131579 0.500000 0.052632
v 0.131579 0.526316 -0.052632
v 0.131579 0.552632 -0.052632
v 0.131579 0.552632 -0.026316
v 0.131579 0.526316 -0.026316
v 0.131579 0.552632 0.000000
v 0.131579 0.526316 0.000000
v 0.131579 0.552632 0.026316
v 0.131579 0.526316 0.026316
v 0.131579 0.552632 0.052632
v 0.131579 0.526316 0.052632
v 0.131579 0.552632 -0.052632
v 0.131579 0.578947 -0.052632
v 0.131579 0.578947 -0.026316
v 0.131579 0.552632 -0.026316
v 0.131579 0.578947 0.000000
v 0.131579 0.552632 0.000000
v 0.131579 0.578947 0.026316
v 0.131579 0.552632 0.026316
v 0.131579 0.578947 0.052632
v 0.131579 0.552632 0.052632
v 0.131579 0.605263 -0.052632
v 0.131579 0.605263 -0.026316
v 0.131579 0.605263 0.000000
v 0.131579 0.605263 0.026316
v 0.131579 0.605263 0.052632
v 0.131579 0.631579 -0.052632
v 0.131579 0.631579 0.052632
v 0.131579 0.631579 -0.052632
v 0.131579 0.657895 -0.052632
v 0.131579 0.657895 -0.026316
v 0.131579 0.631579 -0.026316
v 0.131579 0.631579 0.026316
v 0.131579 0.657895 0.026316
v 0.131579 0.657895 0.052632
v 0.131579 0.631579 0.052632
v 0.131579 0.684211 -0.052632
v 0.131579 0.684211 -0.026316
v 0.131579 0.684211 0.026316
v 0.131579 0.684211 0.052632
v 0.131579 0.684211 -0.052632
v 0.131579 0.710526 -0.052632
v 0.131579 0.710526 -0.026316
v 0.131579 0.684211 -0.026316
v 0.105263 0.684211 -0.052632
v 0.105263 0.710526 -0.052632
v 0.131579 0.684211 0.026316
v 0.131579 0.710526 0.026316
v 0.131579 0.710526 0.052632
v 0.131579 0.684211 0.052632
v 0.105263 0.684211 0.052632
v 0.105263 0.710526 0.052632
v 0.131579 0.736842 -0.052632
v 0.131579 0.736842 -0.026316
v 0.105263 0.736842 -0.052632
v 0.131579 0.736842 0.026316
v 0.131579 0.736842 0.052632
v 0.105263 0.736842 0.052632
v 0.131579 0.736842 -0.157895
v 0.131579 0.763158 -0.157895
v 0.131579 0.763158 -0.131579
v 0.131579 0.736842 -0.131579
v 0.131579 0.763158 -0.105263
v 0.131579 0.736842 -0.105263
v 0.105263 0.763158 -0.078947
v 0.131579 0.763158 -0.078947
v 0.131579 0.736842 -0.078947
v 0.105263 0.763158 -0.052632
v 0.131579 0.763158 -0.052632
v 0.131579 0.736842 -0.052632
v 0.105263 0.763158 0.052632
v 0.105263 0.763158 0.078947
v 0.131579 0.763158 0.078947
v 0.131579 0.763158 0.052632
v 0.131579 0.736842 0.052632
v 0.131579 0.736842 0.078947
v 0.131579 0.763158 0.105263
v 0.131579 0.736842 0.105263
v 0.131579 0.763158 0.131579
v 0.131579 0.736842 0.131579
v 0.131579 0.763158 0.157895
v 0.131579 0.736842 0.157895
v 0.131579 0.763158 -0.052632
v 0.131579 0.789474 -0.052632
v 0.131579 0.789474 -0.026316
v 0.131579 0.763158 -0.026316
v 0.131579 0.789474 0.000000
v 0.131579 0.763158 0.000000
v 0.131579 0.789474 0.026316
v 0.131579 0.763158 0.026316
v 0.131579 0.789474 0.052632
v 0.131579 0.763158 0.052632
v 0.131579 0.815789 -0.052632
v 0.131579 0.815789 -0.026316
v 0.131579 0.815789 0.000000
v 0.105263 0.815789 0.000000
v 0.131579 0.815789 0.026316
v 0.131579 0.815789 0.052632
v 0.157895 0.000000 -0.052632
v 0.157895 0.026316 -0.052632
v 0.157895 0.026316 -0.026316
v 0.157895 0.000000 -0.026316
v 0.157895 0.026316 0.000000
v 0.157895 0.000000 0.000000
v 0.157895 0.026316 0.026316
v 0.157895 0.000000 0.026316
v 0.157895 0.026316 0.052632
v 0.157895 0.000000 0.052632
v 0.157895 0.026316 -0.131579
v 0.157895 0.052632 -0.131579
v 0.157895 0.052632 -0.105263
v 0.157895 0.026316 -0.105263
v 0.157895 0.026316 -0.078947
v 0.131579 0.026316 -0.078947
v 0.157895 0.026316 -0.052632
v 0.131579 0.026316 -0.052632
v 0.131579 0.026316 0.052632
v 0.157895 0.026316 0.052632
v 0.157895 0.026316 0.078947
v 0.131579 0.026316 0.078947
v 0.157895 0.026316 0.105263
v 0.157895 0.052632 0.105263
v 0.157895 0.052632 0.131579
v 0.157895 0.026316 0.131579
v 0.157895 0.052632 -0.131579
v 0.157895 0.078947 -0.131579
v 0.157895 0.078947 -0.105263
v 0.157895 0.052632 -0.105263
v 0.157895 0.052632 0.105263
v 0.157895 0.078947 0.105263
v 0.157895 0.078947 0.131579
v 0.157895 0.052632 0.131579
v 0.157895 0.078947 -0.184211
v 0.157895 0.105263 -0.184211
v 0.157895 0.105263 -0.157895
v 0.157895 0.078947 -0.157895
v 0.157895 0.078947 -0.131579
v 0.131579 0.078947 -0.131579
v 0.131579 0.078947 0.131579
v 0.157895 0.078947 0.131579
v 0.157895 0.078947 0.157895
v 0.157895 0.105263 0.157895
v 0.157895 0.105263 0.184211
v 0.157895 0.078947 0.184211
v 0.157895 0.131579 -0.184211
v 0.157895 0.131579 -0.157895
v 0.157895 0.131579 0.157895
v 0.157895 0.131579 0.184211
v 0.157895 0.157895 -0.184211
v 0.157895 0.157895 -0.157895
v 0.157895 0.157895 0.157895
v 0.157895 0.157895 0.184211
v 0.157895 0.184211 -0.184211
v 0.157895 0.184211 -0.157895
v 0.157895 0.184211 0.157895
v 0.157895 0.184211 0.184211
v 0.157895 0.210526 -0.184211
v 0.157895 0.210526 -0.157895
v 0.131579 0.210526 -0.131579
v 0.157895 0.210526 -0.131579
v 0.131579 0.210526 0.131579
v 0.157895 0.210526 0.157895
v 0.157895 0.210526 0.131579
v 0.157895 0.210526 0.184211
v 0.157895 0.210526 -0.131579
v 0.157895 0.236842 -0.131579
v 0.157895 0.236842 -0.105263
v 0.157895 0.210526 -0.105263
v 0.157895 0.210526 0.105263
v 0.157895 0.236842 0.105263
v 0.157895 0.236842 0.131579
v 0.157895 0.210526 0.131579
v 0.157895 0.263158 -0.131579
v 0.157895 0.263158 -0.105263
v 0.157895 0.263158 0.105263
v 0.157895 0.263158 0.131579
v 0.157895 0.289474 -0.131579
v 0.157895 0.289474 -0.105263
v 0.131579 0.289474 -0.105263
v 0.157895 0.289474 0.105263
v 0.157895 0.289474 0.131579
v 0.131579 0.289474 0.105263
v 0.157895 0.289474 -0.105263
v 0.157895 0.315789 -0.105263
v 0.157895 0.315789 -0.078947
v 0.157895 0.289474 -0.078947
v 0.131579 0.315789 -0.078947
v 0.131579 0.315789 -0.052632
v 0.157895 0.315789 -0.052632
v 0.131579 0.315789 0.052632
v 0.131579 0.315789 0.078947
v 0.157895 0.315789 0.078947
v 0.157895 0.315789 0.052632
v 0.157895 0.289474 0.078947
v 0.157895 0.315789 0.105263
v 0.157895 0.289474 0.105263
v 0.157895 0.315789 -0.052632
v 0.157895 0.342105 -0.052632
v 0.157895 0.342105 -0.026316
v 0.157895 0.315789 -0.026316
v 0.157895 0.342105 0.000000
v 0.157895 0.315789 0.000000
v 0.157895 0.342105 0.026316
v 0.157895 0.315789 0.026316
v 0.157895 0.342105 0.052632
v 0.157895 0.315789 0.052632
v 0.157895 0.368421 -0.052632
v 0.157895 0.368421 -0.026316
v 0.131579 0.368421 -0.026316
v 0.157895 0.368421 0.000000
v 0.131579 0.368421 0.000000
v 0.157895 0.368421 0.026316
v 0.131579 0.368421 0.026316
v 0.157895 0.368421 0.052632
v 0.157895 0.447368 -0.078947
v 0.157895 0.473684 -0.078947
v 0.157895 0.473684 -0.052632
v 0.157895 0.447368 -0.052632
v 0.157895 0.473684 -0.026316
v 0.157895 0.447368 -0.026316
v 0.131579 0.447368 -0.026316
v 0.157895 0.473684 0.000000
v 0.157895 0.447368 0.000000
v 0.131579 0.447368 0.000000
v 0.157895 0.473684 0.026316
v 0.157895 0.447368 0.026316
v 0.131579 0.447368 0.026316
v 0.157895 0.473684 0.052632
v 0.157895 0.447368 0.052632
v 0.157895 0.473684 0.078947
v 0.157895 0.447368 0.078947
v 0.157895 0.605263 -0.052632
v 0.157895 0.631579 -0.052632
v 0.157895 0.631579 -0.026316
v 0.157895 0.605263 -0.026316
v 0.131579 0.631579 -0.026316
v 0.157895 0.631579 0.000000
v 0.157895 0.605263 0.000000
v 0.157895 0.631579 0.026316
v 0.157895 0.605263 0.026316
v 0.157895 0.631579 0.052632
v 0.157895 0.605263 0.052632
v 0.131579 0.631579 0.026316
v 0.157895 0.631579 -0.026316
v 0.157895 0.657895 -0.026316
v 0.157895 0.657895 0.000000
v 0.157895 0.631579 0.000000
v 0.157895 0.657895 0.026316
v 0.157895 0.631579 0.026316
v 0.157895 0.684211 -0.026316
v 0.157895 0.684211 0.000000
v 0.157895 0.684211 0.026316
v 0.157895 0.684211 -0.026316
v 0.157895 0.710526 -0.026316
v 0.157895 0.710526 0.000000
v 0.157895 0.684211 0.000000
v 0.157895 0.710526 0.026316
v 0.157895 0.684211 0.026316
v 0.157895 0.736842 -0.026316
v 0.157895 0.736842 0.000000
v 0.157895 0.736842 0.026316
v 0.157895 0.736842 -0.131579
v 0.157895 0.763158 -0.131579
v 0.157895 0.763158 -0.105263
v 0.157895 0.736842 -0.105263
v 0.157895 0.763158 -0.078947
v 0.157895 0.736842 -0.078947
v 0.157895 0.763158 -0.052632
v 0.157895 0.736842 -0.052632
v 0.131579 0.763158 -0.026316
v 0.157895 0.763158 -0.026316
v 0.157895 0.736842 -0.026316
v 0.131579 0.736842 -0.026316
v 0.131579 0.763158 0.000000
v 0.157895 0.763158 0.000000
v 0.131579 0.763158 0.026316
v 0.157895 0.763158 0.026316
v 0.157895 0.763158 0.052632
v 0.131579 0.736842 0.026316
v 0.157895 0.736842 0.026316
v 0.157895 0.736842 0.052632
v 0.157895 0.763158 0.078947
v 0.157895 0.736842 0.078947
v 0.157895 0.763158 0.105263
v 0.157895 0.736842 0.105263
v 0.157895 0.763158 0.131579
v 0.157895 0.736842 0.131579
v 0.184211 0.026316 -0.105263
v 0.184211 0.052632 -0.105263
v 0.184211 0.052632 -0.078947
v 0.184211 0.026316 -0.078947
v 0.184211 0.026316 -0.052632
v 0.184211 0.026316 -0.026316
v 0.157895 0.026316 -0.026316
v 0.184211 0.026316 0.000000
v 0.157895 0.026316 0.000000
v 0.184211 0.026316 0.026316
v 0.157895 0.026316 0.026316
v 0.184211 0.026316 0.052632
v 0.184211 0.026316 0.078947
v 0.184211 0.052632 0.078947
v 0.184211 0.052632 0.105263
v 0.184211 0.026316 0.105263
v 0.184211 0.052632 -0.105263
v 0.184211 0.078947 -0.105263
v 0.184211 0.078947 -0.078947
v 0.184211 0.052632 -0.078947
v 0.184211 0.052632 0.078947
v 0.184211 0.078947 0.078947
v 0.184211 0.078947 0.105263
v 0.184211 0.052632 0.105263
v 0.184211 0.078947 -0.157895
v 0.184211 0.105263 -0.157895
v 0.184211 0.105263 -0.131579
v 0.184211 0.078947 -0.131579
v 0.184211 0.078947 -0.105263
v 0.157895 0.078947 -0.105263
v 0.157895 0.078947 0.105263
v 0.184211 0.078947 0.105263
v 0.184211 0.078947 0.131579
v 0.184211 0.105263 0.131579
v 0.184211 0.105263 0.157895
v 0.184211 0.078947 0.157895
v 0.184211 0.131579 -0.157895
v 0.184211 0.131579 -0.131579
v 0.184211 0.131579 0.131579
v 0.184211 0.131579 0.157895
v 0.184211 0.157895 -0.157895
v 0.184211 0.157895 -0.131579
v 0.184211 0.157895 0.131579
v 0.184211 0.157895 0.157895
v 0.184211 0.184211 -0.157895
v 0.184211 0.184211 -0.131579
v 0.184211 0.184211 0.131579
v 0.184211 0.184211 0.157895
v 0.184211 0.210526 -0.157895
v 0.184211 0.210526 -0.131579
v 0.157895 0.210526 -0.105263
v 0.184211 0.210526 -0.105263
v 0.157895 0.210526 0.105263
v 0.184211 0.210526 0.131579
v 0.184211 0.210526 0.105263
v 0.184211 0.210526 0.157895
v 0.184211 0.210526 -0.105263
v 0.184211 0.236842 -0.105263
v 0.184211 0.236842 -0.078947
v 0.184211 0.210526 -0.078947
v 0.184211 0.210526 0.078947
v 0.184211 0.236842 0.078947
v 0.184211 0.236842 0.105263
v 0.184211 0.210526 0.105263
v 0.184211 0.263158 -0.105263
v 0.184211 0.263158 -0.078947
v 0.184211 0.263158 0.078947
v 0.184211 0.263158 0.105263
v 0.184211 0.289474 -0.105263
v 0.184211 0.289474 -0.078947
v 0.157895 0.289474 -0.078947
v 0.184211 0.289474 0.078947
v 0.184211 0.289474 0.105263
v 0.157895 0.289474 0.078947
v 0.184211 0.289474 -0.078947
v 0.184211 0.315789 -0.078947
v 0.184211 0.315789 -0.052632
v 0.184211 0.289474 -0.052632
v 0.184211 0.315789 -0.026316
v 0.184211 0.289474 -0.026316
v 0.157895 0.315789 -0.026316
v 0.184211 0.315789 0.000000
v 0.184211 0.289474 0.000000
v 0.157895 0.315789 0.000000
v 0.184211 0.315789 0.026316
v 0.184211 0.289474 0.026316
v 0.157895 0.315789 0.026316
v 0.184211 0.315789 0.052632
v 0.184211 0.289474 0.052632
v 0.184211 0.315789 0.078947
v 0.184211 0.289474 0.078947
v 0.184211 0.736842 -0.105263
v 0.184211 0.763158 -0.105263
v 0.184211 0.763158 -0.078947
v 0.184211 0.736842 -0.078947
v 0.184211 0.763158 -0.052632
v 0.184211 0.736842 -0.052632
v 0.184211 0.763158 -0.026316
v 0.184211 0.736842 -0.026316
v 0.184211 0.763158 0.000000
v 0.184211 0.736842 0.000000
v 0.157895 0.736842 0.000000
v 0.184211 0.763158 0.026316
v 0.184211 0.736842 0.026316
v 0.184211 0.763158 0.052632
v 0.184211 0.736842 0.052632
v 0.184211 0.763158 0.078947
v 0.184211 0.736842 0.078947
v 0.184211 0.763158 0.105263
v 0.184211 0.736842 0.105263
v 0.184211 0.947368 -0.026316
v 0.184211 0.973684 -0.026316
v 0.184211 0.973684 0.000000
v 0.184211 0.947368 0.000000
v 0.157895 0.947368 -0.026316
v 0.157895 0.947368 0.000000
v 0.157895 0.973684 0.000000
v 0.157895 0.973684 -0.026316
v 0.184211 0.973684 0.026316
v 0.184211 0.947368 0.026316
v 0.157895 0.947368 0.026316
v 0.157895 0.973684 0.026316
v 0.210526 0.026316 -0.078947
v 0.210526 0.052632 -0.078947
v 0.210526 0.052632 -0.052632
v 0.210526 0.026316 -0.052632
v 0.210526 0.052632 -0.026316
v 0.210526 0.026316 -0.026316
v 0.210526 0.052632 0.000000
v 0.210526 0.026316 0.000000
v 0.210526 0.052632 0.026316
v 0.210526 0.026316 0.026316
v 0.210526 0.052632 0.052632
v 0.210526 0.026316 0.052632
v 0.210526 0.052632 0.078947
v 0.210526 0.026316 0.078947
v 0.210526 0.052632 -0.078947
v 0.210526 0.078947 -0.078947
v 0.210526 0.078947 -0.052632
v 0.210526 0.052632 -0.052632
v 0.210526 0.078947 -0.026316
v 0.210526 0.052632 -0.026316
v 0.210526 0.078947 0.000000
v 0.210526 0.052632 0.000000
v 0.210526 0.078947 0.026316
v 0.210526 0.052632 0.026316
v 0.210526 0.078947 0.052632
v 0.210526 0.052632 0.052632
v 0.210526 0.078947 0.078947
v 0.210526 0.052632 0.078947
v 0.210526 0.078947 -0.131579
v 0.210526 0.105263 -0.131579
v 0.210526 0.105263 -0.105263
v 0.210526 0.078947 -0.105263
v 0.210526 0.105263 -0.078947
v 0.210526 0.078947 -0.078947
v 0.184211 0.078947 -0.078947
v 0.210526 0.078947 0.078947
v 0.210526 0.105263 0.078947
v 0.210526 0.105263 0.105263
v 0.210526 0.078947 0.105263
v 0.184211 0.078947 0.078947
v 0.210526 0.105263 0.131579
v 0.210526 0.078947 0.131579
v 0.210526 0.131579 -0.131579
v 0.210526 0.131579 -0.105263
v 0.210526 0.131579 -0.078947
v 0.210526 0.131579 0.078947
v 0.210526 0.131579 0.105263
v 0.210526 0.131579 0.131579
v 0.210526 0.157895 -0.131579
v 0.210526 0.157895 -0.105263
v 0.210526 0.157895 -0.078947
v 0.210526 0.157895 0.078947
v 0.210526 0.157895 0.105263
v 0.210526 0.157895 0.131579
v 0.210526 0.184211 -0.131579
v 0.210526 0.184211 -0.105263
v 0.210526 0.184211 -0.078947
v 0.210526 0.184211 0.078947
v 0.210526 0.184211 0.105263
v 0.210526 0.184211 0.131579
v 0.210526 0.210526 -0.131579
v 0.210526 0.210526 -0.105263
v 0.210526 0.210526 -0.078947
v 0.184211 0.210526 -0.078947
v 0.210526 0.210526 0.078947
v 0.210526 0.210526 0.105263
v 0.184211 0.210526 0.078947
v 0.210526 0.210526 0.131579
v 0.210526 0.210526 -0.078947
v 0.210526 0.236842 -0.078947
v 0.210526 0.236842 -0.052632
v 0.210526 0.210526 -0.052632
v 0.210526 0.236842 -0.026316
v 0.210526 0.210526 -0.026316
v 0.210526 0.236842 0.000000
v 0.210526 0.210526 0.000000
v 0.210526 0.236842 0.026316
v 0.210526 0.210526 0.026316
v 0.210526 0.236842 0.052632
v 0.210526 0.210526 0.052632
v 0.210526 0.236842 0.078947
v 0.210526 0.210526 0.078947
v 0.210526 0.263158 -0.078947
v 0.210526 0.263158 -0.052632
v 0.210526 0.263158 -0.026316
v 0.210526 0.263158 0.000000
v 0.210526 0.263158 0.026316
v 0.210526 0.263158 0.052632
v 0.210526 0.263158 0.078947
v 0.210526 0.289474 -0.078947
v 0.210526 0.289474 -0.052632
v 0.184211 0.289474 -0.052632
v 0.210526 0.289474 -0.026316
v 0.184211 0.289474 -0.026316
v 0.210526 0.289474 0.000000
v 0.184211 0.289474 0.000000
v 0.210526 0.289474 0.026316
v 0.184211 0.289474 0.026316
v 0.210526 0.289474 0.052632
v 0.184211 0.289474 0.052632
v 0.210526 0.289474 0.078947
v 0.210526 0.736842 -0.078947
v 0.210526 0.763158 -0.078947
v 0.210526 0.763158 -0.052632
v 0.210526 0.736842 -0.052632
v 0.210526 0.763158 -0.026316
v 0.210526 0.736842 -0.026316
v 0.210526 0.763158 0.000000
v 0.210526 0.736842 0.000000
v 0.210526 0.763158 0.026316
v 0.210526 0.736842 0.026316
v 0.210526 0.763158 0.052632
v 0.210526 0.736842 0.052632
v 0.210526 0.763158 0.078947
v 0.210526 0.736842 0.078947
v 0.236842 0.078947 -0.078947
v 0.236842 0.105263 -0.078947
v 0.236842 0.105263 -0.052632
v 0.236842 0.078947 -0.052632
v 0.210526 0.078947 -0.052632
v 0.236842 0.105263 -0.026316
v 0.236842 0.078947 -0.026316
v 0.210526 0.078947 -0.026316
v 0.236842 0.105263 0.000000
v 0.236842 0.078947 0.000000
v 0.210526 0.078947 0.000000
v 0.236842 0.105263 0.026316
v 0.236842 0.078947 0.026316
v 0.210526 0.078947 0.026316
v 0.236842 0.105263 0.052632
v 0.236842 0.078947 0.052632
v 0.210526 0.078947 0.052632
v 0.236842 0.105263 0.078947
v 0.236842 0.078947 0.078947
v 0.236842 0.131579 -0.078947
v 0.236842 0.131579 -0.052632
v 0.236842 0.131579 -0.026316
v 0.236842 0.131579 0.000000
v 0.236842 0.131579 0.026316
v 0.236842 0.131579 0.052632
v 0.236842 0.131579 0.078947
v 0.236842 0.157895 -0.078947
v 0.236842 0.157895 -0.052632
v 0.236842 0.157895 -0.026316
v 0.236842 0.157895 0.000000
v 0.236842 0.157895 0.026316
v 0.236842 0.157895 0.052632
v 0.236842 0.157895 0.078947
v 0.236842 0.184211 -0.078947
v 0.236842 0.184211 -0.052632
v 0.236842 0.184211 -0.026316
v 0.236842 0.184211 0.000000
v 0.236842 0.184211 0.026316
v 0.236842 0.184211 0.052632
v 0.236842 0.184211 0.078947
v 0.236842 0.210526 -0.078947
v 0.236842 0.210526 -0.052632
v 0.210526 0.210526 -0.052632
v 0.236842 0.210526 -0.026316
v 0.210526 0.210526 -0.026316
v 0.236842 0.210526 0.000000
v 0.210526 0.210526 0.000000
v 0.236842 0.210526 0.026316
v 0.210526 0.210526 0.026316
v 0.236842 0.210526 0.052632
v 0.210526 0.210526 0.052632
v 0.236842 0.210526 0.078947
vt 0.210526 0.078947
vt 0.210526 0.078947
vt 0.210526 0.105263
vt 0.210526 0.105263
vt 0.210526 0.078947
vt 0.210526 0.078947
vt 0.210526 0.105263
vt 0.210526 0.078947
vt 0.210526 0.105263
vt 0.210526 0.078947
vt 0.210526 0.078947
vt 0.210526 0.105263
vt 0.210526 0.078947
vt 0.210526 0.078947
vt 0.210526 0.105263
vt 0.210526 0.078947
vt 0.210526 0.078947
vt 0.210526 0.105263
vt 0.210526 0.078947
vt 0.210526 0.078947
vt 0.210526 0.105263
vt 0.210526 0.078947
vt 0.210526 0.105263
vt 0.210526 0.131579
vt 0.210526 0.131579
vt 0.210526 0.131579
vt 0.210526 0.131579
vt 0.210526 0.131579
vt 0.210526 0.131579
vt 0.210526 0.131579
vt 0.210526 0.131579
vt 0.210526 0.131579
vt 0.210526 0.157895
vt 0.210526 0.157895
vt 0.210526 0.157895
vt 0.210526 0.157895
vt 0.210526 0.157895
vt 0.210526 0.157895
vt 0.210526 0.157895
vt 0.210526 0.157895
vt 0.210526 0.157895
vt 0.210526 0.184211
vt 0.210526 0.184211
vt 0.210526 0.184211
vt 0.210526 0.184211
vt 0.210526 0.184211
vt 0.210526 0.184211
vt 0.210526 0.184211
vt 0.210526 0.184211
vt 0.210526 0.184211
vt 0.210526 0.210526
vt 0.210526 0.210526
vt 0.210526 0.210526
vt 0.210526 0.210526
vt 0.210526 0.210526
vt 0.210526 0.210526
vt 0.210526 0.210526
vt 0.210526 0.210526
vt 0.210526 0.210526
vt 0.210526 0.210526
vt 0.210526 0.210526
vt 0.210526 0.210526
vt 0.210526 0.210526
vt 0.210526 0.210526
vt 0.174342 0.447368
vt 0.174342 0.447368
vt 0.174342 0.473684
vt 0.174342 0.473684
vt 0.174342 0.473684
vt 0.174342 0.473684
vt 0.174342 0.447368
vt 0.174342 0.447368
vt 0.174342 0.447368
vt 0.174342 0.473684
vt 0.174342 0.473684
vt 0.174342 0.447368
vt 0.174342 0.447368
vt 0.174342 0.473684
vt 0.174342 0.473684
vt 0.174342 0.447368
vt 0.174342 0.447368
vt 0.174342 0.473684
vt 0.174342 0.473684
vt 0.174342 0.447368
vt 0.174342 0.447368
vt 0.174342 0.473684
vt 0.174342 0.473684
vt 0.174342 0.447368
vt 0.174342 0.447368
vt 0.174342 0.473684
vt 0.174342 0.473684
vt 0.174342 0.447368
vt 0.184211 0.052632
vt 0.184211 0.052632
vt 0.184211 0.078947
vt 0.184211 0.078947
vt 0.184211 0.052632
vt 0.184211 0.052632
vt 0.184211 0.078947
vt 0.184211 0.052632
vt 0.184211 0.078947
vt 0.184211 0.052632
vt 0.184211 0.052632
vt 0.184211 0.078947
vt 0.184211 0.052632
vt 0.184211 0.052632
vt 0.184211 0.078947
vt 0.184211 0.052632
vt 0.184211 0.052632
vt 0.184211 0.078947
vt 0.184211 0.052632
vt 0.184211 0.052632
vt 0.184211 0.078947
vt 0.184211 0.052632
vt 0.184211 0.078947
vt 0.210526 0.078947
vt 0.210526 0.078947
vt 0.210526 0.105263
vt 0.210526 0.105263
vt 0.210526 0.078947
vt 0.210526 0.078947
vt 0.210526 0.105263
vt 0.210526 0.078947
vt 0.210526 0.078947
vt 0.210526 0.105263
vt 0.210526 0.078947
vt 0.210526 0.078947
vt 0.210526 0.078947
vt 0.210526 0.105263
vt 0.210526 0.078947
vt 0.210526 0.105263
vt 0.210526 0.131579
vt 0.210526 0.131579
vt 0.210526 0.131579
vt 0.210526 0.131579
vt 0.210526 0.131579
vt 0.210526 0.131579
vt 0.210526 0.157895
vt 0.210526 0.157895
vt 0.210526 0.157895
vt 0.210526 0.157895
vt 0.210526 0.157895
vt 0.210526 0.157895
vt 0.210526 0.184211
vt 0.210526 0.184211
vt 0.210526 0.184211
vt 0.210526 0.184211
vt 0.210526 0.184211
vt 0.210526 0.184211
vt 0.210526 0.210526
vt 0.210526 0.210526
vt 0.210526 0.210526
vt 0.210526 0.210526
vt 0.210526 0.210526
vt 0.210526 0.210526
vt 0.210526 0.210526
vt 0.210526 0.210526
vt 0.210526 0.210526
vt 0.210526 0.210526
vt 0.184211 0.210526
vt 0.184211 0.210526
vt 0.184211 0.236842
vt 0.184211 0.236842
vt 0.184211 0.236842
vt 0.184211 0.210526
vt 0.184211 0.210526
vt 0.184211 0.236842
vt 0.184211 0.210526
vt 0.184211 0.236842
vt 0.184211 0.210526
vt 0.184211 0.236842
vt 0.184211 0.210526
vt 0.184211 0.236842
vt 0.184211 0.210526
vt 0.184211 0.236842
vt 0.184211 0.210526
vt 0.184211 0.236842
vt 0.184211 0.263158
vt 0.184211 0.263158
vt 0.184211 0.263158
vt 0.184211 0.263158
vt 0.184211 0.263158
vt 0.184211 0.263158
vt 0.184211 0.263158
vt 0.184211 0.263158
vt 0.184211 0.263158
vt 0.184211 0.289474
vt 0.184211 0.289474
vt 0.184211 0.289474
vt 0.184211 0.289474
vt 0.184211 0.289474
vt 0.184211 0.289474
vt 0.184211 0.289474
vt 0.184211 0.289474
vt 0.184211 0.289474
vt 0.171053 0.289474
vt 0.171053 0.289474
vt 0.171053 0.315789
vt 0.171053 0.315789
vt 0.171053 0.315789
vt 0.171053 0.315789
vt 0.171053 0.289474
vt 0.171053 0.289474
vt 0.171053 0.315789
vt 0.171053 0.289474
vt 0.171053 0.315789
vt 0.171053 0.289474
vt 0.171053 0.315789
vt 0.171053 0.289474
vt 0.171053 0.315789
vt 0.171053 0.289474
vt 0.171053 0.315789
vt 0.171053 0.315789
vt 0.171053 0.315789
vt 0.171053 0.289474
vt 0.157895 0.315789
vt 0.157895 0.315789
vt 0.157895 0.342105
vt 0.157895 0.342105
vt 0.157895 0.342105
vt 0.157895 0.315789
vt 0.157895 0.315789
vt 0.157895 0.342105
vt 0.157895 0.315789
vt 0.157895 0.342105
vt 0.157895 0.315789
vt 0.157895 0.342105
vt 0.157895 0.315789
vt 0.157895 0.342105
vt 0.157895 0.368421
vt 0.157895 0.368421
vt 0.157895 0.368421
vt 0.157895 0.368421
vt 0.157895 0.368421
vt 0.157895 0.368421
vt 0.157895 0.368421
vt 0.157895 0.368421
vt 0.157895 0.368421
vt 0.157895 0.368421
vt 0.144737 0.394737
vt 0.144737 0.394737
vt 0.144737 0.421053
vt 0.144737 0.421053
vt 0.144737 0.394737
vt 0.144737 0.394737
vt 0.144737 0.421053
vt 0.144737 0.394737
vt 0.144737 0.421053
vt 0.144737 0.394737
vt 0.144737 0.394737
vt 0.144737 0.421053
vt 0.144737 0.394737
vt 0.144737 0.394737
vt 0.144737 0.421053
vt 0.144737 0.394737
vt 0.144737 0.421053
vt 0.144737 0.447368
vt 0.144737 0.447368
vt 0.144737 0.447368
vt 0.144737 0.447368
vt 0.144737 0.447368
vt 0.144737 0.447368
vt 0.144737 0.447368
vt 0.174342 0.447368
vt 0.174342 0.473684
vt 0.174342 0.473684
vt 0.174342 0.473684
vt 0.174342 0.447368
vt 0.174342 0.447368
vt 0.174342 0.473684
vt 0.174342 0.447368
vt 0.174342 0.473684
vt 0.174342 0.473684
vt 0.174342 0.473684
vt 0.174342 0.473684
vt 0.174342 0.473684
vt 0.174342 0.447368
vt 0.174342 0.447368
vt 0.174342 0.447368
vt 0.174342 0.473684
vt 0.174342 0.473684
vt 0.174342 0.447368
vt 0.171053 0.026316
vt 0.171053 0.026316
vt 0.171053 0.052632
vt 0.171053 0.052632
vt 0.171053 0.026316
vt 0.171053 0.026316
vt 0.171053 0.052632
vt 0.171053 0.026316
vt 0.171053 0.052632
vt 0.171053 0.026316
vt 0.171053 0.026316
vt 0.171053 0.052632
vt 0.171053 0.026316
vt 0.171053 0.026316
vt 0.171053 0.052632
vt 0.171053 0.026316
vt 0.171053 0.026316
vt 0.171053 0.052632
vt 0.171053 0.026316
vt 0.171053 0.026316
vt 0.171053 0.052632
vt 0.171053 0.026316
vt 0.171053 0.052632
vt 0.184211 0.052632
vt 0.184211 0.078947
vt 0.184211 0.052632
vt 0.184211 0.052632
vt 0.184211 0.078947
vt 0.184211 0.052632
vt 0.184211 0.078947
vt 0.184211 0.052632
vt 0.184211 0.052632
vt 0.184211 0.078947
vt 0.210526 0.078947
vt 0.210526 0.105263
vt 0.210526 0.078947
vt 0.210526 0.078947
vt 0.210526 0.105263
vt 0.210526 0.078947
vt 0.210526 0.078947
vt 0.210526 0.078947
vt 0.210526 0.078947
vt 0.210526 0.105263
vt 0.210526 0.078947
vt 0.210526 0.105263
vt 0.210526 0.131579
vt 0.210526 0.131579
vt 0.210526 0.131579
vt 0.210526 0.131579
vt 0.210526 0.157895
vt 0.210526 0.157895
vt 0.210526 0.157895
vt 0.210526 0.157895
vt 0.210526 0.184211
vt 0.210526 0.184211
vt 0.210526 0.184211
vt 0.210526 0.184211
vt 0.210526 0.210526
vt 0.210526 0.210526
vt 0.210526 0.210526
vt 0.210526 0.210526
vt 0.210526 0.210526
vt 0.210526 0.210526
vt 0.210526 0.210526
vt 0.210526 0.210526
vt 0.184211 0.210526
vt 0.184211 0.236842
vt 0.184211 0.236842
vt 0.184211 0.210526
vt 0.184211 0.210526
vt 0.184211 0.236842
vt 0.184211 0.210526
vt 0.184211 0.236842
vt 0.184211 0.263158
vt 0.184211 0.263158
vt 0.184211 0.263158
vt 0.184211 0.263158
vt 0.184211 0.289474
vt 0.184211 0.289474
vt 0.184211 0.289474
vt 0.184211 0.289474
vt 0.171053 0.289474
vt 0.171053 0.315789
vt 0.171053 0.315789
vt 0.171053 0.289474
vt 0.171053 0.289474
vt 0.171053 0.315789
vt 0.171053 0.289474
vt 0.171053 0.315789
vt 0.157895 0.315789
vt 0.157895 0.315789
vt 0.157895 0.342105
vt 0.157895 0.342105
vt 0.157895 0.342105
vt 0.157895 0.315789
vt 0.157895 0.315789
vt 0.157895 0.342105
vt 0.157895 0.315789
vt 0.157895 0.342105
vt 0.157895 0.315789
vt 0.157895 0.342105
vt 0.157895 0.368421
vt 0.157895 0.368421
vt 0.157895 0.368421
vt 0.157895 0.368421
vt 0.157895 0.368421
vt 0.157895 0.368421
vt 0.157895 0.368421
vt 0.157895 0.368421
vt 0.157895 0.368421
vt 0.157895 0.368421
vt 0.131579 0.368421
vt 0.131579 0.368421
vt 0.131579 0.394737
vt 0.131579 0.394737
vt 0.131579 0.394737
vt 0.131579 0.368421
vt 0.131579 0.368421
vt 0.131579 0.394737
vt 0.131579 0.368421
vt 0.131579 0.394737
vt 0.131579 0.368421
vt 0.131579 0.394737
vt 0.131579 0.368421
vt 0.131579 0.394737
vt 0.144737 0.394737
vt 0.144737 0.394737
vt 0.144737 0.421053
vt 0.144737 0.421053
vt 0.144737 0.394737
vt 0.144737 0.394737
vt 0.144737 0.421053
vt 0.144737 0.394737
vt 0.144737 0.394737
vt 0.144737 0.421053
vt 0.144737 0.394737
vt 0.144737 0.394737
vt 0.144737 0.394737
vt 0.144737 0.421053
vt 0.144737 0.394737
vt 0.144737 0.421053
vt 0.144737 0.447368
vt 0.144737 0.447368
vt 0.144737 0.447368
vt 0.144737 0.447368
vt 0.144737 0.447368
vt 0.144737 0.447368
vt 0.174342 0.447368
vt 0.174342 0.473684
vt 0.174342 0.473684
vt 0.174342 0.473684
vt 0.174342 0.447368
vt 0.174342 0.447368
vt 0.174342 0.473684
vt 0.174342 0.473684
vt 0.174342 0.473684
vt 0.174342 0.473684
vt 0.174342 0.473684
vt 0.174342 0.473684
vt 0.174342 0.473684
vt 0.174342 0.473684
vt 0.174342 0.447368
vt 0.174342 0.473684
vt 0.174342 0.473684
vt 0.174342 0.447368
vt 0.174342 0.447368
vt 0.131579 0.763158
vt 0.131579 0.763158
vt 0.131579 0.789474
vt 0.131579 0.789474
vt 0.131579 0.763158
vt 0.131579 0.763158
vt 0.131579 0.789474
vt 0.131579 0.763158
vt 0.131579 0.789474
vt 0.131579 0.763158
vt 0.131579 0.763158
vt 0.131579 0.789474
vt 0.131579 0.763158
vt 0.131579 0.763158
vt 0.131579 0.789474
vt 0.131579 0.763158
vt 0.131579 0.789474
vt 0.131579 0.815789
vt 0.131579 0.815789
vt 0.131579 0.815789
vt 0.131579 0.815789
vt 0.131579 0.815789
vt 0.131579 0.815789
vt 0.131579 0.815789
vt 0.131579 0.815789
vt 0.131579 0.815789
vt 0.131579 0.815789
vt 0.131579 0.000000
vt 0.131579 0.000000
vt 0.131579 0.026316
vt 0.131579 0.026316
vt 0.131579 0.000000
vt 0.131579 0.000000
vt 0.131579 0.026316
vt 0.131579 0.000000
vt 0.131579 0.026316
vt 0.131579 0.000000
vt 0.131579 0.000000
vt 0.131579 0.026316
vt 0.131579 0.000000
vt 0.131579 0.000000
vt 0.131579 0.026316
vt 0.131579 0.000000
vt 0.131579 0.026316
vt 0.171053 0.026316
vt 0.171053 0.052632
vt 0.171053 0.026316
vt 0.171053 0.026316
vt 0.171053 0.052632
vt 0.171053 0.026316
vt 0.171053 0.026316
vt 0.171053 0.026316
vt 0.171053 0.026316
vt 0.171053 0.052632
vt 0.171053 0.026316
vt 0.171053 0.052632
vt 0.184211 0.052632
vt 0.184211 0.078947
vt 0.184211 0.052632
vt 0.184211 0.052632
vt 0.184211 0.078947
vt 0.184211 0.052632
vt 0.184211 0.078947
vt 0.184211 0.052632
vt 0.184211 0.052632
vt 0.184211 0.078947
vt 0.210526 0.078947
vt 0.210526 0.105263
vt 0.210526 0.078947
vt 0.210526 0.078947
vt 0.210526 0.105263
vt 0.210526 0.078947
vt 0.210526 0.078947
vt 0.210526 0.078947
vt 0.210526 0.078947
vt 0.210526 0.105263
vt 0.210526 0.078947
vt 0.210526 0.105263
vt 0.210526 0.131579
vt 0.210526 0.131579
vt 0.210526 0.131579
vt 0.210526 0.131579
vt 0.210526 0.157895
vt 0.210526 0.157895
vt 0.210526 0.157895
vt 0.210526 0.157895
vt 0.210526 0.184211
vt 0.210526 0.184211
vt 0.210526 0.184211
vt 0.210526 0.184211
vt 0.210526 0.210526
vt 0.210526 0.210526
vt 0.210526 0.210526
vt 0.210526 0.210526
vt 0.210526 0.210526
vt 0.210526 0.210526
vt 0.210526 0.210526
vt 0.210526 0.210526
vt 0.184211 0.210526
vt 0.184211 0.236842
vt 0.184211 0.236842
vt 0.184211 0.210526
vt 0.184211 0.210526
vt 0.184211 0.236842
vt 0.184211 0.210526
vt 0.184211 0.236842
vt 0.184211 0.263158
vt 0.184211 0.263158
vt 0.184211 0.263158
vt 0.184211 0.263158
vt 0.184211 0.289474
vt 0.184211 0.289474
vt 0.184211 0.289474
vt 0.184211 0.289474
vt 0.171053 0.289474
vt 0.171053 0.315789
vt 0.171053 0.315789
vt 0.171053 0.289474
vt 0.171053 0.289474
vt 0.171053 0.315789
vt 0.171053 0.289474
vt 0.171053 0.315789
vt 0.157895 0.315789
vt 0.157895 0.342105
vt 0.157895 0.342105
vt 0.157895 0.315789
vt 0.157895 0.315789
vt 0.157895 0.342105
vt 0.157895 0.315789
vt 0.157895 0.342105
vt 0.157895 0.368421
vt 0.157895 0.368421
vt 0.157895 0.368421
vt 0.157895 0.368421
vt 0.157895 0.368421
vt 0.157895 0.368421
vt 0.131579 0.368421
vt 0.131579 0.368421
vt 0.131579 0.394737
vt 0.131579 0.394737
vt 0.131579 0.394737
vt 0.131579 0.368421
vt 0.131579 0.368421
vt 0.131579 0.394737
vt 0.131579 0.368421
vt 0.131579 0.394737
vt 0.131579 0.368421
vt 0.131579 0.394737
vt 0.144737 0.394737
vt 0.144737 0.421053
vt 0.144737 0.394737
vt 0.144737 0.394737
vt 0.144737 0.421053
vt 0.144737 0.394737
vt 0.144737 0.421053
vt 0.144737 0.394737
vt 0.144737 0.394737
vt 0.144737 0.421053
vt 0.144737 0.447368
vt 0.144737 0.447368
vt 0.144737 0.447368
vt 0.144737 0.447368
vt 0.174342 0.447368
vt 0.174342 0.473684
vt 0.174342 0.473684
vt 0.174342 0.473684
vt 0.174342 0.447368
vt 0.174342 0.447368
vt 0.174342 0.473684
vt 0.174342 0.473684
vt 0.174342 0.473684
vt 0.174342 0.473684
vt 0.174342 0.473684
vt 0.174342 0.473684
vt 0.174342 0.473684
vt 0.174342 0.473684
vt 0.174342 0.473684
vt 0.174342 0.473684
vt 0.174342 0.447368
vt 0.174342 0.473684
vt 0.174342 0.473684
vt 0.174342 0.447368
vt 0.174342 0.447368
vt 0.162281 0.736842
vt 0.162281 0.736842
vt 0.162281 0.763158
vt 0.162281 0.763158
vt 0.162281 0.736842
vt 0.162281 0.736842
vt 0.162281 0.763158
vt 0.162281 0.736842
vt 0.162281 0.763158
vt 0.162281 0.736842
vt 0.162281 0.736842
vt 0.162281 0.763158
vt 0.162281 0.736842
vt 0.162281 0.736842
vt 0.162281 0.763158
vt 0.162281 0.736842
vt 0.162281 0.763158
vt 0.131579 0.763158
vt 0.131579 0.763158
vt 0.131579 0.789474
vt 0.131579 0.789474
vt 0.131579 0.763158
vt 0.131579 0.763158
vt 0.131579 0.789474
vt 0.131579 0.763158
vt 0.131579 0.763158
vt 0.131579 0.789474
vt 0.131579 0.763158
vt 0.131579 0.763158
vt 0.131579 0.763158
vt 0.131579 0.789474
vt 0.131579 0.763158
vt 0.131579 0.789474
vt 0.131579 0.815789
vt 0.131579 0.815789
vt 0.131579 0.815789
vt 0.131579 0.815789
vt 0.131579 0.815789
vt 0.131579 0.815789
vt 0.131579 0.815789
vt 0.131579 0.815789
vt 0.131579 0.815789
vt 0.131579 0.815789
vt 0.131579 0.815789
vt 0.131579 0.815789
vt 0.131579 0.815789
vt 0.131579 0.000000
vt 0.131579 0.000000
vt 0.131579 0.026316
vt 0.131579 0.026316
vt 0.131579 0.000000
vt 0.131579 0.000000
vt 0.131579 0.026316
vt 0.131579 0.000000
vt 0.131579 0.000000
vt 0.131579 0.000000
vt 0.131579 0.000000
vt 0.131579 0.000000
vt 0.131579 0.000000
vt 0.131579 0.026316
vt 0.131579 0.000000
vt 0.131579 0.000000
vt 0.131579 0.026316
vt 0.131579 0.000000
vt 0.131579 0.026316
vt 0.171053 0.026316
vt 0.171053 0.052632
vt 0.171053 0.026316
vt 0.171053 0.026316
vt 0.171053 0.052632
vt 0.171053 0.026316
vt 0.171053 0.052632
vt 0.171053 0.026316
vt 0.171053 0.026316
vt 0.171053 0.052632
vt 0.184211 0.052632
vt 0.184211 0.078947
vt 0.184211 0.052632
vt 0.184211 0.052632
vt 0.184211 0.078947
vt 0.184211 0.052632
vt 0.184211 0.078947
vt 0.184211 0.052632
vt 0.184211 0.052632
vt 0.184211 0.078947
vt 0.210526 0.078947
vt 0.210526 0.078947
vt 0.210526 0.105263
vt 0.210526 0.078947
vt 0.210526 0.078947
vt 0.210526 0.105263
vt 0.210526 0.131579
vt 0.210526 0.131579
vt 0.210526 0.157895
vt 0.210526 0.157895
vt 0.210526 0.184211
vt 0.210526 0.184211
vt 0.210526 0.210526
vt 0.210526 0.210526
vt 0.210526 0.210526
vt 0.210526 0.210526
vt 0.184211 0.210526
vt 0.184211 0.236842
vt 0.184211 0.236842
vt 0.184211 0.210526
vt 0.184211 0.210526
vt 0.184211 0.236842
vt 0.184211 0.210526
vt 0.184211 0.236842
vt 0.184211 0.263158
vt 0.184211 0.263158
vt 0.184211 0.263158
vt 0.184211 0.263158
vt 0.184211 0.289474
vt 0.184211 0.289474
vt 0.184211 0.289474
vt 0.184211 0.289474
vt 0.171053 0.289474
vt 0.171053 0.315789
vt 0.171053 0.315789
vt 0.171053 0.315789
vt 0.171053 0.289474
vt 0.171053 0.289474
vt 0.171053 0.315789
vt 0.171053 0.315789
vt 0.171053 0.315789
vt 0.171053 0.289474
vt 0.157895 0.342105
vt 0.157895 0.315789
vt 0.157895 0.315789
vt 0.157895 0.342105
vt 0.157895 0.368421
vt 0.157895 0.368421
vt 0.157895 0.368421
vt 0.157895 0.368421
vt 0.131579 0.394737
vt 0.131579 0.368421
vt 0.131579 0.368421
vt 0.131579 0.394737
vt 0.144737 0.394737
vt 0.144737 0.394737
vt 0.144737 0.421053
vt 0.144737 0.394737
vt 0.144737 0.394737
vt 0.144737 0.421053
vt 0.144737 0.447368
vt 0.144737 0.447368
vt 0.174342 0.473684
vt 0.174342 0.473684
vt 0.174342 0.447368
vt 0.174342 0.447368
vt 0.174342 0.473684
vt 0.174342 0.473684
vt 0.174342 0.473684
vt 0.174342 0.473684
vt 0.174342 0.473684
vt 0.174342 0.473684
vt 0.174342 0.473684
vt 0.174342 0.473684
vt 0.174342 0.447368
vt 0.174342 0.447368
vt 0.092105 0.473684
vt 0.092105 0.473684
vt 0.092105 0.500000
vt 0.092105 0.500000
vt 0.092105 0.500000
vt 0.092105 0.500000
vt 0.092105 0.473684
vt 0.092105 0.473684
vt 0.092105 0.500000
vt 0.092105 0.500000
vt 0.092105 0.473684
vt 0.092105 0.500000
vt 0.092105 0.500000
vt 0.092105 0.473684
vt 0.092105 0.500000
vt 0.092105 0.500000
vt 0.092105 0.473684
vt 0.162281 0.736842
vt 0.162281 0.736842
vt 0.162281 0.763158
vt 0.162281 0.763158
vt 0.162281 0.736842
vt 0.162281 0.736842
vt 0.162281 0.763158
vt 0.162281 0.736842
vt 0.162281 0.736842
vt 0.162281 0.736842
vt 0.162281 0.736842
vt 0.162281 0.736842
vt 0.162281 0.736842
vt 0.162281 0.763158
vt 0.162281 0.736842
vt 0.162281 0.736842
vt 0.162281 0.763158
vt 0.162281 0.736842
vt 0.162281 0.763158
vt 0.131579 0.789474
vt 0.131579 0.763158
vt 0.131579 0.763158
vt 0.131579 0.789474
vt 0.131579 0.815789
vt 0.131579 0.815789
vt 0.131579 0.815789
vt 0.131579 0.815789
vt 0.131579 0.815789
vt 0.131579 0.815789
vt 0.131579 0.815789
vt 0.131579 0.815789
vt 0.131579 0.815789
vt 0.131579 0.000000
vt 0.131579 0.000000
vt 0.131579 0.026316
vt 0.131579 0.000000
vt 0.131579 0.000000
vt 0.131579 0.000000
vt 0.131579 0.000000
vt 0.131579 0.000000
vt 0.131579 0.000000
vt 0.131579 0.000000
vt 0.131579 0.026316
vt 0.171053 0.026316
vt 0.171053 0.052632
vt 0.171053 0.026316
vt 0.171053 0.026316
vt 0.171053 0.052632
vt 0.171053 0.026316
vt 0.171053 0.026316
vt 0.171053 0.026316
vt 0.171053 0.026316
vt 0.171053 0.052632
vt 0.171053 0.026316
vt 0.171053 0.052632
vt 0.184211 0.052632
vt 0.184211 0.078947
vt 0.184211 0.052632
vt 0.184211 0.052632
vt 0.184211 0.078947
vt 0.184211 0.052632
vt 0.184211 0.078947
vt 0.184211 0.052632
vt 0.184211 0.052632
vt 0.184211 0.078947
vt 0.210526 0.078947
vt 0.210526 0.105263
vt 0.210526 0.078947
vt 0.210526 0.078947
vt 0.210526 0.105263
vt 0.210526 0.078947
vt 0.210526 0.105263
vt 0.210526 0.078947
vt 0.210526 0.078947
vt 0.210526 0.105263
vt 0.210526 0.131579
vt 0.210526 0.131579
vt 0.210526 0.131579
vt 0.210526 0.131579
vt 0.210526 0.157895
vt 0.210526 0.157895
vt 0.210526 0.157895
vt 0.210526 0.157895
vt 0.210526 0.184211
vt 0.210526 0.184211
vt 0.210526 0.184211
vt 0.210526 0.184211
vt 0.210526 0.210526
vt 0.210526 0.210526
vt 0.210526 0.210526
vt 0.210526 0.210526
vt 0.210526 0.210526
vt 0.210526 0.210526
vt 0.184211 0.210526
vt 0.184211 0.236842
vt 0.184211 0.236842
vt 0.184211 0.210526
vt 0.184211 0.210526
vt 0.184211 0.236842
vt 0.184211 0.210526
vt 0.184211 0.236842
vt 0.184211 0.263158
vt 0.184211 0.263158
vt 0.184211 0.263158
vt 0.184211 0.263158
vt 0.184211 0.289474
vt 0.184211 0.289474
vt 0.184211 0.289474
vt 0.184211 0.289474
vt 0.184211 0.289474
vt 0.184211 0.289474
vt 0.171053 0.315789
vt 0.171053 0.289474
vt 0.171053 0.289474
vt 0.171053 0.315789
vt 0.157895 0.315789
vt 0.157895 0.342105
vt 0.157895 0.342105
vt 0.157895 0.315789
vt 0.157895 0.315789
vt 0.157895 0.342105
vt 0.157895 0.315789
vt 0.157895 0.342105
vt 0.157895 0.368421
vt 0.157895 0.368421
vt 0.157895 0.368421
vt 0.157895 0.368421
vt 0.157895 0.368421
vt 0.157895 0.368421
vt 0.131579 0.368421
vt 0.131579 0.394737
vt 0.131579 0.394737
vt 0.131579 0.368421
vt 0.131579 0.368421
vt 0.131579 0.394737
vt 0.131579 0.368421
vt 0.131579 0.394737
vt 0.144737 0.421053
vt 0.144737 0.394737
vt 0.144737 0.394737
vt 0.144737 0.421053
vt 0.144737 0.447368
vt 0.144737 0.447368
vt 0.174342 0.447368
vt 0.174342 0.473684
vt 0.174342 0.473684
vt 0.174342 0.473684
vt 0.174342 0.447368
vt 0.174342 0.447368
vt 0.174342 0.473684
vt 0.174342 0.447368
vt 0.174342 0.473684
vt 0.174342 0.473684
vt 0.174342 0.473684
vt 0.174342 0.473684
vt 0.174342 0.473684
vt 0.174342 0.473684
vt 0.174342 0.447368
vt 0.174342 0.447368
vt 0.174342 0.447368
vt 0.174342 0.473684
vt 0.174342 0.473684
vt 0.174342 0.447368
vt 0.092105 0.473684
vt 0.092105 0.500000
vt 0.092105 0.500000
vt 0.092105 0.500000
vt 0.092105 0.473684
vt 0.092105 0.473684
vt 0.092105 0.500000
vt 0.092105 0.500000
vt 0.092105 0.500000
vt 0.092105 0.473684
vt 0.092105 0.526316
vt 0.092105 0.526316
vt 0.092105 0.526316
vt 0.092105 0.526316
vt 0.092105 0.526316
vt 0.092105 0.526316
vt 0.092105 0.526316
vt 0.092105 0.526316
vt 0.092105 0.526316
vt 0.092105 0.526316
vt 0.162281 0.736842
vt 0.162281 0.763158
vt 0.162281 0.736842
vt 0.162281 0.736842
vt 0.162281 0.763158
vt 0.162281 0.736842
vt 0.162281 0.736842
vt 0.162281 0.736842
vt 0.162281 0.736842
vt 0.162281 0.736842
vt 0.162281 0.736842
vt 0.162281 0.736842
vt 0.162281 0.736842
vt 0.162281 0.736842
vt 0.162281 0.763158
vt 0.162281 0.736842
vt 0.162281 0.763158
vt 0.131579 0.763158
vt 0.131579 0.789474
vt 0.131579 0.789474
vt 0.131579 0.763158
vt 0.131579 0.763158
vt 0.131579 0.789474
vt 0.131579 0.763158
vt 0.131579 0.789474
vt 0.131579 0.815789
vt 0.131579 0.815789
vt 0.131579 0.815789
vt 0.131579 0.815789
vt 0.131579 0.815789
vt 0.131579 0.815789
vt 0.131579 0.815789
vt 0.131579 0.815789
vt 0.131579 0.815789
vt 0.131579 0.815789
vt 0.131579 0.815789
vt 0.131579 0.815789
vt 0.131579 0.815789
vt 0.131579 0.000000
vt 0.131579 0.026316
vt 0.131579 0.000000
vt 0.131579 0.000000
vt 0.131579 0.026316
vt 0.131579 0.000000
vt 0.131579 0.000000
vt 0.131579 0.000000
vt 0.131579 0.000000
vt 0.131579 0.000000
vt 0.131579 0.000000
vt 0.131579 0.000000
vt 0.131579 0.000000
vt 0.131579 0.000000
vt 0.131579 0.026316
vt 0.131579 0.000000
vt 0.131579 0.026316
vt 0.171053 0.026316
vt 0.171053 0.026316
vt 0.171053 0.052632
vt 0.171053 0.026316
vt 0.171053 0.026316
vt 0.171053 0.052632
vt 0.184211 0.052632
vt 0.184211 0.052632
vt 0.184211 0.078947
vt 0.184211 0.052632
vt 0.184211 0.052632
vt 0.184211 0.078947
vt 0.210526 0.078947
vt 0.210526 0.078947
vt 0.210526 0.105263
vt 0.210526 0.078947
vt 0.210526 0.078947
vt 0.210526 0.105263
vt 0.210526 0.131579
vt 0.210526 0.131579
vt 0.210526 0.157895
vt 0.210526 0.157895
vt 0.210526 0.184211
vt 0.210526 0.184211
vt 0.210526 0.210526
vt 0.210526 0.210526
vt 0.210526 0.210526
vt 0.210526 0.210526
vt 0.184211 0.236842
vt 0.184211 0.210526
vt 0.184211 0.210526
vt 0.184211 0.236842
vt 0.184211 0.263158
vt 0.184211 0.263158
vt 0.184211 0.289474
vt 0.184211 0.289474
vt 0.184211 0.289474
vt 0.184211 0.289474
vt 0.171053 0.315789
vt 0.171053 0.289474
vt 0.171053 0.289474
vt 0.171053 0.315789
vt 0.157895 0.342105
vt 0.157895 0.315789
vt 0.157895 0.315789
vt 0.157895 0.342105
vt 0.157895 0.368421
vt 0.157895 0.368421
vt 0.157895 0.368421
vt 0.157895 0.368421
vt 0.131579 0.394737
vt 0.131579 0.368421
vt 0.131579 0.368421
vt 0.131579 0.394737
vt 0.144737 0.394737
vt 0.144737 0.421053
vt 0.144737 0.421053
vt 0.144737 0.394737
vt 0.144737 0.394737
vt 0.144737 0.421053
vt 0.144737 0.394737
vt 0.144737 0.421053
vt 0.144737 0.421053
vt 0.144737 0.394737
vt 0.144737 0.394737
vt 0.144737 0.421053
vt 0.144737 0.447368
vt 0.144737 0.447368
vt 0.144737 0.447368
vt 0.144737 0.447368
vt 0.144737 0.447368
vt 0.144737 0.447368
vt 0.174342 0.473684
vt 0.174342 0.473684
vt 0.174342 0.447368
vt 0.174342 0.447368
vt 0.174342 0.473684
vt 0.174342 0.473684
vt 0.174342 0.473684
vt 0.174342 0.473684
vt 0.174342 0.473684
vt 0.174342 0.473684
vt 0.174342 0.473684
vt 0.174342 0.473684
vt 0.174342 0.447368
vt 0.174342 0.447368
vt 0.092105 0.500000
vt 0.092105 0.473684
vt 0.092105 0.473684
vt 0.092105 0.500000
vt 0.092105 0.526316
vt 0.092105 0.526316
vt 0.092105 0.526316
vt 0.092105 0.526316
vt 0.092105 0.526316
vt 0.092105 0.526316
vt 0.078947 0.526316
vt 0.078947 0.526316
vt 0.078947 0.552632
vt 0.078947 0.552632
vt 0.078947 0.552632
vt 0.078947 0.552632
vt 0.078947 0.526316
vt 0.078947 0.526316
vt 0.078947 0.552632
vt 0.078947 0.552632
vt 0.078947 0.526316
vt 0.078947 0.552632
vt 0.078947 0.552632
vt 0.078947 0.526316
vt 0.078947 0.552632
vt 0.078947 0.552632
vt 0.078947 0.526316
vt 0.162281 0.736842
vt 0.162281 0.763158
vt 0.162281 0.763158
vt 0.162281 0.763158
vt 0.162281 0.736842
vt 0.162281 0.736842
vt 0.162281 0.736842
vt 0.162281 0.736842
vt 0.162281 0.736842
vt 0.162281 0.736842
vt 0.162281 0.736842
vt 0.162281 0.736842
vt 0.162281 0.736842
vt 0.162281 0.736842
vt 0.162281 0.736842
vt 0.162281 0.736842
vt 0.162281 0.736842
vt 0.162281 0.763158
vt 0.162281 0.763158
vt 0.162281 0.763158
vt 0.162281 0.736842
vt 0.131579 0.789474
vt 0.131579 0.763158
vt 0.131579 0.763158
vt 0.131579 0.789474
vt 0.131579 0.815789
vt 0.131579 0.815789
vt 0.131579 0.815789
vt 0.131579 0.815789
vt 0.131579 0.815789
vt 0.131579 0.815789
vt 0.131579 0.815789
vt 0.131579 0.815789
vt 0.131579 0.815789
vt 0.131579 0.815789
vt 0.131579 0.815789
vt 0.131579 0.000000
vt 0.131579 0.000000
vt 0.131579 0.026316
vt 0.131579 0.000000
vt 0.131579 0.000000
vt 0.131579 0.000000
vt 0.131579 0.000000
vt 0.131579 0.000000
vt 0.131579 0.000000
vt 0.131579 0.000000
vt 0.131579 0.000000
vt 0.131579 0.000000
vt 0.131579 0.026316
vt 0.171053 0.026316
vt 0.171053 0.026316
vt 0.171053 0.052632
vt 0.171053 0.026316
vt 0.171053 0.026316
vt 0.171053 0.052632
vt 0.184211 0.052632
vt 0.184211 0.052632
vt 0.184211 0.078947
vt 0.184211 0.052632
vt 0.184211 0.052632
vt 0.184211 0.078947
vt 0.210526 0.078947
vt 0.210526 0.078947
vt 0.210526 0.105263
vt 0.210526 0.078947
vt 0.210526 0.078947
vt 0.210526 0.105263
vt 0.210526 0.131579
vt 0.210526 0.131579
vt 0.210526 0.157895
vt 0.210526 0.157895
vt 0.210526 0.184211
vt 0.210526 0.184211
vt 0.210526 0.210526
vt 0.210526 0.210526
vt 0.210526 0.210526
vt 0.210526 0.210526
vt 0.184211 0.236842
vt 0.184211 0.210526
vt 0.184211 0.210526
vt 0.184211 0.236842
vt 0.184211 0.263158
vt 0.184211 0.263158
vt 0.184211 0.289474
vt 0.184211 0.289474
vt 0.171053 0.289474
vt 0.171053 0.315789
vt 0.171053 0.315789
vt 0.171053 0.289474
vt 0.171053 0.289474
vt 0.171053 0.315789
vt 0.171053 0.289474
vt 0.171053 0.315789
vt 0.171053 0.315789
vt 0.171053 0.289474
vt 0.171053 0.289474
vt 0.171053 0.315789
vt 0.157895 0.342105
vt 0.157895 0.315789
vt 0.157895 0.315789
vt 0.157895 0.342105
vt 0.157895 0.368421
vt 0.157895 0.368421
vt 0.157895 0.368421
vt 0.157895 0.368421
vt 0.131579 0.394737
vt 0.131579 0.368421
vt 0.131579 0.368421
vt 0.131579 0.394737
vt 0.144737 0.421053
vt 0.144737 0.394737
vt 0.144737 0.394737
vt 0.144737 0.421053
vt 0.144737 0.447368
vt 0.144737 0.447368
vt 0.174342 0.447368
vt 0.174342 0.473684
vt 0.174342 0.473684
vt 0.174342 0.447368
vt 0.174342 0.473684
vt 0.174342 0.447368
vt 0.174342 0.447368
vt 0.174342 0.473684
vt 0.174342 0.473684
vt 0.174342 0.473684
vt 0.174342 0.473684
vt 0.174342 0.447368
vt 0.174342 0.447368
vt 0.174342 0.447368
vt 0.174342 0.473684
vt 0.174342 0.447368
vt 0.092105 0.473684
vt 0.092105 0.500000
vt 0.092105 0.500000
vt 0.092105 0.473684
vt 0.092105 0.473684
vt 0.092105 0.500000
vt 0.092105 0.473684
vt 0.092105 0.500000
vt 0.092105 0.500000
vt 0.092105 0.473684
vt 0.092105 0.473684
vt 0.092105 0.500000
vt 0.092105 0.526316
vt 0.092105 0.526316
vt 0.078947 0.526316
vt 0.078947 0.552632
vt 0.078947 0.552632
vt 0.078947 0.552632
vt 0.078947 0.526316
vt 0.078947 0.526316
vt 0.078947 0.552632
vt 0.078947 0.552632
vt 0.078947 0.552632
vt 0.078947 0.526316
vt 0.065789 0.552632
vt 0.065789 0.552632
vt 0.065789 0.578947
vt 0.065789 0.578947
vt 0.065789 0.578947
vt 0.065789 0.552632
vt 0.065789 0.552632
vt 0.065789 0.578947
vt 0.065789 0.552632
vt 0.065789 0.578947
vt 0.065789 0.552632
vt 0.065789 0.578947
vt 0.065789 0.552632
vt 0.065789 0.578947
vt 0.065789 0.605263
vt 0.065789 0.605263
vt 0.065789 0.605263
vt 0.065789 0.605263
vt 0.065789 0.605263
vt 0.065789 0.605263
vt 0.065789 0.605263
vt 0.065789 0.605263
vt 0.065789 0.605263
vt 0.065789 0.605263
vt 0.162281 0.763158
vt 0.162281 0.763158
vt 0.162281 0.736842
vt 0.162281 0.736842
vt 0.162281 0.736842
vt 0.162281 0.736842
vt 0.162281 0.736842
vt 0.162281 0.736842
vt 0.162281 0.736842
vt 0.162281 0.736842
vt 0.162281 0.736842
vt 0.162281 0.736842
vt 0.162281 0.736842
vt 0.162281 0.736842
vt 0.162281 0.763158
vt 0.162281 0.763158
vt 0.162281 0.736842
vt 0.131579 0.789474
vt 0.131579 0.763158
vt 0.131579 0.763158
vt 0.131579 0.789474
vt 0.131579 0.815789
vt 0.131579 0.815789
vt 0.131579 0.815789
vt 0.131579 0.815789
vt 0.131579 0.815789
vt 0.131579 0.815789
vt 0.131579 0.815789
vt 0.131579 0.815789
vt 0.131579 0.815789
vt 0.131579 0.815789
vt 0.131579 0.815789
vt 0.131579 0.000000
vt 0.131579 0.000000
vt 0.131579 0.026316
vt 0.131579 0.000000
vt 0.131579 0.000000
vt 0.131579 0.000000
vt 0.131579 0.000000
vt 0.131579 0.000000
vt 0.131579 0.000000
vt 0.131579 0.000000
vt 0.131579 0.000000
vt 0.131579 0.000000
vt 0.131579 0.026316
vt 0.171053 0.026316
vt 0.171053 0.052632
vt 0.171053 0.052632
vt 0.171053 0.026316
vt 0.171053 0.026316
vt 0.171053 0.052632
vt 0.171053 0.026316
vt 0.171053 0.026316
vt 0.171053 0.026316
vt 0.171053 0.052632
vt 0.171053 0.052632
vt 0.171053 0.026316
vt 0.171053 0.026316
vt 0.171053 0.052632
vt 0.184211 0.078947
vt 0.184211 0.052632
vt 0.184211 0.052632
vt 0.184211 0.078947
vt 0.210526 0.078947
vt 0.210526 0.078947
vt 0.210526 0.105263
vt 0.210526 0.078947
vt 0.210526 0.078947
vt 0.210526 0.105263
vt 0.210526 0.131579
vt 0.210526 0.131579
vt 0.210526 0.157895
vt 0.210526 0.157895
vt 0.210526 0.184211
vt 0.210526 0.184211
vt 0.210526 0.210526
vt 0.210526 0.210526
vt 0.210526 0.210526
vt 0.210526 0.210526
vt 0.184211 0.236842
vt 0.184211 0.210526
vt 0.184211 0.210526
vt 0.184211 0.236842
vt 0.184211 0.263158
vt 0.184211 0.263158
vt 0.184211 0.289474
vt 0.184211 0.289474
vt 0.184211 0.289474
vt 0.184211 0.289474
vt 0.184211 0.289474
vt 0.184211 0.289474
vt 0.171053 0.315789
vt 0.171053 0.289474
vt 0.171053 0.289474
vt 0.171053 0.315789
vt 0.157895 0.315789
vt 0.157895 0.342105
vt 0.157895 0.342105
vt 0.157895 0.315789
vt 0.157895 0.315789
vt 0.157895 0.342105
vt 0.157895 0.342105
vt 0.157895 0.315789
vt 0.157895 0.368421
vt 0.157895 0.368421
vt 0.157895 0.368421
vt 0.157895 0.368421
vt 0.131579 0.368421
vt 0.131579 0.394737
vt 0.131579 0.394737
vt 0.131579 0.368421
vt 0.131579 0.368421
vt 0.131579 0.394737
vt 0.131579 0.394737
vt 0.131579 0.368421
vt 0.144737 0.421053
vt 0.144737 0.394737
vt 0.144737 0.394737
vt 0.144737 0.421053
vt 0.144737 0.447368
vt 0.144737 0.447368
vt 0.174342 0.473684
vt 0.174342 0.473684
vt 0.174342 0.447368
vt 0.174342 0.447368
vt 0.174342 0.473684
vt 0.174342 0.473684
vt 0.174342 0.473684
vt 0.174342 0.473684
vt 0.174342 0.473684
vt 0.174342 0.473684
vt 0.174342 0.473684
vt 0.174342 0.473684
vt 0.174342 0.447368
vt 0.174342 0.447368
vt 0.092105 0.500000
vt 0.092105 0.473684
vt 0.092105 0.473684
vt 0.092105 0.500000
vt 0.092105 0.500000
vt 0.092105 0.526316
vt 0.092105 0.526316
vt 0.092105 0.526316
vt 0.092105 0.526316
vt 0.092105 0.526316
vt 0.092105 0.500000
vt 0.092105 0.526316
vt 0.078947 0.552632
vt 0.078947 0.552632
vt 0.078947 0.526316
vt 0.078947 0.552632
vt 0.078947 0.552632
vt 0.078947 0.526316
vt 0.065789 0.578947
vt 0.065789 0.552632
vt 0.065789 0.552632
vt 0.065789 0.578947
vt 0.065789 0.605263
vt 0.065789 0.605263
vt 0.065789 0.631579
vt 0.065789 0.631579
vt 0.065789 0.631579
vt 0.065789 0.631579
vt 0.065789 0.631579
vt 0.065789 0.631579
vt 0.065789 0.631579
vt 0.065789 0.631579
vt 0.065789 0.631579
vt 0.065789 0.631579
vt 0.162281 0.763158
vt 0.162281 0.763158
vt 0.162281 0.736842
vt 0.162281 0.736842
vt 0.162281 0.736842
vt 0.162281 0.736842
vt 0.162281 0.736842
vt 0.162281 0.736842
vt 0.162281 0.736842
vt 0.162281 0.736842
vt 0.162281 0.736842
vt 0.162281 0.736842
vt 0.162281 0.736842
vt 0.162281 0.736842
vt 0.162281 0.763158
vt 0.162281 0.763158
vt 0.162281 0.736842
vt 0.131579 0.763158
vt 0.131579 0.789474
vt 0.131579 0.789474
vt 0.131579 0.763158
vt 0.131579 0.763158
vt 0.131579 0.789474
vt 0.131579 0.789474
vt 0.131579 0.763158
vt 0.131579 0.815789
vt 0.131579 0.815789
vt 0.131579 0.815789
vt 0.131579 0.815789
vt 0.131579 0.815789
vt 0.131579 0.815789
vt 0.131579 0.815789
vt 0.131579 0.815789
vt 0.131579 0.815789
vt 0.131579 0.815789
vt 0.131579 0.815789
vt 0.013158 0.868421
vt 0.013158 0.894737
vt 0.013158 0.894737
vt 0.013158 0.868421
vt 0.013158 0.868421
vt 0.013158 0.868421
vt 0.013158 0.894737
vt 0.013158 0.894737
vt 0.013158 0.894737
vt 0.013158 0.868421
vt 0.013158 0.868421
vt 0.013158 0.894737
vt 0.131579 0.000000
vt 0.131579 0.026316
vt 0.131579 0.026316
vt 0.131579 0.000000
vt 0.131579 0.000000
vt 0.131579 0.000000
vt 0.131579 0.000000
vt 0.131579 0.000000
vt 0.131579 0.000000
vt 0.131579 0.000000
vt 0.131579 0.000000
vt 0.131579 0.000000
vt 0.131579 0.026316
vt 0.131579 0.026316
vt 0.131579 0.000000
vt 0.171053 0.026316
vt 0.171053 0.026316
vt 0.171053 0.052632
vt 0.171053 0.026316
vt 0.171053 0.026316
vt 0.171053 0.052632
vt 0.184211 0.052632
vt 0.184211 0.052632
vt 0.184211 0.052632
vt 0.184211 0.078947
vt 0.184211 0.052632
vt 0.184211 0.052632
vt 0.184211 0.052632
vt 0.184211 0.078947
vt 0.210526 0.078947
vt 0.210526 0.078947
vt 0.210526 0.105263
vt 0.210526 0.078947
vt 0.210526 0.078947
vt 0.210526 0.105263
vt 0.210526 0.131579
vt 0.210526 0.131579
vt 0.210526 0.157895
vt 0.210526 0.157895
vt 0.210526 0.184211
vt 0.210526 0.184211
vt 0.210526 0.210526
vt 0.210526 0.210526
vt 0.210526 0.210526
vt 0.210526 0.210526
vt 0.184211 0.236842
vt 0.184211 0.210526
vt 0.184211 0.210526
vt 0.184211 0.236842
vt 0.184211 0.263158
vt 0.184211 0.263158
vt 0.184211 0.289474
vt 0.184211 0.289474
vt 0.184211 0.289474
vt 0.184211 0.289474
vt 0.171053 0.315789
vt 0.171053 0.315789
vt 0.171053 0.315789
vt 0.171053 0.289474
vt 0.171053 0.315789
vt 0.171053 0.315789
vt 0.171053 0.315789
vt 0.171053 0.289474
vt 0.157895 0.342105
vt 0.157895 0.315789
vt 0.157895 0.315789
vt 0.157895 0.342105
vt 0.157895 0.368421
vt 0.157895 0.368421
vt 0.157895 0.368421
vt 0.157895 0.368421
vt 0.157895 0.368421
vt 0.157895 0.368421
vt 0.131579 0.394737
vt 0.131579 0.368421
vt 0.131579 0.368421
vt 0.131579 0.394737
vt 0.144737 0.394737
vt 0.144737 0.421053
vt 0.144737 0.421053
vt 0.144737 0.394737
vt 0.144737 0.394737
vt 0.144737 0.394737
vt 0.144737 0.421053
vt 0.144737 0.421053
vt 0.144737 0.394737
vt 0.144737 0.394737
vt 0.144737 0.447368
vt 0.144737 0.447368
vt 0.144737 0.447368
vt 0.144737 0.447368
vt 0.174342 0.447368
vt 0.174342 0.473684
vt 0.174342 0.473684
vt 0.174342 0.447368
vt 0.174342 0.473684
vt 0.174342 0.473684
vt 0.174342 0.473684
vt 0.174342 0.473684
vt 0.174342 0.473684
vt 0.174342 0.447368
vt 0.174342 0.473684
vt 0.174342 0.447368
vt 0.092105 0.473684
vt 0.092105 0.500000
vt 0.092105 0.500000
vt 0.092105 0.473684
vt 0.092105 0.473684
vt 0.092105 0.500000
vt 0.092105 0.500000
vt 0.092105 0.473684
vt 0.092105 0.526316
vt 0.092105 0.526316
vt 0.078947 0.552632
vt 0.078947 0.526316
vt 0.078947 0.526316
vt 0.078947 0.552632
vt 0.065789 0.552632
vt 0.065789 0.578947
vt 0.065789 0.578947
vt 0.065789 0.552632
vt 0.065789 0.552632
vt 0.065789 0.578947
vt 0.065789 0.552632
vt 0.065789 0.578947
vt 0.065789 0.578947
vt 0.065789 0.552632
vt 0.065789 0.552632
vt 0.065789 0.578947
vt 0.065789 0.605263
vt 0.065789 0.605263
vt 0.065789 0.605263
vt 0.065789 0.605263
vt 0.065789 0.605263
vt 0.065789 0.605263
vt 0.065789 0.631579
vt 0.065789 0.631579
vt 0.065789 0.631579
vt 0.065789 0.631579
vt 0.052632 0.631579
vt 0.052632 0.631579
vt 0.052632 0.657895
vt 0.052632 0.657895
vt 0.052632 0.657895
vt 0.052632 0.631579
vt 0.052632 0.631579
vt 0.052632 0.657895
vt 0.052632 0.631579
vt 0.052632 0.657895
vt 0.052632 0.684211
vt 0.052632 0.684211
vt 0.052632 0.684211
vt 0.052632 0.684211
vt 0.052632 0.684211
vt 0.052632 0.684211
vt 0.162281 0.763158
vt 0.162281 0.763158
vt 0.162281 0.736842
vt 0.162281 0.736842
vt 0.162281 0.763158
vt 0.162281 0.763158
vt 0.162281 0.736842
vt 0.162281 0.736842
vt 0.162281 0.736842
vt 0.162281 0.736842
vt 0.162281 0.736842
vt 0.162281 0.736842
vt 0.162281 0.736842
vt 0.162281 0.736842
vt 0.162281 0.736842
vt 0.162281 0.763158
vt 0.162281 0.763158
vt 0.162281 0.763158
vt 0.162281 0.736842
vt 0.162281 0.763158
vt 0.162281 0.736842
vt 0.131579 0.789474
vt 0.131579 0.763158
vt 0.131579 0.763158
vt 0.131579 0.789474
vt 0.131579 0.815789
vt 0.131579 0.815789
vt 0.131579 0.815789
vt 0.131579 0.815789
vt 0.131579 0.815789
vt 0.131579 0.815789
vt 0.131579 0.815789
vt 0.131579 0.815789
vt 0.131579 0.815789
vt 0.131579 0.000000
vt 0.131579 0.000000
vt 0.131579 0.026316
vt 0.131579 0.000000
vt 0.131579 0.000000
vt 0.131579 0.000000
vt 0.131579 0.000000
vt 0.131579 0.000000
vt 0.131579 0.000000
vt 0.131579 0.000000
vt 0.131579 0.026316
vt 0.171053 0.026316
vt 0.171053 0.026316
vt 0.171053 0.052632
vt 0.171053 0.026316
vt 0.171053 0.026316
vt 0.171053 0.026316
vt 0.171053 0.026316
vt 0.171053 0.026316
vt 0.171053 0.026316
vt 0.171053 0.052632
vt 0.184211 0.052632
vt 0.184211 0.078947
vt 0.184211 0.078947
vt 0.184211 0.052632
vt 0.184211 0.052632
vt 0.184211 0.078947
vt 0.184211 0.078947
vt 0.184211 0.052632
vt 0.210526 0.078947
vt 0.210526 0.105263
vt 0.210526 0.105263
vt 0.210526 0.078947
vt 0.210526 0.078947
vt 0.210526 0.105263
vt 0.210526 0.105263
vt 0.210526 0.078947
vt 0.210526 0.131579
vt 0.210526 0.131579
vt 0.210526 0.131579
vt 0.210526 0.131579
vt 0.210526 0.157895
vt 0.210526 0.157895
vt 0.210526 0.157895
vt 0.210526 0.157895
vt 0.210526 0.184211
vt 0.210526 0.184211
vt 0.210526 0.184211
vt 0.210526 0.184211
vt 0.210526 0.210526
vt 0.210526 0.210526
vt 0.210526 0.210526
vt 0.210526 0.210526
vt 0.184211 0.210526
vt 0.184211 0.236842
vt 0.184211 0.236842
vt 0.184211 0.210526
vt 0.184211 0.210526
vt 0.184211 0.236842
vt 0.184211 0.236842
vt 0.184211 0.210526
vt 0.184211 0.263158
vt 0.184211 0.263158
vt 0.184211 0.263158
vt 0.184211 0.263158
vt 0.184211 0.289474
vt 0.184211 0.289474
vt 0.184211 0.289474
vt 0.184211 0.289474
vt 0.171053 0.289474
vt 0.171053 0.315789
vt 0.171053 0.315789
vt 0.171053 0.289474
vt 0.171053 0.289474
vt 0.171053 0.315789
vt 0.171053 0.315789
vt 0.171053 0.289474
vt 0.157895 0.315789
vt 0.157895 0.342105
vt 0.157895 0.342105
vt 0.157895 0.315789
vt 0.157895 0.315789
vt 0.157895 0.342105
vt 0.157895 0.342105
vt 0.157895 0.315789
vt 0.157895 0.368421
vt 0.157895 0.368421
vt 0.157895 0.368421
vt 0.157895 0.368421
vt 0.131579 0.368421
vt 0.131579 0.394737
vt 0.131579 0.394737
vt 0.131579 0.368421
vt 0.131579 0.394737
vt 0.131579 0.368421
vt 0.131579 0.368421
vt 0.131579 0.394737
vt 0.131579 0.394737
vt 0.131579 0.368421
vt 0.131579 0.394737
vt 0.131579 0.368421
vt 0.144737 0.394737
vt 0.144737 0.421053
vt 0.144737 0.421053
vt 0.144737 0.394737
vt 0.144737 0.421053
vt 0.144737 0.394737
vt 0.144737 0.394737
vt 0.144737 0.421053
vt 0.144737 0.421053
vt 0.144737 0.394737
vt 0.144737 0.421053
vt 0.144737 0.394737
vt 0.144737 0.447368
vt 0.144737 0.447368
vt 0.144737 0.447368
vt 0.144737 0.447368
vt 0.144737 0.447368
vt 0.144737 0.447368
vt 0.174342 0.447368
vt 0.174342 0.473684
vt 0.174342 0.473684
vt 0.174342 0.447368
vt 0.174342 0.447368
vt 0.174342 0.473684
vt 0.174342 0.473684
vt 0.174342 0.473684
vt 0.174342 0.473684
vt 0.174342 0.473684
vt 0.174342 0.473684
vt 0.174342 0.473684
vt 0.174342 0.447368
vt 0.174342 0.473684
vt 0.174342 0.447368
vt 0.174342 0.447368
vt 0.092105 0.473684
vt 0.092105 0.500000
vt 0.092105 0.500000
vt 0.092105 0.473684
vt 0.092105 0.500000
vt 0.092105 0.473684
vt 0.092105 0.500000
vt 0.092105 0.473684
vt 0.092105 0.500000
vt 0.092105 0.473684
vt 0.092105 0.500000
vt 0.092105 0.526316
vt 0.092105 0.526316
vt 0.092105 0.526316
vt 0.092105 0.526316
vt 0.092105 0.500000
vt 0.078947 0.526316
vt 0.078947 0.552632
vt 0.078947 0.552632
vt 0.078947 0.526316
vt 0.078947 0.552632
vt 0.078947 0.526316
vt 0.078947 0.552632
vt 0.078947 0.552632
vt 0.078947 0.526316
vt 0.078947 0.552632
vt 0.065789 0.578947
vt 0.065789 0.552632
vt 0.065789 0.552632
vt 0.065789 0.578947
vt 0.065789 0.605263
vt 0.065789 0.605263
vt 0.065789 0.605263
vt 0.065789 0.631579
vt 0.065789 0.631579
vt 0.065789 0.631579
vt 0.065789 0.631579
vt 0.065789 0.631579
vt 0.065789 0.605263
vt 0.065789 0.631579
vt 0.052632 0.631579
vt 0.052632 0.657895
vt 0.052632 0.657895
vt 0.052632 0.631579
vt 0.052632 0.631579
vt 0.052632 0.657895
vt 0.052632 0.631579
vt 0.052632 0.657895
vt 0.052632 0.684211
vt 0.052632 0.684211
vt 0.052632 0.684211
vt 0.052632 0.684211
vt 0.052632 0.684211
vt 0.052632 0.684211
vt 0.039474 0.684211
vt 0.039474 0.684211
vt 0.039474 0.710526
vt 0.039474 0.710526
vt 0.039474 0.710526
vt 0.039474 0.684211
vt 0.039474 0.684211
vt 0.039474 0.710526
vt 0.039474 0.684211
vt 0.039474 0.710526
vt 0.039474 0.736842
vt 0.039474 0.736842
vt 0.039474 0.736842
vt 0.039474 0.736842
vt 0.039474 0.736842
vt 0.162281 0.763158
vt 0.162281 0.763158
vt 0.162281 0.736842
vt 0.162281 0.736842
vt 0.162281 0.763158
vt 0.162281 0.736842
vt 0.162281 0.736842
vt 0.162281 0.736842
vt 0.162281 0.736842
vt 0.162281 0.736842
vt 0.162281 0.736842
vt 0.162281 0.736842
vt 0.162281 0.736842
vt 0.162281 0.763158
vt 0.162281 0.763158
vt 0.162281 0.736842
vt 0.162281 0.763158
vt 0.162281 0.736842
vt 0.131579 0.763158
vt 0.131579 0.789474
vt 0.131579 0.789474
vt 0.131579 0.763158
vt 0.131579 0.789474
vt 0.131579 0.763158
vt 0.131579 0.763158
vt 0.131579 0.789474
vt 0.131579 0.789474
vt 0.131579 0.763158
vt 0.131579 0.789474
vt 0.131579 0.763158
vt 0.131579 0.815789
vt 0.131579 0.815789
vt 0.131579 0.815789
vt 0.131579 0.815789
vt 0.131579 0.815789
vt 0.131579 0.815789
vt 0.131579 0.815789
vt 0.131579 0.815789
vt 0.013158 0.815789
vt 0.013158 0.842105
vt 0.013158 0.842105
vt 0.013158 0.815789
vt 0.013158 0.815789
vt 0.013158 0.815789
vt 0.013158 0.842105
vt 0.013158 0.842105
vt 0.013158 0.842105
vt 0.013158 0.815789
vt 0.013158 0.815789
vt 0.013158 0.842105
vt 0.131579 0.000000
vt 0.131579 0.026316
vt 0.131579 0.026316
vt 0.131579 0.000000
vt 0.131579 0.026316
vt 0.131579 0.000000
vt 0.131579 0.000000
vt 0.131579 0.000000
vt 0.131579 0.000000
vt 0.131579 0.000000
vt 0.131579 0.026316
vt 0.131579 0.026316
vt 0.131579 0.000000
vt 0.131579 0.026316
vt 0.131579 0.000000
vt 0.171053 0.026316
vt 0.171053 0.052632
vt 0.171053 0.052632
vt 0.171053 0.026316
vt 0.171053 0.026316
vt 0.171053 0.026316
vt 0.171053 0.026316
vt 0.171053 0.052632
vt 0.171053 0.052632
vt 0.171053 0.026316
vt 0.184211 0.052632
vt 0.184211 0.078947
vt 0.184211 0.078947
vt 0.184211 0.052632
vt 0.184211 0.052632
vt 0.184211 0.078947
vt 0.184211 0.078947
vt 0.184211 0.052632
vt 0.210526 0.078947
vt 0.210526 0.078947
vt 0.210526 0.078947
vt 0.210526 0.105263
vt 0.210526 0.078947
vt 0.210526 0.078947
vt 0.210526 0.078947
vt 0.210526 0.105263
vt 0.210526 0.131579
vt 0.210526 0.131579
vt 0.210526 0.157895
vt 0.210526 0.157895
vt 0.210526 0.184211
vt 0.210526 0.184211
vt 0.210526 0.210526
vt 0.210526 0.210526
vt 0.210526 0.210526
vt 0.210526 0.210526
vt 0.210526 0.210526
vt 0.210526 0.210526
vt 0.184211 0.210526
vt 0.184211 0.236842
vt 0.184211 0.236842
vt 0.184211 0.210526
vt 0.184211 0.210526
vt 0.184211 0.236842
vt 0.184211 0.236842
vt 0.184211 0.210526
vt 0.184211 0.263158
vt 0.184211 0.263158
vt 0.184211 0.263158
vt 0.184211 0.263158
vt 0.184211 0.289474
vt 0.184211 0.289474
vt 0.184211 0.289474
vt 0.184211 0.289474
vt 0.184211 0.289474
vt 0.184211 0.289474
vt 0.171053 0.289474
vt 0.171053 0.315789
vt 0.171053 0.315789
vt 0.171053 0.289474
vt 0.171053 0.315789
vt 0.171053 0.289474
vt 0.171053 0.315789
vt 0.171053 0.315789
vt 0.171053 0.289474
vt 0.171053 0.315789
vt 0.157895 0.315789
vt 0.157895 0.342105
vt 0.157895 0.342105
vt 0.157895 0.315789
vt 0.157895 0.342105
vt 0.157895 0.315789
vt 0.157895 0.315789
vt 0.157895 0.342105
vt 0.157895 0.342105
vt 0.157895 0.315789
vt 0.157895 0.342105
vt 0.157895 0.315789
vt 0.157895 0.368421
vt 0.157895 0.368421
vt 0.157895 0.368421
vt 0.157895 0.368421
vt 0.157895 0.368421
vt 0.157895 0.368421
vt 0.157895 0.368421
vt 0.157895 0.368421
vt 0.157895 0.368421
vt 0.157895 0.368421
vt 0.131579 0.368421
vt 0.131579 0.394737
vt 0.131579 0.394737
vt 0.131579 0.368421
vt 0.131579 0.394737
vt 0.131579 0.368421
vt 0.131579 0.394737
vt 0.131579 0.368421
vt 0.131579 0.394737
vt 0.131579 0.368421
vt 0.144737 0.394737
vt 0.144737 0.421053
vt 0.144737 0.421053
vt 0.144737 0.394737
vt 0.144737 0.421053
vt 0.144737 0.394737
vt 0.144737 0.421053
vt 0.144737 0.394737
vt 0.144737 0.421053
vt 0.144737 0.394737
vt 0.144737 0.447368
vt 0.144737 0.447368
vt 0.144737 0.447368
vt 0.144737 0.447368
vt 0.144737 0.447368
vt 0.174342 0.447368
vt 0.174342 0.473684
vt 0.174342 0.473684
vt 0.174342 0.447368
vt 0.174342 0.447368
vt 0.174342 0.473684
vt 0.174342 0.447368
vt 0.174342 0.447368
vt 0.174342 0.473684
vt 0.174342 0.473684
vt 0.174342 0.473684
vt 0.174342 0.473684
vt 0.174342 0.473684
vt 0.174342 0.473684
vt 0.174342 0.473684
vt 0.174342 0.473684
vt 0.174342 0.447368
vt 0.174342 0.447368
vt 0.174342 0.447368
vt 0.174342 0.447368
vt 0.174342 0.473684
vt 0.174342 0.447368
vt 0.092105 0.500000
vt 0.092105 0.526316
vt 0.092105 0.526316
vt 0.092105 0.500000
vt 0.092105 0.526316
vt 0.092105 0.500000
vt 0.092105 0.526316
vt 0.092105 0.500000
vt 0.092105 0.526316
vt 0.092105 0.500000
vt 0.078947 0.526316
vt 0.078947 0.552632
vt 0.078947 0.552632
vt 0.078947 0.526316
vt 0.078947 0.552632
vt 0.078947 0.526316
vt 0.078947 0.552632
vt 0.078947 0.526316
vt 0.078947 0.552632
vt 0.078947 0.526316
vt 0.065789 0.552632
vt 0.065789 0.578947
vt 0.065789 0.578947
vt 0.065789 0.552632
vt 0.065789 0.578947
vt 0.065789 0.552632
vt 0.065789 0.578947
vt 0.065789 0.552632
vt 0.065789 0.578947
vt 0.065789 0.552632
vt 0.065789 0.605263
vt 0.065789 0.605263
vt 0.065789 0.605263
vt 0.065789 0.605263
vt 0.065789 0.605263
vt 0.065789 0.631579
vt 0.065789 0.631579
vt 0.052632 0.631579
vt 0.052632 0.657895
vt 0.052632 0.657895
vt 0.052632 0.631579
vt 0.052632 0.631579
vt 0.052632 0.657895
vt 0.052632 0.657895
vt 0.052632 0.631579
vt 0.052632 0.684211
vt 0.052632 0.684211
vt 0.052632 0.684211
vt 0.052632 0.684211
vt 0.039474 0.684211
vt 0.039474 0.710526
vt 0.039474 0.710526
vt 0.039474 0.684211
vt 0.039474 0.684211
vt 0.039474 0.710526
vt 0.039474 0.684211
vt 0.039474 0.710526
vt 0.039474 0.710526
vt 0.039474 0.684211
vt 0.039474 0.684211
vt 0.039474 0.710526
vt 0.039474 0.736842
vt 0.039474 0.736842
vt 0.039474 0.736842
vt 0.039474 0.736842
vt 0.039474 0.736842
vt 0.039474 0.736842
vt 0.162281 0.736842
vt 0.162281 0.763158
vt 0.162281 0.763158
vt 0.162281 0.736842
vt 0.162281 0.763158
vt 0.162281 0.736842
vt 0.162281 0.763158
vt 0.162281 0.763158
vt 0.162281 0.736842
vt 0.162281 0.763158
vt 0.162281 0.763158
vt 0.162281 0.736842
vt 0.162281 0.763158
vt 0.162281 0.763158
vt 0.162281 0.763158
vt 0.162281 0.763158
vt 0.162281 0.736842
vt 0.162281 0.736842
vt 0.162281 0.763158
vt 0.162281 0.736842
vt 0.162281 0.763158
vt 0.162281 0.736842
vt 0.162281 0.763158
vt 0.162281 0.736842
vt 0.131579 0.763158
vt 0.131579 0.789474
vt 0.131579 0.789474
vt 0.131579 0.763158
vt 0.131579 0.789474
vt 0.131579 0.763158
vt 0.131579 0.789474
vt 0.131579 0.763158
vt 0.131579 0.789474
vt 0.131579 0.763158
vt 0.131579 0.815789
vt 0.131579 0.815789
vt 0.131579 0.815789
vt 0.131579 0.815789
vt 0.131579 0.815789
vt 0.131579 0.815789
vt 0.131579 0.000000
vt 0.131579 0.026316
vt 0.131579 0.026316
vt 0.131579 0.000000
vt 0.131579 0.026316
vt 0.131579 0.000000
vt 0.131579 0.026316
vt 0.131579 0.000000
vt 0.131579 0.026316
vt 0.131579 0.000000
vt 0.171053 0.026316
vt 0.171053 0.052632
vt 0.171053 0.052632
vt 0.171053 0.026316
vt 0.171053 0.026316
vt 0.171053 0.026316
vt 0.171053 0.026316
vt 0.171053 0.026316
vt 0.171053 0.026316
vt 0.171053 0.026316
vt 0.171053 0.026316
vt 0.171053 0.026316
vt 0.171053 0.026316
vt 0.171053 0.052632
vt 0.171053 0.052632
vt 0.171053 0.026316
vt 0.184211 0.052632
vt 0.184211 0.078947
vt 0.184211 0.078947
vt 0.184211 0.052632
vt 0.184211 0.052632
vt 0.184211 0.078947
vt 0.184211 0.078947
vt 0.184211 0.052632
vt 0.210526 0.078947
vt 0.210526 0.105263
vt 0.210526 0.105263
vt 0.210526 0.078947
vt 0.210526 0.078947
vt 0.210526 0.078947
vt 0.210526 0.078947
vt 0.210526 0.078947
vt 0.210526 0.078947
vt 0.210526 0.105263
vt 0.210526 0.105263
vt 0.210526 0.078947
vt 0.210526 0.131579
vt 0.210526 0.131579
vt 0.210526 0.131579
vt 0.210526 0.131579
vt 0.210526 0.157895
vt 0.210526 0.157895
vt 0.210526 0.157895
vt 0.210526 0.157895
vt 0.210526 0.184211
vt 0.210526 0.184211
vt 0.210526 0.184211
vt 0.210526 0.184211
vt 0.210526 0.210526
vt 0.210526 0.210526
vt 0.210526 0.210526
vt 0.210526 0.210526
vt 0.210526 0.210526
vt 0.210526 0.210526
vt 0.210526 0.210526
vt 0.210526 0.210526
vt 0.184211 0.210526
vt 0.184211 0.236842
vt 0.184211 0.236842
vt 0.184211 0.210526
vt 0.184211 0.210526
vt 0.184211 0.236842
vt 0.184211 0.236842
vt 0.184211 0.210526
vt 0.184211 0.263158
vt 0.184211 0.263158
vt 0.184211 0.263158
vt 0.184211 0.263158
vt 0.184211 0.289474
vt 0.184211 0.289474
vt 0.184211 0.289474
vt 0.184211 0.289474
vt 0.184211 0.289474
vt 0.184211 0.289474
vt 0.171053 0.289474
vt 0.171053 0.315789
vt 0.171053 0.315789
vt 0.171053 0.289474
vt 0.171053 0.315789
vt 0.171053 0.315789
vt 0.171053 0.315789
vt 0.171053 0.315789
vt 0.171053 0.315789
vt 0.171053 0.315789
vt 0.171053 0.315789
vt 0.171053 0.289474
vt 0.171053 0.315789
vt 0.171053 0.289474
vt 0.157895 0.315789
vt 0.157895 0.342105
vt 0.157895 0.342105
vt 0.157895 0.315789
vt 0.157895 0.342105
vt 0.157895 0.315789
vt 0.157895 0.342105
vt 0.157895 0.315789
vt 0.157895 0.342105
vt 0.157895 0.315789
vt 0.157895 0.368421
vt 0.157895 0.368421
vt 0.157895 0.368421
vt 0.157895 0.368421
vt 0.157895 0.368421
vt 0.157895 0.368421
vt 0.157895 0.368421
vt 0.157895 0.368421
vt 0.174342 0.447368
vt 0.174342 0.473684
vt 0.174342 0.473684
vt 0.174342 0.447368
vt 0.174342 0.473684
vt 0.174342 0.447368
vt 0.174342 0.447368
vt 0.174342 0.473684
vt 0.174342 0.447368
vt 0.174342 0.447368
vt 0.174342 0.473684
vt 0.174342 0.447368
vt 0.174342 0.447368
vt 0.174342 0.473684
vt 0.174342 0.447368
vt 0.174342 0.473684
vt 0.174342 0.447368
vt 0.065789 0.605263
vt 0.065789 0.631579
vt 0.065789 0.631579
vt 0.065789 0.605263
vt 0.065789 0.631579
vt 0.065789 0.631579
vt 0.065789 0.605263
vt 0.065789 0.631579
vt 0.065789 0.605263
vt 0.065789 0.631579
vt 0.065789 0.605263
vt 0.065789 0.631579
vt 0.052632 0.631579
vt 0.052632 0.657895
vt 0.052632 0.657895
vt 0.052632 0.631579
vt 0.052632 0.657895
vt 0.052632 0.631579
vt 0.052632 0.684211
vt 0.052632 0.684211
vt 0.052632 0.684211
vt 0.039474 0.684211
vt 0.039474 0.710526
vt 0.039474 0.710526
vt 0.039474 0.684211
vt 0.039474 0.710526
vt 0.039474 0.684211
vt 0.039474 0.736842
vt 0.039474 0.736842
vt 0.039474 0.736842
vt 0.162281 0.736842
vt 0.162281 0.763158
vt 0.162281 0.763158
vt 0.162281 0.736842
vt 0.162281 0.763158
vt 0.162281 0.736842
vt 0.162281 0.763158
vt 0.162281 0.736842
vt 0.162281 0.763158
vt 0.162281 0.763158
vt 0.162281 0.736842
vt 0.162281 0.736842
vt 0.162281 0.763158
vt 0.162281 0.763158
vt 0.162281 0.763158
vt 0.162281 0.763158
vt 0.162281 0.763158
vt 0.162281 0.736842
vt 0.162281 0.736842
vt 0.162281 0.736842
vt 0.162281 0.763158
vt 0.162281 0.736842
vt 0.162281 0.763158
vt 0.162281 0.736842
vt 0.162281 0.763158
vt 0.162281 0.736842
vt 0.171053 0.026316
vt 0.171053 0.052632
vt 0.171053 0.052632
vt 0.171053 0.026316
vt 0.171053 0.026316
vt 0.171053 0.026316
vt 0.171053 0.026316
vt 0.171053 0.026316
vt 0.171053 0.026316
vt 0.171053 0.026316
vt 0.171053 0.026316
vt 0.171053 0.026316
vt 0.171053 0.026316
vt 0.171053 0.052632
vt 0.171053 0.052632
vt 0.171053 0.026316
vt 0.184211 0.052632
vt 0.184211 0.078947
vt 0.184211 0.078947
vt 0.184211 0.052632
vt 0.184211 0.052632
vt 0.184211 0.078947
vt 0.184211 0.078947
vt 0.184211 0.052632
vt 0.210526 0.078947
vt 0.210526 0.105263
vt 0.210526 0.105263
vt 0.210526 0.078947
vt 0.210526 0.078947
vt 0.210526 0.078947
vt 0.210526 0.078947
vt 0.210526 0.078947
vt 0.210526 0.078947
vt 0.210526 0.105263
vt 0.210526 0.105263
vt 0.210526 0.078947
vt 0.210526 0.131579
vt 0.210526 0.131579
vt 0.210526 0.131579
vt 0.210526 0.131579
vt 0.210526 0.157895
vt 0.210526 0.157895
vt 0.210526 0.157895
vt 0.210526 0.157895
vt 0.210526 0.184211
vt 0.210526 0.184211
vt 0.210526 0.184211
vt 0.210526 0.184211
vt 0.210526 0.210526
vt 0.210526 0.210526
vt 0.210526 0.210526
vt 0.210526 0.210526
vt 0.210526 0.210526
vt 0.210526 0.210526
vt 0.210526 0.210526
vt 0.210526 0.210526
vt 0.184211 0.210526
vt 0.184211 0.236842
vt 0.184211 0.236842
vt 0.184211 0.210526
vt 0.184211 0.210526
vt 0.184211 0.236842
vt 0.184211 0.236842
vt 0.184211 0.210526
vt 0.184211 0.263158
vt 0.184211 0.263158
vt 0.184211 0.263158
vt 0.184211 0.263158
vt 0.184211 0.289474
vt 0.184211 0.289474
vt 0.184211 0.289474
vt 0.184211 0.289474
vt 0.184211 0.289474
vt 0.184211 0.289474
vt 0.171053 0.289474
vt 0.171053 0.315789
vt 0.171053 0.315789
vt 0.171053 0.289474
vt 0.171053 0.315789
vt 0.171053 0.289474
vt 0.171053 0.315789
vt 0.171053 0.315789
vt 0.171053 0.289474
vt 0.171053 0.315789
vt 0.171053 0.315789
vt 0.171053 0.289474
vt 0.171053 0.315789
vt 0.171053 0.315789
vt 0.171053 0.289474
vt 0.171053 0.315789
vt 0.171053 0.289474
vt 0.162281 0.736842
vt 0.162281 0.763158
vt 0.162281 0.763158
vt 0.162281 0.736842
vt 0.162281 0.763158
vt 0.162281 0.736842
vt 0.162281 0.763158
vt 0.162281 0.736842
vt 0.162281 0.763158
vt 0.162281 0.736842
vt 0.162281 0.736842
vt 0.162281 0.763158
vt 0.162281 0.736842
vt 0.162281 0.763158
vt 0.162281 0.736842
vt 0.162281 0.763158
vt 0.162281 0.736842
vt 0.162281 0.763158
vt 0.162281 0.736842
vt 0.013158 0.947368
vt 0.013158 0.973684
vt 0.013158 0.973684
vt 0.013158 0.947368
vt 0.013158 0.947368
vt 0.013158 0.947368
vt 0.013158 0.973684
vt 0.013158 0.973684
vt 0.013158 0.973684
vt 0.013158 0.947368
vt 0.013158 0.947368
vt 0.013158 0.973684
vt 0.171053 0.026316
vt 0.171053 0.052632
vt 0.171053 0.052632
vt 0.171053 0.026316
vt 0.171053 0.052632
vt 0.171053 0.026316
vt 0.171053 0.052632
vt 0.171053 0.026316
vt 0.171053 0.052632
vt 0.171053 0.026316
vt 0.171053 0.052632
vt 0.171053 0.026316
vt 0.171053 0.052632
vt 0.171053 0.026316
vt 0.184211 0.052632
vt 0.184211 0.078947
vt 0.184211 0.078947
vt 0.184211 0.052632
vt 0.184211 0.078947
vt 0.184211 0.052632
vt 0.184211 0.078947
vt 0.184211 0.052632
vt 0.184211 0.078947
vt 0.184211 0.052632
vt 0.184211 0.078947
vt 0.184211 0.052632
vt 0.184211 0.078947
vt 0.184211 0.052632
vt 0.210526 0.078947
vt 0.210526 0.105263
vt 0.210526 0.105263
vt 0.210526 0.078947
vt 0.210526 0.105263
vt 0.210526 0.078947
vt 0.210526 0.078947
vt 0.210526 0.078947
vt 0.210526 0.105263
vt 0.210526 0.105263
vt 0.210526 0.078947
vt 0.210526 0.078947
vt 0.210526 0.105263
vt 0.210526 0.078947
vt 0.210526 0.131579
vt 0.210526 0.131579
vt 0.210526 0.131579
vt 0.210526 0.131579
vt 0.210526 0.131579
vt 0.210526 0.131579
vt 0.210526 0.157895
vt 0.210526 0.157895
vt 0.210526 0.157895
vt 0.210526 0.157895
vt 0.210526 0.157895
vt 0.210526 0.157895
vt 0.210526 0.184211
vt 0.210526 0.184211
vt 0.210526 0.184211
vt 0.210526 0.184211
vt 0.210526 0.184211
vt 0.210526 0.184211
vt 0.210526 0.210526
vt 0.210526 0.210526
vt 0.210526 0.210526
vt 0.210526 0.210526
vt 0.210526 0.210526
vt 0.210526 0.210526
vt 0.210526 0.210526
vt 0.210526 0.210526
vt 0.184211 0.210526
vt 0.184211 0.236842
vt 0.184211 0.236842
vt 0.184211 0.210526
vt 0.184211 0.236842
vt 0.184211 0.210526
vt 0.184211 0.236842
vt 0.184211 0.210526
vt 0.184211 0.236842
vt 0.184211 0.210526
vt 0.184211 0.236842
vt 0.184211 0.210526
vt 0.184211 0.236842
vt 0.184211 0.210526
vt 0.184211 0.263158
vt 0.184211 0.263158
vt 0.184211 0.263158
vt 0.184211 0.263158
vt 0.184211 0.263158
vt 0.184211 0.263158
vt 0.184211 0.263158
vt 0.184211 0.289474
vt 0.184211 0.289474
vt 0.184211 0.289474
vt 0.184211 0.289474
vt 0.184211 0.289474
vt 0.184211 0.289474
vt 0.184211 0.289474
vt 0.184211 0.289474
vt 0.184211 0.289474
vt 0.184211 0.289474
vt 0.184211 0.289474
vt 0.184211 0.289474
vt 0.162281 0.736842
vt 0.162281 0.763158
vt 0.162281 0.763158
vt 0.162281 0.736842
vt 0.162281 0.763158
vt 0.162281 0.736842
vt 0.162281 0.763158
vt 0.162281 0.736842
vt 0.162281 0.763158
vt 0.162281 0.736842
vt 0.162281 0.763158
vt 0.162281 0.736842
vt 0.162281 0.763158
vt 0.162281 0.736842
vt 0.210526 0.078947
vt 0.210526 0.105263
vt 0.210526 0.105263
vt 0.210526 0.078947
vt 0.210526 0.078947
vt 0.210526 0.105263
vt 0.210526 0.078947
vt 0.210526 0.078947
vt 0.210526 0.105263
vt 0.210526 0.078947
vt 0.210526 0.078947
vt 0.210526 0.105263
vt 0.210526 0.078947
vt 0.210526 0.078947
vt 0.210526 0.105263
vt 0.210526 0.078947
vt 0.210526 0.078947
vt 0.210526 0.105263
vt 0.210526 0.078947
vt 0.210526 0.131579
vt 0.210526 0.131579
vt 0.210526 0.131579
vt 0.210526 0.131579
vt 0.210526 0.131579
vt 0.210526 0.131579
vt 0.210526 0.131579
vt 0.210526 0.157895
vt 0.210526 0.157895
vt 0.210526 0.157895
vt 0.210526 0.157895
vt 0.210526 0.157895
vt 0.210526 0.157895
vt 0.210526 0.157895
vt 0.210526 0.184211
vt 0.210526 0.184211
vt 0.210526 0.184211
vt 0.210526 0.184211
vt 0.210526 0.184211
vt 0.210526 0.184211
vt 0.210526 0.184211
vt 0.210526 0.210526
vt 0.210526 0.210526
vt 0.210526 0.210526
vt 0.210526 0.210526
vt 0.210526 0.210526
vt 0.210526 0.210526
vt 0.210526 0.210526
vt 0.210526 0.210526
vt 0.210526 0.210526
vt 0.210526 0.210526
vt 0.210526 0.210526
vt 0.210526 0.210526
usemtl torchpart
f 1/1 2/2 3/3
f 1/1 3/3 4/4
f 1/1 5/5 6/6
f 1/1 6/6 2/2
f 1/1 4/4 7/7
f 1/1 7/7 5/5
f 2/2 8/8 9/9
f 2/2 9/9 3/3
f 2/2 6/6 10/10
f 2/2 10/10 8/8
f 8/8 11/11 12/12
f 8/8 12/12 9/9
f 8/8 10/10 13/13
f 8/8 13/13 11/11
f 11/11 14/14 15/15
f 11/11 15/15 12/12
f 11/11 13/13 16/16
f 11/11 16/16 14/14
f 14/14 17/17 18/18
f 14/14 18/18 15/15
f 14/14 16/16 19/19
f 14/14 19/19 17/17
f 17/17 20/20 21/21
f 17/17 21/21 18/18
f 17/17 19/19 22/22
f 17/17 22/22 20/20
f 20/20 22/22 23/23
f 20/20 23/23 21/21
f 4/4 3/3 24/24
f 4/4 24/24 25/25
f 4/4 25/25 26/26
f 4/4 26/26 7/7
f 3/3 9/9 27/27
f 3/3 27/27 24/24
f 9/9 12/12 28/28
f 9/9 28/28 27/27
f 12/12 15/15 29/29
f 12/12 29/29 28/28
f 15/15 18/18 30/30
f 15/15 30/30 29/29
f 18/18 21/21 31/31
f 18/18 31/31 30/30
f 21/21 23/23 32/32
f 21/21 32/32 31/31
f 25/25 24/24 33/33
f 25/25 33/33 34/34
f 25/25 34/34 35/35
f 25/25 35/35 26/26
f 24/24 27/27 36/36
f 24/24 36/36 33/33
f 27/27 28/28 37/37
f 27/27 37/37 36/36
f 28/28 29/29 38/38
f 28/28 38/38 37/37
f 29/29 30/30 39/39
f 29/29 39/39 38/38
f 30/30 31/31 40/40
f 30/30 40/40 39/39
f 31/31 32/32 41/41
f 31/31 41/41 40/40
f 34/34 33/33 42/42
f 34/34 42/42 43/43
f 34/34 43/43 44/44
f 34/34 44/44 35/35
f 33/33 36/36 45/45
f 33/33 45/45 42/42
f 36/36 37/37 46/46
f 36/36 46/46 45/45
f 37/37 38/38 47/47
f 37/37 47/47 46/46
f 38/38 39/39 48/48
f 38/38 48/48 47/47
f 39/39 40/40 49/49
f 39/39 49/49 48/48
f 40/40 41/41 50/50
f 40/40 50/50 49/49
f 43/43 42/42 51/51
f 43/43 51/51 52/52
f 52/52 51/51 53/53
f 52/52 53/53 54/54
f 43/43 52/52 54/54
f 43/43 54/54 44/44
f 42/42 45/45 55/55
f 42/42 55/55 51/51
f 51/51 55/55 56/56
f 51/51 56/56 53/53
f 45/45 46/46 57/57
f 45/45 57/57 55/55
f 55/55 57/57 58/58
f 55/55 58/58 56/56
f 46/46 47/47 59/59
f 46/46 59/59 57/57
f 57/57 59/59 60/60
f 57/57 60/60 58/58
f 47/47 48/48 61/61
f 47/47 61/61 59/59
f 59/59 61/61 62/62
f 59/59 62/62 60/60
f 48/48 49/49 63/63
f 48/48 63/63 61/61
f 61/61 63/63 64/64
f 61/61 64/64 62/62
f 49/49 50/50 64/64
f 49/49 64/64 63/63
f 65/65 66/66 67/67
f 65/65 67/67 68/68
f 68/68 67/67 69/69
f 68/68 69/69 70/70
f 65/65 71/71 72/72
f 65/65 72/72 66/66
f 65/65 68/68 70/70
f 65/65 70/70 71/71
f 66/66 73/73 74/74
f 66/66 74/74 67/67
f 67/67 74/74 75/75
f 67/67 75/75 69/69
f 66/66 72/72 76/76
f 66/66 76/76 73/73
f 73/73 77/77 78/78
f 73/73 78/78 74/74
f 74/74 78/78 79/79
f 74/74 79/79 75/75
f 73/73 76/76 80/80
f 73/73 80/80 77/77
f 77/77 81/81 82/82
f 77/77 82/82 78/78
f 78/78 82/82 83/83
f 78/78 83/83 79/79
f 77/77 80/80 84/84
f 77/77 84/84 81/81
f 81/81 85/85 86/86
f 81/81 86/86 82/82
f 82/82 86/86 87/87
f 82/82 87/87 83/83
f 81/81 84/84 88/88
f 81/81 88/88 85/85
f 85/85 89/89 90/90
f 85/85 90/90 86/86
f 86/86 90/90 91/91
f 86/86 91/91 87/87
f 85/85 88/88 92/92
f 85/85 92/92 89/89
f 89/89 92/92 91/91
f 89/89 91/91 90/90
f 93/93 94/94 95/95
f 93/93 95/95 96/96
f 93/93 97/97 98/98
f 93/93 98/98 94/94
f 93/93 96/96 99/99
f 93/93 99/99 97/97
f 94/94 100/100 101/101
f 94/94 101/101 95/95
f 94/94 98/98 102/102
f 94/94 102/102 100/100
f 100/100 103/103 104/104
f 100/100 104/104 101/101
f 100/100 102/102 105/105
f 100/100 105/105 103/103
f 103/103 106/106 107/107
f 103/103 107/107 104/104
f 103/103 105/105 108/108
f 103/103 108/108 106/106
f 106/106 109/109 110/110
f 106/106 110/110 107/107
f 106/106 108/108 111/111
f 106/106 111/111 109/109
f 109/109 112/112 113/113
f 109/109 113/113 110/110
f 109/109 111/111 114/114
f 109/109 114/114 112/112
f 112/112 114/114 115/115
f 112/112 115/115 113/113
f 116/116 117/117 118/118
f 116/116 118/118 119/119
f 116/116 120/120 121/121
f 116/116 121/121 117/117
f 116/116 119/119 122/122
f 116/116 122/122 120/120
f 117/117 5/5 7/7
f 117/117 7/7 118/118
f 117/117 121/121 123/123
f 117/117 123/123 5/5
f 22/22 124/124 125/125
f 22/22 125/125 23/23
f 22/22 126/126 127/127
f 22/22 127/127 124/124
f 124/124 128/128 129/129
f 124/124 129/129 125/125
f 124/124 127/127 130/130
f 124/124 130/130 128/128
f 128/128 130/130 131/131
f 128/128 131/131 129/129
f 119/119 118/118 132/132
f 119/119 132/132 133/133
f 119/119 133/133 134/134
f 119/119 134/134 122/122
f 118/118 7/7 26/26
f 118/118 26/26 132/132
f 23/23 125/125 135/135
f 23/23 135/135 32/32
f 125/125 129/129 136/136
f 125/125 136/136 135/135
f 129/129 131/131 137/137
f 129/129 137/137 136/136
f 133/133 132/132 138/138
f 133/133 138/138 139/139
f 133/133 139/139 140/140
f 133/133 140/140 134/134
f 132/132 26/26 35/35
f 132/132 35/35 138/138
f 32/32 135/135 141/141
f 32/32 141/141 41/41
f 135/135 136/136 142/142
f 135/135 142/142 141/141
f 136/136 137/137 143/143
f 136/136 143/143 142/142
f 139/139 138/138 144/144
f 139/139 144/144 145/145
f 139/139 145/145 146/146
f 139/139 146/146 140/140
f 138/138 35/35 44/44
f 138/138 44/44 144/144
f 41/41 141/141 147/147
f 41/41 147/147 50/50
f 141/141 142/142 148/148
f 141/141 148/148 147/147
f 142/142 143/143 149/149
f 142/142 149/149 148/148
f 145/145 144/144 150/150
f 145/145 150/150 151/151
f 151/151 150/150 152/152
f 151/151 152/152 153/153
f 145/145 151/151 153/153
f 145/145 153/153 146/146
f 144/144 44/44 54/54
f 144/144 54/54 150/150
f 150/150 54/54 154/154
f 150/150 154/154 152/152
f 50/50 147/147 155/155
f 50/50 155/155 64/64
f 64/64 155/155 156/156
f 64/64 156/156 157/157
f 147/147 148/148 158/158
f 147/147 158/158 155/155
f 155/155 158/158 159/159
f 155/155 159/159 156/156
f 148/148 149/149 159/159
f 148/148 159/159 158/158
f 160/160 161/161 162/162
f 160/160 162/162 163/163
f 160/160 163/163 164/164
f 160/160 164/164 165/165
f 161/161 166/166 167/167
f 161/161 167/167 162/162
f 166/166 168/168 169/169
f 166/166 169/169 167/167
f 168/168 170/170 171/171
f 168/168 171/171 169/169
f 170/170 172/172 173/173
f 170/170 173/173 171/171
f 172/172 174/174 175/175
f 172/172 175/175 173/173
f 174/174 176/176 177/177
f 174/174 177/177 175/175
f 163/163 162/162 178/178
f 163/163 178/178 179/179
f 163/163 179/179 180/180
f 163/163 180/180 164/164
f 162/162 167/167 181/181
f 162/162 181/181 178/178
f 167/167 169/169 182/182
f 167/167 182/182 181/181
f 169/169 171/171 183/183
f 169/169 183/183 182/182
f 171/171 173/173 184/184
f 171/171 184/184 183/183
f 173/173 175/175 185/185
f 173/173 185/185 184/184
f 175/175 177/177 186/186
f 175/175 186/186 185/185
f 179/179 178/178 187/187
f 179/179 187/187 188/188
f 179/179 188/188 189/189
f 179/179 189/189 180/180
f 178/178 181/181 190/190
f 178/178 190/190 187/187
f 181/181 182/182 191/191
f 181/181 191/191 190/190
f 182/182 183/183 192/192
f 182/182 192/192 191/191
f 183/183 184/184 193/193
f 183/183 193/193 192/192
f 184/184 185/185 194/194
f 184/184 194/194 193/193
f 185/185 186/186 195/195
f 185/185 195/195 194/194
f 196/196 197/197 198/198
f 196/196 198/198 199/199
f 199/199 198/198 200/200
f 199/199 200/200 201/201
f 196/196 199/199 201/201
f 196/196 201/201 202/202
f 197/197 203/203 204/204
f 197/197 204/204 198/198
f 203/203 205/205 206/206
f 203/203 206/206 204/204
f 205/205 207/207 208/208
f 205/205 208/208 206/206
f 207/207 209/209 210/210
f 207/207 210/210 208/208
f 209/209 211/211 212/212
f 209/209 212/212 210/210
f 210/210 212/212 213/213
f 210/210 213/213 214/214
f 211/211 215/215 213/213
f 211/211 213/213 212/212
f 216/216 217/217 218/218
f 216/216 218/218 219/219
f 216/216 219/219 220/220
f 216/216 220/220 221/221
f 217/217 222/222 223/223
f 217/217 223/223 218/218
f 222/222 224/224 225/225
f 222/222 225/225 223/223
f 224/224 226/226 227/227
f 224/224 227/227 225/225
f 226/226 228/228 229/229
f 226/226 229/229 227/227
f 219/219 218/218 230/230
f 219/219 230/230 231/231
f 231/231 230/230 232/232
f 231/231 232/232 233/233
f 219/219 231/231 233/233
f 219/219 233/233 220/220
f 218/218 223/223 234/234
f 218/218 234/234 230/230
f 230/230 234/234 235/235
f 230/230 235/235 232/232
f 223/223 225/225 236/236
f 223/223 236/236 234/234
f 234/234 236/236 237/237
f 234/234 237/237 235/235
f 225/225 227/227 238/238
f 225/225 238/238 236/236
f 236/236 238/238 239/239
f 236/236 239/239 237/237
f 227/227 229/229 239/239
f 227/227 239/239 238/238
f 240/240 241/241 242/242
f 240/240 242/242 243/243
f 240/240 244/244 245/245
f 240/240 245/245 241/241
f 240/240 243/243 246/246
f 240/240 246/246 244/244
f 241/241 247/247 248/248
f 241/241 248/248 242/242
f 241/241 245/245 249/249
f 241/241 249/249 247/247
f 247/247 250/250 251/251
f 247/247 251/251 248/248
f 247/247 249/249 252/252
f 247/247 252/252 250/250
f 250/250 253/253 254/254
f 250/250 254/254 251/251
f 250/250 252/252 255/255
f 250/250 255/255 253/253
f 253/253 255/255 256/256
f 253/253 256/256 254/254
f 243/243 242/242 257/257
f 243/243 257/257 258/258
f 243/243 258/258 259/259
f 243/243 259/259 246/246
f 242/242 248/248 260/260
f 242/242 260/260 257/257
f 248/248 251/251 261/261
f 248/248 261/261 260/260
f 251/251 254/254 262/262
f 251/251 262/262 261/261
f 254/254 256/256 263/263
f 254/254 263/263 262/262
f 264/264 71/71 70/70
f 264/264 70/70 265/265
f 265/265 70/70 266/266
f 265/265 266/266 267/267
f 264/264 268/268 269/269
f 264/264 269/269 71/71
f 264/264 265/265 267/267
f 264/264 267/267 268/268
f 70/70 69/69 270/270
f 70/70 270/270 266/266
f 71/71 269/269 271/271
f 71/71 271/271 72/72
f 69/69 75/75 272/272
f 69/69 272/272 270/270
f 75/75 79/79 273/273
f 75/75 273/273 272/272
f 79/79 83/83 274/274
f 79/79 274/274 273/273
f 83/83 87/87 275/275
f 83/83 275/275 274/274
f 87/87 91/91 276/276
f 87/87 276/276 275/275
f 88/88 277/277 278/278
f 88/88 278/278 92/92
f 92/92 279/279 280/280
f 92/92 280/280 91/91
f 91/91 280/280 281/281
f 91/91 281/281 276/276
f 92/92 278/278 282/282
f 92/92 282/282 279/279
f 279/279 282/282 281/281
f 279/279 281/281 280/280
f 283/283 284/284 285/285
f 283/283 285/285 286/286
f 283/283 287/287 288/288
f 283/283 288/288 284/284
f 283/283 286/286 289/289
f 283/283 289/289 287/287
f 284/284 290/290 291/291
f 284/284 291/291 285/285
f 284/284 288/288 292/292
f 284/284 292/292 290/290
f 290/290 293/293 294/294
f 290/290 294/294 291/291
f 290/290 292/292 295/295
f 290/290 295/295 293/293
f 293/293 296/296 297/297
f 293/293 297/297 294/294
f 293/293 295/295 298/298
f 293/293 298/298 296/296
f 296/296 299/299 300/300
f 296/296 300/300 297/297
f 296/296 298/298 301/301
f 296/296 301/301 299/299
f 299/299 302/302 303/303
f 299/299 303/303 300/300
f 299/299 301/301 304/304
f 299/299 304/304 302/302
f 302/302 304/304 305/305
f 302/302 305/305 303/303
f 306/306 97/97 99/99
f 306/306 99/99 307/307
f 306/306 308/308 309/309
f 306/306 309/309 97/97
f 306/306 307/307 310/310
f 306/306 310/310 308/308
f 114/114 311/311 312/312
f 114/114 312/312 115/115
f 114/114 313/313 314/314
f 114/114 314/314 311/311
f 311/311 314/314 315/315
f 311/311 315/315 312/312
f 316/316 120/120 122/122
f 316/316 122/122 317/317
f 316/316 318/318 319/319
f 316/316 319/319 120/120
f 316/316 317/317 320/320
f 316/316 320/320 318/318
f 120/120 319/319 321/321
f 120/120 321/321 121/121
f 127/127 322/322 323/323
f 127/127 323/323 130/130
f 130/130 324/324 325/325
f 130/130 325/325 131/131
f 130/130 323/323 326/326
f 130/130 326/326 324/324
f 324/324 326/326 327/327
f 324/324 327/327 325/325
f 317/317 122/122 134/134
f 317/317 134/134 328/328
f 317/317 328/328 329/329
f 317/317 329/329 320/320
f 131/131 325/325 330/330
f 131/131 330/330 137/137
f 325/325 327/327 331/331
f 325/325 331/331 330/330
f 328/328 134/134 140/140
f 328/328 140/140 332/332
f 328/328 332/332 333/333
f 328/328 333/333 329/329
f 137/137 330/330 334/334
f 137/137 334/334 143/143
f 330/330 331/331 335/335
f 330/330 335/335 334/334
f 332/332 140/140 146/146
f 332/332 146/146 336/336
f 332/332 336/336 337/337
f 332/332 337/337 333/333
f 143/143 334/334 338/338
f 143/143 338/338 149/149
f 334/334 335/335 339/339
f 334/334 339/339 338/338
f 336/336 146/146 153/153
f 336/336 153/153 340/340
f 340/340 153/153 341/341
f 340/340 341/341 342/342
f 336/336 340/340 342/342
f 336/336 342/342 337/337
f 153/153 152/152 343/343
f 153/153 343/343 341/341
f 156/156 159/159 344/344
f 156/156 344/344 345/345
f 149/149 338/338 346/346
f 149/149 346/346 159/159
f 159/159 346/346 347/347
f 159/159 347/347 344/344
f 338/338 339/339 347/347
f 338/338 347/347 346/346
f 348/348 165/165 164/164
f 348/348 164/164 349/349
f 348/348 349/349 350/350
f 348/348 350/350 351/351
f 176/176 352/352 353/353
f 176/176 353/353 177/177
f 352/352 354/354 355/355
f 352/352 355/355 353/353
f 349/349 164/164 180/180
f 349/349 180/180 356/356
f 349/349 356/356 357/357
f 349/349 357/357 350/350
f 177/177 353/353 358/358
f 177/177 358/358 186/186
f 353/353 355/355 359/359
f 353/353 359/359 358/358
f 356/356 180/180 189/189
f 356/356 189/189 360/360
f 356/356 360/360 361/361
f 356/356 361/361 357/357
f 186/186 358/358 362/362
f 186/186 362/362 195/195
f 358/358 359/359 363/363
f 358/358 363/363 362/362
f 364/364 202/202 201/201
f 364/364 201/201 365/365
f 364/364 365/365 366/366
f 364/364 366/366 367/367
f 215/215 368/368 369/369
f 215/215 369/369 213/213
f 368/368 370/370 371/371
f 368/368 371/371 369/369
f 372/372 373/373 374/374
f 372/372 374/374 375/375
f 372/372 375/375 376/376
f 372/372 376/376 377/377
f 373/373 221/221 220/220
f 373/373 220/220 374/374
f 228/228 378/378 379/379
f 228/228 379/379 229/229
f 378/378 380/380 381/381
f 378/378 381/381 379/379
f 380/380 382/382 383/383
f 380/380 383/383 381/381
f 375/375 374/374 384/384
f 375/375 384/384 385/385
f 385/385 384/384 386/386
f 385/385 386/386 387/387
f 375/375 385/385 387/387
f 375/375 387/387 376/376
f 374/374 220/220 233/233
f 374/374 233/233 384/384
f 384/384 233/233 388/388
f 384/384 388/388 386/386
f 229/229 379/379 389/389
f 229/229 389/389 239/239
f 239/239 389/389 390/390
f 239/239 390/390 391/391
f 379/379 381/381 392/392
f 379/379 392/392 389/389
f 389/389 392/392 393/393
f 389/389 393/393 390/390
f 381/381 383/383 393/393
f 381/381 393/393 392/392
f 394/394 395/395 396/396
f 394/394 396/396 397/397
f 394/394 397/397 398/398
f 394/394 398/398 399/399
f 395/395 400/400 401/401
f 395/395 401/401 396/396
f 400/400 402/402 403/403
f 400/400 403/403 401/401
f 402/402 404/404 405/405
f 402/402 405/405 403/403
f 404/404 406/406 407/407
f 404/404 407/407 405/405
f 408/408 409/409 410/410
f 408/408 410/410 411/411
f 408/408 412/412 413/413
f 408/408 413/413 409/409
f 408/408 411/411 414/414
f 408/408 414/414 412/412
f 409/409 244/244 246/246
f 409/409 246/246 410/410
f 409/409 413/413 415/415
f 409/409 415/415 244/244
f 255/255 416/416 417/417
f 255/255 417/417 256/256
f 255/255 418/418 419/419
f 255/255 419/419 416/416
f 416/416 420/420 421/421
f 416/416 421/421 417/417
f 416/416 419/419 422/422
f 416/416 422/422 420/420
f 420/420 422/422 423/423
f 420/420 423/423 421/421
f 411/411 410/410 424/424
f 411/411 424/424 425/425
f 411/411 425/425 426/426
f 411/411 426/426 414/414
f 410/410 246/246 259/259
f 410/410 259/259 424/424
f 256/256 417/417 427/427
f 256/256 427/427 263/263
f 417/417 421/421 428/428
f 417/417 428/428 427/427
f 421/421 423/423 429/429
f 421/421 429/429 428/428
f 430/430 268/268 267/267
f 430/430 267/267 431/431
f 431/431 267/267 432/432
f 431/431 432/432 433/433
f 430/430 434/434 435/435
f 430/430 435/435 268/268
f 430/430 431/431 433/433
f 430/430 433/433 434/434
f 267/267 266/266 436/436
f 267/267 436/436 432/432
f 266/266 270/270 437/437
f 266/266 437/437 436/436
f 270/270 272/272 438/438
f 270/270 438/438 437/437
f 272/272 273/273 439/439
f 272/272 439/439 438/438
f 273/273 274/274 440/440
f 273/273 440/440 439/439
f 274/274 275/275 441/441
f 274/274 441/441 440/440
f 275/275 276/276 442/442
f 275/275 442/442 441/441
f 276/276 281/281 443/443
f 276/276 443/443 442/442
f 282/282 444/444 445/445
f 282/282 445/445 281/281
f 281/281 445/445 446/446
f 281/281 446/446 443/443
f 282/282 447/447 448/448
f 282/282 448/448 444/444
f 444/444 448/448 446/446
f 444/444 446/446 445/445
f 449/449 450/450 451/451
f 449/449 451/451 452/452
f 449/449 453/453 454/454
f 449/449 454/454 450/450
f 449/449 452/452 455/455
f 449/449 455/455 453/453
f 450/450 456/456 457/457
f 450/450 457/457 451/451
f 450/450 454/454 458/458
f 450/450 458/458 456/456
f 456/456 459/459 460/460
f 456/456 460/460 457/457
f 456/456 458/458 461/461
f 456/456 461/461 459/459
f 459/459 462/462 463/463
f 459/459 463/463 460/460
f 459/459 461/461 464/464
f 459/459 464/464 462/462
f 462/462 464/464 465/465
f 462/462 465/465 463/463
f 452/452 451/451 466/466
f 452/452 466/466 467/467
f 467/467 466/466 468/468
f 467/467 468/468 469/469
f 452/452 467/467 469/469
f 452/452 469/469 455/455
f 451/451 457/457 470/470
f 451/451 470/470 466/466
f 466/466 470/470 471/471
f 466/466 471/471 468/468
f 457/457 460/460 472/472
f 457/457 472/472 470/470
f 470/470 472/472 473/473
f 470/470 473/473 471/471
f 460/460 463/463 474/474
f 460/460 474/474 472/472
f 472/472 474/474 475/475
f 472/472 475/475 473/473
f 463/463 465/465 475/475
f 463/463 475/475 474/474
f 476/476 477/477 478/478
f 476/476 478/478 479/479
f 476/476 480/480 481/481
f 476/476 481/481 477/477
f 476/476 479/479 482/482
f 476/476 482/482 480/480
f 477/477 483/483 484/484
f 477/477 484/484 478/478
f 477/477 481/481 485/485
f 477/477 485/485 483/483
f 483/483 486/486 487/487
f 483/483 487/487 484/484
f 483/483 485/485 488/488
f 483/483 488/488 486/486
f 486/486 489/489 490/490
f 486/486 490/490 487/487
f 486/486 488/488 491/491
f 486/486 491/491 489/489
f 489/489 491/491 492/492
f 489/489 492/492 490/490
f 493/493 287/287 289/289
f 493/493 289/289 494/494
f 493/493 495/495 496/496
f 493/493 496/496 287/287
f 493/493 494/494 497/497
f 493/493 497/497 495/495
f 287/287 496/496 498/498
f 287/287 498/498 288/288
f 301/301 499/499 500/500
f 301/301 500/500 304/304
f 304/304 501/501 502/502
f 304/304 502/502 305/305
f 304/304 500/500 503/503
f 304/304 503/503 501/501
f 501/501 503/503 504/504
f 501/501 504/504 502/502
f 505/505 308/308 310/310
f 505/505 310/310 506/506
f 505/505 507/507 508/508
f 505/505 508/508 308/308
f 505/505 506/506 509/509
f 505/505 509/509 507/507
f 314/314 510/510 511/511
f 314/314 511/511 315/315
f 314/314 512/512 513/513
f 314/314 513/513 510/510
f 510/510 513/513 514/514
f 510/510 514/514 511/511
f 515/515 318/318 320/320
f 515/515 320/320 516/516
f 515/515 517/517 518/518
f 515/515 518/518 318/318
f 515/515 516/516 519/519
f 515/515 519/519 517/517
f 318/318 518/518 520/520
f 318/318 520/520 319/319
f 323/323 521/521 522/522
f 323/323 522/522 326/326
f 326/326 523/523 524/524
f 326/326 524/524 327/327
f 326/326 522/522 525/525
f 326/326 525/525 523/523
f 523/523 525/525 526/526
f 523/523 526/526 524/524
f 516/516 320/320 329/329
f 516/516 329/329 527/527
f 516/516 527/527 528/528
f 516/516 528/528 519/519
f 327/327 524/524 529/529
f 327/327 529/529 331/331
f 524/524 526/526 530/530
f 524/524 530/530 529/529
f 527/527 329/329 333/333
f 527/527 333/333 531/531
f 527/527 531/531 532/532
f 527/527 532/532 528/528
f 331/331 529/529 533/533
f 331/331 533/533 335/335
f 529/529 530/530 534/534
f 529/529 534/534 533/533
f 531/531 333/333 337/337
f 531/531 337/337 535/535
f 531/531 535/535 536/536
f 531/531 536/536 532/532
f 335/335 533/533 537/537
f 335/335 537/537 339/339
f 533/533 534/534 538/538
f 533/533 538/538 537/537
f 535/535 337/337 342/342
f 535/535 342/342 539/539
f 539/539 342/342 540/540
f 539/539 540/540 541/541
f 535/535 539/539 541/541
f 535/535 541/541 536/536
f 342/342 341/341 542/542
f 342/342 542/542 540/540
f 344/344 347/347 543/543
f 344/344 543/543 544/544
f 339/339 537/537 545/545
f 339/339 545/545 347/347
f 347/347 545/545 546/546
f 347/347 546/546 543/543
f 537/537 538/538 546/546
f 537/537 546/546 545/545
f 547/547 351/351 350/350
f 547/547 350/350 548/548
f 547/547 548/548 549/549
f 547/547 549/549 550/550
f 354/354 551/551 552/552
f 354/354 552/552 355/355
f 551/551 553/553 554/554
f 551/551 554/554 552/552
f 548/548 350/350 357/357
f 548/548 357/357 555/555
f 548/548 555/555 556/556
f 548/548 556/556 549/549
f 355/355 552/552 557/557
f 355/355 557/557 359/359
f 552/552 554/554 558/558
f 552/552 558/558 557/557
f 555/555 357/357 361/361
f 555/555 361/361 559/559
f 555/555 559/559 560/560
f 555/555 560/560 556/556
f 359/359 557/557 561/561
f 359/359 561/561 363/363
f 557/557 558/558 562/562
f 557/557 562/562 561/561
f 563/563 367/367 366/366
f 563/563 366/366 564/564
f 563/563 564/564 565/565
f 563/563 565/565 566/566
f 370/370 567/567 568/568
f 370/370 568/568 371/371
f 567/567 569/569 570/570
f 567/567 570/570 568/568
f 571/571 377/377 376/376
f 571/571 376/376 572/572
f 571/571 572/572 573/573
f 571/571 573/573 574/574
f 382/382 575/575 576/576
f 382/382 576/576 383/383
f 575/575 577/577 578/578
f 575/575 578/578 576/576
f 572/572 376/376 387/387
f 572/572 387/387 579/579
f 579/579 387/387 580/580
f 579/579 580/580 581/581
f 572/572 579/579 581/581
f 572/572 581/581 573/573
f 383/383 576/576 582/582
f 383/383 582/582 393/393
f 393/393 582/582 583/583
f 393/393 583/583 584/584
f 576/576 578/578 583/583
f 576/576 583/583 582/582
f 585/585 586/586 587/587
f 585/585 587/587 588/588
f 585/585 588/588 589/589
f 585/585 589/589 590/590
f 586/586 399/399 398/398
f 586/586 398/398 587/587
f 406/406 591/591 592/592
f 406/406 592/592 407/407
f 591/591 593/593 594/594
f 591/591 594/594 592/592
f 593/593 595/595 596/596
f 593/593 596/596 594/594
f 597/597 412/412 414/414
f 597/597 414/414 598/598
f 597/597 599/599 600/600
f 597/597 600/600 412/412
f 597/597 598/598 601/601
f 597/597 601/601 599/599
f 422/422 602/602 603/603
f 422/422 603/603 423/423
f 422/422 604/604 605/605
f 422/422 605/605 602/602
f 602/602 605/605 606/606
f 602/602 606/606 603/603
f 598/598 414/414 426/426
f 598/598 426/426 607/607
f 598/598 607/607 608/608
f 598/598 608/608 601/601
f 423/423 603/603 609/609
f 423/423 609/609 429/429
f 603/603 606/606 610/610
f 603/603 610/610 609/609
f 611/611 434/434 433/433
f 611/611 433/433 612/612
f 612/612 433/433 613/613
f 612/612 613/613 614/614
f 611/611 615/615 616/616
f 611/611 616/616 434/434
f 611/611 612/612 614/614
f 611/611 614/614 615/615
f 433/433 432/432 617/617
f 433/433 617/617 613/613
f 432/432 436/436 618/618
f 432/432 618/618 617/617
f 436/436 437/437 619/619
f 436/436 619/619 618/618
f 437/437 438/438 620/620
f 437/437 620/620 619/619
f 438/438 439/439 621/621
f 438/438 621/621 620/620
f 439/439 440/440 622/622
f 439/439 622/622 621/621
f 440/440 441/441 623/623
f 440/440 623/623 622/622
f 441/441 442/442 624/624
f 441/441 624/624 623/623
f 442/442 443/443 625/625
f 442/442 625/625 624/624
f 443/443 446/446 626/626
f 443/443 626/626 625/625
f 448/448 627/627 628/628
f 448/448 628/628 446/446
f 446/446 628/628 629/629
f 446/446 629/629 626/626
f 448/448 630/630 631/631
f 448/448 631/631 627/627
f 627/627 631/631 629/629
f 627/627 629/629 628/628
f 632/632 633/633 634/634
f 632/632 634/634 635/635
f 632/632 636/636 637/637
f 632/632 637/637 633/633
f 632/632 635/635 638/638
f 632/632 638/638 636/636
f 633/633 639/639 640/640
f 633/633 640/640 634/634
f 633/633 637/637 641/641
f 633/633 641/641 639/639
f 639/639 642/642 643/643
f 639/639 643/643 640/640
f 639/639 641/641 644/644
f 639/639 644/644 642/642
f 642/642 645/645 646/646
f 642/642 646/646 643/643
f 642/642 644/644 647/647
f 642/642 647/647 645/645
f 645/645 647/647 648/648
f 645/645 648/648 646/646
f 649/649 650/650 651/651
f 649/649 651/651 652/652
f 649/649 653/653 654/654
f 649/649 654/654 650/650
f 649/649 652/652 655/655
f 649/649 655/655 653/653
f 650/650 453/453 455/455
f 650/650 455/455 651/651
f 650/650 654/654 656/656
f 650/650 656/656 453/453
f 464/464 657/657 658/658
f 464/464 658/658 465/465
f 464/464 659/659 660/660
f 464/464 660/660 657/657
f 657/657 661/661 662/662
f 657/657 662/662 658/658
f 657/657 660/660 663/663
f 657/657 663/663 661/661
f 661/661 663/663 664/664
f 661/661 664/664 662/662
f 652/652 651/651 665/665
f 652/652 665/665 666/666
f 666/666 665/665 667/667
f 666/666 667/667 668/668
f 652/652 666/666 668/668
f 652/652 668/668 655/655
f 651/651 455/455 469/469
f 651/651 469/469 665/665
f 665/665 469/469 669/669
f 665/665 669/669 667/667
f 469/469 468/468 670/670
f 469/469 670/670 669/669
f 468/468 471/471 671/671
f 468/468 671/671 670/670
f 471/471 473/473 672/672
f 471/471 672/672 671/671
f 473/473 475/475 673/673
f 473/473 673/673 672/672
f 465/465 658/658 674/674
f 465/465 674/674 475/475
f 475/475 674/674 675/675
f 475/475 675/675 673/673
f 658/658 662/662 676/676
f 658/658 676/676 674/674
f 674/674 676/676 677/677
f 674/674 677/677 675/675
f 662/662 664/664 677/677
f 662/662 677/677 676/676
f 678/678 679/679 680/680
f 678/678 680/680 681/681
f 678/678 682/682 683/683
f 678/678 683/683 679/679
f 678/678 681/681 684/684
f 678/678 684/684 682/682
f 679/679 480/480 482/482
f 679/679 482/482 680/680
f 679/679 683/683 685/685
f 679/679 685/685 480/480
f 480/480 685/685 686/686
f 480/480 686/686 481/481
f 481/481 686/686 687/687
f 481/481 687/687 485/485
f 485/485 687/687 688/688
f 485/485 688/688 488/488
f 488/488 688/688 689/689
f 488/488 689/689 491/491
f 491/491 690/690 691/691
f 491/491 691/691 492/492
f 491/491 689/689 692/692
f 491/491 692/692 690/690
f 690/690 693/693 694/694
f 690/690 694/694 691/691
f 690/690 692/692 695/695
f 690/690 695/695 693/693
f 693/693 695/695 696/696
f 693/693 696/696 694/694
f 697/697 495/495 497/497
f 697/697 497/497 698/698
f 697/697 699/699 700/700
f 697/697 700/700 495/495
f 697/697 698/698 701/701
f 697/697 701/701 699/699
f 503/503 702/702 703/703
f 503/503 703/703 504/504
f 503/503 704/704 705/705
f 503/503 705/705 702/702
f 702/702 705/705 706/706
f 702/702 706/706 703/703
f 707/707 507/507 509/509
f 707/707 509/509 708/708
f 707/707 709/709 710/710
f 707/707 710/710 507/507
f 707/707 708/708 711/711
f 707/707 711/711 709/709
f 513/513 712/712 713/713
f 513/513 713/713 514/514
f 513/513 714/714 715/715
f 513/513 715/715 712/712
f 712/712 715/715 716/716
f 712/712 716/716 713/713
f 517/517 717/717 718/718
f 517/517 718/718 518/518
f 517/517 519/519 719/719
f 517/517 719/719 717/717
f 522/522 720/720 721/721
f 522/522 721/721 525/525
f 525/525 721/721 722/722
f 525/525 722/722 526/526
f 519/519 528/528 723/723
f 519/519 723/723 719/719
f 526/526 722/722 724/724
f 526/526 724/724 530/530
f 528/528 532/532 725/725
f 528/528 725/725 723/723
f 530/530 724/724 726/726
f 530/530 726/726 534/534
f 532/532 536/536 727/727
f 532/532 727/727 725/725
f 534/534 726/726 728/728
f 534/534 728/728 538/538
f 541/541 540/540 729/729
f 541/541 729/729 730/730
f 536/536 541/541 730/730
f 536/536 730/730 727/727
f 543/543 546/546 731/731
f 543/543 731/731 732/732
f 538/538 728/728 731/731
f 538/538 731/731 546/546
f 733/733 550/550 549/549
f 733/733 549/549 734/734
f 733/733 734/734 735/735
f 733/733 735/735 736/736
f 553/553 737/737 738/738
f 553/553 738/738 554/554
f 737/737 739/739 740/740
f 737/737 740/740 738/738
f 734/734 549/549 556/556
f 734/734 556/556 741/741
f 734/734 741/741 742/742
f 734/734 742/742 735/735
f 554/554 738/738 743/743
f 554/554 743/743 558/558
f 738/738 740/740 744/744
f 738/738 744/744 743/743
f 741/741 556/556 560/560
f 741/741 560/560 745/745
f 741/741 745/745 746/746
f 741/741 746/746 742/742
f 558/558 743/743 747/747
f 558/558 747/747 562/562
f 743/743 744/744 748/748
f 743/743 748/748 747/747
f 749/749 566/566 565/565
f 749/749 565/565 750/750
f 750/750 565/565 751/751
f 750/750 751/751 752/752
f 749/749 750/750 752/752
f 749/749 752/752 753/753
f 569/569 754/754 755/755
f 569/569 755/755 570/570
f 570/570 755/755 756/756
f 570/570 756/756 757/757
f 754/754 758/758 756/756
f 754/754 756/756 755/755
f 574/574 573/573 759/759
f 574/574 759/759 760/760
f 577/577 761/761 762/762
f 577/577 762/762 578/578
f 581/581 580/580 763/763
f 581/581 763/763 764/764
f 573/573 581/581 764/764
f 573/573 764/764 759/759
f 584/584 583/583 765/765
f 584/584 765/765 766/766
f 578/578 762/762 765/765
f 578/578 765/765 583/583
f 590/590 589/589 767/767
f 590/590 767/767 768/768
f 595/595 769/769 770/770
f 595/595 770/770 596/596
f 599/599 771/771 772/772
f 599/599 772/772 600/600
f 599/599 601/601 773/773
f 599/599 773/773 771/771
f 604/604 774/774 775/775
f 604/604 775/775 605/605
f 605/605 775/775 776/776
f 605/605 776/776 606/606
f 601/601 608/608 777/777
f 601/601 777/777 773/773
f 606/606 776/776 778/778
f 606/606 778/778 610/610
f 614/614 613/613 779/779
f 614/614 779/779 780/780
f 615/615 781/781 782/782
f 615/615 782/782 616/616
f 615/615 614/614 780/780
f 615/615 780/780 781/781
f 613/613 617/617 783/783
f 613/613 783/783 779/779
f 617/617 618/618 784/784
f 617/617 784/784 783/783
f 618/618 619/619 785/785
f 618/618 785/785 784/784
f 623/623 624/624 786/786
f 623/623 786/786 787/787
f 624/624 625/625 788/788
f 624/624 788/788 786/786
f 625/625 626/626 789/789
f 625/625 789/789 788/788
f 626/626 629/629 790/790
f 626/626 790/790 789/789
f 630/630 791/791 792/792
f 630/630 792/792 631/631
f 631/631 792/792 790/790
f 631/631 790/790 629/629
f 793/793 794/794 795/795
f 793/793 795/795 796/796
f 796/796 795/795 797/797
f 796/796 797/797 798/798
f 793/793 796/796 798/798
f 793/793 798/798 799/799
f 794/794 800/800 801/801
f 794/794 801/801 795/795
f 795/795 801/801 802/802
f 795/795 802/802 797/797
f 800/800 803/803 804/804
f 800/800 804/804 801/801
f 801/801 804/804 805/805
f 801/801 805/805 802/802
f 803/803 806/806 807/807
f 803/803 807/807 804/804
f 804/804 807/807 808/808
f 804/804 808/808 805/805
f 806/806 809/809 808/808
f 806/806 808/808 807/807
f 810/810 811/811 812/812
f 810/810 812/812 813/813
f 810/810 814/814 815/815
f 810/810 815/815 811/811
f 810/810 813/813 816/816
f 810/810 816/816 814/814
f 811/811 636/636 638/638
f 811/811 638/638 812/812
f 811/811 815/815 817/817
f 811/811 817/817 636/636
f 636/636 817/817 818/818
f 636/636 818/818 637/637
f 637/637 818/818 819/819
f 637/637 819/819 641/641
f 641/641 819/819 820/820
f 641/641 820/820 644/644
f 644/644 820/820 821/821
f 644/644 821/821 647/647
f 647/647 822/822 823/823
f 647/647 823/823 648/648
f 647/647 821/821 824/824
f 647/647 824/824 822/822
f 822/822 825/825 826/826
f 822/822 826/826 823/823
f 822/822 824/824 827/827
f 822/822 827/827 825/825
f 825/825 827/827 828/828
f 825/825 828/828 826/826
f 653/653 655/655 829/829
f 653/653 829/829 830/830
f 663/663 831/831 832/832
f 663/663 832/832 664/664
f 668/668 667/667 833/833
f 668/668 833/833 834/834
f 655/655 668/668 834/834
f 655/655 834/834 829/829
f 667/667 669/669 835/835
f 667/667 835/835 833/833
f 669/669 670/670 836/836
f 669/669 836/836 835/835
f 670/670 671/671 837/837
f 670/670 837/837 836/836
f 671/671 672/672 838/838
f 671/671 838/838 837/837
f 672/672 673/673 839/839
f 672/672 839/839 838/838
f 673/673 675/675 840/840
f 673/673 840/840 839/839
f 675/675 677/677 841/841
f 675/675 841/841 840/840
f 664/664 832/832 841/841
f 664/664 841/841 677/677
f 682/682 842/842 843/843
f 682/682 843/843 683/683
f 682/682 684/684 844/844
f 682/682 844/844 842/842
f 683/683 843/843 845/845
f 683/683 845/845 685/685
f 685/685 845/845 846/846
f 685/685 846/846 686/686
f 686/686 846/846 847/847
f 686/686 847/847 687/687
f 687/687 847/847 848/848
f 687/687 848/848 688/688
f 688/688 848/848 849/849
f 688/688 849/849 689/689
f 689/689 849/849 850/850
f 689/689 850/850 692/692
f 692/692 850/850 851/851
f 692/692 851/851 695/695
f 695/695 851/851 852/852
f 695/695 852/852 696/696
f 853/853 699/699 701/701
f 853/853 701/701 854/854
f 853/853 855/855 856/856
f 853/853 856/856 699/699
f 853/853 854/854 857/857
f 853/853 857/857 855/855
f 699/699 856/856 858/858
f 699/699 858/858 700/700
f 704/704 859/859 860/860
f 704/704 860/860 705/705
f 705/705 861/861 862/862
f 705/705 862/862 706/706
f 705/705 860/860 863/863
f 705/705 863/863 861/861
f 861/861 863/863 864/864
f 861/861 864/864 862/862
f 865/865 709/709 711/711
f 865/865 711/711 866/866
f 865/865 867/867 868/868
f 865/865 868/868 709/709
f 865/865 866/866 869/869
f 865/865 869/869 867/867
f 715/715 870/870 871/871
f 715/715 871/871 716/716
f 715/715 872/872 873/873
f 715/715 873/873 870/870
f 870/870 873/873 874/874
f 870/870 874/874 871/871
f 875/875 717/717 719/719
f 875/875 719/719 876/876
f 875/875 877/877 878/878
f 875/875 878/878 717/717
f 875/875 876/876 879/879
f 875/875 879/879 877/877
f 721/721 880/880 881/881
f 721/721 881/881 722/722
f 721/721 882/882 883/883
f 721/721 883/883 880/880
f 880/880 883/883 884/884
f 880/880 884/884 881/881
f 876/876 719/719 723/723
f 876/876 723/723 885/885
f 876/876 885/885 886/886
f 876/876 886/886 879/879
f 722/722 881/881 887/887
f 722/722 887/887 724/724
f 881/881 884/884 888/888
f 881/881 888/888 887/887
f 885/885 723/723 725/725
f 885/885 725/725 889/889
f 885/885 889/889 890/890
f 885/885 890/890 886/886
f 724/724 887/887 891/891
f 724/724 891/891 726/726
f 887/887 888/888 892/892
f 887/887 892/892 891/891
f 889/889 725/725 727/727
f 889/889 727/727 893/893
f 889/889 893/893 894/894
f 889/889 894/894 890/890
f 726/726 891/891 895/895
f 726/726 895/895 728/728
f 891/891 892/892 896/896
f 891/891 896/896 895/895
f 893/893 727/727 730/730
f 893/893 730/730 897/897
f 897/897 730/730 898/898
f 897/897 898/898 899/899
f 893/893 897/897 899/899
f 893/893 899/899 894/894
f 728/728 895/895 900/900
f 728/728 900/900 731/731
f 731/731 900/900 901/901
f 731/731 901/901 902/902
f 895/895 896/896 901/901
f 895/895 901/901 900/900
f 903/903 736/736 735/735
f 903/903 735/735 904/904
f 903/903 904/904 905/905
f 903/903 905/905 906/906
f 739/739 907/907 908/908
f 739/739 908/908 740/740
f 907/907 909/909 910/910
f 907/907 910/910 908/908
f 904/904 735/735 742/742
f 904/904 742/742 911/911
f 904/904 911/911 912/912
f 904/904 912/912 905/905
f 740/740 908/908 913/913
f 740/740 913/913 744/744
f 908/908 910/910 914/914
f 908/908 914/914 913/913
f 911/911 742/742 746/746
f 911/911 746/746 915/915
f 915/915 746/746 916/916
f 915/915 916/916 917/917
f 911/911 915/915 917/917
f 911/911 917/917 912/912
f 744/744 913/913 918/918
f 744/744 918/918 748/748
f 748/748 918/918 919/919
f 748/748 919/919 920/920
f 913/913 914/914 919/919
f 913/913 919/919 918/918
f 753/753 752/752 921/921
f 753/753 921/921 922/922
f 758/758 923/923 924/924
f 758/758 924/924 756/756
f 925/925 760/760 759/759
f 925/925 759/759 926/926
f 925/925 926/926 927/927
f 925/925 927/927 928/928
f 761/761 929/929 930/930
f 761/761 930/930 762/762
f 929/929 931/931 932/932
f 929/929 932/932 930/930
f 926/926 759/759 764/764
f 926/926 764/764 933/933
f 933/933 764/764 934/934
f 933/933 934/934 935/935
f 926/926 933/933 935/935
f 926/926 935/935 927/927
f 762/762 930/930 936/936
f 762/762 936/936 765/765
f 765/765 936/936 937/937
f 765/765 937/937 938/938
f 930/930 932/932 937/937
f 930/930 937/937 936/936
f 939/939 768/768 767/767
f 939/939 767/767 940/940
f 939/939 940/940 941/941
f 939/939 941/941 942/942
f 769/769 943/943 944/944
f 769/769 944/944 770/770
f 943/943 945/945 946/946
f 943/943 946/946 944/944
f 771/771 773/773 947/947
f 771/771 947/947 948/948
f 775/775 949/949 950/950
f 775/775 950/950 776/776
f 773/773 777/777 951/951
f 773/773 951/951 947/947
f 776/776 950/950 952/952
f 776/776 952/952 778/778
f 953/953 781/781 780/780
f 953/953 780/780 954/954
f 954/954 780/780 955/955
f 954/954 955/955 956/956
f 953/953 957/957 958/958
f 953/953 958/958 781/781
f 953/953 954/954 956/956
f 953/953 956/956 957/957
f 780/780 779/779 959/959
f 780/780 959/959 955/955
f 781/781 958/958 960/960
f 781/781 960/960 782/782
f 779/779 783/783 961/961
f 779/779 961/961 959/959
f 783/783 784/784 962/962
f 783/783 962/962 961/961
f 786/786 788/788 963/963
f 786/786 963/963 964/964
f 788/788 789/789 965/965
f 788/788 965/965 963/963
f 789/789 790/790 966/966
f 789/789 966/966 965/965
f 791/791 967/967 968/968
f 791/791 968/968 792/792
f 792/792 969/969 970/970
f 792/792 970/970 790/790
f 790/790 970/970 971/971
f 790/790 971/971 966/966
f 792/792 968/968 972/972
f 792/792 972/972 969/969
f 969/969 972/972 971/971
f 969/969 971/971 970/970
f 973/973 799/799 798/798
f 973/973 798/798 974/974
f 974/974 798/798 975/975
f 974/974 975/975 976/976
f 973/973 974/974 976/976
f 973/973 976/976 977/977
f 809/809 978/978 979/979
f 809/809 979/979 808/808
f 808/808 979/979 980/980
f 808/808 980/980 981/981
f 978/978 982/982 980/980
f 978/978 980/980 979/979
f 798/798 797/797 983/983
f 798/798 983/983 984/984
f 984/984 983/983 985/985
f 984/984 985/985 986/986
f 798/798 984/984 986/986
f 798/798 986/986 975/975
f 797/797 802/802 987/987
f 797/797 987/987 983/983
f 983/983 987/987 988/988
f 983/983 988/988 985/985
f 802/802 805/805 989/989
f 802/802 989/989 987/987
f 987/987 989/989 990/990
f 987/987 990/990 988/988
f 805/805 808/808 991/991
f 805/805 991/991 989/989
f 989/989 991/991 992/992
f 989/989 992/992 990/990
f 808/808 981/981 992/992
f 808/808 992/992 991/991
f 993/993 814/814 816/816
f 993/993 816/816 994/994
f 993/993 995/995 996/996
f 993/993 996/996 814/814
f 993/993 994/994 997/997
f 993/993 997/997 995/995
f 814/814 996/996 998/998
f 814/814 998/998 815/815
f 815/815 998/998 999/999
f 815/815 999/999 817/817
f 817/817 999/999 1000/1000
f 817/817 1000/1000 818/818
f 818/818 1000/1000 1001/1001
f 818/818 1001/1001 819/819
f 819/819 1001/1001 1002/1002
f 819/819 1002/1002 820/820
f 820/820 1002/1002 1003/1003
f 820/820 1003/1003 821/821
f 821/821 1003/1003 1004/1004
f 821/821 1004/1004 824/824
f 824/824 1004/1004 1005/1005
f 824/824 1005/1005 827/827
f 827/827 1006/1006 1007/1007
f 827/827 1007/1007 828/828
f 827/827 1005/1005 1008/1008
f 827/827 1008/1008 1006/1006
f 1006/1006 1008/1008 1009/1009
f 1006/1006 1009/1009 1007/1007
f 1010/1010 830/830 829/829
f 1010/1010 829/829 1011/1011
f 1010/1010 1011/1011 1012/1012
f 1010/1010 1012/1012 1013/1013
f 831/831 1014/1014 1015/1015
f 831/831 1015/1015 832/832
f 1014/1014 1016/1016 1017/1017
f 1014/1014 1017/1017 1015/1015
f 1011/1011 829/829 834/834
f 1011/1011 834/834 1018/1018
f 1018/1018 834/834 1019/1019
f 1018/1018 1019/1019 1020/1020
f 1011/1011 1018/1018 1020/1020
f 1011/1011 1020/1020 1012/1012
f 834/834 833/833 1021/1021
f 834/834 1021/1021 1019/1019
f 833/833 835/835 1022/1022
f 833/833 1022/1022 1021/1021
f 835/835 836/836 1023/1023
f 835/835 1023/1023 1022/1022
f 836/836 837/837 1024/1024
f 836/836 1024/1024 1023/1023
f 837/837 838/838 1025/1025
f 837/837 1025/1025 1024/1024
f 838/838 839/839 1026/1026
f 838/838 1026/1026 1025/1025
f 839/839 840/840 1027/1027
f 839/839 1027/1027 1026/1026
f 840/840 841/841 1028/1028
f 840/840 1028/1028 1027/1027
f 832/832 1015/1015 1029/1029
f 832/832 1029/1029 841/841
f 841/841 1029/1029 1030/1030
f 841/841 1030/1030 1028/1028
f 1015/1015 1017/1017 1030/1030
f 1015/1015 1030/1030 1029/1029
f 1031/1031 842/842 844/844
f 1031/1031 844/844 1032/1032
f 1031/1031 1033/1033 1034/1034
f 1031/1031 1034/1034 842/842
f 1031/1031 1032/1032 1035/1035
f 1031/1031 1035/1035 1033/1033
f 842/842 1034/1034 1036/1036
f 842/842 1036/1036 843/843
f 843/843 1036/1036 1037/1037
f 843/843 1037/1037 845/845
f 845/845 1037/1037 1038/1038
f 845/845 1038/1038 846/846
f 846/846 1038/1038 1039/1039
f 846/846 1039/1039 847/847
f 847/847 1039/1039 1040/1040
f 847/847 1040/1040 848/848
f 848/848 1040/1040 1041/1041
f 848/848 1041/1041 849/849
f 849/849 1041/1041 1042/1042
f 849/849 1042/1042 850/850
f 850/850 1042/1042 1043/1043
f 850/850 1043/1043 851/851
f 851/851 1044/1044 1045/1045
f 851/851 1045/1045 852/852
f 851/851 1043/1043 1046/1046
f 851/851 1046/1046 1044/1044
f 1044/1044 1046/1046 1047/1047
f 1044/1044 1047/1047 1045/1045
f 855/855 1048/1048 1049/1049
f 855/855 1049/1049 856/856
f 855/855 857/857 1050/1050
f 855/855 1050/1050 1048/1048
f 860/860 1051/1051 1052/1052
f 860/860 1052/1052 863/863
f 863/863 1052/1052 1053/1053
f 863/863 1053/1053 864/864
f 867/867 1054/1054 1055/1055
f 867/867 1055/1055 868/868
f 867/867 869/869 1056/1056
f 867/867 1056/1056 1054/1054
f 872/872 1057/1057 1058/1058
f 872/872 1058/1058 873/873
f 873/873 1058/1058 1059/1059
f 873/873 1059/1059 874/874
f 877/877 1060/1060 1061/1061
f 877/877 1061/1061 878/878
f 877/877 879/879 1062/1062
f 877/877 1062/1062 1060/1060
f 882/882 1063/1063 1064/1064
f 882/882 1064/1064 883/883
f 883/883 1064/1064 1065/1065
f 883/883 1065/1065 884/884
f 879/879 886/886 1066/1066
f 879/879 1066/1066 1062/1062
f 884/884 1065/1065 1067/1067
f 884/884 1067/1067 888/888
f 886/886 890/890 1068/1068
f 886/886 1068/1068 1066/1066
f 888/888 1067/1067 1069/1069
f 888/888 1069/1069 892/892
f 890/890 894/894 1070/1070
f 890/890 1070/1070 1068/1068
f 892/892 1069/1069 1071/1071
f 892/892 1071/1071 896/896
f 899/899 898/898 1072/1072
f 899/899 1072/1072 1073/1073
f 894/894 899/899 1073/1073
f 894/894 1073/1073 1070/1070
f 902/902 901/901 1074/1074
f 902/902 1074/1074 1075/1075
f 896/896 1071/1071 1074/1074
f 896/896 1074/1074 901/901
f 906/906 905/905 1076/1076
f 906/906 1076/1076 1077/1077
f 909/909 1078/1078 1079/1079
f 909/909 1079/1079 910/910
f 905/905 912/912 1080/1080
f 905/905 1080/1080 1076/1076
f 910/910 1079/1079 1081/1081
f 910/910 1081/1081 914/914
f 917/917 916/916 1082/1082
f 917/917 1082/1082 1083/1083
f 912/912 917/917 1083/1083
f 912/912 1083/1083 1080/1080
f 920/920 919/919 1084/1084
f 920/920 1084/1084 1085/1085
f 914/914 1081/1081 1084/1084
f 914/914 1084/1084 919/919
f 922/922 921/921 1086/1086
f 922/922 1086/1086 1087/1087
f 923/923 1088/1088 1089/1089
f 923/923 1089/1089 924/924
f 928/928 927/927 1090/1090
f 928/928 1090/1090 1091/1091
f 931/931 1092/1092 1093/1093
f 931/931 1093/1093 932/932
f 935/935 934/934 1094/1094
f 935/935 1094/1094 1095/1095
f 927/927 935/935 1095/1095
f 927/927 1095/1095 1090/1090
f 938/938 937/937 1096/1096
f 938/938 1096/1096 1097/1097
f 932/932 1093/1093 1096/1096
f 932/932 1096/1096 937/937
f 942/942 941/941 1098/1098
f 942/942 1098/1098 1099/1099
f 945/945 1100/1100 1101/1101
f 945/945 1101/1101 946/946
f 1102/1102 1103/1103 1104/1104
f 1102/1102 1104/1104 1105/1105
f 1106/1106 948/948 947/947
f 1106/1106 947/947 1107/1107
f 1106/1106 1102/1102 1105/1105
f 1106/1106 1105/1105 948/948
f 1106/1106 1107/1107 1103/1103
f 1106/1106 1103/1103 1102/1102
f 1108/1108 1109/1109 1110/1110
f 1108/1108 1110/1110 1111/1111
f 949/949 1112/1112 1113/1113
f 949/949 1113/1113 950/950
f 949/949 1108/1108 1111/1111
f 949/949 1111/1111 1112/1112
f 1112/1112 1111/1111 1110/1110
f 1112/1112 1110/1110 1113/1113
f 1103/1103 1114/1114 1115/1115
f 1103/1103 1115/1115 1104/1104
f 1107/1107 947/947 951/951
f 1107/1107 951/951 1116/1116
f 1107/1107 1116/1116 1114/1114
f 1107/1107 1114/1114 1103/1103
f 1109/1109 1117/1117 1118/1118
f 1109/1109 1118/1118 1110/1110
f 950/950 1113/1113 1119/1119
f 950/950 1119/1119 952/952
f 1113/1113 1110/1110 1118/1118
f 1113/1113 1118/1118 1119/1119
f 956/956 955/955 1120/1120
f 956/956 1120/1120 1121/1121
f 957/957 1122/1122 1123/1123
f 957/957 1123/1123 958/958
f 957/957 956/956 1121/1121
f 957/957 1121/1121 1122/1122
f 955/955 959/959 1124/1124
f 955/955 1124/1124 1120/1120
f 959/959 961/961 1125/1125
f 959/959 1125/1125 1124/1124
f 961/961 962/962 1126/1126
f 961/961 1126/1126 1125/1125
f 964/964 963/963 1127/1127
f 964/964 1127/1127 1128/1128
f 963/963 965/965 1129/1129
f 963/963 1129/1129 1127/1127
f 965/965 966/966 1130/1130
f 965/965 1130/1130 1129/1129
f 966/966 971/971 1131/1131
f 966/966 1131/1131 1130/1130
f 968/968 1132/1132 1133/1133
f 968/968 1133/1133 972/972
f 972/972 1133/1133 1131/1131
f 972/972 1131/1131 971/971
f 977/977 976/976 1134/1134
f 977/977 1134/1134 1135/1135
f 982/982 1136/1136 1137/1137
f 982/982 1137/1137 980/980
f 976/976 975/975 986/986
f 976/976 986/986 1138/1138
f 1138/1138 986/986 1139/1139
f 1138/1138 1139/1139 1140/1140
f 976/976 1138/1138 1140/1140
f 976/976 1140/1140 1134/1134
f 981/981 980/980 1141/1141
f 981/981 1141/1141 992/992
f 992/992 1141/1141 1142/1142
f 992/992 1142/1142 1143/1143
f 980/980 1137/1137 1142/1142
f 980/980 1142/1142 1141/1141
f 1144/1144 1145/1145 1146/1146
f 1144/1144 1146/1146 1147/1147
f 1147/1147 1146/1146 1148/1148
f 1147/1147 1148/1148 1149/1149
f 1144/1144 1147/1147 1149/1149
f 1144/1144 1149/1149 1150/1150
f 1145/1145 1151/1151 1152/1152
f 1145/1145 1152/1152 1146/1146
f 1146/1146 1152/1152 1153/1153
f 1146/1146 1153/1153 1148/1148
f 1151/1151 1154/1154 1155/1155
f 1151/1151 1155/1155 1152/1152
f 1152/1152 1155/1155 1156/1156
f 1152/1152 1156/1156 1153/1153
f 1154/1154 1157/1157 1158/1158
f 1154/1154 1158/1158 1155/1155
f 1155/1155 1158/1158 1159/1159
f 1155/1155 1159/1159 1156/1156
f 1157/1157 1160/1160 1159/1159
f 1157/1157 1159/1159 1158/1158
f 1161/1161 995/995 997/997
f 1161/1161 997/997 1162/1162
f 1162/1162 997/997 1163/1163
f 1162/1162 1163/1163 1164/1164
f 1161/1161 1165/1165 1166/1166
f 1161/1161 1166/1166 995/995
f 1161/1161 1162/1162 1164/1164
f 1161/1161 1164/1164 1165/1165
f 995/995 1166/1166 1167/1167
f 995/995 1167/1167 996/996
f 996/996 1167/1167 1168/1168
f 996/996 1168/1168 998/998
f 998/998 1168/1168 1169/1169
f 998/998 1169/1169 999/999
f 999/999 1169/1169 1170/1170
f 999/999 1170/1170 1000/1000
f 1000/1000 1170/1170 1171/1171
f 1000/1000 1171/1171 1001/1001
f 1001/1001 1171/1171 1172/1172
f 1001/1001 1172/1172 1002/1002
f 1002/1002 1172/1172 1173/1173
f 1002/1002 1173/1173 1003/1003
f 1003/1003 1173/1173 1174/1174
f 1003/1003 1174/1174 1004/1004
f 1004/1004 1174/1174 1175/1175
f 1004/1004 1175/1175 1005/1005
f 1005/1005 1175/1175 1176/1176
f 1005/1005 1176/1176 1008/1008
f 1008/1008 1177/1177 1178/1178
f 1008/1008 1178/1178 1009/1009
f 1009/1009 1178/1178 1179/1179
f 1009/1009 1179/1179 1180/1180
f 1008/1008 1176/1176 1181/1181
f 1008/1008 1181/1181 1177/1177
f 1177/1177 1181/1181 1179/1179
f 1177/1177 1179/1179 1178/1178
f 1013/1013 1012/1012 1182/1182
f 1013/1013 1182/1182 1183/1183
f 1016/1016 1184/1184 1185/1185
f 1016/1016 1185/1185 1017/1017
f 1020/1020 1019/1019 1186/1186
f 1020/1020 1186/1186 1187/1187
f 1012/1012 1020/1020 1187/1187
f 1012/1012 1187/1187 1182/1182
f 1019/1019 1021/1021 1188/1188
f 1019/1019 1188/1188 1186/1186
f 1021/1021 1022/1022 1189/1189
f 1021/1021 1189/1189 1188/1188
f 1022/1022 1023/1023 1190/1190
f 1022/1022 1190/1190 1189/1189
f 1023/1023 1024/1024 1191/1191
f 1023/1023 1191/1191 1190/1190
f 1024/1024 1025/1025 1192/1192
f 1024/1024 1192/1192 1191/1191
f 1025/1025 1026/1026 1193/1193
f 1025/1025 1193/1193 1192/1192
f 1026/1026 1027/1027 1194/1194
f 1026/1026 1194/1194 1193/1193
f 1027/1027 1028/1028 1195/1195
f 1027/1027 1195/1195 1194/1194
f 1028/1028 1030/1030 1196/1196
f 1028/1028 1196/1196 1195/1195
f 1017/1017 1185/1185 1196/1196
f 1017/1017 1196/1196 1030/1030
f 1033/1033 1197/1197 1198/1198
f 1033/1033 1198/1198 1034/1034
f 1033/1033 1035/1035 1199/1199
f 1033/1033 1199/1199 1197/1197
f 1034/1034 1198/1198 1200/1200
f 1034/1034 1200/1200 1036/1036
f 1036/1036 1200/1200 1201/1201
f 1036/1036 1201/1201 1037/1037
f 1037/1037 1201/1201 1202/1202
f 1037/1037 1202/1202 1038/1038
f 1038/1038 1202/1202 1203/1203
f 1038/1038 1203/1203 1039/1039
f 1039/1039 1203/1203 1204/1204
f 1039/1039 1204/1204 1040/1040
f 1040/1040 1204/1204 1205/1205
f 1040/1040 1205/1205 1041/1041
f 1041/1041 1205/1205 1206/1206
f 1041/1041 1206/1206 1042/1042
f 1042/1042 1206/1206 1207/1207
f 1042/1042 1207/1207 1043/1043
f 1043/1043 1207/1207 1208/1208
f 1043/1043 1208/1208 1046/1046
f 1046/1046 1208/1208 1209/1209
f 1046/1046 1209/1209 1047/1047
f 1048/1048 1210/1210 1211/1211
f 1048/1048 1211/1211 1049/1049
f 1048/1048 1050/1050 1212/1212
f 1048/1048 1212/1212 1210/1210
f 1051/1051 1213/1213 1214/1214
f 1051/1051 1214/1214 1052/1052
f 1052/1052 1214/1214 1215/1215
f 1052/1052 1215/1215 1053/1053
f 1054/1054 1216/1216 1217/1217
f 1054/1054 1217/1217 1055/1055
f 1054/1054 1056/1056 1218/1218
f 1054/1054 1218/1218 1216/1216
f 1057/1057 1219/1219 1220/1220
f 1057/1057 1220/1220 1058/1058
f 1058/1058 1220/1220 1221/1221
f 1058/1058 1221/1221 1059/1059
f 1060/1060 1222/1222 1223/1223
f 1060/1060 1223/1223 1061/1061
f 1060/1060 1062/1062 1224/1224
f 1060/1060 1224/1224 1222/1222
f 1063/1063 1225/1225 1226/1226
f 1063/1063 1226/1226 1064/1064
f 1064/1064 1226/1226 1227/1227
f 1064/1064 1227/1227 1065/1065
f 1062/1062 1066/1066 1228/1228
f 1062/1062 1228/1228 1224/1224
f 1065/1065 1227/1227 1229/1229
f 1065/1065 1229/1229 1067/1067
f 1066/1066 1068/1068 1230/1230
f 1066/1066 1230/1230 1228/1228
f 1067/1067 1229/1229 1231/1231
f 1067/1067 1231/1231 1069/1069
f 1068/1068 1070/1070 1232/1232
f 1068/1068 1232/1232 1230/1230
f 1069/1069 1231/1231 1233/1233
f 1069/1069 1233/1233 1071/1071
f 1073/1073 1072/1072 1234/1234
f 1073/1073 1234/1234 1235/1235
f 1070/1070 1073/1073 1235/1235
f 1070/1070 1235/1235 1232/1232
f 1075/1075 1074/1074 1236/1236
f 1075/1075 1236/1236 1237/1237
f 1071/1071 1233/1233 1236/1236
f 1071/1071 1236/1236 1074/1074
f 1077/1077 1076/1076 1238/1238
f 1077/1077 1238/1238 1239/1239
f 1078/1078 1240/1240 1241/1241
f 1078/1078 1241/1241 1079/1079
f 1076/1076 1080/1080 1242/1242
f 1076/1076 1242/1242 1238/1238
f 1079/1079 1241/1241 1243/1243
f 1079/1079 1243/1243 1081/1081
f 1080/1080 1083/1083 1244/1244
f 1080/1080 1244/1244 1242/1242
f 1081/1081 1243/1243 1245/1245
f 1081/1081 1245/1245 1084/1084
f 1246/1246 1247/1247 1248/1248
f 1246/1246 1248/1248 1249/1249
f 1250/1250 1087/1087 1086/1086
f 1250/1250 1086/1086 1251/1251
f 1251/1251 1086/1086 1248/1248
f 1251/1251 1248/1248 1247/1247
f 1250/1250 1251/1251 1247/1247
f 1250/1250 1247/1247 1246/1246
f 1252/1252 1253/1253 1254/1254
f 1252/1252 1254/1254 1255/1255
f 1088/1088 1256/1256 1257/1257
f 1088/1088 1257/1257 1089/1089
f 1089/1089 1257/1257 1254/1254
f 1089/1089 1254/1254 1253/1253
f 1256/1256 1255/1255 1254/1254
f 1256/1256 1254/1254 1257/1257
f 1091/1091 1090/1090 1258/1258
f 1091/1091 1258/1258 1259/1259
f 1092/1092 1260/1260 1261/1261
f 1092/1092 1261/1261 1093/1093
f 1095/1095 1094/1094 1262/1262
f 1095/1095 1262/1262 1263/1263
f 1090/1090 1095/1095 1263/1263
f 1090/1090 1263/1263 1258/1258
f 1097/1097 1096/1096 1264/1264
f 1097/1097 1264/1264 1265/1265
f 1093/1093 1261/1261 1264/1264
f 1093/1093 1264/1264 1096/1096
f 1099/1099 1098/1098 1266/1266
f 1099/1099 1266/1266 1267/1267
f 1100/1100 1268/1268 1269/1269
f 1100/1100 1269/1269 1101/1101
f 1105/1105 1104/1104 1270/1270
f 1105/1105 1270/1270 1271/1271
f 1108/1108 1272/1272 1273/1273
f 1108/1108 1273/1273 1109/1109
f 1104/1104 1115/1115 1274/1274
f 1104/1104 1274/1274 1270/1270
f 1109/1109 1273/1273 1275/1275
f 1109/1109 1275/1275 1117/1117
f 1276/1276 1277/1277 1278/1278
f 1276/1276 1278/1278 1279/1279
f 1121/1121 1120/1120 1278/1278
f 1121/1121 1278/1278 1277/1277
f 1122/1122 1276/1276 1279/1279
f 1122/1122 1279/1279 1123/1123
f 1122/1122 1121/1121 1277/1277
f 1122/1122 1277/1277 1276/1276
f 1120/1120 1124/1124 1280/1280
f 1120/1120 1280/1280 1278/1278
f 1123/1123 1279/1279 1281/1281
f 1123/1123 1281/1281 1282/1282
f 1124/1124 1125/1125 1283/1283
f 1124/1124 1283/1283 1280/1280
f 1127/1127 1129/1129 1284/1284
f 1127/1127 1284/1284 1285/1285
f 1129/1129 1130/1130 1286/1286
f 1129/1129 1286/1286 1284/1284
f 1287/1287 1288/1288 1289/1289
f 1287/1287 1289/1289 1132/1132
f 1289/1289 1286/1286 1290/1290
f 1289/1289 1290/1290 1291/1291
f 1130/1130 1131/1131 1290/1290
f 1130/1130 1290/1290 1286/1286
f 1132/1132 1289/1289 1291/1291
f 1132/1132 1291/1291 1133/1133
f 1133/1133 1291/1291 1290/1290
f 1133/1133 1290/1290 1131/1131
f 1292/1292 1293/1293 1294/1294
f 1292/1292 1294/1294 1295/1295
f 1296/1296 1135/1135 1134/1134
f 1296/1296 1134/1134 1297/1297
f 1297/1297 1134/1134 1294/1294
f 1297/1297 1294/1294 1293/1293
f 1296/1296 1297/1297 1293/1293
f 1296/1296 1293/1293 1292/1292
f 1298/1298 1299/1299 1300/1300
f 1298/1298 1300/1300 1301/1301
f 1136/1136 1302/1302 1303/1303
f 1136/1136 1303/1303 1137/1137
f 1137/1137 1303/1303 1300/1300
f 1137/1137 1300/1300 1299/1299
f 1302/1302 1301/1301 1300/1300
f 1302/1302 1300/1300 1303/1303
f 1134/1134 1140/1140 1304/1304
f 1134/1134 1304/1304 1294/1294
f 1137/1137 1299/1299 1305/1305
f 1137/1137 1305/1305 1142/1142
f 1306/1306 1150/1150 1149/1149
f 1306/1306 1149/1149 1307/1307
f 1307/1307 1149/1149 1308/1308
f 1307/1307 1308/1308 1309/1309
f 1306/1306 1307/1307 1309/1309
f 1306/1306 1309/1309 1310/1310
f 1160/1160 1311/1311 1312/1312
f 1160/1160 1312/1312 1159/1159
f 1159/1159 1312/1312 1313/1313
f 1159/1159 1313/1313 1314/1314
f 1311/1311 1315/1315 1313/1313
f 1311/1311 1313/1313 1312/1312
f 1316/1316 1317/1317 1318/1318
f 1316/1316 1318/1318 1319/1319
f 1316/1316 1319/1319 1320/1320
f 1316/1316 1320/1320 1321/1321
f 1317/1317 1322/1322 1323/1323
f 1317/1317 1323/1323 1318/1318
f 1322/1322 1324/1324 1325/1325
f 1322/1322 1325/1325 1323/1323
f 1324/1324 1326/1326 1327/1327
f 1324/1324 1327/1327 1325/1325
f 1326/1326 1328/1328 1329/1329
f 1326/1326 1329/1329 1327/1327
f 1319/1319 1318/1318 1330/1330
f 1319/1319 1330/1330 1331/1331
f 1331/1331 1330/1330 1332/1332
f 1331/1331 1332/1332 1333/1333
f 1319/1319 1331/1331 1333/1333
f 1319/1319 1333/1333 1320/1320
f 1318/1318 1323/1323 1334/1334
f 1318/1318 1334/1334 1330/1330
f 1330/1330 1334/1334 1335/1335
f 1330/1330 1335/1335 1332/1332
f 1323/1323 1325/1325 1336/1336
f 1323/1323 1336/1336 1334/1334
f 1334/1334 1336/1336 1337/1337
f 1334/1334 1337/1337 1335/1335
f 1325/1325 1327/1327 1338/1338
f 1325/1325 1338/1338 1336/1336
f 1336/1336 1338/1338 1339/1339
f 1336/1336 1339/1339 1337/1337
f 1327/1327 1329/1329 1339/1339
f 1327/1327 1339/1339 1338/1338
f 1164/1164 1163/1163 1340/1340
f 1164/1164 1340/1340 1341/1341
f 1165/1165 1342/1342 1343/1343
f 1165/1165 1343/1343 1166/1166
f 1165/1165 1164/1164 1341/1341
f 1165/1165 1341/1341 1342/1342
f 1166/1166 1343/1343 1344/1344
f 1166/1166 1344/1344 1167/1167
f 1167/1167 1344/1344 1345/1345
f 1167/1167 1345/1345 1168/1168
f 1168/1168 1345/1345 1346/1346
f 1168/1168 1346/1346 1169/1169
f 1169/1169 1346/1346 1347/1347
f 1169/1169 1347/1347 1170/1170
f 1170/1170 1347/1347 1348/1348
f 1170/1170 1348/1348 1171/1171
f 1171/1171 1348/1348 1349/1349
f 1171/1171 1349/1349 1172/1172
f 1172/1172 1349/1349 1350/1350
f 1172/1172 1350/1350 1173/1173
f 1173/1173 1350/1350 1351/1351
f 1173/1173 1351/1351 1174/1174
f 1174/1174 1351/1351 1352/1352
f 1174/1174 1352/1352 1175/1175
f 1175/1175 1352/1352 1353/1353
f 1175/1175 1353/1353 1176/1176
f 1180/1180 1179/1179 1354/1354
f 1180/1180 1354/1354 1355/1355
f 1176/1176 1353/1353 1356/1356
f 1176/1176 1356/1356 1181/1181
f 1181/1181 1356/1356 1354/1354
f 1181/1181 1354/1354 1179/1179
f 1183/1183 1182/1182 1357/1357
f 1183/1183 1357/1357 1358/1358
f 1184/1184 1359/1359 1360/1360
f 1184/1184 1360/1360 1185/1185
f 1187/1187 1186/1186 1361/1361
f 1187/1187 1361/1361 1362/1362
f 1182/1182 1187/1187 1362/1362
f 1182/1182 1362/1362 1357/1357
f 1186/1186 1188/1188 1363/1363
f 1186/1186 1363/1363 1361/1361
f 1188/1188 1189/1189 1364/1364
f 1188/1188 1364/1364 1363/1363
f 1189/1189 1190/1190 1365/1365
f 1189/1189 1365/1365 1364/1364
f 1190/1190 1191/1191 1366/1366
f 1190/1190 1366/1366 1365/1365
f 1191/1191 1192/1192 1367/1367
f 1191/1191 1367/1367 1366/1366
f 1192/1192 1193/1193 1368/1368
f 1192/1192 1368/1368 1367/1367
f 1193/1193 1194/1194 1369/1369
f 1193/1193 1369/1369 1368/1368
f 1194/1194 1195/1195 1370/1370
f 1194/1194 1370/1370 1369/1369
f 1195/1195 1196/1196 1371/1371
f 1195/1195 1371/1371 1370/1370
f 1185/1185 1360/1360 1371/1371
f 1185/1185 1371/1371 1196/1196
f 1197/1197 1372/1372 1373/1373
f 1197/1197 1373/1373 1198/1198
f 1197/1197 1199/1199 1374/1374
f 1197/1197 1374/1374 1372/1372
f 1198/1198 1373/1373 1375/1375
f 1198/1198 1375/1375 1200/1200
f 1200/1200 1375/1375 1376/1376
f 1200/1200 1376/1376 1201/1201
f 1201/1201 1376/1376 1377/1377
f 1201/1201 1377/1377 1202/1202
f 1202/1202 1377/1377 1378/1378
f 1202/1202 1378/1378 1203/1203
f 1203/1203 1378/1378 1379/1379
f 1203/1203 1379/1379 1204/1204
f 1204/1204 1379/1379 1380/1380
f 1204/1204 1380/1380 1205/1205
f 1205/1205 1380/1380 1381/1381
f 1205/1205 1381/1381 1206/1206
f 1206/1206 1381/1381 1382/1382
f 1206/1206 1382/1382 1207/1207
f 1207/1207 1382/1382 1383/1383
f 1207/1207 1383/1383 1208/1208
f 1208/1208 1383/1383 1384/1384
f 1208/1208 1384/1384 1209/1209
f 1385/1385 1386/1386 1387/1387
f 1385/1385 1387/1387 1388/1388
f 1389/1389 1210/1210 1212/1212
f 1389/1389 1212/1212 1390/1390
f 1389/1389 1385/1385 1388/1388
f 1389/1389 1388/1388 1210/1210
f 1389/1389 1390/1390 1386/1386
f 1389/1389 1386/1386 1385/1385
f 1210/1210 1388/1388 1391/1391
f 1210/1210 1391/1391 1211/1211
f 1213/1213 1392/1392 1393/1393
f 1213/1213 1393/1393 1214/1214
f 1393/1393 1394/1394 1395/1395
f 1393/1393 1395/1395 1396/1396
f 1214/1214 1397/1397 1398/1398
f 1214/1214 1398/1398 1215/1215
f 1214/1214 1393/1393 1396/1396
f 1214/1214 1396/1396 1397/1397
f 1397/1397 1396/1396 1395/1395
f 1397/1397 1395/1395 1398/1398
f 1216/1216 1218/1218 1399/1399
f 1216/1216 1399/1399 1400/1400
f 1220/1220 1401/1401 1402/1402
f 1220/1220 1402/1402 1221/1221
f 1222/1222 1403/1403 1404/1404
f 1222/1222 1404/1404 1223/1223
f 1222/1222 1224/1224 1405/1405
f 1222/1222 1405/1405 1403/1403
f 1225/1225 1406/1406 1407/1407
f 1225/1225 1407/1407 1226/1226
f 1226/1226 1407/1407 1408/1408
f 1226/1226 1408/1408 1227/1227
f 1224/1224 1228/1228 1409/1409
f 1224/1224 1409/1409 1405/1405
f 1227/1227 1408/1408 1410/1410
f 1227/1227 1410/1410 1229/1229
f 1228/1228 1230/1230 1411/1411
f 1228/1228 1411/1411 1409/1409
f 1229/1229 1410/1410 1412/1412
f 1229/1229 1412/1412 1231/1231
f 1230/1230 1232/1232 1413/1413
f 1230/1230 1413/1413 1411/1411
f 1231/1231 1412/1412 1414/1414
f 1231/1231 1414/1414 1233/1233
f 1235/1235 1234/1234 1415/1415
f 1235/1235 1415/1415 1416/1416
f 1232/1232 1235/1235 1416/1416
f 1232/1232 1416/1416 1413/1413
f 1237/1237 1236/1236 1417/1417
f 1237/1237 1417/1417 1418/1418
f 1233/1233 1414/1414 1417/1417
f 1233/1233 1417/1417 1236/1236
f 1239/1239 1238/1238 1419/1419
f 1239/1239 1419/1419 1420/1420
f 1240/1240 1421/1421 1422/1422
f 1240/1240 1422/1422 1241/1241
f 1238/1238 1242/1242 1423/1423
f 1238/1238 1423/1423 1419/1419
f 1241/1241 1422/1422 1424/1424
f 1241/1241 1424/1424 1243/1243
f 1244/1244 1425/1425 1426/1426
f 1244/1244 1426/1426 1427/1427
f 1242/1242 1244/1244 1427/1427
f 1242/1242 1427/1427 1423/1423
f 1428/1428 1245/1245 1429/1429
f 1428/1428 1429/1429 1430/1430
f 1243/1243 1424/1424 1429/1429
f 1243/1243 1429/1429 1245/1245
f 1249/1249 1248/1248 1431/1431
f 1249/1249 1431/1431 1432/1432
f 1252/1252 1433/1433 1434/1434
f 1252/1252 1434/1434 1253/1253
f 1435/1435 1436/1436 1437/1437
f 1435/1435 1437/1437 1438/1438
f 1259/1259 1258/1258 1436/1436
f 1259/1259 1436/1436 1435/1435
f 1439/1439 1440/1440 1441/1441
f 1439/1439 1441/1441 1442/1442
f 1260/1260 1442/1442 1441/1441
f 1260/1260 1441/1441 1261/1261
f 1436/1436 1443/1443 1444/1444
f 1436/1436 1444/1444 1437/1437
f 1263/1263 1262/1262 1444/1444
f 1263/1263 1444/1444 1443/1443
f 1258/1258 1263/1263 1443/1443
f 1258/1258 1443/1443 1436/1436
f 1440/1440 1445/1445 1446/1446
f 1440/1440 1446/1446 1441/1441
f 1265/1265 1264/1264 1446/1446
f 1265/1265 1446/1446 1445/1445
f 1261/1261 1441/1441 1446/1446
f 1261/1261 1446/1446 1264/1264
f 1447/1447 1448/1448 1449/1449
f 1447/1447 1449/1449 1450/1450
f 1267/1267 1266/1266 1448/1448
f 1267/1267 1448/1448 1447/1447
f 1451/1451 1452/1452 1453/1453
f 1451/1451 1453/1453 1454/1454
f 1268/1268 1454/1454 1453/1453
f 1268/1268 1453/1453 1269/1269
f 1271/1271 1270/1270 1455/1455
f 1271/1271 1455/1455 1456/1456
f 1272/1272 1457/1457 1458/1458
f 1272/1272 1458/1458 1273/1273
f 1270/1270 1274/1274 1459/1459
f 1270/1270 1459/1459 1455/1455
f 1273/1273 1458/1458 1460/1460
f 1273/1273 1460/1460 1275/1275
f 1278/1278 1280/1280 1461/1461
f 1278/1278 1461/1461 1462/1462
f 1279/1279 1463/1463 1464/1464
f 1279/1279 1464/1464 1281/1281
f 1279/1279 1278/1278 1462/1462
f 1279/1279 1462/1462 1463/1463
f 1280/1280 1283/1283 1465/1465
f 1280/1280 1465/1465 1461/1461
f 1283/1283 1466/1466 1467/1467
f 1283/1283 1467/1467 1465/1465
f 1468/1468 1285/1285 1469/1469
f 1468/1468 1469/1469 1470/1470
f 1285/1285 1284/1284 1471/1471
f 1285/1285 1471/1471 1469/1469
f 1284/1284 1286/1286 1472/1472
f 1284/1284 1472/1472 1471/1471
f 1288/1288 1473/1473 1474/1474
f 1288/1288 1474/1474 1289/1289
f 1289/1289 1474/1474 1472/1472
f 1289/1289 1472/1472 1286/1286
f 1295/1295 1294/1294 1475/1475
f 1295/1295 1475/1475 1476/1476
f 1298/1298 1477/1477 1478/1478
f 1298/1298 1478/1478 1299/1299
f 1479/1479 1480/1480 1481/1481
f 1479/1479 1481/1481 1475/1475
f 1293/1293 1294/1294 1304/1304
f 1293/1293 1304/1304 1482/1482
f 1482/1482 1304/1304 1481/1481
f 1482/1482 1481/1481 1480/1480
f 1293/1293 1479/1479 1475/1475
f 1293/1293 1475/1475 1294/1294
f 1293/1293 1482/1482 1480/1480
f 1293/1293 1480/1480 1479/1479
f 1478/1478 1483/1483 1484/1484
f 1478/1478 1484/1484 1485/1485
f 1299/1299 1300/1300 1486/1486
f 1299/1299 1486/1486 1305/1305
f 1305/1305 1486/1486 1484/1484
f 1305/1305 1484/1484 1483/1483
f 1299/1299 1478/1478 1485/1485
f 1299/1299 1485/1485 1300/1300
f 1300/1300 1485/1485 1484/1484
f 1300/1300 1484/1484 1486/1486
f 1309/1309 1308/1308 1487/1487
f 1309/1309 1487/1487 1488/1488
f 1310/1310 1309/1309 1488/1488
f 1310/1310 1488/1488 1489/1489
f 1314/1314 1313/1313 1490/1490
f 1314/1314 1490/1490 1491/1491
f 1315/1315 1492/1492 1490/1490
f 1315/1315 1490/1490 1313/1313
f 1321/1321 1320/1320 1493/1493
f 1321/1321 1493/1493 1494/1494
f 1328/1328 1495/1495 1496/1496
f 1328/1328 1496/1496 1329/1329
f 1320/1320 1333/1333 1497/1497
f 1320/1320 1497/1497 1493/1493
f 1329/1329 1496/1496 1498/1498
f 1329/1329 1498/1498 1339/1339
f 1333/1333 1332/1332 1499/1499
f 1333/1333 1499/1499 1500/1500
f 1500/1500 1499/1499 1501/1501
f 1500/1500 1501/1501 1502/1502
f 1333/1333 1500/1500 1502/1502
f 1333/1333 1502/1502 1497/1497
f 1332/1332 1335/1335 1503/1503
f 1332/1332 1503/1503 1499/1499
f 1499/1499 1503/1503 1504/1504
f 1499/1499 1504/1504 1501/1501
f 1335/1335 1337/1337 1505/1505
f 1335/1335 1505/1505 1503/1503
f 1503/1503 1505/1505 1506/1506
f 1503/1503 1506/1506 1504/1504
f 1337/1337 1339/1339 1507/1507
f 1337/1337 1507/1507 1505/1505
f 1505/1505 1507/1507 1508/1508
f 1505/1505 1508/1508 1506/1506
f 1339/1339 1498/1498 1508/1508
f 1339/1339 1508/1508 1507/1507
f 1341/1341 1340/1340 1509/1509
f 1341/1341 1509/1509 1510/1510
f 1342/1342 1511/1511 1512/1512
f 1342/1342 1512/1512 1343/1343
f 1342/1342 1341/1341 1510/1510
f 1342/1342 1510/1510 1511/1511
f 1343/1343 1512/1512 1513/1513
f 1343/1343 1513/1513 1344/1344
f 1344/1344 1513/1513 1514/1514
f 1344/1344 1514/1514 1345/1345
f 1345/1345 1514/1514 1515/1515
f 1345/1345 1515/1515 1346/1346
f 1346/1346 1515/1515 1516/1516
f 1346/1346 1516/1516 1347/1347
f 1347/1347 1516/1516 1517/1517
f 1347/1347 1517/1517 1348/1348
f 1348/1348 1517/1517 1518/1518
f 1348/1348 1518/1518 1349/1349
f 1349/1349 1518/1518 1519/1519
f 1349/1349 1519/1519 1350/1350
f 1350/1350 1519/1519 1520/1520
f 1350/1350 1520/1520 1351/1351
f 1351/1351 1520/1520 1521/1521
f 1351/1351 1521/1521 1352/1352
f 1352/1352 1521/1521 1522/1522
f 1352/1352 1522/1522 1353/1353
f 1355/1355 1354/1354 1523/1523
f 1355/1355 1523/1523 1524/1524
f 1353/1353 1522/1522 1525/1525
f 1353/1353 1525/1525 1356/1356
f 1356/1356 1525/1525 1523/1523
f 1356/1356 1523/1523 1354/1354
f 1526/1526 1527/1527 1528/1528
f 1526/1526 1528/1528 1529/1529
f 1358/1358 1357/1357 1527/1527
f 1358/1358 1527/1527 1526/1526
f 1530/1530 1531/1531 1532/1532
f 1530/1530 1532/1532 1533/1533
f 1359/1359 1533/1533 1532/1532
f 1359/1359 1532/1532 1360/1360
f 1527/1527 1534/1534 1535/1535
f 1527/1527 1535/1535 1528/1528
f 1362/1362 1361/1361 1535/1535
f 1362/1362 1535/1535 1534/1534
f 1357/1357 1362/1362 1534/1534
f 1357/1357 1534/1534 1527/1527
f 1361/1361 1363/1363 1536/1536
f 1361/1361 1536/1536 1535/1535
f 1363/1363 1364/1364 1537/1537
f 1363/1363 1537/1537 1536/1536
f 1364/1364 1365/1365 1538/1538
f 1364/1364 1538/1538 1537/1537
f 1365/1365 1366/1366 1539/1539
f 1365/1365 1539/1539 1538/1538
f 1366/1366 1367/1367 1540/1540
f 1366/1366 1540/1540 1539/1539
f 1367/1367 1368/1368 1541/1541
f 1367/1367 1541/1541 1540/1540
f 1368/1368 1369/1369 1542/1542
f 1368/1368 1542/1542 1541/1541
f 1369/1369 1370/1370 1543/1543
f 1369/1369 1543/1543 1542/1542
f 1531/1531 1543/1543 1544/1544
f 1531/1531 1544/1544 1532/1532
f 1370/1370 1371/1371 1544/1544
f 1370/1370 1544/1544 1543/1543
f 1360/1360 1532/1532 1544/1544
f 1360/1360 1544/1544 1371/1371
f 1545/1545 1546/1546 1547/1547
f 1545/1545 1547/1547 1548/1548
f 1549/1549 1550/1550 1551/1551
f 1549/1549 1551/1551 1552/1552
f 1552/1552 1551/1551 1547/1547
f 1552/1552 1547/1547 1546/1546
f 1549/1549 1545/1545 1548/1548
f 1549/1549 1548/1548 1550/1550
f 1549/1549 1552/1552 1546/1546
f 1549/1549 1546/1546 1545/1545
f 1548/1548 1547/1547 1553/1553
f 1548/1548 1553/1553 1554/1554
f 1550/1550 1555/1555 1556/1556
f 1550/1550 1556/1556 1551/1551
f 1551/1551 1556/1556 1553/1553
f 1551/1551 1553/1553 1547/1547
f 1550/1550 1548/1548 1554/1554
f 1550/1550 1554/1554 1555/1555
f 1555/1555 1554/1554 1553/1553
f 1555/1555 1553/1553 1556/1556
f 1557/1557 1558/1558 1559/1559
f 1557/1557 1559/1559 1560/1560
f 1372/1372 1557/1557 1560/1560
f 1372/1372 1560/1560 1373/1373
f 1372/1372 1374/1374 1558/1558
f 1372/1372 1558/1558 1557/1557
f 1373/1373 1560/1560 1561/1561
f 1373/1373 1561/1561 1375/1375
f 1375/1375 1561/1561 1562/1562
f 1375/1375 1562/1562 1376/1376
f 1376/1376 1562/1562 1563/1563
f 1376/1376 1563/1563 1377/1377
f 1377/1377 1563/1563 1564/1564
f 1377/1377 1564/1564 1378/1378
f 1378/1378 1564/1564 1565/1565
f 1378/1378 1565/1565 1379/1379
f 1379/1379 1565/1565 1566/1566
f 1379/1379 1566/1566 1380/1380
f 1380/1380 1566/1566 1567/1567
f 1380/1380 1567/1567 1381/1381
f 1381/1381 1567/1567 1568/1568
f 1381/1381 1568/1568 1382/1382
f 1568/1568 1569/1569 1570/1570
f 1568/1568 1570/1570 1571/1571
f 1382/1382 1568/1568 1571/1571
f 1382/1382 1571/1571 1383/1383
f 1383/1383 1571/1571 1570/1570
f 1383/1383 1570/1570 1384/1384
f 1388/1388 1572/1572 1573/1573
f 1388/1388 1573/1573 1391/1391
f 1388/1388 1387/1387 1574/1574
f 1388/1388 1574/1574 1572/1572
f 1392/1392 1575/1575 1576/1576
f 1392/1392 1576/1576 1393/1393
f 1393/1393 1576/1576 1577/1577
f 1393/1393 1577/1577 1394/1394
f 1400/1400 1578/1578 1579/1579
f 1400/1400 1579/1579 1580/1580
f 1400/1400 1399/1399 1581/1581
f 1400/1400 1581/1581 1578/1578
f 1582/1582 1583/1583 1584/1584
f 1582/1582 1584/1584 1401/1401
f 1401/1401 1584/1584 1585/1585
f 1401/1401 1585/1585 1402/1402
f 1403/1403 1586/1586 1587/1587
f 1403/1403 1587/1587 1404/1404
f 1403/1403 1405/1405 1588/1588
f 1403/1403 1588/1588 1586/1586
f 1406/1406 1589/1589 1590/1590
f 1406/1406 1590/1590 1407/1407
f 1407/1407 1590/1590 1591/1591
f 1407/1407 1591/1591 1408/1408
f 1405/1405 1409/1409 1592/1592
f 1405/1405 1592/1592 1588/1588
f 1408/1408 1591/1591 1593/1593
f 1408/1408 1593/1593 1410/1410
f 1409/1409 1411/1411 1594/1594
f 1409/1409 1594/1594 1592/1592
f 1410/1410 1593/1593 1595/1595
f 1410/1410 1595/1595 1412/1412
f 1411/1411 1413/1413 1596/1596
f 1411/1411 1596/1596 1594/1594
f 1412/1412 1595/1595 1597/1597
f 1412/1412 1597/1597 1414/1414
f 1416/1416 1415/1415 1598/1598
f 1416/1416 1598/1598 1599/1599
f 1413/1413 1416/1416 1599/1599
f 1413/1413 1599/1599 1596/1596
f 1418/1418 1417/1417 1600/1600
f 1418/1418 1600/1600 1601/1601
f 1414/1414 1597/1597 1600/1600
f 1414/1414 1600/1600 1417/1417
f 1420/1420 1419/1419 1602/1602
f 1420/1420 1602/1602 1603/1603
f 1421/1421 1604/1604 1605/1605
f 1421/1421 1605/1605 1422/1422
f 1419/1419 1423/1423 1606/1606
f 1419/1419 1606/1606 1602/1602
f 1422/1422 1605/1605 1607/1607
f 1422/1422 1607/1607 1424/1424
f 1427/1427 1426/1426 1608/1608
f 1427/1427 1608/1608 1609/1609
f 1423/1423 1427/1427 1609/1609
f 1423/1423 1609/1609 1606/1606
f 1430/1430 1429/1429 1610/1610
f 1430/1430 1610/1610 1611/1611
f 1424/1424 1607/1607 1610/1610
f 1424/1424 1610/1610 1429/1429
f 1431/1431 1612/1612 1613/1613
f 1431/1431 1613/1613 1614/1614
f 1432/1432 1431/1431 1614/1614
f 1432/1432 1614/1614 1615/1615
f 1616/1616 1434/1434 1617/1617
f 1616/1616 1617/1617 1618/1618
f 1433/1433 1619/1619 1617/1617
f 1433/1433 1617/1617 1434/1434
f 1438/1438 1437/1437 1620/1620
f 1438/1438 1620/1620 1621/1621
f 1439/1439 1622/1622 1623/1623
f 1439/1439 1623/1623 1440/1440
f 1444/1444 1624/1624 1625/1625
f 1444/1444 1625/1625 1626/1626
f 1437/1437 1444/1444 1626/1626
f 1437/1437 1626/1626 1620/1620
f 1627/1627 1445/1445 1628/1628
f 1627/1627 1628/1628 1629/1629
f 1440/1440 1623/1623 1628/1628
f 1440/1440 1628/1628 1445/1445
f 1450/1450 1449/1449 1630/1630
f 1450/1450 1630/1630 1631/1631
f 1451/1451 1632/1632 1633/1633
f 1451/1451 1633/1633 1452/1452
f 1634/1634 1635/1635 1636/1636
f 1634/1634 1636/1636 1637/1637
f 1456/1456 1634/1634 1637/1637
f 1456/1456 1637/1637 1638/1638
f 1456/1456 1455/1455 1635/1635
f 1456/1456 1635/1635 1634/1634
f 1639/1639 1640/1640 1641/1641
f 1639/1639 1641/1641 1642/1642
f 1643/1643 1639/1639 1642/1642
f 1643/1643 1642/1642 1457/1457
f 1457/1457 1642/1642 1641/1641
f 1457/1457 1641/1641 1458/1458
f 1635/1635 1644/1644 1645/1645
f 1635/1635 1645/1645 1636/1636
f 1455/1455 1459/1459 1644/1644
f 1455/1455 1644/1644 1635/1635
f 1640/1640 1646/1646 1647/1647
f 1640/1640 1647/1647 1641/1641
f 1458/1458 1641/1641 1647/1647
f 1458/1458 1647/1647 1460/1460
f 1648/1648 1649/1649 1650/1650
f 1648/1648 1650/1650 1651/1651
f 1462/1462 1461/1461 1650/1650
f 1462/1462 1650/1650 1649/1649
f 1463/1463 1648/1648 1651/1651
f 1463/1463 1651/1651 1464/1464
f 1463/1463 1462/1462 1649/1649
f 1463/1463 1649/1649 1648/1648
f 1461/1461 1465/1465 1652/1652
f 1461/1461 1652/1652 1650/1650
f 1465/1465 1467/1467 1653/1653
f 1465/1465 1653/1653 1652/1652
f 1470/1470 1469/1469 1654/1654
f 1470/1470 1654/1654 1655/1655
f 1469/1469 1471/1471 1656/1656
f 1469/1469 1656/1656 1654/1654
f 1657/1657 1656/1656 1658/1658
f 1657/1657 1658/1658 1659/1659
f 1471/1471 1472/1472 1658/1658
f 1471/1471 1658/1658 1656/1656
f 1473/1473 1657/1657 1659/1659
f 1473/1473 1659/1659 1474/1474
f 1474/1474 1659/1659 1658/1658
f 1474/1474 1658/1658 1472/1472
f 1660/1660 1661/1661 1662/1662
f 1660/1660 1662/1662 1663/1663
f 1476/1476 1475/1475 1661/1661
f 1476/1476 1661/1661 1660/1660
f 1664/1664 1665/1665 1666/1666
f 1664/1664 1666/1666 1667/1667
f 1477/1477 1667/1667 1666/1666
f 1477/1477 1666/1666 1478/1478
f 1475/1475 1481/1481 1668/1668
f 1475/1475 1668/1668 1661/1661
f 1478/1478 1666/1666 1669/1669
f 1478/1478 1669/1669 1483/1483
f 1489/1489 1488/1488 1670/1670
f 1489/1489 1670/1670 1671/1671
f 1492/1492 1672/1672 1673/1673
f 1492/1492 1673/1673 1490/1490
f 1674/1674 1675/1675 1676/1676
f 1674/1674 1676/1676 1677/1677
f 1678/1678 1494/1494 1493/1493
f 1678/1678 1493/1493 1679/1679
f 1678/1678 1679/1679 1675/1675
f 1678/1678 1675/1675 1674/1674
f 1680/1680 1681/1681 1682/1682
f 1680/1680 1682/1682 1683/1683
f 1495/1495 1684/1684 1685/1685
f 1495/1495 1685/1685 1496/1496
f 1684/1684 1683/1683 1682/1682
f 1684/1684 1682/1682 1685/1685
f 1675/1675 1686/1686 1687/1687
f 1675/1675 1687/1687 1676/1676
f 1679/1679 1493/1493 1497/1497
f 1679/1679 1497/1497 1688/1688
f 1688/1688 1497/1497 1687/1687
f 1688/1688 1687/1687 1686/1686
f 1679/1679 1688/1688 1686/1686
f 1679/1679 1686/1686 1675/1675
f 1681/1681 1689/1689 1690/1690
f 1681/1681 1690/1690 1682/1682
f 1496/1496 1685/1685 1691/1691
f 1496/1496 1691/1691 1498/1498
f 1498/1498 1691/1691 1690/1690
f 1498/1498 1690/1690 1689/1689
f 1685/1685 1682/1682 1690/1690
f 1685/1685 1690/1690 1691/1691
f 1502/1502 1501/1501 1692/1692
f 1502/1502 1692/1692 1693/1693
f 1497/1497 1502/1502 1693/1693
f 1497/1497 1693/1693 1687/1687
f 1506/1506 1508/1508 1694/1694
f 1506/1506 1694/1694 1695/1695
f 1498/1498 1689/1689 1694/1694
f 1498/1498 1694/1694 1508/1508
f 1696/1696 1697/1697 1698/1698
f 1696/1696 1698/1698 1699/1699
f 1696/1696 1699/1699 1700/1700
f 1696/1696 1700/1700 1701/1701
f 1697/1697 1702/1702 1703/1703
f 1697/1697 1703/1703 1698/1698
f 1702/1702 1704/1704 1705/1705
f 1702/1702 1705/1705 1703/1703
f 1699/1699 1698/1698 1706/1706
f 1699/1699 1706/1706 1707/1707
f 1707/1707 1706/1706 1708/1708
f 1707/1707 1708/1708 1709/1709
f 1699/1699 1707/1707 1709/1709
f 1699/1699 1709/1709 1700/1700
f 1698/1698 1703/1703 1710/1710
f 1698/1698 1710/1710 1706/1706
f 1706/1706 1710/1710 1711/1711
f 1706/1706 1711/1711 1708/1708
f 1703/1703 1705/1705 1711/1711
f 1703/1703 1711/1711 1710/1710
f 1510/1510 1509/1509 1712/1712
f 1510/1510 1712/1712 1713/1713
f 1511/1511 1714/1714 1715/1715
f 1511/1511 1715/1715 1512/1512
f 1511/1511 1510/1510 1713/1713
f 1511/1511 1713/1713 1714/1714
f 1509/1509 1716/1716 1717/1717
f 1509/1509 1717/1717 1712/1712
f 1512/1512 1715/1715 1718/1718
f 1512/1512 1718/1718 1513/1513
f 1513/1513 1718/1718 1719/1719
f 1513/1513 1719/1719 1514/1514
f 1514/1514 1719/1719 1720/1720
f 1514/1514 1720/1720 1515/1515
f 1515/1515 1720/1720 1721/1721
f 1515/1515 1721/1721 1516/1516
f 1516/1516 1721/1721 1722/1722
f 1516/1516 1722/1722 1517/1517
f 1517/1517 1722/1722 1723/1723
f 1517/1517 1723/1723 1518/1518
f 1518/1518 1723/1723 1724/1724
f 1518/1518 1724/1724 1519/1519
f 1519/1519 1724/1724 1725/1725
f 1519/1519 1725/1725 1520/1520
f 1520/1520 1725/1725 1726/1726
f 1520/1520 1726/1726 1521/1521
f 1727/1727 1524/1524 1728/1728
f 1727/1727 1728/1728 1729/1729
f 1521/1521 1726/1726 1730/1730
f 1521/1521 1730/1730 1522/1522
f 1524/1524 1523/1523 1731/1731
f 1524/1524 1731/1731 1728/1728
f 1522/1522 1730/1730 1732/1732
f 1522/1522 1732/1732 1525/1525
f 1525/1525 1732/1732 1731/1731
f 1525/1525 1731/1731 1523/1523
f 1529/1529 1528/1528 1733/1733
f 1529/1529 1733/1733 1734/1734
f 1530/1530 1735/1735 1736/1736
f 1530/1530 1736/1736 1531/1531
f 1535/1535 1536/1536 1737/1737
f 1535/1535 1737/1737 1738/1738
f 1528/1528 1535/1535 1738/1738
f 1528/1528 1738/1738 1733/1733
f 1536/1536 1537/1537 1739/1739
f 1536/1536 1739/1739 1737/1737
f 1537/1537 1538/1538 1740/1740
f 1537/1537 1740/1740 1739/1739
f 1538/1538 1539/1539 1741/1741
f 1538/1538 1741/1741 1740/1740
f 1539/1539 1540/1540 1742/1742
f 1539/1539 1742/1742 1741/1741
f 1540/1540 1541/1541 1743/1743
f 1540/1540 1743/1743 1742/1742
f 1541/1541 1542/1542 1744/1744
f 1541/1541 1744/1744 1743/1743
f 1542/1542 1543/1543 1745/1745
f 1542/1542 1745/1745 1744/1744
f 1531/1531 1736/1736 1745/1745
f 1531/1531 1745/1745 1543/1543
f 1560/1560 1746/1746 1747/1747
f 1560/1560 1747/1747 1561/1561
f 1560/1560 1559/1559 1748/1748
f 1560/1560 1748/1748 1746/1746
f 1561/1561 1747/1747 1749/1749
f 1561/1561 1749/1749 1562/1562
f 1562/1562 1749/1749 1750/1750
f 1562/1562 1750/1750 1563/1563
f 1563/1563 1750/1750 1751/1751
f 1563/1563 1751/1751 1564/1564
f 1564/1564 1751/1751 1752/1752
f 1564/1564 1752/1752 1565/1565
f 1565/1565 1752/1752 1753/1753
f 1565/1565 1753/1753 1566/1566
f 1566/1566 1753/1753 1754/1754
f 1566/1566 1754/1754 1567/1567
f 1567/1567 1754/1754 1755/1755
f 1567/1567 1755/1755 1568/1568
f 1568/1568 1755/1755 1756/1756
f 1568/1568 1756/1756 1569/1569
f 1572/1572 1757/1757 1758/1758
f 1572/1572 1758/1758 1573/1573
f 1572/1572 1574/1574 1759/1759
f 1572/1572 1759/1759 1757/1757
f 1573/1573 1758/1758 1760/1760
f 1573/1573 1760/1760 1761/1761
f 1762/1762 1763/1763 1764/1764
f 1762/1762 1764/1764 1575/1575
f 1575/1575 1764/1764 1765/1765
f 1575/1575 1765/1765 1576/1576
f 1576/1576 1765/1765 1766/1766
f 1576/1576 1766/1766 1577/1577
f 1767/1767 1768/1768 1769/1769
f 1767/1767 1769/1769 1770/1770
f 1578/1578 1767/1767 1770/1770
f 1578/1578 1770/1770 1579/1579
f 1578/1578 1581/1581 1768/1768
f 1578/1578 1768/1768 1767/1767
f 1771/1771 1772/1772 1773/1773
f 1771/1771 1773/1773 1774/1774
f 1583/1583 1771/1771 1774/1774
f 1583/1583 1774/1774 1584/1584
f 1584/1584 1774/1774 1773/1773
f 1584/1584 1773/1773 1585/1585
f 1775/1775 1776/1776 1777/1777
f 1775/1775 1777/1777 1778/1778
f 1586/1586 1775/1775 1778/1778
f 1586/1586 1778/1778 1587/1587
f 1586/1586 1588/1588 1776/1776
f 1586/1586 1776/1776 1775/1775
f 1779/1779 1780/1780 1781/1781
f 1779/1779 1781/1781 1782/1782
f 1589/1589 1779/1779 1782/1782
f 1589/1589 1782/1782 1590/1590
f 1590/1590 1782/1782 1781/1781
f 1590/1590 1781/1781 1591/1591
f 1776/1776 1783/1783 1784/1784
f 1776/1776 1784/1784 1777/1777
f 1588/1588 1592/1592 1783/1783
f 1588/1588 1783/1783 1776/1776
f 1780/1780 1785/1785 1786/1786
f 1780/1780 1786/1786 1781/1781
f 1591/1591 1781/1781 1786/1786
f 1591/1591 1786/1786 1593/1593
f 1783/1783 1787/1787 1788/1788
f 1783/1783 1788/1788 1784/1784
f 1592/1592 1594/1594 1787/1787
f 1592/1592 1787/1787 1783/1783
f 1785/1785 1789/1789 1790/1790
f 1785/1785 1790/1790 1786/1786
f 1593/1593 1786/1786 1790/1790
f 1593/1593 1790/1790 1595/1595
f 1787/1787 1791/1791 1792/1792
f 1787/1787 1792/1792 1788/1788
f 1594/1594 1596/1596 1791/1791
f 1594/1594 1791/1791 1787/1787
f 1789/1789 1793/1793 1794/1794
f 1789/1789 1794/1794 1790/1790
f 1595/1595 1790/1790 1794/1794
f 1595/1595 1794/1794 1597/1597
f 1791/1791 1795/1795 1796/1796
f 1791/1791 1796/1796 1792/1792
f 1599/1599 1598/1598 1796/1796
f 1599/1599 1796/1796 1795/1795
f 1596/1596 1599/1599 1795/1795
f 1596/1596 1795/1795 1791/1791
f 1793/1793 1797/1797 1798/1798
f 1793/1793 1798/1798 1794/1794
f 1601/1601 1600/1600 1798/1798
f 1601/1601 1798/1798 1797/1797
f 1597/1597 1794/1794 1798/1798
f 1597/1597 1798/1798 1600/1600
f 1799/1799 1800/1800 1801/1801
f 1799/1799 1801/1801 1802/1802
f 1603/1603 1602/1602 1800/1800
f 1603/1603 1800/1800 1799/1799
f 1803/1803 1804/1804 1805/1805
f 1803/1803 1805/1805 1806/1806
f 1604/1604 1806/1806 1805/1805
f 1604/1604 1805/1805 1605/1605
f 1800/1800 1807/1807 1808/1808
f 1800/1800 1808/1808 1801/1801
f 1602/1602 1606/1606 1807/1807
f 1602/1602 1807/1807 1800/1800
f 1804/1804 1809/1809 1810/1810
f 1804/1804 1810/1810 1805/1805
f 1605/1605 1805/1805 1810/1810
f 1605/1605 1810/1810 1607/1607
f 1807/1807 1811/1811 1812/1812
f 1807/1807 1812/1812 1808/1808
f 1609/1609 1608/1608 1812/1812
f 1609/1609 1812/1812 1811/1811
f 1606/1606 1609/1609 1811/1811
f 1606/1606 1811/1811 1807/1807
f 1809/1809 1813/1813 1814/1814
f 1809/1809 1814/1814 1810/1810
f 1611/1611 1610/1610 1814/1814
f 1611/1611 1814/1814 1813/1813
f 1607/1607 1810/1810 1814/1814
f 1607/1607 1814/1814 1610/1610
f 1815/1815 1816/1816 1817/1817
f 1815/1815 1817/1817 1818/1818
f 1614/1614 1613/1613 1817/1817
f 1614/1614 1817/1817 1816/1816
f 1615/1615 1614/1614 1816/1816
f 1615/1615 1816/1816 1815/1815
f 1819/1819 1820/1820 1821/1821
f 1819/1819 1821/1821 1822/1822
f 1618/1618 1617/1617 1821/1821
f 1618/1618 1821/1821 1820/1820
f 1619/1619 1822/1822 1821/1821
f 1619/1619 1821/1821 1617/1617
f 1823/1823 1824/1824 1825/1825
f 1823/1823 1825/1825 1826/1826
f 1621/1621 1620/1620 1824/1824
f 1621/1621 1824/1824 1823/1823
f 1827/1827 1828/1828 1829/1829
f 1827/1827 1829/1829 1830/1830
f 1622/1622 1830/1830 1829/1829
f 1622/1622 1829/1829 1623/1623
f 1824/1824 1831/1831 1832/1832
f 1824/1824 1832/1832 1825/1825
f 1626/1626 1625/1625 1832/1832
f 1626/1626 1832/1832 1831/1831
f 1620/1620 1626/1626 1831/1831
f 1620/1620 1831/1831 1824/1824
f 1828/1828 1833/1833 1834/1834
f 1828/1828 1834/1834 1829/1829
f 1629/1629 1628/1628 1834/1834
f 1629/1629 1834/1834 1833/1833
f 1623/1623 1829/1829 1834/1834
f 1623/1623 1834/1834 1628/1628
f 1835/1835 1836/1836 1837/1837
f 1835/1835 1837/1837 1838/1838
f 1631/1631 1630/1630 1836/1836
f 1631/1631 1836/1836 1835/1835
f 1838/1838 1837/1837 1839/1839
f 1838/1838 1839/1839 1840/1840
f 1841/1841 1842/1842 1843/1843
f 1841/1841 1843/1843 1844/1844
f 1844/1844 1843/1843 1845/1845
f 1844/1844 1845/1845 1846/1846
f 1632/1632 1846/1846 1845/1845
f 1632/1632 1845/1845 1633/1633
f 1847/1847 1848/1848 1849/1849
f 1847/1847 1849/1849 1850/1850
f 1637/1637 1636/1636 1848/1848
f 1637/1637 1848/1848 1847/1847
f 1850/1850 1849/1849 1851/1851
f 1850/1850 1851/1851 1852/1852
f 1853/1853 1854/1854 1855/1855
f 1853/1853 1855/1855 1856/1856
f 1856/1856 1855/1855 1857/1857
f 1856/1856 1857/1857 1858/1858
f 1639/1639 1858/1858 1857/1857
f 1639/1639 1857/1857 1640/1640
f 1848/1848 1859/1859 1860/1860
f 1848/1848 1860/1860 1849/1849
f 1636/1636 1645/1645 1859/1859
f 1636/1636 1859/1859 1848/1848
f 1849/1849 1860/1860 1861/1861
f 1849/1849 1861/1861 1851/1851
f 1854/1854 1862/1862 1863/1863
f 1854/1854 1863/1863 1855/1855
f 1855/1855 1863/1863 1864/1864
f 1855/1855 1864/1864 1857/1857
f 1640/1640 1857/1857 1864/1864
f 1640/1640 1864/1864 1646/1646
f 1865/1865 1866/1866 1867/1867
f 1865/1865 1867/1867 1868/1868
f 1650/1650 1652/1652 1867/1867
f 1650/1650 1867/1867 1866/1866
f 1651/1651 1865/1865 1868/1868
f 1651/1651 1868/1868 1869/1869
f 1651/1651 1650/1650 1866/1866
f 1651/1651 1866/1866 1865/1865
f 1652/1652 1653/1653 1870/1870
f 1652/1652 1870/1870 1867/1867
f 1653/1653 1871/1871 1872/1872
f 1653/1653 1872/1872 1870/1870
f 1873/1873 1655/1655 1874/1874
f 1873/1873 1874/1874 1875/1875
f 1655/1655 1654/1654 1876/1876
f 1655/1655 1876/1876 1874/1874
f 1877/1877 1876/1876 1878/1878
f 1877/1877 1878/1878 1879/1879
f 1654/1654 1656/1656 1878/1878
f 1654/1654 1878/1878 1876/1876
f 1880/1880 1877/1877 1879/1879
f 1880/1880 1879/1879 1657/1657
f 1657/1657 1879/1879 1878/1878
f 1657/1657 1878/1878 1656/1656
f 1881/1881 1882/1882 1883/1883
f 1881/1881 1883/1883 1884/1884
f 1663/1663 1662/1662 1882/1882
f 1663/1663 1882/1882 1881/1881
f 1884/1884 1883/1883 1885/1885
f 1884/1884 1885/1885 1886/1886
f 1886/1886 1885/1885 1887/1887
f 1886/1886 1887/1887 1888/1888
f 1888/1888 1887/1887 1889/1889
f 1888/1888 1889/1889 1890/1890
f 1664/1664 1890/1890 1889/1889
f 1664/1664 1889/1889 1665/1665
f 1891/1891 1892/1892 1893/1893
f 1891/1891 1893/1893 1882/1882
f 1661/1661 1891/1891 1882/1882
f 1661/1661 1882/1882 1662/1662
f 1661/1661 1668/1668 1892/1892
f 1661/1661 1892/1892 1891/1891
f 1889/1889 1894/1894 1895/1895
f 1889/1889 1895/1895 1896/1896
f 1665/1665 1889/1889 1896/1896
f 1665/1665 1896/1896 1666/1666
f 1666/1666 1896/1896 1895/1895
f 1666/1666 1895/1895 1669/1669
f 1897/1897 1898/1898 1899/1899
f 1897/1897 1899/1899 1900/1900
f 1670/1670 1901/1901 1899/1899
f 1670/1670 1899/1899 1898/1898
f 1671/1671 1670/1670 1898/1898
f 1671/1671 1898/1898 1897/1897
f 1902/1902 1903/1903 1904/1904
f 1902/1902 1904/1904 1905/1905
f 1906/1906 1673/1673 1904/1904
f 1906/1906 1904/1904 1903/1903
f 1672/1672 1905/1905 1904/1904
f 1672/1672 1904/1904 1673/1673
f 1677/1677 1676/1676 1907/1907
f 1677/1677 1907/1907 1908/1908
f 1680/1680 1909/1909 1910/1910
f 1680/1680 1910/1910 1681/1681
f 1676/1676 1687/1687 1911/1911
f 1676/1676 1911/1911 1907/1907
f 1681/1681 1910/1910 1912/1912
f 1681/1681 1912/1912 1689/1689
f 1913/1913 1914/1914 1915/1915
f 1913/1913 1915/1915 1911/1911
f 1686/1686 1687/1687 1693/1693
f 1686/1686 1693/1693 1916/1916
f 1916/1916 1693/1693 1915/1915
f 1916/1916 1915/1915 1914/1914
f 1686/1686 1913/1913 1911/1911
f 1686/1686 1911/1911 1687/1687
f 1686/1686 1916/1916 1914/1914
f 1686/1686 1914/1914 1913/1913
f 1912/1912 1917/1917 1918/1918
f 1912/1912 1918/1918 1919/1919
f 1689/1689 1690/1690 1920/1920
f 1689/1689 1920/1920 1694/1694
f 1694/1694 1920/1920 1918/1918
f 1694/1694 1918/1918 1917/1917
f 1689/1689 1912/1912 1919/1919
f 1689/1689 1919/1919 1690/1690
f 1690/1690 1919/1919 1918/1918
f 1690/1690 1918/1918 1920/1920
f 1921/1921 1701/1701 1700/1700
f 1921/1921 1700/1700 1922/1922
f 1921/1921 1922/1922 1923/1923
f 1921/1921 1923/1923 1924/1924
f 1704/1704 1925/1925 1926/1926
f 1704/1704 1926/1926 1705/1705
f 1925/1925 1927/1927 1928/1928
f 1925/1925 1928/1928 1926/1926
f 1922/1922 1700/1700 1709/1709
f 1922/1922 1709/1709 1929/1929
f 1929/1929 1709/1709 1930/1930
f 1929/1929 1930/1930 1931/1931
f 1922/1922 1929/1929 1931/1931
f 1922/1922 1931/1931 1923/1923
f 1705/1705 1926/1926 1932/1932
f 1705/1705 1932/1932 1711/1711
f 1711/1711 1932/1932 1933/1933
f 1711/1711 1933/1933 1934/1934
f 1926/1926 1928/1928 1933/1933
f 1926/1926 1933/1933 1932/1932
f 1935/1935 1936/1936 1937/1937
f 1935/1935 1937/1937 1938/1938
f 1935/1935 1938/1938 1939/1939
f 1935/1935 1939/1939 1940/1940
f 1936/1936 1941/1941 1942/1942
f 1936/1936 1942/1942 1937/1937
f 1941/1941 1943/1943 1944/1944
f 1941/1941 1944/1944 1942/1942
f 1938/1938 1937/1937 1945/1945
f 1938/1938 1945/1945 1946/1946
f 1938/1938 1946/1946 1947/1947
f 1938/1938 1947/1947 1939/1939
f 1937/1937 1942/1942 1948/1948
f 1937/1937 1948/1948 1945/1945
f 1942/1942 1944/1944 1949/1949
f 1942/1942 1949/1949 1948/1948
f 1713/1713 1712/1712 1950/1950
f 1713/1713 1950/1950 1951/1951
f 1714/1714 1952/1952 1953/1953
f 1714/1714 1953/1953 1715/1715
f 1714/1714 1713/1713 1951/1951
f 1714/1714 1951/1951 1952/1952
f 1712/1712 1717/1717 1954/1954
f 1712/1712 1954/1954 1950/1950
f 1715/1715 1953/1953 1955/1955
f 1715/1715 1955/1955 1718/1718
f 1718/1718 1955/1955 1956/1956
f 1718/1718 1956/1956 1719/1719
f 1719/1719 1956/1956 1957/1957
f 1719/1719 1957/1957 1720/1720
f 1720/1720 1957/1957 1958/1958
f 1720/1720 1958/1958 1721/1721
f 1723/1723 1959/1959 1960/1960
f 1723/1723 1960/1960 1724/1724
f 1724/1724 1960/1960 1961/1961
f 1724/1724 1961/1961 1725/1725
f 1725/1725 1961/1961 1962/1962
f 1725/1725 1962/1962 1726/1726
f 1729/1729 1728/1728 1963/1963
f 1729/1729 1963/1963 1964/1964
f 1726/1726 1962/1962 1965/1965
f 1726/1726 1965/1965 1730/1730
f 1728/1728 1731/1731 1966/1966
f 1728/1728 1966/1966 1963/1963
f 1730/1730 1965/1965 1967/1967
f 1730/1730 1967/1967 1732/1732
f 1732/1732 1967/1967 1966/1966
f 1732/1732 1966/1966 1731/1731
f 1968/1968 1969/1969 1970/1970
f 1968/1968 1970/1970 1971/1971
f 1734/1734 1733/1733 1969/1969
f 1734/1734 1969/1969 1968/1968
f 1971/1971 1970/1970 1972/1972
f 1971/1971 1972/1972 1973/1973
f 1974/1974 1975/1975 1976/1976
f 1974/1974 1976/1976 1977/1977
f 1977/1977 1976/1976 1978/1978
f 1977/1977 1978/1978 1979/1979
f 1735/1735 1979/1979 1978/1978
f 1735/1735 1978/1978 1736/1736
f 1969/1969 1980/1980 1981/1981
f 1969/1969 1981/1981 1970/1970
f 1738/1738 1737/1737 1981/1981
f 1738/1738 1981/1981 1980/1980
f 1733/1733 1738/1738 1980/1980
f 1733/1733 1980/1980 1969/1969
f 1970/1970 1981/1981 1982/1982
f 1970/1970 1982/1982 1972/1972
f 1737/1737 1739/1739 1982/1982
f 1737/1737 1982/1982 1981/1981
f 1739/1739 1740/1740 1983/1983
f 1739/1739 1983/1983 1982/1982
f 1742/1742 1743/1743 1984/1984
f 1742/1742 1984/1984 1985/1985
f 1975/1975 1984/1984 1986/1986
f 1975/1975 1986/1986 1976/1976
f 1743/1743 1744/1744 1986/1986
f 1743/1743 1986/1986 1984/1984
f 1976/1976 1986/1986 1987/1987
f 1976/1976 1987/1987 1978/1978
f 1744/1744 1745/1745 1987/1987
f 1744/1744 1987/1987 1986/1986
f 1736/1736 1978/1978 1987/1987
f 1736/1736 1987/1987 1745/1745
f 1988/1988 1989/1989 1990/1990
f 1988/1988 1990/1990 1991/1991
f 1992/1992 1993/1993 1994/1994
f 1992/1992 1994/1994 1995/1995
f 1995/1995 1994/1994 1990/1990
f 1995/1995 1990/1990 1989/1989
f 1992/1992 1995/1995 1989/1989
f 1992/1992 1989/1989 1988/1988
f 1991/1991 1990/1990 1996/1996
f 1991/1991 1996/1996 1997/1997
f 1993/1993 1998/1998 1999/1999
f 1993/1993 1999/1999 1994/1994
f 1994/1994 1999/1999 1996/1996
f 1994/1994 1996/1996 1990/1990
f 1998/1998 1997/1997 1996/1996
f 1998/1998 1996/1996 1999/1999
f 2000/2000 2001/2001 2002/2002
f 2000/2000 2002/2002 2003/2003
f 1746/1746 2000/2000 2003/2003
f 1746/1746 2003/2003 1747/1747
f 1746/1746 1748/1748 2001/2001
f 1746/1746 2001/2001 2000/2000
f 2003/2003 2002/2002 2004/2004
f 2003/2003 2004/2004 2005/2005
f 1747/1747 2003/2003 2005/2005
f 1747/1747 2005/2005 1749/1749
f 1749/1749 2005/2005 2006/2006
f 1749/1749 2006/2006 1750/1750
f 1750/1750 2006/2006 2007/2007
f 1750/1750 2007/2007 1751/1751
f 1751/1751 2007/2007 2008/2008
f 1751/1751 2008/2008 1752/1752
f 1752/1752 2008/2008 2009/2009
f 1752/1752 2009/2009 1753/1753
f 2009/2009 2010/2010 2011/2011
f 2009/2009 2011/2011 2012/2012
f 1753/1753 2009/2009 2012/2012
f 1753/1753 2012/2012 1754/1754
f 2012/2012 2011/2011 2013/2013
f 2012/2012 2013/2013 2014/2014
f 1754/1754 2012/2012 2014/2014
f 1754/1754 2014/2014 1755/1755
f 1755/1755 2014/2014 2013/2013
f 1755/1755 2013/2013 1756/1756
f 2015/2015 2016/2016 2017/2017
f 2015/2015 2017/2017 2018/2018
f 1757/1757 2015/2015 2018/2018
f 1757/1757 2018/2018 1758/1758
f 1757/1757 1759/1759 2016/2016
f 1757/1757 2016/2016 2015/2015
f 1758/1758 2018/2018 2019/2019
f 1758/1758 2019/2019 1760/1760
f 1763/1763 2020/2020 2021/2021
f 1763/1763 2021/2021 1764/1764
f 2021/2021 2022/2022 2023/2023
f 2021/2021 2023/2023 2024/2024
f 1764/1764 2021/2021 2024/2024
f 1764/1764 2024/2024 1765/1765
f 1765/1765 2024/2024 2023/2023
f 1765/1765 2023/2023 1766/1766
f 2025/2025 2026/2026 2027/2027
f 2025/2025 2027/2027 2028/2028
f 1770/1770 1769/1769 2026/2026
f 1770/1770 2026/2026 2025/2025
f 2029/2029 2030/2030 2031/2031
f 2029/2029 2031/2031 2032/2032
f 1771/1771 2032/2032 2031/2031
f 1771/1771 2031/2031 1772/1772
f 1778/1778 2033/2033 2034/2034
f 1778/1778 2034/2034 2035/2035
f 1778/1778 1777/1777 2036/2036
f 1778/1778 2036/2036 2033/2033
f 2037/2037 2038/2038 2039/2039
f 2037/2037 2039/2039 1779/1779
f 1779/1779 2039/2039 2040/2040
f 1779/1779 2040/2040 1780/1780
f 1777/1777 1784/1784 2041/2041
f 1777/1777 2041/2041 2036/2036
f 1780/1780 2040/2040 2042/2042
f 1780/1780 2042/2042 1785/1785
f 1784/1784 1788/1788 2043/2043
f 1784/1784 2043/2043 2041/2041
f 1785/1785 2042/2042 2044/2044
f 1785/1785 2044/2044 1789/1789
f 1788/1788 1792/1792 2045/2045
f 1788/1788 2045/2045 2043/2043
f 1789/1789 2044/2044 2046/2046
f 1789/1789 2046/2046 1793/1793
f 1796/1796 2047/2047 2048/2048
f 1796/1796 2048/2048 2049/2049
f 1792/1792 1796/1796 2049/2049
f 1792/1792 2049/2049 2045/2045
f 2050/2050 1797/1797 2051/2051
f 2050/2050 2051/2051 2052/2052
f 1793/1793 2046/2046 2051/2051
f 1793/1793 2051/2051 1797/1797
f 2053/2053 2054/2054 2055/2055
f 2053/2053 2055/2055 2056/2056
f 1802/1802 1801/1801 2054/2054
f 1802/1802 2054/2054 2053/2053
f 2057/2057 2058/2058 2059/2059
f 2057/2057 2059/2059 2060/2060
f 1803/1803 2060/2060 2059/2059
f 1803/1803 2059/2059 1804/1804
f 2054/2054 2061/2061 2062/2062
f 2054/2054 2062/2062 2055/2055
f 1801/1801 1808/1808 2061/2061
f 1801/1801 2061/2061 2054/2054
f 2058/2058 2063/2063 2064/2064
f 2058/2058 2064/2064 2059/2059
f 1804/1804 2059/2059 2064/2064
f 1804/1804 2064/2064 1809/1809
f 2061/2061 2065/2065 2066/2066
f 2061/2061 2066/2066 2062/2062
f 1812/1812 2067/2067 2066/2066
f 1812/1812 2066/2066 2065/2065
f 1808/1808 1812/1812 2065/2065
f 1808/1808 2065/2065 2061/2061
f 2063/2063 2068/2068 2069/2069
f 2063/2063 2069/2069 2064/2064
f 2070/2070 1813/1813 2069/2069
f 2070/2070 2069/2069 2068/2068
f 1809/1809 2064/2064 2069/2069
f 1809/1809 2069/2069 1813/1813
f 2071/2071 2072/2072 2073/2073
f 2071/2071 2073/2073 2074/2074
f 1817/1817 2075/2075 2073/2073
f 1817/1817 2073/2073 2072/2072
f 1818/1818 1817/1817 2072/2072
f 1818/1818 2072/2072 2071/2071
f 2076/2076 2077/2077 2078/2078
f 2076/2076 2078/2078 2079/2079
f 2080/2080 1820/1820 2078/2078
f 2080/2080 2078/2078 2077/2077
f 1819/1819 2079/2079 2078/2078
f 1819/1819 2078/2078 1820/1820
f 2081/2081 2082/2082 2083/2083
f 2081/2081 2083/2083 2084/2084
f 1826/1826 1825/1825 2082/2082
f 1826/1826 2082/2082 2081/2081
f 2084/2084 2083/2083 2085/2085
f 2084/2084 2085/2085 2086/2086
f 2087/2087 2088/2088 2089/2089
f 2087/2087 2089/2089 2090/2090
f 2090/2090 2089/2089 2091/2091
f 2090/2090 2091/2091 2092/2092
f 1827/1827 2092/2092 2091/2091
f 1827/1827 2091/2091 1828/1828
f 2082/2082 2093/2093 2094/2094
f 2082/2082 2094/2094 2083/2083
f 1832/1832 2095/2095 2094/2094
f 1832/1832 2094/2094 2093/2093
f 1825/1825 1832/1832 2093/2093
f 1825/1825 2093/2093 2082/2082
f 2083/2083 2094/2094 2096/2096
f 2083/2083 2096/2096 2085/2085
f 2095/2095 2097/2097 2096/2096
f 2095/2095 2096/2096 2094/2094
f 2088/2088 2098/2098 2099/2099
f 2088/2088 2099/2099 2089/2089
f 2100/2100 2101/2101 2099/2099
f 2100/2100 2099/2099 2098/2098
f 2089/2089 2099/2099 2102/2102
f 2089/2089 2102/2102 2091/2091
f 2101/2101 1833/1833 2102/2102
f 2101/2101 2102/2102 2099/2099
f 1828/1828 2091/2091 2102/2102
f 1828/1828 2102/2102 1833/1833
f 2103/2103 2104/2104 2105/2105
f 2103/2103 2105/2105 2106/2106
f 1840/1840 1839/1839 2104/2104
f 1840/1840 2104/2104 2103/2103
f 2106/2106 2105/2105 2107/2107
f 2106/2106 2107/2107 2108/2108
f 2108/2108 2107/2107 2109/2109
f 2108/2108 2109/2109 2110/2110
f 2110/2110 2109/2109 2111/2111
f 2110/2110 2111/2111 2112/2112
f 1841/1841 2112/2112 2111/2111
f 1841/1841 2111/2111 1842/1842
f 2113/2113 2114/2114 2115/2115
f 2113/2113 2115/2115 2116/2116
f 1852/1852 1851/1851 2114/2114
f 1852/1852 2114/2114 2113/2113
f 2116/2116 2115/2115 2117/2117
f 2116/2116 2117/2117 2118/2118
f 2118/2118 2117/2117 2119/2119
f 2118/2118 2119/2119 2120/2120
f 2120/2120 2119/2119 2121/2121
f 2120/2120 2121/2121 2122/2122
f 1853/1853 2122/2122 2121/2121
f 1853/1853 2121/2121 1854/1854
f 2114/2114 2123/2123 2124/2124
f 2114/2114 2124/2124 2115/2115
f 1851/1851 1861/1861 2123/2123
f 1851/1851 2123/2123 2114/2114
f 2115/2115 2124/2124 2125/2125
f 2115/2115 2125/2125 2117/2117
f 2117/2117 2125/2125 2126/2126
f 2117/2117 2126/2126 2119/2119
f 2119/2119 2126/2126 2127/2127
f 2119/2119 2127/2127 2121/2121
f 1854/1854 2121/2121 2127/2127
f 1854/1854 2127/2127 1862/1862
f 2128/2128 2129/2129 2130/2130
f 2128/2128 2130/2130 2131/2131
f 1867/1867 1870/1870 2130/2130
f 1867/1867 2130/2130 2129/2129
f 1868/1868 2128/2128 2131/2131
f 1868/1868 2131/2131 2132/2132
f 1868/1868 1867/1867 2129/2129
f 1868/1868 2129/2129 2128/2128
f 1870/1870 1872/1872 2133/2133
f 1870/1870 2133/2133 2130/2130
f 2132/2132 2131/2131 2134/2134
f 2132/2132 2134/2134 2135/2135
f 1872/1872 2136/2136 2137/2137
f 1872/1872 2137/2137 2133/2133
f 2136/2136 2138/2138 2139/2139
f 2136/2136 2139/2139 2137/2137
f 2138/2138 2140/2140 2141/2141
f 2138/2138 2141/2141 2139/2139
f 2140/2140 1875/1875 2142/2142
f 2140/2140 2142/2142 2141/2141
f 1875/1875 1874/1874 2143/2143
f 1875/1875 2143/2143 2142/2142
f 2144/2144 2145/2145 2146/2146
f 2144/2144 2146/2146 2147/2147
f 2146/2146 2143/2143 2148/2148
f 2146/2146 2148/2148 2149/2149
f 1874/1874 1876/1876 2148/2148
f 1874/1874 2148/2148 2143/2143
f 2147/2147 2146/2146 2149/2149
f 2147/2147 2149/2149 1877/1877
f 1877/1877 2149/2149 2148/2148
f 1877/1877 2148/2148 1876/1876
f 2150/2150 2151/2151 2152/2152
f 2150/2150 2152/2152 2153/2153
f 1882/1882 2150/2150 2153/2153
f 1882/1882 2153/2153 1883/1883
f 1882/1882 1893/1893 2151/2151
f 1882/1882 2151/2151 2150/2150
f 2153/2153 2152/2152 2154/2154
f 2153/2153 2154/2154 2155/2155
f 1883/1883 2153/2153 2155/2155
f 1883/1883 2155/2155 1885/1885
f 2155/2155 2154/2154 2156/2156
f 2155/2155 2156/2156 2157/2157
f 1885/1885 2155/2155 2157/2157
f 1885/1885 2157/2157 1887/1887
f 2157/2157 2156/2156 2158/2158
f 2157/2157 2158/2158 2159/2159
f 1887/1887 2157/2157 2159/2159
f 1887/1887 2159/2159 1889/1889
f 1889/1889 2159/2159 2158/2158
f 1889/1889 2158/2158 1894/1894
f 2160/2160 2161/2161 2162/2162
f 2160/2160 2162/2162 2163/2163
f 1900/1900 1899/1899 2161/2161
f 1900/1900 2161/2161 2160/2160
f 2163/2163 2162/2162 2164/2164
f 2163/2163 2164/2164 2165/2165
f 2165/2165 2164/2164 2166/2166
f 2165/2165 2166/2166 2167/2167
f 2167/2167 2166/2166 2168/2168
f 2167/2167 2168/2168 2169/2169
f 1902/1902 2169/2169 2168/2168
f 1902/1902 2168/2168 1903/1903
f 2170/2170 2171/2171 2172/2172
f 2170/2170 2172/2172 2173/2173
f 1908/1908 1907/1907 2171/2171
f 1908/1908 2171/2171 2170/2170
f 2173/2173 2172/2172 2174/2174
f 2173/2173 2174/2174 2175/2175
f 2175/2175 2174/2174 2176/2176
f 2175/2175 2176/2176 2177/2177
f 2177/2177 2176/2176 2178/2178
f 2177/2177 2178/2178 2179/2179
f 1909/1909 2179/2179 2178/2178
f 1909/1909 2178/2178 1910/1910
f 2171/2171 2180/2180 2181/2181
f 2171/2171 2181/2181 2172/2172
f 1907/1907 1911/1911 2180/2180
f 1907/1907 2180/2180 2171/2171
f 2172/2172 2181/2181 2182/2182
f 2172/2172 2182/2182 2174/2174
f 2174/2174 2182/2182 2183/2183
f 2174/2174 2183/2183 2176/2176
f 2176/2176 2183/2183 2184/2184
f 2176/2176 2184/2184 2178/2178
f 1910/1910 2178/2178 2184/2184
f 1910/1910 2184/2184 1912/1912
f 1911/1911 1915/1915 2185/2185
f 1911/1911 2185/2185 2180/2180
f 1912/1912 2184/2184 2186/2186
f 1912/1912 2186/2186 1917/1917
f 2187/2187 2188/2188 2189/2189
f 2187/2187 2189/2189 2190/2190
f 1924/1924 1923/1923 2188/2188
f 1924/1924 2188/2188 2187/2187
f 2191/2191 2192/2192 2193/2193
f 2191/2191 2193/2193 2194/2194
f 1927/1927 2194/2194 2193/2193
f 1927/1927 2193/2193 1928/1928
f 2188/2188 2195/2195 2196/2196
f 2188/2188 2196/2196 2189/2189
f 1923/1923 1931/1931 2195/2195
f 1923/1923 2195/2195 2188/2188
f 2192/2192 2197/2197 2198/2198
f 2192/2192 2198/2198 2193/2193
f 1928/1928 2193/2193 2198/2198
f 1928/1928 2198/2198 1933/1933
f 2199/2199 2200/2200 2201/2201
f 2199/2199 2201/2201 2202/2202
f 2203/2203 1940/1940 1939/1939
f 2203/2203 1939/1939 2204/2204
f 2203/2203 2204/2204 2200/2200
f 2203/2203 2200/2200 2199/2199
f 2205/2205 2206/2206 2207/2207
f 2205/2205 2207/2207 2208/2208
f 1943/1943 2209/2209 2210/2210
f 1943/1943 2210/2210 1944/1944
f 2209/2209 2208/2208 2207/2207
f 2209/2209 2207/2207 2210/2210
f 2200/2200 2211/2211 2212/2212
f 2200/2200 2212/2212 2201/2201
f 2204/2204 1939/1939 1947/1947
f 2204/2204 1947/1947 2213/2213
f 2204/2204 2213/2213 2211/2211
f 2204/2204 2211/2211 2200/2200
f 2206/2206 2214/2214 2215/2215
f 2206/2206 2215/2215 2207/2207
f 1944/1944 2210/2210 2216/2216
f 1944/1944 2216/2216 1949/1949
f 2210/2210 2207/2207 2215/2215
f 2210/2210 2215/2215 2216/2216
f 2217/2217 2218/2218 2219/2219
f 2217/2217 2219/2219 2220/2220
f 1951/1951 1950/1950 2219/2219
f 1951/1951 2219/2219 2218/2218
f 1952/1952 2217/2217 2220/2220
f 1952/1952 2220/2220 1953/1953
f 1952/1952 1951/1951 2218/2218
f 1952/1952 2218/2218 2217/2217
f 1950/1950 1954/1954 2221/2221
f 1950/1950 2221/2221 2219/2219
f 1953/1953 2220/2220 2222/2222
f 1953/1953 2222/2222 1955/1955
f 1954/1954 2223/2223 2224/2224
f 1954/1954 2224/2224 2221/2221
f 1955/1955 2222/2222 2225/2225
f 1955/1955 2225/2225 1956/1956
f 2223/2223 2226/2226 2227/2227
f 2223/2223 2227/2227 2224/2224
f 1956/1956 2225/2225 2228/2228
f 1956/1956 2228/2228 1957/1957
f 2229/2229 2230/2230 2231/2231
f 2229/2229 2231/2231 2232/2232
f 1960/1960 2233/2233 2234/2234
f 1960/1960 2234/2234 1961/1961
f 2230/2230 1964/1964 2235/2235
f 2230/2230 2235/2235 2231/2231
f 1961/1961 2234/2234 2236/2236
f 1961/1961 2236/2236 1962/1962
f 1964/1964 1963/1963 2237/2237
f 1964/1964 2237/2237 2235/2235
f 1962/1962 2236/2236 2238/2238
f 1962/1962 2238/2238 1965/1965
f 2238/2238 2237/2237 2239/2239
f 2238/2238 2239/2239 2240/2240
f 1963/1963 1966/1966 2239/2239
f 1963/1963 2239/2239 2237/2237
f 1965/1965 2238/2238 2240/2240
f 1965/1965 2240/2240 1967/1967
f 1967/1967 2240/2240 2239/2239
f 1967/1967 2239/2239 1966/1966
f 2241/2241 2242/2242 2243/2243
f 2241/2241 2243/2243 2244/2244
f 1973/1973 1972/1972 2242/2242
f 1973/1973 2242/2242 2241/2241
f 2244/2244 2243/2243 2245/2245
f 2244/2244 2245/2245 2246/2246
f 2246/2246 2245/2245 2247/2247
f 2246/2246 2247/2247 2248/2248
f 2248/2248 2247/2247 2249/2249
f 2248/2248 2249/2249 2250/2250
f 1974/1974 2250/2250 2249/2249
f 1974/1974 2249/2249 1975/1975
f 2242/2242 2251/2251 2252/2252
f 2242/2242 2252/2252 2243/2243
f 1982/1982 1983/1983 2252/2252
f 1982/1982 2252/2252 2251/2251
f 1972/1972 1982/1982 2251/2251
f 1972/1972 2251/2251 2242/2242
f 2243/2243 2252/2252 2253/2253
f 2243/2243 2253/2253 2245/2245
f 1983/1983 2254/2254 2253/2253
f 1983/1983 2253/2253 2252/2252
f 2245/2245 2253/2253 2255/2255
f 2245/2245 2255/2255 2247/2247
f 2254/2254 1985/1985 2255/2255
f 2254/2254 2255/2255 2253/2253
f 2247/2247 2255/2255 2256/2256
f 2247/2247 2256/2256 2249/2249
f 1985/1985 1984/1984 2256/2256
f 1985/1985 2256/2256 2255/2255
f 1975/1975 2249/2249 2256/2256
f 1975/1975 2256/2256 1984/1984
f 2257/2257 2258/2258 2259/2259
f 2257/2257 2259/2259 2260/2260
f 2005/2005 2257/2257 2260/2260
f 2005/2005 2260/2260 2006/2006
f 2005/2005 2004/2004 2258/2258
f 2005/2005 2258/2258 2257/2257
f 2260/2260 2259/2259 2261/2261
f 2260/2260 2261/2261 2262/2262
f 2006/2006 2260/2260 2262/2262
f 2006/2006 2262/2262 2007/2007
f 2262/2262 2261/2261 2263/2263
f 2262/2262 2263/2263 2264/2264
f 2007/2007 2262/2262 2264/2264
f 2007/2007 2264/2264 2008/2008
f 2264/2264 2263/2263 2265/2265
f 2264/2264 2265/2265 2266/2266
f 2008/2008 2264/2264 2266/2266
f 2008/2008 2266/2266 2009/2009
f 2009/2009 2266/2266 2265/2265
f 2009/2009 2265/2265 2010/2010
f 2267/2267 2268/2268 2269/2269
f 2267/2267 2269/2269 2270/2270
f 2018/2018 2267/2267 2270/2270
f 2018/2018 2270/2270 2019/2019
f 2018/2018 2017/2017 2268/2268
f 2018/2018 2268/2268 2267/2267
f 2019/2019 2270/2270 2271/2271
f 2019/2019 2271/2271 2272/2272
f 2272/2272 2271/2271 2273/2273
f 2272/2272 2273/2273 2274/2274
f 2275/2275 2276/2276 2277/2277
f 2275/2275 2277/2277 2278/2278
f 2278/2278 2277/2277 2279/2279
f 2278/2278 2279/2279 2020/2020
f 2279/2279 2280/2280 2281/2281
f 2279/2279 2281/2281 2282/2282
f 2020/2020 2279/2279 2282/2282
f 2020/2020 2282/2282 2021/2021
f 2021/2021 2282/2282 2281/2281
f 2021/2021 2281/2281 2022/2022
f 2283/2283 2284/2284 2285/2285
f 2283/2283 2285/2285 2286/2286
f 2028/2028 2027/2027 2284/2284
f 2028/2028 2284/2284 2283/2283
f 2287/2287 2288/2288 2289/2289
f 2287/2287 2289/2289 2290/2290
f 2029/2029 2290/2290 2289/2289
f 2029/2029 2289/2289 2030/2030
f 2291/2291 2292/2292 2293/2293
f 2291/2291 2293/2293 2294/2294
f 2033/2033 2291/2291 2294/2294
f 2033/2033 2294/2294 2034/2034
f 2033/2033 2036/2036 2292/2292
f 2033/2033 2292/2292 2291/2291
f 2034/2034 2294/2294 2295/2295
f 2034/2034 2295/2295 2296/2296
f 2297/2297 2298/2298 2299/2299
f 2297/2297 2299/2299 2038/2038
f 2299/2299 2300/2300 2301/2301
f 2299/2299 2301/2301 2302/2302
f 2038/2038 2299/2299 2302/2302
f 2038/2038 2302/2302 2039/2039
f 2039/2039 2302/2302 2301/2301
f 2039/2039 2301/2301 2040/2040
f 2292/2292 2303/2303 2304/2304
f 2292/2292 2304/2304 2293/2293
f 2036/2036 2041/2041 2303/2303
f 2036/2036 2303/2303 2292/2292
f 2300/2300 2305/2305 2306/2306
f 2300/2300 2306/2306 2301/2301
f 2040/2040 2301/2301 2306/2306
f 2040/2040 2306/2306 2042/2042
f 2303/2303 2307/2307 2308/2308
f 2303/2303 2308/2308 2304/2304
f 2041/2041 2043/2043 2307/2307
f 2041/2041 2307/2307 2303/2303
f 2305/2305 2309/2309 2310/2310
f 2305/2305 2310/2310 2306/2306
f 2042/2042 2306/2306 2310/2310
f 2042/2042 2310/2310 2044/2044
f 2307/2307 2311/2311 2312/2312
f 2307/2307 2312/2312 2308/2308
f 2043/2043 2045/2045 2311/2311
f 2043/2043 2311/2311 2307/2307
f 2309/2309 2313/2313 2314/2314
f 2309/2309 2314/2314 2310/2310
f 2044/2044 2310/2310 2314/2314
f 2044/2044 2314/2314 2046/2046
f 2311/2311 2315/2315 2316/2316
f 2311/2311 2316/2316 2312/2312
f 2049/2049 2048/2048 2316/2316
f 2049/2049 2316/2316 2315/2315
f 2045/2045 2049/2049 2315/2315
f 2045/2045 2315/2315 2311/2311
f 2048/2048 2317/2317 2318/2318
f 2048/2048 2318/2318 2316/2316
f 2319/2319 2052/2052 2320/2320
f 2319/2319 2320/2320 2321/2321
f 2313/2313 2320/2320 2322/2322
f 2313/2313 2322/2322 2314/2314
f 2052/2052 2051/2051 2322/2322
f 2052/2052 2322/2322 2320/2320
f 2046/2046 2314/2314 2322/2322
f 2046/2046 2322/2322 2051/2051
f 2323/2323 2324/2324 2325/2325
f 2323/2323 2325/2325 2326/2326
f 2056/2056 2055/2055 2324/2324
f 2056/2056 2324/2324 2323/2323
f 2327/2327 2328/2328 2329/2329
f 2327/2327 2329/2329 2330/2330
f 2057/2057 2330/2330 2329/2329
f 2057/2057 2329/2329 2058/2058
f 2324/2324 2331/2331 2332/2332
f 2324/2324 2332/2332 2325/2325
f 2055/2055 2062/2062 2331/2331
f 2055/2055 2331/2331 2324/2324
f 2328/2328 2333/2333 2334/2334
f 2328/2328 2334/2334 2329/2329
f 2058/2058 2329/2329 2334/2334
f 2058/2058 2334/2334 2063/2063
f 2331/2331 2335/2335 2336/2336
f 2331/2331 2336/2336 2332/2332
f 2066/2066 2337/2337 2336/2336
f 2066/2066 2336/2336 2335/2335
f 2062/2062 2066/2066 2335/2335
f 2062/2062 2335/2335 2331/2331
f 2333/2333 2338/2338 2339/2339
f 2333/2333 2339/2339 2334/2334
f 2340/2340 2068/2068 2339/2339
f 2340/2340 2339/2339 2338/2338
f 2063/2063 2334/2334 2339/2339
f 2063/2063 2339/2339 2068/2068
f 2341/2341 2342/2342 2343/2343
f 2341/2341 2343/2343 2344/2344
f 2073/2073 2345/2345 2343/2343
f 2073/2073 2343/2343 2342/2342
f 2074/2074 2073/2073 2342/2342
f 2074/2074 2342/2342 2341/2341
f 2345/2345 2346/2346 2347/2347
f 2345/2345 2347/2347 2343/2343
f 2348/2348 2349/2349 2350/2350
f 2348/2348 2350/2350 2351/2351
f 2352/2352 2350/2350 2353/2353
f 2352/2352 2353/2353 2354/2354
f 2349/2349 2077/2077 2353/2353
f 2349/2349 2353/2353 2350/2350
f 2076/2076 2354/2354 2353/2353
f 2076/2076 2353/2353 2077/2077
f 2355/2355 2356/2356 2357/2357
f 2355/2355 2357/2357 2358/2358
f 2086/2086 2085/2085 2356/2356
f 2086/2086 2356/2356 2355/2355
f 2358/2358 2357/2357 2359/2359
f 2358/2358 2359/2359 2360/2360
f 2360/2360 2359/2359 2361/2361
f 2360/2360 2361/2361 2362/2362
f 2362/2362 2361/2361 2363/2363
f 2362/2362 2363/2363 2364/2364
f 2087/2087 2364/2364 2363/2363
f 2087/2087 2363/2363 2088/2088
f 2356/2356 2365/2365 2366/2366
f 2356/2356 2366/2366 2357/2357
f 2096/2096 2367/2367 2366/2366
f 2096/2096 2366/2366 2365/2365
f 2085/2085 2096/2096 2365/2365
f 2085/2085 2365/2365 2356/2356
f 2357/2357 2366/2366 2368/2368
f 2357/2357 2368/2368 2359/2359
f 2367/2367 2369/2369 2368/2368
f 2367/2367 2368/2368 2366/2366
f 2359/2359 2368/2368 2370/2370
f 2359/2359 2370/2370 2361/2361
f 2369/2369 2371/2371 2370/2370
f 2369/2369 2370/2370 2368/2368
f 2361/2361 2370/2370 2372/2372
f 2361/2361 2372/2372 2363/2363
f 2371/2371 2098/2098 2372/2372
f 2371/2371 2372/2372 2370/2370
f 2088/2088 2363/2363 2372/2372
f 2088/2088 2372/2372 2098/2098
f 2373/2373 2374/2374 2375/2375
f 2373/2373 2375/2375 2376/2376
f 2130/2130 2133/2133 2375/2375
f 2130/2130 2375/2375 2374/2374
f 2131/2131 2373/2373 2376/2376
f 2131/2131 2376/2376 2134/2134
f 2131/2131 2130/2130 2374/2374
f 2131/2131 2374/2374 2373/2373
f 2376/2376 2375/2375 2377/2377
f 2376/2376 2377/2377 2378/2378
f 2133/2133 2137/2137 2377/2377
f 2133/2133 2377/2377 2375/2375
f 2134/2134 2376/2376 2378/2378
f 2134/2134 2378/2378 2379/2379
f 2378/2378 2377/2377 2380/2380
f 2378/2378 2380/2380 2381/2381
f 2137/2137 2139/2139 2380/2380
f 2137/2137 2380/2380 2377/2377
f 2379/2379 2378/2378 2381/2381
f 2379/2379 2381/2381 2382/2382
f 2381/2381 2380/2380 2383/2383
f 2381/2381 2383/2383 2384/2384
f 2139/2139 2141/2141 2383/2383
f 2139/2139 2383/2383 2380/2380
f 2382/2382 2381/2381 2384/2384
f 2382/2382 2384/2384 2385/2385
f 2384/2384 2383/2383 2386/2386
f 2384/2384 2386/2386 2387/2387
f 2141/2141 2142/2142 2386/2386
f 2141/2141 2386/2386 2383/2383
f 2385/2385 2384/2384 2387/2387
f 2385/2385 2387/2387 2145/2145
f 2387/2387 2386/2386 2388/2388
f 2387/2387 2388/2388 2389/2389
f 2142/2142 2143/2143 2388/2388
f 2142/2142 2388/2388 2386/2386
f 2145/2145 2387/2387 2389/2389
f 2145/2145 2389/2389 2146/2146
f 2146/2146 2389/2389 2388/2388
f 2146/2146 2388/2388 2143/2143
f 2390/2390 2391/2391 2392/2392
f 2390/2390 2392/2392 2393/2393
f 2185/2185 2394/2394 2392/2392
f 2185/2185 2392/2392 2391/2391
f 2180/2180 2390/2390 2393/2393
f 2180/2180 2393/2393 2181/2181
f 2180/2180 2185/2185 2391/2391
f 2180/2180 2391/2391 2390/2390
f 2393/2393 2392/2392 2395/2395
f 2393/2393 2395/2395 2396/2396
f 2181/2181 2393/2393 2396/2396
f 2181/2181 2396/2396 2182/2182
f 2396/2396 2395/2395 2397/2397
f 2396/2396 2397/2397 2398/2398
f 2182/2182 2396/2396 2398/2398
f 2182/2182 2398/2398 2183/2183
f 2398/2398 2397/2397 2399/2399
f 2398/2398 2399/2399 2400/2400
f 2401/2401 2186/2186 2399/2399
f 2401/2401 2399/2399 2397/2397
f 2183/2183 2398/2398 2400/2400
f 2183/2183 2400/2400 2184/2184
f 2184/2184 2400/2400 2399/2399
f 2184/2184 2399/2399 2186/2186
f 2402/2402 2403/2403 2404/2404
f 2402/2402 2404/2404 2405/2405
f 2190/2190 2189/2189 2403/2403
f 2190/2190 2403/2403 2402/2402
f 2405/2405 2404/2404 2406/2406
f 2405/2405 2406/2406 2407/2407
f 2191/2191 2407/2407 2406/2406
f 2191/2191 2406/2406 2192/2192
f 2403/2403 2408/2408 2409/2409
f 2403/2403 2409/2409 2404/2404
f 2189/2189 2196/2196 2408/2408
f 2189/2189 2408/2408 2403/2403
f 2404/2404 2409/2409 2410/2410
f 2404/2404 2410/2410 2406/2406
f 2192/2192 2406/2406 2410/2410
f 2192/2192 2410/2410 2197/2197
f 2411/2411 2412/2412 2413/2413
f 2411/2411 2413/2413 2414/2414
f 2202/2202 2201/2201 2412/2412
f 2202/2202 2412/2412 2411/2411
f 2414/2414 2413/2413 2415/2415
f 2414/2414 2415/2415 2416/2416
f 2205/2205 2416/2416 2415/2415
f 2205/2205 2415/2415 2206/2206
f 2412/2412 2417/2417 2418/2418
f 2412/2412 2418/2418 2413/2413
f 2201/2201 2212/2212 2417/2417
f 2201/2201 2417/2417 2412/2412
f 2413/2413 2418/2418 2419/2419
f 2413/2413 2419/2419 2415/2415
f 2206/2206 2415/2415 2419/2419
f 2206/2206 2419/2419 2214/2214
f 2420/2420 2421/2421 2422/2422
f 2420/2420 2422/2422 2423/2423
f 2219/2219 2221/2221 2422/2422
f 2219/2219 2422/2422 2421/2421
f 2220/2220 2420/2420 2423/2423
f 2220/2220 2423/2423 2222/2222
f 2220/2220 2219/2219 2421/2421
f 2220/2220 2421/2421 2420/2420
f 2221/2221 2224/2224 2424/2424
f 2221/2221 2424/2424 2422/2422
f 2222/2222 2423/2423 2425/2425
f 2222/2222 2425/2425 2225/2225
f 2224/2224 2227/2227 2426/2426
f 2224/2224 2426/2426 2424/2424
f 2225/2225 2425/2425 2427/2427
f 2225/2225 2427/2427 2228/2228
f 2227/2227 2428/2428 2429/2429
f 2227/2227 2429/2429 2426/2426
f 2228/2228 2427/2427 2430/2430
f 2228/2228 2430/2430 2431/2431
f 2428/2428 2432/2432 2433/2433
f 2428/2428 2433/2433 2429/2429
f 2432/2432 2434/2434 2435/2435
f 2432/2432 2435/2435 2433/2433
f 2434/2434 2232/2232 2436/2436
f 2434/2434 2436/2436 2435/2435
f 2437/2437 2438/2438 2439/2439
f 2437/2437 2439/2439 2233/2233
f 2232/2232 2231/2231 2440/2440
f 2232/2232 2440/2440 2436/2436
f 2233/2233 2439/2439 2441/2441
f 2233/2233 2441/2441 2234/2234
f 2231/2231 2235/2235 2442/2442
f 2231/2231 2442/2442 2440/2440
f 2234/2234 2441/2441 2443/2443
f 2234/2234 2443/2443 2236/2236
f 2443/2443 2442/2442 2444/2444
f 2443/2443 2444/2444 2445/2445
f 2235/2235 2237/2237 2444/2444
f 2235/2235 2444/2444 2442/2442
f 2236/2236 2443/2443 2445/2445
f 2236/2236 2445/2445 2238/2238
f 2238/2238 2445/2445 2444/2444
f 2238/2238 2444/2444 2237/2237
f 2446/2446 2447/2447 2448/2448
f 2446/2446 2448/2448 2449/2449
f 2270/2270 2446/2446 2449/2449
f 2270/2270 2449/2449 2271/2271
f 2270/2270 2269/2269 2447/2447
f 2270/2270 2447/2447 2446/2446
f 2271/2271 2449/2449 2450/2450
f 2271/2271 2450/2450 2273/2273
f 2273/2273 2450/2450 2451/2451
f 2273/2273 2451/2451 2452/2452
f 2452/2452 2451/2451 2453/2453
f 2452/2452 2453/2453 2454/2454
f 2454/2454 2453/2453 2455/2455
f 2454/2454 2455/2455 2456/2456
f 2456/2456 2455/2455 2457/2457
f 2456/2456 2457/2457 2276/2276
f 2276/2276 2457/2457 2458/2458
f 2276/2276 2458/2458 2277/2277
f 2458/2458 2459/2459 2460/2460
f 2458/2458 2460/2460 2461/2461
f 2277/2277 2458/2458 2461/2461
f 2277/2277 2461/2461 2279/2279
f 2279/2279 2461/2461 2460/2460
f 2279/2279 2460/2460 2280/2280
f 2462/2462 2463/2463 2464/2464
f 2462/2462 2464/2464 2465/2465
f 2286/2286 2285/2285 2463/2463
f 2286/2286 2463/2463 2462/2462
f 2466/2466 2467/2467 2468/2468
f 2466/2466 2468/2468 2469/2469
f 2287/2287 2469/2469 2468/2468
f 2287/2287 2468/2468 2288/2288
f 2470/2470 2471/2471 2472/2472
f 2470/2470 2472/2472 2473/2473
f 2294/2294 2470/2470 2473/2473
f 2294/2294 2473/2473 2295/2295
f 2294/2294 2293/2293 2471/2471
f 2294/2294 2471/2471 2470/2470
f 2295/2295 2473/2473 2474/2474
f 2295/2295 2474/2474 2475/2475
f 2476/2476 2477/2477 2478/2478
f 2476/2476 2478/2478 2298/2298
f 2478/2478 2479/2479 2480/2480
f 2478/2478 2480/2480 2481/2481
f 2298/2298 2478/2478 2481/2481
f 2298/2298 2481/2481 2299/2299
f 2299/2299 2481/2481 2480/2480
f 2299/2299 2480/2480 2300/2300
f 2471/2471 2482/2482 2483/2483
f 2471/2471 2483/2483 2472/2472
f 2293/2293 2304/2304 2482/2482
f 2293/2293 2482/2482 2471/2471
f 2479/2479 2484/2484 2485/2485
f 2479/2479 2485/2485 2480/2480
f 2300/2300 2480/2480 2485/2485
f 2300/2300 2485/2485 2305/2305
f 2482/2482 2486/2486 2487/2487
f 2482/2482 2487/2487 2483/2483
f 2304/2304 2308/2308 2486/2486
f 2304/2304 2486/2486 2482/2482
f 2484/2484 2488/2488 2489/2489
f 2484/2484 2489/2489 2485/2485
f 2305/2305 2485/2485 2489/2489
f 2305/2305 2489/2489 2309/2309
f 2486/2486 2490/2490 2491/2491
f 2486/2486 2491/2491 2487/2487
f 2308/2308 2312/2312 2490/2490
f 2308/2308 2490/2490 2486/2486
f 2488/2488 2492/2492 2493/2493
f 2488/2488 2493/2493 2489/2489
f 2309/2309 2489/2489 2493/2493
f 2309/2309 2493/2493 2313/2313
f 2490/2490 2494/2494 2495/2495
f 2490/2490 2495/2495 2491/2491
f 2316/2316 2318/2318 2495/2495
f 2316/2316 2495/2495 2494/2494
f 2312/2312 2316/2316 2494/2494
f 2312/2312 2494/2494 2490/2490
f 2318/2318 2496/2496 2497/2497
f 2318/2318 2497/2497 2495/2495
f 2498/2498 2321/2321 2499/2499
f 2498/2498 2499/2499 2500/2500
f 2492/2492 2499/2499 2501/2501
f 2492/2492 2501/2501 2493/2493
f 2321/2321 2320/2320 2501/2501
f 2321/2321 2501/2501 2499/2499
f 2313/2313 2493/2493 2501/2501
f 2313/2313 2501/2501 2320/2320
f 2502/2502 2503/2503 2504/2504
f 2502/2502 2504/2504 2505/2505
f 2326/2326 2325/2325 2503/2503
f 2326/2326 2503/2503 2502/2502
f 2506/2506 2507/2507 2508/2508
f 2506/2506 2508/2508 2509/2509
f 2327/2327 2509/2509 2508/2508
f 2327/2327 2508/2508 2328/2328
f 2503/2503 2510/2510 2511/2511
f 2503/2503 2511/2511 2504/2504
f 2325/2325 2332/2332 2510/2510
f 2325/2325 2510/2510 2503/2503
f 2507/2507 2512/2512 2513/2513
f 2507/2507 2513/2513 2508/2508
f 2328/2328 2508/2508 2513/2513
f 2328/2328 2513/2513 2333/2333
f 2510/2510 2514/2514 2515/2515
f 2510/2510 2515/2515 2511/2511
f 2336/2336 2516/2516 2515/2515
f 2336/2336 2515/2515 2514/2514
f 2332/2332 2336/2336 2514/2514
f 2332/2332 2514/2514 2510/2510
f 2512/2512 2517/2517 2518/2518
f 2512/2512 2518/2518 2513/2513
f 2519/2519 2338/2338 2518/2518
f 2519/2519 2518/2518 2517/2517
f 2333/2333 2513/2513 2518/2518
f 2333/2333 2518/2518 2338/2338
f 2520/2520 2521/2521 2522/2522
f 2520/2520 2522/2522 2523/2523
f 2343/2343 2347/2347 2522/2522
f 2343/2343 2522/2522 2521/2521
f 2344/2344 2343/2343 2521/2521
f 2344/2344 2521/2521 2520/2520
f 2523/2523 2522/2522 2524/2524
f 2523/2523 2524/2524 2525/2525
f 2347/2347 2526/2526 2524/2524
f 2347/2347 2524/2524 2522/2522
f 2525/2525 2524/2524 2527/2527
f 2525/2525 2527/2527 2528/2528
f 2526/2526 2529/2529 2527/2527
f 2526/2526 2527/2527 2524/2524
f 2528/2528 2527/2527 2530/2530
f 2528/2528 2530/2530 2531/2531
f 2529/2529 2532/2532 2530/2530
f 2529/2529 2530/2530 2527/2527
f 2531/2531 2530/2530 2533/2533
f 2531/2531 2533/2533 2534/2534
f 2532/2532 2351/2351 2533/2533
f 2532/2532 2533/2533 2530/2530
f 2534/2534 2533/2533 2535/2535
f 2534/2534 2535/2535 2536/2536
f 2351/2351 2350/2350 2535/2535
f 2351/2351 2535/2535 2533/2533
f 2352/2352 2536/2536 2535/2535
f 2352/2352 2535/2535 2350/2350
f 2537/2537 2538/2538 2539/2539
f 2537/2537 2539/2539 2540/2540
f 2422/2422 2424/2424 2539/2539
f 2422/2422 2539/2539 2538/2538
f 2423/2423 2537/2537 2540/2540
f 2423/2423 2540/2540 2425/2425
f 2423/2423 2422/2422 2538/2538
f 2423/2423 2538/2538 2537/2537
f 2424/2424 2426/2426 2541/2541
f 2424/2424 2541/2541 2539/2539
f 2425/2425 2540/2540 2542/2542
f 2425/2425 2542/2542 2427/2427
f 2426/2426 2429/2429 2543/2543
f 2426/2426 2543/2543 2541/2541
f 2427/2427 2542/2542 2544/2544
f 2427/2427 2544/2544 2430/2430
f 2429/2429 2433/2433 2545/2545
f 2429/2429 2545/2545 2543/2543
f 2430/2430 2544/2544 2546/2546
f 2430/2430 2546/2546 2547/2547
f 2433/2433 2435/2435 2548/2548
f 2433/2433 2548/2548 2545/2545
f 2547/2547 2546/2546 2549/2549
f 2547/2547 2549/2549 2438/2438
f 2435/2435 2436/2436 2550/2550
f 2435/2435 2550/2550 2548/2548
f 2438/2438 2549/2549 2551/2551
f 2438/2438 2551/2551 2439/2439
f 2436/2436 2440/2440 2552/2552
f 2436/2436 2552/2552 2550/2550
f 2439/2439 2551/2551 2553/2553
f 2439/2439 2553/2553 2441/2441
f 2553/2553 2552/2552 2554/2554
f 2553/2553 2554/2554 2555/2555
f 2440/2440 2442/2442 2554/2554
f 2440/2440 2554/2554 2552/2552
f 2441/2441 2553/2553 2555/2555
f 2441/2441 2555/2555 2443/2443
f 2443/2443 2555/2555 2554/2554
f 2443/2443 2554/2554 2442/2442
f 2556/2556 2557/2557 2558/2558
f 2556/2556 2558/2558 2559/2559
f 2560/2560 2561/2561 2562/2562
f 2560/2560 2562/2562 2563/2563
f 2563/2563 2562/2562 2558/2558
f 2563/2563 2558/2558 2557/2557
f 2560/2560 2556/2556 2559/2559
f 2560/2560 2559/2559 2561/2561
f 2560/2560 2563/2563 2557/2557
f 2560/2560 2557/2557 2556/2556
f 2559/2559 2558/2558 2564/2564
f 2559/2559 2564/2564 2565/2565
f 2561/2561 2566/2566 2567/2567
f 2561/2561 2567/2567 2562/2562
f 2562/2562 2567/2567 2564/2564
f 2562/2562 2564/2564 2558/2558
f 2561/2561 2559/2559 2565/2565
f 2561/2561 2565/2565 2566/2566
f 2566/2566 2565/2565 2564/2564
f 2566/2566 2564/2564 2567/2567
f 2568/2568 2569/2569 2570/2570
f 2568/2568 2570/2570 2571/2571
f 2449/2449 2568/2568 2571/2571
f 2449/2449 2571/2571 2450/2450
f 2449/2449 2448/2448 2569/2569
f 2449/2449 2569/2569 2568/2568
f 2571/2571 2570/2570 2572/2572
f 2571/2571 2572/2572 2573/2573
f 2450/2450 2571/2571 2573/2573
f 2450/2450 2573/2573 2451/2451
f 2573/2573 2572/2572 2574/2574
f 2573/2573 2574/2574 2575/2575
f 2451/2451 2573/2573 2575/2575
f 2451/2451 2575/2575 2453/2453
f 2575/2575 2574/2574 2576/2576
f 2575/2575 2576/2576 2577/2577
f 2453/2453 2575/2575 2577/2577
f 2453/2453 2577/2577 2455/2455
f 2577/2577 2576/2576 2578/2578
f 2577/2577 2578/2578 2579/2579
f 2455/2455 2577/2577 2579/2579
f 2455/2455 2579/2579 2457/2457
f 2579/2579 2578/2578 2580/2580
f 2579/2579 2580/2580 2581/2581
f 2457/2457 2579/2579 2581/2581
f 2457/2457 2581/2581 2458/2458
f 2458/2458 2581/2581 2580/2580
f 2458/2458 2580/2580 2459/2459
f 2582/2582 2583/2583 2584/2584
f 2582/2582 2584/2584 2585/2585
f 2465/2465 2464/2464 2583/2583
f 2465/2465 2583/2583 2582/2582
f 2585/2585 2584/2584 2586/2586
f 2585/2585 2586/2586 2587/2587
f 2587/2587 2586/2586 2588/2588
f 2587/2587 2588/2588 2589/2589
f 2589/2589 2588/2588 2590/2590
f 2589/2589 2590/2590 2591/2591
f 2591/2591 2590/2590 2592/2592
f 2591/2591 2592/2592 2593/2593
f 2593/2593 2592/2592 2594/2594
f 2593/2593 2594/2594 2595/2595
f 2466/2466 2595/2595 2594/2594
f 2466/2466 2594/2594 2467/2467
f 2596/2596 2597/2597 2598/2598
f 2596/2596 2598/2598 2599/2599
f 2473/2473 2596/2596 2599/2599
f 2473/2473 2599/2599 2474/2474
f 2473/2473 2472/2472 2597/2597
f 2473/2473 2597/2597 2596/2596
f 2599/2599 2598/2598 2600/2600
f 2599/2599 2600/2600 2601/2601
f 2474/2474 2599/2599 2601/2601
f 2474/2474 2601/2601 2602/2602
f 2603/2603 2604/2604 2605/2605
f 2603/2603 2605/2605 2606/2606
f 2607/2607 2603/2603 2606/2606
f 2607/2607 2606/2606 2477/2477
f 2606/2606 2605/2605 2608/2608
f 2606/2606 2608/2608 2609/2609
f 2477/2477 2606/2606 2609/2609
f 2477/2477 2609/2609 2478/2478
f 2478/2478 2609/2609 2608/2608
f 2478/2478 2608/2608 2479/2479
f 2597/2597 2610/2610 2611/2611
f 2597/2597 2611/2611 2598/2598
f 2472/2472 2483/2483 2610/2610
f 2472/2472 2610/2610 2597/2597
f 2598/2598 2611/2611 2612/2612
f 2598/2598 2612/2612 2600/2600
f 2604/2604 2613/2613 2614/2614
f 2604/2604 2614/2614 2605/2605
f 2605/2605 2614/2614 2615/2615
f 2605/2605 2615/2615 2608/2608
f 2479/2479 2608/2608 2615/2615
f 2479/2479 2615/2615 2484/2484
f 2610/2610 2616/2616 2617/2617
f 2610/2610 2617/2617 2611/2611
f 2483/2483 2487/2487 2616/2616
f 2483/2483 2616/2616 2610/2610
f 2611/2611 2617/2617 2618/2618
f 2611/2611 2618/2618 2612/2612
f 2613/2613 2619/2619 2620/2620
f 2613/2613 2620/2620 2614/2614
f 2614/2614 2620/2620 2621/2621
f 2614/2614 2621/2621 2615/2615
f 2484/2484 2615/2615 2621/2621
f 2484/2484 2621/2621 2488/2488
f 2616/2616 2622/2622 2623/2623
f 2616/2616 2623/2623 2617/2617
f 2487/2487 2491/2491 2622/2622
f 2487/2487 2622/2622 2616/2616
f 2617/2617 2623/2623 2624/2624
f 2617/2617 2624/2624 2618/2618
f 2619/2619 2625/2625 2626/2626
f 2619/2619 2626/2626 2620/2620
f 2620/2620 2626/2626 2627/2627
f 2620/2620 2627/2627 2621/2621
f 2488/2488 2621/2621 2627/2627
f 2488/2488 2627/2627 2492/2492
f 2622/2622 2628/2628 2629/2629
f 2622/2622 2629/2629 2623/2623
f 2495/2495 2497/2497 2629/2629
f 2495/2495 2629/2629 2628/2628
f 2491/2491 2495/2495 2628/2628
f 2491/2491 2628/2628 2622/2622
f 2623/2623 2629/2629 2630/2630
f 2623/2623 2630/2630 2624/2624
f 2497/2497 2631/2631 2630/2630
f 2497/2497 2630/2630 2629/2629
f 2625/2625 2632/2632 2633/2633
f 2625/2625 2633/2633 2626/2626
f 2634/2634 2500/2500 2633/2633
f 2634/2634 2633/2633 2632/2632
f 2626/2626 2633/2633 2635/2635
f 2626/2626 2635/2635 2627/2627
f 2500/2500 2499/2499 2635/2635
f 2500/2500 2635/2635 2633/2633
f 2492/2492 2627/2627 2635/2635
f 2492/2492 2635/2635 2499/2499
f 2636/2636 2637/2637 2638/2638
f 2636/2636 2638/2638 2639/2639
f 2505/2505 2504/2504 2637/2637
f 2505/2505 2637/2637 2636/2636
f 2639/2639 2638/2638 2640/2640
f 2639/2639 2640/2640 2641/2641
f 2641/2641 2640/2640 2642/2642
f 2641/2641 2642/2642 2643/2643
f 2643/2643 2642/2642 2644/2644
f 2643/2643 2644/2644 2645/2645
f 2645/2645 2644/2644 2646/2646
f 2645/2645 2646/2646 2647/2647
f 2647/2647 2646/2646 2648/2648
f 2647/2647 2648/2648 2649/2649
f 2506/2506 2649/2649 2648/2648
f 2506/2506 2648/2648 2507/2507
f 2637/2637 2650/2650 2651/2651
f 2637/2637 2651/2651 2638/2638
f 2504/2504 2511/2511 2650/2650
f 2504/2504 2650/2650 2637/2637
f 2638/2638 2651/2651 2652/2652
f 2638/2638 2652/2652 2640/2640
f 2640/2640 2652/2652 2653/2653
f 2640/2640 2653/2653 2642/2642
f 2642/2642 2653/2653 2654/2654
f 2642/2642 2654/2654 2644/2644
f 2644/2644 2654/2654 2655/2655
f 2644/2644 2655/2655 2646/2646
f 2646/2646 2655/2655 2656/2656
f 2646/2646 2656/2656 2648/2648
f 2507/2507 2648/2648 2656/2656
f 2507/2507 2656/2656 2512/2512
f 2650/2650 2657/2657 2658/2658
f 2650/2650 2658/2658 2651/2651
f 2515/2515 2659/2659 2658/2658
f 2515/2515 2658/2658 2657/2657
f 2511/2511 2515/2515 2657/2657
f 2511/2511 2657/2657 2650/2650
f 2651/2651 2658/2658 2660/2660
f 2651/2651 2660/2660 2652/2652
f 2659/2659 2661/2661 2660/2660
f 2659/2659 2660/2660 2658/2658
f 2652/2652 2660/2660 2662/2662
f 2652/2652 2662/2662 2653/2653
f 2661/2661 2663/2663 2662/2662
f 2661/2661 2662/2662 2660/2660
f 2653/2653 2662/2662 2664/2664
f 2653/2653 2664/2664 2654/2654
f 2663/2663 2665/2665 2664/2664
f 2663/2663 2664/2664 2662/2662
f 2654/2654 2664/2664 2666/2666
f 2654/2654 2666/2666 2655/2655
f 2665/2665 2667/2667 2666/2666
f 2665/2665 2666/2666 2664/2664
f 2655/2655 2666/2666 2668/2668
f 2655/2655 2668/2668 2656/2656
f 2667/2667 2517/2517 2668/2668
f 2667/2667 2668/2668 2666/2666
f 2512/2512 2656/2656 2668/2668
f 2512/2512 2668/2668 2517/2517
f 2669/2669 2670/2670 2671/2671
f 2669/2669 2671/2671 2672/2672
f 2539/2539 2541/2541 2671/2671
f 2539/2539 2671/2671 2670/2670
f 2540/2540 2669/2669 2672/2672
f 2540/2540 2672/2672 2542/2542
f 2540/2540 2539/2539 2670/2670
f 2540/2540 2670/2670 2669/2669
f 2672/2672 2671/2671 2673/2673
f 2672/2672 2673/2673 2674/2674
f 2541/2541 2543/2543 2673/2673
f 2541/2541 2673/2673 2671/2671
f 2542/2542 2672/2672 2674/2674
f 2542/2542 2674/2674 2544/2544
f 2674/2674 2673/2673 2675/2675
f 2674/2674 2675/2675 2676/2676
f 2543/2543 2545/2545 2675/2675
f 2543/2543 2675/2675 2673/2673
f 2544/2544 2674/2674 2676/2676
f 2544/2544 2676/2676 2546/2546
f 2676/2676 2675/2675 2677/2677
f 2676/2676 2677/2677 2678/2678
f 2545/2545 2548/2548 2677/2677
f 2545/2545 2677/2677 2675/2675
f 2546/2546 2676/2676 2678/2678
f 2546/2546 2678/2678 2549/2549
f 2678/2678 2677/2677 2679/2679
f 2678/2678 2679/2679 2680/2680
f 2548/2548 2550/2550 2679/2679
f 2548/2548 2679/2679 2677/2677
f 2549/2549 2678/2678 2680/2680
f 2549/2549 2680/2680 2551/2551
f 2680/2680 2679/2679 2681/2681
f 2680/2680 2681/2681 2682/2682
f 2550/2550 2552/2552 2681/2681
f 2550/2550 2681/2681 2679/2679
f 2551/2551 2680/2680 2682/2682
f 2551/2551 2682/2682 2553/2553
f 2553/2553 2682/2682 2681/2681
f 2553/2553 2681/2681 2552/2552
f 2683/2683 2684/2684 2685/2685
f 2683/2683 2685/2685 2686/2686
f 2601/2601 2683/2683 2686/2686
f 2601/2601 2686/2686 2687/2687
f 2601/2601 2600/2600 2684/2684
f 2601/2601 2684/2684 2683/2683
f 2686/2686 2685/2685 2688/2688
f 2686/2686 2688/2688 2689/2689
f 2687/2687 2686/2686 2689/2689
f 2687/2687 2689/2689 2690/2690
f 2689/2689 2688/2688 2691/2691
f 2689/2689 2691/2691 2692/2692
f 2690/2690 2689/2689 2692/2692
f 2690/2690 2692/2692 2693/2693
f 2692/2692 2691/2691 2694/2694
f 2692/2692 2694/2694 2695/2695
f 2693/2693 2692/2692 2695/2695
f 2693/2693 2695/2695 2696/2696
f 2695/2695 2694/2694 2697/2697
f 2695/2695 2697/2697 2698/2698
f 2696/2696 2695/2695 2698/2698
f 2696/2696 2698/2698 2699/2699
f 2698/2698 2697/2697 2700/2700
f 2698/2698 2700/2700 2701/2701
f 2699/2699 2698/2698 2701/2701
f 2699/2699 2701/2701 2603/2603
f 2603/2603 2701/2701 2700/2700
f 2603/2603 2700/2700 2604/2604
f 2684/2684 2702/2702 2703/2703
f 2684/2684 2703/2703 2685/2685
f 2600/2600 2612/2612 2702/2702
f 2600/2600 2702/2702 2684/2684
f 2685/2685 2703/2703 2704/2704
f 2685/2685 2704/2704 2688/2688
f 2688/2688 2704/2704 2705/2705
f 2688/2688 2705/2705 2691/2691
f 2691/2691 2705/2705 2706/2706
f 2691/2691 2706/2706 2694/2694
f 2694/2694 2706/2706 2707/2707
f 2694/2694 2707/2707 2697/2697
f 2697/2697 2707/2707 2708/2708
f 2697/2697 2708/2708 2700/2700
f 2604/2604 2700/2700 2708/2708
f 2604/2604 2708/2708 2613/2613
f 2702/2702 2709/2709 2710/2710
f 2702/2702 2710/2710 2703/2703
f 2612/2612 2618/2618 2709/2709
f 2612/2612 2709/2709 2702/2702
f 2703/2703 2710/2710 2711/2711
f 2703/2703 2711/2711 2704/2704
f 2704/2704 2711/2711 2712/2712
f 2704/2704 2712/2712 2705/2705
f 2705/2705 2712/2712 2713/2713
f 2705/2705 2713/2713 2706/2706
f 2706/2706 2713/2713 2714/2714
f 2706/2706 2714/2714 2707/2707
f 2707/2707 2714/2714 2715/2715
f 2707/2707 2715/2715 2708/2708
f 2613/2613 2708/2708 2715/2715
f 2613/2613 2715/2715 2619/2619
f 2709/2709 2716/2716 2717/2717
f 2709/2709 2717/2717 2710/2710
f 2618/2618 2624/2624 2716/2716
f 2618/2618 2716/2716 2709/2709
f 2710/2710 2717/2717 2718/2718
f 2710/2710 2718/2718 2711/2711
f 2711/2711 2718/2718 2719/2719
f 2711/2711 2719/2719 2712/2712
f 2712/2712 2719/2719 2720/2720
f 2712/2712 2720/2720 2713/2713
f 2713/2713 2720/2720 2721/2721
f 2713/2713 2721/2721 2714/2714
f 2714/2714 2721/2721 2722/2722
f 2714/2714 2722/2722 2715/2715
f 2619/2619 2715/2715 2722/2722
f 2619/2619 2722/2722 2625/2625
f 2716/2716 2723/2723 2724/2724
f 2716/2716 2724/2724 2717/2717
f 2630/2630 2725/2725 2724/2724
f 2630/2630 2724/2724 2723/2723
f 2624/2624 2630/2630 2723/2723
f 2624/2624 2723/2723 2716/2716
f 2717/2717 2724/2724 2726/2726
f 2717/2717 2726/2726 2718/2718
f 2725/2725 2727/2727 2726/2726
f 2725/2725 2726/2726 2724/2724
f 2718/2718 2726/2726 2728/2728
f 2718/2718 2728/2728 2719/2719
f 2727/2727 2729/2729 2728/2728
f 2727/2727 2728/2728 2726/2726
f 2719/2719 2728/2728 2730/2730
f 2719/2719 2730/2730 2720/2720
f 2729/2729 2731/2731 2730/2730
f 2729/2729 2730/2730 2728/2728
f 2720/2720 2730/2730 2732/2732
f 2720/2720 2732/2732 2721/2721
f 2731/2731 2733/2733 2732/2732
f 2731/2731 2732/2732 2730/2730
f 2721/2721 2732/2732 2734/2734
f 2721/2721 2734/2734 2722/2722
f 2733/2733 2632/2632 2734/2734
f 2733/2733 2734/2734 2732/2732
f 2625/2625 2722/2722 2734/2734
f 2625/2625 2734/2734 2632/2632
