mtllib TBLUD0_flame.mtl
o TorchFlame
v -0.236842 0.368421 -0.078947
v -0.236842 0.368421 -0.052632
v -0.236842 0.394737 -0.052632
v -0.236842 0.394737 -0.078947
v -0.210526 0.394737 -0.052632
v -0.210526 0.394737 -0.078947
v -0.210526 0.368421 -0.078947
v -0.210526 0.368421 -0.052632
v -0.236842 0.368421 -0.026316
v -0.236842 0.394737 -0.026316
v -0.210526 0.394737 -0.026316
v -0.210526 0.368421 -0.026316
v -0.236842 0.368421 0.000000
v -0.236842 0.394737 0.000000
v -0.210526 0.394737 0.000000
v -0.210526 0.368421 0.000000
v -0.236842 0.368421 0.026316
v -0.236842 0.394737 0.026316
v -0.210526 0.394737 0.026316
v -0.210526 0.368421 0.026316
v -0.236842 0.368421 0.052632
v -0.236842 0.394737 0.052632
v -0.210526 0.394737 0.052632
v -0.210526 0.368421 0.052632
v -0.236842 0.368421 0.078947
v -0.236842 0.394737 0.078947
v -0.210526 0.394737 0.078947
v -0.210526 0.368421 0.078947
v -0.210526 0.078947 -0.078947
v -0.210526 0.078947 -0.052632
v -0.210526 0.105263 -0.052632
v -0.210526 0.105263 -0.078947
v -0.184211 0.078947 -0.078947
v -0.184211 0.078947 -0.052632
v -0.184211 0.105263 -0.078947
v -0.210526 0.078947 -0.026316
v -0.210526 0.105263 -0.026316
v -0.184211 0.078947 -0.026316
v -0.210526 0.078947 0.000000
v -0.210526 0.105263 0.000000
v -0.184211 0.078947 0.000000
v -0.210526 0.078947 0.026316
v -0.210526 0.105263 0.026316
v -0.184211 0.078947 0.026316
v -0.210526 0.078947 0.052632
v -0.210526 0.105263 0.052632
v -0.184211 0.078947 0.052632
v -0.210526 0.078947 0.078947
v -0.210526 0.105263 0.078947
v -0.184211 0.078947 0.078947
v -0.184211 0.105263 0.078947
v -0.210526 0.131579 -0.052632
v -0.210526 0.131579 -0.078947
v -0.184211 0.131579 -0.078947
v -0.210526 0.131579 -0.026316
v -0.210526 0.131579 0.000000
v -0.210526 0.131579 0.026316
v -0.210526 0.131579 0.052632
v -0.210526 0.131579 0.078947
v -0.184211 0.131579 0.078947
v -0.210526 0.157895 -0.052632
v -0.210526 0.157895 -0.078947
v -0.184211 0.157895 -0.078947
v -0.210526 0.157895 -0.026316
v -0.210526 0.157895 0.000000
v -0.210526 0.157895 0.026316
v -0.210526 0.157895 0.052632
v -0.210526 0.157895 0.078947
v -0.184211 0.157895 0.078947
v -0.210526 0.184211 -0.052632
v -0.210526 0.184211 -0.078947
v -0.184211 0.184211 -0.078947
v -0.210526 0.184211 -0.026316
v -0.210526 0.184211 0.000000
v -0.210526 0.184211 0.026316
v -0.210526 0.184211 0.052632
v -0.210526 0.184211 0.078947
v -0.184211 0.184211 0.078947
v -0.210526 0.210526 -0.052632
v -0.210526 0.210526 -0.078947
v -0.184211 0.210526 -0.052632
v -0.184211 0.210526 -0.078947
v -0.210526 0.210526 -0.026316
v -0.184211 0.210526 -0.026316
v -0.210526 0.210526 0.000000
v -0.184211 0.210526 0.000000
v -0.210526 0.210526 0.026316
v -0.184211 0.210526 0.026316
v -0.210526 0.210526 0.052632
v -0.184211 0.210526 0.052632
v -0.210526 0.210526 0.078947
v -0.184211 0.210526 0.078947
v -0.210526 0.289474 -0.078947
v -0.210526 0.289474 -0.052632
v -0.210526 0.315789 -0.052632
v -0.210526 0.315789 -0.078947
v -0.184211 0.289474 -0.078947
v -0.184211 0.289474 -0.052632
v -0.184211 0.315789 -0.078947
v -0.210526 0.289474 -0.026316
v -0.210526 0.315789 -0.026316
v -0.184211 0.289474 -0.026316
v -0.210526 0.289474 0.000000
v -0.210526 0.315789 0.000000
v -0.184211 0.289474 0.000000
v -0.210526 0.289474 0.026316
v -0.210526 0.315789 0.026316
v -0.184211 0.289474 0.026316
v -0.210526 0.289474 0.052632
v -0.210526 0.315789 0.052632
v -0.184211 0.289474 0.052632
v -0.210526 0.289474 0.078947
v -0.210526 0.315789 0.078947
v -0.184211 0.289474 0.078947
v -0.184211 0.315789 0.078947
v -0.210526 0.342105 -0.052632
v -0.210526 0.342105 -0.078947
v -0.184211 0.342105 -0.078947
v -0.210526 0.342105 -0.026316
v -0.210526 0.342105 0.000000
v -0.210526 0.342105 0.026316
v -0.210526 0.342105 0.052632
v -0.210526 0.342105 0.078947
v -0.184211 0.342105 0.078947
v -0.210526 0.342105 -0.078947
v -0.210526 0.342105 -0.052632
v -0.210526 0.368421 -0.052632
v -0.210526 0.368421 -0.078947
v -0.184211 0.368421 -0.078947
v -0.184211 0.342105 -0.078947
v -0.210526 0.342105 -0.026316
v -0.210526 0.368421 -0.026316
v -0.210526 0.342105 0.000000
v -0.210526 0.368421 0.000000
v -0.210526 0.342105 0.026316
v -0.210526 0.368421 0.026316
v -0.210526 0.342105 0.052632
v -0.210526 0.368421 0.052632
v -0.210526 0.342105 0.078947
v -0.210526 0.368421 0.078947
v -0.184211 0.342105 0.078947
v -0.184211 0.368421 0.078947
v -0.210526 0.368421 -0.131579
v -0.210526 0.368421 -0.105263
v -0.210526 0.394737 -0.105263
v -0.210526 0.394737 -0.131579
v -0.184211 0.394737 -0.105263
v -0.184211 0.394737 -0.131579
v -0.184211 0.368421 -0.131579
v -0.184211 0.368421 -0.105263
v -0.184211 0.394737 -0.078947
v -0.184211 0.368421 -0.078947
v -0.184211 0.394737 -0.052632
v -0.184211 0.394737 -0.026316
v -0.184211 0.394737 0.000000
v -0.184211 0.394737 0.026316
v -0.184211 0.394737 0.052632
v -0.184211 0.394737 0.078947
v -0.210526 0.368421 0.105263
v -0.210526 0.394737 0.105263
v -0.184211 0.394737 0.105263
v -0.184211 0.368421 0.078947
v -0.184211 0.368421 0.105263
v -0.210526 0.368421 0.131579
v -0.210526 0.394737 0.131579
v -0.184211 0.394737 0.131579
v -0.184211 0.368421 0.131579
v -0.210526 0.736842 -0.052632
v -0.210526 0.736842 -0.026316
v -0.210526 0.763158 -0.026316
v -0.210526 0.763158 -0.052632
v -0.184211 0.736842 -0.052632
v -0.184211 0.736842 -0.026316
v -0.184211 0.763158 -0.052632
v -0.210526 0.736842 0.000000
v -0.210526 0.763158 0.000000
v -0.184211 0.736842 0.000000
v -0.210526 0.736842 0.026316
v -0.210526 0.763158 0.026316
v -0.184211 0.736842 0.026316
v -0.210526 0.736842 0.052632
v -0.210526 0.763158 0.052632
v -0.184211 0.736842 0.052632
v -0.184211 0.763158 0.052632
v -0.210526 0.763158 -0.052632
v -0.210526 0.763158 -0.026316
v -0.210526 0.789474 -0.026316
v -0.210526 0.789474 -0.052632
v -0.184211 0.789474 -0.026316
v -0.184211 0.789474 -0.052632
v -0.184211 0.763158 -0.052632
v -0.210526 0.763158 0.000000
v -0.210526 0.789474 0.000000
v -0.184211 0.789474 0.000000
v -0.210526 0.763158 0.026316
v -0.210526 0.789474 0.026316
v -0.184211 0.789474 0.026316
v -0.210526 0.763158 0.052632
v -0.210526 0.789474 0.052632
v -0.184211 0.789474 0.052632
v -0.184211 0.763158 0.052632
v -0.184211 0.052632 -0.078947
v -0.184211 0.052632 -0.052632
v -0.184211 0.078947 -0.052632
v -0.184211 0.078947 -0.078947
v -0.157895 0.052632 -0.078947
v -0.157895 0.052632 -0.052632
v -0.157895 0.078947 -0.078947
v -0.184211 0.052632 -0.026316
v -0.184211 0.078947 -0.026316
v -0.157895 0.052632 -0.026316
v -0.184211 0.052632 0.000000
v -0.184211 0.078947 0.000000
v -0.157895 0.052632 0.000000
v -0.184211 0.052632 0.026316
v -0.184211 0.078947 0.026316
v -0.157895 0.052632 0.026316
v -0.184211 0.052632 0.052632
v -0.184211 0.078947 0.052632
v -0.157895 0.052632 0.052632
v -0.184211 0.052632 0.078947
v -0.184211 0.078947 0.078947
v -0.157895 0.052632 0.078947
v -0.157895 0.078947 0.078947
v -0.184211 0.078947 -0.131579
v -0.184211 0.078947 -0.105263
v -0.184211 0.105263 -0.105263
v -0.184211 0.105263 -0.131579
v -0.157895 0.078947 -0.131579
v -0.157895 0.078947 -0.105263
v -0.157895 0.105263 -0.131579
v -0.157895 0.078947 -0.078947
v -0.184211 0.078947 0.105263
v -0.184211 0.105263 0.105263
v -0.157895 0.078947 0.078947
v -0.157895 0.078947 0.105263
v -0.184211 0.078947 0.131579
v -0.184211 0.105263 0.131579
v -0.157895 0.078947 0.131579
v -0.157895 0.105263 0.131579
v -0.184211 0.131579 -0.105263
v -0.184211 0.131579 -0.131579
v -0.157895 0.131579 -0.131579
v -0.184211 0.131579 0.105263
v -0.184211 0.131579 0.131579
v -0.157895 0.131579 0.131579
v -0.184211 0.157895 -0.105263
v -0.184211 0.157895 -0.131579
v -0.157895 0.157895 -0.131579
v -0.184211 0.157895 0.105263
v -0.184211 0.157895 0.131579
v -0.157895 0.157895 0.131579
v -0.184211 0.184211 -0.105263
v -0.184211 0.184211 -0.131579
v -0.157895 0.184211 -0.131579
v -0.184211 0.184211 0.105263
v -0.184211 0.184211 0.131579
v -0.157895 0.184211 0.131579
v -0.184211 0.210526 -0.105263
v -0.184211 0.210526 -0.131579
v -0.157895 0.210526 -0.105263
v -0.157895 0.210526 -0.131579
v -0.157895 0.210526 -0.078947
v -0.184211 0.210526 0.105263
v -0.157895 0.210526 0.105263
v -0.157895 0.210526 0.078947
v -0.184211 0.210526 0.131579
v -0.157895 0.210526 0.131579
v -0.184211 0.210526 -0.078947
v -0.184211 0.210526 -0.052632
v -0.184211 0.236842 -0.052632
v -0.184211 0.236842 -0.078947
v -0.157895 0.236842 -0.078947
v -0.157895 0.210526 -0.078947
v -0.184211 0.210526 -0.026316
v -0.184211 0.236842 -0.026316
v -0.184211 0.210526 0.000000
v -0.184211 0.236842 0.000000
v -0.184211 0.210526 0.026316
v -0.184211 0.236842 0.026316
v -0.184211 0.210526 0.052632
v -0.184211 0.236842 0.052632
v -0.184211 0.210526 0.078947
v -0.184211 0.236842 0.078947
v -0.157895 0.210526 0.078947
v -0.157895 0.236842 0.078947
v -0.184211 0.263158 -0.052632
v -0.184211 0.263158 -0.078947
v -0.157895 0.263158 -0.078947
v -0.184211 0.263158 -0.026316
v -0.184211 0.263158 0.000000
v -0.184211 0.263158 0.026316
v -0.184211 0.263158 0.052632
v -0.184211 0.263158 0.078947
v -0.157895 0.263158 0.078947
v -0.184211 0.289474 -0.052632
v -0.184211 0.289474 -0.078947
v -0.157895 0.289474 -0.078947
v -0.184211 0.289474 -0.026316
v -0.184211 0.289474 0.000000
v -0.184211 0.289474 0.026316
v -0.184211 0.289474 0.052632
v -0.184211 0.289474 0.078947
v -0.157895 0.289474 0.078947
v -0.184211 0.289474 -0.131579
v -0.184211 0.289474 -0.105263
v -0.184211 0.315789 -0.105263
v -0.184211 0.315789 -0.131579
v -0.157895 0.289474 -0.131579
v -0.157895 0.289474 -0.105263
v -0.157895 0.315789 -0.131579
v -0.157895 0.289474 -0.078947
v -0.184211 0.289474 0.105263
v -0.184211 0.315789 0.105263
v -0.157895 0.289474 0.078947
v -0.157895 0.289474 0.105263
v -0.184211 0.289474 0.131579
v -0.184211 0.315789 0.131579
v -0.157895 0.289474 0.131579
v -0.157895 0.315789 0.131579
v -0.184211 0.342105 -0.105263
v -0.184211 0.342105 -0.131579
v -0.157895 0.342105 -0.131579
v -0.184211 0.342105 0.105263
v -0.184211 0.342105 0.131579
v -0.157895 0.342105 0.131579
v -0.184211 0.342105 -0.131579
v -0.184211 0.342105 -0.105263
v -0.184211 0.368421 -0.105263
v -0.184211 0.368421 -0.131579
v -0.157895 0.368421 -0.131579
v -0.157895 0.342105 -0.131579
v -0.184211 0.342105 0.105263
v -0.184211 0.368421 0.105263
v -0.184211 0.342105 0.131579
v -0.184211 0.368421 0.131579
v -0.157895 0.342105 0.131579
v -0.157895 0.368421 0.131579
v -0.184211 0.368421 -0.157895
v -0.184211 0.394737 -0.157895
v -0.157895 0.394737 -0.131579
v -0.157895 0.394737 -0.157895
v -0.157895 0.368421 -0.157895
v -0.157895 0.368421 -0.131579
v -0.157895 0.394737 -0.105263
v -0.157895 0.394737 -0.078947
v -0.157895 0.394737 -0.052632
v -0.157895 0.394737 -0.026316
v -0.157895 0.394737 0.000000
v -0.157895 0.394737 0.026316
v -0.157895 0.394737 0.052632
v -0.157895 0.394737 0.078947
v -0.157895 0.394737 0.105263
v -0.157895 0.394737 0.131579
v -0.184211 0.368421 0.157895
v -0.184211 0.394737 0.157895
v -0.157895 0.394737 0.157895
v -0.157895 0.368421 0.131579
v -0.157895 0.368421 0.157895
v -0.184211 0.736842 -0.078947
v -0.184211 0.763158 -0.078947
v -0.157895 0.736842 -0.078947
v -0.157895 0.736842 -0.052632
v -0.157895 0.763158 -0.078947
v -0.157895 0.736842 -0.026316
v -0.157895 0.736842 0.000000
v -0.157895 0.736842 0.026316
v -0.157895 0.736842 0.052632
v -0.184211 0.736842 0.078947
v -0.184211 0.763158 0.078947
v -0.157895 0.736842 0.078947
v -0.157895 0.763158 0.078947
v -0.184211 0.763158 -0.078947
v -0.184211 0.789474 -0.078947
v -0.157895 0.789474 -0.052632
v -0.157895 0.789474 -0.078947
v -0.157895 0.763158 -0.078947
v -0.157895 0.789474 -0.026316
v -0.157895 0.789474 0.000000
v -0.157895 0.789474 0.026316
v -0.157895 0.789474 0.052632
v -0.184211 0.763158 0.078947
v -0.184211 0.789474 0.078947
v -0.157895 0.789474 0.078947
v -0.157895 0.763158 0.078947
v -0.157895 0.026316 -0.078947
v -0.157895 0.026316 -0.052632
v -0.157895 0.052632 -0.052632
v -0.157895 0.052632 -0.078947
v -0.131579 0.026316 -0.078947
v -0.131579 0.026316 -0.052632
v -0.131579 0.052632 -0.078947
v -0.157895 0.026316 -0.026316
v -0.157895 0.052632 -0.026316
v -0.131579 0.026316 -0.026316
v -0.157895 0.026316 0.000000
v -0.157895 0.052632 0.000000
v -0.131579 0.026316 0.000000
v -0.157895 0.026316 0.026316
v -0.157895 0.052632 0.026316
v -0.131579 0.026316 0.026316
v -0.157895 0.026316 0.052632
v -0.157895 0.052632 0.052632
v -0.131579 0.026316 0.052632
v -0.157895 0.026316 0.078947
v -0.157895 0.052632 0.078947
v -0.131579 0.026316 0.078947
v -0.131579 0.052632 0.078947
v -0.157895 0.052632 -0.105263
v -0.157895 0.078947 -0.105263
v -0.131579 0.052632 -0.105263
v -0.131579 0.052632 -0.078947
v -0.131579 0.078947 -0.105263
v -0.157895 0.052632 0.105263
v -0.157895 0.078947 0.105263
v -0.131579 0.052632 0.078947
v -0.131579 0.052632 0.105263
v -0.131579 0.078947 0.105263
v -0.157895 0.078947 -0.157895
v -0.157895 0.105263 -0.157895
v -0.131579 0.078947 -0.157895
v -0.131579 0.078947 -0.131579
v -0.131579 0.105263 -0.157895
v -0.131579 0.078947 -0.105263
v -0.131579 0.078947 0.105263
v -0.131579 0.078947 0.131579
v -0.157895 0.078947 0.157895
v -0.157895 0.105263 0.157895
v -0.131579 0.078947 0.157895
v -0.131579 0.105263 0.157895
v -0.157895 0.131579 -0.157895
v -0.131579 0.131579 -0.157895
v -0.157895 0.131579 0.157895
v -0.131579 0.131579 0.157895
v -0.157895 0.157895 -0.157895
v -0.131579 0.157895 -0.157895
v -0.157895 0.157895 0.157895
v -0.131579 0.157895 0.157895
v -0.157895 0.184211 -0.157895
v -0.131579 0.184211 -0.157895
v -0.157895 0.184211 0.157895
v -0.131579 0.184211 0.157895
v -0.157895 0.210526 -0.157895
v -0.131579 0.210526 -0.131579
v -0.131579 0.210526 -0.157895
v -0.131579 0.210526 -0.105263
v -0.131579 0.210526 0.131579
v -0.131579 0.210526 0.105263
v -0.157895 0.210526 0.157895
v -0.131579 0.210526 0.157895
v -0.157895 0.210526 -0.105263
v -0.157895 0.236842 -0.105263
v -0.131579 0.236842 -0.105263
v -0.131579 0.210526 -0.105263
v -0.157895 0.210526 0.105263
v -0.157895 0.236842 0.105263
v -0.131579 0.210526 0.105263
v -0.131579 0.236842 0.105263
v -0.157895 0.263158 -0.105263
v -0.131579 0.263158 -0.105263
v -0.157895 0.263158 0.105263
v -0.131579 0.263158 0.105263
v -0.157895 0.289474 -0.105263
v -0.131579 0.289474 -0.105263
v -0.157895 0.289474 0.105263
v -0.131579 0.289474 0.105263
v -0.157895 0.289474 -0.157895
v -0.157895 0.315789 -0.157895
v -0.131579 0.289474 -0.157895
v -0.131579 0.289474 -0.131579
v -0.131579 0.315789 -0.157895
v -0.131579 0.289474 -0.105263
v -0.131579 0.289474 0.105263
v -0.131579 0.289474 0.131579
v -0.157895 0.289474 0.157895
v -0.157895 0.315789 0.157895
v -0.131579 0.289474 0.157895
v -0.131579 0.315789 0.157895
v -0.157895 0.342105 -0.157895
v -0.131579 0.342105 -0.157895
v -0.157895 0.342105 0.157895
v -0.131579 0.342105 0.157895
v -0.157895 0.342105 -0.157895
v -0.157895 0.368421 -0.157895
v -0.131579 0.368421 -0.157895
v -0.131579 0.342105 -0.157895
v -0.157895 0.342105 0.157895
v -0.157895 0.368421 0.157895
v -0.131579 0.342105 0.157895
v -0.131579 0.368421 0.157895
v -0.157895 0.368421 -0.184211
v -0.157895 0.394737 -0.184211
v -0.131579 0.394737 -0.157895
v -0.131579 0.394737 -0.184211
v -0.131579 0.368421 -0.184211
v -0.131579 0.368421 -0.157895
v -0.131579 0.394737 -0.131579
v -0.131579 0.394737 -0.105263
v -0.131579 0.394737 -0.078947
v -0.131579 0.394737 -0.052632
v -0.131579 0.394737 -0.026316
v -0.131579 0.394737 0.000000
v -0.131579 0.394737 0.026316
v -0.131579 0.394737 0.052632
v -0.131579 0.394737 0.078947
v -0.131579 0.394737 0.105263
v -0.131579 0.394737 0.131579
v -0.131579 0.394737 0.157895
v -0.157895 0.368421 0.184211
v -0.157895 0.394737 0.184211
v -0.131579 0.394737 0.184211
v -0.131579 0.368421 0.157895
v -0.131579 0.368421 0.184211
v -0.131579 0.736842 -0.078947
v -0.131579 0.736842 -0.052632
v -0.131579 0.763158 -0.078947
v -0.131579 0.736842 -0.026316
v -0.131579 0.736842 0.000000
v -0.131579 0.736842 0.026316
v -0.131579 0.736842 0.052632
v -0.131579 0.736842 0.078947
v -0.131579 0.763158 0.078947
v -0.131579 0.789474 -0.052632
v -0.131579 0.789474 -0.078947
v -0.131579 0.763158 -0.078947
v -0.131579 0.789474 -0.026316
v -0.131579 0.789474 0.000000
v -0.131579 0.789474 0.026316
v -0.131579 0.789474 0.052632
v -0.131579 0.789474 0.078947
v -0.131579 0.763158 0.078947
v -0.131579 0.815789 -0.026316
v -0.131579 0.842105 -0.026316
v -0.131579 0.842105 0.000000
v -0.131579 0.815789 0.000000
v -0.157895 0.815789 -0.026316
v -0.157895 0.815789 0.000000
v -0.157895 0.842105 0.000000
v -0.157895 0.842105 -0.026316
v -0.131579 0.842105 0.026316
v -0.131579 0.815789 0.026316
v -0.157895 0.815789 0.026316
v -0.157895 0.842105 0.026316
v -0.131579 0.868421 -0.026316
v -0.131579 0.868421 0.000000
v -0.157895 0.868421 0.000000
v -0.157895 0.868421 -0.026316
v -0.131579 0.868421 0.026316
v -0.157895 0.868421 0.026316
v -0.131579 0.000000 -0.052632
v -0.131579 0.000000 -0.026316
v -0.131579 0.026316 -0.026316
v -0.131579 0.026316 -0.052632
v -0.105263 0.000000 -0.052632
v -0.105263 0.000000 -0.026316
v -0.105263 0.026316 -0.052632
v -0.131579 0.000000 0.000000
v -0.131579 0.026316 0.000000
v -0.105263 0.000000 0.000000
v -0.131579 0.000000 0.026316
v -0.131579 0.026316 0.026316
v -0.105263 0.000000 0.026316
v -0.131579 0.000000 0.052632
v -0.131579 0.026316 0.052632
v -0.105263 0.000000 0.052632
v -0.105263 0.026316 0.052632
v -0.131579 0.026316 -0.105263
v -0.131579 0.052632 -0.105263
v -0.105263 0.026316 -0.105263
v -0.105263 0.026316 -0.078947
v -0.105263 0.052632 -0.105263
v -0.105263 0.026316 -0.052632
v -0.105263 0.026316 0.052632
v -0.105263 0.026316 0.078947
v -0.131579 0.026316 0.105263
v -0.131579 0.052632 0.105263
v -0.105263 0.026316 0.105263
v -0.105263 0.052632 0.105263
v -0.131579 0.052632 -0.131579
v -0.131579 0.078947 -0.131579
v -0.105263 0.052632 -0.131579
v -0.105263 0.052632 -0.105263
v -0.105263 0.078947 -0.131579
v -0.131579 0.052632 0.131579
v -0.131579 0.078947 0.131579
v -0.105263 0.052632 0.105263
v -0.105263 0.052632 0.131579
v -0.105263 0.078947 0.131579
v -0.131579 0.078947 -0.184211
v -0.131579 0.105263 -0.184211
v -0.105263 0.078947 -0.184211
v -0.105263 0.078947 -0.157895
v -0.105263 0.105263 -0.184211
v -0.105263 0.078947 -0.131579
v -0.105263 0.078947 0.131579
v -0.105263 0.078947 0.157895
v -0.131579 0.078947 0.184211
v -0.131579 0.105263 0.184211
v -0.105263 0.078947 0.184211
v -0.105263 0.105263 0.184211
v -0.131579 0.131579 -0.184211
v -0.105263 0.131579 -0.184211
v -0.131579 0.131579 0.184211
v -0.105263 0.131579 0.184211
v -0.131579 0.157895 -0.184211
v -0.105263 0.157895 -0.184211
v -0.131579 0.157895 0.184211
v -0.105263 0.157895 0.184211
v -0.131579 0.184211 -0.184211
v -0.105263 0.184211 -0.184211
v -0.131579 0.184211 0.184211
v -0.105263 0.184211 0.184211
v -0.131579 0.210526 -0.184211
v -0.105263 0.210526 -0.157895
v -0.105263 0.210526 -0.184211
v -0.105263 0.210526 -0.131579
v -0.105263 0.210526 0.157895
v -0.105263 0.210526 0.131579
v -0.131579 0.210526 0.184211
v -0.105263 0.210526 0.184211
v -0.131579 0.210526 -0.131579
v -0.131579 0.236842 -0.131579
v -0.105263 0.236842 -0.131579
v -0.105263 0.210526 -0.131579
v -0.131579 0.210526 0.131579
v -0.131579 0.236842 0.131579
v -0.105263 0.210526 0.131579
v -0.105263 0.236842 0.131579
v -0.131579 0.263158 -0.131579
v -0.105263 0.263158 -0.131579
v -0.131579 0.263158 0.131579
v -0.105263 0.263158 0.131579
v -0.131579 0.289474 -0.131579
v -0.105263 0.289474 -0.131579
v -0.131579 0.289474 0.131579
v -0.105263 0.289474 0.131579
v -0.105263 0.289474 -0.157895
v -0.105263 0.289474 -0.131579
v -0.105263 0.315789 -0.157895
v -0.105263 0.289474 0.131579
v -0.105263 0.289474 0.157895
v -0.105263 0.315789 0.157895
v -0.105263 0.342105 -0.157895
v -0.105263 0.342105 0.157895
v -0.131579 0.342105 -0.184211
v -0.131579 0.368421 -0.184211
v -0.105263 0.342105 -0.184211
v -0.105263 0.342105 -0.157895
v -0.105263 0.368421 -0.184211
v -0.131579 0.342105 0.184211
v -0.131579 0.368421 0.184211
v -0.105263 0.342105 0.157895
v -0.105263 0.342105 0.184211
v -0.105263 0.368421 0.184211
v -0.131579 0.368421 -0.210526
v -0.131579 0.394737 -0.210526
v -0.105263 0.394737 -0.184211
v -0.105263 0.394737 -0.210526
v -0.105263 0.368421 -0.210526
v -0.105263 0.368421 -0.184211
v -0.105263 0.394737 -0.157895
v -0.105263 0.394737 -0.131579
v -0.105263 0.394737 -0.105263
v -0.105263 0.394737 -0.078947
v -0.105263 0.394737 -0.052632
v -0.105263 0.394737 -0.026316
v -0.105263 0.394737 0.000000
v -0.105263 0.394737 0.026316
v -0.105263 0.394737 0.052632
v -0.105263 0.394737 0.078947
v -0.105263 0.394737 0.105263
v -0.105263 0.394737 0.131579
v -0.105263 0.394737 0.157895
v -0.105263 0.394737 0.184211
v -0.131579 0.368421 0.210526
v -0.131579 0.394737 0.210526
v -0.105263 0.394737 0.210526
v -0.105263 0.368421 0.184211
v -0.105263 0.368421 0.210526
v -0.131579 0.552632 -0.026316
v -0.131579 0.552632 0.000000
v -0.131579 0.578947 0.000000
v -0.131579 0.578947 -0.026316
v -0.105263 0.552632 -0.026316
v -0.105263 0.552632 0.000000
v -0.105263 0.578947 -0.026316
v -0.131579 0.552632 0.026316
v -0.131579 0.578947 0.026316
v -0.105263 0.552632 0.026316
v -0.105263 0.578947 0.026316
v -0.131579 0.578947 -0.078947
v -0.131579 0.578947 -0.052632
v -0.131579 0.605263 -0.052632
v -0.131579 0.605263 -0.078947
v -0.105263 0.605263 -0.052632
v -0.105263 0.605263 -0.078947
v -0.105263 0.578947 -0.078947
v -0.105263 0.578947 -0.052632
v -0.131579 0.578947 -0.026316
v -0.131579 0.605263 -0.026316
v -0.105263 0.605263 -0.026316
v -0.105263 0.578947 -0.026316
v -0.131579 0.578947 0.000000
v -0.131579 0.605263 0.000000
v -0.105263 0.605263 0.000000
v -0.131579 0.578947 0.026316
v -0.131579 0.605263 0.026316
v -0.105263 0.605263 0.026316
v -0.131579 0.578947 0.052632
v -0.131579 0.605263 0.052632
v -0.105263 0.605263 0.052632
v -0.105263 0.578947 0.026316
v -0.105263 0.578947 0.052632
v -0.131579 0.578947 0.078947
v -0.131579 0.605263 0.078947
v -0.105263 0.605263 0.078947
v -0.105263 0.578947 0.078947
v -0.105263 0.736842 -0.105263
v -0.105263 0.763158 -0.105263
v -0.105263 0.763158 -0.078947
v -0.105263 0.736842 -0.078947
v -0.131579 0.736842 -0.105263
v -0.131579 0.763158 -0.105263
v -0.105263 0.736842 -0.052632
v -0.105263 0.736842 -0.026316
v -0.105263 0.736842 0.000000
v -0.105263 0.736842 0.026316
v -0.105263 0.736842 0.052632
v -0.105263 0.736842 0.078947
v -0.105263 0.763158 0.078947
v -0.105263 0.763158 0.105263
v -0.105263 0.736842 0.105263
v -0.131579 0.736842 0.105263
v -0.131579 0.763158 0.105263
v -0.105263 0.763158 -0.078947
v -0.105263 0.789474 -0.078947
v -0.105263 0.789474 -0.052632
v -0.105263 0.763158 -0.052632
v -0.105263 0.789474 -0.026316
v -0.105263 0.789474 0.052632
v -0.105263 0.789474 0.026316
v -0.105263 0.763158 0.052632
v -0.105263 0.789474 0.078947
v -0.105263 0.763158 0.078947
v -0.131579 0.789474 -0.026316
v -0.131579 0.789474 0.000000
v -0.131579 0.815789 0.000000
v -0.131579 0.815789 -0.026316
v -0.105263 0.815789 0.000000
v -0.105263 0.815789 -0.026316
v -0.105263 0.789474 -0.026316
v -0.131579 0.789474 0.026316
v -0.131579 0.815789 0.026316
v -0.105263 0.815789 0.026316
v -0.105263 0.789474 0.026316
v -0.105263 0.868421 -0.026316
v -0.105263 0.894737 -0.026316
v -0.105263 0.894737 0.000000
v -0.105263 0.868421 0.000000
v -0.131579 0.894737 0.000000
v -0.131579 0.894737 -0.026316
v -0.105263 0.894737 0.026316
v -0.105263 0.868421 0.026316
v -0.131579 0.894737 0.026316
v -0.105263 0.000000 -0.105263
v -0.105263 0.000000 -0.078947
v -0.105263 0.026316 -0.078947
v -0.105263 0.026316 -0.105263
v -0.078947 0.000000 -0.105263
v -0.078947 0.000000 -0.078947
v -0.078947 0.026316 -0.105263
v -0.078947 0.000000 -0.052632
v -0.078947 0.000000 -0.026316
v -0.078947 0.000000 0.000000
v -0.078947 0.000000 0.026316
v -0.078947 0.000000 0.052632
v -0.105263 0.000000 0.078947
v -0.105263 0.026316 0.078947
v -0.078947 0.000000 0.078947
v -0.105263 0.000000 0.105263
v -0.105263 0.026316 0.105263
v -0.078947 0.000000 0.105263
v -0.078947 0.026316 0.105263
v -0.105263 0.026316 -0.131579
v -0.105263 0.052632 -0.131579
v -0.078947 0.026316 -0.131579
v -0.078947 0.026316 -0.105263
v -0.078947 0.052632 -0.131579
v -0.105263 0.026316 0.131579
v -0.105263 0.052632 0.131579
v -0.078947 0.026316 0.105263
v -0.078947 0.026316 0.131579
v -0.078947 0.052632 0.131579
v -0.105263 0.052632 -0.157895
v -0.105263 0.078947 -0.157895
v -0.078947 0.052632 -0.157895
v -0.078947 0.052632 -0.131579
v -0.078947 0.078947 -0.157895
v -0.105263 0.052632 0.157895
v -0.105263 0.078947 0.157895
v -0.078947 0.052632 0.131579
v -0.078947 0.052632 0.157895
v -0.078947 0.078947 0.157895
v -0.078947 0.078947 -0.184211
v -0.078947 0.078947 -0.157895
v -0.078947 0.105263 -0.184211
v -0.078947 0.078947 0.157895
v -0.078947 0.078947 0.184211
v -0.078947 0.105263 0.184211
v -0.078947 0.131579 -0.184211
v -0.078947 0.131579 0.184211
v -0.078947 0.157895 -0.184211
v -0.078947 0.157895 0.184211
v -0.078947 0.184211 -0.184211
v -0.078947 0.184211 0.184211
v -0.078947 0.210526 -0.157895
v -0.078947 0.210526 -0.184211
v -0.078947 0.210526 0.184211
v -0.078947 0.210526 0.157895
v -0.105263 0.210526 -0.157895
v -0.105263 0.236842 -0.157895
v -0.078947 0.236842 -0.157895
v -0.078947 0.210526 -0.157895
v -0.105263 0.210526 0.157895
v -0.105263 0.236842 0.157895
v -0.078947 0.210526 0.157895
v -0.078947 0.236842 0.157895
v -0.105263 0.263158 -0.157895
v -0.078947 0.263158 -0.157895
v -0.105263 0.263158 0.157895
v -0.078947 0.263158 0.157895
v -0.105263 0.289474 -0.157895
v -0.078947 0.289474 -0.157895
v -0.105263 0.289474 0.157895
v -0.078947 0.289474 0.157895
v -0.105263 0.289474 -0.184211
v -0.105263 0.315789 -0.184211
v -0.078947 0.289474 -0.184211
v -0.078947 0.289474 -0.157895
v -0.078947 0.315789 -0.184211
v -0.105263 0.289474 0.184211
v -0.105263 0.315789 0.184211
v -0.078947 0.289474 0.157895
v -0.078947 0.289474 0.184211
v -0.078947 0.315789 0.184211
v -0.105263 0.342105 -0.184211
v -0.078947 0.342105 -0.184211
v -0.105263 0.342105 0.184211
v -0.078947 0.342105 0.184211
v -0.078947 0.368421 -0.184211
v -0.078947 0.342105 -0.184211
v -0.078947 0.342105 0.184211
v -0.078947 0.368421 0.184211
v -0.078947 0.394737 -0.184211
v -0.078947 0.394737 -0.210526
v -0.078947 0.368421 -0.210526
v -0.078947 0.368421 -0.184211
v -0.078947 0.394737 -0.157895
v -0.078947 0.394737 -0.131579
v -0.078947 0.394737 -0.105263
v -0.078947 0.394737 -0.078947
v -0.078947 0.394737 -0.052632
v -0.078947 0.394737 0.078947
v -0.078947 0.394737 0.052632
v -0.078947 0.394737 0.105263
v -0.078947 0.394737 0.131579
v -0.078947 0.394737 0.157895
v -0.078947 0.394737 0.184211
v -0.078947 0.394737 0.210526
v -0.078947 0.368421 0.184211
v -0.078947 0.368421 0.210526
v -0.105263 0.394737 -0.052632
v -0.105263 0.394737 -0.026316
v -0.105263 0.421053 -0.026316
v -0.105263 0.421053 -0.052632
v -0.078947 0.421053 -0.026316
v -0.078947 0.421053 -0.052632
v -0.078947 0.394737 -0.052632
v -0.105263 0.394737 0.000000
v -0.105263 0.421053 0.000000
v -0.078947 0.421053 0.000000
v -0.105263 0.394737 0.026316
v -0.105263 0.421053 0.026316
v -0.078947 0.421053 0.026316
v -0.105263 0.394737 0.052632
v -0.105263 0.421053 0.052632
v -0.078947 0.421053 0.052632
v -0.078947 0.394737 0.052632
v -0.105263 0.552632 -0.078947
v -0.105263 0.552632 -0.052632
v -0.105263 0.578947 -0.052632
v -0.105263 0.578947 -0.078947
v -0.078947 0.552632 -0.078947
v -0.078947 0.552632 -0.052632
v -0.078947 0.578947 -0.078947
v -0.078947 0.552632 -0.026316
v -0.078947 0.552632 0.000000
v -0.078947 0.552632 0.026316
v -0.105263 0.552632 0.052632
v -0.105263 0.578947 0.052632
v -0.078947 0.552632 0.052632
v -0.105263 0.552632 0.078947
v -0.105263 0.578947 0.078947
v -0.078947 0.552632 0.078947
v -0.078947 0.578947 0.078947
v -0.105263 0.578947 -0.105263
v -0.105263 0.605263 -0.105263
v -0.078947 0.605263 -0.078947
v -0.078947 0.605263 -0.105263
v -0.078947 0.578947 -0.105263
v -0.078947 0.578947 -0.078947
v -0.078947 0.605263 -0.052632
v -0.078947 0.605263 -0.026316
v -0.078947 0.605263 0.052632
v -0.078947 0.605263 0.026316
v -0.078947 0.605263 0.078947
v -0.105263 0.578947 0.105263
v -0.105263 0.605263 0.105263
v -0.078947 0.605263 0.105263
v -0.078947 0.578947 0.078947
v -0.078947 0.578947 0.105263
v -0.105263 0.605263 -0.026316
v -0.105263 0.605263 0.000000
v -0.105263 0.631579 0.000000
v -0.105263 0.631579 -0.026316
v -0.078947 0.631579 -0.026316
v -0.078947 0.605263 -0.026316
v -0.105263 0.605263 0.026316
v -0.105263 0.631579 0.026316
v -0.078947 0.605263 0.026316
v -0.078947 0.631579 0.026316
v -0.105263 0.631579 -0.026316
v -0.105263 0.631579 0.000000
v -0.105263 0.657895 0.000000
v -0.105263 0.657895 -0.026316
v -0.078947 0.657895 -0.026316
v -0.078947 0.631579 -0.026316
v -0.105263 0.631579 0.026316
v -0.105263 0.657895 0.026316
v -0.078947 0.631579 0.026316
v -0.078947 0.657895 0.026316
v -0.105263 0.684211 0.000000
v -0.105263 0.684211 -0.026316
v -0.078947 0.684211 -0.026316
v -0.105263 0.684211 0.026316
v -0.078947 0.684211 0.026316
v -0.105263 0.684211 -0.026316
v -0.105263 0.684211 0.000000
v -0.105263 0.710526 0.000000
v -0.105263 0.710526 -0.026316
v -0.078947 0.710526 -0.026316
v -0.078947 0.684211 -0.026316
v -0.105263 0.684211 0.026316
v -0.105263 0.710526 0.026316
v -0.078947 0.684211 0.026316
v -0.078947 0.710526 0.026316
v -0.105263 0.736842 0.000000
v -0.105263 0.736842 -0.026316
v -0.078947 0.736842 -0.026316
v -0.105263 0.736842 0.026316
v -0.078947 0.736842 0.026316
v -0.105263 0.763158 -0.052632
v -0.078947 0.763158 -0.052632
v -0.078947 0.763158 -0.078947
v -0.078947 0.736842 -0.078947
v -0.078947 0.736842 -0.052632
v -0.078947 0.736842 -0.026316
v -0.078947 0.736842 0.026316
v -0.078947 0.736842 0.052632
v -0.105263 0.763158 0.052632
v -0.078947 0.763158 0.078947
v -0.078947 0.763158 0.052632
v -0.078947 0.736842 0.078947
v -0.078947 0.763158 -0.052632
v -0.078947 0.789474 -0.052632
v -0.078947 0.789474 -0.026316
v -0.078947 0.763158 -0.026316
v -0.078947 0.763158 0.026316
v -0.078947 0.789474 0.026316
v -0.078947 0.789474 0.052632
v -0.078947 0.763158 0.052632
v -0.078947 0.789474 -0.026316
v -0.078947 0.815789 -0.026316
v -0.078947 0.815789 0.000000
v -0.078947 0.789474 0.000000
v -0.078947 0.815789 0.026316
v -0.078947 0.789474 0.026316
v -0.078947 0.921053 -0.026316
v -0.078947 0.947368 -0.026316
v -0.078947 0.947368 0.000000
v -0.078947 0.921053 0.000000
v -0.105263 0.921053 -0.026316
v -0.105263 0.921053 0.000000
v -0.105263 0.947368 0.000000
v -0.105263 0.947368 -0.026316
v -0.078947 0.947368 0.026316
v -0.078947 0.921053 0.026316
v -0.105263 0.921053 0.026316
v -0.105263 0.947368 0.026316
v -0.052632 0.000000 -0.105263
v -0.052632 0.000000 -0.078947
v -0.052632 0.026316 -0.105263
v -0.052632 0.000000 -0.052632
v -0.052632 0.000000 -0.026316
v -0.052632 0.000000 0.000000
v -0.052632 0.000000 0.026316
v -0.052632 0.000000 0.052632
v -0.052632 0.000000 0.078947
v -0.052632 0.000000 0.105263
v -0.052632 0.026316 0.105263
v -0.078947 0.026316 -0.157895
v -0.078947 0.052632 -0.157895
v -0.052632 0.026316 -0.157895
v -0.052632 0.026316 -0.131579
v -0.052632 0.052632 -0.157895
v -0.052632 0.026316 -0.105263
v -0.052632 0.026316 0.105263
v -0.052632 0.026316 0.131579
v -0.078947 0.026316 0.157895
v -0.078947 0.052632 0.157895
v -0.052632 0.026316 0.157895
v -0.052632 0.052632 0.157895
v -0.078947 0.052632 -0.184211
v -0.078947 0.078947 -0.184211
v -0.052632 0.052632 -0.184211
v -0.052632 0.052632 -0.157895
v -0.052632 0.078947 -0.184211
v -0.078947 0.052632 0.184211
v -0.078947 0.078947 0.184211
v -0.052632 0.052632 0.157895
v -0.052632 0.052632 0.184211
v -0.052632 0.078947 0.184211
v -0.078947 0.078947 -0.210526
v -0.078947 0.105263 -0.210526
v -0.052632 0.078947 -0.210526
v -0.052632 0.078947 -0.184211
v -0.052632 0.105263 -0.210526
v -0.078947 0.078947 0.210526
v -0.078947 0.105263 0.210526
v -0.052632 0.078947 0.184211
v -0.052632 0.078947 0.210526
v -0.052632 0.105263 0.210526
v -0.078947 0.131579 -0.210526
v -0.052632 0.131579 -0.210526
v -0.078947 0.131579 0.210526
v -0.052632 0.131579 0.210526
v -0.078947 0.157895 -0.210526
v -0.052632 0.157895 -0.210526
v -0.078947 0.157895 0.210526
v -0.052632 0.157895 0.210526
v -0.078947 0.184211 -0.210526
v -0.052632 0.184211 -0.210526
v -0.078947 0.184211 0.210526
v -0.052632 0.184211 0.210526
v -0.078947 0.210526 -0.210526
v -0.052632 0.210526 -0.184211
v -0.052632 0.210526 -0.210526
v -0.078947 0.210526 0.210526
v -0.052632 0.210526 0.210526
v -0.052632 0.210526 0.184211
v -0.078947 0.210526 -0.184211
v -0.078947 0.236842 -0.184211
v -0.052632 0.236842 -0.184211
v -0.052632 0.210526 -0.184211
v -0.078947 0.210526 0.184211
v -0.078947 0.236842 0.184211
v -0.052632 0.210526 0.184211
v -0.052632 0.236842 0.184211
v -0.078947 0.263158 -0.184211
v -0.052632 0.263158 -0.184211
v -0.078947 0.263158 0.184211
v -0.052632 0.263158 0.184211
v -0.078947 0.289474 -0.184211
v -0.052632 0.289474 -0.184211
v -0.078947 0.289474 0.184211
v -0.052632 0.289474 0.184211
v -0.052632 0.315789 -0.184211
v -0.052632 0.289474 -0.184211
v -0.052632 0.289474 0.184211
v -0.052632 0.315789 0.184211
v -0.052632 0.342105 -0.184211
v -0.052632 0.342105 0.184211
v -0.078947 0.342105 -0.210526
v -0.078947 0.368421 -0.210526
v -0.052632 0.342105 -0.210526
v -0.052632 0.342105 -0.184211
v -0.052632 0.368421 -0.210526
v -0.078947 0.342105 0.210526
v -0.078947 0.368421 0.210526
v -0.052632 0.342105 0.184211
v -0.052632 0.342105 0.210526
v -0.052632 0.368421 0.210526
v -0.078947 0.368421 -0.236842
v -0.078947 0.394737 -0.236842
v -0.052632 0.394737 -0.210526
v -0.052632 0.394737 -0.236842
v -0.052632 0.368421 -0.236842
v -0.052632 0.368421 -0.210526
v -0.052632 0.394737 -0.184211
v -0.052632 0.394737 -0.157895
v -0.052632 0.394737 -0.131579
v -0.052632 0.394737 -0.105263
v -0.052632 0.394737 0.131579
v -0.052632 0.394737 0.105263
v -0.052632 0.394737 0.157895
v -0.052632 0.394737 0.184211
v -0.052632 0.394737 0.210526
v -0.078947 0.368421 0.236842
v -0.078947 0.394737 0.236842
v -0.052632 0.394737 0.236842
v -0.052632 0.368421 0.210526
v -0.052632 0.368421 0.236842
v -0.078947 0.394737 -0.105263
v -0.078947 0.394737 -0.078947
v -0.078947 0.421053 -0.078947
v -0.078947 0.421053 -0.105263
v -0.052632 0.421053 -0.078947
v -0.052632 0.421053 -0.105263
v -0.052632 0.394737 -0.105263
v -0.052632 0.421053 -0.052632
v -0.078947 0.394737 0.078947
v -0.078947 0.421053 0.078947
v -0.052632 0.421053 0.078947
v -0.052632 0.421053 0.052632
v -0.078947 0.394737 0.105263
v -0.078947 0.421053 0.105263
v -0.052632 0.421053 0.105263
v -0.052632 0.394737 0.105263
v -0.078947 0.421053 -0.052632
v -0.078947 0.421053 -0.026316
v -0.078947 0.447368 -0.026316
v -0.078947 0.447368 -0.052632
v -0.052632 0.447368 -0.052632
v -0.052632 0.421053 -0.052632
v -0.078947 0.421053 0.000000
v -0.078947 0.447368 0.000000
v -0.078947 0.421053 0.026316
v -0.078947 0.447368 0.026316
v -0.078947 0.421053 0.052632
v -0.078947 0.447368 0.052632
v -0.052632 0.421053 0.052632
v -0.052632 0.447368 0.052632
v -0.078947 0.473684 -0.026316
v -0.078947 0.473684 -0.052632
v -0.052632 0.473684 -0.052632
v -0.078947 0.473684 0.000000
v -0.078947 0.473684 0.026316
v -0.078947 0.473684 0.052632
v -0.052632 0.473684 0.052632
v -0.078947 0.473684 -0.052632
v -0.078947 0.473684 -0.026316
v -0.078947 0.500000 -0.026316
v -0.078947 0.500000 -0.052632
v -0.052632 0.500000 -0.052632
v -0.052632 0.473684 -0.052632
v -0.078947 0.473684 0.000000
v -0.078947 0.500000 0.000000
v -0.078947 0.473684 0.026316
v -0.078947 0.500000 0.026316
v -0.078947 0.473684 0.052632
v -0.078947 0.500000 0.052632
v -0.052632 0.473684 0.052632
v -0.052632 0.500000 0.052632
v -0.078947 0.500000 -0.052632
v -0.078947 0.500000 -0.026316
v -0.078947 0.526316 -0.026316
v -0.078947 0.526316 -0.052632
v -0.052632 0.526316 -0.052632
v -0.052632 0.500000 -0.052632
v -0.078947 0.500000 0.000000
v -0.078947 0.526316 0.000000
v -0.078947 0.500000 0.026316
v -0.078947 0.526316 0.026316
v -0.078947 0.500000 0.052632
v -0.078947 0.526316 0.052632
v -0.052632 0.500000 0.052632
v -0.052632 0.526316 0.052632
v -0.078947 0.552632 -0.026316
v -0.078947 0.552632 -0.052632
v -0.052632 0.552632 -0.052632
v -0.078947 0.552632 0.000000
v -0.078947 0.552632 0.026316
v -0.078947 0.552632 0.052632
v -0.052632 0.552632 0.052632
v -0.078947 0.552632 -0.105263
v -0.078947 0.578947 -0.105263
v -0.052632 0.552632 -0.105263
v -0.052632 0.552632 -0.078947
v -0.052632 0.578947 -0.105263
v -0.052632 0.552632 -0.052632
v -0.052632 0.552632 0.052632
v -0.052632 0.552632 0.078947
v -0.078947 0.552632 0.105263
v -0.078947 0.578947 0.105263
v -0.052632 0.552632 0.105263
v -0.052632 0.578947 0.105263
v -0.052632 0.605263 -0.078947
v -0.052632 0.605263 -0.105263
v -0.052632 0.578947 -0.105263
v -0.052632 0.605263 -0.052632
v -0.052632 0.605263 0.078947
v -0.052632 0.605263 0.052632
v -0.052632 0.605263 0.105263
v -0.052632 0.578947 0.105263
v -0.078947 0.605263 -0.052632
v -0.078947 0.631579 -0.052632
v -0.052632 0.631579 -0.052632
v -0.052632 0.605263 -0.052632
v -0.078947 0.605263 0.052632
v -0.078947 0.631579 0.052632
v -0.052632 0.605263 0.052632
v -0.052632 0.631579 0.052632
v -0.052632 0.631579 -0.052632
v -0.052632 0.657895 -0.052632
v -0.052632 0.657895 -0.026316
v -0.052632 0.631579 -0.026316
v -0.078947 0.631579 -0.052632
v -0.078947 0.657895 -0.052632
v -0.052632 0.631579 0.026316
v -0.052632 0.657895 0.026316
v -0.052632 0.657895 0.052632
v -0.052632 0.631579 0.052632
v -0.078947 0.631579 0.052632
v -0.078947 0.657895 0.052632
v -0.052632 0.684211 -0.052632
v -0.052632 0.684211 -0.026316
v -0.078947 0.684211 -0.052632
v -0.052632 0.684211 0.026316
v -0.052632 0.684211 0.052632
v -0.078947 0.684211 0.052632
v -0.052632 0.684211 -0.026316
v -0.052632 0.710526 -0.026316
v -0.052632 0.710526 0.000000
v -0.052632 0.684211 0.000000
v -0.052632 0.710526 0.026316
v -0.052632 0.684211 0.026316
v -0.052632 0.736842 -0.026316
v -0.052632 0.736842 0.000000
v -0.052632 0.736842 0.026316
v -0.052632 0.736842 -0.078947
v -0.052632 0.763158 -0.078947
v -0.052632 0.763158 -0.052632
v -0.052632 0.736842 -0.052632
v -0.078947 0.763158 -0.026316
v -0.052632 0.763158 -0.026316
v -0.052632 0.736842 -0.026316
v -0.078947 0.763158 0.026316
v -0.052632 0.763158 0.052632
v -0.052632 0.763158 0.026316
v -0.052632 0.736842 0.026316
v -0.052632 0.736842 0.052632
v -0.052632 0.763158 0.078947
v -0.052632 0.736842 0.078947
v -0.052632 0.763158 -0.026316
v -0.052632 0.789474 -0.026316
v -0.052632 0.789474 0.000000
v -0.052632 0.763158 0.000000
v -0.078947 0.789474 0.000000
v -0.052632 0.789474 0.026316
v -0.052632 0.763158 0.026316
v -0.052632 0.000000 -0.131579
v -0.052632 0.026316 -0.131579
v -0.026316 0.000000 -0.131579
v -0.026316 0.000000 -0.105263
v -0.026316 0.026316 -0.131579
v -0.026316 0.000000 -0.078947
v -0.026316 0.000000 -0.052632
v -0.026316 0.000000 -0.026316
v -0.026316 0.000000 0.000000
v -0.026316 0.000000 0.026316
v -0.026316 0.000000 0.052632
v -0.026316 0.000000 0.078947
v -0.026316 0.000000 0.105263
v -0.052632 0.000000 0.131579
v -0.052632 0.026316 0.131579
v -0.026316 0.000000 0.131579
v -0.026316 0.026316 0.131579
v -0.026316 0.026316 -0.157895
v -0.026316 0.026316 -0.131579
v -0.026316 0.052632 -0.157895
v -0.026316 0.026316 0.131579
v -0.026316 0.026316 0.157895
v -0.026316 0.052632 0.157895
v -0.026316 0.052632 -0.184211
v -0.026316 0.052632 -0.157895
v -0.026316 0.078947 -0.184211
v -0.026316 0.052632 0.157895
v -0.026316 0.052632 0.184211
v -0.026316 0.078947 0.184211
v -0.026316 0.078947 -0.210526
v -0.026316 0.078947 -0.184211
v -0.026316 0.105263 -0.210526
v -0.026316 0.078947 0.184211
v -0.026316 0.078947 0.210526
v -0.026316 0.105263 0.210526
v -0.026316 0.131579 -0.210526
v -0.026316 0.131579 0.210526
v -0.026316 0.157895 -0.210526
v -0.026316 0.157895 0.210526
v -0.026316 0.184211 -0.210526
v -0.026316 0.184211 0.210526
v -0.026316 0.210526 -0.184211
v -0.026316 0.210526 -0.210526
v -0.026316 0.210526 0.210526
v -0.026316 0.210526 0.184211
v -0.026316 0.236842 -0.184211
v -0.026316 0.210526 -0.184211
v -0.026316 0.210526 0.184211
v -0.026316 0.236842 0.184211
v -0.026316 0.263158 -0.184211
v -0.026316 0.263158 0.184211
v -0.026316 0.289474 -0.184211
v -0.026316 0.289474 0.184211
v -0.026316 0.315789 -0.184211
v -0.026316 0.289474 -0.184211
v -0.026316 0.289474 0.184211
v -0.026316 0.315789 0.184211
v -0.026316 0.342105 -0.184211
v -0.026316 0.342105 0.184211
v -0.026316 0.342105 -0.210526
v -0.026316 0.342105 -0.184211
v -0.026316 0.368421 -0.210526
v -0.026316 0.342105 0.184211
v -0.026316 0.342105 0.210526
v -0.026316 0.368421 0.210526
v -0.026316 0.394737 -0.210526
v -0.026316 0.394737 -0.236842
v -0.026316 0.368421 -0.236842
v -0.026316 0.368421 -0.210526
v -0.026316 0.394737 -0.184211
v -0.026316 0.394737 -0.157895
v -0.026316 0.394737 -0.131579
v -0.026316 0.394737 -0.105263
v -0.026316 0.394737 0.131579
v -0.026316 0.394737 0.105263
v -0.026316 0.394737 0.157895
v -0.026316 0.394737 0.184211
v -0.026316 0.394737 0.210526
v -0.026316 0.394737 0.236842
v -0.026316 0.368421 0.210526
v -0.026316 0.368421 0.236842
v -0.026316 0.421053 -0.078947
v -0.026316 0.421053 -0.105263
v -0.026316 0.394737 -0.105263
v -0.026316 0.421053 0.105263
v -0.026316 0.421053 0.078947
v -0.026316 0.394737 0.105263
v -0.052632 0.421053 -0.078947
v -0.052632 0.447368 -0.078947
v -0.026316 0.447368 -0.078947
v -0.026316 0.421053 -0.078947
v -0.052632 0.421053 0.078947
v -0.052632 0.447368 0.078947
v -0.026316 0.421053 0.078947
v -0.026316 0.447368 0.078947
v -0.052632 0.473684 -0.078947
v -0.026316 0.473684 -0.078947
v -0.052632 0.473684 0.078947
v -0.026316 0.473684 0.078947
v -0.052632 0.473684 -0.078947
v -0.052632 0.500000 -0.078947
v -0.026316 0.500000 -0.078947
v -0.026316 0.473684 -0.078947
v -0.052632 0.473684 0.078947
v -0.052632 0.500000 0.078947
v -0.026316 0.473684 0.078947
v -0.026316 0.500000 0.078947
v -0.052632 0.500000 -0.078947
v -0.052632 0.526316 -0.078947
v -0.026316 0.526316 -0.078947
v -0.026316 0.500000 -0.078947
v -0.052632 0.500000 0.078947
v -0.052632 0.526316 0.078947
v -0.026316 0.500000 0.078947
v -0.026316 0.526316 0.078947
v -0.052632 0.552632 -0.078947
v -0.026316 0.552632 -0.078947
v -0.052632 0.552632 0.078947
v -0.026316 0.552632 0.078947
v -0.026316 0.552632 -0.105263
v -0.026316 0.552632 -0.078947
v -0.026316 0.578947 -0.105263
v -0.026316 0.552632 0.078947
v -0.026316 0.552632 0.105263
v -0.026316 0.578947 0.105263
v -0.052632 0.578947 -0.131579
v -0.052632 0.605263 -0.131579
v -0.026316 0.605263 -0.105263
v -0.026316 0.605263 -0.131579
v -0.026316 0.578947 -0.131579
v -0.026316 0.578947 -0.105263
v -0.026316 0.605263 -0.078947
v -0.026316 0.605263 -0.052632
v -0.026316 0.605263 0.078947
v -0.026316 0.605263 0.052632
v -0.026316 0.605263 0.105263
v -0.052632 0.578947 0.131579
v -0.052632 0.605263 0.131579
v -0.026316 0.605263 0.131579
v -0.026316 0.578947 0.105263
v -0.026316 0.578947 0.131579
v -0.026316 0.605263 -0.052632
v -0.026316 0.631579 -0.052632
v -0.026316 0.631579 -0.026316
v -0.026316 0.605263 -0.026316
v -0.052632 0.631579 -0.026316
v -0.026316 0.605263 0.026316
v -0.026316 0.631579 0.026316
v -0.026316 0.631579 0.052632
v -0.026316 0.605263 0.052632
v -0.052632 0.631579 0.026316
v -0.026316 0.631579 -0.026316
v -0.026316 0.657895 -0.026316
v -0.026316 0.657895 0.000000
v -0.026316 0.631579 0.000000
v -0.026316 0.657895 0.026316
v -0.026316 0.631579 0.026316
v -0.026316 0.684211 -0.026316
v -0.026316 0.684211 0.000000
v -0.052632 0.684211 0.000000
v -0.026316 0.684211 0.026316
v -0.026316 0.736842 -0.052632
v -0.026316 0.763158 -0.052632
v -0.026316 0.763158 -0.026316
v -0.026316 0.736842 -0.026316
v -0.026316 0.763158 0.000000
v -0.026316 0.736842 0.000000
v -0.052632 0.763158 0.000000
v -0.052632 0.736842 0.000000
v -0.026316 0.763158 0.026316
v -0.026316 0.736842 0.026316
v -0.026316 0.763158 0.052632
v -0.026316 0.736842 0.052632
v 0.000000 0.000000 -0.131579
v 0.000000 0.000000 -0.105263
v 0.000000 0.026316 -0.131579
v 0.000000 0.000000 -0.078947
v 0.000000 0.000000 -0.052632
v 0.000000 0.000000 -0.026316
v 0.000000 0.000000 0.000000
v 0.000000 0.000000 0.026316
v 0.000000 0.000000 0.052632
v 0.000000 0.000000 0.078947
v 0.000000 0.000000 0.105263
v 0.000000 0.000000 0.131579
v 0.000000 0.026316 0.131579
v 0.000000 0.026316 -0.157895
v 0.000000 0.026316 -0.131579
v 0.000000 0.052632 -0.157895
v 0.000000 0.026316 0.131579
v 0.000000 0.026316 0.157895
v 0.000000 0.052632 0.157895
v 0.000000 0.052632 -0.184211
v 0.000000 0.052632 -0.157895
v 0.000000 0.078947 -0.184211
v 0.000000 0.052632 0.157895
v 0.000000 0.052632 0.184211
v 0.000000 0.078947 0.184211
v 0.000000 0.078947 -0.210526
v 0.000000 0.078947 -0.184211
v 0.000000 0.105263 -0.210526
v 0.000000 0.078947 0.184211
v 0.000000 0.078947 0.210526
v 0.000000 0.105263 0.210526
v 0.000000 0.131579 -0.210526
v 0.000000 0.131579 0.210526
v 0.000000 0.157895 -0.210526
v 0.000000 0.157895 0.210526
v 0.000000 0.184211 -0.210526
v 0.000000 0.184211 0.210526
v 0.000000 0.210526 -0.184211
v 0.000000 0.210526 -0.210526
v 0.000000 0.210526 0.210526
v 0.000000 0.210526 0.184211
v 0.000000 0.236842 -0.184211
v 0.000000 0.210526 -0.184211
v 0.000000 0.210526 0.184211
v 0.000000 0.236842 0.184211
v 0.000000 0.263158 -0.184211
v 0.000000 0.263158 0.184211
v 0.000000 0.289474 -0.184211
v 0.000000 0.289474 0.184211
v 0.000000 0.289474 -0.210526
v 0.000000 0.315789 -0.210526
v 0.000000 0.315789 -0.184211
v 0.000000 0.289474 -0.184211
v -0.026316 0.289474 -0.210526
v -0.026316 0.315789 -0.210526
v 0.000000 0.289474 0.184211
v 0.000000 0.315789 0.184211
v 0.000000 0.315789 0.210526
v 0.000000 0.289474 0.210526
v -0.026316 0.289474 0.210526
v -0.026316 0.315789 0.210526
v 0.000000 0.342105 -0.210526
v 0.000000 0.342105 -0.184211
v -0.026316 0.342105 -0.210526
v 0.000000 0.342105 0.184211
v 0.000000 0.342105 0.210526
v -0.026316 0.342105 0.210526
v 0.000000 0.368421 -0.210526
v 0.000000 0.342105 -0.210526
v 0.000000 0.342105 0.210526
v 0.000000 0.368421 0.210526
v 0.000000 0.394737 -0.210526
v 0.000000 0.394737 -0.236842
v 0.000000 0.368421 -0.236842
v 0.000000 0.368421 -0.210526
v 0.000000 0.394737 -0.184211
v 0.000000 0.394737 -0.157895
v 0.000000 0.394737 -0.131579
v 0.000000 0.394737 0.157895
v 0.000000 0.394737 0.131579
v 0.000000 0.394737 0.184211
v 0.000000 0.394737 0.210526
v 0.000000 0.394737 0.236842
v 0.000000 0.368421 0.210526
v 0.000000 0.368421 0.236842
v -0.026316 0.394737 -0.131579
v -0.026316 0.421053 -0.131579
v 0.000000 0.421053 -0.105263
v 0.000000 0.421053 -0.131579
v 0.000000 0.394737 -0.131579
v -0.026316 0.394737 0.131579
v -0.026316 0.421053 0.131579
v 0.000000 0.421053 0.131579
v 0.000000 0.421053 0.105263
v 0.000000 0.394737 0.131579
v -0.026316 0.421053 -0.105263
v -0.026316 0.447368 -0.105263
v 0.000000 0.447368 -0.105263
v 0.000000 0.421053 -0.105263
v -0.026316 0.421053 0.105263
v -0.026316 0.447368 0.105263
v 0.000000 0.421053 0.105263
v 0.000000 0.447368 0.105263
v -0.026316 0.473684 -0.105263
v 0.000000 0.473684 -0.078947
v 0.000000 0.473684 -0.105263
v -0.026316 0.473684 0.105263
v 0.000000 0.473684 0.105263
v 0.000000 0.473684 0.078947
v 0.000000 0.500000 -0.078947
v 0.000000 0.473684 -0.078947
v 0.000000 0.473684 0.078947
v 0.000000 0.500000 0.078947
v 0.000000 0.526316 -0.078947
v 0.000000 0.500000 -0.078947
v 0.000000 0.500000 0.078947
v 0.000000 0.526316 0.078947
v 0.000000 0.552632 -0.078947
v 0.000000 0.552632 0.078947
v 0.000000 0.552632 -0.105263
v 0.000000 0.552632 -0.078947
v 0.000000 0.578947 -0.105263
v 0.000000 0.552632 0.078947
v 0.000000 0.552632 0.105263
v 0.000000 0.578947 0.105263
v 0.000000 0.605263 -0.105263
v 0.000000 0.605263 -0.131579
v 0.000000 0.578947 -0.131579
v 0.000000 0.578947 -0.105263
v 0.000000 0.605263 -0.078947
v 0.000000 0.605263 -0.052632
v -0.026316 0.605263 -0.026316
v 0.000000 0.605263 -0.026316
v -0.026316 0.605263 0.026316
v 0.000000 0.605263 0.052632
v 0.000000 0.605263 0.026316
v 0.000000 0.605263 0.078947
v 0.000000 0.605263 0.105263
v 0.000000 0.605263 0.131579
v 0.000000 0.578947 0.105263
v 0.000000 0.578947 0.131579
v 0.000000 0.605263 -0.026316
v 0.000000 0.631579 -0.026316
v 0.000000 0.631579 0.000000
v 0.000000 0.605263 0.000000
v -0.026316 0.631579 0.000000
v 0.000000 0.631579 0.026316
v 0.000000 0.605263 0.026316
v 0.026316 0.000000 -0.131579
v 0.026316 0.000000 -0.105263
v 0.026316 0.026316 -0.131579
v 0.026316 0.000000 -0.078947
v 0.026316 0.000000 -0.052632
v 0.026316 0.000000 -0.026316
v 0.026316 0.000000 0.000000
v 0.026316 0.000000 0.026316
v 0.026316 0.000000 0.052632
v 0.026316 0.000000 0.078947
v 0.026316 0.000000 0.105263
v 0.026316 0.000000 0.131579
v 0.026316 0.026316 0.131579
v 0.026316 0.026316 -0.184211
v 0.026316 0.052632 -0.184211
v 0.026316 0.052632 -0.157895
v 0.026316 0.026316 -0.157895
v 0.000000 0.026316 -0.184211
v 0.000000 0.052632 -0.184211
v 0.026316 0.026316 -0.131579
v 0.026316 0.026316 0.131579
v 0.026316 0.026316 0.157895
v 0.026316 0.052632 0.157895
v 0.026316 0.052632 0.184211
v 0.026316 0.026316 0.184211
v 0.000000 0.026316 0.184211
v 0.000000 0.052632 0.184211
v 0.026316 0.078947 -0.184211
v 0.026316 0.052632 -0.184211
v 0.026316 0.052632 0.184211
v 0.026316 0.078947 0.184211
v 0.026316 0.078947 -0.210526
v 0.026316 0.078947 -0.184211
v 0.026316 0.105263 -0.210526
v 0.026316 0.078947 0.184211
v 0.026316 0.078947 0.210526
v 0.026316 0.105263 0.210526
v 0.026316 0.131579 -0.210526
v 0.026316 0.131579 0.210526
v 0.026316 0.157895 -0.210526
v 0.026316 0.157895 0.210526
v 0.026316 0.184211 -0.210526
v 0.026316 0.184211 0.210526
v 0.026316 0.210526 -0.184211
v 0.026316 0.210526 -0.210526
v 0.026316 0.210526 0.210526
v 0.026316 0.210526 0.184211
v 0.026316 0.236842 -0.184211
v 0.026316 0.210526 -0.184211
v 0.026316 0.210526 0.184211
v 0.026316 0.236842 0.184211
v 0.026316 0.263158 -0.184211
v 0.026316 0.263158 0.184211
v 0.026316 0.289474 -0.184211
v 0.026316 0.289474 0.184211
v 0.026316 0.315789 -0.184211
v 0.026316 0.289474 -0.184211
v 0.026316 0.289474 0.184211
v 0.026316 0.315789 0.184211
v 0.026316 0.342105 -0.184211
v 0.026316 0.342105 0.184211
v 0.026316 0.342105 -0.210526
v 0.026316 0.342105 -0.184211
v 0.000000 0.342105 -0.184211
v 0.026316 0.368421 -0.210526
v 0.000000 0.342105 0.184211
v 0.026316 0.342105 0.184211
v 0.026316 0.342105 0.210526
v 0.026316 0.368421 0.210526
v 0.026316 0.394737 -0.210526
v 0.026316 0.394737 -0.236842
v 0.026316 0.368421 -0.236842
v 0.026316 0.368421 -0.210526
v 0.026316 0.394737 -0.184211
v 0.026316 0.394737 -0.157895
v 0.026316 0.394737 -0.131579
v 0.026316 0.394737 0.157895
v 0.026316 0.394737 0.131579
v 0.026316 0.394737 0.184211
v 0.026316 0.394737 0.210526
v 0.026316 0.394737 0.236842
v 0.026316 0.368421 0.210526
v 0.026316 0.368421 0.236842
v 0.026316 0.421053 -0.105263
v 0.026316 0.421053 -0.131579
v 0.026316 0.394737 -0.131579
v 0.026316 0.421053 0.131579
v 0.026316 0.421053 0.105263
v 0.026316 0.394737 0.131579
v 0.026316 0.447368 -0.105263
v 0.026316 0.421053 -0.105263
v 0.026316 0.421053 0.105263
v 0.026316 0.447368 0.105263
v 0.026316 0.473684 -0.105263
v 0.026316 0.473684 0.105263
v 0.026316 0.473684 -0.105263
v 0.026316 0.500000 -0.105263
v 0.026316 0.500000 -0.078947
v 0.026316 0.473684 -0.078947
v 0.000000 0.473684 -0.105263
v 0.000000 0.500000 -0.105263
v 0.026316 0.473684 0.078947
v 0.026316 0.500000 0.078947
v 0.026316 0.500000 0.105263
v 0.026316 0.473684 0.105263
v 0.000000 0.473684 0.105263
v 0.000000 0.500000 0.105263
v 0.026316 0.526316 -0.078947
v 0.026316 0.500000 -0.078947
v 0.026316 0.500000 0.078947
v 0.026316 0.526316 0.078947
v 0.026316 0.552632 -0.078947
v 0.026316 0.552632 0.078947
v 0.026316 0.552632 -0.105263
v 0.026316 0.552632 -0.078947
v 0.026316 0.578947 -0.105263
v 0.026316 0.552632 0.078947
v 0.026316 0.552632 0.105263
v 0.026316 0.578947 0.105263
v 0.026316 0.578947 -0.131579
v 0.026316 0.605263 -0.131579
v 0.026316 0.605263 -0.105263
v 0.026316 0.578947 -0.105263
v 0.026316 0.605263 -0.078947
v 0.026316 0.605263 -0.052632
v 0.026316 0.605263 -0.026316
v 0.000000 0.605263 0.000000
v 0.026316 0.605263 0.000000
v 0.026316 0.605263 0.026316
v 0.026316 0.605263 0.052632
v 0.026316 0.605263 0.078947
v 0.026316 0.605263 0.105263
v 0.026316 0.578947 0.105263
v 0.026316 0.605263 0.131579
v 0.026316 0.578947 0.131579
v 0.052632 0.000000 -0.131579
v 0.052632 0.026316 -0.131579
v 0.052632 0.026316 -0.105263
v 0.052632 0.000000 -0.105263
v 0.052632 0.000000 -0.078947
v 0.052632 0.000000 -0.052632
v 0.052632 0.000000 -0.026316
v 0.052632 0.000000 0.000000
v 0.052632 0.000000 0.026316
v 0.052632 0.000000 0.052632
v 0.052632 0.000000 0.078947
v 0.052632 0.000000 0.105263
v 0.052632 0.026316 0.105263
v 0.052632 0.026316 0.131579
v 0.052632 0.000000 0.131579
v 0.052632 0.026316 -0.157895
v 0.052632 0.026316 -0.131579
v 0.052632 0.052632 -0.157895
v 0.052632 0.026316 0.131579
v 0.052632 0.026316 0.157895
v 0.052632 0.052632 0.157895
v 0.052632 0.052632 -0.184211
v 0.052632 0.052632 -0.157895
v 0.026316 0.052632 -0.157895
v 0.052632 0.078947 -0.184211
v 0.026316 0.052632 0.157895
v 0.052632 0.052632 0.157895
v 0.052632 0.052632 0.184211
v 0.052632 0.078947 0.184211
v 0.052632 0.078947 -0.210526
v 0.052632 0.078947 -0.184211
v 0.052632 0.105263 -0.210526
v 0.052632 0.078947 0.184211
v 0.052632 0.078947 0.210526
v 0.052632 0.105263 0.210526
v 0.052632 0.131579 -0.210526
v 0.052632 0.131579 0.210526
v 0.052632 0.157895 -0.210526
v 0.052632 0.157895 0.210526
v 0.052632 0.184211 -0.210526
v 0.052632 0.184211 0.210526
v 0.052632 0.210526 -0.184211
v 0.052632 0.210526 -0.210526
v 0.052632 0.210526 0.210526
v 0.052632 0.210526 0.184211
v 0.052632 0.236842 -0.184211
v 0.052632 0.210526 -0.184211
v 0.052632 0.210526 0.184211
v 0.052632 0.236842 0.184211
v 0.052632 0.263158 -0.184211
v 0.052632 0.263158 0.184211
v 0.052632 0.289474 -0.184211
v 0.052632 0.289474 0.184211
v 0.052632 0.315789 -0.184211
v 0.052632 0.289474 -0.184211
v 0.052632 0.289474 0.184211
v 0.052632 0.315789 0.184211
v 0.052632 0.342105 -0.184211
v 0.052632 0.342105 0.184211
v 0.052632 0.342105 -0.210526
v 0.052632 0.342105 -0.184211
v 0.052632 0.368421 -0.210526
v 0.052632 0.342105 0.184211
v 0.052632 0.342105 0.210526
v 0.052632 0.368421 0.210526
v 0.052632 0.394737 -0.210526
v 0.052632 0.394737 -0.236842
v 0.052632 0.368421 -0.236842
v 0.052632 0.368421 -0.210526
v 0.052632 0.394737 -0.184211
v 0.052632 0.394737 -0.157895
v 0.052632 0.394737 -0.131579
v 0.052632 0.394737 0.157895
v 0.052632 0.394737 0.131579
v 0.052632 0.394737 0.184211
v 0.052632 0.394737 0.210526
v 0.052632 0.394737 0.236842
v 0.052632 0.368421 0.210526
v 0.052632 0.368421 0.236842
v 0.052632 0.421053 -0.105263
v 0.052632 0.421053 -0.131579
v 0.052632 0.394737 -0.131579
v 0.052632 0.421053 0.131579
v 0.052632 0.421053 0.105263
v 0.052632 0.394737 0.131579
v 0.052632 0.447368 -0.105263
v 0.052632 0.421053 -0.105263
v 0.052632 0.421053 0.105263
v 0.052632 0.447368 0.105263
v 0.026316 0.473684 -0.078947
v 0.052632 0.473684 -0.078947
v 0.052632 0.473684 -0.105263
v 0.026316 0.473684 0.078947
v 0.052632 0.473684 0.105263
v 0.052632 0.473684 0.078947
v 0.052632 0.500000 -0.078947
v 0.052632 0.473684 -0.078947
v 0.052632 0.473684 0.078947
v 0.052632 0.500000 0.078947
v 0.052632 0.500000 -0.078947
v 0.052632 0.526316 -0.078947
v 0.052632 0.526316 -0.052632
v 0.052632 0.500000 -0.052632
v 0.052632 0.500000 0.052632
v 0.052632 0.526316 0.052632
v 0.052632 0.526316 0.078947
v 0.052632 0.500000 0.078947
v 0.052632 0.552632 -0.078947
v 0.052632 0.552632 -0.052632
v 0.052632 0.552632 0.052632
v 0.052632 0.552632 0.078947
v 0.052632 0.552632 -0.105263
v 0.052632 0.578947 -0.105263
v 0.052632 0.578947 -0.078947
v 0.052632 0.552632 -0.078947
v 0.052632 0.552632 0.078947
v 0.052632 0.578947 0.078947
v 0.052632 0.578947 0.105263
v 0.052632 0.552632 0.105263
v 0.052632 0.578947 -0.105263
v 0.052632 0.605263 -0.105263
v 0.052632 0.605263 -0.078947
v 0.052632 0.578947 -0.078947
v 0.052632 0.605263 -0.052632
v 0.052632 0.605263 -0.026316
v 0.052632 0.605263 0.000000
v 0.052632 0.605263 0.026316
v 0.052632 0.605263 0.052632
v 0.052632 0.605263 0.078947
v 0.052632 0.578947 0.078947
v 0.052632 0.605263 0.105263
v 0.052632 0.578947 0.105263
v 0.078947 0.000000 -0.105263
v 0.078947 0.000000 -0.078947
v 0.078947 0.026316 -0.105263
v 0.078947 0.000000 -0.052632
v 0.078947 0.000000 -0.026316
v 0.078947 0.000000 0.000000
v 0.078947 0.000000 0.026316
v 0.078947 0.000000 0.052632
v 0.078947 0.000000 0.078947
v 0.078947 0.000000 0.105263
v 0.078947 0.026316 0.105263
v 0.078947 0.026316 -0.157895
v 0.078947 0.026316 -0.131579
v 0.078947 0.052632 -0.157895
v 0.078947 0.026316 -0.105263
v 0.052632 0.026316 -0.105263
v 0.052632 0.026316 0.105263
v 0.078947 0.026316 0.105263
v 0.078947 0.026316 0.131579
v 0.078947 0.026316 0.157895
v 0.078947 0.052632 0.157895
v 0.078947 0.052632 -0.184211
v 0.078947 0.078947 -0.184211
v 0.078947 0.078947 -0.157895
v 0.078947 0.052632 -0.157895
v 0.078947 0.052632 0.157895
v 0.078947 0.078947 0.157895
v 0.078947 0.078947 0.184211
v 0.078947 0.052632 0.184211
v 0.078947 0.078947 -0.210526
v 0.078947 0.105263 -0.210526
v 0.078947 0.105263 -0.184211
v 0.078947 0.078947 -0.184211
v 0.078947 0.078947 0.184211
v 0.078947 0.105263 0.184211
v 0.078947 0.105263 0.210526
v 0.078947 0.078947 0.210526
v 0.078947 0.131579 -0.210526
v 0.078947 0.131579 -0.184211
v 0.078947 0.131579 0.184211
v 0.078947 0.131579 0.210526
v 0.078947 0.157895 -0.210526
v 0.078947 0.157895 -0.184211
v 0.078947 0.157895 0.184211
v 0.078947 0.157895 0.210526
v 0.078947 0.184211 -0.210526
v 0.078947 0.184211 -0.184211
v 0.078947 0.184211 0.184211
v 0.078947 0.184211 0.210526
v 0.078947 0.210526 -0.210526
v 0.078947 0.210526 -0.184211
v 0.078947 0.210526 0.184211
v 0.078947 0.210526 0.210526
v 0.078947 0.210526 -0.184211
v 0.078947 0.236842 -0.184211
v 0.078947 0.236842 -0.157895
v 0.078947 0.210526 -0.157895
v 0.078947 0.210526 0.157895
v 0.078947 0.236842 0.157895
v 0.078947 0.236842 0.184211
v 0.078947 0.210526 0.184211
v 0.078947 0.263158 -0.184211
v 0.078947 0.263158 -0.157895
v 0.078947 0.263158 0.157895
v 0.078947 0.263158 0.184211
v 0.078947 0.289474 -0.184211
v 0.078947 0.289474 -0.157895
v 0.078947 0.289474 0.157895
v 0.078947 0.289474 0.184211
v 0.078947 0.289474 -0.184211
v 0.078947 0.315789 -0.184211
v 0.078947 0.315789 -0.157895
v 0.078947 0.289474 -0.157895
v 0.078947 0.289474 0.157895
v 0.078947 0.315789 0.157895
v 0.078947 0.315789 0.184211
v 0.078947 0.289474 0.184211
v 0.078947 0.342105 -0.184211
v 0.078947 0.342105 -0.157895
v 0.078947 0.342105 0.157895
v 0.078947 0.342105 0.184211
v 0.078947 0.342105 -0.210526
v 0.078947 0.342105 -0.184211
v 0.078947 0.368421 -0.210526
v 0.078947 0.342105 0.184211
v 0.078947 0.342105 0.210526
v 0.078947 0.368421 0.210526
v 0.078947 0.368421 -0.236842
v 0.078947 0.394737 -0.236842
v 0.078947 0.394737 -0.210526
v 0.078947 0.368421 -0.210526
v 0.078947 0.394737 -0.184211
v 0.078947 0.394737 -0.157895
v 0.078947 0.394737 -0.131579
v 0.078947 0.394737 0.157895
v 0.078947 0.394737 0.131579
v 0.078947 0.394737 0.184211
v 0.078947 0.394737 0.210526
v 0.078947 0.368421 0.210526
v 0.078947 0.394737 0.236842
v 0.078947 0.368421 0.236842
v 0.078947 0.394737 -0.131579
v 0.078947 0.421053 -0.131579
v 0.078947 0.421053 -0.105263
v 0.078947 0.394737 -0.105263
v 0.078947 0.394737 0.105263
v 0.078947 0.421053 0.105263
v 0.078947 0.421053 0.131579
v 0.078947 0.394737 0.131579
v 0.078947 0.421053 -0.105263
v 0.078947 0.447368 -0.105263
v 0.078947 0.447368 -0.078947
v 0.078947 0.421053 -0.078947
v 0.078947 0.421053 0.078947
v 0.078947 0.447368 0.078947
v 0.078947 0.447368 0.105263
v 0.078947 0.421053 0.105263
v 0.078947 0.473684 -0.105263
v 0.078947 0.473684 -0.078947
v 0.078947 0.473684 0.078947
v 0.078947 0.473684 0.105263
v 0.078947 0.473684 -0.078947
v 0.078947 0.500000 -0.078947
v 0.078947 0.500000 -0.052632
v 0.078947 0.473684 -0.052632
v 0.052632 0.500000 -0.052632
v 0.078947 0.473684 0.052632
v 0.078947 0.500000 0.052632
v 0.078947 0.500000 0.078947
v 0.078947 0.473684 0.078947
v 0.052632 0.500000 0.052632
v 0.078947 0.500000 -0.052632
v 0.078947 0.526316 -0.052632
v 0.078947 0.526316 -0.026316
v 0.078947 0.500000 -0.026316
v 0.078947 0.526316 0.000000
v 0.078947 0.500000 0.000000
v 0.078947 0.526316 0.026316
v 0.078947 0.500000 0.026316
v 0.078947 0.526316 0.052632
v 0.078947 0.500000 0.052632
v 0.078947 0.552632 -0.052632
v 0.078947 0.552632 -0.026316
v 0.078947 0.552632 0.000000
v 0.078947 0.552632 0.026316
v 0.078947 0.552632 0.052632
v 0.078947 0.552632 -0.078947
v 0.078947 0.578947 -0.078947
v 0.078947 0.578947 -0.052632
v 0.078947 0.552632 -0.052632
v 0.052632 0.552632 -0.052632
v 0.078947 0.552632 0.052632
v 0.078947 0.578947 0.052632
v 0.078947 0.578947 0.078947
v 0.078947 0.552632 0.078947
v 0.052632 0.552632 0.052632
v 0.078947 0.578947 -0.078947
v 0.078947 0.605263 -0.078947
v 0.078947 0.605263 -0.052632
v 0.078947 0.578947 -0.052632
v 0.078947 0.605263 -0.026316
v 0.078947 0.605263 0.000000
v 0.078947 0.605263 0.026316
v 0.078947 0.605263 0.052632
v 0.078947 0.578947 0.052632
v 0.078947 0.605263 0.078947
v 0.078947 0.578947 0.078947
v 0.105263 0.000000 -0.105263
v 0.105263 0.026316 -0.105263
v 0.105263 0.026316 -0.078947
v 0.105263 0.000000 -0.078947
v 0.105263 0.026316 -0.052632
v 0.105263 0.000000 -0.052632
v 0.105263 0.000000 -0.026316
v 0.105263 0.000000 0.000000
v 0.105263 0.000000 0.026316
v 0.105263 0.000000 0.052632
v 0.105263 0.026316 0.052632
v 0.105263 0.026316 0.078947
v 0.105263 0.000000 0.078947
v 0.105263 0.026316 0.105263
v 0.105263 0.000000 0.105263
v 0.105263 0.026316 -0.157895
v 0.105263 0.052632 -0.157895
v 0.105263 0.052632 -0.131579
v 0.105263 0.026316 -0.131579
v 0.105263 0.026316 -0.105263
v 0.105263 0.026316 0.105263
v 0.105263 0.026316 0.131579
v 0.105263 0.052632 0.131579
v 0.105263 0.052632 0.157895
v 0.105263 0.026316 0.157895
v 0.105263 0.052632 -0.157895
v 0.105263 0.078947 -0.157895
v 0.105263 0.078947 -0.131579
v 0.105263 0.052632 -0.131579
v 0.105263 0.052632 0.131579
v 0.105263 0.078947 0.131579
v 0.105263 0.078947 0.157895
v 0.105263 0.052632 0.157895
v 0.105263 0.078947 -0.184211
v 0.105263 0.078947 -0.157895
v 0.078947 0.078947 -0.157895
v 0.105263 0.105263 -0.184211
v 0.078947 0.078947 0.157895
v 0.105263 0.078947 0.157895
v 0.105263 0.078947 0.184211
v 0.105263 0.105263 0.184211
v 0.105263 0.131579 -0.184211
v 0.105263 0.131579 0.184211
v 0.105263 0.157895 -0.184211
v 0.105263 0.157895 0.184211
v 0.105263 0.184211 -0.184211
v 0.105263 0.184211 0.184211
v 0.078947 0.210526 -0.157895
v 0.105263 0.210526 -0.157895
v 0.105263 0.210526 -0.184211
v 0.078947 0.210526 0.157895
v 0.105263 0.210526 0.184211
v 0.105263 0.210526 0.157895
v 0.105263 0.210526 -0.157895
v 0.105263 0.236842 -0.157895
v 0.105263 0.236842 -0.131579
v 0.105263 0.210526 -0.131579
v 0.105263 0.210526 0.131579
v 0.105263 0.236842 0.131579
v 0.105263 0.236842 0.157895
v 0.105263 0.210526 0.157895
v 0.105263 0.263158 -0.157895
v 0.105263 0.263158 -0.131579
v 0.105263 0.263158 0.131579
v 0.105263 0.263158 0.157895
v 0.105263 0.289474 -0.157895
v 0.105263 0.289474 -0.131579
v 0.105263 0.289474 0.131579
v 0.105263 0.289474 0.157895
v 0.105263 0.315789 -0.157895
v 0.105263 0.289474 -0.157895
v 0.105263 0.289474 0.157895
v 0.105263 0.315789 0.157895
v 0.105263 0.342105 -0.157895
v 0.105263 0.342105 0.157895
v 0.105263 0.342105 -0.210526
v 0.105263 0.368421 -0.210526
v 0.105263 0.368421 -0.184211
v 0.105263 0.342105 -0.184211
v 0.105263 0.342105 -0.157895
v 0.078947 0.342105 -0.157895
v 0.078947 0.342105 0.157895
v 0.105263 0.342105 0.157895
v 0.105263 0.342105 0.184211
v 0.105263 0.368421 0.184211
v 0.105263 0.368421 0.210526
v 0.105263 0.342105 0.210526
v 0.105263 0.394737 -0.184211
v 0.105263 0.394737 -0.210526
v 0.105263 0.368421 -0.210526
v 0.105263 0.394737 -0.157895
v 0.105263 0.394737 -0.131579
v 0.078947 0.394737 -0.105263
v 0.105263 0.394737 -0.105263
v 0.078947 0.394737 0.105263
v 0.105263 0.394737 0.131579
v 0.105263 0.394737 0.105263
v 0.105263 0.394737 0.157895
v 0.105263 0.394737 0.184211
v 0.105263 0.394737 0.210526
v 0.105263 0.368421 0.210526
v 0.078947 0.421053 -0.078947
v 0.105263 0.421053 -0.078947
v 0.105263 0.421053 -0.105263
v 0.105263 0.394737 -0.105263
v 0.078947 0.421053 0.078947
v 0.105263 0.421053 0.105263
v 0.105263 0.421053 0.078947
v 0.105263 0.394737 0.105263
v 0.105263 0.421053 -0.078947
v 0.105263 0.447368 -0.078947
v 0.105263 0.447368 -0.052632
v 0.105263 0.421053 -0.052632
v 0.105263 0.421053 0.052632
v 0.105263 0.447368 0.052632
v 0.105263 0.447368 0.078947
v 0.105263 0.421053 0.078947
v 0.105263 0.473684 -0.078947
v 0.105263 0.473684 -0.052632
v 0.078947 0.473684 -0.052632
v 0.105263 0.473684 0.052632
v 0.105263 0.473684 0.078947
v 0.078947 0.473684 0.052632
v 0.105263 0.473684 -0.052632
v 0.105263 0.500000 -0.052632
v 0.105263 0.500000 -0.026316
v 0.105263 0.473684 -0.026316
v 0.078947 0.500000 -0.026316
v 0.105263 0.500000 0.000000
v 0.105263 0.473684 0.000000
v 0.078947 0.500000 0.000000
v 0.105263 0.500000 0.026316
v 0.105263 0.473684 0.026316
v 0.078947 0.500000 0.026316
v 0.105263 0.500000 0.052632
v 0.105263 0.473684 0.052632
v 0.105263 0.552632 -0.052632
v 0.105263 0.578947 -0.052632
v 0.105263 0.578947 -0.026316
v 0.105263 0.552632 -0.026316
v 0.078947 0.552632 -0.026316
v 0.105263 0.578947 0.000000
v 0.105263 0.552632 0.000000
v 0.078947 0.552632 0.000000
v 0.105263 0.578947 0.026316
v 0.105263 0.552632 0.026316
v 0.078947 0.552632 0.026316
v 0.105263 0.578947 0.052632
v 0.105263 0.552632 0.052632
v 0.105263 0.578947 -0.052632
v 0.105263 0.605263 -0.052632
v 0.105263 0.605263 -0.026316
v 0.105263 0.578947 -0.026316
v 0.105263 0.605263 0.000000
v 0.105263 0.578947 0.000000
v 0.105263 0.605263 0.026316
v 0.105263 0.578947 0.026316
v 0.105263 0.605263 0.052632
v 0.105263 0.578947 0.052632
v 0.131579 0.000000 -0.052632
v 0.131579 0.026316 -0.052632
v 0.131579 0.026316 -0.026316
v 0.131579 0.000000 -0.026316
v 0.131579 0.026316 0.000000
v 0.131579 0.000000 0.000000
v 0.131579 0.026316 0.026316
v 0.131579 0.000000 0.026316
v 0.131579 0.026316 0.052632
v 0.131579 0.000000 0.052632
v 0.131579 0.026316 -0.131579
v 0.131579 0.052632 -0.131579
v 0.131579 0.052632 -0.105263
v 0.131579 0.026316 -0.105263
v 0.131579 0.026316 -0.078947
v 0.105263 0.026316 -0.078947
v 0.131579 0.026316 -0.052632
v 0.105263 0.026316 -0.052632
v 0.105263 0.026316 0.052632
v 0.131579 0.026316 0.052632
v 0.131579 0.026316 0.078947
v 0.105263 0.026316 0.078947
v 0.131579 0.026316 0.105263
v 0.131579 0.052632 0.105263
v 0.131579 0.052632 0.131579
v 0.131579 0.026316 0.131579
v 0.131579 0.052632 -0.131579
v 0.131579 0.078947 -0.131579
v 0.131579 0.078947 -0.105263
v 0.131579 0.052632 -0.105263
v 0.131579 0.052632 0.105263
v 0.131579 0.078947 0.105263
v 0.131579 0.078947 0.131579
v 0.131579 0.052632 0.131579
v 0.131579 0.078947 -0.184211
v 0.131579 0.105263 -0.184211
v 0.131579 0.105263 -0.157895
v 0.131579 0.078947 -0.157895
v 0.131579 0.078947 -0.131579
v 0.105263 0.078947 -0.131579
v 0.105263 0.078947 0.131579
v 0.131579 0.078947 0.131579
v 0.131579 0.078947 0.157895
v 0.131579 0.105263 0.157895
v 0.131579 0.105263 0.184211
v 0.131579 0.078947 0.184211
v 0.131579 0.131579 -0.184211
v 0.131579 0.131579 -0.157895
v 0.131579 0.131579 0.157895
v 0.131579 0.131579 0.184211
v 0.131579 0.157895 -0.184211
v 0.131579 0.157895 -0.157895
v 0.131579 0.157895 0.157895
v 0.131579 0.157895 0.184211
v 0.131579 0.184211 -0.184211
v 0.131579 0.184211 -0.157895
v 0.131579 0.184211 0.157895
v 0.131579 0.184211 0.184211
v 0.131579 0.210526 -0.184211
v 0.131579 0.210526 -0.157895
v 0.105263 0.210526 -0.131579
v 0.131579 0.210526 -0.131579
v 0.105263 0.210526 0.131579
v 0.131579 0.210526 0.157895
v 0.131579 0.210526 0.131579
v 0.131579 0.210526 0.184211
v 0.131579 0.210526 -0.131579
v 0.131579 0.236842 -0.131579
v 0.131579 0.236842 -0.105263
v 0.131579 0.210526 -0.105263
v 0.131579 0.210526 0.105263
v 0.131579 0.236842 0.105263
v 0.131579 0.236842 0.131579
v 0.131579 0.210526 0.131579
v 0.131579 0.263158 -0.131579
v 0.131579 0.263158 -0.105263
v 0.131579 0.263158 0.105263
v 0.131579 0.263158 0.131579
v 0.131579 0.289474 -0.131579
v 0.131579 0.289474 -0.105263
v 0.131579 0.289474 0.105263
v 0.131579 0.289474 0.131579
v 0.131579 0.289474 -0.157895
v 0.131579 0.315789 -0.157895
v 0.131579 0.315789 -0.131579
v 0.131579 0.289474 -0.131579
v 0.105263 0.289474 -0.131579
v 0.131579 0.289474 0.131579
v 0.131579 0.315789 0.131579
v 0.131579 0.315789 0.157895
v 0.131579 0.289474 0.157895
v 0.105263 0.289474 0.131579
v 0.131579 0.342105 -0.157895
v 0.131579 0.342105 -0.131579
v 0.131579 0.342105 0.131579
v 0.131579 0.342105 0.157895
v 0.131579 0.342105 -0.184211
v 0.131579 0.342105 -0.157895
v 0.131579 0.368421 -0.184211
v 0.131579 0.342105 0.157895
v 0.131579 0.342105 0.184211
v 0.131579 0.368421 0.184211
v 0.131579 0.368421 -0.210526
v 0.131579 0.394737 -0.210526
v 0.131579 0.394737 -0.184211
v 0.131579 0.368421 -0.184211
v 0.105263 0.368421 -0.184211
v 0.131579 0.394737 -0.157895
v 0.131579 0.394737 -0.131579
v 0.131579 0.394737 -0.105263
v 0.131579 0.394737 0.131579
v 0.131579 0.394737 0.105263
v 0.131579 0.394737 0.157895
v 0.131579 0.394737 0.184211
v 0.131579 0.368421 0.184211
v 0.131579 0.394737 0.210526
v 0.131579 0.368421 0.210526
v 0.105263 0.368421 0.184211
v 0.131579 0.394737 -0.105263
v 0.131579 0.421053 -0.105263
v 0.131579 0.421053 -0.078947
v 0.131579 0.394737 -0.078947
v 0.131579 0.421053 -0.052632
v 0.131579 0.394737 -0.052632
v 0.105263 0.421053 -0.052632
v 0.131579 0.394737 0.052632
v 0.131579 0.421053 0.052632
v 0.131579 0.421053 0.078947
v 0.131579 0.394737 0.078947
v 0.105263 0.421053 0.052632
v 0.131579 0.421053 0.105263
v 0.131579 0.394737 0.105263
v 0.131579 0.421053 -0.052632
v 0.131579 0.447368 -0.052632
v 0.131579 0.447368 -0.026316
v 0.131579 0.421053 -0.026316
v 0.131579 0.447368 0.000000
v 0.131579 0.421053 0.000000
v 0.131579 0.447368 0.026316
v 0.131579 0.421053 0.026316
v 0.131579 0.447368 0.052632
v 0.131579 0.421053 0.052632
v 0.131579 0.473684 -0.052632
v 0.131579 0.473684 -0.026316
v 0.105263 0.473684 -0.026316
v 0.131579 0.473684 0.000000
v 0.105263 0.473684 0.000000
v 0.131579 0.473684 0.026316
v 0.105263 0.473684 0.026316
v 0.131579 0.473684 0.052632
v 0.157895 0.026316 -0.105263
v 0.157895 0.052632 -0.105263
v 0.157895 0.052632 -0.078947
v 0.157895 0.026316 -0.078947
v 0.157895 0.026316 -0.052632
v 0.157895 0.026316 -0.026316
v 0.131579 0.026316 -0.026316
v 0.157895 0.026316 0.000000
v 0.131579 0.026316 0.000000
v 0.157895 0.026316 0.026316
v 0.131579 0.026316 0.026316
v 0.157895 0.026316 0.052632
v 0.157895 0.026316 0.078947
v 0.157895 0.052632 0.078947
v 0.157895 0.052632 0.105263
v 0.157895 0.026316 0.105263
v 0.157895 0.052632 -0.105263
v 0.157895 0.078947 -0.105263
v 0.157895 0.078947 -0.078947
v 0.157895 0.052632 -0.078947
v 0.157895 0.052632 0.078947
v 0.157895 0.078947 0.078947
v 0.157895 0.078947 0.105263
v 0.157895 0.052632 0.105263
v 0.157895 0.078947 -0.157895
v 0.157895 0.105263 -0.157895
v 0.157895 0.105263 -0.131579
v 0.157895 0.078947 -0.131579
v 0.157895 0.078947 -0.105263
v 0.131579 0.078947 -0.105263
v 0.131579 0.078947 0.105263
v 0.157895 0.078947 0.105263
v 0.157895 0.078947 0.131579
v 0.157895 0.105263 0.131579
v 0.157895 0.105263 0.157895
v 0.157895 0.078947 0.157895
v 0.157895 0.131579 -0.157895
v 0.157895 0.131579 -0.131579
v 0.157895 0.131579 0.131579
v 0.157895 0.131579 0.157895
v 0.157895 0.157895 -0.157895
v 0.157895 0.157895 -0.131579
v 0.157895 0.157895 0.131579
v 0.157895 0.157895 0.157895
v 0.157895 0.184211 -0.157895
v 0.157895 0.184211 -0.131579
v 0.157895 0.184211 0.131579
v 0.157895 0.184211 0.157895
v 0.157895 0.210526 -0.157895
v 0.157895 0.210526 -0.131579
v 0.131579 0.210526 -0.105263
v 0.157895 0.210526 -0.105263
v 0.131579 0.210526 0.105263
v 0.157895 0.210526 0.131579
v 0.157895 0.210526 0.105263
v 0.157895 0.210526 0.157895
v 0.157895 0.210526 -0.105263
v 0.157895 0.236842 -0.105263
v 0.157895 0.236842 -0.078947
v 0.157895 0.210526 -0.078947
v 0.157895 0.210526 0.078947
v 0.157895 0.236842 0.078947
v 0.157895 0.236842 0.105263
v 0.157895 0.210526 0.105263
v 0.157895 0.263158 -0.105263
v 0.157895 0.263158 -0.078947
v 0.157895 0.263158 0.078947
v 0.157895 0.263158 0.105263
v 0.157895 0.289474 -0.105263
v 0.157895 0.289474 -0.078947
v 0.157895 0.289474 0.078947
v 0.157895 0.289474 0.105263
v 0.157895 0.289474 -0.131579
v 0.157895 0.315789 -0.131579
v 0.157895 0.315789 -0.105263
v 0.157895 0.289474 -0.105263
v 0.131579 0.289474 -0.105263
v 0.157895 0.315789 -0.078947
v 0.157895 0.289474 -0.078947
v 0.157895 0.289474 0.078947
v 0.157895 0.315789 0.078947
v 0.157895 0.315789 0.105263
v 0.157895 0.289474 0.105263
v 0.157895 0.315789 0.131579
v 0.157895 0.289474 0.131579
v 0.131579 0.289474 0.105263
v 0.157895 0.342105 -0.131579
v 0.157895 0.342105 -0.105263
v 0.157895 0.342105 -0.078947
v 0.157895 0.342105 0.078947
v 0.157895 0.342105 0.105263
v 0.157895 0.342105 0.131579
v 0.157895 0.342105 -0.184211
v 0.157895 0.368421 -0.184211
v 0.157895 0.368421 -0.157895
v 0.157895 0.342105 -0.157895
v 0.157895 0.342105 -0.131579
v 0.131579 0.342105 -0.131579
v 0.131579 0.342105 0.131579
v 0.157895 0.342105 0.131579
v 0.157895 0.342105 0.157895
v 0.157895 0.368421 0.157895
v 0.157895 0.368421 0.184211
v 0.157895 0.342105 0.184211
v 0.157895 0.394737 -0.157895
v 0.157895 0.394737 -0.184211
v 0.157895 0.368421 -0.184211
v 0.157895 0.394737 -0.131579
v 0.157895 0.394737 -0.105263
v 0.131579 0.394737 -0.078947
v 0.157895 0.394737 -0.078947
v 0.131579 0.394737 -0.052632
v 0.157895 0.394737 -0.052632
v 0.131579 0.394737 0.052632
v 0.131579 0.394737 0.078947
v 0.157895 0.394737 0.078947
v 0.157895 0.394737 0.052632
v 0.157895 0.394737 0.105263
v 0.157895 0.394737 0.131579
v 0.157895 0.394737 0.157895
v 0.157895 0.394737 0.184211
v 0.157895 0.368421 0.184211
v 0.157895 0.394737 -0.052632
v 0.157895 0.421053 -0.052632
v 0.157895 0.421053 -0.026316
v 0.157895 0.394737 -0.026316
v 0.131579 0.421053 -0.026316
v 0.157895 0.421053 0.000000
v 0.157895 0.394737 0.000000
v 0.131579 0.421053 0.000000
v 0.157895 0.421053 0.026316
v 0.157895 0.394737 0.026316
v 0.131579 0.421053 0.026316
v 0.157895 0.421053 0.052632
v 0.157895 0.394737 0.052632
v 0.184211 0.026316 -0.078947
v 0.184211 0.052632 -0.078947
v 0.184211 0.052632 -0.052632
v 0.184211 0.026316 -0.052632
v 0.184211 0.052632 -0.026316
v 0.184211 0.026316 -0.026316
v 0.184211 0.052632 0.000000
v 0.184211 0.026316 0.000000
v 0.184211 0.052632 0.026316
v 0.184211 0.026316 0.026316
v 0.184211 0.052632 0.052632
v 0.184211 0.026316 0.052632
v 0.184211 0.052632 0.078947
v 0.184211 0.026316 0.078947
v 0.184211 0.052632 -0.078947
v 0.184211 0.078947 -0.078947
v 0.184211 0.078947 -0.052632
v 0.184211 0.052632 -0.052632
v 0.184211 0.078947 -0.026316
v 0.184211 0.052632 -0.026316
v 0.184211 0.078947 0.000000
v 0.184211 0.052632 0.000000
v 0.184211 0.078947 0.026316
v 0.184211 0.052632 0.026316
v 0.184211 0.078947 0.052632
v 0.184211 0.052632 0.052632
v 0.184211 0.078947 0.078947
v 0.184211 0.052632 0.078947
v 0.184211 0.078947 -0.131579
v 0.184211 0.105263 -0.131579
v 0.184211 0.105263 -0.105263
v 0.184211 0.078947 -0.105263
v 0.184211 0.105263 -0.078947
v 0.184211 0.078947 -0.078947
v 0.157895 0.078947 -0.078947
v 0.184211 0.078947 0.078947
v 0.184211 0.105263 0.078947
v 0.184211 0.105263 0.105263
v 0.184211 0.078947 0.105263
v 0.157895 0.078947 0.078947
v 0.184211 0.105263 0.131579
v 0.184211 0.078947 0.131579
v 0.184211 0.131579 -0.131579
v 0.184211 0.131579 -0.105263
v 0.184211 0.131579 -0.078947
v 0.184211 0.131579 0.078947
v 0.184211 0.131579 0.105263
v 0.184211 0.131579 0.131579
v 0.184211 0.157895 -0.131579
v 0.184211 0.157895 -0.105263
v 0.184211 0.157895 -0.078947
v 0.184211 0.157895 0.078947
v 0.184211 0.157895 0.105263
v 0.184211 0.157895 0.131579
v 0.184211 0.184211 -0.131579
v 0.184211 0.184211 -0.105263
v 0.184211 0.184211 -0.078947
v 0.184211 0.184211 0.078947
v 0.184211 0.184211 0.105263
v 0.184211 0.184211 0.131579
v 0.184211 0.210526 -0.131579
v 0.184211 0.210526 -0.105263
v 0.184211 0.210526 -0.078947
v 0.157895 0.210526 -0.078947
v 0.184211 0.210526 0.078947
v 0.184211 0.210526 0.105263
v 0.157895 0.210526 0.078947
v 0.184211 0.210526 0.131579
v 0.184211 0.210526 -0.078947
v 0.184211 0.236842 -0.078947
v 0.184211 0.236842 -0.052632
v 0.184211 0.210526 -0.052632
v 0.184211 0.236842 -0.026316
v 0.184211 0.210526 -0.026316
v 0.184211 0.236842 0.000000
v 0.184211 0.210526 0.000000
v 0.184211 0.236842 0.026316
v 0.184211 0.210526 0.026316
v 0.184211 0.236842 0.052632
v 0.184211 0.210526 0.052632
v 0.184211 0.236842 0.078947
v 0.184211 0.210526 0.078947
v 0.184211 0.263158 -0.078947
v 0.184211 0.263158 -0.052632
v 0.184211 0.263158 -0.026316
v 0.184211 0.263158 0.000000
v 0.184211 0.263158 0.026316
v 0.184211 0.263158 0.052632
v 0.184211 0.263158 0.078947
v 0.184211 0.289474 -0.078947
v 0.184211 0.289474 -0.052632
v 0.184211 0.289474 -0.026316
v 0.184211 0.289474 0.000000
v 0.184211 0.289474 0.026316
v 0.184211 0.289474 0.052632
v 0.184211 0.289474 0.078947
v 0.184211 0.289474 -0.078947
v 0.184211 0.315789 -0.078947
v 0.184211 0.315789 -0.052632
v 0.184211 0.289474 -0.052632
v 0.184211 0.315789 -0.026316
v 0.184211 0.289474 -0.026316
v 0.184211 0.315789 0.000000
v 0.184211 0.289474 0.000000
v 0.184211 0.315789 0.026316
v 0.184211 0.289474 0.026316
v 0.184211 0.315789 0.052632
v 0.184211 0.289474 0.052632
v 0.184211 0.315789 0.078947
v 0.184211 0.289474 0.078947
v 0.184211 0.342105 -0.078947
v 0.184211 0.342105 -0.052632
v 0.184211 0.342105 -0.026316
v 0.184211 0.342105 0.000000
v 0.184211 0.342105 0.026316
v 0.184211 0.342105 0.052632
v 0.184211 0.342105 0.078947
v 0.184211 0.342105 -0.157895
v 0.184211 0.368421 -0.157895
v 0.184211 0.368421 -0.131579
v 0.184211 0.342105 -0.131579
v 0.184211 0.368421 -0.105263
v 0.184211 0.342105 -0.105263
v 0.157895 0.342105 -0.105263
v 0.184211 0.342105 -0.078947
v 0.157895 0.342105 -0.078947
v 0.157895 0.342105 0.078947
v 0.184211 0.342105 0.078947
v 0.184211 0.342105 0.105263
v 0.157895 0.342105 0.105263
v 0.184211 0.368421 0.105263
v 0.184211 0.368421 0.131579
v 0.184211 0.342105 0.131579
v 0.184211 0.368421 0.157895
v 0.184211 0.342105 0.157895
v 0.184211 0.368421 -0.184211
v 0.184211 0.394737 -0.184211
v 0.184211 0.394737 -0.157895
v 0.184211 0.368421 -0.157895
v 0.157895 0.368421 -0.157895
v 0.184211 0.394737 -0.131579
v 0.184211 0.368421 -0.131579
v 0.184211 0.394737 -0.105263
v 0.184211 0.394737 -0.078947
v 0.184211 0.394737 -0.052632
v 0.157895 0.394737 -0.026316
v 0.184211 0.394737 -0.026316
v 0.157895 0.394737 0.000000
v 0.184211 0.394737 0.000000
v 0.157895 0.394737 0.026316
v 0.184211 0.394737 0.026316
v 0.184211 0.394737 0.052632
v 0.184211 0.394737 0.078947
v 0.184211 0.394737 0.105263
v 0.184211 0.394737 0.131579
v 0.184211 0.368421 0.131579
v 0.184211 0.394737 0.157895
v 0.184211 0.368421 0.157895
v 0.184211 0.394737 0.184211
v 0.184211 0.368421 0.184211
v 0.157895 0.368421 0.157895
v 0.210526 0.078947 -0.078947
v 0.210526 0.105263 -0.078947
v 0.210526 0.105263 -0.052632
v 0.210526 0.078947 -0.052632
v 0.184211 0.078947 -0.052632
v 0.210526 0.105263 -0.026316
v 0.210526 0.078947 -0.026316
v 0.184211 0.078947 -0.026316
v 0.210526 0.105263 0.000000
v 0.210526 0.078947 0.000000
v 0.184211 0.078947 0.000000
v 0.210526 0.105263 0.026316
v 0.210526 0.078947 0.026316
v 0.184211 0.078947 0.026316
v 0.210526 0.105263 0.052632
v 0.210526 0.078947 0.052632
v 0.184211 0.078947 0.052632
v 0.210526 0.105263 0.078947
v 0.210526 0.078947 0.078947
v 0.210526 0.131579 -0.078947
v 0.210526 0.131579 -0.052632
v 0.210526 0.131579 -0.026316
v 0.210526 0.131579 0.000000
v 0.210526 0.131579 0.026316
v 0.210526 0.131579 0.052632
v 0.210526 0.131579 0.078947
v 0.210526 0.157895 -0.078947
v 0.210526 0.157895 -0.052632
v 0.210526 0.157895 -0.026316
v 0.210526 0.157895 0.000000
v 0.210526 0.157895 0.026316
v 0.210526 0.157895 0.052632
v 0.210526 0.157895 0.078947
v 0.210526 0.184211 -0.078947
v 0.210526 0.184211 -0.052632
v 0.210526 0.184211 -0.026316
v 0.210526 0.184211 0.000000
v 0.210526 0.184211 0.026316
v 0.210526 0.184211 0.052632
v 0.210526 0.184211 0.078947
v 0.210526 0.210526 -0.078947
v 0.210526 0.210526 -0.052632
v 0.184211 0.210526 -0.052632
v 0.210526 0.210526 -0.026316
v 0.184211 0.210526 -0.026316
v 0.210526 0.210526 0.000000
v 0.184211 0.210526 0.000000
v 0.210526 0.210526 0.026316
v 0.184211 0.210526 0.026316
v 0.210526 0.210526 0.052632
v 0.184211 0.210526 0.052632
v 0.210526 0.210526 0.078947
v 0.210526 0.342105 -0.105263
v 0.210526 0.368421 -0.105263
v 0.210526 0.368421 -0.078947
v 0.210526 0.342105 -0.078947
v 0.210526 0.368421 -0.052632
v 0.210526 0.342105 -0.052632
v 0.184211 0.342105 -0.052632
v 0.210526 0.342105 -0.026316
v 0.184211 0.342105 -0.026316
v 0.210526 0.342105 0.000000
v 0.184211 0.342105 0.000000
v 0.210526 0.342105 0.026316
v 0.184211 0.342105 0.026316
v 0.210526 0.342105 0.052632
v 0.184211 0.342105 0.052632
v 0.210526 0.368421 0.052632
v 0.210526 0.368421 0.078947
v 0.210526 0.342105 0.078947
v 0.210526 0.368421 0.105263
v 0.210526 0.342105 0.105263
v 0.210526 0.368421 -0.131579
v 0.210526 0.394737 -0.131579
v 0.210526 0.394737 -0.105263
v 0.210526 0.368421 -0.105263
v 0.184211 0.368421 -0.105263
v 0.210526 0.394737 -0.078947
v 0.210526 0.394737 -0.052632
v 0.210526 0.394737 -0.026316
v 0.210526 0.394737 0.000000
v 0.210526 0.394737 0.026316
v 0.210526 0.394737 0.052632
v 0.210526 0.394737 0.078947
v 0.210526 0.394737 0.105263
v 0.210526 0.368421 0.105263
v 0.210526 0.394737 0.131579
v 0.210526 0.368421 0.131579
v 0.184211 0.368421 0.105263
v 0.236842 0.342105 -0.052632
v 0.236842 0.368421 -0.052632
v 0.236842 0.368421 -0.026316
v 0.236842 0.342105 -0.026316
v 0.236842 0.368421 0.000000
v 0.236842 0.342105 0.000000
v 0.236842 0.368421 0.026316
v 0.236842 0.342105 0.026316
v 0.236842 0.368421 0.052632
v 0.236842 0.342105 0.052632
v 0.236842 0.368421 -0.105263
v 0.236842 0.394737 -0.105263
v 0.236842 0.394737 -0.078947
v 0.236842 0.368421 -0.078947
v 0.210526 0.368421 -0.078947
v 0.236842 0.394737 -0.052632
v 0.236842 0.368421 -0.052632
v 0.210526 0.368421 -0.052632
v 0.236842 0.394737 -0.026316
v 0.236842 0.368421 -0.026316
v 0.236842 0.394737 0.000000
v 0.236842 0.368421 0.000000
v 0.236842 0.394737 0.026316
v 0.236842 0.368421 0.026316
v 0.236842 0.394737 0.052632
v 0.236842 0.368421 0.052632
v 0.236842 0.394737 0.078947
v 0.236842 0.368421 0.078947
v 0.210526 0.368421 0.052632
v 0.210526 0.368421 0.078947
v 0.236842 0.394737 0.105263
v 0.236842 0.368421 0.105263
vt 0.240431 0.368421
vt 0.240431 0.368421
vt 0.240431 0.394737
vt 0.240431 0.394737
vt 0.240431 0.394737
vt 0.240431 0.394737
vt 0.240431 0.368421
vt 0.240431 0.368421
vt 0.240431 0.368421
vt 0.240431 0.394737
vt 0.240431 0.394737
vt 0.240431 0.368421
vt 0.240431 0.368421
vt 0.240431 0.394737
vt 0.240431 0.394737
vt 0.240431 0.368421
vt 0.240431 0.368421
vt 0.240431 0.394737
vt 0.240431 0.394737
vt 0.240431 0.368421
vt 0.240431 0.368421
vt 0.240431 0.394737
vt 0.240431 0.394737
vt 0.240431 0.368421
vt 0.240431 0.368421
vt 0.240431 0.394737
vt 0.240431 0.394737
vt 0.240431 0.368421
vt 0.210526 0.078947
vt 0.210526 0.078947
vt 0.210526 0.105263
vt 0.210526 0.105263
vt 0.210526 0.078947
vt 0.210526 0.078947
vt 0.210526 0.105263
vt 0.210526 0.078947
vt 0.210526 0.105263
vt 0.210526 0.078947
vt 0.210526 0.078947
vt 0.210526 0.105263
vt 0.210526 0.078947
vt 0.210526 0.078947
vt 0.210526 0.105263
vt 0.210526 0.078947
vt 0.210526 0.078947
vt 0.210526 0.105263
vt 0.210526 0.078947
vt 0.210526 0.078947
vt 0.210526 0.105263
vt 0.210526 0.078947
vt 0.210526 0.105263
vt 0.210526 0.131579
vt 0.210526 0.131579
vt 0.210526 0.131579
vt 0.210526 0.131579
vt 0.210526 0.131579
vt 0.210526 0.131579
vt 0.210526 0.131579
vt 0.210526 0.131579
vt 0.210526 0.131579
vt 0.210526 0.157895
vt 0.210526 0.157895
vt 0.210526 0.157895
vt 0.210526 0.157895
vt 0.210526 0.157895
vt 0.210526 0.157895
vt 0.210526 0.157895
vt 0.210526 0.157895
vt 0.210526 0.157895
vt 0.210526 0.184211
vt 0.210526 0.184211
vt 0.210526 0.184211
vt 0.210526 0.184211
vt 0.210526 0.184211
vt 0.210526 0.184211
vt 0.210526 0.184211
vt 0.210526 0.184211
vt 0.210526 0.184211
vt 0.210526 0.210526
vt 0.210526 0.210526
vt 0.210526 0.210526
vt 0.210526 0.210526
vt 0.210526 0.210526
vt 0.210526 0.210526
vt 0.210526 0.210526
vt 0.210526 0.210526
vt 0.210526 0.210526
vt 0.210526 0.210526
vt 0.210526 0.210526
vt 0.210526 0.210526
vt 0.210526 0.210526
vt 0.210526 0.210526
vt 0.197368 0.289474
vt 0.197368 0.289474
vt 0.197368 0.315789
vt 0.197368 0.315789
vt 0.197368 0.289474
vt 0.197368 0.289474
vt 0.197368 0.315789
vt 0.197368 0.289474
vt 0.197368 0.315789
vt 0.197368 0.289474
vt 0.197368 0.289474
vt 0.197368 0.315789
vt 0.197368 0.289474
vt 0.197368 0.289474
vt 0.197368 0.315789
vt 0.197368 0.289474
vt 0.197368 0.289474
vt 0.197368 0.315789
vt 0.197368 0.289474
vt 0.197368 0.289474
vt 0.197368 0.315789
vt 0.197368 0.289474
vt 0.197368 0.315789
vt 0.197368 0.342105
vt 0.197368 0.342105
vt 0.197368 0.342105
vt 0.197368 0.342105
vt 0.197368 0.342105
vt 0.197368 0.342105
vt 0.197368 0.342105
vt 0.197368 0.342105
vt 0.197368 0.342105
vt 0.219636 0.342105
vt 0.219636 0.342105
vt 0.219636 0.368421
vt 0.219636 0.368421
vt 0.219636 0.368421
vt 0.219636 0.342105
vt 0.219636 0.342105
vt 0.219636 0.368421
vt 0.219636 0.342105
vt 0.219636 0.368421
vt 0.219636 0.342105
vt 0.219636 0.368421
vt 0.219636 0.342105
vt 0.219636 0.368421
vt 0.219636 0.342105
vt 0.219636 0.368421
vt 0.219636 0.342105
vt 0.219636 0.368421
vt 0.240431 0.368421
vt 0.240431 0.368421
vt 0.240431 0.394737
vt 0.240431 0.394737
vt 0.240431 0.394737
vt 0.240431 0.394737
vt 0.240431 0.368421
vt 0.240431 0.368421
vt 0.240431 0.394737
vt 0.240431 0.368421
vt 0.240431 0.394737
vt 0.240431 0.394737
vt 0.240431 0.394737
vt 0.240431 0.394737
vt 0.240431 0.394737
vt 0.240431 0.394737
vt 0.240431 0.368421
vt 0.240431 0.394737
vt 0.240431 0.394737
vt 0.240431 0.368421
vt 0.240431 0.368421
vt 0.240431 0.368421
vt 0.240431 0.394737
vt 0.240431 0.394737
vt 0.240431 0.368421
vt 0.092105 0.736842
vt 0.092105 0.736842
vt 0.092105 0.763158
vt 0.092105 0.763158
vt 0.092105 0.736842
vt 0.092105 0.736842
vt 0.092105 0.763158
vt 0.092105 0.736842
vt 0.092105 0.763158
vt 0.092105 0.736842
vt 0.092105 0.736842
vt 0.092105 0.763158
vt 0.092105 0.736842
vt 0.092105 0.736842
vt 0.092105 0.763158
vt 0.092105 0.736842
vt 0.092105 0.763158
vt 0.074561 0.763158
vt 0.074561 0.763158
vt 0.074561 0.789474
vt 0.074561 0.789474
vt 0.074561 0.789474
vt 0.074561 0.789474
vt 0.074561 0.763158
vt 0.074561 0.763158
vt 0.074561 0.789474
vt 0.074561 0.789474
vt 0.074561 0.763158
vt 0.074561 0.789474
vt 0.074561 0.789474
vt 0.074561 0.763158
vt 0.074561 0.789474
vt 0.074561 0.789474
vt 0.074561 0.763158
vt 0.184211 0.052632
vt 0.184211 0.052632
vt 0.184211 0.078947
vt 0.184211 0.078947
vt 0.184211 0.052632
vt 0.184211 0.052632
vt 0.184211 0.078947
vt 0.184211 0.052632
vt 0.184211 0.078947
vt 0.184211 0.052632
vt 0.184211 0.052632
vt 0.184211 0.078947
vt 0.184211 0.052632
vt 0.184211 0.052632
vt 0.184211 0.078947
vt 0.184211 0.052632
vt 0.184211 0.052632
vt 0.184211 0.078947
vt 0.184211 0.052632
vt 0.184211 0.052632
vt 0.184211 0.078947
vt 0.184211 0.052632
vt 0.184211 0.078947
vt 0.210526 0.078947
vt 0.210526 0.078947
vt 0.210526 0.105263
vt 0.210526 0.105263
vt 0.210526 0.078947
vt 0.210526 0.078947
vt 0.210526 0.105263
vt 0.210526 0.078947
vt 0.210526 0.078947
vt 0.210526 0.105263
vt 0.210526 0.078947
vt 0.210526 0.078947
vt 0.210526 0.078947
vt 0.210526 0.105263
vt 0.210526 0.078947
vt 0.210526 0.105263
vt 0.210526 0.131579
vt 0.210526 0.131579
vt 0.210526 0.131579
vt 0.210526 0.131579
vt 0.210526 0.131579
vt 0.210526 0.131579
vt 0.210526 0.157895
vt 0.210526 0.157895
vt 0.210526 0.157895
vt 0.210526 0.157895
vt 0.210526 0.157895
vt 0.210526 0.157895
vt 0.210526 0.184211
vt 0.210526 0.184211
vt 0.210526 0.184211
vt 0.210526 0.184211
vt 0.210526 0.184211
vt 0.210526 0.184211
vt 0.210526 0.210526
vt 0.210526 0.210526
vt 0.210526 0.210526
vt 0.210526 0.210526
vt 0.210526 0.210526
vt 0.210526 0.210526
vt 0.210526 0.210526
vt 0.210526 0.210526
vt 0.210526 0.210526
vt 0.210526 0.210526
vt 0.184211 0.210526
vt 0.184211 0.210526
vt 0.184211 0.236842
vt 0.184211 0.236842
vt 0.184211 0.236842
vt 0.184211 0.210526
vt 0.184211 0.210526
vt 0.184211 0.236842
vt 0.184211 0.210526
vt 0.184211 0.236842
vt 0.184211 0.210526
vt 0.184211 0.236842
vt 0.184211 0.210526
vt 0.184211 0.236842
vt 0.184211 0.210526
vt 0.184211 0.236842
vt 0.184211 0.210526
vt 0.184211 0.236842
vt 0.184211 0.263158
vt 0.184211 0.263158
vt 0.184211 0.263158
vt 0.184211 0.263158
vt 0.184211 0.263158
vt 0.184211 0.263158
vt 0.184211 0.263158
vt 0.184211 0.263158
vt 0.184211 0.263158
vt 0.184211 0.289474
vt 0.184211 0.289474
vt 0.184211 0.289474
vt 0.184211 0.289474
vt 0.184211 0.289474
vt 0.184211 0.289474
vt 0.184211 0.289474
vt 0.184211 0.289474
vt 0.184211 0.289474
vt 0.197368 0.289474
vt 0.197368 0.289474
vt 0.197368 0.315789
vt 0.197368 0.315789
vt 0.197368 0.289474
vt 0.197368 0.289474
vt 0.197368 0.315789
vt 0.197368 0.289474
vt 0.197368 0.289474
vt 0.197368 0.315789
vt 0.197368 0.289474
vt 0.197368 0.289474
vt 0.197368 0.289474
vt 0.197368 0.315789
vt 0.197368 0.289474
vt 0.197368 0.315789
vt 0.197368 0.342105
vt 0.197368 0.342105
vt 0.197368 0.342105
vt 0.197368 0.342105
vt 0.197368 0.342105
vt 0.197368 0.342105
vt 0.219636 0.342105
vt 0.219636 0.342105
vt 0.219636 0.368421
vt 0.219636 0.368421
vt 0.219636 0.368421
vt 0.219636 0.342105
vt 0.219636 0.342105
vt 0.219636 0.368421
vt 0.219636 0.342105
vt 0.219636 0.368421
vt 0.219636 0.342105
vt 0.219636 0.368421
vt 0.240431 0.368421
vt 0.240431 0.394737
vt 0.240431 0.394737
vt 0.240431 0.394737
vt 0.240431 0.368421
vt 0.240431 0.368421
vt 0.240431 0.394737
vt 0.240431 0.394737
vt 0.240431 0.394737
vt 0.240431 0.394737
vt 0.240431 0.394737
vt 0.240431 0.394737
vt 0.240431 0.394737
vt 0.240431 0.394737
vt 0.240431 0.394737
vt 0.240431 0.394737
vt 0.240431 0.368421
vt 0.240431 0.394737
vt 0.240431 0.394737
vt 0.240431 0.368421
vt 0.240431 0.368421
vt 0.092105 0.736842
vt 0.092105 0.763158
vt 0.092105 0.736842
vt 0.092105 0.736842
vt 0.092105 0.763158
vt 0.092105 0.736842
vt 0.092105 0.736842
vt 0.092105 0.736842
vt 0.092105 0.736842
vt 0.092105 0.736842
vt 0.092105 0.763158
vt 0.092105 0.736842
vt 0.092105 0.763158
vt 0.074561 0.763158
vt 0.074561 0.789474
vt 0.074561 0.789474
vt 0.074561 0.789474
vt 0.074561 0.763158
vt 0.074561 0.789474
vt 0.074561 0.789474
vt 0.074561 0.789474
vt 0.074561 0.789474
vt 0.074561 0.763158
vt 0.074561 0.789474
vt 0.074561 0.789474
vt 0.074561 0.763158
vt 0.171053 0.026316
vt 0.171053 0.026316
vt 0.171053 0.052632
vt 0.171053 0.052632
vt 0.171053 0.026316
vt 0.171053 0.026316
vt 0.171053 0.052632
vt 0.171053 0.026316
vt 0.171053 0.052632
vt 0.171053 0.026316
vt 0.171053 0.026316
vt 0.171053 0.052632
vt 0.171053 0.026316
vt 0.171053 0.026316
vt 0.171053 0.052632
vt 0.171053 0.026316
vt 0.171053 0.026316
vt 0.171053 0.052632
vt 0.171053 0.026316
vt 0.171053 0.026316
vt 0.171053 0.052632
vt 0.171053 0.026316
vt 0.171053 0.052632
vt 0.184211 0.052632
vt 0.184211 0.078947
vt 0.184211 0.052632
vt 0.184211 0.052632
vt 0.184211 0.078947
vt 0.184211 0.052632
vt 0.184211 0.078947
vt 0.184211 0.052632
vt 0.184211 0.052632
vt 0.184211 0.078947
vt 0.210526 0.078947
vt 0.210526 0.105263
vt 0.210526 0.078947
vt 0.210526 0.078947
vt 0.210526 0.105263
vt 0.210526 0.078947
vt 0.210526 0.078947
vt 0.210526 0.078947
vt 0.210526 0.078947
vt 0.210526 0.105263
vt 0.210526 0.078947
vt 0.210526 0.105263
vt 0.210526 0.131579
vt 0.210526 0.131579
vt 0.210526 0.131579
vt 0.210526 0.131579
vt 0.210526 0.157895
vt 0.210526 0.157895
vt 0.210526 0.157895
vt 0.210526 0.157895
vt 0.210526 0.184211
vt 0.210526 0.184211
vt 0.210526 0.184211
vt 0.210526 0.184211
vt 0.210526 0.210526
vt 0.210526 0.210526
vt 0.210526 0.210526
vt 0.210526 0.210526
vt 0.210526 0.210526
vt 0.210526 0.210526
vt 0.210526 0.210526
vt 0.210526 0.210526
vt 0.184211 0.210526
vt 0.184211 0.236842
vt 0.184211 0.236842
vt 0.184211 0.210526
vt 0.184211 0.210526
vt 0.184211 0.236842
vt 0.184211 0.210526
vt 0.184211 0.236842
vt 0.184211 0.263158
vt 0.184211 0.263158
vt 0.184211 0.263158
vt 0.184211 0.263158
vt 0.184211 0.289474
vt 0.184211 0.289474
vt 0.184211 0.289474
vt 0.184211 0.289474
vt 0.197368 0.289474
vt 0.197368 0.315789
vt 0.197368 0.289474
vt 0.197368 0.289474
vt 0.197368 0.315789
vt 0.197368 0.289474
vt 0.197368 0.289474
vt 0.197368 0.289474
vt 0.197368 0.289474
vt 0.197368 0.315789
vt 0.197368 0.289474
vt 0.197368 0.315789
vt 0.197368 0.342105
vt 0.197368 0.342105
vt 0.197368 0.342105
vt 0.197368 0.342105
vt 0.219636 0.342105
vt 0.219636 0.368421
vt 0.219636 0.368421
vt 0.219636 0.342105
vt 0.219636 0.342105
vt 0.219636 0.368421
vt 0.219636 0.342105
vt 0.219636 0.368421
vt 0.240431 0.368421
vt 0.240431 0.394737
vt 0.240431 0.394737
vt 0.240431 0.394737
vt 0.240431 0.368421
vt 0.240431 0.368421
vt 0.240431 0.394737
vt 0.240431 0.394737
vt 0.240431 0.394737
vt 0.240431 0.394737
vt 0.240431 0.394737
vt 0.240431 0.394737
vt 0.240431 0.394737
vt 0.240431 0.394737
vt 0.240431 0.394737
vt 0.240431 0.394737
vt 0.240431 0.394737
vt 0.240431 0.394737
vt 0.240431 0.368421
vt 0.240431 0.394737
vt 0.240431 0.394737
vt 0.240431 0.368421
vt 0.240431 0.368421
vt 0.092105 0.736842
vt 0.092105 0.736842
vt 0.092105 0.763158
vt 0.092105 0.736842
vt 0.092105 0.736842
vt 0.092105 0.736842
vt 0.092105 0.736842
vt 0.092105 0.736842
vt 0.092105 0.763158
vt 0.074561 0.789474
vt 0.074561 0.789474
vt 0.074561 0.763158
vt 0.074561 0.789474
vt 0.074561 0.789474
vt 0.074561 0.789474
vt 0.074561 0.789474
vt 0.074561 0.789474
vt 0.074561 0.763158
vt 0.013158 0.815789
vt 0.013158 0.842105
vt 0.013158 0.842105
vt 0.013158 0.815789
vt 0.013158 0.815789
vt 0.013158 0.815789
vt 0.013158 0.842105
vt 0.013158 0.842105
vt 0.013158 0.842105
vt 0.013158 0.815789
vt 0.013158 0.815789
vt 0.013158 0.842105
vt 0.013158 0.868421
vt 0.013158 0.868421
vt 0.013158 0.868421
vt 0.013158 0.868421
vt 0.013158 0.868421
vt 0.013158 0.868421
vt 0.131579 0.000000
vt 0.131579 0.000000
vt 0.131579 0.026316
vt 0.131579 0.026316
vt 0.131579 0.000000
vt 0.131579 0.000000
vt 0.131579 0.026316
vt 0.131579 0.000000
vt 0.131579 0.026316
vt 0.131579 0.000000
vt 0.131579 0.000000
vt 0.131579 0.026316
vt 0.131579 0.000000
vt 0.131579 0.000000
vt 0.131579 0.026316
vt 0.131579 0.000000
vt 0.131579 0.026316
vt 0.171053 0.026316
vt 0.171053 0.052632
vt 0.171053 0.026316
vt 0.171053 0.026316
vt 0.171053 0.052632
vt 0.171053 0.026316
vt 0.171053 0.026316
vt 0.171053 0.026316
vt 0.171053 0.026316
vt 0.171053 0.052632
vt 0.171053 0.026316
vt 0.171053 0.052632
vt 0.184211 0.052632
vt 0.184211 0.078947
vt 0.184211 0.052632
vt 0.184211 0.052632
vt 0.184211 0.078947
vt 0.184211 0.052632
vt 0.184211 0.078947
vt 0.184211 0.052632
vt 0.184211 0.052632
vt 0.184211 0.078947
vt 0.210526 0.078947
vt 0.210526 0.105263
vt 0.210526 0.078947
vt 0.210526 0.078947
vt 0.210526 0.105263
vt 0.210526 0.078947
vt 0.210526 0.078947
vt 0.210526 0.078947
vt 0.210526 0.078947
vt 0.210526 0.105263
vt 0.210526 0.078947
vt 0.210526 0.105263
vt 0.210526 0.131579
vt 0.210526 0.131579
vt 0.210526 0.131579
vt 0.210526 0.131579
vt 0.210526 0.157895
vt 0.210526 0.157895
vt 0.210526 0.157895
vt 0.210526 0.157895
vt 0.210526 0.184211
vt 0.210526 0.184211
vt 0.210526 0.184211
vt 0.210526 0.184211
vt 0.210526 0.210526
vt 0.210526 0.210526
vt 0.210526 0.210526
vt 0.210526 0.210526
vt 0.210526 0.210526
vt 0.210526 0.210526
vt 0.210526 0.210526
vt 0.210526 0.210526
vt 0.184211 0.210526
vt 0.184211 0.236842
vt 0.184211 0.236842
vt 0.184211 0.210526
vt 0.184211 0.210526
vt 0.184211 0.236842
vt 0.184211 0.210526
vt 0.184211 0.236842
vt 0.184211 0.263158
vt 0.184211 0.263158
vt 0.184211 0.263158
vt 0.184211 0.263158
vt 0.184211 0.289474
vt 0.184211 0.289474
vt 0.184211 0.289474
vt 0.184211 0.289474
vt 0.197368 0.289474
vt 0.197368 0.289474
vt 0.197368 0.315789
vt 0.197368 0.289474
vt 0.197368 0.289474
vt 0.197368 0.315789
vt 0.197368 0.342105
vt 0.197368 0.342105
vt 0.219636 0.342105
vt 0.219636 0.368421
vt 0.219636 0.342105
vt 0.219636 0.342105
vt 0.219636 0.368421
vt 0.219636 0.342105
vt 0.219636 0.368421
vt 0.219636 0.342105
vt 0.219636 0.342105
vt 0.219636 0.368421
vt 0.240431 0.368421
vt 0.240431 0.394737
vt 0.240431 0.394737
vt 0.240431 0.394737
vt 0.240431 0.368421
vt 0.240431 0.368421
vt 0.240431 0.394737
vt 0.240431 0.394737
vt 0.240431 0.394737
vt 0.240431 0.394737
vt 0.240431 0.394737
vt 0.240431 0.394737
vt 0.240431 0.394737
vt 0.240431 0.394737
vt 0.240431 0.394737
vt 0.240431 0.394737
vt 0.240431 0.394737
vt 0.240431 0.394737
vt 0.240431 0.394737
vt 0.240431 0.394737
vt 0.240431 0.368421
vt 0.240431 0.394737
vt 0.240431 0.394737
vt 0.240431 0.368421
vt 0.240431 0.368421
vt 0.114662 0.552632
vt 0.114662 0.552632
vt 0.114662 0.578947
vt 0.114662 0.578947
vt 0.114662 0.552632
vt 0.114662 0.552632
vt 0.114662 0.578947
vt 0.114662 0.552632
vt 0.114662 0.578947
vt 0.114662 0.552632
vt 0.114662 0.578947
vt 0.122807 0.578947
vt 0.122807 0.578947
vt 0.122807 0.605263
vt 0.122807 0.605263
vt 0.122807 0.605263
vt 0.122807 0.605263
vt 0.122807 0.578947
vt 0.122807 0.578947
vt 0.122807 0.578947
vt 0.122807 0.605263
vt 0.122807 0.605263
vt 0.122807 0.578947
vt 0.122807 0.578947
vt 0.122807 0.605263
vt 0.122807 0.605263
vt 0.122807 0.578947
vt 0.122807 0.605263
vt 0.122807 0.605263
vt 0.122807 0.578947
vt 0.122807 0.605263
vt 0.122807 0.605263
vt 0.122807 0.578947
vt 0.122807 0.578947
vt 0.122807 0.578947
vt 0.122807 0.605263
vt 0.122807 0.605263
vt 0.122807 0.578947
vt 0.092105 0.736842
vt 0.092105 0.763158
vt 0.092105 0.763158
vt 0.092105 0.736842
vt 0.092105 0.736842
vt 0.092105 0.763158
vt 0.092105 0.736842
vt 0.092105 0.736842
vt 0.092105 0.736842
vt 0.092105 0.736842
vt 0.092105 0.736842
vt 0.092105 0.736842
vt 0.092105 0.763158
vt 0.092105 0.763158
vt 0.092105 0.736842
vt 0.092105 0.736842
vt 0.092105 0.763158
vt 0.074561 0.763158
vt 0.074561 0.789474
vt 0.074561 0.789474
vt 0.074561 0.763158
vt 0.074561 0.789474
vt 0.074561 0.789474
vt 0.074561 0.789474
vt 0.074561 0.763158
vt 0.074561 0.789474
vt 0.074561 0.763158
vt 0.026316 0.789474
vt 0.026316 0.789474
vt 0.026316 0.815789
vt 0.026316 0.815789
vt 0.026316 0.815789
vt 0.026316 0.815789
vt 0.026316 0.789474
vt 0.026316 0.789474
vt 0.026316 0.815789
vt 0.026316 0.815789
vt 0.026316 0.789474
vt 0.013158 0.868421
vt 0.013158 0.894737
vt 0.013158 0.894737
vt 0.013158 0.868421
vt 0.013158 0.894737
vt 0.013158 0.894737
vt 0.013158 0.894737
vt 0.013158 0.868421
vt 0.013158 0.894737
vt 0.131579 0.000000
vt 0.131579 0.000000
vt 0.131579 0.026316
vt 0.131579 0.026316
vt 0.131579 0.000000
vt 0.131579 0.000000
vt 0.131579 0.026316
vt 0.131579 0.000000
vt 0.131579 0.000000
vt 0.131579 0.000000
vt 0.131579 0.000000
vt 0.131579 0.000000
vt 0.131579 0.000000
vt 0.131579 0.026316
vt 0.131579 0.000000
vt 0.131579 0.000000
vt 0.131579 0.026316
vt 0.131579 0.000000
vt 0.131579 0.026316
vt 0.171053 0.026316
vt 0.171053 0.052632
vt 0.171053 0.026316
vt 0.171053 0.026316
vt 0.171053 0.052632
vt 0.171053 0.026316
vt 0.171053 0.052632
vt 0.171053 0.026316
vt 0.171053 0.026316
vt 0.171053 0.052632
vt 0.184211 0.052632
vt 0.184211 0.078947
vt 0.184211 0.052632
vt 0.184211 0.052632
vt 0.184211 0.078947
vt 0.184211 0.052632
vt 0.184211 0.078947
vt 0.184211 0.052632
vt 0.184211 0.052632
vt 0.184211 0.078947
vt 0.210526 0.078947
vt 0.210526 0.078947
vt 0.210526 0.105263
vt 0.210526 0.078947
vt 0.210526 0.078947
vt 0.210526 0.105263
vt 0.210526 0.131579
vt 0.210526 0.131579
vt 0.210526 0.157895
vt 0.210526 0.157895
vt 0.210526 0.184211
vt 0.210526 0.184211
vt 0.210526 0.210526
vt 0.210526 0.210526
vt 0.210526 0.210526
vt 0.210526 0.210526
vt 0.184211 0.210526
vt 0.184211 0.236842
vt 0.184211 0.236842
vt 0.184211 0.210526
vt 0.184211 0.210526
vt 0.184211 0.236842
vt 0.184211 0.210526
vt 0.184211 0.236842
vt 0.184211 0.263158
vt 0.184211 0.263158
vt 0.184211 0.263158
vt 0.184211 0.263158
vt 0.184211 0.289474
vt 0.184211 0.289474
vt 0.184211 0.289474
vt 0.184211 0.289474
vt 0.197368 0.289474
vt 0.197368 0.315789
vt 0.197368 0.289474
vt 0.197368 0.289474
vt 0.197368 0.315789
vt 0.197368 0.289474
vt 0.197368 0.315789
vt 0.197368 0.289474
vt 0.197368 0.289474
vt 0.197368 0.315789
vt 0.197368 0.342105
vt 0.197368 0.342105
vt 0.197368 0.342105
vt 0.197368 0.342105
vt 0.219636 0.368421
vt 0.219636 0.342105
vt 0.219636 0.342105
vt 0.219636 0.368421
vt 0.240431 0.394737
vt 0.240431 0.394737
vt 0.240431 0.368421
vt 0.240431 0.368421
vt 0.240431 0.394737
vt 0.240431 0.394737
vt 0.240431 0.394737
vt 0.240431 0.394737
vt 0.240431 0.394737
vt 0.240431 0.394737
vt 0.240431 0.394737
vt 0.240431 0.394737
vt 0.240431 0.394737
vt 0.240431 0.394737
vt 0.240431 0.394737
vt 0.240431 0.394737
vt 0.240431 0.368421
vt 0.240431 0.368421
vt 0.131579 0.394737
vt 0.131579 0.394737
vt 0.131579 0.421053
vt 0.131579 0.421053
vt 0.131579 0.421053
vt 0.131579 0.421053
vt 0.131579 0.394737
vt 0.131579 0.394737
vt 0.131579 0.421053
vt 0.131579 0.421053
vt 0.131579 0.394737
vt 0.131579 0.421053
vt 0.131579 0.421053
vt 0.131579 0.394737
vt 0.131579 0.421053
vt 0.131579 0.421053
vt 0.131579 0.394737
vt 0.114662 0.552632
vt 0.114662 0.552632
vt 0.114662 0.578947
vt 0.114662 0.578947
vt 0.114662 0.552632
vt 0.114662 0.552632
vt 0.114662 0.578947
vt 0.114662 0.552632
vt 0.114662 0.552632
vt 0.114662 0.552632
vt 0.114662 0.552632
vt 0.114662 0.578947
vt 0.114662 0.552632
vt 0.114662 0.552632
vt 0.114662 0.578947
vt 0.114662 0.552632
vt 0.114662 0.578947
vt 0.122807 0.578947
vt 0.122807 0.605263
vt 0.122807 0.605263
vt 0.122807 0.605263
vt 0.122807 0.578947
vt 0.122807 0.578947
vt 0.122807 0.605263
vt 0.122807 0.605263
vt 0.122807 0.605263
vt 0.122807 0.605263
vt 0.122807 0.605263
vt 0.122807 0.578947
vt 0.122807 0.605263
vt 0.122807 0.605263
vt 0.122807 0.578947
vt 0.122807 0.578947
vt 0.052632 0.605263
vt 0.052632 0.605263
vt 0.052632 0.631579
vt 0.052632 0.631579
vt 0.052632 0.631579
vt 0.052632 0.605263
vt 0.052632 0.605263
vt 0.052632 0.631579
vt 0.052632 0.605263
vt 0.052632 0.631579
vt 0.039474 0.631579
vt 0.039474 0.631579
vt 0.039474 0.657895
vt 0.039474 0.657895
vt 0.039474 0.657895
vt 0.039474 0.631579
vt 0.039474 0.631579
vt 0.039474 0.657895
vt 0.039474 0.631579
vt 0.039474 0.657895
vt 0.039474 0.684211
vt 0.039474 0.684211
vt 0.039474 0.684211
vt 0.039474 0.684211
vt 0.039474 0.684211
vt 0.026316 0.684211
vt 0.026316 0.684211
vt 0.026316 0.710526
vt 0.026316 0.710526
vt 0.026316 0.710526
vt 0.026316 0.684211
vt 0.026316 0.684211
vt 0.026316 0.710526
vt 0.026316 0.684211
vt 0.026316 0.710526
vt 0.026316 0.736842
vt 0.026316 0.736842
vt 0.026316 0.736842
vt 0.026316 0.736842
vt 0.026316 0.736842
vt 0.092105 0.763158
vt 0.092105 0.763158
vt 0.092105 0.763158
vt 0.092105 0.736842
vt 0.092105 0.736842
vt 0.092105 0.736842
vt 0.092105 0.736842
vt 0.092105 0.736842
vt 0.092105 0.763158
vt 0.092105 0.763158
vt 0.092105 0.763158
vt 0.092105 0.736842
vt 0.074561 0.763158
vt 0.074561 0.789474
vt 0.074561 0.789474
vt 0.074561 0.763158
vt 0.074561 0.763158
vt 0.074561 0.789474
vt 0.074561 0.789474
vt 0.074561 0.763158
vt 0.026316 0.789474
vt 0.026316 0.815789
vt 0.026316 0.815789
vt 0.026316 0.789474
vt 0.026316 0.815789
vt 0.026316 0.789474
vt 0.013158 0.921053
vt 0.013158 0.947368
vt 0.013158 0.947368
vt 0.013158 0.921053
vt 0.013158 0.921053
vt 0.013158 0.921053
vt 0.013158 0.947368
vt 0.013158 0.947368
vt 0.013158 0.947368
vt 0.013158 0.921053
vt 0.013158 0.921053
vt 0.013158 0.947368
vt 0.131579 0.000000
vt 0.131579 0.000000
vt 0.131579 0.026316
vt 0.131579 0.000000
vt 0.131579 0.000000
vt 0.131579 0.000000
vt 0.131579 0.000000
vt 0.131579 0.000000
vt 0.131579 0.000000
vt 0.131579 0.000000
vt 0.131579 0.026316
vt 0.171053 0.026316
vt 0.171053 0.052632
vt 0.171053 0.026316
vt 0.171053 0.026316
vt 0.171053 0.052632
vt 0.171053 0.026316
vt 0.171053 0.026316
vt 0.171053 0.026316
vt 0.171053 0.026316
vt 0.171053 0.052632
vt 0.171053 0.026316
vt 0.171053 0.052632
vt 0.184211 0.052632
vt 0.184211 0.078947
vt 0.184211 0.052632
vt 0.184211 0.052632
vt 0.184211 0.078947
vt 0.184211 0.052632
vt 0.184211 0.078947
vt 0.184211 0.052632
vt 0.184211 0.052632
vt 0.184211 0.078947
vt 0.210526 0.078947
vt 0.210526 0.105263
vt 0.210526 0.078947
vt 0.210526 0.078947
vt 0.210526 0.105263
vt 0.210526 0.078947
vt 0.210526 0.105263
vt 0.210526 0.078947
vt 0.210526 0.078947
vt 0.210526 0.105263
vt 0.210526 0.131579
vt 0.210526 0.131579
vt 0.210526 0.131579
vt 0.210526 0.131579
vt 0.210526 0.157895
vt 0.210526 0.157895
vt 0.210526 0.157895
vt 0.210526 0.157895
vt 0.210526 0.184211
vt 0.210526 0.184211
vt 0.210526 0.184211
vt 0.210526 0.184211
vt 0.210526 0.210526
vt 0.210526 0.210526
vt 0.210526 0.210526
vt 0.210526 0.210526
vt 0.210526 0.210526
vt 0.210526 0.210526
vt 0.184211 0.210526
vt 0.184211 0.236842
vt 0.184211 0.236842
vt 0.184211 0.210526
vt 0.184211 0.210526
vt 0.184211 0.236842
vt 0.184211 0.210526
vt 0.184211 0.236842
vt 0.184211 0.263158
vt 0.184211 0.263158
vt 0.184211 0.263158
vt 0.184211 0.263158
vt 0.184211 0.289474
vt 0.184211 0.289474
vt 0.184211 0.289474
vt 0.184211 0.289474
vt 0.197368 0.315789
vt 0.197368 0.289474
vt 0.197368 0.289474
vt 0.197368 0.315789
vt 0.197368 0.342105
vt 0.197368 0.342105
vt 0.219636 0.342105
vt 0.219636 0.368421
vt 0.219636 0.342105
vt 0.219636 0.342105
vt 0.219636 0.368421
vt 0.219636 0.342105
vt 0.219636 0.368421
vt 0.219636 0.342105
vt 0.219636 0.342105
vt 0.219636 0.368421
vt 0.240431 0.368421
vt 0.240431 0.394737
vt 0.240431 0.394737
vt 0.240431 0.394737
vt 0.240431 0.368421
vt 0.240431 0.368421
vt 0.240431 0.394737
vt 0.240431 0.394737
vt 0.240431 0.394737
vt 0.240431 0.394737
vt 0.240431 0.394737
vt 0.240431 0.394737
vt 0.240431 0.394737
vt 0.240431 0.394737
vt 0.240431 0.394737
vt 0.240431 0.368421
vt 0.240431 0.394737
vt 0.240431 0.394737
vt 0.240431 0.368421
vt 0.240431 0.368421
vt 0.131579 0.394737
vt 0.131579 0.394737
vt 0.131579 0.421053
vt 0.131579 0.421053
vt 0.131579 0.421053
vt 0.131579 0.421053
vt 0.131579 0.394737
vt 0.131579 0.421053
vt 0.131579 0.394737
vt 0.131579 0.421053
vt 0.131579 0.421053
vt 0.131579 0.421053
vt 0.131579 0.394737
vt 0.131579 0.421053
vt 0.131579 0.421053
vt 0.131579 0.394737
vt 0.105263 0.421053
vt 0.105263 0.421053
vt 0.105263 0.447368
vt 0.105263 0.447368
vt 0.105263 0.447368
vt 0.105263 0.421053
vt 0.105263 0.421053
vt 0.105263 0.447368
vt 0.105263 0.421053
vt 0.105263 0.447368
vt 0.105263 0.421053
vt 0.105263 0.447368
vt 0.105263 0.421053
vt 0.105263 0.447368
vt 0.105263 0.473684
vt 0.105263 0.473684
vt 0.105263 0.473684
vt 0.105263 0.473684
vt 0.105263 0.473684
vt 0.105263 0.473684
vt 0.105263 0.473684
vt 0.092105 0.473684
vt 0.092105 0.473684
vt 0.092105 0.500000
vt 0.092105 0.500000
vt 0.092105 0.500000
vt 0.092105 0.473684
vt 0.092105 0.473684
vt 0.092105 0.500000
vt 0.092105 0.473684
vt 0.092105 0.500000
vt 0.092105 0.473684
vt 0.092105 0.500000
vt 0.092105 0.473684
vt 0.092105 0.500000
vt 0.078947 0.500000
vt 0.078947 0.500000
vt 0.078947 0.526316
vt 0.078947 0.526316
vt 0.078947 0.526316
vt 0.078947 0.500000
vt 0.078947 0.500000
vt 0.078947 0.526316
vt 0.078947 0.500000
vt 0.078947 0.526316
vt 0.078947 0.500000
vt 0.078947 0.526316
vt 0.078947 0.500000
vt 0.078947 0.526316
vt 0.078947 0.552632
vt 0.078947 0.552632
vt 0.078947 0.552632
vt 0.078947 0.552632
vt 0.078947 0.552632
vt 0.078947 0.552632
vt 0.078947 0.552632
vt 0.114662 0.552632
vt 0.114662 0.578947
vt 0.114662 0.552632
vt 0.114662 0.552632
vt 0.114662 0.578947
vt 0.114662 0.552632
vt 0.114662 0.552632
vt 0.114662 0.552632
vt 0.114662 0.552632
vt 0.114662 0.578947
vt 0.114662 0.552632
vt 0.114662 0.578947
vt 0.122807 0.605263
vt 0.122807 0.605263
vt 0.122807 0.578947
vt 0.122807 0.605263
vt 0.122807 0.605263
vt 0.122807 0.605263
vt 0.122807 0.605263
vt 0.122807 0.578947
vt 0.052632 0.605263
vt 0.052632 0.631579
vt 0.052632 0.631579
vt 0.052632 0.605263
vt 0.052632 0.605263
vt 0.052632 0.631579
vt 0.052632 0.605263
vt 0.052632 0.631579
vt 0.039474 0.631579
vt 0.039474 0.657895
vt 0.039474 0.657895
vt 0.039474 0.631579
vt 0.039474 0.631579
vt 0.039474 0.657895
vt 0.039474 0.631579
vt 0.039474 0.657895
vt 0.039474 0.657895
vt 0.039474 0.631579
vt 0.039474 0.631579
vt 0.039474 0.657895
vt 0.039474 0.684211
vt 0.039474 0.684211
vt 0.039474 0.684211
vt 0.039474 0.684211
vt 0.039474 0.684211
vt 0.039474 0.684211
vt 0.026316 0.684211
vt 0.026316 0.710526
vt 0.026316 0.710526
vt 0.026316 0.684211
vt 0.026316 0.710526
vt 0.026316 0.684211
vt 0.026316 0.736842
vt 0.026316 0.736842
vt 0.026316 0.736842
vt 0.092105 0.736842
vt 0.092105 0.763158
vt 0.092105 0.763158
vt 0.092105 0.736842
vt 0.092105 0.763158
vt 0.092105 0.763158
vt 0.092105 0.736842
vt 0.092105 0.763158
vt 0.092105 0.763158
vt 0.092105 0.763158
vt 0.092105 0.736842
vt 0.092105 0.736842
vt 0.092105 0.763158
vt 0.092105 0.736842
vt 0.074561 0.763158
vt 0.074561 0.789474
vt 0.074561 0.789474
vt 0.074561 0.763158
vt 0.074561 0.789474
vt 0.074561 0.789474
vt 0.074561 0.763158
vt 0.131579 0.000000
vt 0.131579 0.026316
vt 0.131579 0.000000
vt 0.131579 0.000000
vt 0.131579 0.026316
vt 0.131579 0.000000
vt 0.131579 0.000000
vt 0.131579 0.000000
vt 0.131579 0.000000
vt 0.131579 0.000000
vt 0.131579 0.000000
vt 0.131579 0.000000
vt 0.131579 0.000000
vt 0.131579 0.000000
vt 0.131579 0.026316
vt 0.131579 0.000000
vt 0.131579 0.026316
vt 0.171053 0.026316
vt 0.171053 0.026316
vt 0.171053 0.052632
vt 0.171053 0.026316
vt 0.171053 0.026316
vt 0.171053 0.052632
vt 0.184211 0.052632
vt 0.184211 0.052632
vt 0.184211 0.078947
vt 0.184211 0.052632
vt 0.184211 0.052632
vt 0.184211 0.078947
vt 0.210526 0.078947
vt 0.210526 0.078947
vt 0.210526 0.105263
vt 0.210526 0.078947
vt 0.210526 0.078947
vt 0.210526 0.105263
vt 0.210526 0.131579
vt 0.210526 0.131579
vt 0.210526 0.157895
vt 0.210526 0.157895
vt 0.210526 0.184211
vt 0.210526 0.184211
vt 0.210526 0.210526
vt 0.210526 0.210526
vt 0.210526 0.210526
vt 0.210526 0.210526
vt 0.184211 0.236842
vt 0.184211 0.210526
vt 0.184211 0.210526
vt 0.184211 0.236842
vt 0.184211 0.263158
vt 0.184211 0.263158
vt 0.184211 0.289474
vt 0.184211 0.289474
vt 0.197368 0.315789
vt 0.197368 0.289474
vt 0.197368 0.289474
vt 0.197368 0.315789
vt 0.197368 0.342105
vt 0.197368 0.342105
vt 0.219636 0.342105
vt 0.219636 0.342105
vt 0.219636 0.368421
vt 0.219636 0.342105
vt 0.219636 0.342105
vt 0.219636 0.368421
vt 0.240431 0.394737
vt 0.240431 0.394737
vt 0.240431 0.368421
vt 0.240431 0.368421
vt 0.240431 0.394737
vt 0.240431 0.394737
vt 0.240431 0.394737
vt 0.240431 0.394737
vt 0.240431 0.394737
vt 0.240431 0.394737
vt 0.240431 0.394737
vt 0.240431 0.394737
vt 0.240431 0.394737
vt 0.240431 0.394737
vt 0.240431 0.368421
vt 0.240431 0.368421
vt 0.131579 0.421053
vt 0.131579 0.421053
vt 0.131579 0.394737
vt 0.131579 0.421053
vt 0.131579 0.421053
vt 0.131579 0.394737
vt 0.105263 0.421053
vt 0.105263 0.447368
vt 0.105263 0.447368
vt 0.105263 0.421053
vt 0.105263 0.421053
vt 0.105263 0.447368
vt 0.105263 0.421053
vt 0.105263 0.447368
vt 0.105263 0.473684
vt 0.105263 0.473684
vt 0.105263 0.473684
vt 0.105263 0.473684
vt 0.092105 0.473684
vt 0.092105 0.500000
vt 0.092105 0.500000
vt 0.092105 0.473684
vt 0.092105 0.473684
vt 0.092105 0.500000
vt 0.092105 0.473684
vt 0.092105 0.500000
vt 0.078947 0.500000
vt 0.078947 0.526316
vt 0.078947 0.526316
vt 0.078947 0.500000
vt 0.078947 0.500000
vt 0.078947 0.526316
vt 0.078947 0.500000
vt 0.078947 0.526316
vt 0.078947 0.552632
vt 0.078947 0.552632
vt 0.078947 0.552632
vt 0.078947 0.552632
vt 0.114662 0.552632
vt 0.114662 0.552632
vt 0.114662 0.578947
vt 0.114662 0.552632
vt 0.114662 0.552632
vt 0.114662 0.578947
vt 0.122807 0.578947
vt 0.122807 0.605263
vt 0.122807 0.605263
vt 0.122807 0.605263
vt 0.122807 0.578947
vt 0.122807 0.578947
vt 0.122807 0.605263
vt 0.122807 0.605263
vt 0.122807 0.605263
vt 0.122807 0.605263
vt 0.122807 0.605263
vt 0.122807 0.578947
vt 0.122807 0.605263
vt 0.122807 0.605263
vt 0.122807 0.578947
vt 0.122807 0.578947
vt 0.052632 0.605263
vt 0.052632 0.631579
vt 0.052632 0.631579
vt 0.052632 0.605263
vt 0.052632 0.631579
vt 0.052632 0.605263
vt 0.052632 0.631579
vt 0.052632 0.631579
vt 0.052632 0.605263
vt 0.052632 0.631579
vt 0.039474 0.631579
vt 0.039474 0.657895
vt 0.039474 0.657895
vt 0.039474 0.631579
vt 0.039474 0.657895
vt 0.039474 0.631579
vt 0.039474 0.684211
vt 0.039474 0.684211
vt 0.039474 0.684211
vt 0.039474 0.684211
vt 0.092105 0.736842
vt 0.092105 0.763158
vt 0.092105 0.763158
vt 0.092105 0.736842
vt 0.092105 0.763158
vt 0.092105 0.736842
vt 0.092105 0.763158
vt 0.092105 0.736842
vt 0.092105 0.763158
vt 0.092105 0.736842
vt 0.092105 0.763158
vt 0.092105 0.736842
vt 0.131579 0.000000
vt 0.131579 0.000000
vt 0.131579 0.026316
vt 0.131579 0.000000
vt 0.131579 0.000000
vt 0.131579 0.000000
vt 0.131579 0.000000
vt 0.131579 0.000000
vt 0.131579 0.000000
vt 0.131579 0.000000
vt 0.131579 0.000000
vt 0.131579 0.000000
vt 0.131579 0.026316
vt 0.171053 0.026316
vt 0.171053 0.026316
vt 0.171053 0.052632
vt 0.171053 0.026316
vt 0.171053 0.026316
vt 0.171053 0.052632
vt 0.184211 0.052632
vt 0.184211 0.052632
vt 0.184211 0.078947
vt 0.184211 0.052632
vt 0.184211 0.052632
vt 0.184211 0.078947
vt 0.210526 0.078947
vt 0.210526 0.078947
vt 0.210526 0.105263
vt 0.210526 0.078947
vt 0.210526 0.078947
vt 0.210526 0.105263
vt 0.210526 0.131579
vt 0.210526 0.131579
vt 0.210526 0.157895
vt 0.210526 0.157895
vt 0.210526 0.184211
vt 0.210526 0.184211
vt 0.210526 0.210526
vt 0.210526 0.210526
vt 0.210526 0.210526
vt 0.210526 0.210526
vt 0.184211 0.236842
vt 0.184211 0.210526
vt 0.184211 0.210526
vt 0.184211 0.236842
vt 0.184211 0.263158
vt 0.184211 0.263158
vt 0.184211 0.289474
vt 0.184211 0.289474
vt 0.197368 0.289474
vt 0.197368 0.315789
vt 0.197368 0.315789
vt 0.197368 0.289474
vt 0.197368 0.289474
vt 0.197368 0.315789
vt 0.197368 0.289474
vt 0.197368 0.315789
vt 0.197368 0.315789
vt 0.197368 0.289474
vt 0.197368 0.289474
vt 0.197368 0.315789
vt 0.197368 0.342105
vt 0.197368 0.342105
vt 0.197368 0.342105
vt 0.197368 0.342105
vt 0.197368 0.342105
vt 0.197368 0.342105
vt 0.219636 0.368421
vt 0.219636 0.342105
vt 0.219636 0.342105
vt 0.219636 0.368421
vt 0.240431 0.394737
vt 0.240431 0.394737
vt 0.240431 0.368421
vt 0.240431 0.368421
vt 0.240431 0.394737
vt 0.240431 0.394737
vt 0.240431 0.394737
vt 0.240431 0.394737
vt 0.240431 0.394737
vt 0.240431 0.394737
vt 0.240431 0.394737
vt 0.240431 0.394737
vt 0.240431 0.368421
vt 0.240431 0.368421
vt 0.131579 0.394737
vt 0.131579 0.421053
vt 0.131579 0.421053
vt 0.131579 0.421053
vt 0.131579 0.394737
vt 0.131579 0.394737
vt 0.131579 0.421053
vt 0.131579 0.421053
vt 0.131579 0.421053
vt 0.131579 0.394737
vt 0.105263 0.421053
vt 0.105263 0.447368
vt 0.105263 0.447368
vt 0.105263 0.421053
vt 0.105263 0.421053
vt 0.105263 0.447368
vt 0.105263 0.421053
vt 0.105263 0.447368
vt 0.105263 0.473684
vt 0.105263 0.473684
vt 0.105263 0.473684
vt 0.105263 0.473684
vt 0.105263 0.473684
vt 0.105263 0.473684
vt 0.092105 0.500000
vt 0.092105 0.473684
vt 0.092105 0.473684
vt 0.092105 0.500000
vt 0.078947 0.526316
vt 0.078947 0.500000
vt 0.078947 0.500000
vt 0.078947 0.526316
vt 0.078947 0.552632
vt 0.078947 0.552632
vt 0.114662 0.552632
vt 0.114662 0.552632
vt 0.114662 0.578947
vt 0.114662 0.552632
vt 0.114662 0.552632
vt 0.114662 0.578947
vt 0.122807 0.605263
vt 0.122807 0.605263
vt 0.122807 0.578947
vt 0.122807 0.578947
vt 0.122807 0.605263
vt 0.122807 0.605263
vt 0.122807 0.605263
vt 0.122807 0.605263
vt 0.122807 0.605263
vt 0.122807 0.605263
vt 0.122807 0.605263
vt 0.122807 0.605263
vt 0.122807 0.605263
vt 0.122807 0.605263
vt 0.122807 0.578947
vt 0.122807 0.578947
vt 0.052632 0.605263
vt 0.052632 0.631579
vt 0.052632 0.631579
vt 0.052632 0.605263
vt 0.052632 0.631579
vt 0.052632 0.631579
vt 0.052632 0.605263
vt 0.131579 0.000000
vt 0.131579 0.000000
vt 0.131579 0.026316
vt 0.131579 0.000000
vt 0.131579 0.000000
vt 0.131579 0.000000
vt 0.131579 0.000000
vt 0.131579 0.000000
vt 0.131579 0.000000
vt 0.131579 0.000000
vt 0.131579 0.000000
vt 0.131579 0.000000
vt 0.131579 0.026316
vt 0.171053 0.026316
vt 0.171053 0.052632
vt 0.171053 0.052632
vt 0.171053 0.026316
vt 0.171053 0.026316
vt 0.171053 0.052632
vt 0.171053 0.026316
vt 0.171053 0.026316
vt 0.171053 0.026316
vt 0.171053 0.052632
vt 0.171053 0.052632
vt 0.171053 0.026316
vt 0.171053 0.026316
vt 0.171053 0.052632
vt 0.184211 0.078947
vt 0.184211 0.052632
vt 0.184211 0.052632
vt 0.184211 0.078947
vt 0.210526 0.078947
vt 0.210526 0.078947
vt 0.210526 0.105263
vt 0.210526 0.078947
vt 0.210526 0.078947
vt 0.210526 0.105263
vt 0.210526 0.131579
vt 0.210526 0.131579
vt 0.210526 0.157895
vt 0.210526 0.157895
vt 0.210526 0.184211
vt 0.210526 0.184211
vt 0.210526 0.210526
vt 0.210526 0.210526
vt 0.210526 0.210526
vt 0.210526 0.210526
vt 0.184211 0.236842
vt 0.184211 0.210526
vt 0.184211 0.210526
vt 0.184211 0.236842
vt 0.184211 0.263158
vt 0.184211 0.263158
vt 0.184211 0.289474
vt 0.184211 0.289474
vt 0.197368 0.315789
vt 0.197368 0.289474
vt 0.197368 0.289474
vt 0.197368 0.315789
vt 0.197368 0.342105
vt 0.197368 0.342105
vt 0.219636 0.342105
vt 0.219636 0.342105
vt 0.219636 0.342105
vt 0.219636 0.368421
vt 0.219636 0.342105
vt 0.219636 0.342105
vt 0.219636 0.342105
vt 0.219636 0.368421
vt 0.240431 0.394737
vt 0.240431 0.394737
vt 0.240431 0.368421
vt 0.240431 0.368421
vt 0.240431 0.394737
vt 0.240431 0.394737
vt 0.240431 0.394737
vt 0.240431 0.394737
vt 0.240431 0.394737
vt 0.240431 0.394737
vt 0.240431 0.394737
vt 0.240431 0.394737
vt 0.240431 0.368421
vt 0.240431 0.368421
vt 0.131579 0.421053
vt 0.131579 0.421053
vt 0.131579 0.394737
vt 0.131579 0.421053
vt 0.131579 0.421053
vt 0.131579 0.394737
vt 0.105263 0.447368
vt 0.105263 0.421053
vt 0.105263 0.421053
vt 0.105263 0.447368
vt 0.105263 0.473684
vt 0.105263 0.473684
vt 0.092105 0.473684
vt 0.092105 0.500000
vt 0.092105 0.500000
vt 0.092105 0.473684
vt 0.092105 0.473684
vt 0.092105 0.500000
vt 0.092105 0.473684
vt 0.092105 0.500000
vt 0.092105 0.500000
vt 0.092105 0.473684
vt 0.092105 0.473684
vt 0.092105 0.500000
vt 0.078947 0.526316
vt 0.078947 0.500000
vt 0.078947 0.500000
vt 0.078947 0.526316
vt 0.078947 0.552632
vt 0.078947 0.552632
vt 0.114662 0.552632
vt 0.114662 0.552632
vt 0.114662 0.578947
vt 0.114662 0.552632
vt 0.114662 0.552632
vt 0.114662 0.578947
vt 0.122807 0.578947
vt 0.122807 0.605263
vt 0.122807 0.605263
vt 0.122807 0.578947
vt 0.122807 0.605263
vt 0.122807 0.605263
vt 0.122807 0.605263
vt 0.122807 0.605263
vt 0.122807 0.605263
vt 0.122807 0.605263
vt 0.122807 0.605263
vt 0.122807 0.605263
vt 0.122807 0.605263
vt 0.122807 0.578947
vt 0.122807 0.605263
vt 0.122807 0.578947
vt 0.131579 0.000000
vt 0.131579 0.026316
vt 0.131579 0.026316
vt 0.131579 0.000000
vt 0.131579 0.000000
vt 0.131579 0.000000
vt 0.131579 0.000000
vt 0.131579 0.000000
vt 0.131579 0.000000
vt 0.131579 0.000000
vt 0.131579 0.000000
vt 0.131579 0.000000
vt 0.131579 0.026316
vt 0.131579 0.026316
vt 0.131579 0.000000
vt 0.171053 0.026316
vt 0.171053 0.026316
vt 0.171053 0.052632
vt 0.171053 0.026316
vt 0.171053 0.026316
vt 0.171053 0.052632
vt 0.184211 0.052632
vt 0.184211 0.052632
vt 0.184211 0.052632
vt 0.184211 0.078947
vt 0.184211 0.052632
vt 0.184211 0.052632
vt 0.184211 0.052632
vt 0.184211 0.078947
vt 0.210526 0.078947
vt 0.210526 0.078947
vt 0.210526 0.105263
vt 0.210526 0.078947
vt 0.210526 0.078947
vt 0.210526 0.105263
vt 0.210526 0.131579
vt 0.210526 0.131579
vt 0.210526 0.157895
vt 0.210526 0.157895
vt 0.210526 0.184211
vt 0.210526 0.184211
vt 0.210526 0.210526
vt 0.210526 0.210526
vt 0.210526 0.210526
vt 0.210526 0.210526
vt 0.184211 0.236842
vt 0.184211 0.210526
vt 0.184211 0.210526
vt 0.184211 0.236842
vt 0.184211 0.263158
vt 0.184211 0.263158
vt 0.184211 0.289474
vt 0.184211 0.289474
vt 0.197368 0.315789
vt 0.197368 0.289474
vt 0.197368 0.289474
vt 0.197368 0.315789
vt 0.197368 0.342105
vt 0.197368 0.342105
vt 0.219636 0.342105
vt 0.219636 0.342105
vt 0.219636 0.368421
vt 0.219636 0.342105
vt 0.219636 0.342105
vt 0.219636 0.368421
vt 0.240431 0.394737
vt 0.240431 0.394737
vt 0.240431 0.368421
vt 0.240431 0.368421
vt 0.240431 0.394737
vt 0.240431 0.394737
vt 0.240431 0.394737
vt 0.240431 0.394737
vt 0.240431 0.394737
vt 0.240431 0.394737
vt 0.240431 0.394737
vt 0.240431 0.394737
vt 0.240431 0.368421
vt 0.240431 0.368421
vt 0.131579 0.421053
vt 0.131579 0.421053
vt 0.131579 0.394737
vt 0.131579 0.421053
vt 0.131579 0.421053
vt 0.131579 0.394737
vt 0.105263 0.447368
vt 0.105263 0.421053
vt 0.105263 0.421053
vt 0.105263 0.447368
vt 0.105263 0.473684
vt 0.105263 0.473684
vt 0.105263 0.473684
vt 0.105263 0.473684
vt 0.105263 0.473684
vt 0.105263 0.473684
vt 0.092105 0.500000
vt 0.092105 0.473684
vt 0.092105 0.473684
vt 0.092105 0.500000
vt 0.078947 0.500000
vt 0.078947 0.526316
vt 0.078947 0.526316
vt 0.078947 0.500000
vt 0.078947 0.500000
vt 0.078947 0.526316
vt 0.078947 0.526316
vt 0.078947 0.500000
vt 0.078947 0.552632
vt 0.078947 0.552632
vt 0.078947 0.552632
vt 0.078947 0.552632
vt 0.114662 0.552632
vt 0.114662 0.578947
vt 0.114662 0.578947
vt 0.114662 0.552632
vt 0.114662 0.552632
vt 0.114662 0.578947
vt 0.114662 0.578947
vt 0.114662 0.552632
vt 0.122807 0.578947
vt 0.122807 0.605263
vt 0.122807 0.605263
vt 0.122807 0.578947
vt 0.122807 0.605263
vt 0.122807 0.605263
vt 0.122807 0.605263
vt 0.122807 0.605263
vt 0.122807 0.605263
vt 0.122807 0.605263
vt 0.122807 0.578947
vt 0.122807 0.605263
vt 0.122807 0.578947
vt 0.131579 0.000000
vt 0.131579 0.000000
vt 0.131579 0.026316
vt 0.131579 0.000000
vt 0.131579 0.000000
vt 0.131579 0.000000
vt 0.131579 0.000000
vt 0.131579 0.000000
vt 0.131579 0.000000
vt 0.131579 0.000000
vt 0.131579 0.026316
vt 0.171053 0.026316
vt 0.171053 0.026316
vt 0.171053 0.052632
vt 0.171053 0.026316
vt 0.171053 0.026316
vt 0.171053 0.026316
vt 0.171053 0.026316
vt 0.171053 0.026316
vt 0.171053 0.026316
vt 0.171053 0.052632
vt 0.184211 0.052632
vt 0.184211 0.078947
vt 0.184211 0.078947
vt 0.184211 0.052632
vt 0.184211 0.052632
vt 0.184211 0.078947
vt 0.184211 0.078947
vt 0.184211 0.052632
vt 0.210526 0.078947
vt 0.210526 0.105263
vt 0.210526 0.105263
vt 0.210526 0.078947
vt 0.210526 0.078947
vt 0.210526 0.105263
vt 0.210526 0.105263
vt 0.210526 0.078947
vt 0.210526 0.131579
vt 0.210526 0.131579
vt 0.210526 0.131579
vt 0.210526 0.131579
vt 0.210526 0.157895
vt 0.210526 0.157895
vt 0.210526 0.157895
vt 0.210526 0.157895
vt 0.210526 0.184211
vt 0.210526 0.184211
vt 0.210526 0.184211
vt 0.210526 0.184211
vt 0.210526 0.210526
vt 0.210526 0.210526
vt 0.210526 0.210526
vt 0.210526 0.210526
vt 0.184211 0.210526
vt 0.184211 0.236842
vt 0.184211 0.236842
vt 0.184211 0.210526
vt 0.184211 0.210526
vt 0.184211 0.236842
vt 0.184211 0.236842
vt 0.184211 0.210526
vt 0.184211 0.263158
vt 0.184211 0.263158
vt 0.184211 0.263158
vt 0.184211 0.263158
vt 0.184211 0.289474
vt 0.184211 0.289474
vt 0.184211 0.289474
vt 0.184211 0.289474
vt 0.197368 0.289474
vt 0.197368 0.315789
vt 0.197368 0.315789
vt 0.197368 0.289474
vt 0.197368 0.289474
vt 0.197368 0.315789
vt 0.197368 0.315789
vt 0.197368 0.289474
vt 0.197368 0.342105
vt 0.197368 0.342105
vt 0.197368 0.342105
vt 0.197368 0.342105
vt 0.219636 0.342105
vt 0.219636 0.342105
vt 0.219636 0.368421
vt 0.219636 0.342105
vt 0.219636 0.342105
vt 0.219636 0.368421
vt 0.240431 0.368421
vt 0.240431 0.394737
vt 0.240431 0.394737
vt 0.240431 0.368421
vt 0.240431 0.394737
vt 0.240431 0.394737
vt 0.240431 0.394737
vt 0.240431 0.394737
vt 0.240431 0.394737
vt 0.240431 0.394737
vt 0.240431 0.394737
vt 0.240431 0.368421
vt 0.240431 0.394737
vt 0.240431 0.368421
vt 0.131579 0.394737
vt 0.131579 0.421053
vt 0.131579 0.421053
vt 0.131579 0.394737
vt 0.131579 0.394737
vt 0.131579 0.421053
vt 0.131579 0.421053
vt 0.131579 0.394737
vt 0.105263 0.421053
vt 0.105263 0.447368
vt 0.105263 0.447368
vt 0.105263 0.421053
vt 0.105263 0.421053
vt 0.105263 0.447368
vt 0.105263 0.447368
vt 0.105263 0.421053
vt 0.105263 0.473684
vt 0.105263 0.473684
vt 0.105263 0.473684
vt 0.105263 0.473684
vt 0.092105 0.473684
vt 0.092105 0.500000
vt 0.092105 0.500000
vt 0.092105 0.473684
vt 0.092105 0.500000
vt 0.092105 0.473684
vt 0.092105 0.500000
vt 0.092105 0.500000
vt 0.092105 0.473684
vt 0.092105 0.500000
vt 0.078947 0.500000
vt 0.078947 0.526316
vt 0.078947 0.526316
vt 0.078947 0.500000
vt 0.078947 0.526316
vt 0.078947 0.500000
vt 0.078947 0.526316
vt 0.078947 0.500000
vt 0.078947 0.526316
vt 0.078947 0.500000
vt 0.078947 0.552632
vt 0.078947 0.552632
vt 0.078947 0.552632
vt 0.078947 0.552632
vt 0.078947 0.552632
vt 0.114662 0.552632
vt 0.114662 0.578947
vt 0.114662 0.578947
vt 0.114662 0.552632
vt 0.114662 0.552632
vt 0.114662 0.552632
vt 0.114662 0.578947
vt 0.114662 0.578947
vt 0.114662 0.552632
vt 0.114662 0.552632
vt 0.122807 0.578947
vt 0.122807 0.605263
vt 0.122807 0.605263
vt 0.122807 0.578947
vt 0.122807 0.605263
vt 0.122807 0.605263
vt 0.122807 0.605263
vt 0.122807 0.605263
vt 0.122807 0.578947
vt 0.122807 0.605263
vt 0.122807 0.578947
vt 0.131579 0.000000
vt 0.131579 0.026316
vt 0.131579 0.026316
vt 0.131579 0.000000
vt 0.131579 0.026316
vt 0.131579 0.000000
vt 0.131579 0.000000
vt 0.131579 0.000000
vt 0.131579 0.000000
vt 0.131579 0.000000
vt 0.131579 0.026316
vt 0.131579 0.026316
vt 0.131579 0.000000
vt 0.131579 0.026316
vt 0.131579 0.000000
vt 0.171053 0.026316
vt 0.171053 0.052632
vt 0.171053 0.052632
vt 0.171053 0.026316
vt 0.171053 0.026316
vt 0.171053 0.026316
vt 0.171053 0.026316
vt 0.171053 0.052632
vt 0.171053 0.052632
vt 0.171053 0.026316
vt 0.184211 0.052632
vt 0.184211 0.078947
vt 0.184211 0.078947
vt 0.184211 0.052632
vt 0.184211 0.052632
vt 0.184211 0.078947
vt 0.184211 0.078947
vt 0.184211 0.052632
vt 0.210526 0.078947
vt 0.210526 0.078947
vt 0.210526 0.078947
vt 0.210526 0.105263
vt 0.210526 0.078947
vt 0.210526 0.078947
vt 0.210526 0.078947
vt 0.210526 0.105263
vt 0.210526 0.131579
vt 0.210526 0.131579
vt 0.210526 0.157895
vt 0.210526 0.157895
vt 0.210526 0.184211
vt 0.210526 0.184211
vt 0.210526 0.210526
vt 0.210526 0.210526
vt 0.210526 0.210526
vt 0.210526 0.210526
vt 0.210526 0.210526
vt 0.210526 0.210526
vt 0.184211 0.210526
vt 0.184211 0.236842
vt 0.184211 0.236842
vt 0.184211 0.210526
vt 0.184211 0.210526
vt 0.184211 0.236842
vt 0.184211 0.236842
vt 0.184211 0.210526
vt 0.184211 0.263158
vt 0.184211 0.263158
vt 0.184211 0.263158
vt 0.184211 0.263158
vt 0.184211 0.289474
vt 0.184211 0.289474
vt 0.184211 0.289474
vt 0.184211 0.289474
vt 0.197368 0.315789
vt 0.197368 0.289474
vt 0.197368 0.289474
vt 0.197368 0.315789
vt 0.197368 0.342105
vt 0.197368 0.342105
vt 0.219636 0.342105
vt 0.219636 0.368421
vt 0.219636 0.368421
vt 0.219636 0.342105
vt 0.219636 0.342105
vt 0.219636 0.342105
vt 0.219636 0.342105
vt 0.219636 0.342105
vt 0.219636 0.342105
vt 0.219636 0.368421
vt 0.219636 0.368421
vt 0.219636 0.342105
vt 0.240431 0.394737
vt 0.240431 0.394737
vt 0.240431 0.368421
vt 0.240431 0.394737
vt 0.240431 0.394737
vt 0.240431 0.394737
vt 0.240431 0.394737
vt 0.240431 0.394737
vt 0.240431 0.394737
vt 0.240431 0.394737
vt 0.240431 0.394737
vt 0.240431 0.394737
vt 0.240431 0.394737
vt 0.240431 0.368421
vt 0.131579 0.421053
vt 0.131579 0.421053
vt 0.131579 0.421053
vt 0.131579 0.394737
vt 0.131579 0.421053
vt 0.131579 0.421053
vt 0.131579 0.421053
vt 0.131579 0.394737
vt 0.105263 0.421053
vt 0.105263 0.447368
vt 0.105263 0.447368
vt 0.105263 0.421053
vt 0.105263 0.421053
vt 0.105263 0.447368
vt 0.105263 0.447368
vt 0.105263 0.421053
vt 0.105263 0.473684
vt 0.105263 0.473684
vt 0.105263 0.473684
vt 0.105263 0.473684
vt 0.105263 0.473684
vt 0.105263 0.473684
vt 0.092105 0.473684
vt 0.092105 0.500000
vt 0.092105 0.500000
vt 0.092105 0.473684
vt 0.092105 0.500000
vt 0.092105 0.500000
vt 0.092105 0.473684
vt 0.092105 0.500000
vt 0.092105 0.500000
vt 0.092105 0.473684
vt 0.092105 0.500000
vt 0.092105 0.500000
vt 0.092105 0.473684
vt 0.114662 0.552632
vt 0.114662 0.578947
vt 0.114662 0.578947
vt 0.114662 0.552632
vt 0.114662 0.552632
vt 0.114662 0.578947
vt 0.114662 0.552632
vt 0.114662 0.552632
vt 0.114662 0.578947
vt 0.114662 0.552632
vt 0.114662 0.552632
vt 0.114662 0.578947
vt 0.114662 0.552632
vt 0.122807 0.578947
vt 0.122807 0.605263
vt 0.122807 0.605263
vt 0.122807 0.578947
vt 0.122807 0.605263
vt 0.122807 0.578947
vt 0.122807 0.605263
vt 0.122807 0.578947
vt 0.122807 0.605263
vt 0.122807 0.578947
vt 0.131579 0.000000
vt 0.131579 0.026316
vt 0.131579 0.026316
vt 0.131579 0.000000
vt 0.131579 0.026316
vt 0.131579 0.000000
vt 0.131579 0.026316
vt 0.131579 0.000000
vt 0.131579 0.026316
vt 0.131579 0.000000
vt 0.171053 0.026316
vt 0.171053 0.052632
vt 0.171053 0.052632
vt 0.171053 0.026316
vt 0.171053 0.026316
vt 0.171053 0.026316
vt 0.171053 0.026316
vt 0.171053 0.026316
vt 0.171053 0.026316
vt 0.171053 0.026316
vt 0.171053 0.026316
vt 0.171053 0.026316
vt 0.171053 0.026316
vt 0.171053 0.052632
vt 0.171053 0.052632
vt 0.171053 0.026316
vt 0.184211 0.052632
vt 0.184211 0.078947
vt 0.184211 0.078947
vt 0.184211 0.052632
vt 0.184211 0.052632
vt 0.184211 0.078947
vt 0.184211 0.078947
vt 0.184211 0.052632
vt 0.210526 0.078947
vt 0.210526 0.105263
vt 0.210526 0.105263
vt 0.210526 0.078947
vt 0.210526 0.078947
vt 0.210526 0.078947
vt 0.210526 0.078947
vt 0.210526 0.078947
vt 0.210526 0.078947
vt 0.210526 0.105263
vt 0.210526 0.105263
vt 0.210526 0.078947
vt 0.210526 0.131579
vt 0.210526 0.131579
vt 0.210526 0.131579
vt 0.210526 0.131579
vt 0.210526 0.157895
vt 0.210526 0.157895
vt 0.210526 0.157895
vt 0.210526 0.157895
vt 0.210526 0.184211
vt 0.210526 0.184211
vt 0.210526 0.184211
vt 0.210526 0.184211
vt 0.210526 0.210526
vt 0.210526 0.210526
vt 0.210526 0.210526
vt 0.210526 0.210526
vt 0.210526 0.210526
vt 0.210526 0.210526
vt 0.210526 0.210526
vt 0.210526 0.210526
vt 0.184211 0.210526
vt 0.184211 0.236842
vt 0.184211 0.236842
vt 0.184211 0.210526
vt 0.184211 0.210526
vt 0.184211 0.236842
vt 0.184211 0.236842
vt 0.184211 0.210526
vt 0.184211 0.263158
vt 0.184211 0.263158
vt 0.184211 0.263158
vt 0.184211 0.263158
vt 0.184211 0.289474
vt 0.184211 0.289474
vt 0.184211 0.289474
vt 0.184211 0.289474
vt 0.197368 0.289474
vt 0.197368 0.315789
vt 0.197368 0.315789
vt 0.197368 0.289474
vt 0.197368 0.289474
vt 0.197368 0.289474
vt 0.197368 0.315789
vt 0.197368 0.315789
vt 0.197368 0.289474
vt 0.197368 0.289474
vt 0.197368 0.342105
vt 0.197368 0.342105
vt 0.197368 0.342105
vt 0.197368 0.342105
vt 0.219636 0.342105
vt 0.219636 0.342105
vt 0.219636 0.368421
vt 0.219636 0.342105
vt 0.219636 0.342105
vt 0.219636 0.368421
vt 0.240431 0.368421
vt 0.240431 0.394737
vt 0.240431 0.394737
vt 0.240431 0.368421
vt 0.240431 0.368421
vt 0.240431 0.394737
vt 0.240431 0.394737
vt 0.240431 0.394737
vt 0.240431 0.394737
vt 0.240431 0.394737
vt 0.240431 0.394737
vt 0.240431 0.394737
vt 0.240431 0.368421
vt 0.240431 0.394737
vt 0.240431 0.368421
vt 0.240431 0.368421
vt 0.131579 0.394737
vt 0.131579 0.421053
vt 0.131579 0.421053
vt 0.131579 0.394737
vt 0.131579 0.421053
vt 0.131579 0.394737
vt 0.131579 0.421053
vt 0.131579 0.394737
vt 0.131579 0.421053
vt 0.131579 0.421053
vt 0.131579 0.394737
vt 0.131579 0.421053
vt 0.131579 0.421053
vt 0.131579 0.394737
vt 0.105263 0.421053
vt 0.105263 0.447368
vt 0.105263 0.447368
vt 0.105263 0.421053
vt 0.105263 0.447368
vt 0.105263 0.421053
vt 0.105263 0.447368
vt 0.105263 0.421053
vt 0.105263 0.447368
vt 0.105263 0.421053
vt 0.105263 0.473684
vt 0.105263 0.473684
vt 0.105263 0.473684
vt 0.105263 0.473684
vt 0.105263 0.473684
vt 0.105263 0.473684
vt 0.105263 0.473684
vt 0.105263 0.473684
vt 0.171053 0.026316
vt 0.171053 0.052632
vt 0.171053 0.052632
vt 0.171053 0.026316
vt 0.171053 0.026316
vt 0.171053 0.026316
vt 0.171053 0.026316
vt 0.171053 0.026316
vt 0.171053 0.026316
vt 0.171053 0.026316
vt 0.171053 0.026316
vt 0.171053 0.026316
vt 0.171053 0.026316
vt 0.171053 0.052632
vt 0.171053 0.052632
vt 0.171053 0.026316
vt 0.184211 0.052632
vt 0.184211 0.078947
vt 0.184211 0.078947
vt 0.184211 0.052632
vt 0.184211 0.052632
vt 0.184211 0.078947
vt 0.184211 0.078947
vt 0.184211 0.052632
vt 0.210526 0.078947
vt 0.210526 0.105263
vt 0.210526 0.105263
vt 0.210526 0.078947
vt 0.210526 0.078947
vt 0.210526 0.078947
vt 0.210526 0.078947
vt 0.210526 0.078947
vt 0.210526 0.078947
vt 0.210526 0.105263
vt 0.210526 0.105263
vt 0.210526 0.078947
vt 0.210526 0.131579
vt 0.210526 0.131579
vt 0.210526 0.131579
vt 0.210526 0.131579
vt 0.210526 0.157895
vt 0.210526 0.157895
vt 0.210526 0.157895
vt 0.210526 0.157895
vt 0.210526 0.184211
vt 0.210526 0.184211
vt 0.210526 0.184211
vt 0.210526 0.184211
vt 0.210526 0.210526
vt 0.210526 0.210526
vt 0.210526 0.210526
vt 0.210526 0.210526
vt 0.210526 0.210526
vt 0.210526 0.210526
vt 0.210526 0.210526
vt 0.210526 0.210526
vt 0.184211 0.210526
vt 0.184211 0.236842
vt 0.184211 0.236842
vt 0.184211 0.210526
vt 0.184211 0.210526
vt 0.184211 0.236842
vt 0.184211 0.236842
vt 0.184211 0.210526
vt 0.184211 0.263158
vt 0.184211 0.263158
vt 0.184211 0.263158
vt 0.184211 0.263158
vt 0.184211 0.289474
vt 0.184211 0.289474
vt 0.184211 0.289474
vt 0.184211 0.289474
vt 0.197368 0.289474
vt 0.197368 0.315789
vt 0.197368 0.315789
vt 0.197368 0.289474
vt 0.197368 0.289474
vt 0.197368 0.315789
vt 0.197368 0.289474
vt 0.197368 0.289474
vt 0.197368 0.315789
vt 0.197368 0.315789
vt 0.197368 0.289474
vt 0.197368 0.315789
vt 0.197368 0.289474
vt 0.197368 0.289474
vt 0.197368 0.342105
vt 0.197368 0.342105
vt 0.197368 0.342105
vt 0.197368 0.342105
vt 0.197368 0.342105
vt 0.197368 0.342105
vt 0.219636 0.342105
vt 0.219636 0.368421
vt 0.219636 0.368421
vt 0.219636 0.342105
vt 0.219636 0.342105
vt 0.219636 0.342105
vt 0.219636 0.342105
vt 0.219636 0.342105
vt 0.219636 0.342105
vt 0.219636 0.368421
vt 0.219636 0.368421
vt 0.219636 0.342105
vt 0.240431 0.394737
vt 0.240431 0.394737
vt 0.240431 0.368421
vt 0.240431 0.394737
vt 0.240431 0.394737
vt 0.240431 0.394737
vt 0.240431 0.394737
vt 0.240431 0.394737
vt 0.240431 0.394737
vt 0.240431 0.394737
vt 0.240431 0.394737
vt 0.240431 0.394737
vt 0.240431 0.394737
vt 0.240431 0.394737
vt 0.240431 0.394737
vt 0.240431 0.394737
vt 0.240431 0.394737
vt 0.240431 0.368421
vt 0.131579 0.394737
vt 0.131579 0.421053
vt 0.131579 0.421053
vt 0.131579 0.394737
vt 0.131579 0.421053
vt 0.131579 0.421053
vt 0.131579 0.394737
vt 0.131579 0.421053
vt 0.131579 0.421053
vt 0.131579 0.394737
vt 0.131579 0.421053
vt 0.131579 0.421053
vt 0.131579 0.394737
vt 0.171053 0.026316
vt 0.171053 0.052632
vt 0.171053 0.052632
vt 0.171053 0.026316
vt 0.171053 0.052632
vt 0.171053 0.026316
vt 0.171053 0.052632
vt 0.171053 0.026316
vt 0.171053 0.052632
vt 0.171053 0.026316
vt 0.171053 0.052632
vt 0.171053 0.026316
vt 0.171053 0.052632
vt 0.171053 0.026316
vt 0.184211 0.052632
vt 0.184211 0.078947
vt 0.184211 0.078947
vt 0.184211 0.052632
vt 0.184211 0.078947
vt 0.184211 0.052632
vt 0.184211 0.078947
vt 0.184211 0.052632
vt 0.184211 0.078947
vt 0.184211 0.052632
vt 0.184211 0.078947
vt 0.184211 0.052632
vt 0.184211 0.078947
vt 0.184211 0.052632
vt 0.210526 0.078947
vt 0.210526 0.105263
vt 0.210526 0.105263
vt 0.210526 0.078947
vt 0.210526 0.105263
vt 0.210526 0.078947
vt 0.210526 0.078947
vt 0.210526 0.078947
vt 0.210526 0.105263
vt 0.210526 0.105263
vt 0.210526 0.078947
vt 0.210526 0.078947
vt 0.210526 0.105263
vt 0.210526 0.078947
vt 0.210526 0.131579
vt 0.210526 0.131579
vt 0.210526 0.131579
vt 0.210526 0.131579
vt 0.210526 0.131579
vt 0.210526 0.131579
vt 0.210526 0.157895
vt 0.210526 0.157895
vt 0.210526 0.157895
vt 0.210526 0.157895
vt 0.210526 0.157895
vt 0.210526 0.157895
vt 0.210526 0.184211
vt 0.210526 0.184211
vt 0.210526 0.184211
vt 0.210526 0.184211
vt 0.210526 0.184211
vt 0.210526 0.184211
vt 0.210526 0.210526
vt 0.210526 0.210526
vt 0.210526 0.210526
vt 0.210526 0.210526
vt 0.210526 0.210526
vt 0.210526 0.210526
vt 0.210526 0.210526
vt 0.210526 0.210526
vt 0.184211 0.210526
vt 0.184211 0.236842
vt 0.184211 0.236842
vt 0.184211 0.210526
vt 0.184211 0.236842
vt 0.184211 0.210526
vt 0.184211 0.236842
vt 0.184211 0.210526
vt 0.184211 0.236842
vt 0.184211 0.210526
vt 0.184211 0.236842
vt 0.184211 0.210526
vt 0.184211 0.236842
vt 0.184211 0.210526
vt 0.184211 0.263158
vt 0.184211 0.263158
vt 0.184211 0.263158
vt 0.184211 0.263158
vt 0.184211 0.263158
vt 0.184211 0.263158
vt 0.184211 0.263158
vt 0.184211 0.289474
vt 0.184211 0.289474
vt 0.184211 0.289474
vt 0.184211 0.289474
vt 0.184211 0.289474
vt 0.184211 0.289474
vt 0.184211 0.289474
vt 0.197368 0.289474
vt 0.197368 0.315789
vt 0.197368 0.315789
vt 0.197368 0.289474
vt 0.197368 0.315789
vt 0.197368 0.289474
vt 0.197368 0.315789
vt 0.197368 0.289474
vt 0.197368 0.315789
vt 0.197368 0.289474
vt 0.197368 0.315789
vt 0.197368 0.289474
vt 0.197368 0.315789
vt 0.197368 0.289474
vt 0.197368 0.342105
vt 0.197368 0.342105
vt 0.197368 0.342105
vt 0.197368 0.342105
vt 0.197368 0.342105
vt 0.197368 0.342105
vt 0.197368 0.342105
vt 0.219636 0.342105
vt 0.219636 0.368421
vt 0.219636 0.368421
vt 0.219636 0.342105
vt 0.219636 0.368421
vt 0.219636 0.342105
vt 0.219636 0.342105
vt 0.219636 0.342105
vt 0.219636 0.342105
vt 0.219636 0.342105
vt 0.219636 0.342105
vt 0.219636 0.342105
vt 0.219636 0.342105
vt 0.219636 0.368421
vt 0.219636 0.368421
vt 0.219636 0.342105
vt 0.219636 0.368421
vt 0.219636 0.342105
vt 0.240431 0.368421
vt 0.240431 0.394737
vt 0.240431 0.394737
vt 0.240431 0.368421
vt 0.240431 0.368421
vt 0.240431 0.394737
vt 0.240431 0.368421
vt 0.240431 0.394737
vt 0.240431 0.394737
vt 0.240431 0.394737
vt 0.240431 0.394737
vt 0.240431 0.394737
vt 0.240431 0.394737
vt 0.240431 0.394737
vt 0.240431 0.394737
vt 0.240431 0.394737
vt 0.240431 0.394737
vt 0.240431 0.394737
vt 0.240431 0.394737
vt 0.240431 0.394737
vt 0.240431 0.368421
vt 0.240431 0.394737
vt 0.240431 0.368421
vt 0.240431 0.394737
vt 0.240431 0.368421
vt 0.240431 0.368421
vt 0.210526 0.078947
vt 0.210526 0.105263
vt 0.210526 0.105263
vt 0.210526 0.078947
vt 0.210526 0.078947
vt 0.210526 0.105263
vt 0.210526 0.078947
vt 0.210526 0.078947
vt 0.210526 0.105263
vt 0.210526 0.078947
vt 0.210526 0.078947
vt 0.210526 0.105263
vt 0.210526 0.078947
vt 0.210526 0.078947
vt 0.210526 0.105263
vt 0.210526 0.078947
vt 0.210526 0.078947
vt 0.210526 0.105263
vt 0.210526 0.078947
vt 0.210526 0.131579
vt 0.210526 0.131579
vt 0.210526 0.131579
vt 0.210526 0.131579
vt 0.210526 0.131579
vt 0.210526 0.131579
vt 0.210526 0.131579
vt 0.210526 0.157895
vt 0.210526 0.157895
vt 0.210526 0.157895
vt 0.210526 0.157895
vt 0.210526 0.157895
vt 0.210526 0.157895
vt 0.210526 0.157895
vt 0.210526 0.184211
vt 0.210526 0.184211
vt 0.210526 0.184211
vt 0.210526 0.184211
vt 0.210526 0.184211
vt 0.210526 0.184211
vt 0.210526 0.184211
vt 0.210526 0.210526
vt 0.210526 0.210526
vt 0.210526 0.210526
vt 0.210526 0.210526
vt 0.210526 0.210526
vt 0.210526 0.210526
vt 0.210526 0.210526
vt 0.210526 0.210526
vt 0.210526 0.210526
vt 0.210526 0.210526
vt 0.210526 0.210526
vt 0.210526 0.210526
vt 0.219636 0.342105
vt 0.219636 0.368421
vt 0.219636 0.368421
vt 0.219636 0.342105
vt 0.219636 0.368421
vt 0.219636 0.342105
vt 0.219636 0.342105
vt 0.219636 0.342105
vt 0.219636 0.342105
vt 0.219636 0.342105
vt 0.219636 0.342105
vt 0.219636 0.342105
vt 0.219636 0.342105
vt 0.219636 0.342105
vt 0.219636 0.342105
vt 0.219636 0.368421
vt 0.219636 0.368421
vt 0.219636 0.342105
vt 0.219636 0.368421
vt 0.219636 0.342105
vt 0.240431 0.368421
vt 0.240431 0.394737
vt 0.240431 0.394737
vt 0.240431 0.368421
vt 0.240431 0.368421
vt 0.240431 0.394737
vt 0.240431 0.394737
vt 0.240431 0.394737
vt 0.240431 0.394737
vt 0.240431 0.394737
vt 0.240431 0.394737
vt 0.240431 0.394737
vt 0.240431 0.394737
vt 0.240431 0.368421
vt 0.240431 0.394737
vt 0.240431 0.368421
vt 0.240431 0.368421
vt 0.219636 0.342105
vt 0.219636 0.368421
vt 0.219636 0.368421
vt 0.219636 0.342105
vt 0.219636 0.368421
vt 0.219636 0.342105
vt 0.219636 0.368421
vt 0.219636 0.342105
vt 0.219636 0.368421
vt 0.219636 0.342105
vt 0.240431 0.368421
vt 0.240431 0.394737
vt 0.240431 0.394737
vt 0.240431 0.368421
vt 0.240431 0.368421
vt 0.240431 0.394737
vt 0.240431 0.368421
vt 0.240431 0.368421
vt 0.240431 0.394737
vt 0.240431 0.368421
vt 0.240431 0.394737
vt 0.240431 0.368421
vt 0.240431 0.394737
vt 0.240431 0.368421
vt 0.240431 0.394737
vt 0.240431 0.368421
vt 0.240431 0.394737
vt 0.240431 0.368421
vt 0.240431 0.368421
vt 0.240431 0.368421
vt 0.240431 0.394737
vt 0.240431 0.368421
usemtl torchpart
f 1/1 2/2 3/3
f 1/1 3/3 4/4
f 4/4 3/3 5/5
f 4/4 5/5 6/6
f 1/1 7/7 8/8
f 1/1 8/8 2/2
f 1/1 4/4 6/6
f 1/1 6/6 7/7
f 2/2 9/9 10/10
f 2/2 10/10 3/3
f 3/3 10/10 11/11
f 3/3 11/11 5/5
f 2/2 8/8 12/12
f 2/2 12/12 9/9
f 9/9 13/13 14/14
f 9/9 14/14 10/10
f 10/10 14/14 15/15
f 10/10 15/15 11/11
f 9/9 12/12 16/16
f 9/9 16/16 13/13
f 13/13 17/17 18/18
f 13/13 18/18 14/14
f 14/14 18/18 19/19
f 14/14 19/19 15/15
f 13/13 16/16 20/20
f 13/13 20/20 17/17
f 17/17 21/21 22/22
f 17/17 22/22 18/18
f 18/18 22/22 23/23
f 18/18 23/23 19/19
f 17/17 20/20 24/24
f 17/17 24/24 21/21
f 21/21 25/25 26/26
f 21/21 26/26 22/22
f 22/22 26/26 27/27
f 22/22 27/27 23/23
f 21/21 24/24 28/28
f 21/21 28/28 25/25
f 25/25 28/28 27/27
f 25/25 27/27 26/26
f 29/29 30/30 31/31
f 29/29 31/31 32/32
f 29/29 33/33 34/34
f 29/29 34/34 30/30
f 29/29 32/32 35/35
f 29/29 35/35 33/33
f 30/30 36/36 37/37
f 30/30 37/37 31/31
f 30/30 34/34 38/38
f 30/30 38/38 36/36
f 36/36 39/39 40/40
f 36/36 40/40 37/37
f 36/36 38/38 41/41
f 36/36 41/41 39/39
f 39/39 42/42 43/43
f 39/39 43/43 40/40
f 39/39 41/41 44/44
f 39/39 44/44 42/42
f 42/42 45/45 46/46
f 42/42 46/46 43/43
f 42/42 44/44 47/47
f 42/42 47/47 45/45
f 45/45 48/48 49/49
f 45/45 49/49 46/46
f 45/45 47/47 50/50
f 45/45 50/50 48/48
f 48/48 50/50 51/51
f 48/48 51/51 49/49
f 32/32 31/31 52/52
f 32/32 52/52 53/53
f 32/32 53/53 54/54
f 32/32 54/54 35/35
f 31/31 37/37 55/55
f 31/31 55/55 52/52
f 37/37 40/40 56/56
f 37/37 56/56 55/55
f 40/40 43/43 57/57
f 40/40 57/57 56/56
f 43/43 46/46 58/58
f 43/43 58/58 57/57
f 46/46 49/49 59/59
f 46/46 59/59 58/58
f 49/49 51/51 60/60
f 49/49 60/60 59/59
f 53/53 52/52 61/61
f 53/53 61/61 62/62
f 53/53 62/62 63/63
f 53/53 63/63 54/54
f 52/52 55/55 64/64
f 52/52 64/64 61/61
f 55/55 56/56 65/65
f 55/55 65/65 64/64
f 56/56 57/57 66/66
f 56/56 66/66 65/65
f 57/57 58/58 67/67
f 57/57 67/67 66/66
f 58/58 59/59 68/68
f 58/58 68/68 67/67
f 59/59 60/60 69/69
f 59/59 69/69 68/68
f 62/62 61/61 70/70
f 62/62 70/70 71/71
f 62/62 71/71 72/72
f 62/62 72/72 63/63
f 61/61 64/64 73/73
f 61/61 73/73 70/70
f 64/64 65/65 74/74
f 64/64 74/74 73/73
f 65/65 66/66 75/75
f 65/65 75/75 74/74
f 66/66 67/67 76/76
f 66/66 76/76 75/75
f 67/67 68/68 77/77
f 67/67 77/77 76/76
f 68/68 69/69 78/78
f 68/68 78/78 77/77
f 71/71 70/70 79/79
f 71/71 79/79 80/80
f 80/80 79/79 81/81
f 80/80 81/81 82/82
f 71/71 80/80 82/82
f 71/71 82/82 72/72
f 70/70 73/73 83/83
f 70/70 83/83 79/79
f 79/79 83/83 84/84
f 79/79 84/84 81/81
f 73/73 74/74 85/85
f 73/73 85/85 83/83
f 83/83 85/85 86/86
f 83/83 86/86 84/84
f 74/74 75/75 87/87
f 74/74 87/87 85/85
f 85/85 87/87 88/88
f 85/85 88/88 86/86
f 75/75 76/76 89/89
f 75/75 89/89 87/87
f 87/87 89/89 90/90
f 87/87 90/90 88/88
f 76/76 77/77 91/91
f 76/76 91/91 89/89
f 89/89 91/91 92/92
f 89/89 92/92 90/90
f 77/77 78/78 92/92
f 77/77 92/92 91/91
f 93/93 94/94 95/95
f 93/93 95/95 96/96
f 93/93 97/97 98/98
f 93/93 98/98 94/94
f 93/93 96/96 99/99
f 93/93 99/99 97/97
f 94/94 100/100 101/101
f 94/94 101/101 95/95
f 94/94 98/98 102/102
f 94/94 102/102 100/100
f 100/100 103/103 104/104
f 100/100 104/104 101/101
f 100/100 102/102 105/105
f 100/100 105/105 103/103
f 103/103 106/106 107/107
f 103/103 107/107 104/104
f 103/103 105/105 108/108
f 103/103 108/108 106/106
f 106/106 109/109 110/110
f 106/106 110/110 107/107
f 106/106 108/108 111/111
f 106/106 111/111 109/109
f 109/109 112/112 113/113
f 109/109 113/113 110/110
f 109/109 111/111 114/114
f 109/109 114/114 112/112
f 112/112 114/114 115/115
f 112/112 115/115 113/113
f 96/96 95/95 116/116
f 96/96 116/116 117/117
f 96/96 117/117 118/118
f 96/96 118/118 99/99
f 95/95 101/101 119/119
f 95/95 119/119 116/116
f 101/101 104/104 120/120
f 101/101 120/120 119/119
f 104/104 107/107 121/121
f 104/104 121/121 120/120
f 107/107 110/110 122/122
f 107/107 122/122 121/121
f 110/110 113/113 123/123
f 110/110 123/123 122/122
f 113/113 115/115 124/124
f 113/113 124/124 123/123
f 125/125 126/126 127/127
f 125/125 127/127 128/128
f 125/125 128/128 129/129
f 125/125 129/129 130/130
f 126/126 131/131 132/132
f 126/126 132/132 127/127
f 131/131 133/133 134/134
f 131/131 134/134 132/132
f 133/133 135/135 136/136
f 133/133 136/136 134/134
f 135/135 137/137 138/138
f 135/135 138/138 136/136
f 137/137 139/139 140/140
f 137/137 140/140 138/138
f 139/139 141/141 142/142
f 139/139 142/142 140/140
f 143/143 144/144 145/145
f 143/143 145/145 146/146
f 146/146 145/145 147/147
f 146/146 147/147 148/148
f 143/143 149/149 150/150
f 143/143 150/150 144/144
f 143/143 146/146 148/148
f 143/143 148/148 149/149
f 144/144 7/7 6/6
f 144/144 6/6 145/145
f 145/145 6/6 151/151
f 145/145 151/151 147/147
f 144/144 150/150 152/152
f 144/144 152/152 7/7
f 6/6 5/5 153/153
f 6/6 153/153 151/151
f 5/5 11/11 154/154
f 5/5 154/154 153/153
f 11/11 15/15 155/155
f 11/11 155/155 154/154
f 15/15 19/19 156/156
f 15/15 156/156 155/155
f 19/19 23/23 157/157
f 19/19 157/157 156/156
f 23/23 27/27 158/158
f 23/23 158/158 157/157
f 28/28 159/159 160/160
f 28/28 160/160 27/27
f 27/27 160/160 161/161
f 27/27 161/161 158/158
f 28/28 162/162 163/163
f 28/28 163/163 159/159
f 159/159 164/164 165/165
f 159/159 165/165 160/160
f 160/160 165/165 166/166
f 160/160 166/166 161/161
f 159/159 163/163 167/167
f 159/159 167/167 164/164
f 164/164 167/167 166/166
f 164/164 166/166 165/165
f 168/168 169/169 170/170
f 168/168 170/170 171/171
f 168/168 172/172 173/173
f 168/168 173/173 169/169
f 168/168 171/171 174/174
f 168/168 174/174 172/172
f 169/169 175/175 176/176
f 169/169 176/176 170/170
f 169/169 173/173 177/177
f 169/169 177/177 175/175
f 175/175 178/178 179/179
f 175/175 179/179 176/176
f 175/175 177/177 180/180
f 175/175 180/180 178/178
f 178/178 181/181 182/182
f 178/178 182/182 179/179
f 178/178 180/180 183/183
f 178/178 183/183 181/181
f 181/181 183/183 184/184
f 181/181 184/184 182/182
f 185/185 186/186 187/187
f 185/185 187/187 188/188
f 188/188 187/187 189/189
f 188/188 189/189 190/190
f 185/185 188/188 190/190
f 185/185 190/190 191/191
f 186/186 192/192 193/193
f 186/186 193/193 187/187
f 187/187 193/193 194/194
f 187/187 194/194 189/189
f 192/192 195/195 196/196
f 192/192 196/196 193/193
f 193/193 196/196 197/197
f 193/193 197/197 194/194
f 195/195 198/198 199/199
f 195/195 199/199 196/196
f 196/196 199/199 200/200
f 196/196 200/200 197/197
f 198/198 201/201 200/200
f 198/198 200/200 199/199
f 202/202 203/203 204/204
f 202/202 204/204 205/205
f 202/202 206/206 207/207
f 202/202 207/207 203/203
f 202/202 205/205 208/208
f 202/202 208/208 206/206
f 203/203 209/209 210/210
f 203/203 210/210 204/204
f 203/203 207/207 211/211
f 203/203 211/211 209/209
f 209/209 212/212 213/213
f 209/209 213/213 210/210
f 209/209 211/211 214/214
f 209/209 214/214 212/212
f 212/212 215/215 216/216
f 212/212 216/216 213/213
f 212/212 214/214 217/217
f 212/212 217/217 215/215
f 215/215 218/218 219/219
f 215/215 219/219 216/216
f 215/215 217/217 220/220
f 215/215 220/220 218/218
f 218/218 221/221 222/222
f 218/218 222/222 219/219
f 218/218 220/220 223/223
f 218/218 223/223 221/221
f 221/221 223/223 224/224
f 221/221 224/224 222/222
f 225/225 226/226 227/227
f 225/225 227/227 228/228
f 225/225 229/229 230/230
f 225/225 230/230 226/226
f 225/225 228/228 231/231
f 225/225 231/231 229/229
f 226/226 33/33 35/35
f 226/226 35/35 227/227
f 226/226 230/230 232/232
f 226/226 232/232 33/33
f 50/50 233/233 234/234
f 50/50 234/234 51/51
f 50/50 235/235 236/236
f 50/50 236/236 233/233
f 233/233 237/237 238/238
f 233/233 238/238 234/234
f 233/233 236/236 239/239
f 233/233 239/239 237/237
f 237/237 239/239 240/240
f 237/237 240/240 238/238
f 228/228 227/227 241/241
f 228/228 241/241 242/242
f 228/228 242/242 243/243
f 228/228 243/243 231/231
f 227/227 35/35 54/54
f 227/227 54/54 241/241
f 51/51 234/234 244/244
f 51/51 244/244 60/60
f 234/234 238/238 245/245
f 234/234 245/245 244/244
f 238/238 240/240 246/246
f 238/238 246/246 245/245
f 242/242 241/241 247/247
f 242/242 247/247 248/248
f 242/242 248/248 249/249
f 242/242 249/249 243/243
f 241/241 54/54 63/63
f 241/241 63/63 247/247
f 60/60 244/244 250/250
f 60/60 250/250 69/69
f 244/244 245/245 251/251
f 244/244 251/251 250/250
f 245/245 246/246 252/252
f 245/245 252/252 251/251
f 248/248 247/247 253/253
f 248/248 253/253 254/254
f 248/248 254/254 255/255
f 248/248 255/255 249/249
f 247/247 63/63 72/72
f 247/247 72/72 253/253
f 69/69 250/250 256/256
f 69/69 256/256 78/78
f 250/250 251/251 257/257
f 250/250 257/257 256/256
f 251/251 252/252 258/258
f 251/251 258/258 257/257
f 254/254 253/253 259/259
f 254/254 259/259 260/260
f 260/260 259/259 261/261
f 260/260 261/261 262/262
f 254/254 260/260 262/262
f 254/254 262/262 255/255
f 253/253 72/72 82/82
f 253/253 82/82 259/259
f 259/259 82/82 263/263
f 259/259 263/263 261/261
f 78/78 256/256 264/264
f 78/78 264/264 92/92
f 92/92 264/264 265/265
f 92/92 265/265 266/266
f 256/256 257/257 267/267
f 256/256 267/267 264/264
f 264/264 267/267 268/268
f 264/264 268/268 265/265
f 257/257 258/258 268/268
f 257/257 268/268 267/267
f 269/269 270/270 271/271
f 269/269 271/271 272/272
f 269/269 272/272 273/273
f 269/269 273/273 274/274
f 270/270 275/275 276/276
f 270/270 276/276 271/271
f 275/275 277/277 278/278
f 275/275 278/278 276/276
f 277/277 279/279 280/280
f 277/277 280/280 278/278
f 279/279 281/281 282/282
f 279/279 282/282 280/280
f 281/281 283/283 284/284
f 281/281 284/284 282/282
f 283/283 285/285 286/286
f 283/283 286/286 284/284
f 272/272 271/271 287/287
f 272/272 287/287 288/288
f 272/272 288/288 289/289
f 272/272 289/289 273/273
f 271/271 276/276 290/290
f 271/271 290/290 287/287
f 276/276 278/278 291/291
f 276/276 291/291 290/290
f 278/278 280/280 292/292
f 278/278 292/292 291/291
f 280/280 282/282 293/293
f 280/280 293/293 292/292
f 282/282 284/284 294/294
f 282/282 294/294 293/293
f 284/284 286/286 295/295
f 284/284 295/295 294/294
f 288/288 287/287 296/296
f 288/288 296/296 297/297
f 288/288 297/297 298/298
f 288/288 298/298 289/289
f 287/287 290/290 299/299
f 287/287 299/299 296/296
f 290/290 291/291 300/300
f 290/290 300/300 299/299
f 291/291 292/292 301/301
f 291/291 301/301 300/300
f 292/292 293/293 302/302
f 292/292 302/302 301/301
f 293/293 294/294 303/303
f 293/293 303/303 302/302
f 294/294 295/295 304/304
f 294/294 304/304 303/303
f 305/305 306/306 307/307
f 305/305 307/307 308/308
f 305/305 309/309 310/310
f 305/305 310/310 306/306
f 305/305 308/308 311/311
f 305/305 311/311 309/309
f 306/306 97/97 99/99
f 306/306 99/99 307/307
f 306/306 310/310 312/312
f 306/306 312/312 97/97
f 114/114 313/313 314/314
f 114/114 314/314 115/115
f 114/114 315/315 316/316
f 114/114 316/316 313/313
f 313/313 317/317 318/318
f 313/313 318/318 314/314
f 313/313 316/316 319/319
f 313/313 319/319 317/317
f 317/317 319/319 320/320
f 317/317 320/320 318/318
f 308/308 307/307 321/321
f 308/308 321/321 322/322
f 308/308 322/322 323/323
f 308/308 323/323 311/311
f 307/307 99/99 118/118
f 307/307 118/118 321/321
f 115/115 314/314 324/324
f 115/115 324/324 124/124
f 314/314 318/318 325/325
f 314/314 325/325 324/324
f 318/318 320/320 326/326
f 318/318 326/326 325/325
f 327/327 328/328 329/329
f 327/327 329/329 330/330
f 327/327 330/330 331/331
f 327/327 331/331 332/332
f 328/328 130/130 129/129
f 328/328 129/129 329/329
f 141/141 333/333 334/334
f 141/141 334/334 142/142
f 333/333 335/335 336/336
f 333/333 336/336 334/334
f 335/335 337/337 338/338
f 335/335 338/338 336/336
f 339/339 149/149 148/148
f 339/339 148/148 340/340
f 340/340 148/148 341/341
f 340/340 341/341 342/342
f 339/339 343/343 344/344
f 339/339 344/344 149/149
f 339/339 340/340 342/342
f 339/339 342/342 343/343
f 148/148 147/147 345/345
f 148/148 345/345 341/341
f 147/147 151/151 346/346
f 147/147 346/346 345/345
f 151/151 153/153 347/347
f 151/151 347/347 346/346
f 153/153 154/154 348/348
f 153/153 348/348 347/347
f 154/154 155/155 349/349
f 154/154 349/349 348/348
f 155/155 156/156 350/350
f 155/155 350/350 349/349
f 156/156 157/157 351/351
f 156/156 351/351 350/350
f 157/157 158/158 352/352
f 157/157 352/352 351/351
f 158/158 161/161 353/353
f 158/158 353/353 352/352
f 161/161 166/166 354/354
f 161/161 354/354 353/353
f 167/167 355/355 356/356
f 167/167 356/356 166/166
f 166/166 356/356 357/357
f 166/166 357/357 354/354
f 167/167 358/358 359/359
f 167/167 359/359 355/355
f 355/355 359/359 357/357
f 355/355 357/357 356/356
f 360/360 172/172 174/174
f 360/360 174/174 361/361
f 360/360 362/362 363/363
f 360/360 363/363 172/172
f 360/360 361/361 364/364
f 360/360 364/364 362/362
f 172/172 363/363 365/365
f 172/172 365/365 173/173
f 173/173 365/365 366/366
f 173/173 366/366 177/177
f 177/177 366/366 367/367
f 177/177 367/367 180/180
f 180/180 367/367 368/368
f 180/180 368/368 183/183
f 183/183 369/369 370/370
f 183/183 370/370 184/184
f 183/183 368/368 371/371
f 183/183 371/371 369/369
f 369/369 371/371 372/372
f 369/369 372/372 370/370
f 373/373 191/191 190/190
f 373/373 190/190 374/374
f 374/374 190/190 375/375
f 374/374 375/375 376/376
f 373/373 374/374 376/376
f 373/373 376/376 377/377
f 190/190 189/189 378/378
f 190/190 378/378 375/375
f 189/189 194/194 379/379
f 189/189 379/379 378/378
f 194/194 197/197 380/380
f 194/194 380/380 379/379
f 197/197 200/200 381/381
f 197/197 381/381 380/380
f 201/201 382/382 383/383
f 201/201 383/383 200/200
f 200/200 383/383 384/384
f 200/200 384/384 381/381
f 382/382 385/385 384/384
f 382/382 384/384 383/383
f 386/386 387/387 388/388
f 386/386 388/388 389/389
f 386/386 390/390 391/391
f 386/386 391/391 387/387
f 386/386 389/389 392/392
f 386/386 392/392 390/390
f 387/387 393/393 394/394
f 387/387 394/394 388/388
f 387/387 391/391 395/395
f 387/387 395/395 393/393
f 393/393 396/396 397/397
f 393/393 397/397 394/394
f 393/393 395/395 398/398
f 393/393 398/398 396/396
f 396/396 399/399 400/400
f 396/396 400/400 397/397
f 396/396 398/398 401/401
f 396/396 401/401 399/399
f 399/399 402/402 403/403
f 399/399 403/403 400/400
f 399/399 401/401 404/404
f 399/399 404/404 402/402
f 402/402 405/405 406/406
f 402/402 406/406 403/403
f 402/402 404/404 407/407
f 402/402 407/407 405/405
f 405/405 407/407 408/408
f 405/405 408/408 406/406
f 409/409 206/206 208/208
f 409/409 208/208 410/410
f 409/409 411/411 412/412
f 409/409 412/412 206/206
f 409/409 410/410 413/413
f 409/409 413/413 411/411
f 223/223 414/414 415/415
f 223/223 415/415 224/224
f 223/223 416/416 417/417
f 223/223 417/417 414/414
f 414/414 417/417 418/418
f 414/414 418/418 415/415
f 419/419 229/229 231/231
f 419/419 231/231 420/420
f 419/419 421/421 422/422
f 419/419 422/422 229/229
f 419/419 420/420 423/423
f 419/419 423/423 421/421
f 229/229 422/422 424/424
f 229/229 424/424 230/230
f 236/236 425/425 426/426
f 236/236 426/426 239/239
f 239/239 427/427 428/428
f 239/239 428/428 240/240
f 239/239 426/426 429/429
f 239/239 429/429 427/427
f 427/427 429/429 430/430
f 427/427 430/430 428/428
f 420/420 231/231 243/243
f 420/420 243/243 431/431
f 420/420 431/431 432/432
f 420/420 432/432 423/423
f 240/240 428/428 433/433
f 240/240 433/433 246/246
f 428/428 430/430 434/434
f 428/428 434/434 433/433
f 431/431 243/243 249/249
f 431/431 249/249 435/435
f 431/431 435/435 436/436
f 431/431 436/436 432/432
f 246/246 433/433 437/437
f 246/246 437/437 252/252
f 433/433 434/434 438/438
f 433/433 438/438 437/437
f 435/435 249/249 255/255
f 435/435 255/255 439/439
f 435/435 439/439 440/440
f 435/435 440/440 436/436
f 252/252 437/437 441/441
f 252/252 441/441 258/258
f 437/437 438/438 442/442
f 437/437 442/442 441/441
f 439/439 255/255 262/262
f 439/439 262/262 443/443
f 443/443 262/262 444/444
f 443/443 444/444 445/445
f 439/439 443/443 445/445
f 439/439 445/445 440/440
f 262/262 261/261 446/446
f 262/262 446/446 444/444
f 265/265 268/268 447/447
f 265/265 447/447 448/448
f 258/258 441/441 449/449
f 258/258 449/449 268/268
f 268/268 449/449 450/450
f 268/268 450/450 447/447
f 441/441 442/442 450/450
f 441/441 450/450 449/449
f 451/451 274/274 273/273
f 451/451 273/273 452/452
f 451/451 452/452 453/453
f 451/451 453/453 454/454
f 285/285 455/455 456/456
f 285/285 456/456 286/286
f 455/455 457/457 458/458
f 455/455 458/458 456/456
f 452/452 273/273 289/289
f 452/452 289/289 459/459
f 452/452 459/459 460/460
f 452/452 460/460 453/453
f 286/286 456/456 461/461
f 286/286 461/461 295/295
f 456/456 458/458 462/462
f 456/456 462/462 461/461
f 459/459 289/289 298/298
f 459/459 298/298 463/463
f 459/459 463/463 464/464
f 459/459 464/464 460/460
f 295/295 461/461 465/465
f 295/295 465/465 304/304
f 461/461 462/462 466/466
f 461/461 466/466 465/465
f 467/467 309/309 311/311
f 467/467 311/311 468/468
f 467/467 469/469 470/470
f 467/467 470/470 309/309
f 467/467 468/468 471/471
f 467/467 471/471 469/469
f 309/309 470/470 472/472
f 309/309 472/472 310/310
f 316/316 473/473 474/474
f 316/316 474/474 319/319
f 319/319 475/475 476/476
f 319/319 476/476 320/320
f 319/319 474/474 477/477
f 319/319 477/477 475/475
f 475/475 477/477 478/478
f 475/475 478/478 476/476
f 468/468 311/311 323/323
f 468/468 323/323 479/479
f 468/468 479/479 480/480
f 468/468 480/480 471/471
f 320/320 476/476 481/481
f 320/320 481/481 326/326
f 476/476 478/478 482/482
f 476/476 482/482 481/481
f 483/483 332/332 331/331
f 483/483 331/331 484/484
f 483/483 484/484 485/485
f 483/483 485/485 486/486
f 337/337 487/487 488/488
f 337/337 488/488 338/338
f 487/487 489/489 490/490
f 487/487 490/490 488/488
f 491/491 343/343 342/342
f 491/491 342/342 492/492
f 492/492 342/342 493/493
f 492/492 493/493 494/494
f 491/491 495/495 496/496
f 491/491 496/496 343/343
f 491/491 492/492 494/494
f 491/491 494/494 495/495
f 342/342 341/341 497/497
f 342/342 497/497 493/493
f 341/341 345/345 498/498
f 341/341 498/498 497/497
f 345/345 346/346 499/499
f 345/345 499/499 498/498
f 346/346 347/347 500/500
f 346/346 500/500 499/499
f 347/347 348/348 501/501
f 347/347 501/501 500/500
f 348/348 349/349 502/502
f 348/348 502/502 501/501
f 349/349 350/350 503/503
f 349/349 503/503 502/502
f 350/350 351/351 504/504
f 350/350 504/504 503/503
f 351/351 352/352 505/505
f 351/351 505/505 504/504
f 352/352 353/353 506/506
f 352/352 506/506 505/505
f 353/353 354/354 507/507
f 353/353 507/507 506/506
f 354/354 357/357 508/508
f 354/354 508/508 507/507
f 359/359 509/509 510/510
f 359/359 510/510 357/357
f 357/357 510/510 511/511
f 357/357 511/511 508/508
f 359/359 512/512 513/513
f 359/359 513/513 509/509
f 509/509 513/513 511/511
f 509/509 511/511 510/510
f 362/362 514/514 515/515
f 362/362 515/515 363/363
f 362/362 364/364 516/516
f 362/362 516/516 514/514
f 363/363 515/515 517/517
f 363/363 517/517 365/365
f 365/365 517/517 518/518
f 365/365 518/518 366/366
f 366/366 518/518 519/519
f 366/366 519/519 367/367
f 367/367 519/519 520/520
f 367/367 520/520 368/368
f 368/368 520/520 521/521
f 368/368 521/521 371/371
f 371/371 521/521 522/522
f 371/371 522/522 372/372
f 376/376 375/375 523/523
f 376/376 523/523 524/524
f 377/377 376/376 524/524
f 377/377 524/524 525/525
f 375/375 378/378 526/526
f 375/375 526/526 523/523
f 378/378 379/379 527/527
f 378/378 527/527 526/526
f 379/379 380/380 528/528
f 379/379 528/528 527/527
f 380/380 381/381 529/529
f 380/380 529/529 528/528
f 381/381 384/384 530/530
f 381/381 530/530 529/529
f 385/385 531/531 530/530
f 385/385 530/530 384/384
f 532/532 533/533 534/534
f 532/532 534/534 535/535
f 536/536 537/537 538/538
f 536/536 538/538 539/539
f 536/536 532/532 535/535
f 536/536 535/535 537/537
f 536/536 539/539 533/533
f 536/536 533/533 532/532
f 535/535 534/534 540/540
f 535/535 540/540 541/541
f 537/537 542/542 543/543
f 537/537 543/543 538/538
f 537/537 535/535 541/541
f 537/537 541/541 542/542
f 542/542 541/541 540/540
f 542/542 540/540 543/543
f 533/533 544/544 545/545
f 533/533 545/545 534/534
f 539/539 538/538 546/546
f 539/539 546/546 547/547
f 547/547 546/546 545/545
f 547/547 545/545 544/544
f 539/539 547/547 544/544
f 539/539 544/544 533/533
f 534/534 545/545 548/548
f 534/534 548/548 540/540
f 538/538 543/543 549/549
f 538/538 549/549 546/546
f 546/546 549/549 548/548
f 546/546 548/548 545/545
f 543/543 540/540 548/548
f 543/543 548/548 549/549
f 550/550 551/551 552/552
f 550/550 552/552 553/553
f 550/550 554/554 555/555
f 550/550 555/555 551/551
f 550/550 553/553 556/556
f 550/550 556/556 554/554
f 551/551 557/557 558/558
f 551/551 558/558 552/552
f 551/551 555/555 559/559
f 551/551 559/559 557/557
f 557/557 560/560 561/561
f 557/557 561/561 558/558
f 557/557 559/559 562/562
f 557/557 562/562 560/560
f 560/560 563/563 564/564
f 560/560 564/564 561/561
f 560/560 562/562 565/565
f 560/560 565/565 563/563
f 563/563 565/565 566/566
f 563/563 566/566 564/564
f 567/567 390/390 392/392
f 567/567 392/392 568/568
f 567/567 569/569 570/570
f 567/567 570/570 390/390
f 567/567 568/568 571/571
f 567/567 571/571 569/569
f 390/390 570/570 572/572
f 390/390 572/572 391/391
f 404/404 573/573 574/574
f 404/404 574/574 407/407
f 407/407 575/575 576/576
f 407/407 576/576 408/408
f 407/407 574/574 577/577
f 407/407 577/577 575/575
f 575/575 577/577 578/578
f 575/575 578/578 576/576
f 579/579 411/411 413/413
f 579/579 413/413 580/580
f 579/579 581/581 582/582
f 579/579 582/582 411/411
f 579/579 580/580 583/583
f 579/579 583/583 581/581
f 417/417 584/584 585/585
f 417/417 585/585 418/418
f 417/417 586/586 587/587
f 417/417 587/587 584/584
f 584/584 587/587 588/588
f 584/584 588/588 585/585
f 589/589 421/421 423/423
f 589/589 423/423 590/590
f 589/589 591/591 592/592
f 589/589 592/592 421/421
f 589/589 590/590 593/593
f 589/589 593/593 591/591
f 421/421 592/592 594/594
f 421/421 594/594 422/422
f 426/426 595/595 596/596
f 426/426 596/596 429/429
f 429/429 597/597 598/598
f 429/429 598/598 430/430
f 429/429 596/596 599/599
f 429/429 599/599 597/597
f 597/597 599/599 600/600
f 597/597 600/600 598/598
f 590/590 423/423 432/432
f 590/590 432/432 601/601
f 590/590 601/601 602/602
f 590/590 602/602 593/593
f 430/430 598/598 603/603
f 430/430 603/603 434/434
f 598/598 600/600 604/604
f 598/598 604/604 603/603
f 601/601 432/432 436/436
f 601/601 436/436 605/605
f 601/601 605/605 606/606
f 601/601 606/606 602/602
f 434/434 603/603 607/607
f 434/434 607/607 438/438
f 603/603 604/604 608/608
f 603/603 608/608 607/607
f 605/605 436/436 440/440
f 605/605 440/440 609/609
f 605/605 609/609 610/610
f 605/605 610/610 606/606
f 438/438 607/607 611/611
f 438/438 611/611 442/442
f 607/607 608/608 612/612
f 607/607 612/612 611/611
f 609/609 440/440 445/445
f 609/609 445/445 613/613
f 613/613 445/445 614/614
f 613/613 614/614 615/615
f 609/609 613/613 615/615
f 609/609 615/615 610/610
f 445/445 444/444 616/616
f 445/445 616/616 614/614
f 447/447 450/450 617/617
f 447/447 617/617 618/618
f 442/442 611/611 619/619
f 442/442 619/619 450/450
f 450/450 619/619 620/620
f 450/450 620/620 617/617
f 611/611 612/612 620/620
f 611/611 620/620 619/619
f 621/621 454/454 453/453
f 621/621 453/453 622/622
f 621/621 622/622 623/623
f 621/621 623/623 624/624
f 457/457 625/625 626/626
f 457/457 626/626 458/458
f 625/625 627/627 628/628
f 625/625 628/628 626/626
f 622/622 453/453 460/460
f 622/622 460/460 629/629
f 622/622 629/629 630/630
f 622/622 630/630 623/623
f 458/458 626/626 631/631
f 458/458 631/631 462/462
f 626/626 628/628 632/632
f 626/626 632/632 631/631
f 629/629 460/460 464/464
f 629/629 464/464 633/633
f 629/629 633/633 634/634
f 629/629 634/634 630/630
f 462/462 631/631 635/635
f 462/462 635/635 466/466
f 631/631 632/632 636/636
f 631/631 636/636 635/635
f 469/469 637/637 638/638
f 469/469 638/638 470/470
f 469/469 471/471 639/639
f 469/469 639/639 637/637
f 474/474 640/640 641/641
f 474/474 641/641 477/477
f 477/477 641/641 642/642
f 477/477 642/642 478/478
f 471/471 480/480 643/643
f 471/471 643/643 639/639
f 478/478 642/642 644/644
f 478/478 644/644 482/482
f 645/645 486/486 485/485
f 645/645 485/485 646/646
f 645/645 647/647 648/648
f 645/645 648/648 486/486
f 645/645 646/646 649/649
f 645/645 649/649 647/647
f 489/489 650/650 651/651
f 489/489 651/651 490/490
f 489/489 652/652 653/653
f 489/489 653/653 650/650
f 650/650 653/653 654/654
f 650/650 654/654 651/651
f 655/655 495/495 494/494
f 655/655 494/494 656/656
f 656/656 494/494 657/657
f 656/656 657/657 658/658
f 655/655 659/659 660/660
f 655/655 660/660 495/495
f 655/655 656/656 658/658
f 655/655 658/658 659/659
f 494/494 493/493 661/661
f 494/494 661/661 657/657
f 493/493 497/497 662/662
f 493/493 662/662 661/661
f 497/497 498/498 663/663
f 497/497 663/663 662/662
f 498/498 499/499 664/664
f 498/498 664/664 663/663
f 499/499 500/500 665/665
f 499/499 665/665 664/664
f 500/500 501/501 666/666
f 500/500 666/666 665/665
f 501/501 502/502 667/667
f 501/501 667/667 666/666
f 502/502 503/503 668/668
f 502/502 668/668 667/667
f 503/503 504/504 669/669
f 503/503 669/669 668/668
f 504/504 505/505 670/670
f 504/504 670/670 669/669
f 505/505 506/506 671/671
f 505/505 671/671 670/670
f 506/506 507/507 672/672
f 506/506 672/672 671/671
f 507/507 508/508 673/673
f 507/507 673/673 672/672
f 508/508 511/511 674/674
f 508/508 674/674 673/673
f 513/513 675/675 676/676
f 513/513 676/676 511/511
f 511/511 676/676 677/677
f 511/511 677/677 674/674
f 513/513 678/678 679/679
f 513/513 679/679 675/675
f 675/675 679/679 677/677
f 675/675 677/677 676/676
f 680/680 681/681 682/682
f 680/680 682/682 683/683
f 680/680 684/684 685/685
f 680/680 685/685 681/681
f 680/680 683/683 686/686
f 680/680 686/686 684/684
f 681/681 687/687 688/688
f 681/681 688/688 682/682
f 681/681 685/685 689/689
f 681/681 689/689 687/687
f 687/687 689/689 690/690
f 687/687 690/690 688/688
f 691/691 692/692 693/693
f 691/691 693/693 694/694
f 694/694 693/693 695/695
f 694/694 695/695 696/696
f 691/691 697/697 698/698
f 691/691 698/698 692/692
f 691/691 694/694 696/696
f 691/691 696/696 697/697
f 692/692 699/699 700/700
f 692/692 700/700 693/693
f 693/693 700/700 701/701
f 693/693 701/701 695/695
f 692/692 698/698 702/702
f 692/692 702/702 699/699
f 699/699 703/703 704/704
f 699/699 704/704 700/700
f 700/700 704/704 705/705
f 700/700 705/705 701/701
f 703/703 706/706 707/707
f 703/703 707/707 704/704
f 704/704 707/707 708/708
f 704/704 708/708 705/705
f 706/706 709/709 710/710
f 706/706 710/710 707/707
f 707/707 710/710 711/711
f 707/707 711/711 708/708
f 706/706 712/712 713/713
f 706/706 713/713 709/709
f 709/709 714/714 715/715
f 709/709 715/715 710/710
f 710/710 715/715 716/716
f 710/710 716/716 711/711
f 709/709 713/713 717/717
f 709/709 717/717 714/714
f 714/714 717/717 716/716
f 714/714 716/716 715/715
f 718/718 719/719 720/720
f 718/718 720/720 721/721
f 722/722 514/514 516/516
f 722/722 516/516 723/723
f 723/723 516/516 720/720
f 723/723 720/720 719/719
f 722/722 718/718 721/721
f 722/722 721/721 514/514
f 722/722 723/723 719/719
f 722/722 719/719 718/718
f 514/514 721/721 724/724
f 514/514 724/724 515/515
f 515/515 724/724 725/725
f 515/515 725/725 517/517
f 517/517 725/725 726/726
f 517/517 726/726 518/518
f 518/518 726/726 727/727
f 518/518 727/727 519/519
f 519/519 727/727 728/728
f 519/519 728/728 520/520
f 520/520 728/728 729/729
f 520/520 729/729 521/521
f 729/729 730/730 731/731
f 729/729 731/731 732/732
f 521/521 733/733 734/734
f 521/521 734/734 522/522
f 522/522 734/734 731/731
f 522/522 731/731 730/730
f 521/521 729/729 732/732
f 521/521 732/732 733/733
f 733/733 732/732 731/731
f 733/733 731/731 734/734
f 735/735 736/736 737/737
f 735/735 737/737 738/738
f 524/524 523/523 737/737
f 524/524 737/737 736/736
f 525/525 524/524 736/736
f 525/525 736/736 735/735
f 523/523 526/526 739/739
f 523/523 739/739 737/737
f 528/528 529/529 740/740
f 528/528 740/740 741/741
f 742/742 740/740 743/743
f 742/742 743/743 744/744
f 529/529 530/530 743/743
f 529/529 743/743 740/740
f 531/531 744/744 743/743
f 531/531 743/743 530/530
f 745/745 746/746 747/747
f 745/745 747/747 748/748
f 748/748 747/747 749/749
f 748/748 749/749 750/750
f 745/745 748/748 750/750
f 745/745 750/750 751/751
f 746/746 752/752 753/753
f 746/746 753/753 747/747
f 747/747 753/753 754/754
f 747/747 754/754 749/749
f 752/752 755/755 754/754
f 752/752 754/754 753/753
f 756/756 757/757 758/758
f 756/756 758/758 759/759
f 544/544 545/545 760/760
f 544/544 760/760 761/761
f 761/761 760/760 758/758
f 761/761 758/758 757/757
f 544/544 756/756 759/759
f 544/544 759/759 545/545
f 544/544 761/761 757/757
f 544/544 757/757 756/756
f 759/759 758/758 762/762
f 759/759 762/762 763/763
f 545/545 548/548 764/764
f 545/545 764/764 760/760
f 760/760 764/764 762/762
f 760/760 762/762 758/758
f 545/545 759/759 763/763
f 545/545 763/763 548/548
f 548/548 763/763 762/762
f 548/548 762/762 764/764
f 765/765 766/766 767/767
f 765/765 767/767 768/768
f 765/765 769/769 770/770
f 765/765 770/770 766/766
f 765/765 768/768 771/771
f 765/765 771/771 769/769
f 766/766 554/554 556/556
f 766/766 556/556 767/767
f 766/766 770/770 772/772
f 766/766 772/772 554/554
f 554/554 772/772 773/773
f 554/554 773/773 555/555
f 555/555 773/773 774/774
f 555/555 774/774 559/559
f 559/559 774/774 775/775
f 559/559 775/775 562/562
f 562/562 775/775 776/776
f 562/562 776/776 565/565
f 565/565 777/777 778/778
f 565/565 778/778 566/566
f 565/565 776/776 779/779
f 565/565 779/779 777/777
f 777/777 780/780 781/781
f 777/777 781/781 778/778
f 777/777 779/779 782/782
f 777/777 782/782 780/780
f 780/780 782/782 783/783
f 780/780 783/783 781/781
f 784/784 569/569 571/571
f 784/784 571/571 785/785
f 784/784 786/786 787/787
f 784/784 787/787 569/569
f 784/784 785/785 788/788
f 784/784 788/788 786/786
f 577/577 789/789 790/790
f 577/577 790/790 578/578
f 577/577 791/791 792/792
f 577/577 792/792 789/789
f 789/789 792/792 793/793
f 789/789 793/793 790/790
f 794/794 581/581 583/583
f 794/794 583/583 795/795
f 794/794 796/796 797/797
f 794/794 797/797 581/581
f 794/794 795/795 798/798
f 794/794 798/798 796/796
f 587/587 799/799 800/800
f 587/587 800/800 588/588
f 587/587 801/801 802/802
f 587/587 802/802 799/799
f 799/799 802/802 803/803
f 799/799 803/803 800/800
f 591/591 804/804 805/805
f 591/591 805/805 592/592
f 591/591 593/593 806/806
f 591/591 806/806 804/804
f 596/596 807/807 808/808
f 596/596 808/808 599/599
f 599/599 808/808 809/809
f 599/599 809/809 600/600
f 593/593 602/602 810/810
f 593/593 810/810 806/806
f 600/600 809/809 811/811
f 600/600 811/811 604/604
f 602/602 606/606 812/812
f 602/602 812/812 810/810
f 604/604 811/811 813/813
f 604/604 813/813 608/608
f 606/606 610/610 814/814
f 606/606 814/814 812/812
f 608/608 813/813 815/815
f 608/608 815/815 612/612
f 615/615 614/614 816/816
f 615/615 816/816 817/817
f 610/610 615/615 817/817
f 610/610 817/817 814/814
f 617/617 620/620 818/818
f 617/617 818/818 819/819
f 612/612 815/815 818/818
f 612/612 818/818 620/620
f 820/820 624/624 623/623
f 820/820 623/623 821/821
f 820/820 821/821 822/822
f 820/820 822/822 823/823
f 627/627 824/824 825/825
f 627/627 825/825 628/628
f 824/824 826/826 827/827
f 824/824 827/827 825/825
f 821/821 623/623 630/630
f 821/821 630/630 828/828
f 821/821 828/828 829/829
f 821/821 829/829 822/822
f 628/628 825/825 830/830
f 628/628 830/830 632/632
f 825/825 827/827 831/831
f 825/825 831/831 830/830
f 828/828 630/630 634/634
f 828/828 634/634 832/832
f 828/828 832/832 833/833
f 828/828 833/833 829/829
f 632/632 830/830 834/834
f 632/632 834/834 636/636
f 830/830 831/831 835/835
f 830/830 835/835 834/834
f 836/836 637/637 639/639
f 836/836 639/639 837/837
f 836/836 838/838 839/839
f 836/836 839/839 637/637
f 836/836 837/837 840/840
f 836/836 840/840 838/838
f 641/641 841/841 842/842
f 641/641 842/842 642/642
f 641/641 843/843 844/844
f 641/641 844/844 841/841
f 841/841 844/844 845/845
f 841/841 845/845 842/842
f 837/837 639/639 643/643
f 837/837 643/643 846/846
f 837/837 846/846 847/847
f 837/837 847/847 840/840
f 642/642 842/842 848/848
f 642/642 848/848 644/644
f 842/842 845/845 849/849
f 842/842 849/849 848/848
f 647/647 649/649 850/850
f 647/647 850/850 851/851
f 653/653 852/852 853/853
f 653/653 853/853 654/654
f 658/658 657/657 854/854
f 658/658 854/854 855/855
f 659/659 856/856 857/857
f 659/659 857/857 660/660
f 659/659 658/658 855/855
f 659/659 855/855 856/856
f 657/657 661/661 858/858
f 657/657 858/858 854/854
f 661/661 662/662 859/859
f 661/661 859/859 858/858
f 662/662 663/663 860/860
f 662/662 860/860 859/859
f 663/663 664/664 861/861
f 663/663 861/861 860/860
f 664/664 665/665 862/862
f 664/664 862/862 861/861
f 669/669 670/670 863/863
f 669/669 863/863 864/864
f 670/670 671/671 865/865
f 670/670 865/865 863/863
f 671/671 672/672 866/866
f 671/671 866/866 865/865
f 672/672 673/673 867/867
f 672/672 867/867 866/866
f 673/673 674/674 868/868
f 673/673 868/868 867/867
f 674/674 677/677 869/869
f 674/674 869/869 868/868
f 678/678 870/870 871/871
f 678/678 871/871 679/679
f 679/679 871/871 869/869
f 679/679 869/869 677/677
f 872/872 873/873 874/874
f 872/872 874/874 875/875
f 875/875 874/874 876/876
f 875/875 876/876 877/877
f 872/872 875/875 877/877
f 872/872 877/877 878/878
f 873/873 879/879 880/880
f 873/873 880/880 874/874
f 874/874 880/880 881/881
f 874/874 881/881 876/876
f 879/879 882/882 883/883
f 879/879 883/883 880/880
f 880/880 883/883 884/884
f 880/880 884/884 881/881
f 882/882 885/885 886/886
f 882/882 886/886 883/883
f 883/883 886/886 887/887
f 883/883 887/887 884/884
f 885/885 888/888 887/887
f 885/885 887/887 886/886
f 889/889 890/890 891/891
f 889/889 891/891 892/892
f 889/889 893/893 894/894
f 889/889 894/894 890/890
f 889/889 892/892 895/895
f 889/889 895/895 893/893
f 890/890 684/684 686/686
f 890/890 686/686 891/891
f 890/890 894/894 896/896
f 890/890 896/896 684/684
f 684/684 896/896 897/897
f 684/684 897/897 685/685
f 685/685 897/897 898/898
f 685/685 898/898 689/689
f 689/689 899/899 900/900
f 689/689 900/900 690/690
f 689/689 898/898 901/901
f 689/689 901/901 899/899
f 899/899 902/902 903/903
f 899/899 903/903 900/900
f 899/899 901/901 904/904
f 899/899 904/904 902/902
f 902/902 904/904 905/905
f 902/902 905/905 903/903
f 906/906 697/697 696/696
f 906/906 696/696 907/907
f 907/907 696/696 908/908
f 907/907 908/908 909/909
f 906/906 910/910 911/911
f 906/906 911/911 697/697
f 906/906 907/907 909/909
f 906/906 909/909 910/910
f 696/696 695/695 912/912
f 696/696 912/912 908/908
f 695/695 701/701 913/913
f 695/695 913/913 912/912
f 708/708 711/711 914/914
f 708/708 914/914 915/915
f 711/711 716/716 916/916
f 711/711 916/916 914/914
f 717/717 917/917 918/918
f 717/717 918/918 716/716
f 716/716 918/918 919/919
f 716/716 919/919 916/916
f 717/717 920/920 921/921
f 717/717 921/921 917/917
f 917/917 921/921 919/919
f 917/917 919/919 918/918
f 922/922 923/923 924/924
f 922/922 924/924 925/925
f 922/922 925/925 926/926
f 922/922 926/926 927/927
f 923/923 928/928 929/929
f 923/923 929/929 924/924
f 928/928 930/930 931/931
f 928/928 931/931 929/929
f 932/932 933/933 934/934
f 932/932 934/934 935/935
f 932/932 935/935 936/936
f 932/932 936/936 937/937
f 933/933 938/938 939/939
f 933/933 939/939 934/934
f 938/938 940/940 941/941
f 938/938 941/941 939/939
f 935/935 934/934 942/942
f 935/935 942/942 943/943
f 935/935 943/943 944/944
f 935/935 944/944 936/936
f 934/934 939/939 945/945
f 934/934 945/945 942/942
f 939/939 941/941 946/946
f 939/939 946/946 945/945
f 947/947 948/948 949/949
f 947/947 949/949 950/950
f 947/947 950/950 951/951
f 947/947 951/951 952/952
f 948/948 953/953 954/954
f 948/948 954/954 949/949
f 953/953 955/955 956/956
f 953/953 956/956 954/954
f 950/950 949/949 957/957
f 950/950 957/957 958/958
f 950/950 958/958 959/959
f 950/950 959/959 951/951
f 949/949 954/954 960/960
f 949/949 960/960 957/957
f 954/954 956/956 961/961
f 954/954 961/961 960/960
f 720/720 962/962 963/963
f 720/720 963/963 964/964
f 721/721 965/965 966/966
f 721/721 966/966 724/724
f 721/721 720/720 964/964
f 721/721 964/964 965/965
f 724/724 966/966 967/967
f 724/724 967/967 725/725
f 727/727 968/968 969/969
f 727/727 969/969 728/728
f 970/970 730/730 971/971
f 970/970 971/971 972/972
f 728/728 969/969 973/973
f 728/728 973/973 729/729
f 729/729 973/973 971/971
f 729/729 971/971 730/730
f 974/974 975/975 976/976
f 974/974 976/976 977/977
f 737/737 739/739 976/976
f 737/737 976/976 975/975
f 738/738 737/737 975/975
f 738/738 975/975 974/974
f 978/978 979/979 980/980
f 978/978 980/980 981/981
f 741/741 740/740 980/980
f 741/741 980/980 979/979
f 742/742 981/981 980/980
f 742/742 980/980 740/740
f 982/982 983/983 984/984
f 982/982 984/984 985/985
f 750/750 749/749 984/984
f 750/750 984/984 983/983
f 751/751 750/750 983/983
f 751/751 983/983 982/982
f 985/985 984/984 986/986
f 985/985 986/986 987/987
f 749/749 754/754 986/986
f 749/749 986/986 984/984
f 755/755 987/987 986/986
f 755/755 986/986 754/754
f 988/988 989/989 990/990
f 988/988 990/990 991/991
f 992/992 993/993 994/994
f 992/992 994/994 995/995
f 995/995 994/994 990/990
f 995/995 990/990 989/989
f 992/992 988/988 991/991
f 992/992 991/991 993/993
f 992/992 995/995 989/989
f 992/992 989/989 988/988
f 991/991 990/990 996/996
f 991/991 996/996 997/997
f 993/993 998/998 999/999
f 993/993 999/999 994/994
f 994/994 999/999 996/996
f 994/994 996/996 990/990
f 993/993 991/991 997/997
f 993/993 997/997 998/998
f 998/998 997/997 996/996
f 998/998 996/996 999/999
f 769/769 1000/1000 1001/1001
f 769/769 1001/1001 770/770
f 769/769 771/771 1002/1002
f 769/769 1002/1002 1000/1000
f 770/770 1001/1001 1003/1003
f 770/770 1003/1003 772/772
f 772/772 1003/1003 1004/1004
f 772/772 1004/1004 773/773
f 773/773 1004/1004 1005/1005
f 773/773 1005/1005 774/774
f 774/774 1005/1005 1006/1006
f 774/774 1006/1006 775/775
f 775/775 1006/1006 1007/1007
f 775/775 1007/1007 776/776
f 776/776 1007/1007 1008/1008
f 776/776 1008/1008 779/779
f 779/779 1008/1008 1009/1009
f 779/779 1009/1009 782/782
f 782/782 1009/1009 1010/1010
f 782/782 1010/1010 783/783
f 1011/1011 786/786 788/788
f 1011/1011 788/788 1012/1012
f 1011/1011 1013/1013 1014/1014
f 1011/1011 1014/1014 786/786
f 1011/1011 1012/1012 1015/1015
f 1011/1011 1015/1015 1013/1013
f 786/786 1014/1014 1016/1016
f 786/786 1016/1016 787/787
f 791/791 1017/1017 1018/1018
f 791/791 1018/1018 792/792
f 792/792 1019/1019 1020/1020
f 792/792 1020/1020 793/793
f 792/792 1018/1018 1021/1021
f 792/792 1021/1021 1019/1019
f 1019/1019 1021/1021 1022/1022
f 1019/1019 1022/1022 1020/1020
f 1023/1023 796/796 798/798
f 1023/1023 798/798 1024/1024
f 1023/1023 1025/1025 1026/1026
f 1023/1023 1026/1026 796/796
f 1023/1023 1024/1024 1027/1027
f 1023/1023 1027/1027 1025/1025
f 802/802 1028/1028 1029/1029
f 802/802 1029/1029 803/803
f 802/802 1030/1030 1031/1031
f 802/802 1031/1031 1028/1028
f 1028/1028 1031/1031 1032/1032
f 1028/1028 1032/1032 1029/1029
f 1033/1033 804/804 806/806
f 1033/1033 806/806 1034/1034
f 1033/1033 1035/1035 1036/1036
f 1033/1033 1036/1036 804/804
f 1033/1033 1034/1034 1037/1037
f 1033/1033 1037/1037 1035/1035
f 808/808 1038/1038 1039/1039
f 808/808 1039/1039 809/809
f 808/808 1040/1040 1041/1041
f 808/808 1041/1041 1038/1038
f 1038/1038 1041/1041 1042/1042
f 1038/1038 1042/1042 1039/1039
f 1034/1034 806/806 810/810
f 1034/1034 810/810 1043/1043
f 1034/1034 1043/1043 1044/1044
f 1034/1034 1044/1044 1037/1037
f 809/809 1039/1039 1045/1045
f 809/809 1045/1045 811/811
f 1039/1039 1042/1042 1046/1046
f 1039/1039 1046/1046 1045/1045
f 1043/1043 810/810 812/812
f 1043/1043 812/812 1047/1047
f 1043/1043 1047/1047 1048/1048
f 1043/1043 1048/1048 1044/1044
f 811/811 1045/1045 1049/1049
f 811/811 1049/1049 813/813
f 1045/1045 1046/1046 1050/1050
f 1045/1045 1050/1050 1049/1049
f 1047/1047 812/812 814/814
f 1047/1047 814/814 1051/1051
f 1047/1047 1051/1051 1052/1052
f 1047/1047 1052/1052 1048/1048
f 813/813 1049/1049 1053/1053
f 813/813 1053/1053 815/815
f 1049/1049 1050/1050 1054/1054
f 1049/1049 1054/1054 1053/1053
f 1051/1051 814/814 817/817
f 1051/1051 817/817 1055/1055
f 1055/1055 817/817 1056/1056
f 1055/1055 1056/1056 1057/1057
f 1051/1051 1055/1055 1057/1057
f 1051/1051 1057/1057 1052/1052
f 815/815 1053/1053 1058/1058
f 815/815 1058/1058 818/818
f 818/818 1058/1058 1059/1059
f 818/818 1059/1059 1060/1060
f 1053/1053 1054/1054 1059/1059
f 1053/1053 1059/1059 1058/1058
f 1061/1061 823/823 822/822
f 1061/1061 822/822 1062/1062
f 1061/1061 1062/1062 1063/1063
f 1061/1061 1063/1063 1064/1064
f 826/826 1065/1065 1066/1066
f 826/826 1066/1066 827/827
f 1065/1065 1067/1067 1068/1068
f 1065/1065 1068/1068 1066/1066
f 1062/1062 822/822 829/829
f 1062/1062 829/829 1069/1069
f 1062/1062 1069/1069 1070/1070
f 1062/1062 1070/1070 1063/1063
f 827/827 1066/1066 1071/1071
f 827/827 1071/1071 831/831
f 1066/1066 1068/1068 1072/1072
f 1066/1066 1072/1072 1071/1071
f 1069/1069 829/829 833/833
f 1069/1069 833/833 1073/1073
f 1069/1069 1073/1073 1074/1074
f 1069/1069 1074/1074 1070/1070
f 831/831 1071/1071 1075/1075
f 831/831 1075/1075 835/835
f 1071/1071 1072/1072 1076/1076
f 1071/1071 1076/1076 1075/1075
f 838/838 840/840 1077/1077
f 838/838 1077/1077 1078/1078
f 844/844 1079/1079 1080/1080
f 844/844 1080/1080 845/845
f 840/840 847/847 1081/1081
f 840/840 1081/1081 1077/1077
f 845/845 1080/1080 1082/1082
f 845/845 1082/1082 849/849
f 1083/1083 851/851 850/850
f 1083/1083 850/850 1084/1084
f 1083/1083 1085/1085 1086/1086
f 1083/1083 1086/1086 851/851
f 1083/1083 1084/1084 1087/1087
f 1083/1083 1087/1087 1085/1085
f 852/852 1088/1088 1089/1089
f 852/852 1089/1089 853/853
f 852/852 1090/1090 1091/1091
f 852/852 1091/1091 1088/1088
f 1088/1088 1091/1091 1092/1092
f 1088/1088 1092/1092 1089/1089
f 1093/1093 856/856 855/855
f 1093/1093 855/855 1094/1094
f 1094/1094 855/855 1095/1095
f 1094/1094 1095/1095 1096/1096
f 1093/1093 1097/1097 1098/1098
f 1093/1093 1098/1098 856/856
f 1093/1093 1094/1094 1096/1096
f 1093/1093 1096/1096 1097/1097
f 855/855 854/854 1099/1099
f 855/855 1099/1099 1095/1095
f 854/854 858/858 1100/1100
f 854/854 1100/1100 1099/1099
f 858/858 859/859 1101/1101
f 858/858 1101/1101 1100/1100
f 859/859 860/860 1102/1102
f 859/859 1102/1102 1101/1101
f 865/865 866/866 1103/1103
f 865/865 1103/1103 1104/1104
f 866/866 867/867 1105/1105
f 866/866 1105/1105 1103/1103
f 867/867 868/868 1106/1106
f 867/867 1106/1106 1105/1105
f 868/868 869/869 1107/1107
f 868/868 1107/1107 1106/1106
f 871/871 1108/1108 1109/1109
f 871/871 1109/1109 869/869
f 869/869 1109/1109 1110/1110
f 869/869 1110/1110 1107/1107
f 871/871 1111/1111 1112/1112
f 871/871 1112/1112 1108/1108
f 1108/1108 1112/1112 1110/1110
f 1108/1108 1110/1110 1109/1109
f 1113/1113 1114/1114 1115/1115
f 1113/1113 1115/1115 1116/1116
f 1116/1116 1115/1115 1117/1117
f 1116/1116 1117/1117 1118/1118
f 1113/1113 1116/1116 1118/1118
f 1113/1113 1118/1118 1119/1119
f 1114/1114 878/878 877/877
f 1114/1114 877/877 1115/1115
f 1115/1115 877/877 1120/1120
f 1115/1115 1120/1120 1117/1117
f 888/888 1121/1121 1122/1122
f 888/888 1122/1122 887/887
f 887/887 1122/1122 1123/1123
f 887/887 1123/1123 1124/1124
f 1121/1121 1125/1125 1126/1126
f 1121/1121 1126/1126 1122/1122
f 1122/1122 1126/1126 1127/1127
f 1122/1122 1127/1127 1123/1123
f 1125/1125 1128/1128 1127/1127
f 1125/1125 1127/1127 1126/1126
f 1129/1129 1130/1130 1131/1131
f 1129/1129 1131/1131 1132/1132
f 1129/1129 1132/1132 1133/1133
f 1129/1129 1133/1133 1134/1134
f 1130/1130 1135/1135 1136/1136
f 1130/1130 1136/1136 1131/1131
f 1135/1135 1137/1137 1138/1138
f 1135/1135 1138/1138 1136/1136
f 1137/1137 1139/1139 1140/1140
f 1137/1137 1140/1140 1138/1138
f 1139/1139 1141/1141 1142/1142
f 1139/1139 1142/1142 1140/1140
f 1132/1132 1131/1131 1143/1143
f 1132/1132 1143/1143 1144/1144
f 1132/1132 1144/1144 1145/1145
f 1132/1132 1145/1145 1133/1133
f 1131/1131 1136/1136 1146/1146
f 1131/1131 1146/1146 1143/1143
f 1136/1136 1138/1138 1147/1147
f 1136/1136 1147/1147 1146/1146
f 1138/1138 1140/1140 1148/1148
f 1138/1138 1148/1148 1147/1147
f 1140/1140 1142/1142 1149/1149
f 1140/1140 1149/1149 1148/1148
f 1150/1150 1151/1151 1152/1152
f 1150/1150 1152/1152 1153/1153
f 1150/1150 1153/1153 1154/1154
f 1150/1150 1154/1154 1155/1155
f 1151/1151 1156/1156 1157/1157
f 1151/1151 1157/1157 1152/1152
f 1156/1156 1158/1158 1159/1159
f 1156/1156 1159/1159 1157/1157
f 1158/1158 1160/1160 1161/1161
f 1158/1158 1161/1161 1159/1159
f 1160/1160 1162/1162 1163/1163
f 1160/1160 1163/1163 1161/1161
f 1164/1164 1165/1165 1166/1166
f 1164/1164 1166/1166 1167/1167
f 1164/1164 1167/1167 1168/1168
f 1164/1164 1168/1168 1169/1169
f 1165/1165 1170/1170 1171/1171
f 1165/1165 1171/1171 1166/1166
f 1170/1170 1172/1172 1173/1173
f 1170/1170 1173/1173 1171/1171
f 1172/1172 1174/1174 1175/1175
f 1172/1172 1175/1175 1173/1173
f 1174/1174 1176/1176 1177/1177
f 1174/1174 1177/1177 1175/1175
f 1167/1167 1166/1166 1178/1178
f 1167/1167 1178/1178 1179/1179
f 1167/1167 1179/1179 1180/1180
f 1167/1167 1180/1180 1168/1168
f 1166/1166 1171/1171 1181/1181
f 1166/1166 1181/1181 1178/1178
f 1171/1171 1173/1173 1182/1182
f 1171/1171 1182/1182 1181/1181
f 1173/1173 1175/1175 1183/1183
f 1173/1173 1183/1183 1182/1182
f 1175/1175 1177/1177 1184/1184
f 1175/1175 1184/1184 1183/1183
f 1185/1185 893/893 895/895
f 1185/1185 895/895 1186/1186
f 1185/1185 1187/1187 1188/1188
f 1185/1185 1188/1188 893/893
f 1185/1185 1186/1186 1189/1189
f 1185/1185 1189/1189 1187/1187
f 893/893 1188/1188 1190/1190
f 893/893 1190/1190 894/894
f 901/901 1191/1191 1192/1192
f 901/901 1192/1192 904/904
f 904/904 1193/1193 1194/1194
f 904/904 1194/1194 905/905
f 904/904 1192/1192 1195/1195
f 904/904 1195/1195 1193/1193
f 1193/1193 1195/1195 1196/1196
f 1193/1193 1196/1196 1194/1194
f 909/909 908/908 1197/1197
f 909/909 1197/1197 1198/1198
f 910/910 909/909 1198/1198
f 910/910 1198/1198 1199/1199
f 908/908 912/912 1200/1200
f 908/908 1200/1200 1197/1197
f 914/914 916/916 1201/1201
f 914/914 1201/1201 1202/1202
f 916/916 919/919 1203/1203
f 916/916 1203/1203 1201/1201
f 921/921 1204/1204 1203/1203
f 921/921 1203/1203 919/919
f 1205/1205 927/927 926/926
f 1205/1205 926/926 1206/1206
f 1205/1205 1206/1206 1207/1207
f 1205/1205 1207/1207 1208/1208
f 930/930 1209/1209 1210/1210
f 930/930 1210/1210 931/931
f 1209/1209 1211/1211 1212/1212
f 1209/1209 1212/1212 1210/1210
f 1213/1213 1214/1214 1215/1215
f 1213/1213 1215/1215 1216/1216
f 1217/1217 937/937 936/936
f 1217/1217 936/936 1218/1218
f 1217/1217 1218/1218 1214/1214
f 1217/1217 1214/1214 1213/1213
f 1219/1219 1220/1220 1221/1221
f 1219/1219 1221/1221 1222/1222
f 940/940 1223/1223 1224/1224
f 940/940 1224/1224 941/941
f 1223/1223 1222/1222 1221/1221
f 1223/1223 1221/1221 1224/1224
f 1214/1214 1225/1225 1226/1226
f 1214/1214 1226/1226 1215/1215
f 1218/1218 936/936 944/944
f 1218/1218 944/944 1227/1227
f 1227/1227 944/944 1226/1226
f 1227/1227 1226/1226 1225/1225
f 1218/1218 1227/1227 1225/1225
f 1218/1218 1225/1225 1214/1214
f 1220/1220 1228/1228 1229/1229
f 1220/1220 1229/1229 1221/1221
f 941/941 1224/1224 1230/1230
f 941/941 1230/1230 946/946
f 946/946 1230/1230 1229/1229
f 946/946 1229/1229 1228/1228
f 1224/1224 1221/1221 1229/1229
f 1224/1224 1229/1229 1230/1230
f 1231/1231 1232/1232 1233/1233
f 1231/1231 1233/1233 1234/1234
f 952/952 951/951 1232/1232
f 952/952 1232/1232 1231/1231
f 1234/1234 1233/1233 1235/1235
f 1234/1234 1235/1235 1236/1236
f 955/955 1236/1236 1235/1235
f 955/955 1235/1235 956/956
f 1232/1232 1237/1237 1238/1238
f 1232/1232 1238/1238 1233/1233
f 951/951 959/959 1237/1237
f 951/951 1237/1237 1232/1232
f 1233/1233 1238/1238 1239/1239
f 1233/1233 1239/1239 1235/1235
f 956/956 1235/1235 1239/1239
f 956/956 1239/1239 961/961
f 1240/1240 1241/1241 1242/1242
f 1240/1240 1242/1242 1243/1243
f 964/964 963/963 1242/1242
f 964/964 1242/1242 1241/1241
f 965/965 1240/1240 1243/1243
f 965/965 1243/1243 966/966
f 965/965 964/964 1241/1241
f 965/965 1241/1241 1240/1240
f 963/963 1244/1244 1245/1245
f 963/963 1245/1245 1242/1242
f 966/966 1243/1243 1246/1246
f 966/966 1246/1246 967/967
f 1247/1247 972/972 1248/1248
f 1247/1247 1248/1248 1249/1249
f 968/968 1250/1250 1251/1251
f 968/968 1251/1251 969/969
f 1251/1251 1248/1248 1252/1252
f 1251/1251 1252/1252 1253/1253
f 972/972 971/971 1252/1252
f 972/972 1252/1252 1248/1248
f 969/969 1251/1251 1253/1253
f 969/969 1253/1253 973/973
f 973/973 1253/1253 1252/1252
f 973/973 1252/1252 971/971
f 1254/1254 1255/1255 1256/1256
f 1254/1254 1256/1256 1257/1257
f 976/976 1258/1258 1256/1256
f 976/976 1256/1256 1255/1255
f 977/977 976/976 1255/1255
f 977/977 1255/1255 1254/1254
f 1257/1257 1256/1256 1259/1259
f 1257/1257 1259/1259 1260/1260
f 1258/1258 979/979 1259/1259
f 1258/1258 1259/1259 1256/1256
f 978/978 1260/1260 1259/1259
f 978/978 1259/1259 979/979
f 1261/1261 1000/1000 1002/1002
f 1261/1261 1002/1002 1262/1262
f 1261/1261 1263/1263 1264/1264
f 1261/1261 1264/1264 1000/1000
f 1261/1261 1262/1262 1265/1265
f 1261/1261 1265/1265 1263/1263
f 1000/1000 1264/1264 1266/1266
f 1000/1000 1266/1266 1001/1001
f 1001/1001 1266/1266 1267/1267
f 1001/1001 1267/1267 1003/1003
f 1003/1003 1267/1267 1268/1268
f 1003/1003 1268/1268 1004/1004
f 1004/1004 1268/1268 1269/1269
f 1004/1004 1269/1269 1005/1005
f 1005/1005 1269/1269 1270/1270
f 1005/1005 1270/1270 1006/1006
f 1006/1006 1270/1270 1271/1271
f 1006/1006 1271/1271 1007/1007
f 1007/1007 1271/1271 1272/1272
f 1007/1007 1272/1272 1008/1008
f 1008/1008 1272/1272 1273/1273
f 1008/1008 1273/1273 1009/1009
f 1009/1009 1274/1274 1275/1275
f 1009/1009 1275/1275 1010/1010
f 1009/1009 1273/1273 1276/1276
f 1009/1009 1276/1276 1274/1274
f 1274/1274 1276/1276 1277/1277
f 1274/1274 1277/1277 1275/1275
f 1013/1013 1278/1278 1279/1279
f 1013/1013 1279/1279 1014/1014
f 1013/1013 1015/1015 1280/1280
f 1013/1013 1280/1280 1278/1278
f 1018/1018 1281/1281 1282/1282
f 1018/1018 1282/1282 1021/1021
f 1021/1021 1282/1282 1283/1283
f 1021/1021 1283/1283 1022/1022
f 1025/1025 1284/1284 1285/1285
f 1025/1025 1285/1285 1026/1026
f 1025/1025 1027/1027 1286/1286
f 1025/1025 1286/1286 1284/1284
f 1030/1030 1287/1287 1288/1288
f 1030/1030 1288/1288 1031/1031
f 1031/1031 1288/1288 1289/1289
f 1031/1031 1289/1289 1032/1032
f 1035/1035 1290/1290 1291/1291
f 1035/1035 1291/1291 1036/1036
f 1035/1035 1037/1037 1292/1292
f 1035/1035 1292/1292 1290/1290
f 1040/1040 1293/1293 1294/1294
f 1040/1040 1294/1294 1041/1041
f 1041/1041 1294/1294 1295/1295
f 1041/1041 1295/1295 1042/1042
f 1037/1037 1044/1044 1296/1296
f 1037/1037 1296/1296 1292/1292
f 1042/1042 1295/1295 1297/1297
f 1042/1042 1297/1297 1046/1046
f 1044/1044 1048/1048 1298/1298
f 1044/1044 1298/1298 1296/1296
f 1046/1046 1297/1297 1299/1299
f 1046/1046 1299/1299 1050/1050
f 1048/1048 1052/1052 1300/1300
f 1048/1048 1300/1300 1298/1298
f 1050/1050 1299/1299 1301/1301
f 1050/1050 1301/1301 1054/1054
f 1057/1057 1056/1056 1302/1302
f 1057/1057 1302/1302 1303/1303
f 1052/1052 1057/1057 1303/1303
f 1052/1052 1303/1303 1300/1300
f 1060/1060 1059/1059 1304/1304
f 1060/1060 1304/1304 1305/1305
f 1054/1054 1301/1301 1304/1304
f 1054/1054 1304/1304 1059/1059
f 1064/1064 1063/1063 1306/1306
f 1064/1064 1306/1306 1307/1307
f 1067/1067 1308/1308 1309/1309
f 1067/1067 1309/1309 1068/1068
f 1063/1063 1070/1070 1310/1310
f 1063/1063 1310/1310 1306/1306
f 1068/1068 1309/1309 1311/1311
f 1068/1068 1311/1311 1072/1072
f 1070/1070 1074/1074 1312/1312
f 1070/1070 1312/1312 1310/1310
f 1072/1072 1311/1311 1313/1313
f 1072/1072 1313/1313 1076/1076
f 1078/1078 1077/1077 1314/1314
f 1078/1078 1314/1314 1315/1315
f 1079/1079 1316/1316 1317/1317
f 1079/1079 1317/1317 1080/1080
f 1077/1077 1081/1081 1318/1318
f 1077/1077 1318/1318 1314/1314
f 1080/1080 1317/1317 1319/1319
f 1080/1080 1319/1319 1082/1082
f 1085/1085 1320/1320 1321/1321
f 1085/1085 1321/1321 1086/1086
f 1085/1085 1087/1087 1322/1322
f 1085/1085 1322/1322 1320/1320
f 1090/1090 1323/1323 1324/1324
f 1090/1090 1324/1324 1091/1091
f 1091/1091 1324/1324 1325/1325
f 1091/1091 1325/1325 1092/1092
f 1096/1096 1095/1095 1326/1326
f 1096/1096 1326/1326 1327/1327
f 1097/1097 1328/1328 1329/1329
f 1097/1097 1329/1329 1098/1098
f 1097/1097 1096/1096 1327/1327
f 1097/1097 1327/1327 1328/1328
f 1095/1095 1099/1099 1330/1330
f 1095/1095 1330/1330 1326/1326
f 1099/1099 1100/1100 1331/1331
f 1099/1099 1331/1331 1330/1330
f 1100/1100 1101/1101 1332/1332
f 1100/1100 1332/1332 1331/1331
f 1101/1101 1102/1102 1333/1333
f 1101/1101 1333/1333 1332/1332
f 1104/1104 1103/1103 1334/1334
f 1104/1104 1334/1334 1335/1335
f 1103/1103 1105/1105 1336/1336
f 1103/1103 1336/1336 1334/1334
f 1105/1105 1106/1106 1337/1337
f 1105/1105 1337/1337 1336/1336
f 1106/1106 1107/1107 1338/1338
f 1106/1106 1338/1338 1337/1337
f 1107/1107 1110/1110 1339/1339
f 1107/1107 1339/1339 1338/1338
f 1111/1111 1340/1340 1341/1341
f 1111/1111 1341/1341 1112/1112
f 1112/1112 1341/1341 1339/1339
f 1112/1112 1339/1339 1110/1110
f 1118/1118 1117/1117 1342/1342
f 1118/1118 1342/1342 1343/1343
f 1119/1119 1118/1118 1343/1343
f 1119/1119 1343/1343 1344/1344
f 1123/1123 1127/1127 1345/1345
f 1123/1123 1345/1345 1346/1346
f 1128/1128 1347/1347 1345/1345
f 1128/1128 1345/1345 1127/1127
f 1348/1348 1134/1134 1133/1133
f 1348/1348 1133/1133 1349/1349
f 1348/1348 1349/1349 1350/1350
f 1348/1348 1350/1350 1351/1351
f 1141/1141 1352/1352 1353/1353
f 1141/1141 1353/1353 1142/1142
f 1352/1352 1354/1354 1355/1355
f 1352/1352 1355/1355 1353/1353
f 1349/1349 1133/1133 1145/1145
f 1349/1349 1145/1145 1356/1356
f 1349/1349 1356/1356 1357/1357
f 1349/1349 1357/1357 1350/1350
f 1142/1142 1353/1353 1358/1358
f 1142/1142 1358/1358 1149/1149
f 1353/1353 1355/1355 1359/1359
f 1353/1353 1359/1359 1358/1358
f 1360/1360 1155/1155 1154/1154
f 1360/1360 1154/1154 1361/1361
f 1360/1360 1361/1361 1362/1362
f 1360/1360 1362/1362 1363/1363
f 1162/1162 1364/1364 1365/1365
f 1162/1162 1365/1365 1163/1163
f 1364/1364 1366/1366 1367/1367
f 1364/1364 1367/1367 1365/1365
f 1368/1368 1169/1169 1168/1168
f 1368/1368 1168/1168 1369/1369
f 1368/1368 1369/1369 1370/1370
f 1368/1368 1370/1370 1371/1371
f 1176/1176 1372/1372 1373/1373
f 1176/1176 1373/1373 1177/1177
f 1372/1372 1374/1374 1375/1375
f 1372/1372 1375/1375 1373/1373
f 1369/1369 1168/1168 1180/1180
f 1369/1369 1180/1180 1376/1376
f 1369/1369 1376/1376 1377/1377
f 1369/1369 1377/1377 1370/1370
f 1177/1177 1373/1373 1378/1378
f 1177/1177 1378/1378 1184/1184
f 1373/1373 1375/1375 1379/1379
f 1373/1373 1379/1379 1378/1378
f 1187/1187 1380/1380 1381/1381
f 1187/1187 1381/1381 1188/1188
f 1187/1187 1189/1189 1382/1382
f 1187/1187 1382/1382 1380/1380
f 1192/1192 1383/1383 1384/1384
f 1192/1192 1384/1384 1195/1195
f 1195/1195 1384/1384 1385/1385
f 1195/1195 1385/1385 1196/1196
f 1386/1386 1199/1199 1198/1198
f 1386/1386 1198/1198 1387/1387
f 1387/1387 1198/1198 1388/1388
f 1387/1387 1388/1388 1389/1389
f 1386/1386 1390/1390 1391/1391
f 1386/1386 1391/1391 1199/1199
f 1386/1386 1387/1387 1389/1389
f 1386/1386 1389/1389 1390/1390
f 1198/1198 1197/1197 1392/1392
f 1198/1198 1392/1392 1388/1388
f 1197/1197 1200/1200 1393/1393
f 1197/1197 1393/1393 1392/1392
f 1202/1202 1201/1201 1394/1394
f 1202/1202 1394/1394 1395/1395
f 1201/1201 1203/1203 1396/1396
f 1201/1201 1396/1396 1394/1394
f 1204/1204 1397/1397 1398/1398
f 1204/1204 1398/1398 1203/1203
f 1203/1203 1398/1398 1399/1399
f 1203/1203 1399/1399 1396/1396
f 1204/1204 1400/1400 1401/1401
f 1204/1204 1401/1401 1397/1397
f 1397/1397 1401/1401 1399/1399
f 1397/1397 1399/1399 1398/1398
f 1402/1402 1403/1403 1404/1404
f 1402/1402 1404/1404 1405/1405
f 1207/1207 1406/1406 1404/1404
f 1207/1207 1404/1404 1403/1403
f 1208/1208 1207/1207 1403/1403
f 1208/1208 1403/1403 1402/1402
f 1407/1407 1408/1408 1409/1409
f 1407/1407 1409/1409 1410/1410
f 1411/1411 1212/1212 1409/1409
f 1411/1411 1409/1409 1408/1408
f 1211/1211 1410/1410 1409/1409
f 1211/1211 1409/1409 1212/1212
f 1412/1412 1413/1413 1414/1414
f 1412/1412 1414/1414 1415/1415
f 1216/1216 1215/1215 1413/1413
f 1216/1216 1413/1413 1412/1412
f 1415/1415 1414/1414 1416/1416
f 1415/1415 1416/1416 1417/1417
f 1219/1219 1417/1417 1416/1416
f 1219/1219 1416/1416 1220/1220
f 1413/1413 1418/1418 1419/1419
f 1413/1413 1419/1419 1414/1414
f 1226/1226 1420/1420 1419/1419
f 1226/1226 1419/1419 1418/1418
f 1215/1215 1226/1226 1418/1418
f 1215/1215 1418/1418 1413/1413
f 1414/1414 1419/1419 1421/1421
f 1414/1414 1421/1421 1416/1416
f 1420/1420 1228/1228 1421/1421
f 1420/1420 1421/1421 1419/1419
f 1220/1220 1416/1416 1421/1421
f 1220/1220 1421/1421 1228/1228
f 1422/1422 1423/1423 1424/1424
f 1422/1422 1424/1424 1425/1425
f 1242/1242 1245/1245 1424/1424
f 1242/1242 1424/1424 1423/1423
f 1243/1243 1422/1422 1425/1425
f 1243/1243 1425/1425 1246/1246
f 1243/1243 1242/1242 1423/1423
f 1243/1243 1423/1423 1422/1422
f 1425/1425 1424/1424 1426/1426
f 1425/1425 1426/1426 1427/1427
f 1245/1245 1428/1428 1426/1426
f 1245/1245 1426/1426 1424/1424
f 1246/1246 1425/1425 1427/1427
f 1246/1246 1427/1427 1429/1429
f 1427/1427 1426/1426 1430/1430
f 1427/1427 1430/1430 1431/1431
f 1428/1428 1249/1249 1430/1430
f 1428/1428 1430/1430 1426/1426
f 1429/1429 1427/1427 1431/1431
f 1429/1429 1431/1431 1250/1250
f 1431/1431 1430/1430 1432/1432
f 1431/1431 1432/1432 1433/1433
f 1249/1249 1248/1248 1432/1432
f 1249/1249 1432/1432 1430/1430
f 1250/1250 1431/1431 1433/1433
f 1250/1250 1433/1433 1251/1251
f 1251/1251 1433/1433 1432/1432
f 1251/1251 1432/1432 1248/1248
f 1263/1263 1434/1434 1435/1435
f 1263/1263 1435/1435 1264/1264
f 1263/1263 1265/1265 1436/1436
f 1263/1263 1436/1436 1434/1434
f 1264/1264 1435/1435 1437/1437
f 1264/1264 1437/1437 1266/1266
f 1266/1266 1437/1437 1438/1438
f 1266/1266 1438/1438 1267/1267
f 1267/1267 1438/1438 1439/1439
f 1267/1267 1439/1439 1268/1268
f 1268/1268 1439/1439 1440/1440
f 1268/1268 1440/1440 1269/1269
f 1269/1269 1440/1440 1441/1441
f 1269/1269 1441/1441 1270/1270
f 1270/1270 1441/1441 1442/1442
f 1270/1270 1442/1442 1271/1271
f 1271/1271 1442/1442 1443/1443
f 1271/1271 1443/1443 1272/1272
f 1272/1272 1443/1443 1444/1444
f 1272/1272 1444/1444 1273/1273
f 1273/1273 1444/1444 1445/1445
f 1273/1273 1445/1445 1276/1276
f 1276/1276 1445/1445 1446/1446
f 1276/1276 1446/1446 1277/1277
f 1278/1278 1447/1447 1448/1448
f 1278/1278 1448/1448 1279/1279
f 1278/1278 1280/1280 1449/1449
f 1278/1278 1449/1449 1447/1447
f 1281/1281 1450/1450 1451/1451
f 1281/1281 1451/1451 1282/1282
f 1282/1282 1451/1451 1452/1452
f 1282/1282 1452/1452 1283/1283
f 1284/1284 1453/1453 1454/1454
f 1284/1284 1454/1454 1285/1285
f 1284/1284 1286/1286 1455/1455
f 1284/1284 1455/1455 1453/1453
f 1287/1287 1456/1456 1457/1457
f 1287/1287 1457/1457 1288/1288
f 1288/1288 1457/1457 1458/1458
f 1288/1288 1458/1458 1289/1289
f 1290/1290 1459/1459 1460/1460
f 1290/1290 1460/1460 1291/1291
f 1290/1290 1292/1292 1461/1461
f 1290/1290 1461/1461 1459/1459
f 1293/1293 1462/1462 1463/1463
f 1293/1293 1463/1463 1294/1294
f 1294/1294 1463/1463 1464/1464
f 1294/1294 1464/1464 1295/1295
f 1292/1292 1296/1296 1465/1465
f 1292/1292 1465/1465 1461/1461
f 1295/1295 1464/1464 1466/1466
f 1295/1295 1466/1466 1297/1297
f 1296/1296 1298/1298 1467/1467
f 1296/1296 1467/1467 1465/1465
f 1297/1297 1466/1466 1468/1468
f 1297/1297 1468/1468 1299/1299
f 1298/1298 1300/1300 1469/1469
f 1298/1298 1469/1469 1467/1467
f 1299/1299 1468/1468 1470/1470
f 1299/1299 1470/1470 1301/1301
f 1303/1303 1302/1302 1471/1471
f 1303/1303 1471/1471 1472/1472
f 1300/1300 1303/1303 1472/1472
f 1300/1300 1472/1472 1469/1469
f 1305/1305 1304/1304 1473/1473
f 1305/1305 1473/1473 1474/1474
f 1301/1301 1470/1470 1473/1473
f 1301/1301 1473/1473 1304/1304
f 1307/1307 1306/1306 1475/1475
f 1307/1307 1475/1475 1476/1476
f 1308/1308 1477/1477 1478/1478
f 1308/1308 1478/1478 1309/1309
f 1306/1306 1310/1310 1479/1479
f 1306/1306 1479/1479 1475/1475
f 1309/1309 1478/1478 1480/1480
f 1309/1309 1480/1480 1311/1311
f 1310/1310 1312/1312 1481/1481
f 1310/1310 1481/1481 1479/1479
f 1311/1311 1480/1480 1482/1482
f 1311/1311 1482/1482 1313/1313
f 1483/1483 1484/1484 1485/1485
f 1483/1483 1485/1485 1486/1486
f 1487/1487 1315/1315 1314/1314
f 1487/1487 1314/1314 1488/1488
f 1487/1487 1483/1483 1486/1486
f 1487/1487 1486/1486 1315/1315
f 1487/1487 1488/1488 1484/1484
f 1487/1487 1484/1484 1483/1483
f 1489/1489 1490/1490 1491/1491
f 1489/1489 1491/1491 1492/1492
f 1316/1316 1493/1493 1494/1494
f 1316/1316 1494/1494 1317/1317
f 1316/1316 1489/1489 1492/1492
f 1316/1316 1492/1492 1493/1493
f 1493/1493 1492/1492 1491/1491
f 1493/1493 1491/1491 1494/1494
f 1484/1484 1495/1495 1496/1496
f 1484/1484 1496/1496 1485/1485
f 1488/1488 1314/1314 1318/1318
f 1488/1488 1318/1318 1497/1497
f 1488/1488 1497/1497 1495/1495
f 1488/1488 1495/1495 1484/1484
f 1490/1490 1498/1498 1499/1499
f 1490/1490 1499/1499 1491/1491
f 1317/1317 1494/1494 1500/1500
f 1317/1317 1500/1500 1319/1319
f 1494/1494 1491/1491 1499/1499
f 1494/1494 1499/1499 1500/1500
f 1320/1320 1322/1322 1501/1501
f 1320/1320 1501/1501 1502/1502
f 1324/1324 1503/1503 1504/1504
f 1324/1324 1504/1504 1325/1325
f 1327/1327 1326/1326 1505/1505
f 1327/1327 1505/1505 1506/1506
f 1328/1328 1507/1507 1508/1508
f 1328/1328 1508/1508 1329/1329
f 1328/1328 1327/1327 1506/1506
f 1328/1328 1506/1506 1507/1507
f 1326/1326 1330/1330 1509/1509
f 1326/1326 1509/1509 1505/1505
f 1330/1330 1331/1331 1510/1510
f 1330/1330 1510/1510 1509/1509
f 1331/1331 1332/1332 1511/1511
f 1331/1331 1511/1511 1510/1510
f 1334/1334 1336/1336 1512/1512
f 1334/1334 1512/1512 1513/1513
f 1336/1336 1337/1337 1514/1514
f 1336/1336 1514/1514 1512/1512
f 1337/1337 1338/1338 1515/1515
f 1337/1337 1515/1515 1514/1514
f 1338/1338 1339/1339 1516/1516
f 1338/1338 1516/1516 1515/1515
f 1340/1340 1517/1517 1518/1518
f 1340/1340 1518/1518 1341/1341
f 1341/1341 1518/1518 1516/1516
f 1341/1341 1516/1516 1339/1339
f 1519/1519 1344/1344 1343/1343
f 1519/1519 1343/1343 1520/1520
f 1520/1520 1343/1343 1521/1521
f 1520/1520 1521/1521 1522/1522
f 1519/1519 1520/1520 1522/1522
f 1519/1519 1522/1522 1523/1523
f 1347/1347 1524/1524 1525/1525
f 1347/1347 1525/1525 1345/1345
f 1345/1345 1525/1525 1526/1526
f 1345/1345 1526/1526 1527/1527
f 1524/1524 1528/1528 1526/1526
f 1524/1524 1526/1526 1525/1525
f 1529/1529 1351/1351 1350/1350
f 1529/1529 1350/1350 1530/1530
f 1529/1529 1530/1530 1531/1531
f 1529/1529 1531/1531 1532/1532
f 1354/1354 1533/1533 1534/1534
f 1354/1354 1534/1534 1355/1355
f 1533/1533 1535/1535 1536/1536
f 1533/1533 1536/1536 1534/1534
f 1530/1530 1350/1350 1357/1357
f 1530/1530 1357/1357 1537/1537
f 1537/1537 1357/1357 1538/1538
f 1537/1537 1538/1538 1539/1539
f 1530/1530 1537/1537 1539/1539
f 1530/1530 1539/1539 1531/1531
f 1355/1355 1534/1534 1540/1540
f 1355/1355 1540/1540 1359/1359
f 1359/1359 1540/1540 1541/1541
f 1359/1359 1541/1541 1542/1542
f 1534/1534 1536/1536 1541/1541
f 1534/1534 1541/1541 1540/1540
f 1363/1363 1362/1362 1543/1543
f 1363/1363 1543/1543 1544/1544
f 1366/1366 1545/1545 1546/1546
f 1366/1366 1546/1546 1367/1367
f 1371/1371 1370/1370 1547/1547
f 1371/1371 1547/1547 1548/1548
f 1374/1374 1549/1549 1550/1550
f 1374/1374 1550/1550 1375/1375
f 1370/1370 1377/1377 1551/1551
f 1370/1370 1551/1551 1547/1547
f 1375/1375 1550/1550 1552/1552
f 1375/1375 1552/1552 1379/1379
f 1380/1380 1553/1553 1554/1554
f 1380/1380 1554/1554 1381/1381
f 1380/1380 1382/1382 1555/1555
f 1380/1380 1555/1555 1553/1553
f 1383/1383 1556/1556 1557/1557
f 1383/1383 1557/1557 1384/1384
f 1384/1384 1557/1557 1558/1558
f 1384/1384 1558/1558 1385/1385
f 1389/1389 1388/1388 1559/1559
f 1389/1389 1559/1559 1560/1560
f 1390/1390 1561/1561 1562/1562
f 1390/1390 1562/1562 1391/1391
f 1390/1390 1389/1389 1560/1560
f 1390/1390 1560/1560 1561/1561
f 1388/1388 1392/1392 1563/1563
f 1388/1388 1563/1563 1559/1559
f 1392/1392 1393/1393 1564/1564
f 1392/1392 1564/1564 1563/1563
f 1393/1393 1565/1565 1566/1566
f 1393/1393 1566/1566 1564/1564
f 1567/1567 1395/1395 1568/1568
f 1567/1567 1568/1568 1569/1569
f 1395/1395 1394/1394 1570/1570
f 1395/1395 1570/1570 1568/1568
f 1394/1394 1396/1396 1571/1571
f 1394/1394 1571/1571 1570/1570
f 1396/1396 1399/1399 1572/1572
f 1396/1396 1572/1572 1571/1571
f 1400/1400 1573/1573 1574/1574
f 1400/1400 1574/1574 1401/1401
f 1401/1401 1574/1574 1572/1572
f 1401/1401 1572/1572 1399/1399
f 1575/1575 1576/1576 1577/1577
f 1575/1575 1577/1577 1578/1578
f 1404/1404 1579/1579 1577/1577
f 1404/1404 1577/1577 1576/1576
f 1405/1405 1404/1404 1576/1576
f 1405/1405 1576/1576 1575/1575
f 1578/1578 1577/1577 1580/1580
f 1578/1578 1580/1580 1581/1581
f 1579/1579 1408/1408 1580/1580
f 1579/1579 1580/1580 1577/1577
f 1407/1407 1581/1581 1580/1580
f 1407/1407 1580/1580 1408/1408
f 1434/1434 1582/1582 1583/1583
f 1434/1434 1583/1583 1435/1435
f 1434/1434 1436/1436 1584/1584
f 1434/1434 1584/1584 1582/1582
f 1435/1435 1583/1583 1585/1585
f 1435/1435 1585/1585 1437/1437
f 1437/1437 1585/1585 1586/1586
f 1437/1437 1586/1586 1438/1438
f 1438/1438 1586/1586 1587/1587
f 1438/1438 1587/1587 1439/1439
f 1439/1439 1587/1587 1588/1588
f 1439/1439 1588/1588 1440/1440
f 1440/1440 1588/1588 1589/1589
f 1440/1440 1589/1589 1441/1441
f 1441/1441 1589/1589 1590/1590
f 1441/1441 1590/1590 1442/1442
f 1442/1442 1590/1590 1591/1591
f 1442/1442 1591/1591 1443/1443
f 1443/1443 1591/1591 1592/1592
f 1443/1443 1592/1592 1444/1444
f 1444/1444 1592/1592 1593/1593
f 1444/1444 1593/1593 1445/1445
f 1445/1445 1593/1593 1594/1594
f 1445/1445 1594/1594 1446/1446
f 1595/1595 1596/1596 1597/1597
f 1595/1595 1597/1597 1598/1598
f 1599/1599 1447/1447 1449/1449
f 1599/1599 1449/1449 1600/1600
f 1599/1599 1595/1595 1598/1598
f 1599/1599 1598/1598 1447/1447
f 1599/1599 1600/1600 1596/1596
f 1599/1599 1596/1596 1595/1595
f 1447/1447 1598/1598 1601/1601
f 1447/1447 1601/1601 1448/1448
f 1450/1450 1602/1602 1603/1603
f 1450/1450 1603/1603 1451/1451
f 1603/1603 1604/1604 1605/1605
f 1603/1603 1605/1605 1606/1606
f 1451/1451 1607/1607 1608/1608
f 1451/1451 1608/1608 1452/1452
f 1451/1451 1603/1603 1606/1606
f 1451/1451 1606/1606 1607/1607
f 1607/1607 1606/1606 1605/1605
f 1607/1607 1605/1605 1608/1608
f 1453/1453 1455/1455 1609/1609
f 1453/1453 1609/1609 1610/1610
f 1457/1457 1611/1611 1612/1612
f 1457/1457 1612/1612 1458/1458
f 1459/1459 1613/1613 1614/1614
f 1459/1459 1614/1614 1460/1460
f 1459/1459 1461/1461 1615/1615
f 1459/1459 1615/1615 1613/1613
f 1462/1462 1616/1616 1617/1617
f 1462/1462 1617/1617 1463/1463
f 1463/1463 1617/1617 1618/1618
f 1463/1463 1618/1618 1464/1464
f 1461/1461 1465/1465 1619/1619
f 1461/1461 1619/1619 1615/1615
f 1464/1464 1618/1618 1620/1620
f 1464/1464 1620/1620 1466/1466
f 1465/1465 1467/1467 1621/1621
f 1465/1465 1621/1621 1619/1619
f 1466/1466 1620/1620 1622/1622
f 1466/1466 1622/1622 1468/1468
f 1467/1467 1469/1469 1623/1623
f 1467/1467 1623/1623 1621/1621
f 1468/1468 1622/1622 1624/1624
f 1468/1468 1624/1624 1470/1470
f 1472/1472 1471/1471 1625/1625
f 1472/1472 1625/1625 1626/1626
f 1469/1469 1472/1472 1626/1626
f 1469/1469 1626/1626 1623/1623
f 1474/1474 1473/1473 1627/1627
f 1474/1474 1627/1627 1628/1628
f 1470/1470 1624/1624 1627/1627
f 1470/1470 1627/1627 1473/1473
f 1476/1476 1475/1475 1629/1629
f 1476/1476 1629/1629 1630/1630
f 1477/1477 1631/1631 1632/1632
f 1477/1477 1632/1632 1478/1478
f 1475/1475 1479/1479 1633/1633
f 1475/1475 1633/1633 1629/1629
f 1478/1478 1632/1632 1634/1634
f 1478/1478 1634/1634 1480/1480
f 1479/1479 1481/1481 1635/1635
f 1479/1479 1635/1635 1633/1633
f 1480/1480 1634/1634 1636/1636
f 1480/1480 1636/1636 1482/1482
f 1486/1486 1485/1485 1637/1637
f 1486/1486 1637/1637 1638/1638
f 1489/1489 1639/1639 1640/1640
f 1489/1489 1640/1640 1490/1490
f 1485/1485 1496/1496 1641/1641
f 1485/1485 1641/1641 1637/1637
f 1490/1490 1640/1640 1642/1642
f 1490/1490 1642/1642 1498/1498
f 1502/1502 1643/1643 1644/1644
f 1502/1502 1644/1644 1645/1645
f 1502/1502 1501/1501 1646/1646
f 1502/1502 1646/1646 1643/1643
f 1647/1647 1648/1648 1649/1649
f 1647/1647 1649/1649 1503/1503
f 1503/1503 1649/1649 1650/1650
f 1503/1503 1650/1650 1504/1504
f 1506/1506 1505/1505 1651/1651
f 1506/1506 1651/1651 1652/1652
f 1507/1507 1653/1653 1654/1654
f 1507/1507 1654/1654 1508/1508
f 1507/1507 1506/1506 1652/1652
f 1507/1507 1652/1652 1653/1653
f 1505/1505 1509/1509 1655/1655
f 1505/1505 1655/1655 1651/1651
f 1509/1509 1510/1510 1656/1656
f 1509/1509 1656/1656 1655/1655
f 1510/1510 1511/1511 1657/1657
f 1510/1510 1657/1657 1656/1656
f 1513/1513 1512/1512 1658/1658
f 1513/1513 1658/1658 1659/1659
f 1512/1512 1514/1514 1660/1660
f 1512/1512 1660/1660 1658/1658
f 1514/1514 1515/1515 1661/1661
f 1514/1514 1661/1661 1660/1660
f 1515/1515 1516/1516 1662/1662
f 1515/1515 1662/1662 1661/1661
f 1517/1517 1663/1663 1664/1664
f 1517/1517 1664/1664 1518/1518
f 1518/1518 1664/1664 1662/1662
f 1518/1518 1662/1662 1516/1516
f 1522/1522 1521/1521 1665/1665
f 1522/1522 1665/1665 1666/1666
f 1523/1523 1522/1522 1666/1666
f 1523/1523 1666/1666 1667/1667
f 1527/1527 1526/1526 1668/1668
f 1527/1527 1668/1668 1669/1669
f 1528/1528 1670/1670 1668/1668
f 1528/1528 1668/1668 1526/1526
f 1532/1532 1531/1531 1671/1671
f 1532/1532 1671/1671 1672/1672
f 1535/1535 1673/1673 1674/1674
f 1535/1535 1674/1674 1536/1536
f 1531/1531 1539/1539 1675/1675
f 1531/1531 1675/1675 1671/1671
f 1536/1536 1674/1674 1676/1676
f 1536/1536 1676/1676 1541/1541
f 1677/1677 1678/1678 1679/1679
f 1677/1677 1679/1679 1680/1680
f 1681/1681 1544/1544 1543/1543
f 1681/1681 1543/1543 1682/1682
f 1682/1682 1543/1543 1679/1679
f 1682/1682 1679/1679 1678/1678
f 1681/1681 1682/1682 1678/1678
f 1681/1681 1678/1678 1677/1677
f 1683/1683 1684/1684 1685/1685
f 1683/1683 1685/1685 1686/1686
f 1545/1545 1687/1687 1688/1688
f 1545/1545 1688/1688 1546/1546
f 1546/1546 1688/1688 1685/1685
f 1546/1546 1685/1685 1684/1684
f 1687/1687 1686/1686 1685/1685
f 1687/1687 1685/1685 1688/1688
f 1548/1548 1547/1547 1689/1689
f 1548/1548 1689/1689 1690/1690
f 1549/1549 1691/1691 1692/1692
f 1549/1549 1692/1692 1550/1550
f 1547/1547 1551/1551 1693/1693
f 1547/1547 1693/1693 1689/1689
f 1550/1550 1692/1692 1694/1694
f 1550/1550 1694/1694 1552/1552
f 1553/1553 1695/1695 1696/1696
f 1553/1553 1696/1696 1554/1554
f 1553/1553 1555/1555 1697/1697
f 1553/1553 1697/1697 1695/1695
f 1556/1556 1698/1698 1699/1699
f 1556/1556 1699/1699 1557/1557
f 1557/1557 1699/1699 1700/1700
f 1557/1557 1700/1700 1558/1558
f 1701/1701 1702/1702 1703/1703
f 1701/1701 1703/1703 1704/1704
f 1560/1560 1559/1559 1703/1703
f 1560/1560 1703/1703 1702/1702
f 1561/1561 1701/1701 1704/1704
f 1561/1561 1704/1704 1562/1562
f 1561/1561 1560/1560 1702/1702
f 1561/1561 1702/1702 1701/1701
f 1559/1559 1563/1563 1705/1705
f 1559/1559 1705/1705 1703/1703
f 1563/1563 1564/1564 1706/1706
f 1563/1563 1706/1706 1705/1705
f 1564/1564 1566/1566 1707/1707
f 1564/1564 1707/1707 1706/1706
f 1566/1566 1708/1708 1709/1709
f 1566/1566 1709/1709 1707/1707
f 1708/1708 1569/1569 1710/1710
f 1708/1708 1710/1710 1709/1709
f 1569/1569 1568/1568 1711/1711
f 1569/1569 1711/1711 1710/1710
f 1568/1568 1570/1570 1712/1712
f 1568/1568 1712/1712 1711/1711
f 1570/1570 1571/1571 1713/1713
f 1570/1570 1713/1713 1712/1712
f 1714/1714 1713/1713 1715/1715
f 1714/1714 1715/1715 1716/1716
f 1571/1571 1572/1572 1715/1715
f 1571/1571 1715/1715 1713/1713
f 1573/1573 1714/1714 1716/1716
f 1573/1573 1716/1716 1574/1574
f 1574/1574 1716/1716 1715/1715
f 1574/1574 1715/1715 1572/1572
f 1717/1717 1718/1718 1719/1719
f 1717/1717 1719/1719 1720/1720
f 1582/1582 1717/1717 1720/1720
f 1582/1582 1720/1720 1583/1583
f 1582/1582 1584/1584 1718/1718
f 1582/1582 1718/1718 1717/1717
f 1583/1583 1720/1720 1721/1721
f 1583/1583 1721/1721 1585/1585
f 1585/1585 1721/1721 1722/1722
f 1585/1585 1722/1722 1586/1586
f 1586/1586 1722/1722 1723/1723
f 1586/1586 1723/1723 1587/1587
f 1587/1587 1723/1723 1724/1724
f 1587/1587 1724/1724 1588/1588
f 1588/1588 1724/1724 1725/1725
f 1588/1588 1725/1725 1589/1589
f 1589/1589 1725/1725 1726/1726
f 1589/1589 1726/1726 1590/1590
f 1590/1590 1726/1726 1727/1727
f 1590/1590 1727/1727 1591/1591
f 1591/1591 1727/1727 1728/1728
f 1591/1591 1728/1728 1592/1592
f 1728/1728 1729/1729 1730/1730
f 1728/1728 1730/1730 1731/1731
f 1592/1592 1728/1728 1731/1731
f 1592/1592 1731/1731 1593/1593
f 1593/1593 1731/1731 1730/1730
f 1593/1593 1730/1730 1594/1594
f 1598/1598 1732/1732 1733/1733
f 1598/1598 1733/1733 1601/1601
f 1598/1598 1597/1597 1734/1734
f 1598/1598 1734/1734 1732/1732
f 1602/1602 1735/1735 1736/1736
f 1602/1602 1736/1736 1603/1603
f 1603/1603 1736/1736 1737/1737
f 1603/1603 1737/1737 1604/1604
f 1610/1610 1738/1738 1739/1739
f 1610/1610 1739/1739 1740/1740
f 1610/1610 1609/1609 1741/1741
f 1610/1610 1741/1741 1738/1738
f 1742/1742 1743/1743 1744/1744
f 1742/1742 1744/1744 1611/1611
f 1611/1611 1744/1744 1745/1745
f 1611/1611 1745/1745 1612/1612
f 1613/1613 1746/1746 1747/1747
f 1613/1613 1747/1747 1614/1614
f 1613/1613 1615/1615 1748/1748
f 1613/1613 1748/1748 1746/1746
f 1616/1616 1749/1749 1750/1750
f 1616/1616 1750/1750 1617/1617
f 1617/1617 1750/1750 1751/1751
f 1617/1617 1751/1751 1618/1618
f 1615/1615 1619/1619 1752/1752
f 1615/1615 1752/1752 1748/1748
f 1618/1618 1751/1751 1753/1753
f 1618/1618 1753/1753 1620/1620
f 1619/1619 1621/1621 1754/1754
f 1619/1619 1754/1754 1752/1752
f 1620/1620 1753/1753 1755/1755
f 1620/1620 1755/1755 1622/1622
f 1621/1621 1623/1623 1756/1756
f 1621/1621 1756/1756 1754/1754
f 1622/1622 1755/1755 1757/1757
f 1622/1622 1757/1757 1624/1624
f 1626/1626 1625/1625 1758/1758
f 1626/1626 1758/1758 1759/1759
f 1623/1623 1626/1626 1759/1759
f 1623/1623 1759/1759 1756/1756
f 1628/1628 1627/1627 1760/1760
f 1628/1628 1760/1760 1761/1761
f 1624/1624 1757/1757 1760/1760
f 1624/1624 1760/1760 1627/1627
f 1630/1630 1629/1629 1762/1762
f 1630/1630 1762/1762 1763/1763
f 1631/1631 1764/1764 1765/1765
f 1631/1631 1765/1765 1632/1632
f 1629/1629 1633/1633 1766/1766
f 1629/1629 1766/1766 1762/1762
f 1632/1632 1765/1765 1767/1767
f 1632/1632 1767/1767 1634/1634
f 1633/1633 1635/1635 1768/1768
f 1633/1633 1768/1768 1766/1766
f 1634/1634 1767/1767 1769/1769
f 1634/1634 1769/1769 1636/1636
f 1638/1638 1637/1637 1770/1770
f 1638/1638 1770/1770 1771/1771
f 1639/1639 1772/1772 1773/1773
f 1639/1639 1773/1773 1640/1640
f 1637/1637 1641/1641 1774/1774
f 1637/1637 1774/1774 1770/1770
f 1640/1640 1773/1773 1775/1775
f 1640/1640 1775/1775 1642/1642
f 1643/1643 1776/1776 1777/1777
f 1643/1643 1777/1777 1644/1644
f 1643/1643 1646/1646 1778/1778
f 1643/1643 1778/1778 1776/1776
f 1648/1648 1779/1779 1780/1780
f 1648/1648 1780/1780 1649/1649
f 1649/1649 1780/1780 1781/1781
f 1649/1649 1781/1781 1650/1650
f 1652/1652 1651/1651 1782/1782
f 1652/1652 1782/1782 1783/1783
f 1653/1653 1784/1784 1785/1785
f 1653/1653 1785/1785 1654/1654
f 1653/1653 1652/1652 1783/1783
f 1653/1653 1783/1783 1784/1784
f 1651/1651 1655/1655 1786/1786
f 1651/1651 1786/1786 1782/1782
f 1655/1655 1656/1656 1787/1787
f 1655/1655 1787/1787 1786/1786
f 1656/1656 1657/1657 1788/1788
f 1656/1656 1788/1788 1787/1787
f 1659/1659 1658/1658 1789/1789
f 1659/1659 1789/1789 1790/1790
f 1658/1658 1660/1660 1791/1791
f 1658/1658 1791/1791 1789/1789
f 1660/1660 1661/1661 1792/1792
f 1660/1660 1792/1792 1791/1791
f 1661/1661 1662/1662 1793/1793
f 1661/1661 1793/1793 1792/1792
f 1663/1663 1794/1794 1795/1795
f 1663/1663 1795/1795 1664/1664
f 1664/1664 1795/1795 1793/1793
f 1664/1664 1793/1793 1662/1662
f 1666/1666 1665/1665 1796/1796
f 1666/1666 1796/1796 1797/1797
f 1667/1667 1666/1666 1797/1797
f 1667/1667 1797/1797 1798/1798
f 1669/1669 1668/1668 1799/1799
f 1669/1669 1799/1799 1800/1800
f 1670/1670 1801/1801 1799/1799
f 1670/1670 1799/1799 1668/1668
f 1672/1672 1671/1671 1802/1802
f 1672/1672 1802/1802 1803/1803
f 1673/1673 1804/1804 1805/1805
f 1673/1673 1805/1805 1674/1674
f 1675/1675 1806/1806 1807/1807
f 1675/1675 1807/1807 1808/1808
f 1671/1671 1675/1675 1808/1808
f 1671/1671 1808/1808 1802/1802
f 1809/1809 1676/1676 1810/1810
f 1809/1809 1810/1810 1811/1811
f 1674/1674 1805/1805 1810/1810
f 1674/1674 1810/1810 1676/1676
f 1680/1680 1679/1679 1812/1812
f 1680/1680 1812/1812 1813/1813
f 1683/1683 1814/1814 1815/1815
f 1683/1683 1815/1815 1684/1684
f 1816/1816 1817/1817 1818/1818
f 1816/1816 1818/1818 1819/1819
f 1690/1690 1689/1689 1817/1817
f 1690/1690 1817/1817 1816/1816
f 1820/1820 1821/1821 1822/1822
f 1820/1820 1822/1822 1823/1823
f 1691/1691 1823/1823 1822/1822
f 1691/1691 1822/1822 1692/1692
f 1817/1817 1824/1824 1825/1825
f 1817/1817 1825/1825 1818/1818
f 1689/1689 1693/1693 1824/1824
f 1689/1689 1824/1824 1817/1817
f 1821/1821 1826/1826 1827/1827
f 1821/1821 1827/1827 1822/1822
f 1692/1692 1822/1822 1827/1827
f 1692/1692 1827/1827 1694/1694
f 1828/1828 1829/1829 1830/1830
f 1828/1828 1830/1830 1831/1831
f 1695/1695 1828/1828 1831/1831
f 1695/1695 1831/1831 1696/1696
f 1695/1695 1697/1697 1829/1829
f 1695/1695 1829/1829 1828/1828
f 1832/1832 1833/1833 1834/1834
f 1832/1832 1834/1834 1835/1835
f 1698/1698 1832/1832 1835/1835
f 1698/1698 1835/1835 1699/1699
f 1699/1699 1835/1835 1834/1834
f 1699/1699 1834/1834 1700/1700
f 1836/1836 1837/1837 1838/1838
f 1836/1836 1838/1838 1839/1839
f 1703/1703 1705/1705 1838/1838
f 1703/1703 1838/1838 1837/1837
f 1704/1704 1703/1703 1837/1837
f 1704/1704 1837/1837 1836/1836
f 1705/1705 1706/1706 1840/1840
f 1705/1705 1840/1840 1838/1838
f 1706/1706 1707/1707 1841/1841
f 1706/1706 1841/1841 1840/1840
f 1707/1707 1709/1709 1842/1842
f 1707/1707 1842/1842 1841/1841
f 1709/1709 1710/1710 1843/1843
f 1709/1709 1843/1843 1842/1842
f 1710/1710 1711/1711 1844/1844
f 1710/1710 1844/1844 1843/1843
f 1711/1711 1712/1712 1845/1845
f 1711/1711 1845/1845 1844/1844
f 1846/1846 1845/1845 1847/1847
f 1846/1846 1847/1847 1848/1848
f 1712/1712 1713/1713 1847/1847
f 1712/1712 1847/1847 1845/1845
f 1714/1714 1848/1848 1847/1847
f 1714/1714 1847/1847 1713/1713
f 1720/1720 1849/1849 1850/1850
f 1720/1720 1850/1850 1721/1721
f 1720/1720 1719/1719 1851/1851
f 1720/1720 1851/1851 1849/1849
f 1721/1721 1850/1850 1852/1852
f 1721/1721 1852/1852 1722/1722
f 1722/1722 1852/1852 1853/1853
f 1722/1722 1853/1853 1723/1723
f 1723/1723 1853/1853 1854/1854
f 1723/1723 1854/1854 1724/1724
f 1724/1724 1854/1854 1855/1855
f 1724/1724 1855/1855 1725/1725
f 1725/1725 1855/1855 1856/1856
f 1725/1725 1856/1856 1726/1726
f 1726/1726 1856/1856 1857/1857
f 1726/1726 1857/1857 1727/1727
f 1727/1727 1857/1857 1858/1858
f 1727/1727 1858/1858 1728/1728
f 1728/1728 1858/1858 1859/1859
f 1728/1728 1859/1859 1729/1729
f 1732/1732 1860/1860 1861/1861
f 1732/1732 1861/1861 1733/1733
f 1732/1732 1734/1734 1862/1862
f 1732/1732 1862/1862 1860/1860
f 1733/1733 1861/1861 1863/1863
f 1733/1733 1863/1863 1864/1864
f 1865/1865 1866/1866 1867/1867
f 1865/1865 1867/1867 1735/1735
f 1735/1735 1867/1867 1868/1868
f 1735/1735 1868/1868 1736/1736
f 1736/1736 1868/1868 1869/1869
f 1736/1736 1869/1869 1737/1737
f 1870/1870 1871/1871 1872/1872
f 1870/1870 1872/1872 1873/1873
f 1738/1738 1870/1870 1873/1873
f 1738/1738 1873/1873 1739/1739
f 1738/1738 1741/1741 1871/1871
f 1738/1738 1871/1871 1870/1870
f 1874/1874 1875/1875 1876/1876
f 1874/1874 1876/1876 1877/1877
f 1743/1743 1874/1874 1877/1877
f 1743/1743 1877/1877 1744/1744
f 1744/1744 1877/1877 1876/1876
f 1744/1744 1876/1876 1745/1745
f 1878/1878 1879/1879 1880/1880
f 1878/1878 1880/1880 1881/1881
f 1746/1746 1878/1878 1881/1881
f 1746/1746 1881/1881 1747/1747
f 1746/1746 1748/1748 1879/1879
f 1746/1746 1879/1879 1878/1878
f 1882/1882 1883/1883 1884/1884
f 1882/1882 1884/1884 1885/1885
f 1749/1749 1882/1882 1885/1885
f 1749/1749 1885/1885 1750/1750
f 1750/1750 1885/1885 1884/1884
f 1750/1750 1884/1884 1751/1751
f 1879/1879 1886/1886 1887/1887
f 1879/1879 1887/1887 1880/1880
f 1748/1748 1752/1752 1886/1886
f 1748/1748 1886/1886 1879/1879
f 1883/1883 1888/1888 1889/1889
f 1883/1883 1889/1889 1884/1884
f 1751/1751 1884/1884 1889/1889
f 1751/1751 1889/1889 1753/1753
f 1886/1886 1890/1890 1891/1891
f 1886/1886 1891/1891 1887/1887
f 1752/1752 1754/1754 1890/1890
f 1752/1752 1890/1890 1886/1886
f 1888/1888 1892/1892 1893/1893
f 1888/1888 1893/1893 1889/1889
f 1753/1753 1889/1889 1893/1893
f 1753/1753 1893/1893 1755/1755
f 1890/1890 1894/1894 1895/1895
f 1890/1890 1895/1895 1891/1891
f 1754/1754 1756/1756 1894/1894
f 1754/1754 1894/1894 1890/1890
f 1892/1892 1896/1896 1897/1897
f 1892/1892 1897/1897 1893/1893
f 1755/1755 1893/1893 1897/1897
f 1755/1755 1897/1897 1757/1757
f 1894/1894 1898/1898 1899/1899
f 1894/1894 1899/1899 1895/1895
f 1759/1759 1758/1758 1899/1899
f 1759/1759 1899/1899 1898/1898
f 1756/1756 1759/1759 1898/1898
f 1756/1756 1898/1898 1894/1894
f 1896/1896 1900/1900 1901/1901
f 1896/1896 1901/1901 1897/1897
f 1761/1761 1760/1760 1901/1901
f 1761/1761 1901/1901 1900/1900
f 1757/1757 1897/1897 1901/1901
f 1757/1757 1901/1901 1760/1760
f 1902/1902 1903/1903 1904/1904
f 1902/1902 1904/1904 1905/1905
f 1763/1763 1762/1762 1903/1903
f 1763/1763 1903/1903 1902/1902
f 1906/1906 1907/1907 1908/1908
f 1906/1906 1908/1908 1909/1909
f 1764/1764 1909/1909 1908/1908
f 1764/1764 1908/1908 1765/1765
f 1903/1903 1910/1910 1911/1911
f 1903/1903 1911/1911 1904/1904
f 1762/1762 1766/1766 1910/1910
f 1762/1762 1910/1910 1903/1903
f 1907/1907 1912/1912 1913/1913
f 1907/1907 1913/1913 1908/1908
f 1765/1765 1908/1908 1913/1913
f 1765/1765 1913/1913 1767/1767
f 1910/1910 1914/1914 1915/1915
f 1910/1910 1915/1915 1911/1911
f 1766/1766 1768/1768 1914/1914
f 1766/1766 1914/1914 1910/1910
f 1912/1912 1916/1916 1917/1917
f 1912/1912 1917/1917 1913/1913
f 1767/1767 1913/1913 1917/1917
f 1767/1767 1917/1917 1769/1769
f 1918/1918 1919/1919 1920/1920
f 1918/1918 1920/1920 1921/1921
f 1771/1771 1770/1770 1919/1919
f 1771/1771 1919/1919 1918/1918
f 1922/1922 1923/1923 1924/1924
f 1922/1922 1924/1924 1925/1925
f 1772/1772 1925/1925 1924/1924
f 1772/1772 1924/1924 1773/1773
f 1919/1919 1926/1926 1927/1927
f 1919/1919 1927/1927 1920/1920
f 1770/1770 1774/1774 1926/1926
f 1770/1770 1926/1926 1919/1919
f 1923/1923 1928/1928 1929/1929
f 1923/1923 1929/1929 1924/1924
f 1773/1773 1924/1924 1929/1929
f 1773/1773 1929/1929 1775/1775
f 1776/1776 1930/1930 1931/1931
f 1776/1776 1931/1931 1777/1777
f 1776/1776 1778/1778 1932/1932
f 1776/1776 1932/1932 1930/1930
f 1779/1779 1933/1933 1934/1934
f 1779/1779 1934/1934 1780/1780
f 1780/1780 1934/1934 1935/1935
f 1780/1780 1935/1935 1781/1781
f 1936/1936 1937/1937 1938/1938
f 1936/1936 1938/1938 1939/1939
f 1783/1783 1782/1782 1938/1938
f 1783/1783 1938/1938 1937/1937
f 1784/1784 1936/1936 1939/1939
f 1784/1784 1939/1939 1785/1785
f 1784/1784 1783/1783 1937/1937
f 1784/1784 1937/1937 1936/1936
f 1782/1782 1786/1786 1940/1940
f 1782/1782 1940/1940 1938/1938
f 1786/1786 1787/1787 1941/1941
f 1786/1786 1941/1941 1940/1940
f 1787/1787 1788/1788 1942/1942
f 1787/1787 1942/1942 1941/1941
f 1790/1790 1789/1789 1943/1943
f 1790/1790 1943/1943 1944/1944
f 1789/1789 1791/1791 1945/1945
f 1789/1789 1945/1945 1943/1943
f 1791/1791 1792/1792 1946/1946
f 1791/1791 1946/1946 1945/1945
f 1947/1947 1946/1946 1948/1948
f 1947/1947 1948/1948 1949/1949
f 1792/1792 1793/1793 1948/1948
f 1792/1792 1948/1948 1946/1946
f 1794/1794 1947/1947 1949/1949
f 1794/1794 1949/1949 1795/1795
f 1795/1795 1949/1949 1948/1948
f 1795/1795 1948/1948 1793/1793
f 1950/1950 1951/1951 1952/1952
f 1950/1950 1952/1952 1953/1953
f 1797/1797 1796/1796 1952/1952
f 1797/1797 1952/1952 1951/1951
f 1798/1798 1797/1797 1951/1951
f 1798/1798 1951/1951 1950/1950
f 1954/1954 1955/1955 1956/1956
f 1954/1954 1956/1956 1957/1957
f 1800/1800 1799/1799 1956/1956
f 1800/1800 1956/1956 1955/1955
f 1801/1801 1957/1957 1956/1956
f 1801/1801 1956/1956 1799/1799
f 1958/1958 1959/1959 1960/1960
f 1958/1958 1960/1960 1961/1961
f 1803/1803 1802/1802 1959/1959
f 1803/1803 1959/1959 1958/1958
f 1962/1962 1963/1963 1964/1964
f 1962/1962 1964/1964 1965/1965
f 1804/1804 1965/1965 1964/1964
f 1804/1804 1964/1964 1805/1805
f 1959/1959 1966/1966 1967/1967
f 1959/1959 1967/1967 1960/1960
f 1808/1808 1807/1807 1967/1967
f 1808/1808 1967/1967 1966/1966
f 1802/1802 1808/1808 1966/1966
f 1802/1802 1966/1966 1959/1959
f 1963/1963 1968/1968 1969/1969
f 1963/1963 1969/1969 1964/1964
f 1811/1811 1810/1810 1969/1969
f 1811/1811 1969/1969 1968/1968
f 1805/1805 1964/1964 1969/1969
f 1805/1805 1969/1969 1810/1810
f 1970/1970 1971/1971 1972/1972
f 1970/1970 1972/1972 1973/1973
f 1812/1812 1974/1974 1972/1972
f 1812/1812 1972/1972 1971/1971
f 1813/1813 1812/1812 1971/1971
f 1813/1813 1971/1971 1970/1970
f 1975/1975 1976/1976 1977/1977
f 1975/1975 1977/1977 1978/1978
f 1979/1979 1815/1815 1977/1977
f 1979/1979 1977/1977 1976/1976
f 1814/1814 1978/1978 1977/1977
f 1814/1814 1977/1977 1815/1815
f 1980/1980 1981/1981 1982/1982
f 1980/1980 1982/1982 1983/1983
f 1819/1819 1818/1818 1981/1981
f 1819/1819 1981/1981 1980/1980
f 1983/1983 1982/1982 1984/1984
f 1983/1983 1984/1984 1985/1985
f 1985/1985 1984/1984 1986/1986
f 1985/1985 1986/1986 1987/1987
f 1987/1987 1986/1986 1988/1988
f 1987/1987 1988/1988 1989/1989
f 1820/1820 1989/1989 1988/1988
f 1820/1820 1988/1988 1821/1821
f 1981/1981 1990/1990 1991/1991
f 1981/1981 1991/1991 1982/1982
f 1818/1818 1825/1825 1990/1990
f 1818/1818 1990/1990 1981/1981
f 1982/1982 1991/1991 1992/1992
f 1982/1982 1992/1992 1984/1984
f 1984/1984 1992/1992 1993/1993
f 1984/1984 1993/1993 1986/1986
f 1986/1986 1993/1993 1994/1994
f 1986/1986 1994/1994 1988/1988
f 1821/1821 1988/1988 1994/1994
f 1821/1821 1994/1994 1826/1826
f 1995/1995 1996/1996 1997/1997
f 1995/1995 1997/1997 1998/1998
f 1831/1831 1995/1995 1998/1998
f 1831/1831 1998/1998 1999/1999
f 1831/1831 1830/1830 1996/1996
f 1831/1831 1996/1996 1995/1995
f 2000/2000 2001/2001 2002/2002
f 2000/2000 2002/2002 2003/2003
f 2004/2004 2000/2000 2003/2003
f 2004/2004 2003/2003 1832/1832
f 1832/1832 2003/2003 2002/2002
f 1832/1832 2002/2002 1833/1833
f 2005/2005 2006/2006 2007/2007
f 2005/2005 2007/2007 2008/2008
f 1838/1838 1840/1840 2007/2007
f 1838/1838 2007/2007 2006/2006
f 1839/1839 1838/1838 2006/2006
f 1839/1839 2006/2006 2005/2005
f 1840/1840 1841/1841 2009/2009
f 1840/1840 2009/2009 2007/2007
f 1841/1841 1842/1842 2010/2010
f 1841/1841 2010/2010 2009/2009
f 1842/1842 1843/1843 2011/2011
f 1842/1842 2011/2011 2010/2010
f 1843/1843 1844/1844 2012/2012
f 1843/1843 2012/2012 2011/2011
f 2013/2013 2012/2012 2014/2014
f 2013/2013 2014/2014 2015/2015
f 1844/1844 1845/1845 2014/2014
f 1844/1844 2014/2014 2012/2012
f 1846/1846 2015/2015 2014/2014
f 1846/1846 2014/2014 1845/1845
f 2016/2016 2017/2017 2018/2018
f 2016/2016 2018/2018 2019/2019
f 1849/1849 2016/2016 2019/2019
f 1849/1849 2019/2019 1850/1850
f 1849/1849 1851/1851 2017/2017
f 1849/1849 2017/2017 2016/2016
f 2019/2019 2018/2018 2020/2020
f 2019/2019 2020/2020 2021/2021
f 1850/1850 2019/2019 2021/2021
f 1850/1850 2021/2021 1852/1852
f 1852/1852 2021/2021 2022/2022
f 1852/1852 2022/2022 1853/1853
f 1853/1853 2022/2022 2023/2023
f 1853/1853 2023/2023 1854/1854
f 1854/1854 2023/2023 2024/2024
f 1854/1854 2024/2024 1855/1855
f 1855/1855 2024/2024 2025/2025
f 1855/1855 2025/2025 1856/1856
f 2025/2025 2026/2026 2027/2027
f 2025/2025 2027/2027 2028/2028
f 1856/1856 2025/2025 2028/2028
f 1856/1856 2028/2028 1857/1857
f 2028/2028 2027/2027 2029/2029
f 2028/2028 2029/2029 2030/2030
f 1857/1857 2028/2028 2030/2030
f 1857/1857 2030/2030 1858/1858
f 1858/1858 2030/2030 2029/2029
f 1858/1858 2029/2029 1859/1859
f 2031/2031 2032/2032 2033/2033
f 2031/2031 2033/2033 2034/2034
f 1860/1860 2031/2031 2034/2034
f 1860/1860 2034/2034 1861/1861
f 1860/1860 1862/1862 2032/2032
f 1860/1860 2032/2032 2031/2031
f 1861/1861 2034/2034 2035/2035
f 1861/1861 2035/2035 1863/1863
f 1866/1866 2036/2036 2037/2037
f 1866/1866 2037/2037 1867/1867
f 2037/2037 2038/2038 2039/2039
f 2037/2037 2039/2039 2040/2040
f 1867/1867 2037/2037 2040/2040
f 1867/1867 2040/2040 1868/1868
f 1868/1868 2040/2040 2039/2039
f 1868/1868 2039/2039 1869/1869
f 2041/2041 2042/2042 2043/2043
f 2041/2041 2043/2043 2044/2044
f 1873/1873 1872/1872 2042/2042
f 1873/1873 2042/2042 2041/2041
f 2045/2045 2046/2046 2047/2047
f 2045/2045 2047/2047 2048/2048
f 1874/1874 2048/2048 2047/2047
f 1874/1874 2047/2047 1875/1875
f 1881/1881 2049/2049 2050/2050
f 1881/1881 2050/2050 2051/2051
f 1881/1881 1880/1880 2052/2052
f 1881/1881 2052/2052 2049/2049
f 2053/2053 2054/2054 2055/2055
f 2053/2053 2055/2055 1882/1882
f 1882/1882 2055/2055 2056/2056
f 1882/1882 2056/2056 1883/1883
f 1880/1880 1887/1887 2057/2057
f 1880/1880 2057/2057 2052/2052
f 1883/1883 2056/2056 2058/2058
f 1883/1883 2058/2058 1888/1888
f 1887/1887 1891/1891 2059/2059
f 1887/1887 2059/2059 2057/2057
f 1888/1888 2058/2058 2060/2060
f 1888/1888 2060/2060 1892/1892
f 1891/1891 1895/1895 2061/2061
f 1891/1891 2061/2061 2059/2059
f 1892/1892 2060/2060 2062/2062
f 1892/1892 2062/2062 1896/1896
f 1899/1899 2063/2063 2064/2064
f 1899/1899 2064/2064 2065/2065
f 1895/1895 1899/1899 2065/2065
f 1895/1895 2065/2065 2061/2061
f 2066/2066 1900/1900 2067/2067
f 2066/2066 2067/2067 2068/2068
f 1896/1896 2062/2062 2067/2067
f 1896/1896 2067/2067 1900/1900
f 2069/2069 2070/2070 2071/2071
f 2069/2069 2071/2071 2072/2072
f 1905/1905 1904/1904 2070/2070
f 1905/1905 2070/2070 2069/2069
f 2073/2073 2074/2074 2075/2075
f 2073/2073 2075/2075 2076/2076
f 1906/1906 2076/2076 2075/2075
f 1906/1906 2075/2075 1907/1907
f 2070/2070 2077/2077 2078/2078
f 2070/2070 2078/2078 2071/2071
f 1904/1904 1911/1911 2077/2077
f 1904/1904 2077/2077 2070/2070
f 2074/2074 2079/2079 2080/2080
f 2074/2074 2080/2080 2075/2075
f 1907/1907 2075/2075 2080/2080
f 1907/1907 2080/2080 1912/1912
f 2077/2077 2081/2081 2082/2082
f 2077/2077 2082/2082 2078/2078
f 1911/1911 1915/1915 2081/2081
f 1911/1911 2081/2081 2077/2077
f 2079/2079 2083/2083 2084/2084
f 2079/2079 2084/2084 2080/2080
f 1912/1912 2080/2080 2084/2084
f 1912/1912 2084/2084 1916/1916
f 1921/1921 1920/1920 2085/2085
f 1921/1921 2085/2085 2086/2086
f 1922/1922 2087/2087 2088/2088
f 1922/1922 2088/2088 1923/1923
f 1920/1920 1927/1927 2089/2089
f 1920/1920 2089/2089 2085/2085
f 1923/1923 2088/2088 2090/2090
f 1923/1923 2090/2090 1928/1928
f 2091/2091 2092/2092 2093/2093
f 2091/2091 2093/2093 2094/2094
f 1930/1930 2091/2091 2094/2094
f 1930/1930 2094/2094 1931/1931
f 1930/1930 1932/1932 2092/2092
f 1930/1930 2092/2092 2091/2091
f 1931/1931 2094/2094 2095/2095
f 1931/1931 2095/2095 2096/2096
f 2097/2097 2098/2098 2099/2099
f 2097/2097 2099/2099 1933/1933
f 2099/2099 2100/2100 2101/2101
f 2099/2099 2101/2101 2102/2102
f 1933/1933 2099/2099 2102/2102
f 1933/1933 2102/2102 1934/1934
f 1934/1934 2102/2102 2101/2101
f 1934/1934 2101/2101 1935/1935
f 1938/1938 1940/1940 2103/2103
f 1938/1938 2103/2103 2104/2104
f 1939/1939 1938/1938 2104/2104
f 1939/1939 2104/2104 2105/2105
f 1940/1940 1941/1941 2106/2106
f 1940/1940 2106/2106 2103/2103
f 1941/1941 1942/1942 2107/2107
f 1941/1941 2107/2107 2106/2106
f 1942/1942 2108/2108 2109/2109
f 1942/1942 2109/2109 2107/2107
f 2110/2110 1944/1944 2111/2111
f 2110/2110 2111/2111 2112/2112
f 1944/1944 1943/1943 2113/2113
f 1944/1944 2113/2113 2111/2111
f 1943/1943 1945/1945 2114/2114
f 1943/1943 2114/2114 2113/2113
f 1945/1945 1946/1946 2115/2115
f 1945/1945 2115/2115 2114/2114
f 1947/1947 2116/2116 2115/2115
f 1947/1947 2115/2115 1946/1946
f 1952/1952 2117/2117 2118/2118
f 1952/1952 2118/2118 2119/2119
f 1953/1953 1952/1952 2119/2119
f 1953/1953 2119/2119 2120/2120
f 2121/2121 1955/1955 2122/2122
f 2121/2121 2122/2122 2123/2123
f 1954/1954 2124/2124 2122/2122
f 1954/1954 2122/2122 1955/1955
f 2125/2125 2126/2126 2127/2127
f 2125/2125 2127/2127 2128/2128
f 1961/1961 1960/1960 2126/2126
f 1961/1961 2126/2126 2125/2125
f 2129/2129 2130/2130 2131/2131
f 2129/2129 2131/2131 2132/2132
f 1962/1962 2132/2132 2131/2131
f 1962/1962 2131/2131 1963/1963
f 2126/2126 2133/2133 2134/2134
f 2126/2126 2134/2134 2127/2127
f 1967/1967 2135/2135 2134/2134
f 1967/1967 2134/2134 2133/2133
f 1960/1960 1967/1967 2133/2133
f 1960/1960 2133/2133 2126/2126
f 2130/2130 2136/2136 2137/2137
f 2130/2130 2137/2137 2131/2131
f 2138/2138 1968/1968 2137/2137
f 2138/2138 2137/2137 2136/2136
f 1963/1963 2131/2131 2137/2137
f 1963/1963 2137/2137 1968/1968
f 2139/2139 2140/2140 2141/2141
f 2139/2139 2141/2141 2142/2142
f 1972/1972 2143/2143 2141/2141
f 1972/1972 2141/2141 2140/2140
f 1973/1973 1972/1972 2140/2140
f 1973/1973 2140/2140 2139/2139
f 2142/2142 2141/2141 2144/2144
f 2142/2142 2144/2144 2145/2145
f 2143/2143 2146/2146 2144/2144
f 2143/2143 2144/2144 2141/2141
f 2145/2145 2144/2144 2147/2147
f 2145/2145 2147/2147 2148/2148
f 2146/2146 2149/2149 2147/2147
f 2146/2146 2147/2147 2144/2144
f 2148/2148 2147/2147 2150/2150
f 2148/2148 2150/2150 2151/2151
f 2149/2149 1976/1976 2150/2150
f 2149/2149 2150/2150 2147/2147
f 1975/1975 2151/2151 2150/2150
f 1975/1975 2150/2150 1976/1976
f 2152/2152 2153/2153 2154/2154
f 2152/2152 2154/2154 2155/2155
f 1998/1998 2152/2152 2155/2155
f 1998/1998 2155/2155 2156/2156
f 1998/1998 1997/1997 2153/2153
f 1998/1998 2153/2153 2152/2152
f 2155/2155 2154/2154 2157/2157
f 2155/2155 2157/2157 2158/2158
f 2156/2156 2155/2155 2158/2158
f 2156/2156 2158/2158 2159/2159
f 2158/2158 2157/2157 2160/2160
f 2158/2158 2160/2160 2161/2161
f 2159/2159 2158/2158 2161/2161
f 2159/2159 2161/2161 2162/2162
f 2161/2161 2160/2160 2163/2163
f 2161/2161 2163/2163 2164/2164
f 2162/2162 2161/2161 2164/2164
f 2162/2162 2164/2164 2000/2000
f 2000/2000 2164/2164 2163/2163
f 2000/2000 2163/2163 2001/2001
f 2165/2165 2166/2166 2167/2167
f 2165/2165 2167/2167 2168/2168
f 2007/2007 2009/2009 2167/2167
f 2007/2007 2167/2167 2166/2166
f 2008/2008 2007/2007 2166/2166
f 2008/2008 2166/2166 2165/2165
f 2168/2168 2167/2167 2169/2169
f 2168/2168 2169/2169 2170/2170
f 2009/2009 2010/2010 2169/2169
f 2009/2009 2169/2169 2167/2167
f 2170/2170 2169/2169 2171/2171
f 2170/2170 2171/2171 2172/2172
f 2010/2010 2011/2011 2171/2171
f 2010/2010 2171/2171 2169/2169
f 2172/2172 2171/2171 2173/2173
f 2172/2172 2173/2173 2174/2174
f 2011/2011 2012/2012 2173/2173
f 2011/2011 2173/2173 2171/2171
f 2013/2013 2174/2174 2173/2173
f 2013/2013 2173/2173 2012/2012
f 2175/2175 2176/2176 2177/2177
f 2175/2175 2177/2177 2178/2178
f 2021/2021 2175/2175 2178/2178
f 2021/2021 2178/2178 2022/2022
f 2021/2021 2020/2020 2176/2176
f 2021/2021 2176/2176 2175/2175
f 2178/2178 2177/2177 2179/2179
f 2178/2178 2179/2179 2180/2180
f 2022/2022 2178/2178 2180/2180
f 2022/2022 2180/2180 2023/2023
f 2180/2180 2179/2179 2181/2181
f 2180/2180 2181/2181 2182/2182
f 2023/2023 2180/2180 2182/2182
f 2023/2023 2182/2182 2024/2024
f 2182/2182 2181/2181 2183/2183
f 2182/2182 2183/2183 2184/2184
f 2024/2024 2182/2182 2184/2184
f 2024/2024 2184/2184 2025/2025
f 2025/2025 2184/2184 2183/2183
f 2025/2025 2183/2183 2026/2026
f 2185/2185 2186/2186 2187/2187
f 2185/2185 2187/2187 2188/2188
f 2034/2034 2185/2185 2188/2188
f 2034/2034 2188/2188 2035/2035
f 2034/2034 2033/2033 2186/2186
f 2034/2034 2186/2186 2185/2185
f 2035/2035 2188/2188 2189/2189
f 2035/2035 2189/2189 2190/2190
f 2190/2190 2189/2189 2191/2191
f 2190/2190 2191/2191 2192/2192
f 2193/2193 2194/2194 2195/2195
f 2193/2193 2195/2195 2196/2196
f 2196/2196 2195/2195 2197/2197
f 2196/2196 2197/2197 2036/2036
f 2197/2197 2198/2198 2199/2199
f 2197/2197 2199/2199 2200/2200
f 2036/2036 2197/2197 2200/2200
f 2036/2036 2200/2200 2037/2037
f 2037/2037 2200/2200 2199/2199
f 2037/2037 2199/2199 2038/2038
f 2201/2201 2202/2202 2203/2203
f 2201/2201 2203/2203 2204/2204
f 2044/2044 2043/2043 2202/2202
f 2044/2044 2202/2202 2201/2201
f 2205/2205 2206/2206 2207/2207
f 2205/2205 2207/2207 2208/2208
f 2045/2045 2208/2208 2207/2207
f 2045/2045 2207/2207 2046/2046
f 2209/2209 2210/2210 2211/2211
f 2209/2209 2211/2211 2212/2212
f 2049/2049 2209/2209 2212/2212
f 2049/2049 2212/2212 2050/2050
f 2049/2049 2052/2052 2210/2210
f 2049/2049 2210/2210 2209/2209
f 2050/2050 2212/2212 2213/2213
f 2050/2050 2213/2213 2214/2214
f 2215/2215 2216/2216 2217/2217
f 2215/2215 2217/2217 2054/2054
f 2217/2217 2218/2218 2219/2219
f 2217/2217 2219/2219 2220/2220
f 2054/2054 2217/2217 2220/2220
f 2054/2054 2220/2220 2055/2055
f 2055/2055 2220/2220 2219/2219
f 2055/2055 2219/2219 2056/2056
f 2210/2210 2221/2221 2222/2222
f 2210/2210 2222/2222 2211/2211
f 2052/2052 2057/2057 2221/2221
f 2052/2052 2221/2221 2210/2210
f 2218/2218 2223/2223 2224/2224
f 2218/2218 2224/2224 2219/2219
f 2056/2056 2219/2219 2224/2224
f 2056/2056 2224/2224 2058/2058
f 2221/2221 2225/2225 2226/2226
f 2221/2221 2226/2226 2222/2222
f 2057/2057 2059/2059 2225/2225
f 2057/2057 2225/2225 2221/2221
f 2223/2223 2227/2227 2228/2228
f 2223/2223 2228/2228 2224/2224
f 2058/2058 2224/2224 2228/2228
f 2058/2058 2228/2228 2060/2060
f 2225/2225 2229/2229 2230/2230
f 2225/2225 2230/2230 2226/2226
f 2059/2059 2061/2061 2229/2229
f 2059/2059 2229/2229 2225/2225
f 2227/2227 2231/2231 2232/2232
f 2227/2227 2232/2232 2228/2228
f 2060/2060 2228/2228 2232/2232
f 2060/2060 2232/2232 2062/2062
f 2229/2229 2233/2233 2234/2234
f 2229/2229 2234/2234 2230/2230
f 2065/2065 2064/2064 2234/2234
f 2065/2065 2234/2234 2233/2233
f 2061/2061 2065/2065 2233/2233
f 2061/2061 2233/2233 2229/2229
f 2064/2064 2235/2235 2236/2236
f 2064/2064 2236/2236 2234/2234
f 2237/2237 2068/2068 2238/2238
f 2237/2237 2238/2238 2239/2239
f 2231/2231 2238/2238 2240/2240
f 2231/2231 2240/2240 2232/2232
f 2068/2068 2067/2067 2240/2240
f 2068/2068 2240/2240 2238/2238
f 2062/2062 2232/2232 2240/2240
f 2062/2062 2240/2240 2067/2067
f 2241/2241 2242/2242 2243/2243
f 2241/2241 2243/2243 2244/2244
f 2072/2072 2071/2071 2242/2242
f 2072/2072 2242/2242 2241/2241
f 2245/2245 2246/2246 2247/2247
f 2245/2245 2247/2247 2248/2248
f 2073/2073 2248/2248 2247/2247
f 2073/2073 2247/2247 2074/2074
f 2242/2242 2249/2249 2250/2250
f 2242/2242 2250/2250 2243/2243
f 2071/2071 2078/2078 2249/2249
f 2071/2071 2249/2249 2242/2242
f 2246/2246 2251/2251 2252/2252
f 2246/2246 2252/2252 2247/2247
f 2074/2074 2247/2247 2252/2252
f 2074/2074 2252/2252 2079/2079
f 2249/2249 2253/2253 2254/2254
f 2249/2249 2254/2254 2250/2250
f 2078/2078 2082/2082 2253/2253
f 2078/2078 2253/2253 2249/2249
f 2251/2251 2255/2255 2256/2256
f 2251/2251 2256/2256 2252/2252
f 2079/2079 2252/2252 2256/2256
f 2079/2079 2256/2256 2083/2083
f 2257/2257 2258/2258 2259/2259
f 2257/2257 2259/2259 2260/2260
f 2086/2086 2257/2257 2260/2260
f 2086/2086 2260/2260 2261/2261
f 2086/2086 2085/2085 2258/2258
f 2086/2086 2258/2258 2257/2257
f 2262/2262 2263/2263 2264/2264
f 2262/2262 2264/2264 2265/2265
f 2266/2266 2262/2262 2265/2265
f 2266/2266 2265/2265 2087/2087
f 2087/2087 2265/2265 2264/2264
f 2087/2087 2264/2264 2088/2088
f 2258/2258 2267/2267 2268/2268
f 2258/2258 2268/2268 2259/2259
f 2085/2085 2089/2089 2267/2267
f 2085/2085 2267/2267 2258/2258
f 2263/2263 2269/2269 2270/2270
f 2263/2263 2270/2270 2264/2264
f 2088/2088 2264/2264 2270/2270
f 2088/2088 2270/2270 2090/2090
f 2094/2094 2271/2271 2272/2272
f 2094/2094 2272/2272 2095/2095
f 2094/2094 2093/2093 2273/2273
f 2094/2094 2273/2273 2271/2271
f 2098/2098 2274/2274 2275/2275
f 2098/2098 2275/2275 2099/2099
f 2099/2099 2275/2275 2276/2276
f 2099/2099 2276/2276 2100/2100
f 2277/2277 2278/2278 2279/2279
f 2277/2277 2279/2279 2280/2280
f 2104/2104 2103/2103 2279/2279
f 2104/2104 2279/2279 2278/2278
f 2105/2105 2277/2277 2280/2280
f 2105/2105 2280/2280 2281/2281
f 2105/2105 2104/2104 2278/2278
f 2105/2105 2278/2278 2277/2277
f 2103/2103 2106/2106 2282/2282
f 2103/2103 2282/2282 2279/2279
f 2106/2106 2107/2107 2283/2283
f 2106/2106 2283/2283 2282/2282
f 2107/2107 2109/2109 2284/2284
f 2107/2107 2284/2284 2283/2283
f 2112/2112 2111/2111 2285/2285
f 2112/2112 2285/2285 2286/2286
f 2111/2111 2113/2113 2287/2287
f 2111/2111 2287/2287 2285/2285
f 2113/2113 2114/2114 2288/2288
f 2113/2113 2288/2288 2287/2287
f 2289/2289 2288/2288 2290/2290
f 2289/2289 2290/2290 2291/2291
f 2114/2114 2115/2115 2290/2290
f 2114/2114 2290/2290 2288/2288
f 2292/2292 2289/2289 2291/2291
f 2292/2292 2291/2291 2116/2116
f 2116/2116 2291/2291 2290/2290
f 2116/2116 2290/2290 2115/2115
f 2293/2293 2294/2294 2295/2295
f 2293/2293 2295/2295 2296/2296
f 2119/2119 2118/2118 2295/2295
f 2119/2119 2295/2295 2294/2294
f 2120/2120 2119/2119 2294/2294
f 2120/2120 2294/2294 2293/2293
f 2296/2296 2295/2295 2297/2297
f 2296/2296 2297/2297 2298/2298
f 2118/2118 2299/2299 2297/2297
f 2118/2118 2297/2297 2295/2295
f 2300/2300 2301/2301 2302/2302
f 2300/2300 2302/2302 2303/2303
f 2304/2304 2123/2123 2302/2302
f 2304/2304 2302/2302 2301/2301
f 2303/2303 2302/2302 2305/2305
f 2303/2303 2305/2305 2306/2306
f 2123/2123 2122/2122 2305/2305
f 2123/2123 2305/2305 2302/2302
f 2124/2124 2306/2306 2305/2305
f 2124/2124 2305/2305 2122/2122
f 2307/2307 2308/2308 2309/2309
f 2307/2307 2309/2309 2310/2310
f 2128/2128 2127/2127 2308/2308
f 2128/2128 2308/2308 2307/2307
f 2310/2310 2309/2309 2311/2311
f 2310/2310 2311/2311 2312/2312
f 2312/2312 2311/2311 2313/2313
f 2312/2312 2313/2313 2314/2314
f 2314/2314 2313/2313 2315/2315
f 2314/2314 2315/2315 2316/2316
f 2129/2129 2316/2316 2315/2315
f 2129/2129 2315/2315 2130/2130
f 2308/2308 2317/2317 2318/2318
f 2308/2308 2318/2318 2309/2309
f 2134/2134 2319/2319 2318/2318
f 2134/2134 2318/2318 2317/2317
f 2127/2127 2134/2134 2317/2317
f 2127/2127 2317/2317 2308/2308
f 2309/2309 2318/2318 2320/2320
f 2309/2309 2320/2320 2311/2311
f 2319/2319 2321/2321 2320/2320
f 2319/2319 2320/2320 2318/2318
f 2311/2311 2320/2320 2322/2322
f 2311/2311 2322/2322 2313/2313
f 2321/2321 2323/2323 2322/2322
f 2321/2321 2322/2322 2320/2320
f 2313/2313 2322/2322 2324/2324
f 2313/2313 2324/2324 2315/2315
f 2323/2323 2136/2136 2324/2324
f 2323/2323 2324/2324 2322/2322
f 2130/2130 2315/2315 2324/2324
f 2130/2130 2324/2324 2136/2136
f 2325/2325 2326/2326 2327/2327
f 2325/2325 2327/2327 2328/2328
f 2188/2188 2325/2325 2328/2328
f 2188/2188 2328/2328 2189/2189
f 2188/2188 2187/2187 2326/2326
f 2188/2188 2326/2326 2325/2325
f 2189/2189 2328/2328 2329/2329
f 2189/2189 2329/2329 2191/2191
f 2191/2191 2329/2329 2330/2330
f 2191/2191 2330/2330 2331/2331
f 2331/2331 2330/2330 2332/2332
f 2331/2331 2332/2332 2333/2333
f 2333/2333 2332/2332 2334/2334
f 2333/2333 2334/2334 2335/2335
f 2335/2335 2334/2334 2336/2336
f 2335/2335 2336/2336 2194/2194
f 2194/2194 2336/2336 2337/2337
f 2194/2194 2337/2337 2195/2195
f 2337/2337 2338/2338 2339/2339
f 2337/2337 2339/2339 2340/2340
f 2195/2195 2337/2337 2340/2340
f 2195/2195 2340/2340 2197/2197
f 2197/2197 2340/2340 2339/2339
f 2197/2197 2339/2339 2198/2198
f 2341/2341 2342/2342 2343/2343
f 2341/2341 2343/2343 2344/2344
f 2204/2204 2203/2203 2342/2342
f 2204/2204 2342/2342 2341/2341
f 2345/2345 2346/2346 2347/2347
f 2345/2345 2347/2347 2348/2348
f 2205/2205 2348/2348 2347/2347
f 2205/2205 2347/2347 2206/2206
f 2349/2349 2350/2350 2351/2351
f 2349/2349 2351/2351 2352/2352
f 2212/2212 2349/2349 2352/2352
f 2212/2212 2352/2352 2213/2213
f 2212/2212 2211/2211 2350/2350
f 2212/2212 2350/2350 2349/2349
f 2213/2213 2352/2352 2353/2353
f 2213/2213 2353/2353 2354/2354
f 2355/2355 2356/2356 2357/2357
f 2355/2355 2357/2357 2216/2216
f 2357/2357 2358/2358 2359/2359
f 2357/2357 2359/2359 2360/2360
f 2216/2216 2357/2357 2360/2360
f 2216/2216 2360/2360 2217/2217
f 2217/2217 2360/2360 2359/2359
f 2217/2217 2359/2359 2218/2218
f 2350/2350 2361/2361 2362/2362
f 2350/2350 2362/2362 2351/2351
f 2211/2211 2222/2222 2361/2361
f 2211/2211 2361/2361 2350/2350
f 2358/2358 2363/2363 2364/2364
f 2358/2358 2364/2364 2359/2359
f 2218/2218 2359/2359 2364/2364
f 2218/2218 2364/2364 2223/2223
f 2361/2361 2365/2365 2366/2366
f 2361/2361 2366/2366 2362/2362
f 2222/2222 2226/2226 2365/2365
f 2222/2222 2365/2365 2361/2361
f 2363/2363 2367/2367 2368/2368
f 2363/2363 2368/2368 2364/2364
f 2223/2223 2364/2364 2368/2368
f 2223/2223 2368/2368 2227/2227
f 2365/2365 2369/2369 2370/2370
f 2365/2365 2370/2370 2366/2366
f 2226/2226 2230/2230 2369/2369
f 2226/2226 2369/2369 2365/2365
f 2367/2367 2371/2371 2372/2372
f 2367/2367 2372/2372 2368/2368
f 2227/2227 2368/2368 2372/2372
f 2227/2227 2372/2372 2231/2231
f 2369/2369 2373/2373 2374/2374
f 2369/2369 2374/2374 2370/2370
f 2234/2234 2236/2236 2374/2374
f 2234/2234 2374/2374 2373/2373
f 2230/2230 2234/2234 2373/2373
f 2230/2230 2373/2373 2369/2369
f 2236/2236 2375/2375 2376/2376
f 2236/2236 2376/2376 2374/2374
f 2377/2377 2239/2239 2378/2378
f 2377/2377 2378/2378 2379/2379
f 2371/2371 2378/2378 2380/2380
f 2371/2371 2380/2380 2372/2372
f 2239/2239 2238/2238 2380/2380
f 2239/2239 2380/2380 2378/2378
f 2231/2231 2372/2372 2380/2380
f 2231/2231 2380/2380 2238/2238
f 2381/2381 2382/2382 2383/2383
f 2381/2381 2383/2383 2384/2384
f 2244/2244 2243/2243 2382/2382
f 2244/2244 2382/2382 2381/2381
f 2385/2385 2386/2386 2387/2387
f 2385/2385 2387/2387 2388/2388
f 2245/2245 2388/2388 2387/2387
f 2245/2245 2387/2387 2246/2246
f 2382/2382 2389/2389 2390/2390
f 2382/2382 2390/2390 2383/2383
f 2243/2243 2250/2250 2389/2389
f 2243/2243 2389/2389 2382/2382
f 2386/2386 2391/2391 2392/2392
f 2386/2386 2392/2392 2387/2387
f 2246/2246 2387/2387 2392/2392
f 2246/2246 2392/2392 2251/2251
f 2389/2389 2393/2393 2394/2394
f 2389/2389 2394/2394 2390/2390
f 2250/2250 2254/2254 2393/2393
f 2250/2250 2393/2393 2389/2389
f 2391/2391 2395/2395 2396/2396
f 2391/2391 2396/2396 2392/2392
f 2251/2251 2392/2392 2396/2396
f 2251/2251 2396/2396 2255/2255
f 2397/2397 2398/2398 2399/2399
f 2397/2397 2399/2399 2400/2400
f 2260/2260 2397/2397 2400/2400
f 2260/2260 2400/2400 2401/2401
f 2260/2260 2259/2259 2398/2398
f 2260/2260 2398/2398 2397/2397
f 2400/2400 2399/2399 2402/2402
f 2400/2400 2402/2402 2403/2403
f 2404/2404 2405/2405 2406/2406
f 2404/2404 2406/2406 2407/2407
f 2407/2407 2406/2406 2408/2408
f 2407/2407 2408/2408 2409/2409
f 2410/2410 2407/2407 2409/2409
f 2410/2410 2409/2409 2262/2262
f 2262/2262 2409/2409 2408/2408
f 2262/2262 2408/2408 2263/2263
f 2398/2398 2411/2411 2412/2412
f 2398/2398 2412/2412 2399/2399
f 2259/2259 2268/2268 2411/2411
f 2259/2259 2411/2411 2398/2398
f 2399/2399 2412/2412 2413/2413
f 2399/2399 2413/2413 2402/2402
f 2405/2405 2414/2414 2415/2415
f 2405/2405 2415/2415 2406/2406
f 2406/2406 2415/2415 2416/2416
f 2406/2406 2416/2416 2408/2408
f 2263/2263 2408/2408 2416/2416
f 2263/2263 2416/2416 2269/2269
f 2417/2417 2418/2418 2419/2419
f 2417/2417 2419/2419 2420/2420
f 2271/2271 2417/2417 2420/2420
f 2271/2271 2420/2420 2272/2272
f 2271/2271 2273/2273 2418/2418
f 2271/2271 2418/2418 2417/2417
f 2272/2272 2420/2420 2421/2421
f 2272/2272 2421/2421 2422/2422
f 2423/2423 2424/2424 2425/2425
f 2423/2423 2425/2425 2274/2274
f 2425/2425 2426/2426 2427/2427
f 2425/2425 2427/2427 2428/2428
f 2274/2274 2425/2425 2428/2428
f 2274/2274 2428/2428 2275/2275
f 2275/2275 2428/2428 2427/2427
f 2275/2275 2427/2427 2276/2276
f 2279/2279 2282/2282 2429/2429
f 2279/2279 2429/2429 2430/2430
f 2280/2280 2279/2279 2430/2430
f 2280/2280 2430/2430 2431/2431
f 2282/2282 2283/2283 2432/2432
f 2282/2282 2432/2432 2429/2429
f 2283/2283 2284/2284 2433/2433
f 2283/2283 2433/2433 2432/2432
f 2284/2284 2434/2434 2435/2435
f 2284/2284 2435/2435 2433/2433
f 2434/2434 2436/2436 2437/2437
f 2434/2434 2437/2437 2435/2435
f 2438/2438 2439/2439 2440/2440
f 2438/2438 2440/2440 2441/2441
f 2439/2439 2286/2286 2442/2442
f 2439/2439 2442/2442 2440/2440
f 2286/2286 2285/2285 2443/2443
f 2286/2286 2443/2443 2442/2442
f 2285/2285 2287/2287 2444/2444
f 2285/2285 2444/2444 2443/2443
f 2287/2287 2288/2288 2445/2445
f 2287/2287 2445/2445 2444/2444
f 2289/2289 2446/2446 2445/2445
f 2289/2289 2445/2445 2288/2288
f 2447/2447 2448/2448 2449/2449
f 2447/2447 2449/2449 2450/2450
f 2297/2297 2451/2451 2449/2449
f 2297/2297 2449/2449 2448/2448
f 2298/2298 2297/2297 2448/2448
f 2298/2298 2448/2448 2447/2447
f 2450/2450 2449/2449 2452/2452
f 2450/2450 2452/2452 2453/2453
f 2451/2451 2454/2454 2452/2452
f 2451/2451 2452/2452 2449/2449
f 2453/2453 2452/2452 2455/2455
f 2453/2453 2455/2455 2456/2456
f 2454/2454 2457/2457 2455/2455
f 2454/2454 2455/2455 2452/2452
f 2456/2456 2455/2455 2458/2458
f 2456/2456 2458/2458 2459/2459
f 2457/2457 2301/2301 2458/2458
f 2457/2457 2458/2458 2455/2455
f 2300/2300 2459/2459 2458/2458
f 2300/2300 2458/2458 2301/2301
f 2460/2460 2461/2461 2462/2462
f 2460/2460 2462/2462 2463/2463
f 2328/2328 2460/2460 2463/2463
f 2328/2328 2463/2463 2329/2329
f 2328/2328 2327/2327 2461/2461
f 2328/2328 2461/2461 2460/2460
f 2463/2463 2462/2462 2464/2464
f 2463/2463 2464/2464 2465/2465
f 2329/2329 2463/2463 2465/2465
f 2329/2329 2465/2465 2330/2330
f 2465/2465 2464/2464 2466/2466
f 2465/2465 2466/2466 2467/2467
f 2330/2330 2465/2465 2467/2467
f 2330/2330 2467/2467 2332/2332
f 2467/2467 2466/2466 2468/2468
f 2467/2467 2468/2468 2469/2469
f 2332/2332 2467/2467 2469/2469
f 2332/2332 2469/2469 2334/2334
f 2469/2469 2468/2468 2470/2470
f 2469/2469 2470/2470 2471/2471
f 2334/2334 2469/2469 2471/2471
f 2334/2334 2471/2471 2336/2336
f 2471/2471 2470/2470 2472/2472
f 2471/2471 2472/2472 2473/2473
f 2336/2336 2471/2471 2473/2473
f 2336/2336 2473/2473 2337/2337
f 2337/2337 2473/2473 2472/2472
f 2337/2337 2472/2472 2338/2338
f 2474/2474 2475/2475 2476/2476
f 2474/2474 2476/2476 2477/2477
f 2344/2344 2343/2343 2475/2475
f 2344/2344 2475/2475 2474/2474
f 2477/2477 2476/2476 2478/2478
f 2477/2477 2478/2478 2479/2479
f 2479/2479 2478/2478 2480/2480
f 2479/2479 2480/2480 2481/2481
f 2481/2481 2480/2480 2482/2482
f 2481/2481 2482/2482 2483/2483
f 2483/2483 2482/2482 2484/2484
f 2483/2483 2484/2484 2485/2485
f 2485/2485 2484/2484 2486/2486
f 2485/2485 2486/2486 2487/2487
f 2345/2345 2487/2487 2486/2486
f 2345/2345 2486/2486 2346/2346
f 2488/2488 2489/2489 2490/2490
f 2488/2488 2490/2490 2491/2491
f 2352/2352 2488/2488 2491/2491
f 2352/2352 2491/2491 2353/2353
f 2352/2352 2351/2351 2489/2489
f 2352/2352 2489/2489 2488/2488
f 2491/2491 2490/2490 2492/2492
f 2491/2491 2492/2492 2493/2493
f 2353/2353 2491/2491 2493/2493
f 2353/2353 2493/2493 2494/2494
f 2495/2495 2496/2496 2497/2497
f 2495/2495 2497/2497 2498/2498
f 2499/2499 2495/2495 2498/2498
f 2499/2499 2498/2498 2356/2356
f 2498/2498 2497/2497 2500/2500
f 2498/2498 2500/2500 2501/2501
f 2356/2356 2498/2498 2501/2501
f 2356/2356 2501/2501 2357/2357
f 2357/2357 2501/2501 2500/2500
f 2357/2357 2500/2500 2358/2358
f 2489/2489 2502/2502 2503/2503
f 2489/2489 2503/2503 2490/2490
f 2351/2351 2362/2362 2502/2502
f 2351/2351 2502/2502 2489/2489
f 2490/2490 2503/2503 2504/2504
f 2490/2490 2504/2504 2492/2492
f 2496/2496 2505/2505 2506/2506
f 2496/2496 2506/2506 2497/2497
f 2497/2497 2506/2506 2507/2507
f 2497/2497 2507/2507 2500/2500
f 2358/2358 2500/2500 2507/2507
f 2358/2358 2507/2507 2363/2363
f 2502/2502 2508/2508 2509/2509
f 2502/2502 2509/2509 2503/2503
f 2362/2362 2366/2366 2508/2508
f 2362/2362 2508/2508 2502/2502
f 2503/2503 2509/2509 2510/2510
f 2503/2503 2510/2510 2504/2504
f 2505/2505 2511/2511 2512/2512
f 2505/2505 2512/2512 2506/2506
f 2506/2506 2512/2512 2513/2513
f 2506/2506 2513/2513 2507/2507
f 2363/2363 2507/2507 2513/2513
f 2363/2363 2513/2513 2367/2367
f 2508/2508 2514/2514 2515/2515
f 2508/2508 2515/2515 2509/2509
f 2366/2366 2370/2370 2514/2514
f 2366/2366 2514/2514 2508/2508
f 2509/2509 2515/2515 2516/2516
f 2509/2509 2516/2516 2510/2510
f 2511/2511 2517/2517 2518/2518
f 2511/2511 2518/2518 2512/2512
f 2512/2512 2518/2518 2519/2519
f 2512/2512 2519/2519 2513/2513
f 2367/2367 2513/2513 2519/2519
f 2367/2367 2519/2519 2371/2371
f 2514/2514 2520/2520 2521/2521
f 2514/2514 2521/2521 2515/2515
f 2374/2374 2376/2376 2521/2521
f 2374/2374 2521/2521 2520/2520
f 2370/2370 2374/2374 2520/2520
f 2370/2370 2520/2520 2514/2514
f 2515/2515 2521/2521 2522/2522
f 2515/2515 2522/2522 2516/2516
f 2376/2376 2523/2523 2522/2522
f 2376/2376 2522/2522 2521/2521
f 2517/2517 2524/2524 2525/2525
f 2517/2517 2525/2525 2518/2518
f 2526/2526 2379/2379 2525/2525
f 2526/2526 2525/2525 2524/2524
f 2518/2518 2525/2525 2527/2527
f 2518/2518 2527/2527 2519/2519
f 2379/2379 2378/2378 2527/2527
f 2379/2379 2527/2527 2525/2525
f 2371/2371 2519/2519 2527/2527
f 2371/2371 2527/2527 2378/2378
f 2528/2528 2529/2529 2530/2530
f 2528/2528 2530/2530 2531/2531
f 2384/2384 2383/2383 2529/2529
f 2384/2384 2529/2529 2528/2528
f 2531/2531 2530/2530 2532/2532
f 2531/2531 2532/2532 2533/2533
f 2533/2533 2532/2532 2534/2534
f 2533/2533 2534/2534 2535/2535
f 2535/2535 2534/2534 2536/2536
f 2535/2535 2536/2536 2537/2537
f 2537/2537 2536/2536 2538/2538
f 2537/2537 2538/2538 2539/2539
f 2539/2539 2538/2538 2540/2540
f 2539/2539 2540/2540 2541/2541
f 2385/2385 2541/2541 2540/2540
f 2385/2385 2540/2540 2386/2386
f 2529/2529 2542/2542 2543/2543
f 2529/2529 2543/2543 2530/2530
f 2383/2383 2390/2390 2542/2542
f 2383/2383 2542/2542 2529/2529
f 2530/2530 2543/2543 2544/2544
f 2530/2530 2544/2544 2532/2532
f 2532/2532 2544/2544 2545/2545
f 2532/2532 2545/2545 2534/2534
f 2534/2534 2545/2545 2546/2546
f 2534/2534 2546/2546 2536/2536
f 2536/2536 2546/2546 2547/2547
f 2536/2536 2547/2547 2538/2538
f 2538/2538 2547/2547 2548/2548
f 2538/2538 2548/2548 2540/2540
f 2386/2386 2540/2540 2548/2548
f 2386/2386 2548/2548 2391/2391
f 2542/2542 2549/2549 2550/2550
f 2542/2542 2550/2550 2543/2543
f 2390/2390 2394/2394 2549/2549
f 2390/2390 2549/2549 2542/2542
f 2543/2543 2550/2550 2551/2551
f 2543/2543 2551/2551 2544/2544
f 2544/2544 2551/2551 2552/2552
f 2544/2544 2552/2552 2545/2545
f 2545/2545 2552/2552 2553/2553
f 2545/2545 2553/2553 2546/2546
f 2546/2546 2553/2553 2554/2554
f 2546/2546 2554/2554 2547/2547
f 2547/2547 2554/2554 2555/2555
f 2547/2547 2555/2555 2548/2548
f 2391/2391 2548/2548 2555/2555
f 2391/2391 2555/2555 2395/2395
f 2556/2556 2557/2557 2558/2558
f 2556/2556 2558/2558 2559/2559
f 2403/2403 2402/2402 2557/2557
f 2403/2403 2557/2557 2556/2556
f 2559/2559 2558/2558 2560/2560
f 2559/2559 2560/2560 2561/2561
f 2561/2561 2560/2560 2562/2562
f 2561/2561 2562/2562 2563/2563
f 2563/2563 2562/2562 2564/2564
f 2563/2563 2564/2564 2565/2565
f 2565/2565 2564/2564 2566/2566
f 2565/2565 2566/2566 2567/2567
f 2567/2567 2566/2566 2568/2568
f 2567/2567 2568/2568 2569/2569
f 2404/2404 2569/2569 2568/2568
f 2404/2404 2568/2568 2405/2405
f 2557/2557 2570/2570 2571/2571
f 2557/2557 2571/2571 2558/2558
f 2402/2402 2413/2413 2570/2570
f 2402/2402 2570/2570 2557/2557
f 2558/2558 2571/2571 2572/2572
f 2558/2558 2572/2572 2560/2560
f 2560/2560 2572/2572 2573/2573
f 2560/2560 2573/2573 2562/2562
f 2562/2562 2573/2573 2574/2574
f 2562/2562 2574/2574 2564/2564
f 2564/2564 2574/2574 2575/2575
f 2564/2564 2575/2575 2566/2566
f 2566/2566 2575/2575 2576/2576
f 2566/2566 2576/2576 2568/2568
f 2405/2405 2568/2568 2576/2576
f 2405/2405 2576/2576 2414/2414
f 2577/2577 2578/2578 2579/2579
f 2577/2577 2579/2579 2580/2580
f 2420/2420 2577/2577 2580/2580
f 2420/2420 2580/2580 2421/2421
f 2420/2420 2419/2419 2578/2578
f 2420/2420 2578/2578 2577/2577
f 2580/2580 2579/2579 2581/2581
f 2580/2580 2581/2581 2582/2582
f 2421/2421 2580/2580 2582/2582
f 2421/2421 2582/2582 2583/2583
f 2583/2583 2582/2582 2584/2584
f 2583/2583 2584/2584 2585/2585
f 2586/2586 2587/2587 2588/2588
f 2586/2586 2588/2588 2589/2589
f 2588/2588 2590/2590 2591/2591
f 2588/2588 2591/2591 2592/2592
f 2589/2589 2588/2588 2592/2592
f 2589/2589 2592/2592 2424/2424
f 2592/2592 2591/2591 2593/2593
f 2592/2592 2593/2593 2594/2594
f 2424/2424 2592/2592 2594/2594
f 2424/2424 2594/2594 2425/2425
f 2425/2425 2594/2594 2593/2593
f 2425/2425 2593/2593 2426/2426
f 2595/2595 2596/2596 2597/2597
f 2595/2595 2597/2597 2598/2598
f 2430/2430 2429/2429 2597/2597
f 2430/2430 2597/2597 2596/2596
f 2431/2431 2595/2595 2598/2598
f 2431/2431 2598/2598 2599/2599
f 2431/2431 2430/2430 2596/2596
f 2431/2431 2596/2596 2595/2595
f 2598/2598 2597/2597 2600/2600
f 2598/2598 2600/2600 2601/2601
f 2429/2429 2432/2432 2600/2600
f 2429/2429 2600/2600 2597/2597
f 2432/2432 2433/2433 2602/2602
f 2432/2432 2602/2602 2600/2600
f 2433/2433 2435/2435 2603/2603
f 2433/2433 2603/2603 2602/2602
f 2435/2435 2437/2437 2604/2604
f 2435/2435 2604/2604 2603/2603
f 2437/2437 2605/2605 2606/2606
f 2437/2437 2606/2606 2604/2604
f 2605/2605 2607/2607 2608/2608
f 2605/2605 2608/2608 2606/2606
f 2607/2607 2609/2609 2610/2610
f 2607/2607 2610/2610 2608/2608
f 2609/2609 2441/2441 2611/2611
f 2609/2609 2611/2611 2610/2610
f 2441/2441 2440/2440 2612/2612
f 2441/2441 2612/2612 2611/2611
f 2440/2440 2442/2442 2613/2613
f 2440/2440 2613/2613 2612/2612
f 2442/2442 2443/2443 2614/2614
f 2442/2442 2614/2614 2613/2613
f 2615/2615 2614/2614 2616/2616
f 2615/2615 2616/2616 2617/2617
f 2443/2443 2444/2444 2616/2616
f 2443/2443 2616/2616 2614/2614
f 2617/2617 2616/2616 2618/2618
f 2617/2617 2618/2618 2619/2619
f 2444/2444 2445/2445 2618/2618
f 2444/2444 2618/2618 2616/2616
f 2620/2620 2617/2617 2619/2619
f 2620/2620 2619/2619 2446/2446
f 2446/2446 2619/2619 2618/2618
f 2446/2446 2618/2618 2445/2445
f 2621/2621 2622/2622 2623/2623
f 2621/2621 2623/2623 2624/2624
f 2493/2493 2621/2621 2624/2624
f 2493/2493 2624/2624 2625/2625
f 2493/2493 2492/2492 2622/2622
f 2493/2493 2622/2622 2621/2621
f 2624/2624 2623/2623 2626/2626
f 2624/2624 2626/2626 2627/2627
f 2625/2625 2624/2624 2627/2627
f 2625/2625 2627/2627 2628/2628
f 2627/2627 2626/2626 2629/2629
f 2627/2627 2629/2629 2630/2630
f 2628/2628 2627/2627 2630/2630
f 2628/2628 2630/2630 2631/2631
f 2630/2630 2629/2629 2632/2632
f 2630/2630 2632/2632 2633/2633
f 2631/2631 2630/2630 2633/2633
f 2631/2631 2633/2633 2634/2634
f 2633/2633 2632/2632 2635/2635
f 2633/2633 2635/2635 2636/2636
f 2634/2634 2633/2633 2636/2636
f 2634/2634 2636/2636 2637/2637
f 2636/2636 2635/2635 2638/2638
f 2636/2636 2638/2638 2639/2639
f 2637/2637 2636/2636 2639/2639
f 2637/2637 2639/2639 2495/2495
f 2495/2495 2639/2639 2638/2638
f 2495/2495 2638/2638 2496/2496
f 2622/2622 2640/2640 2641/2641
f 2622/2622 2641/2641 2623/2623
f 2492/2492 2504/2504 2640/2640
f 2492/2492 2640/2640 2622/2622
f 2623/2623 2641/2641 2642/2642
f 2623/2623 2642/2642 2626/2626
f 2626/2626 2642/2642 2643/2643
f 2626/2626 2643/2643 2629/2629
f 2629/2629 2643/2643 2644/2644
f 2629/2629 2644/2644 2632/2632
f 2632/2632 2644/2644 2645/2645
f 2632/2632 2645/2645 2635/2635
f 2635/2635 2645/2645 2646/2646
f 2635/2635 2646/2646 2638/2638
f 2496/2496 2638/2638 2646/2646
f 2496/2496 2646/2646 2505/2505
f 2640/2640 2647/2647 2648/2648
f 2640/2640 2648/2648 2641/2641
f 2504/2504 2510/2510 2647/2647
f 2504/2504 2647/2647 2640/2640
f 2641/2641 2648/2648 2649/2649
f 2641/2641 2649/2649 2642/2642
f 2642/2642 2649/2649 2650/2650
f 2642/2642 2650/2650 2643/2643
f 2643/2643 2650/2650 2651/2651
f 2643/2643 2651/2651 2644/2644
f 2644/2644 2651/2651 2652/2652
f 2644/2644 2652/2652 2645/2645
f 2645/2645 2652/2652 2653/2653
f 2645/2645 2653/2653 2646/2646
f 2505/2505 2646/2646 2653/2653
f 2505/2505 2653/2653 2511/2511
f 2647/2647 2654/2654 2655/2655
f 2647/2647 2655/2655 2648/2648
f 2510/2510 2516/2516 2654/2654
f 2510/2510 2654/2654 2647/2647
f 2648/2648 2655/2655 2656/2656
f 2648/2648 2656/2656 2649/2649
f 2649/2649 2656/2656 2657/2657
f 2649/2649 2657/2657 2650/2650
f 2650/2650 2657/2657 2658/2658
f 2650/2650 2658/2658 2651/2651
f 2651/2651 2658/2658 2659/2659
f 2651/2651 2659/2659 2652/2652
f 2652/2652 2659/2659 2660/2660
f 2652/2652 2660/2660 2653/2653
f 2511/2511 2653/2653 2660/2660
f 2511/2511 2660/2660 2517/2517
f 2654/2654 2661/2661 2662/2662
f 2654/2654 2662/2662 2655/2655
f 2522/2522 2663/2663 2662/2662
f 2522/2522 2662/2662 2661/2661
f 2516/2516 2522/2522 2661/2661
f 2516/2516 2661/2661 2654/2654
f 2655/2655 2662/2662 2664/2664
f 2655/2655 2664/2664 2656/2656
f 2663/2663 2665/2665 2664/2664
f 2663/2663 2664/2664 2662/2662
f 2656/2656 2664/2664 2666/2666
f 2656/2656 2666/2666 2657/2657
f 2665/2665 2667/2667 2666/2666
f 2665/2665 2666/2666 2664/2664
f 2657/2657 2666/2666 2668/2668
f 2657/2657 2668/2668 2658/2658
f 2667/2667 2669/2669 2668/2668
f 2667/2667 2668/2668 2666/2666
f 2658/2658 2668/2668 2670/2670
f 2658/2658 2670/2670 2659/2659
f 2669/2669 2671/2671 2670/2670
f 2669/2669 2670/2670 2668/2668
f 2659/2659 2670/2670 2672/2672
f 2659/2659 2672/2672 2660/2660
f 2671/2671 2524/2524 2672/2672
f 2671/2671 2672/2672 2670/2670
f 2517/2517 2660/2660 2672/2672
f 2517/2517 2672/2672 2524/2524
f 2673/2673 2674/2674 2675/2675
f 2673/2673 2675/2675 2676/2676
f 2582/2582 2673/2673 2676/2676
f 2582/2582 2676/2676 2584/2584
f 2582/2582 2581/2581 2674/2674
f 2582/2582 2674/2674 2673/2673
f 2676/2676 2675/2675 2677/2677
f 2676/2676 2677/2677 2678/2678
f 2584/2584 2676/2676 2678/2678
f 2584/2584 2678/2678 2679/2679
f 2679/2679 2678/2678 2680/2680
f 2679/2679 2680/2680 2681/2681
f 2681/2681 2680/2680 2682/2682
f 2681/2681 2682/2682 2683/2683
f 2683/2683 2682/2682 2684/2684
f 2683/2683 2684/2684 2685/2685
f 2685/2685 2684/2684 2686/2686
f 2685/2685 2686/2686 2687/2687
f 2686/2686 2688/2688 2689/2689
f 2686/2686 2689/2689 2690/2690
f 2687/2687 2686/2686 2690/2690
f 2687/2687 2690/2690 2587/2587
f 2690/2690 2689/2689 2691/2691
f 2690/2690 2691/2691 2692/2692
f 2587/2587 2690/2690 2692/2692
f 2587/2587 2692/2692 2588/2588
f 2588/2588 2692/2692 2691/2691
f 2588/2588 2691/2691 2590/2590
f 2693/2693 2694/2694 2695/2695
f 2693/2693 2695/2695 2696/2696
f 2600/2600 2602/2602 2695/2695
f 2600/2600 2695/2695 2694/2694
f 2601/2601 2693/2693 2696/2696
f 2601/2601 2696/2696 2697/2697
f 2601/2601 2600/2600 2694/2694
f 2601/2601 2694/2694 2693/2693
f 2602/2602 2603/2603 2698/2698
f 2602/2602 2698/2698 2695/2695
f 2603/2603 2604/2604 2699/2699
f 2603/2603 2699/2699 2698/2698
f 2604/2604 2606/2606 2700/2700
f 2604/2604 2700/2700 2699/2699
f 2606/2606 2608/2608 2701/2701
f 2606/2606 2701/2701 2700/2700
f 2608/2608 2610/2610 2702/2702
f 2608/2608 2702/2702 2701/2701
f 2610/2610 2611/2611 2703/2703
f 2610/2610 2703/2703 2702/2702
f 2611/2611 2612/2612 2704/2704
f 2611/2611 2704/2704 2703/2703
f 2612/2612 2613/2613 2705/2705
f 2612/2612 2705/2705 2704/2704
f 2706/2706 2705/2705 2707/2707
f 2706/2706 2707/2707 2708/2708
f 2613/2613 2614/2614 2707/2707
f 2613/2613 2707/2707 2705/2705
f 2709/2709 2706/2706 2708/2708
f 2709/2709 2708/2708 2615/2615
f 2615/2615 2708/2708 2707/2707
f 2615/2615 2707/2707 2614/2614
f 2710/2710 2711/2711 2712/2712
f 2710/2710 2712/2712 2713/2713
f 2678/2678 2710/2710 2713/2713
f 2678/2678 2713/2713 2680/2680
f 2678/2678 2677/2677 2711/2711
f 2678/2678 2711/2711 2710/2710
f 2713/2713 2712/2712 2714/2714
f 2713/2713 2714/2714 2715/2715
f 2680/2680 2713/2713 2715/2715
f 2680/2680 2715/2715 2682/2682
f 2715/2715 2714/2714 2716/2716
f 2715/2715 2716/2716 2717/2717
f 2682/2682 2715/2715 2717/2717
f 2682/2682 2717/2717 2684/2684
f 2717/2717 2716/2716 2718/2718
f 2717/2717 2718/2718 2719/2719
f 2684/2684 2717/2717 2719/2719
f 2684/2684 2719/2719 2686/2686
f 2686/2686 2719/2719 2718/2718
f 2686/2686 2718/2718 2688/2688
f 2720/2720 2721/2721 2722/2722
f 2720/2720 2722/2722 2723/2723
f 2695/2695 2698/2698 2722/2722
f 2695/2695 2722/2722 2721/2721
f 2696/2696 2720/2720 2723/2723
f 2696/2696 2723/2723 2724/2724
f 2696/2696 2695/2695 2721/2721
f 2696/2696 2721/2721 2720/2720
f 2723/2723 2722/2722 2725/2725
f 2723/2723 2725/2725 2726/2726
f 2698/2698 2699/2699 2725/2725
f 2698/2698 2725/2725 2722/2722
f 2724/2724 2723/2723 2726/2726
f 2724/2724 2726/2726 2727/2727
f 2726/2726 2725/2725 2728/2728
f 2726/2726 2728/2728 2729/2729
f 2699/2699 2700/2700 2728/2728
f 2699/2699 2728/2728 2725/2725
f 2729/2729 2728/2728 2730/2730
f 2729/2729 2730/2730 2731/2731
f 2700/2700 2701/2701 2730/2730
f 2700/2700 2730/2730 2728/2728
f 2731/2731 2730/2730 2732/2732
f 2731/2731 2732/2732 2733/2733
f 2701/2701 2702/2702 2732/2732
f 2701/2701 2732/2732 2730/2730
f 2733/2733 2732/2732 2734/2734
f 2733/2733 2734/2734 2735/2735
f 2702/2702 2703/2703 2734/2734
f 2702/2702 2734/2734 2732/2732
f 2735/2735 2734/2734 2736/2736
f 2735/2735 2736/2736 2737/2737
f 2703/2703 2704/2704 2736/2736
f 2703/2703 2736/2736 2734/2734
f 2738/2738 2735/2735 2737/2737
f 2738/2738 2737/2737 2739/2739
f 2737/2737 2736/2736 2740/2740
f 2737/2737 2740/2740 2741/2741
f 2704/2704 2705/2705 2740/2740
f 2704/2704 2740/2740 2736/2736
f 2739/2739 2737/2737 2741/2741
f 2739/2739 2741/2741 2706/2706
f 2706/2706 2741/2741 2740/2740
f 2706/2706 2740/2740 2705/2705
