mtllib CAND_stand.mtl
o TorchFlame
v -0.615385 0.153846 -0.230769
v -0.615385 0.153846 -0.153846
v -0.615385 0.230769 -0.153846
v -0.615385 0.230769 -0.230769
v -0.538462 0.153846 -0.230769
v -0.538462 0.153846 -0.153846
v -0.538462 0.230769 -0.230769
v -0.615385 0.153846 -0.076923
v -0.615385 0.230769 -0.076923
v -0.538462 0.153846 -0.076923
v -0.615385 0.153846 0.000000
v -0.615385 0.230769 0.000000
v -0.538462 0.153846 0.000000
v -0.615385 0.153846 0.076923
v -0.615385 0.230769 0.076923
v -0.538462 0.153846 0.076923
v -0.615385 0.153846 0.153846
v -0.615385 0.230769 0.153846
v -0.538462 0.153846 0.153846
v -0.615385 0.153846 0.230769
v -0.615385 0.230769 0.230769
v -0.538462 0.153846 0.230769
v -0.538462 0.230769 0.230769
v -0.615385 0.307692 -0.153846
v -0.615385 0.307692 -0.230769
v -0.538462 0.307692 -0.153846
v -0.538462 0.307692 -0.230769
v -0.615385 0.307692 -0.076923
v -0.538462 0.307692 -0.076923
v -0.615385 0.307692 0.000000
v -0.538462 0.307692 0.000000
v -0.615385 0.307692 0.076923
v -0.538462 0.307692 0.076923
v -0.615385 0.307692 0.153846
v -0.538462 0.307692 0.153846
v -0.615385 0.307692 0.230769
v -0.538462 0.307692 0.230769
v -0.538462 0.076923 -0.230769
v -0.538462 0.076923 -0.153846
v -0.538462 0.153846 -0.153846
v -0.538462 0.153846 -0.230769
v -0.461538 0.076923 -0.230769
v -0.461538 0.076923 -0.153846
v -0.461538 0.153846 -0.230769
v -0.538462 0.076923 -0.076923
v -0.538462 0.153846 -0.076923
v -0.461538 0.076923 -0.076923
v -0.538462 0.076923 0.000000
v -0.538462 0.153846 0.000000
v -0.461538 0.076923 0.000000
v -0.538462 0.076923 0.076923
v -0.538462 0.153846 0.076923
v -0.461538 0.076923 0.076923
v -0.538462 0.076923 0.153846
v -0.538462 0.153846 0.153846
v -0.461538 0.076923 0.153846
v -0.538462 0.076923 0.230769
v -0.538462 0.153846 0.230769
v -0.461538 0.076923 0.230769
v -0.461538 0.153846 0.230769
v -0.538462 0.153846 -0.384615
v -0.538462 0.153846 -0.307692
v -0.538462 0.230769 -0.307692
v -0.538462 0.230769 -0.384615
v -0.461538 0.153846 -0.384615
v -0.461538 0.153846 -0.307692
v -0.461538 0.230769 -0.384615
v -0.461538 0.153846 -0.230769
v -0.538462 0.153846 0.307692
v -0.538462 0.230769 0.307692
v -0.461538 0.153846 0.230769
v -0.461538 0.153846 0.307692
v -0.538462 0.153846 0.384615
v -0.538462 0.230769 0.384615
v -0.461538 0.153846 0.384615
v -0.461538 0.230769 0.384615
v -0.538462 0.307692 -0.307692
v -0.538462 0.307692 -0.384615
v -0.461538 0.307692 -0.307692
v -0.461538 0.307692 -0.384615
v -0.461538 0.307692 -0.230769
v -0.538462 0.307692 0.307692
v -0.461538 0.307692 0.307692
v -0.461538 0.307692 0.230769
v -0.538462 0.307692 0.384615
v -0.461538 0.307692 0.384615
v -0.538462 0.307692 -0.230769
v -0.538462 0.307692 -0.153846
v -0.538462 0.384615 -0.153846
v -0.538462 0.384615 -0.230769
v -0.461538 0.384615 -0.153846
v -0.461538 0.384615 -0.230769
v -0.461538 0.307692 -0.230769
v -0.538462 0.307692 -0.076923
v -0.538462 0.384615 -0.076923
v -0.461538 0.384615 -0.076923
v -0.538462 0.307692 0.000000
v -0.538462 0.384615 0.000000
v -0.461538 0.384615 0.000000
v -0.538462 0.307692 0.076923
v -0.538462 0.384615 0.076923
v -0.461538 0.384615 0.076923
v -0.538462 0.307692 0.153846
v -0.538462 0.384615 0.153846
v -0.461538 0.384615 0.153846
v -0.538462 0.307692 0.230769
v -0.538462 0.384615 0.230769
v -0.461538 0.384615 0.230769
v -0.461538 0.307692 0.230769
v -0.461538 0.076923 -0.307692
v -0.461538 0.153846 -0.307692
v -0.384615 0.076923 -0.307692
v -0.384615 0.076923 -0.230769
v -0.384615 0.153846 -0.307692
v -0.384615 0.076923 -0.153846
v -0.384615 0.076923 -0.076923
v -0.384615 0.076923 0.000000
v -0.384615 0.076923 0.076923
v -0.384615 0.076923 0.153846
v -0.384615 0.076923 0.230769
v -0.461538 0.076923 0.307692
v -0.461538 0.153846 0.307692
v -0.384615 0.076923 0.307692
v -0.384615 0.153846 0.307692
v -0.461538 0.153846 -0.461538
v -0.461538 0.230769 -0.461538
v -0.384615 0.153846 -0.461538
v -0.384615 0.153846 -0.384615
v -0.384615 0.230769 -0.461538
v -0.384615 0.153846 -0.307692
v -0.384615 0.153846 0.307692
v -0.384615 0.153846 0.384615
v -0.461538 0.153846 0.461538
v -0.461538 0.230769 0.461538
v -0.384615 0.153846 0.461538
v -0.384615 0.230769 0.461538
v -0.461538 0.307692 -0.461538
v -0.384615 0.307692 -0.384615
v -0.384615 0.307692 -0.461538
v -0.384615 0.307692 -0.307692
v -0.384615 0.307692 0.384615
v -0.384615 0.307692 0.307692
v -0.461538 0.307692 0.461538
v -0.384615 0.307692 0.461538
v -0.461538 0.307692 -0.307692
v -0.461538 0.384615 -0.307692
v -0.384615 0.384615 -0.230769
v -0.384615 0.384615 -0.307692
v -0.384615 0.307692 -0.307692
v -0.384615 0.384615 -0.153846
v -0.384615 0.384615 0.230769
v -0.384615 0.384615 0.153846
v -0.461538 0.307692 0.307692
v -0.461538 0.384615 0.307692
v -0.384615 0.384615 0.307692
v -0.384615 0.307692 0.307692
v -0.461538 0.384615 -0.153846
v -0.461538 0.384615 -0.076923
v -0.461538 0.461538 -0.076923
v -0.461538 0.461538 -0.153846
v -0.384615 0.461538 -0.076923
v -0.384615 0.461538 -0.153846
v -0.384615 0.384615 -0.153846
v -0.461538 0.384615 0.000000
v -0.461538 0.461538 0.000000
v -0.384615 0.461538 0.000000
v -0.461538 0.384615 0.076923
v -0.461538 0.461538 0.076923
v -0.384615 0.461538 0.076923
v -0.461538 0.384615 0.153846
v -0.461538 0.461538 0.153846
v -0.384615 0.461538 0.153846
v -0.384615 0.384615 0.153846
v -0.461538 0.615385 -0.153846
v -0.461538 0.615385 -0.076923
v -0.461538 0.692308 -0.076923
v -0.461538 0.692308 -0.153846
v -0.384615 0.615385 -0.153846
v -0.384615 0.615385 -0.076923
v -0.384615 0.692308 -0.153846
v -0.461538 0.615385 0.000000
v -0.461538 0.692308 0.000000
v -0.384615 0.615385 0.000000
v -0.461538 0.615385 0.076923
v -0.461538 0.692308 0.076923
v -0.384615 0.615385 0.076923
v -0.461538 0.615385 0.153846
v -0.461538 0.692308 0.153846
v -0.384615 0.615385 0.153846
v -0.384615 0.692308 0.153846
v -0.461538 0.769231 -0.076923
v -0.461538 0.769231 -0.153846
v -0.384615 0.769231 -0.076923
v -0.384615 0.769231 -0.153846
v -0.461538 0.769231 0.000000
v -0.384615 0.769231 0.000000
v -0.461538 0.769231 0.076923
v -0.384615 0.769231 0.076923
v -0.461538 0.769231 0.153846
v -0.384615 0.769231 0.153846
v -0.461538 0.846154 -0.153846
v -0.461538 0.846154 -0.076923
v -0.461538 0.923077 -0.076923
v -0.461538 0.923077 -0.153846
v -0.384615 0.846154 -0.153846
v -0.384615 0.846154 -0.076923
v -0.384615 0.923077 -0.153846
v -0.461538 0.846154 0.000000
v -0.461538 0.923077 0.000000
v -0.384615 0.846154 0.000000
v -0.461538 0.846154 0.076923
v -0.461538 0.923077 0.076923
v -0.384615 0.846154 0.076923
v -0.461538 0.846154 0.153846
v -0.461538 0.923077 0.153846
v -0.384615 0.846154 0.153846
v -0.384615 0.923077 0.153846
v -0.461538 1.000000 -0.076923
v -0.461538 1.000000 -0.153846
v -0.384615 1.000000 -0.076923
v -0.384615 1.000000 -0.153846
v -0.461538 1.000000 0.000000
v -0.384615 1.000000 0.000000
v -0.461538 1.000000 0.076923
v -0.384615 1.000000 0.076923
v -0.461538 1.000000 0.153846
v -0.384615 1.000000 0.153846
v -0.384615 0.000000 -0.153846
v -0.384615 0.000000 -0.076923
v -0.384615 0.076923 -0.076923
v -0.384615 0.076923 -0.153846
v -0.307692 0.000000 -0.153846
v -0.307692 0.000000 -0.076923
v -0.307692 0.076923 -0.153846
v -0.384615 0.000000 0.000000
v -0.384615 0.076923 0.000000
v -0.307692 0.000000 0.000000
v -0.384615 0.000000 0.076923
v -0.384615 0.076923 0.076923
v -0.307692 0.000000 0.076923
v -0.384615 0.000000 0.153846
v -0.384615 0.076923 0.153846
v -0.307692 0.000000 0.153846
v -0.307692 0.076923 0.153846
v -0.384615 0.076923 -0.384615
v -0.384615 0.153846 -0.384615
v -0.307692 0.076923 -0.384615
v -0.307692 0.076923 -0.307692
v -0.307692 0.153846 -0.384615
v -0.307692 0.076923 -0.230769
v -0.307692 0.076923 -0.153846
v -0.307692 0.076923 0.153846
v -0.307692 0.076923 0.230769
v -0.307692 0.076923 0.307692
v -0.384615 0.076923 0.384615
v -0.384615 0.153846 0.384615
v -0.307692 0.076923 0.384615
v -0.307692 0.153846 0.384615
v -0.384615 0.153846 -0.538462
v -0.384615 0.230769 -0.538462
v -0.307692 0.153846 -0.538462
v -0.307692 0.153846 -0.461538
v -0.307692 0.230769 -0.538462
v -0.307692 0.153846 -0.384615
v -0.307692 0.153846 0.384615
v -0.307692 0.153846 0.461538
v -0.384615 0.153846 0.538462
v -0.384615 0.230769 0.538462
v -0.307692 0.153846 0.538462
v -0.307692 0.230769 0.538462
v -0.384615 0.307692 -0.538462
v -0.307692 0.307692 -0.461538
v -0.307692 0.307692 -0.538462
v -0.307692 0.307692 -0.384615
v -0.307692 0.307692 0.461538
v -0.307692 0.307692 0.384615
v -0.384615 0.307692 0.538462
v -0.307692 0.307692 0.538462
v -0.384615 0.307692 -0.384615
v -0.384615 0.384615 -0.384615
v -0.307692 0.384615 -0.307692
v -0.307692 0.384615 -0.384615
v -0.307692 0.307692 -0.384615
v -0.384615 0.307692 0.384615
v -0.384615 0.384615 0.384615
v -0.307692 0.384615 0.384615
v -0.307692 0.384615 0.307692
v -0.307692 0.307692 0.384615
v -0.384615 0.384615 -0.307692
v -0.384615 0.384615 -0.230769
v -0.384615 0.461538 -0.230769
v -0.384615 0.461538 -0.307692
v -0.307692 0.461538 -0.230769
v -0.307692 0.461538 -0.307692
v -0.307692 0.384615 -0.307692
v -0.307692 0.461538 -0.153846
v -0.384615 0.384615 0.230769
v -0.384615 0.461538 0.230769
v -0.307692 0.461538 0.230769
v -0.307692 0.461538 0.153846
v -0.384615 0.384615 0.307692
v -0.384615 0.461538 0.307692
v -0.307692 0.461538 0.307692
v -0.307692 0.384615 0.307692
v -0.384615 0.461538 -0.153846
v -0.384615 0.461538 -0.076923
v -0.384615 0.538462 -0.076923
v -0.384615 0.538462 -0.153846
v -0.307692 0.538462 -0.153846
v -0.307692 0.461538 -0.153846
v -0.384615 0.461538 0.000000
v -0.384615 0.538462 0.000000
v -0.384615 0.461538 0.076923
v -0.384615 0.538462 0.076923
v -0.384615 0.461538 0.153846
v -0.384615 0.538462 0.153846
v -0.307692 0.461538 0.153846
v -0.307692 0.538462 0.153846
v -0.384615 0.615385 -0.076923
v -0.384615 0.615385 -0.153846
v -0.307692 0.615385 -0.153846
v -0.384615 0.615385 0.000000
v -0.384615 0.615385 0.076923
v -0.384615 0.615385 0.153846
v -0.307692 0.615385 0.153846
v -0.384615 0.615385 -0.307692
v -0.384615 0.615385 -0.230769
v -0.384615 0.692308 -0.230769
v -0.384615 0.692308 -0.307692
v -0.307692 0.615385 -0.307692
v -0.307692 0.615385 -0.230769
v -0.307692 0.692308 -0.307692
v -0.307692 0.615385 -0.153846
v -0.384615 0.615385 0.230769
v -0.384615 0.692308 0.230769
v -0.307692 0.615385 0.153846
v -0.307692 0.615385 0.230769
v -0.384615 0.615385 0.307692
v -0.384615 0.692308 0.307692
v -0.307692 0.615385 0.307692
v -0.307692 0.692308 0.307692
v -0.384615 0.769231 -0.230769
v -0.384615 0.769231 -0.307692
v -0.307692 0.769231 -0.230769
v -0.307692 0.769231 -0.307692
v -0.307692 0.769231 -0.153846
v -0.384615 0.769231 0.230769
v -0.307692 0.769231 0.230769
v -0.307692 0.769231 0.153846
v -0.384615 0.769231 0.307692
v -0.307692 0.769231 0.307692
v -0.384615 0.769231 -0.153846
v -0.384615 0.769231 -0.076923
v -0.384615 0.846154 -0.076923
v -0.384615 0.846154 -0.153846
v -0.307692 0.846154 -0.153846
v -0.307692 0.769231 -0.153846
v -0.384615 0.769231 0.000000
v -0.384615 0.846154 0.000000
v -0.384615 0.769231 0.076923
v -0.384615 0.846154 0.076923
v -0.384615 0.769231 0.153846
v -0.384615 0.846154 0.153846
v -0.307692 0.769231 0.153846
v -0.307692 0.846154 0.153846
v -0.384615 0.846154 -0.307692
v -0.384615 0.846154 -0.230769
v -0.384615 0.923077 -0.230769
v -0.384615 0.923077 -0.307692
v -0.307692 0.846154 -0.307692
v -0.307692 0.846154 -0.230769
v -0.307692 0.923077 -0.307692
v -0.307692 0.846154 -0.153846
v -0.384615 0.846154 0.230769
v -0.384615 0.923077 0.230769
v -0.307692 0.846154 0.153846
v -0.307692 0.846154 0.230769
v -0.384615 0.846154 0.307692
v -0.384615 0.923077 0.307692
v -0.307692 0.846154 0.307692
v -0.307692 0.923077 0.307692
v -0.384615 1.000000 -0.230769
v -0.384615 1.000000 -0.307692
v -0.307692 1.000000 -0.230769
v -0.307692 1.000000 -0.307692
v -0.307692 1.000000 -0.153846
v -0.307692 1.000000 -0.076923
v -0.307692 1.000000 0.000000
v -0.307692 1.000000 0.076923
v -0.307692 1.000000 0.153846
v -0.384615 1.000000 0.230769
v -0.307692 1.000000 0.230769
v -0.384615 1.000000 0.307692
v -0.307692 1.000000 0.307692
v -0.307692 0.000000 -0.307692
v -0.307692 0.000000 -0.230769
v -0.307692 0.076923 -0.230769
v -0.307692 0.076923 -0.307692
v -0.230769 0.000000 -0.307692
v -0.230769 0.000000 -0.230769
v -0.230769 0.076923 -0.307692
v -0.230769 0.000000 -0.153846
v -0.230769 0.000000 -0.076923
v -0.230769 0.000000 0.000000
v -0.230769 0.000000 0.076923
v -0.230769 0.000000 0.153846
v -0.307692 0.000000 0.230769
v -0.307692 0.076923 0.230769
v -0.230769 0.000000 0.230769
v -0.307692 0.000000 0.307692
v -0.307692 0.076923 0.307692
v -0.230769 0.000000 0.307692
v -0.230769 0.076923 0.307692
v -0.307692 0.076923 -0.461538
v -0.307692 0.153846 -0.461538
v -0.230769 0.076923 -0.461538
v -0.230769 0.076923 -0.384615
v -0.230769 0.153846 -0.461538
v -0.230769 0.076923 -0.307692
v -0.230769 0.076923 0.307692
v -0.230769 0.076923 0.384615
v -0.307692 0.076923 0.461538
v -0.307692 0.153846 0.461538
v -0.230769 0.076923 0.461538
v -0.230769 0.153846 0.461538
v -0.230769 0.153846 -0.538462
v -0.230769 0.153846 -0.461538
v -0.230769 0.230769 -0.538462
v -0.230769 0.153846 0.461538
v -0.230769 0.153846 0.538462
v -0.230769 0.230769 0.538462
v -0.230769 0.307692 -0.461538
v -0.230769 0.307692 -0.538462
v -0.230769 0.307692 0.538462
v -0.230769 0.307692 0.461538
v -0.307692 0.307692 -0.461538
v -0.307692 0.384615 -0.461538
v -0.230769 0.384615 -0.384615
v -0.230769 0.384615 -0.461538
v -0.230769 0.307692 -0.461538
v -0.307692 0.307692 0.461538
v -0.307692 0.384615 0.461538
v -0.230769 0.384615 0.461538
v -0.230769 0.384615 0.384615
v -0.230769 0.307692 0.461538
v -0.307692 0.384615 -0.384615
v -0.307692 0.461538 -0.384615
v -0.230769 0.461538 -0.307692
v -0.230769 0.461538 -0.384615
v -0.230769 0.384615 -0.384615
v -0.307692 0.384615 0.384615
v -0.307692 0.461538 0.384615
v -0.230769 0.461538 0.384615
v -0.230769 0.461538 0.307692
v -0.230769 0.384615 0.384615
v -0.307692 0.461538 -0.307692
v -0.307692 0.461538 -0.230769
v -0.307692 0.538462 -0.230769
v -0.307692 0.538462 -0.307692
v -0.230769 0.538462 -0.307692
v -0.230769 0.461538 -0.307692
v -0.307692 0.461538 0.230769
v -0.307692 0.538462 0.230769
v -0.307692 0.461538 0.307692
v -0.307692 0.538462 0.307692
v -0.230769 0.461538 0.307692
v -0.230769 0.538462 0.307692
v -0.307692 0.615385 -0.230769
v -0.307692 0.615385 -0.307692
v -0.230769 0.615385 -0.307692
v -0.307692 0.615385 0.230769
v -0.307692 0.615385 0.307692
v -0.230769 0.615385 0.307692
v -0.307692 0.615385 -0.384615
v -0.307692 0.692308 -0.384615
v -0.230769 0.615385 -0.384615
v -0.230769 0.615385 -0.307692
v -0.230769 0.692308 -0.384615
v -0.307692 0.615385 0.384615
v -0.307692 0.692308 0.384615
v -0.230769 0.615385 0.307692
v -0.230769 0.615385 0.384615
v -0.230769 0.692308 0.384615
v -0.307692 0.769231 -0.384615
v -0.230769 0.769231 -0.307692
v -0.230769 0.769231 -0.384615
v -0.307692 0.769231 0.384615
v -0.230769 0.769231 0.384615
v -0.230769 0.769231 0.307692
v -0.307692 0.769231 -0.307692
v -0.307692 0.769231 -0.230769
v -0.307692 0.846154 -0.230769
v -0.307692 0.846154 -0.307692
v -0.230769 0.846154 -0.307692
v -0.230769 0.769231 -0.307692
v -0.307692 0.769231 0.230769
v -0.307692 0.846154 0.230769
v -0.307692 0.769231 0.307692
v -0.307692 0.846154 0.307692
v -0.230769 0.769231 0.307692
v -0.230769 0.846154 0.307692
v -0.307692 0.846154 -0.384615
v -0.307692 0.923077 -0.384615
v -0.230769 0.846154 -0.384615
v -0.230769 0.846154 -0.307692
v -0.230769 0.923077 -0.384615
v -0.307692 0.846154 0.384615
v -0.307692 0.923077 0.384615
v -0.230769 0.846154 0.307692
v -0.230769 0.846154 0.384615
v -0.230769 0.923077 0.384615
v -0.307692 1.000000 -0.384615
v -0.230769 1.000000 -0.307692
v -0.230769 1.000000 -0.384615
v -0.230769 1.000000 -0.230769
v -0.230769 1.000000 -0.153846
v -0.230769 1.000000 -0.076923
v -0.230769 1.000000 0.000000
v -0.230769 1.000000 0.076923
v -0.230769 1.000000 0.153846
v -0.230769 1.000000 0.230769
v -0.230769 1.000000 0.307692
v -0.307692 1.000000 0.384615
v -0.230769 1.000000 0.384615
v -0.153846 0.000000 -0.307692
v -0.153846 0.000000 -0.230769
v -0.153846 0.076923 -0.307692
v -0.153846 0.000000 -0.153846
v -0.153846 0.000000 -0.076923
v -0.153846 0.000000 0.000000
v -0.153846 0.000000 0.076923
v -0.153846 0.000000 0.153846
v -0.153846 0.000000 0.230769
v -0.153846 0.000000 0.307692
v -0.153846 0.076923 0.307692
v -0.230769 0.076923 -0.538462
v -0.230769 0.153846 -0.538462
v -0.153846 0.076923 -0.538462
v -0.153846 0.076923 -0.461538
v -0.153846 0.153846 -0.538462
v -0.153846 0.076923 -0.384615
v -0.153846 0.076923 -0.307692
v -0.153846 0.076923 0.307692
v -0.153846 0.076923 0.384615
v -0.153846 0.076923 0.461538
v -0.230769 0.076923 0.538462
v -0.230769 0.153846 0.538462
v -0.153846 0.076923 0.538462
v -0.153846 0.153846 0.538462
v -0.230769 0.153846 -0.615385
v -0.230769 0.230769 -0.615385
v -0.153846 0.153846 -0.615385
v -0.153846 0.153846 -0.538462
v -0.153846 0.230769 -0.615385
v -0.230769 0.153846 0.615385
v -0.230769 0.230769 0.615385
v -0.153846 0.153846 0.538462
v -0.153846 0.153846 0.615385
v -0.153846 0.230769 0.615385
v -0.230769 0.307692 -0.615385
v -0.153846 0.307692 -0.538462
v -0.153846 0.307692 -0.615385
v -0.230769 0.307692 0.615385
v -0.153846 0.307692 0.615385
v -0.153846 0.307692 0.538462
v -0.230769 0.307692 -0.538462
v -0.230769 0.384615 -0.538462
v -0.153846 0.384615 -0.461538
v -0.153846 0.384615 -0.538462
v -0.153846 0.307692 -0.538462
v -0.153846 0.384615 -0.384615
v -0.153846 0.384615 0.461538
v -0.153846 0.384615 0.384615
v -0.230769 0.307692 0.538462
v -0.230769 0.384615 0.538462
v -0.153846 0.384615 0.538462
v -0.153846 0.307692 0.538462
v -0.153846 0.461538 -0.307692
v -0.153846 0.461538 -0.384615
v -0.153846 0.384615 -0.384615
v -0.153846 0.461538 0.384615
v -0.153846 0.461538 0.307692
v -0.153846 0.384615 0.384615
v -0.153846 0.538462 -0.307692
v -0.153846 0.461538 -0.307692
v -0.153846 0.461538 0.307692
v -0.153846 0.538462 0.307692
v -0.153846 0.615385 -0.307692
v -0.153846 0.615385 0.307692
v -0.153846 0.615385 -0.384615
v -0.153846 0.615385 -0.307692
v -0.153846 0.692308 -0.384615
v -0.153846 0.615385 0.307692
v -0.153846 0.615385 0.384615
v -0.153846 0.692308 0.384615
v -0.153846 0.769231 -0.307692
v -0.153846 0.769231 -0.384615
v -0.153846 0.769231 0.384615
v -0.153846 0.769231 0.307692
v -0.153846 0.846154 -0.307692
v -0.153846 0.769231 -0.307692
v -0.153846 0.769231 0.307692
v -0.153846 0.846154 0.307692
v -0.153846 0.846154 -0.384615
v -0.153846 0.846154 -0.307692
v -0.153846 0.923077 -0.384615
v -0.153846 0.846154 0.307692
v -0.153846 0.846154 0.384615
v -0.153846 0.923077 0.384615
v -0.153846 1.000000 -0.307692
v -0.153846 1.000000 -0.384615
v -0.153846 1.000000 -0.230769
v -0.153846 1.000000 -0.153846
v -0.153846 1.000000 -0.076923
v -0.153846 1.000000 0.000000
v -0.153846 1.000000 0.076923
v -0.153846 1.000000 0.153846
v -0.153846 1.000000 0.230769
v -0.153846 1.000000 0.307692
v -0.153846 1.000000 0.384615
v -0.153846 0.000000 -0.384615
v -0.153846 0.076923 -0.384615
v -0.076923 0.000000 -0.384615
v -0.076923 0.000000 -0.307692
v -0.076923 0.076923 -0.384615
v -0.076923 0.000000 -0.230769
v -0.076923 0.000000 -0.153846
v -0.076923 0.000000 -0.076923
v -0.076923 0.000000 0.000000
v -0.076923 0.000000 0.076923
v -0.076923 0.000000 0.153846
v -0.076923 0.000000 0.230769
v -0.076923 0.000000 0.307692
v -0.153846 0.000000 0.384615
v -0.153846 0.076923 0.384615
v -0.076923 0.000000 0.384615
v -0.076923 0.076923 0.384615
v -0.076923 0.076923 -0.538462
v -0.076923 0.076923 -0.461538
v -0.076923 0.153846 -0.538462
v -0.076923 0.076923 -0.384615
v -0.076923 0.076923 0.384615
v -0.076923 0.076923 0.461538
v -0.076923 0.076923 0.538462
v -0.076923 0.153846 0.538462
v -0.076923 0.153846 -0.615385
v -0.076923 0.153846 -0.538462
v -0.076923 0.230769 -0.615385
v -0.076923 0.153846 0.538462
v -0.076923 0.153846 0.615385
v -0.076923 0.230769 0.615385
v -0.076923 0.307692 -0.538462
v -0.076923 0.307692 -0.615385
v -0.076923 0.307692 0.615385
v -0.076923 0.307692 0.538462
v -0.076923 0.384615 -0.461538
v -0.076923 0.384615 -0.538462
v -0.076923 0.307692 -0.538462
v -0.076923 0.384615 0.538462
v -0.076923 0.384615 0.461538
v -0.076923 0.307692 0.538462
v -0.153846 0.384615 -0.461538
v -0.153846 0.461538 -0.461538
v -0.076923 0.461538 -0.384615
v -0.076923 0.461538 -0.461538
v -0.076923 0.384615 -0.461538
v -0.153846 0.384615 0.461538
v -0.153846 0.461538 0.461538
v -0.076923 0.461538 0.461538
v -0.076923 0.461538 0.384615
v -0.076923 0.384615 0.461538
v -0.153846 0.461538 -0.384615
v -0.153846 0.538462 -0.384615
v -0.076923 0.538462 -0.384615
v -0.076923 0.461538 -0.384615
v -0.153846 0.461538 0.384615
v -0.153846 0.538462 0.384615
v -0.076923 0.461538 0.384615
v -0.076923 0.538462 0.384615
v -0.153846 0.615385 -0.384615
v -0.076923 0.615385 -0.384615
v -0.153846 0.615385 0.384615
v -0.076923 0.615385 0.384615
v -0.153846 0.615385 -0.461538
v -0.153846 0.692308 -0.461538
v -0.076923 0.615385 -0.461538
v -0.076923 0.615385 -0.384615
v -0.076923 0.692308 -0.461538
v -0.153846 0.615385 0.461538
v -0.153846 0.692308 0.461538
v -0.076923 0.615385 0.384615
v -0.076923 0.615385 0.461538
v -0.076923 0.692308 0.461538
v -0.153846 0.769231 -0.461538
v -0.076923 0.769231 -0.384615
v -0.076923 0.769231 -0.461538
v -0.153846 0.769231 0.461538
v -0.076923 0.769231 0.461538
v -0.076923 0.769231 0.384615
v -0.153846 0.769231 -0.384615
v -0.153846 0.846154 -0.384615
v -0.076923 0.846154 -0.384615
v -0.076923 0.769231 -0.384615
v -0.153846 0.769231 0.384615
v -0.153846 0.846154 0.384615
v -0.076923 0.769231 0.384615
v -0.076923 0.846154 0.384615
v -0.153846 0.846154 -0.461538
v -0.153846 0.923077 -0.461538
v -0.076923 0.846154 -0.461538
v -0.076923 0.846154 -0.384615
v -0.076923 0.923077 -0.461538
v -0.153846 0.846154 0.461538
v -0.153846 0.923077 0.461538
v -0.076923 0.846154 0.384615
v -0.076923 0.846154 0.461538
v -0.076923 0.923077 0.461538
v -0.153846 1.000000 -0.461538
v -0.076923 1.000000 -0.384615
v -0.076923 1.000000 -0.461538
v -0.076923 1.000000 -0.307692
v -0.076923 1.000000 -0.230769
v -0.076923 1.000000 -0.153846
v -0.076923 1.000000 -0.076923
v -0.076923 1.000000 0.000000
v -0.076923 1.000000 0.076923
v -0.076923 1.000000 0.153846
v -0.076923 1.000000 0.230769
v -0.076923 1.000000 0.307692
v -0.076923 1.000000 0.384615
v -0.153846 1.000000 0.461538
v -0.076923 1.000000 0.461538
v 0.000000 0.000000 -0.384615
v 0.000000 0.000000 -0.307692
v 0.000000 0.076923 -0.384615
v 0.000000 0.000000 -0.230769
v 0.000000 0.000000 -0.153846
v 0.000000 0.000000 -0.076923
v 0.000000 0.000000 0.000000
v 0.000000 0.000000 0.076923
v 0.000000 0.000000 0.153846
v 0.000000 0.000000 0.230769
v 0.000000 0.000000 0.307692
v 0.000000 0.000000 0.384615
v 0.000000 0.076923 0.384615
v 0.000000 0.076923 -0.538462
v 0.000000 0.076923 -0.461538
v 0.000000 0.153846 -0.538462
v 0.000000 0.076923 -0.384615
v 0.000000 0.076923 0.384615
v 0.000000 0.076923 0.461538
v 0.000000 0.076923 0.538462
v 0.000000 0.153846 0.538462
v 0.000000 0.153846 -0.615385
v 0.000000 0.153846 -0.538462
v 0.000000 0.230769 -0.615385
v 0.000000 0.153846 0.538462
v 0.000000 0.153846 0.615385
v 0.000000 0.230769 0.615385
v 0.000000 0.307692 -0.538462
v 0.000000 0.307692 -0.615385
v 0.000000 0.307692 0.615385
v 0.000000 0.307692 0.538462
v 0.000000 0.384615 -0.461538
v 0.000000 0.384615 -0.538462
v 0.000000 0.307692 -0.538462
v 0.000000 0.384615 0.538462
v 0.000000 0.384615 0.461538
v 0.000000 0.307692 0.538462
v 0.000000 0.461538 -0.384615
v 0.000000 0.461538 -0.461538
v 0.000000 0.384615 -0.461538
v 0.000000 0.461538 0.461538
v 0.000000 0.461538 0.384615
v 0.000000 0.384615 0.461538
v 0.000000 0.538462 -0.384615
v 0.000000 0.461538 -0.384615
v 0.000000 0.461538 0.384615
v 0.000000 0.538462 0.384615
v 0.000000 0.615385 -0.384615
v 0.000000 0.615385 0.384615
v 0.000000 0.615385 -0.461538
v 0.000000 0.615385 -0.384615
v 0.000000 0.692308 -0.461538
v 0.000000 0.615385 0.384615
v 0.000000 0.615385 0.461538
v 0.000000 0.692308 0.461538
v 0.000000 0.769231 -0.384615
v 0.000000 0.769231 -0.461538
v 0.000000 0.769231 0.461538
v 0.000000 0.769231 0.384615
v 0.000000 0.846154 -0.384615
v 0.000000 0.769231 -0.384615
v 0.000000 0.769231 0.384615
v 0.000000 0.846154 0.384615
v 0.000000 0.846154 -0.461538
v 0.000000 0.846154 -0.384615
v 0.000000 0.923077 -0.461538
v 0.000000 0.846154 0.384615
v 0.000000 0.846154 0.461538
v 0.000000 0.923077 0.461538
v 0.000000 1.000000 -0.384615
v 0.000000 1.000000 -0.461538
v 0.000000 1.000000 -0.307692
v 0.000000 1.000000 -0.230769
v 0.000000 1.000000 -0.153846
v 0.000000 1.000000 -0.076923
v 0.000000 1.000000 0.000000
v 0.000000 1.000000 0.076923
v 0.000000 1.000000 0.153846
v 0.000000 1.000000 0.230769
v 0.000000 1.000000 0.307692
v 0.000000 1.000000 0.384615
v 0.000000 1.000000 0.461538
v 0.076923 0.000000 -0.384615
v 0.076923 0.000000 -0.307692
v 0.076923 0.076923 -0.384615
v 0.076923 0.000000 -0.230769
v 0.076923 0.000000 -0.153846
v 0.076923 0.000000 -0.076923
v 0.076923 0.000000 0.000000
v 0.076923 0.000000 0.076923
v 0.076923 0.000000 0.153846
v 0.076923 0.000000 0.230769
v 0.076923 0.000000 0.307692
v 0.076923 0.000000 0.384615
v 0.076923 0.076923 0.384615
v 0.076923 0.076923 -0.538462
v 0.076923 0.076923 -0.461538
v 0.076923 0.153846 -0.538462
v 0.076923 0.076923 -0.384615
v 0.076923 0.076923 0.384615
v 0.076923 0.076923 0.461538
v 0.076923 0.076923 0.538462
v 0.076923 0.153846 0.538462
v 0.076923 0.153846 -0.615385
v 0.076923 0.153846 -0.538462
v 0.076923 0.230769 -0.615385
v 0.076923 0.153846 0.538462
v 0.076923 0.153846 0.615385
v 0.076923 0.230769 0.615385
v 0.076923 0.307692 -0.538462
v 0.076923 0.307692 -0.615385
v 0.076923 0.307692 0.615385
v 0.076923 0.307692 0.538462
v 0.076923 0.384615 -0.461538
v 0.076923 0.384615 -0.538462
v 0.076923 0.307692 -0.538462
v 0.076923 0.384615 0.538462
v 0.076923 0.384615 0.461538
v 0.076923 0.307692 0.538462
v 0.076923 0.461538 -0.384615
v 0.076923 0.461538 -0.461538
v 0.076923 0.384615 -0.461538
v 0.076923 0.461538 0.461538
v 0.076923 0.461538 0.384615
v 0.076923 0.384615 0.461538
v 0.076923 0.538462 -0.384615
v 0.076923 0.461538 -0.384615
v 0.076923 0.461538 0.384615
v 0.076923 0.538462 0.384615
v 0.076923 0.615385 -0.384615
v 0.076923 0.615385 0.384615
v 0.076923 0.615385 -0.461538
v 0.076923 0.615385 -0.384615
v 0.076923 0.692308 -0.461538
v 0.076923 0.615385 0.384615
v 0.076923 0.615385 0.461538
v 0.076923 0.692308 0.461538
v 0.076923 0.769231 -0.384615
v 0.076923 0.769231 -0.461538
v 0.076923 0.769231 0.461538
v 0.076923 0.769231 0.384615
v 0.076923 0.846154 -0.384615
v 0.076923 0.769231 -0.384615
v 0.076923 0.769231 0.384615
v 0.076923 0.846154 0.384615
v 0.076923 0.846154 -0.461538
v 0.076923 0.846154 -0.384615
v 0.076923 0.923077 -0.461538
v 0.076923 0.846154 0.384615
v 0.076923 0.846154 0.461538
v 0.076923 0.923077 0.461538
v 0.076923 1.000000 -0.384615
v 0.076923 1.000000 -0.461538
v 0.076923 1.000000 -0.307692
v 0.076923 1.000000 -0.230769
v 0.076923 1.000000 -0.153846
v 0.076923 1.000000 -0.076923
v 0.076923 1.000000 0.000000
v 0.076923 1.000000 0.076923
v 0.076923 1.000000 0.153846
v 0.076923 1.000000 0.230769
v 0.076923 1.000000 0.307692
v 0.076923 1.000000 0.384615
v 0.076923 1.000000 0.461538
v 0.153846 0.000000 -0.384615
v 0.153846 0.076923 -0.384615
v 0.153846 0.076923 -0.307692
v 0.153846 0.000000 -0.307692
v 0.153846 0.000000 -0.230769
v 0.153846 0.000000 -0.153846
v 0.153846 0.000000 -0.076923
v 0.153846 0.000000 0.000000
v 0.153846 0.000000 0.076923
v 0.153846 0.000000 0.153846
v 0.153846 0.000000 0.230769
v 0.153846 0.000000 0.307692
v 0.153846 0.076923 0.307692
v 0.153846 0.076923 0.384615
v 0.153846 0.000000 0.384615
v 0.153846 0.076923 -0.538462
v 0.153846 0.076923 -0.461538
v 0.153846 0.153846 -0.538462
v 0.153846 0.076923 -0.384615
v 0.153846 0.076923 0.384615
v 0.153846 0.076923 0.461538
v 0.153846 0.076923 0.538462
v 0.153846 0.153846 0.538462
v 0.153846 0.153846 -0.615385
v 0.153846 0.153846 -0.538462
v 0.153846 0.230769 -0.615385
v 0.153846 0.153846 0.538462
v 0.153846 0.153846 0.615385
v 0.153846 0.230769 0.615385
v 0.153846 0.307692 -0.538462
v 0.153846 0.307692 -0.615385
v 0.153846 0.307692 0.615385
v 0.153846 0.307692 0.538462
v 0.153846 0.384615 -0.461538
v 0.153846 0.384615 -0.538462
v 0.153846 0.307692 -0.538462
v 0.153846 0.384615 0.538462
v 0.153846 0.384615 0.461538
v 0.153846 0.307692 0.538462
v 0.153846 0.384615 -0.461538
v 0.153846 0.461538 -0.461538
v 0.153846 0.461538 -0.384615
v 0.153846 0.384615 -0.384615
v 0.153846 0.384615 0.384615
v 0.153846 0.461538 0.384615
v 0.153846 0.461538 0.461538
v 0.153846 0.384615 0.461538
v 0.153846 0.461538 -0.384615
v 0.153846 0.538462 -0.384615
v 0.153846 0.538462 -0.307692
v 0.153846 0.461538 -0.307692
v 0.153846 0.461538 0.307692
v 0.153846 0.538462 0.307692
v 0.153846 0.538462 0.384615
v 0.153846 0.461538 0.384615
v 0.153846 0.615385 -0.384615
v 0.153846 0.615385 -0.307692
v 0.153846 0.615385 0.307692
v 0.153846 0.615385 0.384615
v 0.153846 0.615385 -0.461538
v 0.153846 0.692308 -0.461538
v 0.153846 0.692308 -0.384615
v 0.153846 0.615385 -0.384615
v 0.153846 0.615385 0.384615
v 0.153846 0.692308 0.384615
v 0.153846 0.692308 0.461538
v 0.153846 0.615385 0.461538
v 0.153846 0.769231 -0.461538
v 0.153846 0.769231 -0.384615
v 0.153846 0.769231 0.384615
v 0.153846 0.769231 0.461538
v 0.153846 0.769231 -0.384615
v 0.153846 0.846154 -0.384615
v 0.153846 0.846154 -0.307692
v 0.153846 0.769231 -0.307692
v 0.153846 0.769231 0.307692
v 0.153846 0.846154 0.307692
v 0.153846 0.846154 0.384615
v 0.153846 0.769231 0.384615
v 0.153846 0.846154 -0.461538
v 0.153846 0.923077 -0.461538
v 0.153846 0.923077 -0.384615
v 0.153846 0.846154 -0.384615
v 0.153846 0.846154 0.384615
v 0.153846 0.923077 0.384615
v 0.153846 0.923077 0.461538
v 0.153846 0.846154 0.461538
v 0.153846 1.000000 -0.461538
v 0.153846 1.000000 -0.384615
v 0.153846 1.000000 -0.307692
v 0.153846 1.000000 -0.230769
v 0.153846 1.000000 -0.153846
v 0.153846 1.000000 -0.076923
v 0.153846 1.000000 0.000000
v 0.153846 1.000000 0.076923
v 0.153846 1.000000 0.153846
v 0.153846 1.000000 0.230769
v 0.153846 1.000000 0.307692
v 0.153846 1.000000 0.384615
v 0.153846 1.000000 0.461538
v 0.230769 0.000000 -0.307692
v 0.230769 0.000000 -0.230769
v 0.230769 0.076923 -0.307692
v 0.230769 0.000000 -0.153846
v 0.230769 0.000000 -0.076923
v 0.230769 0.000000 0.000000
v 0.230769 0.000000 0.076923
v 0.230769 0.000000 0.153846
v 0.230769 0.000000 0.230769
v 0.230769 0.000000 0.307692
v 0.230769 0.076923 0.307692
v 0.230769 0.076923 -0.538462
v 0.230769 0.153846 -0.538462
v 0.230769 0.153846 -0.461538
v 0.230769 0.076923 -0.461538
v 0.230769 0.076923 -0.384615
v 0.230769 0.076923 -0.307692
v 0.153846 0.076923 -0.307692
v 0.153846 0.076923 0.307692
v 0.230769 0.076923 0.307692
v 0.230769 0.076923 0.384615
v 0.230769 0.076923 0.461538
v 0.230769 0.153846 0.461538
v 0.230769 0.153846 0.538462
v 0.230769 0.076923 0.538462
v 0.230769 0.153846 -0.615385
v 0.230769 0.230769 -0.615385
v 0.230769 0.230769 -0.538462
v 0.230769 0.153846 -0.538462
v 0.230769 0.153846 0.538462
v 0.230769 0.230769 0.538462
v 0.230769 0.230769 0.615385
v 0.230769 0.153846 0.615385
v 0.230769 0.307692 -0.615385
v 0.230769 0.307692 -0.538462
v 0.230769 0.307692 0.538462
v 0.230769 0.307692 0.615385
v 0.230769 0.307692 -0.538462
v 0.230769 0.384615 -0.538462
v 0.230769 0.384615 -0.461538
v 0.230769 0.307692 -0.461538
v 0.153846 0.384615 -0.384615
v 0.230769 0.384615 -0.384615
v 0.153846 0.384615 0.384615
v 0.230769 0.384615 0.461538
v 0.230769 0.384615 0.384615
v 0.230769 0.307692 0.461538
v 0.230769 0.384615 0.538462
v 0.230769 0.307692 0.538462
v 0.153846 0.461538 -0.307692
v 0.230769 0.461538 -0.307692
v 0.230769 0.461538 -0.384615
v 0.230769 0.384615 -0.384615
v 0.153846 0.461538 0.307692
v 0.230769 0.461538 0.384615
v 0.230769 0.461538 0.307692
v 0.230769 0.384615 0.384615
v 0.230769 0.538462 -0.307692
v 0.230769 0.461538 -0.307692
v 0.230769 0.461538 0.307692
v 0.230769 0.538462 0.307692
v 0.230769 0.615385 -0.307692
v 0.230769 0.615385 0.307692
v 0.230769 0.615385 -0.384615
v 0.230769 0.615385 -0.307692
v 0.153846 0.615385 -0.307692
v 0.230769 0.692308 -0.384615
v 0.153846 0.615385 0.307692
v 0.230769 0.615385 0.307692
v 0.230769 0.615385 0.384615
v 0.230769 0.692308 0.384615
v 0.153846 0.769231 -0.307692
v 0.230769 0.769231 -0.307692
v 0.230769 0.769231 -0.384615
v 0.153846 0.769231 0.307692
v 0.230769 0.769231 0.384615
v 0.230769 0.769231 0.307692
v 0.230769 0.846154 -0.307692
v 0.230769 0.769231 -0.307692
v 0.230769 0.769231 0.307692
v 0.230769 0.846154 0.307692
v 0.230769 0.846154 -0.384615
v 0.230769 0.846154 -0.307692
v 0.153846 0.846154 -0.307692
v 0.230769 0.923077 -0.384615
v 0.153846 0.846154 0.307692
v 0.230769 0.846154 0.307692
v 0.230769 0.846154 0.384615
v 0.230769 0.923077 0.384615
v 0.230769 1.000000 -0.307692
v 0.230769 1.000000 -0.384615
v 0.230769 1.000000 -0.230769
v 0.230769 1.000000 -0.153846
v 0.230769 1.000000 -0.076923
v 0.230769 1.000000 0.000000
v 0.230769 1.000000 0.076923
v 0.230769 1.000000 0.153846
v 0.230769 1.000000 0.230769
v 0.230769 1.000000 0.307692
v 0.230769 1.000000 0.384615
v 0.307692 0.000000 -0.307692
v 0.307692 0.076923 -0.307692
v 0.307692 0.076923 -0.230769
v 0.307692 0.000000 -0.230769
v 0.307692 0.076923 -0.153846
v 0.307692 0.000000 -0.153846
v 0.307692 0.000000 -0.076923
v 0.307692 0.000000 0.000000
v 0.307692 0.000000 0.076923
v 0.307692 0.000000 0.153846
v 0.307692 0.076923 0.153846
v 0.307692 0.076923 0.230769
v 0.307692 0.000000 0.230769
v 0.307692 0.076923 0.307692
v 0.307692 0.000000 0.307692
v 0.307692 0.076923 -0.461538
v 0.307692 0.153846 -0.461538
v 0.307692 0.153846 -0.384615
v 0.307692 0.076923 -0.384615
v 0.307692 0.076923 -0.307692
v 0.307692 0.076923 0.307692
v 0.307692 0.076923 0.384615
v 0.307692 0.153846 0.384615
v 0.307692 0.153846 0.461538
v 0.307692 0.076923 0.461538
v 0.307692 0.153846 -0.538462
v 0.307692 0.153846 -0.461538
v 0.230769 0.153846 -0.461538
v 0.307692 0.230769 -0.538462
v 0.230769 0.153846 0.461538
v 0.307692 0.153846 0.461538
v 0.307692 0.153846 0.538462
v 0.307692 0.230769 0.538462
v 0.230769 0.307692 -0.461538
v 0.307692 0.307692 -0.461538
v 0.307692 0.307692 -0.538462
v 0.230769 0.307692 0.461538
v 0.307692 0.307692 0.538462
v 0.307692 0.307692 0.461538
v 0.307692 0.307692 -0.461538
v 0.307692 0.384615 -0.461538
v 0.307692 0.384615 -0.384615
v 0.307692 0.307692 -0.384615
v 0.307692 0.307692 0.384615
v 0.307692 0.384615 0.384615
v 0.307692 0.384615 0.461538
v 0.307692 0.307692 0.461538
v 0.307692 0.384615 -0.384615
v 0.307692 0.461538 -0.384615
v 0.307692 0.461538 -0.307692
v 0.307692 0.384615 -0.307692
v 0.307692 0.384615 0.307692
v 0.307692 0.461538 0.307692
v 0.307692 0.461538 0.384615
v 0.307692 0.384615 0.384615
v 0.307692 0.461538 -0.307692
v 0.307692 0.538462 -0.307692
v 0.307692 0.538462 -0.230769
v 0.307692 0.461538 -0.230769
v 0.307692 0.538462 -0.153846
v 0.307692 0.461538 -0.153846
v 0.307692 0.461538 0.153846
v 0.307692 0.538462 0.153846
v 0.307692 0.538462 0.230769
v 0.307692 0.461538 0.230769
v 0.307692 0.538462 0.307692
v 0.307692 0.461538 0.307692
v 0.307692 0.615385 -0.307692
v 0.307692 0.615385 -0.230769
v 0.307692 0.615385 -0.153846
v 0.307692 0.615385 0.153846
v 0.307692 0.615385 0.230769
v 0.307692 0.615385 0.307692
v 0.307692 0.615385 -0.384615
v 0.307692 0.692308 -0.384615
v 0.307692 0.692308 -0.307692
v 0.307692 0.615385 -0.307692
v 0.307692 0.615385 0.307692
v 0.307692 0.692308 0.307692
v 0.307692 0.692308 0.384615
v 0.307692 0.615385 0.384615
v 0.307692 0.769231 -0.384615
v 0.307692 0.769231 -0.307692
v 0.307692 0.769231 0.307692
v 0.307692 0.769231 0.384615
v 0.307692 0.769231 -0.307692
v 0.307692 0.846154 -0.307692
v 0.307692 0.846154 -0.230769
v 0.307692 0.769231 -0.230769
v 0.307692 0.846154 -0.153846
v 0.307692 0.769231 -0.153846
v 0.307692 0.769231 0.153846
v 0.307692 0.846154 0.153846
v 0.307692 0.846154 0.230769
v 0.307692 0.769231 0.230769
v 0.307692 0.846154 0.307692
v 0.307692 0.769231 0.307692
v 0.307692 0.846154 -0.384615
v 0.307692 0.923077 -0.384615
v 0.307692 0.923077 -0.307692
v 0.307692 0.846154 -0.307692
v 0.307692 0.846154 0.307692
v 0.307692 0.923077 0.307692
v 0.307692 0.923077 0.384615
v 0.307692 0.846154 0.384615
v 0.307692 1.000000 -0.384615
v 0.307692 1.000000 -0.307692
v 0.307692 1.000000 -0.230769
v 0.307692 1.000000 -0.153846
v 0.307692 1.000000 -0.076923
v 0.307692 1.000000 0.000000
v 0.307692 1.000000 0.076923
v 0.307692 1.000000 0.153846
v 0.307692 1.000000 0.230769
v 0.307692 1.000000 0.307692
v 0.307692 1.000000 0.384615
v 0.384615 0.000000 -0.153846
v 0.384615 0.076923 -0.153846
v 0.384615 0.076923 -0.076923
v 0.384615 0.000000 -0.076923
v 0.384615 0.076923 0.000000
v 0.384615 0.000000 0.000000
v 0.384615 0.076923 0.076923
v 0.384615 0.000000 0.076923
v 0.384615 0.076923 0.153846
v 0.384615 0.000000 0.153846
v 0.384615 0.076923 -0.384615
v 0.384615 0.153846 -0.384615
v 0.384615 0.153846 -0.307692
v 0.384615 0.076923 -0.307692
v 0.384615 0.076923 -0.230769
v 0.307692 0.076923 -0.230769
v 0.384615 0.076923 -0.153846
v 0.307692 0.076923 -0.153846
v 0.307692 0.076923 0.153846
v 0.384615 0.076923 0.153846
v 0.384615 0.076923 0.230769
v 0.307692 0.076923 0.230769
v 0.384615 0.076923 0.307692
v 0.384615 0.153846 0.307692
v 0.384615 0.153846 0.384615
v 0.384615 0.076923 0.384615
v 0.384615 0.153846 -0.538462
v 0.384615 0.230769 -0.538462
v 0.384615 0.230769 -0.461538
v 0.384615 0.153846 -0.461538
v 0.384615 0.153846 -0.384615
v 0.307692 0.153846 -0.384615
v 0.307692 0.153846 0.384615
v 0.384615 0.153846 0.384615
v 0.384615 0.153846 0.461538
v 0.384615 0.230769 0.461538
v 0.384615 0.230769 0.538462
v 0.384615 0.153846 0.538462
v 0.384615 0.307692 -0.538462
v 0.384615 0.307692 -0.461538
v 0.307692 0.307692 -0.384615
v 0.384615 0.307692 -0.384615
v 0.307692 0.307692 0.384615
v 0.384615 0.307692 0.461538
v 0.384615 0.307692 0.384615
v 0.384615 0.307692 0.538462
v 0.384615 0.307692 -0.384615
v 0.384615 0.384615 -0.384615
v 0.384615 0.384615 -0.307692
v 0.384615 0.307692 -0.307692
v 0.307692 0.384615 -0.307692
v 0.384615 0.307692 0.307692
v 0.384615 0.384615 0.307692
v 0.384615 0.384615 0.384615
v 0.384615 0.307692 0.384615
v 0.307692 0.384615 0.307692
v 0.384615 0.384615 -0.307692
v 0.384615 0.461538 -0.307692
v 0.384615 0.461538 -0.230769
v 0.384615 0.384615 -0.230769
v 0.307692 0.461538 -0.230769
v 0.384615 0.461538 -0.153846
v 0.384615 0.384615 -0.153846
v 0.307692 0.461538 -0.153846
v 0.384615 0.384615 0.153846
v 0.384615 0.461538 0.153846
v 0.384615 0.461538 0.230769
v 0.384615 0.384615 0.230769
v 0.307692 0.461538 0.153846
v 0.307692 0.461538 0.230769
v 0.384615 0.461538 0.307692
v 0.384615 0.384615 0.307692
v 0.384615 0.461538 -0.153846
v 0.384615 0.538462 -0.153846
v 0.384615 0.538462 -0.076923
v 0.384615 0.461538 -0.076923
v 0.384615 0.538462 0.000000
v 0.384615 0.461538 0.000000
v 0.384615 0.538462 0.076923
v 0.384615 0.461538 0.076923
v 0.384615 0.538462 0.153846
v 0.384615 0.461538 0.153846
v 0.384615 0.615385 -0.153846
v 0.384615 0.615385 -0.076923
v 0.384615 0.615385 0.000000
v 0.384615 0.615385 0.076923
v 0.384615 0.615385 0.153846
v 0.384615 0.615385 -0.307692
v 0.384615 0.692308 -0.307692
v 0.384615 0.692308 -0.230769
v 0.384615 0.615385 -0.230769
v 0.307692 0.615385 -0.230769
v 0.384615 0.692308 -0.153846
v 0.384615 0.615385 -0.153846
v 0.307692 0.615385 -0.153846
v 0.384615 0.615385 0.153846
v 0.384615 0.692308 0.153846
v 0.384615 0.692308 0.230769
v 0.384615 0.615385 0.230769
v 0.307692 0.615385 0.153846
v 0.307692 0.615385 0.230769
v 0.384615 0.692308 0.307692
v 0.384615 0.615385 0.307692
v 0.384615 0.769231 -0.307692
v 0.384615 0.769231 -0.230769
v 0.307692 0.769231 -0.230769
v 0.384615 0.769231 -0.153846
v 0.307692 0.769231 -0.153846
v 0.384615 0.769231 0.153846
v 0.384615 0.769231 0.230769
v 0.307692 0.769231 0.153846
v 0.307692 0.769231 0.230769
v 0.384615 0.769231 0.307692
v 0.384615 0.769231 -0.153846
v 0.384615 0.846154 -0.153846
v 0.384615 0.846154 -0.076923
v 0.384615 0.769231 -0.076923
v 0.384615 0.846154 0.000000
v 0.384615 0.769231 0.000000
v 0.384615 0.846154 0.076923
v 0.384615 0.769231 0.076923
v 0.384615 0.846154 0.153846
v 0.384615 0.769231 0.153846
v 0.384615 0.846154 -0.307692
v 0.384615 0.923077 -0.307692
v 0.384615 0.923077 -0.230769
v 0.384615 0.846154 -0.230769
v 0.307692 0.846154 -0.230769
v 0.384615 0.923077 -0.153846
v 0.384615 0.846154 -0.153846
v 0.307692 0.846154 -0.153846
v 0.384615 0.846154 0.153846
v 0.384615 0.923077 0.153846
v 0.384615 0.923077 0.230769
v 0.384615 0.846154 0.230769
v 0.307692 0.846154 0.153846
v 0.307692 0.846154 0.230769
v 0.384615 0.923077 0.307692
v 0.384615 0.846154 0.307692
v 0.384615 1.000000 -0.307692
v 0.384615 1.000000 -0.230769
v 0.384615 1.000000 -0.153846
v 0.384615 1.000000 -0.076923
v 0.384615 1.000000 0.000000
v 0.384615 1.000000 0.076923
v 0.384615 1.000000 0.153846
v 0.384615 1.000000 0.230769
v 0.384615 1.000000 0.307692
v 0.461538 0.076923 -0.307692
v 0.461538 0.153846 -0.307692
v 0.461538 0.153846 -0.230769
v 0.461538 0.076923 -0.230769
v 0.461538 0.076923 -0.153846
v 0.461538 0.076923 -0.076923
v 0.384615 0.076923 -0.076923
v 0.461538 0.076923 0.000000
v 0.384615 0.076923 0.000000
v 0.461538 0.076923 0.076923
v 0.384615 0.076923 0.076923
v 0.461538 0.076923 0.153846
v 0.461538 0.076923 0.230769
v 0.461538 0.153846 0.230769
v 0.461538 0.153846 0.307692
v 0.461538 0.076923 0.307692
v 0.461538 0.153846 -0.461538
v 0.461538 0.230769 -0.461538
v 0.461538 0.230769 -0.384615
v 0.461538 0.153846 -0.384615
v 0.461538 0.153846 -0.307692
v 0.384615 0.153846 -0.307692
v 0.384615 0.153846 0.307692
v 0.461538 0.153846 0.307692
v 0.461538 0.153846 0.384615
v 0.461538 0.230769 0.384615
v 0.461538 0.230769 0.461538
v 0.461538 0.153846 0.461538
v 0.461538 0.307692 -0.461538
v 0.461538 0.307692 -0.384615
v 0.384615 0.307692 -0.307692
v 0.461538 0.307692 -0.307692
v 0.384615 0.307692 0.307692
v 0.461538 0.307692 0.384615
v 0.461538 0.307692 0.307692
v 0.461538 0.307692 0.461538
v 0.461538 0.307692 -0.307692
v 0.461538 0.384615 -0.307692
v 0.461538 0.384615 -0.230769
v 0.461538 0.307692 -0.230769
v 0.384615 0.384615 -0.230769
v 0.384615 0.384615 -0.153846
v 0.461538 0.384615 -0.153846
v 0.384615 0.384615 0.153846
v 0.384615 0.384615 0.230769
v 0.461538 0.384615 0.230769
v 0.461538 0.384615 0.153846
v 0.461538 0.307692 0.230769
v 0.461538 0.384615 0.307692
v 0.461538 0.307692 0.307692
v 0.461538 0.384615 -0.153846
v 0.461538 0.461538 -0.153846
v 0.461538 0.461538 -0.076923
v 0.461538 0.384615 -0.076923
v 0.384615 0.461538 -0.076923
v 0.461538 0.461538 0.000000
v 0.461538 0.384615 0.000000
v 0.384615 0.461538 0.000000
v 0.461538 0.461538 0.076923
v 0.461538 0.384615 0.076923
v 0.384615 0.461538 0.076923
v 0.461538 0.461538 0.153846
v 0.461538 0.384615 0.153846
v 0.461538 0.615385 -0.153846
v 0.461538 0.692308 -0.153846
v 0.461538 0.692308 -0.076923
v 0.461538 0.615385 -0.076923
v 0.384615 0.615385 -0.076923
v 0.461538 0.692308 0.000000
v 0.461538 0.615385 0.000000
v 0.384615 0.615385 0.000000
v 0.461538 0.692308 0.076923
v 0.461538 0.615385 0.076923
v 0.384615 0.615385 0.076923
v 0.461538 0.692308 0.153846
v 0.461538 0.615385 0.153846
v 0.461538 0.769231 -0.153846
v 0.461538 0.769231 -0.076923
v 0.384615 0.769231 -0.076923
v 0.461538 0.769231 0.000000
v 0.384615 0.769231 0.000000
v 0.461538 0.769231 0.076923
v 0.384615 0.769231 0.076923
v 0.461538 0.769231 0.153846
v 0.461538 0.846154 -0.153846
v 0.461538 0.923077 -0.153846
v 0.461538 0.923077 -0.076923
v 0.461538 0.846154 -0.076923
v 0.384615 0.846154 -0.076923
v 0.461538 0.923077 0.000000
v 0.461538 0.846154 0.000000
v 0.384615 0.846154 0.000000
v 0.461538 0.923077 0.076923
v 0.461538 0.846154 0.076923
v 0.384615 0.846154 0.076923
v 0.461538 0.923077 0.153846
v 0.461538 0.846154 0.153846
v 0.461538 1.000000 -0.153846
v 0.461538 1.000000 -0.076923
v 0.461538 1.000000 0.000000
v 0.461538 1.000000 0.076923
v 0.461538 1.000000 0.153846
v 0.538462 0.076923 -0.230769
v 0.538462 0.153846 -0.230769
v 0.538462 0.153846 -0.153846
v 0.538462 0.076923 -0.153846
v 0.538462 0.153846 -0.076923
v 0.538462 0.076923 -0.076923
v 0.538462 0.153846 0.000000
v 0.538462 0.076923 0.000000
v 0.538462 0.153846 0.076923
v 0.538462 0.076923 0.076923
v 0.538462 0.153846 0.153846
v 0.538462 0.076923 0.153846
v 0.538462 0.153846 0.230769
v 0.538462 0.076923 0.230769
v 0.538462 0.153846 -0.384615
v 0.538462 0.230769 -0.384615
v 0.538462 0.230769 -0.307692
v 0.538462 0.153846 -0.307692
v 0.538462 0.230769 -0.230769
v 0.538462 0.153846 -0.230769
v 0.461538 0.153846 -0.230769
v 0.538462 0.153846 0.230769
v 0.538462 0.230769 0.230769
v 0.538462 0.230769 0.307692
v 0.538462 0.153846 0.307692
v 0.461538 0.153846 0.230769
v 0.538462 0.230769 0.384615
v 0.538462 0.153846 0.384615
v 0.538462 0.307692 -0.384615
v 0.538462 0.307692 -0.307692
v 0.538462 0.307692 -0.230769
v 0.461538 0.307692 -0.230769
v 0.538462 0.307692 0.230769
v 0.538462 0.307692 0.307692
v 0.461538 0.307692 0.230769
v 0.538462 0.307692 0.384615
v 0.538462 0.307692 -0.230769
v 0.538462 0.384615 -0.230769
v 0.538462 0.384615 -0.153846
v 0.538462 0.307692 -0.153846
v 0.538462 0.384615 -0.076923
v 0.538462 0.307692 -0.076923
v 0.461538 0.384615 -0.076923
v 0.538462 0.384615 0.000000
v 0.538462 0.307692 0.000000
v 0.461538 0.384615 0.000000
v 0.538462 0.384615 0.076923
v 0.538462 0.307692 0.076923
v 0.461538 0.384615 0.076923
v 0.538462 0.384615 0.153846
v 0.538462 0.307692 0.153846
v 0.538462 0.384615 0.230769
v 0.538462 0.307692 0.230769
v 0.615385 0.153846 -0.230769
v 0.615385 0.230769 -0.230769
v 0.615385 0.230769 -0.153846
v 0.615385 0.153846 -0.153846
v 0.538462 0.153846 -0.153846
v 0.615385 0.230769 -0.076923
v 0.615385 0.153846 -0.076923
v 0.538462 0.153846 -0.076923
v 0.615385 0.230769 0.000000
v 0.615385 0.153846 0.000000
v 0.538462 0.153846 0.000000
v 0.615385 0.230769 0.076923
v 0.615385 0.153846 0.076923
v 0.538462 0.153846 0.076923
v 0.615385 0.230769 0.153846
v 0.615385 0.153846 0.153846
v 0.538462 0.153846 0.153846
v 0.615385 0.230769 0.230769
v 0.615385 0.153846 0.230769
v 0.615385 0.307692 -0.230769
v 0.615385 0.307692 -0.153846
v 0.538462 0.307692 -0.153846
v 0.615385 0.307692 -0.076923
v 0.538462 0.307692 -0.076923
v 0.615385 0.307692 0.000000
v 0.538462 0.307692 0.000000
v 0.615385 0.307692 0.076923
v 0.538462 0.307692 0.076923
v 0.615385 0.307692 0.153846
v 0.538462 0.307692 0.153846
v 0.615385 0.307692 0.230769
vt 0.615385 0.153846
vt 0.615385 0.153846
vt 0.615385 0.230769
vt 0.615385 0.230769
vt 0.615385 0.153846
vt 0.615385 0.153846
vt 0.615385 0.230769
vt 0.615385 0.153846
vt 0.615385 0.230769
vt 0.615385 0.153846
vt 0.615385 0.153846
vt 0.615385 0.230769
vt 0.615385 0.153846
vt 0.615385 0.153846
vt 0.615385 0.230769
vt 0.615385 0.153846
vt 0.615385 0.153846
vt 0.615385 0.230769
vt 0.615385 0.153846
vt 0.615385 0.153846
vt 0.615385 0.230769
vt 0.615385 0.153846
vt 0.615385 0.230769
vt 0.615385 0.307692
vt 0.615385 0.307692
vt 0.615385 0.307692
vt 0.615385 0.307692
vt 0.615385 0.307692
vt 0.615385 0.307692
vt 0.615385 0.307692
vt 0.615385 0.307692
vt 0.615385 0.307692
vt 0.615385 0.307692
vt 0.615385 0.307692
vt 0.615385 0.307692
vt 0.615385 0.307692
vt 0.615385 0.307692
vt 0.538462 0.076923
vt 0.538462 0.076923
vt 0.538462 0.153846
vt 0.538462 0.153846
vt 0.538462 0.076923
vt 0.538462 0.076923
vt 0.538462 0.153846
vt 0.538462 0.076923
vt 0.538462 0.153846
vt 0.538462 0.076923
vt 0.538462 0.076923
vt 0.538462 0.153846
vt 0.538462 0.076923
vt 0.538462 0.076923
vt 0.538462 0.153846
vt 0.538462 0.076923
vt 0.538462 0.076923
vt 0.538462 0.153846
vt 0.538462 0.076923
vt 0.538462 0.076923
vt 0.538462 0.153846
vt 0.538462 0.076923
vt 0.538462 0.153846
vt 0.615385 0.153846
vt 0.615385 0.153846
vt 0.615385 0.230769
vt 0.615385 0.230769
vt 0.615385 0.153846
vt 0.615385 0.153846
vt 0.615385 0.230769
vt 0.615385 0.153846
vt 0.615385 0.153846
vt 0.615385 0.230769
vt 0.615385 0.153846
vt 0.615385 0.153846
vt 0.615385 0.153846
vt 0.615385 0.230769
vt 0.615385 0.153846
vt 0.615385 0.230769
vt 0.615385 0.307692
vt 0.615385 0.307692
vt 0.615385 0.307692
vt 0.615385 0.307692
vt 0.615385 0.307692
vt 0.615385 0.307692
vt 0.615385 0.307692
vt 0.615385 0.307692
vt 0.615385 0.307692
vt 0.615385 0.307692
vt 0.538462 0.307692
vt 0.538462 0.307692
vt 0.538462 0.384615
vt 0.538462 0.384615
vt 0.538462 0.384615
vt 0.538462 0.384615
vt 0.538462 0.307692
vt 0.538462 0.307692
vt 0.538462 0.384615
vt 0.538462 0.384615
vt 0.538462 0.307692
vt 0.538462 0.384615
vt 0.538462 0.384615
vt 0.538462 0.307692
vt 0.538462 0.384615
vt 0.538462 0.384615
vt 0.538462 0.307692
vt 0.538462 0.384615
vt 0.538462 0.384615
vt 0.538462 0.307692
vt 0.538462 0.384615
vt 0.538462 0.384615
vt 0.538462 0.307692
vt 0.538462 0.076923
vt 0.538462 0.153846
vt 0.538462 0.076923
vt 0.538462 0.076923
vt 0.538462 0.153846
vt 0.538462 0.076923
vt 0.538462 0.076923
vt 0.538462 0.076923
vt 0.538462 0.076923
vt 0.538462 0.076923
vt 0.538462 0.076923
vt 0.538462 0.076923
vt 0.538462 0.153846
vt 0.538462 0.076923
vt 0.538462 0.153846
vt 0.615385 0.153846
vt 0.615385 0.230769
vt 0.615385 0.153846
vt 0.615385 0.153846
vt 0.615385 0.230769
vt 0.615385 0.153846
vt 0.615385 0.153846
vt 0.615385 0.153846
vt 0.615385 0.153846
vt 0.615385 0.230769
vt 0.615385 0.153846
vt 0.615385 0.230769
vt 0.615385 0.307692
vt 0.615385 0.307692
vt 0.615385 0.307692
vt 0.615385 0.307692
vt 0.615385 0.307692
vt 0.615385 0.307692
vt 0.615385 0.307692
vt 0.615385 0.307692
vt 0.538462 0.307692
vt 0.538462 0.384615
vt 0.538462 0.384615
vt 0.538462 0.384615
vt 0.538462 0.307692
vt 0.538462 0.384615
vt 0.538462 0.384615
vt 0.538462 0.384615
vt 0.538462 0.307692
vt 0.538462 0.384615
vt 0.538462 0.384615
vt 0.538462 0.307692
vt 0.461538 0.384615
vt 0.461538 0.384615
vt 0.461538 0.461538
vt 0.461538 0.461538
vt 0.461538 0.461538
vt 0.461538 0.461538
vt 0.461538 0.384615
vt 0.461538 0.384615
vt 0.461538 0.461538
vt 0.461538 0.461538
vt 0.461538 0.384615
vt 0.461538 0.461538
vt 0.461538 0.461538
vt 0.461538 0.384615
vt 0.461538 0.461538
vt 0.461538 0.461538
vt 0.461538 0.384615
vt 0.461538 0.615385
vt 0.461538 0.615385
vt 0.461538 0.692308
vt 0.461538 0.692308
vt 0.461538 0.615385
vt 0.461538 0.615385
vt 0.461538 0.692308
vt 0.461538 0.615385
vt 0.461538 0.692308
vt 0.461538 0.615385
vt 0.461538 0.615385
vt 0.461538 0.692308
vt 0.461538 0.615385
vt 0.461538 0.615385
vt 0.461538 0.692308
vt 0.461538 0.615385
vt 0.461538 0.692308
vt 0.461538 0.769231
vt 0.461538 0.769231
vt 0.461538 0.769231
vt 0.461538 0.769231
vt 0.461538 0.769231
vt 0.461538 0.769231
vt 0.461538 0.769231
vt 0.461538 0.769231
vt 0.461538 0.769231
vt 0.461538 0.769231
vt 0.461538 0.846154
vt 0.461538 0.846154
vt 0.461538 0.923077
vt 0.461538 0.923077
vt 0.461538 0.846154
vt 0.461538 0.846154
vt 0.461538 0.923077
vt 0.461538 0.846154
vt 0.461538 0.923077
vt 0.461538 0.846154
vt 0.461538 0.846154
vt 0.461538 0.923077
vt 0.461538 0.846154
vt 0.461538 0.846154
vt 0.461538 0.923077
vt 0.461538 0.846154
vt 0.461538 0.923077
vt 0.461538 1.000000
vt 0.461538 1.000000
vt 0.461538 1.000000
vt 0.461538 1.000000
vt 0.461538 1.000000
vt 0.461538 1.000000
vt 0.461538 1.000000
vt 0.461538 1.000000
vt 0.461538 1.000000
vt 0.461538 1.000000
vt 0.384615 0.000000
vt 0.384615 0.000000
vt 0.384615 0.076923
vt 0.384615 0.076923
vt 0.384615 0.000000
vt 0.384615 0.000000
vt 0.384615 0.076923
vt 0.384615 0.000000
vt 0.384615 0.076923
vt 0.384615 0.000000
vt 0.384615 0.000000
vt 0.384615 0.076923
vt 0.384615 0.000000
vt 0.384615 0.000000
vt 0.384615 0.076923
vt 0.384615 0.000000
vt 0.384615 0.076923
vt 0.538462 0.076923
vt 0.538462 0.153846
vt 0.538462 0.076923
vt 0.538462 0.076923
vt 0.538462 0.153846
vt 0.538462 0.076923
vt 0.538462 0.076923
vt 0.538462 0.076923
vt 0.538462 0.076923
vt 0.538462 0.076923
vt 0.538462 0.076923
vt 0.538462 0.153846
vt 0.538462 0.076923
vt 0.538462 0.153846
vt 0.615385 0.153846
vt 0.615385 0.230769
vt 0.615385 0.153846
vt 0.615385 0.153846
vt 0.615385 0.230769
vt 0.615385 0.153846
vt 0.615385 0.153846
vt 0.615385 0.153846
vt 0.615385 0.153846
vt 0.615385 0.230769
vt 0.615385 0.153846
vt 0.615385 0.230769
vt 0.615385 0.307692
vt 0.615385 0.307692
vt 0.615385 0.307692
vt 0.615385 0.307692
vt 0.615385 0.307692
vt 0.615385 0.307692
vt 0.615385 0.307692
vt 0.615385 0.307692
vt 0.538462 0.307692
vt 0.538462 0.384615
vt 0.538462 0.384615
vt 0.538462 0.384615
vt 0.538462 0.307692
vt 0.538462 0.307692
vt 0.538462 0.384615
vt 0.538462 0.384615
vt 0.538462 0.384615
vt 0.538462 0.307692
vt 0.461538 0.384615
vt 0.461538 0.384615
vt 0.461538 0.461538
vt 0.461538 0.461538
vt 0.461538 0.461538
vt 0.461538 0.461538
vt 0.461538 0.384615
vt 0.461538 0.461538
vt 0.461538 0.384615
vt 0.461538 0.461538
vt 0.461538 0.461538
vt 0.461538 0.461538
vt 0.461538 0.384615
vt 0.461538 0.461538
vt 0.461538 0.461538
vt 0.461538 0.384615
vt 0.384615 0.461538
vt 0.384615 0.461538
vt 0.384615 0.538462
vt 0.384615 0.538462
vt 0.384615 0.538462
vt 0.384615 0.461538
vt 0.384615 0.461538
vt 0.384615 0.538462
vt 0.384615 0.461538
vt 0.384615 0.538462
vt 0.384615 0.461538
vt 0.384615 0.538462
vt 0.384615 0.461538
vt 0.384615 0.538462
vt 0.384615 0.615385
vt 0.384615 0.615385
vt 0.384615 0.615385
vt 0.384615 0.615385
vt 0.384615 0.615385
vt 0.384615 0.615385
vt 0.384615 0.615385
vt 0.461538 0.615385
vt 0.461538 0.615385
vt 0.461538 0.692308
vt 0.461538 0.692308
vt 0.461538 0.615385
vt 0.461538 0.615385
vt 0.461538 0.692308
vt 0.461538 0.615385
vt 0.461538 0.615385
vt 0.461538 0.692308
vt 0.461538 0.615385
vt 0.461538 0.615385
vt 0.461538 0.615385
vt 0.461538 0.692308
vt 0.461538 0.615385
vt 0.461538 0.692308
vt 0.461538 0.769231
vt 0.461538 0.769231
vt 0.461538 0.769231
vt 0.461538 0.769231
vt 0.461538 0.769231
vt 0.461538 0.769231
vt 0.461538 0.769231
vt 0.461538 0.769231
vt 0.461538 0.769231
vt 0.461538 0.769231
vt 0.384615 0.769231
vt 0.384615 0.769231
vt 0.384615 0.846154
vt 0.384615 0.846154
vt 0.384615 0.846154
vt 0.384615 0.769231
vt 0.384615 0.769231
vt 0.384615 0.846154
vt 0.384615 0.769231
vt 0.384615 0.846154
vt 0.384615 0.769231
vt 0.384615 0.846154
vt 0.384615 0.769231
vt 0.384615 0.846154
vt 0.461538 0.846154
vt 0.461538 0.846154
vt 0.461538 0.923077
vt 0.461538 0.923077
vt 0.461538 0.846154
vt 0.461538 0.846154
vt 0.461538 0.923077
vt 0.461538 0.846154
vt 0.461538 0.846154
vt 0.461538 0.923077
vt 0.461538 0.846154
vt 0.461538 0.846154
vt 0.461538 0.846154
vt 0.461538 0.923077
vt 0.461538 0.846154
vt 0.461538 0.923077
vt 0.461538 1.000000
vt 0.461538 1.000000
vt 0.461538 1.000000
vt 0.461538 1.000000
vt 0.461538 1.000000
vt 0.461538 1.000000
vt 0.461538 1.000000
vt 0.461538 1.000000
vt 0.461538 1.000000
vt 0.461538 1.000000
vt 0.461538 1.000000
vt 0.461538 1.000000
vt 0.461538 1.000000
vt 0.384615 0.000000
vt 0.384615 0.000000
vt 0.384615 0.076923
vt 0.384615 0.076923
vt 0.384615 0.000000
vt 0.384615 0.000000
vt 0.384615 0.076923
vt 0.384615 0.000000
vt 0.384615 0.000000
vt 0.384615 0.000000
vt 0.384615 0.000000
vt 0.384615 0.000000
vt 0.384615 0.000000
vt 0.384615 0.076923
vt 0.384615 0.000000
vt 0.384615 0.000000
vt 0.384615 0.076923
vt 0.384615 0.000000
vt 0.384615 0.076923
vt 0.538462 0.076923
vt 0.538462 0.153846
vt 0.538462 0.076923
vt 0.538462 0.076923
vt 0.538462 0.153846
vt 0.538462 0.076923
vt 0.538462 0.076923
vt 0.538462 0.076923
vt 0.538462 0.076923
vt 0.538462 0.153846
vt 0.538462 0.076923
vt 0.538462 0.153846
vt 0.615385 0.153846
vt 0.615385 0.153846
vt 0.615385 0.230769
vt 0.615385 0.153846
vt 0.615385 0.153846
vt 0.615385 0.230769
vt 0.615385 0.307692
vt 0.615385 0.307692
vt 0.615385 0.307692
vt 0.615385 0.307692
vt 0.538462 0.307692
vt 0.538462 0.384615
vt 0.538462 0.384615
vt 0.538462 0.384615
vt 0.538462 0.307692
vt 0.538462 0.307692
vt 0.538462 0.384615
vt 0.538462 0.384615
vt 0.538462 0.384615
vt 0.538462 0.307692
vt 0.461538 0.384615
vt 0.461538 0.461538
vt 0.461538 0.461538
vt 0.461538 0.461538
vt 0.461538 0.384615
vt 0.461538 0.384615
vt 0.461538 0.461538
vt 0.461538 0.461538
vt 0.461538 0.461538
vt 0.461538 0.384615
vt 0.384615 0.461538
vt 0.384615 0.461538
vt 0.384615 0.538462
vt 0.384615 0.538462
vt 0.384615 0.538462
vt 0.384615 0.461538
vt 0.384615 0.461538
vt 0.384615 0.538462
vt 0.384615 0.461538
vt 0.384615 0.538462
vt 0.384615 0.461538
vt 0.384615 0.538462
vt 0.384615 0.615385
vt 0.384615 0.615385
vt 0.384615 0.615385
vt 0.384615 0.615385
vt 0.384615 0.615385
vt 0.384615 0.615385
vt 0.461538 0.615385
vt 0.461538 0.692308
vt 0.461538 0.615385
vt 0.461538 0.615385
vt 0.461538 0.692308
vt 0.461538 0.615385
vt 0.461538 0.692308
vt 0.461538 0.615385
vt 0.461538 0.615385
vt 0.461538 0.692308
vt 0.461538 0.769231
vt 0.461538 0.769231
vt 0.461538 0.769231
vt 0.461538 0.769231
vt 0.461538 0.769231
vt 0.461538 0.769231
vt 0.384615 0.769231
vt 0.384615 0.769231
vt 0.384615 0.846154
vt 0.384615 0.846154
vt 0.384615 0.846154
vt 0.384615 0.769231
vt 0.384615 0.769231
vt 0.384615 0.846154
vt 0.384615 0.769231
vt 0.384615 0.846154
vt 0.384615 0.769231
vt 0.384615 0.846154
vt 0.461538 0.846154
vt 0.461538 0.923077
vt 0.461538 0.846154
vt 0.461538 0.846154
vt 0.461538 0.923077
vt 0.461538 0.846154
vt 0.461538 0.923077
vt 0.461538 0.846154
vt 0.461538 0.846154
vt 0.461538 0.923077
vt 0.461538 1.000000
vt 0.461538 1.000000
vt 0.461538 1.000000
vt 0.461538 1.000000
vt 0.461538 1.000000
vt 0.461538 1.000000
vt 0.461538 1.000000
vt 0.461538 1.000000
vt 0.461538 1.000000
vt 0.461538 1.000000
vt 0.461538 1.000000
vt 0.461538 1.000000
vt 0.461538 1.000000
vt 0.384615 0.000000
vt 0.384615 0.000000
vt 0.384615 0.076923
vt 0.384615 0.000000
vt 0.384615 0.000000
vt 0.384615 0.000000
vt 0.384615 0.000000
vt 0.384615 0.000000
vt 0.384615 0.000000
vt 0.384615 0.000000
vt 0.384615 0.076923
vt 0.538462 0.076923
vt 0.538462 0.153846
vt 0.538462 0.076923
vt 0.538462 0.076923
vt 0.538462 0.153846
vt 0.538462 0.076923
vt 0.538462 0.076923
vt 0.538462 0.076923
vt 0.538462 0.076923
vt 0.538462 0.076923
vt 0.538462 0.076923
vt 0.538462 0.153846
vt 0.538462 0.076923
vt 0.538462 0.153846
vt 0.615385 0.153846
vt 0.615385 0.230769
vt 0.615385 0.153846
vt 0.615385 0.153846
vt 0.615385 0.230769
vt 0.615385 0.153846
vt 0.615385 0.230769
vt 0.615385 0.153846
vt 0.615385 0.153846
vt 0.615385 0.230769
vt 0.615385 0.307692
vt 0.615385 0.307692
vt 0.615385 0.307692
vt 0.615385 0.307692
vt 0.615385 0.307692
vt 0.615385 0.307692
vt 0.538462 0.307692
vt 0.538462 0.384615
vt 0.538462 0.384615
vt 0.538462 0.384615
vt 0.538462 0.307692
vt 0.538462 0.384615
vt 0.538462 0.384615
vt 0.538462 0.384615
vt 0.538462 0.307692
vt 0.538462 0.384615
vt 0.538462 0.384615
vt 0.538462 0.307692
vt 0.461538 0.461538
vt 0.461538 0.461538
vt 0.461538 0.384615
vt 0.461538 0.461538
vt 0.461538 0.461538
vt 0.461538 0.384615
vt 0.384615 0.538462
vt 0.384615 0.461538
vt 0.384615 0.461538
vt 0.384615 0.538462
vt 0.384615 0.615385
vt 0.384615 0.615385
vt 0.461538 0.615385
vt 0.461538 0.615385
vt 0.461538 0.692308
vt 0.461538 0.615385
vt 0.461538 0.615385
vt 0.461538 0.692308
vt 0.461538 0.769231
vt 0.461538 0.769231
vt 0.461538 0.769231
vt 0.461538 0.769231
vt 0.384615 0.846154
vt 0.384615 0.769231
vt 0.384615 0.769231
vt 0.384615 0.846154
vt 0.461538 0.846154
vt 0.461538 0.846154
vt 0.461538 0.923077
vt 0.461538 0.846154
vt 0.461538 0.846154
vt 0.461538 0.923077
vt 0.461538 1.000000
vt 0.461538 1.000000
vt 0.461538 1.000000
vt 0.461538 1.000000
vt 0.461538 1.000000
vt 0.461538 1.000000
vt 0.461538 1.000000
vt 0.461538 1.000000
vt 0.461538 1.000000
vt 0.461538 1.000000
vt 0.461538 1.000000
vt 0.384615 0.000000
vt 0.384615 0.076923
vt 0.384615 0.000000
vt 0.384615 0.000000
vt 0.384615 0.076923
vt 0.384615 0.000000
vt 0.384615 0.000000
vt 0.384615 0.000000
vt 0.384615 0.000000
vt 0.384615 0.000000
vt 0.384615 0.000000
vt 0.384615 0.000000
vt 0.384615 0.000000
vt 0.384615 0.000000
vt 0.384615 0.076923
vt 0.384615 0.000000
vt 0.384615 0.076923
vt 0.538462 0.076923
vt 0.538462 0.076923
vt 0.538462 0.153846
vt 0.538462 0.076923
vt 0.538462 0.076923
vt 0.538462 0.076923
vt 0.538462 0.076923
vt 0.538462 0.153846
vt 0.615385 0.153846
vt 0.615385 0.153846
vt 0.615385 0.230769
vt 0.615385 0.153846
vt 0.615385 0.153846
vt 0.615385 0.230769
vt 0.615385 0.307692
vt 0.615385 0.307692
vt 0.615385 0.307692
vt 0.615385 0.307692
vt 0.538462 0.384615
vt 0.538462 0.384615
vt 0.538462 0.307692
vt 0.538462 0.384615
vt 0.538462 0.384615
vt 0.538462 0.307692
vt 0.461538 0.384615
vt 0.461538 0.461538
vt 0.461538 0.461538
vt 0.461538 0.461538
vt 0.461538 0.384615
vt 0.461538 0.384615
vt 0.461538 0.461538
vt 0.461538 0.461538
vt 0.461538 0.461538
vt 0.461538 0.384615
vt 0.384615 0.461538
vt 0.384615 0.538462
vt 0.384615 0.538462
vt 0.384615 0.461538
vt 0.384615 0.461538
vt 0.384615 0.538462
vt 0.384615 0.461538
vt 0.384615 0.538462
vt 0.384615 0.615385
vt 0.384615 0.615385
vt 0.384615 0.615385
vt 0.384615 0.615385
vt 0.461538 0.615385
vt 0.461538 0.692308
vt 0.461538 0.615385
vt 0.461538 0.615385
vt 0.461538 0.692308
vt 0.461538 0.615385
vt 0.461538 0.692308
vt 0.461538 0.615385
vt 0.461538 0.615385
vt 0.461538 0.692308
vt 0.461538 0.769231
vt 0.461538 0.769231
vt 0.461538 0.769231
vt 0.461538 0.769231
vt 0.461538 0.769231
vt 0.461538 0.769231
vt 0.384615 0.769231
vt 0.384615 0.846154
vt 0.384615 0.846154
vt 0.384615 0.769231
vt 0.384615 0.769231
vt 0.384615 0.846154
vt 0.384615 0.769231
vt 0.384615 0.846154
vt 0.461538 0.846154
vt 0.461538 0.923077
vt 0.461538 0.846154
vt 0.461538 0.846154
vt 0.461538 0.923077
vt 0.461538 0.846154
vt 0.461538 0.923077
vt 0.461538 0.846154
vt 0.461538 0.846154
vt 0.461538 0.923077
vt 0.461538 1.000000
vt 0.461538 1.000000
vt 0.461538 1.000000
vt 0.461538 1.000000
vt 0.461538 1.000000
vt 0.461538 1.000000
vt 0.461538 1.000000
vt 0.461538 1.000000
vt 0.461538 1.000000
vt 0.461538 1.000000
vt 0.461538 1.000000
vt 0.461538 1.000000
vt 0.461538 1.000000
vt 0.461538 1.000000
vt 0.461538 1.000000
vt 0.384615 0.000000
vt 0.384615 0.000000
vt 0.384615 0.076923
vt 0.384615 0.000000
vt 0.384615 0.000000
vt 0.384615 0.000000
vt 0.384615 0.000000
vt 0.384615 0.000000
vt 0.384615 0.000000
vt 0.384615 0.000000
vt 0.384615 0.000000
vt 0.384615 0.000000
vt 0.384615 0.076923
vt 0.538462 0.076923
vt 0.538462 0.076923
vt 0.538462 0.153846
vt 0.538462 0.076923
vt 0.538462 0.076923
vt 0.538462 0.076923
vt 0.538462 0.076923
vt 0.538462 0.153846
vt 0.615385 0.153846
vt 0.615385 0.153846
vt 0.615385 0.230769
vt 0.615385 0.153846
vt 0.615385 0.153846
vt 0.615385 0.230769
vt 0.615385 0.307692
vt 0.615385 0.307692
vt 0.615385 0.307692
vt 0.615385 0.307692
vt 0.538462 0.384615
vt 0.538462 0.384615
vt 0.538462 0.307692
vt 0.538462 0.384615
vt 0.538462 0.384615
vt 0.538462 0.307692
vt 0.461538 0.461538
vt 0.461538 0.461538
vt 0.461538 0.384615
vt 0.461538 0.461538
vt 0.461538 0.461538
vt 0.461538 0.384615
vt 0.384615 0.538462
vt 0.384615 0.461538
vt 0.384615 0.461538
vt 0.384615 0.538462
vt 0.384615 0.615385
vt 0.384615 0.615385
vt 0.461538 0.615385
vt 0.461538 0.615385
vt 0.461538 0.692308
vt 0.461538 0.615385
vt 0.461538 0.615385
vt 0.461538 0.692308
vt 0.461538 0.769231
vt 0.461538 0.769231
vt 0.461538 0.769231
vt 0.461538 0.769231
vt 0.384615 0.846154
vt 0.384615 0.769231
vt 0.384615 0.769231
vt 0.384615 0.846154
vt 0.461538 0.846154
vt 0.461538 0.846154
vt 0.461538 0.923077
vt 0.461538 0.846154
vt 0.461538 0.846154
vt 0.461538 0.923077
vt 0.461538 1.000000
vt 0.461538 1.000000
vt 0.461538 1.000000
vt 0.461538 1.000000
vt 0.461538 1.000000
vt 0.461538 1.000000
vt 0.461538 1.000000
vt 0.461538 1.000000
vt 0.461538 1.000000
vt 0.461538 1.000000
vt 0.461538 1.000000
vt 0.461538 1.000000
vt 0.461538 1.000000
vt 0.384615 0.000000
vt 0.384615 0.000000
vt 0.384615 0.076923
vt 0.384615 0.000000
vt 0.384615 0.000000
vt 0.384615 0.000000
vt 0.384615 0.000000
vt 0.384615 0.000000
vt 0.384615 0.000000
vt 0.384615 0.000000
vt 0.384615 0.000000
vt 0.384615 0.000000
vt 0.384615 0.076923
vt 0.538462 0.076923
vt 0.538462 0.076923
vt 0.538462 0.153846
vt 0.538462 0.076923
vt 0.538462 0.076923
vt 0.538462 0.076923
vt 0.538462 0.076923
vt 0.538462 0.153846
vt 0.615385 0.153846
vt 0.615385 0.153846
vt 0.615385 0.230769
vt 0.615385 0.153846
vt 0.615385 0.153846
vt 0.615385 0.230769
vt 0.615385 0.307692
vt 0.615385 0.307692
vt 0.615385 0.307692
vt 0.615385 0.307692
vt 0.538462 0.384615
vt 0.538462 0.384615
vt 0.538462 0.307692
vt 0.538462 0.384615
vt 0.538462 0.384615
vt 0.538462 0.307692
vt 0.461538 0.461538
vt 0.461538 0.461538
vt 0.461538 0.384615
vt 0.461538 0.461538
vt 0.461538 0.461538
vt 0.461538 0.384615
vt 0.384615 0.538462
vt 0.384615 0.461538
vt 0.384615 0.461538
vt 0.384615 0.538462
vt 0.384615 0.615385
vt 0.384615 0.615385
vt 0.461538 0.615385
vt 0.461538 0.615385
vt 0.461538 0.692308
vt 0.461538 0.615385
vt 0.461538 0.615385
vt 0.461538 0.692308
vt 0.461538 0.769231
vt 0.461538 0.769231
vt 0.461538 0.769231
vt 0.461538 0.769231
vt 0.384615 0.846154
vt 0.384615 0.769231
vt 0.384615 0.769231
vt 0.384615 0.846154
vt 0.461538 0.846154
vt 0.461538 0.846154
vt 0.461538 0.923077
vt 0.461538 0.846154
vt 0.461538 0.846154
vt 0.461538 0.923077
vt 0.461538 1.000000
vt 0.461538 1.000000
vt 0.461538 1.000000
vt 0.461538 1.000000
vt 0.461538 1.000000
vt 0.461538 1.000000
vt 0.461538 1.000000
vt 0.461538 1.000000
vt 0.461538 1.000000
vt 0.461538 1.000000
vt 0.461538 1.000000
vt 0.461538 1.000000
vt 0.461538 1.000000
vt 0.384615 0.000000
vt 0.384615 0.076923
vt 0.384615 0.076923
vt 0.384615 0.000000
vt 0.384615 0.000000
vt 0.384615 0.000000
vt 0.384615 0.000000
vt 0.384615 0.000000
vt 0.384615 0.000000
vt 0.384615 0.000000
vt 0.384615 0.000000
vt 0.384615 0.000000
vt 0.384615 0.076923
vt 0.384615 0.076923
vt 0.384615 0.000000
vt 0.538462 0.076923
vt 0.538462 0.076923
vt 0.538462 0.153846
vt 0.538462 0.076923
vt 0.538462 0.076923
vt 0.538462 0.076923
vt 0.538462 0.076923
vt 0.538462 0.153846
vt 0.615385 0.153846
vt 0.615385 0.153846
vt 0.615385 0.230769
vt 0.615385 0.153846
vt 0.615385 0.153846
vt 0.615385 0.230769
vt 0.615385 0.307692
vt 0.615385 0.307692
vt 0.615385 0.307692
vt 0.615385 0.307692
vt 0.538462 0.384615
vt 0.538462 0.384615
vt 0.538462 0.307692
vt 0.538462 0.384615
vt 0.538462 0.384615
vt 0.538462 0.307692
vt 0.461538 0.384615
vt 0.461538 0.461538
vt 0.461538 0.461538
vt 0.461538 0.384615
vt 0.461538 0.384615
vt 0.461538 0.461538
vt 0.461538 0.461538
vt 0.461538 0.384615
vt 0.384615 0.461538
vt 0.384615 0.538462
vt 0.384615 0.538462
vt 0.384615 0.461538
vt 0.384615 0.461538
vt 0.384615 0.538462
vt 0.384615 0.538462
vt 0.384615 0.461538
vt 0.384615 0.615385
vt 0.384615 0.615385
vt 0.384615 0.615385
vt 0.384615 0.615385
vt 0.461538 0.615385
vt 0.461538 0.692308
vt 0.461538 0.692308
vt 0.461538 0.615385
vt 0.461538 0.615385
vt 0.461538 0.692308
vt 0.461538 0.692308
vt 0.461538 0.615385
vt 0.461538 0.769231
vt 0.461538 0.769231
vt 0.461538 0.769231
vt 0.461538 0.769231
vt 0.384615 0.769231
vt 0.384615 0.846154
vt 0.384615 0.846154
vt 0.384615 0.769231
vt 0.384615 0.769231
vt 0.384615 0.846154
vt 0.384615 0.846154
vt 0.384615 0.769231
vt 0.461538 0.846154
vt 0.461538 0.923077
vt 0.461538 0.923077
vt 0.461538 0.846154
vt 0.461538 0.846154
vt 0.461538 0.923077
vt 0.461538 0.923077
vt 0.461538 0.846154
vt 0.461538 1.000000
vt 0.461538 1.000000
vt 0.461538 1.000000
vt 0.461538 1.000000
vt 0.461538 1.000000
vt 0.461538 1.000000
vt 0.461538 1.000000
vt 0.461538 1.000000
vt 0.461538 1.000000
vt 0.461538 1.000000
vt 0.461538 1.000000
vt 0.461538 1.000000
vt 0.461538 1.000000
vt 0.384615 0.000000
vt 0.384615 0.000000
vt 0.384615 0.076923
vt 0.384615 0.000000
vt 0.384615 0.000000
vt 0.384615 0.000000
vt 0.384615 0.000000
vt 0.384615 0.000000
vt 0.384615 0.000000
vt 0.384615 0.000000
vt 0.384615 0.076923
vt 0.538462 0.076923
vt 0.538462 0.153846
vt 0.538462 0.153846
vt 0.538462 0.076923
vt 0.538462 0.076923
vt 0.538462 0.076923
vt 0.538462 0.076923
vt 0.538462 0.076923
vt 0.538462 0.076923
vt 0.538462 0.076923
vt 0.538462 0.076923
vt 0.538462 0.153846
vt 0.538462 0.153846
vt 0.538462 0.076923
vt 0.615385 0.153846
vt 0.615385 0.230769
vt 0.615385 0.230769
vt 0.615385 0.153846
vt 0.615385 0.153846
vt 0.615385 0.230769
vt 0.615385 0.230769
vt 0.615385 0.153846
vt 0.615385 0.307692
vt 0.615385 0.307692
vt 0.615385 0.307692
vt 0.615385 0.307692
vt 0.538462 0.307692
vt 0.538462 0.384615
vt 0.538462 0.384615
vt 0.538462 0.307692
vt 0.538462 0.384615
vt 0.538462 0.384615
vt 0.538462 0.384615
vt 0.538462 0.384615
vt 0.538462 0.384615
vt 0.538462 0.307692
vt 0.538462 0.384615
vt 0.538462 0.307692
vt 0.461538 0.461538
vt 0.461538 0.461538
vt 0.461538 0.461538
vt 0.461538 0.384615
vt 0.461538 0.461538
vt 0.461538 0.461538
vt 0.461538 0.461538
vt 0.461538 0.384615
vt 0.384615 0.538462
vt 0.384615 0.461538
vt 0.384615 0.461538
vt 0.384615 0.538462
vt 0.384615 0.615385
vt 0.384615 0.615385
vt 0.461538 0.615385
vt 0.461538 0.615385
vt 0.461538 0.615385
vt 0.461538 0.692308
vt 0.461538 0.615385
vt 0.461538 0.615385
vt 0.461538 0.615385
vt 0.461538 0.692308
vt 0.461538 0.769231
vt 0.461538 0.769231
vt 0.461538 0.769231
vt 0.461538 0.769231
vt 0.461538 0.769231
vt 0.461538 0.769231
vt 0.384615 0.846154
vt 0.384615 0.769231
vt 0.384615 0.769231
vt 0.384615 0.846154
vt 0.461538 0.846154
vt 0.461538 0.846154
vt 0.461538 0.846154
vt 0.461538 0.923077
vt 0.461538 0.846154
vt 0.461538 0.846154
vt 0.461538 0.846154
vt 0.461538 0.923077
vt 0.461538 1.000000
vt 0.461538 1.000000
vt 0.461538 1.000000
vt 0.461538 1.000000
vt 0.461538 1.000000
vt 0.461538 1.000000
vt 0.461538 1.000000
vt 0.461538 1.000000
vt 0.461538 1.000000
vt 0.461538 1.000000
vt 0.461538 1.000000
vt 0.384615 0.000000
vt 0.384615 0.076923
vt 0.384615 0.076923
vt 0.384615 0.000000
vt 0.384615 0.076923
vt 0.384615 0.000000
vt 0.384615 0.000000
vt 0.384615 0.000000
vt 0.384615 0.000000
vt 0.384615 0.000000
vt 0.384615 0.076923
vt 0.384615 0.076923
vt 0.384615 0.000000
vt 0.384615 0.076923
vt 0.384615 0.000000
vt 0.538462 0.076923
vt 0.538462 0.153846
vt 0.538462 0.153846
vt 0.538462 0.076923
vt 0.538462 0.076923
vt 0.538462 0.076923
vt 0.538462 0.076923
vt 0.538462 0.153846
vt 0.538462 0.153846
vt 0.538462 0.076923
vt 0.615385 0.153846
vt 0.615385 0.153846
vt 0.615385 0.153846
vt 0.615385 0.230769
vt 0.615385 0.153846
vt 0.615385 0.153846
vt 0.615385 0.153846
vt 0.615385 0.230769
vt 0.615385 0.307692
vt 0.615385 0.307692
vt 0.615385 0.307692
vt 0.615385 0.307692
vt 0.615385 0.307692
vt 0.615385 0.307692
vt 0.538462 0.307692
vt 0.538462 0.384615
vt 0.538462 0.384615
vt 0.538462 0.307692
vt 0.538462 0.307692
vt 0.538462 0.384615
vt 0.538462 0.384615
vt 0.538462 0.307692
vt 0.461538 0.384615
vt 0.461538 0.461538
vt 0.461538 0.461538
vt 0.461538 0.384615
vt 0.461538 0.384615
vt 0.461538 0.461538
vt 0.461538 0.461538
vt 0.461538 0.384615
vt 0.384615 0.461538
vt 0.384615 0.538462
vt 0.384615 0.538462
vt 0.384615 0.461538
vt 0.384615 0.538462
vt 0.384615 0.461538
vt 0.384615 0.461538
vt 0.384615 0.538462
vt 0.384615 0.538462
vt 0.384615 0.461538
vt 0.384615 0.538462
vt 0.384615 0.461538
vt 0.384615 0.615385
vt 0.384615 0.615385
vt 0.384615 0.615385
vt 0.384615 0.615385
vt 0.384615 0.615385
vt 0.384615 0.615385
vt 0.461538 0.615385
vt 0.461538 0.692308
vt 0.461538 0.692308
vt 0.461538 0.615385
vt 0.461538 0.615385
vt 0.461538 0.692308
vt 0.461538 0.692308
vt 0.461538 0.615385
vt 0.461538 0.769231
vt 0.461538 0.769231
vt 0.461538 0.769231
vt 0.461538 0.769231
vt 0.384615 0.769231
vt 0.384615 0.846154
vt 0.384615 0.846154
vt 0.384615 0.769231
vt 0.384615 0.846154
vt 0.384615 0.769231
vt 0.384615 0.769231
vt 0.384615 0.846154
vt 0.384615 0.846154
vt 0.384615 0.769231
vt 0.384615 0.846154
vt 0.384615 0.769231
vt 0.461538 0.846154
vt 0.461538 0.923077
vt 0.461538 0.923077
vt 0.461538 0.846154
vt 0.461538 0.846154
vt 0.461538 0.923077
vt 0.461538 0.923077
vt 0.461538 0.846154
vt 0.461538 1.000000
vt 0.461538 1.000000
vt 0.461538 1.000000
vt 0.461538 1.000000
vt 0.461538 1.000000
vt 0.461538 1.000000
vt 0.461538 1.000000
vt 0.461538 1.000000
vt 0.461538 1.000000
vt 0.461538 1.000000
vt 0.461538 1.000000
vt 0.384615 0.000000
vt 0.384615 0.076923
vt 0.384615 0.076923
vt 0.384615 0.000000
vt 0.384615 0.076923
vt 0.384615 0.000000
vt 0.384615 0.076923
vt 0.384615 0.000000
vt 0.384615 0.076923
vt 0.384615 0.000000
vt 0.538462 0.076923
vt 0.538462 0.153846
vt 0.538462 0.153846
vt 0.538462 0.076923
vt 0.538462 0.076923
vt 0.538462 0.076923
vt 0.538462 0.076923
vt 0.538462 0.076923
vt 0.538462 0.076923
vt 0.538462 0.076923
vt 0.538462 0.076923
vt 0.538462 0.076923
vt 0.538462 0.076923
vt 0.538462 0.153846
vt 0.538462 0.153846
vt 0.538462 0.076923
vt 0.615385 0.153846
vt 0.615385 0.230769
vt 0.615385 0.230769
vt 0.615385 0.153846
vt 0.615385 0.153846
vt 0.615385 0.153846
vt 0.615385 0.153846
vt 0.615385 0.153846
vt 0.615385 0.153846
vt 0.615385 0.230769
vt 0.615385 0.230769
vt 0.615385 0.153846
vt 0.615385 0.307692
vt 0.615385 0.307692
vt 0.615385 0.307692
vt 0.615385 0.307692
vt 0.615385 0.307692
vt 0.615385 0.307692
vt 0.615385 0.307692
vt 0.615385 0.307692
vt 0.538462 0.307692
vt 0.538462 0.384615
vt 0.538462 0.384615
vt 0.538462 0.307692
vt 0.538462 0.384615
vt 0.538462 0.307692
vt 0.538462 0.384615
vt 0.538462 0.384615
vt 0.538462 0.307692
vt 0.538462 0.384615
vt 0.461538 0.384615
vt 0.461538 0.461538
vt 0.461538 0.461538
vt 0.461538 0.384615
vt 0.461538 0.461538
vt 0.461538 0.461538
vt 0.461538 0.384615
vt 0.461538 0.461538
vt 0.461538 0.384615
vt 0.461538 0.461538
vt 0.461538 0.461538
vt 0.461538 0.384615
vt 0.461538 0.461538
vt 0.461538 0.461538
vt 0.461538 0.461538
vt 0.461538 0.384615
vt 0.384615 0.461538
vt 0.384615 0.538462
vt 0.384615 0.538462
vt 0.384615 0.461538
vt 0.384615 0.538462
vt 0.384615 0.461538
vt 0.384615 0.538462
vt 0.384615 0.461538
vt 0.384615 0.538462
vt 0.384615 0.461538
vt 0.384615 0.615385
vt 0.384615 0.615385
vt 0.384615 0.615385
vt 0.384615 0.615385
vt 0.384615 0.615385
vt 0.461538 0.615385
vt 0.461538 0.692308
vt 0.461538 0.692308
vt 0.461538 0.615385
vt 0.461538 0.615385
vt 0.461538 0.692308
vt 0.461538 0.615385
vt 0.461538 0.615385
vt 0.461538 0.615385
vt 0.461538 0.692308
vt 0.461538 0.692308
vt 0.461538 0.615385
vt 0.461538 0.615385
vt 0.461538 0.615385
vt 0.461538 0.692308
vt 0.461538 0.615385
vt 0.461538 0.769231
vt 0.461538 0.769231
vt 0.461538 0.769231
vt 0.461538 0.769231
vt 0.461538 0.769231
vt 0.461538 0.769231
vt 0.461538 0.769231
vt 0.461538 0.769231
vt 0.461538 0.769231
vt 0.461538 0.769231
vt 0.384615 0.769231
vt 0.384615 0.846154
vt 0.384615 0.846154
vt 0.384615 0.769231
vt 0.384615 0.846154
vt 0.384615 0.769231
vt 0.384615 0.846154
vt 0.384615 0.769231
vt 0.384615 0.846154
vt 0.384615 0.769231
vt 0.461538 0.846154
vt 0.461538 0.923077
vt 0.461538 0.923077
vt 0.461538 0.846154
vt 0.461538 0.846154
vt 0.461538 0.923077
vt 0.461538 0.846154
vt 0.461538 0.846154
vt 0.461538 0.846154
vt 0.461538 0.923077
vt 0.461538 0.923077
vt 0.461538 0.846154
vt 0.461538 0.846154
vt 0.461538 0.846154
vt 0.461538 0.923077
vt 0.461538 0.846154
vt 0.461538 1.000000
vt 0.461538 1.000000
vt 0.461538 1.000000
vt 0.461538 1.000000
vt 0.461538 1.000000
vt 0.461538 1.000000
vt 0.461538 1.000000
vt 0.461538 1.000000
vt 0.461538 1.000000
vt 0.538462 0.076923
vt 0.538462 0.153846
vt 0.538462 0.153846
vt 0.538462 0.076923
vt 0.538462 0.076923
vt 0.538462 0.076923
vt 0.538462 0.076923
vt 0.538462 0.076923
vt 0.538462 0.076923
vt 0.538462 0.076923
vt 0.538462 0.076923
vt 0.538462 0.076923
vt 0.538462 0.076923
vt 0.538462 0.153846
vt 0.538462 0.153846
vt 0.538462 0.076923
vt 0.615385 0.153846
vt 0.615385 0.230769
vt 0.615385 0.230769
vt 0.615385 0.153846
vt 0.615385 0.153846
vt 0.615385 0.153846
vt 0.615385 0.153846
vt 0.615385 0.153846
vt 0.615385 0.153846
vt 0.615385 0.230769
vt 0.615385 0.230769
vt 0.615385 0.153846
vt 0.615385 0.307692
vt 0.615385 0.307692
vt 0.615385 0.307692
vt 0.615385 0.307692
vt 0.615385 0.307692
vt 0.615385 0.307692
vt 0.615385 0.307692
vt 0.615385 0.307692
vt 0.538462 0.307692
vt 0.538462 0.384615
vt 0.538462 0.384615
vt 0.538462 0.307692
vt 0.538462 0.384615
vt 0.538462 0.384615
vt 0.538462 0.384615
vt 0.538462 0.384615
vt 0.538462 0.384615
vt 0.538462 0.384615
vt 0.538462 0.384615
vt 0.538462 0.307692
vt 0.538462 0.384615
vt 0.538462 0.307692
vt 0.461538 0.384615
vt 0.461538 0.461538
vt 0.461538 0.461538
vt 0.461538 0.384615
vt 0.461538 0.461538
vt 0.461538 0.461538
vt 0.461538 0.384615
vt 0.461538 0.461538
vt 0.461538 0.461538
vt 0.461538 0.384615
vt 0.461538 0.461538
vt 0.461538 0.461538
vt 0.461538 0.384615
vt 0.461538 0.615385
vt 0.461538 0.692308
vt 0.461538 0.692308
vt 0.461538 0.615385
vt 0.461538 0.615385
vt 0.461538 0.692308
vt 0.461538 0.615385
vt 0.461538 0.615385
vt 0.461538 0.692308
vt 0.461538 0.615385
vt 0.461538 0.615385
vt 0.461538 0.692308
vt 0.461538 0.615385
vt 0.461538 0.769231
vt 0.461538 0.769231
vt 0.461538 0.769231
vt 0.461538 0.769231
vt 0.461538 0.769231
vt 0.461538 0.769231
vt 0.461538 0.769231
vt 0.461538 0.769231
vt 0.461538 0.846154
vt 0.461538 0.923077
vt 0.461538 0.923077
vt 0.461538 0.846154
vt 0.461538 0.846154
vt 0.461538 0.923077
vt 0.461538 0.846154
vt 0.461538 0.846154
vt 0.461538 0.923077
vt 0.461538 0.846154
vt 0.461538 0.846154
vt 0.461538 0.923077
vt 0.461538 0.846154
vt 0.461538 1.000000
vt 0.461538 1.000000
vt 0.461538 1.000000
vt 0.461538 1.000000
vt 0.461538 1.000000
vt 0.538462 0.076923
vt 0.538462 0.153846
vt 0.538462 0.153846
vt 0.538462 0.076923
vt 0.538462 0.153846
vt 0.538462 0.076923
vt 0.538462 0.153846
vt 0.538462 0.076923
vt 0.538462 0.153846
vt 0.538462 0.076923
vt 0.538462 0.153846
vt 0.538462 0.076923
vt 0.538462 0.153846
vt 0.538462 0.076923
vt 0.615385 0.153846
vt 0.615385 0.230769
vt 0.615385 0.230769
vt 0.615385 0.153846
vt 0.615385 0.230769
vt 0.615385 0.153846
vt 0.615385 0.153846
vt 0.615385 0.153846
vt 0.615385 0.230769
vt 0.615385 0.230769
vt 0.615385 0.153846
vt 0.615385 0.153846
vt 0.615385 0.230769
vt 0.615385 0.153846
vt 0.615385 0.307692
vt 0.615385 0.307692
vt 0.615385 0.307692
vt 0.615385 0.307692
vt 0.615385 0.307692
vt 0.615385 0.307692
vt 0.615385 0.307692
vt 0.615385 0.307692
vt 0.538462 0.307692
vt 0.538462 0.384615
vt 0.538462 0.384615
vt 0.538462 0.307692
vt 0.538462 0.384615
vt 0.538462 0.307692
vt 0.538462 0.384615
vt 0.538462 0.384615
vt 0.538462 0.307692
vt 0.538462 0.384615
vt 0.538462 0.384615
vt 0.538462 0.307692
vt 0.538462 0.384615
vt 0.538462 0.384615
vt 0.538462 0.307692
vt 0.538462 0.384615
vt 0.538462 0.307692
vt 0.615385 0.153846
vt 0.615385 0.230769
vt 0.615385 0.230769
vt 0.615385 0.153846
vt 0.615385 0.153846
vt 0.615385 0.230769
vt 0.615385 0.153846
vt 0.615385 0.153846
vt 0.615385 0.230769
vt 0.615385 0.153846
vt 0.615385 0.153846
vt 0.615385 0.230769
vt 0.615385 0.153846
vt 0.615385 0.153846
vt 0.615385 0.230769
vt 0.615385 0.153846
vt 0.615385 0.153846
vt 0.615385 0.230769
vt 0.615385 0.153846
vt 0.615385 0.307692
vt 0.615385 0.307692
vt 0.615385 0.307692
vt 0.615385 0.307692
vt 0.615385 0.307692
vt 0.615385 0.307692
vt 0.615385 0.307692
vt 0.615385 0.307692
vt 0.615385 0.307692
vt 0.615385 0.307692
vt 0.615385 0.307692
vt 0.615385 0.307692
usemtl torchpart
f 1/1 2/2 3/3
f 1/1 3/3 4/4
f 1/1 5/5 6/6
f 1/1 6/6 2/2
f 1/1 4/4 7/7
f 1/1 7/7 5/5
f 2/2 8/8 9/9
f 2/2 9/9 3/3
f 2/2 6/6 10/10
f 2/2 10/10 8/8
f 8/8 11/11 12/12
f 8/8 12/12 9/9
f 8/8 10/10 13/13
f 8/8 13/13 11/11
f 11/11 14/14 15/15
f 11/11 15/15 12/12
f 11/11 13/13 16/16
f 11/11 16/16 14/14
f 14/14 17/17 18/18
f 14/14 18/18 15/15
f 14/14 16/16 19/19
f 14/14 19/19 17/17
f 17/17 20/20 21/21
f 17/17 21/21 18/18
f 17/17 19/19 22/22
f 17/17 22/22 20/20
f 20/20 22/22 23/23
f 20/20 23/23 21/21
f 4/4 3/3 24/24
f 4/4 24/24 25/25
f 25/25 24/24 26/26
f 25/25 26/26 27/27
f 4/4 25/25 27/27
f 4/4 27/27 7/7
f 3/3 9/9 28/28
f 3/3 28/28 24/24
f 24/24 28/28 29/29
f 24/24 29/29 26/26
f 9/9 12/12 30/30
f 9/9 30/30 28/28
f 28/28 30/30 31/31
f 28/28 31/31 29/29
f 12/12 15/15 32/32
f 12/12 32/32 30/30
f 30/30 32/32 33/33
f 30/30 33/33 31/31
f 15/15 18/18 34/34
f 15/15 34/34 32/32
f 32/32 34/34 35/35
f 32/32 35/35 33/33
f 18/18 21/21 36/36
f 18/18 36/36 34/34
f 34/34 36/36 37/37
f 34/34 37/37 35/35
f 21/21 23/23 37/37
f 21/21 37/37 36/36
f 38/38 39/39 40/40
f 38/38 40/40 41/41
f 38/38 42/42 43/43
f 38/38 43/43 39/39
f 38/38 41/41 44/44
f 38/38 44/44 42/42
f 39/39 45/45 46/46
f 39/39 46/46 40/40
f 39/39 43/43 47/47
f 39/39 47/47 45/45
f 45/45 48/48 49/49
f 45/45 49/49 46/46
f 45/45 47/47 50/50
f 45/45 50/50 48/48
f 48/48 51/51 52/52
f 48/48 52/52 49/49
f 48/48 50/50 53/53
f 48/48 53/53 51/51
f 51/51 54/54 55/55
f 51/51 55/55 52/52
f 51/51 53/53 56/56
f 51/51 56/56 54/54
f 54/54 57/57 58/58
f 54/54 58/58 55/55
f 54/54 56/56 59/59
f 54/54 59/59 57/57
f 57/57 59/59 60/60
f 57/57 60/60 58/58
f 61/61 62/62 63/63
f 61/61 63/63 64/64
f 61/61 65/65 66/66
f 61/61 66/66 62/62
f 61/61 64/64 67/67
f 61/61 67/67 65/65
f 62/62 5/5 7/7
f 62/62 7/7 63/63
f 62/62 66/66 68/68
f 62/62 68/68 5/5
f 22/22 69/69 70/70
f 22/22 70/70 23/23
f 22/22 71/71 72/72
f 22/22 72/72 69/69
f 69/69 73/73 74/74
f 69/69 74/74 70/70
f 69/69 72/72 75/75
f 69/69 75/75 73/73
f 73/73 75/75 76/76
f 73/73 76/76 74/74
f 64/64 63/63 77/77
f 64/64 77/77 78/78
f 78/78 77/77 79/79
f 78/78 79/79 80/80
f 64/64 78/78 80/80
f 64/64 80/80 67/67
f 63/63 7/7 27/27
f 63/63 27/27 77/77
f 77/77 27/27 81/81
f 77/77 81/81 79/79
f 23/23 70/70 82/82
f 23/23 82/82 37/37
f 37/37 82/82 83/83
f 37/37 83/83 84/84
f 70/70 74/74 85/85
f 70/70 85/85 82/82
f 82/82 85/85 86/86
f 82/82 86/86 83/83
f 74/74 76/76 86/86
f 74/74 86/86 85/85
f 87/87 88/88 89/89
f 87/87 89/89 90/90
f 90/90 89/89 91/91
f 90/90 91/91 92/92
f 87/87 90/90 92/92
f 87/87 92/92 93/93
f 88/88 94/94 95/95
f 88/88 95/95 89/89
f 89/89 95/95 96/96
f 89/89 96/96 91/91
f 94/94 97/97 98/98
f 94/94 98/98 95/95
f 95/95 98/98 99/99
f 95/95 99/99 96/96
f 97/97 100/100 101/101
f 97/97 101/101 98/98
f 98/98 101/101 102/102
f 98/98 102/102 99/99
f 100/100 103/103 104/104
f 100/100 104/104 101/101
f 101/101 104/104 105/105
f 101/101 105/105 102/102
f 103/103 106/106 107/107
f 103/103 107/107 104/104
f 104/104 107/107 108/108
f 104/104 108/108 105/105
f 106/106 109/109 108/108
f 106/106 108/108 107/107
f 110/110 42/42 44/44
f 110/110 44/44 111/111
f 110/110 112/112 113/113
f 110/110 113/113 42/42
f 110/110 111/111 114/114
f 110/110 114/114 112/112
f 42/42 113/113 115/115
f 42/42 115/115 43/43
f 43/43 115/115 116/116
f 43/43 116/116 47/47
f 47/47 116/116 117/117
f 47/47 117/117 50/50
f 50/50 117/117 118/118
f 50/50 118/118 53/53
f 53/53 118/118 119/119
f 53/53 119/119 56/56
f 56/56 119/119 120/120
f 56/56 120/120 59/59
f 59/59 121/121 122/122
f 59/59 122/122 60/60
f 59/59 120/120 123/123
f 59/59 123/123 121/121
f 121/121 123/123 124/124
f 121/121 124/124 122/122
f 125/125 65/65 67/67
f 125/125 67/67 126/126
f 125/125 127/127 128/128
f 125/125 128/128 65/65
f 125/125 126/126 129/129
f 125/125 129/129 127/127
f 65/65 128/128 130/130
f 65/65 130/130 66/66
f 72/72 131/131 132/132
f 72/72 132/132 75/75
f 75/75 133/133 134/134
f 75/75 134/134 76/76
f 75/75 132/132 135/135
f 75/75 135/135 133/133
f 133/133 135/135 136/136
f 133/133 136/136 134/134
f 126/126 67/67 80/80
f 126/126 80/80 137/137
f 137/137 80/80 138/138
f 137/137 138/138 139/139
f 126/126 137/137 139/139
f 126/126 139/139 129/129
f 80/80 79/79 140/140
f 80/80 140/140 138/138
f 83/83 86/86 141/141
f 83/83 141/141 142/142
f 76/76 134/134 143/143
f 76/76 143/143 86/86
f 86/86 143/143 144/144
f 86/86 144/144 141/141
f 134/134 136/136 144/144
f 134/134 144/144 143/143
f 145/145 93/93 92/92
f 145/145 92/92 146/146
f 146/146 92/92 147/147
f 146/146 147/147 148/148
f 145/145 146/146 148/148
f 145/145 148/148 149/149
f 92/92 91/91 150/150
f 92/92 150/150 147/147
f 105/105 108/108 151/151
f 105/105 151/151 152/152
f 109/109 153/153 154/154
f 109/109 154/154 108/108
f 108/108 154/154 155/155
f 108/108 155/155 151/151
f 153/153 156/156 155/155
f 153/153 155/155 154/154
f 157/157 158/158 159/159
f 157/157 159/159 160/160
f 160/160 159/159 161/161
f 160/160 161/161 162/162
f 157/157 160/160 162/162
f 157/157 162/162 163/163
f 158/158 164/164 165/165
f 158/158 165/165 159/159
f 159/159 165/165 166/166
f 159/159 166/166 161/161
f 164/164 167/167 168/168
f 164/164 168/168 165/165
f 165/165 168/168 169/169
f 165/165 169/169 166/166
f 167/167 170/170 171/171
f 167/167 171/171 168/168
f 168/168 171/171 172/172
f 168/168 172/172 169/169
f 170/170 173/173 172/172
f 170/170 172/172 171/171
f 174/174 175/175 176/176
f 174/174 176/176 177/177
f 174/174 178/178 179/179
f 174/174 179/179 175/175
f 174/174 177/177 180/180
f 174/174 180/180 178/178
f 175/175 181/181 182/182
f 175/175 182/182 176/176
f 175/175 179/179 183/183
f 175/175 183/183 181/181
f 181/181 184/184 185/185
f 181/181 185/185 182/182
f 181/181 183/183 186/186
f 181/181 186/186 184/184
f 184/184 187/187 188/188
f 184/184 188/188 185/185
f 184/184 186/186 189/189
f 184/184 189/189 187/187
f 187/187 189/189 190/190
f 187/187 190/190 188/188
f 177/177 176/176 191/191
f 177/177 191/191 192/192
f 192/192 191/191 193/193
f 192/192 193/193 194/194
f 177/177 192/192 194/194
f 177/177 194/194 180/180
f 176/176 182/182 195/195
f 176/176 195/195 191/191
f 191/191 195/195 196/196
f 191/191 196/196 193/193
f 182/182 185/185 197/197
f 182/182 197/197 195/195
f 195/195 197/197 198/198
f 195/195 198/198 196/196
f 185/185 188/188 199/199
f 185/185 199/199 197/197
f 197/197 199/199 200/200
f 197/197 200/200 198/198
f 188/188 190/190 200/200
f 188/188 200/200 199/199
f 201/201 202/202 203/203
f 201/201 203/203 204/204
f 201/201 205/205 206/206
f 201/201 206/206 202/202
f 201/201 204/204 207/207
f 201/201 207/207 205/205
f 202/202 208/208 209/209
f 202/202 209/209 203/203
f 202/202 206/206 210/210
f 202/202 210/210 208/208
f 208/208 211/211 212/212
f 208/208 212/212 209/209
f 208/208 210/210 213/213
f 208/208 213/213 211/211
f 211/211 214/214 215/215
f 211/211 215/215 212/212
f 211/211 213/213 216/216
f 211/211 216/216 214/214
f 214/214 216/216 217/217
f 214/214 217/217 215/215
f 204/204 203/203 218/218
f 204/204 218/218 219/219
f 219/219 218/218 220/220
f 219/219 220/220 221/221
f 204/204 219/219 221/221
f 204/204 221/221 207/207
f 203/203 209/209 222/222
f 203/203 222/222 218/218
f 218/218 222/222 223/223
f 218/218 223/223 220/220
f 209/209 212/212 224/224
f 209/209 224/224 222/222
f 222/222 224/224 225/225
f 222/222 225/225 223/223
f 212/212 215/215 226/226
f 212/212 226/226 224/224
f 224/224 226/226 227/227
f 224/224 227/227 225/225
f 215/215 217/217 227/227
f 215/215 227/227 226/226
f 228/228 229/229 230/230
f 228/228 230/230 231/231
f 228/228 232/232 233/233
f 228/228 233/233 229/229
f 228/228 231/231 234/234
f 228/228 234/234 232/232
f 229/229 235/235 236/236
f 229/229 236/236 230/230
f 229/229 233/233 237/237
f 229/229 237/237 235/235
f 235/235 238/238 239/239
f 235/235 239/239 236/236
f 235/235 237/237 240/240
f 235/235 240/240 238/238
f 238/238 241/241 242/242
f 238/238 242/242 239/239
f 238/238 240/240 243/243
f 238/238 243/243 241/241
f 241/241 243/243 244/244
f 241/241 244/244 242/242
f 245/245 112/112 114/114
f 245/245 114/114 246/246
f 245/245 247/247 248/248
f 245/245 248/248 112/112
f 245/245 246/246 249/249
f 245/245 249/249 247/247
f 112/112 248/248 250/250
f 112/112 250/250 113/113
f 113/113 250/250 251/251
f 113/113 251/251 115/115
f 119/119 252/252 253/253
f 119/119 253/253 120/120
f 120/120 253/253 254/254
f 120/120 254/254 123/123
f 123/123 255/255 256/256
f 123/123 256/256 124/124
f 123/123 254/254 257/257
f 123/123 257/257 255/255
f 255/255 257/257 258/258
f 255/255 258/258 256/256
f 259/259 127/127 129/129
f 259/259 129/129 260/260
f 259/259 261/261 262/262
f 259/259 262/262 127/127
f 259/259 260/260 263/263
f 259/259 263/263 261/261
f 127/127 262/262 264/264
f 127/127 264/264 128/128
f 132/132 265/265 266/266
f 132/132 266/266 135/135
f 135/135 267/267 268/268
f 135/135 268/268 136/136
f 135/135 266/266 269/269
f 135/135 269/269 267/267
f 267/267 269/269 270/270
f 267/267 270/270 268/268
f 260/260 129/129 139/139
f 260/260 139/139 271/271
f 271/271 139/139 272/272
f 271/271 272/272 273/273
f 260/260 271/271 273/273
f 260/260 273/273 263/263
f 139/139 138/138 274/274
f 139/139 274/274 272/272
f 141/141 144/144 275/275
f 141/141 275/275 276/276
f 136/136 268/268 277/277
f 136/136 277/277 144/144
f 144/144 277/277 278/278
f 144/144 278/278 275/275
f 268/268 270/270 278/278
f 268/268 278/278 277/277
f 279/279 149/149 148/148
f 279/279 148/148 280/280
f 280/280 148/148 281/281
f 280/280 281/281 282/282
f 279/279 280/280 282/282
f 279/279 282/282 283/283
f 156/156 284/284 285/285
f 156/156 285/285 155/155
f 155/155 285/285 286/286
f 155/155 286/286 287/287
f 284/284 288/288 286/286
f 284/284 286/286 285/285
f 289/289 290/290 291/291
f 289/289 291/291 292/292
f 292/292 291/291 293/293
f 292/292 293/293 294/294
f 289/289 292/292 294/294
f 289/289 294/294 295/295
f 290/290 163/163 162/162
f 290/290 162/162 291/291
f 291/291 162/162 296/296
f 291/291 296/296 293/293
f 173/173 297/297 298/298
f 173/173 298/298 172/172
f 172/172 298/298 299/299
f 172/172 299/299 300/300
f 297/297 301/301 302/302
f 297/297 302/302 298/298
f 298/298 302/302 303/303
f 298/298 303/303 299/299
f 301/301 304/304 303/303
f 301/301 303/303 302/302
f 305/305 306/306 307/307
f 305/305 307/307 308/308
f 305/305 308/308 309/309
f 305/305 309/309 310/310
f 306/306 311/311 312/312
f 306/306 312/312 307/307
f 311/311 313/313 314/314
f 311/311 314/314 312/312
f 313/313 315/315 316/316
f 313/313 316/316 314/314
f 315/315 317/317 318/318
f 315/315 318/318 316/316
f 308/308 307/307 319/319
f 308/308 319/319 320/320
f 308/308 320/320 321/321
f 308/308 321/321 309/309
f 307/307 312/312 322/322
f 307/307 322/322 319/319
f 312/312 314/314 323/323
f 312/312 323/323 322/322
f 314/314 316/316 324/324
f 314/314 324/324 323/323
f 316/316 318/318 325/325
f 316/316 325/325 324/324
f 326/326 327/327 328/328
f 326/326 328/328 329/329
f 326/326 330/330 331/331
f 326/326 331/331 327/327
f 326/326 329/329 332/332
f 326/326 332/332 330/330
f 327/327 178/178 180/180
f 327/327 180/180 328/328
f 327/327 331/331 333/333
f 327/327 333/333 178/178
f 189/189 334/334 335/335
f 189/189 335/335 190/190
f 189/189 336/336 337/337
f 189/189 337/337 334/334
f 334/334 338/338 339/339
f 334/334 339/339 335/335
f 334/334 337/337 340/340
f 334/334 340/340 338/338
f 338/338 340/340 341/341
f 338/338 341/341 339/339
f 329/329 328/328 342/342
f 329/329 342/342 343/343
f 343/343 342/342 344/344
f 343/343 344/344 345/345
f 329/329 343/343 345/345
f 329/329 345/345 332/332
f 328/328 180/180 194/194
f 328/328 194/194 342/342
f 342/342 194/194 346/346
f 342/342 346/346 344/344
f 190/190 335/335 347/347
f 190/190 347/347 200/200
f 200/200 347/347 348/348
f 200/200 348/348 349/349
f 335/335 339/339 350/350
f 335/335 350/350 347/347
f 347/347 350/350 351/351
f 347/347 351/351 348/348
f 339/339 341/341 351/351
f 339/339 351/351 350/350
f 352/352 353/353 354/354
f 352/352 354/354 355/355
f 352/352 355/355 356/356
f 352/352 356/356 357/357
f 353/353 358/358 359/359
f 353/353 359/359 354/354
f 358/358 360/360 361/361
f 358/358 361/361 359/359
f 360/360 362/362 363/363
f 360/360 363/363 361/361
f 362/362 364/364 365/365
f 362/362 365/365 363/363
f 366/366 367/367 368/368
f 366/366 368/368 369/369
f 366/366 370/370 371/371
f 366/366 371/371 367/367
f 366/366 369/369 372/372
f 366/366 372/372 370/370
f 367/367 205/205 207/207
f 367/367 207/207 368/368
f 367/367 371/371 373/373
f 367/367 373/373 205/205
f 216/216 374/374 375/375
f 216/216 375/375 217/217
f 216/216 376/376 377/377
f 216/216 377/377 374/374
f 374/374 378/378 379/379
f 374/374 379/379 375/375
f 374/374 377/377 380/380
f 374/374 380/380 378/378
f 378/378 380/380 381/381
f 378/378 381/381 379/379
f 369/369 368/368 382/382
f 369/369 382/382 383/383
f 383/383 382/382 384/384
f 383/383 384/384 385/385
f 369/369 383/383 385/385
f 369/369 385/385 372/372
f 368/368 207/207 221/221
f 368/368 221/221 382/382
f 382/382 221/221 386/386
f 382/382 386/386 384/384
f 221/221 220/220 387/387
f 221/221 387/387 386/386
f 220/220 223/223 388/388
f 220/220 388/388 387/387
f 223/223 225/225 389/389
f 223/223 389/389 388/388
f 225/225 227/227 390/390
f 225/225 390/390 389/389
f 217/217 375/375 391/391
f 217/217 391/391 227/227
f 227/227 391/391 392/392
f 227/227 392/392 390/390
f 375/375 379/379 393/393
f 375/375 393/393 391/391
f 391/391 393/393 394/394
f 391/391 394/394 392/392
f 379/379 381/381 394/394
f 379/379 394/394 393/393
f 395/395 396/396 397/397
f 395/395 397/397 398/398
f 395/395 399/399 400/400
f 395/395 400/400 396/396
f 395/395 398/398 401/401
f 395/395 401/401 399/399
f 396/396 232/232 234/234
f 396/396 234/234 397/397
f 396/396 400/400 402/402
f 396/396 402/402 232/232
f 232/232 402/402 403/403
f 232/232 403/403 233/233
f 233/233 403/403 404/404
f 233/233 404/404 237/237
f 237/237 404/404 405/405
f 237/237 405/405 240/240
f 240/240 405/405 406/406
f 240/240 406/406 243/243
f 243/243 407/407 408/408
f 243/243 408/408 244/244
f 243/243 406/406 409/409
f 243/243 409/409 407/407
f 407/407 410/410 411/411
f 407/407 411/411 408/408
f 407/407 409/409 412/412
f 407/407 412/412 410/410
f 410/410 412/412 413/413
f 410/410 413/413 411/411
f 414/414 247/247 249/249
f 414/414 249/249 415/415
f 414/414 416/416 417/417
f 414/414 417/417 247/247
f 414/414 415/415 418/418
f 414/414 418/418 416/416
f 247/247 417/417 419/419
f 247/247 419/419 248/248
f 254/254 420/420 421/421
f 254/254 421/421 257/257
f 257/257 422/422 423/423
f 257/257 423/423 258/258
f 257/257 421/421 424/424
f 257/257 424/424 422/422
f 422/422 424/424 425/425
f 422/422 425/425 423/423
f 261/261 426/426 427/427
f 261/261 427/427 262/262
f 261/261 263/263 428/428
f 261/261 428/428 426/426
f 266/266 429/429 430/430
f 266/266 430/430 269/269
f 269/269 430/430 431/431
f 269/269 431/431 270/270
f 273/273 272/272 432/432
f 273/273 432/432 433/433
f 263/263 273/273 433/433
f 263/263 433/433 428/428
f 275/275 278/278 434/434
f 275/275 434/434 435/435
f 270/270 431/431 434/434
f 270/270 434/434 278/278
f 436/436 283/283 282/282
f 436/436 282/282 437/437
f 437/437 282/282 438/438
f 437/437 438/438 439/439
f 436/436 437/437 439/439
f 436/436 439/439 440/440
f 288/288 441/441 442/442
f 288/288 442/442 286/286
f 286/286 442/442 443/443
f 286/286 443/443 444/444
f 441/441 445/445 443/443
f 441/441 443/443 442/442
f 446/446 295/295 294/294
f 446/446 294/294 447/447
f 447/447 294/294 448/448
f 447/447 448/448 449/449
f 446/446 447/447 449/449
f 446/446 449/449 450/450
f 304/304 451/451 452/452
f 304/304 452/452 303/303
f 303/303 452/452 453/453
f 303/303 453/453 454/454
f 451/451 455/455 453/453
f 451/451 453/453 452/452
f 456/456 457/457 458/458
f 456/456 458/458 459/459
f 456/456 459/459 460/460
f 456/456 460/460 461/461
f 457/457 310/310 309/309
f 457/457 309/309 458/458
f 317/317 462/462 463/463
f 317/317 463/463 318/318
f 462/462 464/464 465/465
f 462/462 465/465 463/463
f 464/464 466/466 467/467
f 464/464 467/467 465/465
f 459/459 458/458 468/468
f 459/459 468/468 469/469
f 459/459 469/469 470/470
f 459/459 470/470 460/460
f 458/458 309/309 321/321
f 458/458 321/321 468/468
f 318/318 463/463 471/471
f 318/318 471/471 325/325
f 463/463 465/465 472/472
f 463/463 472/472 471/471
f 465/465 467/467 473/473
f 465/465 473/473 472/472
f 474/474 330/330 332/332
f 474/474 332/332 475/475
f 474/474 476/476 477/477
f 474/474 477/477 330/330
f 474/474 475/475 478/478
f 474/474 478/478 476/476
f 340/340 479/479 480/480
f 340/340 480/480 341/341
f 340/340 481/481 482/482
f 340/340 482/482 479/479
f 479/479 482/482 483/483
f 479/479 483/483 480/480
f 475/475 332/332 345/345
f 475/475 345/345 484/484
f 484/484 345/345 485/485
f 484/484 485/485 486/486
f 475/475 484/484 486/486
f 475/475 486/486 478/478
f 341/341 480/480 487/487
f 341/341 487/487 351/351
f 351/351 487/487 488/488
f 351/351 488/488 489/489
f 480/480 483/483 488/488
f 480/480 488/488 487/487
f 490/490 491/491 492/492
f 490/490 492/492 493/493
f 490/490 493/493 494/494
f 490/490 494/494 495/495
f 491/491 357/357 356/356
f 491/491 356/356 492/492
f 364/364 496/496 497/497
f 364/364 497/497 365/365
f 496/496 498/498 499/499
f 496/496 499/499 497/497
f 498/498 500/500 501/501
f 498/498 501/501 499/499
f 502/502 370/370 372/372
f 502/502 372/372 503/503
f 502/502 504/504 505/505
f 502/502 505/505 370/370
f 502/502 503/503 506/506
f 502/502 506/506 504/504
f 380/380 507/507 508/508
f 380/380 508/508 381/381
f 380/380 509/509 510/510
f 380/380 510/510 507/507
f 507/507 510/510 511/511
f 507/507 511/511 508/508
f 503/503 372/372 385/385
f 503/503 385/385 512/512
f 512/512 385/385 513/513
f 512/512 513/513 514/514
f 503/503 512/512 514/514
f 503/503 514/514 506/506
f 385/385 384/384 515/515
f 385/385 515/515 513/513
f 384/384 386/386 516/516
f 384/384 516/516 515/515
f 386/386 387/387 517/517
f 386/386 517/517 516/516
f 387/387 388/388 518/518
f 387/387 518/518 517/517
f 388/388 389/389 519/519
f 388/388 519/519 518/518
f 389/389 390/390 520/520
f 389/389 520/520 519/519
f 390/390 392/392 521/521
f 390/390 521/521 520/520
f 392/392 394/394 522/522
f 392/392 522/522 521/521
f 381/381 508/508 523/523
f 381/381 523/523 394/394
f 394/394 523/523 524/524
f 394/394 524/524 522/522
f 508/508 511/511 524/524
f 508/508 524/524 523/523
f 399/399 525/525 526/526
f 399/399 526/526 400/400
f 399/399 401/401 527/527
f 399/399 527/527 525/525
f 400/400 526/526 528/528
f 400/400 528/528 402/402
f 402/402 528/528 529/529
f 402/402 529/529 403/403
f 403/403 529/529 530/530
f 403/403 530/530 404/404
f 404/404 530/530 531/531
f 404/404 531/531 405/405
f 405/405 531/531 532/532
f 405/405 532/532 406/406
f 406/406 532/532 533/533
f 406/406 533/533 409/409
f 409/409 533/533 534/534
f 409/409 534/534 412/412
f 412/412 534/534 535/535
f 412/412 535/535 413/413
f 536/536 416/416 418/418
f 536/536 418/418 537/537
f 536/536 538/538 539/539
f 536/536 539/539 416/416
f 536/536 537/537 540/540
f 536/536 540/540 538/538
f 416/416 539/539 541/541
f 416/416 541/541 417/417
f 417/417 541/541 542/542
f 417/417 542/542 419/419
f 420/420 543/543 544/544
f 420/420 544/544 421/421
f 421/421 544/544 545/545
f 421/421 545/545 424/424
f 424/424 546/546 547/547
f 424/424 547/547 425/425
f 424/424 545/545 548/548
f 424/424 548/548 546/546
f 546/546 548/548 549/549
f 546/546 549/549 547/547
f 550/550 426/426 428/428
f 550/550 428/428 551/551
f 550/550 552/552 553/553
f 550/550 553/553 426/426
f 550/550 551/551 554/554
f 550/550 554/554 552/552
f 430/430 555/555 556/556
f 430/430 556/556 431/431
f 430/430 557/557 558/558
f 430/430 558/558 555/555
f 555/555 558/558 559/559
f 555/555 559/559 556/556
f 551/551 428/428 433/433
f 551/551 433/433 560/560
f 560/560 433/433 561/561
f 560/560 561/561 562/562
f 551/551 560/560 562/562
f 551/551 562/562 554/554
f 431/431 556/556 563/563
f 431/431 563/563 434/434
f 434/434 563/563 564/564
f 434/434 564/564 565/565
f 556/556 559/559 564/564
f 556/556 564/564 563/563
f 566/566 440/440 439/439
f 566/566 439/439 567/567
f 567/567 439/439 568/568
f 567/567 568/568 569/569
f 566/566 567/567 569/569
f 566/566 569/569 570/570
f 439/439 438/438 571/571
f 439/439 571/571 568/568
f 444/444 443/443 572/572
f 444/444 572/572 573/573
f 445/445 574/574 575/575
f 445/445 575/575 443/443
f 443/443 575/575 576/576
f 443/443 576/576 572/572
f 574/574 577/577 576/576
f 574/574 576/576 575/575
f 449/449 448/448 578/578
f 449/449 578/578 579/579
f 450/450 449/449 579/579
f 450/450 579/579 580/580
f 454/454 453/453 581/581
f 454/454 581/581 582/582
f 455/455 583/583 581/581
f 455/455 581/581 453/453
f 461/461 460/460 584/584
f 461/461 584/584 585/585
f 466/466 586/586 587/587
f 466/466 587/587 467/467
f 460/460 470/470 588/588
f 460/460 588/588 584/584
f 467/467 587/587 589/589
f 467/467 589/589 473/473
f 476/476 590/590 591/591
f 476/476 591/591 477/477
f 476/476 478/478 592/592
f 476/476 592/592 590/590
f 481/481 593/593 594/594
f 481/481 594/594 482/482
f 482/482 594/594 595/595
f 482/482 595/595 483/483
f 486/486 485/485 596/596
f 486/486 596/596 597/597
f 478/478 486/486 597/597
f 478/478 597/597 592/592
f 489/489 488/488 598/598
f 489/489 598/598 599/599
f 483/483 595/595 598/598
f 483/483 598/598 488/488
f 495/495 494/494 600/600
f 495/495 600/600 601/601
f 500/500 602/602 603/603
f 500/500 603/603 501/501
f 504/504 604/604 605/605
f 504/504 605/605 505/505
f 504/504 506/506 606/606
f 504/504 606/606 604/604
f 509/509 607/607 608/608
f 509/509 608/608 510/510
f 510/510 608/608 609/609
f 510/510 609/609 511/511
f 514/514 513/513 610/610
f 514/514 610/610 611/611
f 506/506 514/514 611/611
f 506/506 611/611 606/606
f 513/513 515/515 612/612
f 513/513 612/612 610/610
f 515/515 516/516 613/613
f 515/515 613/613 612/612
f 516/516 517/517 614/614
f 516/516 614/614 613/613
f 517/517 518/518 615/615
f 517/517 615/615 614/614
f 518/518 519/519 616/616
f 518/518 616/616 615/615
f 519/519 520/520 617/617
f 519/519 617/617 616/616
f 520/520 521/521 618/618
f 520/520 618/618 617/617
f 521/521 522/522 619/619
f 521/521 619/619 618/618
f 522/522 524/524 620/620
f 522/522 620/620 619/619
f 511/511 609/609 620/620
f 511/511 620/620 524/524
f 621/621 525/525 527/527
f 621/621 527/527 622/622
f 621/621 623/623 624/624
f 621/621 624/624 525/525
f 621/621 622/622 625/625
f 621/621 625/625 623/623
f 525/525 624/624 626/626
f 525/525 626/626 526/526
f 526/526 626/626 627/627
f 526/526 627/627 528/528
f 528/528 627/627 628/628
f 528/528 628/628 529/529
f 529/529 628/628 629/629
f 529/529 629/629 530/530
f 530/530 629/629 630/630
f 530/530 630/630 531/531
f 531/531 630/630 631/631
f 531/531 631/631 532/532
f 532/532 631/631 632/632
f 532/532 632/632 533/533
f 533/533 632/632 633/633
f 533/533 633/633 534/534
f 534/534 634/634 635/635
f 534/534 635/635 535/535
f 534/534 633/633 636/636
f 534/534 636/636 634/634
f 634/634 636/636 637/637
f 634/634 637/637 635/635
f 538/538 638/638 639/639
f 538/538 639/639 539/539
f 538/538 540/540 640/640
f 538/538 640/640 638/638
f 539/539 639/639 641/641
f 539/539 641/641 541/541
f 544/544 642/642 643/643
f 544/544 643/643 545/545
f 545/545 643/643 644/644
f 545/545 644/644 548/548
f 548/548 644/644 645/645
f 548/548 645/645 549/549
f 552/552 646/646 647/647
f 552/552 647/647 553/553
f 552/552 554/554 648/648
f 552/552 648/648 646/646
f 557/557 649/649 650/650
f 557/557 650/650 558/558
f 558/558 650/650 651/651
f 558/558 651/651 559/559
f 562/562 561/561 652/652
f 562/562 652/652 653/653
f 554/554 562/562 653/653
f 554/554 653/653 648/648
f 565/565 564/564 654/654
f 565/565 654/654 655/655
f 559/559 651/651 654/654
f 559/559 654/654 564/564
f 569/569 568/568 656/656
f 569/569 656/656 657/657
f 570/570 569/569 657/657
f 570/570 657/657 658/658
f 572/572 576/576 659/659
f 572/572 659/659 660/660
f 577/577 661/661 659/659
f 577/577 659/659 576/576
f 662/662 580/580 579/579
f 662/662 579/579 663/663
f 663/663 579/579 664/664
f 663/663 664/664 665/665
f 662/662 663/663 665/665
f 662/662 665/665 666/666
f 583/583 667/667 668/668
f 583/583 668/668 581/581
f 581/581 668/668 669/669
f 581/581 669/669 670/670
f 667/667 671/671 669/669
f 667/667 669/669 668/668
f 672/672 585/585 584/584
f 672/672 584/584 673/673
f 672/672 673/673 674/674
f 672/672 674/674 675/675
f 586/586 676/676 677/677
f 586/586 677/677 587/587
f 676/676 678/678 679/679
f 676/676 679/679 677/677
f 673/673 584/584 588/588
f 673/673 588/588 680/680
f 673/673 680/680 681/681
f 673/673 681/681 674/674
f 587/587 677/677 682/682
f 587/587 682/682 589/589
f 677/677 679/679 683/683
f 677/677 683/683 682/682
f 684/684 590/590 592/592
f 684/684 592/592 685/685
f 684/684 686/686 687/687
f 684/684 687/687 590/590
f 684/684 685/685 688/688
f 684/684 688/688 686/686
f 594/594 689/689 690/690
f 594/594 690/690 595/595
f 594/594 691/691 692/692
f 594/594 692/692 689/689
f 689/689 692/692 693/693
f 689/689 693/693 690/690
f 685/685 592/592 597/597
f 685/685 597/597 694/694
f 694/694 597/597 695/695
f 694/694 695/695 696/696
f 685/685 694/694 696/696
f 685/685 696/696 688/688
f 595/595 690/690 697/697
f 595/595 697/697 598/598
f 598/598 697/697 698/698
f 598/598 698/698 699/699
f 690/690 693/693 698/698
f 690/690 698/698 697/697
f 700/700 601/601 600/600
f 700/700 600/600 701/701
f 700/700 701/701 702/702
f 700/700 702/702 703/703
f 602/602 704/704 705/705
f 602/602 705/705 603/603
f 704/704 706/706 707/707
f 704/704 707/707 705/705
f 708/708 604/604 606/606
f 708/708 606/606 709/709
f 708/708 710/710 711/711
f 708/708 711/711 604/604
f 708/708 709/709 712/712
f 708/708 712/712 710/710
f 608/608 713/713 714/714
f 608/608 714/714 609/609
f 608/608 715/715 716/716
f 608/608 716/716 713/713
f 713/713 716/716 717/717
f 713/713 717/717 714/714
f 709/709 606/606 611/611
f 709/709 611/611 718/718
f 718/718 611/611 719/719
f 718/718 719/719 720/720
f 709/709 718/718 720/720
f 709/709 720/720 712/712
f 611/611 610/610 721/721
f 611/611 721/721 719/719
f 610/610 612/612 722/722
f 610/610 722/722 721/721
f 612/612 613/613 723/723
f 612/612 723/723 722/722
f 613/613 614/614 724/724
f 613/613 724/724 723/723
f 614/614 615/615 725/725
f 614/614 725/725 724/724
f 615/615 616/616 726/726
f 615/615 726/726 725/725
f 616/616 617/617 727/727
f 616/616 727/727 726/726
f 617/617 618/618 728/728
f 617/617 728/728 727/727
f 618/618 619/619 729/729
f 618/618 729/729 728/728
f 619/619 620/620 730/730
f 619/619 730/730 729/729
f 609/609 714/714 731/731
f 609/609 731/731 620/620
f 620/620 731/731 732/732
f 620/620 732/732 730/730
f 714/714 717/717 732/732
f 714/714 732/732 731/731
f 623/623 733/733 734/734
f 623/623 734/734 624/624
f 623/623 625/625 735/735
f 623/623 735/735 733/733
f 624/624 734/734 736/736
f 624/624 736/736 626/626
f 626/626 736/736 737/737
f 626/626 737/737 627/627
f 627/627 737/737 738/738
f 627/627 738/738 628/628
f 628/628 738/738 739/739
f 628/628 739/739 629/629
f 629/629 739/739 740/740
f 629/629 740/740 630/630
f 630/630 740/740 741/741
f 630/630 741/741 631/631
f 631/631 741/741 742/742
f 631/631 742/742 632/632
f 632/632 742/742 743/743
f 632/632 743/743 633/633
f 633/633 743/743 744/744
f 633/633 744/744 636/636
f 636/636 744/744 745/745
f 636/636 745/745 637/637
f 638/638 746/746 747/747
f 638/638 747/747 639/639
f 638/638 640/640 748/748
f 638/638 748/748 746/746
f 639/639 747/747 749/749
f 639/639 749/749 641/641
f 642/642 750/750 751/751
f 642/642 751/751 643/643
f 643/643 751/751 752/752
f 643/643 752/752 644/644
f 644/644 752/752 753/753
f 644/644 753/753 645/645
f 646/646 754/754 755/755
f 646/646 755/755 647/647
f 646/646 648/648 756/756
f 646/646 756/756 754/754
f 649/649 757/757 758/758
f 649/649 758/758 650/650
f 650/650 758/758 759/759
f 650/650 759/759 651/651
f 653/653 652/652 760/760
f 653/653 760/760 761/761
f 648/648 653/653 761/761
f 648/648 761/761 756/756
f 655/655 654/654 762/762
f 655/655 762/762 763/763
f 651/651 759/759 762/762
f 651/651 762/762 654/654
f 657/657 656/656 764/764
f 657/657 764/764 765/765
f 658/658 657/657 765/765
f 658/658 765/765 766/766
f 660/660 659/659 767/767
f 660/660 767/767 768/768
f 661/661 769/769 767/767
f 661/661 767/767 659/659
f 665/665 664/664 770/770
f 665/665 770/770 771/771
f 666/666 665/665 771/771
f 666/666 771/771 772/772
f 670/670 669/669 773/773
f 670/670 773/773 774/774
f 671/671 775/775 773/773
f 671/671 773/773 669/669
f 675/675 674/674 776/776
f 675/675 776/776 777/777
f 678/678 778/778 779/779
f 678/678 779/779 679/679
f 674/674 681/681 780/780
f 674/674 780/780 776/776
f 679/679 779/779 781/781
f 679/679 781/781 683/683
f 686/686 782/782 783/783
f 686/686 783/783 687/687
f 686/686 688/688 784/784
f 686/686 784/784 782/782
f 691/691 785/785 786/786
f 691/691 786/786 692/692
f 692/692 786/786 787/787
f 692/692 787/787 693/693
f 696/696 695/695 788/788
f 696/696 788/788 789/789
f 688/688 696/696 789/789
f 688/688 789/789 784/784
f 699/699 698/698 790/790
f 699/699 790/790 791/791
f 693/693 787/787 790/790
f 693/693 790/790 698/698
f 703/703 702/702 792/792
f 703/703 792/792 793/793
f 706/706 794/794 795/795
f 706/706 795/795 707/707
f 710/710 796/796 797/797
f 710/710 797/797 711/711
f 710/710 712/712 798/798
f 710/710 798/798 796/796
f 715/715 799/799 800/800
f 715/715 800/800 716/716
f 716/716 800/800 801/801
f 716/716 801/801 717/717
f 720/720 719/719 802/802
f 720/720 802/802 803/803
f 712/712 720/720 803/803
f 712/712 803/803 798/798
f 719/719 721/721 804/804
f 719/719 804/804 802/802
f 721/721 722/722 805/805
f 721/721 805/805 804/804
f 722/722 723/723 806/806
f 722/722 806/806 805/805
f 723/723 724/724 807/807
f 723/723 807/807 806/806
f 724/724 725/725 808/808
f 724/724 808/808 807/807
f 725/725 726/726 809/809
f 725/725 809/809 808/808
f 726/726 727/727 810/810
f 726/726 810/810 809/809
f 727/727 728/728 811/811
f 727/727 811/811 810/810
f 728/728 729/729 812/812
f 728/728 812/812 811/811
f 729/729 730/730 813/813
f 729/729 813/813 812/812
f 730/730 732/732 814/814
f 730/730 814/814 813/813
f 717/717 801/801 814/814
f 717/717 814/814 732/732
f 733/733 815/815 816/816
f 733/733 816/816 734/734
f 733/733 735/735 817/817
f 733/733 817/817 815/815
f 734/734 816/816 818/818
f 734/734 818/818 736/736
f 736/736 818/818 819/819
f 736/736 819/819 737/737
f 737/737 819/819 820/820
f 737/737 820/820 738/738
f 738/738 820/820 821/821
f 738/738 821/821 739/739
f 739/739 821/821 822/822
f 739/739 822/822 740/740
f 740/740 822/822 823/823
f 740/740 823/823 741/741
f 741/741 823/823 824/824
f 741/741 824/824 742/742
f 742/742 824/824 825/825
f 742/742 825/825 743/743
f 743/743 825/825 826/826
f 743/743 826/826 744/744
f 744/744 826/826 827/827
f 744/744 827/827 745/745
f 746/746 828/828 829/829
f 746/746 829/829 747/747
f 746/746 748/748 830/830
f 746/746 830/830 828/828
f 747/747 829/829 831/831
f 747/747 831/831 749/749
f 750/750 832/832 833/833
f 750/750 833/833 751/751
f 751/751 833/833 834/834
f 751/751 834/834 752/752
f 752/752 834/834 835/835
f 752/752 835/835 753/753
f 754/754 836/836 837/837
f 754/754 837/837 755/755
f 754/754 756/756 838/838
f 754/754 838/838 836/836
f 757/757 839/839 840/840
f 757/757 840/840 758/758
f 758/758 840/840 841/841
f 758/758 841/841 759/759
f 761/761 760/760 842/842
f 761/761 842/842 843/843
f 756/756 761/761 843/843
f 756/756 843/843 838/838
f 763/763 762/762 844/844
f 763/763 844/844 845/845
f 759/759 841/841 844/844
f 759/759 844/844 762/762
f 765/765 764/764 846/846
f 765/765 846/846 847/847
f 766/766 765/765 847/847
f 766/766 847/847 848/848
f 768/768 767/767 849/849
f 768/768 849/849 850/850
f 769/769 851/851 849/849
f 769/769 849/849 767/767
f 771/771 770/770 852/852
f 771/771 852/852 853/853
f 772/772 771/771 853/853
f 772/772 853/853 854/854
f 774/774 773/773 855/855
f 774/774 855/855 856/856
f 775/775 857/857 855/855
f 775/775 855/855 773/773
f 777/777 776/776 858/858
f 777/777 858/858 859/859
f 778/778 860/860 861/861
f 778/778 861/861 779/779
f 776/776 780/780 862/862
f 776/776 862/862 858/858
f 779/779 861/861 863/863
f 779/779 863/863 781/781
f 782/782 864/864 865/865
f 782/782 865/865 783/783
f 782/782 784/784 866/866
f 782/782 866/866 864/864
f 785/785 867/867 868/868
f 785/785 868/868 786/786
f 786/786 868/868 869/869
f 786/786 869/869 787/787
f 789/789 788/788 870/870
f 789/789 870/870 871/871
f 784/784 789/789 871/871
f 784/784 871/871 866/866
f 791/791 790/790 872/872
f 791/791 872/872 873/873
f 787/787 869/869 872/872
f 787/787 872/872 790/790
f 793/793 792/792 874/874
f 793/793 874/874 875/875
f 794/794 876/876 877/877
f 794/794 877/877 795/795
f 796/796 878/878 879/879
f 796/796 879/879 797/797
f 796/796 798/798 880/880
f 796/796 880/880 878/878
f 799/799 881/881 882/882
f 799/799 882/882 800/800
f 800/800 882/882 883/883
f 800/800 883/883 801/801
f 803/803 802/802 884/884
f 803/803 884/884 885/885
f 798/798 803/803 885/885
f 798/798 885/885 880/880
f 802/802 804/804 886/886
f 802/802 886/886 884/884
f 804/804 805/805 887/887
f 804/804 887/887 886/886
f 805/805 806/806 888/888
f 805/805 888/888 887/887
f 806/806 807/807 889/889
f 806/806 889/889 888/888
f 807/807 808/808 890/890
f 807/807 890/890 889/889
f 808/808 809/809 891/891
f 808/808 891/891 890/890
f 809/809 810/810 892/892
f 809/809 892/892 891/891
f 810/810 811/811 893/893
f 810/810 893/893 892/892
f 811/811 812/812 894/894
f 811/811 894/894 893/893
f 812/812 813/813 895/895
f 812/812 895/895 894/894
f 813/813 814/814 896/896
f 813/813 896/896 895/895
f 801/801 883/883 896/896
f 801/801 896/896 814/814
f 897/897 898/898 899/899
f 897/897 899/899 900/900
f 815/815 897/897 900/900
f 815/815 900/900 816/816
f 815/815 817/817 898/898
f 815/815 898/898 897/897
f 816/816 900/900 901/901
f 816/816 901/901 818/818
f 818/818 901/901 902/902
f 818/818 902/902 819/819
f 819/819 902/902 903/903
f 819/819 903/903 820/820
f 820/820 903/903 904/904
f 820/820 904/904 821/821
f 821/821 904/904 905/905
f 821/821 905/905 822/822
f 822/822 905/905 906/906
f 822/822 906/906 823/823
f 823/823 906/906 907/907
f 823/823 907/907 824/824
f 824/824 907/907 908/908
f 824/824 908/908 825/825
f 908/908 909/909 910/910
f 908/908 910/910 911/911
f 825/825 908/908 911/911
f 825/825 911/911 826/826
f 826/826 911/911 910/910
f 826/826 910/910 827/827
f 828/828 912/912 913/913
f 828/828 913/913 829/829
f 828/828 830/830 914/914
f 828/828 914/914 912/912
f 829/829 913/913 915/915
f 829/829 915/915 831/831
f 832/832 916/916 917/917
f 832/832 917/917 833/833
f 833/833 917/917 918/918
f 833/833 918/918 834/834
f 834/834 918/918 919/919
f 834/834 919/919 835/835
f 836/836 920/920 921/921
f 836/836 921/921 837/837
f 836/836 838/838 922/922
f 836/836 922/922 920/920
f 839/839 923/923 924/924
f 839/839 924/924 840/840
f 840/840 924/924 925/925
f 840/840 925/925 841/841
f 843/843 842/842 926/926
f 843/843 926/926 927/927
f 838/838 843/843 927/927
f 838/838 927/927 922/922
f 845/845 844/844 928/928
f 845/845 928/928 929/929
f 841/841 925/925 928/928
f 841/841 928/928 844/844
f 847/847 846/846 930/930
f 847/847 930/930 931/931
f 848/848 847/847 931/931
f 848/848 931/931 932/932
f 850/850 849/849 933/933
f 850/850 933/933 934/934
f 851/851 935/935 933/933
f 851/851 933/933 849/849
f 936/936 937/937 938/938
f 936/936 938/938 939/939
f 853/853 852/852 938/938
f 853/853 938/938 937/937
f 854/854 853/853 937/937
f 854/854 937/937 936/936
f 940/940 941/941 942/942
f 940/940 942/942 943/943
f 856/856 855/855 942/942
f 856/856 942/942 941/941
f 857/857 943/943 942/942
f 857/857 942/942 855/855
f 944/944 945/945 946/946
f 944/944 946/946 947/947
f 859/859 858/858 945/945
f 859/859 945/945 944/944
f 948/948 949/949 950/950
f 948/948 950/950 951/951
f 860/860 951/951 950/950
f 860/860 950/950 861/861
f 945/945 952/952 953/953
f 945/945 953/953 946/946
f 858/858 862/862 952/952
f 858/858 952/952 945/945
f 949/949 954/954 955/955
f 949/949 955/955 950/950
f 861/861 950/950 955/955
f 861/861 955/955 863/863
f 956/956 957/957 958/958
f 956/956 958/958 959/959
f 864/864 956/956 959/959
f 864/864 959/959 865/865
f 864/864 866/866 957/957
f 864/864 957/957 956/956
f 960/960 961/961 962/962
f 960/960 962/962 963/963
f 867/867 960/960 963/963
f 867/867 963/963 868/868
f 868/868 963/963 962/962
f 868/868 962/962 869/869
f 957/957 964/964 965/965
f 957/957 965/965 958/958
f 871/871 870/870 965/965
f 871/871 965/965 964/964
f 866/866 871/871 964/964
f 866/866 964/964 957/957
f 961/961 966/966 967/967
f 961/961 967/967 962/962
f 873/873 872/872 967/967
f 873/873 967/967 966/966
f 869/869 962/962 967/967
f 869/869 967/967 872/872
f 968/968 969/969 970/970
f 968/968 970/970 971/971
f 875/875 874/874 969/969
f 875/875 969/969 968/968
f 972/972 973/973 974/974
f 972/972 974/974 975/975
f 876/876 975/975 974/974
f 876/876 974/974 877/877
f 976/976 977/977 978/978
f 976/976 978/978 979/979
f 878/878 976/976 979/979
f 878/878 979/979 879/879
f 878/878 880/880 977/977
f 878/878 977/977 976/976
f 980/980 981/981 982/982
f 980/980 982/982 983/983
f 881/881 980/980 983/983
f 881/881 983/983 882/882
f 882/882 983/983 982/982
f 882/882 982/982 883/883
f 977/977 984/984 985/985
f 977/977 985/985 978/978
f 885/885 884/884 985/985
f 885/885 985/985 984/984
f 880/880 885/885 984/984
f 880/880 984/984 977/977
f 884/884 886/886 986/986
f 884/884 986/986 985/985
f 886/886 887/887 987/987
f 886/886 987/987 986/986
f 887/887 888/888 988/988
f 887/887 988/988 987/987
f 888/888 889/889 989/989
f 888/888 989/989 988/988
f 889/889 890/890 990/990
f 889/889 990/990 989/989
f 890/890 891/891 991/991
f 890/890 991/991 990/990
f 891/891 892/892 992/992
f 891/891 992/992 991/991
f 892/892 893/893 993/993
f 892/892 993/993 992/992
f 893/893 894/894 994/994
f 893/893 994/994 993/993
f 894/894 895/895 995/995
f 894/894 995/995 994/994
f 981/981 995/995 996/996
f 981/981 996/996 982/982
f 895/895 896/896 996/996
f 895/895 996/996 995/995
f 883/883 982/982 996/996
f 883/883 996/996 896/896
f 900/900 997/997 998/998
f 900/900 998/998 901/901
f 900/900 899/899 999/999
f 900/900 999/999 997/997
f 901/901 998/998 1000/1000
f 901/901 1000/1000 902/902
f 902/902 1000/1000 1001/1001
f 902/902 1001/1001 903/903
f 903/903 1001/1001 1002/1002
f 903/903 1002/1002 904/904
f 904/904 1002/1002 1003/1003
f 904/904 1003/1003 905/905
f 905/905 1003/1003 1004/1004
f 905/905 1004/1004 906/906
f 906/906 1004/1004 1005/1005
f 906/906 1005/1005 907/907
f 907/907 1005/1005 1006/1006
f 907/907 1006/1006 908/908
f 908/908 1006/1006 1007/1007
f 908/908 1007/1007 909/909
f 1008/1008 1009/1009 1010/1010
f 1008/1008 1010/1010 1011/1011
f 912/912 1008/1008 1011/1011
f 912/912 1011/1011 913/913
f 912/912 914/914 1009/1009
f 912/912 1009/1009 1008/1008
f 913/913 1011/1011 1012/1012
f 913/913 1012/1012 915/915
f 915/915 1012/1012 1013/1013
f 915/915 1013/1013 1014/1014
f 1015/1015 1016/1016 1017/1017
f 1015/1015 1017/1017 916/916
f 916/916 1017/1017 1018/1018
f 916/916 1018/1018 917/917
f 1018/1018 1019/1019 1020/1020
f 1018/1018 1020/1020 1021/1021
f 917/917 1018/1018 1021/1021
f 917/917 1021/1021 918/918
f 918/918 1021/1021 1020/1020
f 918/918 1020/1020 919/919
f 1022/1022 1023/1023 1024/1024
f 1022/1022 1024/1024 1025/1025
f 920/920 1022/1022 1025/1025
f 920/920 1025/1025 921/921
f 920/920 922/922 1023/1023
f 920/920 1023/1023 1022/1022
f 1026/1026 1027/1027 1028/1028
f 1026/1026 1028/1028 1029/1029
f 923/923 1026/1026 1029/1029
f 923/923 1029/1029 924/924
f 924/924 1029/1029 1028/1028
f 924/924 1028/1028 925/925
f 1023/1023 1030/1030 1031/1031
f 1023/1023 1031/1031 1024/1024
f 927/927 926/926 1031/1031
f 927/927 1031/1031 1030/1030
f 922/922 927/927 1030/1030
f 922/922 1030/1030 1023/1023
f 1027/1027 1032/1032 1033/1033
f 1027/1027 1033/1033 1028/1028
f 929/929 928/928 1033/1033
f 929/929 1033/1033 1032/1032
f 925/925 1028/1028 1033/1033
f 925/925 1033/1033 928/928
f 1034/1034 1035/1035 1036/1036
f 1034/1034 1036/1036 1037/1037
f 931/931 930/930 1036/1036
f 931/931 1036/1036 1035/1035
f 932/932 931/931 1035/1035
f 932/932 1035/1035 1034/1034
f 930/930 1038/1038 1039/1039
f 930/930 1039/1039 1036/1036
f 1040/1040 934/934 1041/1041
f 1040/1040 1041/1041 1042/1042
f 1043/1043 1041/1041 1044/1044
f 1043/1043 1044/1044 1045/1045
f 934/934 933/933 1044/1044
f 934/934 1044/1044 1041/1041
f 935/935 1045/1045 1044/1044
f 935/935 1044/1044 933/933
f 938/938 1046/1046 1047/1047
f 938/938 1047/1047 1048/1048
f 939/939 938/938 1048/1048
f 939/939 1048/1048 1049/1049
f 1050/1050 941/941 1051/1051
f 1050/1050 1051/1051 1052/1052
f 940/940 1053/1053 1051/1051
f 940/940 1051/1051 941/941
f 947/947 946/946 1054/1054
f 947/947 1054/1054 1055/1055
f 948/948 1056/1056 1057/1057
f 948/948 1057/1057 949/949
f 946/946 953/953 1058/1058
f 946/946 1058/1058 1054/1054
f 949/949 1057/1057 1059/1059
f 949/949 1059/1059 954/954
f 959/959 1060/1060 1061/1061
f 959/959 1061/1061 1062/1062
f 959/959 958/958 1063/1063
f 959/959 1063/1063 1060/1060
f 1064/1064 1065/1065 1066/1066
f 1064/1064 1066/1066 960/960
f 960/960 1066/1066 1067/1067
f 960/960 1067/1067 961/961
f 965/965 1068/1068 1069/1069
f 965/965 1069/1069 1070/1070
f 958/958 965/965 1070/1070
f 958/958 1070/1070 1063/1063
f 1071/1071 966/966 1072/1072
f 1071/1071 1072/1072 1073/1073
f 961/961 1067/1067 1072/1072
f 961/961 1072/1072 966/966
f 971/971 970/970 1074/1074
f 971/971 1074/1074 1075/1075
f 972/972 1076/1076 1077/1077
f 972/972 1077/1077 973/973
f 979/979 1078/1078 1079/1079
f 979/979 1079/1079 1080/1080
f 979/979 978/978 1081/1081
f 979/979 1081/1081 1078/1078
f 1082/1082 1083/1083 1084/1084
f 1082/1082 1084/1084 980/980
f 980/980 1084/1084 1085/1085
f 980/980 1085/1085 981/981
f 985/985 986/986 1086/1086
f 985/985 1086/1086 1087/1087
f 978/978 985/985 1087/1087
f 978/978 1087/1087 1081/1081
f 986/986 987/987 1088/1088
f 986/986 1088/1088 1086/1086
f 987/987 988/988 1089/1089
f 987/987 1089/1089 1088/1088
f 988/988 989/989 1090/1090
f 988/988 1090/1090 1089/1089
f 989/989 990/990 1091/1091
f 989/989 1091/1091 1090/1090
f 990/990 991/991 1092/1092
f 990/990 1092/1092 1091/1091
f 991/991 992/992 1093/1093
f 991/991 1093/1093 1092/1092
f 992/992 993/993 1094/1094
f 992/992 1094/1094 1093/1093
f 993/993 994/994 1095/1095
f 993/993 1095/1095 1094/1094
f 994/994 995/995 1096/1096
f 994/994 1096/1096 1095/1095
f 981/981 1085/1085 1096/1096
f 981/981 1096/1096 995/995
f 1097/1097 1098/1098 1099/1099
f 1097/1097 1099/1099 1100/1100
f 997/997 1097/1097 1100/1100
f 997/997 1100/1100 998/998
f 997/997 999/999 1098/1098
f 997/997 1098/1098 1097/1097
f 1100/1100 1099/1099 1101/1101
f 1100/1100 1101/1101 1102/1102
f 998/998 1100/1100 1102/1102
f 998/998 1102/1102 1000/1000
f 1000/1000 1102/1102 1103/1103
f 1000/1000 1103/1103 1001/1001
f 1001/1001 1103/1103 1104/1104
f 1001/1001 1104/1104 1002/1002
f 1002/1002 1104/1104 1105/1105
f 1002/1002 1105/1105 1003/1003
f 1003/1003 1105/1105 1106/1106
f 1003/1003 1106/1106 1004/1004
f 1106/1106 1107/1107 1108/1108
f 1106/1106 1108/1108 1109/1109
f 1004/1004 1106/1106 1109/1109
f 1004/1004 1109/1109 1005/1005
f 1109/1109 1108/1108 1110/1110
f 1109/1109 1110/1110 1111/1111
f 1005/1005 1109/1109 1111/1111
f 1005/1005 1111/1111 1006/1006
f 1006/1006 1111/1111 1110/1110
f 1006/1006 1110/1110 1007/1007
f 1112/1112 1113/1113 1114/1114
f 1112/1112 1114/1114 1115/1115
f 1011/1011 1112/1112 1115/1115
f 1011/1011 1115/1115 1012/1012
f 1011/1011 1010/1010 1113/1113
f 1011/1011 1113/1113 1112/1112
f 1012/1012 1115/1115 1116/1116
f 1012/1012 1116/1116 1013/1013
f 1016/1016 1117/1117 1118/1118
f 1016/1016 1118/1118 1017/1017
f 1118/1118 1119/1119 1120/1120
f 1118/1118 1120/1120 1121/1121
f 1017/1017 1118/1118 1121/1121
f 1017/1017 1121/1121 1018/1018
f 1018/1018 1121/1121 1120/1120
f 1018/1018 1120/1120 1019/1019
f 1025/1025 1122/1122 1123/1123
f 1025/1025 1123/1123 1124/1124
f 1025/1025 1024/1024 1125/1125
f 1025/1025 1125/1125 1122/1122
f 1126/1126 1127/1127 1128/1128
f 1126/1126 1128/1128 1026/1026
f 1026/1026 1128/1128 1129/1129
f 1026/1026 1129/1129 1027/1027
f 1031/1031 1130/1130 1131/1131
f 1031/1031 1131/1131 1132/1132
f 1024/1024 1031/1031 1132/1132
f 1024/1024 1132/1132 1125/1125
f 1133/1133 1032/1032 1134/1134
f 1133/1133 1134/1134 1135/1135
f 1027/1027 1129/1129 1134/1134
f 1027/1027 1134/1134 1032/1032
f 1136/1136 1137/1137 1138/1138
f 1136/1136 1138/1138 1139/1139
f 1036/1036 1039/1039 1138/1138
f 1036/1036 1138/1138 1137/1137
f 1037/1037 1036/1036 1137/1137
f 1037/1037 1137/1137 1136/1136
f 1140/1140 1141/1141 1142/1142
f 1140/1140 1142/1142 1143/1143
f 1042/1042 1041/1041 1142/1142
f 1042/1042 1142/1142 1141/1141
f 1043/1043 1143/1143 1142/1142
f 1043/1043 1142/1142 1041/1041
f 1144/1144 1145/1145 1146/1146
f 1144/1144 1146/1146 1147/1147
f 1048/1048 1047/1047 1146/1146
f 1048/1048 1146/1146 1145/1145
f 1049/1049 1048/1048 1145/1145
f 1049/1049 1145/1145 1144/1144
f 1148/1148 1149/1149 1150/1150
f 1148/1148 1150/1150 1151/1151
f 1052/1052 1051/1051 1150/1150
f 1052/1052 1150/1150 1149/1149
f 1053/1053 1151/1151 1150/1150
f 1053/1053 1150/1150 1051/1051
f 1152/1152 1153/1153 1154/1154
f 1152/1152 1154/1154 1155/1155
f 1055/1055 1054/1054 1153/1153
f 1055/1055 1153/1153 1152/1152
f 1155/1155 1154/1154 1156/1156
f 1155/1155 1156/1156 1157/1157
f 1158/1158 1159/1159 1160/1160
f 1158/1158 1160/1160 1161/1161
f 1161/1161 1160/1160 1162/1162
f 1161/1161 1162/1162 1163/1163
f 1056/1056 1163/1163 1162/1162
f 1056/1056 1162/1162 1057/1057
f 1153/1153 1164/1164 1165/1165
f 1153/1153 1165/1165 1154/1154
f 1054/1054 1058/1058 1164/1164
f 1054/1054 1164/1164 1153/1153
f 1154/1154 1165/1165 1166/1166
f 1154/1154 1166/1166 1156/1156
f 1159/1159 1167/1167 1168/1168
f 1159/1159 1168/1168 1160/1160
f 1160/1160 1168/1168 1169/1169
f 1160/1160 1169/1169 1162/1162
f 1057/1057 1162/1162 1169/1169
f 1057/1057 1169/1169 1059/1059
f 1170/1170 1171/1171 1172/1172
f 1170/1170 1172/1172 1173/1173
f 1060/1060 1170/1170 1173/1173
f 1060/1060 1173/1173 1061/1061
f 1060/1060 1063/1063 1171/1171
f 1060/1060 1171/1171 1170/1170
f 1174/1174 1175/1175 1176/1176
f 1174/1174 1176/1176 1177/1177
f 1065/1065 1174/1174 1177/1177
f 1065/1065 1177/1177 1066/1066
f 1066/1066 1177/1177 1176/1176
f 1066/1066 1176/1176 1067/1067
f 1171/1171 1178/1178 1179/1179
f 1171/1171 1179/1179 1172/1172
f 1070/1070 1069/1069 1179/1179
f 1070/1070 1179/1179 1178/1178
f 1063/1063 1070/1070 1178/1178
f 1063/1063 1178/1178 1171/1171
f 1175/1175 1180/1180 1181/1181
f 1175/1175 1181/1181 1176/1176
f 1073/1073 1072/1072 1181/1181
f 1073/1073 1181/1181 1180/1180
f 1067/1067 1176/1176 1181/1181
f 1067/1067 1181/1181 1072/1072
f 1182/1182 1183/1183 1184/1184
f 1182/1182 1184/1184 1185/1185
f 1075/1075 1074/1074 1183/1183
f 1075/1075 1183/1183 1182/1182
f 1185/1185 1184/1184 1186/1186
f 1185/1185 1186/1186 1187/1187
f 1188/1188 1189/1189 1190/1190
f 1188/1188 1190/1190 1191/1191
f 1191/1191 1190/1190 1192/1192
f 1191/1191 1192/1192 1193/1193
f 1076/1076 1193/1193 1192/1192
f 1076/1076 1192/1192 1077/1077
f 1194/1194 1195/1195 1196/1196
f 1194/1194 1196/1196 1197/1197
f 1078/1078 1194/1194 1197/1197
f 1078/1078 1197/1197 1079/1079
f 1078/1078 1081/1081 1195/1195
f 1078/1078 1195/1195 1194/1194
f 1198/1198 1199/1199 1200/1200
f 1198/1198 1200/1200 1201/1201
f 1083/1083 1198/1198 1201/1201
f 1083/1083 1201/1201 1084/1084
f 1084/1084 1201/1201 1200/1200
f 1084/1084 1200/1200 1085/1085
f 1195/1195 1202/1202 1203/1203
f 1195/1195 1203/1203 1196/1196
f 1087/1087 1086/1086 1203/1203
f 1087/1087 1203/1203 1202/1202
f 1081/1081 1087/1087 1202/1202
f 1081/1081 1202/1202 1195/1195
f 1086/1086 1088/1088 1204/1204
f 1086/1086 1204/1204 1203/1203
f 1088/1088 1089/1089 1205/1205
f 1088/1088 1205/1205 1204/1204
f 1089/1089 1090/1090 1206/1206
f 1089/1089 1206/1206 1205/1205
f 1090/1090 1091/1091 1207/1207
f 1090/1090 1207/1207 1206/1206
f 1091/1091 1092/1092 1208/1208
f 1091/1091 1208/1208 1207/1207
f 1092/1092 1093/1093 1209/1209
f 1092/1092 1209/1209 1208/1208
f 1093/1093 1094/1094 1210/1210
f 1093/1093 1210/1210 1209/1209
f 1094/1094 1095/1095 1211/1211
f 1094/1094 1211/1211 1210/1210
f 1199/1199 1211/1211 1212/1212
f 1199/1199 1212/1212 1200/1200
f 1095/1095 1096/1096 1212/1212
f 1095/1095 1212/1212 1211/1211
f 1085/1085 1200/1200 1212/1212
f 1085/1085 1212/1212 1096/1096
f 1213/1213 1214/1214 1215/1215
f 1213/1213 1215/1215 1216/1216
f 1102/1102 1213/1213 1216/1216
f 1102/1102 1216/1216 1103/1103
f 1102/1102 1101/1101 1214/1214
f 1102/1102 1214/1214 1213/1213
f 1216/1216 1215/1215 1217/1217
f 1216/1216 1217/1217 1218/1218
f 1103/1103 1216/1216 1218/1218
f 1103/1103 1218/1218 1104/1104
f 1218/1218 1217/1217 1219/1219
f 1218/1218 1219/1219 1220/1220
f 1104/1104 1218/1218 1220/1220
f 1104/1104 1220/1220 1105/1105
f 1220/1220 1219/1219 1221/1221
f 1220/1220 1221/1221 1222/1222
f 1105/1105 1220/1220 1222/1222
f 1105/1105 1222/1222 1106/1106
f 1106/1106 1222/1222 1221/1221
f 1106/1106 1221/1221 1107/1107
f 1223/1223 1224/1224 1225/1225
f 1223/1223 1225/1225 1226/1226
f 1115/1115 1223/1223 1226/1226
f 1115/1115 1226/1226 1116/1116
f 1115/1115 1114/1114 1224/1224
f 1115/1115 1224/1224 1223/1223
f 1116/1116 1226/1226 1227/1227
f 1116/1116 1227/1227 1228/1228
f 1228/1228 1227/1227 1229/1229
f 1228/1228 1229/1229 1230/1230
f 1231/1231 1232/1232 1233/1233
f 1231/1231 1233/1233 1234/1234
f 1234/1234 1233/1233 1235/1235
f 1234/1234 1235/1235 1117/1117
f 1235/1235 1236/1236 1237/1237
f 1235/1235 1237/1237 1238/1238
f 1117/1117 1235/1235 1238/1238
f 1117/1117 1238/1238 1118/1118
f 1118/1118 1238/1238 1237/1237
f 1118/1118 1237/1237 1119/1119
f 1239/1239 1240/1240 1241/1241
f 1239/1239 1241/1241 1242/1242
f 1122/1122 1239/1239 1242/1242
f 1122/1122 1242/1242 1123/1123
f 1122/1122 1125/1125 1240/1240
f 1122/1122 1240/1240 1239/1239
f 1123/1123 1242/1242 1243/1243
f 1123/1123 1243/1243 1244/1244
f 1245/1245 1246/1246 1247/1247
f 1245/1245 1247/1247 1127/1127
f 1247/1247 1248/1248 1249/1249
f 1247/1247 1249/1249 1250/1250
f 1127/1127 1247/1247 1250/1250
f 1127/1127 1250/1250 1128/1128
f 1128/1128 1250/1250 1249/1249
f 1128/1128 1249/1249 1129/1129
f 1240/1240 1251/1251 1252/1252
f 1240/1240 1252/1252 1241/1241
f 1132/1132 1131/1131 1252/1252
f 1132/1132 1252/1252 1251/1251
f 1125/1125 1132/1132 1251/1251
f 1125/1125 1251/1251 1240/1240
f 1131/1131 1253/1253 1254/1254
f 1131/1131 1254/1254 1252/1252
f 1255/1255 1135/1135 1256/1256
f 1255/1255 1256/1256 1257/1257
f 1248/1248 1256/1256 1258/1258
f 1248/1248 1258/1258 1249/1249
f 1135/1135 1134/1134 1258/1258
f 1135/1135 1258/1258 1256/1256
f 1129/1129 1249/1249 1258/1258
f 1129/1129 1258/1258 1134/1134
f 1259/1259 1260/1260 1261/1261
f 1259/1259 1261/1261 1262/1262
f 1138/1138 1263/1263 1261/1261
f 1138/1138 1261/1261 1260/1260
f 1139/1139 1138/1138 1260/1260
f 1139/1139 1260/1260 1259/1259
f 1264/1264 1265/1265 1266/1266
f 1264/1264 1266/1266 1267/1267
f 1268/1268 1141/1141 1266/1266
f 1268/1268 1266/1266 1265/1265
f 1140/1140 1267/1267 1266/1266
f 1140/1140 1266/1266 1141/1141
f 1269/1269 1270/1270 1271/1271
f 1269/1269 1271/1271 1272/1272
f 1146/1146 1273/1273 1271/1271
f 1146/1146 1271/1271 1270/1270
f 1147/1147 1146/1146 1270/1270
f 1147/1147 1270/1270 1269/1269
f 1272/1272 1271/1271 1274/1274
f 1272/1272 1274/1274 1275/1275
f 1273/1273 1276/1276 1274/1274
f 1273/1273 1274/1274 1271/1271
f 1277/1277 1278/1278 1279/1279
f 1277/1277 1279/1279 1280/1280
f 1281/1281 1282/1282 1279/1279
f 1281/1281 1279/1279 1278/1278
f 1280/1280 1279/1279 1283/1283
f 1280/1280 1283/1283 1284/1284
f 1282/1282 1149/1149 1283/1283
f 1282/1282 1283/1283 1279/1279
f 1148/1148 1284/1284 1283/1283
f 1148/1148 1283/1283 1149/1149
f 1285/1285 1286/1286 1287/1287
f 1285/1285 1287/1287 1288/1288
f 1157/1157 1156/1156 1286/1286
f 1157/1157 1286/1286 1285/1285
f 1288/1288 1287/1287 1289/1289
f 1288/1288 1289/1289 1290/1290
f 1290/1290 1289/1289 1291/1291
f 1290/1290 1291/1291 1292/1292
f 1292/1292 1291/1291 1293/1293
f 1292/1292 1293/1293 1294/1294
f 1158/1158 1294/1294 1293/1293
f 1158/1158 1293/1293 1159/1159
f 1286/1286 1295/1295 1296/1296
f 1286/1286 1296/1296 1287/1287
f 1156/1156 1166/1166 1295/1295
f 1156/1156 1295/1295 1286/1286
f 1287/1287 1296/1296 1297/1297
f 1287/1287 1297/1297 1289/1289
f 1289/1289 1297/1297 1298/1298
f 1289/1289 1298/1298 1291/1291
f 1291/1291 1298/1298 1299/1299
f 1291/1291 1299/1299 1293/1293
f 1159/1159 1293/1293 1299/1299
f 1159/1159 1299/1299 1167/1167
f 1300/1300 1301/1301 1302/1302
f 1300/1300 1302/1302 1303/1303
f 1173/1173 1300/1300 1303/1303
f 1173/1173 1303/1303 1304/1304
f 1173/1173 1172/1172 1301/1301
f 1173/1173 1301/1301 1300/1300
f 1303/1303 1302/1302 1305/1305
f 1303/1303 1305/1305 1306/1306
f 1304/1304 1303/1303 1306/1306
f 1304/1304 1306/1306 1307/1307
f 1308/1308 1309/1309 1310/1310
f 1308/1308 1310/1310 1311/1311
f 1312/1312 1308/1308 1311/1311
f 1312/1312 1311/1311 1313/1313
f 1311/1311 1310/1310 1314/1314
f 1311/1311 1314/1314 1315/1315
f 1313/1313 1311/1311 1315/1315
f 1313/1313 1315/1315 1174/1174
f 1174/1174 1315/1315 1314/1314
f 1174/1174 1314/1314 1175/1175
f 1301/1301 1316/1316 1317/1317
f 1301/1301 1317/1317 1302/1302
f 1179/1179 1318/1318 1317/1317
f 1179/1179 1317/1317 1316/1316
f 1172/1172 1179/1179 1316/1316
f 1172/1172 1316/1316 1301/1301
f 1302/1302 1317/1317 1319/1319
f 1302/1302 1319/1319 1305/1305
f 1318/1318 1320/1320 1319/1319
f 1318/1318 1319/1319 1317/1317
f 1309/1309 1321/1321 1322/1322
f 1309/1309 1322/1322 1310/1310
f 1323/1323 1324/1324 1322/1322
f 1323/1323 1322/1322 1321/1321
f 1310/1310 1322/1322 1325/1325
f 1310/1310 1325/1325 1314/1314
f 1324/1324 1180/1180 1325/1325
f 1324/1324 1325/1325 1322/1322
f 1175/1175 1314/1314 1325/1325
f 1175/1175 1325/1325 1180/1180
f 1326/1326 1327/1327 1328/1328
f 1326/1326 1328/1328 1329/1329
f 1187/1187 1186/1186 1327/1327
f 1187/1187 1327/1327 1326/1326
f 1329/1329 1328/1328 1330/1330
f 1329/1329 1330/1330 1331/1331
f 1331/1331 1330/1330 1332/1332
f 1331/1331 1332/1332 1333/1333
f 1333/1333 1332/1332 1334/1334
f 1333/1333 1334/1334 1335/1335
f 1188/1188 1335/1335 1334/1334
f 1188/1188 1334/1334 1189/1189
f 1336/1336 1337/1337 1338/1338
f 1336/1336 1338/1338 1339/1339
f 1197/1197 1336/1336 1339/1339
f 1197/1197 1339/1339 1340/1340
f 1197/1197 1196/1196 1337/1337
f 1197/1197 1337/1337 1336/1336
f 1339/1339 1338/1338 1341/1341
f 1339/1339 1341/1341 1342/1342
f 1340/1340 1339/1339 1342/1342
f 1340/1340 1342/1342 1343/1343
f 1344/1344 1345/1345 1346/1346
f 1344/1344 1346/1346 1347/1347
f 1348/1348 1344/1344 1347/1347
f 1348/1348 1347/1347 1349/1349
f 1347/1347 1346/1346 1350/1350
f 1347/1347 1350/1350 1351/1351
f 1349/1349 1347/1347 1351/1351
f 1349/1349 1351/1351 1198/1198
f 1198/1198 1351/1351 1350/1350
f 1198/1198 1350/1350 1199/1199
f 1337/1337 1352/1352 1353/1353
f 1337/1337 1353/1353 1338/1338
f 1203/1203 1204/1204 1353/1353
f 1203/1203 1353/1353 1352/1352
f 1196/1196 1203/1203 1352/1352
f 1196/1196 1352/1352 1337/1337
f 1338/1338 1353/1353 1354/1354
f 1338/1338 1354/1354 1341/1341
f 1204/1204 1205/1205 1354/1354
f 1204/1204 1354/1354 1353/1353
f 1205/1205 1206/1206 1355/1355
f 1205/1205 1355/1355 1354/1354
f 1206/1206 1207/1207 1356/1356
f 1206/1206 1356/1356 1355/1355
f 1207/1207 1208/1208 1357/1357
f 1207/1207 1357/1357 1356/1356
f 1208/1208 1209/1209 1358/1358
f 1208/1208 1358/1358 1357/1357
f 1345/1345 1358/1358 1359/1359
f 1345/1345 1359/1359 1346/1346
f 1209/1209 1210/1210 1359/1359
f 1209/1209 1359/1359 1358/1358
f 1346/1346 1359/1359 1360/1360
f 1346/1346 1360/1360 1350/1350
f 1210/1210 1211/1211 1360/1360
f 1210/1210 1360/1360 1359/1359
f 1199/1199 1350/1350 1360/1360
f 1199/1199 1360/1360 1211/1211
f 1361/1361 1362/1362 1363/1363
f 1361/1361 1363/1363 1364/1364
f 1226/1226 1361/1361 1364/1364
f 1226/1226 1364/1364 1227/1227
f 1226/1226 1225/1225 1362/1362
f 1226/1226 1362/1362 1361/1361
f 1227/1227 1364/1364 1365/1365
f 1227/1227 1365/1365 1229/1229
f 1229/1229 1365/1365 1366/1366
f 1229/1229 1366/1366 1367/1367
f 1367/1367 1366/1366 1368/1368
f 1367/1367 1368/1368 1369/1369
f 1369/1369 1368/1368 1370/1370
f 1369/1369 1370/1370 1371/1371
f 1371/1371 1370/1370 1372/1372
f 1371/1371 1372/1372 1232/1232
f 1232/1232 1372/1372 1373/1373
f 1232/1232 1373/1373 1233/1233
f 1373/1373 1374/1374 1375/1375
f 1373/1373 1375/1375 1376/1376
f 1233/1233 1373/1373 1376/1376
f 1233/1233 1376/1376 1235/1235
f 1235/1235 1376/1376 1375/1375
f 1235/1235 1375/1375 1236/1236
f 1377/1377 1378/1378 1379/1379
f 1377/1377 1379/1379 1380/1380
f 1242/1242 1377/1377 1380/1380
f 1242/1242 1380/1380 1243/1243
f 1242/1242 1241/1241 1378/1378
f 1242/1242 1378/1378 1377/1377
f 1243/1243 1380/1380 1381/1381
f 1243/1243 1381/1381 1382/1382
f 1383/1383 1384/1384 1385/1385
f 1383/1383 1385/1385 1246/1246
f 1385/1385 1386/1386 1387/1387
f 1385/1385 1387/1387 1388/1388
f 1246/1246 1385/1385 1388/1388
f 1246/1246 1388/1388 1247/1247
f 1247/1247 1388/1388 1387/1387
f 1247/1247 1387/1387 1248/1248
f 1378/1378 1389/1389 1390/1390
f 1378/1378 1390/1390 1379/1379
f 1252/1252 1254/1254 1390/1390
f 1252/1252 1390/1390 1389/1389
f 1241/1241 1252/1252 1389/1389
f 1241/1241 1389/1389 1378/1378
f 1254/1254 1391/1391 1392/1392
f 1254/1254 1392/1392 1390/1390
f 1393/1393 1257/1257 1394/1394
f 1393/1393 1394/1394 1395/1395
f 1386/1386 1394/1394 1396/1396
f 1386/1386 1396/1396 1387/1387
f 1257/1257 1256/1256 1396/1396
f 1257/1257 1396/1396 1394/1394
f 1248/1248 1387/1387 1396/1396
f 1248/1248 1396/1396 1256/1256
f 1397/1397 1398/1398 1399/1399
f 1397/1397 1399/1399 1400/1400
f 1261/1261 1401/1401 1399/1399
f 1261/1261 1399/1399 1398/1398
f 1262/1262 1261/1261 1398/1398
f 1262/1262 1398/1398 1397/1397
f 1401/1401 1402/1402 1403/1403
f 1401/1401 1403/1403 1399/1399
f 1404/1404 1405/1405 1406/1406
f 1404/1404 1406/1406 1407/1407
f 1408/1408 1406/1406 1409/1409
f 1408/1408 1409/1409 1410/1410
f 1405/1405 1265/1265 1409/1409
f 1405/1405 1409/1409 1406/1406
f 1264/1264 1410/1410 1409/1409
f 1264/1264 1409/1409 1265/1265
f 1411/1411 1412/1412 1413/1413
f 1411/1411 1413/1413 1414/1414
f 1274/1274 1415/1415 1413/1413
f 1274/1274 1413/1413 1412/1412
f 1275/1275 1274/1274 1412/1412
f 1275/1275 1412/1412 1411/1411
f 1414/1414 1413/1413 1416/1416
f 1414/1414 1416/1416 1417/1417
f 1415/1415 1418/1418 1416/1416
f 1415/1415 1416/1416 1413/1413
f 1417/1417 1416/1416 1419/1419
f 1417/1417 1419/1419 1420/1420
f 1418/1418 1421/1421 1419/1419
f 1418/1418 1419/1419 1416/1416
f 1420/1420 1419/1419 1422/1422
f 1420/1420 1422/1422 1423/1423
f 1421/1421 1278/1278 1422/1422
f 1421/1421 1422/1422 1419/1419
f 1277/1277 1423/1423 1422/1422
f 1277/1277 1422/1422 1278/1278
f 1424/1424 1425/1425 1426/1426
f 1424/1424 1426/1426 1427/1427
f 1306/1306 1424/1424 1427/1427
f 1306/1306 1427/1427 1428/1428
f 1306/1306 1305/1305 1425/1425
f 1306/1306 1425/1425 1424/1424
f 1427/1427 1426/1426 1429/1429
f 1427/1427 1429/1429 1430/1430
f 1428/1428 1427/1427 1430/1430
f 1428/1428 1430/1430 1431/1431
f 1430/1430 1429/1429 1432/1432
f 1430/1430 1432/1432 1433/1433
f 1431/1431 1430/1430 1433/1433
f 1431/1431 1433/1433 1434/1434
f 1433/1433 1432/1432 1435/1435
f 1433/1433 1435/1435 1436/1436
f 1434/1434 1433/1433 1436/1436
f 1434/1434 1436/1436 1308/1308
f 1308/1308 1436/1436 1435/1435
f 1308/1308 1435/1435 1309/1309
f 1425/1425 1437/1437 1438/1438
f 1425/1425 1438/1438 1426/1426
f 1319/1319 1439/1439 1438/1438
f 1319/1319 1438/1438 1437/1437
f 1305/1305 1319/1319 1437/1437
f 1305/1305 1437/1437 1425/1425
f 1426/1426 1438/1438 1440/1440
f 1426/1426 1440/1440 1429/1429
f 1439/1439 1441/1441 1440/1440
f 1439/1439 1440/1440 1438/1438
f 1429/1429 1440/1440 1442/1442
f 1429/1429 1442/1442 1432/1432
f 1441/1441 1443/1443 1442/1442
f 1441/1441 1442/1442 1440/1440
f 1432/1432 1442/1442 1444/1444
f 1432/1432 1444/1444 1435/1435
f 1443/1443 1321/1321 1444/1444
f 1443/1443 1444/1444 1442/1442
f 1309/1309 1435/1435 1444/1444
f 1309/1309 1444/1444 1321/1321
f 1445/1445 1446/1446 1447/1447
f 1445/1445 1447/1447 1448/1448
f 1342/1342 1445/1445 1448/1448
f 1342/1342 1448/1448 1449/1449
f 1342/1342 1341/1341 1446/1446
f 1342/1342 1446/1446 1445/1445
f 1448/1448 1447/1447 1450/1450
f 1448/1448 1450/1450 1451/1451
f 1449/1449 1448/1448 1451/1451
f 1449/1449 1451/1451 1452/1452
f 1451/1451 1450/1450 1453/1453
f 1451/1451 1453/1453 1454/1454
f 1452/1452 1451/1451 1454/1454
f 1452/1452 1454/1454 1455/1455
f 1454/1454 1453/1453 1456/1456
f 1454/1454 1456/1456 1457/1457
f 1455/1455 1454/1454 1457/1457
f 1455/1455 1457/1457 1344/1344
f 1344/1344 1457/1457 1456/1456
f 1344/1344 1456/1456 1345/1345
f 1446/1446 1458/1458 1459/1459
f 1446/1446 1459/1459 1447/1447
f 1354/1354 1355/1355 1459/1459
f 1354/1354 1459/1459 1458/1458
f 1341/1341 1354/1354 1458/1458
f 1341/1341 1458/1458 1446/1446
f 1447/1447 1459/1459 1460/1460
f 1447/1447 1460/1460 1450/1450
f 1355/1355 1356/1356 1460/1460
f 1355/1355 1460/1460 1459/1459
f 1450/1450 1460/1460 1461/1461
f 1450/1450 1461/1461 1453/1453
f 1356/1356 1357/1357 1461/1461
f 1356/1356 1461/1461 1460/1460
f 1453/1453 1461/1461 1462/1462
f 1453/1453 1462/1462 1456/1456
f 1357/1357 1358/1358 1462/1462
f 1357/1357 1462/1462 1461/1461
f 1345/1345 1456/1456 1462/1462
f 1345/1345 1462/1462 1358/1358
f 1463/1463 1464/1464 1465/1465
f 1463/1463 1465/1465 1466/1466
f 1364/1364 1463/1463 1466/1466
f 1364/1364 1466/1466 1365/1365
f 1364/1364 1363/1363 1464/1464
f 1364/1364 1464/1464 1463/1463
f 1466/1466 1465/1465 1467/1467
f 1466/1466 1467/1467 1468/1468
f 1365/1365 1466/1466 1468/1468
f 1365/1365 1468/1468 1366/1366
f 1468/1468 1467/1467 1469/1469
f 1468/1468 1469/1469 1470/1470
f 1366/1366 1468/1468 1470/1470
f 1366/1366 1470/1470 1368/1368
f 1470/1470 1469/1469 1471/1471
f 1470/1470 1471/1471 1472/1472
f 1368/1368 1470/1470 1472/1472
f 1368/1368 1472/1472 1370/1370
f 1472/1472 1471/1471 1473/1473
f 1472/1472 1473/1473 1474/1474
f 1370/1370 1472/1472 1474/1474
f 1370/1370 1474/1474 1372/1372
f 1474/1474 1473/1473 1475/1475
f 1474/1474 1475/1475 1476/1476
f 1372/1372 1474/1474 1476/1476
f 1372/1372 1476/1476 1373/1373
f 1373/1373 1476/1476 1475/1475
f 1373/1373 1475/1475 1374/1374
f 1477/1477 1478/1478 1479/1479
f 1477/1477 1479/1479 1480/1480
f 1380/1380 1477/1477 1480/1480
f 1380/1380 1480/1480 1381/1381
f 1380/1380 1379/1379 1478/1478
f 1380/1380 1478/1478 1477/1477
f 1480/1480 1479/1479 1481/1481
f 1480/1480 1481/1481 1482/1482
f 1381/1381 1480/1480 1482/1482
f 1381/1381 1482/1482 1483/1483
f 1484/1484 1485/1485 1486/1486
f 1484/1484 1486/1486 1487/1487
f 1488/1488 1484/1484 1487/1487
f 1488/1488 1487/1487 1384/1384
f 1487/1487 1486/1486 1489/1489
f 1487/1487 1489/1489 1490/1490
f 1384/1384 1487/1487 1490/1490
f 1384/1384 1490/1490 1385/1385
f 1385/1385 1490/1490 1489/1489
f 1385/1385 1489/1489 1386/1386
f 1478/1478 1491/1491 1492/1492
f 1478/1478 1492/1492 1479/1479
f 1390/1390 1392/1392 1492/1492
f 1390/1390 1492/1492 1491/1491
f 1379/1379 1390/1390 1491/1491
f 1379/1379 1491/1491 1478/1478
f 1479/1479 1492/1492 1493/1493
f 1479/1479 1493/1493 1481/1481
f 1392/1392 1494/1494 1493/1493
f 1392/1392 1493/1493 1492/1492
f 1485/1485 1495/1495 1496/1496
f 1485/1485 1496/1496 1486/1486
f 1497/1497 1395/1395 1496/1496
f 1497/1497 1496/1496 1495/1495
f 1486/1486 1496/1496 1498/1498
f 1486/1486 1498/1498 1489/1489
f 1395/1395 1394/1394 1498/1498
f 1395/1395 1498/1498 1496/1496
f 1386/1386 1489/1489 1498/1498
f 1386/1386 1498/1498 1394/1394
f 1499/1499 1500/1500 1501/1501
f 1499/1499 1501/1501 1502/1502
f 1399/1399 1403/1403 1501/1501
f 1399/1399 1501/1501 1500/1500
f 1400/1400 1399/1399 1500/1500
f 1400/1400 1500/1500 1499/1499
f 1502/1502 1501/1501 1503/1503
f 1502/1502 1503/1503 1504/1504
f 1403/1403 1505/1505 1503/1503
f 1403/1403 1503/1503 1501/1501
f 1504/1504 1503/1503 1506/1506
f 1504/1504 1506/1506 1507/1507
f 1505/1505 1508/1508 1506/1506
f 1505/1505 1506/1506 1503/1503
f 1507/1507 1506/1506 1509/1509
f 1507/1507 1509/1509 1510/1510
f 1508/1508 1511/1511 1509/1509
f 1508/1508 1509/1509 1506/1506
f 1510/1510 1509/1509 1512/1512
f 1510/1510 1512/1512 1513/1513
f 1511/1511 1407/1407 1512/1512
f 1511/1511 1512/1512 1509/1509
f 1513/1513 1512/1512 1514/1514
f 1513/1513 1514/1514 1515/1515
f 1407/1407 1406/1406 1514/1514
f 1407/1407 1514/1514 1512/1512
f 1408/1408 1515/1515 1514/1514
f 1408/1408 1514/1514 1406/1406
f 1516/1516 1517/1517 1518/1518
f 1516/1516 1518/1518 1519/1519
f 1482/1482 1516/1516 1519/1519
f 1482/1482 1519/1519 1520/1520
f 1482/1482 1481/1481 1517/1517
f 1482/1482 1517/1517 1516/1516
f 1519/1519 1518/1518 1521/1521
f 1519/1519 1521/1521 1522/1522
f 1520/1520 1519/1519 1522/1522
f 1520/1520 1522/1522 1523/1523
f 1522/1522 1521/1521 1524/1524
f 1522/1522 1524/1524 1525/1525
f 1523/1523 1522/1522 1525/1525
f 1523/1523 1525/1525 1526/1526
f 1525/1525 1524/1524 1527/1527
f 1525/1525 1527/1527 1528/1528
f 1526/1526 1525/1525 1528/1528
f 1526/1526 1528/1528 1529/1529
f 1528/1528 1527/1527 1530/1530
f 1528/1528 1530/1530 1531/1531
f 1529/1529 1528/1528 1531/1531
f 1529/1529 1531/1531 1532/1532
f 1531/1531 1530/1530 1533/1533
f 1531/1531 1533/1533 1534/1534
f 1532/1532 1531/1531 1534/1534
f 1532/1532 1534/1534 1484/1484
f 1484/1484 1534/1534 1533/1533
f 1484/1484 1533/1533 1485/1485
f 1517/1517 1535/1535 1536/1536
f 1517/1517 1536/1536 1518/1518
f 1493/1493 1537/1537 1536/1536
f 1493/1493 1536/1536 1535/1535
f 1481/1481 1493/1493 1535/1535
f 1481/1481 1535/1535 1517/1517
f 1518/1518 1536/1536 1538/1538
f 1518/1518 1538/1538 1521/1521
f 1537/1537 1539/1539 1538/1538
f 1537/1537 1538/1538 1536/1536
f 1521/1521 1538/1538 1540/1540
f 1521/1521 1540/1540 1524/1524
f 1539/1539 1541/1541 1540/1540
f 1539/1539 1540/1540 1538/1538
f 1524/1524 1540/1540 1542/1542
f 1524/1524 1542/1542 1527/1527
f 1541/1541 1543/1543 1542/1542
f 1541/1541 1542/1542 1540/1540
f 1527/1527 1542/1542 1544/1544
f 1527/1527 1544/1544 1530/1530
f 1543/1543 1545/1545 1544/1544
f 1543/1543 1544/1544 1542/1542
f 1530/1530 1544/1544 1546/1546
f 1530/1530 1546/1546 1533/1533
f 1545/1545 1495/1495 1546/1546
f 1545/1545 1546/1546 1544/1544
f 1485/1485 1533/1533 1546/1546
f 1485/1485 1546/1546 1495/1495
